0.12774,0.045137,0.011324
0.12136,0.042285,0.0099784
0.11512,0.0397,0.0091851
0.10903,0.037355,0.0088211
0.10307,0.03523,0.0087745
0.097268,0.033305,0.0090083
0.091612,0.031563,0.0094753
0.086107,0.029987,0.010175
0.080756,0.028564,0.011085
0.075561,0.027279,0.012221
0.070524,0.02612,0.013573
0.072948,0.027084,0.0073009
0.075389,0.02805,0.0029985
0.077862,0.029022,0.00064277
0.080387,0.030002,7.3004e-05
0.082984,0.031002,-0.0013207
0.085671,0.032027,-0.0045598
0.088465,0.033084,-0.0096051
0.091382,0.034177,-0.016435
0.094438,0.035311,-0.025003
0.097646,0.036489,-0.035295
0.094794,0.043095,-0.042979
0.092021,0.050111,-0.051905
0.089324,0.057543,-0.062099
0.086702,0.065398,-0.073632
0.084153,0.073682,-0.086509
0.081677,0.0824,-0.10079
0.079275,0.091561,-0.11646
0.076948,0.10117,-0.13358
0.074699,0.11123,-0.15211
0.072529,0.12175,-0.1721
0.079493,0.096083,-0.15832
0.087274,0.073328,-0.14537
0.095849,0.053356,-0.13313
0.1052,0.036057,-0.12158
0.11533,0.021337,-0.11062
0.12622,0.0091201,-0.10025
0.1379,-0.0006554,-0.090386
0.15037,-0.0080348,-0.081046
0.16366,-0.013048,-0.072175
0.17778,-0.015713,-0.063781
0.17809,-0.015614,-0.056319
0.17841,-0.015334,-0.050043
0.17876,-0.014882,-0.044688
0.17912,-0.014267,-0.040084
0.17951,-0.013495,-0.036079
0.17991,-0.012572,-0.032576
0.18033,-0.011504,-0.029481
0.18076,-0.010295,-0.026738
0.18121,-0.00895,-0.024285
0.18167,-0.0074726,-0.022088
0.17224,-0.0027093,-0.02398
0.1632,0.002686,-0.025469
0.15451,0.0087014,-0.026596
0.14618,0.015327,-0.027419
0.13819,0.022555,-0.027971
0.13054,0.03038,-0.028298
0.12321,0.038797,-0.028423
0.1162,0.047803,-0.028378
0.10951,0.057399,-0.028178
0.10313,0.067584,-0.027848
0.10475,0.064091,-0.024854
0.10646,0.060823,-0.021674
0.10826,0.057766,-0.018421
0.11016,0.054905,-0.015202
0.11215,0.052225,-0.012098
0.11422,0.049714,-0.0091875
0.11637,0.047359,-0.0065291
0.1186,0.04515,-0.00418
0.12091,0.043075,-0.0021842
0.12329,0.041126,-0.00058454
0.13235,0.042062,0.0013768
0.14176,0.043061,0.0018413
0.15149,0.044066,0.0030426
0.16155,0.04507,0.0051984
0.17195,0.046081,0.0080521
0.18268,0.047102,0.011402
0.19374,0.048139,0.015098
0.20514,0.049194,0.019018
0.21687,0.050267,0.023076
0.22894,0.051361,0.0272
0.21749,0.04418,0.028883
0.20626,0.037439,0.031334
0.19525,0.031139,0.034449
0.18447,0.025283,0.038155
0.17394,0.019873,0.042403
0.16366,0.014909,0.047154
0.15364,0.010391,0.05238
0.14389,0.0063203,0.058058
0.13443,0.0026956,0.064169
0.12525,-0.00048305,0.070697
0.12655,-0.0026245,0.080248
0.12788,-0.0046312,0.089596
0.12922,-0.0065024,0.098708
0.13059,-0.0082373,0.10757
0.13198,-0.0098362,0.11616
0.1334,-0.011299,0.1245
0.13483,-0.012626,0.13257
0.13628,-0.013819,0.14039
0.13775,-0.014877,0.14797
0.13925,-0.015802,0.1553
0.12603,-0.01574,0.15926
0.11343,-0.015789,0.16197
0.10136,-0.017089,0.16355
0.089856,-0.019598,0.16415
0.078922,-0.02328,0.16386
0.068574,-0.028104,0.16282
0.058823,-0.034045,0.16108
0.049679,-0.041086,0.15872
0.041154,-0.049216,0.15581
0.033254,-0.058429,0.15238
0.041562,-0.042924,0.13711
0.050353,-0.03071,0.12657
0.059639,-0.021562,0.11917
0.069432,-0.015334,0.11388
0.079745,-0.011937,0.11001
0.090595,-0.011307,0.10711
0.10218,-0.010261,0.10504
0.11464,-0.0065199,0.10374
0.12797,-2.3171e-05,0.10308
0.1422,0.0093007,0.10299
0.13533,0.010404,0.085725
0.12865,0.011428,0.06905
0.12217,0.012341,0.053508
0.11589,0.013119,0.0395
0.10982,0.013745,0.027316
0.10395,0.014206,0.017172
0.098283,0.014493,0.0092194
0.092824,0.014598,0.003572
0.087573,0.014517,0.00031034
0.08253,0.014252,-0.00057345
0.09376,0.013129,-0.00054154
0.10585,0.011972,0.00056526
0.11882,0.010774,0.0028335
0.13271,0.0095299,0.0062812
0.14752,0.0082345,0.010925
0.16329,0.0068828,0.016783
0.18002,0.0054695,0.02387
0.19775,0.0039897,0.032202
0.21649,0.0024385,0.041792
0.23625,0.0008118,0.052655
0.24001,0.0048115,0.058567
0.24379,0.0094404,0.063828
0.24756,0.014695,0.068489
0.25134,0.020571,0.072616
0.25513,0.027064,0.07627
0.25892,0.034172,0.079514
0.26272,0.041889,0.0824
0.26652,0.050212,0.084978
0.27033,0.059134,0.087287
0.27414,0.068648,0.089364
0.26219,0.061173,0.099523
0.25095,0.053967,0.1099
0.24039,0.047034,0.12051
0.23046,0.040381,0.13137
0.22112,0.034012,0.14249
0.21233,0.027935,0.15388
0.20406,0.022153,0.16554
0.19627,0.016674,0.17747
0.18893,0.011503,0.18967
0.18202,0.0066457,0.20214
0.16927,0.011478,0.12398
0.1582,0.015164,0.068367
0.14851,0.017975,0.030356
0.14001,0.020068,0.0068994
0.13253,0.021535,-0.0039889
0.12582,0.022613,-0.0064309
0.11897,0.024324,-0.016637
0.11177,0.026722,-0.036573
0.10415,0.029705,-0.065827
0.096059,0.033183,-0.10412
0.09288,0.037234,-0.094051
0.089626,0.041575,-0.08487
0.08632,0.046185,-0.076418
0.082979,0.051044,-0.068585
0.079621,0.056136,-0.061285
0.076258,0.061448,-0.054461
0.072904,0.066971,-0.048066
0.069569,0.072696,-0.042072
0.066263,0.078615,-0.036456
0.062995,0.084724,-0.031204
0.06034,0.095495,-0.025111
0.057706,0.10699,-0.01989
0.055097,0.11921,-0.015388
0.052519,0.13213,-0.011495
0.049976,0.14576,-0.0081198
0.047472,0.16007,-0.005193
0.045009,0.17507,-0.0026583
0.042592,0.19075,-0.00047378
0.040222,0.20711,0.0013963
0.037903,0.22415,0.0029772
0.038204,0.1787,-0.0021955
0.038755,0.13915,-0.0075371
0.039561,0.10516,-0.01286
0.040621,0.076401,-0.018077
0.041927,0.052608,-0.023152
0.043468,0.033523,-0.028079
0.045227,0.018923,-0.032872
0.047177,0.0086205,-0.03756
0.049286,0.002479,-0.042182
0.051512,0.00041867,-0.046784
0.048709,0.00046266,-0.027203
0.045652,0.0015248,-0.014257
0.042408,0.0035677,-0.0066043
0.039011,0.0065597,-0.0033796
0.035656,0.01045,-0.0018916
0.032753,0.015185,0.0029399
0.030291,0.020771,0.01118
0.028252,0.027209,0.022772
0.026629,0.0345,0.037694
0.02542,0.042646,0.055911
0.023529,0.035916,0.042611
0.021955,0.029839,0.032197
0.020633,0.024392,0.023987
0.019519,0.019553,0.017494
0.018576,0.015299,0.012368
0.017779,0.011608,0.0083443
0.017108,0.0084593,0.0052257
0.016544,0.0058321,0.0028562
0.016073,0.003707,0.001116
0.015683,0.0020666,-9.1093e-05
0.015146,0.0024488,0.0013899
0.014662,0.002877,0.0033593
0.014227,0.0033557,0.0057958
0.013838,0.0038898,0.008682
0.013493,0.0044843,0.012006
0.013188,0.0051444,0.015757
0.012923,0.0058752,0.019926
0.012694,0.0066815,0.0245
0.0125,0.0075682,0.02947
0.012339,0.0085397,0.034822
0.0074127,0.011422,0.031659
0.0040473,0.014754,0.028578
0.0022293,0.018549,0.025534
0.0016299,0.022848,0.022512
-3.7067e-05,0.027724,0.01965
-0.0032253,0.033249,0.016956
-0.0079466,0.039495,0.014411
-0.014214,0.046534,0.012
-0.02204,0.05443,0.0097134
-0.031436,0.063246,0.0075404
-0.024257,0.064312,0.0094989
-0.017902,0.06546,0.012085
-0.012374,0.066695,0.015327
-0.0076744,0.068019,0.019249
-0.0038077,0.069437,0.023868
-0.00077712,0.070951,0.029199
0.0014131,0.072564,0.035252
0.0027581,0.074278,0.042038
0.0033681,0.076095,0.049554
0.0045124,0.078008,0.057741
0.0039279,0.06318,0.045704
0.0034297,0.049845,0.034816
0.003007,0.038037,0.025225
0.002648,0.027785,0.017049
0.0023406,0.019116,0.010373
0.0020729,0.012052,0.0052715
0.0018342,0.0066152,0.0018004
0.0016159,0.0028216,1.3634e-05
0.0014063,0.00065875,-0.00025081
0.0011084,-0.0002349,-0.0017825
0.00068739,0.00069099,-0.0010412
0.00036929,0.0032586,-0.00080252
0.00015736,0.0076066,-0.0010793
5.1394e-05,0.013926,-0.0018675
5.3118e-05,0.022462,-0.0026798
1.7273e-05,0.033395,-0.0034071
-9.7095e-05,0.046882,-0.004038
-0.0002865,0.063064,-0.0045715
-0.0005482,0.082073,-0.0050228
-0.00087983,0.10403,-0.0054041
-0.00039011,0.080497,-0.0067375
-8.2583e-05,0.060391,-0.0067729
6.6951e-05,0.043523,-0.0058768
8.496e-05,0.029723,-0.0043068
0.00011432,0.018696,-0.0031843
0.00023452,0.010207,-0.0031827
0.00042131,0.0041406,-0.0041532
0.00065562,0.00037008,-0.0059746
0.00093469,-0.0012249,-0.0085928
0.0012796,-0.0026865,-0.011795
0.0036727,-0.001699,-0.0075695
0.0072614,-0.00094995,-0.0042842
0.012089,-0.0004184,-0.0018504
0.018214,-0.00012393,-0.00030857
0.025701,-4.085e-05,0.00024203
0.034596,0.00023016,0.0011138
0.044941,0.00087803,0.0033058
0.056777,0.0019506,0.0069012
0.070145,0.00349,0.011944
0.085084,0.0055321,0.018441
0.073302,0.0073057,0.034181
0.062176,0.0095667,0.054013
0.051701,0.012241,0.077583
0.041874,0.015272,0.10466
0.032686,0.01861,0.13506
0.024128,0.022212,0.16866
0.01619,0.026039,0.20533
0.0088575,0.030047,0.24494
0.0021206,0.034197,0.28736
-0.0040322,0.038446,0.33244
-0.0031459,0.030793,0.25504
-0.002439,0.025697,0.19391
-0.0018446,0.02262,0.14488
-0.0013292,0.02121,0.10535
-0.00087764,0.021228,0.073527
-0.00048506,0.022498,0.048195
-0.00015339,0.024897,0.028476
0.0001114,0.02833,0.01376
0.00030023,0.032733,0.003644
0.00040195,0.03806,-0.0020987
0.00077015,0.028553,8.604e-06
0.0015203,0.020585,0.0024836
0.0026605,0.014089,0.005404
0.0041967,0.0089936,0.0088253
0.0061303,0.0052393,0.012775
0.0084587,0.0027796,0.017245
0.011174,0.0015936,0.022202
0.014266,0.0014898,0.02761
0.017706,0.00055074,0.033546
0.02148,-0.0017537,0.039983
0.027944,-0.00051552,0.036665
0.035125,0.0003006,0.033502
0.043016,0.00069101,0.03051
0.051611,0.00065061,0.027696
0.060908,0.00053418,0.025055
0.070907,0.00088455,0.022572
0.081605,0.0017114,0.020265
0.092996,0.0030188,0.018145
0.10508,0.0048111,0.016234
0.11784,0.0070922,0.014549
0.097388,0.0070973,0.02334
0.078783,0.007103,0.035568
0.06197,0.0070678,0.050981
0.046895,0.0069538,0.069399
0.033515,0.0067267,0.090706
0.021797,0.0063536,0.11481
0.011721,0.005804,0.14165
0.0032878,0.0050481,0.17117
-0.0034883,0.0040588,0.2033
-0.008575,0.0028103,0.23797
-0.002746,0.0019519,0.16484
0.0027229,0.0014463,0.10894
0.0078967,0.0011684,0.066916
0.012818,0.0010138,0.036474
0.017537,0.00089217,0.016003
0.022141,0.00072055,0.0043975
0.026769,0.00041935,0.00099241
0.031924,0.00024802,-0.003425
0.038003,0.00050651,-0.01603
0.045129,0.0012864,-0.037144
0.042159,0.0014681,-0.036967
0.039246,0.0016642,-0.036886
0.036394,0.0018755,-0.036881
0.033609,0.0021024,-0.036937
0.030895,0.0023455,-0.037042
0.028257,0.002605,-0.037185
0.025699,0.0028816,-0.037358
0.023228,0.0031755,-0.037553
0.020848,0.0034871,-0.037763
0.018565,0.0038165,-0.037985
0.025481,0.0011869,-0.017433
0.033856,-0.00011218,-0.0046636
0.043577,-0.0018948,0.00027183
0.054468,-0.0048159,0.0029574
0.066368,-0.0096971,0.012995
0.079256,-0.016648,0.030485
0.093122,-0.02575,0.055324
0.10797,-0.037055,0.087382
0.12379,-0.050598,0.1265
0.14061,-0.066391,0.17251
0.12215,-0.044785,0.10773
0.10525,-0.028181,0.062353
0.089859,-0.015894,0.031469
0.075939,-0.0074093,0.011982
0.063436,-0.0023251,0.001794
0.052286,-0.00030376,-0.00073602
0.042309,0.00078401,-0.005057
0.033348,0.0043603,-0.015517
0.025294,0.010518,-0.031845
0.018066,0.019288,-0.05407
0.018498,0.018102,-0.07657
0.018802,0.017459,-0.10281
0.018963,0.017347,-0.13279
0.018968,0.017754,-0.16651
0.018808,0.018668,-0.20395
0.018473,0.020072,-0.24512
0.017956,0.021951,-0.29
0.017256,0.024286,-0.33858
0.016369,0.02706,-0.39084
0.015299,0.030136,-0.4468
0.013849,0.025096,-0.38062
0.012183,0.021218,-0.32785
0.01042,0.018302,-0.28454
0.0086538,0.01614,-0.24823
0.0069304,0.014597,-0.21725
0.0052949,0.013573,-0.19048
0.0037735,0.012997,-0.16711
0.0023936,0.012813,-0.14654
0.0011739,0.01298,-0.12832
0.00013355,0.013462,-0.1121
0.003605,0.008294,-0.087774
0.0076007,0.0046076,-0.066861
0.012134,0.0023276,-0.049113
0.017216,0.0012847,-0.034332
0.022846,-0.00016789,-0.02242
0.029022,-0.0025987,-0.013281
0.035739,-0.0060471,-0.0068541
0.042988,-0.010565,-0.0031234
0.050762,-0.016211,-0.0020989
0.059138,-0.023116,-0.0011521
0.052573,-0.015853,0.00028156
0.046577,-0.010127,0.0019017
0.041105,-0.0058091,0.0037207
0.036118,-0.0027794,0.0057477
0.031576,-0.0009344,0.0079882
0.027438,-0.00018627,0.010448
0.023669,0.00016683,0.013136
0.020237,0.0014786,0.016064
0.017111,0.0037732,0.019222
0.014268,0.0070536,0.022607
0.0096768,0.007624,0.024768
0.0060511,0.0082479,0.026941
0.0033704,0.0089198,0.029128
0.0016186,0.0096318,0.031335
0.00078699,0.010374,0.03357
0.00056665,0.011136,0.035847
-0.00041734,0.01191,0.038197
-0.0023409,0.012684,0.040624
-0.0052184,0.013451,0.043125
-0.0090672,0.014201,0.045696
-0.0065765,0.011768,0.052993
-0.0044365,0.0097277,0.060845
-0.0026488,0.008055,0.069241
-0.0012157,0.006733,0.078176
-0.00013908,0.0057516,0.08764
0.000578,0.0051067,0.097628
0.00093328,0.0048006,0.10813
0.0010019,0.0048394,0.11913
0.0013071,0.0052341,0.13062
0.0019439,0.005753,0.1426
0.0019639,0.0059331,0.14282
0.0019927,0.0060618,0.14278
0.0020317,0.006145,0.14249
0.0020814,0.0061832,0.14196
0.002143,0.0061828,0.14121
0.0022168,0.006146,0.14026
0.0023036,0.0060831,0.13912
0.0024037,0.0059964,0.13781
0.0025176,0.0058908,0.13632
0.0026454,0.005767,0.1347
0.0033244,0.0048553,0.11645
0.0040989,0.0039237,0.10069
0.0049644,0.0029348,0.08697
0.0059176,0.0018559,0.074934
0.0069556,0.00066204,0.064316
0.0080762,-0.00066749,0.05491
0.0092775,-0.0021468,0.046552
0.010558,-0.003786,0.039116
0.011916,-0.0055893,0.032502
0.01335,-0.0075573,0.026634
0.013549,-0.0037779,0.035486
0.013742,-0.00089655,0.045594
0.013942,0.0010848,0.056948
0.014164,0.0021389,0.069538
0.01442,0.0027918,0.083326
0.014718,0.0044193,0.09825
0.015067,0.0071412,0.11427
0.015475,0.011022,0.13135
0.015946,0.016131,0.14944
0.016487,0.022536,0.1685
0.015697,0.029037,0.16982
0.014914,0.036596,0.17171
0.014137,0.045226,0.17408
0.013366,0.054939,0.1769
0.012602,0.065751,0.18014
0.011846,0.077675,0.18378
0.011099,0.090728,0.1878
0.010362,0.10492,0.19218
0.0096369,0.12027,0.19691
0.008926,0.13679,0.20198
0.0074469,0.14263,0.16905
0.0060931,0.14876,0.13906
0.0048665,0.15515,0.11203
0.0037705,0.16181,0.08797
0.0028077,0.16871,0.066869
0.0019818,0.17584,0.048717
0.0012955,0.1832,0.033501
0.0007522,0.19076,0.021202
0.00035511,0.19851,0.011808
0.00010783,0.20645,0.0053006
0.00039826,0.20148,0.0026369
0.00085063,0.19663,0.0012223
0.0014658,0.19191,0.00085451
0.0022467,0.1873,0.00045945
0.0031942,0.1828,-0.0007765
0.0043063,0.17841,-0.0027644
0.0055812,0.1741,-0.0054226
0.0070178,0.16989,-0.0086871
0.0086145,0.16576,-0.012503
0.010371,0.1617,-0.016833
0.010087,0.14466,-0.0060481
0.0099101,0.12892,-0.00070109
0.0098228,0.11438,0.0004609
0.009817,0.10094,0.0029955
0.0098864,0.088515,0.0087713
0.010024,0.077058,0.017453
0.010223,0.066514,0.028805
0.010473,0.056843,0.042657
0.010765,0.04801,0.058891
0.011089,0.039986,0.07742
0.010199,0.049816,0.063374
0.0093308,0.060701,0.050804
0.0084764,0.072621,0.039654
0.0076308,0.085555,0.029884
0.0067931,0.099481,0.021464
0.0059658,0.11438,0.014372
0.0051543,0.13022,0.0085894
0.0043663,0.147,0.0041015
0.003611,0.16469,0.00089668
0.0028992,0.18329,-0.0010364
0.00072495,0.16704,-0.001155
2.2124e-06,0.15142,-0.0012383
-0.00075985,0.13645,-0.0012552
-0.0030338,0.12215,-0.0011889
-0.0068456,0.10856,-0.0011653
-0.012216,0.095695,-0.0012471
-0.019161,0.083584,-0.0014516
-0.02769,0.072248,-0.0017941
-0.037806,0.061707,-0.0022885
-0.049506,0.051979,-0.0029471
-0.033826,0.052866,-0.0035006
-0.02113,0.053903,-0.0037526
-0.011411,0.055077,-0.0037409
-0.0046647,0.056369,-0.0035266
-0.0008884,0.057753,-0.0031783
7.4156e-05,0.059199,-0.0027595
0.0022369,0.060675,-0.0023294
0.0073697,0.062146,-0.0019263
0.015477,0.063584,-0.0015718
0.026565,0.064966,-0.0012765
0.026461,0.058443,-0.0005721
0.026284,0.05226,0.00098023
0.026045,0.046428,0.0040966
0.02575,0.040947,0.0085268
0.025408,0.035817,0.014086
0.025026,0.03104,0.020637
0.024612,0.026615,0.028076
0.024175,0.022544,0.036323
0.023723,0.018827,0.045319
0.023261,0.015464,0.055015
0.018968,0.011757,0.043063
0.015105,0.008657,0.033632
0.011676,0.0061118,0.026156
0.0086832,0.0040745,0.02022
0.0061296,0.0025014,0.015514
0.0040173,0.0013506,0.011801
0.0023478,0.00058179,0.0088926
0.0011229,0.00015502,0.0066371
0.00034357,2.8666e-05,0.0049057
1.0735e-05,-0.00013294,0.0035821
-6.7792e-06,1.9513e-05,0.0013726
-6.8495e-05,0.00040922,0.0002137
-0.00019963,0.0013685,-6.4755e-05
-0.000407,0.0028028,-0.00093365
-0.00069711,0.0046336,-0.0028759
-0.0010751,0.0068072,-0.0059319
-0.0015452,0.0092827,-0.010131
-0.0021112,0.012027,-0.015497
-0.0027762,0.015014,-0.022046
-0.0035432,0.01822,-0.029791
-0.0044155,0.019573,-0.025943
-0.0053827,0.020971,-0.02241
-0.0064458,0.022415,-0.019173
-0.0076055,0.023907,-0.016222
-0.0088631,0.025448,-0.013545
-0.01022,0.027039,-0.011131
-0.011677,0.028683,-0.0089734
-0.013235,0.030379,-0.0070635
-0.014897,0.032129,-0.0053942
-0.016663,0.033935,-0.0039594
-0.011635,0.03553,-0.0046981
-0.0075215,0.037193,-0.0054726
-0.00431,0.038918,-0.0062818
-0.0019898,0.040699,-0.0071265
-0.00055492,0.042529,-0.0080075
-3.2493e-06,0.044402,-0.0089272
0.00034466,0.04631,-0.009887
0.0015698,0.048245,-0.010889
0.0036941,0.050202,-0.011933
0.0067289,0.052175,-0.013021
0.0047495,0.043844,-0.0079097
0.003089,0.036072,-0.0040568
0.001765,0.028907,-0.0014685
0.00079607,0.022403,-0.00015431
0.00020128,0.016613,0.00016187
-1.286e-07,0.011592,0.0014188
-0.00021279,0.0074034,0.0039909
-0.0008535,0.0041104,0.0078883
-0.0019275,0.001767,0.013114
-0.0034256,0.00039765,0.01966
-0.0027239,0.00028021,0.012061
-0.002138,0.00015916,0.006528
-0.0016553,5.7049e-05,0.0028192
-0.0012631,2.3222e-06,0.00071343
-0.00094758,-2.8703e-05,2.3274e-06
-0.00069077,-0.00016583,-0.00051831
-0.00047211,-0.00041123,-0.0022299
-0.00028478,-0.00072924,-0.0052607
-0.00013588,-0.0010824,-0.0097682
-3.6927e-05,-0.0014416,-0.01589
0.00026347,-1.3403e-06,-0.014275
0.0014492,0.0014291,-0.012667
0.0036441,0.0057408,-0.0112
0.0070094,0.013012,-0.0099181
0.011729,0.023339,-0.0087959
0.017978,0.036813,-0.0077926
0.025925,0.053517,-0.0068752
0.035727,0.073529,-0.0060225
0.047532,0.096917,-0.0052227
0.061483,0.12374,-0.0044733
0.061483,0.10462,-0.009113
0.061415,0.087362,-0.014941
0.061285,0.071865,-0.021755
0.061099,0.058049,-0.029409
0.060861,0.045839,-0.037791
0.060578,0.035168,-0.046821
0.060257,0.025981,-0.056432
0.059905,0.018226,-0.066578
0.059528,0.011866,-0.077218
0.059134,0.0068673,-0.088322
0.055545,0.010097,-0.069983
0.052213,0.013719,-0.055756
0.049094,0.017693,-0.044532
0.046151,0.021999,-0.03556
0.043355,0.026629,-0.028317
0.040683,0.031586,-0.02243
0.038117,0.036882,-0.017626
0.035642,0.042531,-0.013699
0.033248,0.048555,-0.010495
0.030926,0.054978,-0.0078921
0.029814,0.062478,-0.0096442
0.028729,0.070513,-0.011647
0.027668,0.079095,-0.013919
0.026634,0.088231,-0.016478
0.025625,0.097931,-0.019342
0.024641,0.1082,-0.022529
0.023681,0.11905,-0.026057
0.022745,0.13049,-0.029944
0.021832,0.14251,-0.034209
0.020942,0.15513,-0.038872
0.021759,0.14274,-0.037896
0.022513,0.13116,-0.035292
0.023196,0.12034,-0.031532
0.023804,0.11024,-0.027045
0.024332,0.10082,-0.022207
0.024779,0.092045,-0.017341
0.025142,0.083874,-0.012721
0.02542,0.076272,-0.0085783
0.025615,0.0692,-0.0051082
0.025726,0.062625,-0.0024765
0.023104,0.070618,-0.0005053
0.020601,0.079065,-1.5169e-07
0.018222,0.087963,0.0021364
0.015967,0.097296,0.0060473
0.013838,0.10705,0.011566
0.01184,0.11722,0.018546
0.0099782,0.12779,0.026853
0.0082598,0.13875,0.036365
0.0066916,0.1501,0.046971
0.0052815,0.16183,0.058571
0.0074287,0.15037,0.029693
0.010004,0.13962,0.011548
0.013003,0.12949,0.0019165
0.016423,0.11991,-0.00069921
0.020242,0.1108,-0.0042016
0.024449,0.10208,-0.013161
0.029046,0.093718,-0.027118
0.034034,0.085689,-0.045739
0.039413,0.077971,-0.068777
0.045184,0.07055,-0.096036
0.034087,0.071992,-0.07999
0.024666,0.073304,-0.066625
0.016852,0.074501,-0.055328
0.010581,0.075596,-0.04568
0.0057982,0.076599,-0.037383
0.0024577,0.077525,-0.030226
0.00052141,0.078387,-0.024052
-4.7809e-05,0.079197,-0.018745
-0.00081943,0.07997,-0.014217
-0.0029407,0.080721,-0.010399
-0.00096377,0.076494,-0.0099733
-7.5921e-05,0.072482,-0.0096777
0.00022744,0.068661,-0.0094865
0.0014906,0.065009,-0.0093823
0.0038194,0.061505,-0.0093493
0.0072115,0.05813,-0.0093743
0.011667,0.054867,-0.009448
0.017188,0.051702,-0.0095622
0.023781,0.048622,-0.009711
0.031451,0.045618,-0.0098895
0.028932,0.036774,-0.0035382
0.026556,0.029046,-0.00051851
0.024316,0.02236,0.00035836
0.022212,0.016673,0.0038612
0.020236,0.011918,0.010485
0.018376,0.0080362,0.020197
0.016621,0.0049824,0.032979
0.014961,0.0027302,0.048832
0.013388,0.0012737,0.067765
0.0119,0.00062507,0.089793
0.0089125,0.0013265,0.067586
0.0064499,0.0029387,0.04909
0.0044545,0.005445,0.033909
0.0028735,0.0088334,0.021745
0.0016612,0.013099,0.012373
0.00078488,0.018243,0.0056414
0.00023078,0.024274,0.0014724
5.406e-06,0.031207,-0.00014861
-0.00012874,0.039047,-0.0012102
-0.00063894,0.047795,-0.0048489
-0.0005995,0.048827,-0.003164
-0.0005622,0.049852,-0.0018942
-0.00052685,0.050873,-0.0010039
-0.00049309,0.051894,-0.00046245
-0.00046083,0.052918,-0.00024382
-0.00042952,0.053948,-0.00014493
-0.00039861,0.054989,0.00022117
-0.00036797,0.056043,0.00085042
-0.00033777,0.057111,0.0017274
-0.00030791,0.058195,0.0028385
3.879e-06,0.058204,0.0010811
0.00030797,0.058185,6.9226e-05
0.0012252,0.05815,-0.00021331
0.0027547,0.058109,-0.00067245
0.0049033,0.058071,-0.0018706
0.0076856,0.058048,-0.0038067
0.011122,0.058048,-0.0064801
0.015239,0.058082,-0.0098908
0.020067,0.058156,-0.014039
0.025638,0.058276,-0.018925
0.039698,0.05126,-0.012317
0.056833,0.044661,-0.0072829
0.077077,0.038426,-0.0036639
0.10047,0.032532,-0.0013546
0.12707,0.026986,-0.0002757
0.15692,0.021817,6.1783e-06
0.19007,0.01707,0.0011668
0.22656,0.012795,0.0033455
0.26645,0.0090465,0.0064702
0.30977,0.0058791,0.010468
0.2651,0.00602,0.0077915
0.22398,0.0061531,0.0058228
0.18639,0.0062791,0.0043274
0.15231,0.006398,0.0031659
0.12173,0.0065106,0.0022539
0.09462,0.0066174,0.0015372
0.070968,0.0067193,0.00098084
0.050751,0.006817,0.00056115
0.03395,0.0069114,0.0002623
0.020543,0.0070038,7.3701e-05
0.020539,0.0066104,0.00038073
0.020514,0.0062225,0.00094293
0.020472,0.0058417,0.0018063
0.02042,0.0054695,0.0030138
0.020363,0.0051077,0.0046044
0.020308,0.0047578,0.0066128
0.020264,0.0044215,0.0090695
0.020238,0.0041001,0.012001
0.020238,0.0037948,0.015429
0.020273,0.0035064,0.019375
0.031115,0.0049713,0.019887
0.04412,0.0066099,0.02047
0.059224,0.0083973,0.021094
0.076372,0.010314,0.021723
0.095514,0.012343,0.022323
0.11661,0.014473,0.022861
0.13962,0.016695,0.02331
0.16451,0.019002,0.023647
0.19125,0.021389,0.023858
0.21982,0.023853,0.023934
0.2151,0.027085,0.017262
0.21035,0.030501,0.011597
0.20557,0.0341,0.0069897
0.20078,0.03788,0.0034777
0.19597,0.04184,0.0010877
0.19117,0.045978,-0.00016132
0.18637,0.050293,-0.00045967
0.18158,0.054784,-0.0015298
0.17681,0.059451,-0.0037691
0.17206,0.064294,-0.0071827
0.1653,0.07446,-0.00060811
0.15864,0.085326,0.002177
0.15213,0.096911,0.013114
0.14578,0.10924,0.032563
0.13961,0.12232,0.060412
0.13362,0.13618,0.096571
0.12783,0.15085,0.14096
0.12223,0.16634,0.19353
0.11682,0.18266,0.25421
0.11161,0.19984,0.32298
0.14084,0.18562,0.28183
0.1735,0.17184,0.24425
0.20959,0.15854,0.20983
0.24912,0.14573,0.17833
0.2921,0.13342,0.14955
0.33855,0.12164,0.12339
0.38848,0.11038,0.099758
0.44192,0.099659,0.078604
0.49887,0.089479,0.05989
0.55935,0.079842,0.04359
0.52338,0.068769,0.0317
0.48878,0.058638,0.02263
0.45553,0.049415,0.015602
0.42359,0.041064,0.010148
0.39294,0.033558,0.005972
0.36356,0.026868,0.0028723
0.33542,0.020972,0.00070765
0.30851,0.015847,-0.00062887
0.28281,0.011472,-0.0012189
0.2583,0.0078283,-0.0013073
0.24167,0.010813,-0.00097132
0.22587,0.014253,0.0002969
0.21085,0.018143,0.0026302
0.19657,0.022477,0.0060011
0.18297,0.027249,0.010396
0.17002,0.032457,0.015807
0.15769,0.038099,0.022234
0.14593,0.044172,0.029678
0.13472,0.050675,0.038145
0.12403,0.05761,0.04764
0.11919,0.053981,0.020321
0.11442,0.050395,0.0041614
0.10973,0.046878,-0.0008745
0.10506,0.043432,-0.0069704
0.10037,0.040064,-0.024167
0.095668,0.036791,-0.05244
0.090965,0.033628,-0.091768
0.086273,0.030586,-0.14213
0.081595,0.027671,-0.2035
0.076931,0.024884,-0.27587
0.076111,0.025728,-0.22506
0.075261,0.026607,-0.18071
0.074382,0.02752,-0.14209
0.073475,0.028465,-0.10874
0.07254,0.029441,-0.08027
0.071575,0.030447,-0.056434
0.070579,0.03148,-0.03702
0.069551,0.032538,-0.021879
0.06849,0.03362,-0.010887
0.067393,0.034721,-0.0039504
0.058116,0.03844,-0.0045826
0.049604,0.042268,-0.0052102
0.04183,0.046203,-0.005828
0.034767,0.050247,-0.0064339
0.028392,0.0544,-0.0070273
0.022686,0.058668,-0.0076087
0.017633,0.063054,-0.008179
0.01322,0.067565,-0.0087393
0.0094377,0.072209,-0.0092909
0.0062811,0.076993,-0.009835
0.012856,0.070802,-0.0061742
0.021639,0.06492,-0.0035942
0.032662,0.059297,-0.001952
0.045993,0.053896,-0.0011525
0.061728,0.048693,-0.0011219
0.079999,0.043676,-0.00099676
0.10095,0.038844,-0.00027702
0.12471,0.034204,0.00099989
0.15143,0.029767,0.0027977
0.18126,0.025553,0.0050803
0.18549,0.027478,0.001137
0.18979,0.029492,-0.0015676
0.19415,0.031593,-0.0031518
0.19858,0.033781,-0.0037114
0.20306,0.036052,-0.0044031
0.20758,0.038404,-0.0060133
0.21214,0.040836,-0.0085039
0.21675,0.043349,-0.011847
0.22139,0.045943,-0.016023
0.22609,0.04862,-0.021018
0.24226,0.042108,-0.015311
0.25897,0.036057,-0.010996
0.2762,0.030467,-0.0080839
0.29396,0.02534,-0.0065821
0.31223,0.020677,-0.0064658
0.33105,0.016487,-0.0059993
0.35043,0.012776,-0.0041552
0.37038,0.009542,-0.00093552
0.39088,0.0067881,0.0036567
0.41193,0.0045137,0.0096177
0.38062,0.0054011,0.00075946
0.35115,0.0064587,-0.0048034
0.32342,0.0077006,-0.0069657
0.29729,0.0091304,-0.0075086
0.27256,0.010737,-0.011361
0.24916,0.012528,-0.018828
0.22698,0.014512,-0.029942
0.20595,0.016693,-0.044728
0.18601,0.019076,-0.063214
0.16709,0.021662,-0.085423
0.18138,0.026571,-0.059414
0.19607,0.031909,-0.03888
0.21115,0.03769,-0.023527
0.22661,0.043931,-0.013125
0.24242,0.05065,-0.0074866
0.25858,0.057863,-0.0063191
0.2752,0.065614,-0.0038007
0.29234,0.07393,0.0030352
0.30999,0.082821,0.014083
0.32813,0.092293,0.029247
0.32088,0.088933,0.050204
0.31382,0.08573,0.073291
0.30692,0.08267,0.098006
0.30018,0.079744,0.12405
0.29359,0.076944,0.15122
0.28715,0.074261,0.17938
0.28084,0.07169,0.20843
0.27466,0.069223,0.2383
0.26861,0.066857,0.26888
0.26268,0.064586,0.30013
0.24798,0.056553,0.32587
0.23373,0.04912,0.35057
0.21993,0.042279,0.37435
0.2066,0.036018,0.3973
0.19372,0.030329,0.41947
0.1813,0.025203,0.44092
0.16933,0.020631,0.46166
0.15782,0.016606,0.48174
0.14676,0.013119,0.50114
0.13616,0.010162,0.51989
0.1257,0.015093,0.48214
0.11597,0.021251,0.45359
0.10687,0.02857,0.4313
0.098322,0.037,0.41348
0.090265,0.046505,0.39886
0.082662,0.057058,0.38664
0.075483,0.068642,0.37621
0.068704,0.081241,0.36716
0.062307,0.094849,0.35917
0.056279,0.10946,0.352
0.058941,0.10795,0.32747
0.061783,0.10665,0.30352
0.06481,0.10555,0.2803
0.068029,0.10464,0.25789
0.071441,0.10391,0.23637
0.075049,0.10334,0.21576
0.078855,0.10292,0.19609
0.082859,0.10264,0.17735
0.087063,0.10249,0.15957
0.091467,0.10246,0.14272
0.074461,0.0897,0.12147
0.059376,0.077822,0.10624
0.046139,0.066814,0.095189
0.034698,0.05667,0.087151
0.02501,0.047383,0.081371
0.017038,0.038946,0.077326
0.010749,0.031357,0.074662
0.0061145,0.024609,0.073108
0.003107,0.018697,0.072467
0.001702,0.013618,0.072558
0.0020843,0.011878,0.065708
0.0029246,0.010283,0.058957
0.0042348,0.0088252,0.052391
0.0060242,0.0074958,0.046066
0.0082996,0.0062879,0.040035
0.011065,0.0051948,0.034332
0.014321,0.0042108,0.028989
0.018064,0.0033314,0.024026
0.022289,0.0025537,0.019464
0.026988,0.0018762,0.015315
0.024359,0.0036157,0.012374
0.021827,0.0059551,0.0096337
0.019411,0.0088984,0.0071525
0.017128,0.012446,0.0049753
0.014992,0.016596,0.0031404
0.013014,0.021342,0.0016752
0.0112,0.026676,0.00060307
0.0095529,0.032588,-5.7918e-05
0.0080718,0.039066,-0.0002904
0.0067455,0.0461,-0.00050723
0.0063599,0.03099,-0.00061153
0.006053,0.018655,-0.00062136
0.005825,0.0092748,-0.00051497
0.0056755,0.0030457,-0.0003291
0.0055996,0.00017566,-0.00014764
0.0055715,-0.00085137,-7.292e-05
0.0055337,-0.0051139,2.9993e-05
0.0054393,-0.012815,0.00023979
0.0052773,-0.023752,0.00047778
0.0050538,-0.037741,0.00069779
0.0051803,-0.029947,0.0001216
0.0052818,-0.023038,-2.5934e-05
0.0053496,-0.017023,-0.00047992
0.0053832,-0.011907,-0.0013391
0.0053848,-0.0076964,-0.002556
0.0053579,-0.0043981,-0.0040919
0.0053078,-0.0020183,-0.0059174
0.0052423,-0.0005626,-0.0080204
0.0051719,-3.4957e-05,-0.010406
0.0051078,0.00035653,-0.013103
0.008893,0.002549,-0.01351
0.013952,0.0066552,-0.013784
0.020458,0.01267,-0.013915
0.028579,0.02059,-0.013926
0.038471,0.030415,-0.013849
0.050288,0.042147,-0.013725
0.064174,0.05579,-0.013593
0.080269,0.071349,-0.013493
0.098702,0.088829,-0.013454
0.1196,0.10824,-0.013502
0.10407,0.09017,-0.014729
0.089857,0.073639,-0.015219
0.076896,0.058686,-0.015077
0.065141,0.045347,-0.014418
0.054543,0.033657,-0.013348
0.045055,0.023651,-0.011969
0.036627,0.015361,-0.010372
0.029214,0.0088194,-0.0086447
0.022767,0.0040582,-0.0068686
0.017237,0.0011088,-0.0051272
0.017123,0.0014028,-0.0081312
0.017032,0.0017381,-0.011806
0.016965,0.0021181,-0.016149
0.016927,0.0025467,-0.021158
0.016918,0.003028,-0.026828
0.016942,0.0035658,-0.033155
0.017,0.0041645,-0.040131
0.017093,0.0048279,-0.04775
0.017223,0.0055602,-0.056
0.01739,0.0063654,-0.064872
0.021296,0.0056212,-0.065125
0.025598,0.0049268,-0.065504
0.03029,0.004282,-0.065995
0.035369,0.003686,-0.066594
0.040829,0.0031383,-0.067292
0.046665,0.0026378,-0.06809
0.052874,0.0021837,-0.068981
0.059451,0.001775,-0.069967
0.066392,0.0014106,-0.071042
0.073694,0.0010896,-0.072208
0.067097,0.004533,-0.054711
0.060868,0.010175,-0.041024
0.054981,0.017973,-0.030182
0.049421,0.027913,-0.021542
0.044174,0.04001,-0.014672
0.039232,0.054301,-0.0092861
0.03459,0.070841,-0.0051938
0.030245,0.089694,-0.0022671
0.026196,0.11093,-0.00041347
0.022446,0.13462,0.00044125
0.021901,0.11189,0.0020614
0.021371,0.091295,0.0082921
0.020828,0.072821,0.01929
0.020248,0.05645,0.034977
0.019605,0.04217,0.055281
0.01887,0.02997,0.080149
0.01801,0.019843,0.10954
0.016996,0.011784,0.14344
0.015801,0.0057935,0.18182
0.014407,0.0018732,0.22466
0.016561,0.0015806,0.21331
0.01873,0.001332,0.20304
0.020913,0.0011205,0.19363
0.023114,0.00094042,0.18495
0.025328,0.00078695,0.17686
0.027557,0.00065621,0.16929
0.029799,0.00054491,0.16214
0.032057,0.00045026,0.15536
0.034331,0.00036991,0.14891
0.036621,0.00030175,0.14274
0.040478,0.0023385,0.12261
0.044397,0.0060112,0.10439
0.048383,0.011301,0.087895
0.052443,0.018208,0.073011
0.05658,0.026753,0.059652
0.060798,0.036968,0.047758
0.0651,0.048899,0.037289
0.069489,0.062596,0.028219
0.073967,0.078114,0.020534
0.078536,0.095511,0.014224
0.061819,0.084045,0.010068
0.047105,0.073698,0.0070453
0.034395,0.064379,0.0048378
0.023687,0.056006,0.0032303
0.014977,0.048502,0.0020735
0.0082605,0.041795,0.0012591
0.003531,0.035816,0.00070743
0.00078271,0.030494,0.00035815
-1.2883e-05,0.025761,0.00016502
-0.001206,0.021543,4.2823e-05
-1.1699e-05,0.026356,0.00058178
0.0010132,0.031767,0.0017141
0.0042734,0.037883,0.0034713
0.0097733,0.044796,0.0058307
0.017514,0.052591,0.0087737
0.027499,0.061338,0.012285
0.039728,0.071099,0.016356
0.054204,0.081929,0.020975
0.070929,0.093874,0.026136
0.089906,0.10698,0.031828
0.098684,0.10541,0.030737
0.10786,0.10385,0.029668
0.11743,0.10229,0.028628
0.1274,0.10075,0.027619
0.13777,0.099216,0.026643
0.14853,0.09769,0.0257
0.15969,0.096174,0.024792
0.17124,0.094667,0.023917
0.18319,0.093169,0.023075
0.19552,0.091679,0.022265
0.17953,0.09687,0.036252
0.1643,0.10219,0.051325
0.14982,0.10765,0.066805
0.13608,0.11325,0.082304
0.12307,0.11898,0.097608
0.11077,0.12485,0.1126
0.099186,0.13085,0.12723
0.0883,0.13699,0.14147
0.078107,0.14327,0.15531
0.0686,0.14969,0.16874
0.067766,0.13863,0.13556
0.06689,0.12784,0.1086
0.065982,0.11735,0.086297
0.065052,0.10718,0.067654
0.064105,0.097369,0.051998
0.063147,0.087923,0.03887
0.062183,0.078868,0.027948
0.061218,0.070222,0.019
0.060256,0.062003,0.011857
0.059301,0.054228,0.0063918
0.057161,0.061334,0.0054481
0.055074,0.068876,0.0045743
0.053042,0.076853,0.0037687
0.051067,0.085263,0.0030292
0.049149,0.094107,0.0023549
0.047288,0.10338,0.0017444
0.045483,0.11309,0.0011973
0.043736,0.12323,0.00071283
0.042044,0.1338,0.00029106
0.040407,0.1448,-6.8352e-05
0.049805,0.13222,-0.00022507
0.0601,0.12018,-0.00030979
0.07129,0.1087,-0.00031564
0.083378,0.097788,-0.00022928
0.096375,0.087439,-3.4304e-05
0.1103,0.077659,0.00028601
0.12516,0.068452,0.00074811
0.141,0.05982,0.0013675
0.15783,0.051767,0.0021587
0.1757,0.044293,0.0031355
0.17583,0.054424,0.0027151
0.17595,0.065597,0.0019025
0.17604,0.077812,0.00080721
0.17611,0.09107,-0.00045723
0.17616,0.10537,-0.0017808
0.1762,0.12071,-0.0030599
0.17623,0.1371,-0.0042015
0.17625,0.15453,-0.0051209
0.17627,0.17301,-0.0057449
0.17628,0.19253,-0.0060096
0.15456,0.18576,-0.0054521
0.13478,0.17902,-0.005034
0.11681,0.17233,-0.0047138
0.10054,0.16568,-0.0044691
0.085842,0.15908,-0.0042902
0.07263,0.15256,-0.0041688
0.060803,0.1461,-0.0041005
0.050274,0.13972,-0.0040814
0.040959,0.13342,-0.004109
0.032782,0.12721,-0.0041807
0.03325,0.12228,-0.0051336
0.033674,0.11762,-0.0060112
0.034057,0.11324,-0.0067843
0.034398,0.1091,-0.0074394
0.0347,0.1052,-0.0079726
0.034962,0.10152,-0.0083861
0.035185,0.09804,-0.0086853
0.035371,0.094757,-0.0088779
0.035519,0.091658,-0.0089722
0.03563,0.088731,-0.0089774
0.037176,0.07787,-0.0067115
0.038756,0.067791,-0.0048236
0.04037,0.058476,-0.0033315
0.042017,0.049905,-0.002253
0.043697,0.04206,-0.0016057
0.045412,0.034923,-0.0014016
0.047174,0.028483,-0.0011047
0.048993,0.022729,-0.00033059
0.050867,0.017647,0.00093331
0.052795,0.013228,0.0026986
0.057612,0.018445,6.2666e-05
0.062799,0.02464,-0.0013834
0.068375,0.031859,-0.0018374
0.074326,0.040138,-0.0030292
0.080668,0.049521,-0.0053724
0.087423,0.060053,-0.0088416
0.094613,0.071778,-0.013409
0.10226,0.084734,-0.019046
0.11038,0.098957,-0.025721
0.11898,0.11448,-0.033405
0.12204,0.13546,-0.030405
0.1252,0.15839,-0.027916
0.12846,0.18328,-0.02585
0.13184,0.21018,-0.024134
0.13532,0.23912,-0.022708
0.13892,0.27009,-0.021523
0.14262,0.30313,-0.020537
0.14644,0.33823,-0.019719
0.15036,0.37538,-0.019041
0.15439,0.41459,-0.018483
0.16326,0.37954,-0.0063314
0.1724,0.34588,-0.0018532
0.18195,0.31385,0.012669
0.19188,0.28343,0.035467
0.20215,0.25463,0.065011
0.21273,0.22746,0.1003
0.2236,0.20191,0.14065
0.23475,0.178,0.18555
0.24616,0.15573,0.23457
0.25781,0.13511,0.2874
0.26627,0.13123,0.26705
0.27505,0.12758,0.25112
0.28415,0.12411,0.23806
0.29355,0.1208,0.22693
0.30323,0.11763,0.21706
0.31321,0.11459,0.20804
0.32347,0.11166,0.19958
0.33401,0.10884,0.19148
0.34484,0.10612,0.18361
0.35596,0.10349,0.17589
0.32379,0.10498,0.12311
0.2926,0.10666,0.084107
0.26252,0.1085,0.054922
0.23364,0.11045,0.033227
0.20607,0.11248,0.01756
0.17989,0.1146,0.0069479
0.1552,0.11678,0.00071398
0.13208,0.11902,-0.0016371
0.11062,0.12128,-0.0031083
0.090897,0.12347,-0.0077421
0.095763,0.16674,-0.0051804
0.1005,0.21738,-0.0041799
0.1051,0.27567,-0.0046643
0.10955,0.34189,-0.0052028
0.11383,0.41625,-0.0047181
0.11794,0.4989,-0.0032814
0.12189,0.58994,-0.00094716
0.12568,0.68943,0.0022439
0.12933,0.79737,0.006274
0.13283,0.91375,0.011138
0.11441,0.86004,0.011336
0.097539,0.81024,0.010773
0.082171,0.76394,0.00984
0.068253,0.72079,0.0087389
0.055742,0.68049,0.0075822
0.044592,0.64275,0.0064252
0.034766,0.60736,0.0053011
0.026228,0.57409,0.0042239
0.018946,0.54277,0.003204
0.012888,0.51323,0.0022439
0.023803,0.48336,0.0028765
0.037969,0.45474,0.0031697
0.055353,0.42728,0.0032121
0.075929,0.40091,0.0030654
0.09968,0.37558,0.0027761
0.1266,0.35123,0.0023765
0.15667,0.3278,0.001892
0.18992,0.30527,0.0013402
0.22634,0.2836,0.0007361
0.26595,0.26277,8.9859e-05
0.27063,0.28701,-0.0019712
0.27535,0.31231,-0.0038213
0.28012,0.33867,-0.005517
0.28492,0.36609,-0.0070997
0.28976,0.39456,-0.0085952
0.29463,0.42409,-0.010024
0.29954,0.45467,-0.011396
0.30448,0.4863,-0.012722
0.30945,0.51899,-0.014006
0.31444,0.55273,-0.015254
0.25647,0.54248,-0.014234
0.20501,0.53195,-0.013059
0.15981,0.52115,-0.011821
0.12063,0.51014,-0.010562
0.087281,0.49895,-0.009299
0.059561,0.48762,-0.0080437
0.037304,0.47616,-0.0068035
0.020357,0.46463,-0.0055861
0.0085878,0.45303,-0.0043975
0.0018795,0.44139,-0.003245
0.0065346,0.42924,-0.0059968
0.014095,0.41706,-0.0077404
0.024562,0.40487,-0.0088708
0.037934,0.39269,-0.0096218
0.054214,0.38054,-0.010135
0.073404,0.36845,-0.010499
0.095506,0.35643,-0.010772
0.12052,0.34451,-0.010989
0.14846,0.33268,-0.011176
0.17931,0.32097,-0.011349
0.15163,0.32601,-0.010236
0.12626,0.33124,-0.0087044
0.10321,0.33664,-0.0071377
0.082475,0.3422,-0.0057002
0.064065,0.3479,-0.0044559
0.047978,0.35372,-0.0034225
0.034215,0.35968,-0.0026001
0.022779,0.36574,-0.0019796
0.013669,0.37191,-0.00155
0.0068889,0.37817,-0.0012996
0.0092571,0.36342,-0.0030786
0.011995,0.34924,-0.0041547
0.015101,0.33557,-0.0047809
0.018573,0.32239,-0.0051097
0.022412,0.30967,-0.0052355
0.026617,0.29737,-0.0052183
0.031188,0.28547,-0.0050977
0.036126,0.27397,-0.0048993
0.041432,0.26282,-0.0046414
0.047106,0.25203,-0.0043357
0.053035,0.27788,-0.010451
0.059387,0.30509,-0.013437
0.066092,0.33332,-0.021688
0.073161,0.36259,-0.034929
0.080607,0.3929,-0.052618
0.088441,0.42425,-0.07432
0.096669,0.45664,-0.099693
0.1053,0.49008,-0.12846
0.11433,0.52458,-0.16039
0.12378,0.56013,-0.19528
0.10609,0.53966,-0.13178
0.08997,0.51884,-0.089739
0.075375,0.49796,-0.060899
0.062247,0.4772,-0.041045
0.050523,0.45663,-0.027835
0.040146,0.43631,-0.019868
0.03106,0.41627,-0.016254
0.023229,0.39662,-0.014309
0.016632,0.37754,-0.0092896
0.011221,0.35903,-0.0013268
0.015938,0.35527,-0.0047293
0.021507,0.35151,-0.0070889
0.027928,0.34775,-0.0087542
0.035201,0.34398,-0.0099425
0.043326,0.34019,-0.010796
0.052305,0.33639,-0.011406
0.06214,0.33257,-0.011835
0.072831,0.32873,-0.012122
0.084381,0.32487,-0.012295
0.09679,0.321,-0.012373
0.092075,0.31093,-0.012131
0.087594,0.30143,-0.011991
0.083332,0.29246,-0.012028
0.079277,0.28399,-0.012087
0.075417,0.27598,-0.012092
0.071744,0.2684,-0.012011
0.068245,0.26123,-0.011837
0.064914,0.25444,-0.011572
0.061739,0.248,-0.011227
0.058714,0.24189,-0.010815
0.04962,0.21589,-0.0081366
0.041118,0.19223,-0.0068752
0.033273,0.17078,-0.0049279
0.026141,0.15136,-0.0021362
0.019771,0.13379,0.0013557
0.014214,0.1179,0.0054597
0.0095153,0.10356,0.01012
0.0057207,0.090638,0.015302
0.0028718,0.078998,0.020984
0.001007,0.068525,0.027153
0.00035876,0.072356,0.025615
8.4921e-05,0.076286,0.024081
-4.203e-05,0.080311,0.022556
-0.00051672,0.084424,0.021048
-0.001352,0.08862,0.01956
-0.0025419,0.092895,0.018099
-0.0040802,0.097243,0.016666
-0.0059602,0.10166,0.015266
-0.0081753,0.10615,0.013902
-0.010719,0.1107,0.012575
-0.0076839,0.11434,0.013957
-0.0051498,0.118,0.015336
-0.003117,0.12167,0.016714
-0.0015858,0.12537,0.018092
-0.00055671,0.12909,0.01947
-2.9639e-05,0.13285,0.02085
9.7766e-05,0.13665,0.022232
0.00057652,0.1405,0.023617
0.0015569,0.14438,0.025005
0.0030392,0.14832,0.026396
0.0028369,0.13651,0.021938
0.0026319,0.12547,0.018146
0.0024253,0.11515,0.014895
0.0022186,0.10551,0.012096
0.0020129,0.096515,0.0096794
0.0018098,0.088123,0.0075964
0.0016104,0.080302,0.0058078
0.0014164,0.073021,0.0042839
0.0012289,0.066249,0.0030007
0.0010495,0.05996,0.0019399
0.0014332,0.061524,0.0009516
0.0018785,0.063116,0.00017916
0.002386,0.064739,-0.00039307
0.0029566,0.066391,-0.00077877
0.0035908,0.068072,-0.00099028
0.0042898,0.069785,-0.0010384
0.0050541,0.071525,-0.0010784
0.0058847,0.073292,-0.0012557
0.0067826,0.075086,-0.0015623
0.0077487,0.07691,-0.0019906
0.0076388,0.075166,-0.0018147
0.0075244,0.073431,-0.0016483
0.0074055,0.071707,-0.0014903
0.0072823,0.069995,-0.0013399
0.0071549,0.068294,-0.0011966
0.0070237,0.066607,-0.0010597
0.0068886,0.064933,-0.00092906
0.00675,0.063273,-0.00080427
0.0066079,0.061628,-0.00068521
0.0064627,0.059998,-0.00057174
0.0094715,0.047123,-0.0021346
0.013023,0.03606,-0.0049679
0.017111,0.026651,-0.0090807
0.021739,0.018766,-0.014475
0.026913,0.012311,-0.021146
0.032649,0.0072357,-0.029086
0.038963,0.0035318,-0.03828
0.045876,0.0012296,-0.048714
0.053407,0.00038857,-0.060365
0.061577,-4.4221e-05,-0.073222
0.07223,0.00010053,-0.063693
0.083724,0.00020449,-0.054687
0.096056,0.00027119,-0.04624
0.10922,0.00030449,-0.038391
0.12322,0.00030888,-0.031171
0.13804,0.00028872,-0.024614
0.15369,0.00024889,-0.018751
0.17017,0.00019453,-0.013613
0.18746,0.00014749,-0.0092282
0.20557,0.0001161,-0.0056263
0.18145,-0.00016567,-0.0044757
0.15875,-0.001241,-0.0040874
0.13746,-0.0031582,-0.00423
0.11763,-0.0059038,-0.0048108
0.099278,-0.0094629,-0.0058101
0.08242,-0.013821,-0.0072448
0.067083,-0.018964,-0.0091477
0.053287,-0.024881,-0.011555
0.041054,-0.031565,-0.014501
0.0304,-0.039011,-0.01801
0.029046,-0.040179,-0.0068975
0.027795,-0.041242,-0.0016216
0.026615,-0.04223,-0.00032636
0.025464,-0.043347,0.0050769
0.024317,-0.044623,0.015605
0.023156,-0.046056,0.031151
0.021968,-0.047645,0.051636
0.020745,-0.049389,0.076992
0.019486,-0.051287,0.10715
0.018192,-0.053336,0.14204
0.023966,-0.05499,0.13192
0.030522,-0.056677,0.12226
0.037864,-0.0584,0.11301
0.045997,-0.06016,0.10415
0.054925,-0.061959,0.095629
0.064655,-0.063796,0.087452
0.075192,-0.065673,0.079595
0.086541,-0.067591,0.072055
0.09871,-0.069553,0.064823
0.1117,-0.071561,0.0579
0.11914,-0.054389,0.046233
0.12663,-0.039786,0.037173
0.13421,-0.027614,0.029971
0.14189,-0.017766,0.024134
0.14969,-0.01016,0.019326
0.15764,-0.0047384,0.015314
0.16577,-0.0014594,0.011935
0.17411,-0.00029916,0.0090705
0.18267,0.00080667,0.0067031
0.19149,0.0039908,0.0048373
0.18281,0.0051951,0.0083755
0.17437,0.0065311,0.012608
0.16614,0.0079962,0.017427
0.15814,0.0095868,0.022755
0.15035,0.0113,0.028541
0.14277,0.013133,0.034745
0.13541,0.015082,0.04134
0.12825,0.017147,0.048303
0.12129,0.019326,0.055619
0.11454,0.021616,0.063274
0.11835,0.015502,0.042831
0.12223,0.010322,0.027343
0.12618,0.0061424,0.015895
0.13021,0.0030141,0.0078489
0.1343,0.00097467,0.0027568
0.13847,5.0958e-05,0.00029549
0.14269,-0.00027071,-0.00029494
0.14698,-0.0016273,-0.0024832
0.15133,-0.0041359,-0.0067692
0.15573,-0.007799,-0.013055
0.16669,-0.0023692,-0.0074837
0.17802,-4.7755e-05,-0.0036184
0.18978,0.00085642,-0.0012506
0.20205,0.0047125,-0.00017054
0.21489,0.011781,0.00023971
0.22839,0.022102,0.0016946
0.24258,0.035764,0.0042494
0.25752,0.052863,0.0078273
0.27325,0.073497,0.01236
0.28981,0.097758,0.017784
0.27124,0.085377,0.017668
0.25345,0.074312,0.018144
0.23639,0.064431,0.019106
0.22006,0.05562,0.02049
0.20442,0.047776,0.022263
0.18947,0.040807,0.024404
0.17518,0.034632,0.026905
0.16154,0.029176,0.02976
0.14853,0.024375,0.032972
0.13615,0.020169,0.036541
0.14311,0.016157,0.036893
0.15025,0.012599,0.036511
0.15756,0.0094909,0.035503
0.16504,0.0068308,0.033977
0.17269,0.0046159,0.032034
0.18051,0.0028443,0.029767
0.18851,0.001515,0.027258
0.19668,0.00062683,0.024585
0.20501,0.00017979,0.021812
0.21352,6.9295e-05,0.018999
0.21121,0.00020001,0.026848
0.20889,0.00033962,0.035776
0.20657,0.00059468,0.045726
0.20426,0.00096903,0.056648
0.20196,0.0014662,0.068501
0.19966,0.0020884,0.081248
0.19738,0.0028383,0.094852
0.19512,0.0037173,0.10928
0.19287,0.0047272,0.12451
0.19064,0.0058687,0.14051
0.17717,0.0071068,0.15445
0.16432,0.0084094,0.1678
0.15207,0.0097669,0.18061
0.1404,0.011169,0.19296
0.12929,0.012609,0.20488
0.11874,0.014076,0.21641
0.10873,0.015567,0.22757
0.099251,0.017073,0.23841
0.090284,0.018589,0.24892
0.081821,0.020108,0.25915
0.091962,0.0187,0.21036
0.10286,0.017467,0.17247
0.11449,0.016368,0.14226
0.12683,0.015375,0.11773
0.13988,0.014471,0.097489
0.15363,0.013642,0.080606
0.16807,0.012879,0.0664
0.18321,0.012172,0.054368
0.19904,0.011516,0.04413
0.21555,0.010903,0.035389
0.21812,0.0092934,0.023662
0.22064,0.0078295,0.01379
0.22313,0.0065134,0.0059894
0.22559,0.0053445,0.00039945
0.22804,0.0043222,-0.0028912
0.23049,0.0034427,-0.003884
0.2329,0.0026484,-0.0055197
0.23525,0.0019065,-0.0095342
0.23754,0.001219,-0.015916
0.23978,0.00058736,-0.024645
0.2393,0.002375,-0.018939
0.2388,0.0049176,-0.014649
0.23826,0.0082153,-0.011439
0.2377,0.012267,-0.0090792
0.23712,0.017071,-0.007402
0.23652,0.022628,-0.0062892
0.2359,0.028937,-0.0056531
0.23526,0.035998,-0.0054294
0.23461,0.043812,-0.0055046
0.23396,0.052386,-0.0053636
0.23919,0.049226,-0.0037951
0.24452,0.046223,-0.00067051
0.24995,0.043371,0.0041339
0.25548,0.04066,0.010715
0.2611,0.038083,0.019149
0.26684,0.035634,0.029499
0.27268,0.033305,0.041816
0.27862,0.031089,0.056142
0.28468,0.028981,0.072514
0.29085,0.026973,0.090967
0.27963,0.025805,0.070153
0.26913,0.024683,0.05247
0.25926,0.023602,0.03754
0.25,0.022559,0.025098
0.24128,0.021551,0.014949
0.23307,0.020574,0.0069471
0.22532,0.019627,0.00097749
0.218,0.018708,-0.0030506
0.21109,0.017814,-0.0052113
0.20454,0.016944,-0.0056521
0.18956,0.015284,-0.0057132
0.17535,0.013696,-0.00645
0.16186,0.012185,-0.0080541
0.14906,0.010752,-0.010683
0.1369,0.0094014,-0.014467
0.12537,0.0081367,-0.019511
0.11442,0.0069614,-0.025901
0.10402,0.0058788,-0.033707
0.094148,0.0048922,-0.042986
0.084777,0.0040046,-0.053785
0.075042,0.0046298,-0.049022
0.066153,0.0053309,-0.043621
0.058057,0.006115,-0.037864
0.050704,0.0069897,-0.031996
0.044043,0.0079632,-0.026223
0.038026,0.0090431,-0.020722
0.032604,0.010237,-0.015643
0.027732,0.011553,-0.011119
0.023364,0.012997,-0.0072604
0.019457,0.014572,-0.0041639
0.018167,0.01154,-0.0062855
0.016932,0.0088312,-0.009125
0.01574,0.0064675,-0.012758
0.014584,0.0044685,-0.017241
0.013453,0.00285,-0.022609
0.012338,0.0016231,-0.02888
0.011233,0.00079345,-0.036053
0.010132,0.0003609,-0.044118
0.009033,0.00029837,-0.053063
0.0079339,8.587e-05,-0.062877
0.0078152,0.00034399,-0.064323
0.0077068,0.00041408,-0.065459
0.0076082,0.00060058,-0.066295
0.0075192,0.00099325,-0.066851
0.0074393,0.001593,-0.067138
0.0073683,0.0023999,-0.067178
0.0073055,0.0034154,-0.066984
0.007251,0.0046393,-0.066574
0.0072041,0.0060721,-0.065961
0.0071647,0.0077135,-0.065162
0.0052103,0.012761,-0.08082
0.003404,0.019247,-0.098333
0.0017489,0.027267,-0.11763
0.00024976,0.036913,-0.13857
-0.0010884,0.048275,-0.16094
-0.0022597,0.061434,-0.18453
-0.0032591,0.076464,-0.20907
-0.0040816,0.093432,-0.23432
-0.0047237,0.1124,-0.26007
-0.0051819,0.13341,-0.28613
-0.0036735,0.1186,-0.21577
-0.0023682,0.10488,-0.16392
-0.0011206,0.092154,-0.12453
0.00016386,0.080377,-0.09402
0.0015509,0.069504,-0.070108
0.0030906,0.059503,-0.051278
0.0048221,0.050346,-0.036472
0.0067786,0.042009,-0.024926
0.008987,0.034472,-0.016076
0.01147,0.027715,-0.0094906
0.016419,0.024601,-0.014203
0.022346,0.02166,-0.019787
0.029325,0.018891,-0.026214
0.037436,0.016293,-0.033449
0.046766,0.01387,-0.041454
0.057405,0.011624,-0.050183
0.069444,0.0095592,-0.059592
0.082975,0.0076817,-0.069629
0.098088,0.0059968,-0.080243
0.11487,0.0045102,-0.091383
0.098237,0.0099631,-0.058179
0.082969,0.017625,-0.034161
0.069039,0.027471,-0.017415
0.056417,0.039487,-0.0066752
0.045079,0.05367,-0.0011138
0.035007,0.070027,0.00020259
0.026194,0.088573,0.0036979
0.018628,0.10933,0.011346
0.012306,0.13233,0.023051
0.0072321,0.1576,0.03874
0.012721,0.14024,0.054641
0.019739,0.12389,0.073314
0.028283,0.10854,0.094724
0.03835,0.094218,0.11885
0.049941,0.08092,0.14565
0.063056,0.068653,0.17512
0.077699,0.057421,0.2072
0.093873,0.047227,0.24186
0.11158,0.038073,0.27906
0.13083,0.029959,0.31875
0.11542,0.032206,0.24771
0.10096,0.03457,0.188
0.087461,0.037052,0.1379
0.074923,0.039655,0.096349
0.063341,0.04238,0.062689
0.052711,0.045231,0.036497
0.043026,0.04821,0.017492
0.03428,0.051318,0.0054942
0.026466,0.054557,0.00039169
0.019638,0.057912,-0.0019173
0.019873,0.047354,-0.0026327
0.020094,0.037999,-0.0032335
0.0203,0.029794,-0.003689
0.020491,0.022686,-0.0039914
0.020668,0.016626,-0.004145
0.020831,0.01157,-0.0041635
0.020981,0.0074745,-0.0040645
0.02112,0.0043009,-0.0038694
0.02125,0.0020154,-0.0036001
0.021373,0.00058995,-0.0032797
0.020558,0.0015853,0.00039081
0.019746,0.0030322,0.0034401
0.01884,0.0049784,0.013074
0.017872,0.0074499,0.029428
0.016858,0.010478,0.052724
0.015805,0.014096,0.083135
0.014714,0.018333,0.12072
0.013585,0.023216,0.16538
0.012422,0.028768,0.2169
0.011229,0.035009,0.27499
0.0072526,0.035028,0.26875
0.0039355,0.035054,0.26174
0.001244,0.035086,0.25407
-0.00085277,0.035125,0.24588
-0.0023846,0.035171,0.23723
-0.0033786,0.035223,0.22826
-0.0038609,0.035282,0.21901
-0.0038556,0.035349,0.20956
-0.003891,0.035422,0.19996
-0.0043752,0.035502,0.19025
-0.0051885,0.036075,0.18718
-0.0063127,0.036638,0.1849
-0.0077445,0.037195,0.18327
-0.009481,0.037746,0.18219
-0.011522,0.038293,0.18154
-0.013866,0.038839,0.18128
-0.016516,0.039385,0.18132
-0.019471,0.039932,0.18162
-0.022735,0.040482,0.18213
-0.02631,0.041035,0.18283
-0.025379,0.045797,0.17636
-0.024476,0.050818,0.17127
-0.0236,0.0561,0.16731
-0.022751,0.061643,0.16429
-0.021929,0.06745,0.16205
-0.021133,0.07352,0.16048
-0.020364,0.079857,0.15948
-0.019621,0.086461,0.15898
-0.018904,0.093334,0.15891
-0.018211,0.10048,0.15923
-0.013885,0.11078,0.17717
-0.010251,0.12163,0.19545
-0.0073173,0.13301,0.21406
-0.0050937,0.14494,0.23297
-0.0035905,0.15741,0.25217
-0.0028174,0.17043,0.27166
-0.0026875,0.18401,0.29144
-0.0020905,0.19814,0.31154
-0.00070315,0.21283,0.33197
0.0014856,0.22807,0.35274
0.0010141,0.18733,0.2826
0.0005792,0.15146,0.22082
0.00020812,0.12013,0.16712
-7.2175e-05,0.093065,0.12128
-0.00023672,0.069991,0.083058
-0.00026087,0.050662,0.052268
-0.00017526,0.034839,0.028726
-0.00031979,0.022294,0.01226
-0.00075963,0.012795,0.0027232
-0.0014951,0.0061056,-6.7137e-05
-0.0012123,0.0080206,-5.9384e-05
-0.00095772,0.010137,-6.1852e-05
-0.00073183,0.012437,-7.2012e-05
-0.00053514,0.014903,-8.2285e-05
-0.00036822,0.017522,-9.0256e-05
-0.00023159,0.020282,-9.6777e-05
-0.00012585,0.023171,-0.00010253
-5.1528e-05,0.026181,-0.00010796
-9.2139e-06,0.029303,-0.00011319
2.0021e-06,0.03253,-0.00011841
5.2158e-05,0.026853,0.00063752
0.00018053,0.021615,0.0021492
0.00038532,0.016861,0.0043716
0.00066514,0.012632,0.0072681
0.001019,0.0089712,0.010815
0.0014467,0.0059185,0.014995
0.0019488,0.0035054,0.019805
0.0025269,0.0017517,0.025247
0.0031833,0.00066175,0.031331
0.0039212,0.00022469,0.038062
0.00080233,0.00086331,0.042637
7.3659e-05,0.0023708,0.047331
-0.002003,0.0047426,0.052279
-0.0066214,0.0079672,0.057558
-0.013671,0.012031,0.063178
-0.023035,0.016919,0.069095
-0.034602,0.02262,0.075241
-0.04827,0.029123,0.081538
-0.063949,0.036418,0.087909
-0.081562,0.044499,0.094286
-0.068801,0.048272,0.085981
-0.057098,0.052365,0.079127
-0.046463,0.056778,0.073368
-0.036903,0.06151,0.068451
-0.028424,0.066556,0.06419
-0.021032,0.07191,0.060446
-0.014732,0.077565,0.057113
-0.0095289,0.083509,0.05411
-0.0054252,0.08973,0.051375
-0.002423,0.096214,0.048856
-0.0030215,0.091699,0.053841
-0.003677,0.087263,0.058458
-0.0043867,0.082908,0.062718
-0.0051475,0.078638,0.066638
-0.0059568,0.074455,0.070238
-0.0068116,0.070362,0.07354
-0.0077092,0.066362,0.076564
-0.0086472,0.062457,0.079332
-0.0096229,0.058649,0.081862
-0.010634,0.054942,0.084174
-0.011133,0.052172,0.08858
-0.011633,0.049461,0.093851
-0.012136,0.046812,0.099941
-0.012643,0.044229,0.10682
-0.013155,0.041714,0.11447
-0.013675,0.03927,0.12287
-0.014202,0.036898,0.132
-0.014739,0.034601,0.14187
-0.015287,0.032381,0.15245
-0.015846,0.030237,0.16376
-0.024498,0.032731,0.12194
-0.03477,0.035266,0.087084
-0.046673,0.037876,0.058562
-0.060228,0.040596,0.035962
-0.075467,0.043465,0.019016
-0.092428,0.046521,0.0075544
-0.11115,0.049797,0.0014806
-0.13168,0.053319,9.6808e-05
-0.15408,0.057087,-0.0043046
-0.17839,0.061111,-0.013956
-0.18373,0.063554,-0.018031
-0.18916,0.066052,-0.022073
-0.19468,0.068606,-0.025998
-0.20029,0.071218,-0.029757
-0.20598,0.073891,-0.033313
-0.21176,0.076626,-0.036647
-0.21761,0.079424,-0.039739
-0.22354,0.082289,-0.042586
-0.22954,0.08522,-0.045175
-0.23562,0.088221,-0.047506
-0.21304,0.09463,-0.032782
-0.19175,0.10117,-0.022165
-0.1717,0.10785,-0.014434
-0.15287,0.11468,-0.008837
-0.13523,0.12164,-0.0048907
-0.11873,0.12875,-0.0022777
-0.10337,0.136,-0.00078226
-0.089121,0.1434,-0.00025615
-0.075965,0.15096,2.1181e-05
-0.063886,0.15867,0.0010827
-0.074955,0.15515,0.00018199
-0.086914,0.15166,-0.00026551
-0.099771,0.1482,-0.00038021
-0.11353,0.14477,-0.00074891
-0.1282,0.14137,-0.0014693
-0.14378,0.13801,-0.0025185
-0.16029,0.13469,-0.0038773
-0.17772,0.1314,-0.0055325
-0.19609,0.12816,-0.00747
-0.21539,0.12495,-0.00968
-0.20765,0.13215,-0.011485
-0.20006,0.13964,-0.013634
-0.19262,0.14742,-0.016132
-0.18534,0.1555,-0.018983
-0.1782,0.16387,-0.022192
-0.17121,0.17255,-0.025761
-0.16436,0.18152,-0.029693
-0.15765,0.1908,-0.033992
-0.15107,0.20039,-0.038658
-0.14463,0.21027,-0.043697
-0.14437,0.17736,-0.027571
-0.14464,0.14759,-0.016204
-0.1454,0.12083,-0.0085012
-0.1466,0.096971,-0.00376
-0.1482,0.075906,-0.001503
-0.15016,0.05755,-0.0010158
-0.15245,0.041836,0.00072405
-0.15503,0.028698,0.0041739
-0.15786,0.018082,0.009199
-0.16087,0.0099457,0.015696
-0.17384,0.0088547,0.0067576
-0.18737,0.0078351,0.0012093
-0.20147,0.0068876,-0.0015396
-0.21617,0.0060115,-0.0023044
-0.23143,0.0051969,-0.0043354
-0.24727,0.0044419,-0.0081012
-0.26368,0.0037448,-0.013374
-0.28068,0.0031049,-0.019969
-0.29826,0.0025202,-0.02774
-0.31643,0.0019899,-0.036565
-0.28848,0.0034591,-0.039392
-0.26183,0.0053216,-0.042612
-0.23648,0.0075768,-0.046158
-0.21242,0.010225,-0.049985
-0.18965,0.013267,-0.054057
-0.16815,0.016702,-0.058349
-0.14794,0.02053,-0.062839
-0.129,0.024751,-0.067513
-0.11134,0.029365,-0.072356
-0.094943,0.034373,-0.077362
-0.095888,0.034658,-0.061221
-0.096773,0.034976,-0.047109
-0.097599,0.035324,-0.034966
-0.098367,0.0357,-0.024753
-0.099081,0.036099,-0.016442
-0.099741,0.036519,-0.010012
-0.10035,0.036957,-0.0054516
-0.10091,0.03741,-0.0027522
-0.10143,0.037874,-0.0019087
-0.10193,0.038355,-0.00096346
-0.10307,0.038068,-0.0027374
-0.10411,0.037759,-0.0090983
-0.10505,0.037427,-0.021415
-0.1059,0.037074,-0.039232
-0.10668,0.036703,-0.062179
-0.10739,0.036316,-0.089944
-0.10806,0.035915,-0.12225
-0.10867,0.0355,-0.15884
-0.10924,0.035073,-0.1995
-0.10978,0.034634,-0.24402
-0.12329,0.040503,-0.21388
-0.13741,0.046726,-0.18946
-0.15213,0.053328,-0.1693
-0.16742,0.060328,-0.15242
-0.18326,0.067741,-0.13809
-0.19965,0.075579,-0.12578
-0.21655,0.083849,-0.11511
-0.23396,0.092556,-0.10577
-0.25186,0.1017,-0.097515
-0.27025,0.11128,-0.090175
-0.27159,0.1093,-0.13021
-0.2729,0.1074,-0.17196
-0.2742,0.10558,-0.21436
-0.27549,0.10385,-0.25688
-0.27677,0.10223,-0.29926
-0.27805,0.10072,-0.34144
-0.27933,0.099333,-0.38337
-0.2806,0.098067,-0.42511
-0.28186,0.096929,-0.46664
-0.28311,0.095924,-0.508
-0.29846,0.08151,-0.38487
-0.31315,0.06799,-0.29526
-0.32746,0.055506,-0.22699
-0.34154,0.044154,-0.1735
-0.35548,0.034006,-0.13093
-0.36936,0.025113,-0.096874
-0.38322,0.017519,-0.069767
-0.39709,0.011256,-0.048524
-0.41101,0.0063503,-0.032384
-0.425,0.0028242,-0.020782
-0.41539,0.0044039,-0.027802
-0.40576,0.0063313,-0.035681
-0.39614,0.0086046,-0.044326
-0.38652,0.011223,-0.05371
-0.37692,0.014186,-0.063851
-0.36733,0.017491,-0.074772
-0.35777,0.021138,-0.086515
-0.34825,0.025126,-0.099111
-0.33876,0.029453,-0.1126
-0.3293,0.034121,-0.12702
-0.34049,0.029559,-0.15148
-0.35187,0.025313,-0.17509
-0.36345,0.021383,-0.19787
-0.37523,0.017768,-0.21987
-0.3872,0.014466,-0.2412
-0.39935,0.011474,-0.26197
-0.41169,0.0087906,-0.28227
-0.42421,0.0064129,-0.3022
-0.43691,0.0043369,-0.32178
-0.44979,0.0025606,-0.34109
-0.41223,0.00070853,-0.35149
-0.37667,-0.00056551,-0.3571
-0.34302,-0.0013273,-0.35907
-0.31122,-0.0016342,-0.35827
-0.28123,-0.0017171,-0.35524
-0.25298,-0.0021035,-0.35045
-0.22644,-0.0027902,-0.3442
-0.20154,-0.0037414,-0.33675
-0.17825,-0.0049257,-0.3283
-0.15654,-0.0063133,-0.31901
-0.1863,-0.0055099,-0.32128
-0.21854,-0.0047747,-0.3262
-0.25328,-0.0041103,-0.33337
-0.29051,-0.0035193,-0.34248
-0.33025,-0.0030059,-0.35323
-0.3725,-0.0025729,-0.3654
-0.41727,-0.0022246,-0.37875
-0.46455,-0.0019629,-0.39311
-0.51435,-0.0017912,-0.40831
-0.56665,-0.0017102,-0.42425
-0.54513,-0.0011104,-0.37903
-0.52471,0.00059765,-0.33947
-0.50533,0.0034209,-0.30423
-0.48689,0.0073104,-0.27251
-0.46933,0.012221,-0.24372
-0.45256,0.018116,-0.21747
-0.43654,0.024961,-0.19348
-0.42119,0.032728,-0.1715
-0.40646,0.041392,-0.15138
-0.39231,0.05093,-0.13294
-0.36683,0.049194,-0.10434
-0.34217,0.047277,-0.080712
-0.31834,0.045206,-0.061197
-0.29535,0.043008,-0.045179
-0.27321,0.040703,-0.03223
-0.25191,0.038316,-0.022014
-0.23146,0.035865,-0.014282
-0.21186,0.03337,-0.0088223
-0.1931,0.03085,-0.0054666
-0.17519,0.028323,-0.0040688
-0.16278,0.021782,-0.0039783
-0.15094,0.016302,-0.0041445
-0.13966,0.011777,-0.0044659
-0.12891,0.0081143,-0.0048807
-0.11868,0.0052282,-0.0053551
-0.10895,0.003043,-0.0058655
-0.099714,0.0014901,-0.0064011
-0.090951,0.00050788,-0.0069516
-0.08265,4.0656e-05,-0.0075149
-0.074799,-7.1007e-05,-0.0080848
-0.091477,2.8723e-05,-0.010145
-0.11004,0.00044154,-0.01239
-0.13053,0.0012963,-0.014775
-0.15299,0.0026114,-0.017241
-0.17746,0.0044036,-0.019739
-0.20395,0.0066891,-0.022215
-0.23252,0.0094816,-0.024632
-0.26316,0.012794,-0.026955
-0.29592,0.016638,-0.029163
-0.33079,0.021022,-0.031239
-0.33931,0.030423,-0.040233
-0.34786,0.041568,-0.05154
-0.35646,0.05447,-0.065315
-0.36509,0.06914,-0.081663
-0.37375,0.085589,-0.10065
-0.38243,0.10383,-0.12232
-0.39112,0.12386,-0.14667
-0.39983,0.14569,-0.1737
-0.40855,0.16932,-0.20338
-0.41727,0.19475,-0.2357
-0.39356,0.16114,-0.17106
-0.37078,0.13106,-0.12189
-0.34895,0.10436,-0.084064
-0.32803,0.08091,-0.055213
-0.30799,0.060612,-0.033838
-0.28878,0.04337,-0.018932
-0.27036,0.029102,-0.0097785
-0.2527,0.017737,-0.0058398
-0.23579,0.0092148,-0.0039385
-0.21975,0.0034859,0.0021668
-0.24056,0.0084756,-0.001163
-0.26242,0.015625,-0.003652
-0.28532,0.02491,-0.0054533
-0.30928,0.036312,-0.0066925
-0.3343,0.049811,-0.0074744
-0.36037,0.065393,-0.0082027
-0.38747,0.083045,-0.0092739
-0.41561,0.10276,-0.010636
-0.44478,0.12454,-0.012248
-0.47499,0.14838,-0.01408
-0.45784,0.11262,-0.010666
-0.44082,0.082229,-0.0096184
-0.42401,0.056934,-0.0077991
-0.40745,0.036515,-0.0044032
-0.39114,0.020775,0.0003604
-0.37509,0.009545,0.0063554
-0.35932,0.0026767,0.013487
-0.34383,4.6722e-05,0.021688
-0.32865,-0.0015358,0.030907
-0.31377,-0.0071009,0.041108
-0.30142,-0.0039136,0.02045
-0.28955,-0.0016843,0.0068533
-0.27812,-0.00038448,-0.0013194
-0.26708,1.3575e-05,-0.0051152
-0.25638,0.00050335,-0.0057621
-0.24591,0.001862,-0.0083657
-0.23563,0.0040766,-0.013822
-0.22553,0.0071375,-0.021875
-0.21561,0.011037,-0.032326
-0.20587,0.01577,-0.045023
-0.2102,0.014662,-0.04808
-0.21458,0.013605,-0.050972
-0.219,0.0126,-0.053696
-0.22348,0.011644,-0.056255
-0.228,0.010737,-0.058648
-0.23258,0.0098777,-0.060878
-0.2372,0.0090638,-0.06294
-0.24187,0.0082949,-0.064839
-0.2466,0.0075693,-0.06657
-0.25137,0.0068861,-0.068139
-0.28622,0.009497,-0.041324
-0.32318,0.012569,-0.023626
-0.36233,0.016124,-0.013259
-0.40374,0.020182,-0.0089204
-0.44747,0.024759,-0.0086362
-0.49369,0.029867,-0.0054728
-0.54243,0.035517,0.00129
-0.59367,0.041717,0.011198
-0.64742,0.048473,0.023896
-0.70365,0.055786,0.039104
-0.66683,0.04564,0.022435
-0.63156,0.036531,0.011061
-0.59773,0.028451,0.003037
-0.56524,0.021395,-0.0026099
-0.53404,0.015354,-0.0063849
-0.50406,0.010323,-0.0085576
-0.47527,0.0062947,-0.0092728
-0.4476,0.003265,-0.0090674
-0.42097,0.0012293,-0.0099956
-0.39534,0.0001837,-0.012281
-0.37243,0.00018408,-0.01155
-0.35068,0.00018862,-0.010894
-0.33002,0.00019659,-0.010299
-0.3104,0.00020877,-0.0097557
-0.29176,0.00022476,-0.0092543
-0.27407,0.00024542,-0.00879
-0.25726,0.00027058,-0.0083585
-0.24131,0.00030118,-0.0079562
-0.22616,0.00033719,-0.0075808
-0.21178,0.00037963,-0.0072291
-0.1774,0.00011047,-0.0074634
-0.14665,1.3047e-05,-0.0079857
-0.11936,-4.7228e-05,-0.0088065
-0.095334,-0.00024377,-0.0099345
-0.074405,-0.00056349,-0.011378
-0.056401,-0.00099184,-0.013145
-0.041157,-0.0015154,-0.015243
-0.028515,-0.0021214,-0.017678
-0.018321,-0.002799,-0.020457
-0.010428,-0.00354,-0.023581
-0.014589,-0.0043551,-0.016454
-0.019384,-0.0052539,-0.010674
-0.024853,-0.0062386,-0.0062288
-0.031043,-0.0073111,-0.0031148
-0.038002,-0.0084733,-0.0013345
-0.045779,-0.0097265,-0.00088683
-0.054451,-0.011072,-0.00032213
-0.064084,-0.012512,0.0015439
-0.074724,-0.014046,0.0047038
-0.08641,-0.015673,0.0091472
-0.085567,-0.017131,0.012423
-0.08473,-0.018642,0.016067
-0.083895,-0.020209,0.020065
-0.083061,-0.021829,0.024405
-0.082225,-0.023504,0.029076
-0.081385,-0.025233,0.034067
-0.08054,-0.027017,0.039367
-0.079689,-0.028854,0.04497
-0.07883,-0.030746,0.050866
-0.077963,-0.03269,0.057047
-0.062945,-0.03415,0.043036
-0.049794,-0.0356,0.031626
-0.038397,-0.037038,0.022383
-0.028651,-0.038462,0.015002
-0.020461,-0.03987,0.0092609
-0.013744,-0.041264,0.0049938
-0.0084245,-0.042646,0.0020786
-0.0044411,-0.04402,0.00042419
-0.0017446,-0.045392,-4.1372e-05
-0.00028111,-0.046772,-0.00068647
-0.0016252,-0.05271,-0.00020237
-0.0040391,-0.059059,-7.7475e-05
-0.0075173,-0.06583,4.0128e-05
-0.012053,-0.073033,0.0004745
-0.017634,-0.080675,0.0012202
-0.024249,-0.088761,0.0022711
-0.031886,-0.097292,0.0036211
-0.040535,-0.10627,0.0052638
-0.050187,-0.1157,0.007193
-0.060832,-0.12557,0.0094028
-0.060532,-0.11159,0.0024694
-0.060179,-0.098817,-0.00051463
-0.059762,-0.087127,-0.0011998
-0.059239,-0.076427,-0.0038822
-0.058621,-0.066635,-0.0087486
-0.057924,-0.05768,-0.015509
-0.057165,-0.049502,-0.023948
-0.056356,-0.042051,-0.033902
-0.05551,-0.035283,-0.045246
-0.05464,-0.029162,-0.057884
-0.043897,-0.019357,-0.057755
-0.034416,-0.011614,-0.058195
-0.026158,-0.0058737,-0.059049
-0.019082,-0.0020808,-0.060212
-0.013151,-0.00018899,-0.061599
-0.0083277,0.00027728,-0.063151
-0.0045827,0.0020965,-0.06481
-0.0018948,0.0057466,-0.066541
-0.00025508,0.011235,-0.068305
0.00033209,0.018583,-0.070078
0.00019924,0.013546,-0.046611
0.000114,0.0091177,-0.029282
6.878e-05,0.005418,-0.016879
5.2488e-05,0.0025702,-0.0084752
5.6102e-05,0.00071124,-0.0033092
7.2033e-05,2.5741e-06,-0.00070641
9.3839e-05,-0.00064988,-6.2426e-07
0.00012046,-0.0026847,0.00081213
0.00015481,-0.0058921,0.0036278
0.00020112,-0.010114,0.0089709
1.1312e-05,-0.0077562,0.0094264
-0.00015546,-0.0057469,0.0098807
-0.00067408,-0.0040621,0.010335
-0.0015355,-0.0026822,0.010794
-0.0027387,-0.0015931,0.01126
-0.0042912,-0.00078733,0.011738
-0.006208,-0.00026498,0.012234
-0.0085093,-3.2903e-05,0.012751
-0.011219,5.8622e-05,0.013292
-0.014361,0.0004452,0.013861
-0.015415,0.00032631,0.018581
-0.016514,0.00023139,0.024032
-0.017657,0.00015572,0.030217
-0.018845,9.516e-05,0.037137
-0.020078,4.6083e-05,0.044783
-0.021355,5.6318e-06,0.053145
-0.022677,-2.851e-05,0.062203
-0.024044,-5.7932e-05,0.071941
-0.025455,-8.3738e-05,0.082332
-0.02691,-0.00010643,0.093356
-0.032245,-2.8015e-05,0.065333
-0.037923,4.1891e-05,0.042925
-0.043947,0.00010389,0.025616
-0.050318,0.0001587,0.013064
-0.05704,0.00020683,0.0050367
-0.064119,0.000249,0.0013889
-0.071587,0.00028906,0.0004439
-0.079562,0.0003412,-0.0040568
-0.08807,0.00040736,-0.012707
-0.097129,0.0004884,-0.025463
-0.085143,0.00094022,-0.02388
-0.07405,0.0015358,-0.022101
-0.063825,0.0022626,-0.02019
-0.054445,0.003109,-0.018204
-0.045889,0.0040638,-0.016188
-0.038135,0.0051167,-0.014182
-0.031159,0.006258,-0.012219
-0.024942,0.0074788,-0.010329
-0.019462,0.0087714,-0.0085381
-0.014698,0.010129,-0.0068697
-0.018977,0.012387,-0.004674
-0.023817,0.014879,-0.002805
-0.029215,0.017607,-0.0012665
-0.035167,0.02057,-6.2475e-05
-0.041671,0.023772,0.00080414
-0.048724,0.027211,0.0013309
-0.05632,0.03089,0.001652
-0.064441,0.034806,0.0022952
-0.073084,0.038963,0.0033127
-0.082244,0.043359,0.0047005
-0.077594,0.037249,0.0022594
-0.072955,0.031611,0.00070473
-0.068471,0.026451,-0.004299
-0.064159,0.021763,-0.012672
-0.060037,0.017546,-0.024312
-0.05612,0.013796,-0.039144
-0.052424,0.010512,-0.057112
-0.048961,0.0076903,-0.078171
-0.045742,0.0053312,-0.10229
-0.042772,0.0034335,-0.12943
-0.039504,0.0025862,-0.084516
-0.036815,0.0018416,-0.050078
-0.034637,0.0012101,-0.025051
-0.032908,0.00070222,-0.0086836
-0.031564,0.00032833,-0.00043323
-0.030496,9.5018e-05,0.0014725
-0.029351,-9.3415e-06,0.0084591
-0.028011,-7.846e-05,0.022946
-0.026437,-0.00028656,0.044981
-0.024607,-0.00063019,0.074663
-0.019188,-0.00017068,0.088381
-0.014342,-6.057e-05,0.10201
-0.010061,0.00044001,0.11551
-0.0063452,0.0014349,0.12885
-0.0031981,0.0029201,0.142
-0.00062706,0.0048899,0.15496
0.001358,0.0073378,0.16766
0.0027436,0.010256,0.18008
0.0035149,0.013637,0.19215
0.0037652,0.017474,0.20383
0.0027245,0.012264,0.16005
0.0014521,0.0081722,0.12611
-0.00022632,0.0050463,0.099213
-0.0023537,0.0027599,0.077562
-0.0049591,0.0012069,0.059932
-0.0080634,0.00030178,0.045467
-0.011681,-1.9166e-05,0.033556
-0.015822,-0.00023333,0.023766
-0.020492,-0.0009793,0.01582
-0.025694,-0.0022741,0.0095536
-0.021184,-0.002432,0.016091
-0.017099,-0.0025816,0.024365
-0.013434,-0.0027305,0.034365
-0.01019,-0.0028869,0.046078
-0.0073701,-0.0030593,0.059495
-0.0049799,-0.0032554,0.074602
-0.0030298,-0.0034824,0.091384
-0.001532,-0.0037465,0.10982
-0.00050027,-0.0040532,0.12989
5.038e-05,-0.0044074,0.15155
-4.3252e-06,-0.0036031,0.15101
-8.7471e-05,-0.0028885,0.15015
-0.00019773,-0.0022601,0.14897
-0.00032929,-0.0017146,0.14754
-0.0004381,-0.0012487,0.14585
-0.00051373,-0.00085901,0.14396
-0.00055546,-0.00054248,0.14187
-0.00056292,-0.00029602,0.13961
-0.0005356,-0.00011665,0.13721
-0.00047321,-1.5878e-06,0.13467
-0.0010574,0.00020705,0.12414
-0.0012546,0.0010619,0.11465
-0.0020095,0.0026355,0.10597
-0.0034021,0.0049133,0.097931
-0.0054317,0.0078957,0.09041
-0.0080975,0.011597,0.083309
-0.011398,0.016043,0.07656
-0.015333,0.021268,0.070113
-0.0199,0.027312,0.063939
-0.025099,0.034219,0.05802
-0.025294,0.034733,0.062114
-0.025495,0.035251,0.065822
-0.025701,0.035774,0.06914
-0.025905,0.036302,0.072065
-0.026107,0.036835,0.074606
-0.026301,0.037374,0.076772
-0.026487,0.037918,0.078581
-0.026661,0.038468,0.080049
-0.026821,0.039023,0.081197
-0.026965,0.039584,0.082044
-0.019404,0.035602,0.064823
-0.013214,0.031546,0.050648
-0.0083185,0.027474,0.038943
-0.0046454,0.023446,0.029288
-0.0021257,0.01952,0.021374
-0.0006918,0.015761,0.014958
-0.00023927,0.012235,0.0098551
0.00051173,0.0090174,0.005944
0.0021143,0.0061884,0.0031186
0.0045348,0.0038321,0.0012821
0.0022375,0.0039185,0.0013119
0.00074635,0.0039824,0.0014487
2.8936e-05,0.004029,0.0016834
-0.00016885,0.0040674,0.0019896
-0.00097267,0.0041088,0.0023066
-0.0025435,0.0041636,0.002593
-0.0049093,0.0042388,0.002818
-0.0081047,0.0043384,0.0029605
-0.012166,0.0044642,0.0030111
-0.01713,0.0046172,0.0029681
-0.01866,0.0075676,0.003974
-0.020273,0.011209,0.0051102
-0.021969,0.015524,0.0063694
-0.023752,0.020495,0.0077409
-0.02562,0.026106,0.0092126
-0.027575,0.032342,0.01077
-0.029618,0.039192,0.0124
-0.031748,0.046643,0.014086
-0.033966,0.054686,0.015814
-0.036271,0.063312,0.01757
-0.031141,0.069272,0.01596
-0.026415,0.075454,0.014739
-0.022088,0.081868,0.013822
-0.018153,0.088522,0.013147
-0.014607,0.095425,0.012669
-0.011449,0.10259,0.012353
-0.0086779,0.11002,0.012174
-0.0062931,0.11773,0.012114
-0.0042962,0.12574,0.012157
-0.0026887,0.13404,0.012294
-0.0025077,0.13036,0.012093
-0.0023427,0.12666,0.011816
-0.0021933,0.12293,0.011485
-0.0020585,0.1192,0.011116
-0.0019379,0.11545,0.010725
-0.0018304,0.11169,0.010321
-0.0017358,0.10793,0.0099141
-0.0016529,0.10417,0.0095096
-0.0015816,0.10041,0.009113
-0.001521,0.096659,0.0087278
-0.0017102,0.10847,0.0070014
-0.0019377,0.12088,0.0053513
-0.002207,0.13386,0.0038119
-0.002521,0.14743,0.0024227
-0.0028833,0.16157,0.001227
-0.0032966,0.17627,0.00026973
-0.003764,0.19154,-0.00040299
-0.0042878,0.20738,-0.00074631
-0.0048705,0.22377,-0.00093777
-0.0055142,0.24073,-0.0015247
-0.0070272,0.22887,-0.0012885
-0.0087139,0.21733,-0.0010155
-0.010573,0.2061,-0.00080922
-0.012601,0.19518,-0.00071216
-0.014797,0.18456,-0.00040857
-0.017158,0.17426,0.00022905
-0.019681,0.16425,0.0012666
-0.022364,0.15455,0.0027607
-0.025204,0.14516,0.0047601
-0.028201,0.13606,0.007307
-0.031616,0.1405,0.0092602
-0.035256,0.14501,0.011198
-0.039126,0.14961,0.013086
-0.043227,0.1543,0.014904
-0.047563,0.15906,0.016638
-0.052137,0.1639,0.018283
-0.056951,0.16881,0.019836
-0.062005,0.1738,0.021299
-0.067302,0.17887,0.022677
-0.072842,0.18401,0.023973
-0.063545,0.1794,0.019436
-0.055024,0.17505,0.015478
-0.047239,0.17094,0.012029
-0.040155,0.16705,0.0090403
-0.033738,0.16336,0.0064809
-0.027957,0.15986,0.0043276
-0.022785,0.15653,0.0025648
-0.018196,0.15335,0.0011805
-0.014167,0.15032,0.0001658
-0.010676,0.14743,-0.00048631
-0.0090022,0.14483,-0.00086825
-0.007478,0.14237,-0.0019954
-0.0061091,0.14002,-0.0042783
-0.0048943,0.13776,-0.007622
-0.0038331,0.13559,-0.011953
-0.0029247,0.1335,-0.017215
-0.0021687,0.13148,-0.023361
-0.0015643,0.12951,-0.030355
-0.0011114,0.12759,-0.038166
-0.00080909,0.12571,-0.046771
-0.0014575,0.12044,-0.037903
-0.0025434,0.11552,-0.029843
-0.004061,0.11093,-0.022656
-0.0060041,0.10663,-0.016401
-0.0083685,0.10258,-0.011129
-0.01115,0.098737,-0.0068812
-0.014346,0.095083,-0.0036946
-0.017954,0.091585,-0.001601
-0.021973,0.088215,-0.00062823
-0.026399,0.084954,-0.0002573
-0.027083,0.073552,-0.00049146
-0.027637,0.062958,-0.0012588
-0.028065,0.053172,-0.0030786
-0.028372,0.044194,-0.0059286
-0.028564,0.036026,-0.009789
-0.028651,0.02867,-0.014642
-0.028643,0.022126,-0.020472
-0.028558,0.016395,-0.027265
-0.028411,0.011477,-0.035009
-0.028223,0.0073731,-0.043694
-0.046357,0.0049852,-0.043904
-0.069198,0.0030447,-0.043919
-0.096873,0.0015419,-0.043765
-0.1295,0.00046471,-0.043506
-0.16718,-0.00020013,-0.043217
-0.21001,-0.0004653,-0.042976
-0.25807,-0.0006042,-0.042842
-0.31144,-0.0011093,-0.042864
-0.37018,-0.0019839,-0.043074
-0.43433,-0.0032188,-0.043497
-0.41535,-0.00081721,-0.043373
-0.39677,-0.00021992,-0.041846
-0.37859,0.0020629,-0.039406
-0.36082,0.0066464,-0.036398
-0.34345,0.013505,-0.033064
-0.32649,0.02262,-0.029587
-0.30994,0.033974,-0.026098
-0.2938,0.047554,-0.022699
-0.27807,0.063352,-0.019465
-0.26275,0.081362,-0.016457
-0.23742,0.059524,-0.0071273
-0.21422,0.041462,-0.0025395
-0.19295,0.026928,-0.0011652
-0.17344,0.015729,7.0268e-05
-0.15554,0.0076823,0.0029951
-0.13909,0.002606,0.007246
-0.12395,0.00034443,0.012581
-0.11,-0.00027783,0.018851
-0.097129,-0.0031119,0.025997
-0.085219,-0.0084493,0.033953
-0.092032,-0.0039493,0.016972
-0.099159,-0.0011471,0.0058895
-0.1066,-2.4911e-05,9.5861e-05
-0.11434,0.00056354,-0.0013435
-0.12231,0.0028094,-0.0053366
-0.13048,0.0067726,-0.013789
-0.13885,0.012486,-0.026552
-0.14739,0.019991,-0.043487
-0.15611,0.029326,-0.064463
-0.16498,0.040534,-0.089346
-0.17046,0.025502,-0.06012
-0.17595,0.014101,-0.037026
-0.18146,0.0061371,-0.019908
-0.18696,0.0014604,-0.0086761
-0.19247,-3.1984e-05,-0.0032746
-0.19799,-0.0016585,-0.0019505
-0.20366,-0.0064179,0.003939
-0.20948,-0.014321,0.0156
-0.21546,-0.02542,0.033036
-0.22161,-0.039788,0.056261
-0.19892,-0.031229,0.03252
-0.17768,-0.023748,0.014534
-0.15787,-0.017308,0.0028961
-0.13944,-0.011875,-0.0019764
-0.12231,-0.0074734,-0.0041157
-0.10627,-0.0041892,-0.013176
-0.091277,-0.0020103,-0.02967
-0.077279,-0.00092366,-0.053709
-0.064245,-0.00089241,-0.085368
-0.052145,-0.00062429,-0.12471
-0.052341,-0.0012225,-0.11559
-0.052535,-0.0023686,-0.10694
-0.052727,-0.0054243,-0.098703
-0.052916,-0.010384,-0.090858
-0.0531,-0.017245,-0.083376
-0.053278,-0.026012,-0.076244
-0.053445,-0.036691,-0.069447
-0.053601,-0.04929,-0.06298
-0.053743,-0.063818,-0.056832
-0.053871,-0.080287,-0.051002
-0.054811,-0.082164,-0.030716
-0.055682,-0.084146,-0.015595
-0.056479,-0.086223,-0.0056212
-0.0572,-0.088387,-0.00077344
-0.057865,-0.090617,0.00050945
-0.058601,-0.092844,0.0058445
-0.059418,-0.095059,0.016243
-0.060309,-0.097259,0.031691
-0.061266,-0.099443,0.05217
-0.062282,-0.10161,0.077669
-0.058016,-0.068364,0.054902
-0.054226,-0.042818,0.037707
-0.050844,-0.023996,0.024706
-0.047813,-0.011058,0.015012
-0.045078,-0.0032891,0.008007
-0.042584,-0.00011312,0.0032624
-0.040272,0.0011358,0.00046616
-0.038081,0.0061419,-0.00059294
-0.035937,0.015207,-0.0012234
-0.03377,0.028566,-0.0034902
-0.038603,0.02049,-0.0083135
-0.043745,0.01374,-0.015276
-0.049194,0.0083186,-0.024284
-0.054946,0.0042266,-0.035282
-0.060996,0.0014662,-0.04823
-0.067341,3.9463e-05,-0.063089
-0.073976,-0.00031602,-0.079808
-0.080898,-0.001585,-0.098328
-0.088104,-0.0041734,-0.11858
-0.095591,-0.0080783,-0.14048
-0.089571,-0.0025131,-0.12593
-0.083849,-0.00016802,-0.11383
-0.078397,0.00082257,-0.10347
-0.073189,0.004581,-0.094424
-0.068199,0.011219,-0.086345
-0.063402,0.020707,-0.079018
-0.058778,0.033045,-0.072276
-0.05431,0.048265,-0.066008
-0.049986,0.066424,-0.060127
-0.045797,0.087592,-0.054577
-0.044263,0.092224,-0.055464
-0.042757,0.096962,-0.05596
-0.04128,0.1018,-0.056103
-0.039831,0.10675,-0.055931
-0.038409,0.11179,-0.055478
-0.037014,0.11692,-0.054776
-0.035646,0.12216,-0.053855
-0.034304,0.12748,-0.05274
-0.032987,0.1329,-0.051456
-0.031695,0.13841,-0.050023
-0.035466,0.1278,-0.078824
-0.039452,0.11771,-0.11285
-0.043667,0.1081,-0.1517
-0.04812,0.09896,-0.19505
-0.052823,0.09029,-0.24258
-0.057783,0.082087,-0.29405
-0.063009,0.074353,-0.34921
-0.068506,0.067095,-0.40786
-0.07428,0.060321,-0.46977
-0.080334,0.054039,-0.53481
-0.068011,0.057774,-0.49294
-0.056854,0.061535,-0.45543
-0.046814,0.06531,-0.42109
-0.037849,0.069093,-0.38923
-0.029918,0.072879,-0.35935
-0.022985,0.076665,-0.33116
-0.017017,0.080449,-0.30441
-0.011982,0.084231,-0.27899
-0.0078528,0.088011,-0.25477
-0.0046035,0.091792,-0.23171
-0.0017501,0.10041,-0.21162
-0.00016449,0.10959,-0.19452
0.00021034,0.11931,-0.17967
0.001072,0.12954,-0.16654
0.0032155,0.14025,-0.15477
0.0066426,0.15143,-0.14407
0.011356,0.16306,-0.13424
0.017362,0.17511,-0.12512
0.024664,0.18757,-0.11661
0.03327,0.20043,-0.10861
0.020644,0.17467,-0.1288
0.011047,0.15084,-0.14887
0.0044175,0.1289,-0.16901
0.00070397,0.10882,-0.18934
-0.00027894,0.090556,-0.20995
-0.0023872,0.074092,-0.23087
-0.0073255,0.059401,-0.25211
-0.015086,0.046465,-0.27365
-0.025672,0.035273,-0.29543
-0.039099,0.025814,-0.31737
-0.036988,0.020328,-0.30489
-0.034883,0.015705,-0.29394
-0.032791,0.011873,-0.28418
-0.030723,0.0087676,-0.27537
-0.028684,0.0063345,-0.26733
-0.026682,0.0045252,-0.25991
-0.024723,0.0032978,-0.25301
-0.022813,0.002615,-0.24653
-0.020958,0.0023767,-0.24041
-0.019163,0.0018567,-0.2346
-0.020185,0.0013895,-0.24087
-0.021215,0.0007482,-0.24744
-0.022252,-6.7509e-05,-0.25429
-0.023293,-0.0010583,-0.26141
-0.024336,-0.0022244,-0.26876
-0.025379,-0.0035663,-0.27634
-0.026421,-0.0050843,-0.28413
-0.02746,-0.0067789,-0.29212
-0.028496,-0.0086502,-0.30029
-0.029527,-0.010699,-0.30863
-0.020664,-0.009286,-0.30683
-0.013468,-0.007997,-0.30552
-0.0079295,-0.0068211,-0.3046
-0.0040388,-0.0057495,-0.30399
-0.001789,-0.0047742,-0.30363
-0.001152,-0.0038887,-0.30345
-0.00015666,-0.0030872,-0.30339
0.002469,-0.0023653,-0.30342
0.0067252,-0.0017194,-0.30348
0.012614,-0.0011473,-0.30353
0.0041927,-0.00076924,-0.28157
-0.00020933,-0.00045091,-0.26182
-0.0011883,-0.00018746,-0.2438
-0.004197,2.498e-05,-0.22711
-0.010838,0.00018969,-0.21148
-0.021091,0.00030838,-0.19665
-0.034994,0.00038199,-0.18248
-0.052629,0.00041003,-0.16882
-0.074118,0.00039113,-0.1556
-0.099605,0.00033267,-0.14275
-0.092539,0.00075808,-0.12392
-0.085718,0.0020381,-0.10643
-0.079146,0.0041864,-0.09031
-0.072824,0.007215,-0.075549
-0.066755,0.011135,-0.062152
-0.060941,0.015954,-0.050094
-0.055386,0.021679,-0.039368
-0.05009,0.028315,-0.02995
-0.045057,0.035862,-0.021834
-0.040289,0.044319,-0.015001
-0.040785,0.036916,-0.019202
-0.041348,0.030143,-0.023999
-0.041971,0.024017,-0.029412
-0.042644,0.018554,-0.035443
-0.043358,0.013767,-0.042104
-0.044104,0.0096672,-0.049391
-0.044869,0.0062621,-0.057307
-0.045643,0.0035578,-0.065841
-0.046415,0.0015574,-0.07499
-0.047176,0.0002616,-0.084739
-0.040735,0.00034994,-0.067572
-0.03483,0.00042329,-0.053817
-0.029442,0.0004816,-0.042734
-0.024554,0.00052511,-0.033774
-0.020151,0.00055408,-0.02653
-0.01622,0.00056903,-0.020679
-0.012746,0.00057054,-0.015975
-0.0097181,0.00055942,-0.012213
-0.0071237,0.00053656,-0.0092326
-0.0049512,0.00050307,-0.0068957
-0.0061233,0.0011189,-0.0083264
-0.0074441,0.0020177,-0.0099018
-0.0089201,0.0032349,-0.011625
-0.010558,0.0048066,-0.013494
-0.012363,0.0067694,-0.01551
-0.014342,0.0091599,-0.017666
-0.0165,0.012015,-0.019958
-0.018843,0.015369,-0.022377
-0.021376,0.019259,-0.024914
-0.024104,0.02372,-0.027557
-0.023758,0.028161,-0.031059
-0.0234,0.03299,-0.034638
-0.023031,0.038208,-0.038271
-0.022651,0.043818,-0.041932
-0.022261,0.049821,-0.045601
-0.021861,0.056219,-0.049257
-0.021452,0.063012,-0.052883
-0.021034,0.070202,-0.056467
-0.020608,0.077791,-0.059995
-0.020174,0.085779,-0.063461
-0.015714,0.067239,-0.056501
-0.011617,0.051265,-0.049714
-0.0079744,0.037723,-0.043191
-0.0048833,0.02648,-0.037002
-0.002451,0.017406,-0.031193
-0.00079589,0.010372,-0.025803
-4.9616e-05,0.0052467,-0.02086
0.000321,0.0018967,-0.016389
0.0018233,0.00019189,-0.01242
0.004584,-0.00018312,-0.0089858
0.00099201,0.00019652,-0.0051223
-2.983e-05,0.0016089,-0.0025007
-0.0017902,0.0042248,-0.0008496
-0.006203,0.0081984,-0.00010173
-0.013118,0.013695,0.00020626
-0.022401,0.020855,0.0016571
-0.033939,0.029792,0.0044661
-0.047631,0.040605,0.0087332
-0.06339,0.053379,0.014517
-0.081139,0.068193,0.021841
-0.072754,0.059191,0.020133
-0.064993,0.05077,0.018801
-0.057824,0.042943,0.017746
-0.051219,0.035725,0.016902
-0.045149,0.02913,0.016221
-0.039588,0.023172,0.015669
-0.034508,0.017865,0.015219
-0.029884,0.013223,0.014854
-0.025693,0.0092591,0.014558
-0.021908,0.0059879,0.01432
-0.014748,0.0084337,0.0089283
-0.0089651,0.01131,0.0049359
-0.0045939,0.014613,0.0021661
-0.0016635,0.018342,0.00049228
-0.0001896,0.022507,-0.00015949
0.00017355,0.027112,-0.00058543
0.001596,0.032162,-0.0020105
0.0044346,0.037668,-0.0044702
0.0086617,0.04364,-0.0079787
0.01425,0.050087,-0.012535
0.0063227,0.044057,-0.0067261
0.0015603,0.038282,-0.0033115
2.9118e-06,0.032807,-0.0014088
-0.001683,0.02768,-0.00046828
-0.006624,0.022948,-0.00016833
-0.014822,0.018656,4.568e-05
-0.02626,0.014834,0.0006996
-0.040909,0.01149,0.0018454
-0.058733,0.0086181,0.0035546
-0.079696,0.0062014,0.0058815
-0.063363,0.012639,0.001464
-0.049113,0.021302,-0.00019523
-0.036785,0.032161,-0.00080601
-0.026257,0.045215,-0.003001
-0.017463,0.060509,-0.0067158
-0.01039,0.078108,-0.011861
-0.005068,0.098089,-0.018385
-0.0015646,0.12053,-0.026236
3.1056e-05,0.14549,-0.035334
0.00068022,0.17305,-0.04557
0.00014386,0.18157,-0.042532
-0.00027478,0.19029,-0.039678
-0.0016288,0.19922,-0.03698
-0.0039235,0.20836,-0.03442
-0.0071614,0.21771,-0.031978
-0.011345,0.22729,-0.029644
-0.016477,0.23709,-0.027406
-0.022561,0.24712,-0.025259
-0.0296,0.25737,-0.023196
-0.037598,0.26786,-0.021216
-0.026744,0.26802,-0.021809
-0.017757,0.26791,-0.022228
-0.010615,0.26757,-0.022497
-0.0052989,0.26702,-0.022637
-0.0017938,0.26627,-0.022663
-8.497e-05,0.26534,-0.022587
0.0003637,0.26427,-0.022418
0.0022162,0.26305,-0.022154
0.0058367,0.26173,-0.021799
0.011222,0.26031,-0.021359
0.009816,0.25523,-0.026684
0.0085102,0.2505,-0.032215
0.0073039,0.24609,-0.037907
0.0061975,0.24199,-0.043731
0.0051904,0.23815,-0.049663
0.004283,0.23458,-0.055687
0.0034748,0.23125,-0.061788
0.0027663,0.22814,-0.067955
0.0021568,0.22524,-0.074175
0.0016468,0.22253,-0.080439
0.0020673,0.18482,-0.082544
0.0025602,0.15211,-0.088772
0.0031207,0.12377,-0.098429
0.0037465,0.099251,-0.11117
0.0044361,0.078107,-0.1268
0.0051889,0.05995,-0.14522
0.0060048,0.044466,-0.16634
0.0068843,0.031408,-0.19009
0.0078283,0.0206,-0.21639
0.0088377,0.011929,-0.2452
0.010357,0.0128,-0.19296
0.011908,0.013734,-0.1482
0.01345,0.014735,-0.11022
0.014956,0.015805,-0.078516
0.016409,0.016946,-0.052637
0.017805,0.018156,-0.032224
0.019156,0.019429,-0.016979
0.020486,0.020755,-0.0066671
0.021833,0.022122,-0.0011179
0.023241,0.023512,0.00020907
0.027652,0.022689,2.1769e-05
0.032487,0.021918,-0.00020188
0.037766,0.021201,-0.00087159
0.043504,0.02054,-0.0019703
0.049717,0.019935,-0.0034823
0.056423,0.019387,-0.0053906
0.063635,0.018894,-0.0076799
0.071371,0.018456,-0.010333
0.079644,0.01807,-0.013335
0.088469,0.017733,-0.016669
0.092244,0.022432,-0.0090991
0.09608,0.027667,-0.0038742
0.099959,0.033448,-0.00080413
0.10387,0.039788,0.00026776
0.10778,0.046705,0.0010182
0.11168,0.054224,0.0034993
0.11556,0.062354,0.007618
0.11941,0.071103,0.013282
0.12323,0.080479,0.020404
0.12702,0.090489,0.028906
0.093163,0.076375,0.041136
0.06481,0.063828,0.056553
0.041759,0.052725,0.075206
0.023826,0.042945,0.09711
0.010852,0.034378,0.12223
0.0027137,0.026923,0.15054
-0.00065934,0.020499,0.18197
-0.0024478,0.015051,0.21645
-0.008876,0.010559,0.25385
-0.020188,0.0070303,0.29412
-0.021115,0.0050188,0.22939
-0.021938,0.0033979,0.1753
-0.022644,0.002136,0.13018
-0.023225,0.0012055,0.092934
-0.023674,0.00058216,0.062723
-0.023994,0.00024376,0.038935
-0.024191,7.8136e-05,0.021092
-0.024282,-0.00024145,0.0088232
-0.024292,-0.00073437,0.0018494
-0.024262,-0.0013974,-0.00010325
-0.017123,-0.00062075,-0.0021821
-0.011255,-0.00019581,-0.0070397
-0.0066243,-8.1108e-05,-0.014288
-0.0032024,-1.4266e-05,-0.023815
-0.00097498,0.00031315,-0.035764
5.4103e-05,0.00092186,-0.050437
0.00043539,0.0018458,-0.068136
0.0019415,0.0031261,-0.089097
0.0047276,0.0048063,-0.11344
0.0088232,0.0069303,-0.14122
0.0085947,0.0050308,-0.095498
0.00823,0.0035313,-0.061378
0.0077352,0.0023753,-0.036407
0.0071206,0.00151,-0.0189
0.0064025,0.00088627,-0.0076068
0.0056052,0.0004577,-0.0015664
0.0047661,0.00018178,3.7865e-05
0.0039387,4.6295e-05,0.0025081
0.0031911,3.9722e-05,0.0088676
0.0025686,-6.3487e-06,0.019388
0.0026932,5.338e-05,0.015312
0.0028323,5.7651e-05,0.011861
0.0029856,9.7788e-05,0.0089583
0.0031525,0.00021953,0.006539
0.0033317,0.00042838,0.0045503
0.0035213,0.00072758,0.0029505
0.0037186,0.0011176,0.001709
0.0039207,0.001596,0.00080656
0.0041246,0.0021579,0.00023417
0.0043273,0.0027969,-8.5424e-06
0.0026082,0.0014266,2.5155e-05
0.0013373,0.00054022,5.5632e-05
0.0004974,8.8358e-05,6.8847e-05
6.9088e-05,-1.3032e-05,5.8096e-05
-2.9063e-05,-0.0002477,3.0646e-05
-0.00037053,-0.000802,1.9686e-05
-0.0011154,-0.0017463,2.4265e-05
-0.0022844,-0.0031333,4.1483e-05
-0.0038953,-0.0050073,7.5847e-05
-0.0059638,-0.0074074,0.00013533
-0.0045104,-0.0084849,0.0002238
-0.0032627,-0.0096411,0.00035814
-0.002217,-0.010873,0.00054494
-0.0013713,-0.012177,0.00078806
-0.0007252,-0.013549,0.0010889
-0.00028006,-0.014984,0.001447
-3.8471e-05,-0.016477,0.0018611
2.1021e-05,-0.018023,0.0023293
0.00020357,-0.019618,0.0028493
0.00060409,-0.021258,0.0034202
0.0010936,-0.019176,0.001241
0.0017311,-0.017204,0.00017853
0.0025126,-0.01534,-7.496e-05
0.0034308,-0.013586,-0.00097954
0.0044851,-0.011942,-0.00277
0.0056784,-0.010405,-0.0054186
0.0070147,-0.008975,-0.0089146
0.0084994,-0.0076508,-0.013259
0.010138,-0.006432,-0.018456
0.011938,-0.0053185,-0.024514
0.012175,-0.0045051,-0.021286
0.012392,-0.0037381,-0.018544
0.01259,-0.0030248,-0.016201
0.012771,-0.0023724,-0.014188
0.012935,-0.0017874,-0.012451
0.013083,-0.0012761,-0.010945
0.013218,-0.00084407,-0.0096328
0.013341,-0.00049664,-0.0084856
0.013452,-0.00023841,-0.0074781
0.013554,-7.3468e-05,-0.0065896
0.013754,-0.00071958,-0.011276
0.013968,-0.0020431,-0.017276
0.014203,-0.0040424,-0.024637
0.014462,-0.0067149,-0.033393
0.014748,-0.010057,-0.043556
0.01506,-0.014063,-0.055117
0.015399,-0.018729,-0.068043
0.015766,-0.024049,-0.082288
0.016161,-0.030015,-0.097785
0.016582,-0.036622,-0.11447
0.017736,-0.0346,-0.079491
0.018885,-0.032816,-0.053251
0.020038,-0.031224,-0.033698
0.021202,-0.029786,-0.019464
0.022379,-0.028468,-0.0096032
0.023571,-0.027243,-0.0034557
0.024778,-0.026086,-0.00055707
0.026003,-0.024976,0.00013104
0.027274,-0.023903,0.0028315
0.028589,-0.022856,0.0080733
0.025841,-0.013583,0.0095657
0.023286,-0.0068918,0.010914
0.02091,-0.0025534,0.012105
0.018697,-0.00037518,0.013148
0.016632,0.00012384,0.014066
0.014701,0.0018823,0.014909
0.012889,0.0055586,0.015727
0.011188,0.01121,0.016567
0.0095927,0.01895,0.017464
0.0081014,0.028931,0.018435
0.012339,0.026948,0.016725
0.017477,0.02504,0.015248
0.023506,0.023213,0.013949
0.030416,0.021471,0.012794
0.038193,0.019816,0.011757
0.046824,0.018249,0.010824
0.056295,0.016769,0.0099831
0.066592,0.015373,0.009229
0.077702,0.01406,0.0085562
0.089613,0.012827,0.0079613
0.074852,0.008326,0.0075793
0.061431,0.0049198,0.0073855
0.049344,0.0024899,0.0073386
0.03859,0.00092474,0.0074122
0.029164,0.00011949,0.0075882
0.021063,-6.7603e-05,0.0078547
0.014284,-0.0004965,0.0081988
0.0088253,-0.0014128,0.0086125
0.0046835,-0.0027507,0.0090875
0.0018572,-0.0044731,0.0096109
0.0049078,-0.0047304,0.0073408
0.0094229,-0.0049798,0.0053224
0.015358,-0.0052127,0.0035613
0.022665,-0.0054236,0.0020857
0.031299,-0.0056097,0.00092909
0.041217,-0.0057696,0.00012124
0.052383,-0.0059028,-0.00031591
0.064762,-0.0060089,-0.00048768
0.078319,-0.0060846,-0.00097844
0.093028,-0.0061305,-0.0018647
0.07909,-0.005159,-0.0027262
0.066272,-0.0043581,-0.0039693
0.054577,-0.0037021,-0.0056351
0.044006,-0.0031683,-0.0077566
0.034562,-0.0027373,-0.010359
0.026245,-0.002392,-0.013464
0.019058,-0.0021171,-0.017085
0.013004,-0.0018989,-0.021233
0.0080829,-0.0017242,-0.025912
0.0042975,-0.0015796,-0.031123
0.0025701,-0.00026718,-0.028692
0.0012822,0.00018026,-0.026514
0.00041813,0.00055258,-0.024528
-3.3593e-05,0.0017594,-0.022679
-0.00013258,0.0038009,-0.020919
-0.00047747,0.0066864,-0.019213
-0.0012407,0.010434,-0.01754
-0.0024348,0.015064,-0.015893
-0.0040747,0.020602,-0.014274
-0.0061759,0.027069,-0.012692
-0.0056636,0.024662,-0.014157
-0.0051599,0.022383,-0.015721
-0.0046676,0.020229,-0.017386
-0.0041894,0.018197,-0.019151
-0.0037279,0.016285,-0.021018
-0.0032857,0.014491,-0.022987
-0.0028653,0.012812,-0.02506
-0.0024692,0.011246,-0.027237
-0.0020997,0.0097907,-0.029517
-0.0017589,0.0084446,-0.031902
-0.00056117,0.0101,-0.024926
-7.9231e-05,0.011907,-0.018611
0.00020869,0.013868,-0.013093
0.0011822,0.015989,-0.0084773
0.0028584,0.018277,-0.0048308
0.0052438,0.020741,-0.0021845
0.0083481,0.023389,-0.00054395
0.012183,0.026229,9.9851e-05
0.016764,0.029263,0.00046559
0.022107,0.032491,0.0017831
0.024095,0.02219,0.00043697
0.026095,0.013976,-4.7118e-06
0.028108,0.0077335,-0.00054398
0.030147,0.0033685,-0.0019501
0.032231,0.00081379,-0.0042165
0.034387,3.4563e-05,-0.0073379
0.036642,-0.00094176,-0.01132
0.039024,-0.0037437,-0.016165
0.041555,-0.0084397,-0.021865
0.044256,-0.015114,-0.028406
0.046547,-0.0081293,-0.028807
0.048766,-0.0032719,-0.029493
0.050958,-0.00053038,-0.030405
0.053173,0.00018692,-0.031494
0.055467,0.0016699,-0.03271
0.057896,0.0052667,-0.034019
0.060512,0.010986,-0.035399
0.063364,0.018842,-0.036836
0.066493,0.02885,-0.038322
0.069935,0.041028,-0.039856
0.075034,0.041756,-0.026963
0.080291,0.042468,-0.016771
0.085714,0.043175,-0.0090979
0.091316,0.043887,-0.0038018
0.097106,0.044612,-0.00076957
0.10309,0.045358,0.00011054
0.10929,0.046121,0.0013566
0.11571,0.046905,0.0046364
0.12236,0.047714,0.0098963
0.12924,0.048553,0.017091
0.12354,0.040072,0.008508
0.11825,0.032371,0.0031538
0.11331,0.025464,0.0005106
0.1087,0.019365,-8.4551e-05
0.10437,0.014089,-0.0019119
0.10028,0.0096458,-0.0056538
0.096411,0.0060409,-0.011178
0.092718,0.003279,-0.018385
0.089174,0.0013639,-0.027204
0.085748,0.00029803,-0.037576
0.075307,0.0021055,-0.029889
0.06547,0.0056835,-0.023299
0.056263,0.011028,-0.017674
0.047713,0.018135,-0.012918
0.039843,0.027005,-0.0089621
0.032672,0.037638,-0.0057602
0.026215,0.050038,-0.0032807
0.02048,0.064209,-0.0015044
0.01547,0.080157,-0.00042153
0.01118,0.097888,-2.7735e-05
0.010138,0.092512,0.0032428
0.0091853,0.087193,0.012913
0.008295,0.08198,0.028239
0.0074468,0.076913,0.048705
0.0066253,0.072026,0.073948
0.0058206,0.067341,0.1037
0.0050273,0.062876,0.13772
0.0042449,0.05864,0.17584
0.0034761,0.054639,0.21786
0.002727,0.050873,0.26361
0.0012331,0.052849,0.26483
0.00021475,0.054888,0.26635
-0.00032887,0.056988,0.26805
-0.00046597,0.059146,0.26989
-0.00089393,0.06136,0.27177
-0.0017957,0.063631,0.27367
-0.0031713,0.065955,0.27551
-0.0050204,0.068334,0.2773
-0.0073433,0.070764,0.27896
-0.01014,0.073246,0.28051
-0.0075992,0.074646,0.31564
-0.0054706,0.076076,0.34959
-0.0037532,0.077531,0.38215
-0.0024464,0.07901,0.41323
-0.0015498,0.080509,0.44275
-0.0010627,0.082025,0.47075
-0.00097513,0.083555,0.49721
-0.00076754,0.085099,0.52221
-0.00014675,0.086653,0.54573
0.00088755,0.088217,0.56787
0.0028963,0.084361,0.50936
0.0054874,0.080567,0.46459
0.0086645,0.076829,0.42902
0.01243,0.073148,0.39994
0.016784,0.069524,0.37554
0.021727,0.065963,0.35464
0.027259,0.062467,0.33641
0.033381,0.059041,0.32026
0.040093,0.05569,0.30575
0.047394,0.052418,0.29255
0.048765,0.048874,0.26944
0.050095,0.045368,0.25231
0.05139,0.04192,0.23964
0.052659,0.038549,0.23039
0.053905,0.03527,0.22385
0.055133,0.0321,0.21949
0.056346,0.029051,0.21694
0.057546,0.026136,0.21593
0.058737,0.023366,0.21624
0.059921,0.020752,0.21771
0.071329,0.036996,0.17876
0.083729,0.058654,0.14299
0.097154,0.085816,0.11065
0.11164,0.1186,0.081893
0.12721,0.15713,0.056924
0.1439,0.20154,0.035905
0.16173,0.25193,0.019026
0.18073,0.30841,0.0064546
0.20092,0.37105,-0.0016338
0.22231,0.43993,-0.0051016
0.19732,0.42107,-0.0043471
0.17392,0.40309,-0.0029698
0.15208,0.38591,-0.0012574
0.1318,0.36948,0.00067027
0.11303,0.35374,0.0027743
0.095772,0.33863,0.0050359
0.079994,0.32412,0.0074582
0.065683,0.31017,0.010038
0.05282,0.29674,0.012784
0.041392,0.2838,0.015694
0.03402,0.25564,0.018623
0.0273,0.22996,0.021421
0.021259,0.20654,0.024122
0.015923,0.18518,0.026742
0.011316,0.16571,0.029303
0.0074615,0.14795,0.031812
0.0043825,0.13176,0.034284
0.0021008,0.11701,0.036721
0.00063638,0.10357,0.039134
8.725e-06,0.091325,0.041522
0.0021093,0.096148,0.037979
0.0075839,0.10109,0.034931
0.016427,0.10614,0.032259
0.028633,0.11128,0.029883
0.044193,0.1165,0.027755
0.063099,0.12178,0.025841
0.08534,0.12712,0.024118
0.11091,0.13251,0.022569
0.1398,0.13796,0.02118
0.17201,0.14346,0.019935
0.16358,0.1393,0.016883
0.15546,0.13509,0.013852
0.14762,0.13084,0.01096
0.14007,0.12654,0.0082829
0.13279,0.12222,0.0058768
0.12578,0.11789,0.0037772
0.11903,0.11354,0.0020084
0.11253,0.1092,0.00058478
0.10628,0.10487,-0.00048427
0.10026,0.10055,-0.0011944
0.08681,0.10997,-0.00030903
0.074334,0.11983,0.00099652
0.062828,0.13012,0.0026335
0.052293,0.14085,0.0045399
0.042725,0.15202,0.0066719
0.034124,0.16362,0.0089976
0.026491,0.17565,0.011493
0.019824,0.18812,0.014139
0.014125,0.20101,0.016922
0.0093939,0.21434,0.019829
0.0079854,0.20916,0.02449
0.0067261,0.20405,0.02922
0.0056061,0.19901,0.034
0.0046173,0.19403,0.038818
0.0037513,0.18913,0.043663
0.0030009,0.18429,0.048531
0.0023588,0.17952,0.053415
0.0018187,0.17481,0.058313
0.0013743,0.17017,0.063219
0.00102,0.1656,0.068132
0.0019741,0.15101,0.067695
0.0032941,0.13726,0.069549
0.0049656,0.12431,0.07327
0.0069776,0.11212,0.078607
0.0093211,0.10067,0.085404
0.011991,0.08993,0.093572
0.014982,0.079887,0.10305
0.018294,0.07052,0.1138
0.021927,0.061815,0.12581
0.025885,0.053759,0.13907
0.024655,0.065754,0.11441
0.023453,0.079093,0.091896
0.022282,0.093787,0.071617
0.021145,0.10985,0.053655
0.020044,0.12729,0.038066
0.018982,0.14614,0.024892
0.017961,0.1664,0.014165
0.016982,0.1881,0.0059088
0.016046,0.21125,0.00014128
0.015156,0.23587,-0.0031272
0.019108,0.22435,-0.0034932
0.023467,0.21327,-0.0036578
0.028216,0.20258,-0.0047774
0.033345,0.19226,-0.0069986
0.038849,0.18228,-0.010411
0.044725,0.17263,-0.015083
0.050969,0.16329,-0.021064
0.057583,0.15424,-0.028395
0.064569,0.14546,-0.037104
0.07193,0.13695,-0.047216
0.066513,0.13612,-0.062048
0.061292,0.13535,-0.077759
0.056266,0.13462,-0.09416
0.051436,0.13395,-0.11114
0.046802,0.13332,-0.1286
0.042364,0.13273,-0.14649
0.038123,0.13219,-0.16477
0.034078,0.13168,-0.18343
0.03023,0.13121,-0.20241
0.02658,0.13077,-0.22173
0.019908,0.1255,-0.19298
0.014327,0.11984,-0.17051
0.0097436,0.11389,-0.15247
0.0060798,0.10773,-0.13768
0.0032634,0.10142,-0.12534
0.0012302,0.095023,-0.11489
-7.8545e-05,0.088579,-0.10593
-0.00071584,0.082137,-0.098172
-0.00082069,0.075738,-0.091391
-0.0012891,0.06942,-0.085411
-0.00066687,0.062893,-0.051947
-0.00027238,0.05702,-0.026923
-8.0716e-05,0.051708,-0.010229
6.0197e-05,0.046858,-0.0017414
0.00024556,0.042388,0.00033914
0.0005735,0.03833,0.0080514
0.0010649,0.034601,0.023708
0.0017278,0.031116,0.047314
0.0025755,0.027821,0.07889
0.0036242,0.024698,0.11848
0.0024147,0.025244,0.079881
0.0014565,0.026117,0.049833
0.00074362,0.027293,0.027368
0.00027186,0.028743,0.011813
3.8074e-05,0.030428,0.0026845
-3.7378e-05,0.032293,-0.00032112
-0.00027291,0.034217,-0.0032997
-0.00074055,0.036081,-0.012186
-0.0014387,0.037841,-0.026994
-0.0023654,0.039462,-0.047759
-0.00033006,0.045448,-0.025831
0.00040703,0.051611,-0.011091
0.0030451,0.058059,-0.0028155
0.0078601,0.064914,-0.00055407
0.01499,0.072355,0.0030627
0.024578,0.080519,0.012624
0.036748,0.089486,0.02813
0.051623,0.099319,0.049531
0.069328,0.11007,0.076704
0.08998,0.12177,0.10947
0.083022,0.12481,0.098068
0.076322,0.12787,0.088589
0.069882,0.13095,0.08052
0.063706,0.13404,0.073533
0.057797,0.13715,0.067374
0.052158,0.14027,0.061874
0.046793,0.14341,0.056897
0.041705,0.14656,0.052352
0.036897,0.14973,0.048164
0.032372,0.15291,0.044281
0.031276,0.14883,0.021453
0.030345,0.14477,0.007148
0.029549,0.14072,0.00026789
0.028855,0.13671,-0.0012734
0.02818,0.1327,-0.0070536
0.027501,0.12871,-0.018553
0.026808,0.12475,-0.035476
0.026092,0.12085,-0.057602
0.025346,0.117,-0.084753
0.024565,0.11322,-0.1168
0.017432,0.11628,-0.078811
0.011573,0.11918,-0.048753
0.0069447,0.12194,-0.02612
0.0035114,0.12461,-0.010601
0.001245,0.12721,-0.0019906
0.00012923,0.12977,0.00020698
-0.00013899,0.13233,0.0051342
-0.0013041,0.13492,0.016697
-0.0036244,0.13755,0.034867
-0.0071194,0.14024,0.059628
-0.0068202,0.13756,0.061931
-0.0065396,0.13503,0.063091
-0.0062768,0.13266,0.063245
-0.0060305,0.13043,0.062539
-0.0057995,0.12835,0.061104
-0.0055826,0.12642,0.059068
-0.0053788,0.12462,0.056539
-0.0051868,0.12296,0.053622
-0.005006,0.12144,0.050401
-0.0048352,0.12004,0.04696
-0.0025285,0.12602,0.063836
-0.00086267,0.1321,0.083087
0.00014889,0.13827,0.10464
0.00049975,0.14453,0.12844
0.00099556,0.15085,0.15441
0.0021906,0.15726,0.1825
0.004098,0.16373,0.21265
0.0067315,0.17028,0.2448
0.010104,0.17691,0.27889
0.014227,0.18361,0.31487
0.013375,0.16748,0.25827
0.012592,0.15231,0.2119
0.011866,0.13805,0.1731
0.01119,0.12467,0.14024
0.010557,0.11213,0.11221
0.0099626,0.10039,0.088275
0.0094032,0.089441,0.067898
0.0088758,0.079244,0.050685
0.0083777,0.069777,0.036343
0.0079066,0.061014,0.024635
0.0108,0.056536,0.018885
0.014155,0.052222,0.014106
0.017972,0.048075,0.010177
0.02225,0.044094,0.0069944
0.026991,0.040282,0.0044852
0.032194,0.036639,0.0025859
0.037858,0.033165,0.0012503
0.043983,0.029861,0.00043927
0.050568,0.026727,0.00012311
0.057614,0.023766,-3.3951e-05
0.054047,0.01932,-9.9475e-05
0.050609,0.01539,-0.00023241
0.047297,0.011955,-0.0004581
0.04411,0.0089928,-0.00080798
0.041046,0.0064853,-0.0013138
0.038104,0.0044134,-0.0020075
0.035283,0.0027594,-0.0029176
0.03258,0.0015069,-0.0040712
0.029995,0.00064114,-0.0054905
0.027524,0.00014878,-0.007196
0.025865,0.0010543,-0.0056734
0.024277,0.0027986,-0.0042788
0.022747,0.0053749,-0.0030445
0.021264,0.0087888,-0.0019959
0.01982,0.013057,-0.0011494
0.018409,0.018208,-0.00051576
0.017025,0.024275,-0.00010047
0.015667,0.031298,9.3697e-05
0.014335,0.03932,0.0001562
0.013029,0.048386,0.00041115
0.0099264,0.045677,0.00017519
0.0072094,0.042982,7.6804e-05
0.0048974,0.040311,2.5217e-05
0.00301,0.037671,-0.00011114
0.0015656,0.03507,-0.00031971
0.00058217,0.032517,-0.00058735
7.6531e-05,0.03002,-0.00090344
-4.6764e-05,0.027588,-0.0012605
-0.0005356,0.02523,-0.0016571
-0.00154,0.022956,-0.0020902
-0.0013055,0.025483,-0.0049271
-0.0010841,0.028145,-0.0089612
-0.00087453,0.030943,-0.014191
-0.00067547,0.033877,-0.020618
-0.00048544,0.036948,-0.028247
-0.00030285,0.040156,-0.037084
-0.00012625,0.043501,-0.047141
4.5917e-05,0.046985,-0.058433
0.00021497,0.050607,-0.070973
0.00038234,0.054368,-0.084783
0.00045889,0.058104,-0.072267
0.00043286,0.061954,-0.060717
0.00041874,0.065916,-0.050141
0.00052205,0.069994,-0.040553
0.00074397,0.074188,-0.031963
0.0010853,0.0785,-0.024381
0.001546,0.082931,-0.017814
0.0021258,0.087483,-0.012271
0.0028235,0.092158,-0.0077569
0.0036379,0.096957,-0.0042785
0.0021828,0.095738,-0.0050016
0.0011099,0.094552,-0.0057137
0.00041256,0.093398,-0.0064118
8.548e-05,0.092272,-0.007093
-3.8558e-06,0.091172,-0.0077572
-0.0003948,0.090094,-0.008407
-0.0011449,0.089036,-0.0090427
-0.0022519,0.087997,-0.0096634
-0.0037146,0.086973,-0.01027
-0.0055319,0.085963,-0.010861
-0.0023257,0.091061,-0.006812
-0.0004807,0.096254,-0.0039876
3.0065e-05,0.10158,-0.0021029
0.00089194,0.10707,-0.00094432
0.0031398,0.11276,-0.0003585
0.0067913,0.11868,-0.00021684
0.011866,0.12486,5.6959e-05
0.018389,0.13132,0.00065118
0.026392,0.13808,0.0015052
0.035906,0.14515,0.0025661
0.03471,0.13822,0.0023045
0.033553,0.13174,0.0023246
0.032434,0.12566,0.0025731
0.031352,0.11996,0.0030355
0.030303,0.11462,0.0037171
0.029288,0.10959,0.004633
0.028303,0.10486,0.0058024
0.027347,0.10041,0.0072456
0.026418,0.09622,0.0089819
0.025516,0.092261,0.01103
0.017961,0.092685,0.0052566
0.011748,0.09318,0.0015293
0.0068581,0.093737,-0.00021199
0.0032817,0.094343,-0.00075745
0.0010248,0.094973,-0.002921
8.1676e-05,0.095615,-0.0069488
-0.0002943,0.096254,-0.012828
-0.0018847,0.09688,-0.020557
-0.0047732,0.097483,-0.030128
-0.0089688,0.098054,-0.041536
-0.0065086,0.080999,-0.048579
-0.0044126,0.065266,-0.055104
-0.0026866,0.050963,-0.061091
-0.001336,0.038197,-0.066547
-0.00036626,0.027073,-0.071489
0.00021706,0.017696,-0.075955
0.00040965,0.010163,-0.079985
0.00063487,0.0045661,-0.083644
0.001254,0.0009769,-0.087001
0.0022687,-0.00055597,-0.09015
0.0023283,-0.00059153,-0.080514
0.0024075,-0.00085788,-0.071774
0.0025055,-0.0014269,-0.063801
0.0026211,-0.0022743,-0.056504
0.0027535,-0.0033816,-0.049806
0.0029015,-0.0047359,-0.043648
0.0030638,-0.0063298,-0.037984
0.0032389,-0.0081608,-0.032778
0.0034252,-0.010231,-0.027999
0.0036208,-0.012549,-0.023626
0.002252,-0.0097214,-0.025113
0.00122,-0.0072989,-0.026832
0.00052239,-0.0052619,-0.028765
0.00015709,-0.0035935,-0.030889
7.2646e-05,-0.0022802,-0.033183
-0.00021905,-0.0013129,-0.035622
-0.00084184,-0.00068695,-0.038183
-0.0017969,-0.00040255,-0.040841
-0.0030859,-0.00034117,-0.043578
-0.004711,1.51e-05,-0.046384
-0.0032039,-9.644e-05,-0.035093
-0.0019731,-0.00016423,-0.025745
-0.0010285,-0.00016856,-0.018131
-0.00038113,-0.00014374,-0.01207
-4.2908e-05,-0.00024438,-0.0074026
3.608e-05,-0.00050105,-0.0039792
0.00034808,-0.00093058,-0.0016605
0.0010021,-0.0015301,-0.00033794
0.0019896,-0.0022728,3.643e-05
0.0032966,-0.0031146,0.00073891
0.0024265,-0.0013738,0.00020895
0.0017083,-0.00033997,5.2818e-06
0.0011318,-1.2936e-06,-0.00012747
0.00068269,0.00033759,-0.00057573
0.0003452,0.001354,-0.0013499
0.00011639,0.0030591,-0.0024489
5.195e-06,0.0054674,-0.0038728
-3.3773e-05,0.0085927,-0.0056215
-0.00019684,0.012448,-0.0076955
-0.00050993,0.017044,-0.010094
-0.0010789,0.016216,-0.017386
-0.0018615,0.015365,-0.026713
-0.00286,0.014487,-0.038129
-0.0040765,0.013581,-0.051675
-0.0055128,0.01265,-0.067363
-0.0071707,0.011694,-0.085174
-0.0090514,0.010719,-0.10505
-0.011156,0.0097292,-0.1269
-0.013484,0.0087297,-0.15061
-0.016035,0.0077265,-0.17606
-0.012708,0.0083107,-0.16092
-0.0098167,0.0089212,-0.1463
-0.0073433,0.0095591,-0.13221
-0.0052695,0.010225,-0.11869
-0.0035783,0.01092,-0.10575
-0.0022532,0.011644,-0.093417
-0.0012788,0.012399,-0.081726
-0.00064094,0.013185,-0.070705
-0.0003263,0.014002,-0.060382
-0.0002041,0.014849,-0.050786
-0.00043869,0.017009,-0.064564
-0.0011985,0.019436,-0.080041
-0.0026524,0.022155,-0.097156
-0.0048504,0.025192,-0.11581
-0.0078421,0.02857,-0.13588
-0.011675,0.032313,-0.15724
-0.016395,0.036439,-0.17972
-0.022043,0.040966,-0.20319
-0.028661,0.045912,-0.22752
-0.036285,0.051289,-0.25259
-0.037843,0.049198,-0.22998
-0.039495,0.047063,-0.21172
-0.041231,0.044904,-0.19665
-0.043046,0.042737,-0.18401
-0.044936,0.040575,-0.17323
-0.046898,0.038426,-0.16393
-0.048929,0.0363,-0.15578
-0.051028,0.034202,-0.14858
-0.053192,0.032139,-0.14214
-0.055422,0.030115,-0.13634
-0.055735,0.031764,-0.11901
-0.056006,0.033397,-0.10394
-0.056241,0.035017,-0.090743
-0.056441,0.036629,-0.079105
-0.056609,0.038235,-0.068798
-0.056748,0.039838,-0.05963
-0.056862,0.041441,-0.051462
-0.056951,0.043044,-0.044168
-0.057018,0.044649,-0.037657
-0.057066,0.046258,-0.031845
-0.071479,0.063302,-0.023755
-0.08823,0.083472,-0.016723
-0.10753,0.10695,-0.010824
-0.12958,0.13392,-0.0061156
-0.15457,0.16452,-0.0026473
-0.18268,0.1989,-0.00045348
-0.21407,0.23716,0.00043999
-0.24888,0.27941,0.0010599
-0.2872,0.32571,0.0030213
-0.32916,0.37611,0.0063474
-0.32999,0.34943,0.0056899
-0.33105,0.32418,0.0054956
-0.33232,0.30028,0.0055525
-0.33379,0.27763,0.0057531
-0.33544,0.25619,0.0060369
-0.33727,0.23588,0.0063685
-0.33926,0.21666,0.0067247
-0.34141,0.19847,0.0070921
-0.34372,0.18128,0.0074603
-0.34616,0.16504,0.0078238
-0.30493,0.14372,0.0044021
-0.26703,0.1245,0.0022472
-0.23229,0.1072,0.0011612
-0.20055,0.091674,0.00077437
-0.17164,0.077768,-0.00027232
-0.14544,0.06536,-0.0021316
-0.1218,0.054339,-0.0047751
-0.10061,0.044602,-0.0081825
-0.081743,0.036055,-0.012339
-0.065095,0.028612,-0.017233
-0.069509,0.029503,-0.010214
-0.074071,0.030411,-0.0052704
-0.078767,0.031328,-0.0020492
-0.08358,0.032245,-0.00027534
-0.0885,0.033159,0.00027191
-0.093512,0.034065,0.00076766
-0.098607,0.034963,0.0021521
-0.10378,0.03585,0.0042964
-0.10903,0.036726,0.0070907
-0.11434,0.037592,0.010441
-0.09144,0.043831,0.0067563
-0.071271,0.050307,0.0043236
-0.053746,0.057005,0.0027041
-0.038785,0.06392,0.0016256
-0.026321,0.071059,0.00091465
-0.0163,0.078441,0.00045875
-0.0086841,0.086095,0.00018407
-0.003448,0.09406,4.1522e-05
-0.00058467,0.10238,-1.7964e-06
0.00011076,0.1111,-2.7184e-05
-0.00037053,0.10569,0.0018473
-0.0024068,0.10044,0.0079959
-0.0062184,0.095317,0.018078
-0.011804,0.090328,0.031825
-0.019154,0.085461,0.049047
-0.028254,0.080711,0.069597
-0.039084,0.076074,0.093338
-0.051623,0.071551,0.12014
-0.065847,0.06714,0.14987
-0.081734,0.062844,0.1824
-0.081913,0.077758,0.1583
-0.082071,0.094205,0.13578
-0.08222,0.11219,0.11483
-0.08237,0.13174,0.095512
-0.082531,0.15286,0.077829
-0.082711,0.17557,0.061826
-0.082917,0.1999,0.047539
-0.083156,0.22586,0.035008
-0.083431,0.25347,0.024279
-0.083747,0.28276,0.015395
-0.070483,0.29168,0.010955
-0.058444,0.30054,0.0079933
-0.047595,0.30934,0.0059788
-0.037908,0.31809,0.0045812
-0.029361,0.32681,0.0035964
-0.021932,0.33549,0.0028898
-0.015605,0.34415,0.0023761
-0.010366,0.35279,0.0019952
-0.0062051,0.36142,0.0017085
-0.0031108,0.37004,0.0014871
-0.0028125,0.34104,0.0028262
-0.0025131,0.31405,0.0046829
-0.0022198,0.28892,0.0071107
-0.0019389,0.26549,0.010155
-0.0016776,0.24365,0.013859
-0.0014421,0.22328,0.018263
-0.0012397,0.20428,0.023402
-0.0010765,0.18654,0.029309
-0.00095942,0.16999,0.036015
-0.00089437,0.15454,0.043547
-0.0027081,0.1473,0.051603
-0.0060211,0.14034,0.059361
-0.010833,0.13362,0.066806
-0.017141,0.12712,0.073941
-0.024945,0.12082,0.080772
-0.034244,0.1147,0.087317
-0.045037,0.10874,0.093581
-0.057323,0.10294,0.099583
-0.0711,0.09728,0.10532
-0.086366,0.091759,0.11082
-0.092333,0.10671,0.10066
-0.098485,0.12288,0.090834
-0.10482,0.14028,0.081363
-0.11133,0.15894,0.072261
-0.11802,0.17887,0.063543
-0.12489,0.20007,0.055225
-0.13192,0.22256,0.047323
-0.13913,0.24633,0.039853
-0.1465,0.27137,0.032834
-0.15404,0.2977,0.026283
-0.14753,0.27137,0.028052
-0.14102,0.24679,0.030161
-0.13452,0.22386,0.032545
-0.12804,0.20247,0.035154
-0.12161,0.18254,0.037958
-0.11523,0.164,0.040935
-0.10891,0.14676,0.044072
-0.10267,0.13076,0.047358
-0.096522,0.11594,0.050786
-0.090476,0.10224,0.054351
-0.10594,0.086988,0.046236
-0.12268,0.073099,0.039345
-0.14071,0.060499,0.033388
-0.16001,0.049136,0.028165
-0.18058,0.038972,0.023526
-0.20244,0.029986,0.019364
-0.22556,0.022166,0.015599
-0.24996,0.015509,0.012169
-0.27563,0.010021,0.0090283
-0.30257,0.0057116,0.0061413
-0.29925,0.0070204,0.01272
-0.29591,0.0084591,0.019578
-0.29252,0.010025,0.026507
-0.28911,0.011718,0.033394
-0.28566,0.013536,0.040181
-0.28217,0.015479,0.046845
-0.27866,0.017547,0.053379
-0.27511,0.019739,0.059786
-0.27154,0.022055,0.06607
-0.26794,0.024496,0.072238
-0.23827,0.026665,0.049171
-0.21126,0.028911,0.03123
-0.18667,0.031223,0.017573
-0.1643,0.033598,0.0076669
-0.14396,0.036032,0.0011548
-0.12549,0.038526,-0.0022055
-0.10874,0.041078,-0.002798
-0.093478,0.043638,-0.0047548
-0.079573,0.046187,-0.0095534
-0.066914,0.048729,-0.017134
-0.063759,0.050115,-0.0079204
-0.06055,0.051466,-0.0029535
-0.057315,0.052784,-0.001728
-0.054175,0.054147,0.0012555
-0.051181,0.055584,0.0079485
-0.048339,0.057095,0.018235
-0.045657,0.058678,0.032015
-0.043139,0.060334,0.049197
-0.040787,0.062062,0.069697
-0.038601,0.06386,0.093434
-0.038728,0.067254,0.097094
-0.038857,0.070742,0.10115
-0.038988,0.074324,0.10556
-0.039119,0.077999,0.11032
-0.03925,0.081767,0.1154
-0.039379,0.085626,0.12079
-0.039507,0.089574,0.12646
-0.039633,0.09361,0.13242
-0.039756,0.097731,0.13863
-0.039876,0.10194,0.1451
-0.047403,0.10252,0.14133
-0.05567,0.10313,0.13963
-0.064674,0.10376,0.13963
-0.074408,0.10442,0.1411
-0.084872,0.10511,0.14384
-0.096062,0.10582,0.14772
-0.10798,0.10655,0.15264
-0.12061,0.10729,0.15853
-0.13397,0.10806,0.16533
-0.14806,0.10885,0.17301
-0.14113,0.11664,0.13978
-0.13437,0.12477,0.10725
-0.1278,0.13325,0.077106
-0.12143,0.14213,0.0506
-0.11528,0.15141,0.028648
-0.10934,0.1611,0.011909
-0.10362,0.17122,0.00087439
-0.098133,0.18176,-0.0040993
-0.09282,0.19267,-0.0061069
-0.087575,0.20381,-0.014179
-0.096527,0.21059,-0.014007
-0.10591,0.2175,-0.013632
-0.11572,0.22451,-0.013101
-0.12596,0.23163,-0.012465
-0.13662,0.23884,-0.011763
-0.14771,0.24614,-0.011033
-0.15922,0.25352,-0.010304
-0.17116,0.26096,-0.0096021
-0.18351,0.26847,-0.0089474
-0.19629,0.27602,-0.0083577
-0.1829,0.26782,-0.0073222
-0.1701,0.26032,-0.006504
-0.15786,0.25344,-0.0058457
-0.14616,0.24714,-0.0053136
-0.135,0.24137,-0.0048858
-0.12435,0.23608,-0.0045491
-0.11421,0.23125,-0.0042943
-0.10456,0.22683,-0.0040975
-0.09539,0.22279,-0.0038733
-0.086695,0.2191,-0.003612
-0.073335,0.20442,-0.0037249
-0.061258,0.19043,-0.0050485
-0.050409,0.17709,-0.0076116
-0.040739,0.16438,-0.0112
-0.0322,0.15227,-0.015665
-0.02475,0.14074,-0.020905
-0.018348,0.12976,-0.026841
-0.012958,0.11932,-0.033418
-0.0085453,0.10938,-0.040591
-0.0050795,0.099935,-0.048327
-0.011115,0.10251,-0.064012
-0.019573,0.10514,-0.081289
-0.030538,0.10785,-0.099954
-0.044095,0.11063,-0.11981
-0.060331,0.1135,-0.14064
-0.079328,0.11645,-0.16226
-0.10116,0.11949,-0.18449
-0.12591,0.12261,-0.20719
-0.15363,0.12582,-0.2302
-0.18439,0.12911,-0.25342
-0.185,0.13831,-0.24715
-0.18564,0.14764,-0.24604
-0.18631,0.15711,-0.24871
-0.187,0.16675,-0.25428
-0.1877,0.17655,-0.2621
-0.18842,0.18653,-0.27174
-0.18914,0.19668,-0.28285
-0.18987,0.207,-0.2952
-0.19061,0.21749,-0.30861
-0.19136,0.22815,-0.32295
-0.18888,0.21234,-0.3147
-0.1865,0.19737,-0.30271
-0.18423,0.1832,-0.28827
-0.18206,0.16978,-0.27231
-0.18,0.15706,-0.25544
-0.17804,0.14502,-0.23811
-0.17618,0.13361,-0.22065
-0.17443,0.12282,-0.20327
-0.17277,0.11262,-0.18615
-0.17121,0.10297,-0.16942
-0.16384,0.099464,-0.12761
-0.15664,0.096044,-0.09676
-0.14958,0.092729,-0.073434
-0.14267,0.089528,-0.05548
-0.13589,0.08644,-0.041516
-0.12924,0.083465,-0.030586
-0.12274,0.0806,-0.022038
-0.11636,0.07784,-0.015384
-0.11013,0.075182,-0.010274
-0.10404,0.072622,-0.0064306
-0.11015,0.072205,-0.0061337
-0.11645,0.071791,-0.0055326
-0.12294,0.071378,-0.0047145
-0.12962,0.070966,-0.0037622
-0.13648,0.070553,-0.0027629
-0.14354,0.07014,-0.0017938
-0.15078,0.069724,-0.00092792
-0.1582,0.069306,-0.00022696
-0.16582,0.068885,0.00025383
-0.17362,0.068462,0.00046817
-0.15074,0.084799,-0.0015373
-0.12966,0.10288,-0.0062341
-0.11029,0.1227,-0.013127
-0.092509,0.14428,-0.021874
-0.076277,0.16762,-0.032232
-0.061556,0.19272,-0.044012
-0.04834,0.21957,-0.057066
-0.036641,0.24819,-0.071265
-0.026487,0.27857,-0.086499
-0.017919,0.31071,-0.10267
-0.025719,0.30851,-0.080882
-0.034997,0.30593,-0.063405
-0.045742,0.30303,-0.049177
-0.057946,0.29988,-0.037503
-0.071606,0.2965,-0.027911
-0.086716,0.29295,-0.020077
-0.10328,0.28924,-0.013776
-0.12128,0.2854,-0.0088494
-0.14073,0.28146,-0.0051853
-0.16162,0.27742,-0.0027036
-0.15258,0.27318,-0.0012796
-0.14394,0.26941,-0.00095344
-0.13568,0.26608,6.8207e-05
-0.12778,0.26315,0.0020188
-0.12021,0.26058,0.0047892
-0.11297,0.25836,0.0082998
-0.10604,0.25644,0.012489
-0.099409,0.25482,0.01731
-0.093063,0.25346,0.022723
-0.086991,0.25235,0.028696
-0.092206,0.24709,0.014571
-0.097581,0.24187,0.0054716
-0.10312,0.23671,0.00052805
-0.10882,0.23159,-0.00087255
-0.11467,0.22651,-0.0027012
-0.12065,0.22147,-0.0074093
-0.12677,0.21646,-0.014781
-0.13302,0.21149,-0.024656
-0.1394,0.20657,-0.036906
-0.1459,0.20168,-0.051433
-0.12134,0.22346,-0.066897
-0.09901,0.2463,-0.084195
-0.078885,0.2702,-0.10326
-0.060954,0.29516,-0.12404
-0.045214,0.32121,-0.14647
-0.031668,0.34834,-0.1705
-0.020325,0.37656,-0.19605
-0.011197,0.40587,-0.22308
-0.0043039,0.43627,-0.25149
0.00033734,0.46777,-0.28126
-0.0027313,0.43606,-0.20579
-0.0065691,0.40629,-0.14918
-0.011205,0.37826,-0.1057
-0.016651,0.35181,-0.0721
-0.022911,0.32681,-0.046372
-0.029987,0.30316,-0.02722
-0.037877,0.28074,-0.013758
-0.046581,0.25948,-0.0053512
-0.056097,0.23929,-0.0015356
-0.066441,0.22011,-0.00059773
-0.068807,0.1948,-0.00035068
-0.071221,0.17112,0.00013709
-0.073684,0.14907,0.0009142
-0.076196,0.12862,0.0020338
-0.078759,0.10974,0.0035401
-0.081372,0.092419,0.0054713
-0.084036,0.076637,0.0078545
-0.086751,0.062376,0.010714
-0.089517,0.049619,0.014064
-0.092333,0.038352,0.017922
-0.073678,0.050501,0.008018
-0.057185,0.064073,0.001932
-0.042821,0.079085,-0.00070198
-0.030547,0.09559,-0.0015109
-0.020295,0.11366,-0.0050593
-0.012061,0.13342,-0.01158
-0.0058538,0.15498,-0.020968
-0.0016896,0.17849,-0.033128
0.00040994,0.20405,-0.047963
0.0011727,0.23177,-0.065363
0.00067828,0.25263,-0.050148
0.00044797,0.27438,-0.037969
0.00015968,0.29703,-0.028258
-0.00033374,0.32058,-0.020592
-0.0010336,0.34503,-0.01465
-0.001939,0.37039,-0.010183
-0.0030497,0.39666,-0.0070011
-0.0043636,0.42383,-0.0049572
-0.0058797,0.45191,-0.0039365
-0.0075954,0.48087,-0.0038505
-0.0065159,0.47146,-0.0027471
-0.0055521,0.46222,-0.00016526
-0.0046911,0.45315,0.0031259
-0.0039226,0.44424,0.0066957
-0.0032411,0.43547,0.010298
-0.0026406,0.42684,0.013788
-0.0021177,0.41835,0.017078
-0.0016678,0.40998,0.020115
-0.0012886,0.40174,0.022863
-0.00097635,0.39362,0.025304
-0.0030069,0.40511,0.016613
-0.0064995,0.41695,0.011531
-0.011438,0.42908,0.0086125
-0.017812,0.44149,0.0070708
-0.025621,0.45417,0.0064818
-0.034862,0.46709,0.0066236
-0.045537,0.48026,0.0073899
-0.057645,0.49368,0.0087385
-0.07119,0.50734,0.010667
-0.086173,0.52125,0.013195
-0.073387,0.44109,0.010515
-0.061805,0.36984,0.0072144
-0.05138,0.30681,0.0040113
-0.042062,0.25133,0.0013013
-0.033806,0.20283,-0.0007003
-0.026565,0.16078,-0.0018801
-0.020297,0.1247,-0.0021803
-0.014956,0.094126,-0.0019161
-0.010491,0.068611,-0.0025409
-0.0068625,0.047749,-0.0042137
-0.0069196,0.041692,-0.0072399
-0.0069674,0.035981,-0.011215
-0.0070074,0.030625,-0.016098
-0.0070409,0.025636,-0.021859
-0.0070695,0.021023,-0.028473
-0.0070947,0.016793,-0.035923
-0.0071182,0.012952,-0.044192
-0.0071414,0.0095073,-0.053274
-0.0071662,0.0064603,-0.063153
-0.0071939,0.0038131,-0.073828
-0.012626,0.0076838,-0.090457
-0.019767,0.012799,-0.1088
-0.028731,0.019198,-0.12879
-0.03963,0.026919,-0.15034
-0.052564,0.035996,-0.17336
-0.067628,0.046461,-0.19779
-0.084907,0.058343,-0.22355
-0.10448,0.071665,-0.25061
-0.12642,0.086447,-0.27889
-0.15079,0.10271,-0.30839
-0.14305,0.098068,-0.2764
-0.13553,0.093306,-0.2488
-0.12824,0.088469,-0.22442
-0.12117,0.083597,-0.20259
-0.11432,0.078719,-0.18277
-0.10768,0.073861,-0.16466
-0.10126,0.069044,-0.14799
-0.095061,0.064287,-0.13261
-0.08907,0.059606,-0.11837
-0.08329,0.055019,-0.10519
-0.079755,0.062508,-0.098385
-0.076317,0.070384,-0.0925
-0.072967,0.078649,-0.087375
-0.069701,0.08731,-0.082869
-0.066513,0.096368,-0.078886
-0.063399,0.10583,-0.075336
-0.060358,0.11569,-0.07216
-0.057386,0.12595,-0.069299
-0.054482,0.13662,-0.066717
-0.051644,0.14769,-0.064371
-0.044395,0.17054,-0.056619
-0.037672,0.19499,-0.049566
-0.031476,0.22108,-0.043199
-0.02581,0.24884,-0.037499
-0.020682,0.27829,-0.032458
-0.016096,0.30946,-0.028061
-0.012063,0.34238,-0.024302
-0.0085904,0.37706,-0.021169
-0.0056901,0.41351,-0.018656
-0.0033712,0.45174,-0.016751
-0.0049285,0.41292,-0.016194
-0.0068008,0.37686,-0.015257
-0.0089987,0.34335,-0.014067
-0.011531,0.31221,-0.012727
-0.014406,0.28326,-0.011319
-0.017633,0.25635,-0.0099019
-0.02122,0.23134,-0.0085225
-0.025172,0.20811,-0.0072137
-0.029498,0.18655,-0.0060022
-0.034203,0.16655,-0.0049073
-0.024763,0.14475,-0.0041198
-0.016899,0.12547,-0.0034312
-0.010576,0.10843,-0.002833
-0.0057578,0.093398,-0.0023177
-0.002412,0.080156,-0.0018805
-0.00050657,0.068506,-0.0015168
1.701e-05,0.05826,-0.0012236
0.00090767,0.049245,-0.001004
0.0031619,0.041301,-0.00081896
0.0067644,0.034278,-0.00061443
0.008179,0.033041,-0.00052462
0.0097281,0.031823,-0.00043507
0.011412,0.030626,-0.00035165
0.01323,0.02945,-0.0002779
0.015184,0.028297,-0.00021638
0.017273,0.027167,-0.00016795
0.019497,0.026061,-0.0001332
0.021858,0.024979,-0.00011154
0.024355,0.023923,-0.00010242
0.026989,0.022892,-0.00010444
0.022171,0.026122,0.00027284
0.017807,0.029523,0.00077378
0.01391,0.033102,0.001386
0.01049,0.036868,0.0021008
0.0075529,0.040833,0.0029115
0.0051035,0.045011,0.0038138
0.0031412,0.049419,0.004804
0.001663,0.054075,0.0058797
0.00066268,0.058995,0.0070385
0.00013178,0.064199,0.0082784
0.0004709,0.063568,0.0027812
0.0010686,0.062988,-5.3106e-05
0.00192,0.062446,-0.0007481
0.0030172,0.061906,-0.0018762
0.0043592,0.061355,-0.0045951
0.0059517,0.060795,-0.0087125
0.0078012,0.060227,-0.014076
0.0099157,0.059654,-0.020558
0.012303,0.059076,-0.028048
0.014974,0.058497,-0.036448
0.015242,0.043967,-0.028493
0.015585,0.031556,-0.021365
0.016003,0.021239,-0.015126
0.016497,0.012988,-0.0098522
0.017066,0.006777,-0.0056235
0.017706,0.0025804,-0.0025265
0.018403,0.00037443,-0.00064622
0.019138,-0.00014455,-4.9382e-05
0.019887,-0.0018824,0.0006818
0.020625,-0.0055992,0.0027452
0.021677,-0.0018828,6.9087e-05
0.02281,-0.00014084,-0.001018
0.023969,0.00038873,-0.0053914
0.02511,0.0026399,-0.013277
0.026194,0.0068655,-0.024609
0.027198,0.013032,-0.03929
0.02811,0.021104,-0.057204
0.028924,0.03105,-0.078247
0.029639,0.042844,-0.10232
0.030257,0.056463,-0.12937
0.026467,0.070897,-0.10591
0.022931,0.086872,-0.086495
0.019643,0.10445,-0.070206
0.0166,0.12371,-0.056421
0.013801,0.14474,-0.044693
0.011247,0.16761,-0.034706
0.0089414,0.19241,-0.026212
0.0068876,0.21922,-0.019025
0.0050903,0.24811,-0.012989
0.0035557,0.27914,-0.0079793
0.0029139,0.24578,0.00095667
0.0023443,0.21497,0.0027597
0.0018604,0.18647,0.0093158
0.0014576,0.16018,0.022098
0.0011275,0.13599,0.040418
0.00086354,0.11382,0.063784
0.00065982,0.093613,0.091843
0.00051205,0.075305,0.12436
0.0004166,0.058849,0.16116
0.00037137,0.044214,0.20214
0.00011942,0.047334,0.19174
-0.00086471,0.050517,0.18167
-0.0027022,0.053765,0.17186
-0.0053884,0.05708,0.16231
-0.0089222,0.060464,0.15298
-0.013305,0.063921,0.14387
-0.018542,0.067454,0.13495
-0.024639,0.071069,0.12624
-0.031607,0.07477,0.11774
-0.039455,0.078562,0.10943
-0.038688,0.088651,0.08815
-0.037921,0.099315,0.070406
-0.037157,0.11055,0.055556
-0.036395,0.12236,0.043133
-0.035636,0.13472,0.032792
-0.034881,0.14765,0.024267
-0.03413,0.16113,0.017358
-0.033383,0.17516,0.011899
-0.03264,0.18974,0.0077675
-0.031902,0.20486,0.0048565
-0.027534,0.17609,0.007559
-0.023539,0.14984,0.011448
-0.019903,0.12599,0.016551
-0.016611,0.10446,0.022888
-0.013651,0.085155,0.030486
-0.011011,0.067982,0.039365
-0.0086773,0.052866,0.049544
-0.00664,0.039732,0.061035
-0.0048887,0.028512,0.073847
-0.0034147,0.019147,0.087981
-0.0020747,0.013393,0.080068
-0.0010724,0.0088526,0.072198
-0.00040193,0.0053845,0.06447
-5.791e-05,0.0028582,0.056971
2.187e-05,0.0011558,0.049766
0.00031347,0.00017275,0.042915
0.00091965,-0.00017987,0.036469
0.0018377,-0.00032461,0.030469
0.0030662,-0.00097795,0.024952
0.0046054,-0.002144,0.019951
0.0039455,-0.00032282,0.025619
0.0033339,0.00012566,0.031919
0.0027968,0.0019749,0.038935
0.0023454,0.0057132,0.046725
0.0019785,0.011392,0.055317
0.0016883,0.019068,0.064705
0.0014643,0.028802,0.074852
0.0012965,0.040651,0.085704
0.0011761,0.05467,0.097193
0.0010964,0.070909,0.10925
0.00012781,0.065919,0.11871
-0.0001384,0.061075,0.12868
-0.00066504,0.056391,0.13914
-0.0019249,0.051879,0.15008
-0.0039179,0.047549,0.16145
-0.0066437,0.04341,0.17327
-0.010102,0.039468,0.18548
-0.014293,0.035729,0.19809
-0.019216,0.032195,0.21106
-0.02487,0.028869,0.22439
-0.019513,0.036112,0.24455
-0.014822,0.044161,0.26445
-0.010799,0.053014,0.28401
-0.0074448,0.062669,0.30322
-0.0047602,0.073126,0.32202
-0.0027468,0.084384,0.3404
-0.0014058,0.096442,0.35832
-0.00073844,0.1093,0.37579
-0.00061262,0.12296,0.39277
-1.9248e-05,0.13741,0.40928
-0.00012125,0.11068,0.36987
-0.00021012,0.087117,0.33334
-0.00028336,0.066616,0.29922
-0.00033833,0.049072,0.26724
-0.00037267,0.034389,0.23724
-0.00038399,0.022474,0.2091
-0.00037012,0.013237,0.18276
-0.00033345,0.0065942,0.15817
-0.00031899,0.0024621,0.13531
-0.00034006,0.00076362,0.11414
-0.00049081,0.001046,0.10915
-0.00071573,0.0016345,0.10426
-0.0010134,0.0025245,0.099472
-0.0013828,0.0037124,0.094773
-0.0018236,0.0051962,0.090166
-0.0023357,0.0069747,0.085631
-0.0029195,0.0090483,0.081176
-0.003576,0.011418,0.076784
-0.0043062,0.014086,0.072465
-0.0051119,0.017056,0.068204
-0.0046121,0.021242,0.070118
-0.0041319,0.025928,0.072237
-0.0036723,0.031127,0.074567
-0.0032347,0.036849,0.077101
-0.0028205,0.043106,0.079854
-0.0024313,0.049909,0.082827
-0.0020692,0.05727,0.086037
-0.0017359,0.065198,0.089487
-0.0014335,0.073703,0.093194
-0.0011639,0.082795,0.097163
-0.0010551,0.084832,0.1333
-0.00097286,0.086914,0.17416
-0.00092406,0.089039,0.21939
-0.00091536,0.091202,0.26861
-0.0009547,0.0934,0.32148
-0.0010471,0.095631,0.37772
-0.0011938,0.097893,0.43706
-0.0013058,0.10018,0.49933
-0.0013532,0.1025,0.56433
-0.0013278,0.10485,0.63201
-0.00014256,0.10387,0.49338
0.0013584,0.10308,0.38516
0.0031719,0.10243,0.29846
0.0052903,0.10186,0.22805
0.0077046,0.10138,0.17056
0.010407,0.10095,0.1237
0.013392,0.10057,0.085869
0.016654,0.10023,0.055888
0.020195,0.099935,0.032904
0.024015,0.099673,0.016253
0.025266,0.10174,0.021596
0.026565,0.10383,0.02693
0.027915,0.10595,0.032119
0.029313,0.1081,0.037048
0.030761,0.11027,0.041664
0.032257,0.11246,0.045917
0.0338,0.11466,0.049802
0.03539,0.11688,0.053307
0.037026,0.11911,0.056454
0.038706,0.12135,0.059249
0.040171,0.10159,0.041176
0.041693,0.084266,0.027966
0.04327,0.069124,0.018296
0.044901,0.055931,0.011284
0.046587,0.044494,0.00633
0.048325,0.034644,0.0030048
0.050113,0.026238,0.0010031
0.05195,0.019155,9.797e-05
0.053833,0.01329,-8.2658e-05
0.055762,0.0085558,-0.00085822
0.054211,0.0083202,-0.0004952
0.052728,0.0080793,-0.00021634
0.051309,0.0078341,-3.4687e-05
0.049953,0.007585,3.6424e-05
0.048654,0.0073332,8.4455e-05
0.047409,0.0070803,0.00026596
0.046215,0.006827,0.00059436
0.045068,0.0065739,0.0010802
0.043966,0.0063217,0.0017343
0.042905,0.0060711,0.0025661
0.038654,0.0075458,0.0015007
0.034707,0.0091923,0.00069599
0.03104,0.011012,0.00017713
0.02763,0.013006,-3.6845e-05
0.024457,0.015174,-0.00017914
0.021504,0.017512,-0.00064751
0.018756,0.020021,-0.0014556
0.0162,0.0227,-0.0026101
0.013828,0.025546,-0.0041159
0.011634,0.028558,-0.0059772
0.011258,0.020996,-0.0039281
0.010858,0.014798,-0.002442
0.010438,0.0098421,-0.0013925
0.0099994,0.0060129,-0.00068633
0.0095455,0.0032042,-0.00025301
0.0090806,0.0013194,-3.9623e-05
0.0086094,0.00027505,9.6106e-06
0.0081383,-7.235e-06,0.00013334
0.0076742,-0.00047706,0.00039519
0.0072242,-0.0016796,0.00079488
0.0077488,-0.0004386,-1.6744e-05
0.0082787,-7.8705e-06,-0.0013835
0.0088337,0.00032851,-0.0049017
0.0094329,0.0015026,-0.010491
0.010089,0.0036404,-0.018027
0.010812,0.0068924,-0.027393
0.011605,0.011418,-0.038506
0.012474,0.017381,-0.051318
0.013421,0.02494,-0.065815
0.014449,0.034252,-0.082013
0.014154,0.033389,-0.064419
0.013889,0.032642,-0.048843
0.013651,0.032001,-0.035352
0.013439,0.031456,-0.024
0.013247,0.030995,-0.014824
0.013074,0.030606,-0.0078487
0.012915,0.030275,-0.0030908
0.012766,0.029988,-0.00056044
0.012623,0.029731,3.9348e-05
0.012487,0.029498,0.001982
0.013767,0.019019,0.0022375
0.015097,0.010785,0.0025236
0.016477,0.0048472,0.0028367
0.017909,0.0012459,0.0031737
0.019395,9.8693e-06,0.0035297
0.020941,-0.0011288,0.0039065
0.022552,-0.0046309,0.0043046
0.024236,-0.010471,0.0047188
0.025994,-0.018614,0.0051437
0.027829,-0.029022,0.0055765
0.028711,-0.014595,0.0039853
0.029761,-0.005136,0.002646
0.03095,-0.00052023,0.0015681
0.032225,0.00066728,0.00075834
0.033516,0.0055539,0.00020814
0.034751,0.015231,-7.9748e-05
0.035881,0.029792,-0.00018156
0.036873,0.049349,-0.00050838
0.037711,0.074023,-0.0011239
0.03839,0.10393,-0.0020355
0.034017,0.083361,-0.00022793
0.029984,0.065232,0.0012969
0.02628,0.049474,0.0055094
0.022887,0.036013,0.012023
0.019789,0.02478,0.020558
0.016965,0.015709,0.030914
0.0144,0.0087427,0.042962
0.012077,0.0038348,0.056638
0.0099793,0.00095534,0.071931
0.0080981,8.5101e-05,0.088868
0.007729,0.00030616,0.079462
0.0073335,0.0011317,0.071011
0.00692,0.0025794,0.06335
0.0064975,0.004655,0.056366
0.0060743,0.007362,0.049958
0.0056587,0.010701,0.044058
0.0052576,0.014671,0.038609
0.0048768,0.019267,0.033571
0.0045208,0.024485,0.028916
0.0041924,0.030317,0.024625
0.0062061,0.031543,0.03384
0.0086416,0.032813,0.044463
0.011512,0.034129,0.05647
0.01483,0.035492,0.069834
0.018609,0.036903,0.084528
0.022861,0.038364,0.10053
0.027596,0.039876,0.11781
0.032826,0.041438,0.13635
0.038562,0.043052,0.15613
0.044812,0.044717,0.17713
0.03748,0.032676,0.14192
0.031,0.022448,0.11269
0.025311,0.01408,0.088281
0.020353,0.0076155,0.067896
0.016073,0.0030953,0.050939
0.012418,0.0005566,0.036966
0.0093332,-8.2479e-05,0.02562
0.0067646,-0.0015901,0.016602
0.0046552,-0.0051658,0.0096684
0.0029531,-0.010816,0.0046336
0.0015364,-0.0081661,0.012709
0.00063176,-0.0058896,0.024616
0.00024194,-0.0040116,0.040446
0.00021592,-0.0025358,0.06037
-0.00017374,-0.0014492,0.084548
-0.0010156,-0.00073057,0.11306
-0.0023,-0.00035635,0.14589
-0.0040184,-0.0003018,0.18295
-0.0061634,-0.00021722,0.22407
-0.0087286,0.0001275,0.26907
-0.014052,0.0063377,0.2182
-0.02024,0.018953,0.17507
-0.027362,0.037937,0.13797
-0.035531,0.063451,0.10591
-0.044891,0.095799,0.078377
-0.055597,0.13537,0.055144
-0.067801,0.18257,0.036144
-0.081646,0.23781,0.021351
-0.097266,0.30147,0.010748
-0.11478,0.37389,0.0042793
-0.10715,0.31602,0.008225
-0.099925,0.26348,0.013151
-0.093096,0.21612,0.018821
-0.086636,0.17377,0.025142
-0.080525,0.13632,0.032091
-0.074744,0.10363,0.039659
-0.069274,0.075594,0.047855
-0.064096,0.052099,0.056682
-0.059192,0.03305,0.066145
-0.054542,0.018357,0.076248
-0.045785,0.017253,0.076131
-0.037824,0.016274,0.077074
-0.030644,0.015402,0.078911
-0.024234,0.014624,0.081524
-0.018581,0.013927,0.084823
-0.013674,0.013298,0.088744
-0.009504,0.012725,0.093231
-0.0060636,0.012197,0.098244
-0.0033469,0.011705,0.10375
-0.00135,0.011238,0.10971
-0.0024574,0.013175,0.088021
-0.0037502,0.015159,0.068493
-0.0052196,0.017183,0.051254
-0.0068597,0.019247,0.036411
-0.0086685,0.021357,0.024043
-0.010648,0.023526,0.014205
-0.012805,0.025773,0.0069407
-0.015149,0.028122,0.0022771
-0.017693,0.030601,0.00023514
-0.020459,0.033241,-0.00053855
-0.023718,0.042984,0.00019389
-0.027375,0.054315,0.0014448
-0.03146,0.067353,0.0045871
-0.036008,0.082212,0.009611
-0.041053,0.099,0.016493
-0.046623,0.11782,0.025192
-0.052748,0.13875,0.035661
-0.059453,0.16188,0.047839
-0.066761,0.18728,0.061671
-0.074692,0.21501,0.077099
-0.063592,0.21316,0.078138
-0.0535,0.21136,0.0767
-0.044382,0.20961,0.073351
-0.036208,0.20791,0.068586
-0.028944,0.20625,0.062818
-0.022559,0.20463,0.056393
-0.017025,0.20304,0.049598
-0.012314,0.20149,0.042673
-0.0083979,0.19997,0.03582
-0.0052539,0.19847,0.029214
-0.0043802,0.16882,0.038273
-0.0036456,0.14198,0.050377
-0.0030267,0.1178,0.065695
-0.0025029,0.096138,0.084366
-0.0020566,0.076872,0.10649
-0.0016723,0.059895,0.13214
-0.0013379,0.045118,0.16132
-0.0010435,0.032475,0.19405
-0.00078256,0.021919,0.23028
-0.00055179,0.01343,0.26998
-0.00068133,0.014414,0.19929
-0.00078232,0.015444,0.14151
-0.00086003,0.016526,0.095047
-0.00091895,0.017663,0.058749
-0.00096319,0.01886,0.031718
-0.00099664,0.020117,0.013253
-0.0010234,0.021434,0.0028191
-0.0010478,0.022807,-8.4009e-05
-0.0010707,0.02422,-0.0048113
-0.0010897,0.025658,-0.017043
-0.00049912,0.03103,-0.008692
-0.00013629,0.036919,-0.0032077
5.0825e-07,0.043369,-0.00045106
8.7622e-05,0.050425,0.0001965
0.00038621,0.05814,0.0026973
0.00089022,0.066561,0.0077977
0.0015905,0.075727,0.015457
0.0024781,0.085674,0.025609
0.0035443,0.096433,0.038161
0.0047813,0.10803,0.052998
0.0037419,0.10596,0.048527
0.0028421,0.1039,0.044554
0.0020747,0.10185,0.040991
0.0014334,0.099814,0.03777
0.00091211,0.097792,0.034835
0.0005054,0.095783,0.032146
0.00020795,0.093788,0.029668
1.5119e-05,0.091807,0.027374
-7.7814e-05,0.089841,0.025243
-9.7807e-05,0.087889,0.023255
0.00031102,0.10509,0.011115
0.0016757,0.12385,0.0033104
0.004038,0.14414,-0.00036682
0.0074277,0.16596,-0.0015096
0.011896,0.18928,-0.0058867
0.017473,0.21407,-0.013946
0.024187,0.24034,-0.025508
0.032064,0.26809,-0.040393
0.041129,0.2973,-0.058413
0.051404,0.32797,-0.079399
0.040286,0.28337,-0.080466
0.030574,0.24285,-0.082852
0.022253,0.20617,-0.086076
0.015308,0.17311,-0.089865
0.0097231,0.14345,-0.09403
0.0054861,0.11701,-0.098463
0.002583,0.093613,-0.10308
0.0010013,0.073102,-0.10783
0.00063981,0.055328,-0.11268
-0.00030811,0.040154,-0.11762
-0.0014064,0.042933,-0.087607
-0.0027361,0.045659,-0.062747
-0.0042863,0.048343,-0.042516
-0.0060514,0.050999,-0.026543
-0.0080307,0.053642,-0.014556
-0.010229,0.056289,-0.0063596
-0.012656,0.058956,-0.0018134
-0.015326,0.061663,-0.00068029
-0.018286,0.064472,0.0016706
-0.021568,0.067427,0.0074383
-0.024322,0.0652,-6.7e-05
-0.02728,0.062998,-0.0019171
-0.03037,0.060747,-0.0091877
-0.03359,0.058469,-0.023144
-0.036944,0.056195,-0.043509
-0.040439,0.053948,-0.070065
-0.044079,0.051737,-0.10262
-0.047868,0.049568,-0.14097
-0.05181,0.047438,-0.18492
-0.055906,0.045344,-0.23426
-0.050685,0.053648,-0.2108
-0.045755,0.06231,-0.19122
-0.041106,0.071339,-0.17454
-0.036726,0.080739,-0.16013
-0.032605,0.09052,-0.14749
-0.028739,0.10069,-0.13629
-0.02512,0.11126,-0.12627
-0.021744,0.12223,-0.11722
-0.018608,0.13362,-0.10899
-0.015711,0.14543,-0.10147
-0.015848,0.17435,-0.067809
-0.015932,0.20573,-0.041709
-0.015966,0.23963,-0.022803
-0.015952,0.27612,-0.010815
-0.015891,0.31524,-0.0055331
-0.015799,0.35707,-0.0045641
-0.015742,0.4018,0.0015822
-0.015724,0.44946,0.013851
-0.015744,0.50005,0.032113
-0.015799,0.5536,0.056256
-0.019593,0.51618,0.053555
-0.023849,0.48095,0.050822
-0.028578,0.44773,0.048002
-0.033789,0.41639,0.045093
-0.039488,0.38679,0.042093
-0.045684,0.35883,0.039026
-0.052385,0.33239,0.035909
-0.059595,0.30738,0.032771
-0.067321,0.28373,0.029635
-0.075568,0.26135,0.02653
-0.070562,0.25479,0.030168
-0.065679,0.24868,0.034102
-0.060928,0.24298,0.038303
-0.056315,0.23766,0.042752
-0.051848,0.2327,0.047426
-0.047533,0.22806,0.052313
-0.043377,0.22373,0.057398
-0.039385,0.21968,0.062672
-0.035565,0.21589,0.068122
-0.03192,0.21234,0.073744
-0.028968,0.18822,0.058153
-0.026145,0.16593,0.045095
-0.023455,0.1454,0.034135
-0.020896,0.12653,0.024984
-0.018471,0.10925,0.017432
-0.016182,0.093487,0.01133
-0.014031,0.079183,0.0065638
-0.012021,0.066272,0.003043
-0.010154,0.054698,0.00069727
-0.0084335,0.044404,-0.00053211
-0.010059,0.049416,0.0022015
-0.011794,0.054643,0.0077047
-0.013622,0.060066,0.015894
-0.01553,0.065667,0.026663
-0.017507,0.071431,0.039878
-0.019541,0.077347,0.055388
-0.021623,0.083406,0.073027
-0.023746,0.0896,0.092627
-0.025902,0.095924,0.11402
-0.028087,0.10238,0.13705
-0.024403,0.083347,0.15003
-0.020998,0.06642,0.16386
-0.01787,0.051587,0.17843
-0.015017,0.038839,0.19367
-0.012437,0.028168,0.20951
-0.010128,0.019568,0.2259
-0.0080888,0.013032,0.24276
-0.0063188,0.0085553,0.26008
-0.004817,0.0061351,0.27776
-0.0035831,0.0057191,0.29579
-0.0025097,0.0062439,0.2722
-0.0016997,0.0093961,0.25186
-0.0011378,0.015208,0.23386
-0.00081421,0.023669,0.21759
-0.0006872,0.034771,0.20261
-0.00041864,0.04851,0.18862
7.6614e-05,0.064883,0.17539
0.00080569,0.083892,0.16278
0.0017772,0.10554,0.1507
0.0030013,0.12982,0.13908
0.0039406,0.12242,0.12195
0.0049425,0.11532,0.10891
0.0060071,0.10849,0.098867
0.0071339,0.10192,0.091104
0.0083216,0.095594,0.085109
0.0095693,0.089502,0.080508
0.010876,0.083639,0.077041
0.012239,0.077998,0.0745
0.013659,0.072577,0.072742
0.015134,0.067371,0.071647
0.014569,0.067849,0.044189
0.013992,0.068263,0.023324
0.013407,0.068638,0.0089186
0.012819,0.069002,0.0008344
0.01223,0.069385,-0.0012761
0.011656,0.069688,-0.0054911
0.011104,0.069887,-0.015732
0.010573,0.070023,-0.031955
0.010061,0.070131,-0.054128
0.0095661,0.07024,-0.082239
0.0050243,0.061243,-0.077573
0.0019189,0.052915,-0.073621
0.00029132,0.045241,-0.070172
-0.00010965,0.038205,-0.067099
-0.0015668,0.03179,-0.064293
-0.004596,0.025981,-0.061691
-0.0092141,0.020763,-0.059233
-0.015427,0.016126,-0.056889
-0.02323,0.012059,-0.054625
-0.032607,0.0085574,-0.052428
-0.025429,0.0090632,-0.048157
-0.019168,0.0096229,-0.044027
-0.013813,0.010238,-0.040034
-0.0093515,0.01091,-0.036185
-0.0057721,0.01164,-0.032482
-0.0030641,0.012426,-0.028937
-0.0012175,0.013267,-0.025558
-0.00022428,0.014158,-0.022355
1.3491e-05,0.015092,-0.019338
0.0007164,0.01606,-0.016522
0.0014332,0.014849,-0.017624
0.0023924,0.013696,-0.018741
0.0035926,0.012589,-0.019873
0.0050312,0.011523,-0.021019
0.0067048,0.010492,-0.022179
0.008609,0.009493,-0.023351
0.010739,0.0085245,-0.024535
0.013089,0.0075866,-0.025729
0.015653,0.006681,-0.026929
0.018426,0.0058103,-0.028135
0.018522,0.0062449,-0.043969
0.01868,0.0066485,-0.063207
0.018904,0.0070205,-0.085801
0.019194,0.0073626,-0.11172
0.019551,0.0076776,-0.14097
0.019974,0.0079696,-0.17355
0.020463,0.0082438,-0.2095
0.021017,0.0085058,-0.24887
0.021636,0.008762,-0.29169
0.022318,0.0090192,-0.33805
0.019528,0.0093606,-0.3088
0.016967,0.0095013,-0.28102
0.014625,0.0094488,-0.25463
0.012493,0.009214,-0.22964
0.010561,0.0088107,-0.20601
0.0088204,0.0082559,-0.18374
0.0072635,0.0075694,-0.1628
0.0058817,0.0067738,-0.14319
0.0046668,0.0058947,-0.1249
0.0036108,0.0049611,-0.1079
0.0027219,0.0094727,-0.098374
0.0019546,0.015445,-0.089801
0.0012974,0.022882,-0.08196
0.00074595,0.031791,-0.074689
0.0003026,0.042182,-0.067891
-2.4467e-05,0.054065,-0.061492
-0.00022273,0.067451,-0.05546
-0.00027575,0.082352,-0.049766
-0.00033172,0.09878,-0.044402
-0.00057504,0.11675,-0.039352
-0.00025616,0.13593,-0.039458
-0.00016519,0.15681,-0.039204
0.00022946,0.17939,-0.038586
0.001005,0.20373,-0.037597
0.0021746,0.22985,-0.036252
0.0037516,0.25776,-0.034568
0.0057478,0.2875,-0.032582
0.0081755,0.31907,-0.030324
0.011045,0.35248,-0.027839
0.014367,0.38775,-0.025163
0.010416,0.34734,-0.012998
0.0071367,0.30912,-0.0051087
0.0045058,0.27308,-0.00029536
0.0024999,0.23924,0.0021867
0.0010944,0.20761,0.002825
0.00027289,0.17817,0.0030526
2.0366e-05,0.15091,0.0045309
-0.00023804,0.12585,0.0071073
-0.0010056,0.103,0.01065
-0.0022611,0.082377,0.015054
-0.0021347,0.099969,0.016761
-0.0019653,0.11975,0.018588
-0.0017595,0.14181,0.020532
-0.0015252,0.16624,0.022594
-0.0012715,0.1931,0.024773
-0.0010074,0.22248,0.027062
-0.00074366,0.25442,0.029458
-0.00049019,0.28897,0.031955
-0.00025822,0.32618,0.034552
-5.7905e-05,0.36605,0.037243
-0.00035352,0.3533,0.044274
-0.00076903,0.3408,0.052024
-0.0012961,0.32855,0.060462
-0.0019259,0.31655,0.069562
-0.0026517,0.30479,0.079298
-0.0034662,0.29326,0.089649
-0.0043641,0.28197,0.10059
-0.0053394,0.27091,0.1121
-0.0063878,0.26007,0.12416
-0.0075045,0.24947,0.13676
-0.011249,0.23303,0.10449
-0.01546,0.21734,0.079209
-0.020114,0.20237,0.059142
-0.025187,0.18809,0.04315
-0.03066,0.17445,0.030457
-0.036516,0.16144,0.020524
-0.042743,0.14902,0.012959
-0.049332,0.13717,0.0074739
-0.056277,0.12587,0.0038508
-0.063576,0.11511,0.0019193
-0.060008,0.12931,0.0013548
-0.056562,0.14429,-0.00094775
-0.05324,0.16002,-0.0053644
-0.050042,0.17648,-0.011663
-0.046963,0.19363,-0.019645
-0.044003,0.21145,-0.029145
-0.041158,0.22994,-0.040015
-0.038424,0.24908,-0.052132
-0.0358,0.26887,-0.065379
-0.033283,0.2893,-0.079661
-0.036605,0.2816,-0.050788
-0.040128,0.27404,-0.030831
-0.04384,0.2666,-0.017129
-0.047732,0.25926,-0.0080402
-0.051798,0.25201,-0.002498
-0.056033,0.24485,0.00020899
-0.060435,0.23777,0.0007149
-0.064991,0.23077,0.00206
-0.069697,0.22386,0.0051625
-0.074554,0.21702,0.0098345
-0.072358,0.2135,0.002607
-0.070212,0.20983,-1.4684e-05
-0.068123,0.20604,-0.0012266
-0.066097,0.20215,-0.0049876
-0.06413,0.19815,-0.010884
-0.062215,0.19407,-0.018553
-0.060349,0.18991,-0.027738
-0.058527,0.18568,-0.038251
-0.056748,0.18138,-0.04995
-0.055007,0.17702,-0.062728
-0.052713,0.18737,-0.060949
-0.050467,0.19798,-0.060876
-0.048263,0.20885,-0.062191
-0.0461,0.21997,-0.064693
-0.043975,0.23136,-0.068235
-0.041887,0.24299,-0.072728
-0.039837,0.25488,-0.0781
-0.037825,0.26702,-0.084312
-0.03585,0.2794,-0.091326
-0.033914,0.29202,-0.09913
-0.032012,0.27348,-0.094413
-0.030261,0.256,-0.088167
-0.028651,0.23953,-0.080986
-0.027176,0.224,-0.07331
-0.025825,0.20936,-0.065452
-0.02459,0.19555,-0.057646
-0.023464,0.18252,-0.050058
-0.022439,0.17022,-0.042814
-0.021508,0.15861,-0.036006
-0.020663,0.14766,-0.029705
-0.021381,0.13662,-0.039666
-0.022078,0.12593,-0.051344
-0.022755,0.11561,-0.064755
-0.023413,0.10563,-0.079909
-0.024053,0.096003,-0.096812
-0.024678,0.086717,-0.11547
-0.025289,0.077771,-0.13587
-0.025887,0.069164,-0.15803
-0.026475,0.060894,-0.18192
-0.027054,0.05296,-0.20755
-0.026713,0.04444,-0.16887
-0.026382,0.03678,-0.13427
-0.02606,0.02994,-0.10371
-0.025741,0.023887,-0.077151
-0.025423,0.018585,-0.054556
-0.025102,0.014001,-0.035903
-0.024775,0.010104,-0.021171
-0.024438,0.0068622,-0.01034
-0.024088,0.0042473,-0.0033996
-0.023722,0.0022333,-0.0003393
-0.030642,0.004548,-0.00471
-0.038527,0.0074198,-0.014939
-0.047412,0.010737,-0.030958
-0.057324,0.014408,-0.052678
-0.068284,0.018357,-0.080014
-0.080309,0.022525,-0.11287
-0.093411,0.026867,-0.15117
-0.1076,0.031351,-0.19485
-0.12289,0.035952,-0.24384
-0.13928,0.040656,-0.2981
-0.11946,0.035934,-0.23622
-0.10154,0.031525,-0.1858
-0.085393,0.027457,-0.1442
-0.070935,0.023736,-0.10976
-0.058074,0.020355,-0.081324
-0.046723,0.017303,-0.058071
-0.036805,0.014563,-0.039386
-0.02824,0.012118,-0.024786
-0.020956,0.0099507,-0.013881
-0.014878,0.0080409,-0.0063376
-0.011516,0.0073877,-0.010174
-0.0085921,0.0067467,-0.014567
-0.0060888,0.00612,-0.019414
-0.003992,0.0055087,-0.02465
-0.002292,0.0049127,-0.03026
-0.00098407,0.0043316,-0.03624
-6.7914e-05,0.003765,-0.042608
0.00045227,0.0032128,-0.04938
0.00064186,0.0026749,-0.056574
0.0011193,0.0021521,-0.064191
0.00086443,0.0020717,-0.065909
0.00075774,0.0019936,-0.067694
0.00074632,0.0019184,-0.06954
0.00061224,0.001847,-0.071446
0.00033245,0.0017796,-0.073407
-9.2377e-05,0.0017172,-0.075421
-0.00066115,0.0016597,-0.077484
-0.0013729,0.0016079,-0.079592
-0.0022264,0.0015619,-0.081744
-0.0032204,0.0015222,-0.083937
-0.0023143,0.00095304,-0.060929
-0.0014874,0.00048496,-0.042327
-0.0007862,0.00013987,-0.027615
-0.00026236,-6.3126e-05,-0.016389
2.5506e-05,-0.00010727,-0.0083102
6.4804e-05,-0.00010335,-0.0030837
0.00041297,-0.000351,-0.00043294
0.0012496,-0.00085389,0.0001964
0.0024529,-0.001564,0.0023479
0.0039206,-0.0024672,0.0071011
0.0026408,-0.0016002,0.0021878
0.0016049,-0.00087434,0.00011938
0.00082599,-0.00034249,-0.00066425
0.00033759,-7.3757e-05,-0.0037204
0.00013709,-4.1652e-05,-0.0092843
0.00016214,0.00013454,-0.01755
1.5142e-05,0.00051768,-0.028664
-0.00037493,0.0010851,-0.042695
-0.0010125,0.0018201,-0.059666
-0.0019018,0.0027112,-0.079554
-0.0024196,0.0028576,-0.082501
-0.0029785,0.0030058,-0.0856
-0.0035767,0.0031556,-0.088846
-0.0042129,0.0033073,-0.092247
-0.0048853,0.0034608,-0.095798
-0.0055925,0.0036164,-0.099505
-0.0063332,0.003774,-0.10336
-0.0071059,0.003934,-0.10738
-0.0079094,0.0040963,-0.11155
-0.0087428,0.0042612,-0.11588
-0.0080261,0.0045962,-0.11488
-0.0073448,0.0049153,-0.11331
-0.0066981,0.005214,-0.11123
-0.0060853,0.0054883,-0.10869
-0.0055058,0.0057345,-0.10574
-0.0049587,0.0059493,-0.10246
-0.0044433,0.0061301,-0.098875
-0.0039591,0.0062743,-0.095046
-0.0035052,0.0063802,-0.091014
-0.0030811,0.0064461,-0.08682
-0.0032985,0.012827,-0.086023
-0.0035209,0.021718,-0.085302
-0.0037496,0.033267,-0.084532
-0.0039848,0.047644,-0.083671
-0.0042266,0.065031,-0.082732
-0.0044742,0.085612,-0.08176
-0.0047273,0.10957,-0.080818
-0.0049848,0.13708,-0.079974
-0.0052465,0.16831,-0.079288
-0.0055115,0.2034,-0.078814
-0.0044198,0.18583,-0.083213
-0.0034578,0.16932,-0.08491
-0.0026192,0.15386,-0.084437
-0.0018975,0.13938,-0.082268
-0.0012876,0.12586,-0.0788
-0.00078469,0.11326,-0.074369
-0.00038482,0.10154,-0.069247
-8.4201e-05,0.090654,-0.063658
0.00012021,0.080574,-0.057783
0.00023145,0.071262,-0.051772
0.00031029,0.074501,-0.047771
0.00069901,0.077816,-0.044302
0.001532,0.081209,-0.041271
0.0028116,0.084681,-0.038602
0.0045418,0.088236,-0.036238
0.0067279,0.091874,-0.03413
0.0093763,0.095597,-0.032243
0.012494,0.099407,-0.030543
0.01609,0.10331,-0.029007
0.020171,0.10729,-0.027612
0.017474,0.097628,-0.026513
0.014962,0.088441,-0.025818
0.012636,0.079726,-0.025454
0.010498,0.071481,-0.025366
0.008551,0.0637,-0.025517
0.0067966,0.056382,-0.025878
0.0052373,0.049523,-0.026429
0.0038756,0.043119,-0.027154
0.002714,0.037169,-0.028044
0.0017547,0.031669,-0.029089
0.0016983,0.033164,-0.023699
0.001651,0.034715,-0.01906
0.0016104,0.036318,-0.01508
0.0015747,0.037972,-0.011682
0.001542,0.039671,-0.0088071
0.0015111,0.041415,-0.0064035
0.0014805,0.043201,-0.0044297
0.0014494,0.045027,-0.0028492
0.0014168,0.04689,-0.0016319
0.0013821,0.048789,-0.00075079
0.0016632,0.052357,-0.0008299
0.0019557,0.056017,-0.0009139
0.0022569,0.059767,-0.0010033
0.0025645,0.063607,-0.0010981
0.0028766,0.067535,-0.0011988
0.0031915,0.071552,-0.0013056
0.0035075,0.075658,-0.0014189
0.0038236,0.079851,-0.0015391
0.0041385,0.084132,-0.0016667
0.0044515,0.088501,-0.0018022
0.0031299,0.081584,-0.011017
0.0019806,0.074919,-0.026841
0.0010018,0.068513,-0.048383
0.00019216,0.062366,-0.075081
-0.00045018,0.056482,-0.10655
-0.00092648,0.05086,-0.1425
-0.0012991,0.045499,-0.18266
-0.0018896,0.040397,-0.22677
-0.0027453,0.035553,-0.27455
-0.0038664,0.030963,-0.32574
-0.0030394,0.032332,-0.27492
-0.0023831,0.033828,-0.23206
-0.0018717,0.035448,-0.19529
-0.0014856,0.037187,-0.16345
-0.0012099,0.039041,-0.13566
-0.00099352,0.041008,-0.11136
-0.00072961,0.043084,-0.090099
-0.00041802,0.045264,-0.071557
-6.4025e-05,0.047544,-0.055491
0.0003285,0.04992,-0.041712
-0.00018045,0.059187,-0.034507
-0.00028109,0.069237,-0.027979
-0.0004799,0.080071,-0.022135
-0.0010899,0.09169,-0.016978
-0.0021039,0.1041,-0.012522
-0.0035138,0.11729,-0.0087754
-0.0053116,0.13127,-0.0057544
-0.0074889,0.14604,-0.0034703
-0.010038,0.1616,-0.0019383
-0.012951,0.17796,-0.0011717
-0.01214,0.16339,-0.0046335
-0.011412,0.14949,-0.012354
-0.010759,0.13624,-0.023885
-0.010177,0.12362,-0.038901
-0.0096608,0.11162,-0.057171
-0.0092077,0.10022,-0.078516
-0.0088151,0.089415,-0.1028
-0.0084797,0.079184,-0.12992
-0.0081998,0.069523,-0.15977
-0.0079727,0.060424,-0.19229
-0.0071271,0.070715,-0.12951
-0.0064148,0.081237,-0.081832
-0.0058188,0.092055,-0.046584
-0.0053315,0.10325,-0.022063
-0.0049507,0.1149,-0.0071678
-0.0046761,0.12712,-0.0011916
-0.004454,0.14005,0.001439
-0.004171,0.15387,0.011821
-0.0038307,0.16866,0.030109
-0.0034384,0.18449,0.056122
-0.0033661,0.18936,0.038313
-0.00327,0.19444,0.024042
-0.0031516,0.19972,0.013045
-0.0030111,0.20517,0.0051454
-0.0028494,0.21079,0.00021249
-0.0026666,0.21656,-0.0018459
-0.0024807,0.22246,-0.0028509
-0.0023259,0.22845,-0.006499
-0.002202,0.23451,-0.012876
-0.0021068,0.24063,-0.021959
-0.0044129,0.21607,-0.0099249
-0.007705,0.19322,-0.0031472
-0.011961,0.17195,-0.0013065
-0.017099,0.15222,0.0030557
-0.023088,0.13396,0.012794
-0.029926,0.11707,0.027918
-0.037618,0.10148,0.048431
-0.046174,0.087131,0.07434
-0.055607,0.073973,0.10565
-0.065935,0.06198,0.14238
-0.069711,0.052468,0.086389
-0.073252,0.04402,0.046184
-0.076598,0.036533,0.019399
-0.07979,0.029926,0.0044868
-0.08287,0.024127,0.00029827
-0.085966,0.018962,-0.0056158
-0.089171,0.014314,-0.021195
-0.092514,0.010162,-0.046133
-0.096022,0.0065024,-0.08021
-0.099717,0.0033406,-0.12325
-0.082983,0.0079401,-0.12811
-0.067797,0.014072,-0.13255
-0.054156,0.021703,-0.13658
-0.042059,0.030813,-0.14025
-0.031505,0.041399,-0.14358
-0.022494,0.05347,-0.14661
-0.015028,0.067048,-0.14933
-0.0091072,0.082164,-0.15177
-0.0047356,0.098857,-0.15391
-0.0019162,0.11717,-0.15576
-0.0042169,0.101,-0.15384
-0.0076847,0.085876,-0.15146
-0.012308,0.071855,-0.14865
-0.018075,0.058976,-0.14546
-0.024979,0.047279,-0.14193
-0.033016,0.036797,-0.13811
-0.042182,0.027562,-0.13402
-0.052479,0.019597,-0.12969
-0.063912,0.012921,-0.12515
-0.076487,0.0075458,-0.12042
-0.060815,0.010637,-0.11142
-0.046929,0.014027,-0.10456
-0.034832,0.017695,-0.099238
-0.024525,0.021627,-0.095063
-0.016011,0.025816,-0.091734
-0.0092938,0.030263,-0.08903
-0.0043757,0.034979,-0.08678
-0.0012588,0.039981,-0.084847
5.4927e-05,0.045294,-0.083125
0.00067451,0.050946,-0.081527
-3.0435e-05,0.059506,-0.095636
-0.0024156,0.068538,-0.1107
-0.0075023,0.077982,-0.12664
-0.015197,0.087789,-0.14342
-0.025407,0.097923,-0.161
-0.038046,0.10836,-0.17937
-0.053033,0.11907,-0.19852
-0.070294,0.13005,-0.21845
-0.089766,0.14129,-0.23917
-0.11139,0.1528,-0.26068
-0.097409,0.15126,-0.20996
-0.084224,0.1492,-0.16738
-0.071875,0.14667,-0.13145
-0.060398,0.14373,-0.10115
-0.049825,0.14041,-0.075754
-0.04019,0.13676,-0.054704
-0.031521,0.13281,-0.03758
-0.023847,0.12861,-0.024037
-0.017195,0.12419,-0.013806
-0.011591,0.11958,-0.0066552
-0.01512,0.13051,-0.0079652
-0.019174,0.14222,-0.0094742
-0.02377,0.15471,-0.011207
-0.028925,0.168,-0.013178
-0.034655,0.18213,-0.015412
-0.040974,0.1971,-0.017923
-0.047898,0.21291,-0.020734
-0.055437,0.22959,-0.02386
-0.063603,0.24712,-0.027322
-0.072406,0.26551,-0.031136
-0.08003,0.28152,-0.028505
-0.08804,0.29802,-0.026119
-0.096437,0.315,-0.023968
-0.10522,0.33246,-0.022039
-0.11439,0.35039,-0.020323
-0.12394,0.36879,-0.018809
-0.13388,0.38765,-0.017486
-0.14419,0.40697,-0.016344
-0.15489,0.42674,-0.015372
-0.16596,0.44696,-0.014559
-0.15199,0.42477,-0.016778
-0.13879,0.40372,-0.017134
-0.12631,0.38372,-0.016088
-0.11454,0.36471,-0.014147
-0.10345,0.34661,-0.011737
-0.093014,0.32936,-0.009203
-0.083217,0.31291,-0.0068189
-0.074035,0.2972,-0.0048023
-0.065452,0.2822,-0.0033308
-0.057448,0.26784,-0.0025524
-0.053984,0.24461,-0.003055
-0.050887,0.2232,-0.0048336
-0.04811,0.20344,-0.0082379
-0.04561,0.18517,-0.013526
-0.043348,0.16825,-0.020889
-0.041287,0.15257,-0.030467
-0.039395,0.138,-0.042362
-0.037642,0.12445,-0.056654
-0.035998,0.11181,-0.073399
-0.034441,0.10003,-0.092645
-0.025719,0.099047,-0.10567
-0.018183,0.098072,-0.11877
-0.011821,0.097098,-0.13195
-0.0066242,0.096127,-0.14522
-0.0025867,0.095156,-0.1586
0.00029661,0.094185,-0.1721
0.0020283,0.093214,-0.18573
0.0026333,0.092242,-0.1995
0.0035467,0.091267,-0.21339
0.0056127,0.09029,-0.22741
0.0043462,0.090139,-0.19523
0.0032775,0.089948,-0.16591
0.0024036,0.089722,-0.13925
0.0017223,0.089461,-0.11512
0.0012317,0.089167,-0.093421
0.00092506,0.088842,-0.074089
0.00059906,0.088488,-0.057073
0.00014857,0.088104,-0.042339
-0.00042704,0.087693,-0.02986
-0.0011283,0.087256,-0.019616
-0.0026554,0.078806,-0.004706
-0.0045276,0.07096,-0.00060218
-0.0068945,0.063692,0.0045863
-0.0098365,0.056957,0.017918
-0.013337,0.050672,0.038856
-0.017378,0.044782,0.067143
-0.02194,0.039261,0.10263
-0.027004,0.034104,0.14522
-0.032549,0.029325,0.19473
-0.038556,0.02495,0.25098
-0.038456,0.028361,0.17859
-0.038712,0.032194,0.12547
-0.039228,0.036402,0.085763
-0.039942,0.040961,0.055964
-0.040807,0.045859,0.033836
-0.041786,0.051091,0.017924
-0.042851,0.056656,0.0072362
-0.043977,0.062555,0.0010852
-0.045145,0.068793,-0.0010277
-0.046309,0.075344,-0.0027047
-0.035465,0.074815,-0.0041023
-0.026078,0.074196,-0.0065156
-0.018131,0.073497,-0.010202
-0.01161,0.072727,-0.015384
-0.0065035,0.071898,-0.02224
-0.0028017,0.071023,-0.030912
-0.0004998,0.070116,-0.0415
0.00040394,0.069191,-0.054079
0.0011017,0.068259,-0.068691
0.0032129,0.067332,-0.085372
0.0040874,0.074309,-0.070298
0.0051419,0.081627,-0.05671
0.006373,0.089274,-0.044602
0.007777,0.097239,-0.033981
0.0093487,0.10551,-0.024845
0.011083,0.11407,-0.017198
0.012973,0.12292,-0.011043
0.015013,0.13204,-0.0063822
0.017198,0.14142,-0.0032189
0.019519,0.15105,-0.0015551
0.020425,0.14088,-0.0013151
0.021274,0.13104,-0.0011111
0.022064,0.12155,-0.00096938
0.022791,0.1124,-0.00086261
0.023451,0.1036,-0.00066661
0.024044,0.095151,-0.00035989
0.024566,0.087054,7.0865e-05
0.025017,0.079311,0.00063701
0.025397,0.071925,0.001348
0.025704,0.064895,0.0022122
0.022694,0.074339,0.0026573
0.019838,0.084487,0.0031352
0.017139,0.095356,0.003644
0.014605,0.10696,0.0041824
0.012243,0.11932,0.0047491
0.010061,0.13244,0.0053433
0.0080674,0.14634,0.0059638
0.006272,0.16104,0.0066102
0.004684,0.17653,0.0072817
0.0033134,0.19284,0.0079783
0.0040519,0.18005,0.01373
0.0048708,0.16774,0.020363
0.0057708,0.1559,0.027762
0.0067531,0.14455,0.035844
0.0078182,0.13365,0.044551
0.0089671,0.12322,0.053841
0.0102,0.11324,0.06368
0.011518,0.10371,0.074047
0.012921,0.094631,0.084919
0.01441,0.085989,0.096287
0.0075717,0.083655,0.089937
0.0030351,0.081438,0.084536
0.00074127,0.079319,0.079844
0.0001928,0.077283,0.075702
-0.0018771,0.075312,0.072
-0.0060975,0.073392,0.06866
-0.012466,0.071508,0.065614
-0.020994,0.069651,0.062816
-0.031704,0.067808,0.060231
-0.044626,0.065973,0.057835
-0.03136,0.072533,0.059727
-0.020409,0.079424,0.061022
-0.011761,0.086643,0.061825
-0.0054055,0.094188,0.062228
-0.0013381,0.10206,0.062303
0.00044269,0.11024,0.06211
0.0011405,0.11874,0.061685
0.0039577,0.12754,0.061034
0.0090759,0.13665,0.060182
0.016508,0.14606,0.059145
0.010228,0.13515,0.034337
0.0054555,0.12526,0.016843
0.0021766,0.11624,0.0056611
0.00038205,0.10798,0.00011921
-5.6004e-05,0.10034,-0.001109
-0.0012098,0.093181,-0.0055164
-0.0038319,0.086378,-0.014588
-0.0079212,0.079848,-0.028189
-0.013479,0.073522,-0.04623
-0.020509,0.067349,-0.068658
-0.018138,0.062971,-0.059231
-0.0159,0.058611,-0.050425
-0.013799,0.054285,-0.042254
-0.011835,0.050009,-0.034747
-0.010014,0.045798,-0.027919
-0.0083359,0.041667,-0.021794
-0.0068045,0.037632,-0.016389
-0.0054218,0.033709,-0.011725
-0.0041904,0.029912,-0.0078182
-0.0031128,0.026259,-0.0046883
-0.0030337,0.032418,-0.011479
-0.0029475,0.039226,-0.021405
-0.0028577,0.046686,-0.034516
-0.0027688,0.054803,-0.05082
-0.0026865,0.063582,-0.070282
-0.0026168,0.073028,-0.092841
-0.002566,0.083146,-0.1184
-0.0025404,0.093941,-0.14687
-0.0025467,0.10542,-0.17813
-0.0025911,0.11758,-0.21208
-0.002541,0.10707,-0.19194
-0.0024952,0.097093,-0.17198
-0.0024524,0.087631,-0.15242
-0.0024106,0.078684,-0.13347
-0.0023684,0.070247,-0.11528
-0.0023242,0.062315,-0.098023
-0.0022766,0.054886,-0.081817
-0.0022239,0.047953,-0.066787
-0.0021649,0.041512,-0.053037
-0.002098,0.035559,-0.040667
-0.0031809,0.036746,-0.040692
-0.0045111,0.037962,-0.040667
-0.0060818,0.039208,-0.040595
-0.0078856,0.040487,-0.040472
-0.0099152,0.041798,-0.040301
-0.012163,0.043144,-0.040078
-0.014621,0.044525,-0.039805
-0.017283,0.045942,-0.039481
-0.02014,0.047394,-0.039108
-0.023187,0.048884,-0.038684
-0.011824,0.058169,-0.046608
-0.004358,0.06826,-0.056327
-0.00078739,0.079162,-0.067666
0.00014652,0.090881,-0.080496
0.0043182,0.10342,-0.09479
0.012516,0.11679,-0.11056
0.024814,0.131,-0.12789
0.041287,0.14604,-0.14689
0.06201,0.16193,-0.16773
0.087057,0.17866,-0.19056
0.081158,0.19794,-0.17381
0.075483,0.21797,-0.15432
0.070023,0.23869,-0.13341
0.064772,0.26009,-0.1122
0.059725,0.28213,-0.09153
0.054881,0.30481,-0.072083
0.050236,0.32812,-0.054372
0.04579,0.35207,-0.038794
0.041542,0.37666,-0.02566
0.037493,0.4019,-0.015208
0.04095,0.40094,-0.024167
0.044579,0.39993,-0.034922
0.048384,0.39888,-0.047339
0.052366,0.39778,-0.061321
0.056527,0.39664,-0.076787
0.060871,0.39546,-0.093672
0.0654,0.39423,-0.11192
0.070115,0.39297,-0.13148
0.075019,0.39166,-0.15231
0.080114,0.39031,-0.17436
0.081857,0.3743,-0.19123
0.08356,0.35887,-0.20752
0.085223,0.34398,-0.22337
0.086845,0.32961,-0.2389
0.088425,0.31573,-0.25416
0.089965,0.30234,-0.26923
0.091463,0.28939,-0.28411
0.092922,0.27688,-0.29884
0.09434,0.26478,-0.31343
0.095718,0.25308,-0.32789
0.088029,0.22486,-0.37923
0.08066,0.19864,-0.42963
0.073612,0.17432,-0.47938
0.066889,0.1518,-0.52876
0.060493,0.131,-0.57789
0.054425,0.11186,-0.62695
0.048687,0.094301,-0.67591
0.043282,0.078269,-0.72489
0.038211,0.063716,-0.77378
0.033474,0.050597,-0.82267
0.028796,0.053355,-0.69511
0.024518,0.05605,-0.59095
0.020622,0.058714,-0.5031
0.017093,0.061365,-0.42756
0.01392,0.064015,-0.36175
0.011094,0.066673,-0.30395
0.0086057,0.069341,-0.25305
0.0064472,0.072025,-0.20813
0.004612,0.074726,-0.16864
0.0030939,0.077446,-0.13403
0.0033533,0.087365,-0.13402
0.0036391,0.097854,-0.13415
0.0039527,0.10891,-0.13445
0.0042961,0.12053,-0.13486
0.0046705,0.13272,-0.1354
0.0050777,0.14547,-0.13603
0.005519,0.15878,-0.13676
0.0059957,0.17266,-0.13757
0.006509,0.1871,-0.13846
0.0070602,0.2021,-0.1394
0.01237,0.16479,-0.1371
0.019133,0.13127,-0.1355
0.027312,0.10152,-0.13452
0.03688,0.075555,-0.13406
0.047819,0.053363,-0.13403
0.060121,0.034943,-0.13432
0.073793,0.020293,-0.13486
0.088853,0.0094119,-0.13552
0.10533,0.0023023,-0.13623
0.12326,-0.0010327,-0.13691
0.12111,6.6467e-05,-0.10766
0.1191,0.0016953,-0.083525
0.11722,0.0038547,-0.063563
0.11543,0.0065449,-0.047098
0.11373,0.0097659,-0.033643
0.1121,0.013517,-0.022818
0.11052,0.0178,-0.014345
0.10898,0.022613,-0.0079991
0.10747,0.027958,-0.0036135
0.10598,0.033836,-0.0010509
0.11854,0.032881,-0.00025719
0.1319,0.031903,-2.9948e-05
0.14608,0.030913,0.00050305
0.16108,0.029919,0.0017119
0.17693,0.028923,0.0036217
0.19364,0.027927,0.0062562
0.21121,0.026936,0.0096321
0.22967,0.025951,0.013766
0.24903,0.024977,0.018664
0.26929,0.024016,0.024335
0.24164,0.023549,0.00347
0.21571,0.023327,-0.0008725
0.19145,0.023042,-0.012918
0.1688,0.022635,-0.036696
0.14769,0.022119,-0.070611
0.12805,0.021497,-0.11361
0.10985,0.020774,-0.16496
0.093051,0.01995,-0.22414
0.077641,0.019027,-0.2907
0.063608,0.018008,-0.36429
0.065006,0.0094922,-0.34237
0.066646,0.0031131,-0.32539
0.068489,-0.0011757,-0.31183
0.070503,-0.0034074,-0.30077
0.072657,-0.0038419,-0.2915
0.074921,-0.0054249,-0.28355
0.077269,-0.0090278,-0.27653
0.079676,-0.014639,-0.27022
0.082117,-0.022252,-0.26443
0.084571,-0.031868,-0.25903
0.077852,-0.020901,-0.19593
0.07155,-0.012459,-0.14626
0.065636,-0.0063665,-0.10683
0.060082,-0.002483,-0.075524
0.054865,-0.00069173,-0.050902
0.049961,0.00011784,-0.031924
0.045346,0.0025888,-0.017857
0.040997,0.0068192,-0.008132
0.036891,0.012793,-0.0023602
0.033005,0.020515,-0.00029104
0.030414,0.021927,-0.00028887
0.027923,0.023375,-0.00026856
0.025533,0.02486,-0.00017043
0.023245,0.026383,2.6683e-05
0.02106,0.027944,0.00034157
0.01898,0.029543,0.00079303
0.017006,0.031183,0.0013965
0.015139,0.032862,0.0021686
0.01338,0.034584,0.0031217
0.011729,0.036348,0.0042704
0.015569,0.028319,0.0023967
0.019959,0.021324,0.0010763
0.0249,0.015339,0.00024271
0.03039,0.010348,-0.00014976
0.036429,0.0063391,-0.00023462
0.043013,0.0033003,-0.00062929
0.05014,0.0012329,-0.0014208
0.057806,0.00014348,-0.0025923
0.06601,-0.00012825,-0.0041256
0.07475,-0.0010636,-0.0059857
0.068761,-0.00070886,-0.0047253
0.063093,-0.00042878,-0.0039062
0.057736,-0.0002225,-0.0033969
0.052677,-8.9954e-05,-0.0031132
0.047907,-3.12e-05,-0.0030045
0.043416,-9.0578e-06,-0.0030423
0.039195,7.9869e-05,-0.0032144
0.035233,0.00024223,-0.0035175
0.031521,0.00047892,-0.0039561
0.028052,0.00079066,-0.0045382
0.023513,0.00037344,-0.0058467
0.019463,8.9642e-05,-0.0074222
0.015867,-5.4999e-05,-0.0092855
0.012692,-0.00010603,-0.011453
0.0099074,-0.00028233,-0.013934
0.0074861,-0.00061192,-0.016734
0.0054049,-0.001096,-0.019852
0.0036475,-0.0017341,-0.02328
0.0022047,-0.0025246,-0.027004
0.0010748,-0.0034642,-0.031013
0.0034834,-0.00053087,-0.045652
0.007221,0.0002616,-0.063634
0.01234,0.0039985,-0.085629
0.018901,0.011557,-0.11204
0.026963,0.023263,-0.14297
0.036586,0.039432,-0.17827
0.047827,0.060355,-0.21752
0.060741,0.086299,-0.26021
0.075377,0.11749,-0.30569
0.091784,0.15414,-0.3534
0.082559,0.13718,-0.28048
0.073799,0.12148,-0.22286
0.065526,0.10699,-0.17613
0.057752,0.093644,-0.13767
0.050483,0.081385,-0.10579
0.043718,0.070164,-0.079387
0.037456,0.059936,-0.057653
0.031694,0.050658,-0.04001
0.026429,0.042292,-0.026017
0.021655,0.034798,-0.015319
0.018996,0.029502,-0.007238
0.016511,0.024773,-0.0021952
0.014193,0.02057,-0.00016432
0.012057,0.016848,0.00091416
0.010136,0.013562,0.0048385
0.0084244,0.010668,0.011671
0.0069181,0.0081275,0.021394
0.0056125,0.0059126,0.034009
0.0045055,0.0040064,0.049521
0.0035957,0.0024048,0.067952
0.0028705,0.0016688,0.041143
0.0023485,0.0010745,0.022315
0.0019975,0.00061629,0.0099598
0.0017928,0.00028822,0.002891
0.0017133,8.4034e-05,0.00010874
0.0017058,5.5881e-06,-0.00087864
0.0016576,-2.1963e-05,-0.0049467
0.0015145,-0.00015635,-0.012812
0.0012637,-0.00039851,-0.025095
0.00090955,-0.00074594,-0.042335
0.0012204,-0.00043919,-0.033929
0.0015138,-0.00019337,-0.026697
0.0017871,-1.8086e-05,-0.020521
0.002038,7.6877e-05,-0.015301
0.0022653,8.4403e-05,-0.010955
0.0024684,0.00012982,-0.0074112
0.0026489,0.0002918,-0.0046087
0.0028102,0.0005775,-0.0024983
0.0029582,0.00099063,-0.0010429
0.0031012,0.0015304,-0.00021962
0.0031202,0.003847,-0.0011921
0.0031232,0.0073339,-0.0031995
0.0031074,0.012109,-0.0065164
0.0030712,0.018294,-0.011398
0.0030135,0.026005,-0.018051
0.0029342,0.035356,-0.026611
0.0028337,0.046455,-0.037139
0.0027134,0.059402,-0.049617
0.0025751,0.074293,-0.063961
0.0024211,0.091212,-0.080035
0.0039048,0.08655,-0.10297
0.0057379,0.08209,-0.12926
0.0079343,0.077843,-0.15896
0.010511,0.073815,-0.19214
0.013485,0.070009,-0.22883
0.016878,0.066425,-0.26906
0.02071,0.063059,-0.31284
0.025,0.059905,-0.36021
0.029771,0.056956,-0.41112
0.035042,0.054197,-0.46561
0.027758,0.051298,-0.42749
0.021397,0.048541,-0.38809
0.015921,0.045934,-0.34832
0.011292,0.043477,-0.30903
0.0074732,0.04117,-0.27075
0.0044295,0.039012,-0.23399
0.0021268,0.037,-0.1991
0.00053207,0.035131,-0.16637
-0.00038695,0.033402,-0.13607
-0.00066113,0.031807,-0.10838
-0.0004451,0.025538,-0.083963
-0.00024063,0.019995,-0.064586
-4.8141e-05,0.015159,-0.049135
0.00013086,0.011015,-0.036793
0.00029386,0.007549,-0.026976
0.00043819,0.0047511,-0.019224
0.00056096,0.0026109,-0.01319
0.00065959,0.0011183,-0.0085846
0.00073207,0.00026359,-0.0051745
0.00077825,1.8887e-05,-0.0027539
0.0014505,0.0004829,-0.0061227
0.0022823,0.0022186,-0.010384
0.0032462,0.0055312,-0.01525
0.0043206,0.010697,-0.020507
0.0054876,0.017981,-0.026013
0.0067316,0.027634,-0.031666
0.0080387,0.039897,-0.037414
0.009397,0.055001,-0.043233
0.010796,0.073167,-0.049129
0.012226,0.094601,-0.055122
0.012717,0.099999,-0.056712
0.013197,0.10554,-0.057539
0.013666,0.11124,-0.05765
0.014126,0.11708,-0.057107
0.014579,0.12307,-0.055983
0.015025,0.12921,-0.054352
0.015466,0.1355,-0.052291
0.015902,0.14194,-0.049874
0.016334,0.14854,-0.047171
0.016764,0.15528,-0.044245
0.010995,0.14649,-0.054343
0.0064471,0.13777,-0.065952
0.0031218,0.12916,-0.079087
0.001022,0.1207,-0.093754
0.00014916,0.11242,-0.10995
-0.00018387,0.10436,-0.12766
-0.0016492,0.096539,-0.14687
-0.00432,0.088992,-0.16756
-0.008195,0.081735,-0.1897
-0.013272,0.074782,-0.21326
-0.015325,0.087871,-0.18217
-0.017524,0.10211,-0.15417
-0.019868,0.1175,-0.12895
-0.022354,0.13402,-0.10629
-0.02498,0.15166,-0.086049
-0.027745,0.1704,-0.068099
-0.030645,0.19025,-0.052362
-0.033678,0.21118,-0.038771
-0.036843,0.23318,-0.027289
-0.040135,0.25626,-0.017878
-0.034505,0.27551,-0.0073085
-0.029283,0.29546,-0.0015913
-0.024465,0.31612,-0.00018075
-0.020077,0.33748,0.002432
-0.016138,0.35955,0.008893
-0.01265,0.38233,0.019022
-0.0096208,0.40585,0.032674
-0.0070558,0.43009,0.049736
-0.004963,0.45506,0.070104
-0.003349,0.48077,0.0937
-0.0033562,0.41107,0.10077
-0.0033751,0.34741,0.10664
-0.0034054,0.28961,0.11145
-0.0034459,0.2375,0.11532
-0.0034965,0.19092,0.11835
-0.0035562,0.14975,0.12061
-0.0036252,0.11386,0.12216
-0.003703,0.083115,0.12306
-0.0037897,0.057414,0.12335
-0.0038849,0.036649,0.12309
-0.0026017,0.038335,0.088916
-0.0016119,0.039906,0.061358
-0.00088452,0.041373,0.039544
-0.00039486,0.042753,0.022861
-0.00012388,0.044071,0.010864
-1.0659e-05,0.045356,0.0032311
0.00018797,0.046645,-0.0002603
0.00052011,0.047957,-0.0013529
0.001046,0.049261,-0.0058137
0.0017793,0.050578,-0.014109
0.0026394,0.059095,-0.013968
0.0036837,0.068196,-0.013858
0.0049138,0.07787,-0.013787
0.0063309,0.088105,-0.013765
0.0079364,0.098892,-0.013796
0.0097316,0.11022,-0.013886
0.011717,0.12209,-0.014037
0.013895,0.13449,-0.014251
0.016266,0.14741,-0.014529
0.018831,0.16086,-0.014871
0.016775,0.15582,-0.0068283
0.014878,0.1511,-0.0030954
0.013122,0.14666,-0.0022261
0.011454,0.14253,0.001046
0.0098661,0.1387,0.0072895
0.0083613,0.13512,0.016263
0.006941,0.13176,0.027782
0.005607,0.12858,0.041696
0.0043605,0.12556,0.057885
0.0032031,0.12268,0.076248
0.0011447,0.11719,0.074731
-0.00014301,0.1118,0.073574
-0.00068991,0.10653,0.072679
-0.00088674,0.10136,0.071981
-0.0017224,0.096301,0.071415
-0.0032322,0.091358,0.070947
-0.0054,0.086532,0.070542
-0.0082123,0.081825,0.070181
-0.011659,0.07724,0.069842
-0.015735,0.072779,0.069515
-0.016197,0.072293,0.068953
-0.016665,0.07181,0.068644
-0.017139,0.07133,0.068547
-0.017618,0.070852,0.068634
-0.018101,0.070375,0.068877
-0.01859,0.069897,0.069259
-0.019083,0.06942,0.069759
-0.019581,0.068943,0.070362
-0.020082,0.068469,0.071054
-0.020588,0.067995,0.071825
-0.02321,0.073986,0.09021
-0.025971,0.08036,0.11033
-0.028865,0.08712,0.13209
-0.031889,0.094264,0.15538
-0.03504,0.10179,0.1801
-0.038315,0.1097,0.20619
-0.04171,0.11798,0.23356
-0.045224,0.12664,0.26218
-0.048853,0.13566,0.29196
-0.052596,0.14504,0.3229
-0.048307,0.13039,0.25941
-0.044351,0.11694,0.20857
-0.040686,0.10455,0.16698
-0.03728,0.093124,0.13254
-0.03411,0.082581,0.10382
-0.031157,0.072861,0.079858
-0.028405,0.063914,0.059927
-0.02584,0.055698,0.04349
-0.023451,0.048176,0.030138
-0.021227,0.041314,0.019534
-0.02606,0.039737,0.031406
-0.031465,0.038261,0.045741
-0.03747,0.036883,0.062437
-0.044102,0.035595,0.081374
-0.051388,0.034392,0.10244
-0.05935,0.033268,0.12549
-0.068012,0.032215,0.15041
-0.077393,0.031227,0.17707
-0.087513,0.030297,0.20535
-0.098387,0.029418,0.23516
-0.085807,0.044957,0.19381
-0.074243,0.064601,0.15771
-0.063607,0.088318,0.12606
-0.05383,0.11611,0.09835
-0.044864,0.14799,0.074233
-0.03668,0.18401,0.05347
-0.029266,0.22423,0.035908
-0.022625,0.2687,0.021438
-0.016774,0.31747,0.0099939
-0.011737,0.37061,0.0015208
-0.011064,0.36383,0.0064351
-0.010433,0.35698,0.011613
-0.0098422,0.35006,0.016859
-0.0092882,0.34308,0.022073
-0.0087696,0.33604,0.027217
-0.0082834,0.32896,0.032272
-0.0078284,0.32183,0.037242
-0.0074022,0.31467,0.042127
-0.0070037,0.30748,0.046936
-0.0066305,0.30027,0.051673
-0.0077289,0.28371,0.065916
-0.0088787,0.26766,0.081345
-0.010076,0.2521,0.097912
-0.011318,0.23704,0.11558
-0.012601,0.22245,0.13431
-0.013922,0.20835,0.15407
-0.015282,0.19473,0.17484
-0.016677,0.18158,0.19658
-0.018108,0.16889,0.21925
-0.019574,0.15668,0.24286
-0.023439,0.17192,0.21079
-0.027624,0.188,0.18345
-0.032141,0.2049,0.15979
-0.037002,0.22261,0.13911
-0.042217,0.2411,0.12086
-0.047799,0.26037,0.10465
-0.053756,0.28041,0.090191
-0.060099,0.30121,0.077245
-0.066834,0.32278,0.065643
-0.073968,0.34511,0.055242
-0.075674,0.31766,0.04519
-0.07753,0.29132,0.036383
-0.079536,0.26609,0.028731
-0.081689,0.24198,0.022145
-0.083988,0.21899,0.016553
-0.086433,0.19713,0.01188
-0.089023,0.17639,0.0080692
-0.091755,0.15679,0.0050598
-0.094629,0.13832,0.0028076
-0.097644,0.12098,0.0012686
-0.089249,0.13523,-1.8978e-05
-0.081227,0.15025,-0.001355
-0.073586,0.16605,-0.0050547
-0.066324,0.18263,-0.011036
-0.059442,0.19999,-0.019228
-0.052938,0.21814,-0.02958
-0.046814,0.2371,-0.042039
-0.041071,0.25685,-0.056571
-0.035711,0.2774,-0.073132
-0.030734,0.29875,-0.091695
-0.029001,0.3103,-0.061598
-0.027355,0.32206,-0.039833
-0.025784,0.33404,-0.024255
-0.024278,0.34624,-0.013464
-0.022833,0.35865,-0.0064983
-0.021443,0.37127,-0.0026836
-0.020108,0.38411,-0.0015294
-0.018814,0.39716,-0.00062533
-0.017552,0.41044,0.0022807
-0.016323,0.42395,0.006971
-0.023909,0.41279,0.012284
-0.032896,0.40164,0.019433
-0.043273,0.39053,0.028537
-0.055033,0.37947,0.039659
-0.068172,0.36848,0.052827
-0.082687,0.35757,0.068044
-0.09858,0.34676,0.085288
-0.11585,0.33605,0.10454
-0.1345,0.32546,0.12575
-0.15454,0.31499,0.14888
-0.11839,0.32384,0.17107
-0.087291,0.33285,0.19184
-0.061078,0.34199,0.2115
-0.039603,0.35127,0.23029
-0.022748,0.36069,0.24835
-0.010419,0.37023,0.26583
-0.0025508,0.3799,0.28274
0.00090446,0.38969,0.29916
0.0022476,0.39959,0.31506
0.007619,0.4096,0.33043
0.0026816,0.41294,0.24225
0.00062831,0.41666,0.17483
-0.00055959,0.42065,0.12223
-0.0043656,0.42487,0.081069
-0.010845,0.42928,0.049266
-0.019988,0.43383,0.025482
-0.031792,0.43852,0.0088346
-0.046259,0.44332,-0.0012877
-0.063395,0.4482,-0.0053081
-0.083217,0.45312,-0.0075872
-0.074773,0.46055,-0.0061268
-0.066792,0.46843,-0.0060661
-0.059267,0.47675,-0.0052106
-0.052195,0.48552,-0.0031882
-0.045573,0.49471,-7.8789e-05
-0.0394,0.5043,0.0040707
-0.033676,0.5143,0.0092446
-0.028399,0.52468,0.015433
-0.02357,0.53543,0.022641
-0.019186,0.54656,0.030871
-0.025398,0.52846,0.052812
-0.032453,0.51059,0.076016
-0.040344,0.49296,0.10002
-0.049062,0.47557,0.12464
-0.058603,0.45844,0.14978
-0.068959,0.44158,0.17541
-0.080127,0.42499,0.20151
-0.0921,0.40869,0.22807
-0.10488,0.39269,0.25503
-0.11845,0.377,0.28238
-0.12673,0.36394,0.20804
-0.13485,0.35142,0.1517
-0.14283,0.33934,0.1079
-0.1507,0.32763,0.073484
-0.15847,0.31625,0.046547
-0.16616,0.30518,0.025865
-0.17376,0.2944,0.010627
-0.18131,0.28391,0.00026257
-0.1888,0.27371,-0.005634
-0.19625,0.26378,-0.0073797
-0.20912,0.25622,-0.0073481
-0.22239,0.24885,-0.0073134
-0.23607,0.24168,-0.0072811
-0.25014,0.2347,-0.0072556
-0.26461,0.22789,-0.0072373
-0.27949,0.22126,-0.0072256
-0.29476,0.21478,-0.0072196
-0.31043,0.20847,-0.007219
-0.3265,0.20231,-0.0072234
-0.34297,0.1963,-0.0072331
-0.32378,0.18007,-0.0067678
-0.30547,0.165,-0.0061813
-0.28799,0.15101,-0.0053291
-0.27131,0.13802,-0.0040613
-0.25539,0.12597,-0.0022398
-0.24019,0.11481,0.00025696
-0.22568,0.10447,0.0035378
-0.21183,0.094904,0.0076972
-0.19861,0.086071,0.012822
-0.18598,0.077927,0.018989
-0.19288,0.085899,0.0081739
-0.19991,0.0944,0.00030499
-0.20709,0.10344,-0.0042412
-0.21441,0.11302,-0.0057014
-0.22187,0.12293,-0.0095752
-0.22943,0.13311,-0.017509
-0.2371,0.14355,-0.029642
-0.24487,0.15425,-0.046082
-0.25274,0.16521,-0.066909
-0.26071,0.17642,-0.092192
-0.26914,0.17039,-0.062798
-0.27764,0.16402,-0.040548
-0.28622,0.15741,-0.024502
-0.29488,0.15059,-0.01404
-0.30361,0.14363,-0.008728
-0.31242,0.13657,-0.0074315
-0.32138,0.12969,-0.0031349
-0.33049,0.12306,0.0055647
-0.33977,0.11668,0.018523
-0.34922,0.11056,0.035622
-0.36015,0.11137,0.0245
-0.3713,0.11223,0.01649
-0.38264,0.11311,0.010558
-0.39416,0.11399,0.0060525
-0.40588,0.11484,0.0025467
-0.41777,0.11567,-0.00024001
-0.42983,0.11646,-0.0024987
-0.44208,0.11722,-0.0043614
-0.45449,0.11792,-0.0059216
-0.46708,0.11859,-0.0072476
-0.4117,0.13083,-0.010278
-0.36034,0.14358,-0.012069
-0.31272,0.15665,-0.019352
-0.26869,0.17004,-0.032239
-0.22811,0.18377,-0.050706
-0.19086,0.19785,-0.074705
-0.15684,0.21229,-0.10418
-0.12597,0.22713,-0.13907
-0.098166,0.24237,-0.17932
-0.073395,0.25804,-0.22487
-0.062992,0.24737,-0.17433
-0.05343,0.23707,-0.13372
-0.044707,0.22716,-0.10066
-0.036812,0.21763,-0.073729
-0.029728,0.20846,-0.051957
-0.023434,0.19963,-0.034703
-0.017913,0.19112,-0.021507
-0.013146,0.18292,-0.012031
-0.0091129,0.175,-0.0060223
-0.0057986,0.16734,-0.0032808
-0.0042959,0.16296,-0.0097878
-0.0027349,0.15865,-0.025237
-0.0011335,0.15437,-0.048213
0.00049456,0.15008,-0.077724
0.0021365,0.14575,-0.11304
0.0037798,0.14139,-0.15357
0.0054108,0.13699,-0.19883
0.0070152,0.13256,-0.24843
0.0087177,0.1281,-0.302
0.010745,0.12363,-0.35924
0.0072121,0.13848,-0.24734
0.0041396,0.15293,-0.1661
0.00059391,0.16725,-0.10638
-0.0035782,0.18162,-0.062969
-0.0084631,0.19621,-0.032668
-0.014107,0.21116,-0.013428
-0.020531,0.22658,-0.00388
-0.027779,0.24258,-0.0018725
-0.036203,0.25931,0.0048694
-0.04586,0.27683,0.018977
-0.045625,0.28215,0.015466
-0.045406,0.28751,0.012939
-0.045197,0.29289,0.01108
-0.04499,0.2983,0.0096873
-0.044782,0.30373,0.0086152
-0.04457,0.30919,0.0077715
-0.044353,0.31468,0.0070857
-0.044128,0.32018,0.0065124
-0.043896,0.32571,0.0060158
-0.043655,0.33125,0.0055729
-0.038774,0.32152,0.0016315
-0.034346,0.31206,-0.00027039
-0.030329,0.30286,-0.00055738
-0.026633,0.29392,-0.0014386
-0.023213,0.28521,-0.0037026
-0.020054,0.27672,-0.0072502
-0.017138,0.26845,-0.01201
-0.014453,0.26038,-0.017941
-0.011984,0.25251,-0.025002
-0.0097196,0.24481,-0.033166
-0.0077198,0.25615,-0.019418
-0.0059171,0.26765,-0.0093651
-0.004317,0.27934,-0.0028474
-0.0029243,0.29122,0.00025494
-0.0017712,0.3033,0.0011124
-0.00097498,0.31559,0.0045898
-0.00054575,0.32808,0.011221
-0.00047852,0.34079,0.020955
-0.00067677,0.35373,0.033753
-0.00068433,0.36689,0.04959
-0.0010602,0.37968,0.047943
-0.0022099,0.39272,0.046471
-0.0048646,0.40601,0.045107
-0.0090238,0.41955,0.043819
-0.014692,0.43333,0.042579
-0.021871,0.44735,0.04137
-0.030569,0.46161,0.040177
-0.04079,0.4761,0.038991
-0.052542,0.49082,0.037805
-0.065829,0.50578,0.036611
-0.066002,0.45138,0.030904
-0.066384,0.40043,0.025419
-0.066974,0.35285,0.020305
-0.067769,0.30856,0.015655
-0.068767,0.26747,0.011526
-0.069965,0.22953,0.0079509
-0.071362,0.19468,0.0049541
-0.072956,0.16285,0.0025492
-0.074745,0.134,0.00074536
-0.076727,0.10807,-0.00045207
-0.07116,0.11449,-0.0010978
-0.065781,0.12109,-0.0012793
-0.060593,0.12787,-0.0014078
-0.055601,0.13483,-0.001708
-0.05081,0.14196,-0.0020938
-0.046224,0.14928,-0.002509
-0.041848,0.15676,-0.0029175
-0.037683,0.16443,-0.0032977
-0.033732,0.17227,-0.0036369
-0.029997,0.18029,-0.0039295
-0.030898,0.17244,-0.0078363
-0.031867,0.16465,-0.013976
-0.032906,0.15695,-0.022451
-0.034015,0.14933,-0.033332
-0.035195,0.1418,-0.046662
-0.036446,0.13436,-0.062469
-0.037768,0.12703,-0.080766
-0.039161,0.11981,-0.10156
-0.040622,0.11271,-0.12484
-0.042153,0.10572,-0.15061
-0.044639,0.13783,-0.15098
-0.047164,0.1745,-0.15144
-0.049727,0.21581,-0.15197
-0.052323,0.26184,-0.15259
-0.054953,0.31266,-0.15327
-0.057612,0.36832,-0.15403
-0.060302,0.42886,-0.15485
-0.063018,0.49428,-0.15571
-0.065761,0.5646,-0.15661
-0.068529,0.6398,-0.15752
-0.045367,0.6367,-0.14908
-0.027128,0.63344,-0.14232
-0.013794,0.63003,-0.13664
-0.005349,0.6265,-0.13167
-0.0017808,0.62284,-0.12718
-0.00019766,0.61907,-0.12306
0.0059873,0.6152,-0.11931
0.017029,0.61123,-0.11588
0.032924,0.60716,-0.11273
0.053676,0.60301,-0.10983
0.04434,0.60528,-0.077425
0.035792,0.60739,-0.05391
0.028083,0.60938,-0.036984
0.02125,0.61127,-0.025261
0.015321,0.61306,-0.017866
0.010318,0.61476,-0.014207
0.0062627,0.61638,-0.013515
0.0032467,0.61801,-0.011229
0.0012971,0.61967,-0.0062295
0.00041813,0.62137,0.0012805
0.00098489,0.6013,-0.0070302
0.0022497,0.58168,-0.011388
0.0041659,0.56247,-0.013264
0.0067023,0.54365,-0.013523
0.0098072,0.52515,-0.014176
0.013458,0.50695,-0.015798
0.017644,0.48905,-0.018218
0.022358,0.47146,-0.021322
0.027588,0.45416,-0.025031
0.033327,0.43715,-0.029285
0.03467,0.45823,-0.017956
0.035915,0.47964,-0.014149
0.037139,0.5015,-0.012913
0.038466,0.52402,-0.0061743
0.039888,0.54719,0.0058492
0.041396,0.571,0.022843
0.042983,0.59545,0.044585
0.044643,0.62053,0.07092
0.046372,0.64626,0.10173
0.048166,0.67262,0.13692
0.031417,0.65506,0.10268
0.018374,0.63835,0.074616
0.0089323,0.62236,0.051263
0.0030102,0.607,0.031828
0.0005374,0.59222,0.015835
-0.00082833,0.57794,0.0030309
-0.0053532,0.56414,-0.0067152
-0.013101,0.55075,-0.01353
-0.024047,0.53776,-0.017501
-0.038172,0.52512,-0.018697
-0.024773,0.49551,-0.017711
-0.014355,0.46727,-0.016323
-0.0068186,0.44032,-0.014588
-0.0020695,0.41457,-0.012536
-2.6176e-05,0.38996,-0.010183
0.0007832,0.3664,-0.0075557
0.0039765,0.34384,-0.0046953
0.0096861,0.32223,-0.0016044
0.017867,0.30151,0.001717
0.028484,0.28164,0.0052697
0.030898,0.30673,-0.0001685
0.033452,0.33306,-0.004768
0.036147,0.36063,-0.0087039
0.038982,0.38941,-0.01211
0.041957,0.4194,-0.015091
0.045074,0.45056,-0.017724
0.04833,0.48286,-0.020071
0.051728,0.51627,-0.022171
0.055265,0.55077,-0.02406
0.058942,0.5863,-0.025757
0.046622,0.57709,-0.024483
0.035918,0.56853,-0.022394
0.026745,0.56055,-0.019951
0.019031,0.55308,-0.017362
0.01271,0.54606,-0.014724
0.0077256,0.53946,-0.012081
0.0040246,0.53323,-0.0094578
0.0015616,0.52735,-0.0068631
0.00029374,0.52178,-0.0043046
1.0542e-06,0.51649,-0.0017855
