0.18014,0.11496,0.02056
0.16968,0.086944,0.011223
0.15968,0.062931,0.0053023
0.15014,0.042681,0.0018894
0.14106,0.025981,0.00038064
0.13243,0.012641,9.8618E-05
0.12424,0.0024955,-0.0010567
0.11651,-0.0046022,-0.0032812
0.10923,-0.0087784,-0.0064424
0.10241,-0.010136,-0.010421
0.095898,-0.010339,-0.015162
0.10158,-0.010128,-0.018554
0.1075,-0.01042,-0.022247
0.11383,-0.0098807,-0.026192
0.12062,-0.0084143,-0.0304
0.12789,-0.006008,-0.034823
0.13568,-0.0026474,-0.039471
0.14401,0.0016822,-0.044293
0.15292,0.0069963,-0.049302
0.16242,0.01331,-0.054441
0.17254,0.020638,-0.059724
0.1761,0.018143,-0.059137
0.17977,0.015686,-0.05944
0.18354,0.013272,-0.060436
0.18742,0.010904,-0.062046
0.1914,0.0085856,-0.064145
0.19548,0.0063198,-0.066703
0.19966,0.0041086,-0.069632
0.20394,0.0019548,-0.072927
0.20832,-0.00013972,-0.076521
0.2128,-0.0021727,-0.080422
0.2186,-0.0030026,-0.081401
0.22448,-0.0038142,-0.08239
0.23044,-0.0046082,-0.083353
0.23648,-0.0053845,-0.084327
0.24261,-0.0061439,-0.085277
0.24881,-0.0068861,-0.086239
0.25509,-0.0076117,-0.087179
0.26145,-0.0083204,-0.088132
0.26788,-0.0090127,-0.089066
0.2744,-0.0096882,-0.090013
0.29857,-0.012813,-0.065555
0.32397,-0.016018,-0.045021
0.35059,-0.019306,-0.027815
0.37841,-0.022677,-0.013529
0.40744,-0.026135,-0.0018234
0.43768,-0.029681,0.0075363
0.46912,-0.033316,0.014753
0.50178,-0.037044,0.019976
0.53566,-0.040865,0.023333
0.5707,-0.044816,0.026087
0.51623,-0.030474,0.024168
0.46506,-0.014824,0.022583
0.41714,0.0020793,0.021195
0.37238,0.020186,0.019957
0.33072,0.039455,0.018859
0.29212,0.059852,0.017903
0.25651,0.081351,0.017101
0.22385,0.10393,0.016462
0.1941,0.12759,0.016002
0.16722,0.1523,0.015733
0.16629,0.13597,0.015248
0.16569,0.12095,0.014523
0.1654,0.10713,0.013495
0.16538,0.094391,0.012239
0.16563,0.082655,0.01081
0.16612,0.071836,0.0092436
0.16684,0.061862,0.0075689
0.16777,0.052668,0.0058045
0.16891,0.044198,0.0039687
0.17023,0.0364,0.0020723
0.15752,0.033696,0.0035687
0.14536,0.031078,0.0038992
0.13372,0.028542,0.0034447
0.1226,0.026092,0.002396
0.112,0.023735,0.0008414
0.10191,0.02148,-0.0011936
0.092337,0.019338,-0.0037153
0.083296,0.01732,-0.0067516
0.074791,0.015439,-0.010339
0.06683,0.013706,-0.014521
0.087359,0.012822,-0.0081677
0.11099,0.011649,-0.002052
0.13777,0.010179,0.0038428
0.16774,0.0084045,0.0095241
0.20094,0.0063175,0.014989
0.23741,0.003912,0.020226
0.27717,0.0011821,0.025215
0.32028,-0.0018773,0.029935
0.36672,-0.0052959,0.034731
0.41643,-0.0091462,0.040587
0.4065,-0.0067157,0.045151
0.39636,-0.0044494,0.052911
0.38605,-0.002322,0.063359
0.3756,-0.00031746,0.076155
0.36501,0.0015744,0.091053
0.35432,0.0033605,0.10788
0.34351,0.0050456,0.12649
0.33261,0.0066333,0.14678
0.32162,0.0081267,0.16863
0.31055,0.0095281,0.19198
0.3228,-0.0044401,0.21176
0.3356,-0.017555,0.23068
0.34897,-0.029838,0.24881
0.36288,-0.04131,0.26623
0.37734,-0.051992,0.28298
0.39234,-0.061903,0.29913
0.40789,-0.071059,0.31467
0.42399,-0.079479,0.32965
0.44063,-0.087174,0.34402
0.45783,-0.094163,0.35783
0.45041,-0.082747,0.2699
0.44027,-0.073146,0.20794
0.42854,-0.064634,0.16231
0.41581,-0.056835,0.12781
0.40242,-0.049539,0.10137
0.38861,-0.042625,0.081094
0.37452,-0.03602,0.065727
0.36025,-0.029678,0.05441
0.34588,-0.02357,0.046512
0.33145,-0.017675,0.041569
0.33793,-0.023122,0.043578
0.34452,-0.028369,0.04572
0.35125,-0.033395,0.047843
0.35814,-0.038191,0.049879
0.36518,-0.04275,0.051807
0.37237,-0.047068,0.053625
0.37972,-0.051142,0.055344
0.38723,-0.05497,0.056955
0.39489,-0.058549,0.058477
0.40271,-0.061877,0.059925
0.43263,-0.06169,0.05781
0.46367,-0.060261,0.057797
0.4959,-0.057558,0.059626
0.52934,-0.053557,0.063103
0.5641,-0.048192,0.067644
0.6004,-0.041271,0.071526
0.63827,-0.032781,0.074654
0.67769,-0.022725,0.077075
0.71867,-0.011109,0.07883
0.76119,0.0020624,0.079944
0.71664,0.0023081,0.08509
0.6746,0.0029991,0.084259
0.63466,0.0038921,0.079894
0.59594,0.0042694,0.07855
0.55831,0.0040617,0.080968
0.52174,0.0033174,0.086902
0.48622,0.0020686,0.096196
0.45174,0.00034674,0.10874
0.41827,-0.0018234,0.12446
0.38579,-0.0044188,0.14328
0.37244,0.010749,0.13555
0.35995,0.026715,0.12787
0.34825,0.043471,0.12036
0.33729,0.061014,0.11311
0.32701,0.079342,0.10618
0.31737,0.098454,0.099627
0.30832,0.11835,0.093488
0.29983,0.13903,0.087792
0.29186,0.1605,0.082574
0.28439,0.18276,0.077849
0.24901,0.17376,0.051918
0.21581,0.16503,0.038871
0.18519,0.15691,0.032744
0.15797,0.15035,0.022488
0.13399,0.14515,0.0078376
0.11299,0.14102,-0.010425
0.094773,0.13773,-0.031768
0.079159,0.1351,-0.055858
0.066009,0.13295,-0.082435
0.055204,0.13114,-0.11136
0.066147,0.1398,-0.097512
0.079151,0.14896,-0.084712
0.094261,0.15863,-0.072799
0.11153,0.16881,-0.061715
0.131,0.17953,-0.051355
0.15272,0.19076,-0.041696
0.17675,0.20253,-0.032665
0.20313,0.2148,-0.02427
0.2319,0.22759,-0.016466
0.2631,0.24085,-0.0092835
0.26483,0.2615,-0.0082508
0.26674,0.28302,-0.0085097
0.26882,0.30537,-0.0097525
0.27104,0.32853,-0.011832
0.27341,0.3525,-0.0146
0.27591,0.37726,-0.018012
0.27854,0.40281,-0.021984
0.2813,0.42915,-0.026522
0.28418,0.45626,-0.03157
0.28718,0.48415,-0.037165
0.25918,0.41552,-0.050705
0.23316,0.35319,-0.060067
0.20904,0.29684,-0.066314
0.18675,0.24618,-0.070252
0.16621,0.20091,-0.07235
0.14734,0.16076,-0.073027
0.13008,0.12548,-0.072508
0.11436,0.094822,-0.071056
0.10012,0.068582,-0.068796
0.087304,0.04655,-0.065921
0.079794,0.049233,-0.04448
0.072727,0.052236,-0.029229
0.066098,0.055448,-0.018456
0.0599,0.058797,-0.01107
0.054124,0.062229,-0.0062904
0.048764,0.065704,-0.0035922
0.043809,0.06919,-0.0025804
0.039333,0.072648,-0.0021194
0.03548,0.076047,-0.00056159
0.032255,0.079392,0.0019572
0.034242,0.07041,-3.778E-05
0.036768,0.061788,-0.0015874
0.039815,0.053514,-0.0028616
0.04337,0.045575,-0.0039797
0.047419,0.03796,-0.0050098
0.051954,0.03066,-0.0060037
0.056962,0.023668,-0.0069879
0.062437,0.016979,-0.007986
0.068368,0.010591,-0.0090074
0.07475,0.0045044,-0.010064
0.071881,0.003629,-0.010675
0.069035,0.002735,-0.011225
0.066236,0.0018338,-0.011591
0.063512,0.00093874,-0.011656
0.060822,4.9774E-05,-0.011671
0.058075,-0.00084731,-0.012132
0.055245,-0.0017536,-0.013136
0.052308,-0.0026709,-0.014766
0.049241,-0.0036013,-0.017098
0.046018,-0.0045477,-0.020199
0.047402,-0.00033462,-0.017576
0.048863,0.0047548,-0.015722
0.050387,0.010727,-0.014684
0.051964,0.017595,-0.014495
0.053587,0.025378,-0.015188
0.055322,0.034117,-0.016506
0.057444,0.043927,-0.017426
0.059996,0.054852,-0.017861
0.063007,0.066931,-0.01783
0.066496,0.080199,-0.017341
0.064949,0.073304,-0.018165
0.063495,0.066684,-0.018671
0.062122,0.060336,-0.018947
0.060818,0.054255,-0.019036
0.059577,0.048437,-0.018988
0.058391,0.04288,-0.018825
0.057262,0.037583,-0.018582
0.056183,0.032543,-0.018267
0.055157,0.02776,-0.017907
0.054179,0.023232,-0.017501
0.048483,0.021864,-0.016938
0.043023,0.020591,-0.016128
0.037844,0.019416,-0.015048
0.032982,0.018337,-0.013668
0.028371,0.017307,-0.012305
0.023892,0.016258,-0.011371
0.019565,0.015175,-0.010909
0.015408,0.014041,-0.010942
0.011442,0.012838,-0.011511
0.0076903,0.011549,-0.012635
0.010968,0.0137,-0.0108
0.014223,0.015873,-0.0098751
0.017466,0.018081,-0.0098622
0.020705,0.020338,-0.010749
0.024103,0.022725,-0.012127
0.028044,0.025435,-0.012934
0.032558,0.028496,-0.013142
0.037643,0.031922,-0.012758
0.043302,0.035729,-0.011816
0.049533,0.039929,-0.010321
0.049994,0.035915,-0.011766
0.050636,0.032081,-0.012879
0.051436,0.028409,-0.013748
0.052374,0.024885,-0.014411
0.053437,0.021496,-0.014924
0.054614,0.018232,-0.015309
0.055899,0.015085,-0.015602
0.057285,0.012045,-0.015815
0.058769,0.0091062,-0.015973
0.060348,0.0062611,-0.016083
0.07084,0.017769,-0.02179
0.082961,0.032553,-0.02848
0.096796,0.050761,-0.036211
0.11243,0.072536,-0.04501
0.12993,0.098012,-0.054897
0.14939,0.12732,-0.065858
0.17089,0.16056,-0.077867
0.19451,0.19786,-0.090867
0.22032,0.2393,-0.10479
0.24839,0.28498,-0.11954
0.23434,0.23694,-0.098429
0.22385,0.19481,-0.069498
0.21638,0.15814,-0.034125
0.21157,0.1266,0.0068619
0.20912,0.099956,0.052912
0.20881,0.077983,0.10364
0.21044,0.060514,0.15877
0.21385,0.047396,0.21808
0.21888,0.038506,0.28138
0.22538,0.033727,0.3485
0.19462,0.031381,0.30504
0.1687,0.030715,0.27449
0.1464,0.030993,0.25234
0.12694,0.031773,0.23588
0.10987,0.032794,0.22346
0.094844,0.033878,0.21395
0.081647,0.034919,0.20665
0.070101,0.035831,0.20102
0.060084,0.036568,0.19671
0.05149,0.037085,0.19343
0.041632,0.03182,0.16688
0.033122,0.027121,0.14272
0.025871,0.022941,0.12088
0.019782,0.019224,0.10119
0.014775,0.01593,0.083575
0.010762,0.013012,0.067889
0.0076701,0.010433,0.054077
0.0054212,0.0081527,0.042009
0.0037826,0.0061947,0.031642
0.0021558,0.0047057,0.022886
0.0019939,0.0044374,0.015814
0.0018806,0.0044727,0.0099177
0.001849,0.004792,0.0052818
0.0021413,0.0052967,0.0019403
0.0027664,0.0059671,-5.6344E-05
0.0036969,0.0067918,-0.00070364
0.0048592,0.0076366,-0.0015266
0.0062363,0.00842,-0.0036595
0.0078616,0.0091599,-0.0070725
0.0097682,0.0098737,-0.011758
0.012792,0.011863,-0.0051395
0.016171,0.013696,-0.0014459
0.019945,0.01542,-0.00040553
0.024039,0.017295,0.002108
0.028339,0.01939,0.0076661
0.03275,0.02168,0.016257
0.037185,0.024135,0.027854
0.041563,0.026726,0.042376
0.045811,0.029425,0.059739
0.049866,0.032204,0.079807
0.047724,0.019285,0.07917
0.046008,0.0082868,0.080303
0.044727,-0.00086968,0.082855
0.043898,-0.0082529,0.086577
0.043543,-0.013921,0.091316
0.043693,-0.017927,0.096957
0.044381,-0.020313,0.10343
0.045192,-0.022339,0.11063
0.04539,-0.026115,0.1184
0.044992,-0.031691,0.12668
0.049951,-0.036162,0.10414
0.054779,-0.041005,0.083678
0.059393,-0.046242,0.065523
0.063716,-0.051899,0.049882
0.067675,-0.058006,0.036891
0.071204,-0.064594,0.026675
0.07424,-0.071695,0.01932
0.076722,-0.079343,0.014909
0.078592,-0.087571,0.013504
0.080422,-0.096309,0.01222
0.077159,-0.086633,0.013537
0.07416,-0.077478,0.014325
0.070774,-0.068989,0.017286
0.066958,-0.06121,0.022343
0.062668,-0.054181,0.029401
0.057876,-0.04794,0.038392
0.052552,-0.042519,0.04925
0.046675,-0.037948,0.061954
0.040228,-0.034248,0.076443
0.033207,-0.031441,0.09272
0.040398,-0.026694,0.059263
0.044907,-0.023619,0.035888
0.047222,-0.021876,0.020658
0.048159,-0.019984,0.012539
0.048046,-0.017606,0.010505
0.048809,-0.014187,0.006614
0.051251,-0.0094246,-0.0025939
0.055311,-0.0032533,-0.017024
0.060948,0.0044018,-0.036663
0.068128,0.013604,-0.061473
0.071643,0.0016914,-0.07478
0.076728,-0.0073942,-0.088478
0.083377,-0.013664,-0.10259
0.091568,-0.01713,-0.11708
0.10055,-0.019614,-0.13228
0.10871,-0.02495,-0.14883
0.11598,-0.03327,-0.16672
0.12228,-0.044598,-0.18592
0.12759,-0.058952,-0.20639
0.13185,-0.076358,-0.22808
0.1331,-0.068891,-0.16738
0.13632,-0.063329,-0.12069
0.14065,-0.059933,-0.084054
0.14552,-0.058859,-0.055037
0.1506,-0.060203,-0.032088
0.15568,-0.064,-0.01416
0.16202,-0.066966,-6.2169E-05
0.17044,-0.066992,0.010975
0.18087,-0.064125,0.019246
0.19327,-0.058396,0.024948
0.18977,-0.057553,0.024081
0.18632,-0.056672,0.023053
0.18292,-0.055755,0.021892
0.17956,-0.054807,0.020611
0.17623,-0.053831,0.019239
0.1729,-0.052837,0.017914
0.16958,-0.051831,0.016696
0.16627,-0.050812,0.015572
0.16295,-0.049781,0.014537
0.15964,-0.048739,0.013579
0.15054,-0.042368,0.014169
0.14177,-0.036249,0.016002
0.13333,-0.030378,0.019107
0.12523,-0.024748,0.023485
0.11749,-0.019351,0.029148
0.11011,-0.014175,0.036083
0.10312,-0.0092108,0.044295
0.096525,-0.0044441,0.053761
0.090352,0.00013674,0.064486
0.084623,0.004546,0.076437
0.082299,-0.0072328,0.069514
0.080827,-0.017141,0.062881
0.080187,-0.025221,0.056541
0.080361,-0.031506,0.050464
0.081332,-0.036021,0.04465
0.083086,-0.038779,0.039073
0.08542,-0.040207,0.033724
0.087084,-0.042977,0.028565
0.087841,-0.047562,0.023638
0.087674,-0.053965,0.018977
0.079492,-0.049262,0.014997
0.071671,-0.044668,0.011473
0.064222,-0.040197,0.008385
0.057155,-0.035864,0.0057135
0.050482,-0.031685,0.0034448
0.04421,-0.027679,0.0015661
0.038349,-0.023864,6.711E-05
0.032904,-0.020261,-0.0010599
0.027882,-0.016891,-0.0018226
0.023285,-0.013778,-0.002225
0.026193,-0.013612,-0.00060318
0.029181,-0.013985,0.0025095
0.032287,-0.014904,0.0070887
0.035844,-0.015757,0.013074
0.040095,-0.016102,0.020393
0.045085,-0.015904,0.029008
0.050856,-0.015126,0.038855
0.057431,-0.013723,0.049898
0.064837,-0.011656,0.062054
0.073093,-0.0088839,0.075281
0.066832,-0.00261,0.05551
0.061542,0.0038921,0.039496
0.057139,0.010609,0.026492
0.053564,0.017534,0.016003
0.050777,0.02467,0.0076415
0.048746,0.032026,0.0011462
0.047452,0.039615,-0.003691
0.04688,0.047457,-0.0070073
0.047022,0.055574,-0.0089133
0.047846,0.063988,-0.0096405
0.056296,0.069652,-0.0089013
0.066644,0.07583,-0.0026159
0.078932,0.082594,0.0092091
0.093164,0.089991,0.026408
0.10933,0.098056,0.048784
0.12741,0.10681,0.076151
0.14737,0.11626,0.1083
0.16917,0.12641,0.14506
0.19278,0.13727,0.18625
0.21814,0.14881,0.23176
0.21098,0.15875,0.19415
0.20512,0.16879,0.16232
0.20032,0.17892,0.13489
0.19643,0.18912,0.11099
0.19334,0.19937,0.090007
0.19097,0.20967,0.071512
0.18926,0.22003,0.055187
0.18816,0.23043,0.04081
0.18762,0.24089,0.028199
0.18762,0.25139,0.017228
0.1865,0.25859,0.015172
0.18567,0.26579,0.013092
0.18513,0.27299,0.011036
0.18489,0.2802,0.0090392
0.18495,0.28742,0.0071203
0.18529,0.29465,0.0052981
0.18593,0.30188,0.0035849
0.18685,0.30913,0.0019887
0.18806,0.31638,0.0005189
0.18955,0.32364,-0.00082492
0.17722,0.29079,-0.0023289
0.16641,0.25936,-0.0030521
0.15707,0.22927,-0.0032776
0.14917,0.20047,-0.0031814
0.14269,0.17292,-0.0028725
0.13759,0.14657,-0.0024192
0.13387,0.12138,-0.0018664
0.13152,0.097309,-0.0012372
0.13052,0.07433,-0.00055326
0.13086,0.052413,0.00017512
0.12685,0.0651,0.002131
0.12362,0.077911,0.0040314
0.12116,0.09085,0.0057599
0.11945,0.10392,0.0072625
0.11847,0.11713,0.0085191
0.11824,0.13047,0.0095331
0.11873,0.14394,0.010318
0.11995,0.15756,0.010895
0.12189,0.17131,0.011287
0.12455,0.18519,0.011518
0.10666,0.1525,0.0099229
0.090816,0.12309,0.0086585
0.076958,0.096811,0.0076045
0.065031,0.073528,0.0066875
0.054983,0.053103,0.0058791
0.046771,0.035411,0.0051636
0.04035,0.02033,0.0045348
0.035679,0.0077477,0.0039899
0.032711,-0.0024367,0.0035278
0.031392,-0.010304,0.0031468
0.029551,-0.0043522,0.0017782
0.028504,0.0023412,0.0011947
0.028304,0.0097558,0.00062239
0.029,0.017879,-0.00073971
0.030605,0.026721,-0.0029052
0.033128,0.036296,-0.0058864
0.036575,0.046619,-0.0096974
0.040948,0.057711,-0.014356
0.046249,0.069588,-0.019887
0.052476,0.082269,-0.026316
0.051096,0.080392,-0.017677
0.049828,0.078588,-0.010231
0.048682,0.076845,-0.0044607
0.04766,0.075148,-0.00077723
0.046759,0.073487,0.0004808
0.045887,0.071887,0.0018749
0.044956,0.070367,0.0061942
0.043969,0.068913,0.013619
0.042928,0.067508,0.024294
0.041842,0.066136,0.038336
0.044956,0.070604,0.037763
0.048201,0.075214,0.036641
0.051571,0.079965,0.03502
0.055063,0.084859,0.032967
0.058675,0.089896,0.030552
0.062403,0.095078,0.027852
0.066246,0.1004,0.024947
0.070202,0.10587,0.02191
0.074271,0.11149,0.018819
0.078451,0.11725,0.015744
0.065221,0.097985,0.011055
0.05336,0.080725,0.0079809
0.042833,0.06537,0.0059543
0.033606,0.051833,0.0046246
0.025642,0.040028,0.003772
0.018904,0.029874,0.0032568
0.013356,0.021292,0.002992
0.0089066,0.014237,0.0029261
0.0052555,0.0087921,0.0030351
0.0023235,0.0049001,0.0033117
0.0028064,0.0059133,0.0022286
0.0033238,0.0070053,0.0013507
0.0038716,0.0081689,0.00067933
0.0044461,0.0093974,0.00021633
0.0050437,0.010684,-3.6515E-05
0.0056606,0.012025,-0.00010533
0.0062884,0.013413,-0.00030156
0.0069223,0.014846,-0.00071221
0.0075594,0.016319,-0.0013386
0.0081976,0.017829,-0.0021817
0.011445,0.020441,-0.0013183
0.014555,0.023582,-0.00072246
0.017536,0.027257,-0.00039078
0.020429,0.031447,-0.00032009
0.02372,0.035851,-0.0002082
0.027567,0.040373,0.00016298
0.03197,0.045021,0.0007916
0.036927,0.049802,0.0016745
0.042436,0.054721,0.0028065
0.048498,0.059786,0.004181
0.046988,0.05106,0.0023429
0.046265,0.042402,0.00096635
0.046317,0.0338,3.4904E-05
0.047134,0.025243,-0.00046366
0.04871,0.016719,-0.00057859
0.051039,0.008214,-0.00091249
0.054122,-0.00028473,-0.0016622
0.057965,-0.0087903,-0.0028205
0.062581,-0.017315,-0.0043829
0.067981,-0.025872,-0.0063443
0.065855,-0.02085,-0.0076825
0.063988,-0.015706,-0.0091852
0.062385,-0.010445,-0.010853
0.061047,-0.005069,-0.012685
0.059979,0.00042002,-0.014681
0.059184,0.0060211,-0.016841
0.058666,0.011734,-0.019164
0.058427,0.01756,-0.021648
0.058471,0.023499,-0.024294
0.058802,0.029555,-0.027099
0.064466,0.029353,-0.026458
0.070524,0.029071,-0.025582
0.076984,0.028704,-0.024494
0.083853,0.02825,-0.023219
0.091136,0.027705,-0.021786
0.098839,0.027067,-0.020228
0.10697,0.02633,-0.018574
0.11553,0.025492,-0.016856
0.12452,0.024547,-0.015102
0.13396,0.023492,-0.013344
0.13379,0.022266,-0.011917
0.13355,0.021064,-0.010621
0.13324,0.019888,-0.0094328
0.13285,0.018739,-0.0083397
0.13238,0.017618,-0.0073293
0.13184,0.016525,-0.006396
0.13123,0.015461,-0.0055338
0.13055,0.014428,-0.0047414
0.12979,0.013426,-0.0040167
0.12896,0.012455,-0.003361
0.13674,0.008905,-0.015715
0.14471,0.0050327,-0.037487
0.15286,0.00080628,-0.06818
0.16119,-0.0037953,-0.10736
0.16969,-0.0087836,-0.15461
0.17835,-0.014162,-0.20959
0.18718,-0.019928,-0.27193
0.19618,-0.026075,-0.34136
0.20537,-0.032591,-0.41758
0.21473,-0.039463,-0.50037
0.2149,-0.002178,-0.33711
0.21771,0.035378,-0.21927
0.22296,0.073386,-0.13343
0.23053,0.11206,-0.072365
0.2404,0.15162,-0.031814
0.2526,0.19234,-0.0091741
0.26721,0.23447,-0.0026865
0.28452,0.27825,0.0054661
0.30477,0.3239,0.027854
0.32811,0.37157,0.063869
0.34109,0.39075,0.078715
0.35447,0.41028,0.095044
0.36824,0.43017,0.11273
0.38239,0.45041,0.13163
0.39694,0.471,0.15159
0.41187,0.49193,0.17248
0.42719,0.5132,0.19414
0.44288,0.53481,0.21643
0.45896,0.55674,0.23921
0.47541,0.57901,0.26235
0.44324,0.51628,0.1885
0.41625,0.45673,0.13647
0.39387,0.39985,0.097681
0.3757,0.34528,0.067854
0.36141,0.29269,0.044665
0.35076,0.24185,0.02674
0.34353,0.19252,0.013215
0.33955,0.14452,0.0035039
0.3387,0.097686,-0.0028047
0.34087,0.05187,-0.0060216
0.32061,0.061116,-0.00089613
0.3017,0.069923,0.007591
0.28406,0.078286,0.018106
0.2676,0.086202,0.029947
0.25226,0.09367,0.042736
0.238,0.10069,0.056258
0.22477,0.10726,0.070384
0.21252,0.11339,0.085037
0.20122,0.11907,0.10016
0.19083,0.12431,0.11571
0.1776,0.13464,0.06312
0.16671,0.14411,0.028401
0.15803,0.15263,0.0071033
0.15145,0.16013,-0.0034432
0.14688,0.16654,-0.0058146
0.14398,0.17168,-0.012355
0.14266,0.17547,-0.026131
0.14289,0.17785,-0.046606
0.14339,0.17982,-0.073375
0.14213,0.183,-0.10611
0.13603,0.16929,-0.07874
0.12799,0.15725,-0.057314
0.12235,0.1435,-0.040488
0.11977,0.12757,-0.027401
0.12037,0.10947,-0.01749
0.1242,0.089202,-0.010385
0.13131,0.066803,-0.0058394
0.1417,0.042302,-0.0036843
0.15536,0.015755,-0.0029115
0.17233,-0.012741,-0.00026389
0.16393,0.0004486,0.00032622
0.15633,0.013352,0.00083007
0.14954,0.025958,0.001248
0.14356,0.038255,0.0015856
0.13841,0.050233,0.0018479
0.13409,0.06188,0.002043
0.1306,0.073186,0.0021763
0.12796,0.084138,0.0022571
0.12615,0.094727,0.0022903
0.12518,0.10494,0.0022828
0.11929,0.095742,0.0061838
0.11378,0.086962,0.010871
0.10865,0.078574,0.016327
0.10386,0.070555,0.022538
0.099404,0.062882,0.02949
0.095258,0.055535,0.037173
0.091409,0.048496,0.045574
0.087842,0.041747,0.054687
0.084545,0.035275,0.064502
0.081505,0.029066,0.075012
0.080195,0.040032,0.064685
0.079861,0.050688,0.05575
0.080478,0.061048,0.047938
0.082025,0.071124,0.041057
0.084491,0.080926,0.034959
0.087867,0.09046,0.029535
0.09215,0.099729,0.024697
0.09734,0.10873,0.02038
0.10344,0.11747,0.016531
0.11046,0.12594,0.013108
0.12041,0.13672,0.012154
0.13112,0.14784,0.010965
0.14259,0.1593,0.009589
0.15485,0.1711,0.0080737
0.16789,0.18324,0.0064688
0.18174,0.19571,0.004823
0.19639,0.20851,0.0031824
0.21186,0.22163,0.0015891
0.22814,0.23507,8.2108E-05
0.24524,0.24881,-0.0013066
0.25124,0.2478,-0.00014521
0.25762,0.24634,0.0012469
0.26439,0.24442,0.0028816
0.27154,0.24204,0.0047614
0.27907,0.23921,0.0068949
0.28698,0.23592,0.0092779
0.29525,0.23218,0.011911
0.3039,0.22799,0.014786
0.31292,0.22335,0.017901
0.32229,0.21825,0.021247
0.28493,0.1695,0.033918
0.25191,0.12563,0.046891
0.22295,0.086302,0.060028
0.19782,0.051232,0.073281
0.17629,0.020158,0.086639
0.15819,-0.0071498,0.1001
0.14336,-0.03089,0.11367
0.13166,-0.051238,0.12736
0.12301,-0.068337,0.14115
0.11731,-0.082308,0.15505
0.11253,-0.080621,0.13271
0.1079,-0.07893,0.11295
0.10343,-0.077235,0.095351
0.099103,-0.075537,0.079642
0.094922,-0.073834,0.065621
0.090885,-0.072126,0.053148
0.08699,-0.070412,0.04212
0.083236,-0.068689,0.032462
0.079622,-0.066956,0.024119
0.076146,-0.065213,0.017051
0.084251,-0.070613,0.014555
0.093073,-0.076286,0.012549
0.10265,-0.082257,0.010951
0.11301,-0.088552,0.009693
0.1242,-0.095193,0.0087199
0.13625,-0.1022,0.0079889
0.14919,-0.10961,0.0074653
0.16303,-0.11742,0.0071227
0.17782,-0.12566,0.006941
0.19357,-0.13435,0.0069062
0.19563,-0.13062,0.0064272
0.19792,-0.12673,0.0055565
0.20044,-0.12266,0.0044406
0.20321,-0.11841,0.0032121
0.20622,-0.11399,0.0019862
0.20947,-0.10938,0.00085783
0.21297,-0.10457,-9.5546E-05
0.21673,-0.099572,-0.00081303
0.22073,-0.09437,-0.0012461
0.22499,-0.088965,-0.0014098
0.23186,-0.10553,-0.0013368
0.23929,-0.12236,-0.0012949
0.24727,-0.13947,-0.0012426
0.25581,-0.15685,-0.0011857
0.2649,-0.1745,-0.001123
0.27455,-0.19243,-0.001055
0.28477,-0.21063,-0.00098063
0.29555,-0.22912,-0.00090299
0.30689,-0.24789,-0.00082138
0.31879,-0.26693,-0.0007391
0.31921,-0.26667,0.00094865
0.31958,-0.2664,0.0034268
0.3199,-0.26614,0.0066286
0.32018,-0.26588,0.010505
0.32042,-0.26563,0.015028
0.32061,-0.26538,0.020171
0.32075,-0.26513,0.02592
0.32085,-0.2649,0.032259
0.32091,-0.26466,0.03918
0.32093,-0.26444,0.046671
0.34763,-0.28362,0.0412
0.37545,-0.30346,0.036226
0.40441,-0.32397,0.031649
0.43448,-0.34516,0.027388
0.46567,-0.36701,0.023388
0.49797,-0.38955,0.019601
0.53137,-0.41277,0.015998
0.56588,-0.43668,0.012551
0.60147,-0.46129,0.0092449
0.63816,-0.48659,0.0060609
0.65067,-0.50747,0.0030864
0.66359,-0.52858,0.0010102
0.6769,-0.54992,-0.00053338
0.69059,-0.57152,-0.0017545
0.70467,-0.59337,-0.0027625
0.71912,-0.61548,-0.0036303
0.73395,-0.63787,-0.0043905
0.74915,-0.66054,-0.0050718
0.76472,-0.68349,-0.00568
0.78066,-0.70673,-0.0062285
0.69044,-0.61835,-0.010062
0.60714,-0.53709,-0.012424
0.53045,-0.46262,-0.012911
0.46006,-0.39462,-0.012088
0.39565,-0.33278,-0.013089
0.33696,-0.27681,-0.016322
0.28376,-0.22646,-0.021805
0.23582,-0.18151,-0.029555
0.19293,-0.14172,-0.039585
0.15489,-0.10689,-0.051905
0.16359,-0.10341,-0.052742
0.17295,-0.099394,-0.05351
0.18299,-0.094847,-0.054211
0.19371,-0.089771,-0.054853
0.20511,-0.084166,-0.055438
0.21719,-0.078033,-0.055971
0.22996,-0.071375,-0.056451
0.2434,-0.064193,-0.056883
0.25753,-0.056488,-0.057267
0.27234,-0.048262,-0.057604
0.26258,-0.055921,-0.049851
0.25316,-0.063186,-0.043523
0.24408,-0.070073,-0.038249
0.23534,-0.076593,-0.033783
0.22694,-0.082758,-0.029955
0.21888,-0.088578,-0.026645
0.21114,-0.094059,-0.023767
0.20373,-0.09921,-0.021256
0.19664,-0.10404,-0.019065
0.18986,-0.10855,-0.017155
0.18812,-0.093921,-0.018135
0.18701,-0.079401,-0.018933
0.18652,-0.064978,-0.019566
0.18663,-0.050644,-0.020051
0.18733,-0.03639,-0.02041
0.1886,-0.022209,-0.020652
0.19042,-0.008095,-0.020798
0.1928,0.0059582,-0.020857
0.19571,0.019956,-0.020846
0.19916,0.033903,-0.020775
0.21829,0.018466,-0.014728
0.23903,0.00098288,-0.011037
0.26144,-0.018643,-0.0093368
0.28558,-0.040499,-0.0093399
0.31151,-0.064671,-0.010612
0.33931,-0.091291,-0.011296
0.36905,-0.12043,-0.01111
0.40076,-0.15212,-0.010158
0.43448,-0.18641,-0.0085279
0.47023,-0.22333,-0.0062877
0.46999,-0.25948,-0.01264
0.47121,-0.29523,-0.017524
0.47384,-0.3306,-0.021382
0.47787,-0.36561,-0.024465
0.48328,-0.40027,-0.026917
0.49005,-0.43461,-0.028824
0.49815,-0.46863,-0.030333
0.50757,-0.50233,-0.032194
0.51829,-0.53572,-0.034538
0.53029,-0.56881,-0.037354
0.52262,-0.5607,-0.03397
0.5151,-0.5528,-0.031294
0.50785,-0.54528,-0.02381
0.50088,-0.53813,-0.011494
0.49416,-0.53132,0.0056585
0.4877,-0.52484,0.027651
0.48148,-0.51867,0.05449
0.47549,-0.5128,0.086185
0.46973,-0.50722,0.12274
0.4642,-0.5019,0.16417
0.43207,-0.45695,0.14393
0.40238,-0.41421,0.12445
0.37504,-0.37354,0.10601
0.34994,-0.33482,0.088776
0.32702,-0.29795,0.072838
0.3062,-0.26282,0.058275
0.28739,-0.22932,0.045132
0.27055,-0.19738,0.033449
0.2556,-0.16689,0.023251
0.24248,-0.13779,0.014563
0.26328,-0.15283,0.025216
0.28496,-0.16848,0.037488
0.30749,-0.18472,0.051232
0.33087,-0.20156,0.066346
0.35507,-0.21899,0.082749
0.38008,-0.23703,0.10039
0.40589,-0.25569,0.11921
0.43248,-0.27497,0.13919
0.45983,-0.2949,0.16027
0.48793,-0.31549,0.18244
0.46657,-0.31221,0.193
0.44592,-0.3085,0.19736
0.42598,-0.30445,0.1973
0.40677,-0.30011,0.19409
0.38827,-0.29553,0.18854
0.37048,-0.29074,0.18127
0.35337,-0.28578,0.17268
0.33693,-0.28066,0.16312
0.32113,-0.27542,0.15283
0.30597,-0.27006,0.14201
0.28671,-0.25154,0.16395
0.26819,-0.23364,0.18535
0.25041,-0.21636,0.2063
0.23335,-0.19971,0.22685
0.21702,-0.18369,0.24704
0.20141,-0.16833,0.26688
0.1865,-0.15361,0.28639
0.17229,-0.13955,0.30558
0.15878,-0.12614,0.32445
0.14596,-0.11341,0.34299
0.14615,-0.11044,0.30242
0.14654,-0.10791,0.27017
0.14705,-0.10574,0.24374
0.14763,-0.10386,0.22155
0.14826,-0.10222,0.20252
0.14892,-0.1008,0.18593
0.14958,-0.099567,0.17125
0.15025,-0.09851,0.1581
0.15091,-0.097614,0.14622
0.15155,-0.096868,0.13538
0.14178,-0.093887,0.15412
0.13258,-0.090879,0.17376
0.12391,-0.087851,0.19433
0.11574,-0.08481,0.21587
0.10806,-0.081761,0.23842
0.10082,-0.078706,0.26197
0.094021,-0.075651,0.28656
0.087633,-0.072594,0.31218
0.081641,-0.06954,0.33883
0.076029,-0.066486,0.36652
0.077914,-0.063264,0.30444
0.080492,-0.060078,0.25387
0.083682,-0.056865,0.21184
0.087427,-0.053579,0.17639
0.091691,-0.05019,0.14619
0.096444,-0.046672,0.12026
0.10167,-0.043009,0.097911
0.10734,-0.039186,0.078619
0.11346,-0.03519,0.061986
0.12001,-0.031013,0.0477
0.10838,-0.029346,0.040722
0.097505,-0.027714,0.033623
0.087353,-0.026122,0.026766
0.077906,-0.024572,0.020407
0.069142,-0.023065,0.014726
0.06104,-0.021603,0.0098447
0.053575,-0.020183,0.0058469
0.046723,-0.018805,0.0027844
0.040462,-0.017466,0.00069166
0.034767,-0.016164,-0.00041341
0.033635,-0.019946,-0.00059076
0.032757,-0.023638,-0.00059911
0.032127,-0.027248,-0.00074275
0.031745,-0.030784,-0.0011337
0.031613,-0.034255,-0.0017939
0.031735,-0.037669,-0.0027436
0.032114,-0.041036,-0.0040006
0.032757,-0.044364,-0.0055828
0.03367,-0.047663,-0.0075055
0.034858,-0.050942,-0.0097863
0.038804,-0.050949,-0.014
0.045075,-0.049399,-0.018886
0.05372,-0.046244,-0.024441
0.064802,-0.041434,-0.030659
0.078393,-0.034919,-0.037506
0.09457,-0.026652,-0.044938
0.11341,-0.016586,-0.052887
0.13499,-0.0046839,-0.061284
0.15938,0.0090913,-0.070047
0.18664,0.024769,-0.079108
0.16651,0.010235,-0.072544
0.14793,-0.0030678,-0.066369
0.13089,-0.015151,-0.060464
0.11539,-0.026026,-0.054778
0.10145,-0.035705,-0.049278
0.089052,-0.0442,-0.043964
0.078203,-0.051525,-0.03884
0.068904,-0.057696,-0.033925
0.061155,-0.062727,-0.029237
0.054961,-0.066636,-0.024804
0.060909,-0.076656,-0.017363
0.067325,-0.087475,-0.011218
0.074235,-0.099136,-0.0062524
0.081665,-0.11168,-0.0023741
0.089639,-0.12514,0.00050282
0.098181,-0.13957,0.002449
0.10731,-0.15499,0.0035328
0.11705,-0.17144,0.0042119
0.12741,-0.18892,0.0056273
0.13841,-0.20746,0.0078027
0.13229,-0.19673,0.0063193
0.12647,-0.18637,0.0053939
0.12094,-0.17637,0.0047984
0.11568,-0.16671,0.0043935
0.11069,-0.15739,0.0040977
0.10595,-0.14839,0.003861
0.10146,-0.1397,0.0036561
0.097206,-0.13132,0.003467
0.093182,-0.12323,0.0032875
0.089379,-0.11542,0.0031148
0.089455,-0.12134,0.0024711
0.089825,-0.12721,0.00012372
0.090498,-0.13303,-0.0038798
0.091482,-0.1388,-0.00949
0.092783,-0.14453,-0.016658
0.094405,-0.15021,-0.02534
0.09635,-0.15584,-0.035491
0.098621,-0.16142,-0.047069
0.10122,-0.16696,-0.06003
0.10414,-0.17244,-0.074335
0.10455,-0.17052,-0.067429
0.1071,-0.16741,-0.061697
0.11177,-0.1631,-0.05682
0.11857,-0.15757,-0.052579
0.12748,-0.15081,-0.048808
0.1385,-0.14282,-0.045393
0.15164,-0.13359,-0.042242
0.16691,-0.12311,-0.039292
0.18429,-0.11138,-0.036488
0.20381,-0.098396,-0.033801
0.21155,-0.08235,-0.019981
0.22017,-0.066231,-0.010501
0.22964,-0.050017,-0.0040621
0.23996,-0.033695,0.00018845
0.25112,-0.017254,0.0028347
0.2631,-0.00069045,0.0042813
0.27592,0.016,0.0048205
0.28955,0.032818,0.0052916
0.30399,0.049764,0.0063522
0.31923,0.066833,0.0078754
0.31474,0.057354,0.0082001
0.31052,0.047773,0.0086349
0.30656,0.038081,0.0091607
0.30286,0.028272,0.0097561
0.29942,0.01834,0.010403
0.29623,0.0082796,0.011081
0.29329,-0.0019159,0.011774
0.29059,-0.012251,0.012464
0.28813,-0.022732,0.013136
0.2859,-0.033361,0.013776
0.25498,-0.060881,0.0082429
0.2278,-0.085876,0.0045211
0.20412,-0.10852,0.0022217
0.18374,-0.12898,0.001114
0.1665,-0.14738,0.0001746
0.15224,-0.16385,-0.0016293
0.14086,-0.17851,-0.0042509
0.13226,-0.19146,-0.0076642
0.12637,-0.20281,-0.011856
0.12313,-0.21264,-0.016826
0.10892,-0.18119,-0.009957
0.096389,-0.15175,-0.0048359
0.08546,-0.12437,-0.0017146
0.076077,-0.099077,-0.00072731
0.068178,-0.075953,0.00097317
0.061723,-0.055044,0.0051249
0.056695,-0.036376,0.0118
0.053093,-0.019966,0.021047
0.050931,-0.0058211,0.032896
0.050241,0.0060639,0.047355
0.058171,0.0033033,0.029396
0.066771,-0.00022689,0.015802
0.076003,-0.0045473,0.0063693
0.085832,-0.0096765,0.00096648
0.096226,-0.015628,-0.00061467
0.10714,-0.022348,-0.003437
0.11852,-0.029809,-0.010117
0.13035,-0.038019,-0.020589
0.1426,-0.046983,-0.03479
0.15525,-0.056706,-0.052655
0.15953,-0.065726,-0.067505
0.16398,-0.075069,-0.084257
0.16859,-0.084735,-0.1029
0.17334,-0.094727,-0.12344
0.17824,-0.10505,-0.14584
0.18327,-0.11571,-0.1701
0.18841,-0.12671,-0.19618
0.19367,-0.13805,-0.22406
0.19904,-0.14974,-0.25368
0.20449,-0.16178,-0.28504
0.21924,-0.15687,-0.23143
0.23487,-0.15148,-0.18331
0.25138,-0.14563,-0.14076
0.26875,-0.1393,-0.10394
0.28696,-0.1325,-0.072953
0.306,-0.12523,-0.047913
0.32586,-0.11749,-0.028927
0.34653,-0.10928,-0.016099
0.36799,-0.10059,-0.0095257
0.39025,-0.091445,-0.0083877
0.35145,-0.070289,-0.0036578
0.31508,-0.051459,0.0027489
0.28107,-0.034853,0.0094585
0.24934,-0.020385,0.015887
0.21985,-0.0079783,0.021785
0.19255,0.0024395,0.027052
0.1674,0.010937,0.031654
0.14437,0.017582,0.035591
0.1234,0.022439,0.038875
0.10448,0.02557,0.04153
0.12371,0.022263,0.038614
0.14507,0.017333,0.035945
0.16858,0.010778,0.033534
0.19424,0.0025944,0.031391
0.22206,-0.0072219,0.029511
0.25204,-0.018678,0.027883
0.28417,-0.031782,0.026483
0.31846,-0.046545,0.025288
0.35489,-0.062977,0.024264
0.39346,-0.08109,0.023384
0.36946,-0.084482,0.014147
0.34634,-0.087224,0.0066148
0.3241,-0.089357,0.0007092
0.3027,-0.09092,-0.0036274
0.28214,-0.091948,-0.0064398
0.26241,-0.092477,-0.0077631
0.24348,-0.092539,-0.0076948
0.2253,-0.092157,-0.0081891
0.20782,-0.091357,-0.010125
0.19106,-0.090172,-0.01348
0.19692,-0.09078,-0.014909
0.20288,-0.091385,-0.016062
0.20894,-0.091983,-0.016945
0.21509,-0.09257,-0.017575
0.22134,-0.09314,-0.01798
0.22767,-0.093691,-0.018187
0.23409,-0.094219,-0.018224
0.24059,-0.094719,-0.018114
0.24718,-0.095187,-0.017882
0.25384,-0.095621,-0.017547
0.25336,-0.10644,-0.011647
0.25299,-0.11743,-0.0085666
0.25272,-0.12859,-0.0075167
0.25261,-0.13993,-0.0069637
0.25269,-0.15147,-0.0052573
0.25295,-0.16319,-0.0025994
0.25339,-0.17511,0.00085258
0.25399,-0.18722,0.0049884
0.25476,-0.19952,0.0097264
0.25568,-0.21202,0.015006
0.26174,-0.17593,0.024583
0.26987,-0.14123,0.036481
0.27999,-0.10782,0.050767
0.29208,-0.075608,0.067482
0.30609,-0.044518,0.08664
0.32199,-0.014498,0.10825
0.33977,0.014489,0.1323
0.35942,0.042468,0.15878
0.38091,0.06945,0.18768
0.40425,0.095436,0.21898
0.37774,0.059827,0.17084
0.35509,0.022566,0.13154
0.33594,-0.016438,0.099006
0.32002,-0.057268,0.071984
0.30711,-0.10001,0.049661
0.29704,-0.14474,0.031505
0.28968,-0.19155,0.017139
0.28492,-0.24052,0.0062948
0.2827,-0.29172,-0.0012314
0.28298,-0.34522,-0.0055999
0.25248,-0.29866,-0.0060451
0.2241,-0.2554,-0.0059018
0.19772,-0.21543,-0.0075362
0.17332,-0.17874,-0.011009
0.15084,-0.14532,-0.016279
0.13025,-0.11515,-0.023305
0.11151,-0.088237,-0.032043
0.094587,-0.064562,-0.042454
0.079445,-0.044121,-0.0545
0.066047,-0.026907,-0.06815
0.081969,-0.033346,-0.071467
0.099953,-0.040575,-0.074711
0.12008,-0.048618,-0.077837
0.14241,-0.057501,-0.080816
0.16702,-0.06725,-0.08362
0.19395,-0.077889,-0.08624
0.22325,-0.089442,-0.088664
0.25494,-0.10193,-0.090892
0.28907,-0.11539,-0.09292
0.32563,-0.12983,-0.094754
0.33492,-0.1498,-0.09523
0.34435,-0.17073,-0.097091
0.35391,-0.19262,-0.1
0.36361,-0.21547,-0.10374
0.37343,-0.2393,-0.10811
0.38338,-0.26409,-0.11302
0.39343,-0.28986,-0.11836
0.40358,-0.3166,-0.12407
0.41382,-0.34431,-0.13011
0.42413,-0.37299,-0.13645
0.42123,-0.37414,-0.063966
0.41787,-0.37541,-0.024355
0.41421,-0.37676,-0.0084807
0.41043,-0.3782,-0.0035672
0.4069,-0.37977,0.015205
0.40361,-0.38144,0.047705
0.4005,-0.38321,0.092563
0.39756,-0.38504,0.14874
0.39476,-0.38694,0.2154
0.39208,-0.38888,0.29182
0.38744,-0.33475,0.25737
0.38509,-0.28347,0.23108
0.38491,-0.23493,0.20942
0.38682,-0.18902,0.19056
0.39075,-0.14567,0.17349
0.39666,-0.1048,0.15769
0.40451,-0.066351,0.14283
0.41425,-0.030262,0.12874
0.42585,0.0035111,0.11532
0.43927,0.035006,0.10253
0.44953,0.002316,0.090475
0.46122,-0.034641,0.082606
0.47433,-0.075893,0.077544
0.48884,-0.12147,0.074417
0.50474,-0.17141,0.072674
0.52202,-0.22573,0.071956
0.54066,-0.28447,0.072027
0.56065,-0.34765,0.072733
0.58198,-0.41529,0.073983
0.60465,-0.48741,0.075725
0.63185,-0.40546,0.056817
0.66224,-0.32699,0.039422
0.69569,-0.25191,0.024294
0.73211,-0.18017,0.011747
0.77145,-0.11172,0.0018823
0.81364,-0.046497,-0.0053067
0.85864,0.015535,-0.0098697
0.90642,0.074409,-0.011883
0.95691,0.13016,-0.013172
1.01,0.18284,-0.01691
0.94126,0.16206,-0.01513
0.87743,0.1428,-0.013798
0.81807,0.12489,-0.012714
0.76276,0.10821,-0.011792
0.71111,0.092641,-0.010985
0.66283,0.078074,-0.010269
0.61762,0.064426,-0.0096283
0.57525,0.051619,-0.0090549
0.5355,0.039586,-0.0085405
0.49817,0.028267,-0.0080813
0.51258,0.019625,-0.0087039
0.52734,0.010499,-0.0094642
0.54247,0.00089595,-0.010392
0.55796,-0.0091816,-0.011515
0.57382,-0.019727,-0.012856
0.59004,-0.030737,-0.014436
0.60663,-0.042204,-0.01627
0.62359,-0.054123,-0.018377
0.64092,-0.066486,-0.02077
0.65863,-0.07929,-0.023466
0.65809,-0.098027,-0.023808
0.65769,-0.11724,-0.023948
0.65743,-0.13691,-0.02398
0.65731,-0.15706,-0.023968
0.65731,-0.17767,-0.023951
0.65743,-0.19875,-0.023953
0.65768,-0.2203,-0.023989
0.65804,-0.24231,-0.024069
0.65852,-0.26479,-0.024196
0.65911,-0.28773,-0.024376
0.63238,-0.26124,-0.019951
0.60613,-0.23662,-0.018076
0.58053,-0.21379,-0.01269
0.55557,-0.19266,-0.0037842
0.53127,-0.17309,0.008426
0.50761,-0.15499,0.023799
0.48462,-0.13826,0.042233
0.46229,-0.12281,0.063651
0.44063,-0.10857,0.087985
0.41963,-0.095459,0.11518
0.44585,-0.080664,0.093744
0.4732,-0.065817,0.076673
0.50164,-0.0509,0.062591
0.53114,-0.035908,0.050634
0.56167,-0.020837,0.040235
0.59321,-0.0056896,0.03102
0.62574,0.0095327,0.022737
0.65925,0.024824,0.015209
0.69372,0.040181,0.0083122
0.72915,0.055597,0.001953
0.74886,0.0536,0.0094556
0.76882,0.051553,0.014714
0.78904,0.049452,0.018053
0.80954,0.047292,0.019867
0.83034,0.045068,0.020492
0.85144,0.042776,0.02018
0.87285,0.040413,0.019109
0.89459,0.037975,0.017398
0.91666,0.035463,0.015135
0.93905,0.032872,0.012379
0.88796,0.034065,0.012362
0.83935,0.03534,0.015509
0.79303,0.03667,0.020549
0.74883,0.038023,0.026883
0.70665,0.039369,0.034217
0.66637,0.040676,0.042399
0.62789,0.041917,0.051353
0.59114,0.043066,0.06104
0.55604,0.0441,0.071445
0.52252,0.044996,0.082565
0.55676,0.037142,0.041322
0.59282,0.027809,0.010913
0.63058,0.017023,-0.011263
0.66994,0.0047959,-0.026883
0.71085,-0.0088648,-0.037069
0.75326,-0.023959,-0.042599
0.79692,-0.040431,-0.04776
0.84157,-0.058227,-0.056862
0.88721,-0.077358,-0.069556
0.93383,-0.09784,-0.085527
0.89014,-0.070464,-0.067983
0.84735,-0.045632,-0.059046
0.80573,-0.023271,-0.053624
0.76536,-0.0032836,-0.049811
0.72627,0.014431,-0.046809
0.68846,0.02997,-0.044261
0.65193,0.043426,-0.041992
0.61665,0.054885,-0.03992
0.58262,0.064429,-0.038005
0.54981,0.072134,-0.036235
0.54699,0.082351,-0.036991
0.54436,0.091345,-0.037539
0.54195,0.099121,-0.037865
0.53975,0.10568,-0.038012
0.53775,0.11103,-0.038034
0.53595,0.11517,-0.037978
0.53434,0.11811,-0.037882
0.53294,0.11985,-0.037768
0.53172,0.1204,-0.037659
0.53066,0.11992,-0.037558
0.49066,0.11055,-0.038965
0.45285,0.10182,-0.042249
0.41715,0.093668,-0.046695
0.38345,0.086051,-0.051898
0.35165,0.078929,-0.057645
0.32165,0.072268,-0.063799
0.29338,0.066036,-0.070281
0.26674,0.060207,-0.077025
0.24166,0.054755,-0.083985
0.21807,0.049657,-0.091119
0.2101,0.047006,-0.079509
0.20264,0.04466,-0.069956
0.19568,0.042589,-0.061923
0.18917,0.040764,-0.055042
0.1831,0.039123,-0.049063
0.17745,0.037521,-0.043809
0.1722,0.035944,-0.039151
0.16731,0.034387,-0.034992
0.16276,0.032845,-0.031261
0.15853,0.031315,-0.027905
0.15339,0.02929,-0.024318
0.14851,0.027193,-0.021117
0.14386,0.025027,-0.018278
0.13942,0.022793,-0.01578
0.13519,0.020493,-0.013607
0.13114,0.018128,-0.011745
0.12727,0.015698,-0.010183
0.12357,0.013204,-0.0089122
0.12002,0.010645,-0.0079243
0.11661,0.0080222,-0.0072119
0.13376,0.006384,-0.0080329
0.15237,0.0043123,-0.0089539
0.17249,0.0018099,-0.0099453
0.19415,-0.0011215,-0.01093
0.21736,-0.0044819,-0.011901
0.24215,-0.0082723,-0.012854
0.26852,-0.012495,-0.013785
0.29648,-0.017154,-0.014688
0.32604,-0.022254,-0.015558
0.35719,-0.027801,-0.016388
0.30327,-0.028383,-0.014443
0.25456,-0.028311,-0.012002
0.21075,-0.02768,-0.010648
0.17162,-0.02657,-0.010424
0.137,-0.025056,-0.011218
0.10668,-0.023209,-0.012947
0.080506,-0.021098,-0.015548
0.058291,-0.018791,-0.018965
0.039868,-0.016352,-0.023152
0.025069,-0.013847,-0.028064
0.02858,-0.018352,-0.025325
0.032344,-0.023488,-0.022684
0.036364,-0.029269,-0.020143
0.040648,-0.035711,-0.017701
0.0452,-0.042827,-0.01536
0.050024,-0.050634,-0.01312
0.055126,-0.059144,-0.010985
0.06051,-0.068371,-0.0089596
0.066179,-0.07833,-0.0070471
0.072136,-0.089032,-0.0052537
0.074284,-0.090519,-0.009117
0.076473,-0.092058,-0.014109
0.07871,-0.093654,-0.020239
0.081002,-0.09531,-0.027516
0.083357,-0.097028,-0.035942
0.085784,-0.098812,-0.04552
0.088288,-0.10066,-0.056249
0.090878,-0.10259,-0.068127
0.093561,-0.10458,-0.081148
0.096343,-0.10665,-0.095311
0.085225,-0.10679,-0.081437
0.075193,-0.10669,-0.068807
0.066159,-0.10636,-0.057328
0.058047,-0.10583,-0.046939
0.050783,-0.10513,-0.037594
0.044306,-0.10425,-0.029259
0.038556,-0.10324,-0.021909
0.033481,-0.10209,-0.015525
0.029035,-0.10084,-0.010093
0.025176,-0.099479,-0.0056004
0.023684,-0.10535,-0.015673
0.022602,-0.11141,-0.029487
0.021946,-0.11766,-0.046955
0.021738,-0.1241,-0.067997
0.021998,-0.13071,-0.092537
0.022751,-0.13748,-0.12051
0.024017,-0.14442,-0.15184
0.025818,-0.15149,-0.18648
0.027994,-0.15872,-0.22435
0.030068,-0.16618,-0.26544
0.027348,-0.16,-0.19476
0.024943,-0.15426,-0.13926
0.02279,-0.14887,-0.095556
0.020853,-0.14378,-0.061472
0.019202,-0.13893,-0.035515
0.017885,-0.13429,-0.016639
0.016899,-0.12985,-0.0040834
0.016247,-0.1256,0.0027164
0.015921,-0.12152,0.004359
0.015615,-0.11743,0.0076016
0.016209,-0.13027,0.014941
0.016757,-0.14349,0.02587
0.017254,-0.15705,0.040254
0.0177,-0.17095,0.057963
0.018098,-0.18515,0.078861
0.018439,-0.19965,0.10282
0.018595,-0.21447,0.12971
0.01855,-0.22961,0.15941
0.018315,-0.24506,0.1918
0.017906,-0.26082,0.22679
0.013051,-0.22995,0.22248
0.0077498,-0.20091,0.21925
0.0020232,-0.17375,0.21666
-0.0041137,-0.14853,0.21444
-0.010654,-0.12527,0.2124
-0.017589,-0.10401,0.21044
-0.024919,-0.084785,0.20848
-0.032641,-0.067629,0.20646
-0.040756,-0.052566,0.20435
-0.049266,-0.039621,0.20214
-0.03115,-0.050515,0.20166
-0.016961,-0.063482,0.20311
-0.0065893,-0.078546,0.20587
1.9008E-05,-0.09575,0.20954
0.003074,-0.11513,0.21381
0.0078822,-0.13623,0.21871
0.016826,-0.1589,0.22417
0.029997,-0.18321,0.23011
0.047492,-0.20922,0.23642
0.069411,-0.23699,0.24306
0.058951,-0.22752,0.23083
0.04941,-0.21827,0.21664
0.040807,-0.20921,0.20134
0.033176,-0.20033,0.18551
0.026554,-0.19161,0.16959
0.020986,-0.18305,0.15385
0.016512,-0.17464,0.13852
0.013175,-0.16636,0.12372
0.011015,-0.15822,0.10956
0.010071,-0.15021,0.096125
0.010779,-0.1524,0.080976
0.011951,-0.15454,0.068596
0.013601,-0.15663,0.058335
0.015738,-0.15868,0.049718
0.018366,-0.1607,0.042412
0.021491,-0.16268,0.03615
0.025115,-0.16462,0.030744
0.029241,-0.16654,0.026038
0.03387,-0.16843,0.02192
0.039005,-0.17029,0.018292
0.051359,-0.16887,0.016923
0.066136,-0.16739,0.015254
0.083372,-0.16587,0.013357
0.10311,-0.16433,0.011292
0.12539,-0.1628,0.0091154
0.15027,-0.16127,0.0068725
0.17779,-0.15978,0.0046077
0.20798,-0.15832,0.0023559
0.2409,-0.1569,0.00015123
0.27658,-0.15554,-0.0019804
0.25217,-0.17752,-0.0043854
0.22953,-0.20056,-0.0062061
0.20851,-0.22465,-0.0076287
0.18901,-0.24982,-0.0087764
0.17093,-0.27606,-0.0097417
0.15418,-0.30337,-0.010817
0.13869,-0.33176,-0.012089
0.12442,-0.36122,-0.013538
0.11131,-0.39175,-0.015149
0.099321,-0.42337,-0.016912
0.080144,-0.41543,-0.014837
0.063526,-0.40746,-0.012531
0.04949,-0.39955,-0.0073131
0.037996,-0.3917,0.00021726
0.029011,-0.38391,0.0096981
0.022508,-0.37616,0.020897
0.018462,-0.36846,0.033656
0.016847,-0.36082,0.047863
0.015428,-0.35333,0.063484
0.011714,-0.34609,0.080506
0.012189,-0.36451,0.08478
0.012635,-0.38341,0.088752
0.013051,-0.40279,0.092435
0.013439,-0.42266,0.095845
0.013797,-0.443,0.098985
0.014124,-0.46382,0.10187
0.014421,-0.4851,0.10449
0.014686,-0.50686,0.10685
0.014918,-0.52909,0.10895
0.015117,-0.55177,0.11079
0.014938,-0.52602,0.10789
0.014544,-0.50123,0.10319
0.013983,-0.47736,0.097254
0.01329,-0.45441,0.090502
0.012496,-0.43234,0.083226
0.011628,-0.41112,0.075652
0.010706,-0.39074,0.067943
0.00975,-0.37115,0.060246
0.0088081,-0.35234,0.052659
0.0079928,-0.33427,0.04527
0.0072167,-0.31723,0.021713
0.0068423,-0.30095,0.0074012
0.006794,-0.28529,-0.0012092
0.0070271,-0.27015,-0.0061889
0.0075121,-0.25548,-0.0088082
0.0082306,-0.24126,-0.0098729
0.0091682,-0.22746,-0.0099135
0.010314,-0.21407,-0.0094331
0.011654,-0.20104,-0.0092859
0.013187,-0.1884,-0.0094267
0.012488,-0.19177,-0.0094389
0.011802,-0.19516,-0.0094983
0.011126,-0.19855,-0.0095927
0.010462,-0.20196,-0.0097125
0.0098091,-0.20538,-0.0098516
0.0091663,-0.2088,-0.010004
0.0085335,-0.21224,-0.010165
0.0079103,-0.21569,-0.01033
0.0072963,-0.21914,-0.010496
0.0066911,-0.22261,-0.010657
0.0055545,-0.23196,-0.011088
0.0044681,-0.24151,-0.011699
0.0034312,-0.25124,-0.0125
0.0024436,-0.26117,-0.013508
0.0015049,-0.27129,-0.014745
0.000615,-0.2816,-0.01623
-0.00022652,-0.29211,-0.017985
-0.0010195,-0.30281,-0.020027
-0.0017642,-0.3137,-0.02237
-0.0024605,-0.32478,-0.025027
-0.0024203,-0.33767,-0.029785
-0.0022413,-0.35081,-0.03486
-0.0019223,-0.3642,-0.040211
-0.0014622,-0.37785,-0.045808
-0.00085916,-0.39177,-0.051636
-0.00011162,-0.40595,-0.057684
0.00078251,-0.42039,-0.063945
0.0018252,-0.4351,-0.070418
0.003019,-0.45008,-0.077096
0.004366,-0.46533,-0.08398
0.0053777,-0.41606,-0.079386
0.0063856,-0.37043,-0.074177
0.0073859,-0.32825,-0.068621
0.0083717,-0.28935,-0.062909
0.0093407,-0.25356,-0.057165
0.010289,-0.22074,-0.051485
0.011214,-0.19075,-0.045937
0.012111,-0.16344,-0.040575
0.012979,-0.13869,-0.03544
0.013812,-0.11639,-0.030566
0.012216,-0.11666,-0.022975
0.010686,-0.11698,-0.016916
0.0092204,-0.11733,-0.012135
0.0078194,-0.11773,-0.0084424
0.0064827,-0.11817,-0.0056933
0.00521,-0.11864,-0.0037749
0.0040013,-0.11915,-0.0025998
0.0028565,-0.11969,-0.0020975
0.0017732,-0.12026,-0.0018498
0.00074703,-0.12088,-0.0010573
0.00010335,-0.096705,-0.0014038
-0.00033797,-0.075729,-0.0011815
-0.00060404,-0.057745,-0.0012143
-0.00072448,-0.042569,-0.0015769
-0.00072756,-0.030021,-0.0021467
-0.00063968,-0.019925,-0.0028322
-0.00048541,-0.012103,-0.003562
-0.00028783,-0.0063761,-0.0042771
-0.00015101,-0.0025597,-0.0049292
-0.00017394,-0.00046802,-0.0054882
-0.0001173,-0.0010859,-0.0017056
-0.00011301,-0.0019118,-0.00010745
-0.00015459,-0.0029445,0.00046842
-0.00020125,-0.004173,0.0029794
-0.00020658,-0.005566,0.0078565
-0.00015084,-0.0070971,0.015372
-1.3064E-05,-0.0087444,0.025775
0.00022833,-0.010489,0.039279
0.00059509,-0.012312,0.05605
0.0011092,-0.014199,0.076206
-0.00061573,-0.018625,0.055437
-0.0014408,-0.023787,0.038437
-0.0022928,-0.029629,0.024799
-0.0041567,-0.036097,0.014263
-0.0070357,-0.043201,0.0066743
-0.010935,-0.050955,0.0019622
-0.015861,-0.059376,9.465E-05
-0.021825,-0.06848,-0.00082864
-0.028842,-0.078291,-0.0044145
-0.03692,-0.088829,-0.010694
-0.028652,-0.091829,-0.023858
-0.021839,-0.094807,-0.041299
-0.016441,-0.09777,-0.062593
-0.012443,-0.10072,-0.087415
-0.0098474,-0.10366,-0.11549
-0.0086676,-0.10659,-0.14657
-0.0087012,-0.10952,-0.18042
-0.0078029,-0.11261,-0.21683
-0.0054101,-0.11592,-0.25555
-0.0014793,-0.11944,-0.29639
-0.0013699,-0.11805,-0.23145
-0.0012925,-0.11691,-0.18255
-0.0012355,-0.11598,-0.14457
-0.001192,-0.11522,-0.11443
-0.0011576,-0.1146,-0.090147
-0.0011295,-0.11411,-0.070377
-0.0011056,-0.11372,-0.054191
-0.0010847,-0.11342,-0.040921
-0.0010655,-0.11321,-0.030075
-0.0010474,-0.11306,-0.021278
-6.3394E-05,-0.1191,-0.020407
0.0010154,-0.12543,-0.019356
0.0021875,-0.13205,-0.018156
0.0034508,-0.13897,-0.016838
0.004804,-0.1462,-0.015433
0.0062451,-0.15374,-0.01397
0.0077732,-0.1616,-0.012476
0.0093864,-0.16978,-0.010975
0.011084,-0.1783,-0.0094922
0.012865,-0.18715,-0.0080471
0.014581,-0.18242,-0.0011731
0.016302,-0.17786,0.0012724
0.018034,-0.17342,0.0022406
0.019782,-0.16906,0.0058079
0.021549,-0.16478,0.011602
0.023335,-0.16057,0.01925
0.025141,-0.15644,0.028466
0.026967,-0.15238,0.039032
0.028814,-0.14839,0.050771
0.030683,-0.14448,0.063543
0.029343,-0.13418,0.06434
0.02803,-0.12424,0.065194
0.026745,-0.11467,0.066033
0.025488,-0.10546,0.066815
0.024257,-0.096629,0.067499
0.023053,-0.088168,0.068065
0.021875,-0.080082,0.068491
0.020724,-0.072374,0.068771
0.019598,-0.065047,0.068894
0.018498,-0.058103,0.06886
0.022474,-0.053631,0.055272
0.026659,-0.049411,0.043572
0.031051,-0.045447,0.033534
0.035651,-0.041742,0.024993
0.040456,-0.038299,0.017827
0.045467,-0.035121,0.011948
0.050682,-0.03221,0.0072891
0.0561,-0.029569,0.0038016
0.06172,-0.0272,0.0014505
0.067541,-0.025105,0.00021047
0.059505,-0.033955,0.00038966
0.051484,-0.045104,0.00068531
0.043443,-0.058554,0.0011221
0.03536,-0.074312,0.0017203
0.027223,-0.092387,0.0024979
0.019027,-0.11279,0.0034723
0.010775,-0.13554,0.004662
0.0024758,-0.16064,0.0060863
-0.0058598,-0.18811,0.0077667
-0.01422,-0.21796,0.0097248
-0.011339,-0.22098,0.012839
-0.0081357,-0.22408,0.015399
-0.004611,-0.22725,0.017318
-0.00076763,-0.23048,0.018587
0.0033926,-0.23379,0.019243
0.0078669,-0.23717,0.019347
0.012653,-0.24061,0.018974
0.01775,-0.24412,0.0182
0.023154,-0.24769,0.017099
0.028863,-0.25133,0.015739
0.026099,-0.22859,0.027071
0.023449,-0.20746,0.041061
0.02092,-0.18781,0.057614
0.018518,-0.16955,0.076645
0.016251,-0.15258,0.098071
0.014123,-0.1368,0.12182
0.012139,-0.12214,0.14782
0.010305,-0.10852,0.176
0.0086231,-0.095891,0.20629
0.0070962,-0.084198,0.23864
0.010539,-0.078999,0.2225
0.014055,-0.074146,0.20866
0.017644,-0.069613,0.19655
0.021303,-0.065377,0.18582
0.025033,-0.061422,0.17615
0.028831,-0.05773,0.16736
0.032699,-0.054289,0.15926
0.036634,-0.051086,0.15175
0.040636,-0.04811,0.14474
0.044706,-0.045351,0.13814
0.052554,-0.037947,0.12512
0.060516,-0.031827,0.11406
0.068597,-0.026953,0.10451
0.076805,-0.023294,0.096146
0.085151,-0.020829,0.088705
0.093644,-0.019545,0.082006
0.10229,-0.019439,0.075908
0.11111,-0.020514,0.0703
0.1203,-0.021659,0.065116
0.13007,-0.021787,0.060293
0.1295,-0.023566,0.075453
0.12909,-0.024418,0.091976
0.12874,-0.024971,0.10981
0.12824,-0.026442,0.12889
0.12757,-0.028868,0.14919
0.12674,-0.032256,0.17068
0.12575,-0.036614,0.19331
0.12459,-0.04195,0.21708
0.12326,-0.048275,0.24194
0.12175,-0.055597,0.2679
0.11953,-0.055117,0.25684
0.11753,-0.054666,0.24612
0.11574,-0.054242,0.23572
0.11415,-0.053844,0.22566
0.11274,-0.053472,0.21592
0.1115,-0.053124,0.20649
0.11043,-0.0528,0.19737
0.10952,-0.052498,0.18856
0.10874,-0.052218,0.18002
0.10811,-0.051959,0.17177
0.088168,-0.043861,0.17124
0.070571,-0.036495,0.17188
0.055194,-0.029848,0.17348
0.041921,-0.023912,0.17588
0.030648,-0.018678,0.17894
0.021278,-0.014141,0.18258
0.013731,-0.010293,0.18671
0.0079325,-0.0071314,0.19126
0.0038243,-0.0046522,0.19618
0.0013599,-0.0028541,0.20141
0.0032589,-0.0029332,0.17517
0.0060654,-0.0032302,0.15008
0.0097375,-0.0037408,0.12642
0.014242,-0.0044618,0.10441
0.019555,-0.0053918,0.084217
0.025665,-0.0065316,0.065987
0.032573,-0.0078843,0.049829
0.040293,-0.0094555,0.035819
0.048851,-0.011253,0.024026
0.058281,-0.013287,0.014495
0.054313,-0.013115,0.012107
0.050403,-0.013337,0.0097994
0.04655,-0.013941,0.0076336
0.042753,-0.014916,0.0056576
0.039011,-0.016254,0.003917
0.035323,-0.017951,0.0024474
0.031685,-0.020003,0.0012823
0.028095,-0.02241,0.00044836
0.02455,-0.025174,-2.9742E-05
0.021046,-0.028301,-0.00014872
0.019906,-0.029959,0.0013548
0.01876,-0.031688,0.0063489
0.017592,-0.033479,0.01491
0.016391,-0.035324,0.027064
0.015147,-0.037215,0.042828
0.013858,-0.039148,0.062204
0.012523,-0.04112,0.085201
0.011145,-0.043126,0.11183
0.0097299,-0.045167,0.14211
0.008283,-0.047242,0.17607
0.006329,-0.043936,0.1796
0.0045277,-0.040807,0.18205
0.0028845,-0.037854,0.18357
0.0014049,-0.035072,0.18428
9.4511E-05,-0.032459,0.18429
-0.0010411,-0.030013,0.18369
-0.0019962,-0.027729,0.18256
-0.0027657,-0.025604,0.18098
-0.0033439,-0.023635,0.17899
-0.003726,-0.021819,0.17667
-0.0014148,-0.01996,0.15816
0.0018134,-0.018519,0.14199
0.0059456,-0.017481,0.12767
0.010973,-0.016836,0.11485
0.016891,-0.016575,0.10324
0.0237,-0.016692,0.092656
0.031403,-0.017184,0.082935
0.040005,-0.018051,0.073963
0.049515,-0.019294,0.065656
0.059942,-0.02092,0.057948
0.049552,-0.014178,0.038852
0.039279,-0.01041,0.024296
0.030201,-0.0061351,0.013586
0.022988,0.0005202,0.0061922
0.017782,0.0094553,0.0017257
0.014716,0.020626,-5.6449E-05
0.013875,0.034061,-0.00099604
0.015266,0.049845,-0.0045471
0.018858,0.06809,-0.010918
0.024314,0.088981,-0.020234
0.022043,0.079881,-0.022091
0.020056,0.07112,-0.023509
0.018643,0.062638,-0.024506
0.01782,0.054448,-0.025113
0.017601,0.046567,-0.025361
0.017999,0.039011,-0.025293
0.019026,0.031796,-0.024946
0.020694,0.024939,-0.024363
0.023011,0.018454,-0.023585
0.025986,0.012356,-0.022654
0.039889,0.019726,-0.024341
0.056855,0.02864,-0.025803
0.076917,0.039023,-0.027143
0.10011,0.050803,-0.028479
0.12644,0.063912,-0.029924
0.15595,0.078288,-0.031584
0.18865,0.093873,-0.033546
0.22455,0.11061,-0.035882
0.26366,0.12846,-0.038639
0.306,0.14736,-0.041852
0.30841,0.14358,-0.04004
0.3107,0.13974,-0.037991
0.31286,0.13584,-0.035786
0.3149,0.1319,-0.033496
0.31683,0.12791,-0.031161
0.31863,0.12388,-0.028821
0.32031,0.1198,-0.026498
0.32188,0.11568,-0.024218
0.32333,0.11152,-0.021994
0.32467,0.10733,-0.019843
0.29731,0.1067,-0.020387
0.27154,0.10593,-0.021299
0.2473,0.10504,-0.0225
0.22454,0.104,-0.023942
0.20319,0.10284,-0.025595
0.18321,0.10154,-0.027439
0.16455,0.1001,-0.029461
0.14717,0.098532,-0.031652
0.13103,0.096826,-0.034008
0.11609,0.094982,-0.036525
0.10006,0.082691,-0.025989
0.085563,0.071625,-0.018036
0.072505,0.061687,-0.012046
0.060796,0.052787,-0.0076001
0.050357,0.044845,-0.0043981
0.041113,0.037784,-0.0022204
0.032995,0.031534,-0.00089948
0.025937,0.026029,-0.00030325
0.019878,0.021208,-9.8909E-05
0.014762,0.017015,0.00054267
0.01715,0.018369,0.0016923
0.019785,0.019795,0.0033922
0.022679,0.021298,0.0056433
0.025842,0.022881,0.0084561
0.029285,0.024546,0.011849
0.033017,0.026297,0.015852
0.037049,0.028134,0.020498
0.041389,0.030061,0.025831
0.046046,0.03208,0.031898
0.051028,0.034192,0.038752
0.051105,0.034991,0.038314
0.051186,0.035796,0.037946
0.051271,0.036608,0.03764
0.05136,0.037424,0.037394
0.051452,0.038247,0.037202
0.051548,0.039075,0.037063
0.051647,0.039909,0.036971
0.051751,0.040749,0.036926
0.051858,0.041594,0.036925
0.05197,0.042444,0.036966
0.053999,0.037988,0.022046
0.056258,0.033542,0.010848
0.058749,0.029118,0.00342
0.06147,0.024729,-0.000208
0.064411,0.020379,-0.0011696
0.067526,0.016042,-0.0051796
0.070802,0.01172,-0.013018
0.074232,0.0074225,-0.024683
0.077807,0.0031532,-0.040169
0.08152,-0.0010843,-0.059467
0.090415,0.0015934,-0.076737
0.099869,0.0046893,-0.095591
0.10989,0.0082112,-0.11575
0.12048,0.012165,-0.13696
0.13166,0.016556,-0.15899
0.14342,0.021386,-0.18163
0.15577,0.026659,-0.20473
0.16871,0.032373,-0.22816
0.18224,0.03853,-0.25182
0.19637,0.045128,-0.27563
0.19313,0.028389,-0.21224
0.18969,0.013542,-0.16371
0.18611,0.00043399,-0.1255
0.18244,-0.011065,-0.094915
0.17871,-0.021068,-0.070243
0.17494,-0.029674,-0.050366
0.17116,-0.036973,-0.034515
0.16739,-0.043045,-0.022143
0.16366,-0.047962,-0.012855
0.15999,-0.051788,-0.0063517
0.146,-0.043451,-0.01545
0.13322,-0.035166,-0.027455
0.12155,-0.026884,-0.041591
0.11089,-0.018571,-0.057342
0.10118,-0.010196,-0.07436
0.092362,-0.0017383,-0.092394
0.084389,0.0068212,-0.11126
0.077232,0.015495,-0.13081
0.07087,0.024293,-0.15093
0.065289,0.033223,-0.17153
0.070103,0.040626,-0.16229
0.075153,0.048554,-0.15657
0.080455,0.057018,-0.15363
0.086023,0.066031,-0.15298
0.091868,0.075601,-0.15427
0.097997,0.085737,-0.15726
0.10442,0.096445,-0.16176
0.11114,0.10773,-0.16766
0.11815,0.1196,-0.17484
0.12548,0.13205,-0.18323
0.13717,0.1373,-0.17246
0.14945,0.14256,-0.16088
0.16232,0.14783,-0.14884
0.17578,0.1531,-0.13663
0.18983,0.15836,-0.12448
0.20446,0.16363,-0.11257
0.21968,0.16888,-0.10105
0.23548,0.17412,-0.090024
0.25187,0.17934,-0.079569
0.26883,0.18453,-0.069748
0.24172,0.1708,-0.089832
0.2162,0.15747,-0.1096
0.19225,0.14458,-0.12909
0.16982,0.13213,-0.14842
0.14887,0.12013,-0.16767
0.12939,0.1086,-0.18695
0.11133,0.097546,-0.20632
0.094685,0.086975,-0.22583
0.079417,0.076901,-0.24552
0.065511,0.067333,-0.26541
0.06504,0.076028,-0.27363
0.064967,0.084936,-0.27964
0.065294,0.094054,-0.28366
0.066018,0.10338,-0.28592
0.067137,0.11292,-0.28661
0.068646,0.12268,-0.28592
0.070542,0.13265,-0.28401
0.072819,0.14283,-0.28103
0.075472,0.15322,-0.27707
0.078498,0.16384,-0.27227
0.076429,0.16078,-0.23483
0.074327,0.15764,-0.20419
0.072226,0.15444,-0.17847
0.070153,0.15117,-0.15645
0.06813,0.14786,-0.1373
0.066175,0.14449,-0.12045
0.064302,0.14107,-0.10549
0.062524,0.13761,-0.092117
0.060853,0.13409,-0.080113
0.0593,0.13053,-0.069304
0.058261,0.12577,-0.077519
0.058586,0.12051,-0.086655
0.060226,0.11474,-0.10123
0.063174,0.10839,-0.11724
0.067428,0.10143,-0.13402
0.072983,0.093848,-0.15213
0.079844,0.085621,-0.17088
0.088013,0.076735,-0.19084
0.0975,0.067181,-0.21137
0.10831,0.05695,-0.233
0.10506,0.062869,-0.20295
0.1019,0.06882,-0.17643
0.098859,0.074793,-0.15249
0.095965,0.080777,-0.13115
0.093244,0.086761,-0.1118
0.090719,0.092734,-0.094531
0.088411,0.098687,-0.07893
0.08634,0.10461,-0.065089
0.084524,0.11049,-0.052721
0.082979,0.11633,-0.041901
0.077293,0.10662,-0.058319
0.071895,0.097283,-0.076782
0.066762,0.088322,-0.096985
0.061877,0.07973,-0.11894
0.057221,0.071508,-0.14241
0.052783,0.063654,-0.16747
0.04855,0.056167,-0.19391
0.044513,0.049048,-0.22184
0.040666,0.042296,-0.25105
0.037002,0.035913,-0.28166
0.039398,0.046542,-0.30141
0.042487,0.05805,-0.32042
0.046273,0.070446,-0.33845
0.050757,0.08374,-0.35568
0.055941,0.097938,-0.37192
0.061826,0.11305,-0.38737
0.068415,0.12907,-0.40186
0.075708,0.14601,-0.41561
0.083708,0.16387,-0.42845
0.092416,0.18265,-0.44062
0.094637,0.16505,-0.38418
0.1039,0.14438,-0.33535
0.12006,0.12071,-0.29206
0.14306,0.094066,-0.2533
0.17287,0.064446,-0.21815
0.20951,0.031818,-0.18622
0.25306,-0.003872,-0.1571
0.3036,-0.042691,-0.13065
0.36122,-0.084716,-0.10669
0.42603,-0.13002,-0.085221
0.38054,-0.11332,-0.073278
0.33803,-0.097671,-0.064946
0.29842,-0.083046,-0.059022
0.26162,-0.069439,-0.054826
0.22758,-0.056842,-0.051896
0.19621,-0.04525,-0.049965
0.16745,-0.034659,-0.048826
0.14125,-0.025067,-0.048366
0.11756,-0.016471,-0.048482
0.096307,-0.0088702,-0.049126
0.087222,-0.0046848,-0.04956
0.07873,-0.00082075,-0.049562
0.070816,0.0027285,-0.049206
0.063463,0.005969,-0.04857
0.056657,0.008907,-0.047704
0.050383,0.011548,-0.046663
0.044628,0.013899,-0.045478
0.039378,0.015965,-0.044189
0.034622,0.017753,-0.042815
0.030348,0.019267,-0.041383
0.032331,0.025102,-0.035601
0.0346,0.031377,-0.03035
0.037154,0.038097,-0.025595
0.039994,0.045267,-0.021313
0.043122,0.052892,-0.017484
0.046541,0.060976,-0.014095
0.050256,0.069521,-0.01113
0.054272,0.078529,-0.0085829
0.058596,0.088003,-0.0064423
0.063234,0.097943,-0.004702
0.065197,0.093899,-0.014528
0.067737,0.089476,-0.030257
0.070857,0.084665,-0.051568
0.074565,0.079458,-0.078197
0.078886,0.073856,-0.10466
0.083818,0.067856,-0.13442
0.089373,0.061455,-0.1663
0.095555,0.054648,-0.20092
0.10237,0.047426,-0.23956
0.10982,0.039786,-0.28087
0.099497,0.045737,-0.25768
0.090205,0.051181,-0.23485
0.081903,0.056127,-0.21369
0.074562,0.06059,-0.19309
0.068148,0.064578,-0.1742
0.062635,0.068101,-0.15596
0.05799,0.071166,-0.14018
0.054194,0.073785,-0.125
0.051223,0.075963,-0.1108
0.049056,0.077706,-0.097278
0.057187,0.09327,-0.087429
0.066296,0.11009,-0.078964
0.076398,0.12818,-0.07178
0.087506,0.14758,-0.0656
0.099631,0.1683,-0.060378
0.11278,0.19037,-0.055929
0.12695,0.21383,-0.052225
0.14197,0.23877,-0.049127
0.15783,0.26525,-0.046611
0.17455,0.29326,-0.044573
0.16708,0.27873,-0.035484
0.15964,0.26482,-0.026859
0.15341,0.2508,-0.019136
0.14839,0.23662,-0.012585
0.14458,0.22227,-0.0074277
0.14196,0.20772,-0.0037943
0.14053,0.19294,-0.0017913
0.14028,0.17791,-0.0012441
0.14122,0.16263,0.00035038
0.14334,0.14708,0.0037071
0.12948,0.13659,0.0041675
0.11661,0.12669,0.0046022
0.10467,0.11736,0.0050033
0.093647,0.10855,0.0053774
0.083496,0.10022,0.0057174
0.074188,0.092352,0.0060304
0.065691,0.0849,0.0063103
0.057976,0.077837,0.006564
0.051014,0.071134,0.0067864
0.044778,0.064763,0.0069843
0.045357,0.068264,0.0094584
0.046275,0.071591,0.012262
0.047526,0.074734,0.015381
0.049106,0.077682,0.018815
0.050885,0.080505,0.022552
0.052388,0.083492,0.026594
0.053566,0.086666,0.030928
0.054412,0.090023,0.035558
0.054922,0.093562,0.040471
0.055091,0.09728,0.045671
0.058158,0.096062,0.04284
0.060235,0.095383,0.039961
0.06133,0.095258,0.037058
0.061945,0.095383,0.034167
0.063417,0.094911,0.031305
0.065828,0.093804,0.028498
0.069183,0.092069,0.02576
0.073489,0.089715,0.02311
0.078752,0.08675,0.020559
0.084977,0.08318,0.01812
0.078436,0.088128,0.02207
0.073373,0.09228,0.026298
0.06973,0.095635,0.03079
0.067458,0.098185,0.035543
0.066519,0.099915,0.040547
0.066765,0.10088,0.045801
0.066358,0.10228,0.051296
0.064655,0.1045,0.057032
0.061641,0.10754,0.063001
0.057297,0.11139,0.0692
0.043769,0.099657,0.05348
0.03053,0.089627,0.040347
0.017539,0.081216,0.029435
0.0047585,0.074348,0.020486
-0.0078466,0.068956,0.013307
-0.020309,0.064983,0.007757
-0.032657,0.062381,0.0037306
-0.044916,0.061117,0.0011508
-0.057105,0.061167,-3.8673E-05
-0.069238,0.06252,-0.00039061
-0.058724,0.053283,-0.0012042
-0.048991,0.044737,-0.0025987
-0.04006,0.036893,-0.0045793
-0.031954,0.029765,-0.0071501
-0.024696,0.023365,-0.010313
-0.018311,0.017707,-0.014071
-0.012826,0.012807,-0.018423
-0.0082675,0.0086807,-0.023372
-0.0046642,0.0053442,-0.028917
-0.0020405,0.0028129,-0.035061
-0.0018451,0.0028953,-0.036097
-0.0016402,0.0029874,-0.03705
-0.0014262,0.0030899,-0.037912
-0.0012035,0.003203,-0.038679
-0.00097247,0.0033271,-0.039346
-0.00073356,0.0034625,-0.039913
-0.00048713,0.0036096,-0.040374
-0.00023352,0.0037685,-0.04073
2.6942E-05,0.0039393,-0.04098
0.00029393,0.0041223,-0.041125
-0.002528,0.0052074,-0.034431
-0.0062682,0.0070733,-0.028345
-0.010922,0.0097146,-0.022857
-0.016476,0.013124,-0.017965
-0.022912,0.017291,-0.013665
-0.030204,0.022209,-0.0099591
-0.038328,0.027869,-0.0068484
-0.047258,0.034264,-0.0043375
-0.056979,0.041369,-0.0024315
-0.067574,0.049034,-0.0011359
-0.055525,0.040206,-0.00055421
-0.044931,0.032361,-0.00028174
-0.035709,0.025445,-0.00016456
-0.027776,0.019407,-0.00011414
-0.021058,0.014199,-8.496E-05
-0.015481,0.0097748,-6.108E-05
-0.010973,0.0060879,-4.7536E-05
-0.0074645,0.0030935,-6.5343E-05
-0.004887,0.00074673,-0.00014765
-0.0031737,-0.00099656,-0.00033524
-0.0017176,-0.00026571,-6.499E-05
-0.00076492,0.00011787,3.6762E-06
-0.00026476,0.00018317,0.0001566
-3.972E-06,0.00017045,0.00051398
0.00041927,0.00057464,0.0010759
0.0010985,0.0014132,0.0018501
0.002225,0.002608,0.0028401
0.0038577,0.0041732,0.0040454
0.0060432,0.0061268,0.0054642
0.0088259,0.0084848,0.007094
0.0068824,0.0069962,0.012204
0.0051817,0.0056468,0.018617
0.0037356,0.0044328,0.026336
0.0025477,0.0033536,0.035387
0.0016139,0.0024124,0.045807
0.00090854,0.0016259,0.057636
0.00030302,0.0010891,0.070902
-0.00021972,0.00080993,0.085628
-0.0006483,0.00077434,0.10182
-0.00098055,0.00095778,0.11948
-0.00048726,0.00056951,0.11706
-0.00034045,0.00044643,0.11513
-0.00014286,0.00028331,0.11359
0.00039725,-0.0001438,0.11239
0.0012789,-0.00083587,0.11146
0.0025016,-0.0017943,0.11078
0.0040654,-0.0030208,0.1103
0.0059708,-0.0045173,0.10999
0.0082186,-0.0062862,0.10984
0.01081,-0.00833,0.10984
0.011062,-0.0082676,0.087072
0.011355,-0.0080251,0.067322
0.011699,-0.0075977,0.050386
0.012103,-0.0069815,0.036106
0.012578,-0.0061747,0.024346
0.013135,-0.0051777,0.014995
0.013786,-0.0039943,0.0079622
0.01454,-0.0026321,0.0031755
0.015406,-0.0011028,0.00058551
0.016393,0.00057817,-3.7614E-05
0.015919,1.6204E-05,-0.00047019
0.015461,-0.00052465,-0.0012471
0.015018,-0.0010449,-0.002368
0.014592,-0.001545,-0.0038341
0.014181,-0.0020255,-0.0056446
0.013788,-0.0024868,-0.0078011
0.01341,-0.0029293,-0.010303
0.01305,-0.0033533,-0.013152
0.012707,-0.0037591,-0.016347
0.012381,-0.004147,-0.01989
0.010559,-0.0034427,-0.021564
0.0088791,-0.0028084,-0.023222
0.007344,-0.0022424,-0.02486
0.0059548,-0.0017435,-0.026479
0.004713,-0.0013101,-0.02808
0.00362,-0.00094104,-0.029664
0.0026772,-0.00063522,-0.031233
0.0018855,-0.0003917,-0.03279
0.001246,-0.00020982,-0.034339
0.00075932,-8.9151E-05,-0.035884
0.0024344,-0.0011853,-0.019383
0.0054367,-0.0032794,-0.0080689
0.0097548,-0.0063794,-0.001623
0.015401,-0.01054,0.00016322
0.022372,-0.015817,0.0035413
0.03068,-0.022268,0.012096
0.040351,-0.029947,0.026038
0.051408,-0.038901,0.045528
0.063875,-0.04917,0.070666
0.077775,-0.06079,0.10149
0.070609,-0.05501,0.1005
0.063884,-0.049543,0.096891
0.057591,-0.044384,0.091091
0.051722,-0.039527,0.08356
0.046265,-0.034964,0.074738
0.041211,-0.030688,0.065056
0.036549,-0.026692,0.054917
0.032267,-0.022966,0.044708
0.028356,-0.019502,0.034791
0.024804,-0.01629,0.025512
0.020303,-0.01286,0.028398
0.016339,-0.0098658,0.032156
0.012873,-0.0072769,0.036772
0.0098707,-0.0050666,0.042231
0.0073055,-0.0032133,0.048511
0.0051565,-0.0017016,0.055581
0.0034108,-0.00052241,0.063403
0.0020629,0.00032689,0.071936
0.001114,0.00084293,0.08114
0.00057139,0.0010171,0.09098
0.00048952,0.00096268,0.087023
0.00041896,0.00090715,0.083153
0.00029497,0.00090813,0.079366
0.00012063,0.00096263,0.075665
-0.00010106,0.0010677,0.072046
-0.0003673,0.0012207,0.068512
-0.00067561,0.0014191,0.06506
-0.0010237,0.0016606,0.061693
-0.0014094,0.0019431,0.058409
-0.001831,0.0022649,0.055208
-0.00051205,0.0012737,0.060528
0.00027108,0.00079685,0.066031
0.00056273,0.00079546,0.071724
0.0011463,0.00055108,0.077609
0.0023118,-0.00020658,0.083685
0.0040723,-0.0014942,0.089944
0.0064431,-0.0033306,0.096374
0.0094406,-0.0057361,0.10296
0.013083,-0.0087317,0.10968
0.017387,-0.012339,0.11652
0.01476,-0.012833,0.091795
0.012929,-0.012257,0.07076
0.011261,-0.011357,0.052985
0.008663,-0.01137,0.038134
0.0051557,-0.012347,0.025945
0.00077808,-0.014324,0.016218
-0.0044327,-0.017335,0.0088108
-0.010448,-0.021412,0.0036414
-0.017252,-0.026572,0.00068432
-0.024845,-0.032824,-0.00012145
-0.014077,-0.02045,0.00017873
-0.0062851,-0.011328,0.0011719
-0.0012885,-0.0052493,0.0027278
0.0011017,-0.0019991,0.0046664
0.0014022,-0.0010213,0.0068951
0.0032178,0.0014526,0.0095515
0.0075983,0.0065051,0.012879
0.014742,0.014326,0.017007
0.024848,0.025101,0.021971
0.038101,0.039003,0.027755
0.030298,0.029008,0.042761
0.024442,0.019466,0.061422
0.020493,0.010332,0.083736
0.018459,0.0015522,0.10963
0.018385,-0.006923,0.13898
0.02035,-0.015139,0.17169
0.024449,-0.023134,0.20763
0.030786,-0.030939,0.24675
0.038377,-0.039688,0.28898
0.04582,-0.050919,0.33432
0.050531,-0.054524,0.24615
0.055224,-0.058322,0.17391
0.059916,-0.0623,0.11572
0.064624,-0.066451,0.070273
0.069368,-0.070775,0.036597
0.074169,-0.075278,0.014007
0.079054,-0.079972,0.0020282
0.084047,-0.084872,-0.0008099
0.089169,-0.089959,-0.0092933
0.094435,-0.095242,-0.027804
0.084909,-0.085826,-0.011193
0.076006,-0.076987,-0.0022105
0.06769,-0.068695,-2.4451E-06
0.059933,-0.060949,0.0052419
0.05271,-0.053731,0.017261
0.045994,-0.047018,0.035928
0.039765,-0.040788,0.061162
0.034005,-0.035027,0.092903
0.028705,-0.029726,0.13111
0.023862,-0.024882,0.17572
0.02456,-0.025566,0.13574
0.025122,-0.026126,0.10201
0.025553,-0.026566,0.073865
0.025859,-0.02689,0.050802
0.02605,-0.027106,0.032409
0.026138,-0.027226,0.018357
0.026139,-0.027264,0.0083838
0.026074,-0.027238,0.0022806
0.025965,-0.027169,-0.00010872
0.025833,-0.027073,-0.0014204
0.026259,-0.027393,-0.0015744
0.026785,-0.027626,-0.0017383
0.02741,-0.027776,-0.0019119
0.028135,-0.027845,-0.0020959
0.02896,-0.027836,-0.0022899
0.029885,-0.027751,-0.0024946
0.03091,-0.027593,-0.0027098
0.032034,-0.027365,-0.0029361
0.033256,-0.027069,-0.0031732
0.034575,-0.026708,-0.0034217
0.03499,-0.027865,-0.0025202
0.035424,-0.029028,-0.0018082
0.035879,-0.030196,-0.0012604
0.036354,-0.031368,-0.00085596
0.036849,-0.032544,-0.00057647
0.037364,-0.033723,-0.00040628
0.037899,-0.034904,-0.00033155
0.038453,-0.036088,-0.00032533
0.039028,-0.037274,-0.00027075
0.039622,-0.038463,-0.0001527
0.050437,-0.049026,-0.00050751
0.062562,-0.060877,-0.0013493
0.075996,-0.074017,-0.0031237
0.090738,-0.088448,-0.0058419
0.10679,-0.10417,-0.0094974
0.12414,-0.12119,-0.01407
0.1428,-0.1395,-0.01953
0.16276,-0.15912,-0.02584
0.18403,-0.18004,-0.03296
0.20659,-0.20226,-0.040852
0.20467,-0.2032,-0.0264
0.20272,-0.20404,-0.015725
0.20076,-0.20478,-0.0083542
0.1988,-0.20542,-0.0039491
0.19685,-0.20595,-0.002258
0.19493,-0.20639,-0.0013806
0.19307,-0.20674,0.0018132
0.19128,-0.20702,0.0072825
0.18955,-0.20718,0.018024
0.18791,-0.20727,0.032645
0.16725,-0.18418,0.029439
0.14807,-0.16259,0.026549
0.1303,-0.14246,0.023407
0.11392,-0.12374,0.020538
0.098876,-0.10639,0.017514
0.085143,-0.090383,0.014769
0.072686,-0.075679,0.011972
0.061476,-0.06224,0.009487
0.051485,-0.050035,0.0069955
0.042689,-0.039026,0.004887
0.043032,-0.041549,0.0055262
0.043505,-0.044009,0.0062538
0.044107,-0.046405,0.007025
0.044837,-0.048736,0.0078879
0.045692,-0.050999,0.0088104
0.046673,-0.053195,0.0098288
0.047778,-0.055322,0.010918
0.049006,-0.057378,0.012108
0.050355,-0.059363,0.013377
0.05182,-0.061282,0.01475
0.048996,-0.057955,0.015399
0.046473,-0.05469,0.016136
0.044242,-0.051468,0.016934
0.042291,-0.048279,0.017813
0.040605,-0.045112,0.018747
0.039176,-0.041957,0.019758
0.037991,-0.038805,0.020821
0.037042,-0.035648,0.021957
0.036322,-0.032479,0.023144
0.035822,-0.029288,0.024402
0.035559,-0.023233,0.019656
0.035948,-0.017007,0.015453
0.036989,-0.010612,0.011765
0.038684,-0.0040481,0.0085894
0.041044,0.0026929,0.0059064
0.044083,0.0096221,0.0037148
0.047825,0.016755,0.0020017
0.052293,0.024109,0.00076515
0.057517,0.031705,-3.3178E-06
0.063529,0.039566,-0.00030777
0.069244,0.040881,-0.00023618
0.075356,0.042109,-2.7259E-05
0.081872,0.043251,0.00029656
0.088798,0.044308,0.00071507
0.096139,0.04528,0.0012067
0.1039,0.046168,0.0017542
0.11209,0.046972,0.0023386
0.1207,0.04769,0.0029467
0.12975,0.048322,0.0035631
0.13923,0.048868,0.0041788
0.14279,0.056255,0.0052257
0.14662,0.063638,0.0065747
0.1507,0.071015,0.0082515
0.15505,0.078386,0.010287
0.15965,0.085749,0.012708
0.16452,0.093102,0.015542
0.16965,0.10044,0.01881
0.17504,0.10777,0.02254
0.1807,0.11509,0.026749
0.18661,0.12239,0.031458
0.16724,0.11408,0.030127
0.14968,0.1058,0.027344
0.13383,0.09757,0.023608
0.11958,0.08939,0.01936
0.10682,0.081271,0.014961
0.095449,0.073217,0.010721
0.085181,0.065491,0.0068983
0.07532,0.058882,0.0037217
0.065798,0.053369,0.0013742
0.056596,0.048876,1.2512E-05
0.056308,0.047465,-0.00032538
0.055965,0.046141,-0.0004372
0.055565,0.044901,-0.00082178
0.05511,0.043745,-0.0014387
0.054602,0.042668,-0.0022334
0.054043,0.04167,-0.0031627
0.053434,0.040748,-0.004194
0.052777,0.039901,-0.005301
0.052073,0.039127,-0.0064641
0.051324,0.038425,-0.0076666
0.049718,0.037124,-0.0058442
0.048128,0.035845,-0.0042806
0.046562,0.034597,-0.0039423
0.04502,0.033364,-0.0036193
0.043504,0.032143,-0.0031746
0.042015,0.030932,-0.0027608
0.040555,0.02973,-0.0022817
0.039125,0.028535,-0.0018534
0.037728,0.027343,-0.001415
0.036365,0.026154,-0.001049
0.033612,0.024502,-0.0031125
0.03109,0.022738,-0.0066056
0.028536,0.02121,-0.011424
0.025886,0.019994,-0.017667
0.023137,0.019086,-0.025174
0.020288,0.018482,-0.034078
0.017338,0.01818,-0.044186
0.014287,0.018178,-0.055658
0.011137,0.018473,-0.068287
0.0078899,0.019063,-0.082255
0.0080487,0.020236,-0.059674
0.0081726,0.021433,-0.04083
0.0082632,0.022653,-0.025541
0.0083191,0.023892,-0.013884
0.0083384,0.025152,-0.0057657
0.0083175,0.026434,-0.0012227
0.0082531,0.027743,-5.7489E-05
0.0081898,0.029093,0.0024908
0.0081439,0.030499,0.0086168
0.0081094,0.031971,0.018313
0.0064827,0.029754,0.013996
0.0049736,0.02765,0.010232
0.0035805,0.025656,0.007056
0.0023015,0.023769,0.0044499
0.001135,0.021987,0.0024387
7.93E-05,0.020308,0.00101
-0.00086753,0.018729,0.00017792
-0.0017071,0.017248,-6.5913E-05
-0.002448,0.015861,-0.00040225
-0.0030965,0.014562,-0.001339
-0.0013159,0.01341,-0.0023801
0.0004014,0.012449,-0.0036524
0.0020703,0.011653,-0.0051177
0.003701,0.011006,-0.0067707
0.0052995,0.010493,-0.008584
0.0068682,0.010108,-0.010564
0.0084066,0.0098459,-0.012686
0.0099111,0.0097074,-0.014963
0.011376,0.0096955,-0.017372
0.012795,0.0098161,-0.019925
0.010578,0.0079504,-0.026878
0.0085447,0.0062615,-0.034717
0.0066946,0.0047477,-0.043412
0.0050283,0.0034076,-0.05298
0.0035469,0.0022405,-0.063399
0.0022518,0.0012457,-0.074691
0.0011461,0.00042192,-0.086827
0.00026546,-0.00028133,-0.099817
-0.00037111,-0.00088786,-0.11361
-0.00076058,-0.0013977,-0.12822
0.00059555,-0.002234,-0.095935
0.0027597,-0.0041289,-0.06903
0.0056849,-0.0069845,-0.046933
0.009347,-0.010752,-0.029287
0.01375,-0.015442,-0.015843
0.018923,-0.021126,-0.0064793
0.024918,-0.027918,-0.0011538
0.031795,-0.035952,0.00028215
0.039651,-0.045303,0.0032793
0.048558,-0.056072,0.010507
0.052749,-0.062306,0.0025923
0.057182,-0.068809,0.00042431
0.061835,-0.075706,-0.0030933
0.066706,-0.083086,-0.012236
0.071818,-0.090985,-0.026911
0.077191,-0.099431,-0.047022
0.082843,-0.10845,-0.072469
0.088787,-0.11806,-0.10315
0.095035,-0.12828,-0.13897
0.1016,-0.13911,-0.17983
0.091504,-0.12702,-0.19939
0.082026,-0.11561,-0.2178
0.073147,-0.10485,-0.23514
0.064852,-0.094717,-0.25155
0.057127,-0.0852,-0.26708
0.049959,-0.076274,-0.28186
0.043336,-0.067921,-0.29591
0.037248,-0.060125,-0.30932
0.031684,-0.052869,-0.32211
0.026634,-0.046139,-0.33433
0.029481,-0.051586,-0.34813
0.032547,-0.057329,-0.36258
0.035835,-0.063369,-0.37759
0.039349,-0.069705,-0.39311
0.043091,-0.076336,-0.40905
0.047065,-0.083262,-0.42537
0.051271,-0.090479,-0.44197
0.055688,-0.098,-0.45882
0.060243,-0.10587,-0.47583
0.064924,-0.11408,-0.49299
0.056283,-0.099128,-0.43516
0.04846,-0.085648,-0.38765
0.041392,-0.073496,-0.3475
0.035025,-0.062557,-0.31289
0.029312,-0.052739,-0.28258
0.024209,-0.043963,-0.25571
0.019681,-0.036162,-0.23169
0.015691,-0.029275,-0.21003
0.012211,-0.023251,-0.19043
0.0092114,-0.018041,-0.17258
0.0098017,-0.01809,-0.18675
0.010147,-0.018274,-0.20062
0.010415,-0.018494,-0.21419
0.010936,-0.018556,-0.22739
0.01172,-0.018456,-0.24021
0.012772,-0.018193,-0.25263
0.014094,-0.017767,-0.26466
0.015689,-0.017177,-0.27629
0.01756,-0.016423,-0.28752
0.019708,-0.015505,-0.29838
0.017693,-0.010619,-0.27979
0.016088,-0.0064735,-0.26284
0.014858,-0.0030075,-0.24722
0.013969,-0.00016716,-0.23269
0.013393,0.0020944,-0.21911
0.013106,0.0038185,-0.20633
0.013087,0.005041,-0.19426
0.013317,0.0057937,-0.1828
0.013693,0.0062592,-0.17191
0.013868,0.0070552,-0.16151
0.013053,0.0060018,-0.18288
0.012177,0.0051071,-0.20554
0.011256,0.0043629,-0.22948
0.010414,0.0035664,-0.25467
0.0096998,0.0026526,-0.28111
0.0091223,0.0016274,-0.30878
0.008691,0.00049645,-0.33767
0.0084157,-0.00073416,-0.36777
0.0083063,-0.0020587,-0.39905
0.0083727,-0.0034714,-0.43151
0.0071287,-0.0034784,-0.40575
0.0060788,-0.0033852,-0.38142
0.0052216,-0.0031977,-0.35835
0.0045559,-0.0029209,-0.33646
0.0040809,-0.0025605,-0.31565
0.0037033,-0.0021711,-0.29586
0.0031721,-0.0018929,-0.27701
0.0024768,-0.0017342,-0.25905
0.0016221,-0.001696,-0.24195
0.00061187,-0.0017789,-0.22563
0.0024021,-0.0025106,-0.23845
0.0042018,-0.0039905,-0.25184
0.0059986,-0.0062287,-0.26579
0.0078722,-0.0091867,-0.28025
0.010341,-0.012596,-0.29519
0.013502,-0.016412,-0.31059
0.017378,-0.020632,-0.32642
0.021991,-0.025251,-0.34267
0.027369,-0.030265,-0.35932
0.033534,-0.03567,-0.37637
0.025511,-0.026648,-0.33213
0.018659,-0.018963,-0.2908
0.01296,-0.012587,-0.25244
0.0083966,-0.0074912,-0.21704
0.0049524,-0.0036464,-0.18456
0.0026099,-0.0010245,-0.15493
0.0013528,0.00040273,-0.1281
0.00074168,0.00058852,-0.10398
-0.0005278,0.0012531,-0.082509
-0.0027893,0.0030496,-0.063601
-0.00098683,0.0018217,-0.056726
5.2479E-05,0.00093835,-0.050393
0.00040951,0.00041697,-0.044562
0.00091843,0.0004984,-0.039161
0.0021679,0.00045394,-0.034157
0.00423,0.00014361,-0.029503
0.0070957,-0.00044335,-0.025179
0.010749,-0.0013297,-0.02116
0.015169,-0.0025455,-0.017445
0.020333,-0.0041248,-0.014032
0.019051,-0.0030822,-0.0099096
0.017842,-0.0020794,-0.0067736
0.016704,-0.0011256,-0.004424
0.015637,-0.00022908,-0.002699
0.01464,0.00060248,-0.0014772
0.013714,0.0013621,-0.00065674
0.012856,0.0020435,-0.00015983
0.012069,0.0026406,7.764E-05
0.01135,0.0031479,0.00012715
0.010697,0.0035579,0.00026385
0.010546,0.001762,4.003E-05
0.010677,-0.0005139,-0.00065921
0.011111,-0.0032969,-0.0021283
0.011873,-0.0066315,-0.0043636
0.012987,-0.010572,-0.0073637
0.014477,-0.015176,-0.011122
0.016369,-0.020507,-0.015635
0.018683,-0.026624,-0.020888
0.021443,-0.033587,-0.02687
0.024667,-0.041457,-0.033557
0.024905,-0.042511,-0.028289
0.025149,-0.043567,-0.023281
0.025402,-0.044623,-0.018615
0.025662,-0.04568,-0.014362
0.02593,-0.046737,-0.010585
0.026206,-0.047795,-0.0073351
0.02649,-0.048852,-0.0046601
0.026781,-0.049911,-0.0025984
0.02708,-0.050971,-0.0011848
0.027386,-0.052033,-0.00044854
0.022642,-0.037352,-0.0012389
0.019255,-0.02481,-0.0029053
0.017118,-0.014309,-0.0054143
0.01615,-0.0057549,-0.0087422
0.016305,0.00094206,-0.012876
0.017581,0.0058546,-0.017809
0.02002,0.0090286,-0.02354
0.023386,0.011167,-0.030065
0.02647,0.015152,-0.037356
0.029177,0.021392,-0.045396
0.028719,0.016598,-0.038091
0.027724,0.013435,-0.031807
0.0262,0.011836,-0.02636
0.024804,0.010267,-0.021621
0.024128,0.0073272,-0.01749
0.024141,0.0030173,-0.013889
0.024821,-0.0026786,-0.010758
0.026158,-0.0097901,-0.0080623
0.028151,-0.018357,-0.0057827
0.030808,-0.028425,-0.0039123
0.0347,-0.025712,-0.003489
0.039107,-0.022811,-0.0030566
0.044019,-0.019728,-0.002624
0.049424,-0.016471,-0.0021996
0.055311,-0.013047,-0.0017917
0.061667,-0.0094614,-0.0014084
0.068482,-0.0057213,-0.001058
0.075744,-0.001832,-0.00074919
0.083443,0.0022014,-0.00049049
0.091567,0.0063738,-0.00029073
0.079526,-0.011651,-0.0047913
0.070117,-0.030615,-0.014628
0.063368,-0.050527,-0.029551
0.059297,-0.071406,-0.049399
0.057908,-0.093278,-0.074046
0.059194,-0.11618,-0.10337
0.063139,-0.14013,-0.13722
0.069725,-0.16519,-0.17545
0.078929,-0.19137,-0.21787
0.089185,-0.21935,-0.26435
0.088197,-0.21684,-0.18458
0.087064,-0.21401,-0.12644
0.085811,-0.21096,-0.083552
0.084452,-0.20772,-0.052076
0.082999,-0.20435,-0.029553
0.081458,-0.20087,-0.014335
0.079837,-0.19731,-0.0052639
0.078184,-0.19368,-0.0015044
0.076551,-0.19,-0.0001628
0.074985,-0.18629,0.0050192
0.073504,-0.18343,4.9028E-06
0.072045,-0.18049,-0.0012449
0.070586,-0.17746,-0.0025246
0.069116,-0.17436,-0.0055475
0.067622,-0.17119,-0.009769
0.066092,-0.16799,-0.014814
0.064531,-0.16475,-0.020424
0.062943,-0.16148,-0.026415
0.061334,-0.15819,-0.03266
0.059706,-0.15487,-0.039065
0.060796,-0.15762,-0.036318
0.061802,-0.16039,-0.033805
0.062732,-0.16318,-0.031483
0.063685,-0.16594,-0.029318
0.064701,-0.16867,-0.027284
0.065779,-0.17137,-0.025362
0.066919,-0.17403,-0.023535
0.06812,-0.17666,-0.021793
0.069382,-0.17926,-0.020126
0.070704,-0.18182,-0.01853
0.075625,-0.19707,-0.024219
0.080837,-0.21301,-0.030531
0.086344,-0.22964,-0.037421
0.092148,-0.24698,-0.04485
0.098251,-0.26501,-0.052781
0.10465,-0.28373,-0.061184
0.11136,-0.30314,-0.070025
0.11826,-0.32327,-0.079279
0.12528,-0.34415,-0.088916
0.13241,-0.36576,-0.098912
0.12649,-0.3502,-0.11066
0.12073,-0.33557,-0.12208
0.11525,-0.32176,-0.13323
0.11026,-0.30862,-0.14417
0.10573,-0.29608,-0.15492
0.10165,-0.28411,-0.16551
0.097993,-0.27265,-0.17596
0.094745,-0.26166,-0.18628
0.091891,-0.2511,-0.19647
0.089418,-0.24094,-0.20653
0.076003,-0.20975,-0.16691
0.064598,-0.18253,-0.13778
0.055008,-0.15867,-0.11554
0.047069,-0.13767,-0.098058
0.040478,-0.11918,-0.08401
0.034255,-0.10315,-0.072505
0.028174,-0.089323,-0.06294
0.022147,-0.077432,-0.054885
0.016098,-0.067248,-0.04803
0.0099609,-0.058571,-0.042134
5.4385E-06,-0.052484,-0.021788
-0.011746,-0.047848,-0.0082249
-0.02531,-0.044594,-0.0010416
-0.040777,-0.042702,0.00081493
-0.05819,-0.042227,0.0063159
-0.077728,-0.043235,0.01791
-0.099616,-0.045806,0.035646
-0.12408,-0.050033,0.059587
-0.15133,-0.05601,0.08978
-0.18156,-0.063829,0.12627
-0.16609,-0.061273,0.10685
-0.15063,-0.059916,0.090085
-0.13526,-0.059707,0.075405
-0.12006,-0.060606,0.062452
-0.10509,-0.06258,0.050976
-0.090407,-0.065605,0.040825
-0.076065,-0.069666,0.031888
-0.062111,-0.074751,0.024095
-0.048587,-0.080861,0.017396
-0.035527,-0.088001,0.011761
-0.032108,-0.083632,0.013027
-0.028936,-0.079329,0.013932
-0.025999,-0.075095,0.014494
-0.023288,-0.070933,0.014742
-0.020791,-0.066848,0.014708
-0.018497,-0.062842,0.014426
-0.016396,-0.058918,0.01393
-0.014479,-0.055082,0.013253
-0.012735,-0.051335,0.012429
-0.011155,-0.047683,0.011487
-0.013892,-0.051516,0.016894
-0.016806,-0.055407,0.023357
-0.019887,-0.05935,0.030892
-0.023126,-0.063341,0.03952
-0.026516,-0.067374,0.049262
-0.03005,-0.071447,0.06014
-0.033721,-0.07556,0.072172
-0.037523,-0.079709,0.085377
-0.041452,-0.083896,0.099766
-0.045504,-0.08812,0.11535
-0.036681,-0.072251,0.07465
-0.029047,-0.058254,0.044443
-0.022511,-0.046023,0.022936
-0.016985,-0.03546,0.0089167
-0.012381,-0.026473,0.0015157
-0.0086175,-0.018967,-0.00024887
-0.005646,-0.012804,-0.0042494
-0.0033883,-0.0078738,-0.013392
-0.0017623,-0.0040957,-0.027513
-0.00071799,-0.0014167,-0.046653
-0.0017374,-0.0016775,-0.036295
-0.0031333,-0.0020197,-0.026716
-0.0048977,-0.0024425,-0.01823
-0.0070245,-0.002948,-0.011132
-0.0095106,-0.0035404,-0.005665
-0.012358,-0.0042258,-0.0020012
-0.015572,-0.005011,-0.00021541
-0.019164,-0.005905,0.00023629
-0.023144,-0.0069297,0.0020886
-0.027528,-0.0080881,0.0056501
-0.028494,-0.0091635,0.0026568
-0.029369,-0.010707,0.0006916
-0.03018,-0.012716,-0.00011718
-0.030955,-0.015176,-0.00063369
-0.031718,-0.018062,-0.0024313
-0.032494,-0.021356,-0.0055734
-0.033305,-0.025037,-0.010098
-0.034171,-0.029087,-0.016051
-0.035109,-0.033485,-0.023492
-0.036134,-0.038213,-0.032497
-0.040542,-0.035386,-0.024445
-0.045022,-0.03291,-0.017166
-0.049574,-0.030766,-0.010947
-0.054198,-0.028936,-0.0060261
-0.058888,-0.027406,-0.0025992
-0.063639,-0.026161,-0.00082643
-0.068444,-0.025194,-0.00041657
-0.073314,-0.024513,0.0013682
-0.078247,-0.024117,0.00511
-0.083235,-0.024003,0.010878
-0.076635,-0.020329,0.0069239
-0.070111,-0.017886,0.0035805
-0.063893,-0.015739,0.0011002
-0.058284,-0.012641,-0.00031381
-0.053266,-0.008598,-0.00063041
-0.048803,-0.0036081,-0.0016648
-0.044868,0.0023338,-0.0041202
-0.041449,0.0092366,-0.0080595
-0.038535,0.017117,-0.013528
-0.036121,0.025995,-0.020559
-0.039615,0.023629,-0.022164
-0.043389,0.021224,-0.023486
-0.047445,0.01878,-0.024515
-0.051788,0.016297,-0.025253
-0.05642,0.013779,-0.025706
-0.061345,0.011225,-0.025888
-0.066566,0.0086375,-0.025812
-0.072086,0.006018,-0.025499
-0.077908,0.0033678,-0.024969
-0.084035,0.00068845,-0.024248
-0.086922,-0.0058186,-0.038785
-0.090134,-0.011383,-0.056472
-0.093682,-0.016009,-0.077188
-0.097576,-0.019695,-0.10083
-0.10183,-0.022441,-0.12729
-0.10644,-0.02424,-0.15648
-0.11133,-0.025529,-0.18829
-0.11618,-0.027729,-0.22264
-0.12097,-0.030959,-0.25941
-0.1257,-0.035231,-0.29852
-0.13288,-0.032286,-0.23832
-0.13937,-0.031387,-0.18962
-0.14535,-0.032057,-0.14948
-0.15154,-0.03129,-0.11609
-0.1581,-0.028541,-0.088246
-0.16504,-0.023843,-0.065131
-0.1724,-0.017215,-0.046184
-0.1802,-0.0086652,-0.031007
-0.18845,0.0018098,-0.019315
-0.19716,0.014219,-0.010898
-0.20079,0.010785,-0.02125
-0.20444,0.0074243,-0.034733
-0.20814,0.0041321,-0.050801
-0.21188,0.00090405,-0.069051
-0.21568,-0.002263,-0.089197
-0.21954,-0.0053708,-0.11102
-0.22345,-0.0084211,-0.13436
-0.22744,-0.011414,-0.1591
-0.23149,-0.014352,-0.18513
-0.23561,-0.017234,-0.21238
-0.22454,-0.022281,-0.15214
-0.21388,-0.026194,-0.10863
-0.20363,-0.029093,-0.076487
-0.19379,-0.031068,-0.052499
-0.18437,-0.032193,-0.034643
-0.17534,-0.032526,-0.021573
-0.16669,-0.032117,-0.012364
-0.15842,-0.031005,-0.0063471
-0.15046,-0.029469,-0.0030346
-0.14259,-0.028579,-0.0020321
-0.12264,-0.025222,0.0016041
-0.10434,-0.022282,0.011046
-0.087671,-0.019713,0.026096
-0.072579,-0.017488,0.0466
-0.059035,-0.015593,0.072432
-0.047007,-0.01403,0.10352
-0.036475,-0.012811,0.13981
-0.027422,-0.011955,0.18128
-0.019841,-0.011488,0.22789
-0.013734,-0.011439,0.27963
-0.018832,-0.011434,0.21269
-0.025369,-0.01167,0.15774
-0.033338,-0.012164,0.11268
-0.04273,-0.012928,0.076138
-0.053531,-0.01397,0.04721
-0.065716,-0.015291,0.025302
-0.07925,-0.016888,0.010038
-0.094093,-0.018753,0.0011982
-0.1102,-0.020871,-0.0014383
-0.12743,-0.023266,-0.0055464
-0.11832,-0.020926,-0.0032
-0.1095,-0.018915,-0.001733
-0.10099,-0.0172,-0.001222
-0.092817,-0.015657,-0.00044191
-0.085035,-0.01404,0.0014411
-0.077641,-0.012355,0.0044799
-0.070628,-0.010619,0.0087199
-0.063994,-0.0088435,0.014197
-0.057735,-0.0070378,0.020944
-0.051848,-0.0052069,0.028983
-0.056236,-0.0077114,0.016949
-0.061039,-0.009495,0.0081134
-0.066227,-0.010579,0.0023348
-0.071622,-0.011893,-0.00047584
-0.077108,-0.013943,-0.0012428
-0.08261,-0.016765,-0.0042726
-0.088101,-0.020373,-0.010117
-0.093565,-0.024777,-0.018746
-0.098985,-0.029992,-0.030128
-0.10435,-0.03603,-0.044235
-0.091891,-0.032746,-0.039176
-0.08023,-0.029495,-0.034856
-0.069365,-0.026292,-0.031106
-0.059298,-0.023158,-0.027812
-0.050026,-0.020111,-0.024886
-0.04155,-0.017173,-0.022266
-0.033867,-0.014366,-0.019904
-0.026976,-0.011715,-0.017764
-0.020874,-0.009247,-0.015818
-0.015558,-0.0069912,-0.014043
-0.021384,-0.011468,-0.0074588
-0.028001,-0.01719,-0.0029494
-0.035394,-0.024171,-0.0010477
-0.043526,-0.032431,-0.00018665
-0.052376,-0.041987,0.00018938
-0.06194,-0.052843,0.0017197
-0.072197,-0.065015,0.004696
-0.083136,-0.078516,0.0090657
-0.09474,-0.09336,0.015096
-0.107,-0.10956,0.022609
-0.088941,-0.09606,0.018119
-0.072723,-0.083642,0.01412
-0.058285,-0.072261,0.010774
-0.04557,-0.061876,0.0078704
-0.034519,-0.052447,0.0055126
-0.025078,-0.043939,0.0035724
-0.017187,-0.036317,0.0021043
-0.010792,-0.029546,0.0010375
-0.0058354,-0.023596,0.00039327
-0.0022585,-0.018433,0.00014095
-0.0031178,-0.016675,-7.7115E-05
-0.0039965,-0.015016,-0.00071992
-0.0048951,-0.013457,-0.0017291
-0.005815,-0.011999,-0.0030849
-0.0067572,-0.010645,-0.0047342
-0.0077232,-0.0093958,-0.0066821
-0.0087147,-0.0082525,-0.0088761
-0.0097334,-0.0072156,-0.011339
-0.010781,-0.0062855,-0.014012
-0.01186,-0.0054624,-0.016934
-0.015702,-0.004856,-0.015324
-0.020039,-0.0044286,-0.013788
-0.024883,-0.0041849,-0.012283
-0.030249,-0.0041335,-0.01086
-0.036153,-0.0042861,-0.0094841
-0.04261,-0.0046566,-0.0081948
-0.049636,-0.0052589,-0.0069657
-0.057271,-0.0058706,-0.0058297
-0.065548,-0.0063136,-0.0047699
-0.074486,-0.0065697,-0.0038098
-0.095401,-0.0095587,-0.0067108
-0.11961,-0.012144,-0.010391
-0.14715,-0.015754,-0.014811
-0.1782,-0.020639,-0.019996
-0.21293,-0.026822,-0.02595
-0.25149,-0.034323,-0.032729
-0.29404,-0.043162,-0.040354
-0.34071,-0.053354,-0.048896
-0.39165,-0.064913,-0.058373
-0.44695,-0.07785,-0.068851
-0.41334,-0.077561,-0.05681
-0.3807,-0.07738,-0.046725
-0.34908,-0.077295,-0.038163
-0.31852,-0.077291,-0.03086
-0.28907,-0.07736,-0.024606
-0.26077,-0.07749,-0.019269
-0.23367,-0.077675,-0.01473
-0.20782,-0.077906,-0.010911
-0.18324,-0.078177,-0.0077341
-0.15999,-0.078482,-0.0051477
-0.17517,-0.080193,-0.006786
-0.19091,-0.081928,-0.0083625
-0.20719,-0.083683,-0.0098274
-0.22401,-0.085455,-0.011153
-0.24137,-0.087244,-0.012322
-0.25927,-0.089047,-0.01333
-0.27771,-0.090862,-0.014178
-0.29668,-0.092687,-0.014875
-0.3162,-0.094521,-0.015427
-0.33626,-0.096362,-0.01585
-0.32738,-0.085894,-0.014524
-0.31845,-0.076111,-0.013602
-0.30948,-0.067013,-0.012962
-0.30049,-0.0586,-0.012526
-0.29148,-0.050873,-0.012239
-0.28246,-0.043832,-0.012064
-0.27344,-0.037478,-0.011975
-0.26443,-0.031811,-0.011952
-0.25545,-0.026834,-0.011983
-0.24649,-0.022546,-0.012057
-0.21543,-0.028781,-0.0027835
-0.18669,-0.038252,-0.00023886
-0.16009,-0.050889,0.0026433
-0.13546,-0.066654,0.010073
-0.11266,-0.085542,0.024637
-0.09157,-0.10758,0.044874
-0.072147,-0.13281,0.071003
-0.054369,-0.1613,0.10246
-0.038257,-0.1931,0.13724
-0.023869,-0.22828,0.17643
-0.031386,-0.2093,0.15383
-0.039362,-0.19136,0.13336
-0.047802,-0.17443,0.11334
-0.056719,-0.15847,0.095133
-0.066115,-0.14345,0.076691
-0.076005,-0.12933,0.060242
-0.086393,-0.11609,0.045439
-0.097285,-0.10371,0.032655
-0.10869,-0.092149,0.021799
-0.1206,-0.081398,0.013014
-0.11597,-0.086044,0.031043
-0.11145,-0.090892,0.05543
-0.10706,-0.095947,0.085467
-0.1028,-0.10121,0.12067
-0.098654,-0.1067,0.16048
-0.094639,-0.1124,0.20456
-0.090751,-0.11833,0.25243
-0.086995,-0.12448,0.30386
-0.083371,-0.13086,0.3584
-0.079882,-0.13746,0.41593
-0.076314,-0.14867,0.36145
-0.072843,-0.16036,0.31757
-0.069459,-0.1725,0.28116
-0.066159,-0.1851,0.25039
-0.06294,-0.19816,0.22383
-0.059804,-0.21168,0.20061
-0.056748,-0.22565,0.17999
-0.053775,-0.24007,0.16154
-0.050885,-0.25495,0.14484
-0.048079,-0.27029,0.12965
-0.051056,-0.25675,0.087616
-0.054087,-0.24321,0.056484
-0.057158,-0.22973,0.033677
-0.06026,-0.21637,0.01745
-0.063385,-0.20317,0.0065731
-0.066531,-0.19018,0.00014736
-0.069694,-0.17743,-0.0024939
-0.072859,-0.16495,-0.0033506
-0.075981,-0.15274,-0.006789
-0.07906,-0.14081,-0.012784
-0.071715,-0.16537,-0.008445
-0.064749,-0.19202,-0.0055751
-0.05817,-0.22081,-0.0040809
-0.051983,-0.25176,-0.0038852
-0.046205,-0.28493,-0.0037644
-0.040854,-0.32037,-0.0025797
-0.035933,-0.35809,-0.00038418
-0.031443,-0.39813,0.0027767
-0.027386,-0.44049,0.0068705
-0.023765,-0.4852,0.011871
-0.029863,-0.45422,0.010896
-0.036506,-0.42446,0.0092376
-0.043708,-0.39591,0.0071935
-0.051484,-0.36851,0.0049852
-0.059844,-0.34223,0.0027796
-0.068801,-0.31704,0.00069574
-0.078363,-0.29291,-0.0011772
-0.08854,-0.26981,-0.0027763
-0.099339,-0.24772,-0.0040538
-0.11077,-0.22661,-0.004976
-0.11972,-0.19975,-0.0048216
-0.12891,-0.17501,-0.0047206
-0.13836,-0.15225,-0.0046548
-0.14808,-0.13135,-0.0046091
-0.15805,-0.11219,-0.0045708
-0.1683,-0.094677,-0.0045293
-0.17882,-0.078725,-0.0044759
-0.18963,-0.064259,-0.0044035
-0.20074,-0.051214,-0.0043679
-0.21214,-0.039536,-0.0044143
-0.20858,-0.053439,-0.0049116
-0.2051,-0.069309,-0.0054996
-0.20173,-0.087143,-0.0061373
-0.19845,-0.10694,-0.0068004
-0.19528,-0.1287,-0.0074758
-0.19223,-0.15241,-0.0081573
-0.18929,-0.17807,-0.0088443
-0.18647,-0.20569,-0.0095384
-0.18379,-0.23526,-0.010244
-0.18124,-0.26678,-0.010965
-0.171,-0.25978,-0.013114
-0.16111,-0.2527,-0.016588
-0.15157,-0.24555,-0.021463
-0.14236,-0.23835,-0.027786
-0.13347,-0.2311,-0.035585
-0.12489,-0.22381,-0.044876
-0.11661,-0.2165,-0.055666
-0.10863,-0.20918,-0.067955
-0.10094,-0.20186,-0.081742
-0.093527,-0.19454,-0.097026
-0.1022,-0.19745,-0.083754
-0.11121,-0.2003,-0.072243
-0.12058,-0.20311,-0.06221
-0.1303,-0.20588,-0.053447
-0.14038,-0.20862,-0.045785
-0.15081,-0.21132,-0.039096
-0.16161,-0.21398,-0.033275
-0.17277,-0.21661,-0.028238
-0.18429,-0.21921,-0.023918
-0.19618,-0.22177,-0.020261
-0.16805,-0.20808,-0.012287
-0.14256,-0.19476,-0.0077645
-0.11956,-0.18181,-0.0061711
-0.099007,-0.16934,-0.0032768
-0.080795,-0.15736,0.0022989
-0.064812,-0.14588,0.010433
-0.050954,-0.13487,0.021025
-0.039124,-0.12435,0.033998
-0.029233,-0.11429,0.049282
-0.021204,-0.1047,0.066828
-0.025638,-0.11011,0.035919
-0.030829,-0.11595,0.014478
-0.036774,-0.12215,0.0015563
-0.043479,-0.12866,-0.0034854
-0.050878,-0.13533,-0.0064787
-0.058864,-0.14193,-0.016428
-0.067464,-0.14843,-0.033204
-0.076709,-0.15484,-0.056568
-0.086627,-0.16116,-0.086296
-0.097245,-0.16736,-0.12219
-0.08688,-0.16362,-0.091303
-0.077097,-0.15962,-0.065282
-0.067905,-0.15541,-0.043906
-0.059314,-0.151,-0.027064
-0.051334,-0.1464,-0.014696
-0.043972,-0.14165,-0.0067802
-0.037236,-0.13675,-0.0033151
-0.031168,-0.13177,-0.0016519
-0.025851,-0.12687,0.0042386
-0.02129,-0.12204,0.014611
-0.026316,-0.12685,0.0055748
-0.032194,-0.13176,-0.00029271
-0.038939,-0.13673,-0.0028751
-0.046548,-0.14172,-0.0041182
-0.054989,-0.14661,-0.0086502
-0.064284,-0.1514,-0.016714
-0.074461,-0.15607,-0.02837
-0.085548,-0.16061,-0.043673
-0.097573,-0.16501,-0.062671
-0.11056,-0.16926,-0.085413
-0.1115,-0.14913,-0.08824
-0.11259,-0.13033,-0.089756
-0.11382,-0.11281,-0.09017
-0.11519,-0.096536,-0.089675
-0.11671,-0.081477,-0.088422
-0.11836,-0.067597,-0.086552
-0.12016,-0.054866,-0.084171
-0.12209,-0.043255,-0.08138
-0.12416,-0.032736,-0.078254
-0.12637,-0.023287,-0.074865
-0.1177,-0.035117,-0.064602
-0.1097,-0.048205,-0.056319
-0.10231,-0.062564,-0.049538
-0.095497,-0.078212,-0.043921
-0.089236,-0.095169,-0.039218
-0.08351,-0.11346,-0.035246
-0.07831,-0.1331,-0.031866
-0.073636,-0.15412,-0.02897
-0.069494,-0.17655,-0.026475
-0.065896,-0.2004,-0.024314
-0.067575,-0.20994,-0.019263
-0.069306,-0.21972,-0.014866
-0.071092,-0.22975,-0.011116
-0.072934,-0.24003,-0.0080054
-0.074834,-0.25055,-0.0055267
-0.076795,-0.26132,-0.0036695
-0.078819,-0.27235,-0.0024242
-0.080907,-0.28363,-0.0017795
-0.083063,-0.29517,-0.0015459
-0.085289,-0.30697,-0.00083917
-0.082865,-0.2706,-0.001106
-0.080704,-0.23685,-0.00097328
-0.078802,-0.20561,-0.00084122
-0.077154,-0.1768,-0.00084425
-0.07576,-0.15033,-0.00091009
-0.074615,-0.12613,-0.00099721
-0.073718,-0.10411,-0.001082
-0.073067,-0.084223,-0.0011512
-0.07266,-0.066385,-0.0011979
-0.072496,-0.050536,-0.0012191
-0.082922,-0.047757,0.00022172
-0.094227,-0.044919,0.0031889
-0.10645,-0.042032,0.0099287
-0.11963,-0.039098,0.020182
-0.1338,-0.036111,0.033715
-0.149,-0.033065,0.050313
-0.16527,-0.029949,0.069763
-0.18263,-0.02675,0.091871
-0.20112,-0.023453,0.11644
-0.22075,-0.020044,0.14331
-0.22436,-0.021893,0.1362
-0.22799,-0.023782,0.13051
-0.23164,-0.025713,0.1259
-0.23533,-0.027684,0.12215
-0.23904,-0.029694,0.11908
-0.24279,-0.031744,0.11654
-0.24656,-0.033833,0.11442
-0.25036,-0.03596,0.11264
-0.2542,-0.038125,0.11112
-0.25807,-0.040327,0.10982
-0.22833,-0.039363,0.074595
-0.20079,-0.038175,0.047922
-0.17535,-0.036791,0.028206
-0.15193,-0.035237,0.014366
-0.13046,-0.033534,0.00564
-0.11084,-0.031705,0.0014624
-0.093031,-0.029774,0.00032941
-0.076999,-0.027786,-0.00369
-0.062684,-0.025763,-0.011226
-0.050022,-0.023724,-0.022079
-0.052474,-0.032208,-0.020664
-0.055077,-0.041826,-0.019319
-0.057834,-0.052595,-0.018037
-0.06075,-0.064532,-0.016821
-0.063827,-0.077652,-0.015665
-0.06707,-0.091969,-0.014568
-0.070486,-0.1075,-0.013527
-0.07408,-0.12425,-0.01254
-0.077858,-0.14223,-0.011601
-0.081827,-0.16145,-0.010709
-0.090315,-0.15797,-0.004126
-0.099488,-0.15444,-0.00020655
-0.10935,-0.15081,0.0014729
-0.11988,-0.14708,0.0019935
-0.13107,-0.14322,0.0039577
-0.14294,-0.1392,0.0073815
-0.15547,-0.13502,0.012105
-0.16868,-0.13068,0.017995
-0.18257,-0.12617,0.024945
-0.19716,-0.12149,0.032866
-0.19091,-0.11835,0.048137
-0.18471,-0.11531,0.066173
-0.17856,-0.11236,0.08687
-0.17246,-0.10948,0.11015
-0.16644,-0.10668,0.13592
-0.16049,-0.10395,0.16413
-0.15464,-0.10127,0.1947
-0.14887,-0.098657,0.22758
-0.14321,-0.096093,0.2627
-0.13766,-0.093578,0.30003
-0.13287,-0.076698,0.25914
-0.12833,-0.061282,0.22495
-0.12406,-0.047301,0.19576
-0.12006,-0.034724,0.17047
-0.11632,-0.023524,0.1483
-0.11284,-0.013672,0.12872
-0.10963,-0.0051423,0.11129
-0.10668,0.0020884,0.095738
-0.10399,0.0080433,0.081818
-0.10155,0.012744,0.069352
-0.11112,0.01264,0.041415
-0.12112,0.012451,0.020858
-0.13156,0.012173,0.0073674
-0.14243,0.011801,0.00071476
-0.15374,0.011327,-0.00098827
-0.16548,0.010719,-0.0076795
-0.17765,0.0099728,-0.020844
-0.19022,0.00909,-0.040407
-0.20319,0.0080715,-0.06629
-0.21656,0.0069186,-0.098439
-0.20922,0.0096132,-0.076168
-0.20207,0.012024,-0.058193
-0.19511,0.014173,-0.043611
-0.18831,0.016078,-0.031811
-0.18169,0.017756,-0.022342
-0.17523,0.01922,-0.014885
-0.16893,0.020484,-0.0091949
-0.16278,0.02156,-0.0050919
-0.15677,0.022457,-0.0024332
-0.15091,0.023186,-0.0011093
-0.13425,0.017436,-0.0020021
-0.11877,0.011813,-0.003526
-0.10443,0.0063341,-0.0055689
-0.091211,0.0010114,-0.0080516
-0.079086,-0.0041446,-0.010916
-0.068027,-0.0091264,-0.01412
-0.058013,-0.013929,-0.017632
-0.049021,-0.018551,-0.021433
-0.041033,-0.022994,-0.025505
-0.034032,-0.027259,-0.029838
-0.038367,-0.024701,-0.03215
-0.043113,-0.022083,-0.034482
-0.048279,-0.019403,-0.036828
-0.053872,-0.016658,-0.039186
-0.059903,-0.013842,-0.041553
-0.066378,-0.010953,-0.043927
-0.073306,-0.0079858,-0.046302
-0.080696,-0.0049357,-0.048679
-0.088555,-0.0017983,-0.051052
-0.096891,0.0014311,-0.05342
-0.087744,-0.00076895,-0.039667
-0.079131,-0.0028482,-0.02822
-0.07104,-0.0048081,-0.018906
-0.063459,-0.0066498,-0.0116
-0.056375,-0.0083746,-0.0062041
-0.049778,-0.0099838,-0.0026436
-0.043654,-0.011479,-0.00086139
-0.038,-0.012861,-0.00035629
-0.032844,-0.01413,0.0014389
-0.028185,-0.015287,0.0048976
-0.030388,-0.017648,0.0021697
-0.032686,-0.020175,0.00037015
-0.035075,-0.022871,-0.00050444
-0.037546,-0.02574,-0.00079287
-0.040075,-0.028784,-0.0018587
-0.042656,-0.032007,-0.0038433
-0.045286,-0.035412,-0.0067435
-0.047965,-0.039,-0.010555
-0.050689,-0.042774,-0.015275
-0.053459,-0.046735,-0.020899
-0.054627,-0.04248,-0.014196
-0.055896,-0.038345,-0.0088031
-0.05726,-0.034323,-0.0047875
-0.058714,-0.030412,-0.0022064
-0.060253,-0.026606,-0.0011077
-0.061885,-0.022902,-0.00064664
-0.06364,-0.019299,0.0012792
-0.065514,-0.015795,0.0047889
-0.067499,-0.012388,0.0099082
-0.069587,-0.0090791,0.016661
-0.062742,-0.014847,0.021189
-0.056466,-0.020677,0.025588
-0.050771,-0.026562,0.029792
-0.045669,-0.0325,0.033763
-0.04117,-0.038487,0.037478
-0.037282,-0.044525,0.040929
-0.034014,-0.050615,0.044114
-0.031371,-0.056763,0.047041
-0.029425,-0.062967,0.055579
-0.028148,-0.069273,0.064528
-0.031559,-0.066151,0.061264
-0.035902,-0.062815,0.058566
-0.041157,-0.05924,0.055172
-0.047332,-0.055414,0.052217
-0.054412,-0.051318,0.048672
-0.0624,-0.046944,0.045493
-0.071286,-0.042279,0.041802
-0.081069,-0.037318,0.038442
-0.091742,-0.032053,0.034205
-0.10331,-0.026485,0.030334
-0.091717,-0.028696,0.040063
-0.080995,-0.03073,0.051208
-0.071123,-0.032581,0.06362
-0.062085,-0.034248,0.077465
-0.053866,-0.035724,0.092594
-0.046455,-0.037007,0.10916
-0.039839,-0.038092,0.12704
-0.03401,-0.038974,0.14636
-0.028961,-0.039647,0.167
-0.024687,-0.040107,0.18909
-0.023469,-0.041832,0.13553
-0.022399,-0.043295,0.092264
-0.021456,-0.044513,0.05814
-0.020625,-0.045506,0.032392
-0.019895,-0.046304,0.014374
-0.019262,-0.046945,0.0036245
-0.018726,-0.047475,-0.00021355
-0.018245,-0.047938,-0.0030662
-0.01778,-0.048377,-0.012408
-0.017352,-0.048842,-0.028197
-0.015532,-0.044228,-0.022303
-0.013897,-0.040044,-0.017322
-0.012432,-0.03625,-0.013131
-0.011124,-0.032809,-0.0096378
-0.0099605,-0.029689,-0.0067683
-0.0089287,-0.026859,-0.004464
-0.0080177,-0.024289,-0.0026799
-0.007217,-0.021956,-0.0013782
-0.0065168,-0.019833,-0.00052991
-0.0058939,-0.017902,-0.00011089
-0.0068404,-0.021851,-6.3198E-05
-0.007425,-0.026412,8.3137E-05
-0.0076532,-0.031611,0.00044597
-0.0075305,-0.037473,0.0010409
-0.0070621,-0.04402,0.0018806
-0.0062532,-0.051275,0.0029749
-0.0051093,-0.059258,0.0043288
-0.0036359,-0.06799,0.0059446
-0.0018384,-0.077487,0.0078188
0.00027762,-0.087768,0.0099468
-0.0035765,-0.079645,0.0090059
-0.0067481,-0.071839,0.0078839
-0.0092376,-0.064375,0.0066542
-0.011046,-0.057282,0.0053862
-0.012173,-0.050589,0.0041404
-0.01262,-0.044325,0.0029738
-0.012387,-0.03852,0.0019366
-0.011475,-0.033208,0.0010763
-0.010035,-0.02837,0.00043606
-0.0092128,-0.023638,6.1053E-05
-0.0099271,-0.027463,0.00047123
-0.011124,-0.031422,0.0012123
-0.012449,-0.035644,0.0022829
-0.013488,-0.040282,0.0036819
-0.014236,-0.045342,0.0054105
-0.014689,-0.050833,0.0074724
-0.014843,-0.056761,0.009871
-0.014695,-0.063131,0.012613
-0.01424,-0.069951,0.015703
-0.013475,-0.077225,0.019151
-0.011561,-0.076095,0.0059578
-0.0095374,-0.075093,0.00020131
-0.0074183,-0.074184,-0.0015312
-0.0052653,-0.073313,-0.0085557
-0.0030786,-0.072464,-0.021318
-0.00085406,-0.071624,-0.039543
0.0014112,-0.070784,-0.063015
0.0037187,-0.06994,-0.091539
0.0060693,-0.069089,-0.12492
0.0084633,-0.068229,-0.16299
0.0024191,-0.05937,-0.13966
-0.0023755,-0.051417,-0.11827
-0.0060263,-0.044314,-0.10575
-0.0085514,-0.038031,-0.093891
-0.0099823,-0.032547,-0.081525
-0.010366,-0.027832,-0.069951
-0.009736,-0.023864,-0.058368
-0.0086957,-0.0204,-0.047742
-0.0087236,-0.016858,-0.037549
-0.0098711,-0.013199,-0.028485
-0.0090476,-0.015819,-0.033255
-0.0087561,-0.01842,-0.038262
-0.0090101,-0.021013,-0.043115
-0.0098329,-0.023603,-0.04813
-0.010721,-0.026401,-0.05295
-0.011169,-0.029621,-0.057862
-0.011159,-0.033289,-0.062539
-0.010675,-0.037425,-0.06722
-0.0096957,-0.042056,-0.07162
-0.0082044,-0.047202,-0.075941
-0.010165,-0.049758,-0.082744
-0.01216,-0.052421,-0.090425
-0.014191,-0.055194,-0.098838
-0.016259,-0.05808,-0.10816
-0.018363,-0.06108,-0.11826
-0.020504,-0.064195,-0.12929
-0.022681,-0.067428,-0.1411
-0.024895,-0.07078,-0.15387
-0.027144,-0.074252,-0.1674
-0.02943,-0.077844,-0.1819
-0.02869,-0.076811,-0.19679
-0.027934,-0.075789,-0.21364
-0.027159,-0.074783,-0.2322
-0.026364,-0.073796,-0.25264
-0.025546,-0.072829,-0.27474
-0.024704,-0.071884,-0.29867
-0.023834,-0.070964,-0.32424
-0.022934,-0.070067,-0.35161
-0.022002,-0.069196,-0.38059
-0.021035,-0.06835,-0.41136
-0.0243,-0.097051,-0.30412
-0.027929,-0.13006,-0.21445
-0.031913,-0.16749,-0.14112
-0.03621,-0.20957,-0.083541
-0.040755,-0.25658,-0.041293
-0.045462,-0.30883,-0.014196
-0.050238,-0.36661,-0.0021814
-0.054937,-0.43024,0.0018135
-0.059325,-0.50004,0.01932
-0.063317,-0.57619,0.051846
-0.047959,-0.54224,0.028165
-0.033063,-0.51028,0.012074
-0.018605,-0.48018,0.0022529
-0.0045643,-0.45179,-0.0019489
0.0090673,-0.425,-0.0034125
0.02227,-0.39967,-0.0095378
0.035064,-0.37572,-0.020719
0.047467,-0.35306,-0.03693
0.059493,-0.33163,-0.058173
0.071154,-0.31137,-0.084458
0.070108,-0.28463,-0.089406
0.069078,-0.25978,-0.093701
0.068055,-0.23668,-0.097517
0.067035,-0.21522,-0.10099
0.066009,-0.1953,-0.10419
0.064971,-0.17681,-0.1072
0.063915,-0.15967,-0.11006
0.062835,-0.14379,-0.11279
0.061723,-0.12911,-0.11542
0.060574,-0.11555,-0.11797
0.057434,-0.10785,-0.083676
0.054485,-0.1008,-0.057888
0.05171,-0.094324,-0.038482
0.049095,-0.088355,-0.024054
0.046624,-0.082833,-0.013646
0.044288,-0.077707,-0.0065675
0.042073,-0.072933,-0.0023177
0.03997,-0.068469,-0.00051579
0.037969,-0.064289,9.8126E-05
0.036057,-0.060377,0.0024411
0.026531,-0.070795,0.0012079
0.016181,-0.083101,0.00032586
0.0049711,-0.097344,-0.00028792
-0.0071304,-0.11358,-0.00069687
-0.020151,-0.13185,-0.00095423
-0.034116,-0.15222,-0.001182
-0.049044,-0.17474,-0.001524
-0.064953,-0.19946,-0.0019523
-0.081856,-0.22642,-0.0024411
-0.099762,-0.25567,-0.0029695
-0.082853,-0.22185,-0.0020555
-0.067052,-0.1907,-0.0016404
-0.052358,-0.1622,-0.0013607
-0.038768,-0.13634,-0.001048
-0.026278,-0.11308,-0.00076359
-0.014886,-0.092419,-0.00053394
-0.0045899,-0.074333,-0.0003647
0.0046131,-0.058805,-0.0002496
0.012724,-0.045817,-0.00017627
0.019741,-0.035351,-0.00012857
0.017966,-0.048548,0.0079893
0.015144,-0.064838,0.029751
0.011208,-0.084475,0.065078
0.0060798,-0.10768,0.11382
-0.00031411,-0.13466,0.17578
-0.0080426,-0.16555,0.25077
-0.017166,-0.20048,0.33857
-0.027737,-0.23957,0.43911
-0.039799,-0.28288,0.55222
-0.053388,-0.33046,0.67788
-0.071912,-0.34309,0.51788
-0.089869,-0.35646,0.38905
-0.10734,-0.37052,0.28366
-0.1244,-0.38521,0.19761
-0.14113,-0.40051,0.12839
-0.15758,-0.41643,0.074463
-0.1738,-0.43296,0.034824
-0.18986,-0.45012,0.0087728
-0.20579,-0.46792,-0.0041736
-0.2216,-0.48635,-0.0076561
-0.20871,-0.4555,-0.0062476
-0.19677,-0.42664,-0.0054361
-0.18567,-0.39961,-0.0049607
-0.17534,-0.37427,-0.0038477
-0.1657,-0.3505,-0.0019681
-0.15669,-0.32818,0.00073572
-0.14822,-0.3072,0.0043226
-0.14026,-0.28748,0.0088398
-0.13275,-0.26893,0.014339
-0.12562,-0.25148,0.020858
-0.1076,-0.21958,0.028714
-0.090863,-0.19044,0.036125
-0.075349,-0.16393,0.043079
-0.061013,-0.13996,0.049604
-0.047811,-0.11841,0.055742
-0.035703,-0.099194,0.061536
-0.024649,-0.082229,0.067023
-0.014617,-0.067431,0.072239
-0.0055727,-0.054725,0.077212
0.002512,-0.044041,0.08197
-0.010395,-0.0611,0.071609
-0.025612,-0.082729,0.061734
-0.04325,-0.1091,0.052346
-0.063424,-0.14039,0.04345
-0.086248,-0.17677,0.035052
-0.11183,-0.21842,0.027166
-0.14026,-0.26549,0.019811
-0.17162,-0.31811,0.013009
-0.20599,-0.37638,0.0067858
-0.24344,-0.44039,0.0011676
-0.21799,-0.39501,0.0016335
-0.1942,-0.3529,0.0022781
-0.17199,-0.3139,0.0030264
-0.15129,-0.27783,0.0038321
-0.13205,-0.24457,0.0046702
-0.1142,-0.21397,0.0055231
-0.097697,-0.18592,0.0063816
-0.082498,-0.1603,0.0072382
-0.06856,-0.13701,0.0080893
-0.055843,-0.11595,0.0089311
-0.048327,-0.11258,0.015664
-0.039996,-0.11001,0.02426
-0.030832,-0.10822,0.034821
-0.020819,-0.10718,0.047428
-0.0099462,-0.10687,0.06214
0.0017945,-0.10728,0.079009
0.014406,-0.10841,0.098069
0.027889,-0.11025,0.11936
0.04224,-0.11282,0.1429
0.057453,-0.11612,0.16872
0.066882,-0.11503,0.17789
0.076409,-0.11429,0.185
0.086028,-0.1139,0.19027
0.095733,-0.11387,0.19395
0.10552,-0.11419,0.19625
0.11538,-0.11487,0.19738
0.12532,-0.11592,0.19749
0.13532,-0.11732,0.19674
0.14539,-0.1191,0.19523
0.15551,-0.12124,0.19309
0.14397,-0.11735,0.15937
0.1331,-0.11414,0.13035
0.12281,-0.11153,0.10517
0.11305,-0.10947,0.08331
0.10375,-0.10792,0.064378
0.094854,-0.10683,0.04811
0.086306,-0.10616,0.034321
0.078062,-0.1059,0.022867
0.070079,-0.106,0.013652
0.062315,-0.10644,0.0065952
0.060273,-0.096775,0.012423
0.058076,-0.087623,0.019373
0.055737,-0.078992,0.027356
0.053268,-0.070886,0.036299
0.050683,-0.063313,0.046155
0.047992,-0.056277,0.056884
0.045207,-0.049784,0.068458
0.04234,-0.043839,0.08085
0.0394,-0.038448,0.094038
0.036397,-0.033615,0.108
0.030553,-0.034913,0.1066
0.024349,-0.037141,0.1055
0.017784,-0.040294,0.10462
0.010852,-0.044372,0.1039
0.0035448,-0.049382,0.10331
-0.0041477,-0.055333,0.10279
-0.012237,-0.062238,0.10233
-0.020736,-0.070111,0.10189
-0.029659,-0.078968,0.10146
-0.039018,-0.088825,0.10101
-0.040387,-0.08803,0.085666
-0.041686,-0.087273,0.073232
-0.042911,-0.086547,0.063027
-0.044061,-0.085846,0.054562
-0.045134,-0.085169,0.047477
-0.04613,-0.084513,0.0415
-0.047048,-0.083879,0.036425
-0.047888,-0.083266,0.032089
-0.048649,-0.082674,0.028369
-0.049332,-0.082105,0.025162
-0.049858,-0.087126,0.032356
-0.049936,-0.092578,0.039971
-0.049566,-0.09846,0.0479
-0.048748,-0.10477,0.056043
-0.047482,-0.11151,0.064321
-0.045769,-0.11868,0.072664
-0.04361,-0.12628,0.08102
-0.041006,-0.13431,0.089349
-0.037958,-0.14277,0.097622
-0.034468,-0.15166,0.10582
-0.041038,-0.16729,0.098841
-0.048119,-0.1838,0.092514
-0.055716,-0.2012,0.086737
-0.063839,-0.21949,0.081433
-0.072491,-0.23865,0.076529
-0.081677,-0.2587,0.071972
-0.091399,-0.27963,0.067714
-0.10166,-0.30143,0.063719
-0.11246,-0.3241,0.059957
-0.1238,-0.34761,0.056404
-0.11637,-0.32336,0.05826
-0.10947,-0.30063,0.059636
-0.10305,-0.27931,0.060682
-0.097051,-0.25931,0.061499
-0.091447,-0.24054,0.062155
-0.086198,-0.22292,0.062696
-0.081271,-0.20638,0.063155
-0.076637,-0.19085,0.063555
-0.072271,-0.17626,0.06391
-0.068147,-0.16257,0.064234
-0.069638,-0.16571,0.049483
-0.071161,-0.169,0.037275
-0.072715,-0.17241,0.027214
-0.0743,-0.17594,0.019002
-0.075917,-0.17958,0.012419
-0.077567,-0.18332,0.007291
-0.079248,-0.18715,0.0034845
-0.080961,-0.19107,0.00089129
-0.082708,-0.19508,-0.0005743
-0.084488,-0.19916,-0.00098512
-0.079462,-0.1974,-0.0014224
-0.074393,-0.19568,-0.0025556
-0.069283,-0.19399,-0.0040637
-0.064136,-0.19235,-0.0057389
-0.058954,-0.19075,-0.0074445
-0.053742,-0.18919,-0.0090933
-0.048504,-0.18768,-0.010628
-0.043245,-0.18621,-0.012013
-0.037967,-0.18479,-0.013226
-0.032675,-0.18341,-0.014256
-0.024728,-0.17046,-0.019407
-0.017018,-0.15798,-0.026623
-0.009581,-0.146,-0.036109
-0.0024547,-0.13456,-0.048044
0.0043264,-0.1237,-0.062567
0.010729,-0.11345,-0.079788
0.01672,-0.10383,-0.099779
0.022273,-0.094862,-0.1226
0.02736,-0.086578,-0.14828
0.031959,-0.07899,-0.17684
0.031045,-0.088855,-0.15204
0.029784,-0.099426,-0.1281
0.028166,-0.1107,-0.1054
0.026183,-0.12268,-0.084293
0.023827,-0.13535,-0.065044
0.021091,-0.14871,-0.047896
0.017969,-0.16275,-0.03305
0.014454,-0.17747,-0.020683
0.010541,-0.19286,-0.010953
0.0062232,-0.20892,-0.0040039
-0.0030763,-0.21436,-0.00018423
-0.012577,-0.22009,0.0010788
-0.02226,-0.2261,0.0017312
-0.032111,-0.23239,0.0032844
-0.042135,-0.23895,0.0053527
-0.052335,-0.24579,0.0076721
-0.062713,-0.25291,0.010072
-0.073273,-0.26031,0.012443
-0.084017,-0.268,0.014714
-0.094948,-0.27598,0.016837
-0.089745,-0.27901,0.015006
-0.084429,-0.28214,0.014163
-0.079004,-0.28536,0.014006
-0.073474,-0.28867,0.014366
-0.067841,-0.29207,0.015144
-0.06211,-0.29556,0.016282
-0.056283,-0.29913,0.017742
-0.050365,-0.30279,0.019502
-0.044358,-0.30654,0.021547
-0.038265,-0.31036,0.023864
-0.06602,-0.30214,0.0093008
-0.091681,-0.2957,0.0029203
-0.11542,-0.29095,0.001435
-0.13742,-0.28787,-0.0046031
-0.15778,-0.28637,-0.015858
-0.17656,-0.28641,-0.031885
-0.1938,-0.28794,-0.052351
-0.20954,-0.29094,-0.076998
-0.2238,-0.29539,-0.10561
-0.23657,-0.3013,-0.13799
-0.22811,-0.29378,-0.12903
-0.21912,-0.28623,-0.12332
-0.20963,-0.2787,-0.11982
-0.19969,-0.27122,-0.11791
-0.1893,-0.26383,-0.11714
-0.17852,-0.25656,-0.11724
-0.16736,-0.24944,-0.118
-0.15585,-0.24251,-0.11929
-0.14403,-0.23579,-0.121
-0.13191,-0.2293,-0.12307
-0.14446,-0.22871,-0.098239
-0.15637,-0.22934,-0.077026
-0.16763,-0.23116,-0.058943
-0.17826,-0.2341,-0.043656
-0.18823,-0.23813,-0.030918
-0.19755,-0.24321,-0.020549
-0.2062,-0.24931,-0.012415
-0.21418,-0.2564,-0.00641
-0.22163,-0.26432,-0.0024528
-0.22987,-0.27194,-0.00047197
-0.22055,-0.26208,-0.0021005
-0.2118,-0.25205,-0.0044449
-0.20196,-0.24323,-0.0072501
-0.19097,-0.23568,-0.010363
-0.17885,-0.22941,-0.013697
-0.16561,-0.22443,-0.017194
-0.15123,-0.22073,-0.020824
-0.13574,-0.21832,-0.024561
-0.11913,-0.21722,-0.028389
-0.10142,-0.21742,-0.032295
-0.11642,-0.22092,-0.035883
-0.13111,-0.22501,-0.039498
-0.14548,-0.22971,-0.043134
-0.15953,-0.235,-0.046784
-0.17328,-0.24089,-0.050441
-0.18672,-0.24737,-0.054101
-0.19985,-0.25445,-0.057756
-0.21268,-0.26213,-0.061399
-0.2252,-0.27041,-0.065022
-0.23742,-0.27928,-0.068619
-0.22414,-0.26525,-0.049015
-0.21141,-0.25198,-0.035215
-0.19919,-0.23943,-0.025309
-0.18744,-0.22756,-0.018128
-0.17612,-0.21632,-0.012925
-0.16521,-0.20569,-0.0092001
-0.15467,-0.19562,-0.0066105
-0.14448,-0.1861,-0.0049117
-0.13463,-0.17708,-0.0039249
-0.12509,-0.16856,-0.0035152
-0.12417,-0.16591,-0.0036455
-0.12326,-0.16331,-0.0037781
-0.12237,-0.16077,-0.0038844
-0.1215,-0.15829,-0.0039576
-0.12065,-0.15586,-0.0040017
-0.1198,-0.15349,-0.0040261
-0.11897,-0.15116,-0.0040418
-0.11816,-0.14889,-0.0040596
-0.11735,-0.14666,-0.00409
-0.11655,-0.14449,-0.0041333
-0.12605,-0.15788,-0.0050284
-0.13606,-0.17204,-0.0068616
-0.14661,-0.18699,-0.0095007
-0.15769,-0.20272,-0.012826
-0.16932,-0.21925,-0.016736
-0.18151,-0.23655,-0.02115
-0.19425,-0.25463,-0.025998
-0.20755,-0.27348,-0.031225
-0.22139,-0.29308,-0.036785
-0.23578,-0.31342,-0.04264
-0.24108,-0.30981,-0.039545
-0.24589,-0.30639,-0.038105
-0.25023,-0.30317,-0.037805
-0.25412,-0.30016,-0.038344
-0.25755,-0.29737,-0.039539
-0.26056,-0.2948,-0.041279
-0.26313,-0.29245,-0.043493
-0.26528,-0.29033,-0.04614
-0.26701,-0.28844,-0.049193
-0.26834,-0.28677,-0.052638
-0.25069,-0.26696,-0.03621
-0.23361,-0.24791,-0.025075
-0.2171,-0.22961,-0.017586
-0.20117,-0.21206,-0.012711
-0.18584,-0.19528,-0.00977
-0.1711,-0.17923,-0.0082918
-0.15697,-0.16393,-0.0073522
-0.14347,-0.1494,-0.0056134
-0.13062,-0.13562,-0.0032142
-0.11838,-0.12257,-0.00030016
-0.11959,-0.1239,-0.0030938
-0.12082,-0.12538,-0.0046958
-0.12205,-0.127,-0.0055927
-0.12327,-0.12873,-0.0060889
-0.12447,-0.13059,-0.0063729
-0.12564,-0.13255,-0.0065535
-0.1268,-0.13462,-0.0066894
-0.12793,-0.13681,-0.0068038
-0.12904,-0.1391,-0.0068993
-0.13012,-0.14149,-0.0069627
-0.11385,-0.12367,-0.0061732
-0.099209,-0.10766,-0.0054124
-0.086053,-0.093309,-0.0047892
-0.074256,-0.080472,-0.0043528
-0.063702,-0.069016,-0.0041125
-0.054289,-0.058823,-0.0040704
-0.045919,-0.049784,-0.0042261
-0.038507,-0.041797,-0.0045741
-0.03197,-0.034771,-0.0051101
-0.026233,-0.028621,-0.0058274
-0.030046,-0.032394,-0.0064499
-0.03413,-0.036426,-0.007095
-0.038489,-0.040717,-0.0077583
-0.043126,-0.04527,-0.0084349
-0.048044,-0.050086,-0.0091205
-0.053247,-0.055165,-0.0098109
-0.058737,-0.06051,-0.010502
-0.064518,-0.066121,-0.011191
-0.07059,-0.071998,-0.011873
-0.076957,-0.078141,-0.012546
-0.067516,-0.070282,-0.021617
-0.058311,-0.062931,-0.034102
-0.049367,-0.056103,-0.049951
-0.040704,-0.049815,-0.069123
-0.032335,-0.044085,-0.09158
-0.02427,-0.03893,-0.11729
-0.016513,-0.034368,-0.14621
-0.0090642,-0.030417,-0.17831
-0.0019208,-0.027093,-0.21353
0.0049212,-0.024411,-0.25186
-0.0066377,-0.029983,-0.23093
-0.01964,-0.037485,-0.21188
-0.034107,-0.046919,-0.19433
-0.050062,-0.058293,-0.17808
-0.067526,-0.071617,-0.16293
-0.086523,-0.086903,-0.14878
-0.10708,-0.10416,-0.13551
-0.12921,-0.12341,-0.12309
-0.15294,-0.14466,-0.11144
-0.17834,-0.16786,-0.10054
-0.18711,-0.17557,-0.081158
-0.19591,-0.18342,-0.064825
-0.20468,-0.1915,-0.051082
-0.21346,-0.1998,-0.039583
-0.22224,-0.20833,-0.030077
-0.23103,-0.21709,-0.022365
-0.23986,-0.2261,-0.016299
-0.24871,-0.23535,-0.011759
-0.25761,-0.24484,-0.0086515
-0.26655,-0.25457,-0.0068979
-0.26078,-0.24634,-0.0059883
-0.25459,-0.23811,-0.0043759
-0.24802,-0.2299,-0.0012498
-0.24111,-0.22173,0.0033432
-0.2339,-0.21363,0.0093549
-0.2264,-0.20562,0.016745
-0.21865,-0.19771,0.025468
-0.21068,-0.18993,0.035492
-0.20268,-0.1821,0.046777
-0.19479,-0.17412,0.059298
-0.19147,-0.17151,0.034214
-0.18889,-0.16911,0.016278
-0.18655,-0.16726,0.0047139
-0.18429,-0.166,-0.001002
-0.18204,-0.16527,-0.0021836
-0.17966,-0.16499,-0.0068044
-0.17711,-0.16513,-0.016455
-0.17437,-0.16567,-0.030987
-0.17141,-0.16656,-0.050287
-0.16821,-0.16779,-0.074266
-0.14762,-0.14213,-0.064768
-0.12889,-0.11989,-0.055935
-0.11176,-0.10081,-0.047741
-0.096023,-0.084645,-0.040177
-0.081488,-0.071149,-0.033241
-0.068892,-0.059073,-0.026939
-0.058634,-0.047574,-0.021277
-0.050529,-0.036513,-0.016262
-0.044406,-0.02576,-0.011902
-0.040115,-0.015195,-0.0082041
-0.040925,-0.016012,-0.0054272
-0.041743,-0.016832,-0.0032909
-0.042564,-0.017653,-0.0028026
-0.043397,-0.018478,-0.0023979
-0.044242,-0.019311,-0.0018712
-0.045098,-0.020148,-0.0014318
-0.045967,-0.020992,-0.00094271
-0.046848,-0.021842,-0.00054501
-0.047744,-0.022698,-0.00015782
-0.048651,-0.02356,0.00013395
-0.057678,-0.031132,0.00043336
-0.067845,-0.039545,0.00068318
-0.079198,-0.048834,0.00089333
-0.091772,-0.059024,0.0011851
-0.10561,-0.070143,0.0016242
-0.12073,-0.082212,0.0022025
-0.13718,-0.095253,0.0029529
-0.15498,-0.10928,0.0038472
-0.17416,-0.12431,0.0049228
-0.19473,-0.14035,0.0061374
-0.18884,-0.12725,0.0024841
-0.18386,-0.11372,-0.0055832
-0.17985,-0.099766,-0.022235
-0.17677,-0.085358,-0.046134
-0.1746,-0.070473,-0.076186
-0.17335,-0.055084,-0.1118
-0.173,-0.039168,-0.15223
-0.17355,-0.022703,-0.19723
-0.17501,-0.005666,-0.24619
-0.17738,0.011961,-0.29903
-0.16726,0.0080391,-0.31489
-0.15756,0.0043642,-0.33179
-0.14827,0.00093046,-0.34914
-0.13938,-0.0022677,-0.36707
-0.13086,-0.0052349,-0.38515
-0.12271,-0.0079758,-0.40352
-0.11491,-0.010494,-0.42186
-0.10746,-0.012794,-0.44031
-0.10034,-0.014878,-0.45863
-0.093549,-0.016749,-0.47695
-0.08639,-0.014897,-0.46879
-0.07961,-0.013148,-0.46238
-0.073188,-0.011499,-0.45711
-0.067108,-0.0099489,-0.45278
-0.061356,-0.0084957,-0.44906
-0.055918,-0.0071381,-0.44586
-0.050784,-0.005875,-0.44299
-0.045943,-0.0047053,-0.4404
-0.041386,-0.0036282,-0.43799
-0.037103,-0.0026427,-0.43574
-0.045252,-0.01376,-0.37341
-0.055646,-0.026055,-0.32039
-0.06822,-0.039497,-0.27451
-0.082952,-0.05408,-0.23431
-0.099854,-0.069816,-0.19883
-0.11896,-0.086735,-0.1673
-0.14033,-0.10487,-0.13927
-0.16402,-0.12427,-0.11433
-0.19011,-0.14497,-0.092265
-0.21866,-0.16702,-0.072835
-0.21492,-0.16298,-0.04885
-0.21179,-0.1586,-0.030642
-0.20925,-0.15386,-0.017276
-0.20726,-0.14872,-0.0080424
-0.2058,-0.14316,-0.0024242
-0.20485,-0.13715,-1.3214E-05
-0.20438,-0.13069,0.00062412
-0.2044,-0.12374,0.0035322
-0.20487,-0.1163,0.0088694
-0.2058,-0.10835,0.016468
-0.20552,-0.12174,0.02836
-0.20654,-0.13352,0.043554
-0.20888,-0.14369,0.062052
-0.21255,-0.15229,0.083853
-0.21756,-0.15932,0.10893
-0.22394,-0.16478,0.13726
-0.23046,-0.17034,0.16881
-0.23595,-0.17766,0.20354
-0.24039,-0.18676,0.2414
-0.24379,-0.19766,0.28234
-0.24008,-0.19171,0.19816
-0.23669,-0.18621,0.13212
-0.23355,-0.18114,0.081144
-0.23061,-0.17645,0.043335
-0.22783,-0.17209,0.020592
-0.22514,-0.16804,0.0059522
-0.22252,-0.16429,-0.0010441
-0.21994,-0.16082,-0.0027966
-0.21729,-0.15763,-0.010053
-0.21451,-0.15468,-0.024443
-0.21055,-0.15126,-0.012265
-0.20672,-0.14801,-0.0048067
-0.20301,-0.14492,-0.0020566
-0.19941,-0.14196,-0.00048178
-0.19598,-0.13913,0.0046459
-0.19268,-0.13639,0.013372
-0.18949,-0.13375,0.025527
-0.18643,-0.13117,0.041189
-0.18349,-0.12863,0.060238
-0.18065,-0.12612,0.082755
-0.16323,-0.11329,0.089615
-0.14728,-0.10138,0.09613
-0.1327,-0.090318,0.10223
-0.11939,-0.080025,0.1081
-0.10725,-0.070436,0.11367
-0.096214,-0.06149,0.11908
-0.086192,-0.053134,0.12426
-0.07712,-0.045317,0.12933
-0.068936,-0.037993,0.13423
-0.061582,-0.031122,0.13904
-0.057953,-0.025835,0.13503
-0.054614,-0.020482,0.13058
-0.051571,-0.015077,0.12574
-0.048828,-0.0096346,0.12061
-0.046391,-0.0041667,0.11524
-0.044267,0.0013152,0.10972
-0.042461,0.006801,0.10406
-0.04098,0.012282,0.098339
-0.039831,0.01775,0.092577
-0.03902,0.0232,0.086821
-0.037079,0.014064,0.080734
-0.035961,0.0056323,0.074908
-0.035658,-0.0020882,0.069316
-0.036168,-0.0090927,0.063942
-0.037491,-0.015378,0.058772
-0.039629,-0.020945,0.053798
-0.042587,-0.025793,0.049012
-0.046368,-0.029925,0.044409
-0.050966,-0.033373,0.039989
-0.055649,-0.037262,0.035753
-0.057798,-0.037659,0.047254
-0.06013,-0.03786,0.060098
-0.063433,-0.03666,0.074225
-0.067702,-0.034056,0.089573
-0.072934,-0.030042,0.10607
-0.079123,-0.024615,0.12365
-0.086267,-0.017768,0.1422
-0.09436,-0.0094971,0.16167
-0.1034,0.00020424,0.18194
-0.11338,0.011342,0.20296
-0.10557,0.012903,0.21127
-0.098124,0.01427,0.21984
-0.091033,0.015453,0.22861
-0.084286,0.016462,0.23755
-0.077876,0.017305,0.24662
-0.071796,0.017988,0.2558
-0.066038,0.01852,0.26505
-0.060596,0.018906,0.27437
-0.055465,0.019155,0.28371
-0.050638,0.01927,0.29309
-0.049103,0.0097777,0.31242
-0.048296,0.0010332,0.33256
-0.048218,-0.0069656,0.35342
-0.048866,-0.014219,0.37498
-0.050241,-0.020727,0.39715
-0.052345,-0.026486,0.41991
-0.055179,-0.031495,0.44317
-0.058745,-0.035748,0.46693
-0.063047,-0.039241,0.4911
-0.067696,-0.042603,0.51566
-0.064141,-0.040191,0.45569
-0.060614,-0.037843,0.40522
-0.057109,-0.035555,0.36194
-0.053629,-0.033324,0.32435
-0.050181,-0.031144,0.29134
-0.046795,-0.028981,0.26208
-0.043481,-0.026833,0.23599
-0.040242,-0.024707,0.21257
-0.037087,-0.022611,0.19147
-0.03402,-0.02055,0.17238
-0.040788,-0.023621,0.19201
-0.048373,-0.02653,0.21203
-0.056789,-0.02925,0.23229
-0.066045,-0.031754,0.2526
-0.076155,-0.034018,0.27285
-0.087129,-0.036017,0.29289
-0.098976,-0.037729,0.31263
-0.11171,-0.039133,0.33201
-0.12533,-0.040211,0.35097
-0.13986,-0.040945,0.36949
-0.13341,-0.0337,0.28786
-0.12728,-0.026758,0.22306
-0.12145,-0.020083,0.17093
-0.11589,-0.013651,0.12873
-0.11059,-0.0074439,0.094578
-0.10553,-0.0014493,0.067091
-0.10071,0.0043429,0.045288
-0.096133,0.0099418,0.028393
-0.091785,0.015355,0.015835
-0.087669,0.020592,0.0071451
-0.098219,0.029547,0.014064
-0.10968,0.039596,0.022969
-0.12206,0.050773,0.033648
-0.13538,0.063111,0.045858
-0.14966,0.076642,0.059371
-0.1649,0.091394,0.073941
-0.18112,0.1074,0.089366
-0.19833,0.12467,0.10545
-0.21651,0.14325,0.12205
-0.23569,0.16315,0.13904
-0.23213,0.16496,0.098974
-0.22909,0.16647,0.068547
-0.2265,0.16774,0.045504
-0.22427,0.16881,0.028329
-0.22237,0.16971,0.01598
-0.22073,0.17046,0.0077038
-0.21933,0.17108,0.0029525
-0.21814,0.17158,0.0013083
-0.21713,0.17201,0.00018368
-0.21629,0.17237,-0.0034653
-0.1963,0.15968,-0.0015247
-0.17737,0.14781,-0.00012751
-0.15948,0.13672,0.00071239
-0.14265,0.12634,0.00096435
-0.12685,0.1166,0.0011662
-0.1121,0.10746,0.0020366
-0.098388,0.098869,0.0036222
-0.085708,0.090768,0.0059646
-0.07406,0.083115,0.0091094
-0.063438,0.075864,0.013097
-0.062709,0.07378,0.0056503
-0.062058,0.071791,0.0014233
-0.061469,0.069872,0.00032714
-0.060933,0.068024,-0.0022209
-0.060437,0.06623,-0.0082255
-0.059966,0.064466,-0.017729
-0.059508,0.062709,-0.030761
-0.059051,0.060939,-0.047347
-0.058585,0.059139,-0.067499
-0.058104,0.057294,-0.091235
-0.044925,0.060002,-0.068924
-0.03594,0.060503,-0.050623
-0.030928,0.058949,-0.035702
-0.028197,0.056255,-0.023723
-0.022333,0.055255,-0.014365
-0.012919,0.056181,-0.007421
6.186E-05,0.059054,-0.0027619
0.016698,0.063927,-0.00032762
0.037133,0.070871,0.0002294
0.061539,0.079965,0.0021716
0.029925,0.072349,0.0077511
0.0044237,0.068507,0.01645
-0.015382,0.068222,0.028071
-0.029772,0.071368,0.042531
-0.038864,0.077914,0.059823
-0.045115,0.086661,0.079989
-0.056843,0.093476,0.10307
-0.074996,0.097954,0.1291
-0.099927,0.099985,0.15806
-0.132,0.099449,0.18993
-0.12809,0.097117,0.15057
-0.12444,0.094783,0.11638
-0.12102,0.092453,0.086948
-0.11781,0.090134,0.062019
-0.11479,0.087829,0.041405
-0.11195,0.085544,0.02499
-0.10926,0.083284,0.01269
-0.10671,0.081053,0.0044508
-0.10428,0.078855,0.00023477
-0.10195,0.076691,-0.00079404
-0.083783,0.066958,-0.00048956
-0.067347,0.05779,-0.00034737
-0.052686,0.049184,-0.00024134
-0.039844,0.041139,7.4773E-05
-0.028863,0.033654,0.00061773
-0.019787,0.026729,0.0013971
-0.01266,0.020362,0.0024202
-0.0075245,0.014554,0.0036914
-0.0043814,0.0093276,0.005213
-0.0013767,0.0055845,0.006976
-0.0034028,0.0082597,0.0094837
-0.0054056,0.011705,0.012397
-0.0074288,0.015857,0.01572
-0.0099609,0.020451,0.019458
-0.013096,0.02541,0.023608
-0.016841,0.030703,0.028167
-0.021202,0.036303,0.033127
-0.026188,0.042183,0.03848
-0.031805,0.048322,0.044219
-0.038061,0.054697,0.050333
-0.034041,0.051875,0.056263
-0.03035,0.049083,0.061912
-0.026981,0.046323,0.067268
-0.023927,0.043594,0.072332
-0.021181,0.040897,0.077103
-0.018737,0.038233,0.081592
-0.016591,0.035602,0.085804
-0.014736,0.033004,0.089754
-0.013169,0.030439,0.093447
-0.011875,0.027913,0.096901
-0.011722,0.028699,0.10157
-0.011007,0.029773,0.10658
-0.0097288,0.031141,0.11191
-0.0078874,0.032806,0.11754
-0.0054806,0.034776,0.12347
-0.0025057,0.037054,0.1297
0.0010401,0.039645,0.13622
0.0051604,0.042552,0.14303
0.0098585,0.045778,0.15013
0.015138,0.049328,0.15753
0.0097909,0.054075,0.15143
0.0043712,0.059392,0.14536
-0.0011215,0.065281,0.13933
-0.0066878,0.071744,0.13334
-0.012328,0.078786,0.12739
-0.018044,0.086411,0.1215
-0.023835,0.094622,0.11565
-0.029702,0.10343,0.10986
-0.035645,0.11283,0.10413
-0.041666,0.12284,0.098454
-0.038201,0.1076,0.098487
-0.034686,0.093664,0.099674
-0.031111,0.080969,0.10182
-0.027468,0.069478,0.10476
-0.023748,0.059151,0.10841
-0.019971,0.049937,0.11267
-0.016791,0.041527,0.11749
-0.014469,0.033783,0.12281
-0.012988,0.026685,0.12857
-0.012337,0.020218,0.13475
-0.011724,0.020406,0.12987
-0.011161,0.020549,0.12432
-0.010646,0.020652,0.1182
-0.010178,0.020716,0.11165
-0.009755,0.020746,0.10475
-0.0093756,0.020745,0.097622
-0.0090378,0.020716,0.090341
-0.0087397,0.020662,0.082992
-0.0084794,0.020585,0.075654
-0.0082551,0.020488,0.06839
-0.009641,0.019536,0.047089
-0.01196,0.018482,0.030305
-0.015146,0.017292,0.017488
-0.01917,0.015917,0.0082645
-0.024044,0.014293,0.0024156
-0.029813,0.012346,-0.00016063
-0.036545,0.0099728,-0.0010626
-0.044318,0.0070099,-0.0049482
-0.053228,0.0033948,-0.012177
-0.063377,-0.00092012,-0.022815
-0.055796,0.00066921,-0.010834
-0.048776,0.0019515,-0.0033681
-0.042296,0.0029514,-0.00024857
-0.036338,0.0037391,0.0010852
-0.030889,0.0044406,0.0063278
-0.025932,0.0050728,0.015649
-0.02145,0.0056472,0.02901
-0.017429,0.0061725,0.046383
-0.013863,0.0066539,0.067752
-0.010751,0.0070918,0.093102
-0.0096099,0.0080791,0.07224
-0.0086829,0.0090688,0.054677
-0.0079454,0.01006,0.040032
-0.0073754,0.011053,0.028005
-0.0069533,0.012048,0.018349
-0.0066617,0.013048,0.010864
-0.0064861,0.014057,0.0053885
-0.0064149,0.015078,0.0017985
-0.0064402,0.016116,6.4161E-06
-0.0065571,0.017172,-0.00043345
-0.0087016,0.018481,-0.00030665
-0.012315,0.019306,-0.00026136
-0.017454,0.01961,-0.00023541
-0.024184,0.019357,-0.00012352
-0.032577,0.018512,7.4615E-05
-0.04271,0.017041,0.00035649
-0.054655,0.014915,0.00071874
-0.068485,0.012108,0.0011565
-0.08427,0.0085946,0.001664
-0.10208,0.0043547,0.0022341
-0.094025,-0.003944,0.0043066
-0.086379,-0.01047,0.0068031
-0.079161,-0.015302,0.0096801
-0.072398,-0.018513,0.012908
-0.066121,-0.020172,0.016468
-0.060363,-0.020343,0.020346
-0.055158,-0.019101,0.024536
-0.049953,-0.018196,0.029042
-0.044413,-0.018772,0.033865
-0.038592,-0.020842,0.038999
-0.039263,-0.018544,0.033371
-0.039768,-0.016703,0.027685
-0.040112,-0.015305,0.022135
-0.040304,-0.014337,0.0169
-0.040347,-0.013787,0.012142
-0.040265,-0.013598,0.0080026
-0.040261,-0.013175,0.0046058
-0.04039,-0.012349,0.0020584
-0.040654,-0.011122,0.00044946
-0.041051,-0.0094958,-0.00014875
-0.044516,-0.0084983,0.00016573
-0.048146,-0.0070828,0.0010416
-0.051938,-0.0052262,0.002483
-0.055888,-0.0029051,0.0044957
-0.059994,-9.6199E-05,0.0070887
-0.064257,0.0032237,0.010274
-0.068676,0.0070772,0.014065
-0.073253,0.011487,0.018481
-0.077989,0.016475,0.02354
-0.082888,0.022062,0.029265
-0.079729,0.013738,0.02685
-0.076901,0.0063125,0.025097
-0.074399,-0.00021363,0.023863
-0.072218,-0.0058404,0.023046
-0.070352,-0.010568,0.022569
-0.068797,-0.014396,0.022376
-0.067547,-0.017325,0.022425
-0.066598,-0.019354,0.022683
-0.065944,-0.020483,0.023124
-0.065578,-0.020721,0.023727
-0.066524,-0.020781,0.01627
-0.067495,-0.020617,0.0099329
-0.068505,-0.020225,0.004934
-0.069563,-0.019611,0.0014606
-0.070684,-0.018782,-0.00032893
-0.071877,-0.017737,-0.00079547
-0.073143,-0.016445,-0.0027405
-0.074493,-0.014903,-0.006702
-0.075921,-0.013123,-0.01011
-0.077449,-0.011113,-0.014368
-0.077727,-0.013497,-0.0086965
-0.078074,-0.015618,-0.004477
-0.078495,-0.017486,-0.0019613
-0.078984,-0.019108,-0.00074314
-0.079546,-0.0205,-0.00047841
-0.080184,-0.021686,0.00068741
-0.080902,-0.022671,0.0027776
-0.081697,-0.023452,0.005863
-0.082573,-0.024026,0.009336
-0.083524,-0.02439,0.01357
-0.079023,-0.022809,0.0085698
-0.074723,-0.021079,0.0049504
-0.070621,-0.019201,0.002386
-0.06671,-0.017174,0.00073977
-0.062989,-0.015,-0.00016514
-0.059453,-0.012678,-0.00043096
-0.056098,-0.010203,-0.00061724
-0.052918,-0.0075699,-0.0012671
-0.049912,-0.0047791,-0.0023283
-0.04708,-0.0018313,-0.0037454
-0.051574,-0.0038389,-0.003555
-0.056259,-0.0058638,-0.0033822
-0.061129,-0.0079031,-0.0032325
-0.066177,-0.009954,-0.0030979
-0.071398,-0.012014,-0.0029819
-0.076789,-0.014081,-0.0028786
-0.082344,-0.016152,-0.0027903
-0.088062,-0.018226,-0.0027127
-0.093938,-0.020301,-0.0026471
-0.099972,-0.022375,-0.00259
-0.096436,-0.02277,-0.00079393
-0.092951,-0.022887,-0.00014613
-0.089545,-0.022767,0.0023419
-0.086227,-0.022422,0.0066807
-0.083008,-0.021857,0.012742
-0.079893,-0.021088,0.02043
-0.076808,-0.020436,0.029663
-0.073724,-0.020052,0.040384
-0.070647,-0.019937,0.052537
-0.067583,-0.020097,0.066088
-0.075302,-0.023081,0.038092
-0.083404,-0.026474,0.018092
-0.091939,-0.030281,0.0054221
-0.10096,-0.034508,-0.0003471
-0.1105,-0.039148,-0.0021759
-0.12057,-0.044154,-0.0095634
-0.1312,-0.049541,-0.023173
-0.14244,-0.055322,-0.042836
-0.15432,-0.06151,-0.068378
-0.16686,-0.068116,-0.099618
-0.19176,-0.065971,-0.074476
-0.21761,-0.065449,-0.054274
-0.24452,-0.066566,-0.038169
-0.27255,-0.069349,-0.02557
-0.30182,-0.073826,-0.016041
-0.33238,-0.080032,-0.0092517
-0.3646,-0.086758,-0.0049448
-0.39893,-0.092387,-0.0029143
-0.43542,-0.096893,-0.0026155
-0.47413,-0.10026,-0.0010018
-0.48789,-0.10185,0.0031121
-0.50182,-0.1034,0.0091274
-0.51589,-0.1049,0.016804
-0.53011,-0.10634,0.025974
-0.54447,-0.10773,0.036506
-0.55896,-0.10907,0.048308
-0.57359,-0.11034,0.061292
-0.58835,-0.11155,0.075398
-0.60322,-0.1127,0.090552
-0.61821,-0.11378,0.1067
-0.54901,-0.099646,0.11241
-0.48513,-0.086825,0.11812
-0.42625,-0.075214,0.12375
-0.37209,-0.064722,0.12925
-0.3224,-0.055269,0.13458
-0.27695,-0.046782,0.13975
-0.23554,-0.039194,0.14475
-0.19799,-0.032443,0.14958
-0.16415,-0.026474,0.15424
-0.13385,-0.021234,0.15875
-0.14908,-0.024768,0.15576
-0.16508,-0.028435,0.15276
-0.18184,-0.032237,0.141
-0.19945,-0.03617,0.12965
-0.21789,-0.040229,0.12016
-0.23716,-0.044413,0.11095
-0.25724,-0.048717,0.10313
-0.27814,-0.05314,0.095499
-0.29984,-0.057677,0.088918
-0.32237,-0.062326,0.082456
-0.29039,-0.056722,0.077671
-0.26056,-0.05134,0.074158
-0.23279,-0.046157,0.072075
-0.20698,-0.041151,0.070646
-0.18305,-0.036303,0.070129
-0.16089,-0.0318,0.070001
-0.14036,-0.027922,0.070518
-0.1214,-0.024655,0.0713
-0.10395,-0.021978,0.072567
-0.087963,-0.019872,0.074035
-0.087184,-0.019171,0.1017
-0.086402,-0.01845,0.13259
-0.085616,-0.01771,0.16656
-0.084824,-0.016955,0.20314
-0.084028,-0.016189,0.24229
-0.083232,-0.015417,0.28356
-0.08244,-0.014644,0.32699
-0.081657,-0.013876,0.3722
-0.08089,-0.013117,0.41929
-0.080143,-0.012374,0.46792
-0.079023,-0.01197,0.44365
-0.077915,-0.011648,0.42086
-0.076814,-0.011405,0.39937
-0.075723,-0.011208,0.37878
-0.074661,-0.010948,0.35907
-0.073626,-0.010616,0.33999
-0.072618,-0.010214,0.32157
-0.071634,-0.0097407,0.30364
-0.070676,-0.0091966,0.28627
-0.069742,-0.0085822,0.26935
-0.059389,-0.0076134,0.27147
-0.050032,-0.0064743,0.27636
-0.04167,-0.0051538,0.28355
-0.034253,-0.0039192,0.29257
-0.027707,-0.0031994,0.3032
-0.02203,-0.0030022,0.31515
-0.017224,-0.0033275,0.32829
-0.013289,-0.0041739,0.34245
-0.010226,-0.0055377,0.35754
-0.0080351,-0.0074144,0.37345
-0.011778,-0.0023622,0.31971
-0.017338,-0.00094078,0.27541
-0.02496,-0.0014269,0.23787
-0.035346,0.00073834,0.20523
-0.048507,0.0058107,0.17629
-0.064417,0.013814,0.15023
-0.083059,0.024794,0.1266
-0.10443,0.038808,0.10509
-0.12851,0.055925,0.085595
-0.15531,0.076213,0.068005
-0.15355,0.07192,0.040843
-0.15167,0.067783,0.020125
-0.1497,0.063799,0.0059097
-0.14768,0.059962,-0.0018527
-0.14564,0.056268,-0.0037036
-0.1434,0.052679,-0.0084381
-0.14094,0.049178,-0.019301
-0.13828,0.045765,-0.036187
-0.13547,0.042435,-0.058984
-0.13252,0.039189,-0.087605
-0.13089,0.028889,-0.086037
-0.12948,0.019565,-0.085227
-0.12828,0.011241,-0.084956
-0.1273,0.0039432,-0.085098
-0.12653,-0.0023082,-0.085536
-0.12596,-0.0074934,-0.086207
-0.12559,-0.011596,-0.087041
-0.12541,-0.014601,-0.088005
-0.12542,-0.016497,-0.089058
-0.12561,-0.017274,-0.090179
-0.11401,-0.015386,-0.08488
-0.10313,-0.013466,-0.079599
-0.092941,-0.011513,-0.074361
-0.083427,-0.0095243,-0.069193
-0.074559,-0.0074994,-0.064115
-0.066315,-0.0054366,-0.059148
-0.058672,-0.003335,-0.054308
-0.051611,-0.0011933,-0.049608
-0.045112,0.00098942,-0.045066
-0.039155,0.0032144,-0.040689
-0.036159,0.0063106,-0.05315
-0.033229,0.0097572,-0.06723
-0.03036,0.013542,-0.082901
-0.027556,0.01765,-0.10013
-0.024825,0.02207,-0.11887
-0.02218,0.026786,-0.13909
-0.019636,0.031786,-0.16076
-0.017208,0.037056,-0.18384
-0.014914,0.042585,-0.20829
-0.012773,0.048363,-0.23408
-0.0096773,0.049101,-0.23702
-0.0070518,0.049747,-0.24115
-0.0048929,0.050312,-0.24627
-0.0031975,0.050803,-0.25226
-0.0019634,0.051228,-0.25898
-0.0011886,0.051593,-0.26638
-0.00087197,0.051905,-0.27435
-0.00053818,0.052218,-0.28286
0.00025515,0.052582,-0.29182
0.0015048,0.052998,-0.30121
-0.00042934,0.051073,-0.26842
-0.0012853,0.049361,-0.23739
-0.0020031,0.047758,-0.20818
-0.0035076,0.046163,-0.18087
-0.0057079,0.044579,-0.15547
-0.0085266,0.043009,-0.13199
-0.0119,0.041453,-0.11045
-0.015777,0.03991,-0.090837
-0.02012,0.038377,-0.073163
-0.024904,0.036851,-0.05741
-0.029153,0.025162,-0.046106
-0.034087,0.015486,-0.036807
-0.039698,0.0077059,-0.029091
-0.045982,0.0017332,-0.022634
-0.052938,-0.0024897,-0.017225
-0.060572,-0.0049875,-0.012705
-0.068865,-0.0060816,-0.0089812
-0.077602,-0.0084301,-0.0059853
-0.086748,-0.012668,-0.0036892
-0.096318,-0.018868,-0.0020767
-0.09544,-0.01423,-0.0032745
-0.094342,-0.010759,-0.0047482
-0.093053,-0.0084429,-0.0064403
-0.091597,-0.0072737,-0.0083079
-0.09004,-0.0067476,-0.010326
-0.08853,-0.0052157,-0.012474
-0.087093,-0.0025501,-0.014739
-0.085745,0.0012502,-0.017106
-0.084498,0.0061885,-0.019566
-0.083362,0.012272,-0.022106
-0.078159,0.011467,-0.021323
-0.073106,0.010711,-0.021013
-0.068205,0.010001,-0.0211
-0.063458,0.009335,-0.021533
-0.05887,0.0087089,-0.022279
-0.054442,0.0081206,-0.023314
-0.050176,0.0075673,-0.024625
-0.046076,0.0070469,-0.026203
-0.042144,0.0065569,-0.028043
-0.038381,0.0060954,-0.030142
-0.053429,0.0082196,-0.024552
-0.071432,0.010791,-0.019461
-0.092595,0.013866,-0.014883
-0.11711,0.017505,-0.01083
-0.14517,0.021766,-0.0073087
-0.17694,0.026709,-0.0043251
-0.21257,0.032392,-0.0018819
-0.25219,0.038873,2.0012E-05
-0.29591,0.046208,0.0013799
-0.34382,0.054452,0.0021982
-0.32846,0.036566,0.0032421
-0.31363,0.021676,0.006382
-0.29931,0.0096767,0.011586
-0.28546,0.00047395,0.018811
-0.27208,-0.0060147,0.028009
-0.25912,-0.0098589,0.039138
-0.24657,-0.011118,0.052151
-0.23437,-0.01109,0.067014
-0.22234,-0.013416,0.083683
-0.21048,-0.018306,0.10213
-0.20801,-0.016046,0.074802
-0.20569,-0.013968,0.053605
-0.2035,-0.012101,0.037182
-0.20142,-0.010469,0.024629
-0.19943,-0.0090944,0.015308
-0.19753,-0.0079943,0.0087623
-0.19568,-0.0071852,0.0046558
-0.19389,-0.00668,0.0027338
-0.19216,-0.0063372,0.0022588
-0.19051,-0.0057106,0.00034821
-0.1787,-0.0056374,-0.0050891
-0.16758,-0.0062308,-0.013122
-0.15704,-0.0083852,-0.023378
-0.14698,-0.012091,-0.035598
-0.13736,-0.017341,-0.049588
-0.12811,-0.024136,-0.065203
-0.1192,-0.032474,-0.08232
-0.11059,-0.042359,-0.10084
-0.10226,-0.053797,-0.12068
-0.094206,-0.066794,-0.14174
-0.10657,-0.062757,-0.11754
-0.11976,-0.058835,-0.098394
-0.13378,-0.055034,-0.082942
-0.1486,-0.051354,-0.070277
-0.16422,-0.047798,-0.05975
-0.18065,-0.044364,-0.050902
-0.19787,-0.041053,-0.043391
-0.21588,-0.037861,-0.036962
-0.23468,-0.034789,-0.031419
-0.25427,-0.031833,-0.026612
-0.25357,-0.025603,-0.039757
-0.25272,-0.020067,-0.053202
-0.25173,-0.015223,-0.066615
-0.25062,-0.011068,-0.079824
-0.24937,-0.0076,-0.092747
-0.24801,-0.0048164,-0.10536
-0.24654,-0.0027159,-0.11766
-0.24497,-0.0012963,-0.12966
-0.24331,-0.00055644,-0.14137
-0.24155,-5.2268E-05,-0.15281
-0.23364,0.00043362,-0.12176
-0.22579,0.0010203,-0.097404
-0.218,0.0016937,-0.077891
-0.21027,0.002443,-0.062021
-0.20261,0.0032586,-0.048977
-0.19502,0.0041328,-0.038193
-0.18751,0.0050587,-0.029263
-0.18008,0.0060306,-0.021887
-0.17273,0.0070428,-0.015845
-0.16547,0.008091,-0.01096
-0.16372,0.0079932,-0.012819
-0.16208,0.0078866,-0.01446
-0.16055,0.0077722,-0.015888
-0.15912,0.0076513,-0.017115
-0.15779,0.0075246,-0.018158
-0.15655,0.0073937,-0.019034
-0.1554,0.0072594,-0.019762
-0.15435,0.0071231,-0.020359
-0.15338,0.0069856,-0.020841
-0.15249,0.0068484,-0.02122
-0.15998,0.0072021,-0.026203
-0.16763,0.0075682,-0.03172
-0.17545,0.007947,-0.037771
-0.18342,0.0083396,-0.044357
-0.19156,0.0087464,-0.051474
-0.19986,0.0091685,-0.059122
-0.20831,0.0096062,-0.067298
-0.21692,0.010061,-0.075998
-0.22569,0.010532,-0.085218
-0.23462,0.011023,-0.094956
-0.22161,0.008233,-0.097995
-0.20905,0.0066372,-0.10114
-0.19692,0.0061267,-0.10437
-0.18524,0.0049836,-0.10769
-0.17403,0.00262,-0.11107
-0.16326,-0.00096413,-0.11453
-0.15294,-0.0057691,-0.11805
-0.14304,-0.011795,-0.12162
-0.13356,-0.019042,-0.12524
-0.1245,-0.027509,-0.12889
-0.11092,-0.022333,-0.11685
-0.098514,-0.01762,-0.10552
-0.087198,-0.013385,-0.09487
-0.0769,-0.0096452,-0.084866
-0.067548,-0.0064157,-0.075487
-0.05908,-0.0037128,-0.066714
-0.051435,-0.0015528,-0.058532
-0.044556,4.801E-05,-0.050925
-0.038389,0.0010731,-0.043882
-0.032884,0.0015061,-0.03739
-0.024444,0.0012114,-0.029366
-0.01736,0.00090192,-0.022969
-0.011568,0.00071438,-0.017869
-0.0070069,0.00064465,-0.013812
-0.0036166,0.00067621,-0.010603
-0.0013358,0.00079425,-0.0080789
-0.00010282,0.00098691,-0.0061047
0.00019307,0.0012459,-0.0045498
0.00089389,0.0015042,-0.0032659
0.0025699,0.0017456,-0.0021504
0.0017615,0.00059386,-0.0048416
0.0011632,1.746E-05,-0.0083718
0.00077667,-0.00010691,-0.012868
0.00055536,-0.00066068,-0.018619
0.00049429,-0.0017648,-0.025945
0.0005593,-0.0033683,-0.03511
0.00052711,-0.0054087,-0.046316
0.00036472,-0.007839,-0.059674
7.6971E-05,-0.010619,-0.075219
-0.00033484,-0.013714,-0.092909
-0.0014245,-0.010129,-0.099672
-0.003033,-0.0070208,-0.1068
-0.0051652,-0.0043853,-0.11425
-0.0078289,-0.0022212,-0.12201
-0.011033,-0.00052942,-0.13006
-0.014787,0.00068756,-0.13838
-0.019102,0.0014259,-0.14695
-0.023969,0.0019726,-0.15577
-0.02934,0.0030731,-0.1648
-0.035221,0.004775,-0.17405
-0.028002,0.006292,-0.17477
-0.021398,0.0085799,-0.17668
-0.015416,0.01165,-0.17955
-0.010065,0.015507,-0.18322
-0.0053504,0.02015,-0.18754
-0.001275,0.025571,-0.19243
0.0021589,0.031761,-0.19779
0.0049502,0.038704,-0.20358
0.0070992,0.046384,-0.20973
0.0086064,0.054785,-0.21623
0.0074257,0.045248,-0.20798
0.0061863,0.036627,-0.19853
0.0048906,0.028924,-0.18822
0.0035382,0.022141,-0.17734
0.0021284,0.016282,-0.1661
0.0006586,0.011348,-0.15469
-0.00087347,0.0073422,-0.14324
-0.002471,0.0042653,-0.13188
-0.0041363,0.0021193,-0.12069
-0.0058714,0.00090519,-0.10977
-0.0048262,0.0013287,-0.094577
-0.0038808,0.0019221,-0.080957
-0.0030274,0.0026715,-0.06874
-0.0022587,0.0035643,-0.057786
-0.0015674,0.0045896,-0.047992
-0.00094676,0.0057379,-0.039263
-0.00039014,0.0070019,-0.031532
0.00010842,0.0083763,-0.024735
0.00055449,0.0098581,-0.01883
0.00095274,0.011447,-0.013772
0.00037281,0.010184,-0.013372
-0.00034635,0.0090143,-0.012869
-0.0011959,0.0079393,-0.012284
-0.0021692,0.0069594,-0.01163
-0.0032622,0.0060753,-0.010928
-0.0044733,0.005288,-0.010189
-0.0058034,0.0045985,-0.0094306
-0.0072562,0.0040082,-0.0086623
-0.0088379,0.0035186,-0.0078969
-0.010557,0.0031313,-0.0071413
-0.01305,0.0021129,-0.0070804
-0.015729,0.0018887,-0.0070412
-0.018708,0.0020172,-0.0069689
-0.022181,0.0014856,-0.006822
-0.026224,0.00026503,-0.0065846
-0.03091,-0.0016331,-0.0062538
-0.036307,-0.0041974,-0.0058418
-0.042484,-0.0074159,-0.0053655
-0.049506,-0.011277,-0.0048474
-0.057436,-0.015767,-0.004308
-0.063013,-0.017139,-0.0086359
-0.068761,-0.018561,-0.014228
-0.074674,-0.020033,-0.020938
-0.080746,-0.021553,-0.028613
-0.086974,-0.023119,-0.037108
-0.093355,-0.024729,-0.046285
-0.099889,-0.026381,-0.056019
-0.10658,-0.028073,-0.066201
-0.11342,-0.029804,-0.076735
-0.12042,-0.031571,-0.087547
-0.10435,-0.020833,-0.075287
-0.089344,-0.01216,-0.065634
-0.07544,-0.0054304,-0.057857
-0.062675,-0.00052626,-0.051478
-0.051085,0.0026634,-0.046162
-0.040702,0.0042452,-0.041674
-0.031561,0.0043202,-0.037836
-0.023601,0.0036208,-0.034516
-0.016542,0.004351,-0.031611
-0.010397,0.0066478,-0.029026
-0.016759,0.0063887,-0.02791
-0.02448,0.0065168,-0.026745
-0.033561,0.0070345,-0.025519
-0.044001,0.0079434,-0.024233
-0.0558,0.0092443,-0.022894
-0.068957,0.010938,-0.021516
-0.083474,0.013025,-0.020114
-0.09935,0.015505,-0.018704
-0.1166,0.018289,-0.017297
-0.13526,0.021193,-0.015906
-0.12476,0.018905,-0.012804
-0.11484,0.016188,-0.010448
-0.10549,0.013065,-0.0086462
-0.0967,0.0095578,-0.0072596
-0.088444,0.005685,-0.0061881
-0.080713,0.0014626,-0.005358
-0.073496,-0.0030965,-0.0047143
-0.066784,-0.0079815,-0.0042158
-0.060567,-0.013185,-0.0038313
-0.054839,-0.018703,-0.003537
-0.052558,-0.018124,-0.0022024
-0.050355,-0.017497,-0.0011557
-0.048226,-0.016827,-0.00039556
-0.046169,-0.016117,8.133E-05
-0.04418,-0.015373,0.00028001
-0.042257,-0.014599,0.00033579
-0.040395,-0.013798,0.0006331
-0.038591,-0.012977,0.0011903
-0.036844,-0.012139,0.0020001
-0.035153,-0.01129,0.003055
-0.03907,-0.0091707,0.00019908
-0.043242,-0.0070507,-0.0022085
-0.0477,-0.0049423,-0.0095177
-0.052448,-0.0028422,-0.02154
-0.05749,-0.00074699,-0.038147
-0.06283,0.0013468,-0.059205
-0.068469,0.0034424,-0.084538
-0.074409,0.0055434,-0.11392
-0.080651,0.0076526,-0.14708
-0.087195,0.0097731,-0.18371
-0.081937,0.012757,-0.15265
-0.077272,0.014076,-0.12702
-0.073134,0.013916,-0.10547
-0.069068,0.014513,-0.087106
-0.06489,0.016654,-0.071318
-0.060581,0.020305,-0.057678
-0.056119,0.025442,-0.045878
-0.05148,0.032055,-0.035698
-0.046644,0.040144,-0.026977
-0.041589,0.04972,-0.0196
-0.057087,0.043095,-0.018476
-0.074006,0.038113,-0.017368
-0.092345,0.034785,-0.016278
-0.11211,0.033113,-0.015207
-0.1333,0.033094,-0.014158
-0.15593,0.03472,-0.013132
-0.18,0.03798,-0.012132
-0.20553,0.042859,-0.011162
-0.23276,0.048175,-0.010225
-0.26196,0.052738,-0.0093253
-0.21002,0.042695,-0.012398
-0.16397,0.033678,-0.015156
-0.12376,0.025698,-0.017567
-0.08932,0.018767,-0.019628
-0.060596,0.012894,-0.021344
-0.037521,0.0080863,-0.022717
-0.020023,0.0043516,-0.023743
-0.0079995,0.001792,-0.024414
-0.0013473,0.00047682,-0.024735
0.00034882,0.00032861,-0.024775
0.00015201,0.0019264,-0.025501
-0.0015592,0.0049943,-0.026082
-0.0052551,0.0095907,-0.026219
-0.011131,0.015706,-0.025819
-0.019395,0.023337,-0.024923
-0.030248,0.032485,-0.023641
-0.043881,0.043158,-0.022108
-0.060474,0.055366,-0.020457
-0.080193,0.069121,-0.018807
-0.10319,0.08444,-0.01725
-0.10367,0.068936,-0.018708
-0.10388,0.055652,-0.020158
-0.10377,0.04463,-0.021625
-0.10332,0.035907,-0.023125
-0.10248,0.029513,-0.024669
-0.10122,0.025473,-0.026265
-0.099492,0.023805,-0.027915
-0.097788,0.022361,-0.029622
-0.096703,0.018557,-0.031386
-0.096225,0.012387,-0.033205
-0.087031,0.012257,-0.025331
-0.078505,0.012092,-0.018516
-0.070614,0.011876,-0.012777
-0.063325,0.011593,-0.0081218
-0.056605,0.011231,-0.0045536
-0.050424,0.010773,-0.0020692
-0.044754,0.010206,-0.00066356
-0.039566,0.0095165,-0.00027812
-0.034842,0.0086916,0.00051815
-0.030559,0.0077289,0.0023662
-0.026528,0.006665,-0.00021209
-0.022918,0.0054899,-0.0028909
-0.019633,0.0041825,-0.010489
-0.016626,0.0027292,-0.022867
-0.013867,0.0011126,-0.040064
-0.011349,-0.00068501,-0.062204
-0.0090807,-0.0026793,-0.08941
-0.0070845,-0.0048835,-0.12176
-0.0053893,-0.0073083,-0.15924
-0.0040275,-0.0099622,-0.20178
-0.00484,-0.0062718,-0.21421
-0.0062257,-0.0030557,-0.22644
-0.0081927,-0.00031123,-0.23843
-0.010751,0.0019645,-0.25022
-0.013911,0.0037744,-0.26178
-0.017684,0.0051222,-0.27312
-0.021913,0.0066417,-0.2842
-0.026458,0.008894,-0.29505
-0.031323,0.011885,-0.30561
-0.036518,0.01562,-0.31592
-0.025738,0.010442,-0.34987
-0.016538,0.0063392,-0.38476
-0.0089332,0.0033197,-0.42052
-0.0029322,0.0013901,-0.45714
0.001282,-9.4125E-05,-0.49447
0.0035492,-0.0017062,-0.53253
0.0039745,-0.0034734,-0.57113
0.0049573,-0.0060737,-0.61027
0.0075004,-0.0097985,-0.64974
0.011586,-0.014653,-0.68956
0.0041376,-0.010139,-0.60618
0.0022377,-0.0074758,-0.536
-0.0016345,-0.0045161,-0.47508
-0.010859,-0.00027616,-0.42112
-0.025333,0.0052298,-0.37255
-0.045005,0.012005,-0.32832
-0.069873,0.020061,-0.28774
-0.099976,0.029427,-0.25031
-0.13539,0.040139,-0.21575
-0.17615,0.052403,-0.18383
-0.16037,0.047972,-0.16926
-0.14573,0.043856,-0.15639
-0.13213,0.040029,-0.14493
-0.11951,0.036466,-0.1346
-0.10782,0.033148,-0.12527
-0.096977,0.030055,-0.11674
-0.086946,0.027173,-0.10895
-0.077674,0.024487,-0.10179
-0.069117,0.021984,-0.095187
-0.061235,0.019654,-0.089078
-0.069542,0.022184,-0.092082
-0.078458,0.024922,-0.095302
-0.087996,0.027875,-0.098766
-0.098167,0.03105,-0.10246
-0.10898,0.034452,-0.1064
-0.12044,0.038088,-0.11058
-0.13256,0.041964,-0.115
-0.14535,0.046083,-0.11967
-0.15881,0.050452,-0.12459
-0.17293,0.055075,-0.12975
-0.18184,0.056981,-0.10308
-0.19154,0.056157,-0.080372
-0.20215,0.052553,-0.061124
-0.21378,0.046194,-0.044966
-0.2265,0.03709,-0.031637
-0.24042,0.025241,-0.020931
-0.25559,0.010634,-0.012703
-0.27209,-0.0067491,-0.0068299
-0.28998,-0.026935,-0.0032202
-0.3093,-0.049952,-0.0017903
-0.32288,-0.041488,-0.0011185
-0.33683,-0.032901,0.0016127
-0.35114,-0.024193,0.0064049
-0.36582,-0.015361,0.013176
-0.38085,-0.0064067,0.021837
-0.39625,0.0026713,0.032306
-0.412,0.011873,0.044494
-0.42811,0.021198,0.058316
-0.44457,0.030648,0.073685
-0.46139,0.040222,0.090527
-0.44851,0.035102,0.058642
-0.43643,0.030106,0.036871
-0.42503,0.025214,0.021744
-0.41423,0.02041,0.011289
-0.40398,0.015681,0.0043105
-0.39422,0.011019,5.4102E-05
-0.38491,0.0064139,-0.0019795
-0.37602,0.0018594,-0.0023928
-0.36751,-0.0026563,-0.0037811
-0.35933,-0.0071385,-0.0066096
-0.31223,-0.008477,-0.0049348
-0.26991,-0.0097906,-0.0039797
-0.23194,-0.011056,-0.0034103
-0.19798,-0.012251,-0.0030723
-0.16769,-0.013356,-0.0028909
-0.14078,-0.014351,-0.0028297
-0.11699,-0.01522,-0.0028704
-0.096081,-0.015948,-0.0030049
-0.077839,-0.016521,-0.0032299
-0.062064,-0.016928,-0.0035456
-0.073861,-0.00072848,-0.0044659
-0.088436,0.014424,-0.0054213
-0.10579,0.028534,-0.0064105
-0.12594,0.041592,-0.0074297
-0.14888,0.05358,-0.0084712
-0.17465,0.064472,-0.0095248
-0.20258,0.076039,-0.010578
-0.23187,0.090451,-0.011618
-0.26251,0.10775,-0.012635
-0.29445,0.12799,-0.01362
-0.25459,0.11373,-0.013706
-0.21747,0.10041,-0.014031
-0.18312,0.088056,-0.014545
-0.15155,0.076681,-0.015219
-0.12279,0.066302,-0.016032
-0.096837,0.056934,-0.016972
-0.073718,0.048592,-0.01803
-0.053443,0.041291,-0.019201
-0.036026,0.035046,-0.020478
-0.021478,0.029871,-0.021859
-0.027092,0.029177,-0.015027
-0.032999,0.028809,-0.0099166
-0.039181,0.028769,-0.006174
-0.045622,0.029055,-0.0035501
-0.052305,0.029663,-0.0018636
-0.059213,0.030587,-0.00097733
-0.066331,0.031821,-0.00078076
-0.07365,0.033362,-0.00055959
-0.081163,0.035203,0.00017113
-0.088859,0.037339,0.0013392
-0.085478,0.035781,-0.00083134
-0.082143,0.03425,-0.0012346
-0.07883,0.032742,-0.0025797
-0.075544,0.031263,-0.0047346
-0.072293,0.029818,-0.0073152
-0.069082,0.02841,-0.010056
-0.065914,0.027042,-0.012773
-0.062794,0.025717,-0.015339
-0.059722,0.024439,-0.017669
-0.056701,0.023208,-0.01971
-0.066137,0.028135,-0.013126
-0.07588,0.034601,-0.0081215
-0.085945,0.04263,-0.0045888
-0.096346,0.052248,-0.0024509
-0.10709,0.063481,-0.0016367
-0.11819,0.076356,-0.0014952
-0.12968,0.090904,-0.00033924
-0.14155,0.10715,0.0018436
-0.1538,0.12511,0.0049472
-0.16643,0.1448,0.008867
-0.15048,0.13831,0.0075754
-0.13541,0.13228,0.0064213
-0.12119,0.12669,0.0053798
-0.10777,0.12152,0.004436
-0.095114,0.11675,0.0035807
-0.083188,0.11236,0.0028087
-0.071958,0.10835,0.0021174
-0.061395,0.10469,0.0015061
-0.051469,0.10137,0.00097508
-0.042154,0.098387,0.00052535
-0.029704,0.093805,0.0002454
-0.01845,0.089504,7.4653E-05
-0.0083922,0.085494,-2.0645E-05
0.000468,0.081788,-6.423E-05
0.0081315,0.078399,-7.2986E-05
0.014601,0.075343,-5.9175E-05
0.019879,0.072636,-3.1811E-05
0.02397,0.070298,2.3126E-06
0.026882,0.068348,3.8163E-05
0.028622,0.06681,6.0774E-05
0.01885,0.057408,-2.46E-05
0.0055121,0.051024,-0.00017392
-0.011408,0.047573,-0.00037827
-0.03198,0.047029,-0.00063888
-0.056307,0.049421,-0.00095688
-0.084509,0.054831,-0.0013332
-0.1167,0.063367,-0.0017688
-0.15299,0.075157,-0.0022647
-0.19348,0.090331,-0.0028216
-0.23824,0.10902,-0.0034407
-0.21492,0.098808,-0.0022407
-0.19286,0.089142,-0.00073555
-0.17204,0.080018,0.00096173
-0.15245,0.071437,0.00278
-0.13408,0.063397,0.004673
-0.11691,0.055898,0.0066093
-0.10094,0.04894,0.0085671
-0.086142,0.042521,0.01053
-0.072518,0.036642,0.012486
-0.060054,0.031302,0.014426
-0.054542,0.029207,0.0094952
-0.049311,0.027293,0.005686
-0.044349,0.025558,0.0028692
-0.039642,0.024003,0.00094641
-0.035178,0.022626,-0.0001591
-0.030945,0.021426,-0.00050742
-0.026926,0.0204,-0.00075796
-0.023103,0.01954,-0.001686
-0.019468,0.018844,-0.003265
-0.016014,0.018309,-0.0054721
-0.018008,0.018255,-0.0025547
-0.02003,0.018269,-0.00087408
-0.022077,0.018352,-0.00037111
-0.024162,0.018513,0.00021878
-0.026293,0.018759,0.0019136
-0.028469,0.019089,0.0046891
-0.030686,0.019502,0.0085256
-0.032942,0.019998,0.013406
-0.035235,0.020575,0.019314
-0.037564,0.021232,0.026234
-0.038011,0.022645,0.022447
-0.038409,0.024239,0.019126
-0.038749,0.026009,0.016206
-0.039023,0.02795,0.013638
-0.039224,0.03006,0.011379
-0.039346,0.032335,0.0093942
-0.039384,0.034772,0.0076553
-0.039333,0.03737,0.0061371
-0.039191,0.040125,0.0048179
-0.038953,0.043036,0.003679
-0.039937,0.036588,0.0049757
-0.040373,0.031113,0.0064725
-0.040276,0.02661,0.0081769
-0.039659,0.023083,0.010096
-0.038536,0.020533,0.012233
-0.036922,0.018964,0.014593
-0.035197,0.017666,0.017179
-0.034002,0.01543,0.019995
-0.033365,0.012244,0.023039
-0.0333,0.0081129,0.026314
-0.022856,0.0083419,0.008851
-0.014842,0.0071437,0.00073069
-0.0090751,0.0048397,-0.0012384
-0.0040614,0.0040802,-0.0092596
0.00067355,0.0057531,-0.024989
0.0051933,0.0099716,-0.048875
0.0096452,0.016855,-0.081359
0.015809,0.025652,-0.12265
0.024524,0.036082,-0.17274
0.035842,0.048264,-0.23152
0.024959,0.039481,-0.24909
0.018188,0.03032,-0.26639
0.011819,0.022697,-0.28348
0.0027285,0.018251,-0.30047
-0.0090832,0.016974,-0.31735
-0.023608,0.01887,-0.33416
-0.040828,0.023954,-0.35084
-0.060722,0.032248,-0.36739
-0.083277,0.043759,-0.38372
-0.10938,0.056836,-0.3998
-0.10156,0.053577,-0.36352
-0.09401,0.050021,-0.32996
-0.086695,0.046324,-0.29859
-0.079417,0.042905,-0.26916
-0.072196,0.03979,-0.24144
-0.065068,0.036961,-0.21533
-0.058069,0.034403,-0.19075
-0.051234,0.032101,-0.16767
-0.044595,0.030043,-0.14606
-0.038183,0.028214,-0.12591
-0.043796,0.0318,-0.091904
-0.049773,0.035552,-0.065151
-0.056115,0.039486,-0.044174
-0.062824,0.043615,-0.027968
-0.069899,0.047951,-0.015864
-0.077342,0.052504,-0.0073808
-0.085152,0.057282,-0.0021889
-0.09333,0.062292,-3.6886E-05
-0.10187,0.067547,0.00089688
-0.11077,0.073065,0.0043856
-0.1242,0.086295,0.0011613
-0.13857,0.10129,0.00021767
-0.15397,0.11811,-0.00073555
-0.17049,0.13678,-0.0034128
-0.18817,0.15735,-0.0075566
-0.20708,0.17985,-0.012925
-0.22723,0.20431,-0.019308
-0.24864,0.23075,-0.026523
-0.27133,0.25919,-0.034429
-0.29529,0.28962,-0.042911
-0.30118,0.27863,-0.060739
-0.30661,0.2684,-0.080839
-0.31157,0.2589,-0.1031
-0.31608,0.25014,-0.12746
-0.32015,0.24211,-0.15385
-0.32378,0.23478,-0.18221
-0.32698,0.22816,-0.21251
-0.32975,0.22223,-0.24471
-0.33208,0.21699,-0.27873
-0.33398,0.21242,-0.31457
-0.32071,0.20774,-0.32291
-0.30776,0.20343,-0.32962
-0.29512,0.19949,-0.335
-0.28278,0.19589,-0.33931
-0.27071,0.19262,-0.34272
-0.25892,0.18967,-0.34538
-0.24737,0.18702,-0.34735
-0.23606,0.18466,-0.34874
-0.22498,0.18257,-0.34957
-0.21411,0.18075,-0.34992
-0.21076,0.17966,-0.36213
-0.20763,0.17873,-0.37023
-0.20474,0.17796,-0.37498
-0.20208,0.17735,-0.37703
-0.19965,0.17689,-0.37686
-0.19746,0.17659,-0.37486
-0.19551,0.17643,-0.37131
-0.19378,0.17642,-0.36645
-0.19227,0.17655,-0.36045
-0.19097,0.17681,-0.35347
-0.16706,0.1572,-0.30516
-0.14472,0.13874,-0.26892
-0.12396,0.12144,-0.24059
-0.10475,0.10531,-0.21772
-0.087115,0.09036,-0.19881
-0.071041,0.076589,-0.18288
-0.056536,0.064003,-0.16926
-0.043601,0.052604,-0.15749
-0.032241,0.042395,-0.14722
-0.022455,0.033378,-0.13819
-0.021872,0.037651,-0.13486
-0.021094,0.042292,-0.1318
-0.020115,0.047308,-0.12899
-0.018929,0.052702,-0.12637
-0.01753,0.05848,-0.12392
-0.015911,0.064649,-0.12161
-0.014066,0.071213,-0.11942
-0.011989,0.078178,-0.11733
-0.0096729,0.08555,-0.11532
-0.007113,0.093334,-0.11339
0.00060927,0.097793,-0.13185
0.0084955,0.10267,-0.15161
0.016552,0.10798,-0.17265
0.024784,0.11372,-0.19494
0.033198,0.11989,-0.21848
0.041798,0.12651,-0.24324
0.05059,0.13358,-0.26923
0.059577,0.14109,-0.29644
0.068764,0.14906,-0.32486
0.078155,0.15748,-0.35451
0.083908,0.17317,-0.2738
0.089991,0.18962,-0.20706
0.096393,0.2068,-0.15191
0.10311,0.22472,-0.10678
0.11012,0.24335,-0.070571
0.11743,0.26267,-0.042511
0.12503,0.28268,-0.022034
0.13291,0.30336,-0.0087055
0.14106,0.32468,-0.0022
0.14946,0.34666,-0.00070402
0.14856,0.32544,-0.0013535
0.14685,0.30488,-0.0023531
0.14438,0.285,-0.005134
0.14122,0.26578,-0.0096659
0.13742,0.24726,-0.015968
0.13304,0.22944,-0.024074
0.12812,0.21234,-0.034041
0.12271,0.19596,-0.045916
0.11685,0.18034,-0.059759
0.11059,0.16547,-0.075619
0.11137,0.17342,-0.091828
0.11103,0.18221,-0.10648
0.10955,0.19186,-0.11925
0.10696,0.20237,-0.13002
0.10324,0.21375,-0.13877
0.098413,0.22601,-0.14558
0.092477,0.23914,-0.15058
0.085435,0.25316,-0.15393
0.077293,0.26807,-0.15578
0.068054,0.28388,-0.15629
0.059522,0.24335,-0.14272
0.05175,0.20669,-0.1348
0.044674,0.17367,-0.13041
0.038246,0.14409,-0.12836
0.032424,0.11774,-0.12796
0.027173,0.094451,-0.12876
0.022458,0.074042,-0.13048
0.018251,0.05636,-0.13293
0.014524,0.041258,-0.13597
0.011253,0.028597,-0.1395
0.013012,0.035215,-0.10733
0.015037,0.042348,-0.080722
0.017313,0.050001,-0.058791
0.019825,0.05818,-0.040924
0.022555,0.066888,-0.026701
0.025485,0.076124,-0.015829
0.028597,0.085889,-0.0081062
0.031873,0.096182,-0.0033844
0.035297,0.107,-0.0015538
0.038847,0.11838,-0.00084096
0.038708,0.12101,-0.0017588
0.038555,0.12368,-0.0025238
0.038395,0.12636,-0.0045806
0.038224,0.12907,-0.0077468
0.038043,0.13179,-0.011883
0.037851,0.13454,-0.016876
0.037647,0.13732,-0.022644
0.03743,0.14012,-0.029115
0.037201,0.14295,-0.03624
0.036959,0.14581,-0.043976
0.033475,0.14587,-0.055838
0.029926,0.14597,-0.068691
0.026309,0.14613,-0.08246
0.022625,0.14633,-0.097087
0.018872,0.14659,-0.11253
0.01505,0.14689,-0.12875
0.011158,0.14725,-0.14571
0.0071939,0.14767,-0.16341
0.0031579,0.14814,-0.18181
-0.00095143,0.14867,-0.2009
0.0069288,0.13354,-0.1511
0.013934,0.11948,-0.11304
0.020034,0.10654,-0.083463
0.025206,0.09473,-0.060308
0.029431,0.084045,-0.04221
0.032694,0.074489,-0.028217
0.034983,0.066055,-0.017645
0.036285,0.058734,-0.0099785
0.03659,0.052514,-0.0048285
0.035888,0.04738,-0.0018907
0.026569,0.034958,-0.0010123
0.018811,0.024623,-0.0005438
0.012526,0.016269,-0.0002752
0.0076234,0.0097944,0.00019974
0.0040082,0.005082,0.0008486
0.0015848,0.0020053,0.0016151
0.00035065,0.00034834,0.0024425
0.00018264,-0.00013793,0.0033034
-0.00035358,-0.0012423,0.0043129
-0.0019009,-0.003738,0.0055948
-0.00092669,-0.0017604,0.0012638
-0.00028115,-0.00054545,1.1682E-05
-7.0102E-06,-5.0205E-05,-0.00098427
0.00010618,8.6652E-05,-0.0038066
0.0006,0.00078887,-0.0090939
0.0014539,0.0021953,-0.017515
0.0026353,0.0043844,-0.029646
0.0041089,0.0074348,-0.045962
0.0058379,0.011426,-0.066817
0.007786,0.016439,-0.09242
0.0075139,0.019629,-0.066132
0.0069997,0.023036,-0.044812
0.0062405,0.026669,-0.028003
0.0052372,0.030535,-0.015386
0.0039938,0.034631,-0.0067361
0.0025177,0.038952,-0.0019141
0.00081861,0.043492,-0.00069928
-0.0010659,0.048323,0.0017914
-0.0031115,0.053476,0.00795
-0.0053073,0.058936,0.017756
-0.008316,0.047497,0.013992
-0.010679,0.037608,0.010686
-0.012372,0.029236,0.0078169
-0.013374,0.022352,0.0053802
-0.013662,0.016925,0.0033771
-0.013215,0.012923,0.0018164
-0.012009,0.01031,0.00071027
-0.010524,0.0084556,8.6094E-05
-0.010125,0.0056863,-3.765E-05
-0.010867,0.0018725,-0.00035436
-0.010131,0.0027873,-0.00011158
-0.0094714,0.003613,1.9265E-06
-0.0088938,0.0043441,6.1066E-05
-0.0084024,0.0049779,0.00035965
-0.0080021,0.0055089,0.00095404
-0.0076969,0.0059322,0.00188
-0.0074891,0.0062444,0.0031603
-0.0073796,0.0064441,0.0048044
-0.0073616,0.0065381,0.0068111
-0.0073005,0.0066801,0.0091699
-0.005891,0.0067363,0.0085196
-0.0038756,0.0075756,0.007837
-0.0012345,0.0091948,0.0071577
0.0020582,0.011605,0.0065063
0.0060315,0.014827,0.0058962
0.010715,0.018893,0.0053317
0.016139,0.023836,0.0048107
0.022331,0.029695,0.0043278
0.029319,0.036506,0.0038756
0.037129,0.044309,0.0034466
0.032548,0.039766,-0.00036877
0.028221,0.035542,-0.0019306
0.024111,0.031587,-0.0078897
0.020212,0.027908,-0.018063
0.016517,0.02452,-0.032205
0.013014,0.021435,-0.05019
0.0096937,0.01867,-0.071957
0.0065438,0.01624,-0.097474
0.0035543,0.014162,-0.12669
0.0007159,0.012453,-0.15954
0.0055402,0.015571,-0.167
0.011046,0.019692,-0.17495
0.017261,0.024836,-0.18333
0.024217,0.031025,-0.19216
0.031947,0.038283,-0.20139
0.040485,0.04663,-0.21104
0.049866,0.05609,-0.22109
0.060125,0.066683,-0.23154
0.071295,0.07843,-0.24236
0.083409,0.091351,-0.25357
0.070828,0.078373,-0.29094
0.058876,0.066837,-0.32898
0.047542,0.056731,-0.36762
0.036818,0.048046,-0.4069
0.026698,0.040776,-0.44673
0.017182,0.034915,-0.48713
0.0082728,0.03046,-0.52799
-2.52E-05,0.027409,-0.56933
-0.0077054,0.025764,-0.61102
-0.014759,0.025524,-0.65308
-0.013943,0.032147,-0.51922
-0.01263,0.040043,-0.41092
-0.01082,0.049169,-0.3214
-0.0085162,0.0595,-0.24668
-0.005713,0.071025,-0.18419
-0.0023992,0.083745,-0.13222
0.001444,0.097675,-0.089654
0.0058433,0.11284,-0.055698
0.01083,0.12926,-0.029867
0.01644,0.14698,-0.011806
0.0089338,0.13671,-0.0053402
0.0023402,0.12672,-0.0012656
-0.0033887,0.11704,0.0007883
-0.0082993,0.10766,0.0012219
-0.012433,0.098589,0.0022798
-0.015836,0.089821,0.0046474
-0.018553,0.081375,0.0081761
-0.020632,0.073269,0.012751
-0.022117,0.065522,0.018265
-0.023056,0.058153,0.024645
-0.033865,0.065717,0.013928
-0.045538,0.074241,0.0066665
-0.058087,0.083722,0.002539
-0.071515,0.094164,0.0012963
-0.085821,0.10561,0.0002026
-0.101,0.1181,-0.0033339
-0.11704,0.13165,-0.0091203
-0.13392,0.14628,-0.016968
-0.15163,0.162,-0.0267
-0.17014,0.17883,-0.038149
-0.18397,0.18909,-0.042054
-0.19742,0.2006,-0.046403
-0.21049,0.21337,-0.051177
-0.22387,0.22672,-0.056367
-0.23845,0.23977,-0.061966
-0.25424,0.25254,-0.067957
-0.27124,0.26501,-0.07432
-0.28945,0.2772,-0.081041
-0.30886,0.28911,-0.088101
-0.32947,0.30073,-0.09549
-0.30135,0.27195,-0.076503
-0.27496,0.24485,-0.060802
-0.25021,0.21935,-0.047664
-0.22703,0.19537,-0.036632
-0.20535,0.17285,-0.027395
-0.18513,0.15175,-0.019734
-0.16629,0.13202,-0.013489
-0.14881,0.11361,-0.0085343
-0.13262,0.096481,-0.0047738
-0.1177,0.080609,-0.0021267
-0.11801,0.093391,-0.0011645
-0.11953,0.1054,-0.00049081
-0.12228,0.11663,-4.3538E-05
-0.12626,0.12711,0.00022283
-0.13147,0.13682,0.00034141
-0.13792,0.14579,0.0003367
-0.14522,0.15437,0.00028746
-0.15181,0.16405,0.00030052
-0.15754,0.17497,0.00036672
-0.16238,0.18714,0.00047534
-0.16064,0.18382,0.0018307
-0.15895,0.18067,0.004069
-0.15731,0.17766,0.0070802
-0.15572,0.17481,0.010778
-0.15415,0.17209,0.015095
-0.15261,0.16952,0.019973
-0.15109,0.16708,0.025366
-0.14957,0.16477,0.031234
-0.14807,0.16259,0.037541
-0.14657,0.16054,0.044256
-0.16096,0.17617,0.042574
-0.17604,0.19268,0.041865
-0.19181,0.21007,0.041997
-0.20827,0.22837,0.042875
-0.22543,0.24755,0.044427
-0.24329,0.26762,0.046601
-0.26183,0.28859,0.049353
-0.28108,0.31042,0.052653
-0.30105,0.3331,0.056476
-0.32173,0.35661,0.060804
-0.31393,0.34893,0.052788
-0.30621,0.34173,0.043872
-0.29839,0.33516,0.034768
-0.29047,0.3292,0.025975
-0.28242,0.32383,0.017847
-0.27423,0.31903,0.010628
-0.26588,0.31478,0.0044966
-0.25737,0.31106,-0.00042173
-0.24867,0.30787,-0.0040314
-0.23977,0.30519,-0.0062629
-0.21555,0.2782,-0.002332
-0.19311,0.25314,0.0037815
-0.17233,0.22988,0.011519
-0.1531,0.20829,0.020536
-0.13529,0.18828,0.03061
-0.11884,0.16975,0.041587
-0.10365,0.1526,0.05336
-0.089645,0.13678,0.065845
-0.07677,0.1222,0.078976
-0.06496,0.1088,0.092705
-0.069691,0.10575,0.080587
-0.073727,0.10329,0.069662
-0.077096,0.10139,0.059746
-0.079823,0.10003,0.050721
-0.081931,0.099185,0.042495
-0.083438,0.098843,0.035009
-0.084362,0.098988,0.028217
-0.084855,0.099493,0.02209
-0.085761,0.099642,0.016605
-0.087217,0.099324,0.011749
-0.084326,0.094813,0.012541
-0.081609,0.090294,0.013522
-0.079066,0.085769,0.014675
-0.076695,0.081242,0.015987
-0.074497,0.076713,0.017448
-0.072471,0.072186,0.019052
-0.070617,0.067661,0.020791
-0.068935,0.063142,0.022661
-0.067424,0.058629,0.024659
-0.066085,0.054123,0.026779
-0.069517,0.064772,0.041287
-0.07385,0.075656,0.05853
-0.079099,0.086796,0.078389
-0.085281,0.098204,0.10075
-0.092409,0.10989,0.1255
-0.10049,0.12186,0.15252
-0.10954,0.13412,0.18171
-0.11941,0.14679,0.21297
-0.12939,0.16045,0.24621
-0.13941,0.17517,0.28136
-0.12163,0.15417,0.21337
-0.10538,0.13504,0.16017
-0.090515,0.1176,0.11793
-0.076933,0.10173,0.084268
-0.064557,0.087315,0.057614
-0.053324,0.074291,0.036863
-0.043182,0.06259,0.021213
-0.034083,0.052155,0.010049
-0.025987,0.042938,0.0028935
-0.018855,0.034892,-0.00064071
-0.028222,0.041746,-0.0014532
-0.037801,0.0503,-0.0021105
-0.047565,0.060588,-0.0026282
-0.057489,0.072633,-0.0033152
-0.068503,0.085707,-0.0042769
-0.081243,0.099325,-0.0055361
-0.095755,0.11347,-0.0071247
-0.11208,0.12812,-0.009082
-0.13026,0.14325,-0.011453
-0.15033,0.15886,-0.014286
-0.16096,0.18688,-0.011696
-0.17447,0.21494,-0.010073
-0.19089,0.24306,-0.009576
-0.2103,0.27125,-0.010121
-0.23145,0.30058,-0.0098108
-0.25188,0.33302,-0.0081012
-0.27149,0.36866,-0.0049197
-0.29025,0.40754,-0.00020646
-0.30809,0.4497,0.0060897
-0.32497,0.49516,0.014011
-0.32418,0.48899,0.025672
-0.32318,0.48271,0.036698
-0.32198,0.47635,0.047088
-0.32057,0.46992,0.056933
-0.31896,0.46344,0.066343
-0.31715,0.45691,0.075412
-0.31514,0.45036,0.084213
-0.31292,0.44379,0.092802
-0.3105,0.43721,0.10121
-0.30787,0.43065,0.10946
-0.28775,0.39545,0.11916
-0.26735,0.3626,0.12855
-0.2467,0.33206,0.13767
-0.22584,0.30374,0.14656
-0.20636,0.27645,0.15524
-0.18911,0.24954,0.16373
-0.17403,0.22303,0.17204
-0.1611,0.19693,0.18019
-0.15029,0.17127,0.18817
-0.14155,0.14605,0.196
-0.1534,0.16482,0.17528
-0.16602,0.18466,0.15795
-0.17941,0.20553,0.14319
-0.19354,0.22742,0.13045
-0.20842,0.25033,0.11928
-0.22403,0.27425,0.10937
-0.24037,0.29918,0.10047
-0.25743,0.32513,0.092409
-0.2752,0.35209,0.085032
-0.29368,0.38007,0.078232
-0.26607,0.34897,0.058483
-0.24006,0.31899,0.041778
-0.21562,0.29014,0.027959
-0.19272,0.26247,0.016859
-0.17133,0.23599,0.0083361
-0.15144,0.21073,0.0022464
-0.13301,0.1867,-0.0015311
-0.11603,0.16393,-0.0031129
-0.10046,0.14245,-0.0031919
-0.085916,0.12246,-0.0048861
-0.10413,0.14793,-0.0049142
-0.12512,0.17532,-0.0050414
-0.14924,0.20442,-0.0052633
-0.17651,0.23527,-0.0055749
-0.20691,0.2679,-0.0059777
-0.24045,0.30234,-0.0064766
-0.27709,0.33861,-0.0070768
-0.31683,0.37674,-0.0077847
-0.35965,0.41673,-0.0085977
-0.40553,0.4586,-0.0094142
-0.37643,0.45483,-0.0062633
-0.35057,0.44935,-0.00078414
-0.32793,0.44214,0.0056546
-0.30849,0.43319,0.012446
-0.29222,0.4225,0.019323
-0.27913,0.41008,0.026156
-0.26823,0.39657,0.03288
-0.25516,0.38494,0.039433
-0.23936,0.37554,0.045792
-0.22083,0.36834,0.051934
-0.2225,0.3543,0.055591
-0.2219,0.34174,0.060577
-0.21908,0.33063,0.066603
-0.21409,0.32098,0.073476
-0.20857,0.31169,0.081071
-0.20518,0.30102,0.089309
-0.20395,0.28898,0.098111
-0.20487,0.2756,0.10742
-0.20795,0.26092,0.11719
-0.2132,0.24494,0.12737
-0.21093,0.25558,0.13169
-0.20931,0.26585,0.13395
-0.20831,0.27575,0.13455
-0.20792,0.2853,0.1338
-0.20812,0.29453,0.13196
-0.20891,0.30345,0.12923
-0.21026,0.31207,0.12577
-0.21216,0.3204,0.12171
-0.21461,0.32846,0.11715
-0.21758,0.33626,0.11218
-0.22615,0.35065,0.093967
-0.23498,0.36546,0.080784
-0.24404,0.38065,0.071022
-0.25333,0.3962,0.063649
-0.26284,0.4121,0.05799
-0.27257,0.42835,0.053585
-0.28251,0.44492,0.050121
-0.29261,0.46187,0.047379
-0.30285,0.47919,0.045212
-0.31321,0.49689,0.043509
-0.30639,0.48682,0.041258
-0.2999,0.4774,0.038071
-0.29375,0.46857,0.034385
-0.28804,0.46022,0.030483
-0.28275,0.45231,0.02655
-0.27786,0.44481,0.022698
-0.27335,0.43769,0.018999
-0.26919,0.43093,0.015493
-0.26539,0.42449,0.012205
-0.26191,0.41834,0.0091442
-0.24977,0.40135,0.037056
-0.23802,0.38478,0.073373
-0.22666,0.36861,0.11683
-0.2157,0.35284,0.16667
-0.20514,0.33748,0.22238
-0.195,0.32253,0.28364
-0.18528,0.308,0.35018
-0.17587,0.29396,0.42181
-0.16667,0.28049,0.49829
-0.15768,0.26759,0.57951
-0.1547,0.26107,0.4661
-0.15165,0.25533,0.37577
-0.14929,0.24968,0.30146
-0.14757,0.24406,0.23924
-0.14643,0.23842,0.18663
-0.14581,0.23275,0.14206
-0.14567,0.22704,0.10449
-0.14599,0.2213,0.073144
-0.14673,0.21552,0.047507
-0.14787,0.2097,0.027162
-0.14957,0.20519,0.030665
-0.15163,0.20057,0.034008
-0.15403,0.19584,0.037238
-0.1568,0.19102,0.04038
-0.15991,0.18608,0.043473
-0.16336,0.18104,0.046534
-0.16717,0.17588,0.049595
-0.17131,0.17062,0.052664
-0.1758,0.16524,0.055765
-0.18063,0.15974,0.058901
-0.17893,0.15961,0.045422
-0.17746,0.15974,0.034592
-0.1762,0.16011,0.025793
-0.17511,0.16067,0.01859
-0.17418,0.16142,0.012676
-0.1734,0.16233,0.0078247
-0.17276,0.16341,0.0038681
-0.17224,0.16462,0.00067055
-0.17184,0.16598,-0.001868
-0.17155,0.16746,-0.0038313
-0.18261,0.16009,-0.0045785
-0.19477,0.15213,-0.0053347
-0.20801,0.14358,-0.0059968
-0.22234,0.13444,-0.0064791
-0.23778,0.12472,-0.0067098
-0.25432,0.11442,-0.0068075
-0.27195,0.10352,-0.0072488
-0.29068,0.092025,-0.0080965
-0.31052,0.07994,-0.009378
-0.33145,0.067264,-0.011115
-0.3251,0.071066,-0.0072153
-0.31867,0.074552,-0.0062505
-0.31227,0.077893,-0.0022662
-0.3059,0.08111,0.0050746
-0.29957,0.084208,0.015524
-0.2933,0.087191,0.028906
-0.28708,0.090066,0.04509
-0.28093,0.092836,0.063977
-0.27484,0.095507,0.085485
-0.26883,0.098082,0.10955
-0.27129,0.11958,0.07766
-0.27438,0.14197,0.053044
-0.27807,0.16521,0.033848
-0.28233,0.18927,0.01888
-0.28714,0.21414,0.0073354
-0.2925,0.23981,-0.0013415
-0.29839,0.26627,-0.0075444
-0.30481,0.29351,-0.011561
-0.31175,0.32153,-0.013608
-0.31918,0.35029,-0.015055
-0.31762,0.33454,-0.014508
-0.31641,0.31871,-0.014013
-0.31555,0.30281,-0.013553
-0.31507,0.28685,-0.01312
-0.31497,0.27085,-0.012712
-0.31526,0.25481,-0.01233
-0.31596,0.23874,-0.011975
-0.31707,0.22266,-0.011653
-0.31861,0.20658,-0.011366
-0.32058,0.1905,-0.011088
-0.30778,0.19656,-0.010914
-0.2956,0.20256,-0.010796
-0.28403,0.20849,-0.010687
-0.27304,0.21435,-0.0106
-0.26262,0.22013,-0.010688
-0.25274,0.22583,-0.011037
-0.2434,0.23144,-0.011723
-0.23458,0.23695,-0.012808
-0.22625,0.24237,-0.014351
-0.21842,0.24768,-0.016398
-0.18934,0.21786,-0.031926
-0.16264,0.1904,-0.053299
-0.13821,0.16517,-0.078321
-0.11594,0.14203,-0.10583
-0.09571,0.12086,-0.13519
-0.077433,0.10156,-0.16602
-0.061012,0.084036,-0.19807
-0.046369,0.068195,-0.23123
-0.033436,0.053969,-0.26538
-0.022155,0.041299,-0.30047
-0.032145,0.054439,-0.20616
-0.042175,0.068181,-0.13675
-0.052424,0.082686,-0.085498
-0.063011,0.098102,-0.048534
-0.074018,0.11457,-0.023522
-0.085509,0.13225,-0.009025
-0.097535,0.15125,-0.0041079
-0.11033,0.17176,-0.00092262
-0.12418,0.19396,0.010531
-0.13909,0.2179,0.029849
-0.14012,0.22098,0.029858
-0.14116,0.22407,0.030701
-0.14219,0.22715,0.032198
-0.14322,0.23023,0.034231
-0.14424,0.23331,0.036703
-0.14525,0.23638,0.039548
-0.14624,0.23945,0.042701
-0.14723,0.2425,0.046124
-0.14819,0.24556,0.049771
-0.14915,0.2486,0.053616
-0.13588,0.24165,0.048751
-0.12427,0.23436,0.044935
-0.11425,0.22674,0.041839
-0.10574,0.21881,0.039255
-0.098693,0.21057,0.037035
-0.093048,0.20204,0.035084
-0.088458,0.19336,0.033338
-0.083127,0.18534,0.031793
-0.076784,0.17808,0.030415
-0.069445,0.17155,0.029179
-0.072829,0.18136,0.033198
-0.076279,0.19149,0.037295
-0.079791,0.20194,0.041462
-0.08336,0.21271,0.045696
-0.086984,0.22379,0.049992
-0.090658,0.23519,0.054352
-0.094378,0.24689,0.058774
-0.09814,0.25889,0.063263
-0.10194,0.27118,0.067817
-0.10577,0.28376,0.07244
-0.11276,0.29022,0.063318
-0.11929,0.29712,0.05503
-0.12537,0.30445,0.047485
-0.13101,0.31221,0.040624
-0.13622,0.32037,0.0344
-0.141,0.32893,0.028779
-0.14536,0.33789,0.023738
-0.1493,0.34723,0.019253
-0.15308,0.35684,0.015308
-0.15737,0.36644,0.011864
-0.15509,0.3642,0.012363
-0.15208,0.36241,0.012734
-0.14691,0.36165,0.013042
-0.13959,0.3619,0.013298
-0.1301,0.36314,0.013516
-0.11845,0.36533,0.0137
-0.10463,0.36847,0.013857
-0.088629,0.37254,0.013985
-0.070435,0.37752,0.014089
-0.050036,0.38339,0.014162
-0.057619,0.35186,0.0045744
-0.063545,0.32203,0.0020234
-0.067813,0.29395,-0.0015024
-0.070475,0.26758,-0.0090273
-0.071616,0.2429,-0.019839
-0.07131,0.21985,-0.03347
-0.069621,0.1984,-0.049594
-0.066606,0.17853,-0.067985
-0.062314,0.1602,-0.088469
-0.056785,0.14339,-0.11093
-0.06055,0.15255,-0.099252
-0.06435,0.16202,-0.088647
-0.068211,0.17178,-0.078951
-0.072181,0.18182,-0.07006
-0.07626,0.19214,-0.061878
-0.080448,0.20273,-0.05434
-0.084745,0.2136,-0.047388
-0.089151,0.22473,-0.040987
-0.093664,0.23615,-0.035102
-0.098284,0.24783,-0.029714
-0.11291,0.28752,-0.027451
-0.12892,0.3305,-0.02533
-0.14632,0.37678,-0.023353
-0.16506,0.42643,-0.021516
-0.18485,0.47956,-0.019822
-0.20564,0.53619,-0.018269
-0.22741,0.59632,-0.016861
-0.25016,0.65993,-0.015601
-0.27384,0.72699,-0.014494
-0.29844,0.79747,-0.013552
-0.29529,0.79791,-0.0098311
-0.29168,0.79836,-0.0073951
-0.28762,0.79883,-0.0059423
-0.2831,0.79931,-0.0053072
-0.27814,0.79982,-0.0053839
-0.27272,0.80034,-0.0056584
-0.26685,0.80089,-0.0053963
-0.26052,0.80148,-0.0046257
-0.25374,0.80209,-0.0033684
-0.24651,0.80273,-0.0016504
-0.25277,0.84038,-0.0008535
-0.25885,0.87889,-0.0011389
-0.26475,0.91826,-0.0023347
-0.27047,0.9585,-0.0042383
-0.27601,0.99959,-0.0066609
-0.28137,1.0416,-0.0094623
-0.28653,1.0844,-0.01252
-0.29149,1.128,-0.015749
-0.29627,1.1726,-0.019059
-0.30084,1.2179,-0.022387
-0.28154,1.1694,-0.024156
-0.26296,1.1219,-0.02475
-0.24508,1.0755,-0.025063
-0.22789,1.0302,-0.025313
-0.21136,0.98597,-0.025494
-0.19548,0.94272,-0.025622
-0.18024,0.90047,-0.025652
-0.16561,0.85921,-0.025558
-0.15159,0.81892,-0.025302
-0.13815,0.77961,-0.024857
-0.1494,0.76668,-0.022812
-0.15975,0.75467,-0.019962
-0.16921,0.74353,-0.016714
-0.17779,0.73319,-0.013225
-0.1855,0.72361,-0.0095477
-0.19234,0.71474,-0.0057081
-0.19832,0.70656,-0.0017156
-0.20345,0.69901,0.0024192
-0.20773,0.69208,0.0066881
-0.21118,0.68573,0.01108
-0.20644,0.67805,0.007274
-0.20168,0.67067,0.0046973
-0.1969,0.66358,0.0029044
-0.19209,0.65673,0.0016326
-0.18724,0.65012,0.00072311
-0.18234,0.64372,7.7032E-05
-0.1774,0.63753,-0.00036742
-0.1724,0.63154,-0.00065013
-0.16733,0.62573,-0.00079637
-0.1622,0.6201,-0.00082273
-0.15196,0.60842,-0.0067041
-0.14158,0.59723,-0.012468
-0.13106,0.58653,-0.017899
-0.12041,0.57628,-0.022856
-0.10961,0.56648,-0.027249
-0.098684,0.55709,-0.03102
-0.087623,0.54812,-0.034129
-0.076433,0.53953,-0.036547
-0.065114,0.53131,-0.038257
-0.053668,0.52345,-0.039242
-0.066356,0.5798,-0.044839
-0.079748,0.63912,-0.052727
-0.093819,0.70136,-0.062947
-0.10854,0.76648,-0.075204
-0.12388,0.83442,-0.089301
-0.13981,0.9051,-0.1051
-0.15628,0.97846,-0.12248
-0.17327,1.0544,-0.14136
-0.19075,1.1328,-0.16165
-0.20866,1.2136,-0.18327
-0.22199,1.1749,-0.15529
-0.23323,1.1384,-0.13599
-0.24251,1.1041,-0.12159
-0.24995,1.0719,-0.11042
-0.25563,1.0417,-0.10167
-0.25965,1.0132,-0.094855
-0.26208,0.98644,-0.08969
-0.263,0.96117,-0.085966
-0.26245,0.9373,-0.083531
-0.26052,0.91481,-0.08131
0,0,0
0,0,0
0,0,0
0,0,0
0,0,0
0,0,0
0,0,0
0,0,0
0,0,0
