0.010174,0.018114,0.00013639
0.011527,0.014902,-0.00055769
0.012957,0.012049,-0.0033629
0.014467,0.0095163,-0.0084153
0.016061,0.0072792,-0.015648
0.017745,0.0053238,-0.025043
0.019525,0.0036489,-0.036616
0.021405,0.0022634,-0.050393
0.02339,0.0011847,-0.066401
0.025486,0.00043705,-0.084658
0.027697,4.9145e-05,-0.10516
0.032595,0.00034158,-0.10496
0.038007,0.00090452,-0.10466
0.043968,0.0017472,-0.10426
0.050513,0.0028795,-0.10376
0.057681,0.0043121,-0.10316
0.065509,0.0060556,-0.10244
0.074034,0.0081213,-0.10162
0.083296,0.01052,-0.10068
0.093333,0.013264,-0.099623
0.10418,0.016362,-0.098443
0.10091,0.016573,-0.093805
0.097762,0.01676,-0.090171
0.094721,0.016925,-0.087355
0.091784,0.01707,-0.085214
0.088946,0.017194,-0.083634
0.0862,0.017299,-0.082528
0.083544,0.017385,-0.081825
0.080973,0.017453,-0.081469
0.078482,0.017504,-0.081412
0.076069,0.017539,-0.081619
0.081034,0.01618,-0.079372
0.086169,0.014876,-0.077217
0.091477,0.013627,-0.075143
0.096962,0.012431,-0.073143
0.10263,0.011288,-0.071208
0.10847,0.010198,-0.069331
0.11451,0.0091617,-0.067506
0.12073,0.008178,-0.065728
0.12714,0.0072477,-0.063992
0.13374,0.0063711,-0.062293
0.13251,0.0070846,-0.045609
0.13128,0.0078038,-0.032122
0.13005,0.008528,-0.02141
0.12883,0.0092566,-0.013144
0.12762,0.0099896,-0.0070617
0.12641,0.010727,-0.0029539
0.12521,0.011469,-0.00064914
0.12401,0.012217,7.159e-06
0.12282,0.01297,0.00091156
0.12163,0.01373,0.0032649
0.11912,0.015696,0.0014134
0.11665,0.01777,0.00036371
0.11423,0.019951,2.0533e-06
0.11184,0.022236,-0.0002381
0.10949,0.024624,-0.00099943
0.10718,0.027116,-0.0022276
0.1049,0.029709,-0.003875
0.10265,0.032403,-0.0059029
0.10043,0.035197,-0.0082791
0.098243,0.038092,-0.010977
0.092314,0.029235,-0.01492
0.086725,0.02177,-0.018771
0.081453,0.015578,-0.022656
0.076471,0.010551,-0.026569
0.071758,0.0065947,-0.030484
0.067292,0.0036269,-0.034387
0.063053,0.0015767,-0.038271
0.059021,0.00038412,-0.042218
0.05518,-2.6747e-08,-0.045964
0.051513,-0.00038566,-0.049729
0.053156,-0.00018872,-0.032384
0.054821,-6.2488e-05,-0.019302
0.056508,-4.501e-06,-0.0099486
0.05822,1.3177e-05,-0.0038905
0.059956,8.7712e-05,-0.00067173
0.061718,0.00022795,8.3496e-05
0.063506,0.0004343,0.0018766
0.065321,0.00070757,0.0059283
0.067164,0.0010489,0.012031
0.069035,0.0014598,0.020229
0.070485,0.0014744,0.019612
0.071952,0.0014891,0.018996
0.073437,0.0015039,0.018515
0.074938,0.0015188,0.018065
0.076457,0.0015339,0.017625
0.077994,0.0015491,0.017167
0.079547,0.0015644,0.016905
0.081119,0.0015798,0.016703
0.082708,0.0015954,0.016287
0.084314,0.0016111,0.016021
0.086866,0.0012532,0.024916
0.089463,0.00093875,0.035651
0.092104,0.00066831,0.047857
0.094791,0.00044259,0.06158
0.097523,0.00026232,0.076312
0.1003,0.00012833,0.092988
0.10313,4.1383e-05,0.11057
0.106,2.2848e-06,0.12939
0.10891,-1.1798e-05,0.14924
0.11188,-7.0637e-05,0.16963
0.10761,-0.00069579,0.2048
0.10343,-0.0019713,0.24163
0.099352,-0.0039047,0.28075
0.095371,-0.0065065,0.3212
0.09149,-0.0097877,0.36261
0.087707,-0.01376,0.40526
0.084022,-0.018435,0.45173
0.080435,-0.023829,0.49762
0.076944,-0.029951,0.54407
0.073547,-0.03681,0.59157
0.083098,-0.029284,0.4773
0.093167,-0.022847,0.38773
0.10376,-0.017366,0.31601
0.11487,-0.012742,0.25725
0.12651,-0.0089019,0.20826
0.13868,-0.00579,0.16765
0.15139,-0.003367,0.13322
0.16465,-0.0016068,0.10441
0.17846,-0.00049327,0.080071
0.19282,-1.8951e-05,0.059758
0.18391,-5.1728e-06,0.067808
0.17524,-8.858e-08,0.075531
0.16682,2.4966e-06,0.082698
0.15863,1.1296e-05,0.090082
0.15068,2.55e-05,0.097237
0.14296,4.4212e-05,0.10312
0.13547,6.6601e-05,0.10915
0.12822,9.1939e-05,0.11427
0.12118,0.00011952,0.11897
0.11438,0.00014884,0.12245
0.12502,0.00074715,0.10616
0.13617,0.0018073,0.09075
0.14786,0.0033357,0.076716
0.1601,0.0053399,0.063885
0.17291,0.0078323,0.051792
0.1863,0.01082,0.041189
0.20029,0.014314,0.032097
0.21491,0.018331,0.023646
0.23014,0.022877,0.016736
0.24602,0.027965,0.011115
0.23238,0.030129,0.017774
0.21922,0.032325,0.02564
0.20661,0.034573,0.033431
0.19443,0.036845,0.042258
0.18269,0.039142,0.05183
0.17142,0.04148,0.061469
0.16057,0.043844,0.071702
0.15014,0.046236,0.082524
0.14011,0.048652,0.093829
0.13049,0.051099,0.10476
0.12038,0.053504,0.11126
0.11086,0.055957,0.11677
0.10189,0.058452,0.122
0.093418,0.060978,0.1276
0.085443,0.06355,0.1326
0.07797,0.066182,0.13523
0.070922,0.068842,0.1391
0.064301,0.071545,0.14306
0.058083,0.074289,0.14692
0.052248,0.077074,0.15127
0.043978,0.059476,0.10032
0.036797,0.045035,0.063921
0.03057,0.0333,0.038439
0.025207,0.023902,0.020959
0.020614,0.016509,0.009553
0.016675,0.010819,0.0031659
0.013343,0.0065845,0.00031126
0.010523,0.0035678,-0.00032294
0.0081666,0.0015722,-0.0027131
0.0061959,0.00042516,-0.007314
0.0092547,0.0013552,-0.0082434
0.013104,0.0029118,-0.0091155
0.01784,0.0051939,-0.01015
0.023565,0.0083054,-0.011292
0.030354,0.012346,-0.012461
0.0383,0.017419,-0.013424
0.047511,0.023625,-0.014483
0.058045,0.031061,-0.01546
0.069987,0.039821,-0.016527
0.083491,0.050007,-0.017785
0.07793,0.046704,-0.014896
0.072622,0.043543,-0.012557
0.067533,0.040518,-0.010737
0.062648,0.037623,-0.0093891
0.058019,0.034861,-0.0083649
0.053591,0.032224,-0.0074375
0.049377,0.02971,-0.0067081
0.045349,0.027315,-0.0063034
0.041532,0.025038,-0.0060318
0.03792,0.022876,-0.0060107
0.035469,0.018838,-0.009064
0.033178,0.015292,-0.012685
0.031023,0.012196,-0.016728
0.028998,0.0095133,-0.020012
0.027063,0.007217,-0.023329
0.025256,0.0052797,-0.026187
0.023548,0.0036773,-0.028855
0.02192,0.002388,-0.031843
0.020369,0.0013918,-0.034837
0.018917,0.00067205,-0.037915
0.017036,0.0006577,-0.025238
0.0153,0.00065712,-0.016335
0.013715,0.00066844,-0.0099841
0.012256,0.00069113,-0.0056759
0.0109,0.00072494,-0.0026246
0.0096561,0.00076937,-0.00083492
0.0085489,0.00082265,-0.00020706
0.0075056,0.00088619,4.4957e-06
0.0065487,0.00095917,0.00029391
0.0056655,0.0010414,0.0010152
0.0054143,0.00083699,0.00036366
0.005181,0.00066162,3.4136e-05
0.0049617,0.00051187,-4.6615e-05
0.004751,0.00038465,-0.00031178
0.0045462,0.0002777,-0.00074094
0.0043576,0.00018947,-0.0014486
0.0041747,0.00011852,-0.0023565
0.0039937,6.4161e-05,-0.0033304
0.0038162,2.6274e-05,-0.0044598
0.0036428,4.9253e-06,-0.0057191
0.0035834,-6.8295e-08,-0.0042146
0.0035362,-8.0253e-06,-0.0030902
0.0034939,-2.9991e-05,-0.0021817
0.0034529,-6.6908e-05,-0.0014008
0.0034161,-0.00011957,-0.00081818
0.0033773,-0.00018841,-0.0003559
0.0033458,-0.00027377,-9.5259e-05
0.0033096,-0.00037539,4.2674e-07
0.003278,-0.00049295,0.00011909
0.0032311,-0.00062521,0.00046988
0.003052,-0.00028776,0.00063541
0.0028831,-8.3321e-05,0.00082832
0.002759,-2.1658e-06,0.0011554
0.0026237,3.7629e-05,0.0014696
0.0024819,0.00018878,0.0017766
0.0023405,0.00045754,0.0020754
0.002198,0.00084901,0.0023985
0.002068,0.0013702,0.0027714
0.0019307,0.0020336,0.0031704
0.0017959,0.0028513,0.0036704
0.001706,0.0023051,0.0030678
0.0016151,0.0018225,0.0025573
0.0015381,0.0013999,0.0022523
0.0014596,0.0010369,0.0019777
0.0013853,0.00073098,0.0017606
0.001311,0.00048084,0.0015352
0.0012418,0.00028451,0.0013728
0.0011767,0.00014043,0.0012555
0.0011123,4.7292e-05,0.0011274
0.001052,3.7516e-06,0.00106
0.0011249,1.0671e-07,0.00077392
0.0011974,-1.6366e-06,0.0005508
0.0012721,-8.3275e-06,0.00036537
0.0013504,-2.0205e-05,0.00023364
0.0014318,-3.7297e-05,0.00011703
0.0015206,-5.9733e-05,5.3664e-05
0.001617,-8.7624e-05,1.6671e-05
0.0017188,-0.00012093,-2.8223e-07
0.0018326,-0.00016008,-1.505e-05
0.0019565,-0.00020507,-5.6978e-05
0.002028,-3.9917e-06,5.2036e-05
0.0020975,0.0001051,0.00041509
0.0021716,0.00051201,0.0012703
0.0022467,0.001251,0.0024606
0.0023256,0.0023581,0.0040591
0.0024087,0.0038753,0.0060125
0.0024982,0.0058424,0.008579
0.0025923,0.0083092,0.01142
0.0026922,0.011318,0.014678
0.0027999,0.014903,0.018555
0.0041469,0.013024,0.013341
0.0057293,0.011311,0.0089987
0.0075441,0.0097431,0.0056065
0.0095914,0.0083093,0.0029682
0.011882,0.006992,0.0011681
0.01442,0.0057891,0.00018177
0.017228,0.0046891,-6.0901e-05
0.020321,0.0036924,-0.00086801
0.023723,0.0027993,-0.0026673
0.027455,0.0020145,-0.0054929
0.029004,0.0028762,-0.0022845
0.030612,0.0039024,-0.00049722
0.032287,0.0051046,5.5128e-06
0.034036,0.0064969,0.00073342
0.035866,0.0080946,0.0027041
0.037784,0.0099146,0.006006
0.039797,0.011975,0.010609
0.041913,0.014293,0.016441
0.044136,0.016889,0.023643
0.046473,0.01978,0.031708
0.046061,0.01791,0.051835
0.045659,0.016123,0.076225
0.04527,0.014416,0.10509
0.044899,0.012788,0.1384
0.044546,0.011239,0.17545
0.044214,0.0097714,0.21715
0.043905,0.0083877,0.2624
0.043615,0.007093,0.31176
0.043349,0.0058906,0.36427
0.043105,0.0047859,0.42005
0.043721,0.004752,0.35145
0.044423,0.0047083,0.29552
0.0452,0.0046566,0.24957
0.046043,0.0045985,0.21174
0.046949,0.0045347,0.17985
0.047906,0.0044671,0.15274
0.048916,0.0043954,0.12939
0.049976,0.0043203,0.1098
0.051087,0.004241,0.092313
0.052223,0.0041627,0.077715
0.048642,0.003432,0.074199
0.045214,0.0027902,0.070858
0.041939,0.0022304,0.06788
0.038814,0.0017465,0.064891
0.035833,0.0013335,0.062265
0.032993,0.00098595,0.059344
0.030289,0.00069954,0.056506
0.027725,0.00046834,0.053951
0.02529,0.00028889,0.051435
0.02299,0.00015589,0.049557
0.023741,0.00032584,0.0477
0.024508,0.00055724,0.046052
0.025285,0.00085068,0.044275
0.026067,0.0012073,0.042384
0.026869,0.001624,0.040656
0.027675,0.0021046,0.03906
0.02849,0.0026477,0.037532
0.029315,0.0032537,0.0361
0.030158,0.0039191,0.034585
0.030992,0.0046538,0.033339
0.026313,0.0037589,0.043229
0.022049,0.0029656,0.054277
0.018189,0.0022683,0.066137
0.014717,0.0016652,0.078471
0.011616,0.0011568,0.091611
0.0088844,0.00074013,0.10591
0.0065075,0.00041689,0.12141
0.0044916,0.0001851,0.13802
0.0028365,4.5922e-05,0.15564
0.0015522,-9.6632e-09,0.17373
0.0036253,-8.354e-06,0.15408
0.0065027,-3.0697e-05,0.13829
0.01019,-6.6716e-05,0.12349
0.014678,-0.00011581,0.1101
0.019983,-0.00017832,0.098047
0.026147,-0.00025556,0.086497
0.033189,-0.00034797,0.076064
0.041145,-0.00045669,0.066456
0.050091,-0.00058425,0.057439
0.060098,-0.000733,0.048753
0.061792,-0.00097234,0.047378
0.063535,-0.0012461,0.045415
0.065309,-0.0015536,0.043387
0.067098,-0.0018937,0.040902
0.068927,-0.0022676,0.038496
0.070787,-0.0026747,0.035908
0.072682,-0.0031152,0.033423
0.074592,-0.003587,0.030838
0.076565,-0.0040951,0.028704
0.078537,-0.004632,0.026356
0.076025,-0.0066361,0.023508
0.073567,-0.0089818,0.020789
0.071185,-0.011671,0.01824
0.068844,-0.014693,0.015964
0.066578,-0.01806,0.013803
0.064317,-0.021749,0.011461
0.062126,-0.025783,0.0093531
0.059986,-0.03016,0.007531
0.057882,-0.034878,0.0058983
0.055724,-0.039892,0.0043758
0.049752,-0.035904,0.0002468
0.044235,-0.032289,-0.00097831
0.039134,-0.028999,-0.0055664
0.034412,-0.025989,-0.013346
0.030048,-0.023226,-0.023715
0.026037,-0.020688,-0.035669
0.022303,-0.018326,-0.049263
0.018905,-0.016153,-0.064343
0.015793,-0.014136,-0.080751
0.012961,-0.012263,-0.098061
0.013575,-0.011518,-0.11067
0.014199,-0.010804,-0.12395
0.014781,-0.0101,-0.13659
0.015407,-0.0094391,-0.15076
0.016046,-0.0088088,-0.1656
0.01669,-0.0082047,-0.1806
0.017342,-0.0076271,-0.19602
0.018026,-0.0070818,-0.21258
0.018678,-0.0065502,-0.22886
0.019371,-0.0060512,-0.246
0.022472,-0.0060299,-0.20647
0.025779,-0.006029,-0.17436
0.029269,-0.0060394,-0.14742
0.032841,-0.0060367,-0.12397
0.036694,-0.0060624,-0.10458
0.040708,-0.0060872,-0.087341
0.04492,-0.0061166,-0.072443
0.049328,-0.006148,-0.059535
0.053954,-0.0061831,-0.048478
0.058762,-0.0062138,-0.038812
0.055345,-0.0062519,-0.025694
0.052076,-0.0062626,-0.015685
0.048929,-0.0062451,-0.0083099
0.04589,-0.0062005,-0.0033108
0.04297,-0.0061332,-0.00060791
0.040157,-0.0060452,5.3512e-05
0.037456,-0.0059411,0.0014927
0.034879,-0.0058261,0.0047695
0.032386,-0.0056984,0.0098279
0.029963,-0.0055596,0.016758
0.027258,-0.0047943,0.015611
0.024747,-0.0041359,0.014543
0.022412,-0.0035704,0.013519
0.020258,-0.0030887,0.012394
0.018262,-0.0026789,0.011312
0.016423,-0.002333,0.010214
0.014739,-0.0020439,0.0091084
0.013179,-0.0018018,0.0080259
0.011762,-0.0016036,0.0069591
0.01046,-0.0014419,0.0059946
0.010039,-0.001707,0.0086397
0.0096192,-0.001999,0.011814
0.0092044,-0.0023209,0.015433
0.0087781,-0.0026735,0.019583
0.0083605,-0.0030618,0.024081
0.0079402,-0.0034869,0.028978
0.0075017,-0.0039494,0.034413
0.0070772,-0.004456,0.0401
0.0066488,-0.0050068,0.046242
0.0062225,-0.0056051,0.052985
0.0061143,-0.0080884,0.056791
0.0060122,-0.011103,0.060775
0.0059113,-0.014685,0.064925
0.0058154,-0.018875,0.06898
0.005719,-0.023711,0.073214
0.0056293,-0.029234,0.077327
0.005535,-0.035482,0.081322
0.0054491,-0.042493,0.085322
0.0053628,-0.050304,0.089378
0.0052821,-0.058953,0.093758
0.0063633,-0.052065,0.10354
0.0075328,-0.045706,0.11326
0.0087822,-0.039847,0.12307
0.010109,-0.034457,0.13309
0.01152,-0.029508,0.14321
0.013021,-0.024975,0.15355
0.014591,-0.020851,0.16452
0.01626,-0.017108,0.17546
0.018018,-0.013743,0.1867
0.019879,-0.010744,0.19739
0.020069,-0.0080032,0.17217
0.020263,-0.0057455,0.15037
0.02047,-0.0039193,0.13157
0.020674,-0.0024864,0.1149
0.020879,-0.0014089,0.099995
0.021091,-0.00065371,0.087593
0.021305,-0.00019379,0.076646
0.021524,-6.4943e-06,0.067051
0.021745,7.3621e-05,0.058502
0.021969,0.00038055,0.05068
0.02405,0.0011853,0.056218
0.026277,0.0024742,0.062214
0.028655,0.0042841,0.068616
0.031201,0.0066608,0.075243
0.033919,0.0096431,0.08218
0.036822,0.013279,0.089047
0.039913,0.017607,0.096128
0.043206,0.022679,0.10358
0.046703,0.028523,0.11178
0.05042,0.035203,0.12003
0.047576,0.041129,0.10284
0.044829,0.047465,0.087791
0.042175,0.054234,0.074097
0.039609,0.061425,0.061817
0.037127,0.069053,0.050858
0.034721,0.077082,0.041329
0.032396,0.085577,0.032787
0.030147,0.094521,0.025111
0.027972,0.10391,0.018542
0.025872,0.11377,0.012858
0.024927,0.11282,0.011164
0.024001,0.11187,0.0095529
0.023094,0.1109,0.0080168
0.022205,0.10994,0.0066123
0.021335,0.10898,0.0053866
0.020482,0.10802,0.0043314
0.019649,0.10705,0.0033461
0.018832,0.10609,0.0025989
0.018033,0.10512,0.0019473
0.017253,0.10415,0.0013814
0.019136,0.10242,0.00023389
0.021113,0.10074,-2.0803e-05
0.023188,0.099066,-0.00056742
0.025358,0.097427,-0.0017299
0.027622,0.095819,-0.0034376
0.029985,0.094221,-0.0057141
0.032445,0.092634,-0.0085579
0.035,0.091081,-0.011811
0.03765,0.089549,-0.015432
0.0404,0.088015,-0.019485
0.03412,0.083267,-0.013001
0.028504,0.078855,-0.0083146
0.02351,0.074732,-0.0049811
0.019093,0.070901,-0.0027334
0.015217,0.067321,-0.0012882
0.011848,0.063964,-0.00042623
0.0089561,0.060822,-4.7132e-05
0.0065118,0.057875,2.9791e-05
0.0044905,0.055101,0.00028129
0.0028684,0.052497,0.00071752
0.001449,0.048241,0.001339
0.00052935,0.044239,0.0021594
6.9151e-05,0.040528,0.0031931
-3.646e-05,0.037059,0.0043618
-0.00040396,0.033812,0.0057264
-0.00115,0.030764,0.0073437
-0.0022593,0.027902,0.0091967
-0.0037226,0.025207,0.011164
-0.005536,0.022663,0.013257
-0.007703,0.020268,0.015745
-0.0067308,0.021522,0.022576
-0.0058157,0.022821,0.030329
-0.0049601,0.024177,0.039282
-0.004164,0.025584,0.049525
-0.0034294,0.027048,0.060935
-0.0027585,0.028574,0.0732
-0.0021538,0.030162,0.0866
-0.0016175,0.03181,0.10115
-0.0011519,0.033508,0.1171
-0.00076108,0.035277,0.13446
-0.0012901,0.030992,0.10467
-0.0019583,0.0271,0.080307
-0.0027661,0.023575,0.060453
-0.0037132,0.020383,0.044726
-0.0047998,0.017498,0.032094
-0.0060256,0.014896,0.022143
-0.0073907,0.012552,0.014389
-0.0088946,0.010447,0.0083471
-0.010539,0.0085611,0.0041012
-0.012321,0.0068806,0.0013387
-0.0093278,0.007263,0.0034876
-0.0067826,0.0076517,0.0064075
-0.0046586,0.0080513,0.010022
-0.0029408,0.0084596,0.014095
-0.0016185,0.0088772,0.018673
-0.00068539,0.009308,0.023851
-0.00014532,0.0097491,0.029446
4.8329e-06,0.010203,0.035486
0.0002761,0.010671,0.04215
0.00097617,0.011153,0.049771
0.00080151,0.010338,0.03775
0.00064216,0.0096246,0.027921
0.0005012,0.0090006,0.020217
0.00037708,0.0084548,0.013938
0.00027105,0.0079774,0.009156
0.00018189,0.00756,0.0055348
0.00011078,0.0071923,0.0029636
5.6699e-05,0.006868,0.0012483
2.0536e-05,0.0065775,0.00029274
2.3864e-06,0.006312,-1.6067e-06
8.6548e-07,0.0051003,-3.325e-05
1.8309e-07,0.0040542,-8.3214e-05
-2.4611e-11,0.0031623,-0.0001506
-2.5304e-07,0.0024178,-0.00022546
-7.4196e-07,0.0017961,-0.0003067
-1.3092e-06,0.0012885,-0.00037417
-1.8659e-06,0.00088361,-0.00043775
-2.2236e-06,0.00056888,-0.00049499
-2.3504e-06,0.000334,-0.00055015
-2.5988e-06,0.00017037,-0.00059263
-2.1593e-06,0.00018576,-0.00069056
-1.9236e-06,0.00020255,-0.00077157
-1.772e-06,0.0002203,-0.00085575
-1.9326e-06,0.00024079,-0.0009017
-1.7787e-06,0.00025969,-0.0010009
-1.8758e-06,0.00028103,-0.0010944
-1.9646e-06,0.00030286,-0.0011997
-2.2619e-06,0.00032691,-0.0012766
-2.4127e-06,0.00035027,-0.0013834
-2.9806e-06,0.00037743,-0.0014691
-5.0606e-05,0.00059171,-0.0008611
-0.0001554,0.0008517,-0.00040518
-0.00031364,0.0011511,-0.00012269
-0.00052152,0.0014852,-3.4218e-06
-0.00077493,0.0018497,5.4509e-05
-0.0010662,0.0022364,0.00025537
-0.0013924,0.0026435,0.0005948
-0.0017596,0.0030783,0.0010832
-0.0021532,0.0035259,0.001688
-0.0025716,0.0039859,0.0024376
-0.0015412,0.0043115,0.0016237
-0.00077487,0.0046246,0.0009538
-0.00027296,0.004939,0.00046952
-2.7562e-05,0.0052563,0.00014776
3.5672e-05,0.0055885,7.7024e-06
0.00030076,0.0059214,-4.5588e-05
0.00082306,0.0062898,-0.00025693
0.0016121,0.0066856,-0.00063607
0.0026692,0.0071278,-0.0011717
0.0040115,0.0076074,-0.0019107
0.0038122,0.0086105,-0.0031703
0.0036289,0.0097169,-0.0047977
0.0034668,0.010931,-0.0068038
0.0033174,0.012278,-0.0091212
0.0031934,0.013747,-0.011866
0.0030725,0.015395,-0.014963
0.0029763,0.01719,-0.018524
0.0028947,0.019168,-0.022558
0.002825,0.021348,-0.027009
0.002776,0.023721,-0.031821
0.0034585,0.024072,-0.037707
0.0042422,0.024444,-0.043976
0.0051354,0.024836,-0.050713
0.0061501,0.025244,-0.058065
0.0072873,0.025685,-0.065863
0.0085677,0.026136,-0.074103
0.0099924,0.026616,-0.082781
0.011566,0.027131,-0.092032
0.013318,0.02765,-0.1018
0.015248,0.028192,-0.11223
0.01671,0.024463,-0.13462
0.018272,0.020942,-0.15828
0.019922,0.017657,-0.18324
0.021614,0.014658,-0.20905
0.023422,0.011884,-0.23628
0.02534,0.0093604,-0.26458
0.027316,0.0071326,-0.29337
0.029408,0.0051758,-0.32364
0.031593,0.0035162,-0.35473
0.033893,0.0021584,-0.38701
0.031134,0.0088699,-0.30562
0.028683,0.019686,-0.24127
0.026476,0.034342,-0.18895
0.024389,0.052863,-0.1454
0.022383,0.075359,-0.10906
0.020404,0.10211,-0.078895
0.018404,0.13353,-0.054067
0.016393,0.16999,-0.034076
0.014362,0.21196,-0.018834
0.012352,0.25973,-0.0082543
0.012017,0.26625,-0.0032903
0.0117,0.27272,-0.00062328
0.01139,0.2792,3.9595e-05
0.011044,0.28596,0.001332
0.010746,0.29249,0.0043031
0.010444,0.29911,0.0087782
0.010157,0.30571,0.014653
0.0098462,0.31253,0.021889
0.009563,0.31922,0.030336
0.0092754,0.32602,0.039847
0.012478,0.30712,0.019019
0.016068,0.28938,0.0070516
0.020037,0.27264,0.0012667
0.024335,0.25692,-7.337e-05
0.028982,0.24201,-0.0024256
0.033964,0.22785,-0.0076237
0.039255,0.21444,-0.015134
0.04488,0.20161,-0.024456
0.050798,0.18944,-0.035358
0.057033,0.17781,-0.04756
0.052534,0.1696,-0.025863
0.048316,0.16189,-0.011879
0.044389,0.15457,-0.0037598
0.040727,0.14757,-0.00028238
0.037295,0.14092,0.00062305
0.034085,0.13455,0.0041204
0.03107,0.12848,0.010305
0.028248,0.12264,0.01877
0.025605,0.11703,0.029273
0.023104,0.1117,0.041508
0.021924,0.10805,0.019787
0.020786,0.10461,0.0068104
0.019672,0.10137,0.00079453
0.018601,0.098249,-0.00051904
0.01755,0.095294,-0.0050582
0.01652,0.092473,-0.013668
0.015548,0.089653,-0.026017
0.014594,0.086944,-0.041701
0.013689,0.084232,-0.060504
0.012775,0.081695,-0.08209
0.010852,0.082399,-0.069671
0.0091082,0.083096,-0.059116
0.0075488,0.083722,-0.049988
0.0061559,0.084313,-0.041897
0.0049307,0.084821,-0.03488
0.003854,0.085302,-0.028824
0.0029168,0.085779,-0.023603
0.002123,0.086188,-0.019063
0.0014572,0.086611,-0.015153
0.00092599,0.086944,-0.011876
0.00096982,0.082088,-0.009218
0.0010091,0.077492,-0.0070612
0.0010457,0.07312,-0.005279
0.0010771,0.068986,-0.003806
0.0011061,0.065047,-0.002606
0.0011326,0.061294,-0.0016258
0.0011565,0.057719,-0.00089963
0.0011782,0.054309,-0.00038995
0.0011918,0.05111,-9.5451e-05
0.0012034,0.048055,-1.5999e-07
0.0011304,0.042568,5.0334e-05
0.0010687,0.037523,0.00019426
0.0010119,0.032934,0.00041222
0.0009608,0.028764,0.0006781
0.00091473,0.024988,0.00097769
0.0008781,0.02155,0.0013754
0.00084652,0.018454,0.0018183
0.00082206,0.015664,0.0023593
0.00080007,0.013184,0.002951
0.0007824,0.010979,0.0035198
0.00058872,0.01132,0.0024669
0.00042425,0.011663,0.0016502
0.00028637,0.012017,0.0010082
0.0001756,0.012377,0.00050908
9.2217e-05,0.012734,0.0001843
3.5369e-05,0.013094,2.5683e-05
4.8776e-06,0.013477,-1.1581e-05
-2.3109e-06,0.013852,-0.00014742
-2.7899e-05,0.01423,-0.00043045
-8.2591e-05,0.014613,-0.00082699
-7.8278e-05,0.017758,-0.00025179
-7.2188e-05,0.021317,-6.474e-06
-6.3315e-05,0.025292,0.00012061
-5.2821e-05,0.02972,0.00059767
-4.1437e-05,0.034633,0.001449
-2.9796e-05,0.040052,0.0026989
-1.8765e-05,0.046002,0.0043485
-9.363e-06,0.052508,0.0064506
-2.7299e-06,0.059598,0.0089836
-6.1393e-09,0.067273,0.011949
0.00030877,0.070796,0.0097217
0.0012506,0.074424,0.0077111
0.0028444,0.078166,0.0059304
0.0051085,0.082058,0.0043598
0.0080674,0.086106,0.0030078
0.011762,0.090274,0.0018805
0.016214,0.094614,0.0010072
0.021465,0.099112,0.00043064
0.027553,0.10378,9.5423e-05
0.034502,0.10864,-1.0678e-06
0.036259,0.097432,0.00097341
0.038015,0.087113,0.0037379
0.039783,0.077595,0.0079916
0.04156,0.068816,0.013577
0.043348,0.060724,0.020275
0.045138,0.053276,0.028067
0.046942,0.046419,0.036787
0.048767,0.04011,0.046179
0.050615,0.034322,0.056273
0.052482,0.029033,0.066934
0.050382,0.027654,0.072529
0.048332,0.026308,0.078284
0.04633,0.024996,0.084469
0.04438,0.023716,0.091382
0.042477,0.022468,0.098725
0.040613,0.021257,0.10672
0.038799,0.020077,0.11507
0.037033,0.018928,0.12361
0.035306,0.017814,0.13256
0.033627,0.016732,0.14168
0.042499,0.019921,0.10951
0.052429,0.02339,0.082623
0.063531,0.027161,0.060253
0.075908,0.031258,0.04168
0.089677,0.035708,0.026808
0.10497,0.040535,0.015521
0.12189,0.045766,0.007424
0.14059,0.051422,0.0023676
0.16118,0.057525,0.00014032
0.18379,0.064095,-0.00059733
0.17872,0.058293,-0.00036684
0.17386,0.052881,-0.00026927
0.16919,0.047837,-0.00024328
0.1647,0.043139,-0.00025507
0.16041,0.038772,-0.00030995
0.15626,0.034713,-0.00039644
0.15228,0.030948,-0.00052819
0.14844,0.027461,-0.00069266
0.14477,0.024243,-0.00094785
0.14122,0.021277,-0.001276
0.14405,0.022872,-0.0011812
0.14694,0.024527,-0.001136
0.14988,0.026242,-0.0011087
0.15285,0.028011,-0.0011041
0.15588,0.029838,-0.0011085
0.15893,0.031717,-0.0011549
0.16203,0.033652,-0.0012142
0.16518,0.035645,-0.0012881
0.16836,0.03769,-0.0013749
0.17158,0.039789,-0.0014223
0.17866,0.04059,-0.00079497
0.18589,0.041394,-0.00035545
0.19328,0.042209,-0.0001008
0.20083,0.043033,-3.8007e-06
0.20853,0.04386,3.2551e-05
0.21639,0.044696,0.00016093
0.2244,0.045533,0.00037312
0.23257,0.046382,0.00068685
0.24089,0.047221,0.0010814
0.24936,0.048072,0.001562
0.25689,0.05009,0.00096614
0.26455,0.052153,0.00051738
0.27232,0.054253,0.00021954
0.2802,0.056381,4.5594e-05
0.2882,0.058543,-1.1826e-06
0.2963,0.060734,-8.0803e-05
0.30452,0.06296,-0.0002766
0.31285,0.065215,-0.00055328
0.32129,0.067506,-0.000914
0.32984,0.06982,-0.0013354
0.32778,0.067113,-0.0027781
0.32575,0.064491,-0.0044537
0.32379,0.061971,-0.0062401
0.32187,0.059558,-0.0080757
0.31999,0.057204,-0.0099325
0.31816,0.054958,-0.011786
0.31636,0.052772,-0.013688
0.31461,0.050673,-0.015358
0.3129,0.048647,-0.016945
0.31122,0.046682,-0.018379
0.28915,0.048722,-0.018152
0.26829,0.05074,-0.018168
0.24858,0.052754,-0.018311
0.22997,0.054753,-0.018422
0.2124,0.056753,-0.018614
0.19581,0.058735,-0.018777
0.18017,0.060694,-0.018925
0.16542,0.06266,-0.019224
0.15153,0.064601,-0.019521
0.13845,0.066527,-0.019736
0.14419,0.069302,-0.018551
0.15006,0.072119,-0.0174
0.15606,0.075001,-0.016277
0.1622,0.077945,-0.015101
0.16845,0.080937,-0.013926
0.17484,0.08399,-0.012846
0.18136,0.087113,-0.011804
0.18801,0.090272,-0.010802
0.19478,0.093473,-0.0098394
0.20168,0.096735,-0.008877
0.20196,0.098529,-0.0080308
0.20225,0.10033,-0.0074255
0.20253,0.10218,-0.007072
0.20281,0.10406,-0.0069482
0.20309,0.10599,-0.0069928
0.20336,0.10793,-0.0072129
0.20364,0.10992,-0.0075616
0.20391,0.11193,-0.0079807
0.20419,0.11399,-0.0085036
0.20446,0.11608,-0.0090771
0.18727,0.12507,-0.011513
0.171,0.13422,-0.013905
0.15562,0.14355,-0.016227
0.14109,0.15304,-0.018485
0.12739,0.16269,-0.020663
0.11448,0.17249,-0.022803
0.10235,0.18247,-0.024855
0.090958,0.19261,-0.026736
0.080293,0.2029,-0.028492
0.070341,0.21336,-0.030047
0.086543,0.19554,-0.018582
0.10425,0.17873,-0.010557
0.12346,0.16281,-0.0051153
0.14419,0.14768,-0.0017697
0.16649,0.13336,-0.00020802
0.19041,0.11984,0.00013951
0.216,0.10703,0.0013602
0.2433,0.094958,0.0037024
0.27239,0.083587,0.0070451
0.30332,0.072915,0.011363
0.32147,0.069724,0.0097868
0.34017,0.066602,0.0086505
0.35943,0.063545,0.0078932
0.37926,0.060582,0.0072082
0.39965,0.057699,0.0066802
0.42059,0.054889,0.0062507
0.4421,0.052162,0.0059081
0.46417,0.049517,0.0055792
0.48679,0.046949,0.0052981
0.50996,0.044457,0.00509
0.51106,0.045436,0.0066137
0.51222,0.046411,0.0082863
0.51344,0.04739,0.010187
0.5147,0.048362,0.012353
0.51602,0.049338,0.014761
0.51738,0.050302,0.017529
0.5188,0.051275,0.020478
0.52026,0.052246,0.023574
0.52177,0.053214,0.026896
0.52334,0.054185,0.030381
0.49725,0.044603,0.029092
0.4725,0.036124,0.027557
0.44899,0.028681,0.025946
0.42665,0.02221,0.024367
0.40541,0.016664,0.02277
0.38521,0.01199,0.021281
0.36597,0.008144,0.01982
0.34766,0.0050846,0.018255
0.3302,0.0027737,0.016733
0.31356,0.0011773,0.015271
0.3065,0.0025537,0.022806
0.29961,0.0044259,0.031139
0.29287,0.0067739,0.040356
0.28628,0.0095814,0.050209
0.27982,0.012833,0.060729
0.27348,0.016517,0.07164
0.26727,0.020619,0.083114
0.26116,0.025131,0.095255
0.25516,0.030043,0.10791
0.24926,0.035347,0.12083
0.24394,0.032877,0.15692
0.23869,0.03052,0.1947
0.23351,0.028272,0.23351
0.2284,0.026128,0.27306
0.22336,0.024088,0.31312
0.21837,0.022145,0.35367
0.21345,0.0203,0.39426
0.2086,0.018549,0.43521
0.20381,0.016891,0.47665
0.19908,0.015323,0.51776
0.19703,0.014277,0.58665
0.19498,0.013267,0.6563
0.19293,0.012293,0.72663
0.19087,0.011357,0.79824
0.18882,0.010459,0.87066
0.18676,0.0095996,0.94277
0.1847,0.0087793,1.0154
0.18265,0.0079974,1.0878
0.1806,0.0072549,1.1603
0.17855,0.0065512,1.233
0.16857,0.010734,1.0972
0.15916,0.015732,0.98827
0.15026,0.021473,0.89795
0.14181,0.027893,0.82154
0.13377,0.034946,0.75509
0.12611,0.042589,0.69595
0.11881,0.050792,0.64267
0.11182,0.059518,0.59481
0.10515,0.068751,0.5511
0.09876,0.078466,0.51122
0.093226,0.068917,0.52776
0.087927,0.060144,0.5443
0.082856,0.052107,0.56107
0.078001,0.044766,0.57789
0.073343,0.03808,0.59436
0.068883,0.032023,0.61069
0.064609,0.026563,0.62714
0.060511,0.021674,0.64326
0.056585,0.017335,0.65956
0.052822,0.013521,0.6765
0.05205,0.013283,0.55127
0.051375,0.013063,0.44896
0.050773,0.012854,0.36456
0.050253,0.012663,0.29441
0.049793,0.01248,0.23566
0.049398,0.012311,0.18664
0.049058,0.012153,0.14557
0.048765,0.012002,0.11094
0.048521,0.011862,0.082239
0.048316,0.011729,0.058537
0.044444,0.0097368,0.065516
0.040773,0.0079501,0.072644
0.037296,0.0063608,0.079934
0.033997,0.0049599,0.087277
0.030876,0.003743,0.094715
0.027928,0.0027052,0.10218
0.025143,0.0018408,0.10967
0.022515,0.0011456,0.11706
0.020047,0.00061732,0.12461
0.01773,0.00025236,0.13237
0.02063,0.00011628,0.13297
0.023777,3.1863e-05,0.13305
0.027176,2.1862e-07,0.13276
0.030833,-2.2521e-05,0.13196
0.034753,-9.994e-05,0.13079
0.038945,-0.0002336,0.12953
0.043411,-0.00042488,0.12795
0.04816,-0.00067489,0.12577
0.0532,-0.00098471,0.1233
0.058534,-0.0013557,0.12067
0.053993,-0.00052876,0.10433
0.04973,-9.1194e-05,0.091379
0.045721,1.2636e-05,0.080801
0.041948,0.00026732,0.072065
0.038402,0.00083353,0.064738
0.035063,0.0016928,0.05873
0.031916,0.0028298,0.053646
0.028956,0.0042328,0.049484
0.026165,0.0058919,0.045874
0.023542,0.007801,0.04279
0.023196,0.0072821,0.033384
0.022821,0.0067863,0.025254
0.022421,0.0063131,0.018354
0.022001,0.0058617,0.012464
0.021544,0.0054295,0.0078566
0.021068,0.0050174,0.0043472
0.020578,0.0046247,0.0018766
0.020077,0.0042504,0.00046354
0.019567,0.003894,7.0646e-09
0.019051,0.0035547,-0.00044812
0.023927,0.0033807,-0.00020847
0.029547,0.0032078,-6.1024e-05
0.035967,0.0030365,-9.7373e-07
0.043243,0.0028671,3.9333e-05
0.051441,0.0026999,0.00018729
0.06062,0.0025354,0.00043005
0.070832,0.0023741,0.00076965
0.082143,0.0022162,0.0012244
0.094607,0.002062,0.0017695
0.10829,0.0019119,0.002352
0.10403,0.0018103,0.00019505
0.09994,0.0017074,-0.00034119
0.095994,0.0016039,-0.0024506
0.092186,0.0015007,-0.006324
0.088498,0.0013983,-0.011767
0.084926,0.0012974,-0.018687
0.08146,0.0011984,-0.026935
0.078089,0.0011018,-0.036196
0.074809,0.0010082,-0.046525
0.071614,0.00091765,-0.057765
0.072598,0.0019112,-0.06635
0.073598,0.0032731,-0.075561
0.074636,0.0050071,-0.085159
0.0757,0.0071206,-0.094994
0.076792,0.0096199,-0.10526
0.077917,0.012511,-0.11606
0.079071,0.015801,-0.12724
0.080261,0.019495,-0.13898
0.081486,0.023601,-0.15111
0.082745,0.028124,-0.16324
0.080562,0.029422,-0.15519
0.078437,0.030736,-0.14875
0.076365,0.032067,-0.14327
0.074347,0.033411,-0.13837
0.072379,0.034771,-0.1341
0.070457,0.036147,-0.13023
0.068575,0.03754,-0.12693
0.066744,0.038944,-0.12402
0.064945,0.040369,-0.1216
0.063192,0.041805,-0.1193
0.060306,0.045462,-0.083485
0.05751,0.049125,-0.05609
0.054789,0.052814,-0.035437
0.052155,0.056527,-0.020202
0.049589,0.060292,-0.0096879
0.047096,0.064112,-0.0032285
0.044671,0.068004,-0.00028549
0.042311,0.071981,0.00047851
0.040014,0.076059,0.0035234
0.037776,0.080251,0.0091165
0.034422,0.081606,0.013195
0.031244,0.082981,0.018027
0.028235,0.084378,0.023537
0.025393,0.085789,0.029607
0.02271,0.087218,0.036272
0.020181,0.088668,0.043623
0.017807,0.090129,0.051578
0.015582,0.091609,0.059915
0.013505,0.093105,0.068774
0.011577,0.094614,0.078266
0.015023,0.082933,0.072313
0.018814,0.072321,0.067228
0.022936,0.062673,0.062913
0.027367,0.053916,0.058906
0.032102,0.045974,0.055313
0.037137,0.038786,0.052117
0.042469,0.032299,0.049142
0.048106,0.02647,0.046294
0.054057,0.021262,0.043613
0.060333,0.016649,0.041226
0.061484,0.021235,0.039944
0.062647,0.026423,0.038699
0.063822,0.03223,0.03756
0.065022,0.038669,0.036648
0.066231,0.045764,0.035806
0.067454,0.05353,0.034951
0.06869,0.061987,0.034171
0.069944,0.071148,0.033577
0.071214,0.081031,0.033079
0.072495,0.091655,0.032544
0.07287,0.080704,0.023963
0.073261,0.070667,0.017359
0.073666,0.061484,0.012244
0.074093,0.053099,0.0083196
0.074528,0.045466,0.0053448
0.07498,0.038542,0.0031941
0.075444,0.032287,0.0016806
0.075917,0.026669,0.00068351
0.076406,0.021653,0.00014823
0.076902,0.017214,-7.3137e-07
0.07713,0.021047,-0.0001729
0.077355,0.025287,-0.00065499
0.077582,0.029943,-0.0014359
0.077807,0.035026,-0.0024908
0.078031,0.040544,-0.0038261
0.078254,0.046507,-0.005474
0.078475,0.052925,-0.0073983
0.078699,0.059808,-0.0095323
0.078919,0.067164,-0.011937
0.079139,0.075002,-0.014625
0.07914,0.076342,-0.017921
0.079138,0.077689,-0.021581
0.079137,0.079044,-0.025558
0.079133,0.080405,-0.029692
0.079131,0.081775,-0.034064
0.079125,0.083151,-0.038563
0.079119,0.084534,-0.043258
0.079111,0.085925,-0.048262
0.079102,0.087322,-0.05347
0.079091,0.088726,-0.058757
0.073741,0.088526,-0.029709
0.0687,0.088307,-0.011685
0.063932,0.088072,-0.0023439
0.059409,0.087822,5.4836e-05
0.055107,0.087561,0.0036268
0.051004,0.087292,0.012275
0.047087,0.087015,0.025388
0.043341,0.086733,0.042564
0.039758,0.086447,0.063352
0.036328,0.086159,0.087315
0.034638,0.092964,0.079145
0.032989,0.10002,0.072039
0.031379,0.10732,0.065937
0.029808,0.11487,0.060727
0.028277,0.12268,0.056243
0.026785,0.13075,0.052219
0.025332,0.13907,0.048683
0.023918,0.14765,0.045663
0.022545,0.15649,0.043005
0.021213,0.16559,0.040655
0.025987,0.16413,0.037146
0.031239,0.1627,0.033906
0.036961,0.16128,0.0308
0.043166,0.15988,0.028013
0.04985,0.15849,0.025413
0.057015,0.15712,0.023038
0.064666,0.15576,0.02082
0.072801,0.15441,0.018689
0.081429,0.15308,0.016708
0.090548,0.15174,0.014924
0.10107,0.15163,0.0081814
0.11222,0.15152,0.0036366
0.124,0.1514,0.0010029
0.13644,0.15128,2.2242e-05
0.14954,0.15116,-0.00044192
0.16334,0.15104,-0.0021154
0.17783,0.15091,-0.0049109
0.19304,0.15078,-0.0086309
0.20897,0.15065,-0.013216
0.22564,0.15051,-0.018722
0.2222,0.14711,-0.0076453
0.2188,0.14382,-0.0018328
0.21545,0.14064,-3.9858e-06
0.21214,0.13756,0.0013123
0.20888,0.13456,0.0051951
0.20566,0.13166,0.011297
0.20248,0.12883,0.019285
0.19934,0.12607,0.028826
0.19623,0.12339,0.039796
0.19316,0.12077,0.052237
0.17039,0.12337,0.047478
0.14955,0.12594,0.043349
0.1305,0.12848,0.039782
0.11312,0.131,0.036775
0.09732,0.13348,0.034083
0.082972,0.13594,0.031562
0.070014,0.13837,0.029253
0.058357,0.14078,0.027224
0.047929,0.14317,0.02534
0.038665,0.14555,0.023622
0.044073,0.13229,0.015515
0.049725,0.11999,0.0095098
0.055617,0.10855,0.0052248
0.061747,0.097904,0.0023712
0.068117,0.087991,0.00069577
0.074728,0.078752,2.4585e-05
0.081571,0.070136,-0.00024368
0.088674,0.062113,-0.0012687
0.096035,0.054645,-0.0030165
0.10366,0.047705,-0.0053697
0.10215,0.046168,-0.0052476
0.10066,0.044689,-0.0051103
0.099204,0.043268,-0.0049268
0.097756,0.041898,-0.0047007
0.096326,0.040578,-0.0044425
0.094923,0.039309,-0.0041984
0.09354,0.038088,-0.0039348
0.092171,0.03691,-0.0036152
0.090822,0.035777,-0.0032807
0.089496,0.034687,-0.0029365
0.10052,0.036263,-0.0055741
0.11234,0.037989,-0.009063
0.12498,0.039866,-0.013319
0.13846,0.0419,-0.01834
0.15279,0.044091,-0.024091
0.168,0.046443,-0.030397
0.18409,0.048958,-0.037271
0.20111,0.051638,-0.044601
0.21904,0.054479,-0.05237
0.2379,0.057484,-0.060715
0.24248,0.071017,-0.059943
0.24715,0.086028,-0.06005
0.25192,0.10253,-0.060705
0.2568,0.12055,-0.061787
0.26177,0.14009,-0.06327
0.26686,0.16115,-0.065272
0.27205,0.18376,-0.067585
0.27734,0.20791,-0.070278
0.28274,0.23359,-0.073317
0.28823,0.26081,-0.07641
0.28772,0.27623,-0.025766
0.28726,0.29205,-0.0030566
0.28682,0.30829,0.0017248
0.28637,0.32493,0.017427
0.28591,0.34198,0.047196
0.28543,0.35944,0.088714
0.28492,0.37731,0.14049
0.28438,0.39558,0.20148
0.2838,0.41425,0.27069
0.28319,0.43333,0.34674
0.2651,0.41669,0.3194
0.24794,0.40085,0.29968
0.23165,0.38573,0.28476
0.21621,0.37128,0.2729
0.20155,0.35746,0.26284
0.18765,0.34422,0.25402
0.17445,0.33152,0.24578
0.16194,0.31933,0.23841
0.15008,0.30762,0.23134
0.13884,0.29635,0.22463
0.15465,0.30235,0.18247
0.17127,0.30838,0.14938
0.18871,0.31444,0.12294
0.20698,0.32054,0.10172
0.22609,0.32668,0.084325
0.24605,0.33285,0.070086
0.26685,0.33905,0.058164
0.2885,0.34528,0.048068
0.311,0.35154,0.039506
0.33436,0.35783,0.032134
0.31662,0.41168,0.029275
0.2993,0.46911,0.026235
0.28238,0.53011,0.023137
0.26589,0.59464,0.020104
0.24982,0.66267,0.017195
0.23417,0.73415,0.014417
0.21895,0.80906,0.011885
0.20417,0.8873,0.0096691
0.18985,0.96882,0.0077133
0.17598,1.0535,0.0059596
0.16426,0.99993,0.0059921
0.15317,0.95013,0.005576
0.14269,0.90377,0.0049519
0.13276,0.86051,0.0042972
0.12337,0.82006,0.0036217
0.11449,0.78216,0.0029316
0.10608,0.74663,0.002282
0.098126,0.71322,0.0017333
0.090604,0.68178,0.0012611
0.083496,0.65213,0.00084611
0.093787,0.62742,0.0014062
0.10456,0.60365,0.0019606
0.1158,0.58074,0.0024641
0.12751,0.55865,0.002871
0.13966,0.53734,0.0032129
0.15225,0.51675,0.0035276
0.16528,0.49687,0.0037899
0.17874,0.47763,0.0039551
0.19261,0.45902,0.0040725
0.2069,0.44101,0.004159
0.20969,0.44149,0.0042261
0.21249,0.44197,0.0044202
0.21528,0.44249,0.0047102
0.21806,0.44302,0.0051361
0.22083,0.44359,0.0056474
0.2236,0.44417,0.0062495
0.22637,0.44476,0.006909
0.22913,0.44538,0.0076688
0.23188,0.44601,0.0084778
0.23463,0.44666,0.009332
0.20879,0.45607,0.01413
0.18475,0.46534,0.019088
0.16242,0.47453,0.024176
0.14173,0.48362,0.029285
0.12265,0.49261,0.034456
0.10509,0.50153,0.039769
0.089037,0.51036,0.045136
0.074425,0.5191,0.050409
0.061219,0.52778,0.055704
0.049382,0.5364,0.061159
0.048689,0.55445,0.046714
0.048001,0.57263,0.035961
0.047318,0.59092,0.027766
0.046638,0.60936,0.021425
0.045962,0.62793,0.016427
0.04529,0.6466,0.01245
0.044623,0.66537,0.0092954
0.04396,0.68425,0.0068604
0.043301,0.70321,0.0049338
0.042647,0.72227,0.0034533
0.04374,0.71436,0.011997
0.044847,0.70667,0.023119
0.045973,0.69914,0.035519
0.047115,0.69176,0.048719
0.048274,0.68455,0.062269
0.04945,0.67748,0.075858
0.050643,0.67055,0.089527
0.051853,0.66376,0.10338
0.05308,0.6571,0.11722
0.054324,0.65056,0.13088
0.052637,0.62844,0.11338
0.050984,0.60724,0.10061
0.049365,0.58689,0.09077
0.047779,0.56733,0.082816
0.046226,0.54851,0.076303
0.044704,0.5304,0.070794
0.043214,0.51295,0.066043
0.041754,0.49612,0.062067
0.040327,0.47988,0.058583
0.038929,0.46421,0.055349
0.040998,0.47144,0.030568
0.043104,0.47873,0.014631
0.045252,0.48607,0.0051851
0.047439,0.49345,0.00071662
0.049669,0.50087,-0.00023216
0.051941,0.50832,-0.0029416
0.054254,0.51581,-0.0082691
0.056611,0.52334,-0.015882
0.059007,0.53089,-0.025411
0.061443,0.53848,-0.036459
0.054792,0.54198,-0.013277
0.048611,0.54545,-0.002691
0.042877,0.54888,5.3454e-06
0.037563,0.55228,0.0025026
0.032648,0.55565,0.0085168
0.028125,0.55898,0.017043
0.023971,0.56228,0.027304
0.020184,0.56553,0.038807
0.016749,0.56876,0.051243
0.013657,0.57195,0.064557
0.012459,0.57388,0.053897
0.011319,0.57574,0.046103
0.010242,0.5775,0.040309
0.0092193,0.5792,0.035772
0.0082553,0.58082,0.032191
0.0073489,0.58237,0.029374
0.0064983,0.58384,0.027047
0.0057028,0.58525,0.024961
0.0049626,0.58658,0.023147
0.0042756,0.58786,0.021527
0.0026815,0.55901,0.0085058
0.0014824,0.53175,0.0019774
0.00065156,0.50592,3.2783e-06
0.00016437,0.48144,-0.0013344
1.4738e-07,0.45816,-0.005152
-0.00013935,0.43601,-0.010886
-0.00056505,0.41493,-0.018138
-0.0012608,0.39482,-0.026563
-0.0022131,0.37562,-0.035977
-0.0034088,0.35729,-0.04632
-0.0025112,0.32147,-0.040113
-0.0017836,0.2887,-0.035666
-0.0012069,0.25873,-0.032541
-0.00076245,0.23134,-0.030414
-0.00043335,0.20629,-0.028986
-0.00020547,0.18342,-0.028121
-6.7068e-05,0.16258,-0.027525
-5.4192e-06,0.14358,-0.02719
1.0463e-05,0.12632,-0.02704
7.2371e-05,0.11065,-0.027014
0.00049329,0.10356,-0.025375
0.0012738,0.096866,-0.023967
0.0023985,0.090544,-0.02267
0.0038539,0.084564,-0.021399
0.0056299,0.078896,-0.020111
0.0077128,0.073532,-0.018937
0.010095,0.068447,-0.017843
0.012773,0.063614,-0.016763
0.015742,0.059018,-0.015723
0.018993,0.054653,-0.014818
0.017389,0.058899,-0.012153
0.015851,0.063312,-0.0098385
0.014388,0.06788,-0.0077881
0.012993,0.072621,-0.0060582
0.011669,0.077534,-0.0045644
0.010413,0.082628,-0.0032698
0.0092254,0.087916,-0.0022025
0.0081083,0.09339,-0.0013538
0.0070716,0.099006,-0.00068486
0.0060992,0.10485,-0.00026016
0.0068616,0.096609,-0.00080698
0.0076593,0.088864,-0.0015754
0.0084845,0.081612,-0.0025429
0.009341,0.074802,-0.0036906
0.010223,0.068427,-0.0049886
0.011133,0.062449,-0.0064652
0.01207,0.056846,-0.0080786
0.013032,0.051605,-0.0097525
0.01402,0.046697,-0.011527
0.015028,0.042121,-0.013403
0.016151,0.045292,-0.016181
0.017335,0.048607,-0.01921
0.018585,0.052059,-0.022445
0.019902,0.055653,-0.025812
0.021287,0.059387,-0.029341
0.022746,0.063256,-0.03307
0.024279,0.067264,-0.036956
0.025883,0.07142,-0.040877
0.027562,0.075719,-0.044908
0.029315,0.080165,-0.04893
0.030916,0.078835,-0.049217
0.032556,0.077501,-0.049566
0.034233,0.076172,-0.049933
0.035946,0.074847,-0.050177
0.037692,0.073532,-0.050468
0.039484,0.072205,-0.050827
0.041308,0.070888,-0.051227
0.043169,0.069577,-0.051694
0.045062,0.068275,-0.052138
0.047001,0.066966,-0.052494
0.047679,0.054988,-0.048965
0.048311,0.044457,-0.045765
0.04889,0.035276,-0.04276
0.049419,0.027346,-0.039803
0.049901,0.020575,-0.037004
0.050342,0.014883,-0.034472
0.05074,0.010199,-0.032032
0.051114,0.006457,-0.029708
0.051455,0.0036072,-0.027466
0.051763,0.0016048,-0.025318
0.053254,0.00082354,-0.028713
0.054749,0.00030026,-0.032109
0.056265,3.4909e-05,-0.035606
0.057792,-3.0849e-05,-0.039264
0.059333,-0.00029159,-0.043009
0.060895,-0.00082231,-0.046747
0.062462,-0.0016269,-0.050529
0.064039,-0.0027112,-0.054443
0.06563,-0.0040816,-0.058452
0.067239,-0.0057453,-0.062358
0.066978,-0.0067834,-0.044598
0.066695,-0.0078946,-0.030815
0.066388,-0.0090774,-0.020173
0.066071,-0.010334,-0.012132
0.065739,-0.011662,-0.0063728
0.065405,-0.013066,-0.0026001
0.065073,-0.014546,-0.00055297
0.064732,-0.0161,1.0643e-05
0.064392,-0.017732,0.00084778
0.064051,-0.019442,0.0029154
0.058704,-0.018798,0.0079377
0.053667,-0.018177,0.01511
0.048916,-0.017576,0.024167
0.044434,-0.016993,0.034834
0.0402,-0.016426,0.047041
0.036206,-0.015873,0.060774
0.032435,-0.015333,0.075899
0.028873,-0.014804,0.092144
0.025517,-0.014286,0.10958
0.022375,-0.013776,0.12847
0.026518,-0.015169,0.13695
0.031039,-0.016645,0.14545
0.035948,-0.018203,0.15412
0.041245,-0.019845,0.16318
0.046937,-0.021572,0.17238
0.05303,-0.023385,0.18174
0.059538,-0.025277,0.19087
0.066449,-0.027258,0.20015
0.073773,-0.029323,0.20954
0.081512,-0.031476,0.21926
0.082257,-0.027029,0.19186
0.082872,-0.023041,0.16915
0.083367,-0.01947,0.14997
0.083754,-0.016281,0.13373
0.084039,-0.013445,0.1197
0.084238,-0.010931,0.10751
0.084347,-0.008725,0.096681
0.084376,-0.0068039,0.086977
0.084335,-0.005149,0.078217
0.08422,-0.0037495,0.070429
0.081173,-0.0031563,0.080262
0.078188,-0.0026217,0.090447
0.075263,-0.0021428,0.10076
0.072399,-0.0017171,0.11104
0.069595,-0.0013427,0.12153
0.066851,-0.0010169,0.13216
0.064164,-0.00073948,0.14283
0.061535,-0.00050825,0.15333
0.058962,-0.0003221,0.16389
0.056447,-0.00017916,0.17464
0.058859,-4.6764e-05,0.15401
0.061324,-1.7116e-07,0.13605
0.063843,3.5e-05,0.12049
0.066416,0.00014832,0.10706
0.069042,0.00033768,0.095264
0.071719,0.00060108,0.08469
0.074447,0.00093735,0.075307
0.077227,0.0013454,0.067097
0.080056,0.0018256,0.059804
0.082933,0.0023773,0.053164
0.090783,0.0051891,0.055371
0.099196,0.0091753,0.057295
0.10821,0.014403,0.059055
0.11787,0.020948,0.060703
0.1282,0.028886,0.062147
0.13924,0.03829,0.063294
0.15102,0.049235,0.064188
0.16358,0.061788,0.064787
0.17695,0.07602,0.065144
0.19114,0.091995,0.065301
0.1942,0.076138,0.054656
0.19737,0.062072,0.045758
0.20065,0.049677,0.038197
0.20402,0.038847,0.031688
0.20748,0.029492,0.026098
0.21102,0.021532,0.021347
0.21465,0.014901,0.017256
0.21834,0.0095434,0.013781
0.2221,0.005407,0.010789
0.22593,0.0024582,0.008244
0.22306,0.0015095,0.014033
0.22024,0.0007916,0.020525
0.21744,0.00030546,0.02748
0.21465,4.7126e-05,0.034603
0.21189,-1.373e-05,0.041827
0.20915,-0.0002028,0.049103
0.20642,-0.00061092,0.056412
0.2037,-0.0012354,0.063542
0.20101,-0.002075,0.070538
0.19833,-0.0031277,0.077498
0.20316,-0.0036489,0.092516
0.20807,-0.0042134,0.10846
0.21306,-0.0048204,0.1252
0.21813,-0.0054691,0.14255
0.22328,-0.0061622,0.16049
0.22849,-0.0068941,0.17885
0.23379,-0.0076695,0.19771
0.23917,-0.0084873,0.21739
0.2446,-0.0093434,0.23765
0.25012,-0.010241,0.25793
0.23736,-0.0079038,0.28818
0.22506,-0.0059081,0.31803
0.21318,-0.0042324,0.34745
0.20174,-0.0028625,0.37651
0.1907,-0.0017764,0.40528
0.18006,-0.00096136,0.4336
0.16981,-0.0004023,0.4615
0.15993,-8.6548e-05,0.48873
0.15041,1.6661e-06,0.51563
0.14123,0.00013762,0.54172
0.1433,0.00031046,0.3972
0.14535,0.00054348,0.28905
0.1474,0.0008315,0.20654
0.14943,0.0011722,0.143
0.15146,0.0015626,0.094519
0.15349,0.0020024,0.058259
0.1555,0.0024917,0.031988
0.15753,0.0030262,0.014156
0.15956,0.0036109,0.0037746
0.16159,0.0042445,3.8536e-05
0.16534,0.0038145,2.8399e-06
0.16913,0.0034103,-8.56e-06
0.17296,0.0030287,-6.026e-05
0.17681,0.0026748,-0.00016711
0.18075,0.0023373,-0.00033655
0.18471,0.0020266,-0.00057739
0.18869,0.0017411,-0.00089661
0.19275,0.0014742,-0.001254
0.19683,0.0012325,-0.0016658
0.20095,0.0010125,-0.0021126
0.20606,0.0014607,-0.0013525
0.21122,0.0019924,-0.00087088
0.21644,0.0026044,-0.00057177
0.22173,0.0032971,-0.00040614
0.22708,0.0040687,-0.0003109
0.23248,0.0049227,-0.00026941
0.23796,0.005853,-0.0002593
0.24348,0.0068654,-0.00027129
0.24907,0.0079543,-0.00030748
0.25471,0.0091209,-0.00035875
0.25987,0.0082922,-0.00091521
0.26506,0.0075144,-0.0016398
0.27031,0.0067807,-0.0025128
0.27563,0.0060892,-0.0035304
0.28098,0.0054451,-0.0046469
0.28636,0.0048457,-0.0058931
0.29182,0.0042828,-0.0072171
0.2973,0.0037645,-0.0085662
0.30284,0.0032845,-0.0099584
0.30843,0.0028409,-0.011449
0.28138,0.0025593,-0.016117
0.25616,0.0022815,-0.021028
0.23264,0.0020134,-0.026191
0.21073,0.0017549,-0.031542
0.19029,0.0015145,-0.036985
0.17126,0.001293,-0.042552
0.15361,0.001082,-0.048278
0.13726,0.00088514,-0.054061
0.12211,0.00070848,-0.059871
0.10813,0.00054779,-0.065861
0.10241,0.00065659,-0.052178
0.097013,0.00077099,-0.04075
0.091848,0.00089931,-0.031244
0.086988,0.001029,-0.023428
0.082362,0.0011677,-0.017009
0.077967,0.0013131,-0.011856
0.073787,0.0014657,-0.0077816
0.069828,0.0016206,-0.0046219
0.066039,0.0017871,-0.0023309
0.062437,0.0019579,-0.00086752
0.057007,0.0013516,-0.0046784
0.051962,0.00086964,-0.011207
0.047277,0.00049713,-0.020159
0.042878,0.00023269,-0.031378
0.038734,6.908e-05,-0.044715
0.034829,1.8584e-06,-0.059922
0.031127,-3.0916e-05,-0.077026
0.027613,-0.00015623,-0.095789
0.024285,-0.00038085,-0.11636
0.021112,-0.00070234,-0.13875
0.019038,-0.00048111,-0.11385
0.017143,-0.00031552,-0.093089
0.015418,-0.00019639,-0.075544
0.013838,-0.00011184,-0.060649
0.012403,-5.6499e-05,-0.048066
0.011093,-2.2662e-05,-0.037588
0.0099155,-5.8567e-06,-0.028802
0.0088325,-7.3975e-08,-0.02148
0.0078598,2.2764e-06,-0.015469
0.0069843,8.802e-06,-0.010601
0.0074448,8.0934e-05,-0.014609
0.0079393,0.00022289,-0.019451
0.0084632,0.00043357,-0.025115
0.0090185,0.00071157,-0.03159
0.0096051,0.0010562,-0.038925
0.010221,0.0014684,-0.047214
0.010877,0.0019429,-0.056438
0.011579,0.0024729,-0.06667
0.012309,0.003072,-0.077879
0.013077,0.0037324,-0.089864
0.013112,0.0049381,-0.11862
0.013152,0.0064065,-0.15205
0.013193,0.0081777,-0.19003
0.013235,0.010287,-0.23229
0.013281,0.012764,-0.27858
0.013328,0.015644,-0.32836
0.013372,0.018965,-0.38117
0.013421,0.022741,-0.43665
0.013475,0.026991,-0.49456
0.013535,0.031736,-0.55483
0.010868,0.031593,-0.45399
0.0085692,0.031495,-0.37585
0.0065952,0.031451,-0.31349
0.0049207,0.031452,-0.26253
0.0035233,0.031491,-0.22058
0.0023793,0.031579,-0.18563
0.0014725,0.031718,-0.15618
0.00079475,0.031876,-0.13091
0.00033106,0.03206,-0.10927
7.0471e-05,0.032254,-0.090648
0.0010655,0.03072,-0.089315
0.0032298,0.02921,-0.08811
0.0065517,0.027761,-0.086794
0.011053,0.02634,-0.085607
0.016769,0.024941,-0.084294
0.023737,0.023571,-0.082982
0.032011,0.02223,-0.0816
0.041657,0.020913,-0.080048
0.052732,0.019627,-0.078399
0.065345,0.018353,-0.076437
0.059593,0.019785,-0.049128
0.054189,0.021236,-0.029251
0.049105,0.022709,-0.015294
0.044302,0.024222,-0.0062048
0.039805,0.025747,-0.001304
0.035558,0.027317,1.9609e-05
0.031582,0.028912,0.0018898
0.027859,0.030536,0.0066443
0.024372,0.032203,0.014053
0.021115,0.033916,0.024016
0.022073,0.032565,0.029022
0.023054,0.03124,0.034302
0.024059,0.02994,0.039915
0.025085,0.028669,0.045738
0.026133,0.027426,0.051834
0.0272,0.026212,0.058083
0.028305,0.025015,0.064665
0.029406,0.023865,0.071378
0.030546,0.022731,0.078403
0.031713,0.021623,0.085577
0.03076,0.020725,0.088539
0.029836,0.019839,0.092143
0.028905,0.018984,0.096054
0.028003,0.018142,0.10065
0.027106,0.017324,0.10568
0.026227,0.016524,0.11124
0.02537,0.015739,0.11711
0.024522,0.014976,0.12328
0.023685,0.014234,0.12981
0.022866,0.013509,0.13677
0.023591,0.01191,0.11295
0.024318,0.010478,0.09272
0.025048,0.0091946,0.075585
0.025772,0.008044,0.0611
0.026485,0.0070122,0.048845
0.027212,0.0060827,0.038268
0.02794,0.0052472,0.029343
0.028673,0.0044959,0.021845
0.02939,0.0038219,0.015567
0.030126,0.0032159,0.010579
0.030375,0.0036485,0.019548
0.030649,0.0041191,0.031274
0.030984,0.0046303,0.045645
0.031366,0.0051868,0.062617
0.031802,0.0057918,0.08215
0.0323,0.0064486,0.10428
0.032865,0.0071604,0.12883
0.03349,0.0079302,0.15553
0.034186,0.0087608,0.18436
0.034945,0.0096543,0.2154
0.030087,0.0089927,0.24083
0.02558,0.0083537,0.2665
0.021437,0.0077402,0.29284
0.017636,0.0071475,0.31934
0.014193,0.0065792,0.34642
0.011105,0.0060334,0.37404
0.0083771,0.0055103,0.40208
0.0060155,0.0050097,0.43085
0.0040299,0.0045329,0.46
0.0024273,0.0040779,0.48917
0.0011989,0.0060736,0.47249
0.00040471,0.008444,0.45846
3.2683e-05,0.011186,0.44622
-7.404e-05,0.014296,0.43494
-0.00052343,0.01777,0.42479
-0.0013776,0.021613,0.41538
-0.0026363,0.025822,0.4067
-0.0043005,0.030401,0.39898
-0.0063747,0.03535,0.39177
-0.0088642,0.040669,0.38536
-0.012374,0.04428,0.34073
-0.016425,0.047965,0.30125
-0.021006,0.051755,0.26617
-0.02612,0.055641,0.235
-0.03177,0.059632,0.20702
-0.037961,0.063742,0.1815
-0.0447,0.067989,0.15839
-0.052007,0.072341,0.13716
-0.059883,0.076854,0.118
-0.068351,0.081503,0.10063
-0.063251,0.085267,0.10312
-0.058366,0.089082,0.10536
-0.053693,0.092955,0.10733
-0.04923,0.096871,0.10929
-0.044972,0.10085,0.11103
-0.040918,0.10488,0.11274
-0.037064,0.10897,0.11421
-0.033409,0.11311,0.11547
-0.029952,0.11728,0.11659
-0.026689,0.12153,0.1174
-0.028568,0.10711,0.11498
-0.030532,0.093832,0.1129
-0.032583,0.08165,0.11092
-0.034719,0.070506,0.1089
-0.036941,0.060341,0.10697
-0.03925,0.051097,0.10535
-0.041645,0.042742,0.10377
-0.044126,0.035221,0.10217
-0.046692,0.028506,0.10061
-0.049343,0.022557,0.099183
-0.045807,0.018821,0.091571
-0.042424,0.015519,0.084712
-0.039188,0.012624,0.078582
-0.036098,0.010105,0.07303
-0.03315,0.0079301,0.068016
-0.030341,0.0060684,0.063508
-0.027669,0.0044993,0.05942
-0.025131,0.0032044,0.055666
-0.022725,0.0021543,0.052177
-0.020449,0.0013359,0.049096
-0.019692,0.0029163,0.051463
-0.018946,0.0051165,0.053922
-0.018209,0.007948,0.056327
-0.01748,0.011428,0.058603
-0.016757,0.01557,0.060844
-0.016043,0.020402,0.063092
-0.015333,0.025935,0.065315
-0.014632,0.032207,0.067336
-0.013935,0.039222,0.069247
-0.013248,0.047026,0.070929
-0.012165,0.044483,0.082812
-0.011134,0.042006,0.095213
-0.010154,0.039609,0.10809
-0.0092216,0.037283,0.12165
-0.0083363,0.035037,0.13556
-0.0074947,0.032856,0.14964
-0.0066968,0.030744,0.16399
-0.0059436,0.028714,0.17881
-0.0052325,0.026749,0.19393
-0.0045635,0.02485,0.20905
-0.004499,0.021745,0.19497
-0.00443,0.018934,0.1828
-0.0043549,0.016381,0.17199
-0.0042748,0.014073,0.16207
-0.0041914,0.011997,0.15315
-0.0041038,0.010133,0.14536
-0.0040129,0.0084667,0.13825
-0.0039186,0.0069832,0.13186
-0.0038215,0.0056713,0.126
-0.0037214,0.0045191,0.12051
-0.0050868,0.0045576,0.13895
-0.0067199,0.004611,0.15839
-0.0086379,0.0046764,0.17893
-0.010859,0.004754,0.20079
-0.013404,0.0048463,0.22366
-0.016288,0.0049518,0.24721
-0.01953,0.0050713,0.2715
-0.023144,0.0052035,0.29619
-0.02714,0.0053448,0.32118
-0.031538,0.0055012,0.34695
-0.03536,0.0057112,0.31091
-0.039359,0.0059106,0.27939
-0.043531,0.0060979,0.25105
-0.047879,0.0062758,0.22552
-0.052408,0.0064476,0.20254
-0.057116,0.0066122,0.18201
-0.062007,0.0067731,0.16328
-0.067081,0.0069285,0.14599
-0.072346,0.0070828,0.13016
-0.077798,0.0072333,0.11581
-0.081215,0.010361,0.091746
-0.084681,0.014024,0.070993
-0.088216,0.018229,0.053361
-0.091826,0.02298,0.03871
-0.095527,0.028288,0.02663
-0.099327,0.034165,0.016921
-0.10323,0.040624,0.0095039
-0.10726,0.047685,0.0042374
-0.11142,0.055359,0.0010862
-0.11571,0.063664,1.0573e-06
-0.12519,0.061133,-0.0015326
-0.13506,0.058647,-0.0060467
-0.14537,0.056207,-0.013167
-0.15609,0.053808,-0.022641
-0.16725,0.051452,-0.034204
-0.17886,0.049136,-0.047537
-0.19092,0.046863,-0.062549
-0.20343,0.044633,-0.079296
-0.21641,0.042445,-0.097478
-0.22985,0.040303,-0.11676
-0.22145,0.045672,-0.094522
-0.21328,0.051342,-0.077058
-0.20534,0.057308,-0.063078
-0.19761,0.063572,-0.051616
-0.19008,0.070128,-0.042222
-0.18274,0.076979,-0.034391
-0.17558,0.08412,-0.028005
-0.1686,0.091552,-0.022604
-0.16179,0.099277,-0.018056
-0.15514,0.10729,-0.014209
-0.16504,0.1058,-0.017829
-0.17527,0.10432,-0.021591
-0.18584,0.10285,-0.025565
-0.19673,0.10138,-0.029693
-0.20796,0.099917,-0.03397
-0.21953,0.098466,-0.038432
-0.23143,0.097019,-0.043055
-0.24366,0.095573,-0.047889
-0.25623,0.094126,-0.052878
-0.26913,0.092694,-0.05804
-0.27115,0.088887,-0.051901
-0.27322,0.085239,-0.046655
-0.27533,0.081741,-0.04203
-0.27747,0.078393,-0.038008
-0.27965,0.075174,-0.034353
-0.28187,0.072084,-0.030978
-0.28413,0.069108,-0.02787
-0.28642,0.066259,-0.025027
-0.28874,0.063518,-0.022434
-0.2911,0.060882,-0.020048
-0.27335,0.054388,-0.0087805
-0.25672,0.048435,-0.0024779
-0.24111,0.042976,-8.113e-05
-0.22644,0.037963,0.00084564
-0.21263,0.033376,0.0042189
-0.19963,0.029178,0.009868
-0.18736,0.025342,0.017483
-0.17577,0.021846,0.026771
-0.16482,0.01867,0.037587
-0.15445,0.015798,0.049916
-0.15683,0.020103,0.031611
-0.15922,0.024916,0.018261
-0.16161,0.030225,0.009073
-0.16404,0.036059,0.0033433
-0.1665,0.042396,0.00050543
-0.16901,0.049241,-0.0001214
-0.17157,0.056633,-0.001821
-0.17419,0.064537,-0.0053696
-0.17688,0.072972,-0.010532
-0.17963,0.081944,-0.017077
-0.18939,0.08027,-0.020387
-0.1994,0.078609,-0.024109
-0.20966,0.076953,-0.028184
-0.22017,0.075338,-0.032512
-0.23093,0.073722,-0.037184
-0.24193,0.07213,-0.042243
-0.25318,0.070552,-0.047631
-0.26468,0.068989,-0.053224
-0.27642,0.06745,-0.059051
-0.2884,0.065924,-0.065308
-0.28785,0.059655,-0.062995
-0.28722,0.053759,-0.060839
-0.28652,0.048222,-0.058915
-0.28576,0.043029,-0.057292
-0.28493,0.038178,-0.055798
-0.28404,0.033652,-0.054524
-0.28309,0.029447,-0.05332
-0.28208,0.025551,-0.052069
-0.28102,0.021951,-0.050823
-0.27991,0.018649,-0.049602
-0.29104,0.020294,-0.080571
-0.30244,0.021996,-0.11673
-0.31412,0.023768,-0.15707
-0.32609,0.025615,-0.20064
-0.33833,0.027526,-0.24711
-0.35084,0.02952,-0.29599
-0.36362,0.031582,-0.34693
-0.37667,0.033707,-0.39937
-0.38998,0.035907,-0.45315
-0.40353,0.038174,-0.5086
-0.37521,0.047619,-0.42004
-0.34877,0.057677,-0.35312
-0.324,0.06829,-0.30088
-0.30073,0.07941,-0.25916
-0.27883,0.091006,-0.22484
-0.25818,0.10305,-0.19579
-0.23868,0.11551,-0.17103
-0.22026,0.12837,-0.14988
-0.20285,0.14161,-0.13144
-0.18638,0.15522,-0.11539
-0.19028,0.1356,-0.16833
-0.1942,0.11754,-0.22352
-0.19814,0.10094,-0.27976
-0.20211,0.085754,-0.33575
-0.2061,0.071914,-0.39139
-0.21011,0.059388,-0.44664
-0.21415,0.048133,-0.50111
-0.21821,0.038124,-0.55414
-0.2223,0.029329,-0.60633
-0.22641,0.021728,-0.65787
-0.24735,0.026662,-0.5166
-0.26905,0.032041,-0.40697
-0.29156,0.037871,-0.32
-0.31491,0.044157,-0.25024
-0.33913,0.050901,-0.19349
-0.36423,0.05811,-0.14732
-0.39025,0.065785,-0.10944
-0.41719,0.073932,-0.078724
-0.44504,0.082552,-0.054116
-0.47384,0.091647,-0.034823
-0.47684,0.087844,-0.040873
-0.47975,0.084114,-0.046126
-0.48258,0.080457,-0.050762
-0.48534,0.076874,-0.054999
-0.48802,0.073366,-0.058843
-0.4906,0.06993,-0.062449
-0.49312,0.066573,-0.065913
-0.49556,0.063292,-0.069238
-0.49789,0.060083,-0.07243
-0.50016,0.056956,-0.075858
-0.50859,0.051117,-0.094122
-0.51706,0.045629,-0.11088
-0.52559,0.040493,-0.12588
-0.53414,0.035693,-0.13918
-0.54273,0.031225,-0.15095
-0.55136,0.027086,-0.16164
-0.56003,0.023266,-0.17123
-0.56872,0.019758,-0.17953
-0.57746,0.016559,-0.18701
-0.58626,0.013665,-0.19376
-0.5749,0.0091948,-0.25701
-0.56376,0.0056556,-0.3235
-0.55283,0.0030039,-0.39267
-0.54208,0.0012024,-0.46448
-0.53149,0.0002186,-0.5386
-0.52106,-2.3738e-05,-0.61495
-0.51079,-0.00059067,-0.69295
-0.50066,-0.0018946,-0.7723
-0.49066,-0.0039132,-0.85254
-0.48079,-0.0066252,-0.93381
-0.49306,-0.0052294,-0.8317
-0.50539,-0.0040427,-0.75041
-0.51782,-0.0030401,-0.68355
-0.53032,-0.0022048,-0.62709
-0.54288,-0.0015238,-0.57806
-0.55553,-0.00098071,-0.53408
-0.56829,-0.00056581,-0.49448
-0.5811,-0.00027103,-0.45864
-0.59402,-8.6517e-05,-0.42557
-0.60701,-5.3364e-06,-0.39511
-0.58111,9.5964e-05,-0.35665
-0.55653,0.0004617,-0.32298
-0.53319,0.001076,-0.29324
-0.51096,0.0019137,-0.2669
-0.48981,0.0029551,-0.24316
-0.46964,0.0041798,-0.22139
-0.45039,0.0055712,-0.2015
-0.43203,0.0071178,-0.18318
-0.41449,0.0088056,-0.16643
-0.39771,0.010617,-0.15087
-0.3961,0.013646,-0.13361
-0.39449,0.017,-0.11885
-0.39289,0.020671,-0.10609
-0.3913,0.024649,-0.095038
-0.38972,0.02893,-0.08533
-0.38814,0.033495,-0.076653
-0.38655,0.038334,-0.068876
-0.38499,0.043457,-0.062111
-0.3834,0.048829,-0.056152
-0.38183,0.054471,-0.050748
-0.37023,0.041973,-0.060973
-0.35894,0.031355,-0.070191
-0.34801,0.022513,-0.078401
-0.33738,0.015287,-0.085956
-0.32706,0.0095832,-0.092797
-0.31702,0.0052857,-0.098882
-0.30724,0.0023095,-0.10448
-0.29771,0.00057086,-0.10955
-0.28843,3.6549e-08,-0.11427
-0.27937,-0.00053307,-0.11884
-0.29218,-0.00019412,-0.14918
-0.30537,-2.2304e-05,-0.18132
-0.31896,2.0741e-05,-0.21468
-0.33292,0.00019247,-0.24925
-0.34725,0.0005395,-0.28467
-0.36197,0.0010645,-0.32052
-0.37705,0.0017684,-0.35691
-0.39249,0.0026506,-0.39394
-0.40829,0.0037138,-0.43129
-0.42444,0.0049548,-0.46878
-0.42652,0.0083732,-0.43835
-0.42859,0.012602,-0.41391
-0.43065,0.017607,-0.39412
-0.43267,0.023346,-0.37795
-0.43468,0.029807,-0.36436
-0.43668,0.036958,-0.35232
-0.43866,0.044777,-0.34173
-0.44062,0.053247,-0.33258
-0.44256,0.062339,-0.32432
-0.44449,0.072041,-0.31631
-0.43399,0.066272,-0.26133
-0.42388,0.060859,-0.21753
-0.41415,0.055792,-0.18192
-0.40476,0.051043,-0.15236
-0.39569,0.046593,-0.12758
-0.38692,0.042421,-0.10675
-0.37843,0.038518,-0.089012
-0.37021,0.034862,-0.073715
-0.36223,0.031438,-0.060569
-0.35448,0.028239,-0.049372
-0.36898,0.025812,-0.05057
-0.38376,0.023504,-0.050516
-0.39882,0.021321,-0.049527
-0.41414,0.019251,-0.047911
-0.42974,0.017301,-0.04571
-0.4456,0.015465,-0.042931
-0.46174,0.013749,-0.039893
-0.47814,0.012142,-0.036675
-0.49478,0.010642,-0.033364
-0.51168,0.0092499,-0.029988
-0.51644,0.006618,-0.023368
-0.52117,0.0044623,-0.018394
-0.52586,0.0027598,-0.01452
-0.53052,0.0014824,-0.011499
-0.53513,0.00061001,-0.0091168
-0.53971,0.00012394,-0.0071708
-0.54425,-4.9582e-06,-0.0056007
-0.54878,-0.00023571,-0.0043439
-0.55327,-0.0007996,-0.0033301
-0.55771,-0.0016831,-0.002506
-0.5521,-0.0017074,-0.0098644
-0.54658,-0.0017429,-0.020117
-0.54113,-0.001789,-0.032016
-0.53576,-0.0018461,-0.044754
-0.53047,-0.0019134,-0.057974
-0.52523,-0.0019933,-0.07126
-0.52007,-0.0020834,-0.084661
-0.51497,-0.0021844,-0.098223
-0.50994,-0.0022973,-0.11174
-0.50497,-0.002423,-0.12544
-0.50619,-0.0036891,-0.14696
-0.50742,-0.0052058,-0.16929
-0.50865,-0.006966,-0.19237
-0.50988,-0.0089641,-0.21583
-0.51113,-0.011193,-0.23987
-0.51237,-0.013647,-0.26422
-0.51362,-0.01632,-0.289
-0.51487,-0.019207,-0.31426
-0.51612,-0.022302,-0.33982
-0.51737,-0.0256,-0.36547
-0.52739,-0.019412,-0.26237
-0.53719,-0.014192,-0.18797
-0.54684,-0.009864,-0.1332
-0.55637,-0.0063721,-0.092408
-0.5658,-0.0036734,-0.06191
-0.57515,-0.0017331,-0.039371
-0.58444,-0.00052252,-0.023003
-0.59368,-1.829e-05,-0.011613
-0.60288,0.00019997,-0.0044006
-0.61205,0.0010496,-0.00074833
-0.6042,0.00051912,-0.0012459
-0.59656,0.00017434,-0.0014387
-0.58913,1.3467e-05,-0.0013556
-0.58188,-3.4063e-05,-0.0011133
-0.57483,-0.00023411,-0.00078274
-0.56796,-0.00061168,-0.00045397
-0.56125,-0.0011657,-0.00018305
-0.55472,-0.0018927,-2.4172e-05
-0.54835,-0.0027906,1.9217e-05
-0.54213,-0.0038601,0.00018966
-0.51937,-0.0040485,0.0002696
-0.49765,-0.0042228,0.00036267
-0.47692,-0.0043823,0.00045707
-0.45711,-0.004527,0.00053698
-0.43818,-0.0046574,0.00061332
-0.42009,-0.0047723,0.00069822
-0.40279,-0.0048736,0.00077951
-0.38626,-0.0049568,0.00084116
-0.37042,-0.0050303,0.0008983
-0.35528,-0.005085,0.00096368
-0.33056,-0.0069425,0.001598
-0.30724,-0.0090535,0.0022827
-0.28525,-0.011402,0.0030214
-0.26454,-0.013967,0.0038113
-0.245,-0.016754,0.004612
-0.22657,-0.019756,0.0053885
-0.20921,-0.022946,0.006152
-0.19284,-0.026329,0.0069582
-0.17742,-0.029899,0.0077687
-0.16289,-0.033644,0.0085304
-0.17411,-0.034745,0.0098031
-0.18581,-0.03587,0.011154
-0.19804,-0.036998,0.012519
-0.21077,-0.038155,0.013795
-0.22403,-0.039316,0.015046
-0.2378,-0.040499,0.016334
-0.2521,-0.041694,0.017599
-0.26693,-0.042908,0.018742
-0.28228,-0.044133,0.019842
-0.29817,-0.045366,0.020969
-0.28219,-0.053208,0.023962
-0.26689,-0.0615,0.026881
-0.25221,-0.070245,0.029767
-0.23812,-0.079411,0.032748
-0.2246,-0.088984,0.035748
-0.21158,-0.098983,0.038744
-0.19908,-0.10936,0.041712
-0.18709,-0.12006,0.044625
-0.17553,-0.13118,0.047508
-0.16443,-0.14263,0.050505
-0.15298,-0.1489,0.045326
-0.1421,-0.15527,0.041391
-0.13173,-0.16177,0.038416
-0.12189,-0.16833,0.036056
-0.11252,-0.17502,0.034276
-0.10361,-0.18182,0.032939
-0.095148,-0.18874,0.031997
-0.087118,-0.19574,0.031348
-0.079518,-0.20279,0.030947
-0.072301,-0.20999,0.030746
-0.067066,-0.21698,0.030405
-0.06203,-0.22406,0.029987
-0.057192,-0.23121,0.029451
-0.052547,-0.23845,0.028786
-0.048107,-0.24575,0.0281
-0.043873,-0.25308,0.027416
-0.039831,-0.2605,0.02668
-0.035986,-0.26799,0.025969
-0.032338,-0.27554,0.025235
-0.02888,-0.28319,0.024416
-0.032562,-0.26297,0.011437
-0.03637,-0.24413,0.0039033
-0.040316,-0.22649,0.00048525
-0.044378,-0.20999,-0.00021908
-0.048557,-0.19452,-0.0023881
-0.052879,-0.17991,-0.0065417
-0.057305,-0.1662,-0.012293
-0.061854,-0.15327,-0.019298
-0.066515,-0.1411,-0.027392
-0.071298,-0.1296,-0.036509
-0.069913,-0.12612,-0.037272
-0.068566,-0.12275,-0.03841
-0.067265,-0.11949,-0.040002
-0.066003,-0.11634,-0.041918
-0.064778,-0.11328,-0.044188
-0.06358,-0.11034,-0.046882
-0.062423,-0.10747,-0.049951
-0.061311,-0.10466,-0.053461
-0.060222,-0.10195,-0.057167
-0.059158,-0.099319,-0.060947
-0.055289,-0.091988,-0.039417
-0.051571,-0.085237,-0.024038
-0.047993,-0.079019,-0.013364
-0.044549,-0.073288,-0.006371
-0.041249,-0.067973,-0.0021936
-0.038077,-0.063059,-0.00026201
-0.035042,-0.058493,0.0001544
-0.03214,-0.054247,0.0015154
-0.029368,-0.050298,0.0040756
-0.026728,-0.046613,0.0076785
-0.03051,-0.043662,0.0062096
-0.034529,-0.040828,0.0049195
-0.038798,-0.038092,0.0038275
-0.043317,-0.035456,0.0029222
-0.048091,-0.032913,0.0021677
-0.053129,-0.030458,0.0015265
-0.058428,-0.028097,0.0010106
-0.063999,-0.025824,0.00061193
-0.069867,-0.023625,0.00029816
-0.076013,-0.021518,0.00010827
-0.078471,-0.015884,0.0015055
-0.08095,-0.011146,0.0044333
-0.083459,-0.0072695,0.0087639
-0.085995,-0.00423,0.014417
-0.088568,-0.0020113,0.021311
-0.091193,-0.00060659,0.029422
-0.093855,-1.9028e-05,0.038583
-0.096567,0.00025601,0.048629
-0.099325,0.001331,0.059709
-0.10214,0.0032625,0.071743
-0.10306,0.0031495,0.065147
-0.10396,0.0030371,0.059986
-0.10486,0.0029265,0.055877
-0.10575,0.0028172,0.052564
-0.10663,0.0027096,0.04988
-0.10751,0.0026038,0.047768
-0.10839,0.0024997,0.046205
-0.10925,0.0023977,0.044873
-0.11012,0.0022975,0.043907
-0.11098,0.0021993,0.043104
-0.10763,0.0036429,0.034111
-0.10439,0.0054334,0.026332
-0.10125,0.0075652,0.019772
-0.098189,0.010033,0.014343
-0.095212,0.012832,0.0098883
-0.092305,0.015962,0.0063655
-0.089459,0.019422,0.0036613
-0.086673,0.023208,0.0017119
-0.083938,0.02732,0.0005078
-0.081249,0.031763,1.8441e-05
-0.081684,0.030068,2.4404e-05
-0.082123,0.028421,2.5007e-05
-0.082565,0.026825,2.3685e-05
-0.083013,0.025275,2.3617e-05
-0.083463,0.023777,2.1108e-05
-0.083918,0.022323,1.6659e-05
-0.084377,0.020914,1.117e-05
-0.084839,0.019556,7.7516e-06
-0.085304,0.018243,4.7301e-06
-0.085773,0.016978,1.4336e-06
-0.091755,0.01727,-7.2513e-05
-0.097988,0.017564,-0.00032645
-0.10447,0.017858,-0.00074073
-0.11121,0.018152,-0.001299
-0.11821,0.018446,-0.0019786
-0.12547,0.01874,-0.0027467
-0.133,0.019031,-0.003605
-0.14079,0.019333,-0.0044896
-0.14885,0.019635,-0.0054226
-0.15717,0.019913,-0.0063476
-0.14582,0.022527,-0.0045935
-0.13503,0.025268,-0.0033965
-0.1248,0.028146,-0.002571
-0.1151,0.031158,-0.0019756
-0.10589,0.034291,-0.0015541
-0.097161,0.037559,-0.0012884
-0.088893,0.04094,-0.0010991
-0.081068,0.044444,-0.00096942
-0.073671,0.048075,-0.00089325
-0.066684,0.051824,-0.00087281
-0.06067,0.046324,0.002899
-0.055069,0.041236,0.017412
-0.049811,0.036491,0.042456
-0.044858,0.032081,0.076695
-0.040164,0.027953,0.11943
-0.035709,0.024111,0.16977
-0.031471,0.020528,0.22755
-0.02745,0.017212,0.29194
-0.023643,0.014155,0.36289
-0.020055,0.011361,0.44029
-0.020887,0.007634,0.36116
-0.021744,0.0047922,0.29919
-0.022621,0.0026994,0.24951
-0.023523,0.0012601,0.20861
-0.024445,0.0003882,0.17469
-0.025391,2.0395e-05,0.1462
-0.026356,-0.00010357,0.12206
-0.027346,-0.00059618,0.10125
-0.028353,-0.0014691,0.083388
-0.029383,-0.0026962,0.067775
-0.028146,-0.0042832,0.077013
-0.026924,-0.0062487,0.086719
-0.025712,-0.0086103,0.096864
-0.024509,-0.011387,0.10752
-0.023319,-0.014582,0.11866
-0.022138,-0.018224,0.13042
-0.020973,-0.022309,0.14256
-0.019817,-0.026876,0.15491
-0.018679,-0.031917,0.16761
-0.017554,-0.037468,0.18047
-0.01528,-0.031972,0.19543
-0.013169,-0.026958,0.21056
-0.011221,-0.022402,0.22575
-0.0094321,-0.018295,0.24111
-0.0077959,-0.014649,0.2567
-0.0063197,-0.01141,0.27195
-0.0049998,-0.0085835,0.28723
-0.0038341,-0.0061679,0.30228
-0.0028222,-0.004157,0.31721
-0.0019655,-0.0025409,0.33209
-0.0020843,-0.001448,0.30888
-0.0022071,-0.00068109,0.28832
-0.0023333,-0.00021098,0.26971
-0.0024631,-1.0863e-05,0.25292
-0.0025972,5.8336e-05,0.23756
-0.0027357,0.00033506,0.22337
-0.0028748,0.00082028,0.21015
-0.0030197,0.0015051,0.19799
-0.0031681,0.0023753,0.18661
-0.0033197,0.0034201,0.17626
-0.004852,0.0036263,0.18911
-0.0067162,0.0038409,0.20168
-0.0089274,0.0040598,0.21414
-0.011501,0.0042816,0.22655
-0.014451,0.0045044,0.23884
-0.017799,0.004736,0.25045
-0.021555,0.0049698,0.26171
-0.025739,0.0052138,0.27274
-0.030359,0.0054592,0.28332
-0.035434,0.0057136,0.2931
-0.034577,0.0077245,0.28263
-0.033772,0.010021,0.27404
-0.03299,0.012576,0.26669
-0.032235,0.015398,0.26079
-0.031501,0.018481,0.25591
-0.030779,0.021822,0.25223
-0.03007,0.025427,0.2493
-0.029369,0.029299,0.24676
-0.028672,0.033431,0.24476
-0.027979,0.037833,0.24345
-0.029529,0.038727,0.20544
-0.031055,0.039589,0.17237
-0.032559,0.040424,0.14371
-0.034047,0.041239,0.11898
-0.035519,0.04203,0.097492
-0.036979,0.042802,0.078607
-0.038432,0.043561,0.062306
-0.039883,0.04431,0.048275
-0.041332,0.045046,0.036332
-0.042781,0.045767,0.026378
-0.04167,0.045233,0.030785
-0.040569,0.044721,0.035303
-0.039482,0.044236,0.039822
-0.038404,0.043769,0.044404
-0.037334,0.043313,0.049079
-0.036281,0.042887,0.053578
-0.03524,0.042482,0.05802
-0.034208,0.042087,0.062427
-0.03319,0.041713,0.066746
-0.032185,0.041358,0.070821
-0.031009,0.048931,0.054192
-0.029854,0.057129,0.040152
-0.028711,0.065973,0.02849
-0.027578,0.075494,0.019112
-0.026447,0.085711,0.011727
-0.025317,0.096661,0.0061977
-0.024187,0.10837,0.0024698
-0.023055,0.12086,0.00045234
-0.021922,0.13417,-4.4869e-05
-0.020788,0.14831,-0.001154
-0.019474,0.15497,-0.00096152
-0.018195,0.16178,-0.00081084
-0.016949,0.16875,-0.00068311
-0.015738,0.17587,-0.00059279
-0.014565,0.18313,-0.00052204
-0.013427,0.19055,-0.00047906
-0.012329,0.19812,-0.00044391
-0.011269,0.20584,-0.00042708
-0.010251,0.2137,-0.00041276
-0.0092746,0.22171,-0.00039482
-0.010599,0.212,-2.6476e-05
-0.011964,0.20267,5.1631e-05
-0.013364,0.19373,0.00030617
-0.014792,0.18513,0.00069449
-0.016244,0.17686,0.001143
-0.017715,0.16892,0.001602
-0.0192,0.16127,0.0020546
-0.020696,0.15392,0.0024949
-0.0222,0.14685,0.0029174
-0.023706,0.14004,0.0033154
-0.025449,0.14124,0.0015594
-0.027252,0.14247,0.0005205
-0.029118,0.1437,5.5407e-05
-0.031042,0.14494,-4.8306e-05
-0.033028,0.14618,-0.00041065
-0.035076,0.14745,-0.001052
-0.037184,0.14871,-0.0019073
-0.039353,0.14999,-0.002959
-0.041583,0.15127,-0.0041416
-0.043873,0.15256,-0.0053965
-0.048349,0.15499,-0.0024383
-0.053054,0.15743,-0.0006946
-0.057995,0.15989,-2.0498e-05
-0.063177,0.16237,0.00026825
-0.068604,0.16489,0.0013271
-0.074275,0.16741,0.0030687
-0.080194,0.16994,0.0054082
-0.086369,0.1725,0.0082649
-0.092802,0.1751,0.011561
-0.099493,0.17772,0.015365
-0.095464,0.17474,0.011901
-0.091632,0.17192,0.0089126
-0.087986,0.16927,0.0064108
-0.084515,0.16676,0.0043845
-0.081205,0.16438,0.0027645
-0.078063,0.16219,0.0015204
-0.075054,0.16007,0.0006484
-0.072185,0.15808,0.00015211
-0.069445,0.1562,-4.0043e-07
-0.066826,0.15443,-0.00019479
-0.064055,0.1431,-0.00040958
-0.061334,0.13244,-0.00061035
-0.058658,0.12239,-0.00077356
-0.056023,0.1129,-0.00089041
-0.053444,0.10401,-0.00094197
-0.050908,0.095608,-0.00097062
-0.048421,0.087711,-0.0009572
-0.045988,0.0803,-0.0009268
-0.043601,0.073321,-0.00086274
-0.041276,0.066815,-0.00079391
-0.044827,0.060037,-0.0027972
-0.048508,0.053723,-0.0059267
-0.052314,0.047823,-0.010139
-0.056258,0.042331,-0.015452
-0.060333,0.0372,-0.021788
-0.064552,0.032431,-0.0291
-0.068906,0.027987,-0.037359
-0.073411,0.023876,-0.046616
-0.078071,0.020093,-0.056847
-0.08288,0.016618,-0.06777
-0.091684,0.015363,-0.072508
-0.10108,0.014156,-0.077197
-0.11109,0.012994,-0.081971
-0.12174,0.011882,-0.08687
-0.13304,0.010814,-0.091834
-0.14502,0.0098001,-0.097021
-0.15769,0.0088305,-0.10224
-0.17107,0.0079129,-0.10735
-0.1852,0.00705,-0.11244
-0.20005,0.0062287,-0.11771
-0.21615,0.0071581,-0.092237
-0.23293,0.0081549,-0.07113
-0.25035,0.0092112,-0.053548
-0.26847,0.010339,-0.039054
-0.28729,0.011534,-0.027295
-0.30681,0.012792,-0.017969
-0.32703,0.014114,-0.010793
-0.348,0.015514,-0.0055723
-0.3697,0.016986,-0.0021358
-0.39211,0.018519,-0.0003459
-0.38767,0.020806,-0.0026662
-0.38322,0.0232,-0.0065977
-0.3788,0.025715,-0.011719
-0.37437,0.028328,-0.017767
-0.36996,0.031064,-0.024566
-0.36557,0.033905,-0.031871
-0.36119,0.036854,-0.039648
-0.35682,0.039904,-0.047953
-0.35246,0.043056,-0.056656
-0.34813,0.046313,-0.065579
-0.3334,0.035265,-0.035306
-0.31977,0.025986,-0.016011
-0.30706,0.018302,-0.0049567
-0.29514,0.012088,-0.00035025
-0.28393,0.007248,0.00088034
-0.27334,0.0036952,0.0057301
-0.26327,0.0013551,0.014271
-0.25366,0.00017332,0.026003
-0.24447,-0.00010314,0.040628
-0.23562,-0.0011057,0.057934
-0.22852,-0.00058173,0.0401
-0.22157,-0.00023041,0.026809
-0.21474,-4.1644e-05,0.016999
-0.20802,4.3757e-06,0.0099698
-0.20143,0.00010936,0.0051095
-0.19496,0.0003486,0.0019929
-0.1886,0.00071443,0.00037439
-0.18236,0.0012006,-1.967e-05
-0.17622,0.0018003,-0.00073719
-0.17021,0.0025107,-0.0024236
-0.17244,0.00066478,-0.0023212
-0.17467,2.5242e-06,-0.0022112
-0.17692,-0.00050476,-0.0020986
-0.17918,-0.0021592,-0.0020096
-0.18144,-0.0049574,-0.0019251
-0.18373,-0.0088973,-0.0018678
-0.18602,-0.013987,-0.0018228
-0.18832,-0.020229,-0.0017645
-0.19063,-0.027639,-0.0017173
-0.19296,-0.036216,-0.0016745
-0.18982,-0.037287,-0.0013843
-0.18673,-0.03839,-0.0011908
-0.18369,-0.039515,-0.0010659
-0.18071,-0.040667,-0.0010097
-0.17777,-0.041851,-0.00099892
-0.17488,-0.043057,-0.0010143
-0.17203,-0.044291,-0.0010613
-0.16923,-0.045551,-0.0011521
-0.16647,-0.04684,-0.001276
-0.16375,-0.048159,-0.0014212
-0.16228,-0.048449,-0.00080447
-0.1608,-0.048722,-0.00039059
-0.15934,-0.048972,-0.00013172
-0.15788,-0.049208,-1.2116e-05
-0.15643,-0.049415,1.6487e-05
-0.15498,-0.049607,0.00013709
-0.15354,-0.049782,0.00036779
-0.15211,-0.049934,0.00071344
-0.15068,-0.050066,0.0011692
-0.14926,-0.050182,0.0016926
-0.15003,-0.050172,0.0036033
-0.15082,-0.050169,0.0062397
-0.15161,-0.050169,0.0095748
-0.1524,-0.050176,0.013548
-0.15321,-0.050183,0.018168
-0.15401,-0.050198,0.023499
-0.15482,-0.050216,0.029494
-0.15564,-0.050236,0.036036
-0.15646,-0.050261,0.043198
-0.15728,-0.050287,0.051038
-0.15146,-0.035329,0.031846
-0.14598,-0.023508,0.018177
-0.14079,-0.014429,0.0089267
-0.13587,-0.0077705,0.0032409
-0.13117,-0.0032746,0.00046146
-0.12666,-0.0007375,-0.00015692
-0.12233,5.0124e-06,-0.0020524
-0.11813,0.00096933,-0.0058764
-0.11403,0.0035626,-0.011459
-0.11002,0.0077534,-0.018678
-0.10826,0.0076446,-0.032769
-0.10651,0.0075366,-0.05013
-0.10478,0.0074309,-0.070605
-0.10305,0.0073268,-0.094054
-0.10133,0.0072241,-0.12028
-0.099619,0.0071227,-0.14923
-0.097914,0.0070232,-0.1807
-0.096206,0.0069229,-0.21469
-0.094508,0.0068251,-0.25102
-0.092808,0.0067269,-0.28922
-0.086916,0.01032,-0.27193
-0.081277,0.014596,-0.25725
-0.075873,0.019527,-0.24482
-0.070691,0.025094,-0.23405
-0.065727,0.03129,-0.22464
-0.060959,0.038097,-0.2166
-0.056391,0.045521,-0.20943
-0.052014,0.053564,-0.20287
-0.047811,0.062213,-0.197
-0.043784,0.071479,-0.19193
-0.046344,0.075243,-0.21013
-0.048973,0.079149,-0.22846
-0.051668,0.083193,-0.24665
-0.054451,0.087404,-0.26497
-0.057293,0.091738,-0.28296
-0.060225,0.096243,-0.30082
-0.063216,0.10086,-0.31831
-0.066291,0.10564,-0.33553
-0.069429,0.11054,-0.35246
-0.072645,0.11557,-0.36895
-0.076026,0.11103,-0.41683
-0.079526,0.10663,-0.46342
-0.083095,0.10229,-0.50909
-0.086745,0.098048,-0.55355
-0.090479,0.093907,-0.59689
-0.094303,0.089885,-0.63911
-0.098206,0.085973,-0.68025
-0.10217,0.082158,-0.72065
-0.10624,0.07848,-0.75987
-0.11036,0.074896,-0.79834
-0.10307,0.082686,-0.77693
-0.096111,0.090763,-0.75921
-0.089471,0.099127,-0.74373
-0.083131,0.10777,-0.72937
-0.077081,0.11669,-0.71615
-0.071313,0.12589,-0.70413
-0.065823,0.13538,-0.69279
-0.060568,0.14509,-0.68185
-0.055583,0.1551,-0.67101
-0.050844,0.16538,-0.66009
-0.045593,0.14826,-0.6262
-0.040663,0.13249,-0.60207
-0.036066,0.11801,-0.58526
-0.031767,0.10467,-0.57459
-0.027754,0.092349,-0.56826
-0.024061,0.081099,-0.56594
-0.020625,0.070704,-0.56619
-0.017489,0.061235,-0.56907
-0.014614,0.052554,-0.57374
-0.012012,0.044661,-0.58038
-0.014406,0.045648,-0.60188
-0.017021,0.046627,-0.62002
-0.019857,0.047606,-0.63535
-0.022935,0.048636,-0.64793
-0.026241,0.04969,-0.65805
-0.029748,0.050712,-0.66649
-0.033496,0.05179,-0.67323
-0.037469,0.052894,-0.67869
-0.041641,0.053982,-0.68248
-0.046034,0.055094,-0.68482
-0.050183,0.041383,-0.65268
-0.05442,0.029855,-0.62422
-0.058742,0.020365,-0.59846
-0.063192,0.012823,-0.57446
-0.067696,0.0070729,-0.55215
-0.072323,0.0030704,-0.53149
-0.077074,0.00073394,-0.51218
-0.081935,-9.2818e-07,-0.49348
-0.086908,-0.00083029,-0.47545
-0.092019,-0.0031878,-0.45751
-0.079188,-0.0031249,-0.44717
-0.067609,-0.0030472,-0.43853
-0.057117,-0.0029798,-0.43155
-0.047691,-0.0029093,-0.42557
-0.039259,-0.0028394,-0.42062
-0.031759,-0.0027724,-0.41681
-0.025147,-0.0027075,-0.41373
-0.019384,-0.0026428,-0.41108
-0.01444,-0.0025731,-0.40891
-0.01026,-0.0025095,-0.40765
-0.01037,-0.002193,-0.39423
-0.01048,-0.0019103,-0.38149
-0.010599,-0.0016532,-0.36925
-0.010727,-0.0014198,-0.35729
-0.010868,-0.0012069,-0.34574
-0.011014,-0.0010179,-0.33474
-0.011161,-0.00085149,-0.32405
-0.011313,-0.00070452,-0.31337
-0.011484,-0.0005709,-0.30297
-0.011655,-0.00045663,-0.29276
-0.016849,-0.00028121,-0.29858
-0.023082,-0.00014633,-0.30438
-0.030377,-5.5112e-05,-0.31042
-0.038801,-7.1047e-06,-0.31658
-0.048421,4.9519e-06,-0.32279
-0.059258,5.0999e-05,-0.32943
-0.071364,0.00014618,-0.33614
-0.084803,0.00029258,-0.34252
-0.099603,0.00049005,-0.34894
-0.11589,0.00074703,-0.35561
-0.11669,0.00063508,-0.34092
-0.11753,0.00053823,-0.32627
-0.11836,0.00045222,-0.31177
-0.1192,0.00037695,-0.29783
-0.12,0.00030804,-0.28417
-0.12082,0.00024919,-0.2706
-0.12163,0.00019838,-0.25734
-0.12241,0.00015331,-0.24471
-0.12322,0.00011646,-0.23251
-0.12399,8.4719e-05,-0.22038
-0.11486,0.00011219,-0.21472
-0.10625,0.00014076,-0.20983
-0.098113,0.00016887,-0.20554
-0.090405,0.00019466,-0.20182
-0.083122,0.00021799,-0.1985
-0.076249,0.0002385,-0.19533
-0.069767,0.00025576,-0.19245
-0.063671,0.00027015,-0.18968
-0.057926,0.00028032,-0.18719
-0.052529,0.00028683,-0.1848
-0.049525,0.00065858,-0.14389
-0.046654,0.0011637,-0.1109
-0.043942,0.0017976,-0.084111
-0.041342,0.0025453,-0.062561
-0.038868,0.0034044,-0.045204
-0.036538,0.0043796,-0.03129
-0.034287,0.0054484,-0.020414
-0.032124,0.006611,-0.012225
-0.030071,0.0078789,-0.0063245
-0.028083,0.0092334,-0.0024232
-0.0306,0.011655,-0.0016283
-0.033259,0.014441,-0.0010088
-0.036043,0.017603,-0.00052691
-0.039017,0.021208,-0.00020329
-0.042122,0.025241,-2.7807e-05
-0.045388,0.029745,1.7012e-05
-0.048818,0.034746,0.00018879
-0.05243,0.040281,0.00056945
-0.056219,0.046368,0.0011769
-0.060167,0.053016,0.0019987
-0.060391,0.054198,0.00058107
-0.060659,0.055426,2.1907e-05
-0.060892,0.056635,-0.00019438
-0.061125,0.057856,-0.00103
-0.061372,0.059099,-0.0024603
-0.061612,0.060348,-0.0044484
-0.06185,0.061608,-0.0069309
-0.062081,0.062876,-0.0098221
-0.062316,0.06416,-0.013116
-0.06255,0.065457,-0.016825
-0.071534,0.058405,-0.017508
-0.081127,0.051775,-0.018054
-0.091399,0.045578,-0.018526
-0.1022,0.039719,-0.018909
-0.11374,0.034288,-0.019269
-0.12596,0.029235,-0.019466
-0.13886,0.024557,-0.019597
-0.15252,0.020275,-0.019736
-0.16695,0.016382,-0.019823
-0.18215,0.012879,-0.019802
-0.17458,0.016769,-0.013069
-0.16724,0.021112,-0.0080258
-0.16009,0.025897,-0.0043826
-0.15321,0.031133,-0.001927
-0.14651,0.036797,-0.00051074
-0.14,0.042891,-5.4343e-06
-0.13366,0.049407,0.00029588
-0.12749,0.056348,0.0013255
-0.1215,0.063718,0.0030312
-0.11563,0.071497,0.0053702
-0.11034,0.074143,0.0030569
-0.10518,0.076794,0.0014705
-0.10022,0.079475,0.0005096
-0.095457,0.082181,5.6133e-05
-0.090818,0.084902,-4.5232e-05
-0.086339,0.087644,-0.00039627
-0.082019,0.09041,-0.0010527
-0.077864,0.093201,-0.0019992
-0.07382,0.096008,-0.0031912
-0.06992,0.098837,-0.0046282
-0.074738,0.097943,-0.0083851
-0.079746,0.09705,-0.012979
-0.084935,0.096157,-0.018261
-0.090295,0.095263,-0.024143
-0.095796,0.094372,-0.030442
-0.10151,0.093476,-0.037127
-0.1074,0.092575,-0.0441
-0.11342,0.091689,-0.051181
-0.11963,0.090795,-0.058468
-0.12598,0.089915,-0.065766
-0.12234,0.09057,-0.033097
-0.11874,0.091173,-0.013325
-0.11524,0.091709,-0.0030335
-0.11182,0.092199,2.4909e-07
-0.10847,0.092648,0.0027009
-0.1052,0.093051,0.010056
-0.10201,0.093422,0.021231
-0.098851,0.093775,0.03548
-0.095725,0.094125,0.052334
-0.092723,0.094405,0.071535
-0.083011,0.1044,0.043674
-0.073962,0.1148,0.024527
-0.065551,0.12556,0.011938
-0.057683,0.13676,0.0043262
-0.050343,0.14838,0.00065667
-0.04352,0.16041,-0.00014036
-0.037169,0.17292,-0.0021914
-0.031304,0.18587,-0.0063224
-0.025907,0.19933,-0.012166
-0.021,0.21324,-0.019332
-0.022711,0.22522,-0.025117
-0.024503,0.23756,-0.03166
-0.02639,0.25021,-0.038997
-0.028341,0.2633,-0.047258
-0.030383,0.27672,-0.056346
-0.032518,0.29044,-0.066329
-0.034705,0.30466,-0.077186
-0.037006,0.3191,-0.089014
-0.039377,0.33395,-0.1017
-0.041839,0.34911,-0.11529
-0.03796,0.36609,-0.12132
-0.034251,0.38348,-0.12667
-0.030717,0.40125,-0.13151
-0.027381,0.41926,-0.13574
-0.024223,0.43765,-0.13952
-0.02127,0.4562,-0.14312
-0.018485,0.47524,-0.14631
-0.015896,0.49452,-0.14907
-0.013512,0.51394,-0.15145
-0.011319,0.53359,-0.15322
-0.010893,0.49893,-0.17705
-0.010467,0.46649,-0.20089
-0.010055,0.43594,-0.22456
-0.0096474,0.40725,-0.24837
-0.0092412,0.38036,-0.2721
-0.0088514,0.3549,-0.29564
-0.0084747,0.3308,-0.31904
-0.0081,0.30817,-0.34282
-0.0077336,0.2868,-0.36661
-0.0073711,0.26671,-0.39005
-0.007526,0.21837,-0.31285
-0.0076964,0.17745,-0.25566
-0.0078854,0.14284,-0.21177
-0.0080915,0.11369,-0.17697
-0.0083111,0.089313,-0.1491
-0.008546,0.069047,-0.12664
-0.0088026,0.052287,-0.10819
-0.0090798,0.038586,-0.092689
-0.0093701,0.027595,-0.079714
-0.0096765,0.018917,-0.068676
-0.0063023,0.014823,-0.05426
-0.0037915,0.011333,-0.042418
-0.0020198,0.0083853,-0.032768
-0.0008712,0.0059212,-0.024979
-0.00023084,0.0039723,-0.018674
-3.9362e-06,0.0024685,-0.013579
0.0001017,0.0013407,-0.0096188
0.00044807,0.00058239,-0.0065585
0.00098714,0.00014223,-0.0042222
0.0016992,3.806e-13,-0.0024317
0.0023718,0.00012477,-0.0038708
0.0032078,0.00051753,-0.0055972
0.0042339,0.0012157,-0.007638
0.0054742,0.0022549,-0.01002
0.0069533,0.0036722,-0.012723
0.0086959,0.0055057,-0.015812
0.01073,0.0078117,-0.019234
0.01307,0.010568,-0.02291
0.015749,0.01387,-0.026897
0.018786,0.017722,-0.031186
0.016936,0.0189,-0.016633
0.015229,0.020047,-0.0068214
0.013649,0.021184,-0.0013848
0.012178,0.022346,5.497e-05
0.010797,0.023459,0.0026495
0.0095006,0.024666,0.0090395
0.0082745,0.025876,0.019166
0.0071164,0.027153,0.033174
0.0060244,0.028517,0.050998
0.0049985,0.029929,0.072805
0.0039706,0.026655,0.067011
0.0030887,0.023709,0.061599
0.0023389,0.020954,0.056646
0.0017126,0.018467,0.051881
0.0011994,0.016203,0.047428
0.00078975,0.014147,0.043364
0.00047486,0.012297,0.039527
0.00024615,0.010604,0.035998
9.5995e-05,0.0091024,0.032635
1.6876e-05,0.0077381,0.029413
-2.0839e-05,0.00703,0.026891
-0.0001706,0.0063707,0.02475
-0.00045835,0.0057645,0.022879
-0.00087827,0.0051916,0.021209
-0.0014262,0.004647,0.019729
-0.0021001,0.0041519,0.018418
-0.0028995,0.003668,0.017242
-0.0038263,0.0032434,0.016067
-0.0048821,0.0028194,0.014973
-0.0060715,0.0024313,0.014036
-0.0054694,0.002564,0.0081382
-0.0049125,0.0026645,0.0040997
-0.0043964,0.0027339,0.00156
-0.0039186,0.0028014,0.00025427
-0.0034735,0.0028389,-4.2992e-05
-0.0030584,0.0028637,-0.00082095
-0.002673,0.0029201,-0.002543
-0.0023087,0.0029189,-0.0052377
-0.0019708,0.0029705,-0.008912
-0.0016551,0.0030313,-0.013593
-0.0013617,0.0021491,-0.010804
-0.0011264,0.0014524,-0.0086449
-0.00093901,0.00091867,-0.0070029
-0.00079097,0.00052809,-0.0057946
-0.0006734,0.00025245,-0.0048901
-0.00058099,8.6028e-05,-0.0042489
-0.00050647,8.1405e-06,-0.0037737
-0.0004452,-1.1105e-05,-0.0033775
-0.00039268,-8.9121e-05,-0.0030521
-0.00034598,-0.00023577,-0.0028023
-0.00035188,-0.00020968,-0.0030546
-0.00035882,-0.00018317,-0.003285
-0.00036611,-0.00016068,-0.0035258
-0.00037378,-0.00014212,-0.0038079
-0.00038284,-0.00012291,-0.0041048
-0.00039228,-0.00010877,-0.0043764
-0.00040286,-9.518e-05,-0.0046593
-0.00041443,-8.3152e-05,-0.0049996
-0.00042743,-7.1818e-05,-0.0053576
-0.00044076,-6.5152e-05,-0.0056892
-0.00078296,-0.00026328,-0.0053539
-0.0012261,-0.00060829,-0.0049586
-0.0017745,-0.0011119,-0.0045178
-0.002432,-0.0017938,-0.0040596
-0.0032039,-0.0026666,-0.0035706
-0.004097,-0.0037314,-0.0030895
-0.0051121,-0.0050323,-0.0025939
-0.006259,-0.0065482,-0.0020652
-0.007537,-0.0083326,-0.0015619
-0.0089492,-0.010414,-0.0010868
-0.0069198,-0.0097875,-0.0021658
-0.0051642,-0.0092645,-0.0034578
-0.0036785,-0.00879,-0.0049006
-0.0024583,-0.0083031,-0.0064893
-0.0014896,-0.0078553,-0.0081504
-0.00076628,-0.0074327,-0.0097921
-0.00028304,-0.0070297,-0.011462
-3.6021e-05,-0.0066416,-0.013233
2.295e-05,-0.0062484,-0.01505
0.00024334,-0.0058738,-0.016863
0.00015624,-0.0055482,-0.023891
9.1181e-05,-0.0052708,-0.032386
4.4504e-05,-0.0049612,-0.042378
1.532e-05,-0.0046561,-0.053983
1.5808e-06,-0.004337,-0.067134
-1.4987e-06,-0.0040589,-0.081859
-1.3119e-05,-0.003756,-0.098134
-3.3646e-05,-0.0035213,-0.11579
-6.2684e-05,-0.0032525,-0.13495
-9.7874e-05,-0.0030039,-0.15582
-3.8202e-07,-0.0048435,-0.13503
7.3277e-05,-0.0071092,-0.11667
0.00031017,-0.009743,-0.10049
0.00070588,-0.01273,-0.086228
0.0012623,-0.016147,-0.073469
0.001977,-0.019932,-0.061957
0.0028547,-0.024135,-0.051626
0.0038928,-0.02868,-0.042502
0.0051046,-0.033693,-0.034349
0.00651,-0.039347,-0.02722
0.0081131,-0.038944,-0.040728
0.0099058,-0.038538,-0.056632
0.011889,-0.038095,-0.074967
0.014075,-0.037679,-0.095837
0.016469,-0.037283,-0.11905
0.019067,-0.036837,-0.14449
0.021886,-0.036441,-0.1721
0.02491,-0.035954,-0.20139
0.028157,-0.035471,-0.23251
0.031643,-0.03506,-0.26513
0.031455,-0.032313,-0.19187
0.031298,-0.029823,-0.13621
0.031182,-0.027619,-0.093701
0.031097,-0.025644,-0.061271
0.031028,-0.023812,-0.037177
0.030998,-0.022207,-0.01999
0.030981,-0.020716,-0.0085601
0.030979,-0.019339,-0.0021085
0.030972,-0.017992,-5.8275e-07
0.030989,-0.016781,0.0018507
0.029965,-0.012997,0.0041767
0.028974,-0.0097579,0.0073354
0.028011,-0.0070278,0.011193
0.027104,-0.0048371,0.015645
0.026215,-0.0030667,0.020649
0.025341,-0.0017018,0.026131
0.024493,-0.00074863,0.032068
0.023663,-0.00018352,0.038531
0.022842,1.0869e-07,0.045487
0.022031,0.00020382,0.053046
0.018893,0.00033644,0.044853
0.016045,0.00048832,0.037906
0.013472,0.00065393,0.031954
0.011154,0.00083989,0.026855
0.0090823,0.0010435,0.022521
0.0072497,0.0012557,0.018837
0.0056452,0.0014763,0.015691
0.0042573,0.0017114,0.013094
0.0030815,0.0019437,0.010874
0.0021053,0.0021881,0.008997
0.0021877,0.0011877,0.0090361
0.0022707,0.00050998,0.0090669
0.0023557,0.00011938,0.0091456
0.0024413,-2.8526e-07,0.0093034
0.0025297,-0.00014581,0.0094904
0.0026185,-0.00056022,0.0096064
0.0027087,-0.0012591,0.0096946
0.0027993,-0.0022596,0.0098257
0.0028909,-0.0035951,0.0099397
0.0029825,-0.0052932,0.01004
0.0027596,-0.0044209,0.0056103
0.002569,-0.0036473,0.0025394
0.0024058,-0.0029582,0.00071125
0.002266,-0.0023544,1.4694e-05
0.0021441,-0.0018285,-0.00033799
0.0020339,-0.0013687,-0.0016379
0.0019298,-0.00097897,-0.0038957
0.0018252,-0.00065031,-0.0071665
0.0017158,-0.00038674,-0.011473
0.0015984,-0.00018962,-0.016822
0.0016477,-2.5071e-05,-0.015508
0.0016974,1.2874e-05,-0.014298
0.0017475,0.00014585,-0.013147
0.0017981,0.00042028,-0.012097
0.0018492,0.0008379,-0.011078
0.0019007,0.0014011,-0.010073
0.0019529,0.002118,-0.0091043
0.0020052,0.0029947,-0.0081414
0.0020579,0.0040442,-0.0072196
0.0021118,0.0052846,-0.0064018
0.080658,0.02437,0.0049749
0.066165,0.026092,0.004364
0.053195,0.027815,0.0036954
0.041704,0.029523,0.0029805
0.031671,0.031227,0.002284
0.023059,0.032918,0.0016409
0.015851,0.034609,0.0010862
0.010011,0.036294,0.00061888
0.0055227,0.037982,0.00027301
0.0023659,0.039681,5.973e-05
0.0014923,0.040453,4.4051e-05
0.00081974,0.04124,3.1944e-05
0.00034804,0.042038,2.2661e-05
7.5047e-05,0.04285,1.5141e-05
-1.7814e-06,0.043672,9.3089e-06
-0.00012876,0.044503,6.0156e-06
-0.00045748,0.045343,3.5355e-06
-0.00098931,0.04619,2.3206e-06
-0.0017266,0.047043,1.3272e-06
-0.0026714,0.047899,4.4829e-07
-0.0017997,0.051953,-1.3921e-05
-0.0010967,0.056183,-6.587e-05
-0.00056509,0.060594,-0.00014671
-0.00020724,0.065193,-0.00025223
-2.5185e-05,0.069999,-0.00037877
1.9637e-05,0.074977,-0.00049955
0.00019343,0.080154,-0.00061851
0.0005484,0.085528,-0.00071594
0.0010856,0.091113,-0.0007924
0.0018096,0.096879,-0.00086673
0.0018747,0.089134,-0.0029037
0.001931,0.081903,-0.0061081
0.0019745,0.075178,-0.010467
0.0020086,0.068899,-0.016053
0.0020326,0.063039,-0.022798
0.0020492,0.057551,-0.030594
0.0020596,0.052403,-0.039524
0.0020611,0.047595,-0.049672
0.0020593,0.043069,-0.060961
0.0020555,0.038804,-0.073436
0.0054152,0.036601,-0.070001
0.010368,0.034449,-0.066755
0.016932,0.032369,-0.063773
0.025148,0.03037,-0.061154
0.035106,0.028415,-0.058616
0.046864,0.026542,-0.056192
0.060436,0.024838,-0.053733
0.076029,0.02316,-0.051469
0.09372,0.021546,-0.04927
0.11356,0.020041,-0.047079
0.11849,0.025992,-0.040505
0.12359,0.032742,-0.034806
0.12887,0.040324,-0.029754
0.13434,0.048735,-0.025201
0.14,0.058013,-0.02118
0.14585,0.068168,-0.017616
0.15191,0.079203,-0.0145
0.1582,0.091105,-0.011821
0.16463,0.10404,-0.0094797
0.17133,0.11783,-0.0074383
0.1548,0.11004,-0.0076913
0.13947,0.10242,-0.007406
0.12521,0.095108,-0.0066792
0.11204,0.08797,-0.0056879
0.099877,0.08107,-0.0045353
0.088657,0.074424,-0.0033013
0.07833,0.068049,-0.0021388
0.068871,0.061896,-0.0011509
0.060224,0.055996,-0.00043028
0.052331,0.050392,-4.6629e-05
0.059278,0.052082,5.0373e-12
0.066696,0.053806,4.0373e-05
0.074594,0.055554,0.00015551
0.082966,0.057356,0.00033668
0.091843,0.059147,0.00057598
0.10119,0.061025,0.00085754
0.11103,0.062948,0.0011769
0.12138,0.064868,0.0015538
0.13224,0.066821,0.0019651
0.1436,0.068793,0.0023848
0.11979,0.072229,0.010036
0.098494,0.075501,0.021364
0.079548,0.078667,0.035178
0.062817,0.081777,0.050591
0.048197,0.084862,0.067141
0.035623,0.087834,0.084652
0.025011,0.090765,0.10282
0.016307,0.093673,0.1217
0.0094654,0.096664,0.14114
0.0044785,0.099621,0.16096
0.0052931,0.1106,0.17145
0.0061678,0.1221,0.18234
0.007109,0.13399,0.19322
0.0081105,0.14636,0.20439
0.0091533,0.1595,0.21637
0.010266,0.17293,0.22833
0.011438,0.18681,0.24054
0.012666,0.2012,0.25321
0.013954,0.21601,0.26599
0.015297,0.23133,0.2789
0.015869,0.20919,0.37753
0.016454,0.18813,0.48412
0.01705,0.16816,0.59778
0.017659,0.14928,0.71735
0.018273,0.13157,0.84214
0.018901,0.11492,0.97216
0.019533,0.099478,1.1065
0.020176,0.08511,1.2436
0.020832,0.071804,1.3842
0.021497,0.05963,1.5275
0.0213,0.071415,1.3424
0.021087,0.084102,1.1956
0.020861,0.097682,1.075
0.020623,0.11219,0.97369
0.020376,0.12761,0.88589
0.020124,0.14394,0.80784
0.019866,0.1612,0.73782
0.019601,0.17947,0.67467
0.019338,0.19857,0.61699
0.019074,0.2186,0.56331
0.021601,0.23018,0.44417
0.024242,0.2417,0.34936
0.027003,0.25314,0.27259
0.029886,0.26465,0.21012
0.032896,0.27613,0.15892
0.036034,0.28769,0.11687
0.039304,0.29938,0.082816
0.042709,0.31114,0.055643
0.046252,0.323,0.034602
0.049936,0.33509,0.019037
0.051197,0.36458,0.016407
0.052506,0.3955,0.013532
0.053862,0.42781,0.010636
0.055262,0.46146,0.0079216
0.056706,0.49643,0.005474
0.058195,0.53279,0.0034352
0.059724,0.57036,0.0018224
0.061298,0.60939,0.00069125
0.06291,0.64957,9.3382e-05
0.064563,0.69111,-4.4872e-05
0.06158,0.65985,0.00012357
0.05873,0.62985,0.00056684
0.056012,0.6011,0.0010924
0.05341,0.57336,0.0015985
0.050917,0.54658,0.0020338
0.048542,0.52096,0.0023756
0.04626,0.49612,0.0026444
0.044084,0.47231,0.0028291
0.041999,0.44932,0.0029642
0.040001,0.42714,0.0030863
0.043978,0.38762,0.0043706
0.048066,0.3513,0.0057299
0.052261,0.31789,0.0071177
0.056547,0.28706,0.0084557
0.060923,0.25864,0.009781
0.065401,0.23254,0.011129
0.069958,0.20843,0.012458
0.074591,0.18619,0.013691
0.07932,0.16577,0.014884
0.084107,0.1469,0.01612
0.084372,0.15453,0.014931
0.084632,0.16234,0.014216
0.084889,0.17034,0.013934
0.085139,0.17852,0.01411
0.08539,0.1869,0.014635
0.085629,0.19544,0.015505
0.085878,0.2042,0.016708
0.086114,0.21313,0.018152
0.086347,0.22224,0.0199
0.086582,0.23155,0.021875
0.080557,0.24981,0.022992
0.074733,0.26874,0.023994
0.069116,0.28833,0.024816
0.063702,0.30858,0.025397
0.058491,0.32947,0.025854
0.053513,0.35111,0.02622
0.048731,0.37335,0.026518
0.044167,0.39626,0.026654
0.039813,0.4198,0.026743
0.035697,0.44408,0.026814
0.036428,0.4299,0.020457
0.037202,0.41607,0.014197
0.037993,0.40247,0.0086542
0.038812,0.38916,0.0042627
0.039646,0.37606,0.001304
0.040519,0.36328,3.6465e-05
0.04141,0.35072,-0.00062316
0.042333,0.33843,-0.0032459
0.043272,0.32636,-0.0080517
0.044236,0.31454,-0.015075
0.03812,0.31557,-0.0046982
0.03255,0.31661,-0.00024363
0.027477,0.31763,0.001291
0.022911,0.31873,0.0074956
0.018784,0.31978,0.018527
0.015095,0.32082,0.0341
0.011845,0.32194,0.054153
0.0089898,0.32299,0.078476
0.0065344,0.32404,0.10692
0.0044793,0.32512,0.1392
0.0032074,0.30618,0.089751
0.002115,0.28813,0.054947
0.001229,0.27091,0.030719
0.00057064,0.25449,0.014615
0.00015448,0.23877,0.0049429
5.9508e-07,0.22376,0.00053064
-0.00012388,0.20937,-0.00047307
-0.00053798,0.19562,-0.0041744
-0.0012576,0.18244,-0.011168
-0.002288,0.16986,-0.021175
-0.0012596,0.18162,-0.028371
-0.00053656,0.19382,-0.036726
-0.00011652,0.20647,-0.046319
2.6683e-06,0.21959,-0.057114
0.00019749,0.23314,-0.069082
0.00070072,0.24714,-0.082199
0.0015145,0.2616,-0.096555
0.0026389,0.2765,-0.11226
0.0040782,0.29185,-0.12925
0.0058267,0.30764,-0.14721
0.0089238,0.28994,-0.12398
0.012608,0.27305,-0.10408
0.016852,0.25691,-0.086953
0.021624,0.2415,-0.072199
0.026912,0.22676,-0.059322
0.032688,0.21266,-0.04823
0.038944,0.19918,-0.038549
0.04569,0.18628,-0.030239
0.05286,0.17393,-0.023003
0.060517,0.16212,-0.01688
0.059447,0.15354,-0.031082
0.058386,0.1453,-0.048246
0.057367,0.13739,-0.067983
0.056345,0.12978,-0.090176
0.055325,0.12246,-0.11436
0.054344,0.11541,-0.14055
0.053349,0.10861,-0.1683
0.052396,0.10206,-0.19756
0.051431,0.095752,-0.2281
0.050481,0.089673,-0.25969
0.045696,0.098735,-0.20175
0.041361,0.10797,-0.15492
0.037401,0.11739,-0.11676
0.033718,0.12703,-0.085544
0.030317,0.13691,-0.0603
0.02713,0.14704,-0.040366
0.024143,0.15746,-0.024935
0.021354,0.16817,-0.013477
0.018722,0.1792,-0.0056929
0.016241,0.19057,-0.001309
0.017062,0.17874,-0.00049997
0.017844,0.16762,-7.6401e-05
0.018623,0.15712,2.4578e-05
0.019334,0.14726,0.00033187
0.020013,0.13797,0.00097296
0.020668,0.12921,0.0019141
0.021297,0.12094,0.003121
0.021902,0.11312,0.0046427
0.022444,0.10577,0.0064077
0.02297,0.098823,0.0084019
0.02238,0.096195,0.0047711
0.021804,0.093703,0.0023297
0.021256,0.091325,0.00083287
0.020691,0.089083,0.00012712
0.020139,0.086945,-2.5465e-05
0.019594,0.084908,-0.00042382
0.019041,0.082978,-0.0012304
0.018518,0.081113,-0.0023696
0.017981,0.079352,-0.0037703
0.017468,0.077648,-0.0054271
0.020948,0.090237,-0.00017567
0.02486,0.10403,0.0021981
0.029256,0.1191,0.011344
0.034166,0.13555,0.027344
0.039645,0.15344,0.049946
0.045724,0.17284,0.078982
0.052455,0.19379,0.11398
0.059857,0.21634,0.15431
0.067963,0.24054,0.19969
0.076823,0.26639,0.24998
0.072853,0.25636,0.19885
0.068922,0.24643,0.15636
0.065057,0.23659,0.12089
0.061278,0.22683,0.09136
0.057561,0.21721,0.066793
0.053908,0.20774,0.046484
0.050338,0.19841,0.030174
0.046866,0.18922,0.017622
0.043498,0.18016,0.0085497
0.040208,0.17131,0.0027434
0.040241,0.17239,0.00095203
0.040319,0.1734,0.0001492
0.040391,0.17443,-1.6859e-05
0.040495,0.17541,-0.000348
0.040606,0.17638,-0.00098872
0.040741,0.17731,-0.0017988
0.040892,0.17822,-0.0027046
0.041055,0.17911,-0.0036787
0.041232,0.17998,-0.0046483
0.041418,0.18084,-0.005548
0.035116,0.18044,-0.002332
0.029368,0.17994,-0.00054984
0.02418,0.17932,2.454e-07
0.019525,0.17861,0.00058066
0.015389,0.17782,0.0022212
0.011763,0.17696,0.0048262
0.0086457,0.176,0.008359
0.0060147,0.175,0.012859
0.0038671,0.17394,0.018261
0.0021983,0.17283,0.024484
0.0016291,0.17274,0.036475
0.0011436,0.17272,0.049952
0.0007422,0.17276,0.064429
0.00042997,0.17277,0.079792
0.00020143,0.17285,0.09575
5.8461e-05,0.17295,0.11198
1.2048e-06,0.17309,0.12852
-2.9553e-05,0.17324,0.14512
-0.00014297,0.17341,0.16179
-0.00034261,0.17365,0.17881
-0.00011723,0.16637,0.17649
-1.0023e-05,0.15924,0.17376
1.8483e-05,0.15242,0.17029
0.00013519,0.14586,0.16608
0.00035379,0.13954,0.16135
0.00067076,0.13342,0.15602
0.0010803,0.12751,0.15026
0.0015764,0.12183,0.1441
0.0021545,0.11635,0.13773
0.0028108,0.11106,0.13125
0.0051128,0.099817,0.10603
0.0081028,0.089325,0.085354
0.011788,0.079523,0.068195
0.016168,0.070396,0.053994
0.021245,0.061904,0.042133
0.027018,0.054029,0.032339
0.033487,0.04674,0.024171
0.040659,0.040002,0.017379
0.048526,0.033812,0.011844
0.057094,0.028144,0.0075129
0.052291,0.031829,0.0086165
0.047709,0.035728,0.010055
0.043329,0.039867,0.011761
0.03917,0.044215,0.013793
0.035217,0.048797,0.016142
0.031473,0.053604,0.018898
0.027938,0.05864,0.022024
0.024615,0.06389,0.025529
0.021498,0.069378,0.029415
0.018591,0.075087,0.033614
0.019365,0.071611,0.034771
0.020161,0.068257,0.035413
0.020975,0.065038,0.035521
0.021805,0.061962,0.035063
0.022658,0.058992,0.03426
0.02353,0.056141,0.033126
0.024419,0.053423,0.031653
0.025333,0.050789,0.029875
0.026264,0.048279,0.027883
0.027216,0.045868,0.025829
0.02454,0.045968,0.020616
0.022032,0.045966,0.016132
0.019685,0.045865,0.012371
0.017494,0.045669,0.0093
0.015453,0.045389,0.0067611
0.013558,0.045021,0.0046764
0.011804,0.044558,0.0030081
0.010187,0.044041,0.0017443
0.0087025,0.043442,0.0008362
0.0073471,0.042781,0.00028017
0.0078248,0.046016,1.5119e-05
0.0083379,0.049383,-8.1761e-05
0.0088887,0.052898,-0.00048131
0.0094802,0.056573,-0.0011833
0.010113,0.060396,-0.0021859
0.010792,0.064388,-0.0034827
0.011516,0.068528,-0.0050467
0.01229,0.072838,-0.0068626
0.013115,0.077313,-0.0089259
0.013992,0.081951,-0.01116
0.013871,0.087961,-0.011024
0.013744,0.094201,-0.011017
0.013608,0.10065,-0.011084
0.013462,0.10732,-0.011188
0.013307,0.1142,-0.011352
0.013145,0.12129,-0.011671
0.012976,0.1286,-0.012053
0.012798,0.13612,-0.012541
0.012616,0.14387,-0.013087
0.012425,0.15182,-0.013682
0.012242,0.14446,-0.012731
0.012083,0.13725,-0.011736
0.011951,0.13019,-0.010739
0.011845,0.1233,-0.0097972
0.011762,0.11655,-0.0088759
0.011705,0.10997,-0.0079252
0.01167,0.10355,-0.0070027
0.011663,0.097313,-0.0061131
0.01168,0.091243,-0.0052682
0.011706,0.085311,-0.0044301
0.0066721,0.086155,-0.0086443
0.0030552,0.087041,-0.014213
0.00083425,0.087935,-0.021049
6.4624e-06,0.088862,-0.029016
-0.00056837,0.089782,-0.038134
-0.0025284,0.090694,-0.048486
-0.0058991,0.091594,-0.059967
-0.010703,0.092462,-0.072674
-0.016958,0.093306,-0.086472
-0.024697,0.094108,-0.10126
-0.016931,0.099304,-0.068915
-0.010683,0.10436,-0.044462
-0.005898,0.10934,-0.026469
-0.0025368,0.11427,-0.013805
-0.0005763,0.11922,-0.005542
5.4359e-06,0.12422,-0.0010987
0.000819,0.12928,4.9166e-05
0.0030267,0.13451,0.0020798
0.0066518,0.13995,0.0069268
0.011704,0.14557,0.014424
0.0091709,0.13316,0.0098647
0.0069643,0.12176,0.006636
0.0050766,0.11129,0.0043742
0.0034986,0.10166,0.002827
0.0022257,0.092813,0.0017573
0.0012449,0.08467,0.0010217
0.00055059,0.07717,0.00053407
0.00013843,0.070281,0.00024418
2.3714e-08,0.06394,8.1635e-05
-0.00012939,0.058101,1.1536e-05
-1.4782e-05,0.049688,0.00022912
1.505e-05,0.042012,0.0007373
0.00013878,0.035046,0.001571
0.00039397,0.028767,0.0027286
0.00079016,0.023166,0.0042535
0.0013327,0.018206,0.0061915
0.0020287,0.013875,0.0085839
0.0028859,0.01016,0.011317
0.0039068,0.0070395,0.014478
0.0050893,0.0044965,0.018001
0.0039715,0.0066396,0.0093402
0.0029932,0.009145,0.0036099
0.0021557,0.012046,0.00058043
0.0014535,0.015384,-0.00013728
0.00088498,0.019209,-0.0022973
0.00045339,0.023585,-0.0071632
0.00016261,0.028578,-0.014929
1.6885e-05,0.034242,-0.025773
-2.1662e-05,0.040622,-0.039905
-0.00018268,0.047783,-0.05744
-0.00039142,0.042983,-0.052256
-0.00067122,0.038643,-0.047527
-0.0010177,0.034712,-0.043293
-0.0014263,0.031153,-0.039594
-0.0018934,0.027929,-0.036241
-0.0024157,0.025004,-0.033044
-0.0029895,0.022356,-0.030139
-0.003612,0.019957,-0.027589
-0.0042814,0.017779,-0.025232
-0.0049967,0.015795,-0.023131
-0.0060311,0.015822,-0.018861
-0.0071618,0.015843,-0.015026
-0.0083898,0.015856,-0.011684
-0.009714,0.015872,-0.0088359
-0.011136,0.015885,-0.0064195
-0.012655,0.015907,-0.0043816
-0.014272,0.015931,-0.0027478
-0.015987,0.015967,-0.0015093
-0.017802,0.016009,-0.00064765
-0.019718,0.016055,-0.00014411
-0.020763,0.015875,-0.00046515
-0.021839,0.015701,-0.00096952
-0.022943,0.01553,-0.0016777
-0.024078,0.015369,-0.0026304
-0.025245,0.015228,-0.0038336
-0.026441,0.015071,-0.0053421
-0.02767,0.01494,-0.0071391
-0.028931,0.014817,-0.0092098
-0.030227,0.014711,-0.011588
-0.031556,0.014612,-0.014334
-0.02757,0.019363,-0.011865
-0.023852,0.024801,-0.0095382
-0.020403,0.030894,-0.0074547
-0.017228,0.037655,-0.0056367
-0.01433,0.045106,-0.0040524
-0.011708,0.053234,-0.0026931
-0.0093606,0.062069,-0.0016062
-0.0072831,0.071551,-0.0007783
-0.0054762,0.08177,-0.00024834
-0.0039326,0.092646,-1.2434e-05
-0.0061564,0.085217,-0.0014612
-0.0088734,0.078119,-0.0049503
-0.012085,0.071377,-0.010058
-0.015791,0.064964,-0.016412
-0.019989,0.058863,-0.023798
-0.024681,0.053077,-0.032162
-0.029867,0.047592,-0.041321
-0.03555,0.042419,-0.05107
-0.041717,0.037501,-0.061324
-0.048383,0.032896,-0.072314
-0.039403,0.034103,-0.081034
-0.031396,0.035375,-0.090077
-0.024328,0.036684,-0.099461
-0.018186,0.038043,-0.10899
-0.01295,0.03944,-0.11877
-0.0086106,0.040883,-0.12858
-0.0051562,0.042355,-0.13859
-0.0025839,0.04387,-0.14897
-0.00089009,0.045409,-0.15955
-7.7156e-05,0.046951,-0.17051
-0.0005014,0.047008,-0.22379
-0.0013314,0.047273,-0.28379
-0.0026063,0.047716,-0.35028
-0.0043668,0.048342,-0.42262
-0.0066536,0.049156,-0.50057
-0.0095005,0.050124,-0.58337
-0.012946,0.051262,-0.67092
-0.017026,0.052574,-0.7633
-0.021766,0.054022,-0.8599
-0.027196,0.055612,-0.95971
-0.028299,0.054817,-0.86402
-0.029468,0.053932,-0.78478
-0.030697,0.052952,-0.71751
-0.031995,0.051937,-0.65944
-0.033352,0.05086,-0.6083
-0.034766,0.04973,-0.5629
-0.036236,0.048557,-0.52203
-0.037771,0.04737,-0.4852
-0.03936,0.046145,-0.45138
-0.041008,0.0449,-0.42041
-0.04451,0.059299,-0.37365
-0.048138,0.075646,-0.33132
-0.051935,0.094022,-0.29304
-0.055905,0.1144,-0.25809
-0.060063,0.13681,-0.22622
-0.064414,0.16123,-0.19717
-0.068983,0.18771,-0.17065
-0.073769,0.21623,-0.1463
-0.078799,0.24686,-0.12418
-0.084053,0.27951,-0.10413
-0.11076,0.29501,-0.074417
-0.14149,0.31122,-0.05011
-0.17638,0.32807,-0.030839
-0.21562,0.34572,-0.016482
-0.25937,0.36419,-0.0066882
-0.30778,0.38347,-0.0012663
-0.36097,0.40352,0.00010456
-0.41906,0.42436,0.0030584
-0.48221,0.44603,0.0099783
-0.55044,0.46841,0.020841
-0.54428,0.45469,0.014438
-0.5384,0.44174,0.01007
-0.53282,0.42952,0.0069659
-0.5275,0.41796,0.0047245
-0.52245,0.40704,0.0030407
-0.51765,0.39671,0.0017671
-0.51306,0.38688,0.00086234
-0.50868,0.37754,0.00027762
-0.50451,0.36868,1.7339e-05
-0.50054,0.36026,-6.4193e-05
-0.46032,0.33027,-0.00044408
-0.42262,0.30252,-0.00099601
-0.38737,0.27693,-0.0016361
-0.35442,0.25329,-0.0023504
-0.3236,0.23142,-0.0031043
-0.2948,0.2112,-0.0039125
-0.26791,0.1925,-0.0047466
-0.24282,0.17519,-0.0055793
-0.21941,0.15916,-0.0064288
-0.19762,0.14434,-0.0073169
-0.20932,0.13159,-0.00048446
-0.22147,0.11959,0.0012583
-0.23405,0.1083,0.0077391
-0.24703,0.097641,0.018533
-0.2604,0.087619,0.03273
-0.27413,0.07819,0.049747
-0.2882,0.06933,0.069006
-0.30259,0.06103,0.089974
-0.31729,0.053276,0.11242
-0.3323,0.046069,0.13642
-0.30185,0.060186,0.081499
-0.27326,0.075831,0.043913
-0.2464,0.092958,0.019413
-0.22116,0.11154,0.0053499
-0.19744,0.13158,0.00010393
-0.17517,0.15306,-0.0025553
-0.1543,0.17604,-0.011937
-0.13474,0.20048,-0.027657
-0.11651,0.22646,-0.049295
-0.099574,0.25402,-0.076632
-0.095453,0.24933,-0.041912
-0.091512,0.2448,-0.019015
-0.087712,0.24035,-0.005678
-0.084052,0.23602,-0.00026911
-0.080518,0.23177,0.0015844
-0.077086,0.22757,0.0088163
-0.073768,0.22347,0.021373
-0.070541,0.21942,0.038673
-0.067413,0.21544,0.060386
-0.064372,0.21152,0.086438
-0.072577,0.21802,0.12105
-0.08136,0.22479,0.16096
-0.090741,0.23185,0.20631
-0.1007,0.23914,0.25708
-0.11129,0.24671,0.31311
-0.1225,0.25457,0.37397
-0.13432,0.26265,0.43962
-0.14679,0.27098,0.51044
-0.1599,0.27954,0.58599
-0.17363,0.28829,0.66568
-0.14916,0.31459,0.54126
-0.12684,0.34164,0.44018
-0.10654,0.36944,0.35598
-0.088163,0.39797,0.28518
-0.071638,0.42727,0.22509
-0.056899,0.45734,0.17397
-0.043917,0.48828,0.13057
-0.032644,0.52003,0.094252
-0.023043,0.5525,0.06469
-0.015123,0.58589,0.040787
-0.021052,0.53938,0.041621
-0.027867,0.49608,0.043022
-0.035531,0.45569,0.044882
-0.044021,0.418,0.047194
-0.053311,0.38277,0.049914
-0.063386,0.34985,0.052909
-0.074221,0.31904,0.056335
-0.085807,0.29021,0.059958
-0.098134,0.26322,0.063958
-0.11119,0.23794,0.068189
-0.10948,0.22396,0.089449
-0.10779,0.21065,0.11088
-0.10612,0.19797,0.13224
-0.10445,0.18591,0.15371
-0.1028,0.17441,0.17506
-0.10116,0.16346,0.19646
-0.099536,0.15302,0.21779
-0.097922,0.14308,0.23888
-0.09632,0.1336,0.25987
-0.094731,0.12459,0.28073
-0.097891,0.13929,0.27561
-0.10108,0.15486,0.27037
-0.10431,0.1713,0.26502
-0.10756,0.1886,0.25967
-0.11084,0.20679,0.25421
-0.11415,0.2258,0.24833
-0.11749,0.24568,0.24239
-0.12085,0.2664,0.23645
-0.12423,0.28795,0.23037
-0.12764,0.31031,0.22397
-0.1316,0.29175,0.22581
-0.13552,0.27412,0.22865
-0.1394,0.2574,0.23203
-0.14324,0.24152,0.23563
-0.14704,0.22643,0.23952
-0.15081,0.21209,0.24399
-0.15454,0.19845,0.24864
-0.15823,0.18551,0.25327
-0.16189,0.1732,0.25799
-0.16551,0.16146,0.26334
-0.18316,0.15482,0.25226
-0.20168,0.14843,0.24393
-0.2211,0.14228,0.23784
-0.24139,0.13634,0.23374
-0.26256,0.13059,0.231
-0.28461,0.12501,0.22916
-0.30753,0.11961,0.22826
-0.33132,0.11438,0.22805
-0.35599,0.1093,0.22852
-0.38152,0.10438,0.22976
-0.36439,0.094904,0.25049
-0.34748,0.085868,0.26621
-0.3308,0.077285,0.27755
-0.31436,0.069144,0.28522
-0.29819,0.061453,0.29
-0.28228,0.054216,0.29281
-0.26666,0.047428,0.2938
-0.25133,0.041101,0.29299
-0.23631,0.035225,0.2909
-0.22162,0.029805,0.28802
-0.20149,0.033819,0.27527
-0.18281,0.03802,0.26533
-0.16549,0.042401,0.25736
-0.1494,0.046959,0.2507
-0.13447,0.05169,0.24514
-0.12061,0.056593,0.24023
-0.10775,0.061664,0.23603
-0.095824,0.066905,0.23261
-0.084784,0.072303,0.22951
-0.074569,0.07787,0.22671
-0.085167,0.074942,0.23424
-0.09649,0.07207,0.24091
-0.10855,0.069247,0.24662
-0.12134,0.066481,0.25109
-0.13488,0.063763,0.25461
-0.14915,0.061102,0.25768
-0.16417,0.058495,0.25997
-0.17993,0.055942,0.26149
-0.19644,0.053439,0.26242
-0.21371,0.050989,0.26309
-0.20297,0.060617,0.25007
-0.19252,0.070929,0.23906
-0.18235,0.081916,0.22954
-0.17247,0.093564,0.22108
-0.16287,0.10586,0.21361
-0.15355,0.11879,0.20698
-0.1445,0.13235,0.20101
-0.13573,0.14654,0.19523
-0.12723,0.16135,0.18986
-0.11901,0.17677,0.18507
-0.12126,0.17981,0.13187
-0.12351,0.18276,0.09088
-0.12576,0.18566,0.059624
-0.12801,0.18849,0.036341
-0.13026,0.19129,0.019621
-0.13253,0.19403,0.0084269
-0.1348,0.19676,0.0020718
-0.13707,0.19946,1.6939e-06
-0.13936,0.20213,-0.0017091
-0.14165,0.20479,-0.0068871
-0.15529,0.20299,-0.0020504
-0.16956,0.20118,-0.0001403
-0.18443,0.19938,0.00033693
-0.19993,0.19758,0.0021058
-0.21603,0.19577,0.0050616
-0.23275,0.19398,0.0089895
-0.25007,0.19218,0.013641
-0.268,0.19038,0.01894
-0.28654,0.18859,0.024709
-0.30567,0.18679,0.030872
-0.29309,0.2054,0.033075
-0.28075,0.22471,0.036206
-0.26867,0.24475,0.040067
-0.25684,0.26546,0.044615
-0.24526,0.28687,0.049817
-0.23394,0.30896,0.055625
-0.22286,0.33171,0.062049
-0.21205,0.35511,0.069066
-0.20149,0.37918,0.07677
-0.19118,0.40386,0.085105
-0.18869,0.3957,0.072165
-0.18631,0.38825,0.059613
-0.18402,0.38142,0.047767
-0.18184,0.37522,0.037144
-0.17974,0.36958,0.027691
-0.17769,0.36438,0.019457
-0.17574,0.3597,0.012655
-0.17385,0.35547,0.0073365
-0.17203,0.35165,0.00344
-0.17028,0.34822,0.00097954
-0.16452,0.32391,0.0005794
-0.15913,0.30077,0.00043662
-0.15407,0.27871,0.00042658
-0.14931,0.25771,0.0005233
-0.14486,0.23774,0.00071728
-0.14066,0.21874,0.0010385
-0.13674,0.20071,0.0015037
-0.13304,0.18359,0.0021845
-0.12959,0.16739,0.0030644
-0.12636,0.15206,0.0041692
-0.13861,0.15147,-0.00055735
-0.15147,0.15087,-0.011769
-0.16501,0.15028,-0.03624
-0.17924,0.14967,-0.07256
-0.1943,0.14913,-0.11984
-0.21018,0.14859,-0.17731
-0.22688,0.14806,-0.24428
-0.24447,0.14755,-0.31971
-0.26297,0.14707,-0.40316
-0.2824,0.1466,-0.49372
-0.26321,0.16069,-0.43977
-0.24481,0.17513,-0.3985
-0.22716,0.18991,-0.36599
-0.21027,0.20504,-0.34
-0.19412,0.22055,-0.31862
-0.17866,0.23639,-0.30028
-0.16387,0.25256,-0.28426
-0.14978,0.26908,-0.27043
-0.13635,0.28594,-0.25802
-0.12358,0.30315,-0.24665
-0.1295,0.30981,-0.26683
-0.13555,0.31659,-0.28456
-0.14167,0.32342,-0.30002
-0.14795,0.33041,-0.3135
-0.15433,0.33751,-0.32515
-0.16085,0.34475,-0.33496
-0.16752,0.35214,-0.34345
-0.1743,0.35967,-0.35098
-0.18117,0.36731,-0.35773
-0.18821,0.37512,-0.36304
-0.19625,0.34138,-0.23584
-0.20435,0.30964,-0.14753
-0.2125,0.27977,-0.085997
-0.22072,0.2517,-0.044054
-0.22902,0.22533,-0.017545
-0.23739,0.20058,-0.0035889
-0.24584,0.17743,7.9878e-05
-0.25442,0.15583,0.0055997
-0.26301,0.13569,0.019072
-0.27175,0.11703,0.039742
-0.28489,0.12146,0.019572
-0.29834,0.12597,0.0071816
-0.31212,0.13056,0.0011041
-0.32624,0.13521,-0.0002298
-0.34071,0.13994,-0.003735
-0.35554,0.14474,-0.01109
-0.37079,0.14962,-0.021843
-0.38636,0.15455,-0.035678
-0.40231,0.15955,-0.052365
-0.41867,0.16463,-0.071807
-0.37882,0.16056,-0.1135
-0.3418,0.15657,-0.15954
-0.30733,0.15264,-0.2092
-0.2753,0.14878,-0.26204
-0.24553,0.14498,-0.31762
-0.21788,0.14124,-0.3753
-0.19225,0.13757,-0.43532
-0.16849,0.13394,-0.49727
-0.14656,0.13038,-0.56137
-0.12638,0.12689,-0.62773
-0.13537,0.13927,-0.5503
-0.14448,0.1519,-0.48349
-0.15399,0.16496,-0.42483
-0.16374,0.17836,-0.37273
-0.17381,0.19215,-0.32625
-0.18416,0.20632,-0.28445
-0.19477,0.22086,-0.24662
-0.20566,0.23578,-0.21258
-0.21686,0.25109,-0.18173
-0.22832,0.26677,-0.1536
-0.21804,0.26257,-0.13249
-0.20825,0.25894,-0.11477
-0.1989,0.25581,-0.099515
-0.1899,0.25311,-0.086383
-0.1813,0.25083,-0.074838
-0.17308,0.24896,-0.064551
-0.1652,0.24746,-0.05543
-0.15751,0.24619,-0.047526
-0.15016,0.24526,-0.040432
-0.14315,0.24467,-0.034025
-0.13655,0.24567,-0.052814
-0.13011,0.24666,-0.073623
-0.12382,0.24763,-0.096071
-0.11771,0.24861,-0.12002
-0.11171,0.24953,-0.14513
-0.10587,0.25045,-0.17114
-0.10022,0.25139,-0.19817
-0.094695,0.25229,-0.22623
-0.089312,0.25316,-0.2552
-0.084096,0.25404,-0.28479
-0.076032,0.26301,-0.28986
-0.068412,0.27207,-0.29467
-0.061207,0.28117,-0.29893
-0.054427,0.29034,-0.30282
-0.04806,0.29958,-0.30626
-0.042107,0.30888,-0.30902
-0.036576,0.31826,-0.31124
-0.031435,0.32769,-0.31279
-0.026693,0.33717,-0.31383
-0.02234,0.34668,-0.31502
-0.027388,0.33105,-0.24977
-0.032916,0.31626,-0.19915
-0.038916,0.3022,-0.15909
-0.045393,0.28882,-0.12705
-0.052364,0.27607,-0.10095
-0.059805,0.26387,-0.079402
-0.067713,0.25217,-0.06165
-0.076119,0.24097,-0.04711
-0.084962,0.23016,-0.03522
-0.094317,0.2198,-0.025429
-0.090582,0.20691,-0.025405
-0.086903,0.19448,-0.024494
-0.083332,0.18256,-0.022889
-0.079825,0.1711,-0.020746
-0.076386,0.16009,-0.018266
-0.073046,0.14955,-0.015723
-0.069771,0.13944,-0.013163
-0.066584,0.12976,-0.010622
-0.063463,0.12049,-0.0082397
-0.060431,0.11164,-0.006138
-0.067454,0.13103,-0.012378
-0.074782,0.15249,-0.020484
-0.082399,0.1761,-0.030286
-0.090291,0.20193,-0.041519
-0.098466,0.23005,-0.05404
-0.1069,0.26047,-0.067764
-0.11558,0.29325,-0.082469
-0.12454,0.32845,-0.09786
-0.13369,0.36597,-0.11401
-0.14312,0.40592,-0.13079
-0.13297,0.40287,-0.094558
-0.12326,0.39962,-0.067403
-0.114,0.39617,-0.046895
-0.10515,0.39257,-0.031527
-0.096717,0.38881,-0.019995
-0.08869,0.38492,-0.011492
-0.08105,0.38088,-0.0055922
-0.073791,0.37672,-0.0019448
-0.066924,0.37248,-0.00021367
-0.060401,0.36808,0.0001974
-0.056417,0.36189,0.0039784
-0.052614,0.35582,0.011226
-0.048978,0.34984,0.020681
-0.045509,0.34397,0.03142
-0.042202,0.33821,0.042917
-0.039047,0.33252,0.054667
-0.036036,0.32692,0.066456
-0.033179,0.32142,0.078119
-0.030458,0.31598,0.089476
-0.027875,0.31062,0.10064
-0.032532,0.31032,0.05966
-0.03751,0.31032,0.032924
-0.042802,0.3105,0.015986
-0.048426,0.31088,0.0059696
-0.054375,0.31138,0.0010941
-0.060653,0.312,-5.1741e-05
-0.06727,0.31273,-0.001925
-0.074209,0.31351,-0.0060322
-0.081476,0.31436,-0.011855
-0.089077,0.31526,-0.018953
-0.079693,0.29124,-0.023365
-0.070928,0.26927,-0.029088
-0.062765,0.24915,-0.036007
-0.055183,0.23073,-0.044038
-0.048156,0.21379,-0.053212
-0.041664,0.19821,-0.063651
-0.035697,0.18386,-0.075247
-0.030237,0.17062,-0.088043
-0.025266,0.15838,-0.10191
-0.020772,0.14704,-0.11683
-0.023159,0.13482,-0.11838
-0.025664,0.12306,-0.11926
-0.028288,0.11177,-0.11971
-0.031031,0.10098,-0.11999
-0.03389,0.090698,-0.11988
-0.036862,0.080908,-0.11943
-0.039945,0.071621,-0.11856
-0.043143,0.062879,-0.11765
-0.046456,0.054681,-0.1165
-0.049878,0.047021,-0.11495
-0.056881,0.051784,-0.12214
-0.064487,0.056804,-0.12937
-0.07272,0.062104,-0.1366
-0.081596,0.067672,-0.14361
-0.091137,0.073528,-0.15057
-0.10135,0.079636,-0.15755
-0.11227,0.086037,-0.16446
-0.12389,0.092713,-0.17103
-0.13623,0.099665,-0.17745
-0.14931,0.1069,-0.18401
-0.13797,0.12081,-0.17664
-0.12708,0.13552,-0.17075
-0.11665,0.15103,-0.16615
-0.10665,0.16731,-0.16277
-0.097108,0.1844,-0.16018
-0.088006,0.20229,-0.15802
-0.079347,0.22095,-0.15634
-0.071131,0.24042,-0.15529
-0.063358,0.26068,-0.15457
-0.056027,0.28173,-0.1539
-0.054058,0.29093,-0.12059
-0.052169,0.30016,-0.092924
-0.05035,0.30947,-0.069941
-0.048591,0.31889,-0.050827
-0.046888,0.32833,-0.035285
-0.045235,0.33788,-0.022778
-0.043627,0.34752,-0.013225
-0.04206,0.35723,-0.006416
-0.040532,0.36702,-0.0021145
-0.03904,0.37688,-0.00014843
-0.033238,0.39873,3.1061e-06
-0.02789,0.42112,0.00023168
-0.023001,0.44403,0.00080871
-0.018574,0.46745,0.0017404
-0.014611,0.4914,0.0030062
-0.011114,0.51586,0.0045996
-0.0080894,0.54081,0.0065045
-0.0055387,0.56622,0.0086782
-0.0034653,0.59214,0.011097
-0.0018731,0.61848,0.013686
-0.0018751,0.57007,0.0075239
-0.0018913,0.52509,0.003717
-0.0019211,0.48326,0.0014616
-0.0019643,0.44436,0.00030712
-0.0020208,0.40814,-2.2598e-06
-0.0020909,0.37438,-0.00038606
-0.0021743,0.34299,-0.0013251
-0.0022716,0.31374,-0.0027362
-0.0023834,0.28645,-0.0045347
-0.0025099,0.26108,-0.006682
-0.0011677,0.22153,-0.0067947
-0.00034214,0.18666,-0.0069446
-9.4251e-06,0.15601,-0.0070902
0.00014682,0.12919,-0.0072455
0.00073284,0.10584,-0.0073888
0.0017473,0.08561,-0.0074721
0.0031713,0.068209,-0.0075338
0.0049874,0.053353,-0.0075185
0.0071801,0.040787,-0.0074879
0.0097366,0.030264,-0.0074715
0.0082885,0.033563,-0.0051751
0.0069577,0.037031,-0.0033817
0.0057441,0.04068,-0.0019962
0.0046477,0.044507,-0.00098576
0.0036684,0.048513,-0.00033822
0.0028058,0.052707,-2.9391e-05
0.0020597,0.057089,5.3767e-05
0.0014293,0.061671,0.00038334
0.00091462,0.066444,0.00099573
0.00051527,0.071405,0.0018962
0.0010272,0.07341,0.0029138
0.0017191,0.075475,0.0040732
0.0025952,0.077603,0.005382
0.0036597,0.079799,0.0068663
0.004918,0.082064,0.0084273
0.0063735,0.084407,0.010094
0.0080328,0.086825,0.011852
0.0098987,0.089329,0.013693
0.01198,0.091912,0.015585
0.01428,0.094578,0.01758
0.017333,0.10042,0.0059546
0.020705,0.10643,0.00060785
0.024412,0.11261,-0.00066183
0.02848,0.11893,-0.0055119
0.032918,0.1254,-0.01465
0.037752,0.13202,-0.027598
0.042999,0.13878,-0.043845
0.048669,0.14568,-0.063143
0.054777,0.15272,-0.085052
0.061344,0.15989,-0.10939
0.052311,0.15183,-0.1284
0.044054,0.14404,-0.14863
0.036556,0.1365,-0.17014
0.029792,0.1292,-0.19299
0.023757,0.12215,-0.21711
0.018424,0.11532,-0.242
0.013788,0.10872,-0.26787
0.0098347,0.10234,-0.29441
0.0065577,0.096169,-0.32178
0.0039483,0.090207,-0.35025
0.0029517,0.08206,-0.33728
0.0021176,0.074372,-0.32544
0.001434,0.067131,-0.31472
0.00089237,0.060325,-0.30479
0.00048487,0.05394,-0.2957
0.0002051,0.047963,-0.28734
4.5736e-05,0.042382,-0.27948
-4.2968e-07,0.037186,-0.27179
-6.3239e-05,0.032367,-0.26445
-0.00022884,0.027915,-0.25755
-2.1565e-05,0.038589,-0.21847
3.4501e-05,0.050893,-0.18486
0.00026879,0.064889,-0.15542
0.00072234,0.080664,-0.12926
0.0013899,0.098325,-0.10611
0.00227,0.11798,-0.085479
0.0033548,0.13975,-0.067319
0.0046328,0.16376,-0.051698
0.0061072,0.19012,-0.038288
0.0077617,0.21894,-0.027131
0.0068053,0.21668,-0.01626
0.0059223,0.21454,-0.0087353
0.005106,0.21253,-0.0038937
0.0043599,0.21062,-0.0011373
0.0036752,0.20882,-5.328e-05
0.0030546,0.2071,0.00030168
0.0024925,0.20546,0.0016166
0.0019929,0.2039,0.0037698
0.0015509,0.2024,0.0065891
0.0011662,0.20097,0.0098759
8.1826e-05,0.21563,0.013865
-0.00026402,0.23089,0.018619
-0.001733,0.24676,0.024048
-0.0045259,0.26328,0.030191
-0.0086724,0.28045,0.037053
-0.01419,0.29826,0.044678
-0.021115,0.31674,0.053068
-0.029486,0.33589,0.061945
-0.039338,0.35571,0.07149
-0.050675,0.3762,0.081664
-0.04882,0.34018,0.064982
-0.046994,0.30645,0.053334
-0.045192,0.27488,0.045004
-0.043454,0.24541,0.038797
-0.041746,0.21794,0.034123
-0.04007,0.19239,0.030477
-0.038441,0.16871,0.027608
-0.036839,0.14682,0.025284
-0.035269,0.12666,0.023422
-0.033738,0.10819,0.022019
-0.032287,0.10492,0.021015
-0.030864,0.10179,0.019952
-0.029502,0.098805,0.018894
-0.028192,0.095955,0.017911
-0.026916,0.093229,0.016958
-0.025691,0.090624,0.015948
-0.024514,0.088136,0.01497
-0.023351,0.085746,0.014078
-0.022247,0.083466,0.013215
-0.021175,0.081282,0.012431
-0.019542,0.07079,0.013392
-0.017994,0.061472,0.014122
-0.016524,0.053214,0.014685
-0.015133,0.045912,0.015032
-0.013821,0.039472,0.015237
-0.012574,0.033805,0.015388
-0.011402,0.028835,0.015441
-0.010296,0.024488,0.015361
-0.0092554,0.020699,0.015184
-0.0082821,0.017411,0.014847
-0.0069061,0.019444,0.019158
-0.0056276,0.021605,0.023899
-0.0044566,0.0239,0.029067
-0.0034038,0.026338,0.034768
-0.0024755,0.028923,0.040938
-0.0016793,0.031664,0.047608
-0.0010226,0.034562,0.054695
-0.00051961,0.037628,0.06215
-0.00017875,0.040863,0.069952
-1.391e-05,0.044274,0.078216
-0.00023708,0.045207,0.10394
-0.00073352,0.046226,0.13312
-0.0015019,0.047333,0.16579
-0.0025408,0.048532,0.20209
-0.0038467,0.049824,0.24185
-0.0054193,0.051213,0.28472
-0.0072617,0.052702,0.33091
-0.0093675,0.054286,0.38069
-0.011734,0.055966,0.43379
-0.014363,0.057741,0.48955
-0.010611,0.055299,0.52479
-0.0074257,0.052908,0.55894
-0.0048039,0.050566,0.59186
-0.0027517,0.048276,0.62326
-0.0012681,0.046038,0.65359
-0.00035241,0.043853,0.68311
-3.4947e-06,0.041712,0.71146
0.00022367,0.039631,0.73951
0.0010155,0.037594,0.76691
0.002375,0.035614,0.79262
0.0021134,0.041927,0.79989
0.001868,0.048762,0.80739
0.0016357,0.056125,0.81452
0.0014225,0.064009,0.82102
0.0012266,0.072417,0.82678
0.0010452,0.081356,0.83266
0.00087634,0.090832,0.83799
0.00072495,0.10084,0.84306
0.00058656,0.11138,0.84741
0.0004651,0.12246,0.85097
0.00020064,0.10488,0.81834
4.8362e-05,0.088445,0.78901
-4.7641e-09,0.073234,0.76192
-4.6697e-05,0.059299,0.73642
-0.0001816,0.046711,0.71218
-0.00039757,0.035519,0.68964
-0.00068979,0.025776,0.66792
-0.0010523,0.01753,0.64681
-0.001477,0.010821,0.62636
-0.0019635,0.0056934,0.60666
-0.0014499,0.011636,0.56282
-0.001018,0.019628,0.52626
-0.0006638,0.029655,0.49513
-0.00038709,0.041719,0.46748
-0.00018465,0.055824,0.44288
-5.5911e-05,0.071983,0.42036
-1.6793e-06,0.090209,0.39983
2.4137e-05,0.11053,0.38121
0.00012559,0.13297,0.36394
0.00030884,0.15755,0.34732
0.00099891,0.14722,0.36026
0.0020688,0.13724,0.36948
0.0035042,0.12762,0.37574
0.005289,0.11836,0.37974
0.0074125,0.10946,0.38163
0.0098652,0.10091,0.38218
0.01263,0.092707,0.38131
0.015695,0.084862,0.37893
0.019054,0.077367,0.37553
0.022694,0.070222,0.37093
0.024351,0.066816,0.29886
0.025974,0.063485,0.24199
0.027562,0.060233,0.19624
0.02913,0.057053,0.15912
0.030667,0.053956,0.12864
0.032189,0.050935,0.10362
0.033686,0.047998,0.082858
0.035167,0.045141,0.065561
0.036628,0.042369,0.051167
0.038066,0.039685,0.039124
0.039878,0.044503,0.058967
0.041836,0.049675,0.082658
0.043953,0.055209,0.10973
0.046235,0.061115,0.13962
0.048684,0.067402,0.17217
0.051316,0.074068,0.20676
0.054122,0.081124,0.24319
0.057105,0.088572,0.28139
0.060261,0.096417,0.32093
0.063608,0.10465,0.36129
0.065517,0.091747,0.26309
0.067501,0.08054,0.18643
0.069561,0.070753,0.12675
0.071693,0.062164,0.081048
0.073887,0.054588,0.046999
0.07614,0.047864,0.023067
0.078456,0.041854,0.0079617
0.080819,0.03645,0.00078572
0.083226,0.031559,-0.0010071
0.085681,0.0271,-0.0081051
0.07896,0.027767,-0.0085306
0.072617,0.028416,-0.0089258
0.066642,0.029044,-0.0092441
0.061008,0.029654,-0.0094929
0.055709,0.030245,-0.0096696
0.050725,0.030818,-0.0097856
0.046042,0.031377,-0.0097917
0.041654,0.031915,-0.0097319
0.037548,0.032433,-0.0096054
0.033706,0.032938,-0.0093684
0.031923,0.025401,-0.0090324
0.030369,0.018872,-0.0088259
0.029024,0.013332,-0.0087143
0.027867,0.0087696,-0.0087174
0.02687,0.0051736,-0.0087038
0.026015,0.0025282,-0.0087142
0.025271,0.00082402,-0.0087332
0.024616,5.1433e-05,-0.0087562
0.024011,-0.00020491,-0.0087702
0.023433,-0.0012806,-0.0087921
0.027631,-0.0010162,-0.0072635
0.032195,-0.0008032,-0.0057938
0.037135,-0.00063453,-0.0044771
0.042461,-0.00050343,-0.0033656
0.048173,-0.00040273,-0.0024035
0.054285,-0.00032736,-0.0016012
0.060792,-0.00027152,-0.00095965
0.067705,-0.00023179,-0.00048675
0.075041,-0.0002061,-0.00018872
0.08279,-0.0001908,-2.6044e-05
0.073671,3.3195e-05,4.0074e-07
0.065011,0.00060166,2.5518e-05
0.05683,0.0018096,6.6998e-05
0.049143,0.003583,9.9586e-05
0.041966,0.0058597,0.00011681
0.035318,0.0085872,0.0001214
0.029213,0.01173,0.0001107
0.023664,0.015265,8.3949e-05
0.018684,0.019184,5.3591e-05
0.014285,0.023488,2.3852e-05
0.016132,0.022017,0.00052598
0.01809,0.020592,0.0016944
0.020155,0.019212,0.0035417
0.022328,0.017871,0.0061208
0.024605,0.016562,0.0094145
0.026983,0.015287,0.013326
0.029459,0.014049,0.017933
0.032033,0.01284,0.023175
0.034704,0.011662,0.029028
0.037461,0.010528,0.035637
0.036853,0.012088,0.036295
0.03625,0.013757,0.037098
0.035657,0.015531,0.037951
0.035067,0.017419,0.038976
0.034485,0.019416,0.040073
0.03391,0.021524,0.041318
0.033342,0.023743,0.04264
0.03278,0.026076,0.044041
0.032226,0.02852,0.045552
0.031679,0.031078,0.04704
0.028443,0.023882,0.050076
0.025466,0.017568,0.053037
0.022733,0.01217,0.056035
0.020225,0.0077203,0.059188
0.017922,0.0042534,0.062376
0.015807,0.0017982,0.065441
0.013861,0.00037837,0.068537
0.01207,-1.3034e-05,0.071512
0.010416,-0.00071463,0.074516
0.0088849,-0.0024861,0.077748
0.0090175,-0.00093375,0.082574
0.00915,-0.00012591,0.08722
0.0092825,6.5605e-05,0.091702
0.0094096,0.00075058,0.095878
0.0095313,0.0021744,0.09995
0.0096436,0.0043291,0.10376
0.0097468,0.0072018,0.10737
0.0098359,0.010784,0.11103
0.0099135,0.015057,0.11461
0.0099759,0.020011,0.11794
0.011582,0.015149,0.11268
0.013258,0.010985,0.10839
0.015008,0.0075004,0.10474
0.016828,0.0046891,0.10139
0.018724,0.0025403,0.098442
0.020699,0.0010476,0.096037
0.022763,0.00020603,0.093864
0.024927,-1.3351e-05,0.091925
0.027206,-0.00047018,0.090116
0.029611,-0.0015795,0.088373
0.030538,-0.0015301,0.092929
0.031487,-0.0014797,0.097589
0.032471,-0.001431,0.1024
0.033476,-0.0013812,0.10708
0.034513,-0.0013326,0.11182
0.035572,-0.0012834,0.11669
0.036665,-0.0012355,0.12167
0.03779,-0.0011887,0.12686
0.038941,-0.0011416,0.13206
0.04011,-0.0010937,0.13709
0.033498,-0.0010336,0.13802
0.02753,-0.00097716,0.13986
0.022201,-0.00092642,0.14268
0.017484,-0.00088003,0.1463
0.013361,-0.00083752,0.15069
0.0098093,-0.0007975,0.1558
0.0068215,-0.0007605,0.16149
0.0043811,-0.00072497,0.16793
0.0024843,-0.0006916,0.17489
0.0011222,-0.00065902,0.18209
0.0015013,-0.00061916,0.18565
0.0019344,-0.0005805,0.18885
0.002424,-0.00054368,0.19143
0.0029687,-0.00050804,0.19307
0.0035686,-0.00047336,0.1941
0.0042265,-0.00043996,0.19466
0.0049353,-0.00040678,0.19467
0.0056984,-0.00037439,0.19414
0.0065274,-0.00034382,0.19349
0.0074011,-0.00031313,0.19208
0.0072919,-3.9135e-06,0.1893
0.0071933,0.00018414,0.18733
0.0071011,0.00084098,0.18631
0.007018,0.001967,0.1862
0.00694,0.0035606,0.18683
0.0068451,0.0056321,0.18818
0.0067379,0.0081901,0.19012
0.0066152,0.011249,0.19242
0.0064673,0.01483,0.19513
0.0062965,0.018951,0.19848
0.006112,0.018635,0.19514
0.0059268,0.018338,0.191
0.0057433,0.018057,0.18639
0.0055557,0.017798,0.18163
0.0053698,0.017557,0.17656
0.0051812,0.017335,0.17102
0.0049933,0.017132,0.16527
0.0048063,0.016947,0.15963
0.004617,0.016781,0.15382
0.0044279,0.016632,0.14782
0.0045607,0.012052,0.11572
0.0046636,0.0083374,0.088871
0.0047434,0.0054056,0.066699
0.0047941,0.0031834,0.04854
0.0048194,0.0015987,0.033906
0.0048179,0.00058526,0.022347
0.0047882,8.132e-05,0.013566
0.0047414,-3.1617e-05,0.0071693
0.0046794,-0.00039364,0.0028972
0.0046032,-0.0011426,0.00057145
0.0048559,-0.00012918,0.00051532
0.005138,0.00011755,0.00046824
0.0054249,0.0010962,0.00042498
0.0056846,0.0031023,0.00036606
0.0059015,0.0062035,0.00031237
0.0060755,0.010478,0.00025569
0.0061903,0.016015,0.00020607
0.0062528,0.022896,0.00016897
0.0062532,0.03121,0.00013507
0.0062032,0.041034,0.00010788
0.0038795,0.043387,0.0011853
0.0021024,0.045787,0.0033441
0.00086102,0.048275,0.0065397
0.00016264,0.050878,0.010709
-1.5929e-05,0.053634,0.015858
-0.00043506,0.056569,0.021998
-0.001441,0.05972,0.029108
-0.003054,0.063114,0.037055
-0.0052982,0.066777,0.045803
-0.0082081,0.070738,0.055603
-0.0069422,0.066564,0.084449
-0.0057656,0.062512,0.11834
-0.0046913,0.058591,0.15672
-0.0037097,0.054796,0.19926
-0.0028302,0.051132,0.24567
-0.002048,0.047589,0.296
-0.0013822,0.044179,0.34964
-0.00083526,0.040896,0.4062
-0.00041803,0.037741,0.46558
-0.00013864,0.034712,0.5278
1.9969e-07,0.033298,0.43878
0.00014401,0.032137,0.36294
0.00052748,0.031197,0.29793
0.001111,0.030457,0.24209
0.0018643,0.029894,0.19394
0.0027623,0.029489,0.15228
0.0037726,0.029232,0.11661
0.0048877,0.029101,0.086487
0.0060876,0.029085,0.061353
0.0073647,0.029167,0.040689
0.0069836,0.028021,0.04247
0.0066152,0.026901,0.044776
0.0062567,0.025807,0.047508
0.0059139,0.024738,0.050531
0.0055772,0.023694,0.053974
0.005249,0.022676,0.057946
0.0049319,0.021681,0.06234
0.0046281,0.020709,0.066982
0.0043286,0.019762,0.072066
0.004044,0.018837,0.077479
0.003979,0.023752,0.077145
0.0039071,0.029299,0.076828
0.00382,0.035503,0.07632
0.0037283,0.042381,0.075719
0.0036293,0.049953,0.074913
0.0035174,0.058245,0.07366
0.0034023,0.067268,0.072116
0.0032762,0.077046,0.070228
0.003146,0.087592,0.068025
0.0030084,0.098926,0.065469
0.0012069,0.092553,0.070285
0.00022018,0.086377,0.075725
-2.4049e-05,0.080403,0.081763
-0.00060165,0.074637,0.088331
-0.001938,0.069075,0.095379
-0.0040256,0.063725,0.10306
-0.0068588,0.058586,0.11123
-0.010438,0.053661,0.11978
-0.014762,0.048951,0.12872
-0.019845,0.044458,0.13807
-0.016429,0.048891,0.1117
-0.013362,0.053548,0.090027
-0.010628,0.058424,0.071977
-0.0082171,0.06352,0.057022
-0.0061263,0.068838,0.044468
-0.0043407,0.074368,0.034004
-0.0028603,0.08011,0.025341
-0.0016884,0.086068,0.018132
-0.00082244,0.092238,0.012301
-0.00026374,0.098619,0.0077759
-5.6783e-05,0.088754,0.0038825
1.5167e-06,0.079675,0.0012903
0.00010148,0.07132,8.6726e-05
0.00036039,0.063633,-0.00030442
0.00078153,0.056563,-0.0019612
0.0013648,0.050069,-0.005012
0.0021161,0.044091,-0.0094558
0.0030366,0.038588,-0.01534
0.0041252,0.033527,-0.022653
0.0053835,0.028869,-0.031289
0.0029511,0.033832,-0.031953
0.0012376,0.039211,-0.032866
0.00025109,0.045033,-0.033857
-1.3237e-05,0.051304,-0.034866
-0.0005454,0.058051,-0.035935
-0.001877,0.065294,-0.037165
-0.0040374,0.073046,-0.038499
-0.007057,0.081322,-0.039855
-0.010968,0.090137,-0.041275
-0.015811,0.099516,-0.042954
-0.015955,0.099022,-0.044451
-0.0161,0.098487,-0.045021
-0.016246,0.097908,-0.044782
-0.016386,0.097273,-0.043834
-0.016525,0.096586,-0.042242
-0.016663,0.095847,-0.040027
-0.016794,0.095047,-0.037316
-0.016927,0.094196,-0.034349
-0.017052,0.093281,-0.031108
-0.017174,0.092311,-0.027761
-0.0153,0.11246,-0.031802
-0.013474,0.13511,-0.03619
-0.011702,0.16035,-0.041098
-0.010001,0.18832,-0.046722
-0.0083833,0.21911,-0.053062
-0.0068647,0.25283,-0.060064
-0.0054593,0.28955,-0.06797
-0.00418,0.32934,-0.076755
-0.0030442,0.37227,-0.086593
-0.0020664,0.41839,-0.097707
-0.0011642,0.42585,-0.061407
-0.00051856,0.43314,-0.034352
-0.00013065,0.44031,-0.01562
-3.7993e-09,0.44733,-0.0044109
0.0001276,0.45427,-8.6215e-05
0.0005139,0.46112,0.002197
0.0011596,0.46789,0.010375
0.002065,0.47461,0.02431
0.0032301,0.48128,0.043774
0.0046568,0.4879,0.068708
0.0025569,0.4774,0.067078
0.001077,0.46756,0.065162
0.00022499,0.45831,0.063104
-8.259e-06,0.44961,0.061029
-0.00043337,0.44143,0.058787
-0.0015051,0.43369,0.056333
-0.0032315,0.42641,0.053763
-0.0056147,0.41951,0.051153
-0.0086585,0.41297,0.048533
-0.012369,0.40677,0.045699
-0.014801,0.36583,0.05025
-0.017387,0.32787,0.05542
-0.020128,0.29274,0.061076
-0.023012,0.26024,0.067049
-0.026029,0.23023,0.073408
-0.029156,0.20251,0.080174
-0.032406,0.17702,0.087361
-0.035773,0.15361,0.094716
-0.039242,0.13218,0.10234
-0.042812,0.11262,0.11008
-0.03864,0.109,0.097637
-0.034662,0.10561,0.086686
-0.030885,0.10244,0.076933
-0.02731,0.099461,0.068027
-0.023946,0.096673,0.060076
-0.020788,0.094054,0.052763
-0.017843,0.091597,0.046162
-0.015117,0.089294,0.040303
-0.012605,0.087126,0.03494
-0.010316,0.08509,0.030173
-0.0085352,0.081372,0.056474
-0.0069205,0.077738,0.090105
-0.0054663,0.074161,0.13046
-0.0041692,0.070617,0.17707
-0.0030318,0.067094,0.22957
-0.002059,0.063581,0.28783
-0.0012626,0.060088,0.35154
-0.00065112,0.056618,0.42046
-0.00023401,0.053168,0.49403
-2.4023e-05,0.049756,0.57185
-0.00019934,0.05006,0.54376
-0.00054592,0.050389,0.51678
-0.001062,0.050728,0.49096
-0.0017516,0.051093,0.46546
-0.0026115,0.05147,0.44072
-0.0036414,0.051861,0.41684
-0.0048421,0.052266,0.39367
-0.0062171,0.052692,0.3707
-0.0077636,0.053131,0.34831
-0.0094815,0.053585,0.32678
-0.0087558,0.048744,0.31486
-0.0080798,0.044134,0.30591
-0.0074524,0.039755,0.29955
-0.0068661,0.035607,0.29559
-0.0063202,0.03169,0.29336
-0.0058091,0.028002,0.29279
-0.0053305,0.024543,0.2935
-0.004882,0.021314,0.29511
-0.0044606,0.018314,0.29767
-0.0040651,0.015542,0.30131
-0.0028169,0.015584,0.2768
-0.0018076,0.015635,0.25717
-0.0010313,0.015698,0.24119
-0.00047329,0.015766,0.22843
-0.00013256,0.015843,0.21798
-1.8186e-06,0.015927,0.2094
7.6785e-05,0.016015,0.20251
0.00035428,0.016109,0.1972
0.00083213,0.016205,0.19308
0.0015074,0.016306,0.18979
0.001299,0.017601,0.13789
0.0011093,0.018776,0.094846
0.00092695,0.01984,0.060589
0.00076029,0.020784,0.03446
0.0006087,0.021621,0.015934
0.00047129,0.022373,0.0045618
0.00035249,0.023067,8.7571e-05
0.00024972,0.02375,-0.0023223
0.00016524,0.024464,-0.011165
9.8256e-05,0.025257,-0.026758
0.00053687,0.033155,-0.027716
0.001347,0.042067,-0.028707
0.0025553,0.051969,-0.029769
0.0041803,0.06285,-0.030871
0.0062462,0.074692,-0.032036
0.0087762,0.087483,-0.03323
0.011784,0.10121,-0.034475
0.01529,0.11587,-0.035759
0.019314,0.13145,-0.037207
0.023879,0.14793,-0.038845
0.024465,0.1246,-0.03411
0.025011,0.10348,-0.029641
0.025518,0.084513,-0.025484
0.025976,0.067633,-0.021636
0.02639,0.052777,-0.018048
0.026779,0.039884,-0.014699
0.027115,0.028897,-0.011623
0.027408,0.019759,-0.0088918
0.027663,0.012414,-0.0064811
0.027888,0.0068097,-0.0043871
0.018839,0.0051639,-0.0056404
0.011673,0.0038909,-0.0070027
0.0062927,0.0029245,-0.0083926
0.0026123,0.0022039,-0.0097311
0.00054548,0.0016712,-0.011036
-1.6375e-05,0.0012674,-0.012371
-0.00098336,0.00093353,-0.01374
-0.0034629,0.00063011,-0.015153
-0.0075157,0.00035456,-0.016729
-0.01322,0.00013364,-0.018421
-0.0073961,-3.0107e-05,-0.027737
-0.0032759,-0.00049468,-0.039188
-0.00081368,-0.001518,-0.052722
1.499e-07,-0.0031251,-0.068093
0.00088122,-0.005363,-0.085158
0.0035303,-0.0082876,-0.10393
0.0080374,-0.011954,-0.12416
0.014496,-0.016415,-0.14562
0.022979,-0.021719,-0.16847
0.033591,-0.027908,-0.19241
0.029155,-0.019135,-0.17897
0.025099,-0.012266,-0.1669
0.021409,-0.0070946,-0.15551
0.018069,-0.0034442,-0.14472
0.015048,-0.0011592,-0.1344
0.01235,-0.00010417,-0.12438
0.009937,0.00016678,-0.11484
0.007815,0.0012561,-0.1059
0.00596,0.0033061,-0.09731
0.0043639,0.0062761,-0.088941
0.0030729,0.0078173,-0.073009
0.0020444,0.0095142,-0.059498
0.00125,0.011367,-0.047901
0.00066325,0.013373,-0.037808
0.00026709,0.015536,-0.029161
4.9361e-05,0.017855,-0.021878
-5.0645e-06,0.020333,-0.015743
-0.00013338,0.022975,-0.010613
-0.00044047,0.025782,-0.0065115
-0.00093446,0.02876,-0.0033826
-0.00039503,0.029584,-0.006122
-8.3487e-05,0.030438,-0.0096454
2.7488e-06,0.03133,-0.013922
0.00015608,0.032272,-0.018918
0.00054834,0.033274,-0.024617
0.0011841,0.034342,-0.031095
0.0020668,0.035485,-0.038291
0.0032113,0.036713,-0.046083
0.0046152,0.038028,-0.054558
0.0062934,0.039438,-0.063749
0.0046966,0.043539,-0.053583
0.0033361,0.047837,-0.044606
0.0022093,0.052334,-0.036733
0.0013129,0.057031,-0.029924
0.00064838,0.061934,-0.023925
0.00021511,0.067044,-0.018712
1.4581e-05,0.072361,-0.014246
-5.0116e-05,0.077891,-0.010523
-0.00032551,0.083633,-0.0074214
-0.00084316,0.089595,-0.0048552
-0.00045788,0.10591,-0.0051146
-0.00017553,0.12409,-0.0054121
-2.1727e-05,0.14424,-0.005715
1.9618e-05,0.16646,-0.0060592
0.00019418,0.19082,-0.0063998
0.00056992,0.2174,-0.0067151
0.0011717,0.24627,-0.007043
0.0020281,0.27752,-0.0074202
0.003162,0.31118,-0.0078283
0.0045961,0.3473,-0.0081971
0.0035527,0.339,-0.0029581
0.002677,0.33082,-0.00034738
0.0019372,0.32272,0.00028635
0.0013334,0.31471,0.0027534
0.00085318,0.30681,0.0077173
0.00048683,0.299,0.015052
0.00022691,0.29127,0.024751
6.7916e-05,0.28365,0.036853
2.3381e-06,0.27612,0.05126
-2.5458e-05,0.26869,0.067743
-0.00076877,0.27401,0.050363
-0.0025305,0.27946,0.037193
-0.0053065,0.28502,0.027061
-0.0090892,0.29067,0.019231
-0.013884,0.2964,0.013252
-0.019693,0.30221,0.0087944
-0.02653,0.30808,0.0054879
-0.034399,0.31402,0.0030869
-0.043307,0.32001,0.0014666
-0.053263,0.32606,0.00050321
-0.055255,0.30428,-0.0016188
-0.057222,0.28381,-0.0098346
-0.059202,0.26451,-0.023982
-0.061173,0.24629,-0.043109
-0.063134,0.22906,-0.066606
-0.065108,0.21273,-0.094036
-0.067099,0.19724,-0.12504
-0.069085,0.18255,-0.15924
-0.071062,0.1686,-0.19637
-0.073066,0.15533,-0.23658
-0.080202,0.16004,-0.1851
-0.087691,0.16479,-0.14443
-0.095477,0.1696,-0.112
-0.1036,0.17446,-0.085916
-0.11203,0.17938,-0.064919
-0.1208,0.18436,-0.048144
-0.12988,0.1894,-0.034699
-0.13931,0.19449,-0.024048
-0.14906,0.19965,-0.015754
-0.15914,0.20486,-0.0095085
-0.1434,0.20802,-0.016906
-0.12853,0.21102,-0.024462
-0.11451,0.21387,-0.031682
-0.10135,0.21657,-0.038427
-0.089037,0.21912,-0.044495
-0.077542,0.22154,-0.049932
-0.066858,0.22384,-0.054703
-0.056997,0.226,-0.058642
-0.04794,0.22804,-0.06195
-0.039689,0.22995,-0.064827
-0.038546,0.23252,-0.058503
-0.037441,0.23505,-0.054428
-0.036382,0.23754,-0.052115
-0.035354,0.23999,-0.051298
-0.03437,0.24241,-0.051604
-0.033404,0.2448,-0.052811
-0.032481,0.24715,-0.054866
-0.031577,0.24948,-0.057813
-0.03071,0.25177,-0.061495
-0.029859,0.25403,-0.065827
-0.025357,0.25335,-0.07944
-0.021244,0.25284,-0.093053
-0.017514,0.25248,-0.10661
-0.014157,0.25226,-0.1199
-0.011176,0.25218,-0.13297
-0.0085477,0.25223,-0.14607
-0.0062865,0.25239,-0.15909
-0.0043783,0.25267,-0.17217
-0.0028177,0.25305,-0.18527
-0.001603,0.25353,-0.1982
-0.0033441,0.24429,-0.18541
-0.0057009,0.23523,-0.17328
-0.0086625,0.22635,-0.16182
-0.012216,0.21767,-0.15091
-0.016335,0.20918,-0.14024
-0.021044,0.20086,-0.13022
-0.026308,0.19273,-0.12053
-0.032132,0.18476,-0.11125
-0.038509,0.17698,-0.10241
-0.045428,0.16937,-0.093993
-0.042669,0.16067,-0.10516
-0.040006,0.15226,-0.11713
-0.037427,0.14415,-0.12976
-0.034939,0.13632,-0.14337
-0.032537,0.12876,-0.15768
-0.030228,0.12147,-0.17272
-0.027994,0.11445,-0.18869
-0.025856,0.10767,-0.20499
-0.0238,0.10114,-0.22202
-0.02183,0.094846,-0.23949
-0.020713,0.083115,-0.22886
-0.019588,0.07243,-0.21887
-0.018463,0.062725,-0.20925
-0.017341,0.053935,-0.19971
-0.016219,0.046005,-0.19047
-0.015104,0.038879,-0.18173
-0.014,0.032506,-0.17335
-0.012913,0.026839,-0.16496
-0.011845,0.021833,-0.15686
-0.0108,0.017447,-0.14918
-0.0111,0.015664,-0.10958
-0.011502,0.014074,-0.077559
-0.011999,0.012657,-0.051981
-0.012587,0.01139,-0.032276
-0.013262,0.010253,-0.017681
-0.014021,0.0092256,-0.0076823
-0.014844,0.0082882,-0.0018941
-0.015724,0.0074227,3.4274e-08
-0.016643,0.0066128,0.0018902
-0.017579,0.0058454,0.0075446
-0.013829,0.0055342,0.00025684
-0.010632,0.0052447,-0.0026298
-0.0079013,0.0049699,-0.013546
-0.0055722,0.0047019,-0.032632
-0.0036173,0.0044351,-0.060362
-0.0020423,0.0041659,-0.097667
-0.00088102,0.0038936,-0.14521
-0.00018414,0.0036198,-0.20334
9.9821e-06,0.0033465,-0.27252
0.00042027,0.0030761,-0.35302
0.0004399,0.0031221,-0.37281
0.00046195,0.0031726,-0.3932
0.00048689,0.0032269,-0.41443
0.0005144,0.0032857,-0.437
0.00054445,0.0033495,-0.46042
0.00057794,0.0034168,-0.48449
0.0006145,0.0034884,-0.50936
0.00065447,0.0035637,-0.53565
0.0006976,0.0036436,-0.56276
0.00074443,0.0037272,-0.59039
0.00012284,0.0045294,-0.53309
-2.246e-05,0.0053987,-0.48274
-0.00040906,0.0063348,-0.43766
-0.0012531,0.0073351,-0.39668
-0.0025292,0.0083995,-0.3594
-0.004216,0.0095272,-0.32562
-0.0062962,0.010719,-0.29459
-0.0087549,0.011971,-0.26569
-0.011582,0.013288,-0.23896
-0.014769,0.014666,-0.21427
-0.015241,0.013867,-0.23498
-0.015721,0.013074,-0.25575
-0.016209,0.012291,-0.27668
-0.016703,0.01152,-0.29783
-0.017205,0.010763,-0.31899
-0.017713,0.010024,-0.3401
-0.018228,0.0093013,-0.36114
-0.018749,0.0085999,-0.38203
-0.019278,0.0079203,-0.40277
-0.019813,0.0072648,-0.4237
-0.017831,0.0049897,-0.38067
-0.016038,0.0031739,-0.34225
-0.014415,0.0017918,-0.30729
-0.012948,0.00081797,-0.27522
-0.011622,0.00022908,-0.24588
-0.010424,3.7319e-06,-0.21876
-0.0093423,-0.00012153,-0.19386
-0.008366,-0.00056394,-0.17119
-0.0074842,-0.0013136,-0.15033
-0.0066878,-0.002355,-0.13106
-0.0052399,-0.0015328,-0.15179
-0.0039655,-0.00087078,-0.17377
-0.0028657,-0.00038322,-0.19688
-0.0019416,-8.7043e-05,-0.22089
-0.0011948,1.5516e-06,-0.2458
-0.00062699,0.00014729,-0.2713
-0.0002396,0.00054614,-0.29754
-3.4655e-05,0.0012194,-0.32412
1.3981e-05,0.0021891,-0.35119
0.00017952,0.0034777,-0.3787
0.00010525,0.0074809,-0.31507
5.059e-05,0.012771,-0.2626
1.57e-05,0.019251,-0.21847
6.5482e-07,0.026873,-0.18105
-5.5018e-06,0.035629,-0.14885
-3.0206e-05,0.045538,-0.12076
-7.4779e-05,0.056664,-0.096437
-0.00013909,0.069073,-0.075344
-0.00022304,0.082857,-0.057161
-0.00032643,0.098115,-0.041797
-0.00084901,0.09611,-0.054759
-0.0016161,0.094126,-0.068322
-0.0026269,0.092156,-0.082258
-0.0038808,0.090203,-0.096601
-0.0053776,0.088267,-0.11104
-0.0071159,0.086341,-0.12526
-0.0090956,0.08443,-0.13937
-0.011314,0.082524,-0.15345
-0.013773,0.080634,-0.16727
-0.016469,0.078754,-0.18057
-0.0096874,0.08262,-0.15558
-0.0047302,0.086504,-0.13373
-0.0015475,0.090422,-0.11462
-0.00010096,0.094377,-0.097835
0.00036643,0.098387,-0.082963
0.0023319,0.10246,-0.069653
0.0059989,0.10661,-0.057745
0.011376,0.11085,-0.047262
0.018488,0.11518,-0.037945
0.02736,0.11963,-0.029687
0.025093,0.11915,-0.032523
0.022917,0.11868,-0.035952
0.020839,0.11822,-0.039908
0.018858,0.11777,-0.044337
0.016977,0.11732,-0.049257
0.015189,0.11689,-0.054938
0.013499,0.11647,-0.061187
0.011906,0.11605,-0.067869
0.010412,0.11564,-0.075155
0.0090197,0.11523,-0.08305
0.0075483,0.10521,-0.051863
0.0062892,0.095772,-0.029036
0.0052202,0.086901,-0.013292
0.0043051,0.07856,-0.0038776
0.0035292,0.070728,-0.0001196
0.0028679,0.063378,0.0014891
0.0023052,0.056489,0.0075485
0.0018246,0.050041,0.018067
0.0014138,0.044014,0.032789
0.0010622,0.038392,0.051422
0.00037558,0.037052,0.053887
3.9432e-05,0.03576,0.056276
-4.5609e-05,0.034507,0.058682
-0.00038894,0.03329,0.061152
-0.0010651,0.032106,0.063634
-0.0020747,0.030949,0.066296
-0.0034191,0.029814,0.06896
-0.0051019,0.028699,0.071538
-0.0071217,0.027605,0.074137
-0.0094973,0.026522,0.076801
-0.0087611,0.025286,0.041278
-0.0080481,0.024052,0.018217
-0.0073608,0.022829,0.0050972
-0.0066955,0.021625,0.00013347
-0.0060604,0.020443,-0.0021019
-0.0054566,0.01929,-0.01041
-0.0048848,0.018171,-0.024808
-0.0043447,0.017093,-0.045429
-0.0038377,0.016058,-0.072459
-0.0033689,0.015062,-0.10597
-0.0043263,0.015155,-0.087934
-0.0054258,0.015286,-0.072034
-0.0066799,0.015446,-0.058108
-0.0080861,0.015635,-0.046074
-0.0096435,0.015847,-0.035697
-0.011358,0.016075,-0.0267
-0.013223,0.016314,-0.019119
-0.015235,0.016562,-0.012833
-0.017386,0.016813,-0.0078387
-0.019676,0.017061,-0.0041228
-0.017307,0.015904,-0.0030134
-0.015124,0.014784,-0.0020761
-0.01311,0.013707,-0.0013136
-0.011258,0.012673,-0.00073202
-0.0095753,0.011676,-0.00032263
-0.008044,0.010722,-8.398e-05
-0.0066617,0.0098103,-2.4492e-07
-0.0054312,0.0089346,6.7514e-05
-0.0043288,0.0081094,0.00027215
-0.0033696,0.0073186,0.00063921
-0.0034008,0.0067306,0.00012094
-0.0034297,0.0061779,-6.4017e-06
-0.0034633,0.0056521,-0.00024336
-0.0034956,0.0051561,-0.00081768
-0.0035307,0.0046845,-0.0017048
-0.0035619,0.0042408,-0.0028814
-0.003596,0.0038183,-0.0043292
-0.0036299,0.0034182,-0.0059906
-0.003661,0.0030412,-0.0078958
-0.0036979,0.0026818,-0.010087
-0.0027926,0.0053862,-0.012849
-0.0020345,0.0091315,-0.015587
-0.0014195,0.014011,-0.018196
-0.00093384,0.020128,-0.020646
-0.00056157,0.027599,-0.022944
-0.00029619,0.036503,-0.024917
-0.00012077,0.046956,-0.026619
-2.5677e-05,0.059046,-0.02808
3.1927e-07,0.072862,-0.029369
3.5456e-05,0.088504,-0.030614
0.00029448,0.0739,-0.030526
0.00079047,0.060778,-0.030433
0.0015074,0.049081,-0.030407
0.0024286,0.038753,-0.030489
0.0035456,0.029753,-0.030669
0.004843,0.022022,-0.030771
0.0063077,0.015512,-0.03094
0.0079371,0.010185,-0.031116
0.0097344,0.0060062,-0.03131
0.011685,0.0029352,-0.031649
0.0075705,0.0033406,-0.027264
0.0043738,0.0038327,-0.023161
0.0020601,0.0044129,-0.019406
0.00061574,0.0050893,-0.016044
1.8647e-05,0.0058522,-0.013029
-0.00025981,0.00669,-0.010279
-0.0013369,0.0075792,-0.0078423
-0.0032582,0.008492,-0.00578
-0.0060411,0.0094004,-0.0040257
-0.0097005,0.010287,-0.0025529
-0.0095729,0.010094,-0.0064584
-0.0094575,0.0098901,-0.012125
-0.0093534,0.0096721,-0.019509
-0.0092663,0.0094333,-0.028717
-0.0092011,0.0091686,-0.039683
-0.0091563,0.0088777,-0.052364
-0.0091312,0.0085607,-0.066818
-0.0091365,0.0082133,-0.083079
-0.0091641,0.007841,-0.10109
-0.0092232,0.0074422,-0.12055
-0.011742,0.0082553,-0.1406
-0.014563,0.0091772,-0.16211
-0.017675,0.010218,-0.18499
-0.021094,0.011377,-0.20945
-0.024805,0.012668,-0.23515
-0.02881,0.014094,-0.26214
-0.033077,0.015668,-0.29048
-0.037658,0.017384,-0.31979
-0.042538,0.019248,-0.34977
-0.047667,0.021277,-0.38065
-0.046194,0.023931,-0.42054
-0.044767,0.026766,-0.4616
-0.043366,0.029786,-0.50365
-0.04203,0.032984,-0.54593
-0.040723,0.036367,-0.58888
-0.039436,0.03994,-0.63232
-0.038204,0.04369,-0.67594
-0.036989,0.047628,-0.71953
-0.035798,0.05175,-0.76308
-0.034638,0.056052,-0.80755
-0.037137,0.064741,-0.74862
-0.039726,0.073915,-0.69857
-0.042383,0.083584,-0.65566
-0.045129,0.09374,-0.61831
-0.047939,0.10439,-0.58498
-0.050874,0.11552,-0.55485
-0.053886,0.12715,-0.52738
-0.056964,0.13927,-0.50224
-0.060136,0.15189,-0.479
-0.063393,0.165,-0.4571
-0.051524,0.16459,-0.39366
-0.041081,0.16471,-0.33763
-0.031984,0.16532,-0.28758
-0.024132,0.16638,-0.24304
-0.017491,0.16784,-0.20309
-0.011983,0.16966,-0.1673
-0.0075643,0.17181,-0.13549
-0.0041907,0.17426,-0.1072
-0.0018243,0.17697,-0.082503
-0.00043474,0.17992,-0.061153
-0.00030349,0.17058,-0.057639
-0.00019226,0.16126,-0.055137
-0.00010421,0.15199,-0.053458
-4.13e-05,0.14279,-0.052362
-6.392e-06,0.13369,-0.051832
2.2259e-06,0.12471,-0.051858
3.1647e-05,0.11587,-0.052352
9.7212e-05,0.10718,-0.053339
0.0002022,0.09869,-0.054698
0.0003489,0.0904,-0.056401
-3.7858e-05,0.10938,-0.050834
-0.00098092,0.13063,-0.045758
-0.003234,0.15432,-0.040918
-0.0068544,0.18059,-0.036342
-0.011903,0.20957,-0.03203
-0.018434,0.24139,-0.027971
-0.026516,0.27616,-0.024193
-0.036196,0.31397,-0.020763
-0.047517,0.35491,-0.017674
-0.060545,0.39903,-0.014809
-0.062435,0.39888,-0.0048413
-0.064324,0.39861,-0.00033386
-0.066241,0.3982,0.0010608
-0.068135,0.39771,0.0068567
-0.070054,0.39711,0.017575
-0.071982,0.39642,0.032942
-0.073927,0.39563,0.052849
-0.075888,0.39476,0.077057
-0.077856,0.39382,0.10538
-0.07983,0.39282,0.13778
-0.075065,0.40009,0.092329
-0.070484,0.40775,0.060001
-0.066091,0.41575,0.037048
-0.061865,0.42405,0.021052
-0.057793,0.43266,0.010331
-0.053875,0.44153,0.0037974
-0.050114,0.45066,0.0005809
-0.0465,0.46004,-0.00013124
-0.043026,0.46966,-0.0020441
-0.039694,0.47952,-0.0059736
-0.034891,0.43841,-0.0027804
-0.030694,0.4006,-0.001136
-0.027029,0.36577,-0.00033961
-0.023827,0.33369,-3.1136e-05
-0.021041,0.3041,2.6193e-05
-0.018611,0.27682,0.00019571
-0.016505,0.25166,0.00046393
-0.014677,0.22845,0.00080755
-0.013099,0.20704,0.0011889
-0.01174,0.18731,0.0015796
-0.011235,0.18842,0.00020052
-0.01075,0.18952,-0.00010106
-0.010278,0.19064,-0.0010974
-0.0098225,0.19175,-0.0030117
-0.0093815,0.19287,-0.005735
-0.0089533,0.19399,-0.0092207
-0.0085385,0.19511,-0.013369
-0.0081336,0.19623,-0.018048
-0.0077449,0.19735,-0.023259
-0.0073646,0.19847,-0.029014
-0.0057099,0.19134,-0.031115
-0.0042639,0.18432,-0.033361
-0.0030314,0.17741,-0.035836
-0.0020044,0.17062,-0.038419
-0.0011906,0.16395,-0.041224
-0.00058763,0.1574,-0.044334
-0.00019479,0.15096,-0.047657
-1.3478e-05,0.14465,-0.051244
4.365e-05,0.13846,-0.054994
0.00028496,0.1324,-0.058823
0.00024468,0.1229,-0.028186
0.00020268,0.1141,-0.0099114
0.00016118,0.10592,-0.0013239
0.00012186,0.098278,0.00049926
8.6169e-05,0.091096,0.0060366
5.5945e-05,0.084319,0.016901
3.1463e-05,0.077897,0.032443
1.3883e-05,0.071789,0.052182
3.2965e-06,0.065961,0.075786
-6.1276e-09,0.060388,0.10281
0.00044407,0.066236,0.054218
0.0017691,0.072306,0.022998
0.0039699,0.078621,0.0055645
0.007054,0.085207,2.9482e-08
0.011044,0.092087,-0.0052983
0.015968,0.099282,-0.02104
0.021863,0.10681,-0.046903
0.02877,0.11467,-0.082458
0.036717,0.12289,-0.12735
0.04575,0.13147,-0.18098
0.047896,0.13401,-0.14429
0.050072,0.1365,-0.11482
0.052275,0.13895,-0.091068
0.054516,0.14137,-0.071797
0.05679,0.14377,-0.056066
0.059103,0.14615,-0.043119
0.061458,0.14851,-0.032529
0.063853,0.15086,-0.024053
0.066289,0.1532,-0.017206
0.068764,0.15553,-0.011704
0.057192,0.15127,-0.015452
0.046773,0.14732,-0.019756
0.037473,0.14364,-0.024519
0.02926,0.1402,-0.029789
0.022112,0.13699,-0.035579
0.015997,0.13397,-0.041743
0.010901,0.13113,-0.048482
0.0067944,0.12844,-0.055655
0.0036641,0.12589,-0.063249
0.0015016,0.12345,-0.071386
0.0044339,0.11987,-0.059252
0.0088844,0.11634,-0.047951
0.014839,0.11286,-0.037614
0.022293,0.10942,-0.028251
0.031255,0.10604,-0.020045
0.041723,0.10271,-0.013156
0.053739,0.09943,-0.0076351
0.067327,0.096202,-0.0036032
0.08253,0.093025,-0.0010498
0.099388,0.0899,-1.775e-05
0.082284,0.10515,-0.00032978
0.066836,0.12151,-0.0010372
0.053004,0.13899,-0.0021808
0.040774,0.15762,-0.0037477
0.03014,0.17741,-0.0056849
0.021076,0.19843,-0.0081542
0.013603,0.22068,-0.011097
0.0077402,0.24422,-0.014415
0.0035021,0.26906,-0.018172
0.00091075,0.29524,-0.022513
0.0016511,0.28382,-0.013263
0.0026126,0.27269,-0.0067696
0.0038037,0.26184,-0.0024456
0.005213,0.25128,-0.00037507
0.0068482,0.24099,9.4939e-05
0.0087063,0.23097,0.0014221
0.010791,0.2212,0.0042115
0.013106,0.21168,0.0084235
0.015648,0.20241,0.013897
0.01842,0.19338,0.020541
0.014465,0.17227,0.013635
0.011089,0.15257,0.0084703
0.0082585,0.13424,0.0048788
0.0059138,0.11724,0.0023859
0.0040181,0.10153,0.00082533
0.0025367,0.087085,0.00010191
0.0014294,0.073862,-6.0345e-05
0.00066096,0.061831,-0.00061956
0.00019826,0.050963,-0.0016954
8.4846e-06,0.041227,-0.0032527
2.351e-05,0.040077,-0.0009558
4.5396e-05,0.038955,-3.1286e-05
7.3934e-05,0.037857,0.00036776
0.00010953,0.036783,0.0019634
0.00015154,0.035729,0.0047422
0.00019996,0.034694,0.0086013
0.00025487,0.033676,0.013498
0.00031712,0.032674,0.019579
0.00038636,0.031687,0.026666
0.00046246,0.03071,0.034567
0.00028497,0.028662,0.032247
0.00015026,0.026773,0.030093
5.8866e-05,0.025033,0.028411
9.6422e-06,0.023426,0.027058
-2.1523e-06,0.021936,0.025773
-3.5965e-05,0.020558,0.024835
-0.00011103,0.019276,0.023899
-0.00022736,0.018084,0.023044
-0.00038462,0.016973,0.022307
-0.00057813,0.015945,0.022349
-0.00081187,0.015762,0.019489
-0.0010844,0.015565,0.016815
-0.0013969,0.015355,0.014265
-0.0017458,0.015136,0.012037
-0.0021324,0.01491,0.010016
-0.0025609,0.014672,0.0080505
-0.003024,0.014431,0.0064041
-0.0035244,0.014187,0.0050016
-0.0040628,0.013939,0.0037837
-0.0046401,0.01369,0.0027499
-0.0033104,0.015272,0.00078362
-0.0022062,0.016943,1.7334e-05
-0.0013249,0.018699,-0.00038656
-0.0006634,0.020542,-0.0018885
-0.00022537,0.022471,-0.0045337
-1.6929e-05,0.024488,-0.0082551
4.8273e-05,0.026592,-0.01311
0.00033094,0.028781,-0.019185
0.00088011,0.031061,-0.0263
0.0017085,0.033426,-0.034624
0.001655,0.036208,-0.0526
0.0015847,0.039076,-0.074106
0.0014969,0.042022,-0.099452
0.0013925,0.04504,-0.12893
0.0012793,0.048146,-0.16137
0.0011539,0.051319,-0.19795
0.0010189,0.054556,-0.23858
0.00088029,0.057865,-0.28265
0.00074828,0.061279,-0.32741
0.00061417,0.064745,-0.37698
0.0016874,0.068292,-0.36555
0.0032869,0.071912,-0.35466
0.0054081,0.0756,-0.34427
0.0080513,0.079363,-0.33444
0.011225,0.083211,-0.32451
0.014924,0.087135,-0.31581
0.019157,0.09114,-0.30715
0.023933,0.095232,-0.29852
0.029255,0.099409,-0.28989
0.035142,0.10368,-0.28082
0.040359,0.095699,-0.20563
0.04582,0.088037,-0.1486
0.051507,0.080681,-0.10477
0.057456,0.073663,-0.071389
0.063632,0.066951,-0.045978
0.070051,0.060555,-0.027071
0.076731,0.054484,-0.013743
0.083663,0.048726,-0.0051492
0.090884,0.043297,-0.00078728
0.098381,0.038183,0.00019268
0.091835,0.054762,-0.00071684
0.085531,0.074486,-0.004381
0.079441,0.097492,-0.010824
0.073586,0.12396,-0.019737
0.067953,0.15407,-0.030837
0.062541,0.18797,-0.043953
0.057359,0.22586,-0.058799
0.052408,0.26789,-0.075073
0.047668,0.31417,-0.092397
0.043165,0.36485,-0.11103
0.039177,0.36767,-0.13195
0.035409,0.37047,-0.15355
0.031839,0.37321,-0.17534
0.028473,0.37591,-0.19719
0.025309,0.37858,-0.21935
0.022336,0.38118,-0.24171
0.019566,0.38376,-0.26462
0.01698,0.38626,-0.28715
0.014587,0.38872,-0.30994
0.012397,0.3912,-0.33382
0.016647,0.37599,-0.34618
0.021497,0.36131,-0.35716
0.026931,0.3471,-0.36653
0.032938,0.33336,-0.37418
0.039515,0.32006,-0.38066
0.046655,0.30719,-0.38598
0.054345,0.29471,-0.39018
0.062581,0.28263,-0.39322
0.071357,0.27092,-0.39539
0.080664,0.25957,-0.39702
0.080003,0.24625,-0.43661
0.079335,0.23355,-0.47278
0.078664,0.22146,-0.50591
0.07798,0.20993,-0.53577
0.077298,0.19896,-0.56329
0.076611,0.18853,-0.58819
0.075911,0.17858,-0.6108
0.075209,0.16912,-0.63124
0.074503,0.16012,-0.6499
0.073787,0.15156,-0.66717
0.077268,0.15432,-0.64226
0.080848,0.15712,-0.62769
0.084531,0.15993,-0.62089
0.08828,0.16274,-0.61897
0.092149,0.1656,-0.62231
0.096111,0.16848,-0.62959
0.10016,0.17138,-0.63975
0.10428,0.17427,-0.65188
0.10849,0.17719,-0.66608
0.1128,0.18013,-0.68262
0.11324,0.1655,-0.58247
0.11338,0.15168,-0.49574
0.11318,0.13859,-0.41904
0.11268,0.12621,-0.35091
0.11194,0.11459,-0.29159
0.1109,0.1036,-0.23874
0.1096,0.093263,-0.19247
0.10809,0.083575,-0.15232
0.10634,0.074499,-0.11764
0.10438,0.066013,-0.088086
0.11435,0.066197,-0.095347
0.12485,0.066391,-0.10293
0.13584,0.066559,-0.11038
0.14736,0.066723,-0.11809
0.15941,0.066879,-0.12594
0.17198,0.067033,-0.13384
0.18508,0.067171,-0.14175
0.19872,0.067308,-0.14998
0.2129,0.067444,-0.15844
0.22761,0.067567,-0.16681
0.22494,0.069522,-0.13304
0.22243,0.071492,-0.10584
0.22,0.073446,-0.083495
0.2177,0.075412,-0.065194
0.21547,0.077372,-0.050146
0.21335,0.079345,-0.037811
0.21128,0.081312,-0.027766
0.20928,0.08328,-0.019709
0.20735,0.085258,-0.013341
0.2055,0.08725,-0.0084624
0.21316,0.079364,-0.0066845
0.22094,0.071925,-0.0050714
0.22878,0.064887,-0.0036152
0.23668,0.058252,-0.0023917
0.24466,0.052007,-0.0013997
0.25273,0.046151,-0.0006672
0.26088,0.040673,-0.00020183
0.26913,0.035569,-6.2888e-06
0.27744,0.030822,8.6009e-05
0.28585,0.026432,0.00043418
0.27642,0.026664,-0.0052079
0.26729,0.02693,-0.024575
0.25835,0.027205,-0.054913
0.2496,0.02749,-0.093727
0.24101,0.027783,-0.13938
0.23261,0.028092,-0.19087
0.22433,0.028397,-0.24697
0.21623,0.028723,-0.30703
0.20822,0.02903,-0.37025
0.20037,0.029355,-0.43672
0.19513,0.024781,-0.39861
0.19036,0.02069,-0.36829
0.186,0.017046,-0.34376
0.18198,0.013808,-0.32356
0.1783,0.010964,-0.30661
0.17491,0.0084888,-0.29224
0.17177,0.0063609,-0.27968
0.16887,0.0045639,-0.26837
0.16619,0.0030843,-0.25825
0.16371,0.0019079,-0.24922
0.15935,0.0033346,-0.21378
0.1551,0.0051191,-0.18506
0.15098,0.0072503,-0.16171
0.14696,0.0097132,-0.14252
0.14304,0.012498,-0.12645
0.13921,0.015592,-0.11274
0.13546,0.018995,-0.1011
0.13179,0.022696,-0.091178
0.12819,0.026695,-0.082677
0.12467,0.030988,-0.075236
0.13067,0.029701,-0.082814
0.13682,0.028445,-0.089581
0.14312,0.027218,-0.09559
0.14956,0.026016,-0.10086
0.15616,0.024842,-0.10542
0.16292,0.023702,-0.10949
0.16981,0.022577,-0.11276
0.17687,0.021485,-0.1157
0.18407,0.020416,-0.11809
0.19141,0.019371,-0.11984
0.18464,0.016133,-0.13725
0.17798,0.013206,-0.1545
0.17146,0.010586,-0.17182
0.16507,0.0082687,-0.18903
0.1588,0.0062484,-0.20633
0.15265,0.0045166,-0.22379
0.14665,0.0030744,-0.24119
0.14076,0.0019123,-0.25863
0.13499,0.0010283,-0.27617
0.12936,0.00041832,-0.29405
0.11809,0.00053109,-0.22261
0.10757,0.00065932,-0.16643
0.097775,0.00080764,-0.12203
0.08862,0.0009707,-0.08701
0.080079,0.0011511,-0.059559
0.07212,0.0013501,-0.038483
0.064713,0.0015688,-0.022796
0.057829,0.0018086,-0.0117
0.05143,0.0020672,-0.0044709
0.0455,0.0023481,-0.00073888
0.041862,0.0026069,-0.00013348
0.038473,0.0028747,1.1079e-05
0.035299,0.0031448,0.0003266
0.032337,0.0034213,0.0010685
0.029563,0.0037009,0.0022064
0.026968,0.0039846,0.0037353
0.024541,0.0042731,0.0056263
0.022266,0.0045643,0.0078094
0.020138,0.0048617,0.010306
0.018142,0.0051622,0.013012
0.020242,0.0065655,0.0078497
0.02247,0.0081668,0.0040125
0.024839,0.0099886,0.0014589
0.027355,0.012053,0.00016824
0.030027,0.014386,-0.00014926
0.03286,0.017012,-0.0013783
0.035865,0.019958,-0.0038423
0.039053,0.023254,-0.0075221
0.042422,0.026919,-0.012349
0.045985,0.030984,-0.018276
0.047548,0.036107,-0.013233
0.049127,0.041595,-0.0091953
0.050724,0.047442,-0.006021
0.052334,0.053637,-0.0035684
0.05396,0.060177,-0.0018164
0.0556,0.067054,-0.00066917
0.057254,0.074262,-9.5873e-05
0.058923,0.081797,2.8313e-05
0.060605,0.089655,0.00039183
0.062299,0.09783,0.0011507
0.056809,0.07952,0.0017339
0.051605,0.06335,0.002387
0.046679,0.049225,0.0031219
0.042037,0.037064,0.0039721
0.037659,0.026774,0.0048633
0.033551,0.018277,0.0057741
0.029708,0.011495,0.006711
0.026123,0.0063471,0.0076214
0.02279,0.0027603,0.0085506
0.019702,0.00066504,0.0095383
0.014862,0.00074336,0.0017691
0.010856,0.00083108,-9.5115e-05
0.0075813,0.00092813,-0.0034359
0.0049431,0.0010334,-0.01112
0.0028714,0.0011445,-0.023004
0.0013403,0.0012592,-0.039495
0.00036656,0.0013747,-0.06112
1.1293e-06,0.0014898,-0.088373
-0.00031245,0.0016039,-0.12201
-0.0013761,0.0017166,-0.16237
-0.00063837,0.00087224,-0.12142
-0.00019705,0.00032932,-0.087702
-1.1575e-05,5.304e-05,-0.060363
4.3831e-05,-9.2689e-06,-0.038584
0.00025723,-0.00016426,-0.022092
0.00061778,-0.00048535,-0.010342
0.0010977,-0.00094456,-0.0031107
0.0016886,-0.0015308,-0.0001143
0.0024137,-0.002265,0.0011883
0.0033155,-0.0031869,0.0064894
0.0046182,-0.0020448,8.5309e-05
0.0061462,-0.001184,-0.0036496
0.0078823,-0.00053845,-0.017229
0.0098232,-0.00012326,-0.042187
0.011959,4.3694e-06,-0.079948
0.014286,0.00026916,-0.13158
0.016804,0.0010121,-0.19802
0.019511,0.002329,-0.27959
0.02241,0.0043138,-0.37632
0.025497,0.0070573,-0.48748
0.028226,0.0081022,-0.41548
0.030948,0.0091619,-0.3516
0.033662,0.01023,-0.29455
0.036362,0.011303,-0.24331
0.039039,0.012378,-0.19766
0.041696,0.013451,-0.15747
0.044329,0.014525,-0.12214
0.046951,0.015597,-0.09138
0.049565,0.01667,-0.065187
0.052173,0.017749,-0.043597
0.051862,0.017169,-0.075661
0.051478,0.016575,-0.11583
0.051023,0.015959,-0.16397
0.050485,0.015322,-0.21971
0.049855,0.014668,-0.28298
0.049138,0.013997,-0.35356
0.048347,0.013309,-0.4309
0.047469,0.012612,-0.5154
0.046519,0.011907,-0.60618
0.045493,0.011202,-0.70264
0.048334,0.01114,-0.62268
0.051133,0.011085,-0.55812
0.053904,0.011036,-0.5046
0.056657,0.01099,-0.45908
0.059397,0.010948,-0.42008
0.062123,0.010911,-0.38666
0.064854,0.010875,-0.35747
0.067576,0.010843,-0.33178
0.070308,0.010812,-0.30896
0.073042,0.010785,-0.28824
0.062629,0.016613,-0.23319
0.053152,0.023338,-0.18601
0.044552,0.030849,-0.14577
0.036785,0.039068,-0.11152
0.029823,0.047947,-0.082658
0.023632,0.057477,-0.058532
0.018179,0.067681,-0.038955
0.013453,0.078603,-0.023567
0.009436,0.090321,-0.012141
0.0061222,0.10292,-0.0045667
0.0065323,0.10663,-0.0081273
0.0069397,0.11039,-0.012394
0.0073375,0.11423,-0.017143
0.0077264,0.11813,-0.02215
0.0081043,0.12211,-0.027334
0.0084743,0.12615,-0.032669
0.008829,0.13027,-0.037968
0.0091754,0.13445,-0.04326
0.0095194,0.13869,-0.048578
0.0098448,0.14301,-0.053535
0.00666,0.1657,-0.054627
0.0040963,0.19026,-0.05563
0.0021509,0.21674,-0.056572
0.00082926,0.24517,-0.05735
0.00012633,0.27557,-0.058008
-3.9871e-05,0.30798,-0.058567
-0.00057042,0.34242,-0.05918
-0.0017146,0.37889,-0.059755
-0.0034693,0.41742,-0.060281
-0.0058365,0.45801,-0.060841
-0.0047839,0.43569,-0.054109
-0.0038404,0.41426,-0.048775
-0.0030034,0.39368,-0.044547
-0.0022675,0.37393,-0.041197
-0.001638,0.35494,-0.038512
-0.0011128,0.33667,-0.036402
-0.0006868,0.31914,-0.034799
-0.00036525,0.30226,-0.033438
-0.00014431,0.28604,-0.03238
-2.4239e-05,0.27043,-0.03148
9.4353e-06,0.27193,-0.024595
0.00012129,0.27339,-0.018907
0.00035689,0.27483,-0.014319
0.0007159,0.27626,-0.010581
0.0011972,0.27769,-0.0075675
0.0017977,0.2791,-0.0052483
0.0025155,0.28048,-0.0034508
0.0033511,0.28185,-0.0021262
0.0043004,0.2832,-0.0011604
0.0053649,0.28453,-0.00050277
0.0061126,0.26439,-1.3534e-05
0.0068934,0.24525,0.00018653
0.0077073,0.22706,0.00087847
0.0085452,0.20976,0.0019361
0.0094113,0.19334,0.0032807
0.01032,0.17785,0.0047986
0.011246,0.16312,0.0064629
0.012197,0.14919,0.0083059
0.013167,0.136,0.010238
0.014166,0.12357,0.01229
0.018649,0.14079,0.0079872
0.023865,0.15942,0.0047299
0.029831,0.17944,0.0024062
0.036588,0.2009,0.00093553
0.044177,0.22385,0.00017684
0.05261,0.24826,-1.048e-05
0.061945,0.27421,-0.0003567
0.0722,0.3017,-0.001124
0.083382,0.33067,-0.0021994
0.095548,0.36122,-0.0035619
0.094657,0.35512,-0.001623
0.093766,0.3493,-0.00056621
0.092866,0.34371,-8.6896e-05
0.091974,0.33838,9.6088e-06
0.091076,0.33326,0.00020288
0.090175,0.32835,0.00058585
0.089269,0.32362,0.0011139
0.08836,0.31908,0.0017664
0.087466,0.31477,0.0024656
0.08656,0.3106,0.0032805
0.078046,0.26362,0.010651
0.069994,0.22148,0.020745
0.062396,0.18382,0.032841
0.055264,0.15042,0.046189
0.048592,0.12101,0.060361
0.042355,0.095273,0.075522
0.036569,0.073053,0.09103
0.031216,0.054104,0.10708
0.0263,0.03826,0.12341
0.021814,0.025344,0.1399
0.017946,0.031507,0.15024
0.014424,0.03837,0.16011
0.011243,0.045892,0.17092
0.0084201,0.054094,0.18225
0.0059709,0.062987,0.19368
0.0039112,0.072561,0.2058
0.0022621,0.082826,0.21813
0.0010444,0.093765,0.23085
0.00028301,0.10541,0.24358
1.1287e-06,0.11772,0.25677
9.4632e-05,0.12897,0.23059
0.00033901,0.14076,0.20628
0.00073354,0.15303,0.18424
0.0012772,0.1658,0.16427
0.0019702,0.17909,0.14567
0.0028137,0.19293,0.12817
0.0038033,0.20725,0.11229
0.0049383,0.22206,0.097558
0.0062177,0.23738,0.084051
0.0076437,0.25324,0.071476
0.0074438,0.24138,0.092009
0.0072447,0.22967,0.11422
0.0070425,0.21807,0.13827
0.0068395,0.20662,0.16378
0.0066353,0.19534,0.19091
0.00643,0.18425,0.21984
0.0062288,0.17341,0.24957
0.006029,0.16281,0.28049
0.0058274,0.15243,0.31325
0.0056274,0.14231,0.34761
0.0056887,0.13706,0.27797
0.0057305,0.13211,0.22085
0.0057547,0.12744,0.17368
0.0057593,0.12297,0.13491
0.0057499,0.11872,0.10268
0.0057241,0.11464,0.076501
0.0056889,0.11077,0.054837
0.0056411,0.10705,0.037411
0.005584,0.10348,0.023708
0.0055166,0.10003,0.013516
0.0037196,0.11232,0.013256
0.0022536,0.1253,0.012924
0.00114,0.13907,0.012273
0.00039362,0.15357,0.011503
3.2202e-05,0.16875,0.0107
-7.4975e-05,0.18476,0.0095296
-0.00053905,0.20146,0.0083459
-0.0014421,0.2189,0.0070671
-0.0028021,0.23706,0.0058132
-0.0046323,0.256,0.0045354
-0.0026653,0.24827,0.0045495
-0.001253,0.24045,0.004829
-0.00037512,0.23255,0.0053948
-1.213e-05,0.22468,0.0060928
0.00014829,0.21668,0.007256
0.00076729,0.20873,0.0085327
0.0018544,0.20079,0.010103
0.0033963,0.19286,0.012021
0.0053817,0.18499,0.014239
0.0077972,0.17716,0.016931
0.0080559,0.19051,0.026031
0.0083452,0.20441,0.036618
0.0086661,0.21886,0.048352
0.0090222,0.23388,0.061135
0.0094106,0.24945,0.07471
0.0098314,0.26555,0.0892
0.010286,0.28219,0.10418
0.010781,0.29944,0.11987
0.011306,0.31717,0.13575
0.011869,0.33548,0.15187
0.013073,0.34317,0.14457
0.014342,0.35093,0.13641
0.015678,0.35879,0.1279
0.017083,0.36673,0.11941
0.018552,0.37471,0.11066
0.020106,0.38288,0.10215
0.021725,0.39108,0.093513
0.023422,0.3994,0.08515
0.025195,0.40781,0.076905
0.027041,0.41628,0.068662
0.016447,0.40126,0.055225
0.008561,0.38687,0.045668
0.0032766,0.37304,0.038793
0.00049863,0.3597,0.033811
-0.00015034,0.34679,0.030025
-0.0021623,0.33439,0.027429
-0.0064815,0.32234,0.025407
-0.013063,0.31064,0.023981
-0.021877,0.29927,0.02291
-0.032897,0.28819,0.02211
-0.03049,0.29245,0.021654
-0.028179,0.29675,0.021378
-0.025973,0.30106,0.021189
-0.023868,0.30537,0.021176
-0.021863,0.3097,0.021238
-0.019958,0.31403,0.02142
-0.018145,0.31838,0.021754
-0.016431,0.32272,0.022026
-0.014803,0.32711,0.022538
-0.013272,0.33148,0.023034
-0.013492,0.34307,0.012933
-0.013713,0.3548,0.0058587
-0.013932,0.36668,0.001616
-0.014155,0.3787,1.6892e-05
-0.014375,0.39087,-0.00097984
-0.014595,0.40318,-0.0044097
-0.014816,0.41564,-0.010224
-0.015032,0.42824,-0.018231
-0.015251,0.44097,-0.028489
-0.015465,0.45386,-0.040801
-0.014234,0.44965,-0.015638
-0.013065,0.44549,-0.0031599
-0.011952,0.44138,4.2357e-05
-0.010895,0.43731,0.0041121
-0.0098857,0.43328,0.013994
-0.0089298,0.42928,0.028548
-0.0080258,0.4253,0.047033
-0.0071718,0.42135,0.068829
-0.0063657,0.41742,0.09367
-0.0056108,0.41351,0.12125
-0.0080157,0.43026,0.11442
-0.010851,0.4473,0.10906
-0.014119,0.4646,0.10471
-0.017821,0.48217,0.1012
-0.021957,0.50001,0.098243
-0.026527,0.51811,0.09558
-0.031537,0.53645,0.093076
-0.036975,0.55504,0.090997
-0.042846,0.57387,0.089057
-0.049149,0.59293,0.087236
-0.039257,0.58573,0.10974
-0.030621,0.57859,0.13151
-0.023176,0.5715,0.15259
-0.016862,0.56447,0.17317
-0.01162,0.55748,0.19364
-0.0074127,0.55054,0.213
-0.004186,0.54364,0.23209
-0.0019012,0.53678,0.25048
-0.00051976,0.52998,0.26824
-5.0222e-06,0.5232,0.28573
1.957e-06,0.51254,0.23307
2.7137e-05,0.50213,0.1942
8.4019e-05,0.49197,0.16461
0.00017528,0.48203,0.14156
0.00030449,0.47229,0.1233
0.00047378,0.46275,0.10851
0.00068604,0.45339,0.096342
0.00094429,0.4442,0.086161
0.0012491,0.43519,0.077382
0.0016063,0.42632,0.069976
0.0009822,0.43269,0.061911
0.00051075,0.43933,0.053707
0.00019161,0.44626,0.045472
2.5743e-05,0.45347,0.037541
-1.3638e-05,0.46094,0.030153
-0.00015535,0.46867,0.023351
-0.00045138,0.47667,0.017277
-0.0009022,0.48492,0.011992
-0.0015083,0.49343,0.0076166
-0.0022674,0.50217,0.0042562
-0.0034238,0.47855,0.018581
-0.0047987,0.45543,0.040461
-0.0063815,0.43279,0.068346
-0.0081677,0.41066,0.10116
-0.010156,0.38905,0.13788
-0.012338,0.36797,0.17818
-0.0147,0.3474,0.2222
-0.017261,0.3274,0.26845
-0.019999,0.30794,0.31773
-0.022924,0.28904,0.3692
-0.027845,0.29936,0.31467
-0.03318,0.30987,0.27114
-0.038933,0.32056,0.23552
-0.045106,0.33143,0.20579
-0.051706,0.34246,0.18069
-0.058736,0.35366,0.15936
-0.066203,0.36503,0.14088
-0.074104,0.37656,0.12467
-0.082447,0.38826,0.11037
-0.091236,0.40011,0.097561
-0.097813,0.40491,0.09599
-0.10462,0.40983,0.093718
-0.11163,0.41487,0.090997
-0.11887,0.42005,0.087723
-0.12631,0.42534,0.08425
-0.13397,0.43077,0.080548
-0.14186,0.43633,0.076767
-0.14995,0.44201,0.073105
-0.15825,0.44783,0.069502
-0.16675,0.45378,0.066057
-0.15809,0.39273,0.047053
-0.15006,0.3372,0.033442
-0.14262,0.28684,0.023506
-0.13569,0.24139,0.016352
-0.12925,0.20057,0.011047
-0.12325,0.16414,0.0071665
-0.11767,0.13187,0.0043537
-0.11245,0.10359,0.0024515
-0.10759,0.079079,0.0011772
-0.10304,0.058171,0.00041443
-0.11232,0.064798,0.00022834
-0.12206,0.071756,7.9257e-05
-0.13227,0.079044,3.7758e-06
-0.14294,0.086662,-3.5242e-05
-0.15407,0.094609,-0.0002107
-0.16566,0.10289,-0.00054622
-0.17773,0.11148,-0.001081
-0.19025,0.1204,-0.0018533
-0.20326,0.12963,-0.0028911
-0.21671,0.1392,-0.0041889
-0.21502,0.15047,-0.00019158
-0.21333,0.16214,0.0012026
-0.21163,0.17418,0.0066198
-0.20993,0.18662,0.016084
-0.20824,0.19945,0.029209
-0.20653,0.21267,0.045694
-0.20483,0.22628,0.06535
-0.20312,0.24027,0.08807
-0.20141,0.25466,0.1137
-0.19969,0.26942,0.142
-0.19201,0.28419,0.09785
-0.18451,0.29913,0.06492
-0.17716,0.31436,0.040661
-0.16998,0.32982,0.023076
-0.16296,0.3455,0.011046
-0.15608,0.36146,0.0037133
-0.14936,0.37766,0.00035078
-0.14279,0.39412,-0.00048378
-0.13636,0.4108,-0.0037677
-0.13007,0.42777,-0.0098767
-0.12419,0.42092,-0.0086744
-0.11859,0.41396,-0.0076435
-0.11328,0.4069,-0.0067004
-0.10823,0.39973,-0.0057899
-0.10342,0.39252,-0.0049165
-0.098861,0.38523,-0.0041171
-0.094525,0.37786,-0.0033689
-0.090404,0.37045,-0.002658
-0.086487,0.363,-0.0020053
-0.082765,0.35548,-0.0014212
-0.078872,0.34407,-0.001981
-0.075136,0.33306,-0.0031554
-0.071547,0.32248,-0.0051051
-0.0681,0.31225,-0.0080643
-0.06479,0.30234,-0.012216
-0.061608,0.29278,-0.017802
-0.058548,0.28355,-0.024865
-0.055604,0.27466,-0.033553
-0.052772,0.26602,-0.044007
-0.050047,0.25764,-0.056227
-0.048993,0.22687,-0.095563
-0.048046,0.19849,-0.13849
-0.047189,0.1724,-0.18321
-0.046411,0.14843,-0.22897
-0.0457,0.12651,-0.27494
-0.045048,0.10653,-0.32109
-0.044442,0.08845,-0.36704
-0.043877,0.072162,-0.41202
-0.043346,0.057609,-0.45651
-0.042841,0.044777,-0.50003
-0.041787,0.059721,-0.35023
-0.040872,0.076415,-0.23891
-0.040049,0.094822,-0.15553
-0.039274,0.11504,-0.093644
-0.038516,0.1371,-0.0493
-0.037744,0.16118,-0.019866
-0.036942,0.18729,-0.0039059
-0.036092,0.21559,0.0001908
-0.035185,0.24617,0.0077947
-0.034217,0.27909,0.026022
-0.03406,0.27613,0.020837
-0.033884,0.27311,0.016743
-0.033691,0.27007,0.0135
-0.03348,0.267,0.010903
-0.033253,0.26391,0.0087789
-0.03301,0.26077,0.0069619
-0.032752,0.2576,0.0054424
-0.032479,0.2544,0.0041313
-0.032192,0.25115,0.0030394
-0.03189,0.24791,0.0021559
-0.025658,0.24469,0.0032982
-0.020169,0.24148,0.0048993
-0.015393,0.23849,0.0070236
-0.011304,0.23553,0.0098362
-0.0078784,0.2326,0.01333
-0.005093,0.22975,0.017511
-0.0029287,0.22701,0.022415
-0.0013692,0.22434,0.02821
-0.00040021,0.22168,0.034848
-9.6717e-06,0.21905,0.042394
1.7205e-05,0.23788,0.029557
0.00013175,0.2575,0.018824
0.00035675,0.27797,0.010421
0.00069594,0.29933,0.004388
0.0011532,0.32155,0.00090244
0.0017322,0.34462,-3.8978e-05
0.0024371,0.36855,-0.0018347
0.003272,0.39336,-0.0063805
0.0042415,0.41912,-0.013763
0.0053483,0.44568,-0.023911
0.004123,0.43623,-0.019068
0.003087,0.42698,-0.01468
0.0022256,0.41797,-0.010764
0.0015247,0.4092,-0.0073528
0.00097157,0.40069,-0.0045312
0.0005533,0.39232,-0.0023972
0.00025923,0.38415,-0.00092458
7.9153e-05,0.37616,-0.00012957
3.6098e-06,0.36834,6.0291e-05
-2.394e-05,0.36071,0.00074626
-1.7221e-05,0.35062,0.0033952
-1.2528e-05,0.34082,0.0078706
-9.3606e-06,0.33123,0.014043
-7.2292e-06,0.32197,0.02189
-5.9208e-06,0.31291,0.031295
-5.2167e-06,0.30405,0.042115
-4.969e-06,0.29543,0.054417
-5.1323e-06,0.28701,0.068095
-5.6947e-06,0.27878,0.083189
-6.684e-06,0.27074,0.099926
-2.2844e-05,0.26734,0.055833
-4.5178e-05,0.26394,0.026104
-7.1512e-05,0.26054,0.0082249
-0.00010025,0.25721,0.000525
-0.00013101,0.25384,-0.0017996
-0.00016326,0.25049,-0.011134
-0.00019692,0.24718,-0.027814
-0.00023224,0.24387,-0.051389
-0.00026951,0.2406,-0.081382
-0.00030954,0.23732,-0.11737
-1.4136e-05,0.25251,-0.10636
0.00010284,0.26816,-0.096568
0.00058213,0.2843,-0.08765
0.0014587,0.30088,-0.079374
0.0027395,0.31792,-0.071774
0.0044316,0.3354,-0.064711
0.0065456,0.3534,-0.058014
0.0090848,0.37181,-0.05195
0.01206,0.39069,-0.046267
0.015475,0.41,-0.041107
0.013839,0.43071,-0.038608
0.012298,0.45185,-0.036427
0.010851,0.47341,-0.034415
0.0094985,0.49537,-0.032468
0.0082387,0.5177,-0.030625
0.0070705,0.5404,-0.028903
0.0059952,0.56346,-0.027261
0.0050091,0.58681,-0.025581
0.0041146,0.6105,-0.023946
0.0033084,0.63444,-0.022281
0.0031354,0.64969,-0.016926
0.0029664,0.66501,-0.012656
0.0028031,0.68042,-0.0092206
0.002643,0.69586,-0.006462
0.0024879,0.71138,-0.0042803
0.0023396,0.72701,-0.0025997
0.0021943,0.74266,-0.0013801
0.0020541,0.75839,-0.00057544
0.0019185,0.77416,-0.00012361
0.0017867,0.78997,3.1775e-06
0.0029513,0.8137,0.0011305
0.0044069,0.83772,0.0035415
0.0061524,0.86201,0.006487
0.0081879,0.88658,0.0095174
0.010512,0.91141,0.012454
0.013128,0.93654,0.015264
0.01603,0.96193,0.017807
0.019219,0.98758,0.020004
0.022693,1.0135,0.021881
0.026456,1.0397,0.023334
0.030059,1.0582,0.017497
0.033871,1.0769,0.014957
0.037878,1.0957,0.014291
0.04208,1.1148,0.014805
0.04647,1.1339,0.016243
0.051051,1.1532,0.018392
0.055812,1.1727,0.021253
0.060748,1.1923,0.024868
0.065862,1.2121,0.029177
0.071145,1.232,0.034384
0.067685,1.1882,0.036232
0.064421,1.1461,0.034959
0.061343,1.1056,0.031776
0.058438,1.0666,0.027481
0.055695,1.029,0.022734
0.053101,0.99277,0.017883
0.050644,0.95775,0.013303
0.048323,0.92391,0.0092493
0.04612,0.89119,0.0057951
0.04403,0.85953,0.0030333
0.041788,0.85571,0.0038645
0.039661,0.85214,0.0053457
0.037647,0.84883,0.0074925
0.035744,0.84575,0.010301
0.033937,0.8429,0.013862
0.032226,0.84025,0.018286
0.030604,0.83781,0.023549
0.029069,0.83555,0.029764
0.027612,0.83348,0.036875
0.02623,0.83157,0.044845
0.032815,0.8045,0.031765
0.040016,0.77841,0.020415
0.04779,0.75321,0.011355
0.056127,0.72886,0.0047928
0.064998,0.7053,0.00098878
0.074385,0.68248,-4.2628e-05
0.084272,0.66036,-0.0020058
0.094649,0.6389,-0.0069624
0.1055,0.61805,-0.01494
0.11681,0.59779,-0.025921
0.11312,0.64869,-0.033902
0.10953,0.70161,-0.041676
0.10603,0.75648,-0.049083
0.10262,0.81324,-0.055961
0.099296,0.87183,-0.062408
0.096048,0.93217,-0.068423
0.092873,0.99417,-0.074098
0.089771,1.0578,-0.079686
0.086725,1.1229,-0.084956
0.083749,1.1894,-0.089816
0.068101,1.1436,-0.06495
0.054445,1.1002,-0.048598
0.042628,1.0588,-0.036968
0.032501,1.0195,-0.028376
0.023947,0.98186,-0.021806
0.016856,0.9459,-0.016738
0.011129,0.91146,-0.012741
0.0066746,0.87843,-0.0094966
0.0034128,0.84672,-0.006914
0.0012692,0.81623,-0.0048472
-5.5245e-05,0.69918,0.01094
-4.3142e-05,0.66787,0.011287
-3.3017e-05,0.63801,0.011905
-2.4557e-05,0.60951,0.012718
-1.7386e-05,0.58232,0.013614
-1.1802e-05,0.5563,0.014696
-7.4111e-06,0.53144,0.015834
-4.1776e-06,0.50763,0.01712
-1.9422e-06,0.48483,0.018505
-5.8021e-07,0.463,0.019946
-2.7232e-05,0.45105,0.026769
-9.3478e-05,0.43948,0.033812
-0.00019914,0.42828,0.040874
-0.0003442,0.41741,0.047783
-0.00052824,0.40688,0.054581
-0.0007513,0.39667,0.061478
-0.0010133,0.38676,0.068295
-0.0013139,0.37714,0.075142
-0.0016534,0.36779,0.08189
-0.002031,0.35871,0.088453
-0.0033691,0.38481,0.09734
-0.0050588,0.41195,0.10658
-0.0071075,0.44013,0.1161
-0.0095213,0.46933,0.12565
-0.012307,0.4995,0.13532
-0.015468,0.53066,0.14486
-0.019009,0.56272,0.15461
-0.022934,0.59566,0.16457
-0.027245,0.62955,0.17454
-0.031943,0.66421,0.1848
-0.033637,0.6612,0.14843
-0.035351,0.65825,0.11955
-0.037082,0.6553,0.096261
-0.038831,0.65237,0.077118
-0.0406,0.64954,0.061103
-0.042386,0.64669,0.047876
-0.044188,0.64386,0.036802
-0.046007,0.64104,0.02774
-0.047842,0.63823,0.02022
-0.049693,0.63545,0.014105
-0.043273,0.62859,0.004357
-0.037367,0.62207,0.00036194
-0.031957,0.6159,-0.00053759
-0.027021,0.61001,-0.003853
-0.022543,0.60443,-0.0096042
-0.018507,0.59909,-0.017325
-0.0149,0.59399,-0.026632
-0.01171,0.58912,-0.037137
-0.0089247,0.58445,-0.048681
-0.0065337,0.57994,-0.060986
-0.0026228,0.6025,-0.05008
-0.00046856,0.62522,-0.042116
6.2294e-05,0.64811,-0.036087
0.0013999,0.6712,-0.031334
0.0044811,0.69447,-0.027544
0.0093077,0.71791,-0.024514
0.015883,0.74152,-0.021979
0.024213,0.76526,-0.019765
0.0343,0.78916,-0.017825
0.046145,0.81323,-0.016145
0.053199,0.78564,-0.015368
0.060661,0.75943,-0.014659
0.068521,0.73441,-0.014049
0.076769,0.71052,-0.013608
0.085392,0.6877,-0.013233
0.094386,0.66583,-0.012942
0.10374,0.64483,-0.012666
0.11343,0.62483,-0.012457
0.12348,0.60549,-0.012223
0.13387,0.58692,-0.011945
0.12467,0.56248,-0.045586
0.11595,0.53889,-0.093158
0.10765,0.51627,-0.15019
0.099771,0.49439,-0.21435
0.092272,0.47327,-0.28395
0.085143,0.45283,-0.35797
0.078367,0.43303,-0.43585
0.071924,0.41388,-0.51677
0.065802,0.39535,-0.60028
0.059997,0.37738,-0.68665
0.058109,0.36727,-0.50418
0.056337,0.35769,-0.37372
0.054668,0.34852,-0.27689
0.053081,0.33975,-0.20323
0.051545,0.33148,-0.14682
0.050085,0.32343,-0.10312
0.048686,0.31564,-0.069386
0.047334,0.30814,-0.043928
0.046038,0.30081,-0.025091
0.044782,0.29373,-0.012052
0.042068,0.31718,-0.011717
0.039428,0.34154,-0.011075
0.036862,0.36681,-0.010244
0.034373,0.39295,-0.0092387
0.031955,0.42005,-0.0081519
0.029621,0.44797,-0.0071108
0.027362,0.47683,-0.0060948
0.025189,0.50649,-0.0051187
0.023097,0.53701,-0.0042107
0.021091,0.56834,-0.0033398
0.020696,0.57583,-0.0036842
0.020305,0.58312,-0.0037808
0.019919,0.59021,-0.0037082
0.019538,0.59705,-0.0035558
0.019163,0.60366,-0.003316
0.01879,0.61011,-0.0030441
0.018423,0.61629,-0.0027352
0.018059,0.62228,-0.0023979
0.017702,0.628,-0.00206
0.017347,0.63357,-0.0017158
0.015859,0.61507,-0.0065897
0.014448,0.59738,-0.013526
0.013113,0.58049,-0.021874
0.01185,0.56433,-0.031169
0.010662,0.54878,-0.041293
0.0095404,0.53395,-0.052058
0.0084887,0.51968,-0.063428
0.0075049,0.50592,-0.075424
0.0065864,0.4927,-0.087874
0.0057327,0.47996,-0.10054
0.0055353,0.48816,-0.10238
0.0053462,0.49638,-0.10442
0.0051639,0.50467,-0.10647
0.0049905,0.5129,-0.10831
0.0048232,0.52125,-0.10997
0.0046637,0.52959,-0.11178
0.0045115,0.53793,-0.11343
0.0043669,0.54625,-0.11476
0.004228,0.55469,-0.11596
0.0040967,0.56307,-0.11705
0.0032598,0.54056,-0.10723
0.0025214,0.51922,-0.10037
0.0018813,0.49883,-0.095736
0.001337,0.47939,-0.092517
0.00088738,0.46084,-0.090482
0.00053107,0.4431,-0.089438
0.00026664,0.42616,-0.089072
9.2993e-05,0.40993,-0.089174
8.9101e-06,0.39438,-0.08977
-1.3291e-05,0.37945,-0.090769
-0.00017219,0.35443,-0.067158
-0.00050425,0.33081,-0.048262
-0.0010018,0.30847,-0.033358
-0.0016578,0.28732,-0.021729
-0.0024656,0.26726,-0.013033
-0.0034197,0.24833,-0.006659
-0.0045141,0.23041,-0.0025177
-0.0057439,0.21343,-0.00040111
-0.0071043,0.19736,8.2667e-05
-0.0085913,0.18216,0.0014063
-0.0048836,0.1835,0.0005031
-0.002226,0.18484,7.0249e-05
-0.00060332,0.18623,-1.6792e-05
-4.0275e-06,0.18764,-0.00024631
0.00042049,0.18906,-0.00069246
0.0018485,0.1905,-0.0012895
0.0042869,0.19192,-0.0020341
0.0077375,0.19334,-0.0028549
0.012204,0.19478,-0.0037203
0.017693,0.19622,-0.004596
0.018361,0.19443,-0.0038737
0.019032,0.19265,-0.0033286
0.019704,0.19087,-0.0028915
0.020377,0.18912,-0.0024876
0.021051,0.18737,-0.0021854
0.021727,0.18563,-0.0019473
0.022402,0.18388,-0.0017718
0.023078,0.18217,-0.0016054
0.023753,0.18046,-0.0014786
0.024428,0.17877,-0.0013382
0.027142,0.16306,0.0003255
0.029948,0.14846,0.0048352
0.032847,0.13483,0.013889
0.035839,0.12211,0.026956
0.03893,0.11021,0.043467
0.042121,0.099059,0.062807
0.045418,0.088607,0.084914
0.048826,0.078805,0.10923
0.052349,0.069631,0.13599
0.055994,0.061046,0.16488
0.053288,0.054854,0.15303
0.05067,0.049101,0.14288
0.048138,0.043767,0.13427
0.045689,0.038837,0.12741
0.043321,0.034278,0.12121
0.041033,0.030089,0.11675
0.038819,0.026225,0.11193
0.036682,0.022692,0.10792
0.034618,0.019466,0.10429
0.032625,0.016534,0.10081
0.032657,0.018661,0.09127
0.032694,0.020895,0.083055
0.032734,0.023236,0.075921
0.032777,0.025683,0.069139
0.032821,0.02824,0.063213
0.032866,0.030907,0.057789
0.032913,0.033689,0.052984
0.032958,0.036583,0.048444
0.033001,0.039592,0.044292
0.033044,0.042718,0.040469
0.035288,0.043934,0.046816
0.037629,0.045193,0.053337
0.040068,0.046492,0.059706
0.042607,0.047832,0.065873
0.045243,0.049209,0.071707
0.047984,0.05063,0.077429
0.050823,0.052083,0.082692
0.053766,0.053574,0.0879
0.056807,0.055096,0.092605
0.05995,0.05665,0.097132
0.056795,0.061693,0.10549
0.053704,0.066944,0.114
0.050681,0.072411,0.1231
0.047725,0.078095,0.13263
0.044831,0.083983,0.14225
0.042005,0.090083,0.15221
0.039255,0.096412,0.16283
0.036571,0.10294,0.17317
0.033959,0.10968,0.18389
0.031424,0.11664,0.19463
0.036136,0.12622,0.20527
0.041286,0.1363,0.21534
0.046887,0.14689,0.22532
0.052957,0.15799,0.235
0.059508,0.1696,0.24479
0.066554,0.18171,0.25446
0.074109,0.19434,0.2639
0.082184,0.20746,0.27284
0.09079,0.22109,0.28135
0.099932,0.23519,0.28938
0.10625,0.21112,0.27096
0.11259,0.18883,0.25438
0.11894,0.16821,0.23925
0.1253,0.14916,0.22514
0.13168,0.13157,0.21209
0.13806,0.11535,0.19973
0.14447,0.10045,0.18761
0.15088,0.086796,0.17559
0.15731,0.074307,0.16458
0.16375,0.062938,0.15419
0.17846,0.064878,0.14636
0.1939,0.066848,0.13917
0.21007,0.068834,0.13344
0.22699,0.070845,0.12858
0.24468,0.072878,0.1245
0.26314,0.074928,0.12127
0.28237,0.076998,0.11858
0.30239,0.079088,0.11622
0.3232,0.0812,0.11405
0.3448,0.083324,0.11255
0.34055,0.076454,0.15991
0.33634,0.069914,0.20946
0.33218,0.063695,0.26017
0.32808,0.057804,0.31055
0.32401,0.05222,0.36122
0.31998,0.046943,0.41158
0.316,0.041968,0.46196
0.31206,0.037294,0.51215
0.30815,0.032915,0.56217
0.30429,0.028823,0.61202
0.31786,0.032525,0.55434
0.3317,0.036375,0.50763
0.3458,0.040377,0.46843
0.36016,0.044524,0.43492
0.37481,0.048826,0.40471
0.38972,0.053265,0.37866
0.4049,0.057845,0.35514
0.42035,0.062554,0.33381
0.43608,0.067401,0.31356
0.45207,0.072369,0.29528
0.41724,0.073709,0.28795
0.38454,0.075064,0.28174
0.35384,0.076428,0.27645
0.32501,0.077805,0.27205
0.29796,0.079191,0.26838
0.27259,0.080597,0.26485
0.2488,0.08201,0.262
0.22651,0.083438,0.25941
0.20564,0.084882,0.25711
0.18611,0.086338,0.25514
0.1781,0.091079,0.21371
0.17049,0.095858,0.17889
0.16323,0.10068,0.14916
0.1563,0.10554,0.12348
0.14967,0.11045,0.10146
0.14332,0.11541,0.082518
0.13722,0.1204,0.066244
0.13136,0.12546,0.052257
0.12572,0.13054,0.040426
0.12029,0.13571,0.030173
0.11633,0.13268,0.021381
0.11245,0.12978,0.014201
0.10865,0.12703,0.0084978
0.10493,0.12439,0.0042843
0.10129,0.12186,0.0015106
0.097728,0.11943,0.00016929
0.094238,0.11711,-0.00016424
0.090821,0.11488,-0.0014543
0.087477,0.11272,-0.0039848
0.084204,0.11066,-0.0077084
0.078517,0.10879,-0.0029285
0.073122,0.10693,-0.00054674
0.068002,0.10507,2.681e-05
0.063142,0.10323,0.0009861
0.058529,0.1014,0.0031515
0.054152,0.099561,0.0063695
0.049997,0.097752,0.010419
0.046058,0.095941,0.015302
0.042323,0.094144,0.02086
0.038785,0.092367,0.026926
0.035985,0.089437,0.02374
0.033316,0.086634,0.021218
0.030773,0.083941,0.019246
0.028354,0.081338,0.017773
0.026054,0.078839,0.016622
0.02387,0.076428,0.015691
0.021798,0.074109,0.014981
0.019838,0.07186,0.014537
0.017984,0.069698,0.014241
0.016235,0.06762,0.014094
0.016872,0.070134,0.020293
0.017527,0.072714,0.0272
0.018201,0.07535,0.034752
0.018892,0.078066,0.042775
0.019602,0.08085,0.051217
0.020332,0.083684,0.060104
0.02108,0.086586,0.069233
0.021848,0.089546,0.078465
0.022635,0.092569,0.087797
0.02344,0.095655,0.097267
0.025181,0.087636,0.099759
0.026982,0.080039,0.10224
0.028842,0.072869,0.10474
0.030761,0.066103,0.10711
0.032738,0.05973,0.10949
0.034773,0.053734,0.11198
0.036866,0.048101,0.11447
0.039014,0.042837,0.11673
0.041225,0.037895,0.11916
0.043492,0.033292,0.12162
0.0422,0.03348,0.10858
0.040945,0.033672,0.097121
0.039719,0.033889,0.086876
0.038526,0.034109,0.077627
0.03736,0.034347,0.06924
0.036229,0.034581,0.061633
0.035124,0.034825,0.054729
0.034046,0.03508,0.048423
0.032992,0.035349,0.042638
0.031963,0.035625,0.037335
0.026082,0.040232,0.03528
0.020834,0.045063,0.033467
0.016198,0.05012,0.03186
0.012146,0.055451,0.030359
0.0086811,0.061014,0.029081
0.0057912,0.066847,0.027894
0.0034758,0.072968,0.026774
0.0017405,0.079377,0.025698
0.00059272,0.086118,0.02465
4.6514e-05,0.09319,0.023718
4.1126e-05,0.096706,0.021904
3.6001e-05,0.10028,0.020173
3.0844e-05,0.10397,0.018506
2.6185e-05,0.10768,0.017038
2.1719e-05,0.11149,0.01566
1.7732e-05,0.11533,0.014345
1.3836e-05,0.1193,0.013098
1.0491e-05,0.1233,0.011967
7.5546e-06,0.12737,0.010911
5.0587e-06,0.1315,0.0099009
-9.2003e-05,0.12285,0.0051952
-0.00045155,0.11471,0.002171
-0.0010716,0.10704,0.00052143
-0.0019413,0.099796,5.0349e-07
-0.0030501,0.09293,-0.00039836
-0.0043917,0.086442,-0.0015532
-0.0059564,0.080273,-0.0033341
-0.0077405,0.074426,-0.0056466
-0.0097413,0.068888,-0.0084238
-0.011953,0.063622,-0.011525
-0.012674,0.068778,-0.0080415
-0.013408,0.074173,-0.0053194
-0.014155,0.079816,-0.0032337
-0.01492,0.085745,-0.0017009
-0.015698,0.091949,-0.00068556
-0.016484,0.098407,-0.0001453
-0.017282,0.10515,2.1898e-06
-0.018091,0.11217,0.00021694
-0.018908,0.11948,0.00075118
-0.019738,0.12708,0.0015323
-0.02106,0.13001,0.0040502
-0.022433,0.13299,0.0075608
-0.023855,0.136,0.01197
-0.025322,0.13902,0.017246
-0.026847,0.14211,0.02323
-0.028418,0.14521,0.029931
-0.030039,0.14833,0.037252
-0.031711,0.15149,0.045218
-0.033438,0.15469,0.053723
-0.035214,0.1579,0.062616
-0.031037,0.15881,0.078832
-0.027136,0.15971,0.096013
-0.023507,0.16062,0.11383
-0.020143,0.16151,0.13196
-0.017045,0.16239,0.15048
-0.014208,0.16326,0.16918
-0.011632,0.16414,0.18809
-0.0093132,0.16498,0.20718
-0.0072576,0.16587,0.22613
-0.0054573,0.16674,0.24543
-0.0053059,0.16366,0.17996
-0.0051647,0.16093,0.12965
-0.0050267,0.15844,0.090888
-0.0048948,0.15618,0.061308
-0.0047659,0.1541,0.038873
-0.0046385,0.15215,0.022297
-0.0045184,0.15039,0.01076
-0.0044002,0.14873,0.0036594
-0.004281,0.14711,0.0003563
-0.0041676,0.14563,-0.00046249
-0.0032655,0.13116,-0.00077414
-0.0024935,0.11777,-0.0011388
-0.0018425,0.10539,-0.0015621
-0.0013047,0.093979,-0.0020609
-0.00087052,0.083466,-0.0026137
-0.00053242,0.073801,-0.0031967
-0.00028276,0.064923,-0.0038015
-0.0001158,0.056835,-0.0044098
-2.3626e-05,0.049433,-0.0050205
7.3597e-07,0.042716,-0.0056682
3.4e-06,0.036626,-0.0075215
7.7278e-06,0.031225,-0.0094786
1.3447e-05,0.02645,-0.011564
2.0405e-05,0.022232,-0.013815
2.839e-05,0.018521,-0.016166
3.7191e-05,0.015271,-0.018673
4.678e-05,0.012429,-0.02126
5.7275e-05,0.0099462,-0.023834
6.8411e-05,0.0078006,-0.026469
7.9475e-05,0.0059823,-0.029274
8.4784e-05,0.0045783,-0.032299
8.9953e-05,0.0033677,-0.035361
9.4844e-05,0.0023503,-0.038518
9.9826e-05,0.0015162,-0.041822
0.00010497,0.00086467,-0.045243
0.00011057,0.00039337,-0.048642
0.00011695,0.00010356,-0.052157
0.00012403,2.1797e-07,-0.055647
0.00013168,-8.564e-05,-0.059104
0.00014142,-0.00037055,-0.062935
5.3018e-05,-0.00019293,-0.057978
8.0167e-06,-7.2237e-05,-0.053799
-2.165e-06,-9.688e-06,-0.050178
-3.1769e-05,4.9967e-06,-0.047023
-9.4047e-05,5.7767e-05,-0.044275
-0.00018658,0.00016703,-0.041714
-0.00030789,0.00033306,-0.039421
-0.00045706,0.00055618,-0.037214
-0.00063329,0.00083587,-0.035197
-0.00083642,0.0011709,-0.033469
-0.00088159,0.0010639,-0.036054
-0.00092539,0.00096136,-0.038797
-0.00096764,0.00086375,-0.041658
-0.001008,0.0007701,-0.044507
-0.0010465,0.00068107,-0.047426
-0.0010832,0.00059792,-0.050404
-0.0011179,0.00051947,-0.053428
-0.0011505,0.0004464,-0.056335
-0.0011811,0.00037854,-0.059263
-0.0012097,0.00031561,-0.062199
-0.0010895,0.00012822,-0.063728
-0.00097562,2.3928e-05,-0.065299
-0.0008681,-2.3946e-06,-0.066878
-0.00076701,-6.3835e-05,-0.068656
-0.00067248,-0.00020852,-0.070422
-0.00058449,-0.00043616,-0.072009
-0.00050308,-0.00074854,-0.073616
-0.0004281,-0.0011441,-0.075257
-0.00035935,-0.0016203,-0.076984
-0.00029721,-0.0021843,-0.078557
-0.00091048,-0.002565,-0.08163
-0.001868,-0.0029899,-0.084943
-0.0031798,-0.0034593,-0.08834
-0.0048581,-0.0039803,-0.091835
-0.006916,-0.0045572,-0.095344
-0.0093667,-0.0051934,-0.09879
-0.012224,-0.0058928,-0.10227
-0.015503,-0.0066628,-0.10581
-0.019217,-0.0075057,-0.10938
-0.023383,-0.0084266,-0.11307
-0.021301,-0.0078727,-0.084513
-0.019356,-0.0074084,-0.061657
-0.01754,-0.0070199,-0.043589
-0.015846,-0.006701,-0.029353
-0.014265,-0.0064399,-0.018485
-0.012783,-0.0062212,-0.010468
-0.011407,-0.0060512,-0.0049724
-0.010124,-0.0059171,-0.0015823
-0.0089294,-0.005813,-0.00010268
-0.0078212,-0.0057341,0.00034109
-0.0083627,-0.0040412,0.0010483
-0.0089035,-0.0026618,0.0020894
-0.0094479,-0.0015773,0.0034199
-0.010005,-0.00077742,0.0050635
-0.01058,-0.00025661,0.0069935
-0.011187,-1.6626e-05,0.0092951
-0.011831,6.4187e-05,0.011942
-0.012523,0.00041195,0.014905
-0.013273,0.0010765,0.018252
-0.014082,0.0020797,0.021871
-0.012976,0.00205,0.02549
-0.011917,0.0020218,0.029301
-0.010899,0.0019955,0.033256
-0.0099298,0.0019689,0.037499
-0.0090044,0.0019422,0.041902
-0.0081192,0.0019157,0.04634
-0.0072772,0.0018886,0.050908
-0.0064768,0.0018611,0.055744
-0.0057196,0.0018323,0.060607
-0.0050026,0.0018032,0.065554
-0.0054183,0.0021753,0.046064
-0.0058038,0.0025189,0.031329
-0.0061606,0.0028318,0.020311
-0.0064926,0.0031154,0.012244
-0.0068046,0.003375,0.0065069
-0.0071055,0.0036171,0.0027118
-0.0074007,0.0038514,0.00059699
-0.0077015,0.0040875,-5.2248e-06
-0.0080086,0.0043388,-0.00082848
-0.0083383,0.0046143,-0.0030786
-0.0085089,0.0039909,-0.0054103
-0.0086821,0.0034112,-0.0083103
-0.0088512,0.0028749,-0.011797
-0.0090083,0.0023819,-0.015925
-0.0091611,0.0019312,-0.020669
-0.0093032,0.0015238,-0.025923
-0.0094336,0.0011607,-0.031769
-0.0095492,0.00084353,-0.038316
-0.0096533,0.00057351,-0.045433
-0.0097342,0.00035312,-0.053108
-0.0080896,0.00041388,-0.063957
-0.0065794,0.00048118,-0.075897
-0.0052052,0.00055591,-0.088809
-0.0039743,0.00063863,-0.10268
-0.0028883,0.00073084,-0.11772
-0.0019601,0.0008329,-0.13373
-0.0011975,0.0009461,-0.15077
-0.00061193,0.0010713,-0.16858
-0.00021513,0.0012095,-0.18726
-1.9359e-05,0.0013612,-0.20685
-4.1861e-06,0.0026581,-0.20396
9.2365e-08,0.0043815,-0.20144
7.0374e-06,0.0065315,-0.19893
2.5186e-05,0.009111,-0.19653
5.4606e-05,0.012121,-0.19394
9.6018e-05,0.01557,-0.19194
0.00014975,0.019462,-0.19004
0.00021645,0.023803,-0.18832
0.0002968,0.028603,-0.18661
0.00039161,0.033869,-0.18508
4.038e-05,0.030922,-0.1792
-4.6718e-05,0.028155,-0.17452
-0.00039312,0.025552,-0.1699
-0.0010643,0.023108,-0.16623
-0.0020492,0.02081,-0.16248
-0.0033374,0.018654,-0.15926
-0.0049217,0.016634,-0.15646
-0.0067974,0.014743,-0.15421
-0.0089627,0.012976,-0.15215
-0.011418,0.011327,-0.14966
-0.012024,0.0099766,-0.18431
-0.012677,0.0086771,-0.22325
-0.013381,0.0074321,-0.26482
-0.014138,0.0062524,-0.30879
-0.014948,0.0051501,-0.35588
-0.015812,0.004133,-0.40521
-0.016731,0.0032092,-0.45634
-0.017705,0.0023883,-0.50975
-0.018734,0.001678,-0.56523
-0.01982,0.0010842,-0.62146
-0.016555,0.00020413,-0.49454
-0.013782,-1.1834e-05,-0.39662
-0.011424,-0.00041403,-0.31963
-0.0094167,-0.0013331,-0.25849
-0.0077072,-0.002706,-0.20881
-0.0062525,-0.0044798,-0.16832
-0.0050156,-0.0066126,-0.13478
-0.0039661,-0.0090693,-0.10697
-0.0030775,-0.011828,-0.083647
-0.0023287,-0.014872,-0.064205
-0.0024755,-0.02272,-0.076837
-0.0025979,-0.03287,-0.091134
-0.0026935,-0.045634,-0.107
-0.0027604,-0.061332,-0.12428
-0.0027976,-0.080275,-0.14262
-0.0028055,-0.10276,-0.16191
-0.0027848,-0.12905,-0.18228
-0.0027353,-0.15946,-0.20294
-0.0026602,-0.19419,-0.22447
-0.0025597,-0.23351,-0.24526
-0.00097927,-0.21767,-0.21905
-0.00015449,-0.20297,-0.19583
3.6473e-05,-0.18933,-0.17471
0.00058151,-0.1766,-0.15646
0.0017518,-0.16474,-0.1394
0.00351,-0.15363,-0.12444
0.0058286,-0.14324,-0.11045
0.00868,-0.1335,-0.097769
0.012044,-0.12436,-0.085821
0.015896,-0.11574,-0.075287
0.017693,-0.10625,-0.088341
0.01957,-0.097299,-0.10186
0.021526,-0.088854,-0.11584
0.023562,-0.080891,-0.13036
0.025682,-0.073391,-0.14505
0.027888,-0.066335,-0.15949
0.030167,-0.059669,-0.17507
0.032535,-0.05341,-0.19036
0.034987,-0.047533,-0.20593
0.037525,-0.042026,-0.22206
0.039695,-0.048147,-0.22519
0.041959,-0.054721,-0.22864
0.044328,-0.06177,-0.23147
0.0468,-0.069294,-0.2337
0.049377,-0.077299,-0.23552
0.052054,-0.08577,-0.23769
0.054842,-0.094733,-0.23936
0.057738,-0.10418,-0.24047
0.060743,-0.11411,-0.24143
0.063862,-0.12454,-0.24168
0.065915,-0.11051,-0.24802
0.067943,-0.097534,-0.25475
0.06998,-0.085604,-0.26093
0.072001,-0.074618,-0.26773
0.074028,-0.064555,-0.27424
0.076059,-0.05536,-0.28038
0.07809,-0.046986,-0.28648
0.080108,-0.039377,-0.29234
0.082144,-0.032536,-0.29786
0.084168,-0.026398,-0.30281
0.08346,-0.024837,-0.23927
0.08286,-0.023405,-0.18832
0.082331,-0.022064,-0.14696
0.081895,-0.020829,-0.11334
0.081504,-0.01966,-0.085687
0.081191,-0.018577,-0.0634
0.080926,-0.017557,-0.045404
0.08069,-0.016584,-0.031021
0.080494,-0.015664,-0.019869
0.080348,-0.014802,-0.01161
0.083051,-0.015596,-0.0084744
0.085807,-0.016413,-0.0057936
0.088617,-0.017254,-0.0036167
0.091479,-0.018118,-0.0019756
0.094393,-0.019005,-0.00082764
0.097376,-0.019924,-0.00017512
0.10039,-0.020856,7.0252e-06
0.10345,-0.021806,0.00035496
0.10658,-0.022784,0.001217
0.10978,-0.023802,0.0025581
0.11134,-0.02319,0.0041288
0.11291,-0.022595,0.0060663
0.11448,-0.02201,0.0083935
0.11608,-0.021448,0.010952
0.1177,-0.020904,0.013775
0.11932,-0.020369,0.016861
0.12096,-0.01985,0.020177
0.1226,-0.019338,0.023726
0.12426,-0.018843,0.027457
0.12592,-0.018357,0.031471
0.13836,-0.016453,0.032457
0.15152,-0.014649,0.033628
0.16542,-0.012941,0.035022
0.18006,-0.011328,0.0366
0.19547,-0.0098132,0.038424
0.21167,-0.0084007,0.040397
0.22864,-0.0070874,0.042649
0.24641,-0.0058768,0.045091
0.26499,-0.0047736,0.047773
0.28442,-0.0037818,0.050765
0.28795,-0.005647,0.085151
0.29151,-0.007883,0.12532
0.29515,-0.010495,0.16987
0.29884,-0.013486,0.21802
0.30261,-0.016854,0.26892
0.30643,-0.020602,0.3221
0.3103,-0.024722,0.37727
0.31425,-0.029226,0.43328
0.31826,-0.034108,0.49019
0.32232,-0.039362,0.54774
0.303,-0.031448,0.50939
0.28477,-0.024562,0.48271
0.26754,-0.018638,0.46374
0.25126,-0.013622,0.44965
0.23583,-0.0094576,0.43943
0.22119,-0.0060993,0.43189
0.20733,-0.0035121,0.42632
0.19414,-0.0016544,0.42239
0.18161,-0.00049925,0.4197
0.16971,-1.8e-05,0.41829
0.17952,-0.00026402,0.3542
0.18949,-0.00079176,0.29994
0.19964,-0.0015954,0.25322
0.20995,-0.0026651,0.21323
0.22048,-0.0040007,0.17837
0.23124,-0.0055993,0.14778
0.2422,-0.0074549,0.12121
0.25342,-0.0095697,0.097906
0.26489,-0.011941,0.077697
0.27662,-0.014569,0.060189
0.27713,-0.016394,0.063657
0.27762,-0.018307,0.066359
0.27812,-0.020312,0.068245
0.27863,-0.022409,0.069474
0.27917,-0.024598,0.070045
0.27969,-0.026868,0.070112
0.28022,-0.029216,0.069836
0.28078,-0.031657,0.069117
0.28131,-0.034162,0.06837
0.28188,-0.036755,0.067168
0.28318,-0.025567,0.065417
0.28449,-0.016565,0.063873
0.2858,-0.0096159,0.062438
0.2871,-0.0046057,0.061188
0.28841,-0.0014515,0.059965
0.28972,-7.5745e-05,0.058821
0.29104,0.00041534,0.057707
0.29235,0.0024226,0.056772
0.29366,0.0060613,0.055935
0.29497,0.011298,0.054939
0.29195,0.0066547,0.035468
0.28895,0.0032987,0.021481
0.28602,0.0011379,0.011634
0.28313,0.00010881,0.005171
0.28027,-0.00015664,0.0014621
0.27744,-0.0012366,3.8569e-05
0.27464,-0.0033107,-0.0005812
0.27186,-0.0063526,-0.0028471
0.26912,-0.010342,-0.0066507
0.26638,-0.015246,-0.011768
0.26921,-0.014033,-0.016402
0.27203,-0.012877,-0.021615
0.27485,-0.011777,-0.027345
0.27767,-0.010735,-0.033506
0.28049,-0.0097455,-0.04005
0.2833,-0.0088127,-0.046984
0.28612,-0.007927,-0.054092
0.28893,-0.0070968,-0.061671
0.29174,-0.0063192,-0.069587
0.29455,-0.0055867,-0.077515
0.30393,-0.0048592,-0.089962
0.31346,-0.0041833,-0.10332
0.32314,-0.003559,-0.11752
0.33297,-0.0029806,-0.13223
0.34295,-0.0024563,-0.14782
0.35308,-0.0019819,-0.16384
0.36335,-0.0015586,-0.18041
0.37377,-0.0011867,-0.19747
0.38434,-0.00086565,-0.215
0.39505,-0.00059498,-0.23313
0.37545,-0.00036949,-0.2407
0.35662,-0.00019801,-0.24852
0.33855,-7.9653e-05,-0.25636
0.32119,-1.4406e-05,-0.26444
0.3045,1.7279e-06,-0.27255
0.28849,4.1318e-05,-0.28091
0.2731,0.00013269,-0.28922
0.25833,0.00027609,-0.29738
0.24414,0.00047057,-0.30542
0.2305,0.00071556,-0.31345
0.22067,0.0023786,-0.34035
0.21115,0.0049773,-0.3669
0.2019,0.0084849,-0.39329
0.19292,0.012877,-0.41946
0.18419,0.018136,-0.44553
0.1757,0.024248,-0.47133
0.16743,0.031195,-0.49715
0.15937,0.038965,-0.52328
0.15153,0.047555,-0.54922
0.14387,0.056948,-0.57549
0.14229,0.048712,-0.5903
0.14072,0.041231,-0.60362
0.13917,0.03447,-0.61593
0.13765,0.028401,-0.62753
0.13615,0.022993,-0.63841
0.13465,0.018214,-0.64895
0.13317,0.014043,-0.65881
0.13171,0.010456,-0.66727
0.13027,0.0074297,-0.67511
0.12884,0.0049464,-0.68194
0.13811,0.0092849,-0.57633
0.14754,0.014815,-0.49085
0.15716,0.021482,-0.42012
0.16698,0.029258,-0.36037
0.17704,0.03813,-0.30933
0.18736,0.048096,-0.26539
0.19799,0.059172,-0.22702
0.20891,0.071363,-0.19328
0.22016,0.084689,-0.16359
0.23175,0.099167,-0.13739
0.25004,0.1016,-0.14356
0.26911,0.10407,-0.14842
0.28898,0.10657,-0.1518
0.30965,0.10911,-0.15412
0.3311,0.11169,-0.1554
0.35332,0.11429,-0.1558
0.37635,0.11693,-0.15533
0.40018,0.1196,-0.15409
0.42479,0.12231,-0.15257
0.45015,0.12504,-0.15082
0.4422,0.1203,-0.13972
0.4345,0.11595,-0.12925
0.42697,0.11193,-0.11953
0.41963,0.10824,-0.11028
0.41247,0.10483,-0.10162
0.40548,0.10169,-0.093599
0.39867,0.098807,-0.08609
0.39199,0.096145,-0.079018
0.38548,0.093703,-0.072299
0.37912,0.09146,-0.066102
0.38252,0.086558,-0.053696
0.38594,0.081827,-0.043477
0.38939,0.077267,-0.034998
0.39286,0.07287,-0.027985
0.39635,0.068632,-0.022132
0.39986,0.064549,-0.017196
0.40338,0.060614,-0.013101
0.40694,0.056829,-0.0096635
0.4105,0.053186,-0.0068702
0.41408,0.049683,-0.0046601
0.41827,0.045082,-0.0017334
0.4224,0.040767,-0.00028323
0.42647,0.036723,4.1914e-05
0.43046,0.032935,0.000814
0.43439,0.029399,0.0024524
0.43828,0.026106,0.0048179
0.44209,0.023038,0.0078099
0.44584,0.020195,0.011374
0.44955,0.017569,0.015457
0.45323,0.01516,0.019971
0.44181,0.012348,0.010614
0.43067,0.0098609,0.0049477
0.41981,0.0076847,0.0017397
0.40923,0.0058077,0.00026316
0.39889,0.0042126,-4.4628e-05
0.38878,0.0028891,-0.00074216
0.37891,0.0018263,-0.0021273
0.36925,0.0010147,-0.0040172
0.35981,0.00044518,-0.0063245
0.35057,0.00010968,-0.0089355
0.35652,-2.3971e-05,-0.0026793
0.36252,-0.00040472,-0.00016518
0.36859,-0.0012406,0.00052797
0.3747,-0.0025203,0.0032034
0.38086,-0.0042373,0.0077466
0.38705,-0.0063789,0.013892
0.39329,-0.0089436,0.021325
0.39957,-0.011923,0.029904
0.40589,-0.015312,0.039374
0.41224,-0.019106,0.049685
0.40882,-0.017185,0.053161
0.4054,-0.015403,0.056614
0.40202,-0.013771,0.060117
0.39867,-0.012275,0.063827
0.39535,-0.010904,0.067523
0.39205,-0.009646,0.07132
0.38879,-0.0084973,0.07509
0.38554,-0.007449,0.07873
0.38233,-0.0064969,0.082281
0.37913,-0.0056308,0.085949
0.37513,-0.0062974,0.045734
0.37122,-0.0069734,0.020225
0.36739,-0.0076637,0.0058626
0.3636,-0.0083603,0.0002397
0.35989,-0.0090731,-0.0017397
0.35611,-0.0097647,-0.0092665
0.3525,-0.010504,-0.021749
0.34894,-0.011256,-0.03858
0.3454,-0.012018,-0.059235
0.34187,-0.012785,-0.083159
0.33632,-0.011762,-0.089601
0.33083,-0.010825,-0.096147
0.32541,-0.0099727,-0.10262
0.32004,-0.0091893,-0.10905
0.31471,-0.0084681,-0.11544
0.30946,-0.0078171,-0.12129
0.30426,-0.0072214,-0.12689
0.29912,-0.006677,-0.13245
0.29404,-0.0061838,-0.13773
0.28901,-0.0057323,-0.14254
0.30037,-0.0061912,-0.13301
0.31197,-0.0066663,-0.12575
0.32377,-0.0071495,-0.11996
0.33579,-0.0076406,-0.11537
0.34802,-0.0081438,-0.11185
0.36044,-0.0086484,-0.10898
0.37311,-0.009168,-0.10686
0.38599,-0.0096961,-0.1055
0.39909,-0.010233,-0.10456
0.41237,-0.010767,-0.10383
0.40692,-0.011296,-0.094526
0.40154,-0.011834,-0.086457
0.39624,-0.012388,-0.079251
0.39103,-0.012955,-0.072594
0.38587,-0.01353,-0.066522
0.38079,-0.014118,-0.061069
0.37579,-0.014724,-0.056073
0.37082,-0.015329,-0.051352
0.36592,-0.015951,-0.046997
0.36109,-0.016583,-0.043111
0.36752,-0.015708,-0.066889
0.374,-0.014858,-0.093302
0.38053,-0.014034,-0.12186
0.38709,-0.013231,-0.15196
0.39374,-0.012461,-0.18355
0.40042,-0.011711,-0.21629
0.4071,-0.010979,-0.25001
0.41387,-0.01028,-0.28456
0.42063,-0.0095957,-0.31974
0.42751,-0.0089505,-0.356
0.43371,-0.0062623,-0.28776
0.43986,-0.0041054,-0.23442
0.44594,-0.0024327,-0.19148
0.45202,-0.0012178,-0.1563
0.45807,-0.00043016,-0.12713
0.46407,-4.6237e-05,-0.10284
0.47004,4.8061e-05,-0.082404
0.47602,0.0004182,-0.064989
0.48198,0.0011412,-0.05032
0.48796,0.0022022,-0.038098
0.44853,0.00091434,-0.014906
0.41202,0.00019587,-0.0030708
0.3782,-3.5815e-06,3.6619e-05
0.34677,-0.00030314,0.003993
0.31758,-0.0010659,0.013675
0.29035,-0.0022629,0.028305
0.265,-0.0038784,0.047144
0.24131,-0.0058892,0.069666
0.21914,-0.0082784,0.095504
0.19843,-0.011046,0.12437
0.20405,-0.01128,0.11689
0.20975,-0.011516,0.11036
0.21554,-0.011747,0.10471
0.2214,-0.011977,0.099611
0.22734,-0.012201,0.095089
0.23334,-0.012422,0.091157
0.23944,-0.012641,0.087601
0.24557,-0.012851,0.084114
0.2518,-0.01306,0.080872
0.2581,-0.013265,0.077816
0.26223,-0.013116,0.089338
0.2664,-0.012961,0.10155
0.27058,-0.012797,0.1143
0.27479,-0.012623,0.12739
0.27903,-0.012443,0.14096
0.28333,-0.012262,0.15521
0.28761,-0.012064,0.16981
0.29194,-0.011865,0.18511
0.29627,-0.011655,0.20083
0.30065,-0.011441,0.21665
0.31754,-0.011783,0.19803
0.33491,-0.012135,0.1827
0.3528,-0.012496,0.16974
0.37115,-0.012856,0.1585
0.39,-0.013221,0.14873
0.4094,-0.013597,0.14041
0.42931,-0.013978,0.13307
0.44973,-0.014362,0.1263
0.4707,-0.014759,0.12023
0.49213,-0.015151,0.11489
0.49882,-0.01283,0.084433
0.50549,-0.010749,0.060302
0.5122,-0.0088986,0.041217
0.51886,-0.0072501,0.026366
0.52553,-0.0058002,0.015214
0.53224,-0.004537,0.0073129
0.539,-0.0034514,0.0024033
0.54564,-0.0025204,0.00018203
0.55237,-0.0017512,-0.00043894
0.5591,-0.0011305,-0.0029915
0.54998,-0.00074753,0.00016419
0.54119,-0.00044676,0.0050026
0.53261,-0.00022335,0.014677
0.52434,-7.8112e-05,0.02754
0.51616,-7.2097e-06,0.042426
0.50826,1.1489e-05,0.058914
0.50055,8.8978e-05,0.076444
0.49296,0.00023978,0.094609
0.48559,0.00046172,0.11328
0.47836,0.00075495,0.13248
0.45765,0.00021391,0.12686
0.43787,4.2411e-06,0.12369
0.41889,-0.00010413,0.12216
0.40074,-0.00049418,0.12161
0.38322,-0.0011505,0.122
0.36647,-0.002063,0.12302
0.35033,-0.0032094,0.12461
0.33485,-0.0045822,0.12635
0.31995,-0.0061652,0.12835
0.30564,-0.0079496,0.13065
0.31556,-0.0096159,0.13659
0.3257,-0.011442,0.14265
0.33606,-0.01343,0.14894
0.34663,-0.015576,0.15547
0.35729,-0.017856,0.16253
0.36813,-0.020289,0.16949
0.37925,-0.022896,0.17655
0.39054,-0.025652,0.18397
0.40198,-0.028558,0.19156
0.41361,-0.031617,0.19947
0.41183,-0.039333,0.14825
0.4101,-0.047693,0.10938
0.40845,-0.056684,0.079554
0.40685,-0.066283,0.056393
0.40527,-0.076472,0.038604
0.40375,-0.087249,0.025051
0.40224,-0.098584,0.015005
0.40072,-0.11046,0.00792
0.39927,-0.1229,0.0032873
0.39777,-0.13584,0.00073012
0.36195,-0.13414,0.004494
0.32868,-0.1327,0.0098283
0.29777,-0.13149,0.015677
0.26906,-0.13048,0.021457
0.24244,-0.12968,0.027018
0.21773,-0.12904,0.032349
0.19485,-0.12856,0.03736
0.1737,-0.12825,0.041931
0.15416,-0.12807,0.046172
0.13616,-0.12804,0.050209
0.14323,-0.11443,0.038163
0.15036,-0.10167,0.028915
0.15764,-0.089826,0.021528
0.16505,-0.078836,0.015775
0.17259,-0.068657,0.011253
0.18023,-0.05923,0.0078049
0.18801,-0.050572,0.0051272
0.19594,-0.042651,0.0030886
0.20399,-0.035435,0.001635
0.21219,-0.028921,0.00065852
0.20974,-0.021607,0.00097901
0.20739,-0.01548,0.0012754
0.2051,-0.010454,0.0015044
0.20286,-0.0064689,0.0016555
0.2007,-0.0034804,0.0017508
0.1986,-0.001435,0.001778
0.19654,-0.0002904,0.0017529
0.19453,1.2502e-05,0.0017065
0.19256,0.00057095,0.0016255
0.19063,0.0019407,0.0015454
0.19916,0.0027888,-0.0009299
0.20797,0.0037924,-0.0092918
0.21711,0.0049575,-0.02518
0.2266,0.00629,-0.047307
0.23646,0.0077953,-0.074732
0.24675,0.0094734,-0.10685
0.25744,0.011336,-0.14285
0.26856,0.013384,-0.18185
0.28013,0.015612,-0.22358
0.29211,0.018043,-0.2677
0.29476,0.011824,-0.27177
0.29744,0.0069757,-0.27876
0.30013,0.0034367,-0.28785
0.30283,0.0011565,-0.29851
0.30553,9.3093e-05,-0.3105
0.30824,-0.00020973,-0.32339
0.31096,-0.0014763,-0.33701
0.3137,-0.0038681,-0.35088
0.31644,-0.0073621,-0.36523
0.31918,-0.011936,-0.38013
0.30653,-0.010633,-0.3429
0.29433,-0.0094647,-0.31222
0.28256,-0.0084253,-0.28673
0.27119,-0.0074963,-0.26519
0.2602,-0.0066617,-0.24652
0.24958,-0.005916,-0.23
0.23932,-0.0052494,-0.21531
0.22939,-0.0046536,-0.20229
0.21979,-0.0041202,-0.19048
0.21051,-0.0036456,-0.1796
0.19442,-0.0052808,-0.16217
0.17936,-0.0071679,-0.14764
0.16526,-0.009292,-0.13526
0.15205,-0.011637,-0.1248
0.13967,-0.014194,-0.11565
0.12807,-0.016946,-0.10756
0.11719,-0.019881,-0.10041
0.107,-0.022999,-0.094149
0.097444,-0.026289,-0.088548
0.088492,-0.029739,-0.08357
0.090086,-0.028649,-0.075726
0.091699,-0.02758,-0.068182
0.093332,-0.026535,-0.060962
0.094986,-0.025519,-0.054074
0.096659,-0.024527,-0.047547
0.098351,-0.023554,-0.041276
0.10006,-0.022607,-0.035419
0.10179,-0.021683,-0.030067
0.10355,-0.020781,-0.025139
0.10532,-0.019901,-0.020588
0.095835,-0.020793,-0.023264
0.086933,-0.021693,-0.026102
0.078581,-0.022597,-0.029027
0.070759,-0.023508,-0.03197
0.063443,-0.024423,-0.03498
0.056612,-0.025344,-0.038215
0.050246,-0.026271,-0.041572
0.044325,-0.027201,-0.044982
0.038832,-0.028136,-0.048471
0.033753,-0.029079,-0.052184
0.030187,-0.030616,-0.049426
0.026859,-0.032176,-0.047133
0.023762,-0.033766,-0.045082
0.020882,-0.03538,-0.043272
0.018213,-0.03702,-0.041655
0.015747,-0.038688,-0.040266
0.013476,-0.040382,-0.039045
0.011394,-0.042102,-0.037907
0.0094984,-0.043853,-0.036873
0.0077819,-0.045632,-0.035841
0.010054,-0.044876,-0.045967
0.012654,-0.044105,-0.057042
0.015603,-0.043333,-0.068959
0.018909,-0.042539,-0.081421
0.022595,-0.041739,-0.094494
0.026675,-0.040928,-0.10822
0.031166,-0.040106,-0.12236
0.036084,-0.039272,-0.13651
0.041441,-0.038427,-0.15082
0.047255,-0.037575,-0.16512
0.045235,-0.035437,-0.18556
0.043256,-0.033365,-0.20611
0.041322,-0.031364,-0.2267
0.039431,-0.029432,-0.24739
0.037583,-0.027566,-0.26795
0.035782,-0.025771,-0.28825
0.03402,-0.024036,-0.3081
0.032306,-0.022371,-0.32774
0.030635,-0.020772,-0.34715
0.029003,-0.019232,-0.36557
0.028384,-0.014361,-0.32713
0.027839,-0.010318,-0.29556
0.027359,-0.0070266,-0.26902
0.026937,-0.0044259,-0.24623
0.026567,-0.0024646,-0.22683
0.026242,-0.0010969,-0.20995
0.025951,-0.0002855,-0.1947
0.025699,-9.4242e-07,-0.18165
0.025474,0.00021681,-0.1698
0.025272,0.00091294,-0.15923
0.024879,0.00071529,-0.14278
0.024465,0.00054162,-0.12842
0.024026,0.00039264,-0.11564
0.023573,0.0002672,-0.10471
0.023104,0.00016574,-0.095116
0.022617,8.8709e-05,-0.08634
0.02212,3.5458e-05,-0.078637
0.021617,6.1271e-06,-0.071901
0.021104,-1.0022e-06,-0.065826
0.020579,-1.9929e-05,-0.060213
0.021706,6.3581e-05,-0.046424
0.022868,0.00040881,-0.034564
0.024059,0.0010458,-0.024401
0.025284,0.0019676,-0.01608
0.026547,0.0031712,-0.009657
0.027824,0.0046687,-0.0046673
0.029142,0.0064564,-0.0015747
0.030484,0.0085532,-0.00010768
0.031854,0.01097,0.00035581
0.033251,0.013723,0.0023022
0.035826,0.015204,0.0029891
0.038554,0.016782,0.0037918
0.041434,0.018464,0.00476
0.044482,0.020248,0.0057662
0.047702,0.022136,0.00685
0.051093,0.024133,0.0080185
0.054667,0.02624,0.0092598
0.058415,0.028465,0.010641
0.062361,0.0308,0.012048
0.066503,0.033249,0.013579
0.059189,0.030777,0.021012
0.052454,0.028468,0.029697
0.046254,0.026307,0.039491
0.040553,0.02428,0.050321
0.035321,0.022372,0.061852
0.030525,0.020573,0.073917
0.026123,0.018886,0.087074
0.022116,0.017286,0.1004
0.018479,0.015771,0.11403
0.015175,0.014349,0.12894
0.016098,0.015522,0.11893
0.017034,0.016736,0.11005
0.017988,0.017988,0.10203
0.018959,0.019282,0.095032
0.019959,0.020612,0.088418
0.020973,0.021989,0.082645
0.022013,0.023407,0.07729
0.02308,0.024867,0.072261
0.024173,0.026371,0.067633
0.025292,0.02792,0.06353
0.027611,0.027181,0.065464
0.030046,0.026449,0.067416
0.032593,0.025726,0.069407
0.035248,0.025016,0.071531
0.038016,0.024315,0.073689
0.040913,0.023619,0.07571
0.043911,0.022938,0.078201
0.047046,0.022262,0.080326
0.050304,0.021594,0.082457
0.053687,0.020936,0.084519
0.052865,0.020087,0.072415
0.052019,0.019282,0.06209
0.051183,0.018513,0.052944
0.050333,0.01778,0.044932
0.049482,0.017081,0.037926
0.048645,0.016408,0.031599
0.047767,0.015772,0.026034
0.046915,0.015158,0.02118
0.046064,0.01457,0.016995
0.0452,0.014007,0.013415
0.043576,0.01397,0.011305
0.042003,0.013923,0.0093756
0.040445,0.013873,0.0075983
0.038932,0.013816,0.0060783
0.037447,0.013753,0.0047346
0.035985,0.013685,0.0035851
0.034565,0.013611,0.002612
0.033172,0.013533,0.0017666
0.031812,0.013449,0.001092
0.030488,0.013359,0.00057803
0.029918,0.014795,0.00068757
0.029344,0.016307,0.0008205
0.028771,0.017895,0.0009746
0.028204,0.019561,0.0011379
0.027632,0.021305,0.0013113
0.027063,0.023129,0.001499
0.026494,0.025033,0.0017072
0.02593,0.027019,0.0019335
0.02536,0.029088,0.0021586
0.024788,0.031241,0.0024232
0.025152,0.032111,0.0036563
0.02551,0.032992,0.0050645
0.025874,0.033881,0.0066317
0.026237,0.03478,0.0082893
0.026599,0.035688,0.010013
0.02695,0.036609,0.011674
0.027315,0.037536,0.013435
0.027675,0.038474,0.015229
0.028039,0.039421,0.017045
0.028401,0.04038,0.018772
0.028858,0.035299,0.012717
0.029273,0.030607,0.0081762
0.029669,0.026285,0.0049151
0.030015,0.022328,0.0025643
0.030323,0.018722,0.0010298
0.030609,0.015457,0.00022512
0.030867,0.012523,-1.2943e-06
0.031099,0.0099124,-0.0002646
0.031302,0.0076194,-0.00095011
0.031494,0.0056358,-0.0020109
0.031626,0.0058787,-0.0036245
0.031763,0.0061263,-0.0056749
0.031885,0.0063801,-0.0082098
0.032019,0.0066379,-0.011068
0.032151,0.0069007,-0.014313
0.032266,0.00717,-0.018076
0.0324,0.0074422,-0.022081
0.032515,0.007721,-0.026528
0.032625,0.0080051,-0.03134
0.03275,0.0082922,-0.03641
0.031421,0.008066,-0.029177
0.03017,0.0078512,-0.023177
0.028983,0.0076475,-0.018213
0.027844,0.0074553,-0.014147
0.026775,0.0072707,-0.010714
0.025739,0.0070967,-0.0079588
0.024758,0.0069297,-0.0056992
0.023826,0.0067695,-0.0038687
0.022935,0.0066161,-0.0024549
0.022063,0.0064712,-0.0014123
0.021763,0.008081,-0.0010329
0.02144,0.0098805,-0.00073776
0.021118,0.011871,-0.0004957
0.020795,0.014055,-0.000306
0.020457,0.016442,-0.0001693
0.020131,0.019029,-6.4113e-05
0.019798,0.021826,-9.3801e-06
0.019456,0.024838,2.4902e-06
0.019114,0.028067,4.0401e-05
0.018771,0.031519,0.00012861
0.018624,0.026426,0.00020547
0.018456,0.021868,0.00029754
0.018262,0.017819,0.00039066
0.018038,0.014252,0.00047813
0.017754,0.011149,0.00054811
0.017445,0.0084736,0.00059175
0.017127,0.0062009,0.00062924
0.016781,0.0043139,0.0006548
0.016419,0.0027905,0.00066915
0.016055,0.0016116,0.00068132
0.016381,0.0017703,0.0039186
0.016713,0.001936,0.0097401
0.017084,0.0021039,0.018258
0.017492,0.0022737,0.029487
0.017939,0.0024446,0.043531
0.018431,0.0026154,0.060548
0.018975,0.0027848,0.080574
0.019577,0.0029516,0.10377
0.020232,0.0031163,0.12997
0.020951,0.0032775,0.1593
0.018375,0.0032776,0.17249
0.015967,0.0032775,0.18602
0.013717,0.0032782,0.2
0.011643,0.0032767,0.2147
0.0097142,0.0032785,0.22943
0.0079613,0.003278,0.24512
0.006372,0.0032778,0.26127
0.0049541,0.0032764,0.27817
0.0037035,0.0032757,0.2955
0.0026304,0.0032733,0.3131
0.0031964,0.0038752,0.32641
0.0038164,0.0045353,0.33961
0.0044895,0.005255,0.35277
0.0052189,0.0060338,0.36641
0.0059997,0.006875,0.38001
0.0068325,0.007779,0.39331
0.0077226,0.0087437,0.40682
0.008663,0.0097731,0.4204
0.0096574,0.010866,0.43404
0.010705,0.012023,0.44735
0.009256,0.015174,0.39694
0.0078977,0.018607,0.354
0.0066349,0.02231,0.31675
0.0054695,0.026277,0.28404
0.0044096,0.0305,0.25506
0.0034593,0.034971,0.22904
0.0026204,0.039691,0.20565
0.0018937,0.044665,0.18451
0.0012832,0.049888,0.1653
0.0007907,0.055364,0.14764
0.0013534,0.052239,0.1628
0.0020678,0.049206,0.1781
0.0029329,0.046269,0.19328
0.0039511,0.04342,0.20848
0.0051229,0.040659,0.22358
0.0064446,0.037999,0.23851
0.0079241,0.035419,0.25334
0.0095586,0.032929,0.26824
0.011348,0.030531,0.283
0.013297,0.028218,0.29726
0.012359,0.029912,0.25796
0.011465,0.031663,0.22394
0.010614,0.033465,0.19434
0.0098084,0.035313,0.16873
0.0090423,0.037211,0.14621
0.0083142,0.039161,0.12614
0.0076236,0.041157,0.10842
0.0069679,0.043204,0.092545
0.0063473,0.045293,0.078612
0.0057581,0.04744,0.066131
0.0076834,0.038895,0.061785
0.0098155,0.031318,0.057717
0.012137,0.024659,0.053812
0.014634,0.018874,0.05008
0.017299,0.013917,0.046509
0.02013,0.0097529,0.042996
0.023128,0.0063513,0.039645
0.0263,0.0036898,0.036483
0.029662,0.0017502,0.033488
0.033228,0.00052673,0.030459
0.0304,0.00031079,0.034438
0.027711,0.0001545,0.038428
0.02516,5.3683e-05,0.042495
0.022744,5.3539e-06,0.046769
0.020458,-6.85e-06,0.051097
0.018301,-5.5907e-05,0.055304
0.01627,-0.00015061,0.059519
0.014364,-0.00028925,0.063614
0.012581,-0.00047081,0.067777
0.010918,-0.00069419,0.071891
0.010754,-0.00061439,0.061505
0.0106,-0.00053665,0.052484
0.010456,-0.00046169,0.044571
0.01032,-0.00039006,0.037689
0.010193,-0.00032255,0.031642
0.010073,-0.00025985,0.026453
0.0099605,-0.00020252,0.021907
0.0098549,-0.00015109,0.017901
0.0097554,-0.00010637,0.014402
0.0096618,-6.8835e-05,0.011319
0.011556,-4.0097e-05,0.011516
0.013629,-1.756e-05,0.011752
0.015881,-3.5397e-06,0.011983
0.018317,3.6632e-07,0.012129
0.020936,1.0476e-05,0.01231
0.023741,3.6533e-05,0.012504
0.026734,8.0972e-05,0.012699
0.029916,0.00014651,0.012936
0.033289,0.00023607,0.013166
0.036854,0.00035194,0.0133
0.03503,0.00034773,0.011451
0.033226,0.00034325,0.0099012
0.031445,0.00033856,0.0085578
0.029687,0.00033331,0.0073558
0.027957,0.000328,0.0063114
0.026255,0.00032243,0.0054425
0.024584,0.00031644,0.0046847
0.022948,0.00031107,0.0039995
0.021345,0.0003047,0.0034342
0.019781,0.00029876,0.0029676
0.021591,0.00020992,0.0068255
0.023457,0.00013587,0.012274
0.025374,7.6906e-05,0.019405
0.027339,3.4314e-05,0.02831
0.029345,8.3532e-06,0.038975
0.031391,-1.5329e-08,0.051252
0.033474,-1.0085e-05,0.065197
0.035591,-3.9311e-05,0.080857
0.037739,-8.8555e-05,0.098121
0.039919,-0.00015808,0.11673
0.038773,-0.00011628,0.11627
0.037637,-8.0499e-05,0.11616
0.036513,-5.0797e-05,0.1162
0.0354,-2.7698e-05,0.11627
0.034298,-1.1444e-05,0.11654
0.033209,-2.1494e-06,0.117
0.032133,2.2523e-07,0.11763
0.03107,5.8927e-06,0.1182
0.030019,1.9403e-05,0.11883
0.028983,4.1035e-05,0.11943
0.026937,0.00011621,0.12971
0.024962,0.00022955,0.14015
0.023058,0.00038126,0.15058
0.021226,0.00057119,0.16099
0.019465,0.00079907,0.17145
0.017777,0.0010655,0.18188
0.016158,0.0013716,0.19242
0.014609,0.0017191,0.20284
0.013135,0.0021048,0.21308
0.011736,0.0025291,0.22315
0.011843,0.002232,0.23663
0.011953,0.0019512,0.25039
0.012066,0.0016877,0.26433
0.012182,0.0014421,0.27822
0.012299,0.0012149,0.29225
0.012418,0.0010069,0.30655
0.012539,0.00081734,0.32105
0.012662,0.00064726,0.33538
0.012787,0.00049661,0.34981
0.012916,0.00036529,0.36462
0.014726,0.00044431,0.27797
0.016511,0.00051975,0.20927
0.01827,0.00058955,0.15471
0.019992,0.00065375,0.11141
0.02168,0.00071162,0.077246
0.023338,0.00076341,0.050778
0.024965,0.00081068,0.030695
0.026582,0.00085326,0.016002
0.028199,0.00089316,0.006267
0.029836,0.00093191,0.001063
0.03291,0.00068529,0.0018551
0.036159,0.00047821,0.0028474
0.039604,0.00030895,0.0040539
0.043247,0.00017717,0.0055034
0.047086,8.2349e-05,0.0071539
0.051137,2.3625e-05,0.008922
0.055398,4.531e-07,0.010853
0.059875,-1.217e-05,0.013005
0.064569,-5.8097e-05,0.015323
0.069476,-0.00013744,0.017839
0.068298,-6.2665e-05,0.013369
0.067123,-1.6142e-05,0.0095111
0.065958,-1.3931e-09,0.006306
0.064809,1.613e-05,0.0037293
0.06365,6.6529e-05,0.0018195
0.06251,0.00015267,0.00060862
0.061389,0.00027581,4.4535e-05
0.06025,0.0004383,-0.00013249
0.059125,0.00064043,-0.00088237
0.058022,0.0008826,-0.0022681
0.066843,0.00088394,1.694e-06
0.076559,0.00089876,0.0024813
0.087226,0.00093141,0.0096067
0.09897,0.0009828,0.021425
0.11187,0.0010558,0.03779
0.126,0.0011532,0.058464
0.14144,0.0012775,0.08331
0.15827,0.0014315,0.11192
0.17655,0.0016178,0.14419
0.19633,0.0018401,0.17992
0.19375,0.0024614,0.15174
0.1913,0.0031653,0.12794
0.18892,0.0039507,0.10768
0.18661,0.004817,0.090394
0.1844,0.0057604,0.075512
0.1822,0.0067841,0.062453
0.18008,0.0078837,0.051125
0.17802,0.0090584,0.041296
0.17601,0.010308,0.032805
0.17404,0.011633,0.025548
0.16608,0.011235,0.020726
0.15844,0.010863,0.016865
0.15108,0.010517,0.013718
0.14398,0.010197,0.01122
0.13718,0.0098972,0.0091719
0.13064,0.0096168,0.0074941
0.12435,0.0093561,0.0061138
0.11827,0.0091166,0.0049765
0.11243,0.0088926,0.0040264
0.10684,0.0086833,0.0032482
0.10686,0.0068515,0.006561
0.10689,0.0052428,0.010639
0.1069,0.0038553,0.015358
0.10692,0.0026845,0.020533
0.10693,0.0017278,0.026102
0.10695,0.00098271,0.031945
0.10695,0.0004479,0.037992
0.10697,0.00012088,0.044333
0.10698,7.1852e-07,0.050835
0.10698,-8.6067e-05,0.057505
0.10608,-8.688e-05,0.06022
0.10519,-8.772e-05,0.062949
0.1043,-8.857e-05,0.065559
0.10346,-8.9832e-05,0.068036
0.10261,-9.0866e-05,0.070383
0.10176,-9.1938e-05,0.07258
0.10096,-9.3413e-05,0.074611
0.10018,-9.5098e-05,0.076426
0.099377,-9.6547e-05,0.078145
0.098641,-9.8731e-05,0.079781
0.092739,2.3357e-06,0.068488
0.087058,0.00016234,0.058704
0.08161,0.00056199,0.050301
0.076372,0.0011868,0.04297
0.071358,0.0020226,0.036654
0.066547,0.003058,0.031167
0.061845,0.0042917,0.02628
0.057402,0.0057006,0.022187
0.053125,0.0072854,0.018611
0.04905,0.0090341,0.015413
0.051855,0.0052547,0.023585
0.054753,0.00249,0.033272
0.057755,0.00073845,0.044311
0.060881,1.7778e-05,0.056524
0.064144,-0.00036284,0.069952
0.067548,-0.0018211,0.084403
0.07111,-0.0044497,0.099877
0.074833,-0.0083121,0.11614
0.078742,-0.013478,0.1333
0.08285,-0.020019,0.1514
0.074513,-0.020072,0.16895
0.06665,-0.020123,0.18615
0.059323,-0.020187,0.20378
0.052485,-0.020257,0.22148
0.046109,-0.020331,0.23927
0.040181,-0.02041,0.25729
0.034706,-0.020497,0.27583
0.029634,-0.020582,0.29417
0.024976,-0.020669,0.31265
0.02074,-0.020764,0.3314
0.022123,-0.024627,0.28851
0.023494,-0.028764,0.25162
0.02487,-0.03318,0.22002
0.026251,-0.037872,0.19253
0.027664,-0.042849,0.16883
0.029098,-0.048109,0.14785
0.030507,-0.053633,0.12767
0.031983,-0.05946,0.1106
0.033483,-0.065572,0.09499
0.035035,-0.071985,0.0814
0.028088,-0.065307,0.077258
0.022166,-0.059111,0.073352
0.017164,-0.053366,0.069674
0.012983,-0.048041,0.066198
0.0095372,-0.04311,0.062934
0.0067416,-0.038547,0.059663
0.0045272,-0.03433,0.056571
0.0028255,-0.030439,0.053566
0.0015747,-0.026853,0.050644
0.00072158,-0.023555,0.048056
0.00040087,-0.024625,0.059701
0.00017191,-0.025745,0.072669
3.7388e-05,-0.026916,0.086715
-8.9067e-07,-0.028142,0.10183
-6.5167e-05,-0.029422,0.118
-0.00023431,-0.030755,0.13493
-0.00051011,-0.032146,0.15296
-0.00089883,-0.033588,0.17108
-0.0013988,-0.035088,0.19027
-0.0020129,-0.036644,0.21013
-0.00089214,-0.038188,0.23981
-0.00021289,-0.039802,0.27057
9.855e-07,-0.04149,0.30236
0.00028353,-0.043248,0.33396
0.0010882,-0.045081,0.36642
0.0024386,-0.046985,0.39873
0.0043618,-0.04896,0.43116
0.0068867,-0.051007,0.46388
0.01002,-0.053122,0.49466
0.013802,-0.055304,0.526
0.013531,-0.051257,0.50746
0.013252,-0.047476,0.49181
0.012981,-0.043942,0.48007
0.012714,-0.04063,0.47124
0.012445,-0.037523,0.46404
0.012189,-0.034605,0.45975
0.01193,-0.031862,0.4562
0.011682,-0.029282,0.45436
0.011435,-0.026856,0.45337
0.011182,-0.024575,0.45228
0.011151,-0.023367,0.45987
0.011129,-0.022196,0.46786
0.011108,-0.021061,0.47515
0.011097,-0.01996,0.48229
0.011086,-0.018896,0.4886
0.01108,-0.017866,0.49484
0.011076,-0.016872,0.50064
0.011073,-0.015912,0.50613
0.011082,-0.014985,0.51208
0.01109,-0.014091,0.51711
0.011382,-0.015899,0.53985
0.011692,-0.017818,0.56143
0.012017,-0.019848,0.5819
0.012359,-0.021986,0.60213
0.012717,-0.024232,0.62161
0.013089,-0.026587,0.64072
0.013484,-0.029046,0.65984
0.013875,-0.031617,0.6773
0.01429,-0.034289,0.695
0.014717,-0.037066,0.71257
0.015968,-0.039422,0.62764
0.017249,-0.041742,0.55708
0.018555,-0.044033,0.49685
0.019887,-0.046297,0.4455
0.021255,-0.048535,0.40044
0.022636,-0.050759,0.36085
0.024047,-0.052964,0.32555
0.025494,-0.055153,0.294
0.026953,-0.057334,0.26581
0.028447,-0.059504,0.23993
0.028455,-0.058382,0.2173
0.028449,-0.057322,0.1971
0.02843,-0.056319,0.17891
0.028412,-0.055365,0.16212
0.028388,-0.05446,0.14684
0.028359,-0.053598,0.133
0.0283,-0.052783,0.12065
0.028265,-0.052,0.10913
0.028216,-0.051255,0.098681
0.028142,-0.05055,0.089214
0.029371,-0.045575,0.082486
0.030633,-0.040981,0.076231
0.03189,-0.036749,0.070716
0.033172,-0.032844,0.065459
0.03447,-0.029244,0.060609
0.035772,-0.025931,0.056134
0.037101,-0.022881,0.051901
0.038439,-0.02008,0.048139
0.039792,-0.017509,0.044646
0.041171,-0.015155,0.04125
0.042011,-0.015576,0.036275
0.042857,-0.015999,0.031624
0.043713,-0.016422,0.027358
0.044567,-0.016849,0.02342
0.045455,-0.017274,0.019815
0.046349,-0.017701,0.01656
0.047179,-0.01814,0.013881
0.048059,-0.018575,0.011436
0.048967,-0.019011,0.0091801
0.049868,-0.019451,0.0072189
0.055062,-0.01987,0.0075554
0.060607,-0.020277,0.007783
0.066484,-0.020675,0.0079879
0.07273,-0.02106,0.0081592
0.079321,-0.021435,0.0083186
0.0863,-0.021799,0.0083679
0.093641,-0.022151,0.0084001
0.10138,-0.022492,0.0083982
0.10951,-0.022822,0.0083909
0.11805,-0.02314,0.0082733
0.11667,-0.026525,0.0052368
0.1153,-0.030118,0.0028996
0.11395,-0.033919,0.0012785
0.11258,-0.037927,0.00033906
0.11125,-0.042142,1.1528e-06
0.1099,-0.046565,-0.00024216
0.10859,-0.051195,-0.0010499
0.10726,-0.056033,-0.0023724
0.10595,-0.061079,-0.0042235
0.10466,-0.066335,-0.0065183
0.12856,-0.05746,-0.014637
0.15542,-0.049099,-0.025633
0.18546,-0.041262,-0.039274
0.21888,-0.033971,-0.055042
0.25594,-0.027262,-0.072982
0.29684,-0.021175,-0.092659
0.34181,-0.015757,-0.11401
0.39103,-0.011057,-0.13685
0.44471,-0.007123,-0.16111
0.50298,-0.0040049,-0.18645
0.50427,-0.0041864,-0.16461
0.50555,-0.0043741,-0.14826
0.50683,-0.0045682,-0.13599
0.50805,-0.0047679,-0.1263
0.50927,-0.0049739,-0.11881
0.51048,-0.0051859,-0.11257
0.51167,-0.0054039,-0.10741
0.51285,-0.0056278,-0.10319
0.51399,-0.0058575,-0.099484
0.51514,-0.0060934,-0.096457
0.54175,-0.0070834,-0.059722
0.56903,-0.0081364,-0.034228
0.59697,-0.0092516,-0.017168
0.62555,-0.010426,-0.0065946
0.65483,-0.011661,-0.0012213
0.68478,-0.012954,7.4859e-05
0.71541,-0.014303,0.0024765
0.74671,-0.015704,0.0078564
0.77869,-0.017158,0.01575
0.81133,-0.018661,0.025873
0.77716,-0.021824,0.049403
0.74448,-0.02513,0.077754
0.7132,-0.028563,0.11002
0.68318,-0.03211,0.14594
0.65438,-0.035768,0.18439
0.62671,-0.039525,0.22531
0.6001,-0.043373,0.26832
0.57448,-0.047303,0.31299
0.54981,-0.051316,0.3588
0.52603,-0.055396,0.40608
0.52233,-0.065626,0.35428
0.51871,-0.076588,0.3158
0.51516,-0.088267,0.28639
0.51166,-0.10065,0.26309
0.50821,-0.11373,0.24419
0.50479,-0.12748,0.22869
0.50141,-0.1419,0.2157
0.49806,-0.15696,0.20434
0.49475,-0.17267,0.19425
0.49145,-0.189,0.18564
0.47568,-0.18964,0.16076
0.46041,-0.19032,0.13833
0.44561,-0.19103,0.11824
0.43126,-0.19178,0.10011
0.41735,-0.19256,0.083907
0.40386,-0.19337,0.069571
0.39076,-0.19421,0.056848
0.37804,-0.19507,0.045589
0.36569,-0.19595,0.03574
0.35368,-0.19685,0.027278
0.35665,-0.20469,0.02301
0.35964,-0.21265,0.019725
0.36264,-0.22072,0.017205
0.36565,-0.22889,0.015296
0.36867,-0.23717,0.013853
0.37171,-0.24555,0.012678
0.37477,-0.25404,0.011764
0.37784,-0.26264,0.011093
0.38092,-0.27132,0.010627
0.38402,-0.2801,0.010271
0.36903,-0.26164,0.0056627
0.35464,-0.24429,0.0025873
0.3408,-0.22794,0.0007825
0.32749,-0.21255,3.5069e-05
0.31468,-0.19805,-0.00022905
0.30236,-0.18438,-0.0012295
0.29048,-0.17149,-0.0029415
0.27904,-0.15932,-0.0052554
0.26801,-0.14785,-0.008123
0.25739,-0.13702,-0.011534
0.24796,-0.13419,-0.0095047
0.23887,-0.13148,-0.0081745
0.2301,-0.12887,-0.0073018
0.22164,-0.12637,-0.0067524
0.21347,-0.12397,-0.006437
0.20559,-0.12165,-0.0063287
0.19797,-0.11942,-0.0063579
0.19062,-0.11727,-0.0064439
0.18351,-0.1152,-0.0066234
0.17665,-0.1132,-0.0069109
0.18967,-0.10663,-0.0060621
0.20314,-0.1003,-0.005114
0.21706,-0.094207,-0.0041523
0.23144,-0.088318,-0.0032244
0.24629,-0.08265,-0.0023584
0.2616,-0.077195,-0.0015718
0.27738,-0.071938,-0.00091188
0.29362,-0.066879,-0.00040873
0.31034,-0.062018,-9.8302e-05
0.32754,-0.057356,2.1376e-07
0.33533,-0.057505,-0.0011563
0.34319,-0.057644,-0.0044671
0.35111,-0.057765,-0.0096248
0.3591,-0.057869,-0.016364
0.36715,-0.057958,-0.024531
0.37528,-0.058035,-0.034066
0.38347,-0.058097,-0.044803
0.39173,-0.058144,-0.056772
0.40005,-0.058174,-0.069844
0.40842,-0.058185,-0.083794
0.40946,-0.05785,-0.096972
0.41051,-0.057511,-0.10971
0.41157,-0.057161,-0.12208
0.41264,-0.056808,-0.13411
0.41373,-0.056448,-0.14585
0.41481,-0.05608,-0.1573
0.41593,-0.055712,-0.16864
0.41703,-0.055329,-0.17931
0.41817,-0.054949,-0.18996
0.41929,-0.054555,-0.20014
0.42102,-0.050352,-0.20824
0.42275,-0.046394,-0.21604
0.42448,-0.042669,-0.22343
0.42624,-0.039171,-0.2307
0.428,-0.035886,-0.23755
0.42978,-0.032802,-0.24375
0.43155,-0.029911,-0.24951
0.43334,-0.027205,-0.25463
0.43513,-0.024674,-0.25932
0.43694,-0.022312,-0.26385
0.44998,-0.014643,-0.2317
0.46314,-0.0086471,-0.20723
0.4764,-0.0042591,-0.18824
0.48977,-0.0014269,-0.17297
0.50332,-0.00011047,-0.16095
0.517,0.00027464,-0.15114
0.53072,0.0018938,-0.14236
0.54461,0.0049445,-0.1352
0.55867,0.0094052,-0.12936
0.5729,0.015259,-0.12456
0.57839,0.022836,-0.11653
0.58387,0.031863,-0.10833
0.58931,0.042311,-0.10005
0.59476,0.05415,-0.091703
0.60019,0.067359,-0.083572
0.60566,0.081909,-0.075874
0.61102,0.097792,-0.068414
0.61645,0.11497,-0.061369
0.62185,0.13344,-0.054722
0.6272,0.15317,-0.048527
0.61114,0.13295,-0.034446
0.59571,0.11488,-0.02454
0.58092,0.098749,-0.017483
0.56666,0.084356,-0.012364
0.55294,0.071541,-0.0086352
0.53972,0.060157,-0.0058745
0.52699,0.05008,-0.0038795
0.51464,0.041195,-0.0024525
0.50272,0.033405,-0.0014597
0.49119,0.02662,-0.00080575
0.44814,0.015255,-0.0027922
0.40849,0.007291,-0.0050145
0.37194,0.0023676,-0.0071349
0.33819,0.00017419,-0.0090657
0.30702,-0.00044538,-0.010732
0.2782,-0.0029547,-0.012082
0.2515,-0.0075111,-0.013161
0.22678,-0.013955,-0.014053
0.20384,-0.022156,-0.014743
0.18255,-0.032013,-0.015255
0.18571,-0.035684,-0.0076602
0.18891,-0.039544,-0.0029389
0.19214,-0.043594,-0.00052401
0.19539,-0.047835,4.8203e-05
0.19863,-0.052268,0.0012483
0.20189,-0.056891,0.0038643
0.20517,-0.061705,0.0076987
0.20847,-0.066708,0.012669
0.21177,-0.0719,0.018617
0.21509,-0.07728,0.025482
0.19893,-0.071375,0.01919
0.18373,-0.065874,0.014605
0.1694,-0.06075,0.011271
0.15593,-0.055974,0.0087421
0.14325,-0.051522,0.0068403
0.13132,-0.047376,0.0053666
0.12012,-0.043511,0.0042447
0.10965,-0.039907,0.003422
0.09981,-0.036553,0.0027907
0.090622,-0.033429,0.0023166
0.085844,-0.030409,0.0044855
0.081252,-0.027579,0.0070044
0.076837,-0.02493,0.0097673
0.07256,-0.022456,0.01274
0.068445,-0.020148,0.01582
0.064497,-0.017996,0.018956
0.060678,-0.015997,0.022162
0.057012,-0.014142,0.025286
0.053486,-0.012425,0.028365
0.050104,-0.010841,0.031322
0.06559,-0.011282,0.024082
0.083858,-0.011723,0.017657
0.10521,-0.012161,0.01218
0.12994,-0.012593,0.0077696
0.15838,-0.013017,0.0043548
0.19082,-0.013433,0.001953
0.22755,-0.013839,0.00052043
0.26889,-0.014232,2.6782e-06
0.31513,-0.014613,-0.0003613
0.36657,-0.014977,-0.0015364
0.344,-0.018079,3.0894e-05
0.32248,-0.021416,0.0020237
0.30192,-0.024981,0.006411
0.28224,-0.028769,0.012432
0.26346,-0.032769,0.019648
0.24553,-0.036975,0.027843
0.22833,-0.041391,0.036799
0.21196,-0.045998,0.046368
0.19633,-0.050797,0.056384
0.18136,-0.055797,0.066856
0.17609,-0.036546,0.058187
0.17129,-0.021729,0.051639
0.1669,-0.010969,0.046505
0.16284,-0.0039662,0.042333
0.15903,-0.00048309,0.038943
0.15545,0.00034072,0.03614
0.15203,0.0034215,0.033749
0.14872,0.0096597,0.031567
0.14541,0.019032,0.02964
0.14212,0.031563,0.027853
0.13617,0.028268,0.032319
0.13035,0.025174,0.036943
0.12463,0.022272,0.041728
0.11906,0.019565,0.046818
0.1136,0.017044,0.052101
0.10826,0.014707,0.057469
0.10307,0.012554,0.063098
0.097967,0.010577,0.068914
0.092993,0.0087773,0.074965
0.088166,0.0071525,0.081193
0.083456,0.0051326,0.06719
0.079111,0.0035052,0.055073
0.075096,0.0022303,0.044499
0.071375,0.0012724,0.03519
0.067947,0.00060126,0.027187
0.064741,0.0001884,0.020368
0.061757,1.0671e-05,0.014648
0.058978,-4.7401e-05,0.010021
0.05638,-0.00028097,0.0063175
0.053934,-0.00069688,0.003478
0.048455,-0.00033338,0.0038071
0.043337,-0.00010583,0.0041162
0.038564,-6.1584e-06,0.0043905
0.034132,2.6692e-05,0.0046454
0.030014,0.00016009,0.0048838
0.026231,0.00040028,0.0050435
0.022741,0.00074055,0.0051649
0.019535,0.001175,0.0052146
0.016608,0.0016986,0.0052259
0.01395,0.0023067,0.0052585
0.015491,0.0014732,0.0020048
0.017107,0.00082778,0.00030477
0.018804,0.00036609,-9.1321e-05
0.020597,8.8864e-05,-0.0013059
0.022484,-1.6201e-07,-0.0039305
0.024487,-0.0001076,-0.0080066
0.026608,-0.00042099,-0.013602
0.028827,-0.00095333,-0.020709
0.031195,-0.0017157,-0.029473
0.033696,-0.0027227,-0.040014
0.033556,-0.0028667,-0.038626
0.033405,-0.0030165,-0.037324
0.033253,-0.0031716,-0.036167
0.033091,-0.0033324,-0.03526
0.03294,-0.0034977,-0.034436
0.032775,-0.0036691,-0.033617
0.032606,-0.0038461,-0.032894
0.03244,-0.0040283,-0.032359
0.032271,-0.0042161,-0.031898
0.032087,-0.0044102,-0.031383
0.035805,-0.0046808,-0.021281
0.039735,-0.0049584,-0.013398
0.043884,-0.0052409,-0.0074584
0.048265,-0.0055259,-0.0032683
0.052901,-0.0058108,-0.00081156
0.05781,-0.0060938,-7.9225e-08
0.06296,-0.0063744,0.00076449
0.068418,-0.0066497,0.0030227
0.074167,-0.0069191,0.0067128
0.08023,-0.0071813,0.011792
0.071381,-0.0084671,0.015901
0.063198,-0.0098203,0.020586
0.055635,-0.011237,0.025906
0.048641,-0.012713,0.03175
0.04221,-0.014248,0.038215
0.036286,-0.015841,0.045425
0.030866,-0.017493,0.053271
0.025915,-0.019207,0.061633
0.021408,-0.020985,0.070551
0.017345,-0.02283,0.080279
0.020526,-0.022524,0.072484
0.023973,-0.022219,0.065056
0.027688,-0.021914,0.058147
0.031682,-0.02161,0.051859
0.035963,-0.021308,0.046001
0.040538,-0.021008,0.040433
0.045425,-0.020711,0.035296
0.050619,-0.020415,0.030608
0.05613,-0.020121,0.02625
0.061991,-0.019831,0.022241
0.067548,-0.014587,0.013254
0.073329,-0.010194,0.0069256
0.079329,-0.0066056,0.0027796
0.085565,-0.0037967,0.00055476
0.092055,-0.0017565,-2.2044e-05
0.098809,-0.00048768,-0.0010444
0.10585,-4.3259e-06,-0.003521
0.11314,0.00033005,-0.0072948
0.12078,0.0014947,-0.012362
0.12871,0.0035351,-0.018677
0.13662,0.002812,-0.019284
0.14488,0.0021655,-0.020081
0.15351,0.0015985,-0.021044
0.16252,0.0011133,-0.022217
0.17192,0.00071236,-0.023557
0.18174,0.00039812,-0.024973
0.19196,0.0001732,-0.026544
0.20262,3.9856e-05,-0.028278
0.21373,-3.4719e-07,-0.030114
0.22524,-5.6614e-05,-0.032126
0.22207,-0.00033511,-0.041821
0.21898,-0.00083984,-0.05217
0.21593,-0.0015644,-0.062996
0.21295,-0.0025035,-0.07408
0.21002,-0.003652,-0.085455
0.20711,-0.0050034,-0.097216
0.20427,-0.0065555,-0.10916
0.20146,-0.0083028,-0.12115
0.19869,-0.010242,-0.13326
0.19594,-0.012367,-0.14567
0.18602,-0.010521,-0.10789
0.17653,-0.0089103,-0.078644
0.16746,-0.0075075,-0.055972
0.15877,-0.0062865,-0.038566
0.15043,-0.0052238,-0.025198
0.14245,-0.0043026,-0.015217
0.13479,-0.0035068,-0.0080909
0.12744,-0.0028219,-0.0034087
0.12037,-0.0022354,-0.00080501
0.11359,-0.0017377,6.0111e-07
0.1071,-0.0027137,0.0019985
0.10088,-0.0038965,0.0074013
0.094944,-0.0052854,0.015734
0.089226,-0.0068775,0.026527
0.083713,-0.0086722,0.039498
0.078403,-0.01067,0.054619
0.073267,-0.012871,0.071588
0.0683,-0.015278,0.090432
0.063478,-0.017889,0.11095
0.05881,-0.020708,0.13272
0.061374,-0.023447,0.14221
0.063996,-0.026391,0.15246
0.066682,-0.029546,0.16321
0.069423,-0.032915,0.17422
0.072222,-0.036501,0.18567
0.075082,-0.040306,0.19771
0.078005,-0.044334,0.21027
0.080989,-0.048585,0.22353
0.084047,-0.053064,0.23723
0.087136,-0.057767,0.25182
0.074467,-0.053229,0.19926
0.063239,-0.048985,0.15831
0.053304,-0.045012,0.12591
0.044552,-0.041287,0.09991
0.036868,-0.037794,0.078895
0.030161,-0.034518,0.061682
0.024344,-0.031447,0.047652
0.019332,-0.028568,0.036224
0.015059,-0.025872,0.026939
0.011458,-0.023348,0.019429
0.012295,-0.022427,0.012137
0.013137,-0.021579,0.0067776
0.013999,-0.020784,0.0030423
0.01488,-0.020033,0.00080861
0.015777,-0.019314,5.344e-06
0.016702,-0.018618,-0.00056007
0.017653,-0.017935,-0.0024268
0.018633,-0.017261,-0.0055031
0.019649,-0.016586,-0.0097742
0.020702,-0.015909,-0.015281
0.020666,-0.014363,-0.011664
0.020633,-0.012929,-0.0086021
0.020607,-0.011599,-0.0060596
0.020589,-0.010367,-0.0040584
0.020583,-0.0092239,-0.0024944
0.020579,-0.0081671,-0.0013097
0.020581,-0.0071905,-0.00051611
0.020592,-0.0062885,-9.6075e-05
0.020608,-0.0054578,8.3936e-06
0.020624,-0.0046954,0.00024668
0.018987,-0.0058002,0.00031041
0.017422,-0.0070147,0.00035429
0.015928,-0.0083381,0.0003914
0.014497,-0.0097734,0.0004223
0.013132,-0.011322,0.00044664
0.011837,-0.01298,0.00047783
0.01061,-0.014753,0.00050117
0.0094485,-0.016643,0.00051221
0.0083491,-0.018657,0.00051767
0.0073209,-0.020788,0.0005235
0.0076085,-0.018633,0.0003478
0.0078948,-0.016622,0.00021839
0.0081865,-0.014746,0.00013135
0.0084805,-0.013001,8.0933e-05
0.0087734,-0.011386,5.1035e-05
0.0090722,-0.0098906,2.9285e-05
0.0093725,-0.0085146,1.6819e-05
0.0096723,-0.0072549,1.2104e-05
0.0099803,-0.0061024,9.7831e-06
0.010286,-0.0050605,8.3537e-06
0.01136,-0.0054289,8.0157e-05
0.012503,-0.0058116,0.00023672
0.013723,-0.0062053,0.00047754
0.015018,-0.0066129,0.0007813
0.016395,-0.0070321,0.0011586
0.017854,-0.0074639,0.0016375
0.0194,-0.0079069,0.0021948
0.02103,-0.0083638,0.0027978
0.022752,-0.0088319,0.0034635
0.024571,-0.0093101,0.0042263
0.021373,-0.0084025,0.0013491
0.018499,-0.0075609,8.4341e-05
0.015932,-0.0067742,-0.00030595
0.013622,-0.0060477,-0.0018752
0.011542,-0.005378,-0.0046518
0.0096871,-0.0047501,-0.008585
0.0080234,-0.0041667,-0.013619
0.0065289,-0.0036269,-0.019702
0.0051999,-0.0031213,-0.026886
0.0040165,-0.0026544,-0.035154
0.0044878,-0.001746,-0.025274
0.0049679,-0.0010566,-0.017654
0.005464,-0.00055589,-0.011742
0.0059681,-0.00022444,-0.0072222
0.0064859,-4.3777e-05,-0.0039181
0.0070205,2.5932e-06,-0.0016924
0.0075717,9.5579e-05,-0.00040394
0.0081506,0.0003243,1.2224e-06
0.0087498,0.00069347,0.00050224
0.0093841,0.001216,0.0019291
0.0082329,0.0017894,0.00059964
0.0071548,0.0024606,3.7005e-05
0.0061461,0.003226,-0.00013827
0.0052091,0.0040869,-0.00086727
0.0043535,0.0050547,-0.0021981
0.0035763,0.0061352,-0.0041041
0.0028783,0.007339,-0.0066219
0.0022606,0.00868,-0.0098161
0.0017186,0.010165,-0.013714
0.0012557,0.011815,-0.018245
0.0012023,0.011969,-0.022541
0.001147,0.012143,-0.027342
0.0010899,0.012338,-0.032601
0.001029,0.01255,-0.038206
0.00096915,0.012792,-0.044241
0.00090644,0.013052,-0.050802
0.00084409,0.013341,-0.057793
0.0007823,0.013661,-0.065244
0.00071676,0.013993,-0.073142
0.00065327,0.014359,-0.081337
0.00053797,0.016553,-0.063003
0.00043533,0.018892,-0.047675
0.00034352,0.02137,-0.035019
0.0002631,0.023995,-0.024803
0.00019336,0.026766,-0.016589
0.00013453,0.029691,-0.010187
8.6505e-05,0.032774,-0.0054014
4.876e-05,0.036013,-0.0021441
2.1478e-05,0.039407,-0.00037594
5.2912e-06,0.042977,5.3004e-05
-3.9288e-05,0.044666,0.00011327
-0.00022111,0.046412,0.00020407
-0.00055606,0.04819,0.0003373
-0.0010457,0.050029,0.00050899
-0.0016927,0.051931,0.0007145
-0.0025034,0.053887,0.0009428
-0.0034837,0.055894,0.0012072
-0.0046348,0.057968,0.0015271
-0.0059559,0.060124,0.0018762
-0.0074656,0.062326,0.0022518
-0.0061744,0.059979,0.0015551
-0.0050151,0.057656,0.0010121
-0.0039781,0.055378,0.00062117
-0.0030691,0.053123,0.00035027
-0.0022806,0.050908,0.00017064
-0.0016129,0.048727,6.468e-05
-0.0010629,0.046584,1.2033e-05
-0.000631,0.044467,-1.0072e-06
-0.0003102,0.042409,-2.6965e-05
-0.00010425,0.04037,-8.0858e-05
-0.00035354,0.039844,-0.00066408
-0.00074928,0.039338,-0.0018087
-0.0012924,0.038841,-0.0034899
-0.0019833,0.038349,-0.0056219
-0.0028218,0.037859,-0.0082312
-0.0038103,0.037364,-0.011351
-0.0049505,0.036859,-0.01493
-0.0062495,0.036333,-0.018882
-0.007705,0.035794,-0.023252
-0.0093193,0.035239,-0.028132
-0.0097082,0.036227,-0.025484
-0.010102,0.037231,-0.023
-0.010507,0.03824,-0.020713
-0.010917,0.039267,-0.018726
-0.011337,0.040304,-0.016924
-0.011761,0.04136,-0.01531
-0.012192,0.042431,-0.013839
-0.012636,0.043513,-0.012485
-0.013087,0.04461,-0.011228
-0.013541,0.045729,-0.010023
-0.014703,0.043954,-0.0065397
-0.015899,0.042219,-0.0039282
-0.017131,0.040521,-0.0020596
-0.018392,0.038867,-0.00081614
-0.019691,0.037249,-0.00015427
-0.021022,0.03567,7.3824e-06
-0.022394,0.034126,0.00029584
-0.0238,0.03262,0.00099831
-0.025245,0.03115,0.0020726
-0.026732,0.029714,0.0035079
-0.027948,0.034781,0.0033415
-0.029183,0.040313,0.0031793
-0.030427,0.046326,0.0030277
-0.031683,0.052831,0.0029042
-0.032977,0.059827,0.0028473
-0.034254,0.067348,0.002753
-0.035542,0.075391,0.0026824
-0.036852,0.083963,0.0026661
-0.038166,0.093076,0.0026664
-0.03949,0.10274,0.002666
-0.043605,0.094133,0.00059397
-0.047872,0.086039,-6.8442e-07
-0.052287,0.078418,-0.0005951
-0.056845,0.071241,-0.0022055
-0.061561,0.06448,-0.0046772
-0.066436,0.058115,-0.0079477
-0.071465,0.052125,-0.011867
-0.076663,0.046495,-0.016313
-0.082029,0.041211,-0.021252
-0.087575,0.036263,-0.026549
-0.085937,0.030348,-0.027632
-0.084308,0.025059,-0.028938
-0.082707,0.020363,-0.030349
-0.081122,0.016225,-0.031691
-0.079556,0.012616,-0.033038
-0.078,0.0095068,-0.034415
-0.076468,0.0068753,-0.035853
-0.074944,0.004697,-0.037373
-0.073444,0.0029537,-0.038893
-0.071957,0.0016266,-0.040346
-0.069489,0.001027,-0.044012
-0.067124,0.00056859,-0.047627
-0.064844,0.00024674,-0.051237
-0.062651,5.8373e-05,-0.054945
-0.06053,-1.3802e-07,-0.058654
-0.058477,-6.9432e-05,-0.062395
-0.05649,-0.00026383,-0.066116
-0.054562,-0.00058117,-0.069703
-0.052688,-0.0010198,-0.073223
-0.050869,-0.0015776,-0.076752
-0.044983,-0.0017211,-0.063974
-0.039542,-0.0018774,-0.053653
-0.034522,-0.0020475,-0.04532
-0.02991,-0.0022307,-0.038486
-0.025687,-0.0024278,-0.0329
-0.021832,-0.0026401,-0.028453
-0.018337,-0.002867,-0.024811
-0.015183,-0.0031097,-0.021751
-0.01236,-0.0033679,-0.019233
-0.0098554,-0.0036425,-0.017247
-0.010873,-0.0029663,-0.019296
-0.011933,-0.0023626,-0.021319
-0.013033,-0.001831,-0.023423
-0.014173,-0.0013693,-0.025643
-0.01535,-0.00097724,-0.027937
-0.016565,-0.00065297,-0.030173
-0.017812,-0.00039564,-0.032449
-0.019092,-0.00020355,-0.034864
-0.020404,-7.5418e-05,-0.037304
-0.021743,-9.8915e-06,-0.039653
-0.02114,-3.4703e-05,-0.031796
-0.020545,-7.4818e-05,-0.025359
-0.019949,-0.00013067,-0.020038
-0.019358,-0.00020238,-0.015702
-0.018769,-0.00029029,-0.012092
-0.018187,-0.00039437,-0.0091191
-0.017611,-0.00051481,-0.0067165
-0.017041,-0.00065179,-0.0047867
-0.016477,-0.0008055,-0.0032545
-0.01592,-0.00097598,-0.0020391
-0.01476,-0.0013867,-0.00037455
-0.013679,-0.0018573,4.0084e-05
-0.012655,-0.0023883,0.0010031
-0.011678,-0.002982,0.0032033
-0.010738,-0.0036434,0.0066113
-0.0098215,-0.0043791,0.011269
-0.0089253,-0.005197,0.017167
-0.0080443,-0.0061059,0.024284
-0.0071787,-0.007115,0.032641
-0.0063382,-0.0082352,0.042409
-0.0052068,-0.0073172,0.049429
-0.0041884,-0.0064572,0.056828
-0.00328,-0.005651,0.064672
-0.0024792,-0.0048948,0.072923
-0.0017877,-0.0041874,0.081591
-0.0012055,-0.0035278,0.090824
-0.00073361,-0.0029153,0.10057
-0.00037575,-0.0023519,0.11067
-0.00013455,-0.0018396,0.12123
-1.3686e-05,-0.0013805,0.13244
3.207e-05,-0.00041071,0.11297
0.00021513,-1.8578e-05,0.096104
0.00054444,0.00011702,0.081403
0.0010056,0.00063722,0.068689
0.0015911,0.0015309,0.057533
0.0022941,0.0027672,0.04776
0.0031132,0.0043336,0.039134
0.0040569,0.0062393,0.031336
0.0051289,0.0085018,0.024455
0.0063412,0.011157,0.018398
0.0065693,0.014903,0.012675
0.0067991,0.019261,0.0080498
0.007029,0.02428,0.0044548
0.0072606,0.030019,0.0018922
0.0074911,0.036534,0.00040362
0.0077214,0.043889,-1.0255e-05
0.0079492,0.052138,-0.00070782
0.0081785,0.061352,-0.0025314
0.0084049,0.071579,-0.0054916
0.0086257,0.082865,-0.009568
0.0098458,0.092346,-0.0095796
0.011177,0.10263,-0.0095154
0.012627,0.11377,-0.0094368
0.014204,0.12581,-0.0093982
0.015912,0.13876,-0.0093439
0.017753,0.15266,-0.0092208
0.019735,0.16754,-0.009081
0.021867,0.18343,-0.0089813
0.024142,0.20034,-0.0088738
0.02658,0.21831,-0.008778
0.029737,0.22075,-0.0094861
0.033075,0.22323,-0.010228
0.03659,0.22574,-0.011048
0.040289,0.2283,-0.011967
0.044172,0.23089,-0.012946
0.048224,0.2335,-0.013965
0.052462,0.23615,-0.01503
0.056885,0.23885,-0.01608
0.061489,0.24158,-0.017179
0.066257,0.24432,-0.018345
0.0649,0.22199,-0.0083137
0.063606,0.20137,-0.0026786
0.062382,0.18234,-0.00026799
0.061212,0.16474,0.00023889
0.060104,0.14849,0.0019913
0.059049,0.13347,0.0051398
0.058014,0.11956,0.0093565
0.057043,0.10674,0.014441
0.056113,0.094908,0.02023
0.055217,0.083998,0.026684
0.052618,0.081132,0.018042
0.050143,0.078412,0.011617
0.047784,0.075827,0.0069927
0.045527,0.073358,0.0038078
0.043361,0.070991,0.0017298
0.04128,0.068716,0.00051882
0.039298,0.066555,2.6651e-05
0.037378,0.064455,-0.00012316
0.035552,0.06246,-0.0006979
0.033797,0.06054,-0.0016881
0.03841,0.059242,-0.0020427
0.043359,0.057982,-0.0024316
0.0486,0.056689,-0.0028986
0.054197,0.055438,-0.0033773
0.060115,0.054181,-0.0039115
0.066338,0.052896,-0.0045018
0.072926,0.051641,-0.0051409
0.07986,0.050392,-0.0058376
0.087146,0.049148,-0.0065935
0.094794,0.047913,-0.0074408
0.095896,0.052762,-0.014043
0.09703,0.057881,-0.022188
0.098175,0.063259,-0.031658
0.099341,0.068905,-0.042134
0.10055,0.074846,-0.053553
0.1018,0.081078,-0.065843
0.10305,0.087582,-0.078771
0.10432,0.094358,-0.092106
0.10564,0.10144,-0.10589
0.10696,0.10879,-0.12014
0.10355,0.097009,-0.10694
0.10019,0.086173,-0.095821
0.096854,0.0762,-0.086463
0.093553,0.067038,-0.078419
0.090329,0.058672,-0.071361
0.087113,0.051,-0.065259
0.083971,0.04403,-0.059758
0.080874,0.037698,-0.054822
0.07781,0.031963,-0.050376
0.074797,0.0268,-0.046218
0.07055,0.027035,-0.042015
0.066517,0.027269,-0.038458
0.062668,0.027492,-0.035417
0.059022,0.027722,-0.032652
0.055546,0.027944,-0.030239
0.052234,0.02816,-0.028007
0.0491,0.028385,-0.026036
0.04609,0.028585,-0.024197
0.043253,0.028804,-0.022595
0.040544,0.029012,-0.021184
0.039147,0.024657,-0.026577
0.037785,0.02069,-0.032419
0.036474,0.017111,-0.038781
0.03519,0.013892,-0.045718
0.033944,0.01103,-0.053173
0.032733,0.0085147,-0.061249
0.031545,0.0063323,-0.069857
0.030387,0.0044802,-0.078844
0.02925,0.002951,-0.088299
0.028142,0.0017429,-0.098033
0.0306,0.0022087,-0.086506
0.033143,0.0027257,-0.075761
0.035771,0.0032935,-0.065765
0.038499,0.0039148,-0.056644
0.041341,0.0045939,-0.04817
0.044272,0.005322,-0.040374
0.047321,0.0061077,-0.033233
0.050477,0.0069465,-0.026833
0.053756,0.0078429,-0.02112
0.057147,0.0087928,-0.016053
0.057617,0.0092951,-0.010765
0.058099,0.009821,-0.0066281
0.058594,0.010371,-0.0035965
0.059101,0.010943,-0.0015596
0.059602,0.011532,-0.00038706
0.060109,0.012141,-3.6389e-08
0.060626,0.012771,0.00034793
0.061136,0.013415,0.0013586
0.06163,0.01407,0.0029806
0.062138,0.014746,0.0051921
0.061541,0.014589,0.0020234
0.060939,0.014422,0.00035272
0.060324,0.014243,-4.2183e-05
0.059717,0.01406,-0.00098277
0.0591,0.013869,-0.0030844
0.058492,0.013677,-0.0062181
0.057892,0.013486,-0.010324
0.057275,0.013285,-0.015258
0.056675,0.01309,-0.021033
0.056068,0.012891,-0.027668
0.058978,0.014351,-0.034789
0.061968,0.015915,-0.042569
0.065024,0.017581,-0.050928
0.068157,0.019355,-0.059623
0.071372,0.02124,-0.068739
0.074656,0.023234,-0.078058
0.078023,0.025344,-0.087706
0.081461,0.027566,-0.097665
0.084967,0.029902,-0.10783
0.088558,0.032357,-0.11842
0.090875,0.039235,-0.13574
0.093297,0.046928,-0.15362
0.095805,0.05546,-0.17203
0.098427,0.064871,-0.19071
0.10115,0.075186,-0.20955
0.10396,0.086416,-0.22862
0.10688,0.0986,-0.2475
0.1099,0.11174,-0.26617
0.11302,0.12586,-0.28472
0.11623,0.14097,-0.30286
0.10644,0.15116,-0.26078
0.097228,0.16158,-0.22776
0.088552,0.17224,-0.20106
0.080356,0.18312,-0.17884
0.072624,0.19424,-0.16018
0.06535,0.20562,-0.14456
0.058495,0.21723,-0.13114
0.052053,0.2291,-0.11983
0.046021,0.24122,-0.10985
0.04037,0.2536,-0.10125
0.046733,0.22425,-0.094478
0.053427,0.19746,-0.088131
0.060449,0.17303,-0.082144
0.067794,0.15076,-0.076309
0.075449,0.13049,-0.070849
0.083408,0.11207,-0.065706
0.091668,0.095361,-0.060856
0.10019,0.080268,-0.056302
0.10902,0.066677,-0.052051
0.11816,0.054499,-0.048008
0.11558,0.056871,-0.082386
0.11304,0.059303,-0.12321
0.11053,0.061797,-0.16942
0.10808,0.064354,-0.22033
0.10567,0.066976,-0.27495
0.10331,0.069662,-0.33304
0.10099,0.072412,-0.3937
0.098694,0.075233,-0.4562
0.096452,0.078113,-0.52022
0.094245,0.081056,-0.58571
0.095408,0.071955,-0.56569
0.096608,0.063568,-0.54965
0.097819,0.055858,-0.53697
0.099051,0.048776,-0.52729
0.10029,0.042286,-0.51949
0.10155,0.036356,-0.51252
0.10282,0.030954,-0.50663
0.1041,0.02606,-0.50119
0.1054,0.021644,-0.49646
0.10671,0.017689,-0.49239
0.10776,0.01398,-0.38526
0.10881,0.010822,-0.30176
0.10986,0.0081556,-0.23557
0.11091,0.0059291,-0.18235
0.11197,0.0041028,-0.13937
0.11302,0.0026436,-0.10469
0.11407,0.0015246,-0.07666
0.11512,0.00072348,-0.054244
0.11617,0.00022359,-0.036483
0.11723,9.9039e-06,-0.022777
0.10903,-0.00010214,-0.030642
0.10122,-0.00053483,-0.038917
0.093772,-0.0012897,-0.0474
0.086684,-0.0023536,-0.056135
0.079937,-0.0037148,-0.064915
0.073498,-0.005359,-0.073722
0.067373,-0.0072825,-0.082499
0.061548,-0.0094792,-0.091345
0.056009,-0.011943,-0.10019
0.050747,-0.014673,-0.10887
0.051282,-0.012805,-0.073502
0.051828,-0.011131,-0.047123
0.052402,-0.0096322,-0.027773
0.052991,-0.0082827,-0.014118
0.053595,-0.0070655,-0.0053877
0.054208,-0.0059645,-0.0009113
0.05483,-0.0049693,0.00013114
0.055461,-0.0040723,0.0027121
0.056093,-0.0032656,0.0084117
0.05673,-0.0025473,0.016945
0.05271,-0.0028675,0.010818
0.04889,-0.0031973,0.0065057
0.045258,-0.003536,0.003518
0.0418,-0.00388,0.0015691
0.038515,-0.0042311,0.0004556
0.035394,-0.0045874,1.7208e-05
0.032436,-0.0049515,-0.00013795
0.029626,-0.0053174,-0.00071122
0.026968,-0.00569,-0.0016441
0.024452,-0.0060664,-0.0028937
0.027473,-0.0035863,-0.0055403
0.030678,-0.0017463,-0.0089414
0.034076,-0.00055225,-0.013111
0.037676,-2.4381e-05,-0.018098
0.041486,0.00019509,-0.023869
0.045517,0.0011063,-0.03034
0.04978,0.0028064,-0.037562
0.054272,0.0053512,-0.045617
0.059013,0.0087954,-0.054365
0.063997,0.013202,-0.063715
0.0633,0.014235,-0.047426
0.06264,0.015294,-0.034162
0.062,0.016381,-0.023509
0.061391,0.017494,-0.015106
0.060796,0.018637,-0.0087575
0.060217,0.019809,-0.0042101
0.059649,0.021011,-0.0013614
0.059094,0.022242,-9.0734e-05
0.058539,0.023507,0.00029445
0.05799,0.024803,0.0019197
0.06061,0.031572,0.0039384
0.063412,0.039413,0.006636
0.066413,0.048419,0.0099253
0.069606,0.05868,0.013778
0.073029,0.070289,0.018072
0.07667,0.083334,0.022837
0.080544,0.097902,0.027991
0.08468,0.11409,0.033317
0.089072,0.13196,0.03885
0.093691,0.15158,0.044415
0.090826,0.15516,0.040331
0.088002,0.15879,0.037502
0.085212,0.16246,0.035538
0.082465,0.16617,0.034051
0.079764,0.16993,0.033143
0.077097,0.17373,0.032616
0.074469,0.17757,0.032426
0.071883,0.18145,0.032593
0.069342,0.18537,0.033023
0.066845,0.18934,0.033632
0.07288,0.17149,0.01588
0.079185,0.15497,0.0054495
0.085752,0.13963,0.00064884
0.092572,0.12535,-0.00039077
0.09966,0.11208,-0.0038874
0.107,0.099709,-0.010526
0.11461,0.088198,-0.019884
0.12248,0.077493,-0.031598
0.13061,0.067543,-0.045419
0.139,0.058323,-0.061307
0.12666,0.052053,-0.065165
0.11506,0.046278,-0.068712
0.10416,0.040969,-0.07211
0.093931,0.036082,-0.075329
0.084361,0.03161,-0.078373
0.075415,0.027518,-0.081047
0.067078,0.023791,-0.083501
0.059328,0.020409,-0.085832
0.05214,0.017349,-0.087923
0.045495,0.014591,-0.089994
0.049752,0.014507,-0.07818
0.054196,0.014425,-0.067745
0.058827,0.01434,-0.058604
0.063663,0.014261,-0.050681
0.068697,0.014174,-0.043729
0.073946,0.014089,-0.03747
0.07942,0.014008,-0.031964
0.08511,0.013918,-0.027217
0.091051,0.013843,-0.023008
0.097233,0.013768,-0.019308
0.1035,0.013433,-0.033328
0.11008,0.013129,-0.050621
0.11697,0.012833,-0.070891
0.12418,0.012545,-0.094027
0.13171,0.012269,-0.11963
0.13956,0.011997,-0.14724
0.14775,0.011727,-0.17667
0.15628,0.011469,-0.20799
0.16516,0.011217,-0.24085
0.17438,0.010972,-0.27491
0.17419,0.011555,-0.22185
0.17406,0.012182,-0.17941
0.17397,0.012843,-0.14482
0.17391,0.013525,-0.11615
0.17389,0.014256,-0.09247
0.17388,0.015005,-0.072905
0.17392,0.015805,-0.05666
0.17397,0.016623,-0.043265
0.17402,0.017468,-0.032228
0.1741,0.018355,-0.023079
0.17358,0.016654,-0.030173
0.17304,0.015034,-0.037253
0.1725,0.013514,-0.0443
0.17195,0.012069,-0.051254
0.1714,0.010718,-0.058033
0.17083,0.0094466,-0.064473
0.17026,0.0082599,-0.070668
0.16968,0.0071609,-0.076811
0.1691,0.0061422,-0.082725
0.16851,0.0052039,-0.088579
0.19541,0.0071346,-0.076561
0.22472,0.0094051,-0.065768
0.25651,0.012026,-0.05612
0.29091,0.015035,-0.047387
0.32796,0.018427,-0.039658
0.36776,0.022233,-0.032999
0.41037,0.026459,-0.027159
0.45583,0.031115,-0.022086
0.50415,0.036179,-0.017727
0.55542,0.041694,-0.013887
0.53255,0.042117,-0.013849
0.51037,0.042493,-0.014037
0.48882,0.042798,-0.014406
0.46796,0.043076,-0.014849
0.44766,0.043267,-0.015411
0.42801,0.043437,-0.016107
0.40893,0.043542,-0.016923
0.39045,0.043621,-0.017949
0.37252,0.043648,-0.019117
0.35515,0.043645,-0.020516
0.35176,0.042783,-0.036917
0.34847,0.041952,-0.055547
0.34526,0.041141,-0.0756
0.34212,0.040356,-0.096403
0.33906,0.039591,-0.11772
0.33609,0.038867,-0.1392
0.33311,0.03811,-0.16043
0.33025,0.03741,-0.18193
0.32746,0.036731,-0.20344
0.3247,0.036044,-0.22489
0.31661,0.036242,-0.18857
0.30879,0.036452,-0.15958
0.30123,0.036693,-0.13576
0.29388,0.036938,-0.11568
0.28674,0.037191,-0.098592
0.27982,0.037475,-0.083915
0.27308,0.037762,-0.071163
0.26653,0.038071,-0.060234
0.26015,0.038389,-0.050669
0.25394,0.038715,-0.042421
0.26624,0.040913,-0.045921
0.27895,0.043195,-0.048745
0.29202,0.045522,-0.051028
0.30548,0.047931,-0.052916
0.31931,0.050395,-0.054372
0.33353,0.05293,-0.055286
0.34809,0.055502,-0.055659
0.36303,0.058158,-0.055791
0.37833,0.060863,-0.055609
0.39398,0.063619,-0.055235
0.39305,0.069536,-0.054972
0.3921,0.075664,-0.055175
0.39118,0.082031,-0.055658
0.39025,0.088594,-0.056264
0.38934,0.095388,-0.057052
0.38845,0.10242,-0.058072
0.38754,0.10962,-0.059202
0.38664,0.11704,-0.060377
0.38574,0.12467,-0.06163
0.38487,0.13251,-0.062986
0.39383,0.13469,-0.052261
0.40291,0.13685,-0.043597
0.41209,0.13898,-0.03662
0.42136,0.14105,-0.030837
0.43075,0.14311,-0.026081
0.44022,0.14512,-0.022135
0.4498,0.14709,-0.018818
0.45949,0.14904,-0.016074
0.46928,0.15096,-0.013725
0.47912,0.1528,-0.011659
0.47867,0.1575,-0.0069676
0.47822,0.16231,-0.0035398
0.47771,0.1672,-0.0012934
0.47721,0.1722,-0.00017963
0.47671,0.1773,7.4201e-05
0.47619,0.18251,0.00089439
0.47567,0.18782,0.0025749
0.47511,0.19323,0.0051067
0.47457,0.19874,0.0084223
0.47401,0.20436,0.012504
0.46973,0.19058,0.013941
0.46547,0.17751,0.015278
0.46125,0.16511,0.016543
0.45707,0.15336,0.017794
0.45286,0.1422,0.019024
0.44873,0.13164,0.020066
0.44459,0.12163,0.02101
0.44048,0.11214,0.021787
0.4364,0.10317,0.022501
0.43235,0.094682,0.023133
0.40221,0.10158,0.036376
0.37374,0.10857,0.050958
0.34683,0.11566,0.06638
0.32136,0.12284,0.082566
0.29727,0.13011,0.099258
0.27448,0.13748,0.11613
0.25292,0.14493,0.13329
0.2325,0.15247,0.15081
0.2132,0.1601,0.16856
0.19495,0.16781,0.18664
0.17999,0.16261,0.14654
0.166,0.15766,0.11639
0.15291,0.15295,0.093199
0.14069,0.14845,0.075172
0.12923,0.14415,0.060899
0.11852,0.14003,0.04925
0.10849,0.13607,0.03976
0.099107,0.13227,0.03191
0.09034,0.12861,0.025462
0.082146,0.1251,0.020088
0.081684,0.11397,0.018518
0.081256,0.10361,0.016946
0.080845,0.093958,0.01533
0.080474,0.084974,0.013819
0.080113,0.076622,0.012338
0.079781,0.068863,0.010999
0.079476,0.061662,0.0097206
0.079201,0.054988,0.0085309
0.078942,0.048813,0.0074301
0.078694,0.043112,0.0063942
0.08077,0.042037,0.0021207
0.082865,0.040998,0.00017875
0.08498,0.039989,-0.00032131
0.087125,0.039004,-0.0022793
0.089283,0.038041,-0.0058391
0.091474,0.037095,-0.010904
0.093694,0.036164,-0.017301
0.095946,0.035246,-0.024973
0.098231,0.034338,-0.033764
0.10054,0.033442,-0.043589
0.0986,0.029044,-0.053776
0.096734,0.024969,-0.064659
0.094904,0.021217,-0.076349
0.093104,0.017784,-0.088809
0.09127,0.014673,-0.10173
0.089507,0.011864,-0.11565
0.087768,0.0093589,-0.13026
0.086038,0.007157,-0.1453
0.084345,0.0052516,-0.16099
0.082664,0.0036435,-0.1771
0.078794,0.0030553,-0.15874
0.075116,0.0025412,-0.14316
0.071583,0.0020959,-0.12946
0.068205,0.0017107,-0.1174
0.064963,0.0013801,-0.10653
0.061859,0.0010976,-0.096781
0.058892,0.00085796,-0.088067
0.056055,0.00065665,-0.080342
0.053332,0.00048987,-0.0733
0.050716,0.00035388,-0.066781
0.044964,7.9855e-05,-0.080025
0.039597,-7.6617e-07,-0.093978
0.034616,-0.00011362,-0.10866
0.029984,-0.00041662,-0.12392
0.025672,-0.00090742,-0.13948
0.021695,-0.0015864,-0.15571
0.018053,-0.0024556,-0.17256
0.014728,-0.0035151,-0.18976
0.011728,-0.0047682,-0.20746
0.0090481,-0.0062153,-0.22583
0.010221,-0.0075346,-0.18151
0.011443,-0.0089316,-0.1454
0.012711,-0.010401,-0.11564
0.014031,-0.011942,-0.090688
0.015402,-0.013554,-0.069949
0.016821,-0.015238,-0.052623
0.018299,-0.016999,-0.038352
0.019834,-0.018842,-0.026773
0.021428,-0.020773,-0.017511
0.023082,-0.022797,-0.010317
0.026104,-0.022008,-0.00601
0.029329,-0.021233,-0.0029155
0.032776,-0.020469,-0.00093603
0.036459,-0.019714,-5.524e-05
0.040413,-0.018966,0.00024607
0.044639,-0.018222,0.0014799
0.049177,-0.017482,0.0037348
0.054057,-0.016746,0.007046
0.059301,-0.016013,0.011389
0.06494,-0.015284,0.016789
0.06917,-0.016441,0.0073212
0.073543,-0.017642,0.0018883
0.078045,-0.018888,7.9239e-06
0.082694,-0.020184,-0.0013247
0.087464,-0.021528,-0.005524
0.092373,-0.022924,-0.012405
0.097433,-0.024372,-0.021743
0.10262,-0.025872,-0.033423
0.10795,-0.027426,-0.04719
0.11341,-0.029032,-0.062904
0.10294,-0.030385,-0.05928
0.093145,-0.031783,-0.056312
0.083957,-0.033228,-0.054115
0.075383,-0.034717,-0.0524
0.067372,-0.036252,-0.051151
0.059905,-0.037832,-0.050184
0.052968,-0.039454,-0.049497
0.046525,-0.041122,-0.049137
0.040554,-0.042837,-0.049018
0.035063,-0.044587,-0.048959
0.03565,-0.047086,-0.047528
0.036242,-0.049656,-0.046036
0.036837,-0.052299,-0.044411
0.037439,-0.05501,-0.042559
0.038048,-0.05779,-0.040621
0.038656,-0.060645,-0.038716
0.039267,-0.063571,-0.03678
0.039885,-0.066566,-0.034728
0.040505,-0.069633,-0.032659
0.041137,-0.072761,-0.030581
0.038859,-0.069742,-0.029971
0.036653,-0.066822,-0.029623
0.034509,-0.064009,-0.029563
0.032438,-0.061285,-0.0298
0.030438,-0.058645,-0.030237
0.028498,-0.056104,-0.030787
0.026631,-0.053639,-0.031501
0.024828,-0.051259,-0.0325
0.023097,-0.048946,-0.033634
0.021423,-0.046726,-0.034907
0.021816,-0.043138,-0.025089
0.022184,-0.039828,-0.017288
0.022537,-0.036753,-0.011199
0.022872,-0.033901,-0.0065608
0.023197,-0.031232,-0.00325
0.02351,-0.028743,-0.0011272
0.023811,-0.026416,-0.00011688
0.024102,-0.024237,0.0001252
0.024392,-0.022181,0.0010603
0.02467,-0.020257,0.0028405
0.028454,-0.019021,0.0039035
0.032547,-0.01781,0.0051483
0.036962,-0.016621,0.0065455
0.041708,-0.015459,0.0080562
0.046798,-0.014323,0.0097028
0.052239,-0.013219,0.011531
0.058046,-0.012145,0.013489
0.064234,-0.011099,0.015512
0.070801,-0.010095,0.017626
0.077774,-0.0091198,0.019927
0.078238,-0.0091473,0.024498
0.078708,-0.0091715,0.02957
0.079183,-0.0091932,0.035241
0.079657,-0.0092167,0.041551
0.080122,-0.0092514,0.048488
0.080588,-0.0092888,0.055964
0.081067,-0.0093153,0.064123
0.081548,-0.0093421,0.073075
0.082027,-0.0093748,0.082702
0.082516,-0.0093993,0.092852
0.084746,-0.0095299,0.07839
0.086992,-0.0096614,0.066111
0.089249,-0.0098013,0.055526
0.091526,-0.0099404,0.046249
0.093816,-0.01009,0.038221
0.096131,-0.010235,0.031389
0.098468,-0.010384,0.025491
0.10083,-0.010537,0.020328
0.10321,-0.01069,0.015912
0.10561,-0.010852,0.012196
0.10393,-0.013211,0.011161
0.10226,-0.015794,0.010139
0.1006,-0.018604,0.0091162
0.098968,-0.021627,0.0080289
0.097348,-0.024863,0.0069585
0.095739,-0.028322,0.0058943
0.094146,-0.031993,0.0048835
0.092566,-0.035879,0.0039743
0.091001,-0.039971,0.0031342
0.089446,-0.044282,0.0023558
0.087508,-0.039746,0.0046389
0.085636,-0.035523,0.0074052
0.083821,-0.031604,0.010553
0.082062,-0.027971,0.014043
0.080352,-0.024615,0.017768
0.078687,-0.021527,0.021603
0.077073,-0.018674,0.025606
0.075497,-0.016067,0.029741
0.073965,-0.013678,0.033989
0.072468,-0.011509,0.038394
0.068899,-0.010909,0.037792
0.065473,-0.010312,0.037493
0.062182,-0.0097256,0.03746
0.059008,-0.0091741,0.037697
0.055963,-0.008626,0.038112
0.053035,-0.0080969,0.038786
0.050222,-0.0075841,0.039645
0.047518,-0.0070875,0.040598
0.044925,-0.0065995,0.041693
0.042424,-0.006146,0.043042
0.045318,-0.0076466,0.050794
0.048416,-0.0093343,0.058958
0.05173,-0.011208,0.067557
0.055252,-0.013308,0.076671
0.059011,-0.015598,0.0861
0.063002,-0.018108,0.095707
0.067235,-0.020837,0.10551
0.071718,-0.023787,0.11566
0.076463,-0.026945,0.12591
0.081462,-0.030358,0.13611
0.085083,-0.043769,0.10654
0.088817,-0.05974,0.081862
0.092698,-0.078381,0.061241
0.096743,-0.099884,0.044102
0.10098,-0.1244,0.030168
0.10541,-0.1521,0.019259
0.11007,-0.18317,0.011005
0.11496,-0.21773,0.0051501
0.12008,-0.25595,0.0015679
0.12545,-0.29795,7.3061e-05
0.12235,-0.30842,1.0815e-05
0.1193,-0.31905,-4.4974e-06
0.1163,-0.32979,-5.5725e-05
0.11336,-0.34063,-0.00015522
0.11047,-0.35165,-0.00029783
0.10764,-0.36276,-0.00049255
0.10486,-0.37401,-0.00072568
0.10212,-0.38536,-0.00097522
0.099439,-0.39691,-0.0012378
0.096807,-0.40854,-0.0015394
0.0871,-0.41761,-0.00074211
0.077971,-0.42683,-0.00031832
0.069407,-0.43614,-0.00010641
0.061394,-0.44549,-1.5224e-05
0.053918,-0.45494,1.9167e-06
0.04697,-0.46442,3.1838e-05
0.040536,-0.47399,8.4553e-05
0.034607,-0.48367,0.00014972
0.029174,-0.4934,0.00022214
0.024229,-0.5032,0.00029973
0.031344,-0.49734,-7.8921e-05
0.039313,-0.49171,-0.0010815
0.048121,-0.48638,-0.0030383
0.057759,-0.48129,-0.0057451
0.068215,-0.47647,-0.0090764
0.079484,-0.47178,-0.012846
0.091558,-0.46727,-0.017056
0.10443,-0.46295,-0.021734
0.1181,-0.45873,-0.026777
0.13255,-0.45469,-0.032084
0.11629,-0.41169,-0.036579
0.10149,-0.3722,-0.041146
0.088051,-0.3359,-0.045657
0.075873,-0.30258,-0.050016
0.064877,-0.272,-0.054307
0.054987,-0.24388,-0.058701
0.046129,-0.21808,-0.063062
0.038237,-0.19443,-0.067552
0.03125,-0.17273,-0.071989
0.025109,-0.15286,-0.076498
0.23972,-0.0088021,-0.029772
0.22847,-0.009003,-0.044165
0.21753,-0.0092105,-0.060624
0.20688,-0.0094439,-0.078983
0.19652,-0.0096851,-0.099087
0.18644,-0.0099417,-0.12069
0.17665,-0.010211,-0.14383
0.16713,-0.010492,-0.16833
0.1579,-0.010786,-0.19417
0.14893,-0.011095,-0.22139
0.15398,-0.014816,-0.19477
0.15911,-0.019066,-0.17299
0.16434,-0.023825,-0.1548
0.16965,-0.029109,-0.13968
0.17504,-0.034895,-0.12671
0.18051,-0.041221,-0.11561
0.18605,-0.048043,-0.10593
0.19167,-0.055373,-0.097323
0.19735,-0.06322,-0.089758
0.20311,-0.071562,-0.083128
0.21382,-0.052926,-0.10713
0.22477,-0.037191,-0.13055
0.23595,-0.024243,-0.15367
0.2474,-0.014069,-0.17632
0.25912,-0.0066577,-0.19845
0.27112,-0.001985,-0.21973
0.28343,-5.5911e-05,-0.24012
0.29604,0.00087714,-0.2597
0.30898,0.0044615,-0.27831
0.32226,0.010831,-0.29577
0.32523,0.0033322,-0.23136
0.32797,0.00014016,-0.18267
0.33055,-0.0011358,-0.14487
0.333,-0.0062383,-0.115
0.33539,-0.01539,-0.091048
0.33774,-0.028556,-0.071807
0.34009,-0.045718,-0.056056
0.34247,-0.066871,-0.043234
0.3449,-0.092013,-0.032679
0.34741,-0.12116,-0.024058
0.36393,-0.13809,-0.030267
0.3809,-0.15618,-0.035105
0.39831,-0.17541,-0.038599
0.41615,-0.19575,-0.040924
0.43443,-0.21721,-0.042125
0.45313,-0.23975,-0.042229
0.47226,-0.26333,-0.041501
0.49179,-0.28794,-0.040023
0.51175,-0.31354,-0.038041
0.5321,-0.34011,-0.035776
0.49808,-0.33538,-0.016485
0.4657,-0.33058,-0.0059048
0.43488,-0.32572,-0.0010274
0.40553,-0.32079,6.4876e-05
0.3776,-0.3158,0.0019771
0.35102,-0.31075,0.0060671
0.32573,-0.30565,0.011915
0.3017,-0.30051,0.019131
0.27884,-0.29532,0.027567
0.25715,-0.29009,0.037038
0.27473,-0.28738,0.047064
0.29289,-0.28469,0.057
0.31162,-0.28201,0.066805
0.33092,-0.27934,0.076485
0.35078,-0.27668,0.085964
0.3712,-0.27403,0.094898
0.39219,-0.2714,0.10347
0.41373,-0.26879,0.11153
0.43582,-0.26619,0.11918
0.45846,-0.26361,0.12654
0.41581,-0.26002,0.1446
0.37559,-0.25701,0.16338
0.33775,-0.25454,0.18253
0.30221,-0.25255,0.20204
0.26888,-0.25099,0.22193
0.23774,-0.24984,0.24173
0.20871,-0.24907,0.26159
0.18173,-0.24863,0.28122
0.15678,-0.2485,0.30082
0.13378,-0.24865,0.32068
0.14151,-0.25514,0.36506
0.14942,-0.26164,0.41125
0.15756,-0.26818,0.45946
0.16588,-0.27472,0.50979
0.17442,-0.28129,0.56188
0.18317,-0.28785,0.61542
0.19209,-0.2944,0.67052
0.20123,-0.30093,0.72733
0.21059,-0.30746,0.78538
0.22013,-0.31396,0.8441
0.23383,-0.2767,0.75873
0.24747,-0.24303,0.68271
0.26106,-0.21259,0.61366
0.27457,-0.18504,0.54984
0.28804,-0.16016,0.49095
0.30146,-0.1377,0.43659
0.31484,-0.11746,0.38601
0.32819,-0.099264,0.33874
0.34153,-0.082968,0.29484
0.35482,-0.068426,0.25433
0.3677,-0.077101,0.22091
0.38076,-0.086203,0.19554
0.39408,-0.09574,0.17628
0.40759,-0.10569,0.16162
0.42132,-0.11605,0.15038
0.43529,-0.12682,0.14156
0.44946,-0.13798,0.13477
0.46389,-0.14953,0.12983
0.4785,-0.16144,0.1263
0.49335,-0.1737,0.12371
0.45582,-0.17003,0.12879
0.42029,-0.16652,0.12931
0.38672,-0.16318,0.12658
0.35502,-0.15998,0.12167
0.32501,-0.15691,0.11509
0.29679,-0.15398,0.10798
0.27022,-0.15119,0.10037
0.24524,-0.14851,0.092403
0.22178,-0.14594,0.084397
0.19979,-0.14348,0.076684
0.20413,-0.14373,0.099229
0.2085,-0.14396,0.12405
0.21294,-0.14416,0.15125
0.21742,-0.14433,0.18099
0.22194,-0.14448,0.21302
0.22653,-0.1446,0.24704
0.23116,-0.1447,0.28322
0.23582,-0.14476,0.32186
0.24056,-0.1448,0.36258
0.24531,-0.1448,0.40533
0.25734,-0.13877,0.33255
0.26953,-0.13293,0.27277
0.28194,-0.12725,0.22273
0.29455,-0.12172,0.18063
0.30738,-0.11634,0.14488
0.32043,-0.1111,0.11425
0.33367,-0.106,0.088359
0.34714,-0.10103,0.066333
0.36084,-0.096179,0.047989
0.37477,-0.091451,0.033058
0.35395,-0.092317,0.010033
0.33405,-0.093169,0.00055163
0.31502,-0.094004,-0.0023997
0.29679,-0.094825,-0.01393
0.2793,-0.095631,-0.033951
0.2625,-0.096424,-0.061579
0.24636,-0.097197,-0.096088
0.23083,-0.097974,-0.13682
0.2159,-0.09872,-0.18335
0.20154,-0.099446,-0.23558
0.20649,-0.11054,-0.21046
0.2115,-0.12215,-0.18992
0.21657,-0.13428,-0.17301
0.22169,-0.14695,-0.15905
0.22686,-0.16014,-0.14732
0.23209,-0.17383,-0.13723
0.23737,-0.18801,-0.12848
0.2427,-0.2027,-0.12094
0.24808,-0.21788,-0.11427
0.25351,-0.23352,-0.1081
0.26038,-0.20774,-0.057235
0.2671,-0.18426,-0.024787
0.27369,-0.16286,-0.0066392
0.28017,-0.14328,-0.00010581
0.28658,-0.12534,0.0032816
0.29293,-0.10894,0.014917
0.29925,-0.093944,0.034103
0.30555,-0.080225,0.060134
0.31184,-0.067734,0.092519
0.31816,-0.056394,0.13058
0.33796,-0.068165,0.077192
0.35838,-0.080988,0.04022
0.37946,-0.094917,0.016502
0.40125,-0.10992,0.0037127
0.42376,-0.12603,-9.1666e-06
0.44701,-0.14327,-0.0040633
0.47102,-0.16162,-0.014864
0.49579,-0.18106,-0.031635
0.52134,-0.20158,-0.053855
0.54765,-0.22315,-0.081182
0.52932,-0.22273,-0.073057
0.51149,-0.22247,-0.066252
0.49413,-0.22235,-0.060178
0.47724,-0.22234,-0.054625
0.4608,-0.2225,-0.049482
0.44479,-0.22282,-0.044549
0.4292,-0.22324,-0.039805
0.41403,-0.22378,-0.035205
0.39925,-0.22449,-0.030762
0.38486,-0.22527,-0.026565
0.39433,-0.19459,-0.044332
0.40376,-0.16659,-0.064455
0.41316,-0.14114,-0.086261
0.42255,-0.11812,-0.10958
0.43192,-0.097373,-0.13404
0.44129,-0.078834,-0.15927
0.45068,-0.062405,-0.18533
0.46007,-0.048,-0.21231
0.46949,-0.035591,-0.24004
0.47894,-0.025098,-0.26801
0.50633,-0.027588,-0.28414
0.5346,-0.030197,-0.30225
0.56373,-0.032914,-0.32215
0.59372,-0.035698,-0.34302
0.62455,-0.038563,-0.36506
0.65624,-0.041524,-0.38773
0.68875,-0.044547,-0.41125
0.72208,-0.047644,-0.43576
0.75621,-0.050818,-0.46088
0.79114,-0.054041,-0.48689
0.7293,-0.059416,-0.36295
0.67242,-0.064903,-0.27013
0.61993,-0.070471,-0.19855
0.57139,-0.076166,-0.14238
0.52642,-0.08198,-0.098244
0.4847,-0.087874,-0.064161
0.44593,-0.093827,-0.038409
0.40986,-0.099938,-0.019775
0.37626,-0.10609,-0.0076188
0.34494,-0.11239,-0.0012424
0.33804,-0.10661,-0.0027666
0.3314,-0.10088,-0.0045894
0.32501,-0.095203,-0.0065977
0.31885,-0.089646,-0.0087282
0.31293,-0.084108,-0.011004
0.30721,-0.078742,-0.013432
0.30171,-0.073427,-0.015975
0.29641,-0.06825,-0.018611
0.29131,-0.063178,-0.021354
0.28638,-0.058294,-0.024338
0.27479,-0.053251,-0.003188
0.26348,-0.048672,0.0011411
0.25243,-0.044486,0.013637
0.24165,-0.040618,0.037726
0.23111,-0.037012,0.071296
0.22082,-0.033671,0.1126
0.21078,-0.030516,0.16075
0.20097,-0.027566,0.21489
0.1914,-0.024795,0.27435
0.18206,-0.02219,0.33841
0.16965,-0.020049,0.3568
0.15781,-0.01802,0.37737
0.14652,-0.016087,0.39975
0.13575,-0.014253,0.42333
0.12549,-0.012527,0.44803
0.1157,-0.010905,0.4741
0.10637,-0.0093886,0.50105
0.097498,-0.0079866,0.52835
0.089059,-0.0066901,0.55622
0.081046,-0.005502,0.58501
0.076954,-0.0026322,0.51691
0.073164,-0.00086627,0.46247
0.069635,-7.1362e-05,0.4182
0.06633,0.00013777,0.38179
0.063227,0.00098038,0.35112
0.060293,0.0025251,0.32459
0.057519,0.0047272,0.30165
0.054875,0.0075302,0.2819
0.052357,0.010921,0.26439
0.04994,0.014848,0.24851
0.044594,0.010738,0.22433
0.039653,0.0073327,0.2023
0.035092,0.004598,0.18202
0.030895,0.0025184,0.16314
0.027042,0.0010718,0.14577
0.023517,0.00023942,0.12999
0.020301,-2.6654e-06,0.11547
0.017374,-0.00034662,0.10194
0.014725,-0.0012551,0.089519
0.012333,-0.0027185,0.078243
0.011102,-0.0037594,0.072972
0.0099278,-0.004961,0.068168
0.0088171,-0.0063114,0.063901
0.0077663,-0.0078236,0.05991
0.0067824,-0.0094779,0.056392
0.0058613,-0.011295,0.053209
0.0050078,-0.013259,0.050339
0.0042219,-0.015374,0.047813
0.0035007,-0.017663,0.045543
0.0028506,-0.020092,0.043315
0.0029962,-0.0235,0.030253
0.0031469,-0.027146,0.019554
0.0033005,-0.031058,0.011187
0.0034561,-0.035254,0.0050857
0.0036102,-0.03978,0.0013553
0.003757,-0.044699,5.1129e-06
0.0039031,-0.049988,-0.0010446
0.0040436,-0.055708,-0.0044922
0.0041737,-0.061923,-0.010385
0.0042964,-0.068636,-0.018668
0.0049662,-0.074087,-0.015513
0.0056806,-0.079801,-0.012766
0.0064388,-0.085786,-0.010321
0.0072377,-0.092063,-0.0081248
0.0080764,-0.098636,-0.0062211
0.0089545,-0.10551,-0.0046473
0.0098719,-0.11268,-0.003326
0.010827,-0.12016,-0.0022536
0.011817,-0.12796,-0.0014167
0.012844,-0.13607,-0.00076177
0.0090786,-0.13683,-0.0011176
0.0059618,-0.13763,-0.0015839
0.0034962,-0.13848,-0.0021993
0.0016819,-0.13939,-0.0030066
0.00052415,-0.14031,-0.0040107
2.2789e-05,-0.14126,-0.0052521
-0.00017838,-0.14223,-0.0067297
-0.00099178,-0.14322,-0.0084229
-0.002462,-0.1442,-0.010357
-0.0045908,-0.1452,-0.012597
-0.00087431,-0.1171,-0.0089891
5.0545e-05,-0.093219,-0.006333
0.0018007,-0.072991,-0.0043816
0.0058643,-0.055946,-0.0029314
0.012048,-0.041662,-0.0018757
0.020234,-0.029786,-0.0011262
0.0304,-0.020037,-0.00059806
0.042626,-0.012222,-0.00025349
0.057059,-0.0062749,-5.7279e-05
0.073912,-0.0022273,8.9406e-07
0.082499,-0.0041418,0.00013552
0.091743,-0.0066829,0.00049748
0.10167,-0.0098759,0.0010969
0.11233,-0.013739,0.0019705
0.1237,-0.018306,0.0031196
0.13586,-0.023588,0.004544
0.14882,-0.029604,0.0062934
0.16262,-0.036369,0.008435
0.17723,-0.043913,0.010913
0.19273,-0.052236,0.01379
0.18959,-0.05286,0.03554
0.18648,-0.053482,0.0655
0.18339,-0.054105,0.10241
0.18032,-0.054721,0.14515
0.17726,-0.055333,0.19309
0.17424,-0.055928,0.24604
0.17122,-0.056521,0.30332
0.16823,-0.057098,0.3646
0.16524,-0.057667,0.42953
0.16229,-0.058216,0.49741
0.16728,-0.044468,0.38179
0.1721,-0.03287,0.29216
0.17673,-0.023244,0.2212
0.18124,-0.01543,0.16443
0.18563,-0.0093095,0.11895
0.18993,-0.0047834,0.082789
0.19418,-0.0017786,0.05438
0.19838,-0.000239,0.032567
0.20256,0.00012258,0.016745
0.20675,0.0014039,0.006423
0.21813,0.00099696,0.0024896
0.22985,0.00065843,0.0003957
0.24196,0.0003903,-9.6015e-05
0.25444,0.00019133,-0.0015172
0.26731,6.2534e-05,-0.0045852
0.28059,3.9797e-06,-0.0093256
0.29427,-1.5375e-05,-0.015662
0.30837,-9.6818e-05,-0.023491
0.32288,-0.00024802,-0.032796
0.33782,-0.00046835,-0.043621
0.33124,8.7649e-07,-0.043762
0.32469,0.00053519,-0.043898
0.3182,0.0020253,-0.044148
0.31174,0.0044253,-0.044558
0.30534,0.007703,-0.04501
0.29898,0.011822,-0.04538
0.29268,0.016758,-0.045723
0.28642,0.022479,-0.046146
0.28022,0.028971,-0.0465
0.27408,0.036212,-0.04666
0.26232,0.038718,-0.048466
0.25101,0.041315,-0.050665
0.2401,0.044005,-0.053135
0.22959,0.046782,-0.055674
0.21947,0.049657,-0.058408
0.2097,0.052627,-0.061372
0.20028,0.055683,-0.064472
0.19119,0.058836,-0.067872
0.18242,0.062092,-0.071374
0.17396,0.065443,-0.07498
0.1975,0.05836,-0.057252
0.22265,0.051707,-0.042377
0.24945,0.045417,-0.030247
0.278,0.039546,-0.02022
0.30834,0.034072,-0.012372
0.34055,0.028982,-0.0065073
0.37468,0.024294,-0.0025704
0.4108,0.020002,-0.00046186
0.44896,0.016121,5.3349e-05
0.48921,0.012645,0.0012622
0.47148,0.011614,0.00050252
0.4543,0.010646,0.00011126
0.43767,0.0097369,-3.686e-07
0.42155,0.0088821,-0.00013171
0.40593,0.0080813,-0.00048259
0.39079,0.0073305,-0.0010172
0.3761,0.0066326,-0.0017344
0.36186,0.0059798,-0.0026273
0.34808,0.0053588,-0.0036281
0.33471,0.0047823,-0.004825
0.34859,0.0050523,-0.0049802
0.36276,0.0053304,-0.005141
0.3772,0.0056173,-0.0053195
0.39193,0.0059119,-0.0055712
0.40692,0.0062205,-0.0058327
0.42221,0.0065263,-0.0060774
0.43777,0.0068426,-0.0063269
0.4536,0.0071662,-0.0066486
0.4697,0.0074962,-0.0069842
0.48608,0.0078306,-0.0073046
0.47576,0.0096657,-0.0040331
0.46552,0.011654,-0.0018187
0.45536,0.013786,-0.00052501
0.44525,0.016075,-1.2763e-05
0.43524,0.018488,0.00022513
0.4253,0.021038,0.0011174
0.41545,0.023709,0.002647
0.40568,0.026504,0.0047757
0.39598,0.02942,0.0074912
0.38639,0.032438,0.010778
0.39334,0.028918,0.025288
0.40036,0.025635,0.044156
0.40743,0.022587,0.066527
0.41455,0.019764,0.092025
0.42173,0.017157,0.12011
0.42895,0.014765,0.15053
0.43625,0.012569,0.18302
0.44358,0.010575,0.21692
0.45098,0.0087667,0.25236
0.45841,0.0071507,0.28903
0.4524,0.013301,0.23156
0.44669,0.021207,0.18629
0.44127,0.030792,0.1496
0.43608,0.041994,0.11949
0.43106,0.054801,0.094413
0.4262,0.069164,0.073328
0.42147,0.085057,0.055653
0.41681,0.10249,0.041025
0.41227,0.12139,0.029024
0.40779,0.14178,0.019252
0.41494,0.13986,0.011221
0.42215,0.13797,0.0055147
0.42939,0.13614,0.0019234
0.4367,0.1343,0.00021535
0.44405,0.13252,-0.00018457
0.45143,0.13079,-0.0017101
0.45887,0.12908,-0.0046969
0.46637,0.12739,-0.0090091
0.47391,0.12573,-0.014572
0.48147,0.12413,-0.021378
0.47319,0.12548,-0.014458
0.46486,0.1269,-0.0090168
0.45661,0.12832,-0.0049475
0.44832,0.12983,-0.0021262
0.44003,0.13139,-0.00049762
0.43177,0.13299,1.5989e-06
0.42369,0.13447,0.00061811
0.41552,0.1361,0.0023398
0.40741,0.13774,0.005174
0.39931,0.13944,0.0090655
0.39574,0.13426,0.0028647
0.39243,0.12922,0.00020684
0.38929,0.12435,-0.00053347
0.38635,0.11964,-0.0034249
0.38356,0.11509,-0.0085839
0.38096,0.11067,-0.015786
0.37849,0.10638,-0.024885
0.37616,0.10223,-0.035826
0.37396,0.098209,-0.048456
0.37191,0.094285,-0.062576
0.3534,0.10071,-0.048957
0.33544,0.10727,-0.038331
0.31794,0.11405,-0.029898
0.30091,0.12103,-0.023049
0.2844,0.12816,-0.017475
0.26835,0.1355,-0.013023
0.25277,0.14304,-0.0094125
0.23771,0.15072,-0.0065649
0.22309,0.15861,-0.0043071
0.20894,0.1667,-0.0025603
0.21675,0.15907,-0.001587
0.2246,0.15166,-0.00085555
0.2326,0.14431,-0.00036303
0.2407,0.13712,-7.8122e-05
0.24892,0.13005,1.3603e-06
0.25725,0.12312,0.00012668
0.26571,0.11633,0.00045149
0.27429,0.10968,0.00095597
0.28293,0.10324,0.0016298
0.29174,0.096902,0.0024907
0.28667,0.12088,0.0054466
0.28162,0.1475,0.0090121
0.27654,0.17679,0.012876
0.27144,0.20877,0.016825
0.26636,0.24339,0.020776
0.26124,0.28071,0.024571
0.25611,0.32071,0.028213
0.25095,0.36342,0.031692
0.24579,0.40883,0.034942
0.24062,0.45693,0.037873
0.22802,0.43522,0.040545
0.21604,0.41393,0.043496
0.20458,0.39316,0.046534
0.19365,0.37289,0.049464
0.1832,0.35314,0.052352
0.17326,0.33383,0.055268
0.16375,0.31505,0.058073
0.1547,0.29677,0.06059
0.14604,0.27902,0.062971
0.13781,0.26174,0.065261
0.13234,0.23933,0.074903
0.12701,0.21838,0.085423
0.12182,0.19878,0.096888
0.11679,0.18043,0.10912
0.11188,0.1633,0.12225
0.10714,0.14726,0.13615
0.1025,0.13232,0.15096
0.097992,0.1184,0.16646
0.09362,0.10543,0.1826
0.08936,0.093389,0.1997
0.089871,0.10224,0.22839
0.090408,0.11157,0.25889
0.090984,0.12138,0.29085
0.091588,0.13168,0.32386
0.092223,0.14246,0.35817
0.092895,0.15372,0.39415
0.093583,0.16548,0.43129
0.094302,0.17772,0.46954
0.095064,0.19041,0.50909
0.095845,0.20358,0.54988
0.091619,0.17437,0.56683
0.08767,0.14782,0.579
0.083992,0.1238,0.58762
0.080554,0.10221,0.59304
0.077344,0.082933,0.59615
0.074341,0.065889,0.59762
0.071536,0.050968,0.59717
0.068914,0.038096,0.59512
0.066454,0.027205,0.59187
0.064142,0.018227,0.58781
0.065771,0.026555,0.55829
0.067432,0.036446,0.53287
0.06912,0.047894,0.51051
0.070826,0.0609,0.49115
0.072541,0.07547,0.47368
0.074261,0.091598,0.45722
0.075976,0.1093,0.44211
0.07769,0.12856,0.42818
0.079391,0.14939,0.41514
0.081079,0.1718,0.40248
0.073597,0.17088,0.38996
0.066547,0.16993,0.37748
0.059916,0.16894,0.36505
0.053689,0.16794,0.3528
0.047856,0.16691,0.34091
0.042408,0.16586,0.32933
0.037334,0.16478,0.31791
0.032623,0.16368,0.30709
0.028265,0.16256,0.29661
0.024252,0.16143,0.28673
0.026948,0.17298,0.24582
0.029766,0.18481,0.21251
0.032716,0.19698,0.18448
0.035806,0.20949,0.16083
0.039046,0.22236,0.14071
0.042443,0.23559,0.12343
0.046002,0.24919,0.10851
0.049732,0.26318,0.095428
0.053637,0.27755,0.084033
0.057717,0.29229,0.074121
0.06262,0.31669,0.078444
0.067765,0.34218,0.081049
0.073156,0.36875,0.081933
0.078789,0.39639,0.081281
0.08467,0.4251,0.079316
0.090788,0.45485,0.07649
0.097158,0.48566,0.07282
0.10377,0.51749,0.068489
0.11063,0.55035,0.063733
0.11774,0.58422,0.058569
0.12025,0.5883,0.040499
0.12272,0.59224,0.026916
0.12514,0.59605,0.016792
0.12752,0.59973,0.0094901
0.12987,0.6033,0.0044875
0.13216,0.60674,0.0014169
0.13441,0.61006,9.081e-05
0.13662,0.61327,-0.00030529
0.13879,0.61636,-0.0019063
0.14092,0.61935,-0.0048045
0.15531,0.62285,-0.0025434
0.17034,0.62652,-0.0011287
0.18601,0.63035,-0.00033572
0.20233,0.63433,-2.0937e-05
0.21927,0.63846,6.8206e-05
0.23683,0.64275,0.0004305
0.25502,0.64718,0.0010732
0.2738,0.65176,0.0019485
0.2932,0.65649,0.0030573
0.31318,0.66137,0.0044112
0.28989,0.60385,0.0011326
0.26815,0.55065,8.6691e-06
0.24786,0.50141,-0.00069649
0.22893,0.45581,-0.0030338
0.21125,0.41357,-0.0068996
0.19474,0.37443,-0.012166
0.17932,0.33817,-0.018795
0.16492,0.30459,-0.026794
0.15148,0.27351,-0.036107
0.13893,0.24475,-0.046608
0.13684,0.26001,-0.030193
0.13479,0.27564,-0.018001
0.13276,0.29164,-0.0093005
0.13073,0.30803,-0.0036092
0.12872,0.32479,-0.00062857
0.12673,0.34193,7.2728e-05
0.12475,0.35944,0.0016947
0.12277,0.37733,0.0052662
0.12082,0.39559,0.010666
0.11887,0.4142,0.017734
0.12178,0.42481,0.010211
0.12471,0.4355,0.0054434
0.12763,0.44628,0.0025155
0.13058,0.45712,0.00088616
0.13354,0.46805,0.00013791
0.13651,0.47905,-2.1879e-05
0.13949,0.49013,-0.00038121
0.14248,0.50128,-0.001074
0.14548,0.51249,-0.0020168
0.14847,0.52378,-0.0031693
0.15161,0.52698,-0.012439
0.15483,0.5301,-0.026124
0.15808,0.53317,-0.043207
0.1614,0.53616,-0.063125
0.16477,0.53909,-0.085308
0.16819,0.54196,-0.1092
0.17168,0.54477,-0.1347
0.17522,0.54752,-0.16141
0.17882,0.5502,-0.18925
0.18246,0.55283,-0.2181
0.19624,0.52297,-0.18863
0.21001,0.4944,-0.16609
0.2238,0.46706,-0.14782
0.23755,0.44086,-0.13244
0.2513,0.41575,-0.11915
0.26502,0.39169,-0.10756
0.27868,0.36862,-0.09718
0.2923,0.3465,-0.0876
0.30585,0.32529,-0.078761
0.31934,0.30496,-0.070488
0.31038,0.30824,-0.064196
0.30171,0.31155,-0.06046
0.2933,0.31486,-0.058449
0.28519,0.31819,-0.057771
0.27733,0.32154,-0.058098
0.26971,0.3249,-0.059345
0.2623,0.32827,-0.061323
0.25512,0.33166,-0.063852
0.24816,0.33506,-0.066987
0.2414,0.33848,-0.070853
0.22064,0.32801,-0.062074
0.20151,0.31784,-0.053332
0.18386,0.30795,-0.044986
0.1676,0.29833,-0.036991
0.15263,0.28897,-0.029689
0.13883,0.27986,-0.023095
0.12613,0.27098,-0.017298
0.11444,0.26234,-0.012403
0.10368,0.25391,-0.0083114
0.093785,0.24569,-0.0051037
0.088056,0.24359,-0.0035392
0.08253,0.24151,-0.002255
0.077218,0.23945,-0.0012728
0.07211,0.23742,-0.00059166
0.067203,0.23542,-0.00017309
0.062494,0.23343,-3.5743e-06
0.057977,0.23147,8.4804e-05
0.053656,0.22954,0.00039562
0.049518,0.22762,0.00092471
0.045565,0.22572,0.0016898
0.058066,0.222,0.0038141
0.07213,0.21832,0.0065396
0.087786,0.21465,0.0097689
0.10505,0.21099,0.013343
0.124,0.20737,0.017262
0.14467,0.20378,0.021433
0.16708,0.2002,0.025792
0.19129,0.19667,0.030459
0.21735,0.19314,0.035268
0.24528,0.18962,0.040328
0.25179,0.19676,0.036531
0.25837,0.204,0.033539
0.26502,0.21134,0.031154
0.27176,0.21881,0.029288
0.27856,0.22639,0.027874
0.28544,0.23409,0.02665
0.29238,0.2419,0.025653
0.29938,0.2498,0.024733
0.30644,0.25782,0.023956
0.31355,0.26595,0.023311
0.30813,0.24643,0.0071843
0.30301,0.22821,0.00062515
0.29815,0.21118,-0.00083425
0.29353,0.19521,-0.0060757
0.28914,0.18026,-0.015261
0.28494,0.16621,-0.027631
0.28092,0.15301,-0.042663
0.27707,0.14063,-0.059883
0.27337,0.12896,-0.078936
0.26982,0.11804,-0.09987
0.31034,0.12084,-0.052261
0.35396,0.12371,-0.022303
0.40083,0.12672,-0.0059232
0.45105,0.12986,-0.0001033
0.50474,0.13317,0.0026752
0.56198,0.13665,0.011896
0.62283,0.14028,0.026479
0.68734,0.14406,0.045344
0.75555,0.14798,0.067823
0.82749,0.15198,0.093477
0.81734,0.16606,0.08743
0.80727,0.18067,0.083271
0.79728,0.19578,0.080173
0.78735,0.21143,0.077844
0.77748,0.22759,0.075782
0.76768,0.24427,0.073626
0.75792,0.26148,0.071423
0.74822,0.27921,0.069144
0.73858,0.29745,0.06671
0.72908,0.31602,0.064069
0.71108,0.33253,0.054989
0.69328,0.34916,0.049564
0.67571,0.36585,0.046321
0.65831,0.3827,0.044382
0.64114,0.3996,0.04339
0.62421,0.41649,0.043205
0.60747,0.43353,0.04356
0.59094,0.45061,0.044204
0.57463,0.46774,0.045176
0.55851,0.48497,0.04641
0.57791,0.46536,0.020521
0.59772,0.44666,0.0065601
0.61798,0.42869,0.00065709
0.63865,0.41149,-0.00058956
0.65973,0.39496,-0.0049362
0.68124,0.37903,-0.012815
0.70313,0.36375,-0.023602
0.72544,0.34901,-0.036729
0.74815,0.33481,-0.051862
0.77126,0.32112,-0.068873
0.80955,0.32027,-0.071105
0.8487,0.31941,-0.07409
0.88865,0.31861,-0.077365
0.9294,0.31782,-0.08063
0.97094,0.31706,-0.08381
1.0133,0.31631,-0.086895
1.0563,0.31564,-0.089634
1.1002,0.31493,-0.091935
1.1447,0.31429,-0.093795
1.19,0.31366,-0.095343
1.1714,0.31665,-0.048883
1.1535,0.31917,-0.023357
1.1363,0.32125,-0.0094263
1.1197,0.32283,-0.0024446
1.1037,0.32401,-5.8575e-05
1.0881,0.32484,0.000874
1.0731,0.32529,0.0040173
1.0586,0.32537,0.0089424
1.0446,0.32516,0.015191
1.0309,0.32459,0.02239
0.97821,0.32425,0.033581
0.92768,0.32405,0.045856
0.87936,0.32386,0.059052
0.83302,0.3238,0.072728
0.78863,0.32378,0.086786
0.74606,0.32386,0.10089
0.70527,0.32399,0.11507
0.66617,0.32416,0.12912
0.62866,0.32442,0.14298
0.59276,0.32465,0.15634
0.58547,0.33088,0.12972
0.57835,0.33735,0.11118
0.57134,0.34412,0.097617
0.56445,0.35116,0.087101
0.55767,0.35847,0.078808
0.551,0.36604,0.072154
0.54446,0.37383,0.066636
0.53797,0.38195,0.06206
0.53163,0.39023,0.058205
0.52535,0.39881,0.054729
0.50057,0.37914,0.032227
0.47688,0.35998,0.017048
0.45414,0.34144,0.0073806
0.43243,0.32336,0.0019626
0.41155,0.30589,3.0306e-05
0.39156,0.28891,-0.00098693
0.37239,0.27245,-0.0044356
0.35397,0.25654,-0.010014
0.33636,0.24107,-0.017519
0.31936,0.22622,-0.026718
0.33189,0.26168,-0.019738
0.34472,0.29981,-0.014357
0.3578,0.34067,-0.010202
0.37104,0.38436,-0.0070434
0.38451,0.43078,-0.0046398
0.39843,0.47963,-0.0028517
0.4124,0.53137,-0.0015395
0.42668,0.58563,-0.00067108
0.44113,0.64254,-0.00016903
0.45583,0.70193,-4.5493e-09
0.45181,0.68114,0.001147
0.44765,0.66136,0.0037655
0.44327,0.64264,0.0071405
0.43871,0.62485,0.010881
0.43397,0.60796,0.01485
0.42908,0.59188,0.018959
0.42406,0.57653,0.023145
0.41895,0.56183,0.027312
0.41376,0.54773,0.031375
0.40838,0.53434,0.035568
0.39319,0.52907,0.027094
0.37851,0.52378,0.021369
0.36432,0.51846,0.01738
0.3506,0.51313,0.014532
0.33731,0.5078,0.012397
0.32448,0.50243,0.010706
0.31204,0.49709,0.0093721
0.30003,0.49169,0.008347
0.28841,0.48629,0.0075216
0.27715,0.48091,0.006862
0.2548,0.48363,0.02154
0.23375,0.48637,0.041011
0.21395,0.48908,0.063697
0.19532,0.49178,0.088537
0.17776,0.49452,0.11518
0.16129,0.49719,0.14344
0.14581,0.49988,0.17301
0.13129,0.50253,0.20389
0.11769,0.50521,0.23578
0.10497,0.50785,0.2684
0.14173,0.51291,0.27809
0.18426,0.5179,0.28598
0.23265,0.52286,0.29201
0.287,0.5278,0.29605
0.34741,0.53271,0.29855
0.41397,0.53759,0.29985
0.48679,0.54241,0.29973
0.5659,0.54725,0.29769
0.6514,0.55204,0.29424
0.7433,0.55683,0.28953
0.69894,0.53699,0.24951
0.65661,0.51728,0.22439
0.61628,0.49762,0.20763
0.57778,0.47814,0.19636
0.54105,0.45884,0.18856
0.50602,0.43976,0.18325
0.47263,0.42087,0.17987
0.44076,0.40229,0.17762
0.41042,0.38394,0.17659
0.3815,0.36592,0.17659
0.37721,0.40847,0.1712
0.37293,0.45316,0.16472
0.36867,0.49995,0.15754
0.36439,0.54886,0.14966
0.36008,0.59987,0.14135
0.35576,0.65294,0.13275
0.35145,0.70801,0.12413
0.34714,0.76505,0.11537
0.34285,0.82399,0.10669
0.33856,0.88486,0.098473
0.30139,0.83683,0.12303
0.26709,0.79202,0.14698
0.23551,0.75011,0.17088
0.20647,0.7109,0.19499
0.17985,0.674,0.21933
0.15549,0.63934,0.24422
0.13328,0.60668,0.26981
0.11311,0.57585,0.29624
0.094868,0.54672,0.32345
0.078475,0.51912,0.35154
0.10112,0.52556,0.36263
0.12665,0.53192,0.37308
0.15509,0.53815,0.38305
0.18644,0.54424,0.3929
0.22073,0.55022,0.40231
0.25795,0.55605,0.41162
0.2981,0.56175,0.42035
0.34119,0.56733,0.42816
0.38724,0.57266,0.43529
0.43621,0.57785,0.44177
0.38015,0.59025,0.36006
0.32901,0.60242,0.29819
0.28246,0.61435,0.24919
0.24018,0.62624,0.20893
0.20194,0.63796,0.17511
0.16752,0.64957,0.14651
0.13673,0.66106,0.12196
0.10941,0.6724,0.10063
0.085399,0.68369,0.082257
0.064574,0.69491,0.066486
0.066328,0.65761,0.093464
0.067941,0.62279,0.12165
0.069414,0.59036,0.15052
0.070756,0.56002,0.18016
0.071972,0.53161,0.21074
0.073067,0.50494,0.24253
0.074047,0.47986,0.27554
0.074918,0.45628,0.30983
0.075687,0.43405,0.34528
0.076356,0.41303,0.38229
0.08817,0.37618,0.37977
0.10076,0.34154,0.37692
0.11411,0.30903,0.37407
0.12822,0.27852,0.37161
0.14308,0.24994,0.36898
0.15869,0.22318,0.36591
0.17505,0.19819,0.3627
0.19215,0.17487,0.35972
0.20998,0.1532,0.35661
0.22857,0.13311,0.35306
0.22829,0.15512,0.37544
0.22814,0.17886,0.39731
0.22808,0.20429,0.41827
0.22813,0.23142,0.43855
0.22827,0.26023,0.45821
0.2285,0.29072,0.47728
0.22881,0.32285,0.49574
0.22919,0.35662,0.51405
0.22964,0.392,0.53192
0.23012,0.42893,0.54939
0.225,0.40981,0.49626
0.22001,0.3915,0.4535
0.21515,0.37395,0.41781
0.21044,0.35712,0.3872
0.20584,0.34096,0.36045
0.20137,0.32544,0.33692
0.197,0.31052,0.31577
0.19275,0.29619,0.29632
0.18859,0.28239,0.27886
0.18454,0.26912,0.26273
0.20513,0.30847,0.26767
0.22695,0.35093,0.27182
0.25002,0.39652,0.27529
0.27433,0.44524,0.2779
0.29988,0.49706,0.28002
0.32669,0.55195,0.28204
0.35477,0.60988,0.2837
0.38408,0.67077,0.28494
0.41462,0.73457,0.28587
0.4464,0.80118,0.28643
0.43958,0.85121,0.33172
0.43273,0.90217,0.3677
0.42597,0.95403,0.39682
0.41918,1.0067,0.42023
0.41247,1.0601,0.43969
0.40577,1.1141,0.45602
0.39909,1.1688,0.46967
0.39246,1.224,0.4809
0.38587,1.2798,0.49003
0.37931,1.336,0.49743
0.3765,1.3173,0.39632
0.3737,1.2994,0.32791
0.37098,1.2823,0.27694
0.36825,1.2659,0.23669
0.36555,1.2501,0.20364
0.36283,1.2349,0.176
0.36015,1.2202,0.15232
0.3575,1.2059,0.13185
0.35483,1.1921,0.11418
0.35218,1.1786,0.098725
0.35821,1.1153,0.066889
0.36458,1.0567,0.043381
0.37132,1.0023,0.02613
0.3784,0.95155,0.01383
0.38575,0.9042,0.005731
0.39345,0.85989,0.0013
0.4014,0.81832,-3.7106e-06
0.40967,0.77927,-0.001495
0.41821,0.7425,-0.0054905
0.427,0.70781,-0.011786
0.40427,0.73178,-0.019551
0.38218,0.75521,-0.029033
0.36074,0.7781,-0.040111
0.33995,0.80043,-0.052715
0.3198,0.82223,-0.06664
0.30029,0.84347,-0.081777
0.28141,0.86417,-0.098029
0.26315,0.8843,-0.11549
0.24553,0.9039,-0.13389
0.22853,0.92295,-0.15297
0.23051,0.93739,-0.21485
0.23259,0.95202,-0.27563
0.23478,0.96685,-0.33463
0.23708,0.98187,-0.39209
0.23952,0.9971,-0.44781
0.2421,1.0125,-0.50168
0.24482,1.0282,-0.55408
0.24769,1.0441,-0.60441
0.25073,1.0602,-0.65309
0.25392,1.0765,-0.70035
0.24702,1.0645,-0.60722
0.23997,1.0519,-0.54061
0.23279,1.0389,-0.48904
0.2255,1.0254,-0.44638
0.21814,1.0115,-0.40969
0.21072,0.99724,-0.37686
0.20326,0.98264,-0.34717
0.19576,0.96774,-0.32
0.18826,0.95253,-0.2947
0.18075,0.93709,-0.27155
0.16883,0.97138,-0.22635
0.1574,1.0062,-0.18986
0.14643,1.0417,-0.1593
0.13593,1.0777,-0.13303
0.12588,1.1142,-0.11043
0.11627,1.1513,-0.090954
0.10708,1.1889,-0.074068
0.098325,1.227,-0.059297
0.089981,1.2657,-0.046571
0.082044,1.3049,-0.035806
0.085914,1.2795,-0.031956
0.089962,1.2549,-0.029345
0.094201,1.2311,-0.02758
0.098618,1.2082,-0.026424
0.10323,1.1859,-0.025798
0.10805,1.1643,-0.025546
0.11305,1.1433,-0.025621
0.11824,1.123,-0.025934
0.12366,1.1031,-0.026648
0.12926,1.0839,-0.02763
0.11866,1.1231,-0.037847
0.10852,1.1625,-0.047934
0.098865,1.2021,-0.057991
0.089654,1.242,-0.068154
0.080913,1.282,-0.078521
0.072652,1.322,-0.089239
0.064835,1.3622,-0.1001
0.057479,1.4026,-0.11146
0.05058,1.443,-0.12325
0.044131,1.4835,-0.13524
0.043678,1.4202,-0.15542
0.043107,1.3606,-0.16852
0.042451,1.3041,-0.17657
0.041699,1.2507,-0.1814
0.040853,1.2001,-0.18355
0.039942,1.152,-0.18344
0.038949,1.1064,-0.18169
0.037893,1.0629,-0.17876
0.036789,1.0215,-0.17473
0.035628,0.98207,-0.16945
0.045088,0.87174,-0.14587
0.055426,0.77226,-0.12905
0.066609,0.6824,-0.11628
0.078574,0.60121,-0.10635
0.091291,0.52779,-0.098166
0.10473,0.4614,-0.091362
0.1189,0.40134,-0.085516
0.13372,0.34708,-0.080158
0.14924,0.29808,-0.07532
0.1654,0.25393,-0.070801
0.15635,0.24782,-0.045765
0.14767,0.2416,-0.028524
0.13918,0.23545,-0.01683
0.13102,0.22923,-0.009091
0.12312,0.22304,-0.0041846
0.11548,0.21687,-0.0013602
0.10813,0.2107,-0.00013606
0.10102,0.20458,0.00012396
0.094175,0.19849,0.0010222
0.087618,0.19243,0.0026469
0.09339,0.2044,0.0010474
0.099382,0.21675,0.00029278
0.10557,0.22949,2.4894e-05
0.11195,0.24263,-1.8713e-05
0.11854,0.25613,-0.00012454
0.12532,0.27002,-0.00025933
0.13232,0.28425,-0.00036792
0.13952,0.29884,-0.00044102
0.1469,0.31379,-0.00045985
0.15451,0.32905,-0.00043375
0.15204,0.32893,0.0020388
0.14958,0.32878,0.010609
0.14719,0.32858,0.023754
0.14487,0.3283,0.040024
0.14257,0.328,0.05835
0.1403,0.32767,0.077945
0.13811,0.32726,0.098463
0.13588,0.32688,0.11943
0.13379,0.32637,0.1408
0.1317,0.32586,0.16245
0.1246,0.33296,0.16163
0.11774,0.33998,0.16336
0.11105,0.34699,0.16723
0.10461,0.3539,0.17248
0.098316,0.36084,0.17919
0.092271,0.36768,0.18689
0.08643,0.37448,0.19548
0.080776,0.38126,0.20512
0.075294,0.38803,0.2153
0.070012,0.39476,0.22591
0.07205,0.39875,0.17485
0.074171,0.40262,0.13524
0.076261,0.40653,0.10372
0.078342,0.41045,0.078333
0.080417,0.41437,0.057946
0.082489,0.4183,0.041719
0.084608,0.42218,0.028884
0.086718,0.42606,0.018772
0.088839,0.42994,0.011134
0.090957,0.43383,0.0056201
0.082349,0.39781,4.4857e-06
0.074461,0.36457,-0.00416
0.067266,0.33379,-0.016005
0.060672,0.30526,-0.0341
0.054628,0.27877,-0.057493
0.049063,0.25416,-0.085591
0.043981,0.23122,-0.11783
0.039283,0.20987,-0.15351
0.034975,0.18995,-0.19242
0.030986,0.17139,-0.23461
0.029117,0.17963,-0.22303
0.027315,0.18795,-0.21405
0.025555,0.19639,-0.20726
0.023874,0.20491,-0.20253
0.022227,0.21357,-0.19922
0.020654,0.22232,-0.1968
0.019118,0.23121,-0.19537
0.017656,0.24018,-0.19457
0.016268,0.24922,-0.19423
0.014916,0.25841,-0.19477
0.017256,0.29359,-0.14388
0.019785,0.33111,-0.10307
0.022493,0.37107,-0.070842
0.025393,0.41351,-0.045944
0.028482,0.4585,-0.027238
0.031749,0.5061,-0.013907
0.035232,0.55625,-0.0052783
0.038933,0.60896,-0.00085546
0.042815,0.66431,0.00015616
0.046906,0.72222,0.0028047
0.057652,0.63542,0.0096308
0.068844,0.55662,0.020715
0.08033,0.48517,0.036057
0.092032,0.42041,0.055634
0.1039,0.36174,0.079228
0.1159,0.30867,0.10682
0.128,0.26078,0.13815
0.14018,0.21771,0.17283
0.1525,0.1791,0.21098
0.16496,0.1447,0.25208
0.1701,0.16059,0.20833
0.1753,0.17717,0.17049
0.1806,0.19442,0.13753
0.18596,0.21237,0.10866
0.19136,0.23105,0.083773
0.19683,0.25045,0.06248
0.20247,0.27047,0.044515
0.20816,0.29122,0.029717
0.21388,0.3127,0.01801
0.2197,0.33487,0.0093286
0.22521,0.32765,0.0095466
0.23079,0.32074,0.010172
0.23645,0.31413,0.011197
0.24218,0.3078,0.012645
0.248,0.30172,0.014468
0.25391,0.29588,0.016725
0.25987,0.2903,0.019324
0.26593,0.28492,0.022319
0.27205,0.27976,0.02559
0.27826,0.27479,0.029226
0.27162,0.27111,0.028804
0.26514,0.26776,0.027722
0.25884,0.26473,0.026221
0.25269,0.26201,0.024507
0.2467,0.25957,0.022608
0.24089,0.25737,0.020558
0.2352,0.25544,0.018477
0.22967,0.25374,0.016501
0.22426,0.25229,0.014555
0.21898,0.25105,0.012617
0.20034,0.22865,0.0082656
0.18278,0.20714,0.0053372
0.16627,0.18654,0.0033354
0.15076,0.16691,0.0019429
0.13621,0.14827,0.001025
0.12261,0.13062,0.0004667
0.1099,0.11401,0.00015275
0.098061,0.098454,1.7946e-05
0.087058,0.083973,-9.4534e-06
0.076865,0.070581,-9.5988e-05
0.076242,0.074026,-0.00014115
0.075619,0.077549,-0.00020872
0.074998,0.081145,-0.00030401
0.074376,0.084825,-0.00045684
0.073754,0.088587,-0.00066431
0.073132,0.092436,-0.00093976
0.072512,0.096361,-0.0012912
0.071893,0.10037,-0.0017374
0.071274,0.10445,-0.0022762
0.070657,0.10862,-0.0028971
0.072515,0.093978,-0.0023609
0.0744,0.080724,-0.0017593
0.076314,0.068762,-0.0011832
0.078255,0.057981,-0.0006626
0.080223,0.048328,-0.0002731
0.082219,0.039716,-4.6683e-05
0.084243,0.032083,1.104e-05
0.086293,0.025369,0.00018505
0.088372,0.01953,0.00059198
0.090475,0.014507,0.0012297
0.083951,0.014604,0.0006018
0.077791,0.014646,0.00018506
0.07198,0.014639,5.3282e-06
0.066501,0.01458,-8.2144e-05
0.061341,0.014477,-0.00043236
0.056481,0.014328,-0.0010888
0.051908,0.014135,-0.0020727
0.047608,0.013902,-0.003359
0.04357,0.013636,-0.0049817
0.039777,0.013331,-0.0069043
0.037061,0.013682,-0.0080694
0.034487,0.01406,-0.0093302
0.032045,0.014463,-0.010644
0.029728,0.014891,-0.012106
0.027533,0.015348,-0.013612
0.025449,0.015826,-0.015113
0.023472,0.016327,-0.01664
0.021597,0.016851,-0.018162
0.01982,0.017398,-0.01971
0.018138,0.017971,-0.021395
0.014124,0.017184,-0.015876
0.010738,0.016507,-0.011543
0.0079119,0.015916,-0.008078
0.0055971,0.015416,-0.0054612
0.0037421,0.015001,-0.0035009
0.0022984,0.014644,-0.0020355
0.0012311,0.014349,-0.0010188
0.00050751,0.014097,-0.00036679
0.00010399,0.013879,-4.8035e-05
-3.9407e-06,0.013685,2.2001e-05
-0.00011998,0.015499,-0.00077182
-0.00038819,0.017419,-0.0037617
-0.00079293,0.01945,-0.009219
-0.0013165,0.021588,-0.017341
-0.0019407,0.023832,-0.028401
-0.0026462,0.026187,-0.042747
-0.0034152,0.028654,-0.060457
-0.0042332,0.031223,-0.081477
-0.0050827,0.033912,-0.10588
-0.0059522,0.036714,-0.13378
-0.0053096,0.027869,-0.099815
-0.0046944,0.020435,-0.073622
-0.0041064,0.014317,-0.053503
-0.0035469,0.009419,-0.038264
-0.0030167,0.0056503,-0.026644
-0.0025185,0.0029168,-0.017931
-0.0020572,0.0011243,-0.011465
-0.0016313,0.00019136,-0.0068422
-0.0012444,-2.5905e-05,-0.0037064
-0.00090357,-0.00054879,-0.0016786
-0.00082102,-0.00035329,-0.0025309
-0.00074182,-0.0002006,-0.0035382
-0.00066734,-9.0406e-05,-0.0047069
-0.00059815,-2.2871e-05,-0.0060986
-0.00053462,4.9132e-09,-0.0076891
-0.00047706,2.5626e-05,-0.0095278
-0.0004252,0.00010518,-0.011545
-0.00037888,0.00024493,-0.013747
-0.00033773,0.00045163,-0.016147
-0.00030154,0.00072877,-0.018656
-0.00017417,0.00099278,-0.016545
-8.4243e-05,0.0013036,-0.014523
-2.7898e-05,0.0016603,-0.012523
-2.2069e-06,0.0020654,-0.010617
5.0444e-06,0.0025142,-0.008793
3.5278e-05,0.0030123,-0.0071114
9.2845e-05,0.0035565,-0.0056077
0.00017902,0.0041409,-0.0042774
0.00029601,0.0047666,-0.0031421
0.0004474,0.0054269,-0.0022053
0.00045525,0.0042964,-0.0033887
0.00045793,0.0033029,-0.0048447
0.00045626,0.0024453,-0.0066204
0.00045201,0.0017181,-0.0087721
0.00044694,0.0011198,-0.01125
0.00044306,0.00064799,-0.013977
0.0004415,0.000304,-0.016985
0.00044399,8.7709e-05,-0.020313
0.00045163,1.5443e-06,-0.023895
0.00046515,-4.7948e-05,-0.027573
0.00054587,-2.0771e-05,-0.030898
0.00063163,-4.6421e-06,-0.03444
0.00072131,1.0894e-07,-0.038181
0.00081541,8.1507e-06,-0.042214
0.00091275,2.9815e-05,-0.046408
0.0010143,6.5572e-05,-0.05075
0.0011188,0.00011682,-0.055239
0.0012264,0.00018412,-0.059984
0.0013365,0.00026888,-0.064888
0.00145,0.00037101,-0.070081
0.0013451,6.031e-05,-0.079598
0.0012514,-1.5013e-05,-0.089698
0.0011671,-0.00024453,-0.10032
0.0010933,-0.0007594,-0.11149
0.0010286,-0.0015696,-0.12321
0.00097357,-0.0026873,-0.1356
0.00092721,-0.0041229,-0.1485
0.00088817,-0.0058846,-0.16165
0.00085824,-0.0079887,-0.1752
0.00083527,-0.01044,-0.18948
0.00086266,-0.0081451,-0.15783
0.00088398,-0.0061162,-0.13062
0.00089945,-0.0043612,-0.10729
0.00090863,-0.0028876,-0.087128
0.00091118,-0.0017043,-0.069886
0.00091026,-0.00082445,-0.055282
0.0009011,-0.00025446,-0.042938
0.00088869,-9.3361e-06,-0.032639
0.00086954,0.00010055,-0.024032
0.00084664,0.00054104,-0.016929
0.0013559,0.0010399,-0.013578
0.0019817,0.0017009,-0.010629
0.0027325,0.0025373,-0.0080403
0.00361,0.0035796,-0.0057665
0.0046211,0.0048635,-0.0038675
0.0057828,0.0064241,-0.0023533
0.0071023,0.0083115,-0.0012182
0.0085868,0.01058,-0.00045744
0.010247,0.013285,-6.028e-05
0.012094,0.016484,3.8277e-05
0.014448,0.013739,0.00017717
0.017004,0.011236,0.00039526
0.019773,0.0089784,0.00067678
0.02276,0.0069745,0.00099951
0.02595,0.005234,0.0013727
0.029361,0.0037521,0.0017625
0.032971,0.0025303,0.0022057
0.036789,0.00156,0.0027058
0.040816,0.00083286,0.003249
0.045051,0.00033863,0.0038526
0.039771,0.0011322,0.0044281
0.034853,0.0023653,0.0050574
0.030293,0.0040178,0.005717
0.026083,0.0060737,0.0064623
0.022201,0.0085269,0.0072424
0.01865,0.01137,0.0080943
0.015402,0.014613,0.0089594
0.012471,0.018255,0.0099061
0.0098527,0.022308,0.010933
0.0075251,0.026802,0.011923
0.0098258,0.030302,0.0161
0.012445,0.034181,0.020921
0.015379,0.038471,0.026392
0.018666,0.043172,0.032632
0.02227,0.048337,0.039483
0.026208,0.053978,0.046889
0.030494,0.060111,0.054895
0.035141,0.066749,0.06356
0.040117,0.073936,0.072703
0.045472,0.081659,0.082208
0.045755,0.086734,0.098079
0.046082,0.09197,0.11507
0.046472,0.097355,0.13299
0.046906,0.1029,0.15157
0.047394,0.1086,0.17084
0.047924,0.11446,0.19049
0.048482,0.1205,0.21078
0.049103,0.12667,0.2317
0.049761,0.13301,0.25314
0.050481,0.1395,0.27465
0.059334,0.14237,0.26527
0.068945,0.14524,0.25684
0.079296,0.14813,0.24915
0.090424,0.15105,0.24188
0.10235,0.15398,0.23506
0.11499,0.15696,0.22886
0.12846,0.15996,0.2229
0.14275,0.16298,0.21726
0.15781,0.16605,0.21168
0.17374,0.16912,0.20604
0.17579,0.18704,0.19996
0.1778,0.20587,0.19534
0.17983,0.22558,0.19171
0.18186,0.24619,0.18897
0.18387,0.2677,0.18676
0.18594,0.29008,0.18493
0.18796,0.31336,0.18336
0.19002,0.3375,0.1818
0.19206,0.36252,0.18044
0.19411,0.38839,0.17945
0.18566,0.34525,0.21925
0.1774,0.30549,0.25849
0.16917,0.26891,0.2976
0.1612,0.23528,0.33698
0.15327,0.20445,0.3766
0.14554,0.17625,0.41632
0.13797,0.15054,0.45639
0.13052,0.1272,0.49731
0.1233,0.10609,0.5389
0.11622,0.087123,0.58054
0.12258,0.095516,0.62225
0.129,0.10432,0.6654
0.13556,0.11352,0.70962
0.14225,0.12312,0.75433
0.14901,0.13313,0.79997
0.15599,0.14351,0.84678
0.16303,0.1543,0.89434
0.17018,0.16547,0.94206
0.17747,0.17704,0.99033
0.1849,0.18898,1.0386
0.16437,0.18656,0.95426
0.14542,0.1843,0.88335
0.12793,0.18221,0.82201
0.11181,0.18027,0.76763
0.097021,0.17846,0.71867
0.083467,0.17678,0.67399
0.071112,0.17521,0.63289
0.059905,0.17374,0.59511
0.049777,0.17237,0.56005
0.040708,0.17108,0.5276
0.042105,0.16244,0.53879
0.043525,0.15401,0.5482
0.044937,0.1458,0.55646
0.046319,0.13782,0.5642
0.047709,0.13005,0.57123
0.049101,0.12249,0.578
0.050487,0.11516,0.5844
0.051858,0.10805,0.59008
0.053215,0.10116,0.59545
0.054568,0.094489,0.60083
0.051855,0.091398,0.59564
0.049254,0.088462,0.59007
0.04675,0.085674,0.58471
0.044366,0.083018,0.58002
0.042066,0.080495,0.57538
0.039885,0.078086,0.57079
0.037785,0.075794,0.56623
0.035773,0.07361,0.56126
0.033846,0.071528,0.55638
0.032002,0.069544,0.55189
0.034132,0.087905,0.46985
0.036307,0.10821,0.39782
0.038549,0.13048,0.33401
0.040846,0.15476,0.27713
0.043248,0.18108,0.22631
0.045699,0.20952,0.18142
0.048229,0.24013,0.14203
0.05086,0.27296,0.10784
0.053579,0.30809,0.078648
0.056385,0.34556,0.054364
0.063481,0.35007,0.045197
0.070977,0.35465,0.038102
0.078878,0.3593,0.032638
0.0872,0.364,0.028481
0.095913,0.36878,0.025244
0.10504,0.37362,0.022779
0.11457,0.37852,0.020888
0.12451,0.38349,0.019432
0.13487,0.38851,0.018268
0.14562,0.3936,0.017439
0.14202,0.38484,0.012774
0.13847,0.3761,0.0078547
0.13498,0.3674,0.0036087
0.13155,0.35872,0.00078909
0.12817,0.35007,-4.0305e-05
0.12485,0.34148,-0.0017965
0.12158,0.33293,-0.0063772
0.11836,0.32444,-0.013929
0.1152,0.31599,-0.024647
0.11209,0.30762,-0.038639
0.12107,0.29713,-0.0071088
0.13039,0.287,0.00039591
0.14004,0.27716,0.013925
0.15002,0.26759,0.044475
0.16035,0.25823,0.089873
0.17102,0.24907,0.14867
0.18204,0.24008,0.21946
0.19341,0.23125,0.3009
0.20512,0.22257,0.39235
0.2172,0.21405,0.4934
0.20365,0.20901,0.47363
0.19054,0.20434,0.463
0.17787,0.2,0.45908
0.16563,0.19594,0.46047
0.15382,0.19216,0.46545
0.14245,0.18862,0.4731
0.13151,0.18531,0.48284
0.12101,0.1822,0.49417
0.11094,0.17928,0.50669
0.10131,0.17654,0.52056
0.10603,0.16265,0.49206
0.11087,0.14946,0.46664
0.11583,0.13698,0.44387
0.12091,0.12516,0.42305
0.12611,0.11397,0.40388
0.13143,0.10341,0.38653
0.13686,0.093425,0.37037
0.14241,0.084034,0.35499
0.14809,0.075209,0.34054
0.15387,0.066923,0.32702
0.14286,0.066369,0.28006
0.13234,0.065694,0.24099
0.1223,0.064899,0.20815
0.11273,0.063997,0.1805
0.10361,0.063001,0.15687
0.094943,0.061922,0.13658
0.086708,0.060769,0.1189
0.078892,0.059538,0.10344
0.071486,0.058235,0.089771
0.064487,0.056873,0.077683
0.077005,0.062908,0.083272
0.090863,0.069369,0.088404
0.10609,0.076246,0.092788
0.12273,0.083562,0.096286
0.14082,0.091312,0.098857
0.16038,0.099498,0.10068
0.18147,0.10814,0.10159
0.20409,0.11723,0.10163
0.22828,0.12676,0.10084
0.25408,0.13674,0.099222
0.24501,0.12213,0.053541
0.23638,0.10866,0.024929
0.22812,0.096232,0.0084764
0.22022,0.084784,0.001011
0.21261,0.074229,-0.00056679
0.20529,0.064523,-0.0057522
0.19823,0.05563,-0.015537
0.19142,0.047495,-0.02913
0.18482,0.040086,-0.045993
0.17842,0.033373,-0.0658
0.17431,0.029864,-0.060301
0.1703,0.026666,-0.055452
0.16638,0.023756,-0.051239
0.16254,0.021107,-0.047419
0.15878,0.018703,-0.044004
0.15511,0.016518,-0.04094
0.15152,0.014545,-0.038134
0.14799,0.012753,-0.035643
0.14454,0.011139,-0.033276
0.14116,0.0096819,-0.031085
0.14466,0.012344,-0.033226
0.1482,0.015342,-0.03548
0.15177,0.018675,-0.037926
0.15538,0.022358,-0.040519
0.15901,0.026368,-0.043338
0.16268,0.030733,-0.046269
0.16639,0.035446,-0.049374
0.17012,0.040507,-0.052724
0.17389,0.045922,-0.056236
0.1777,0.051703,-0.059786
0.16981,0.049072,-0.03981
0.16207,0.046484,-0.025504
0.15447,0.04393,-0.015375
0.14702,0.041419,-0.0083554
0.13971,0.038947,-0.0038039
0.13256,0.03653,-0.0011958
0.12557,0.034172,-9.0557e-05
0.11875,0.031869,0.00018462
0.11208,0.02962,0.0012227
0.10559,0.027443,0.0030528
0.11087,0.029029,0.0083117
0.11637,0.030672,0.015952
0.12211,0.032388,0.02584
0.1281,0.034169,0.037958
0.13435,0.036022,0.052096
0.14088,0.037951,0.068026
0.14768,0.039958,0.085705
0.15477,0.042041,0.10514
0.16214,0.0442,0.12615
0.16982,0.046434,0.14842
0.19672,0.056003,0.099129
0.22574,0.066503,0.062478
0.25697,0.078002,0.035943
0.29043,0.090481,0.017713
0.32622,0.104,0.0064343
0.36436,0.11859,0.00095785
0.40491,0.13424,-0.0002314
0.44787,0.15096,-0.0034502
0.49329,0.16876,-0.0099119
0.54118,0.18765,-0.019045
0.5307,0.15151,-0.0088912
0.52116,0.11973,-0.004052
0.51247,0.092093,-0.0017842
0.50455,0.06838,-0.00075201
0.4973,0.048421,-0.00029978
0.49065,0.032081,-0.00012019
0.48454,0.019208,-5.3567e-05
0.47889,0.009698,-3.754e-05
0.47365,0.0034481,-4.5452e-05
0.46877,0.00037013,-7.2568e-05
0.41539,0.00016154,-4.5306e-05
0.36593,5.2226e-05,-7.3029e-06
0.32022,7.7644e-06,7.7941e-06
0.27814,-4.5066e-07,8.2852e-05
0.23954,-9.9134e-06,0.00026324
0.20431,-2.1825e-05,0.00056726
0.17233,-2.7719e-05,0.0010073
0.14346,-2.4091e-05,0.0016251
0.1176,-1.3096e-05,0.0024159
0.09464,-1.9686e-06,0.0033648
0.097642,-0.00027461,0.0082237
0.10068,-0.0010077,0.015378
0.10376,-0.0022019,0.02471
0.1069,-0.0038622,0.036284
0.11008,-0.0059871,0.049995
0.11329,-0.0085798,0.065907
0.11657,-0.011645,0.084074
0.11987,-0.01518,0.10419
0.12322,-0.019189,0.1264
0.12661,-0.023674,0.15039
0.12148,-0.018482,0.18253
0.11652,-0.013941,0.21458
0.11167,-0.010044,0.24651
0.10695,-0.0067888,0.27831
0.10234,-0.0041712,0.3097
0.09785,-0.0021899,0.3409
0.093463,-0.00084205,0.37156
0.089191,-0.00012669,0.40128
0.08501,4.2294e-05,0.43039
0.080926,0.00058839,0.4592
0.080718,0.00011448,0.44755
0.080535,-7.9568e-06,0.44177
0.080332,-0.00026541,0.44004
0.080152,-0.0008844,0.44177
0.079976,-0.0018627,0.44636
0.079793,-0.0031982,0.4531
0.079622,-0.0048902,0.46197
0.079443,-0.006937,0.47258
0.07927,-0.009338,0.48487
0.079081,-0.012092,0.49906
0.070368,-0.010517,0.45868
0.062203,-0.0091846,0.42078
0.054639,-0.0080642,0.38459
0.047608,-0.0071256,0.35035
0.041117,-0.0063455,0.31802
0.035165,-0.0057034,0.28794
0.029713,-0.0051804,0.25962
0.024778,-0.0047626,0.23329
0.020321,-0.0044368,0.2085
0.016337,-0.0041938,0.18512
0.018007,-0.0027883,0.13671
0.019704,-0.0017243,0.098955
0.02139,-0.00094947,0.069657
0.023096,-0.00042364,0.046976
0.024806,-0.00011511,0.02978
0.02655,-1.348e-06,0.017008
0.02833,6.7608e-05,0.0080905
0.030178,0.00030672,0.0025495
0.032064,0.00071895,0.00014285
0.034029,0.0013101,-0.00067497
0.032943,0.0016172,-0.0036964
0.031875,0.0019583,-0.0090687
0.030818,0.0023303,-0.016778
0.029763,0.0027291,-0.026919
0.028686,0.0031502,-0.039445
0.027573,0.0035889,-0.054239
0.02643,0.0040407,-0.071391
0.025272,0.0045013,-0.090759
0.024081,0.0049665,-0.11242
0.022853,0.0054327,-0.13636
0.01903,0.0052072,-0.091271
0.015681,0.0048456,-0.05759
0.012732,0.0043682,-0.033281
0.010177,0.0037998,-0.016554
0.0079784,0.0031693,-0.0060924
0.006105,0.00251,-0.00092474
0.0045358,0.0018613,0.000223
0.0032292,0.0012674,0.0034796
0.0021542,0.00077229,0.010444
0.0012929,0.00040482,0.021133
0.0019148,0.00098143,0.014558
0.0026676,0.0018081,0.009273
0.003536,0.002885,0.0051742
0.0045188,0.0042141,0.0022573
0.005647,0.0057995,0.00051423
0.0068477,0.0076421,-3.7784e-06
0.0081348,0.0097456,-0.0007151
0.0095079,0.012114,-0.0026696
0.011,0.014752,-0.0059781
0.012551,0.017661,-0.010594
0.011581,0.016582,-0.025233
0.010636,0.015532,-0.04591
0.009689,0.014505,-0.072709
0.0087474,0.013498,-0.10557
0.0078067,0.012512,-0.14466
0.0068607,0.011546,-0.19025
0.0059383,0.010604,-0.24241
0.005035,0.0096864,-0.30095
0.0041716,0.0087972,-0.36566
0.0033492,0.0079378,-0.4359
0.0037018,0.0088898,-0.44352
0.0040636,0.0098935,-0.45164
0.0044459,0.010951,-0.46029
0.0048593,0.012063,-0.46901
0.0052852,0.013227,-0.47831
0.0057231,0.014444,-0.48846
0.0061912,0.015715,-0.49882
0.0066623,0.01704,-0.51005
0.0071729,0.01842,-0.5213
0.0076901,0.019854,-0.53269
0.005501,0.025439,-0.45354
0.0036584,0.031647,-0.387
0.002176,0.038466,-0.33011
0.0010683,0.045893,-0.28057
0.00034728,0.053925,-0.23705
2.0302e-05,0.062562,-0.19883
-9.356e-05,0.07181,-0.16517
-0.00056958,0.081677,-0.13564
-0.0014496,0.092172,-0.10967
-0.0027335,0.1033,-0.087093
-0.0018853,0.095444,-0.087871
-0.0011859,0.087991,-0.087845
-0.00064238,0.080929,-0.087305
-0.00025909,0.074251,-0.08645
-4.4597e-05,0.067943,-0.08511
8.0658e-06,0.061985,-0.083416
0.00015594,0.056367,-0.081472
0.00049467,0.051076,-0.079259
0.0010343,0.046105,-0.076801
0.0017791,0.041437,-0.07418
0.00022945,0.039411,-0.086337
-0.00014116,0.037445,-0.099812
-0.0015192,0.035523,-0.11444
-0.0043786,0.033632,-0.13033
-0.008759,0.03176,-0.14732
-0.014696,0.029903,-0.16521
-0.02225,0.028057,-0.1841
-0.031474,0.026223,-0.20425
-0.042444,0.024402,-0.22535
-0.055183,0.022599,-0.24778
-0.055156,0.025285,-0.21091
-0.055165,0.028059,-0.17783
-0.055198,0.030916,-0.14837
-0.055257,0.033857,-0.12203
-0.055337,0.036879,-0.098728
-0.055425,0.039985,-0.078122
-0.055541,0.043176,-0.060259
-0.055662,0.046453,-0.044956
-0.055789,0.04982,-0.032042
-0.055928,0.053281,-0.021404
-0.048263,0.057106,-0.021122
-0.041204,0.061045,-0.020686
-0.034713,0.065096,-0.020188
-0.028813,0.069262,-0.019519
-0.023481,0.073542,-0.018733
-0.018714,0.07794,-0.017997
-0.014495,0.082456,-0.017216
-0.01082,0.087091,-0.016335
-0.0076834,0.091846,-0.015434
-0.0050837,0.096726,-0.014576
-0.0065469,0.092382,-0.011967
-0.0081891,0.088144,-0.009532
-0.01001,0.084011,-0.0073353
-0.01201,0.079986,-0.0054488
-0.014186,0.076062,-0.0038289
-0.016541,0.072245,-0.0024484
-0.019069,0.068528,-0.0013643
-0.021775,0.064916,-0.0005864
-0.024656,0.061404,-0.00013054
-0.027711,0.057991,1.4813e-06
-0.026224,0.05516,0.00047085
-0.024819,0.052512,0.0016197
-0.023488,0.050029,0.0032916
-0.022225,0.047697,0.0053472
-0.021024,0.0455,0.0076773
-0.019884,0.043433,0.010287
-0.018798,0.041482,0.013066
-0.017762,0.039634,0.015974
-0.016777,0.03789,0.019005
-0.015837,0.036236,0.022044
-0.014517,0.030898,0.010084
-0.01324,0.025978,0.0030966
-0.012011,0.021488,0.00018144
-0.010831,0.017425,-0.0007012
-0.0097019,0.013786,-0.0041767
-0.0086273,0.010573,-0.010244
-0.0076105,0.0077869,-0.018721
-0.0066547,0.0054271,-0.029566
-0.0057624,0.0034912,-0.042679
-0.0049363,0.0019805,-0.058291
-0.0056074,0.0045226,-0.050175
-0.0063182,0.0081146,-0.042602
-0.0070612,0.012804,-0.035638
-0.0078287,0.018666,-0.029208
-0.0086127,0.0258,-0.023448
-0.0094053,0.034309,-0.018339
-0.010199,0.044317,-0.013887
-0.010987,0.05592,-0.01009
-0.011763,0.069259,-0.0069147
-0.012522,0.084452,-0.0043108
-0.010048,0.081946,-0.0041828
-0.0078688,0.07946,-0.003879
-0.0059745,0.076981,-0.0034478
-0.0043561,0.074521,-0.0029598
-0.0030055,0.072076,-0.0024211
-0.0019145,0.069647,-0.001852
-0.0010753,0.067242,-0.0013075
-0.00048082,0.064863,-0.00084065
-0.00012452,0.062506,-0.00045192
-2.3151e-07,0.060172,-0.00017405
-9.1185e-05,0.049687,-0.00323
-0.00033139,0.040585,-0.0099498
-0.0007035,0.032675,-0.020241
-0.001197,0.025802,-0.034123
-0.0018093,0.019827,-0.051529
-0.0025453,0.014654,-0.072351
-0.0034157,0.010235,-0.096582
-0.0044364,0.0065529,-0.12432
-0.0056265,0.003629,-0.1555
-0.0070081,0.0015138,-0.19007
-0.0054713,0.0017189,-0.20781
-0.0041036,0.0019285,-0.22602
-0.0029155,0.0021376,-0.24469
-0.0019152,0.0023471,-0.26335
-0.0011133,0.0025569,-0.28222
-0.00052008,0.0027656,-0.3014
-0.00014613,0.0029685,-0.3209
-1.4586e-06,0.0031683,-0.34019
9.6591e-05,0.0033627,-0.35947
0.00044188,0.003555,-0.37853
0.00061723,0.0065222,-0.372
0.00082208,0.01038,-0.36627
0.0010565,0.015122,-0.36082
0.0013212,0.020757,-0.35542
0.0016168,0.027298,-0.35033
0.0019441,0.034745,-0.34564
0.002304,0.043122,-0.34109
0.0026974,0.052445,-0.33686
0.0031255,0.062723,-0.33269
0.0035894,0.073981,-0.3283
0.0048327,0.086611,-0.34384
0.0062921,0.1006,-0.3599
0.0079788,0.11603,-0.37672
0.0099051,0.13296,-0.39455
0.012082,0.15148,-0.41326
0.014523,0.17161,-0.43316
0.017238,0.19344,-0.4539
0.020238,0.21701,-0.47547
0.023535,0.24235,-0.49784
0.02714,0.26948,-0.52087
0.025902,0.25939,-0.59219
0.024695,0.24954,-0.66297
0.023524,0.23988,-0.73256
0.022379,0.2305,-0.80197
0.021266,0.22136,-0.87114
0.020181,0.21246,-0.94068
0.019122,0.20381,-1.0104
0.018094,0.1954,-1.0803
0.017106,0.18714,-1.1494
0.016141,0.17915,-1.2189
0.020206,0.17013,-0.96932
0.024668,0.16208,-0.77156
0.029522,0.15483,-0.6107
0.034769,0.14823,-0.47832
0.040391,0.14224,-0.36835
0.046394,0.13673,-0.27712
0.052772,0.13165,-0.20156
0.059532,0.12691,-0.13992
0.066655,0.1225,-0.090687
0.07417,0.11832,-0.052731
0.062035,0.1344,-0.084558
0.050944,0.15164,-0.1217
0.040887,0.17014,-0.16325
0.031887,0.18995,-0.2087
0.023965,0.21114,-0.25753
0.017122,0.23379,-0.30888
0.011391,0.25793,-0.36226
0.0067989,0.2836,-0.41723
0.0033677,0.31082,-0.47349
0.0011176,0.33963,-0.53023
0.0035811,0.3302,-0.40355
0.0073646,0.32174,-0.30401
0.012411,0.31411,-0.22486
0.018681,0.30714,-0.1615
0.026149,0.30073,-0.1111
0.034792,0.29477,-0.071793
0.044607,0.28917,-0.041973
0.055583,0.28388,-0.020601
0.067716,0.27883,-0.0070195
0.081039,0.27395,-0.00064171
0.075145,0.29302,-0.0022129
0.069488,0.31269,-0.0047332
0.064059,0.33296,-0.0081789
0.05885,0.35385,-0.012438
0.053859,0.37535,-0.017573
0.049106,0.39744,-0.023681
0.044569,0.42014,-0.03071
0.040259,0.44343,-0.038573
0.036165,0.46731,-0.047365
0.032296,0.49176,-0.057232
0.031683,0.4757,-0.021312
0.031072,0.46037,-0.0037536
0.030451,0.44568,0.0002969
0.029856,0.43155,0.0082158
0.029256,0.41792,0.025619
0.02866,0.40476,0.051266
0.028085,0.39201,0.084114
0.027502,0.37965,0.12342
0.026932,0.36764,0.16855
0.026375,0.35596,0.21873
0.028451,0.34394,0.11542
0.030625,0.33289,0.051762
0.032882,0.3226,0.016056
0.03524,0.31292,0.001195
0.037671,0.30373,-0.0026001
0.040191,0.29493,-0.017328
0.042792,0.28645,-0.043311
0.045497,0.27825,-0.078935
0.048268,0.27026,-0.12316
0.051124,0.26246,-0.17533
0.033453,0.27285,-0.16109
0.019582,0.28331,-0.14943
0.0094551,0.29389,-0.13977
0.0029851,0.30458,-0.13179
0.00014703,0.3154,-0.1249
-0.00091932,0.32637,-0.11862
-0.0053009,0.33749,-0.11296
-0.013296,0.34879,-0.10794
-0.024915,0.36028,-0.10336
-0.040213,0.37195,-0.098829
-0.028408,0.37476,-0.10147
-0.018688,0.37738,-0.10392
-0.01104,0.3798,-0.10605
-0.0054157,0.38206,-0.10769
-0.0017869,0.38414,-0.10906
-0.00012196,0.3861,-0.11034
0.00040416,0.38793,-0.1114
0.0026146,0.38964,-0.11198
0.0067383,0.39123,-0.11234
0.012776,0.39275,-0.1127
0.016296,0.37034,-0.12654
0.020242,0.34891,-0.14061
0.024618,0.3284,-0.15506
0.029434,0.3088,-0.1697
0.034701,0.29004,-0.1849
0.040382,0.27207,-0.20049
0.046503,0.25486,-0.21641
0.053058,0.23838,-0.23282
0.060065,0.22261,-0.24967
0.06753,0.20752,-0.26667
0.072792,0.23754,-0.21962
0.078389,0.26969,-0.17918
0.084239,0.30391,-0.14408
0.090504,0.34034,-0.11371
0.097093,0.37893,-0.087586
0.10406,0.41971,-0.065287
0.11143,0.4627,-0.046632
0.1192,0.50791,-0.031467
0.12739,0.55532,-0.019444
0.13599,0.60492,-0.01046
0.13518,0.58564,-0.006283
0.13451,0.56698,-0.0036545
0.13375,0.54875,-0.0019346
0.13307,0.53105,-0.00087067
0.13243,0.51383,-0.00028307
0.13186,0.49708,-3.2433e-05
0.13129,0.48076,1.664e-05
0.13074,0.46485,0.00015395
0.13025,0.44937,0.00038649
0.12975,0.43426,0.00069095
0.12738,0.45628,-0.0010891
0.12506,0.47877,-0.0074128
0.12275,0.5017,-0.017984
0.12047,0.52507,-0.031585
0.11821,0.54887,-0.047528
0.11607,0.5732,-0.065134
0.11385,0.59784,-0.084378
0.11169,0.62292,-0.10499
0.10955,0.64837,-0.12676
0.10746,0.67426,-0.14978
0.12034,0.61408,-0.099078
0.13366,0.55902,-0.06345
0.14746,0.5085,-0.038266
0.16164,0.46197,-0.020793
0.17623,0.41906,-0.0092608
0.19127,0.37944,-0.0026175
0.2067,0.34277,-6.6725e-05
0.22258,0.30882,0.0011167
0.23883,0.27734,0.0054353
0.25553,0.24815,0.012695
0.2438,0.21073,0.0093276
0.23275,0.17725,0.006296
0.22243,0.14744,0.0037124
0.21267,0.12101,0.0016998
0.20351,0.097737,0.00041443
0.19485,0.077403,-1.7742e-06
0.18674,0.059827,-0.00056446
0.17899,0.044797,-0.0021732
0.17168,0.032178,-0.0049179
0.16473,0.021818,-0.0088843
0.15429,0.02321,-0.013505
0.14432,0.024577,-0.018005
0.13479,0.025914,-0.022165
0.12565,0.02721,-0.025782
0.11696,0.028477,-0.028878
0.1087,0.029709,-0.031462
0.10083,0.030905,-0.033422
0.093346,0.03206,-0.034811
0.086212,0.033169,-0.035718
0.079425,0.034231,-0.036275
0.079144,0.047117,-0.049728
0.078759,0.062379,-0.064842
0.078297,0.080169,-0.081487
0.07769,0.10061,-0.099795
0.077001,0.12385,-0.11943
0.076172,0.15001,-0.14002
0.07527,0.17922,-0.16154
0.07426,0.21157,-0.18403
0.073152,0.24716,-0.20715
0.07197,0.28607,-0.23103
0.071654,0.2974,-0.15
0.071358,0.30905,-0.093393
0.071029,0.32094,-0.054024
0.070708,0.3331,-0.027479
0.070386,0.34551,-0.010905
0.070062,0.35816,-0.0022797
0.06973,0.37104,2.879e-05
0.069404,0.38415,0.0031087
0.069068,0.3975,0.010725
0.068759,0.41108,0.022339
0.076657,0.3823,0.017396
0.084737,0.35487,0.014062
0.092988,0.32873,0.011783
0.10139,0.30383,0.010225
0.10995,0.28013,0.0091054
0.11862,0.25758,0.0082889
0.12742,0.23616,0.0076989
0.13631,0.21582,0.0072641
0.14531,0.19654,0.0069508
0.15439,0.17827,0.0067011
0.14965,0.15902,0.010269
0.14505,0.14137,0.013901
0.14061,0.1252,0.017423
0.13632,0.11041,0.020779
0.13215,0.096899,0.024007
0.12814,0.084584,0.026914
0.12424,0.073382,0.029659
0.12045,0.063219,0.032293
0.11678,0.054026,0.03472
0.11321,0.045744,0.037111
0.11102,0.042453,0.024646
0.10894,0.039296,0.015627
0.10695,0.036273,0.0092884
0.10505,0.03338,0.0050118
0.10326,0.030614,0.0022688
0.10153,0.027977,0.00068841
0.099862,0.025466,4.4381e-05
0.098266,0.023078,-0.00012286
0.096739,0.020812,-0.00075919
0.095247,0.018672,-0.0018356
0.10205,0.021629,-0.0049857
0.10922,0.024801,-0.0095852
0.11682,0.028183,-0.015649
0.12483,0.031778,-0.022996
0.13327,0.035585,-0.031699
0.14215,0.039607,-0.041789
0.1515,0.043839,-0.053174
0.16132,0.048281,-0.065946
0.17163,0.052934,-0.080016
0.18242,0.057799,-0.09504
0.17515,0.049415,-0.08824
0.16827,0.041779,-0.084021
0.16175,0.03486,-0.081794
0.15557,0.02863,-0.081202
0.14969,0.023068,-0.081868
0.14408,0.018153,-0.083545
0.13874,0.01386,-0.086029
0.13364,0.010176,-0.089594
0.12876,0.0070817,-0.093907
0.12408,0.0045635,-0.099034
0.12918,0.0027525,-0.066422
0.13429,0.0014054,-0.041066
0.13939,0.00051206,-0.022231
0.14454,6.1247e-05,-0.0093191
0.14975,-4.7791e-05,-0.0020511
0.15507,-0.00046911,2.5361e-05
0.16051,-0.0013251,0.002967
0.1661,-0.0026197,0.010611
0.17188,-0.0043569,0.02277
0.17785,-0.0065421,0.039409
0.18911,-0.0043003,0.027586
0.20073,-0.0025282,0.018366
0.21271,-0.0012242,0.011379
0.22506,-0.00038662,0.0062915
0.23779,-1.864e-05,0.002827
0.2509,0.00012297,0.0008225
0.2644,0.00070429,2.779e-05
0.27829,0.0017675,-0.00028816
0.29258,0.0033175,-0.0014687
0.30727,0.0053607,-0.0035062
0.31561,0.0041771,-0.0014527
0.32404,0.0031393,-0.00036129
0.33259,0.0022454,-2.9512e-06
0.34124,0.0014999,0.00021147
0.35,0.00090243,0.00087787
0.35886,0.00045531,0.0019263
0.36783,0.00015898,0.003283
0.3769,1.4906e-05,0.0048525
0.38608,-2.4145e-05,0.0066104
0.39537,-0.00018796,0.0084777
0.3703,0.00040176,0.017712
0.34658,0.0028236,0.029434
0.32409,0.0073358,0.043205
0.30273,0.013845,0.058919
0.28238,0.022277,0.076268
0.26297,0.032579,0.095137
0.24441,0.044708,0.11538
0.22665,0.058646,0.13667
0.20964,0.074371,0.15912
0.19331,0.091886,0.18273
0.20117,0.096784,0.14108
0.20916,0.10178,0.10795
0.21731,0.10689,0.081505
0.22559,0.11212,0.060358
0.23404,0.11745,0.043517
0.24264,0.1229,0.030149
0.25139,0.12846,0.019748
0.2603,0.13415,0.011898
0.26937,0.13994,0.0062507
0.27859,0.14586,0.0024997
0.26662,0.13337,0.00087606
0.25509,0.12176,0.00012108
0.24398,0.11096,-3.7557e-05
0.23328,0.10091,-0.00047063
0.22296,0.09157,-0.0012999
0.21303,0.082882,-0.0024161
0.20343,0.074829,-0.0038002
0.19418,0.067351,-0.005412
0.18526,0.060425,-0.0071846
0.17668,0.054006,-0.009023
0.18154,0.062688,-0.0020913
0.18653,0.072032,2.0386e-06
0.19163,0.082055,0.0021768
0.19684,0.092779,0.0080481
0.20217,0.10421,0.017187
0.20765,0.11635,0.029239
0.21325,0.12922,0.043931
0.21899,0.14282,0.061068
0.22488,0.15715,0.080468
0.2309,0.17222,0.10178
0.24134,0.14363,0.090563
0.2516,0.118,0.081218
0.26169,0.095178,0.073423
0.27163,0.075037,0.066865
0.28146,0.057467,0.061162
0.29118,0.042373,0.056066
0.30084,0.029673,0.051431
0.31045,0.0193,0.047257
0.32007,0.011194,0.043315
0.32968,0.0053081,0.039757
0.34334,0.0049079,0.022273
0.35728,0.0045306,0.010653
0.37148,0.0041737,0.0036894
0.38597,0.0038355,0.00045085
0.40071,0.0035148,-0.0002478
0.41571,0.0032111,-0.0025295
0.43101,0.0029238,-0.006882
0.44655,0.0026525,-0.013078
0.46235,0.0023969,-0.020818
0.4784,0.0021568,-0.029828
0.51039,0.0035676,-0.064561
0.54354,0.0053491,-0.11074
0.57783,0.0075108,-0.16716
0.61328,0.010061,-0.23275
0.6499,0.013008,-0.30683
0.68766,0.016355,-0.38878
0.72659,0.020107,-0.47801
0.76665,0.024265,-0.57323
0.8079,0.02883,-0.67435
0.85024,0.033797,-0.78147
0.77916,0.030336,-0.51867
0.71367,0.027181,-0.34692
0.65308,0.024298,-0.2288
0.59688,0.021657,-0.14571
0.54469,0.01924,-0.086984
0.49618,0.017027,-0.046572
0.45107,0.015003,-0.020289
0.4091,0.013152,-0.0054114
0.37011,0.011467,-6.8741e-05
0.33382,0.0099302,0.0028869
0.32446,0.010545,0.0045211
0.31536,0.011164,0.006966
0.30654,0.01179,0.01039
0.29795,0.012421,0.014989
0.28957,0.013054,0.020802
0.28143,0.013694,0.02796
0.27354,0.014343,0.036558
0.26582,0.014994,0.046427
0.2583,0.01565,0.057702
0.25095,0.01631,0.070422
0.24846,0.018185,0.052069
0.24588,0.020127,0.037394
0.24318,0.022128,0.025687
0.24042,0.024195,0.01653
0.23757,0.026317,0.0095966
0.23465,0.028496,0.0046937
0.23168,0.030731,0.0015935
0.22861,0.033011,0.00013818
0.22549,0.035343,-0.00024899
0.22236,0.037731,-0.0018272
0.21988,0.04171,-0.012469
0.21729,0.04583,-0.031687
0.21476,0.05015,-0.05834
0.21218,0.054658,-0.091908
0.20952,0.059356,-0.13151
0.20684,0.064274,-0.17648
0.20409,0.069402,-0.22641
0.20126,0.074745,-0.28088
0.19836,0.080305,-0.33968
0.19536,0.086077,-0.40271
0.19313,0.096512,-0.28189
0.19076,0.10701,-0.19198
0.18836,0.11764,-0.1248
0.1859,0.12843,-0.075493
0.18343,0.13942,-0.040381
0.18092,0.15064,-0.017084
0.17842,0.16213,-0.0040304
0.17594,0.17392,9.0575e-07
0.17347,0.18604,0.0039987
0.17102,0.19851,0.015246
0.17945,0.17887,0.013558
0.18806,0.16077,0.012614
0.19683,0.14407,0.012131
0.2058,0.12867,0.01202
0.21497,0.11449,0.012188
0.2243,0.10138,0.012574
0.23378,0.089297,0.013099
0.24352,0.078207,0.013867
0.25341,0.068004,0.014722
0.26347,0.058651,0.015637
0.24785,0.056638,0.016076
0.23275,0.054717,0.016132
0.21819,0.052886,0.015907
0.20413,0.051134,0.015377
0.19058,0.049464,0.014666
0.17752,0.047859,0.013865
0.16499,0.046334,0.012958
0.15294,0.044873,0.011894
0.14137,0.043473,0.010779
0.13031,0.042143,0.0095763
0.13559,0.047974,0.0085204
0.14091,0.054216,0.0075965
0.14621,0.06085,0.0067785
0.15157,0.067915,0.0060033
0.15691,0.075374,0.0053224
0.16231,0.083265,0.0047645
0.1677,0.091566,0.00427
0.1731,0.10027,0.0038116
0.17852,0.10941,0.0033995
0.18395,0.11895,0.002989
0.18245,0.12162,0.0022341
0.18087,0.12425,0.0017157
0.17922,0.12684,0.0013773
0.17755,0.12941,0.0011651
0.17578,0.13192,0.0010451
0.17401,0.13443,0.00097116
0.17214,0.13686,0.00095635
0.17023,0.13927,0.00099407
0.16823,0.14161,0.0010736
0.16619,0.14392,0.0011849
0.15283,0.14335,0.0055811
0.14023,0.1427,0.012492
0.12842,0.14204,0.021274
0.11732,0.14132,0.031464
0.10688,0.14056,0.042852
0.097092,0.13979,0.055234
0.08795,0.13901,0.068558
0.079352,0.13819,0.082499
0.071317,0.13736,0.09701
0.063791,0.1365,0.11206
0.080933,0.13902,0.057904
0.1001,0.14158,0.023404
0.12137,0.14414,0.0049604
0.14488,0.14673,-6.5677e-05
0.17078,0.14934,-0.0069229
0.1991,0.15195,-0.024113
0.22997,0.15455,-0.050409
0.26353,0.15716,-0.084559
0.29982,0.15978,-0.12574
0.33894,0.16239,-0.17345
0.33894,0.14979,-0.2074
0.3389,0.13785,-0.24638
0.33882,0.12652,-0.29032
0.33868,0.11577,-0.33925
0.3385,0.1056,-0.39262
0.33828,0.095966,-0.44985
0.33802,0.086862,-0.51103
0.33778,0.07828,-0.57649
0.33748,0.070191,-0.64538
0.33719,0.062593,-0.71805
0.30064,0.05948,-0.55692
0.26719,0.05674,-0.43546
0.23656,0.05432,-0.34103
0.20851,0.052181,-0.26559
0.18289,0.050293,-0.20479
0.15951,0.048631,-0.15574
0.13821,0.047171,-0.11589
0.1189,0.045901,-0.083531
0.10143,0.044801,-0.057674
0.085671,0.043857,-0.03751
0.098584,0.038251,-0.036004
0.11243,0.033011,-0.034686
0.12721,0.028136,-0.033453
0.1429,0.023628,-0.032209
0.15957,0.019492,-0.031032
0.17716,0.015732,-0.029918
0.19572,0.012356,-0.028892
0.21525,0.0093703,-0.027995
0.23572,0.0067825,-0.027045
0.25718,0.0046006,-0.026171
0.24974,0.0079735,-0.030867
0.24236,0.012215,-0.035099
0.23501,0.017299,-0.038842
0.22771,0.023205,-0.042052
0.22046,0.029914,-0.044886
0.21329,0.037407,-0.047438
0.20621,0.045671,-0.04971
0.19921,0.054696,-0.051555
0.1923,0.064473,-0.053182
0.18549,0.074994,-0.054669
0.19455,0.087664,-0.064661
0.20383,0.10147,-0.073979
0.21331,0.11642,-0.082485
0.22301,0.13253,-0.09023
0.23291,0.14981,-0.097029
0.24303,0.16826,-0.10307
0.25336,0.18788,-0.10815
0.2639,0.20867,-0.11247
0.27465,0.23062,-0.11586
0.28561,0.25374,-0.11834
0.28659,0.24516,-0.11155
0.28755,0.23669,-0.10762
0.2885,0.22834,-0.10587
0.28943,0.22011,-0.10561
0.29037,0.21198,-0.10649
0.2913,0.20398,-0.10845
0.29222,0.1961,-0.11117
0.29312,0.18835,-0.11472
0.29405,0.18072,-0.11884
0.29493,0.17323,-0.12322
0.29178,0.19415,-0.092475
0.28871,0.21613,-0.068043
0.28567,0.23921,-0.048803
0.28268,0.26334,-0.03363
0.27973,0.28854,-0.021861
0.27677,0.31482,-0.013095
0.27382,0.34216,-0.006799
0.27086,0.37057,-0.0027088
0.26791,0.40003,-0.00051757
0.26496,0.43053,3.4341e-05
0.2594,0.39764,-0.00059028
0.25381,0.36692,-0.0024937
0.24822,0.3382,-0.0052395
0.24259,0.31138,-0.0085306
0.23696,0.28628,-0.012248
0.23133,0.2628,-0.01632
0.22569,0.24083,-0.020697
0.22006,0.2203,-0.025269
0.21444,0.2011,-0.030113
0.20883,0.18315,-0.03522
0.20122,0.18103,-0.014794
0.19377,0.1791,-0.0036188
0.18644,0.17736,-5.9202e-06
0.17924,0.17578,0.0027408
0.1722,0.17434,0.010988
0.16532,0.17299,0.024172
0.15857,0.17175,0.041717
0.15195,0.17063,0.063205
0.14549,0.16957,0.088468
0.13916,0.1686,0.11732
0.12453,0.16794,0.096291
0.11097,0.16733,0.078419
0.098433,0.16674,0.063219
0.086853,0.16619,0.050233
0.076179,0.16568,0.039096
0.066367,0.16519,0.029555
0.057376,0.16472,0.021487
0.049162,0.16428,0.01488
0.041686,0.16386,0.0095661
0.034915,0.16346,0.0054087
0.034981,0.15405,0.0056503
0.034934,0.14504,0.0058198
0.034773,0.13641,0.0058822
0.034506,0.12816,0.0058064
0.034131,0.12028,0.0056494
0.033653,0.11274,0.0053968
0.033072,0.10554,0.0050998
0.03239,0.098673,0.0047925
0.031624,0.092114,0.0044491
0.030767,0.085864,0.0040516
0.04569,0.09857,0.0043421
0.063861,0.11247,0.0046428
0.085432,0.12759,0.0049559
0.11053,0.14398,0.0052741
0.13928,0.16167,0.0056568
0.1718,0.1807,0.0061918
0.2082,0.20109,0.0068558
0.24856,0.22286,0.0076164
0.29301,0.24601,0.0085458
0.34158,0.27057,0.0097141
0.31537,0.25668,0.0051733
0.29036,0.24345,0.0022625
0.26654,0.23084,0.00062043
0.24391,0.21881,1.1754e-05
0.22241,0.20733,-0.00028458
0.20203,0.19637,-0.0013187
0.18276,0.18591,-0.0030098
0.16454,0.17592,-0.0052116
0.1474,0.16637,-0.0078856
0.13127,0.15725,-0.011015
0.1395,0.14426,-0.0098758
0.14795,0.13203,-0.0090956
0.15662,0.12053,-0.0085978
0.16556,0.10969,-0.0083759
0.1747,0.099503,-0.0083061
0.18407,0.089923,-0.008345
0.19369,0.080926,-0.0084982
0.20355,0.072488,-0.008681
0.21362,0.064584,-0.0089618
0.22393,0.057197,-0.0093506
0.22313,0.055743,-0.0028879
0.2224,0.054301,-0.00014014
0.22174,0.052873,0.00084505
0.22112,0.051457,0.0047498
0.2206,0.050061,0.011675
0.22012,0.048681,0.021558
0.21967,0.047318,0.034271
0.21927,0.045972,0.049597
0.21886,0.04464,0.067545
0.21849,0.043329,0.087964
0.22605,0.061716,0.064564
0.23381,0.083468,0.04545
0.24187,0.1087,0.030058
0.25024,0.13754,0.018022
0.25891,0.1701,0.0092288
0.26802,0.20653,0.0034633
0.27746,0.24692,0.00050215
0.2873,0.29138,-0.00017543
0.29755,0.34,-0.0023379
0.30819,0.39283,-0.0069364
0.32789,0.3793,-0.0033611
0.34813,0.36613,-0.0013752
0.36878,0.35323,-0.00037058
0.3899,0.34064,-1.2569e-05
0.41147,0.32834,0.00010666
0.43348,0.31631,0.00050714
0.45593,0.30457,0.0011238
0.47883,0.29309,0.001881
0.50217,0.2819,0.0027322
0.52594,0.27097,0.0036931
0.52693,0.27987,0.027354
0.5279,0.28883,0.067195
0.52885,0.29787,0.11887
0.52988,0.30707,0.17949
0.5308,0.31628,0.24722
0.53172,0.32558,0.32072
0.53262,0.33495,0.39923
0.53348,0.34439,0.48234
0.5343,0.35388,0.56916
0.53515,0.36348,0.65873
0.52455,0.33536,0.64721
0.51437,0.30904,0.6453
0.50451,0.28433,0.64889
0.49495,0.26113,0.65535
0.48574,0.23939,0.66336
0.47679,0.21897,0.67303
0.46807,0.19978,0.683
0.45963,0.1818,0.69255
0.4514,0.16492,0.70196
0.44344,0.14915,0.71147
0.46424,0.13711,0.74201
0.48545,0.12564,0.77528
0.50708,0.11473,0.81047
0.52914,0.10438,0.84686
0.55161,0.094577,0.88431
0.57443,0.085277,0.9226
0.59769,0.076516,0.96115
0.62137,0.068284,0.99998
0.64538,0.060534,1.0392
0.66981,0.053298,1.0783
0.67121,0.043759,0.91146
0.673,0.035477,0.77418
0.6751,0.028304,0.65775
0.67752,0.022142,0.5568
0.68019,0.016887,0.46856
0.68311,0.012464,0.39148
0.68623,0.008802,0.32348
0.68957,0.0058459,0.26377
0.69307,0.0035401,0.21132
0.6968,0.0018465,0.16552
0.70774,0.003225,0.1818
0.71877,0.0049821,0.19548
0.72971,0.0070904,0.20719
0.7406,0.009545,0.21764
0.75151,0.012348,0.22672
0.76229,0.015469,0.2349
0.773,0.018904,0.2424
0.78373,0.022668,0.24957
0.79434,0.026723,0.25637
0.80487,0.031069,0.26253
0.82667,0.039794,0.23947
0.8487,0.049482,0.22192
0.87096,0.060108,0.20798
0.89351,0.071668,0.1964
0.91626,0.084099,0.1867
0.93926,0.097401,0.17822
0.96247,0.11153,0.17089
0.98594,0.12647,0.16453
1.0096,0.14216,0.15899
1.0335,0.15868,0.15428
1.0293,0.16333,0.17833
1.0252,0.16781,0.19739
1.021,0.1721,0.21263
1.017,0.17625,0.22508
1.0129,0.18018,0.23539
1.0089,0.18394,0.24398
1.0049,0.18752,0.25137
1.001,0.19092,0.2582
0.99704,0.19412,0.26424
0.99313,0.19715,0.26925
0.99348,0.16153,0.21017
0.99391,0.13029,0.16883
0.9943,0.10303,0.13797
0.99474,0.079489,0.11391
0.99517,0.059389,0.094564
0.99565,0.042538,0.078792
0.99608,0.028708,0.065612
0.99651,0.017758,0.054445
0.997,0.0095484,0.045063
0.99744,0.0039279,0.037097
0.92742,0.0018911,0.04229
0.86194,0.00064736,0.046092
0.80077,7.3241e-05,0.049038
0.74351,-5.3729e-05,0.051362
0.68994,-0.0004944,0.053336
0.63978,-0.0013134,0.055087
0.59285,-0.0024364,0.056699
0.54882,-0.0038111,0.058464
0.50759,-0.0053772,0.060206
0.46901,-0.0070842,0.062114
0.486,-0.0073147,0.071425
0.50329,-0.0075508,0.08111
0.52092,-0.0077842,0.091236
0.53883,-0.0080242,0.10204
0.55704,-0.0082679,0.11333
0.57555,-0.0085153,0.12489
0.59432,-0.0087685,0.13693
0.61342,-0.0090209,0.14963
0.63276,-0.0092813,0.1628
0.65241,-0.0095427,0.17622
0.64542,-0.0064284,0.18697
0.63863,-0.003996,0.1961
0.632,-0.0021902,0.2038
0.62552,-0.00095517,0.21008
0.61923,-0.00023969,0.21542
0.61306,-3.0157e-07,0.22029
0.60704,0.00019418,0.22451
0.60117,0.00078361,0.22787
0.59544,0.001734,0.23074
0.58981,0.0030114,0.23339
0.57083,0.0017449,0.16474
0.55221,0.00086025,0.11311
0.53385,0.00030432,0.074277
0.51576,3.6867e-05,0.0455
0.498,-2.3145e-05,0.024784
0.48054,-0.00023254,0.010798
0.46336,-0.00063943,0.0027593
0.44653,-0.0012194,9.5621e-06
0.42997,-0.0019552,-0.002011
0.41374,-0.0028276,-0.0083333
0.41057,-0.0054412,-0.0069995
0.40746,-0.0088802,-0.0060701
0.40443,-0.013129,-0.0053844
0.40149,-0.018173,-0.0048333
0.3986,-0.024004,-0.0044162
0.39576,-0.030612,-0.0041101
0.39296,-0.037987,-0.0038714
0.39021,-0.046118,-0.0036647
0.38752,-0.054996,-0.0034827
0.38485,-0.064616,-0.0033563
0.43065,-0.071732,-0.0011015
0.47976,-0.07932,-9.6714e-05
0.53226,-0.087378,0.00014801
0.58817,-0.095906,0.0010668
0.64758,-0.10489,0.0027108
0.7105,-0.11433,0.0050026
0.77697,-0.1242,0.0078413
0.847,-0.13449,0.011115
0.92059,-0.14518,0.014803
0.99774,-0.15626,0.018925
0.94958,-0.16895,0.017132
0.90329,-0.18201,0.017083
0.8587,-0.19543,0.018238
0.81584,-0.20919,0.020223
0.77456,-0.22329,0.023031
0.73482,-0.23773,0.026516
0.69656,-0.25249,0.030727
0.65971,-0.26757,0.035721
0.62424,-0.28296,0.041473
0.59008,-0.29865,0.048112
0.59291,-0.27754,0.018743
0.59596,-0.25802,0.0036255
0.59916,-0.23989,-0.00015368
0.60252,-0.223,-0.0067326
0.606,-0.20724,-0.022291
0.60961,-0.1925,-0.045969
0.61334,-0.17869,-0.077133
0.61715,-0.16571,-0.11553
0.62103,-0.15351,-0.16063
0.62503,-0.14203,-0.21243
0.62187,-0.14595,-0.1605
0.61883,-0.14993,-0.12278
0.61587,-0.15397,-0.094357
0.61304,-0.15808,-0.072396
0.61024,-0.16222,-0.054976
0.60752,-0.16643,-0.041023
0.60486,-0.17068,-0.029879
0.60227,-0.17498,-0.020949
0.59975,-0.17934,-0.013929
0.59727,-0.18373,-0.0086065
0.55473,-0.17686,-0.013428
0.51434,-0.17037,-0.018055
0.47598,-0.16425,-0.022314
0.43959,-0.15845,-0.026177
0.4051,-0.15296,-0.029749
0.37245,-0.14777,-0.033162
0.34154,-0.14283,-0.036377
0.31234,-0.13816,-0.039369
0.28475,-0.1337,-0.042231
0.25877,-0.12947,-0.045137
0.27731,-0.13515,-0.044525
0.29653,-0.14096,-0.043793
0.31644,-0.14689,-0.04308
0.33711,-0.15299,-0.04221
0.35846,-0.1592,-0.041362
0.38044,-0.16543,-0.040654
0.40311,-0.17174,-0.039939
0.42647,-0.17812,-0.039147
0.45054,-0.18456,-0.038261
0.47528,-0.19105,-0.037439
0.49169,-0.21619,-0.050446
0.50856,-0.24285,-0.065279
0.52585,-0.27097,-0.081822
0.54357,-0.30055,-0.099857
0.56169,-0.33157,-0.11949
0.58023,-0.36402,-0.1409
0.59915,-0.39785,-0.16386
0.61845,-0.43307,-0.18816
0.63811,-0.46965,-0.2139
0.65812,-0.50758,-0.24086
0.68697,-0.45491,-0.19627
0.71601,-0.40622,-0.15765
0.74525,-0.36124,-0.12395
0.77473,-0.31973,-0.094633
0.8044,-0.28141,-0.069713
0.83431,-0.24611,-0.048784
0.86445,-0.21366,-0.0317
0.89485,-0.18391,-0.018417
0.92551,-0.15673,-0.0087585
0.95644,-0.132,-0.0026392
0.95493,-0.13607,-0.0071866
0.95327,-0.14019,-0.013591
0.95147,-0.14438,-0.021609
0.94952,-0.14863,-0.031125
0.94745,-0.15295,-0.042168
0.94523,-0.15732,-0.0546
0.94287,-0.16174,-0.068391
0.94039,-0.16623,-0.083497
0.93779,-0.17078,-0.099885
0.93507,-0.17538,-0.11771
0.90144,-0.15243,-0.075373
0.86994,-0.13177,-0.045423
0.84035,-0.1132,-0.024553
0.81249,-0.096528,-0.010752
0.78621,-0.08159,-0.0028339
0.76137,-0.068251,-2.4816e-05
0.73784,-0.056386,0.0017397
0.71553,-0.04589,0.0076493
0.69431,-0.036668,0.017448
0.6741,-0.028637,0.030836
0.6759,-0.03361,0.038739
0.67762,-0.038917,0.047143
0.67927,-0.044546,0.055929
0.68084,-0.050488,0.064924
0.68234,-0.056729,0.074197
0.68378,-0.063258,0.08357
0.68515,-0.070068,0.093156
0.68645,-0.077145,0.10297
0.68768,-0.084481,0.11293
0.68884,-0.092068,0.12325
0.67966,-0.088685,0.15265
0.67072,-0.08531,0.17762
0.66203,-0.08194,0.19862
0.65367,-0.07855,0.21597
0.64553,-0.075187,0.23025
0.63764,-0.071851,0.24207
0.63001,-0.068534,0.25156
0.6226,-0.065259,0.25854
0.61544,-0.062013,0.26355
0.6085,-0.058817,0.26684
0.61548,-0.061662,0.24851
0.62233,-0.064593,0.24015
0.62911,-0.067587,0.23893
0.63579,-0.070666,0.24313
0.64238,-0.073817,0.25133
0.64892,-0.077025,0.26251
0.65538,-0.080306,0.27624
0.66175,-0.083658,0.292
0.66803,-0.087093,0.30992
0.67426,-0.090578,0.32983
0.62931,-0.099037,0.30037
0.58678,-0.10765,0.27063
0.54653,-0.11642,0.24137
0.50848,-0.1253,0.21345
0.47245,-0.13434,0.18678
0.43838,-0.14348,0.16175
0.40614,-0.15274,0.13841
0.37566,-0.16209,0.11662
0.34681,-0.17156,0.096728
0.31954,-0.18113,0.078698
0.34978,-0.17998,0.051188
0.38145,-0.17877,0.031176
0.41452,-0.17759,0.017084
0.44906,-0.17635,0.0076842
0.48506,-0.17507,0.0022119
0.52253,-0.17379,7.5704e-05
0.5615,-0.17244,-0.00077975
0.60196,-0.17107,-0.0040009
0.64391,-0.16966,-0.009473
0.68737,-0.1682,-0.016908
0.68994,-0.15451,-0.0026311
0.69242,-0.14161,0.00023882
0.6948,-0.12946,0.0054644
0.69712,-0.118,0.016067
0.69936,-0.10721,0.030696
0.70151,-0.097066,0.048577
0.7036,-0.087531,0.069175
0.70562,-0.078584,0.092022
0.70758,-0.070198,0.11697
0.70946,-0.062371,0.14389
0.70017,-0.059731,0.15097
0.69124,-0.057158,0.15809
0.68269,-0.054621,0.16531
0.67442,-0.052182,0.17235
0.6665,-0.049779,0.17936
0.65887,-0.047447,0.18584
0.65151,-0.045189,0.19205
0.64445,-0.042975,0.19786
0.63767,-0.040812,0.20322
0.63115,-0.038708,0.20842
0.6242,-0.040393,0.15577
0.61729,-0.042091,0.11591
0.61038,-0.043833,0.08523
0.60349,-0.045609,0.061454
0.59662,-0.047411,0.042887
0.58978,-0.049242,0.028437
0.58297,-0.051092,0.017466
0.57616,-0.052993,0.0095415
0.56938,-0.054926,0.0041695
0.56267,-0.056839,0.0010875
0.56938,-0.050234,0.010824
0.5762,-0.044034,0.028549
0.58311,-0.038241,0.052539
0.59006,-0.032876,0.081512
0.59708,-0.027919,0.1149
0.60414,-0.023374,0.15221
0.61132,-0.019202,0.19292
0.61848,-0.015472,0.2374
0.62573,-0.012129,0.28505
0.63302,-0.0091912,0.33565
0.6117,-0.0071787,0.25198
0.59111,-0.0055227,0.19107
0.5712,-0.0041678,0.1452
0.55195,-0.0030608,0.1097
0.53326,-0.0021787,0.081997
0.51511,-0.0014871,0.060298
0.49752,-0.00095313,0.043198
0.48049,-0.00055265,0.029729
0.4639,-0.00027693,0.019377
0.44777,-0.00010307,0.011629
0.40295,-0.00072005,0.012877
0.36163,-0.0018578,0.013476
0.32359,-0.0034778,0.013589
0.2886,-0.0055499,0.01342
0.25648,-0.0080346,0.01296
0.22702,-0.010911,0.012331
0.20005,-0.01415,0.011599
0.17539,-0.017741,0.010851
0.1529,-0.021661,0.010073
0.13243,-0.025879,0.0093318
0.13326,-0.023744,0.0044549
0.13409,-0.021727,0.0014109
0.13495,-0.019816,8.5476e-05
0.1358,-0.018021,-0.00033495
0.13667,-0.016324,-0.0020399
0.13756,-0.014713,-0.0050897
0.13845,-0.0132,-0.009388
0.13934,-0.011778,-0.014909
0.14023,-0.010448,-0.021548
0.14115,-0.0091942,-0.029242
0.14489,-0.0072108,-0.021048
0.14865,-0.0054721,-0.01447
0.15244,-0.0039743,-0.009277
0.15626,-0.0027169,-0.0052967
0.16013,-0.0016971,-0.0024842
0.16404,-0.00091656,-0.00073627
0.16798,-0.00037527,-2.4653e-05
0.17199,-7.1033e-05,0.00029218
0.17605,6.2926e-06,0.0015013
0.18015,0.00018058,0.003583
0.1856,0.0021747,0.001031
0.19115,0.0063812,3.067e-05
0.19681,0.012826,-0.00040189
0.20258,0.021552,-0.0020037
0.20848,0.032614,-0.0047262
0.21454,0.0461,-0.0084987
0.22073,0.062054,-0.013232
0.2271,0.080583,-0.018903
0.2336,0.10173,-0.025367
0.24029,0.1256,-0.032456
0.24152,0.13232,-0.023268
0.24275,0.13916,-0.016724
0.24396,0.14612,-0.01201
0.24516,0.1532,-0.0086349
0.24632,0.16038,-0.0061652
0.24749,0.16769,-0.0043577
0.24862,0.1751,-0.0030381
0.24975,0.18262,-0.002059
0.25087,0.19026,-0.001353
0.25197,0.19799,-0.00087657
0.24381,0.17442,-0.0029189
0.23546,0.15305,-0.0052539
0.22699,0.13371,-0.0075038
0.21838,0.11623,-0.0095462
0.20969,0.10045,-0.011275
0.20095,0.086267,-0.012609
0.19215,0.073533,-0.013613
0.18333,0.062145,-0.014383
0.1745,0.052005,-0.014883
0.1657,0.043022,-0.015062
0.19447,0.049697,-0.02338
0.22581,0.057097,-0.033563
0.25978,0.065254,-0.045476
0.2964,0.074194,-0.059119
0.33575,0.083942,-0.074443
0.37782,0.094514,-0.09121
0.42261,0.10592,-0.10948
0.4702,0.11818,-0.12909
0.52058,0.13129,-0.15001
0.57379,0.14527,-0.17232
0.59048,0.12562,-0.16281
0.6072,0.10776,-0.15633
0.62398,0.091564,-0.15171
0.64084,0.076946,-0.1483
0.65778,0.063816,-0.14582
0.67483,0.052097,-0.14419
0.69193,0.04172,-0.14305
0.70914,0.032622,-0.14201
0.72642,0.024747,-0.14131
0.74381,0.018045,-0.14099
0.74634,0.018065,-0.1034
0.74873,0.01805,-0.073959
0.75105,0.018003,-0.050919
0.7533,0.017927,-0.032992
0.75546,0.017823,-0.019504
0.75761,0.017693,-0.0097981
0.7597,0.01754,-0.0035497
0.76171,0.017365,-0.00046397
0.76364,0.017169,0.00023941
0.76551,0.016954,0.0026783
0.7597,0.018273,0.00016797
0.75383,0.019635,-0.0003713
0.74798,0.021036,-0.002155
0.74214,0.022477,-0.0049458
0.73628,0.023958,-0.0083503
0.73045,0.025477,-0.012174
0.72464,0.027034,-0.016278
0.71878,0.02863,-0.020503
0.71299,0.030261,-0.02485
0.70718,0.031929,-0.029383
0.6875,0.03564,-0.030438
0.66842,0.039526,-0.032597
0.64995,0.043582,-0.035735
0.63208,0.047804,-0.039762
0.61473,0.052192,-0.044527
0.5979,0.056743,-0.049911
0.5816,0.061453,-0.055915
0.56579,0.066319,-0.062669
0.55041,0.071345,-0.07005
0.53543,0.076528,-0.078065
0.53643,0.089107,-0.039074
0.53741,0.10256,-0.014551
0.53834,0.1169,-0.0022298
0.53929,0.1321,0.00054388
0.54024,0.14818,0.008409
0.54119,0.16514,0.024929
0.54208,0.18297,0.049491
0.543,0.20168,0.08174
0.54386,0.22127,0.12119
0.54474,0.24173,0.16773
0.5768,0.24039,0.14549
0.6097,0.23905,0.12675
0.64339,0.23769,0.11026
0.67794,0.23633,0.095708
0.71333,0.23495,0.082609
0.74952,0.23356,0.070644
0.78651,0.23217,0.059729
0.82429,0.23077,0.049599
0.86282,0.22936,0.040425
0.90214,0.22794,0.032247
0.86192,0.25908,0.019007
0.82309,0.29154,0.011144
0.78559,0.32527,0.0063417
0.7493,0.36024,0.0033596
0.71425,0.39637,0.001572
0.68033,0.43364,0.00057644
0.64748,0.47201,0.00010623
0.61572,0.51144,-3.4166e-06
0.58495,0.5519,-0.00015934
0.55518,0.59335,-0.00048218
0.55847,0.53368,-0.00013307
0.56155,0.47911,-5.527e-05
0.56448,0.42916,-5.1146e-05
0.56726,0.38341,-8.4456e-05
0.56994,0.34149,-0.00016239
0.57244,0.3031,-0.00031582
0.57484,0.26796,-0.00055707
0.57709,0.2358,-0.00091777
0.57924,0.20642,-0.001403
0.58124,0.17962,-0.0019962
0.56994,0.16999,-0.023731
0.55898,0.16059,-0.06347
0.54833,0.15141,-0.11674
0.53797,0.14246,-0.18089
0.52787,0.13376,-0.25417
0.51802,0.12531,-0.33567
0.50837,0.11712,-0.42447
0.4989,0.10918,-0.51939
0.48959,0.1015,-0.6203
0.48045,0.094083,-0.72718
0.50631,0.10744,-0.66044
0.53273,0.12165,-0.60905
0.55973,0.13673,-0.5679
0.58736,0.15267,-0.53358
0.61558,0.16946,-0.50425
0.64445,0.18712,-0.47886
0.6739,0.20563,-0.45603
0.70399,0.22499,-0.43539
0.73473,0.24521,-0.41648
0.766,0.26627,-0.39821
0.7441,0.24414,-0.42529
0.72307,0.22289,-0.44012
0.70293,0.20253,-0.44653
0.68367,0.18309,-0.44722
0.66519,0.16455,-0.44356
0.64745,0.14694,-0.43637
0.63048,0.13029,-0.42676
0.61426,0.1146,-0.41557
0.59866,0.099864,-0.40291
0.5837,0.086107,-0.3887
0.58695,0.094275,-0.33567
0.59001,0.10284,-0.29828
0.59302,0.11185,-0.27132
0.59584,0.12125,-0.25096
0.59855,0.13106,-0.23557
0.60117,0.1413,-0.22408
0.60364,0.15192,-0.21525
0.60606,0.16299,-0.20841
0.60838,0.17449,-0.20316
0.61058,0.18639,-0.19956
0.63844,0.20515,-0.18145
0.66691,0.22473,-0.1602
0.69597,0.24512,-0.13742
0.72564,0.26632,-0.11436
0.75589,0.28829,-0.092139
0.7867,0.31101,-0.071583
0.81808,0.33446,-0.053089
0.85003,0.35865,-0.036945
0.88252,0.38351,-0.0235
0.91557,0.40908,-0.01299
0.93755,0.39311,-0.0099573
0.9594,0.37775,-0.0085503
0.98115,0.36299,-0.0081007
1.0028,0.34876,-0.008293
1.0243,0.33512,-0.0089696
1.0457,0.32197,-0.00997
1.0671,0.30931,-0.011342
1.0882,0.2971,-0.013054
1.1094,0.28542,-0.015083
1.1303,0.2741,-0.017604
1.1165,0.30073,-0.02144
1.1032,0.32809,-0.023616
1.0907,0.3563,-0.024508
1.0787,0.38506,-0.024719
1.0673,0.41447,-0.024369
1.0564,0.4445,-0.0237
1.046,0.4751,-0.022765
1.0361,0.5062,-0.021546
1.0268,0.53792,-0.020175
1.0178,0.57007,-0.018722
0.23318,0.10291,-0.023906
0.2267,0.094447,-0.014143
0.22041,0.086551,-0.007531
0.21429,0.079165,-0.0032634
0.20833,0.072256,-0.00089207
0.20254,0.065811,-1.9565e-05
0.19691,0.059805,0.00037875
0.1914,0.054172,0.0017236
0.18604,0.048925,0.0038812
0.1808,0.044017,0.0066743
0.17449,0.041073,0.0040487
0.16841,0.038266,0.0023632
0.16256,0.035632,0.0012907
0.15692,0.03313,0.00062099
0.15151,0.030801,0.00023598
0.14627,0.028569,5.3825e-05
0.14123,0.026463,1.7565e-07
0.13636,0.024461,-3.5194e-05
0.13167,0.022598,-0.0001399
0.12715,0.020817,-0.00028484
0.1169,0.022522,-0.0010875
0.10728,0.024256,-0.0023221
0.098255,0.026028,-0.0039483
0.089788,0.027834,-0.005915
0.081848,0.029676,-0.0081996
0.0744,0.031545,-0.010774
0.067416,0.033436,-0.013615
0.060877,0.035379,-0.016768
0.054751,0.037339,-0.020154
0.049023,0.03934,-0.023664
0.049342,0.044542,-0.029047
0.049677,0.050131,-0.034776
0.050031,0.056156,-0.040798
0.0504,0.062593,-0.047261
0.050786,0.069457,-0.053979
0.05119,0.076797,-0.061016
0.05161,0.084586,-0.068234
0.052046,0.092828,-0.07541
0.052498,0.10154,-0.082693
0.052968,0.11076,-0.08988
0.057089,0.11601,-0.090292
0.061394,0.12141,-0.091076
0.065883,0.12693,-0.092153
0.070559,0.1326,-0.093722
0.075424,0.13838,-0.095506
0.080479,0.14429,-0.09758
0.085726,0.15033,-0.099885
0.091166,0.15651,-0.10223
0.096798,0.16279,-0.1047
0.10262,0.16917,-0.1073
0.10241,0.18344,-0.08653
0.10219,0.19823,-0.069152
0.10198,0.2137,-0.054453
0.10177,0.22959,-0.042074
0.10155,0.24606,-0.031732
0.10133,0.26301,-0.023204
0.10111,0.28057,-0.016188
0.10088,0.29862,-0.010677
0.10066,0.31723,-0.0064202
0.10043,0.33632,-0.0033371
0.089256,0.30589,-0.0032189
0.079046,0.27802,-0.0030337
0.069733,0.25255,-0.0028272
0.061252,0.22922,-0.0026154
0.053546,0.20789,-0.0024017
0.046559,0.18833,-0.0021831
0.040244,0.17042,-0.0019789
0.034552,0.15402,-0.0018125
0.02944,0.13899,-0.0016616
0.024869,0.12525,-0.0015466
0.022265,0.12844,1.5714e-05
0.019814,0.13162,0.0020221
0.017511,0.13484,0.0070263
0.01535,0.13805,0.014563
0.013328,0.14127,0.024291
0.011446,0.14461,0.035808
0.0097,0.14792,0.049104
0.0080918,0.15128,0.064047
0.0066222,0.15467,0.080346
0.0052925,0.15807,0.097697
0.0057859,0.17945,0.075058
0.0063116,0.20238,0.056823
0.0068728,0.2269,0.042153
0.0074716,0.25305,0.030497
0.0081111,0.28092,0.02138
0.0087924,0.31049,0.014264
0.009518,0.34182,0.00893
0.01029,0.37493,0.0050949
0.011108,0.4098,0.0024738
0.011975,0.44644,0.00087487
0.010909,0.42809,0.006961
0.0099158,0.4106,0.016972
0.008989,0.39383,0.029375
0.008125,0.37778,0.043219
0.0073202,0.36236,0.058026
0.0065715,0.34757,0.073288
0.0058759,0.33335,0.088966
0.0052308,0.3197,0.10493
0.0046336,0.30655,0.1211
0.004082,0.29389,0.13724
0.0045559,0.27139,0.15204
0.0050323,0.25036,0.16762
0.0055086,0.23067,0.18379
0.0059838,0.21224,0.20058
0.0064568,0.19497,0.21787
0.0069265,0.17878,0.23514
0.0073922,0.16361,0.25277
0.0078531,0.14938,0.27099
0.0083103,0.13605,0.28962
0.0087625,0.12355,0.30819
0.006607,0.12974,0.26528
0.0047814,0.13599,0.22939
0.0032687,0.14232,0.19874
0.002054,0.14874,0.17204
0.0011269,0.15523,0.14884
0.00047985,0.16183,0.12857
0.00010603,0.16852,0.11077
-1.6167e-06,0.17531,0.095237
-0.00016418,0.1822,0.081476
-0.00059226,0.1892,0.069225
-0.00037719,0.19387,0.057758
-0.00021116,0.19857,0.047827
-9.3574e-05,0.20328,0.039138
-2.3346e-05,0.20801,0.031496
-2.2102e-10,0.21276,0.02488
2.2948e-05,0.21753,0.019269
9.1932e-05,0.22233,0.014523
0.00020648,0.22714,0.010564
0.0003665,0.23198,0.0073155
0.00057129,0.23684,0.0046756
0.00056352,0.22389,0.0075613
0.00055845,0.21159,0.01067
0.00055611,0.19989,0.013965
0.00055674,0.18878,0.01748
0.00055968,0.1782,0.021075
0.00056594,0.16814,0.024769
0.00057478,0.15857,0.028516
0.00058594,0.14946,0.032341
0.00060036,0.14078,0.036193
0.00061677,0.13252,0.040071
0.0010384,0.13529,0.029171
0.001566,0.13805,0.020371
0.002199,0.14083,0.013372
0.0029371,0.14361,0.0079306
0.0037816,0.1464,0.0039933
0.00473,0.1492,0.0014623
0.0057886,0.15201,0.00019722
0.0069537,0.15485,-9.9259e-05
0.008229,0.1577,-0.0011215
0.0096128,0.16057,-0.0031834
0.007965,0.15276,-0.0032201
0.0065072,0.14533,-0.0033281
0.0052173,0.13828,-0.0034707
0.0040903,0.13157,-0.0036097
0.0031178,0.12519,-0.0037749
0.002292,0.11912,-0.0040024
0.0016044,0.11334,-0.0042513
0.0010479,0.10783,-0.0045274
0.00061648,0.10259,-0.0048262
0.00030376,0.097581,-0.0051086
4.4583e-06,0.10051,-0.0062426
-0.00017544,0.10348,-0.0074685
-0.00082154,0.1065,-0.0087521
-0.0019507,0.10958,-0.01002
-0.0035697,0.11271,-0.011311
-0.0056893,0.1159,-0.012641
-0.0083166,0.11916,-0.014
-0.011467,0.12248,-0.015291
-0.015147,0.12586,-0.016578
-0.019372,0.12932,-0.017913
-0.016913,0.12605,-0.015836
-0.014654,0.12293,-0.014122
-0.012587,0.11995,-0.012781
-0.010698,0.1171,-0.011785
-0.0089895,0.11437,-0.011001
-0.0074483,0.11175,-0.010357
-0.006066,0.10924,-0.0099056
-0.0048394,0.10684,-0.0096014
-0.0037637,0.10452,-0.009388
-0.0028324,0.10229,-0.0092816
-0.0030199,0.096216,-0.008676
-0.00321,0.090436,-0.0079959
-0.0034006,0.084944,-0.0073075
-0.0035931,0.079722,-0.0066309
-0.0037857,0.074762,-0.0059652
-0.0039776,0.070054,-0.0052846
-0.0041703,0.065581,-0.0046239
-0.0043631,0.061334,-0.0040105
-0.0045547,0.057307,-0.0034303
-0.0047463,0.053484,-0.0028571
-0.0050895,0.048496,-0.0014729
-0.0054465,0.043853,-0.00059118
-0.0058177,0.039534,-0.00011875
-0.0061995,0.035528,4.2945e-06
-0.0065955,0.031808,0.00021103
-0.0070018,0.028366,0.00068425
-0.0074244,0.025173,0.0014044
-0.0078585,0.022224,0.00232
-0.0083048,0.019504,0.0034185
-0.0087636,0.017001,0.0047138
-0.0084297,0.014343,0.0039655
-0.0081094,0.011998,0.0032631
-0.0078005,0.0099414,0.0026267
-0.0075037,0.0081453,0.0020798
-0.0072151,0.0065927,0.0015913
-0.0069384,0.005252,0.0011955
-0.0066704,0.0041083,0.00085673
-0.0064121,0.0031399,0.00056648
-0.006162,0.0023317,0.0003356
-0.0059198,0.0016672,0.00016895
-0.0061783,0.0021283,7.3938e-05
-0.0064379,0.0026496,1.4897e-05
-0.0066987,0.0032312,-9.1712e-07
-0.0069611,0.0038722,-3.1431e-05
-0.0072236,0.0045765,-0.00010585
-0.0074861,0.0053443,-0.00022047
-0.0077497,0.0061727,-0.00038315
-0.0080103,0.0070752,-0.00058602
-0.0082717,0.0080393,-0.00084377
-0.0085329,0.0090674,-0.0011471
-0.008243,0.0068551,-0.00057358
-0.007962,0.0049976,-0.00022639
-0.0076871,0.0034756,-4.4903e-05
-0.0074207,0.0022538,8.5905e-07
-0.0071582,0.0013216,6.1423e-05
-0.0069031,0.00064731,0.00021524
-0.0066539,0.00021688,0.00044945
-0.00641,1.7398e-05,0.00074711
-0.0061711,-3.9405e-05,0.0011052
-0.0059376,-0.00027927,0.0015445
-0.0064084,-0.00016235,0.0015139
-0.0069036,-7.6658e-05,0.0014718
-0.0074245,-2.2464e-05,0.0014337
-0.0079723,-4.58e-07,0.0014069
-0.0085481,1.2224e-05,0.00137
-0.0091536,6.0006e-05,0.0013226
-0.0097904,0.00014468,0.0012825
-0.01046,0.00026787,0.0012598
-0.011164,0.00043208,0.0012366
-0.011904,0.00064081,0.0012321
-0.012694,0.00049837,0.00025094
-0.013513,0.00037339,-1.1589e-05
-0.014365,0.00026485,-0.00051058
-0.015251,0.00017446,-0.0017259
-0.016175,0.00010054,-0.0036712
-0.017141,4.5823e-05,-0.006379
-0.01815,1.1666e-05,-0.0098419
-0.019205,-2.7416e-09,-0.014029
-0.02031,-1.3329e-05,-0.018986
-0.021465,-5.3061e-05,-0.024581
-0.02418,-0.00021838,-0.021136
-0.027089,-0.00050042,-0.018066
-0.030205,-0.00090058,-0.01524
-0.03354,-0.001425,-0.012753
-0.037104,-0.0020813,-0.01049
-0.040912,-0.0028644,-0.0084217
-0.044973,-0.0037895,-0.0065828
-0.049298,-0.0048606,-0.0050175
-0.053898,-0.0060876,-0.0036666
-0.058788,-0.0074596,-0.0025225
-0.053482,-0.0086656,-0.0015455
-0.04851,-0.00994,-0.00087061
-0.043852,-0.011285,-0.00041769
-0.039492,-0.012699,-0.00013725
-0.035418,-0.014165,-1.2228e-05
-0.031612,-0.015696,1.9651e-05
-0.028062,-0.017286,0.00014229
-0.024758,-0.018932,0.00035649
-0.021687,-0.020647,0.00064722
-0.018841,-0.022426,0.0010081
-0.015274,-0.018839,0.0043172
-0.012211,-0.015705,0.0095556
-0.0095858,-0.012977,0.016464
-0.0073444,-0.010579,0.024804
-0.0054414,-0.0084771,0.034504
-0.0038424,-0.0066327,0.045642
-0.0025241,-0.0050223,0.058117
-0.0014757,-0.0036266,0.072094
-0.0006972,-0.0024406,0.087548
-0.00019931,-0.0014727,0.1045
-0.00019013,-0.0010184,0.083622
-0.00018121,-0.00066876,0.066526
-0.00017265,-0.00040578,0.052633
-0.00016425,-0.00021902,0.041146
-0.00015609,-9.5524e-05,0.03182
-0.00014814,-2.5505e-05,0.024211
-0.00014019,-4.6553e-07,0.01813
-0.00013261,1.2044e-05,0.013325
-0.00012485,5.2583e-05,0.0095591
-0.00011746,0.0001179,0.0066751
-6.7185e-05,0.00012604,0.0052961
-3.2223e-05,0.00013445,0.0040833
-1.0809e-05,0.00014458,0.0030639
-1.0536e-06,0.00015651,0.0022463
1.2717e-06,0.00016826,0.0015728
1.0042e-05,0.00018199,0.0010256
2.6022e-05,0.00019911,0.00059561
4.8424e-05,0.00021666,0.00028511
7.6811e-05,0.00023561,8.9342e-05
0.00011149,0.00025509,5.2054e-06
7.1589e-05,0.00015485,3.7957e-05
3.9844e-05,8.5158e-05,8.8981e-05
1.7043e-05,3.8873e-05,0.0001525
3.6759e-06,1.1672e-05,0.00023053
-9.3302e-08,4.5649e-07,0.00032005
-6.4208e-06,-4.1303e-06,0.00041766
-2.229e-05,-2.4923e-05,0.00054388
-4.7324e-05,-6.6202e-05,0.00071363
-8.0801e-05,-0.00013403,0.00093116
-0.00012219,-0.00023368,0.0011867
-0.00019103,-0.00010652,0.0021993
-0.00028634,-2.5138e-05,0.0036086
-0.00041875,4.3297e-07,0.0055182
-0.00060134,4.5996e-05,0.0080083
-0.00084906,0.00018063,0.011189
-0.001178,0.00042384,0.01526
-0.0016068,0.00079742,0.02027
-0.0021565,0.0013307,0.026389
-0.0028478,0.0020416,0.033624
-0.0037054,0.0029687,0.042011
-0.0043289,0.0034609,0.038476
-0.0050005,0.0039903,0.035217
-0.005722,0.0045613,0.032173
-0.0064945,0.0051732,0.029187
-0.0073189,0.0058226,0.026373
-0.0081974,0.0065153,0.023801
-0.0091322,0.0072534,0.021368
-0.010125,0.0080378,0.019005
-0.011178,0.0088686,0.016796
-0.012295,0.0097571,0.014784
-0.012384,0.010386,0.021832
-0.01248,0.011032,0.030216
-0.012583,0.011706,0.039954
-0.012695,0.012411,0.051119
-0.012816,0.01315,0.063654
-0.012946,0.013919,0.077297
-0.013084,0.014718,0.092195
-0.013231,0.01555,0.10825
-0.013386,0.016417,0.12545
-0.01355,0.017312,0.14389
-0.013306,0.015492,0.095918
-0.013094,0.01384,0.061288
-0.012908,0.01235,0.036553
-0.012745,0.010998,0.019533
-0.0126,0.0097702,0.0085097
-0.01247,0.0086575,0.002279
-0.01235,0.0076285,3.229e-05
-0.012236,0.0066826,-0.0011852
-0.012125,0.0058046,-0.0053919
-0.012015,0.0049874,-0.012578
-0.011773,0.004111,-0.015241
-0.011537,0.0033296,-0.018101
-0.011306,0.0026345,-0.021145
-0.011078,0.0020217,-0.024519
-0.010853,0.0014885,-0.028106
-0.010628,0.0010367,-0.032008
-0.010403,0.00066401,-0.036102
-0.010175,0.00037327,-0.040416
-0.0099433,0.00016456,-0.044941
-0.0097092,3.9158e-05,-0.049547
-0.010004,-7.4687e-06,-0.052526
-0.010303,-0.00013867,-0.055709
-0.010605,-0.00043525,-0.059049
-0.01091,-0.00090165,-0.062336
-0.011219,-0.0015422,-0.065754
-0.011531,-0.0023617,-0.069419
-0.011847,-0.0033649,-0.0732
-0.012164,-0.0045557,-0.076945
-0.012487,-0.0059425,-0.080826
-0.012809,-0.0075244,-0.084934
-0.014474,-0.0095224,-0.095177
-0.016308,-0.01183,-0.10578
-0.018317,-0.014466,-0.11686
-0.020514,-0.01745,-0.12857
-0.022909,-0.020802,-0.14073
-0.025507,-0.024536,-0.15353
-0.028324,-0.028676,-0.16665
-0.031365,-0.033233,-0.17995
-0.034638,-0.038223,-0.19351
-0.038147,-0.043655,-0.20746
-0.039566,-0.045645,-0.21371
-0.041023,-0.047686,-0.21979
-0.042519,-0.049779,-0.22597
-0.044039,-0.051911,-0.23244
-0.045603,-0.054099,-0.23895
-0.047199,-0.056333,-0.24529
-0.04883,-0.058615,-0.25161
-0.050495,-0.060945,-0.2582
-0.052197,-0.063323,-0.2648
-0.053934,-0.065749,-0.27099
-0.050011,-0.071409,-0.29331
-0.046209,-0.077318,-0.31612
-0.042535,-0.083479,-0.33911
-0.038982,-0.089889,-0.36199
-0.03556,-0.096551,-0.385
-0.032276,-0.10346,-0.40845
-0.029134,-0.11063,-0.43195
-0.026123,-0.11805,-0.45593
-0.023262,-0.12571,-0.47993
-0.020552,-0.13363,-0.50369
-0.019063,-0.13061,-0.4517
-0.017672,-0.12787,-0.4088
-0.016356,-0.12535,-0.37292
-0.015127,-0.12304,-0.34197
-0.01397,-0.12091,-0.31516
-0.012884,-0.11895,-0.29151
-0.011861,-0.11714,-0.27055
-0.010901,-0.11546,-0.25182
-0.0099951,-0.11391,-0.23494
-0.0091403,-0.11248,-0.21963
-0.0075343,-0.11998,-0.1772
-0.0061073,-0.12762,-0.14174
-0.004844,-0.13542,-0.11181
-0.0037364,-0.14339,-0.08646
-0.0027788,-0.15154,-0.065247
-0.0019656,-0.15987,-0.047696
-0.0012922,-0.16839,-0.033326
-0.00076162,-0.17712,-0.021915
-0.00036977,-0.18606,-0.013101
-0.00011557,-0.19523,-0.0068164
0.00013271,-0.19162,-0.0083417
0.0011287,-0.18811,-0.0096506
0.003081,-0.18467,-0.010757
0.0059705,-0.18129,-0.011625
0.0097921,-0.17799,-0.012332
0.014532,-0.17475,-0.012885
0.020188,-0.17155,-0.013274
0.026765,-0.1684,-0.013402
0.034261,-0.16529,-0.013424
0.042682,-0.16222,-0.013355
0.04524,-0.14492,-0.030788
0.04783,-0.12897,-0.053342
0.050477,-0.11424,-0.080073
0.053177,-0.10061,-0.11024
0.055938,-0.087999,-0.1433
0.058753,-0.076332,-0.17861
0.061637,-0.065561,-0.21605
0.06459,-0.055647,-0.25555
0.067611,-0.04656,-0.29673
0.070708,-0.038283,-0.33915
0.065363,-0.035193,-0.30691
0.060391,-0.032328,-0.2807
0.055746,-0.029666,-0.25886
0.051407,-0.02719,-0.24011
0.047349,-0.024887,-0.22404
0.043559,-0.022743,-0.2099
0.040016,-0.020747,-0.19749
0.036706,-0.018889,-0.18664
0.033605,-0.017161,-0.17705
0.030715,-0.015552,-0.16872
0.028014,-0.012451,-0.1696
0.025482,-0.0097383,-0.17039
0.023114,-0.0073936,-0.1712
0.020894,-0.0054008,-0.1722
0.018817,-0.003742,-0.17323
0.016876,-0.0024027,-0.17401
0.015072,-0.0013685,-0.17451
0.013378,-0.00063186,-0.17528
0.011802,-0.00017965,-0.17607
0.010339,-3.1338e-06,-0.17701
0.008972,-5.6269e-05,-0.16108
0.0077315,-0.00017086,-0.14662
0.0066124,-0.00034138,-0.1336
0.0056062,-0.0005629,-0.12189
0.0047042,-0.00083134,-0.11129
0.0038996,-0.0011429,-0.10154
0.0031876,-0.0014932,-0.092583
0.0025602,-0.0018803,-0.084523
0.0020125,-0.0023013,-0.077142
0.0015393,-0.0027545,-0.07053
0.0017984,-0.001706,-0.076016
0.0020774,-0.00090515,-0.081645
0.0023787,-0.00035268,-0.087408
0.0027013,-5.4632e-05,-0.093123
0.0030499,1.7256e-05,-0.099072
0.0034205,0.00024978,-0.10504
0.0038166,0.00076229,-0.1111
0.0042378,0.001565,-0.11706
0.0046866,0.0026717,-0.12305
0.0051621,0.0040921,-0.12886
0.0051444,0.0044016,-0.14071
0.0051296,0.0047266,-0.1529
0.0051203,0.005075,-0.16516
0.0051133,0.0054383,-0.17788
0.0051102,0.0058219,-0.19076
0.0051112,0.0062281,-0.20405
0.0051147,0.0066501,-0.21747
0.005121,0.0070902,-0.23075
0.0051318,0.0075563,-0.24402
0.0051443,0.0080369,-0.25761
0.0046763,0.0079475,-0.25354
0.0042346,0.0078646,-0.25013
0.0038185,0.0077884,-0.24719
0.0034266,0.0077169,-0.2444
0.0030577,0.0076446,-0.24185
0.0027125,0.0075791,-0.23966
0.002391,0.0075248,-0.2379
0.0020912,0.0074726,-0.23605
0.0018128,0.0074232,-0.23431
0.0015552,0.0073723,-0.23259
0.0021163,0.0081953,-0.23403
0.0027655,0.0090632,-0.23563
0.003504,0.0099757,-0.23706
0.0043326,0.01093,-0.23806
0.0052519,0.011923,-0.23894
0.0062636,0.012978,-0.23991
0.0073683,0.014064,-0.24073
0.0085675,0.0152,-0.24135
0.0098622,0.016386,-0.24181
0.011253,0.017621,-0.24175
0.014903,0.015204,-0.22632
0.019018,0.013019,-0.21208
0.023593,0.011019,-0.19937
0.028629,0.0092097,-0.18783
0.034131,0.0075764,-0.17723
0.04011,0.0061,-0.1676
0.046573,0.0047938,-0.15863
0.053538,0.0036399,-0.1504
0.061019,0.002643,-0.14266
0.069036,0.001801,-0.13516
0.072517,0.0014451,-0.15586
0.076142,0.0011251,-0.1773
0.079909,0.00084363,-0.19917
0.083824,0.00060006,-0.22109
0.087882,0.00039713,-0.24314
0.092084,0.00023507,-0.26543
0.096433,0.00011452,-0.28764
0.10092,3.6868e-05,-0.30937
0.10556,2e-06,-0.33086
0.11034,-1.0695e-05,-0.35239
0.11181,0.00013044,-0.34073
0.11327,0.00067576,-0.33037
0.11474,0.0016299,-0.32127
0.1162,0.0029815,-0.31368
0.11767,0.0047243,-0.307
0.11914,0.006842,-0.30107
0.12062,0.0093273,-0.29567
0.12209,0.012191,-0.29108
0.12358,0.015406,-0.28675
0.12506,0.018993,-0.28277
0.12873,0.02368,-0.24193
0.13245,0.028823,-0.20663
0.1362,0.034426,-0.17611
0.14,0.040498,-0.14931
0.14385,0.047025,-0.12587
0.14774,0.05402,-0.10525
0.15168,0.061478,-0.087193
0.15568,0.069385,-0.071523
0.15973,0.077779,-0.05781
0.16384,0.086641,-0.045968
0.167,0.082749,-0.034897
0.17017,0.079002,-0.025558
0.17334,0.075449,-0.01781
0.17653,0.072013,-0.01165
0.17973,0.068705,-0.0068852
0.18294,0.065522,-0.0034643
0.18616,0.062471,-0.0012442
0.18939,0.059526,-0.00015117
0.19264,0.056683,0.00010612
0.19591,0.053955,0.0010627
0.19532,0.055174,-3.2158e-05
0.19476,0.056406,-0.0016202
0.19421,0.057651,-0.005187
0.19367,0.058903,-0.010248
0.19314,0.060183,-0.016476
0.19264,0.061446,-0.023724
0.19212,0.062754,-0.03175
0.19163,0.064048,-0.040331
0.19113,0.065378,-0.049392
0.19065,0.066707,-0.059045
0.20034,0.067375,-0.040343
0.21026,0.068033,-0.026299
0.22041,0.068706,-0.015948
0.2308,0.069385,-0.0085466
0.24145,0.070042,-0.0036685
0.25234,0.070736,-0.00094233
0.26351,0.071397,-5.0486e-06
0.27495,0.072076,0.00060803
0.28665,0.072749,0.0025445
0.29862,0.073423,0.0056814
0.29772,0.077002,0.018292
0.29682,0.080665,0.03668
0.29592,0.084388,0.059786
0.29502,0.088201,0.086997
0.29412,0.092063,0.11757
0.2932,0.096006,0.15097
0.29229,0.10002,0.1869
0.29135,0.10411,0.22479
0.29042,0.10826,0.26464
0.28946,0.11249,0.30642
0.27803,0.10782,0.22814
0.26719,0.10343,0.17048
0.25688,0.099283,0.12717
0.24702,0.095419,0.09415
0.23759,0.09171,0.068671
0.22855,0.088211,0.048918
0.21989,0.084851,0.033564
0.21156,0.081659,0.021819
0.20353,0.078663,0.013064
0.19582,0.075725,0.0068177
0.20481,0.076148,0.0040188
0.21399,0.076663,0.0020321
0.22341,0.077112,0.00072842
0.23304,0.077588,9.3459e-05
0.24289,0.078049,-5.166e-05
0.25297,0.078496,-0.00056827
0.26326,0.078958,-0.001603
0.27378,0.079403,-0.0031033
0.28451,0.079852,-0.0050356
0.29545,0.080313,-0.0074198
0.30143,0.080533,-0.0063261
0.30745,0.080735,-0.0054357
0.31352,0.080911,-0.0047407
0.31962,0.081087,-0.0041475
0.32577,0.081229,-0.0036764
0.33195,0.081361,-0.0033043
0.33818,0.081461,-0.0029984
0.34445,0.081552,-0.0027555
0.35075,0.081628,-0.0025498
0.3571,0.08168,-0.0023386
0.36165,0.074913,-0.009678
0.36622,0.068545,-0.021061
0.37083,0.062526,-0.035699
0.37547,0.056848,-0.052975
0.38013,0.051515,-0.072569
0.38482,0.046489,-0.094282
0.38953,0.041765,-0.1178
0.39427,0.037338,-0.14309
0.39902,0.033196,-0.16991
0.4038,0.029329,-0.19787
0.43006,0.024891,-0.19508
0.45719,0.020826,-0.19331
0.4852,0.017131,-0.19243
0.5141,0.013795,-0.19251
0.54388,0.010823,-0.19307
0.57454,0.0082162,-0.19379
0.60609,0.0059712,-0.19469
0.63852,0.0040868,-0.19551
0.67181,0.0025618,-0.19631
0.70598,0.0013938,-0.19734
0.68094,0.0011296,-0.24582
0.65672,0.00089791,-0.29369
0.63327,0.0006964,-0.34075
0.61057,0.00052363,-0.38664
0.58859,0.00037774,-0.43203
0.5673,0.00025785,-0.47737
0.54667,0.00016217,-0.52241
0.52668,8.9714e-05,-0.56681
0.5073,3.9181e-05,-0.61098
0.4885,9.6363e-06,-0.65536
0.47811,0.0014194,-0.50093
0.4683,0.0050309,-0.38648
0.45895,0.010631,-0.2988
0.44998,0.018058,-0.22981
0.44134,0.027189,-0.1748
0.43297,0.03793,-0.13081
0.42484,0.050206,-0.0954
0.41691,0.063962,-0.067027
0.40915,0.079152,-0.044665
0.40154,0.095741,-0.027482
0.4244,0.087699,-0.038559
0.44791,0.080043,-0.049451
0.47206,0.072765,-0.059776
0.49685,0.065865,-0.069448
0.52228,0.059336,-0.078507
0.54834,0.053178,-0.086721
0.57502,0.047384,-0.094375
0.60232,0.041952,-0.10137
0.63024,0.036877,-0.10788
0.65875,0.032156,-0.11411
0.66442,0.025229,-0.11934
0.67015,0.019215,-0.12472
0.67589,0.014086,-0.12961
0.68165,0.0098057,-0.13415
0.68743,0.0063385,-0.13844
0.69323,0.0036545,-0.14238
0.69905,0.0017235,-0.1462
0.70493,0.00051866,-0.14983
0.71081,1.8128e-05,-0.15318
0.71669,-0.00019731,-0.15656
0.69925,-0.0005302,-0.15238
0.68234,-0.0010127,-0.14872
0.66596,-0.0016371,-0.14557
0.65007,-0.002395,-0.14256
0.63465,-0.0032791,-0.13981
0.61968,-0.0042823,-0.13742
0.60515,-0.0054006,-0.13518
0.59102,-0.0066245,-0.13297
0.57729,-0.0079505,-0.13087
0.56394,-0.0093748,-0.12903
0.57151,-0.0084977,-0.093759
0.57907,-0.0076811,-0.067374
0.58661,-0.0069194,-0.047345
0.59417,-0.0062139,-0.032102
0.60173,-0.0055588,-0.020629
0.60929,-0.0049515,-0.012184
0.61687,-0.0043896,-0.0062577
0.62439,-0.0038658,-0.0024765
0.63195,-0.0033853,-0.00048461
0.63954,-0.0029463,1.7957e-05
0.63489,-0.006013,-0.0021649
0.63034,-0.010105,-0.008035
0.6259,-0.015196,-0.016156
0.62153,-0.021252,-0.025668
0.61723,-0.028246,-0.036073
0.61301,-0.036161,-0.047051
0.60886,-0.044972,-0.058464
0.60475,-0.054655,-0.070058
0.60067,-0.065178,-0.081972
0.59666,-0.076549,-0.094139
0.60228,-0.066148,-0.093576
0.60787,-0.056693,-0.093974
0.61339,-0.048124,-0.095218
0.6189,-0.040403,-0.09692
0.62438,-0.033479,-0.099053
0.62986,-0.027316,-0.10153
0.63529,-0.021864,-0.1043
0.64069,-0.017091,-0.10721
0.6461,-0.012973,-0.11017
0.65145,-0.0094689,-0.11339
0.64477,-0.0082538,-0.1185
0.63819,-0.0071423,-0.12294
0.63166,-0.0061251,-0.12697
0.62519,-0.0051991,-0.13082
0.6188,-0.0043624,-0.13437
0.61245,-0.0036078,-0.13763
0.60618,-0.0029355,-0.14064
0.59998,-0.0023405,-0.14364
0.59386,-0.0018204,-0.14655
0.58777,-0.0013706,-0.14911
0.60733,-0.0032602,-0.12699
0.62716,-0.0059309,-0.10898
0.64728,-0.0093662,-0.093904
0.66766,-0.013548,-0.081126
0.68832,-0.018463,-0.070089
0.70924,-0.024095,-0.060352
0.73041,-0.030427,-0.051784
0.75187,-0.037451,-0.044286
0.77357,-0.045147,-0.037635
0.79554,-0.053505,-0.031661
0.78454,-0.046662,-0.013173
0.77379,-0.040432,-0.0034715
0.76326,-0.034768,-6.8534e-05
0.75296,-0.029643,0.0014789
0.74287,-0.025017,0.0067336
0.73296,-0.020856,0.015119
0.72319,-0.017134,0.026178
0.71362,-0.013836,0.039676
0.70418,-0.010932,0.055203
0.69491,-0.0084103,0.072674
0.7102,-0.0090689,0.042914
0.72554,-0.0097471,0.023783
0.74095,-0.010446,0.011781
0.75646,-0.011168,0.0046304
0.77204,-0.011914,0.0010027
0.78769,-0.012676,-1.5263e-06
0.8034,-0.013457,-0.00099743
0.81921,-0.014265,-0.0036208
0.83505,-0.015085,-0.007564
0.85101,-0.015936,-0.012639
0.84574,-0.018153,-0.00762
0.84057,-0.020478,-0.0045934
0.83549,-0.022912,-0.0027209
0.83049,-0.025447,-0.0015141
0.82556,-0.028076,-0.00076453
0.82071,-0.030801,-0.00031083
0.81593,-0.033611,-7.6628e-05
0.81123,-0.03651,-2.1552e-07
0.80659,-0.03949,5.1369e-05
0.80203,-0.042562,0.00020362
0.78212,-0.033494,-0.00068326
0.76294,-0.025701,-0.003648
0.74445,-0.019095,-0.0082042
0.72657,-0.013582,-0.013819
0.70927,-0.0090938,-0.020175
0.69252,-0.0055663,-0.027114
0.6763,-0.0029469,-0.03455
0.66056,-0.0011782,-0.042252
0.64528,-0.00021701,-0.050256
0.63043,2.0529e-05,-0.058452
0.64293,-7.5566e-05,-0.030936
0.65545,-0.00047471,-0.014228
0.668,-0.0012029,-0.0048122
0.68058,-0.0022496,-0.00060351
0.6932,-0.0036081,0.00025785
0.70586,-0.0052691,0.0028895
0.71856,-0.0072206,0.0078668
0.73129,-0.0094542,0.014668
0.74406,-0.011968,0.022991
0.75686,-0.014746,0.032528
0.73787,-0.010889,0.045878
0.71947,-0.0076886,0.060754
0.70162,-0.0050968,0.076931
0.68429,-0.0030756,0.094116
0.66746,-0.0015876,0.11226
0.6511,-0.0006034,0.13135
0.63518,-9.1459e-05,0.15119
0.61968,2.6797e-05,0.17184
0.60458,0.00038522,0.19315
0.58986,0.0011442,0.21507
0.57862,0.0032476,0.1355
0.56776,0.0063427,0.081862
0.55721,0.010372,0.045866
0.54695,0.015305,0.022289
0.53691,0.021093,0.0080831
0.5271,0.027719,0.0012249
0.51745,0.035133,-0.00026896
0.50799,0.043347,-0.004184
0.49869,0.052339,-0.012204
0.48951,0.062074,-0.02382
0.48343,0.04952,-0.0045762
0.4775,0.038663,4.5444e-05
0.47171,0.029349,0.005154
0.46602,0.021465,0.016898
0.46043,0.014926,0.033369
0.45492,0.0096493,0.05339
0.4495,0.0055739,0.076151
0.44414,0.0026447,0.1011
0.43884,0.0008096,0.128
0.43359,3.336e-05,0.15652
0.43599,3.5178e-05,0.13866
0.43838,3.7335e-05,0.1246
0.44077,3.9767e-05,0.1134
0.44315,4.2213e-05,0.10416
0.44552,4.4895e-05,0.096436
0.4479,4.81e-05,0.090117
0.45026,5.1777e-05,0.084647
0.45262,5.5414e-05,0.079775
0.45498,5.9468e-05,0.075392
0.45733,6.3892e-05,0.071572
0.46722,5.0474e-05,0.083701
0.47719,3.8969e-05,0.095403
0.48724,2.9365e-05,0.10685
0.49736,2.1122e-05,0.118
0.50755,1.3959e-05,0.12875
0.5178,8.4536e-06,0.13941
0.52812,4.4749e-06,0.14993
0.53849,1.6937e-06,0.16063
0.54893,3.0301e-07,0.1711
0.55942,-4.1693e-08,0.18162
0.5756,0.00011573,0.15132
0.5919,0.00046475,0.12654
0.60833,0.0010395,0.10587
0.6249,0.0018344,0.088328
0.64159,0.0028382,0.073443
0.6584,0.0040437,0.060708
0.67536,0.0054504,0.049654
0.69243,0.007046,0.03999
0.70964,0.0088305,0.031648
0.72696,0.01079,0.024576
0.72686,0.010622,0.03328
0.7268,0.010457,0.041869
0.7268,0.010301,0.050457
0.72682,0.01015,0.059086
0.72688,0.010001,0.067744
0.72699,0.0098606,0.076413
0.72712,0.0097196,0.085152
0.72729,0.0095861,0.094269
0.72752,0.0094609,0.10352
0.72776,0.0093357,0.11309
0.74009,0.0087643,0.12674
0.75247,0.0082243,0.13881
0.76487,0.0077103,0.1497
0.77733,0.0072269,0.15928
0.78981,0.0067646,0.16791
0.80233,0.0063303,0.17574
0.81486,0.0059168,0.18281
0.82744,0.0055283,0.18953
0.84004,0.0051607,0.1957
0.85265,0.0048115,0.2012
0.85265,0.0031544,0.15062
0.85256,0.0018718,0.11366
0.85238,0.00093955,0.085731
0.85213,0.00033535,0.064264
0.85177,3.8269e-05,0.047482
0.85136,-3.2415e-05,0.034071
0.85085,-0.00030175,0.023519
0.8503,-0.00083109,0.015329
0.84965,-0.0016087,0.009147
0.84894,-0.0026205,0.0047654
0.82244,-0.001426,0.014695
0.79691,-0.00060916,0.027059
0.7722,-0.00014351,0.040611
0.74836,1.7827e-07,0.054546
0.72528,0.00015652,0.06871
0.70299,0.00059195,0.082929
0.68137,0.001286,0.09712
0.66046,0.0022231,0.11138
0.64019,0.0033861,0.12565
0.62056,0.0047626,0.14014
0.59924,0.0065038,0.14532
0.57865,0.0084721,0.15159
0.55874,0.010651,0.15846
0.53947,0.013029,0.16556
0.52083,0.015594,0.17301
0.50277,0.018333,0.1808
0.48528,0.021241,0.18881
0.46833,0.024306,0.19723
0.45189,0.027518,0.20584
0.43596,0.030875,0.21418
0.41862,0.030302,0.1533
0.40207,0.029769,0.10869
0.38626,0.029275,0.075674
0.37111,0.028809,0.051091
0.35657,0.028368,0.032903
0.34261,0.027956,0.019635
0.32918,0.027565,0.010342
0.31625,0.027195,0.0043467
0.30381,0.026845,0.0010402
0.29181,0.026512,2.3644e-08
0.28963,0.033896,-0.0022003
0.28744,0.042132,-0.008481
0.28525,0.051222,-0.018414
0.28307,0.061168,-0.031625
0.28087,0.071968,-0.047853
0.27865,0.083626,-0.066967
0.27642,0.096143,-0.088709
0.27417,0.10953,-0.11279
0.2719,0.12377,-0.13908
0.26961,0.13888,-0.16744
0.25323,0.13697,-0.1882
0.23759,0.13517,-0.20981
0.22264,0.13348,-0.23197
0.20836,0.13189,-0.25486
0.19472,0.13039,-0.27815
0.18169,0.12897,-0.30146
0.16925,0.12762,-0.32505
0.15737,0.12635,-0.34847
0.14604,0.12514,-0.37194
0.13523,0.124,-0.39559
0.13062,0.13005,-0.32946
0.12616,0.13616,-0.27692
0.12182,0.14231,-0.23421
0.11762,0.14852,-0.19926
0.11353,0.15479,-0.17001
0.10953,0.16112,-0.14544
0.10564,0.16752,-0.12452
0.10185,0.17399,-0.10624
0.098141,0.18052,-0.090413
0.094525,0.18713,-0.076777
0.083722,0.20002,-0.10883
0.073545,0.21334,-0.14249
0.063985,0.22707,-0.177
0.055057,0.24122,-0.21219
0.046767,0.2558,-0.24733
0.039117,0.2708,-0.28196
0.032122,0.28622,-0.31607
0.025789,0.30204,-0.34929
0.020129,0.31828,-0.38182
0.015152,0.33492,-0.4139
0.018848,0.32432,-0.43484
0.022918,0.31408,-0.45656
0.027349,0.30418,-0.47887
0.032143,0.2946,-0.50196
0.037294,0.28532,-0.5255
0.04279,0.27633,-0.54893
0.048636,0.26761,-0.57271
0.054827,0.25915,-0.59691
0.061353,0.25094,-0.62113
0.068218,0.24296,-0.64578
0.064382,0.24231,-0.72694
0.060644,0.24164,-0.80552
0.057011,0.24097,-0.88173
0.053488,0.2403,-0.95547
0.050067,0.23963,-1.0269
0.046763,0.23897,-1.0973
0.043566,0.2383,-1.1659
0.040484,0.23764,-1.2329
0.037516,0.23699,-1.2984
0.034663,0.23635,-1.3622
0.030288,0.25153,-1.1087
0.026291,0.26665,-0.91631
0.022641,0.28176,-0.76376
0.01931,0.29689,-0.63975
0.016278,0.31209,-0.53633
0.013533,0.32737,-0.44849
0.011063,0.34275,-0.37332
0.0088536,0.35825,-0.30882
0.0069021,0.37387,-0.25302
0.0052016,0.38963,-0.20451
0.0057582,0.41307,-0.22479
0.0063483,0.43721,-0.2418
0.0069725,0.46205,-0.25612
0.0076297,0.48754,-0.26814
0.0083174,0.51368,-0.27805
0.0090397,0.54041,-0.28632
0.009793,0.56774,-0.29313
0.010577,0.59562,-0.2985
0.011392,0.62404,-0.30281
0.012238,0.65297,-0.30664
0.01133,0.63858,-0.26566
0.010464,0.62505,-0.23167
0.0096376,0.61229,-0.20304
0.0088513,0.60023,-0.17879
0.0081022,0.58881,-0.15773
0.0073919,0.57797,-0.13903
0.006717,0.56768,-0.12248
0.0060794,0.55789,-0.10789
0.0054761,0.54857,-0.094891
0.0049076,0.53969,-0.083059
0.0033027,0.52269,-0.10321
0.0020284,0.50637,-0.12237
0.0010724,0.49069,-0.1404
0.00042324,0.47561,-0.15738
7.3244e-05,0.46108,-0.17363
-1.11e-05,0.44709,-0.18905
-0.00022833,0.43361,-0.20384
-0.00071576,0.42059,-0.21846
-0.0014662,0.40803,-0.2327
-0.0024705,0.39588,-0.2466
-0.0027012,0.36132,-0.19404
-0.0029449,0.32976,-0.15433
-0.003199,0.30087,-0.12348
-0.0034684,0.27438,-0.098816
-0.0037485,0.25007,-0.07898
-0.0040394,0.22773,-0.062969
-0.0043415,0.20719,-0.049873
-0.0046548,0.18831,-0.039253
-0.0049776,0.17093,-0.030513
-0.0053144,0.15495,-0.023452
-0.0058282,0.15121,-0.017569
-0.0063645,0.14753,-0.012743
-0.0069193,0.1439,-0.0087669
-0.007494,0.14034,-0.0055893
-0.0080887,0.13683,-0.0031788
-0.0087009,0.13337,-0.0014589
-0.0093316,0.12997,-0.00041606
-0.0099823,0.12662,-9.7745e-06
-0.01065,0.12332,0.00019287
-0.011335,0.12007,0.00095399
-0.010372,0.12471,0.0050824
-0.0094467,0.12943,0.012076
-0.0085566,0.13424,0.021696
-0.0077047,0.13914,0.033723
-0.006893,0.14412,0.047928
-0.0061195,0.1492,0.06397
-0.0053826,0.15436,0.081844
-0.0046869,0.1596,0.10134
-0.0040396,0.16495,0.12255
-0.0034313,0.17037,0.14477
-0.0014629,0.16544,0.16185
-0.00032748,0.16062,0.17957
3.7657e-06,0.15591,0.19826
0.00047854,0.1513,0.21784
0.0017432,0.14677,0.23825
0.0037932,0.14233,0.25947
0.0066268,0.13796,0.28136
0.010249,0.13366,0.30422
0.014667,0.12943,0.32762
0.019881,0.12527,0.35154
0.023175,0.13421,0.3193
0.02671,0.14338,0.29158
0.030491,0.1528,0.26732
0.034524,0.16246,0.24561
0.03881,0.17239,0.22618
0.043353,0.18258,0.2089
0.048163,0.19304,0.19323
0.053243,0.20375,0.17868
0.058593,0.21474,0.16527
0.064218,0.22599,0.15271
0.068836,0.23632,0.12313
0.073607,0.2468,0.098722
0.078532,0.25745,0.078343
0.083618,0.26825,0.0613
0.088866,0.27922,0.047119
0.094278,0.29036,0.035392
0.099856,0.30166,0.02577
0.1056,0.31312,0.017938
0.11152,0.32475,0.011716
0.1176,0.33652,0.0070057
0.1247,0.31714,0.012814
0.13192,0.29873,0.019275
0.13926,0.28122,0.02605
0.14672,0.26457,0.033079
0.15431,0.2487,0.040105
0.16201,0.2336,0.047246
0.16983,0.2192,0.054309
0.17776,0.20548,0.0613
0.18582,0.19239,0.068285
0.19399,0.17991,0.075432
0.18546,0.16117,0.080966
0.17735,0.14395,0.086016
0.16964,0.12811,0.090739
0.16229,0.11357,0.095135
0.15529,0.10024,0.099358
0.14862,0.088045,0.1035
0.14226,0.076903,0.10749
0.13619,0.066742,0.11152
0.1304,0.057513,0.11549
0.12485,0.049144,0.11912
0.12721,0.053566,0.18629
0.12965,0.058291,0.26519
0.13218,0.063339,0.35399
0.13479,0.068713,0.45071
0.1375,0.074419,0.55403
0.14029,0.080457,0.66309
0.14316,0.086819,0.77647
0.1461,0.093496,0.89269
0.14911,0.10048,1.0114
0.15218,0.10777,1.1326
0.15375,0.086649,0.88187
0.15543,0.068849,0.70335
0.15718,0.053829,0.56974
0.15899,0.041196,0.46632
0.16086,0.030651,0.38382
0.16279,0.021956,0.31628
0.16474,0.014916,0.26046
0.16675,0.009379,0.21406
0.16879,0.0052129,0.17494
0.17085,0.0023145,0.14169
0.14895,0.00094458,0.15094
0.12912,0.00019102,0.1579
0.11122,-7.021e-06,0.1632
0.095099,-0.00034976,0.16732
0.080626,-0.0011807,0.17034
0.067668,-0.0024659,0.17239
0.056124,-0.0041751,0.17366
0.045888,-0.0062826,0.17464
0.036856,-0.0087685,0.17515
0.028947,-0.011617,0.17532
0.028338,-0.01607,0.16619
0.027734,-0.021232,0.15763
0.027138,-0.027112,0.14964
0.026553,-0.033722,0.1423
0.025979,-0.041081,0.1354
0.025419,-0.049207,0.12877
0.024876,-0.058122,0.12247
0.024343,-0.067852,0.11657
0.023825,-0.07842,0.11092
0.023324,-0.089851,0.1053
0.025777,-0.095722,0.098384
0.028364,-0.1018,0.091583
0.03108,-0.1081,0.085081
0.03393,-0.11461,0.078918
0.036922,-0.12134,0.072917
0.040058,-0.12829,0.067085
0.043325,-0.13546,0.061575
0.046734,-0.14285,0.056315
0.050315,-0.15046,0.051226
0.054021,-0.15829,0.046405
0.054465,-0.16318,0.034027
0.054935,-0.16816,0.023999
0.055388,-0.17323,0.016174
0.055852,-0.1784,0.010159
0.056316,-0.18366,0.005726
0.056784,-0.18901,0.0026989
0.057242,-0.19446,0.00085177
0.057707,-0.2,5.6225e-05
0.058175,-0.20562,-0.00017726
0.058643,-0.21134,-0.0011267
0.065559,-0.20749,-0.00071153
0.072848,-0.20373,-0.00044951
0.080497,-0.20005,-0.00029054
0.088508,-0.19645,-0.00020417
0.096888,-0.19292,-0.00015505
0.10562,-0.18947,-0.0001234
0.11473,-0.18608,-0.00010556
0.12419,-0.18276,-9.9274e-05
0.13401,-0.1795,-0.00010261
0.14421,-0.1763,-0.00011093
0.14667,-0.18109,-7.844e-05
0.14915,-0.18591,-6.5926e-05
0.15165,-0.19077,-6.4703e-05
0.15415,-0.19567,-7.1715e-05
0.15668,-0.20059,-8.8868e-05
0.15921,-0.20555,-0.00010949
0.16175,-0.21054,-0.00013842
0.1643,-0.21556,-0.00017948
0.16685,-0.22061,-0.00022956
0.16942,-0.22568,-0.00029017
0.17885,-0.22823,-0.0012049
0.18853,-0.23081,-0.0025743
0.19846,-0.23343,-0.0042638
0.20864,-0.23609,-0.0061114
0.21907,-0.23878,-0.0080845
0.22975,-0.24151,-0.010127
0.24067,-0.24429,-0.01224
0.25185,-0.24708,-0.014386
0.26326,-0.24993,-0.016599
0.2749,-0.25284,-0.018868
0.24915,-0.23155,-0.010932
0.2254,-0.21209,-0.0058454
0.2035,-0.19429,-0.0027108
0.18332,-0.17796,-0.00094264
0.16473,-0.16297,-0.00013222
0.14763,-0.14921,3.8814e-05
0.1319,-0.13657,0.00050933
0.11747,-0.12494,0.0014453
0.10423,-0.11424,0.00276
0.092114,-0.10439,0.0043454
0.086774,-0.098943,0.011377
0.081661,-0.09374,0.02097
0.076759,-0.088767,0.032708
0.072056,-0.084011,0.046234
0.067546,-0.079452,0.061293
0.063217,-0.075086,0.077919
0.059063,-0.070895,0.095808
0.055079,-0.066862,0.11468
0.051255,-0.062994,0.13465
0.047588,-0.05927,0.15562
0.042363,-0.058774,0.13199
0.037581,-0.058352,0.11257
0.033201,-0.058021,0.096273
0.029194,-0.057758,0.082357
0.025532,-0.057568,0.070448
0.022191,-0.057429,0.060304
0.019148,-0.057349,0.051515
0.016385,-0.057321,0.043751
0.013884,-0.057342,0.036983
0.011629,-0.057401,0.03115
0.007268,-0.059676,0.031634
0.0039524,-0.061943,0.031977
0.0016494,-0.064214,0.032259
0.00033915,-0.066503,0.032599
-1.4392e-05,-0.068827,0.032891
-0.00068057,-0.071192,0.032986
-0.0023539,-0.073626,0.033077
-0.0050619,-0.076132,0.033231
-0.0088423,-0.078721,0.033364
-0.01374,-0.081413,0.033483
-0.012836,-0.076268,0.042127
-0.011971,-0.071367,0.051233
-0.011137,-0.066714,0.060776
-0.010338,-0.06228,0.070688
-0.0095744,-0.058046,0.080803
-0.0088418,-0.054018,0.09118
-0.0081404,-0.05018,0.10189
-0.0074703,-0.046521,0.11293
-0.0068304,-0.043034,0.12426
-0.0062207,-0.039711,0.1359
-0.0084812,-0.03704,0.18221
-0.011142,-0.034343,0.23506
-0.014224,-0.031632,0.29381
-0.017748,-0.028922,0.35779
-0.021732,-0.026228,0.42662
-0.026191,-0.023576,0.49989
-0.031143,-0.020981,0.57698
-0.036601,-0.018466,0.65668
-0.042574,-0.016051,0.73897
-0.049074,-0.013754,0.82384
-0.05465,-0.014546,0.79552
-0.060481,-0.015345,0.77339
-0.066571,-0.016154,0.75639
-0.072924,-0.016971,0.74369
-0.079547,-0.017798,0.73413
-0.08644,-0.018636,0.72647
-0.093608,-0.019484,0.72061
-0.10105,-0.020344,0.71671
-0.10877,-0.021214,0.71388
-0.11677,-0.022095,0.71153
-0.11652,-0.025371,0.62223
-0.11629,-0.028767,0.54872
-0.11609,-0.032276,0.48687
-0.1159,-0.035897,0.43402
-0.11573,-0.039628,0.38802
-0.11558,-0.043463,0.34757
-0.11543,-0.047401,0.31165
-0.11529,-0.051442,0.2797
-0.11516,-0.055582,0.25102
-0.11503,-0.059822,0.22495
-0.11732,-0.054618,0.20913
-0.11962,-0.04975,0.19373
-0.12192,-0.045202,0.17909
-0.12423,-0.040953,0.16531
-0.12656,-0.036988,0.15227
-0.12889,-0.03329,0.13978
-0.13123,-0.029846,0.12801
-0.13357,-0.026641,0.11706
-0.13593,-0.023665,0.10678
-0.1383,-0.020907,0.09699
-0.13289,-0.030219,0.11572
-0.12752,-0.041293,0.13471
-0.12217,-0.054171,0.15367
-0.11685,-0.068899,0.1723
-0.11154,-0.085522,0.19062
-0.10625,-0.10409,0.20881
-0.10098,-0.12465,0.22659
-0.09574,-0.14725,0.24419
-0.090529,-0.17193,0.26119
-0.085359,-0.19873,0.27759
-0.084803,-0.20397,0.26917
-0.084245,-0.20926,0.26233
-0.083685,-0.21458,0.25642
-0.083125,-0.21994,0.25143
-0.082563,-0.22534,0.247
-0.081999,-0.23077,0.2428
-0.081435,-0.23624,0.239
-0.080868,-0.24175,0.23551
-0.080301,-0.24729,0.2322
-0.079732,-0.25286,0.22943
-0.087715,-0.25433,0.20786
-0.096053,-0.25581,0.18948
-0.10475,-0.25729,0.17347
-0.1138,-0.25879,0.1591
-0.1232,-0.26028,0.14629
-0.13297,-0.26179,0.13453
-0.14308,-0.2633,0.12396
-0.15355,-0.26481,0.1144
-0.16438,-0.26633,0.10564
-0.17556,-0.26785,0.097503
-0.15761,-0.24372,0.11064
-0.14113,-0.22161,0.12252
-0.12602,-0.20131,0.13331
-0.11218,-0.18268,0.14314
-0.099507,-0.16557,0.15225
-0.087922,-0.14985,0.16105
-0.077347,-0.13542,0.16938
-0.067708,-0.12215,0.17735
-0.058941,-0.10996,0.18501
-0.050984,-0.098755,0.19268
-0.048914,-0.096671,0.17908
-0.046918,-0.094626,0.16708
-0.044994,-0.092628,0.15656
-0.043138,-0.090689,0.14734
-0.041345,-0.088778,0.13902
-0.039615,-0.0869,0.13137
-0.037945,-0.085064,0.12442
-0.036331,-0.083277,0.11807
-0.034772,-0.081514,0.11227
-0.033266,-0.079783,0.10688
-0.028502,-0.077619,0.092199
-0.024201,-0.075555,0.079768
-0.020332,-0.073593,0.069068
-0.01687,-0.071716,0.059581
-0.013791,-0.069917,0.051339
-0.011071,-0.068201,0.044162
-0.0086921,-0.066551,0.037883
-0.006634,-0.064973,0.032274
-0.0048814,-0.063452,0.027359
-0.0034186,-0.061987,0.023109
-0.003546,-0.061693,0.029222
-0.0036763,-0.061392,0.035668
-0.0038086,-0.061094,0.0424
-0.0039435,-0.060794,0.049524
-0.0040805,-0.060495,0.05687
-0.0042199,-0.060194,0.064228
-0.0043613,-0.059895,0.071659
-0.0045047,-0.059598,0.079293
-0.0046508,-0.059297,0.086981
-0.0047997,-0.058993,0.09458
-0.0046622,-0.069335,0.069337
-0.0045239,-0.080535,0.04875
-0.004386,-0.092636,0.032247
-0.0042468,-0.10571,0.019345
-0.0041052,-0.1198,0.0098884
-0.0039611,-0.13499,0.0036887
-0.0038123,-0.15134,0.00050885
-0.0036615,-0.16888,-0.00022355
-0.0035072,-0.18767,-0.0026871
-0.0033507,-0.20774,-0.0077075
-0.0042295,-0.18762,-0.0031019
-0.0051796,-0.16909,-0.00075901
-0.0061903,-0.15205,-6.2354e-06
-0.0072538,-0.1364,0.00041039
-0.0083649,-0.12201,0.0016802
-0.0095169,-0.10879,0.0036391
-0.010706,-0.096656,0.0061227
-0.011929,-0.085519,0.0089767
-0.013181,-0.075311,0.012157
-0.01446,-0.065971,0.015672
-0.018562,-0.064676,0.015968
-0.023197,-0.063386,0.016311
-0.028376,-0.062116,0.016745
-0.034116,-0.060836,0.017211
-0.04043,-0.059557,0.017716
-0.047334,-0.058278,0.018314
-0.054846,-0.056996,0.018926
-0.062983,-0.055712,0.019538
-0.071763,-0.054426,0.020176
-0.081204,-0.053139,0.02082
-0.075737,-0.049027,0.036381
-0.070514,-0.04514,0.054925
-0.065518,-0.041462,0.075951
-0.060739,-0.037974,0.098868
-0.056163,-0.034668,0.12351
-0.051782,-0.031533,0.14975
-0.047589,-0.02856,0.17731
-0.043578,-0.025746,0.20581
-0.039744,-0.023084,0.23521
-0.036085,-0.02057,0.26534
-0.040712,-0.023619,0.23721
-0.045596,-0.026852,0.21258
-0.050747,-0.030273,0.19074
-0.056171,-0.033887,0.17108
-0.061877,-0.037698,0.1534
-0.067873,-0.041713,0.13762
-0.074169,-0.045935,0.12332
-0.080772,-0.050371,0.11018
-0.08769,-0.055024,0.098163
-0.094932,-0.059898,0.087388
-0.090889,-0.057132,0.068803
-0.087071,-0.054502,0.053396
-0.083459,-0.051995,0.040743
-0.080036,-0.049605,0.030428
-0.076789,-0.047322,0.022053
-0.073705,-0.04514,0.015286
-0.070771,-0.043054,0.0099867
-0.067978,-0.041056,0.0060005
-0.065315,-0.039141,0.0031222
-0.062773,-0.037306,0.0012044
-0.058406,-0.04486,0.0039962
-0.054172,-0.053138,0.0081655
-0.050063,-0.062171,0.013586
-0.046076,-0.071986,0.020139
-0.04221,-0.082612,0.027689
-0.038467,-0.094083,0.036228
-0.034848,-0.10643,0.045591
-0.03136,-0.11967,0.055757
-0.028009,-0.13385,0.066598
-0.024801,-0.14898,0.077848
-0.02615,-0.15321,0.068178
-0.027535,-0.15746,0.059821
-0.028953,-0.16174,0.052536
-0.030404,-0.16606,0.046031
-0.031891,-0.17039,0.040295
-0.033411,-0.17477,0.035236
-0.034966,-0.17917,0.030761
-0.036557,-0.18359,0.026711
-0.038182,-0.18805,0.02311
-0.039841,-0.19254,0.019995
-0.039927,-0.1894,0.007441
-0.040016,-0.18639,0.0012094
-0.040107,-0.18349,-0.00019073
-0.0402,-0.18067,-0.0036115
-0.040297,-0.17793,-0.010903
-0.040393,-0.17526,-0.021507
-0.040491,-0.17265,-0.035091
-0.040587,-0.17009,-0.05128
-0.040685,-0.16757,-0.069863
-0.040783,-0.16509,-0.090827
-0.041023,-0.16869,-0.063788
-0.041254,-0.17228,-0.043078
-0.04148,-0.17587,-0.027546
-0.041698,-0.17946,-0.016265
-0.041915,-0.18306,-0.0083769
-0.042128,-0.18667,-0.0033173
-0.042342,-0.19028,-0.00064719
-0.042551,-0.19392,3.0102e-05
-0.04276,-0.19756,0.0012318
-0.042969,-0.20122,0.004012
-0.038937,-0.19485,0.0011314
-0.035188,-0.18873,4.9626e-05
-0.031705,-0.18285,-0.00029531
-0.028469,-0.17719,-0.0015579
-0.025465,-0.17173,-0.0036166
-0.022688,-0.16646,-0.0062976
-0.020114,-0.16137,-0.0094956
-0.01774,-0.15645,-0.013055
-0.01555,-0.1517,-0.016972
-0.013539,-0.14709,-0.021232
-0.012939,-0.14479,-0.010183
-0.012355,-0.14257,-0.0035882
-0.011786,-0.14042,-0.00047776
-0.011237,-0.13833,0.0001921
-0.010701,-0.13629,0.0022519
-0.010179,-0.13431,0.0062935
-0.009672,-0.13237,0.012011
-0.0091786,-0.13047,0.019083
-0.0086978,-0.12861,0.027352
-0.0082324,-0.12677,0.036577
-0.0096165,-0.12277,0.039129
-0.011099,-0.11887,0.041973
-0.012676,-0.11506,0.044997
-0.014348,-0.11135,0.048274
-0.016111,-0.10773,0.051652
-0.017966,-0.10419,0.055088
-0.019911,-0.10074,0.058641
-0.021949,-0.097366,0.062378
-0.024074,-0.094073,0.066161
-0.026288,-0.090856,0.069965
-0.027885,-0.081182,0.097195
-0.029524,-0.072115,0.12759
-0.031207,-0.063613,0.16076
-0.032937,-0.055656,0.19622
-0.034718,-0.048221,0.23394
-0.036553,-0.041297,0.27349
-0.038442,-0.034882,0.3147
-0.040388,-0.028981,0.35784
-0.042394,-0.023592,0.40251
-0.04446,-0.018728,0.44828
-0.04958,-0.014517,0.43173
-0.054921,-0.010878,0.41844
-0.06049,-0.0077867,0.40742
-0.066289,-0.0052275,0.39824
-0.072328,-0.0031857,0.39045
-0.078611,-0.0016528,0.38425
-0.085147,-0.00062042,0.37899
-0.091943,-8.4541e-05,0.3748
-0.099007,4.228e-05,0.37123
-0.10635,0.00049241,0.36828
-0.10754,0.00049637,0.31015
-0.10875,0.00049882,0.26144
-0.10997,0.00050005,0.22037
-0.1112,0.00050027,0.18553
-0.11245,0.00049934,0.15563
-0.1137,0.0004973,0.12972
-0.11497,0.00049471,0.1075
-0.11624,0.00049118,0.088246
-0.11752,0.00048693,0.071603
-0.11881,0.00048195,0.05714
-0.11812,0.0014105,0.051108
-0.11741,0.0028151,0.045505
-0.11671,0.0046873,0.040244
-0.116,0.0070214,0.035268
-0.11529,0.0098128,0.030662
-0.11457,0.013058,0.026499
-0.11386,0.016755,0.022648
-0.11314,0.020903,0.019088
-0.11242,0.025504,0.015833
-0.11171,0.030557,0.012845
-0.11788,0.040144,0.015087
-0.12427,0.051253,0.01737
-0.13087,0.063952,0.019633
-0.1377,0.078307,0.021792
-0.14475,0.094383,0.023828
-0.15202,0.11223,0.025832
-0.15952,0.13191,0.027712
-0.16724,0.15346,0.029522
-0.17518,0.17693,0.031237
-0.18335,0.20234,0.032664
-0.17923,0.1999,0.021374
-0.17521,0.19762,0.013213
-0.17128,0.19548,0.0074913
-0.16743,0.19349,0.0036853
-0.16366,0.19162,0.0013524
-0.15996,0.18988,0.00021709
-0.15634,0.18823,-3.6155e-05
-0.15278,0.1867,-0.00065546
-0.14929,0.18526,-0.0019574
-0.14587,0.18391,-0.0038175
-0.15154,0.17507,-0.001445
-0.15727,0.1666,-0.00033004
-0.16308,0.15847,-1.6695e-06
-0.16896,0.15066,0.00016575
-0.17492,0.14316,0.00062639
-0.18095,0.13595,0.0012686
-0.18705,0.12902,0.002015
-0.19323,0.12236,0.0027875
-0.19948,0.11596,0.0035662
-0.2058,0.1098,0.0043755
-0.20087,0.1154,0.0046195
-0.19603,0.12111,0.0050269
-0.19128,0.12694,0.0055507
-0.18662,0.13288,0.0061673
-0.18203,0.13893,0.0068834
-0.17753,0.1451,0.0077742
-0.1731,0.15137,0.0087842
-0.16876,0.15775,0.0098688
-0.16448,0.16425,0.011067
-0.16028,0.17085,0.012311
-0.15654,0.15717,0.006998
-0.15298,0.1444,0.0034033
-0.14958,0.13248,0.0011861
-0.14633,0.12135,0.00013424
-0.14323,0.11096,-0.00010767
-0.14027,0.10125,-0.00097607
-0.13743,0.092176,-0.002644
-0.13471,0.083707,-0.0050669
-0.1321,0.075802,-0.008182
-0.12959,0.068429,-0.01186
-0.11166,0.067118,-0.013718
-0.095474,0.065885,-0.015526
-0.080917,0.064722,-0.017339
-0.06788,0.063623,-0.019167
-0.05626,0.062583,-0.020992
-0.045963,0.061597,-0.02275
-0.036902,0.060661,-0.024449
-0.028996,0.059768,-0.026217
-0.022172,0.058916,-0.027962
-0.016366,0.058102,-0.029793
-0.015548,0.057199,-0.048592
-0.014742,0.056295,-0.071102
-0.013946,0.05539,-0.097085
-0.013159,0.054478,-0.1264
-0.01238,0.05356,-0.15867
-0.011612,0.052635,-0.1934
-0.010853,0.051703,-0.23052
-0.010107,0.050761,-0.26973
-0.0093745,0.049813,-0.3109
-0.0086573,0.048859,-0.35404
-0.0091256,0.049015,-0.33868
-0.0095988,0.049181,-0.32624
-0.010077,0.049353,-0.31574
-0.01056,0.049535,-0.30687
-0.011049,0.049725,-0.29937
-0.011545,0.049922,-0.29326
-0.012047,0.050124,-0.28808
-0.012554,0.050331,-0.28346
-0.013069,0.050543,-0.27951
-0.013589,0.05076,-0.27629
-0.015423,0.054803,-0.24928
-0.017358,0.058952,-0.22564
-0.019395,0.063212,-0.20482
-0.021543,0.067591,-0.18654
-0.023794,0.072089,-0.17019
-0.026155,0.076714,-0.15527
-0.028628,0.081468,-0.14178
-0.031209,0.086353,-0.12969
-0.033906,0.091374,-0.11866
-0.036735,0.096538,-0.10878
-0.039861,0.086528,-0.086763
-0.043055,0.077354,-0.068448
-0.046319,0.06894,-0.053192
-0.049654,0.061218,-0.040419
-0.053045,0.054124,-0.029857
-0.056509,0.047611,-0.021159
-0.060044,0.041635,-0.014184
-0.063647,0.036152,-0.0088333
-0.067329,0.031131,-0.0048565
-0.071084,0.026541,-0.002136
-0.065314,0.020916,-0.0017255
-0.059983,0.016126,-0.0013272
-0.055065,0.012096,-0.00097799
-0.050544,0.0087605,-0.00070522
-0.04636,0.006048,-0.00046825
-0.042499,0.0039038,-0.00027089
-0.038935,0.0022756,-0.00012907
-0.035645,0.001116,-3.7575e-05
-0.032596,0.00038184,-1.3713e-06
-0.029783,3.714e-05,1.3559e-05
-0.030147,8.33e-05,-0.00046273
-0.030516,0.00014798,-0.0021485
-0.03089,0.00023155,-0.0050011
-0.031272,0.0003346,-0.0088971
-0.031666,0.00045799,-0.013829
-0.032064,0.00060191,-0.019808
-0.032473,0.00076766,-0.026763
-0.032903,0.0009572,-0.034581
-0.033341,0.0011701,-0.043276
-0.033791,0.0014078,-0.052779
-0.032861,0.00089022,-0.048145
-0.031946,0.00049419,-0.043957
-0.031056,0.00021663,-0.040025
-0.030184,5.3028e-05,-0.036301
-0.029331,-5.7979e-09,-0.032808
-0.028496,-5.4245e-05,-0.029506
-0.027676,-0.00021291,-0.026454
-0.026877,-0.00047291,-0.023608
-0.026092,-0.00083233,-0.020982
-0.025325,-0.0012886,-0.01863
-0.025212,-0.0020543,-0.023877
-0.025088,-0.003015,-0.029785
-0.024948,-0.0041829,-0.036273
-0.024796,-0.0055688,-0.043315
-0.024632,-0.007185,-0.050911
-0.024448,-0.0090481,-0.059089
-0.024247,-0.011171,-0.06778
-0.024029,-0.013567,-0.076868
-0.023795,-0.016251,-0.086418
-0.023544,-0.019234,-0.096498
-0.020336,-0.017908,-0.10929
-0.017372,-0.016648,-0.1222
-0.014655,-0.015443,-0.1354
-0.01217,-0.014294,-0.14899
-0.0099191,-0.013195,-0.16284
-0.0078993,-0.012142,-0.17674
-0.0061057,-0.011137,-0.19081
-0.0045409,-0.010174,-0.20523
-0.0032025,-0.0092564,-0.2198
-0.0020934,-0.0083802,-0.2345
-0.0025444,-0.0060774,-0.19019
-0.0030229,-0.0042305,-0.15434
-0.00353,-0.0027776,-0.12489
-0.0040644,-0.0016719,-0.10035
-0.0046232,-0.0008747,-0.079999
-0.0052057,-0.00035013,-0.063205
-0.0058112,-6.8064e-05,-0.049228
-0.0064409,3.5016e-06,-0.037508
-0.0070912,0.00013622,-0.027828
-0.0077654,0.00045092,-0.019954
-0.0080512,3.0796e-05,-0.029679
-0.0083699,-0.00011717,-0.041524
-0.0087264,-0.00078791,-0.055728
-0.0091272,-0.0021431,-0.072584
-0.0095789,-0.0042977,-0.092177
-0.01009,-0.007372,-0.11428
-0.01066,-0.011503,-0.13922
-0.011291,-0.016824,-0.16677
-0.011991,-0.023468,-0.19681
-0.01276,-0.031567,-0.22946
-0.013675,-0.03206,-0.22681
-0.014618,-0.032561,-0.22491
-0.01559,-0.033068,-0.22346
-0.016592,-0.033581,-0.22208
-0.017621,-0.034104,-0.22105
-0.018681,-0.034632,-0.22053
-0.01977,-0.035168,-0.22027
-0.020889,-0.035711,-0.22041
-0.022038,-0.03626,-0.22073
-0.023215,-0.036818,-0.221
-0.024884,-0.035556,-0.22043
-0.026602,-0.034326,-0.21997
-0.028372,-0.033123,-0.21964
-0.030192,-0.031946,-0.21917
-0.032061,-0.030798,-0.21872
-0.033981,-0.029675,-0.21849
-0.03595,-0.028579,-0.2182
-0.03797,-0.027507,-0.21764
-0.040038,-0.026461,-0.21706
-0.042155,-0.025439,-0.21628
-0.034713,-0.02291,-0.21994
-0.028125,-0.020581,-0.22393
-0.022335,-0.018434,-0.22804
-0.017297,-0.016452,-0.23188
-0.012969,-0.014625,-0.23589
-0.0093142,-0.012941,-0.24002
-0.0062992,-0.011389,-0.24422
-0.0038962,-0.0099593,-0.24825
-0.0020833,-0.0086447,-0.2524
-0.00084067,-0.0074374,-0.2566
-0.0012212,-0.0063134,-0.24952
-0.0016681,-0.0052973,-0.24307
-0.002179,-0.0043834,-0.23713
-0.0027535,-0.003567,-0.2322
-0.0033914,-0.0028431,-0.22768
-0.0040893,-0.0022081,-0.22359
-0.0048479,-0.0016586,-0.21972
-0.0056686,-0.0011915,-0.21604
-0.006548,-0.00080466,-0.21255
-0.0074885,-0.00049548,-0.20951
-0.0084134,-0.00011913,-0.15993
-0.0093361,-1.2767e-08,-0.12049
-0.010252,0.000104,-0.08882
-0.011162,0.00040321,-0.063665
-0.012065,0.00087548,-0.043841
-0.012964,0.0015048,-0.028387
-0.013865,0.0022812,-0.016723
-0.014777,0.0032014,-0.0084099
-0.015707,0.0042678,-0.0030107
-0.016668,0.0054891,-0.00035155
-0.016273,0.0048245,-0.0025401
-0.01589,0.0042066,-0.0065797
-0.015511,0.0036307,-0.012366
-0.015128,0.0030944,-0.019813
-0.01474,0.002597,-0.02889
-0.014342,0.0021379,-0.039555
-0.013937,0.0017189,-0.051803
-0.013514,0.0013392,-0.065515
-0.013065,0.00099941,-0.080389
-0.012624,0.00070804,-0.097122
-0.015967,0.00028689,-0.10669
-0.019803,4.9132e-05,-0.1166
-0.024174,-1.0018e-05,-0.12686
-0.029114,-0.0001847,-0.13741
-0.034648,-0.00058967,-0.14821
-0.040823,-0.0012404,-0.15914
-0.047666,-0.0021535,-0.17008
-0.055228,-0.0033419,-0.18149
-0.063535,-0.0048224,-0.19297
-0.072628,-0.0066078,-0.20456
-0.068382,-0.0052956,-0.16693
-0.064341,-0.004169,-0.136
-0.060506,-0.0032078,-0.11038
-0.056839,-0.0024005,-0.089211
-0.053357,-0.0017289,-0.071491
-0.050038,-0.001183,-0.056603
-0.046871,-0.00075273,-0.04419
-0.043856,-0.00042729,-0.033911
-0.040983,-0.00019872,-0.025415
-0.038248,-5.9214e-05,-0.018419
-0.036946,-6.7913e-05,-0.027073
-0.035658,-7.721e-05,-0.037092
-0.03435,-8.8526e-05,-0.048104
-0.033078,-9.9578e-05,-0.06049
-0.031816,-0.00011126,-0.073972
-0.030561,-0.00012378,-0.08838
-0.02931,-0.0001372,-0.10369
-0.028076,-0.00015087,-0.12004
-0.026842,-0.00016591,-0.13721
-0.025618,-0.00018175,-0.15531
-0.027363,-0.00023025,-0.15695
-0.029169,-0.00028516,-0.15856
-0.031043,-0.00034605,-0.1602
-0.032986,-0.00041293,-0.16198
-0.034994,-0.00048631,-0.16383
-0.037067,-0.00056642,-0.16545
-0.039209,-0.00065298,-0.16711
-0.041427,-0.00074521,-0.16902
-0.043711,-0.00084446,-0.17098
-0.046059,-0.0009515,-0.17285
-0.039374,-0.00034783,-0.13278
-0.033548,-5.4989e-05,-0.1015
-0.028469,8.4679e-06,-0.076769
-0.024055,0.0001539,-0.057268
-0.02023,0.00044685,-0.041931
-0.01691,0.0008474,-0.030013
-0.014046,0.0013266,-0.020775
-0.011583,0.0018606,-0.013662
-0.009456,0.0024232,-0.0083603
-0.007638,0.0030075,-0.0045444
-0.0082435,0.0043308,-0.0062823
-0.0088871,0.0059488,-0.0083682
-0.0095753,0.0078911,-0.010874
-0.010311,0.010186,-0.013872
-0.011088,0.012851,-0.017294
-0.011918,0.015924,-0.021219
-0.012797,0.019426,-0.025612
-0.013734,0.02339,-0.030493
-0.014719,0.027829,-0.035771
-0.015764,0.03278,-0.04143
-0.01503,0.034322,-0.038204
-0.01431,0.035886,-0.035214
-0.013611,0.037479,-0.032443
-0.012928,0.039099,-0.029811
-0.012265,0.040749,-0.027356
-0.01162,0.042427,-0.025116
-0.010994,0.044135,-0.023018
-0.010384,0.045871,-0.021155
-0.009794,0.047642,-0.019389
-0.0092193,0.049436,-0.017675
-0.010751,0.052822,-0.021409
-0.012433,0.056389,-0.02549
-0.014274,0.060146,-0.029803
-0.016274,0.064083,-0.034229
-0.018443,0.068216,-0.038797
-0.020788,0.072547,-0.04347
-0.023315,0.077081,-0.048278
-0.026024,0.081807,-0.053197
-0.028923,0.086735,-0.058208
-0.032017,0.091863,-0.063193
-0.030859,0.092294,-0.060561
-0.029736,0.092732,-0.058395
-0.028644,0.093171,-0.056451
-0.027584,0.093611,-0.054777
-0.026553,0.09405,-0.053284
-0.025552,0.094494,-0.051834
-0.024578,0.094938,-0.050515
-0.023634,0.095389,-0.049324
-0.022715,0.095836,-0.048261
-0.021823,0.09629,-0.047176
-0.022789,0.10986,-0.045747
-0.023793,0.12457,-0.04437
-0.024834,0.14045,-0.043011
-0.025915,0.15753,-0.041504
-0.027033,0.17583,-0.04001
-0.028191,0.19539,-0.038642
-0.029388,0.21621,-0.037294
-0.030624,0.23832,-0.036035
-0.031898,0.26173,-0.034793
-0.033212,0.28645,-0.033462
-0.032872,0.26498,-0.031496
-0.032539,0.24505,-0.029626
-0.032213,0.22655,-0.027974
-0.031894,0.20936,-0.026584
-0.031582,0.19338,-0.025302
-0.031274,0.17852,-0.02421
-0.030973,0.16469,-0.023193
-0.030678,0.15182,-0.022178
-0.030387,0.13983,-0.021239
-0.030101,0.12868,-0.020307
-0.027988,0.12578,-0.029314
-0.025965,0.12296,-0.039353
-0.024031,0.12022,-0.050143
-0.022182,0.11755,-0.061412
-0.020415,0.11494,-0.073206
-0.018731,0.1124,-0.085495
-0.017125,0.10991,-0.098147
-0.015598,0.10749,-0.1113
-0.014147,0.10511,-0.12467
-0.012772,0.10279,-0.138
-0.01613,0.10126,-0.17151
-0.019936,0.0997,-0.20688
-0.024209,0.098127,-0.24397
-0.028963,0.096531,-0.28282
-0.034215,0.09491,-0.32286
-0.039987,0.093292,-0.36419
-0.046284,0.091647,-0.40623
-0.053122,0.08999,-0.4486
-0.060515,0.088329,-0.49141
-0.068467,0.086653,-0.53472
-0.066883,0.06859,-0.39745
-0.065448,0.053558,-0.29754
-0.064137,0.041082,-0.22287
-0.062935,0.030791,-0.16608
-0.061826,0.022383,-0.12228
-0.060795,0.015608,-0.088169
-0.059843,0.010272,-0.061747
-0.058949,0.0061917,-0.04137
-0.058107,0.0032298,-0.025986
-0.057308,0.0012707,-0.014823
-0.055639,0.0014508,-0.015137
-0.05403,0.0016426,-0.015429
-0.052474,0.0018444,-0.015675
-0.050964,0.0020534,-0.015798
-0.049504,0.0022718,-0.015877
-0.048097,0.0025012,-0.015972
-0.046728,0.002736,-0.016007
-0.045409,0.0029812,-0.015978
-0.04413,0.0032335,-0.015914
-0.04289,0.0034928,-0.015876
-0.038201,0.0037328,-0.013688
-0.03388,0.0039785,-0.011642
-0.029903,0.0042281,-0.0097789
-0.026257,0.0044834,-0.0080506
-0.022918,0.0047409,-0.0065224
-0.019871,0.0050015,-0.0052006
-0.017102,0.0052666,-0.0040457
-0.014593,0.0055343,-0.0030377
-0.01233,0.0058055,-0.0021875
-0.010299,0.0060808,-0.0014986
-0.011387,0.0073438,-0.002773
-0.012531,0.008773,-0.0044433
-0.013738,0.010387,-0.0065249
-0.015004,0.012193,-0.0090989
-0.016329,0.014205,-0.012112
-0.017719,0.01644,-0.01561
-0.019172,0.018908,-0.019545
-0.020684,0.021617,-0.023823
-0.022262,0.024584,-0.028492
-0.023905,0.027822,-0.033614
-0.026415,0.026095,-0.039704
-0.02908,0.024419,-0.046047
-0.031898,0.022782,-0.052641
-0.034881,0.021193,-0.059578
-0.038029,0.019645,-0.066728
-0.041355,0.018147,-0.073948
-0.044858,0.016695,-0.081315
-0.048543,0.015289,-0.08895
-0.052425,0.013938,-0.096754
-0.056488,0.012629,-0.10446
-0.053898,0.010178,-0.10176
-0.051445,0.0080377,-0.099222
-0.049062,0.0061583,-0.097143
-0.046768,0.0045451,-0.095246
-0.044572,0.0031942,-0.093516
-0.042445,0.0020877,-0.091968
-0.040403,0.0012246,-0.090489
-0.038452,0.00059774,-0.08898
-0.036556,0.00019458,-0.087683
-0.034728,1.2522e-05,-0.086587
-0.033775,-5.065e-06,-0.066863
-0.032852,-6.137e-05,-0.050655
-0.031963,-0.00017436,-0.037434
-0.031096,-0.00033923,-0.02687
-0.030255,-0.00055091,-0.018448
-0.02943,-0.00080735,-0.011898
-0.028642,-0.0011008,-0.0070072
-0.02786,-0.0014358,-0.003468
-0.027096,-0.0018078,-0.0012158
-0.026348,-0.0022165,-0.00012523
-0.026125,-0.0011605,0.00049027
-0.025903,-0.00045036,0.0029229
-0.025677,-7.1468e-05,0.0072784
-0.025465,1.9402e-05,0.013418
-0.025234,0.00030017,0.021409
-0.025014,0.00092961,0.031136
-0.024777,0.001924,0.042745
-0.024535,0.0033103,0.056197
-0.02428,0.0051145,0.071556
-0.02402,0.0073709,0.088987
-0.025031,0.0090975,0.089825
-0.02607,0.011018,0.09087
-0.027135,0.013136,0.092007
-0.028245,0.015467,0.093533
-0.029377,0.018001,0.095044
-0.030546,0.020752,0.09667
-0.031748,0.023722,0.098404
-0.032985,0.026915,0.10007
-0.034255,0.030334,0.10184
-0.035565,0.033987,0.10389
-0.038773,0.031384,0.098183
-0.042094,0.028898,0.093197
-0.045525,0.026522,0.088974
-0.049077,0.024258,0.08532
-0.052756,0.022104,0.082063
-0.056555,0.020054,0.079372
-0.06048,0.018108,0.077098
-0.064532,0.016262,0.075112
-0.068715,0.014517,0.073404
-0.073038,0.012872,0.072021
-0.073799,0.011092,0.064898
-0.074567,0.0094675,0.058385
-0.075338,0.0079904,0.052514
-0.076117,0.0066557,0.04727
-0.076897,0.0054559,0.042509
-0.077693,0.004388,0.038244
-0.078488,0.0034447,0.034316
-0.079285,0.0026225,0.030622
-0.080085,0.001918,0.027235
-0.080894,0.0013281,0.02421
-0.087222,0.0003734,0.02437
-0.093865,4.1866e-06,0.024465
-0.10084,-0.00023751,0.024546
-0.10817,-0.0010933,0.02463
-0.11587,-0.0025937,0.024675
-0.12396,-0.0047628,0.024651
-0.13246,-0.007626,0.024607
-0.14137,-0.011208,0.024574
-0.15072,-0.015537,0.024523
-0.16051,-0.020637,0.024334
-0.16239,-0.01852,0.039322
-0.16427,-0.016522,0.056695
-0.16615,-0.014646,0.075955
-0.16804,-0.012884,0.096745
-0.16994,-0.011236,0.11891
-0.17183,-0.0097026,0.14234
-0.17374,-0.0082824,0.16673
-0.17564,-0.0069757,0.19231
-0.17755,-0.0057799,0.21857
-0.17947,-0.0046994,0.24575
-0.1787,-0.0030703,0.20359
-0.178,-0.0018169,0.1693
-0.17736,-0.00090895,0.14104
-0.17674,-0.00032294,0.11737
-0.17618,-3.614e-05,0.097442
-0.17564,3.2693e-05,0.080416
-0.17513,0.00029789,0.065948
-0.17465,0.0008197,0.053689
-0.17419,0.0015883,0.043239
-0.17373,0.0025912,0.034233
-0.17336,0.00090396,0.044192
-0.17299,8.7772e-05,0.054604
-0.1726,-0.00012618,0.065265
-0.17223,-0.0010063,0.076132
-0.17185,-0.0027208,0.087099
-0.17146,-0.005264,0.097921
-0.17106,-0.0086335,0.10868
-0.17066,-0.012829,0.11955
-0.17026,-0.017847,0.13031
-0.16981,-0.023707,0.14082
-0.17365,-0.022006,0.12167
-0.17748,-0.020407,0.10567
-0.18129,-0.018904,0.092007
-0.18512,-0.017481,0.080007
-0.18892,-0.016148,0.069554
-0.19275,-0.014885,0.060603
-0.19659,-0.01369,0.05272
-0.20042,-0.01257,0.045661
-0.20427,-0.011509,0.039414
-0.20813,-0.010511,0.033986
-0.20752,-0.0080654,0.026269
-0.20692,-0.005969,0.019847
-0.20635,-0.0042048,0.014543
-0.20584,-0.0027569,0.010304
-0.20535,-0.001623,0.0069306
-0.20489,-0.00079222,0.0042796
-0.20446,-0.00025896,0.0023262
-0.20404,-1.7054e-05,0.0010198
-0.20364,6.0172e-05,0.00026364
-0.20326,0.00038352,1.5271e-06
-0.20084,0.00079325,2.844e-05
-0.19844,0.0013399,6.5758e-05
-0.19608,0.0020168,9.9812e-05
-0.19373,0.0028148,0.00011786
-0.19142,0.0037333,0.00012408
-0.18914,0.0047643,0.00012456
-0.1869,0.0059061,0.00011797
-0.18468,0.0071523,0.00010436
-0.18242,0.0084772,9.175e-05
-0.18023,0.0099085,7.4867e-05
-0.18161,0.011171,-0.0016412
-0.183,0.012507,-0.007509
-0.18437,0.013911,-0.01692
-0.18576,0.015395,-0.029455
-0.18715,0.016952,-0.044593
-0.18853,0.018585,-0.062057
-0.18992,0.020293,-0.081491
-0.1913,0.022076,-0.10259
-0.19268,0.023936,-0.12521
-0.19405,0.025866,-0.14923
-0.21511,0.022943,-0.089734
-0.23715,0.020224,-0.048531
-0.26027,0.017684,-0.021594
-0.28456,0.015304,-0.0061406
-0.31018,0.013094,-0.00019518
-0.3371,0.011027,0.0022255
-0.36548,0.0091267,0.01106
-0.39534,0.0073878,0.025669
-0.42674,0.0058188,0.045286
-0.45973,0.004426,0.069157
-0.45022,0.0044181,0.086699
-0.44088,0.0044032,0.10583
-0.43177,0.0043884,0.12643
-0.42283,0.0043692,0.14814
-0.4141,0.0043494,0.171
-0.4055,0.0043239,0.19497
-0.3971,0.0042994,0.21985
-0.38883,0.0042687,0.24523
-0.38072,0.0042371,0.27124
-0.37278,0.0042047,0.29809
-0.34373,0.0020206,0.31639
-0.31653,0.00065412,0.33529
-0.29104,4.4632e-05,0.35459
-0.26719,-0.00013728,0.37362
-0.2448,-0.00088511,0.39263
-0.22382,-0.0022443,0.41195
-0.20414,-0.0041785,0.43114
-0.18568,-0.0066588,0.44986
-0.16838,-0.0096506,0.46841
-0.15214,-0.013143,0.48706
-0.15919,-0.012398,0.46093
-0.16635,-0.011688,0.43908
-0.1736,-0.01101,0.42091
-0.18097,-0.010361,0.40544
-0.18845,-0.0097436,0.39213
-0.19603,-0.009155,0.38094
-0.20374,-0.0085864,0.37137
-0.21156,-0.0080458,0.36328
-0.21951,-0.0075275,0.35625
-0.22757,-0.0070327,0.34968
-0.22838,-0.0036879,0.33093
-0.22919,-0.0014417,0.31343
-0.22999,-0.00024242,0.29727
-0.2308,4.2879e-05,0.28167
-0.23161,0.00080609,0.2669
-0.23243,0.0024997,0.25277
-0.23324,0.0050925,0.23918
-0.23404,0.0085612,0.22636
-0.23485,0.012887,0.21418
-0.23565,0.018043,0.20239
-0.246,0.019325,0.20807
-0.2566,0.020647,0.21366
-0.26745,0.022014,0.21898
-0.27856,0.023425,0.22388
-0.28991,0.024878,0.22855
-0.30152,0.026374,0.23318
-0.31336,0.027908,0.2377
-0.32545,0.029486,0.24178
-0.33777,0.0311,0.2457
-0.35032,0.032754,0.24988
-0.33104,0.022938,0.19362
-0.31306,0.015149,0.14933
-0.29626,0.0091738,0.11403
-0.28051,0.0048186,0.085578
-0.26571,0.0019279,0.062697
-0.25177,0.00036771,0.044521
-0.23861,-2.3663e-05,0.030157
-0.22615,-0.0007998,0.019021
-0.21433,-0.0026151,0.010771
-0.20309,-0.0054031,0.0050385
-0.20196,-0.0045263,0.0045284
-0.20084,-0.0037348,0.0039664
-0.19974,-0.0030264,0.0033963
-0.19865,-0.0023985,0.0028015
-0.19757,-0.0018487,0.0022378
-0.19652,-0.0013747,0.0017064
-0.19547,-0.00097438,0.0012373
-0.19445,-0.00064541,0.00084883
-0.19344,-0.00038597,0.00053788
-0.19243,-0.00019439,0.00030085
-0.19595,-9.5779e-06,0.00091669
-0.19952,5.9556e-05,0.0017707
-0.20312,0.00034189,0.0028026
-0.20675,0.00085421,0.0039443
-0.21039,0.0015941,0.0051958
-0.21407,0.0025599,0.0065692
-0.21778,0.0037498,0.0080144
-0.22154,0.0051625,0.0095638
-0.22532,0.006796,0.011168
-0.22912,0.0086476,0.012765
-0.22303,0.0074397,0.0080667
-0.21716,0.00635,0.0045849
-0.21148,0.0053669,0.0021937
-0.20602,0.0044881,0.00073245
-0.2007,0.0037025,6.7223e-05
-0.19562,0.0030102,-9.4205e-05
-0.19066,0.0023991,-0.00073259
-0.18584,0.0018667,-0.0019543
-0.18121,0.001411,-0.0037156
-0.17668,0.0010243,-0.0059803
-0.18204,0.00093948,-0.006198
-0.18751,0.00085884,-0.0063703
-0.19305,0.00078103,-0.0065306
-0.19874,0.00070856,-0.0066465
-0.2045,0.00063903,-0.0067604
-0.21033,0.00057259,-0.0069235
-0.21624,0.00050959,-0.0070771
-0.22228,0.00045105,-0.0071688
-0.2284,0.00039585,-0.0072467
-0.23455,0.0003432,-0.007352
-0.23541,0.0008845,-0.010767
-0.23632,0.0016742,-0.014545
-0.2372,0.0027058,-0.018648
-0.23808,0.0039774,-0.023146
-0.23894,0.0054842,-0.027908
-0.23979,0.0072228,-0.032954
-0.24066,0.0091934,-0.038229
-0.2415,0.011389,-0.043567
-0.24233,0.013807,-0.049048
-0.24324,0.016458,-0.054488
-0.246,0.017549,-0.047044
-0.2488,0.018669,-0.040815
-0.25163,0.019817,-0.035587
-0.25443,0.020986,-0.031257
-0.25727,0.022182,-0.027553
-0.26015,0.023408,-0.024442
-0.26297,0.024648,-0.021723
-0.26589,0.025923,-0.019422
-0.26878,0.027217,-0.017384
-0.27165,0.028528,-0.015524
-0.25685,0.040495,-0.031132
-0.24246,0.054417,-0.050168
-0.22852,0.070303,-0.071962
-0.21498,0.088161,-0.095827
-0.20173,0.10798,-0.12162
-0.18883,0.1298,-0.14892
-0.17652,0.15376,-0.17682
-0.16434,0.17969,-0.2064
-0.15256,0.20776,-0.23673
-0.14112,0.23794,-0.26772
-0.14345,0.2142,-0.29062
-0.14579,0.19222,-0.3139
-0.1481,0.17186,-0.33728
-0.15042,0.15302,-0.36099
-0.15278,0.13563,-0.38494
-0.15519,0.11958,-0.40903
-0.15754,0.10477,-0.43282
-0.15991,0.091156,-0.45633
-0.16235,0.078689,-0.4797
-0.16475,0.067278,-0.50239
-0.16262,0.075914,-0.4665
-0.16058,0.084979,-0.43729
-0.15851,0.094432,-0.41286
-0.15648,0.10429,-0.39175
-0.15437,0.11452,-0.37363
-0.15228,0.12513,-0.35777
-0.15047,0.13624,-0.34293
-0.14851,0.14768,-0.3302
-0.14653,0.15948,-0.31873
-0.14461,0.17168,-0.3085
-0.13966,0.16492,-0.24183
-0.13495,0.15855,-0.1885
-0.13051,0.15255,-0.14544
-0.1262,0.14684,-0.11054
-0.12206,0.14141,-0.082258
-0.11802,0.1362,-0.059564
-0.11422,0.13127,-0.041406
-0.11046,0.1265,-0.027176
-0.10689,0.12196,-0.016366
-0.10345,0.11761,-0.0085629
-0.091693,0.12316,-0.016338
-0.080686,0.12877,-0.025451
-0.070456,0.13446,-0.035518
-0.060976,0.14024,-0.046256
-0.052364,0.1462,-0.05748
-0.044358,0.15221,-0.069031
-0.037055,0.15832,-0.080835
-0.030388,0.1645,-0.092798
-0.02438,0.17077,-0.10481
-0.019094,0.1772,-0.11697
-0.021298,0.17577,-0.13417
-0.023637,0.17435,-0.1512
-0.026101,0.17294,-0.16815
-0.028697,0.17153,-0.18524
-0.0314,0.17011,-0.20219
-0.034225,0.1687,-0.21894
-0.03718,0.1673,-0.23552
-0.040279,0.16591,-0.25218
-0.043461,0.1645,-0.2686
-0.046811,0.16312,-0.28469
-0.043525,0.16451,-0.22285
-0.040461,0.16594,-0.17415
-0.037575,0.16742,-0.13541
-0.034829,0.16891,-0.10469
-0.032212,0.17041,-0.079893
-0.029762,0.17195,-0.0599
-0.027422,0.1735,-0.043783
-0.025195,0.17506,-0.030844
-0.023097,0.17665,-0.020676
-0.021099,0.17824,-0.012938
-0.02652,0.17294,-0.01494
-0.032537,0.16775,-0.016633
-0.039107,0.16265,-0.01804
-0.046364,0.15769,-0.019262
-0.054163,0.1528,-0.020216
-0.062555,0.148,-0.020896
-0.071523,0.14328,-0.021372
-0.081133,0.13866,-0.021579
-0.091336,0.13412,-0.021625
-0.10212,0.12965,-0.021495
-0.096467,0.11491,-0.02232
-0.091047,0.10155,-0.023188
-0.08593,0.089468,-0.024019
-0.08108,0.078546,-0.024918
-0.076427,0.068678,-0.025827
-0.072153,0.059809,-0.026847
-0.067964,0.051809,-0.027827
-0.064072,0.044641,-0.028783
-0.060303,0.038213,-0.029726
-0.056752,0.032478,-0.030598
-0.060254,0.030154,-0.018825
-0.063784,0.027931,-0.010331
-0.067416,0.025811,-0.0045808
-0.071108,0.023781,-0.0012227
-0.074903,0.02184,-1.1769e-05
-0.078812,0.019984,0.00071244
-0.082824,0.018208,0.0031171
-0.08691,0.016509,0.0070591
-0.09118,0.014892,0.012384
-0.095506,0.013348,0.019015
-0.095462,0.010522,0.0089524
-0.095443,0.0080674,0.0029762
-0.095394,0.0059632,0.00029007
-0.095415,0.0041944,-0.00033368
-0.095483,0.0027468,-0.0026497
-0.09554,0.00161,-0.0069167
-0.095534,0.00077728,-0.012925
-0.095546,0.00024542,-0.020548
-0.095601,1.2016e-05,-0.029602
-0.095552,-7.658e-05,-0.039986
-0.090047,-1.3181e-06,-0.036916
-0.084744,3.9019e-05,-0.034069
-0.07971,0.00018084,-0.031447
-0.074896,0.00041872,-0.028931
-0.070328,0.00074533,-0.026589
-0.065979,0.0011539,-0.024491
-0.061814,0.0016383,-0.022526
-0.057892,0.002193,-0.020627
-0.054173,0.0028127,-0.018831
-0.050601,0.0034928,-0.017237
-0.047388,0.0029858,-0.014795
-0.04434,0.0025296,-0.012622
-0.041441,0.002121,-0.010707
-0.0387,0.0017572,-0.0089677
-0.036086,0.0014356,-0.0074443
-0.033659,0.0011529,-0.0061195
-0.031323,0.00090736,-0.0049753
-0.029122,0.00069621,-0.0040219
-0.026996,0.00051772,-0.0031762
-0.02499,0.00036929,-0.0024506
-0.025412,0.00093337,-0.0026199
-0.02579,0.0017612,-0.0028143
-0.026152,0.0028596,-0.0030183
-0.026536,0.0042354,-0.0031875
-0.026877,0.0059022,-0.0033722
-0.027223,0.0078686,-0.0035842
-0.027597,0.010144,-0.0038111
-0.027957,0.012747,-0.004007
-0.02831,0.015689,-0.0042105
-0.028657,0.018986,-0.0044618
-0.028019,0.022823,-0.0069083
-0.027357,0.027081,-0.009813
-0.026674,0.031783,-0.013137
-0.025993,0.036944,-0.016871
-0.025339,0.042574,-0.021005
-0.024642,0.04872,-0.025308
-0.023934,0.05539,-0.02989
-0.023218,0.062603,-0.034652
-0.022478,0.070386,-0.039658
-0.021759,0.078731,-0.044879
-0.022535,0.085937,-0.032712
-0.023328,0.093479,-0.023011
-0.024134,0.10137,-0.015351
-0.024989,0.10961,-0.0094785
-0.025853,0.11822,-0.0051654
-0.026734,0.12723,-0.0022645
-0.027629,0.13664,-0.00058673
-0.028572,0.14642,-4.5608e-06
-0.029525,0.15662,0.00036941
-0.030511,0.16723,0.0015893
-0.02459,0.15984,0.00021121
-0.019422,0.1528,-6.4013e-05
-0.014952,0.14609,-0.0008131
-0.011145,0.13967,-0.0022136
-0.0079507,0.13353,-0.0041255
-0.0053376,0.12766,-0.0064298
-0.003274,0.12203,-0.0090675
-0.0017354,0.11662,-0.012057
-0.0006948,0.11141,-0.015344
-0.00012638,0.10641,-0.018836
-8.5665e-05,0.10051,-0.015337
-5.3095e-05,0.094944,-0.012405
-2.8892e-05,0.089654,-0.0099493
-1.194e-05,0.084671,-0.0078117
-2.5323e-06,0.079934,-0.0060171
3.1521e-08,0.075403,-0.0044816
3.8188e-06,0.071131,-0.003229
1.383e-05,0.067094,-0.0022486
2.9461e-05,0.063247,-0.001472
5.0786e-05,0.05961,-0.00089006
4.9196e-05,0.063132,-5.9148e-05
4.6617e-05,0.066753,0.00019887
4.391e-05,0.070528,0.0012629
4.085e-05,0.074453,0.0031626
3.7128e-05,0.078503,0.0058405
3.3323e-05,0.082732,0.00933
2.8924e-05,0.08708,0.013552
2.443e-05,0.091593,0.018497
1.9922e-05,0.096271,0.024073
1.5535e-05,0.10112,0.030175
2.6845e-06,0.10238,0.035958
-4.4358e-07,0.10362,0.042245
-8.7225e-06,0.10489,0.048936
-2.7438e-05,0.10616,0.055915
-5.6301e-05,0.10745,0.06326
-9.5562e-05,0.10872,0.071095
-0.00014499,0.10999,0.079353
-0.00020398,0.11131,0.087811
-0.00027339,0.11257,0.096646
-0.00035222,0.11387,0.10551
-0.00015398,0.10873,0.097766
-3.7218e-05,0.10385,0.090871
2.6039e-08,0.099203,0.084799
4.0652e-05,0.094772,0.079431
0.00015744,0.090556,0.074623
0.00034881,0.086537,0.070158
0.00061333,0.082715,0.066136
0.00094941,0.07904,0.062405
0.001356,0.075568,0.059085
0.0018315,0.07219,0.055906
0.0023577,0.069299,0.057779
0.0029461,0.0665,0.059865
0.0035957,0.063769,0.06209
0.0043058,0.061113,0.064401
0.0050757,0.058542,0.066715
0.0059047,0.056038,0.069027
0.0067922,0.053604,0.071365
0.0077375,0.051245,0.07366
0.00874,0.048958,0.075979
0.0097992,0.046739,0.078169
0.0099981,0.039507,0.072443
0.010198,0.033079,0.067557
0.010399,0.027397,0.063259
0.010602,0.022392,0.059496
0.010803,0.018026,0.056082
0.011006,0.014233,0.052929
0.011209,0.010968,0.050066
0.011411,0.0082045,0.047492
0.011614,0.0058882,0.045166
0.011817,0.0039963,0.042912
0.01226,0.0030842,0.042643
0.012709,0.0022932,0.042271
0.013165,0.0016222,0.041861
0.013626,0.0010706,0.041537
0.01409,0.00063742,0.041235
0.014564,0.00031524,0.04108
0.015045,0.00010598,0.0409
0.015533,8.0756e-06,0.040599
0.016032,-2.1409e-05,0.04029
0.016539,-0.00014623,0.040071
0.017065,-0.00010802,0.040002
0.017602,-7.5907e-05,0.039846
0.018149,-4.9168e-05,0.039675
0.01871,-2.8589e-05,0.0396
0.019278,-1.3259e-05,0.039519
0.019861,-3.8549e-06,0.039338
0.02045,-6.1596e-08,0.039152
0.021056,2.0351e-06,0.039059
0.021671,9.7588e-06,0.038972
0.022298,2.3203e-05,0.038704
0.021323,2.4732e-05,0.044008
0.020367,2.6261e-05,0.049396
0.01943,2.7786e-05,0.054931
0.018507,2.9594e-05,0.060759
0.017606,3.1128e-05,0.066712
0.016718,3.3171e-05,0.072931
0.015851,3.5038e-05,0.079293
0.014998,3.7185e-05,0.085578
0.014163,3.9617e-05,0.091964
0.013349,4.1839e-05,0.098513
0.012481,0.00033486,0.096141
0.011656,0.00089711,0.094066
0.010858,0.0017251,0.092039
0.010097,0.0028097,0.090068
0.0093601,0.0041546,0.088103
0.0086595,0.0057469,0.086075
0.007981,0.0076008,0.084095
0.0073326,0.009707,0.082307
0.0067068,0.012081,0.08057
0.0061073,0.014722,0.078694
0.0077897,0.01403,0.083204
0.0096916,0.013346,0.087759
0.011819,0.01267,0.092245
0.014177,0.012005,0.096838
0.016774,0.011346,0.10142
0.019612,0.010699,0.10627
0.0227,0.010062,0.11119
0.026042,0.0094397,0.11637
0.029656,0.0088214,0.12168
0.033531,0.0082232,0.12679
0.032807,0.010726,0.13711
0.032077,0.013598,0.14747
0.031351,0.016842,0.15775
0.030625,0.020472,0.16818
0.029903,0.024494,0.17853
0.029179,0.028926,0.18909
0.028461,0.033767,0.1996
0.027743,0.039036,0.21016
0.027027,0.044738,0.22061
0.026313,0.050881,0.2308
0.02858,0.056142,0.22172
0.030945,0.061669,0.21381
0.033413,0.067463,0.20686
0.035984,0.073526,0.20057
0.038661,0.079866,0.19487
0.041444,0.086483,0.18948
0.044335,0.093382,0.18463
0.047336,0.10056,0.1804
0.050449,0.10802,0.17661
0.053674,0.11578,0.17301
0.044314,0.1112,0.16745
0.036041,0.10689,0.16233
0.028783,0.10281,0.15772
0.022474,0.098941,0.15314
0.017054,0.095274,0.1488
0.012468,0.091789,0.14491
0.0086672,0.088472,0.1412
0.0056062,0.08531,0.13783
0.0032443,0.082287,0.13451
0.0015466,0.079394,0.13115
0.0023897,0.07903,0.12062
0.0034046,0.078686,0.111
0.0045876,0.078361,0.10229
0.0059355,0.078057,0.094583
0.0074462,0.077766,0.087575
0.0091177,0.077489,0.081275
0.010949,0.077224,0.075453
0.01294,0.076962,0.069961
0.015088,0.076721,0.064935
0.017394,0.07648,0.060123
0.014571,0.083718,0.060933
0.011982,0.09131,0.06172
0.0096288,0.099277,0.062404
0.0075154,0.10764,0.062879
0.0056494,0.11639,0.063233
0.004036,0.12555,0.063586
0.0026812,0.13513,0.063952
0.0015937,0.14513,0.06419
0.00078074,0.15557,0.064357
0.00025116,0.16644,0.064259
9.9275e-05,0.15124,0.043925
1.8186e-05,0.13745,0.028503
-1.5908e-06,0.12491,0.017119
-4.3986e-05,0.11352,0.0090737
-0.00014056,0.10313,0.0037991
-0.0002872,0.093644,0.0008677
-0.00047959,0.084955,-1.3381e-06
-0.00071612,0.077025,-0.00093029
-0.00099237,0.069729,-0.0034411
-0.0013076,0.063033,-0.0074166
-0.00062398,0.057755,-0.0067338
-0.00019825,0.05283,-0.0061552
-1.1799e-05,0.04822,-0.0056918
4.842e-05,0.043916,-0.0052867
0.00029302,0.039895,-0.0049577
0.00073087,0.036163,-0.0046131
0.001352,0.032658,-0.0043852
0.002144,0.029398,-0.0041851
0.0030989,0.026358,-0.0040214
0.0042093,0.023522,-0.0039184
0.004548,0.018927,-0.0039546
0.0048889,0.014974,-0.0040077
0.0052305,0.011608,-0.004041
0.0055722,0.008771,-0.0040563
0.005912,0.0064187,-0.0040134
0.0062535,0.0044858,-0.0039733
0.0065913,0.0029538,-0.0039412
0.0069327,0.0017617,-0.0038602
0.0072772,0.00088965,-0.0037789
0.0076243,0.00032011,-0.0037254
0.0082557,0.00113,-0.0032708
0.0089301,0.0024776,-0.0028325
0.0096528,0.0044298,-0.0024177
0.010432,0.0070591,-0.0019925
0.011273,0.010462,-0.0015892
0.012182,0.014724,-0.0012265
0.013165,0.019959,-0.00089742
0.014228,0.026269,-0.00059203
0.015374,0.033773,-0.00034277
0.016609,0.042585,-0.00015113
0.016476,0.04456,6.4099e-05
0.016343,0.046575,0.00075753
0.016206,0.048661,0.0021621
0.016069,0.050796,0.0042359
0.015929,0.05299,0.0069316
0.015786,0.055237,0.010125
0.015642,0.057532,0.013813
0.015494,0.059911,0.017872
0.015344,0.062334,0.022358
0.015191,0.064813,0.027271
0.016876,0.063902,0.03033
0.018653,0.063005,0.033581
0.020522,0.062109,0.036965
0.022482,0.061236,0.040564
0.024537,0.060354,0.044248
0.026687,0.059477,0.047933
0.028934,0.058595,0.051691
0.031275,0.057738,0.055686
0.033714,0.056879,0.059773
0.036254,0.056015,0.06394
0.037253,0.051928,0.064562
0.038262,0.048052,0.065177
0.039281,0.04437,0.065827
0.04031,0.040878,0.06639
0.04135,0.037571,0.066997
0.042396,0.034455,0.067498
0.043456,0.031489,0.06807
0.044524,0.028696,0.068724
0.045601,0.026074,0.069497
0.04669,0.023589,0.070311
0.048696,0.02904,0.087782
0.050812,0.035236,0.10678
0.053036,0.042256,0.12726
0.055374,0.050116,0.14931
0.057825,0.058863,0.17255
0.060393,0.068531,0.19652
0.063076,0.079145,0.22149
0.065876,0.090743,0.24728
0.068791,0.10342,0.2732
0.071824,0.11709,0.29986
0.063511,0.12158,0.22405
0.055976,0.126,0.166
0.049127,0.13036,0.12105
0.042887,0.13472,0.085816
0.0372,0.13903,0.058567
0.032015,0.14331,0.037837
0.027294,0.1476,0.022401
0.023005,0.15188,0.011455
0.019121,0.15618,0.0043894
0.015623,0.16048,0.00075128
0.011428,0.15582,0.0027135
0.0079365,0.15139,0.0054815
0.0051158,0.14719,0.0088509
0.0029368,0.14319,0.012733
0.0013725,0.13933,0.016959
0.00040379,0.13567,0.021441
1.0797e-05,0.13213,0.026111
-0.00017938,0.12871,0.031056
-0.00089756,0.12541,0.036181
-0.0021563,0.1222,0.041329
-0.0018,0.12173,0.033909
-0.0014786,0.12126,0.02744
-0.0011909,0.12079,0.021863
-0.00093721,0.12031,0.017165
-0.00071518,0.11983,0.013165
-0.00052438,0.11935,0.0098654
-0.00036454,0.11886,0.0071143
-0.0002341,0.11838,0.004911
-0.0001332,0.11789,0.0031482
-6.0899e-05,0.1174,0.0017914
-0.00043122,0.11372,0.0021609
-0.001128,0.11016,0.0025186
-0.0021408,0.10673,0.0028896
-0.0034592,0.10341,0.003302
-0.0050793,0.10019,0.0037273
-0.0069922,0.097067,0.0041955
-0.0091943,0.094035,0.0046919
-0.011682,0.091084,0.0051919
-0.014458,0.088203,0.0056848
-0.017517,0.085393,0.0061939
-0.019087,0.085339,0.003544
-0.020728,0.085279,0.0016423
-0.022436,0.085216,0.00048833
-0.024211,0.085153,1.8934e-05
-0.026053,0.085089,-0.00016568
-0.027965,0.085021,-0.00089992
-0.029946,0.084953,-0.002186
-0.031999,0.084881,-0.0040002
-0.034124,0.084807,-0.0062955
-0.03632,0.084731,-0.0090224
-0.040275,0.087255,-0.012523
-0.044478,0.089828,-0.016627
-0.048935,0.092448,-0.0213
-0.053651,0.095116,-0.026426
-0.058631,0.097831,-0.032073
-0.063883,0.10059,-0.038338
-0.069406,0.1034,-0.045118
-0.075211,0.10625,-0.052332
-0.081298,0.10915,-0.059966
-0.087677,0.11209,-0.067941
-0.08338,0.10778,-0.074491
-0.07926,0.10362,-0.08095
-0.075307,0.099609,-0.087198
-0.071517,0.095739,-0.093334
-0.067886,0.092004,-0.09933
-0.064399,0.0884,-0.10492
-0.061053,0.08492,-0.11032
-0.057854,0.081559,-0.11531
-0.054777,0.078315,-0.12016
-0.051831,0.075181,-0.12498
-0.05163,0.065947,-0.1263
-0.051451,0.057499,-0.12766
-0.051274,0.049789,-0.12913
-0.051101,0.042772,-0.13072
-0.050936,0.036407,-0.13237
-0.050778,0.030656,-0.13421
-0.050627,0.025484,-0.1361
-0.050484,0.020861,-0.13781
-0.050345,0.01676,-0.13952
-0.050204,0.013156,-0.14142
-0.048419,0.013447,-0.11857
-0.046727,0.013723,-0.09927
-0.045115,0.013984,-0.082984
-0.043587,0.014232,-0.069302
-0.042123,0.014467,-0.057679
-0.040713,0.01469,-0.0478
-0.039373,0.014903,-0.039398
-0.038079,0.015106,-0.032236
-0.03683,0.0153,-0.026083
-0.035651,0.015486,-0.020886
-0.035056,0.021998,-0.026414
-0.03446,0.029842,-0.032483
-0.033861,0.039114,-0.039088
-0.033252,0.049917,-0.046018
-0.032625,0.062348,-0.053376
-0.032001,0.076515,-0.061154
-0.031369,0.092515,-0.069252
-0.030726,0.11044,-0.077423
-0.030059,0.13038,-0.085775
-0.029405,0.15243,-0.094354
-0.028023,0.16404,-0.11052
-0.02666,0.1762,-0.12707
-0.025314,0.18889,-0.14379
-0.023995,0.20212,-0.16031
-0.022685,0.21588,-0.17675
-0.0214,0.23016,-0.19328
-0.020151,0.24498,-0.20975
-0.018919,0.26029,-0.2258
-0.017709,0.27611,-0.2416
-0.016547,0.29243,-0.2569
-0.017106,0.28098,-0.25777
-0.017652,0.27002,-0.25976
-0.018201,0.25952,-0.26236
-0.018745,0.24945,-0.2652
-0.019286,0.2398,-0.26835
-0.019824,0.23053,-0.27215
-0.020356,0.22162,-0.2761
-0.020888,0.21306,-0.28034
-0.021409,0.20482,-0.28458
-0.021939,0.1969,-0.28882
-0.023305,0.19355,-0.22041
-0.024681,0.19039,-0.16716
-0.026117,0.18742,-0.12517
-0.027569,0.18458,-0.092176
-0.029073,0.18189,-0.066079
-0.03059,0.17929,-0.045491
-0.032145,0.17679,-0.029597
-0.033746,0.17438,-0.017696
-0.035381,0.17205,-0.0091921
-0.037033,0.16978,-0.0036351
-0.034907,0.16256,-0.0034523
-0.032871,0.15561,-0.0031914
-0.030919,0.14889,-0.0028628
-0.02908,0.14244,-0.0024777
-0.02732,0.13621,-0.0020816
-0.025632,0.13019,-0.0017094
-0.024051,0.12441,-0.0013601
-0.022557,0.11884,-0.0010267
-0.021115,0.11346,-0.00073622
-0.019755,0.10828,-0.00050178
-0.017589,0.11227,-9.1571e-05
-0.015558,0.11633,1.077e-05
-0.013652,0.12046,0.00025328
-0.011863,0.12466,0.00078789
-0.010202,0.12893,0.0016022
-0.0086618,0.13326,0.0027103
-0.0072437,0.13765,0.0040844
-0.0059552,0.14212,0.0056858
-0.0047886,0.14666,0.0075129
-0.0037472,0.15126,0.0095331
-0.0046119,0.15103,0.0070402
-0.0055472,0.15075,0.0051056
-0.0065717,0.15046,0.0036007
-0.0076795,0.15014,0.0024746
-0.0088654,0.14978,0.0016172
-0.010129,0.1494,0.00096833
-0.011469,0.14899,0.00051215
-0.012902,0.14857,0.00022277
-0.014413,0.14813,5.9116e-05
-0.015993,0.14765,2.7836e-07
-0.01674,0.14348,-3.973e-05
-0.01752,0.13948,-0.0001644
-0.018305,0.13561,-0.0003637
-0.019089,0.13187,-0.00063009
-0.019902,0.12827,-0.00095754
-0.020709,0.12478,-0.0013263
-0.021535,0.12142,-0.0017401
-0.022396,0.11818,-0.0022255
-0.02325,0.11503,-0.0027685
-0.024082,0.11197,-0.0033551
-0.020902,0.09833,-0.0029156
-0.018048,0.086061,-0.0025252
-0.015497,0.075048,-0.0021913
-0.013227,0.065185,-0.0019162
-0.011222,0.056379,-0.0016816
-0.0094501,0.048533,-0.0014489
-0.0078933,0.041565,-0.0012446
-0.0065354,0.035401,-0.0010536
-0.0053463,0.029963,-0.00089007
-0.00433,0.025196,-0.00075885
-0.0045705,0.023199,-0.00084609
-0.004812,0.021299,-0.00091852
-0.0050638,0.019498,-0.00099308
-0.0053431,0.017797,-0.0010798
-0.0056166,0.016183,-0.0011749
-0.0059023,0.01466,-0.0012906
-0.0062003,0.013223,-0.0014145
-0.0065013,0.011871,-0.001549
-0.0068227,0.010602,-0.0017018
-0.0071485,0.0094127,-0.0018411
-0.0056831,0.0092601,-0.0045239
-0.004401,0.0091065,-0.0082456
-0.0032798,0.0089513,-0.012932
-0.0023338,0.0087994,-0.018497
-0.001538,0.008648,-0.024975
-0.00090634,0.0085011,-0.032312
-0.00043554,0.0083581,-0.040605
-0.0001335,0.008221,-0.049899
-4.6588e-06,0.0080906,-0.0602
5.5856e-05,0.0079652,-0.071707
0.00010358,0.009389,-0.047866
0.00016127,0.010856,-0.030117
0.00022953,0.012366,-0.017273
0.00030106,0.013933,-0.0084074
0.00038389,0.015568,-0.0028452
0.00047416,0.017292,-0.00023318
0.00058036,0.019123,0.00050859
0.00070027,0.021085,0.0036593
0.00083658,0.023199,0.009798
0.0009948,0.025484,0.019015
0.00027581,0.02393,0.018736
3.6124e-06,0.022466,0.018409
-0.00015606,0.021081,0.01814
-0.00071399,0.019765,0.017885
-0.0016693,0.018507,0.017629
-0.0030189,0.0173,0.017342
-0.0047663,0.016135,0.017026
-0.0069075,0.01501,0.016775
-0.0094621,0.013916,0.016526
-0.012459,0.012849,0.016366
-0.014279,0.014343,0.023698
-0.0163,0.015981,0.03254
-0.018553,0.01777,0.042939
-0.021016,0.019724,0.054643
-0.023729,0.021846,0.067782
-0.026707,0.024145,0.082136
-0.029942,0.02663,0.097819
-0.033467,0.029305,0.11479
-0.037281,0.032178,0.13297
-0.041396,0.035255,0.15257
-0.040133,0.033786,0.10448
-0.038937,0.032408,0.068952
-0.037801,0.031107,0.042889
-0.036743,0.029866,0.024285
-0.035717,0.028687,0.011621
-0.034743,0.027555,0.003873
-0.033795,0.026468,0.00035677
-0.03288,0.025416,-0.00050079
-0.031985,0.024397,-0.0038584
-0.031106,0.023406,-0.010086
-0.029651,0.020162,-0.0053834
-0.028295,0.017238,-0.0023213
-0.027019,0.014612,-0.00060149
-0.025814,0.012263,-4.1765e-06
-0.024682,0.010164,0.00037726
-0.02361,0.0083006,0.0015731
-0.022586,0.0066588,0.0034865
-0.021619,0.005216,0.0060876
-0.020687,0.003969,0.0092732
-0.019795,0.0029015,0.012986
-0.019778,0.0029157,0.0068809
-0.019747,0.0029318,0.0028244
-0.01971,0.002947,0.00058574
-0.019663,0.002965,-1.854e-05
-0.019622,0.0029767,-0.001035
-0.019575,0.0029934,-0.0035605
-0.019531,0.00301,-0.0075512
-0.019493,0.003023,-0.01299
-0.019462,0.0030357,-0.019889
-0.019435,0.0030527,-0.028315
-0.020263,0.004803,-0.023559
-0.021114,0.0069658,-0.019291
-0.021999,0.0095516,-0.015501
-0.022924,0.012576,-0.012135
-0.023892,0.016071,-0.0091812
-0.02491,0.020052,-0.006623
-0.025983,0.024554,-0.0044893
-0.027116,0.029601,-0.0028209
-0.028313,0.035232,-0.0015411
-0.029579,0.041477,-0.00065444
-0.029777,0.040585,-0.0028033
-0.029979,0.039717,-0.0062499
-0.030184,0.038856,-0.010862
-0.030388,0.037992,-0.016494
-0.030593,0.037148,-0.023036
-0.030796,0.036315,-0.030314
-0.030996,0.035481,-0.038296
-0.031193,0.03466,-0.04706
-0.031386,0.033855,-0.056447
-0.031575,0.03305,-0.06629
-0.028753,0.02967,-0.0624
-0.026131,0.026534,-0.059163
-0.023702,0.023656,-0.056523
-0.02145,0.021006,-0.05446
-0.019366,0.018576,-0.052731
-0.017436,0.016332,-0.051284
-0.015653,0.014287,-0.050041
-0.014008,0.01242,-0.049098
-0.012492,0.010722,-0.048323
-0.011097,0.0091805,-0.047561
-0.010419,0.010157,-0.043665
-0.0097634,0.011167,-0.040171
-0.0091311,0.012221,-0.036919
-0.0085209,0.013314,-0.033791
-0.007932,0.014443,-0.030868
-0.0073651,0.015612,-0.028279
-0.0068196,0.016821,-0.025859
-0.0062962,0.018075,-0.023512
-0.0057926,0.019362,-0.021321
-0.00531,0.02069,-0.019329
-0.0077777,0.020808,-0.018768
-0.010759,0.02091,-0.018186
-0.014285,0.021015,-0.017592
-0.018383,0.021104,-0.016936
-0.023093,0.021197,-0.0163
-0.028449,0.021284,-0.01571
-0.034488,0.021361,-0.015128
-0.041252,0.021435,-0.014496
-0.048785,0.021508,-0.013892
-0.057116,0.021561,-0.013313
-0.055493,0.017145,-0.025026
-0.053908,0.01328,-0.039662
-0.052348,0.0099268,-0.056864
-0.050819,0.0070745,-0.076401
-0.049306,0.0047028,-0.098095
-0.047809,0.0028082,-0.12167
-0.046329,0.0013946,-0.14702
-0.044861,0.00046592,-0.17419
-0.043401,3.2218e-05,-0.20305
-0.041955,-0.0001074,-0.23311
-0.043439,4.6958e-06,-0.20689
-0.044932,0.00020944,-0.18466
-0.046432,0.00070536,-0.16546
-0.047946,0.0014819,-0.14842
-0.049464,0.0025255,-0.13336
-0.051002,0.0038342,-0.11992
-0.052558,0.0054031,-0.10794
-0.054125,0.0072242,-0.097304
-0.055711,0.0092992,-0.087751
-0.05732,0.011631,-0.079219
-0.048667,0.011326,-0.095743
-0.04082,0.011022,-0.11222
-0.033748,0.010723,-0.1287
-0.027395,0.010418,-0.14535
-0.021752,0.010122,-0.16185
-0.016784,0.0098272,-0.1781
-0.012472,0.0095324,-0.1942
-0.0088088,0.0092444,-0.21023
-0.0057802,0.0089574,-0.22613
-0.0033865,0.0086782,-0.24164
-0.0041674,0.011303,-0.21086
-0.0050158,0.014206,-0.18426
-0.0059273,0.017374,-0.16116
-0.0069059,0.020811,-0.1409
-0.0079533,0.024521,-0.12313
-0.0090684,0.028504,-0.10737
-0.010251,0.032763,-0.093253
-0.011512,0.037325,-0.080824
-0.012849,0.042192,-0.069675
-0.014268,0.047381,-0.059773
-0.014746,0.049704,-0.043752
-0.015223,0.052053,-0.030633
-0.015701,0.054429,-0.020145
-0.016184,0.056848,-0.012125
-0.016674,0.05931,-0.0062727
-0.017172,0.061824,-0.0024265
-0.017679,0.064389,-0.00039936
-0.018198,0.067017,8.0388e-05
-0.018727,0.069701,0.0013951
-0.019272,0.072455,0.0043044
-0.02022,0.075404,0.0021228
-0.021195,0.078416,0.00075834
-0.022198,0.081498,9.8791e-05
-0.023235,0.084659,-4.8514e-05
-0.024299,0.087886,-0.00053269
-0.025395,0.09119,-0.0014567
-0.026526,0.094572,-0.002752
-0.027685,0.098022,-0.0043888
-0.028883,0.10155,-0.0062778
-0.030106,0.10515,-0.0083877
-0.030479,0.10103,-0.024679
-0.030857,0.097037,-0.048169
-0.031237,0.093123,-0.077893
-0.031623,0.089272,-0.11297
-0.032006,0.085461,-0.15285
-0.032398,0.081692,-0.19687
-0.032792,0.077956,-0.24461
-0.033192,0.074254,-0.29568
-0.0336,0.07059,-0.34995
-0.034005,0.066963,-0.40671
-0.030281,0.070687,-0.35064
-0.026856,0.074413,-0.30478
-0.023707,0.078148,-0.2668
-0.020808,0.081898,-0.23497
-0.018144,0.085665,-0.20782
-0.015697,0.089457,-0.18413
-0.013458,0.093272,-0.16354
-0.011412,0.09712,-0.14546
-0.0095539,0.101,-0.1295
-0.0078746,0.10491,-0.11549
-0.0085744,0.09772,-0.088535
-0.0092879,0.090979,-0.066969
-0.010014,0.084648,-0.049738
-0.010754,0.078693,-0.035957
-0.011506,0.073086,-0.025085
-0.012273,0.067796,-0.016727
-0.01305,0.06281,-0.0104
-0.01384,0.058103,-0.0057399
-0.014643,0.053656,-0.0025797
-0.015458,0.049455,-0.00071758
