0.015309,0.017619,6.4447e-05
0.016595,0.013868,-0.00031558
0.018009,0.010529,-0.0018115
0.019553,0.0075713,-0.0044145
0.021227,0.0049717,-0.0080584
0.023035,0.0027165,-0.012671
0.024982,0.00080023,-0.018249
0.027073,-0.00077479,-0.024746
0.029313,-0.0019996,-0.032188
0.03171,-0.0028595,-0.040526
0.03427,-0.0033353,-0.049794
0.040159,-0.003719,-0.055622
0.046779,-0.0038772,-0.061772
0.054187,-0.0037975,-0.068167
0.062438,-0.0034669,-0.074838
0.07159,-0.0028726,-0.081698
0.081698,-0.0020017,-0.088778
0.092818,-0.00084174,-0.095985
0.10501,0.00061977,-0.10336
0.11831,0.0023945,-0.11079
0.1328,0.004494,-0.11834
0.12659,0.0062435,-0.11213
0.12064,0.0079728,-0.10728
0.11493,0.0096823,-0.10346
0.10945,0.011373,-0.10053
0.10418,0.013044,-0.098247
0.099123,0.014697,-0.096562
0.094264,0.016331,-0.095318
0.089596,0.017949,-0.094492
0.085112,0.019549,-0.093971
0.080805,0.021132,-0.093755
0.084403,0.014951,-0.097762
0.088159,0.0094906,-0.10195
0.092078,0.0047332,-0.10626
0.096168,0.00066539,-0.11072
0.10044,-0.0027236,-0.11527
0.10489,-0.0054408,-0.11996
0.10954,-0.0074911,-0.12471
0.11439,-0.0088761,-0.12958
0.11945,-0.0095962,-0.13449
0.12467,-0.010211,-0.1395
0.1278,-0.010408,-0.11504
0.13099,-0.0107,-0.093881
0.13428,-0.01056,-0.075535
0.13768,-0.0099915,-0.059682
0.14119,-0.009,-0.046017
0.14479,-0.0075891,-0.034347
0.14851,-0.0057605,-0.024476
0.15232,-0.0035136,-0.016279
0.15624,-0.00084629,-0.0096237
0.16026,0.0022446,-0.0044242
0.15534,0.0060704,-0.0078444
0.15055,0.01016,-0.011641
0.14591,0.01451,-0.01572
0.14141,0.019117,-0.020029
0.13703,0.02398,-0.024514
0.13278,0.029097,-0.029152
0.12865,0.034467,-0.033906
0.12465,0.04009,-0.038772
0.12076,0.045966,-0.043724
0.11698,0.052094,-0.048764
0.10832,0.040513,-0.057192
0.10029,0.030646,-0.065303
0.092829,0.02235,-0.073089
0.085904,0.015494,-0.080581
0.079475,0.009962,-0.087782
0.073505,0.0056523,-0.094731
0.067963,0.0024751,-0.10143
0.062818,0.00035307,-0.10791
0.058043,-0.00077972,-0.11419
0.053613,-0.00097729,-0.12028
0.056094,-0.0017588,-0.091133
0.0588,-0.0023665,-0.067435
0.061715,-0.002819,-0.04821
0.064826,-0.0031284,-0.032766
0.068125,-0.003303,-0.02057
0.071607,-0.0033477,-0.011235
0.07527,-0.0032653,-0.0044556
0.079113,-0.0030566,-3.4281e-07
0.083133,-0.0027215,0.0023209
0.087321,-0.0022698,0.0030146
0.087297,-0.0019347,0.003126
0.087272,-0.001589,0.003254
0.087246,-0.0012325,0.003401
0.087219,-0.00086525,0.0035689
0.087189,-0.00048727,0.00376
0.087159,-9.8507e-05,0.0039758
0.087127,0.00030108,0.0042183
0.087094,0.00071152,0.0044884
0.08706,0.0011329,0.0047875
0.087024,0.0015652,0.0051161
0.088151,0.00041574,0.0096796
0.089186,-0.00078585,0.016927
0.09013,-0.0020396,0.02669
0.090986,-0.0033458,0.038825
0.091756,-0.0047046,0.053208
0.092442,-0.0061164,0.069731
0.093045,-0.0075812,0.088293
0.093565,-0.0090992,0.10881
0.094003,-0.01067,0.13118
0.09436,-0.012294,0.15534
0.09593,-0.014503,0.18056
0.097522,-0.016386,0.20678
0.099137,-0.018021,0.23383
0.10074,-0.020037,0.26158
0.10233,-0.022556,0.28988
0.1039,-0.025586,0.31864
0.10548,-0.029131,0.34773
0.10705,-0.033199,0.37711
0.10862,-0.03779,0.40665
0.11021,-0.042911,0.43633
0.12208,-0.034815,0.3451
0.13304,-0.02855,0.2744
0.14336,-0.023766,0.21841
0.15324,-0.020234,0.17344
0.16282,-0.017793,0.13696
0.17218,-0.016334,0.10725
0.18143,-0.015065,0.083093
0.19065,-0.013396,0.063614
0.19989,-0.011302,0.048126
0.20916,-0.0087635,0.036111
0.20174,-0.0076512,0.040787
0.19449,-0.0064881,0.045173
0.18741,-0.0052741,0.049243
0.1805,-0.0040106,0.053003
0.17375,-0.0026997,0.056466
0.16716,-0.001344,0.059661
0.16072,5.4297e-05,0.062608
0.15445,0.0014923,0.06534
0.14832,0.0029679,0.067878
0.14234,0.0044785,0.07025
0.15526,0.0073054,0.060206
0.1687,0.010287,0.051556
0.18267,0.013435,0.0442
0.1972,0.016762,0.038064
0.21231,0.020279,0.033075
0.228,0.023994,0.029177
0.24429,0.027916,0.026313
0.26119,0.032054,0.02444
0.27872,0.036414,0.023515
0.29688,0.041002,0.023496
0.28976,0.047306,0.027003
0.28265,0.053725,0.032583
0.27556,0.060284,0.039846
0.26851,0.067003,0.048523
0.26149,0.073894,0.058418
0.25451,0.08097,0.06939
0.24759,0.088239,0.081333
0.2407,0.095708,0.094173
0.23387,0.10338,0.10785
0.22708,0.11126,0.12232
0.20583,0.10873,0.12551
0.18605,0.10616,0.1284
0.16768,0.10355,0.13102
0.15062,0.10092,0.13343
0.1348,0.098263,0.13565
0.12014,0.095584,0.1377
0.10658,0.092887,0.13961
0.094064,0.090177,0.1414
0.082522,0.087457,0.14307
0.071905,0.084731,0.14464
0.066411,0.073438,0.10239
0.061,0.063289,0.071468
0.055783,0.054237,0.048766
0.05082,0.046205,0.032212
0.046138,0.039108,0.020359
0.041748,0.032858,0.012168
0.037649,0.02737,0.0068742
0.033831,0.022562,0.0038993
0.030285,0.018363,0.0027756
0.027085,0.014809,0.0014567
0.031843,0.019135,0.0011461
0.037212,0.024219,0.00063581
0.04324,0.030127,-7.9218e-05
0.049971,0.03692,-0.0010075
0.057451,0.04466,-0.0021553
0.065725,0.053408,-0.003535
0.074838,0.063221,-0.0051554
0.084835,0.074156,-0.007034
0.095757,0.086267,-0.0091828
0.10765,0.099601,-0.011624
0.10513,0.097791,-0.0060324
0.10273,0.096094,-0.0018873
0.10042,0.094487,0.0011404
0.09819,0.092953,0.0032837
0.096026,0.091479,0.0047239
0.09392,0.090054,0.0055903
0.091864,0.08867,0.0059866
0.089853,0.087319,0.0059876
0.087881,0.085996,0.0056794
0.085935,0.084682,0.0055108
0.078973,0.073666,0.0038229
0.072491,0.063809,-0.00014548
0.066448,0.055003,-0.0063903
0.060798,0.04714,-0.014569
0.055501,0.040127,-0.024419
0.050522,0.03388,-0.035757
0.045827,0.028327,-0.04843
0.041389,0.023402,-0.062344
0.037178,0.01905,-0.077401
0.033173,0.015221,-0.093562
0.032217,0.012139,-0.065859
0.03147,0.0095552,-0.044947
0.03088,0.0073875,-0.029291
0.030408,0.0055753,-0.017814
0.030023,0.0040716,-0.0097022
0.029695,0.0028397,-0.0043682
0.029401,0.0018508,-0.0013651
0.029118,0.0010818,-0.00037099
0.028846,0.00051755,0.000281
0.028608,0.00016131,0.0025308
0.026311,0.00014167,0.00085166
0.024134,0.00012613,-0.00012102
0.022077,0.00011641,-0.00052821
0.020131,0.00011149,-0.00063719
0.018278,0.000103,-0.0010352
0.016514,8.8162e-05,-0.0017091
0.014834,6.5517e-05,-0.0025994
0.013238,3.3893e-05,-0.0036614
0.011722,-7.3829e-06,-0.0048545
0.010285,-5.8917e-05,-0.0061512
0.010472,2.3578e-05,-0.0036148
0.010631,9.136e-05,-0.0018873
0.010758,0.00014088,-0.00089667
0.010848,0.00016839,-0.00059281
0.010932,0.00019644,-0.00031251
0.011046,0.00025411,0.00059459
0.011193,0.00034617,0.0021163
0.011375,0.00047757,0.0042456
0.011597,0.00065366,0.0069839
0.011862,0.00087985,0.010332
0.011273,0.0010953,0.0097066
0.010689,0.0014963,0.0091047
0.010109,0.0020768,0.0085216
0.0095298,0.0028332,0.007951
0.0089511,0.0037647,0.0073887
0.0083712,0.0048727,0.0068299
0.0077889,0.0061611,0.0062706
0.0072031,0.0076353,0.0057073
0.0066129,0.0093027,0.005136
0.0060177,0.011172,0.0045539
0.0055461,0.011358,0.004824
0.0050972,0.011546,0.0051437
0.0046718,0.011735,0.0055111
0.0042711,0.011926,0.0059283
0.0038956,0.01212,0.0063933
0.0035466,0.012315,0.0069092
0.0032246,0.012514,0.0074732
0.0029308,0.012716,0.0080896
0.0026657,0.012922,0.0087545
0.0024303,0.013132,0.0094733
0.0028103,0.011805,0.0099449
0.0031896,0.010565,0.010401
0.003565,0.0094119,0.010835
0.0039348,0.0083464,0.011253
0.0042966,0.0073688,0.011647
0.0046492,0.0064802,0.012024
0.0049911,0.0056806,0.012378
0.0053218,0.0049712,0.012714
0.0056405,0.004352,0.013025
0.0059469,0.0038245,0.01332
0.006182,0.005063,0.015181
0.0064209,0.0065647,0.017182
0.0066616,0.0083463,0.019316
0.0069031,0.010427,0.021592
0.007143,0.012825,0.023997
0.0073793,0.015558,0.02654
0.0076079,0.018646,0.029201
0.0078261,0.022105,0.031985
0.0080287,0.025952,0.034868
0.0082126,0.030202,0.037858
0.0080062,0.024465,0.02699
0.0080602,0.019525,0.018247
0.0083302,0.015313,0.011339
0.0087824,0.011772,0.0060548
0.0093908,0.0088474,0.0022128
0.010138,0.0064929,-0.00031999
0.011013,0.0046689,-0.0016521
0.012005,0.003334,-0.0019212
0.012947,0.0022328,-0.0026935
0.013784,0.0012616,-0.0046068
0.014545,0.0025539,-0.0030394
0.015196,0.0041495,-0.0024092
0.015773,0.0061082,-0.0025109
0.016426,0.0086646,-0.0020162
0.017184,0.011897,-0.00065825
0.018051,0.015851,0.0016017
0.019027,0.020577,0.0047963
0.02011,0.026121,0.0089521
0.021296,0.03253,0.014079
0.02258,0.039848,0.020175
0.024775,0.039833,0.045147
0.027563,0.040875,0.077299
0.030891,0.042894,0.11647
0.034709,0.045823,0.16254
0.038964,0.049596,0.21536
0.043596,0.054138,0.27478
0.04854,0.059377,0.34055
0.053728,0.065229,0.4124
0.059089,0.071611,0.49001
0.064553,0.078438,0.57309
0.055239,0.065391,0.48244
0.047717,0.054859,0.40963
0.041526,0.046189,0.34982
0.036353,0.03895,0.29991
0.031987,0.032842,0.25767
0.02827,0.027651,0.22158
0.025088,0.023217,0.19046
0.022353,0.01942,0.16347
0.019995,0.016169,0.13996
0.017959,0.013389,0.1194
0.016474,0.012126,0.1124
0.015097,0.010979,0.10598
0.013819,0.0099395,0.10008
0.012631,0.0089928,0.094639
0.011529,0.0081315,0.089614
0.010505,0.0073452,0.084951
0.009553,0.0066281,0.080631
0.0086686,0.0059718,0.076607
0.0078476,0.0053717,0.072866
0.007085,0.0048212,0.069369
0.0072187,0.0047745,0.070925
0.0073516,0.0047357,0.072404
0.0074853,0.0047079,0.073818
0.0076203,0.0046915,0.075151
0.007758,0.0046896,0.076418
0.007899,0.0047031,0.077601
0.0080449,0.004735,0.078717
0.0081963,0.0047865,0.079749
0.0083547,0.0048606,0.080712
0.008521,0.0049586,0.081593
0.0066264,0.0034167,0.090011
0.0048591,0.002327,0.098415
0.0032107,0.0016785,0.10686
0.0017502,0.0008937,0.11536
0.00052489,-0.0004026,0.12396
-0.0004648,-0.0022086,0.13265
-0.0012153,-0.0045224,0.14145
-0.0017207,-0.0073427,0.15033
-0.0019786,-0.010668,0.15928
-0.0022784,-0.014538,0.16825
-0.0019345,-0.014516,0.14406
-0.0016764,-0.014368,0.12381
-0.0012486,-0.014089,0.1067
-0.00066745,-0.013701,0.092144
4.6328e-05,-0.013225,0.079664
0.00087681,-0.012676,0.068901
0.0018114,-0.012067,0.05957
0.002841,-0.01141,0.051444
0.0039589,-0.010714,0.044341
0.0051613,-0.0099856,0.038111
0.0065456,-0.010647,0.037807
0.0081044,-0.011305,0.037477
0.0098446,-0.01196,0.037122
0.011773,-0.01261,0.036741
0.013898,-0.013253,0.036332
0.016224,-0.013887,0.035898
0.018761,-0.014512,0.035436
0.021514,-0.015126,0.034948
0.02449,-0.015727,0.034432
0.027699,-0.016313,0.033888
0.027158,-0.017923,0.041465
0.026573,-0.019653,0.049719
0.025946,-0.021503,0.058617
0.025284,-0.023472,0.06814
0.024588,-0.025557,0.078258
0.02386,-0.027746,0.088959
0.023105,-0.030035,0.10021
0.022325,-0.032413,0.11201
0.021525,-0.034874,0.12432
0.020709,-0.037409,0.13714
0.019859,-0.02876,0.085869
0.018594,-0.022019,0.049304
0.017048,-0.016845,0.024397
0.01531,-0.012966,0.0089349
0.013441,-0.010161,0.0012538
0.011508,-0.0082028,-0.00042823
0.0099327,-0.0062352,-0.0049182
0.008792,-0.0040029,-0.014647
0.0080335,-0.0014978,-0.029484
0.0076277,0.0012958,-0.049575
0.0083167,0.0013873,-0.056672
0.0090266,0.0014593,-0.064316
0.0097549,0.0015067,-0.072499
0.010498,0.0015223,-0.081212
0.011253,0.0015004,-0.090444
0.012016,0.0014323,-0.10018
0.012785,0.0013119,-0.11041
0.013555,0.0011308,-0.12111
0.014324,0.0008833,-0.13226
0.015088,0.00056121,-0.14385
0.015774,-0.00079635,-0.11733
0.016841,-0.0017506,-0.09541
0.018237,-0.0023837,-0.07713
0.019924,-0.0027568,-0.061787
0.021874,-0.0029139,-0.048854
0.024067,-0.002889,-0.037945
0.026489,-0.0027071,-0.028762
0.02913,-0.0023881,-0.021084
0.031983,-0.0019474,-0.014742
0.035043,-0.0013974,-0.0096082
0.034122,-0.0027127,-0.0040545
0.033278,-0.0039214,-0.00081944
0.032497,-0.00505,0.00023691
0.031741,-0.0061948,0.00093418
0.030985,-0.0074791,0.003571
0.030247,-0.0089181,0.0080961
0.029551,-0.010532,0.014466
0.028921,-0.012346,0.022638
0.028384,-0.014387,0.03259
0.027966,-0.016684,0.044284
0.024305,-0.014509,0.045355
0.021024,-0.012673,0.046357
0.018099,-0.011142,0.047302
0.015511,-0.0098846,0.048171
0.013238,-0.0088721,0.048972
0.011262,-0.0080766,0.049691
0.0095647,-0.0074752,0.050332
0.0081303,-0.0070443,0.050888
0.0069437,-0.0067648,0.051356
0.0059907,-0.0066181,0.051739
0.0060771,-0.007125,0.051171
0.0061626,-0.007639,0.050542
0.0062458,-0.0081554,0.049837
0.0063246,-0.0086714,0.049078
0.0063975,-0.0091823,0.048243
0.0064623,-0.009686,0.047362
0.0065174,-0.010178,0.046405
0.0065514,-0.010652,0.045413
0.0065654,-0.011106,0.044345
0.0065599,-0.011541,0.043253
0.0071862,-0.013347,0.048777
0.0078967,-0.015288,0.054622
0.0086825,-0.017363,0.060714
0.0095377,-0.019578,0.067117
0.010461,-0.021934,0.073759
0.011448,-0.024447,0.080697
0.012498,-0.027129,0.08795
0.013604,-0.029986,0.095493
0.014717,-0.033039,0.10331
0.015831,-0.036296,0.11141
0.015132,-0.033513,0.11741
0.014372,-0.031064,0.12318
0.01368,-0.028885,0.12871
0.013078,-0.026948,0.13404
0.012566,-0.025238,0.13916
0.012145,-0.023735,0.14412
0.011818,-0.02243,0.1489
0.011587,-0.021309,0.15354
0.01146,-0.020367,0.15803
0.011441,-0.019592,0.16239
0.010314,-0.016722,0.14741
0.0093514,-0.013931,0.13439
0.008351,-0.010682,0.12298
0.0072812,-0.0069503,0.11283
0.0061235,-0.0027188,0.1037
0.0048596,0.0020412,0.095376
0.0034714,0.0073509,0.087696
0.0019384,0.013242,0.080545
0.00024205,0.019735,0.073867
-0.0016386,0.026862,0.067568
-0.0030172,0.032574,0.082183
-0.0047578,0.039232,0.098134
-0.0068986,0.046921,0.11538
-0.0094751,0.055728,0.13379
-0.012519,0.065726,0.1533
-0.01606,0.076992,0.17375
-0.020123,0.089586,0.19508
-0.024728,0.10357,0.21713
-0.029893,0.11899,0.23985
-0.035632,0.1359,0.26308
-0.040941,0.14064,0.22298
-0.045822,0.14478,0.18802
-0.05031,0.14842,0.15736
-0.054432,0.15163,0.13026
-0.05822,0.15449,0.10627
-0.061699,0.15704,0.08496
-0.064895,0.15933,0.066041
-0.06783,0.16141,0.049256
-0.070529,0.16331,0.034438
-0.073011,0.16507,0.021414
-0.073825,0.16938,0.014864
-0.074519,0.17365,0.0086092
-0.075101,0.17789,0.0026688
-0.075577,0.18211,-0.0029531
-0.075955,0.18632,-0.0082436
-0.076241,0.19053,-0.013194
-0.076445,0.19474,-0.017796
-0.076573,0.19896,-0.022033
-0.076635,0.20321,-0.025906
-0.076638,0.20749,-0.029409
-0.076512,0.20363,-0.032396
-0.076511,0.19989,-0.034255
-0.076606,0.19625,-0.035214
-0.076669,0.19263,-0.036139
-0.07663,0.18898,-0.037495
-0.076505,0.1853,-0.039178
-0.076309,0.18159,-0.041124
-0.076053,0.17788,-0.04326
-0.075748,0.17417,-0.045552
-0.075403,0.17047,-0.047914
-0.072447,0.15854,-0.039536
-0.069133,0.14705,-0.034045
-0.065594,0.13602,-0.030652
-0.062018,0.1256,-0.02812
-0.058663,0.11602,-0.024622
-0.0555,0.10722,-0.020337
-0.052497,0.099127,-0.015486
-0.049631,0.091671,-0.010218
-0.046884,0.0848,-0.0046654
-0.044241,0.078466,0.0010993
-0.041069,0.07099,0.0020781
-0.037837,0.064211,0.0030788
-0.034556,0.058077,0.0040625
-0.031472,0.052404,0.0050178
-0.028838,0.047004,0.0059167
-0.02662,0.041859,0.006768
-0.02479,0.036955,0.0075635
-0.02332,0.032277,0.0083064
-0.022187,0.027809,0.008994
-0.021373,0.023537,0.0096302
-0.022654,0.02539,0.012437
-0.023977,0.027337,0.0155
-0.02534,0.029377,0.018801
-0.02674,0.031506,0.02234
-0.028176,0.033724,0.026115
-0.029647,0.036029,0.030112
-0.031151,0.038419,0.034331
-0.032688,0.040894,0.038755
-0.034259,0.043452,0.043387
-0.035862,0.046092,0.048206
-0.034646,0.043677,0.036578
-0.03366,0.041682,0.027224
-0.032857,0.040032,0.019735
-0.0322,0.038668,0.013778
-0.031661,0.037543,0.0091071
-0.031215,0.036616,0.0055158
-0.030844,0.035856,0.0028492
-0.030532,0.035236,0.00097368
-0.030266,0.034734,-0.00021365
-0.030035,0.034331,-0.00080176
-0.027739,0.031998,0.0018977
-0.025475,0.029834,0.0064211
-0.02322,0.027806,0.012547
-0.020958,0.025886,0.020104
-0.018675,0.024053,0.02897
-0.016359,0.022288,0.039047
-0.014003,0.020574,0.050265
-0.011604,0.018898,0.062568
-0.0091605,0.017248,0.075911
-0.0066887,0.015612,0.090258
-0.006866,0.013477,0.071084
-0.0070325,0.01168,0.055331
-0.0071757,0.010155,0.042398
-0.0072904,0.0088512,0.031828
-0.0073717,0.0077246,0.023253
-0.0074184,0.0067406,0.016385
-0.0074294,0.00587,0.010985
-0.007405,0.0050885,0.0068659
-0.0073459,0.0043753,0.0038717
-0.0072536,0.0037131,0.0018814
-0.0074035,0.003007,0.0012567
-0.0075734,0.0023061,0.00083003
-0.0077611,0.0016053,0.00059871
-0.0079672,0.00090141,0.00053585
-0.0082087,0.00019788,0.00035756
-0.0084893,-0.00050533,-1.4365e-05
-0.008807,-0.00121,-0.00057952
-0.0091606,-0.0019177,-0.0013372
-0.0095487,-0.0026295,-0.0022884
-0.0099704,-0.0033464,-0.0034327
-0.0090575,-0.0032862,-0.0028204
-0.0081821,-0.0032064,-0.0022853
-0.0073456,-0.0031073,-0.0018209
-0.0065491,-0.0029894,-0.0014205
-0.0057942,-0.002853,-0.0010789
-0.0050825,-0.0026985,-0.0007909
-0.0044158,-0.0025262,-0.00055247
-0.0037958,-0.0023367,-0.00035956
-0.0032248,-0.0021303,-0.00020895
-0.002705,-0.0019076,-9.7452e-05
-0.0027963,-0.0020754,5.4009e-05
-0.0029048,-0.0022266,0.0001092
-0.0030209,-0.0023632,0.00034464
-0.0031426,-0.0024857,0.00077565
-0.0032489,-0.0026188,0.0013997
-0.0033337,-0.0027688,0.0022147
-0.003396,-0.0029353,0.0032183
-0.0034349,-0.0031183,0.0044085
-0.0034495,-0.0033178,0.0057831
-0.0034389,-0.0035342,0.0073403
-0.0030177,-0.0028094,0.005244
-0.0025907,-0.0022216,0.0035058
-0.0021637,-0.0017574,0.0021223
-0.0017472,-0.001397,0.0010889
-0.0014049,-0.001055,0.0004003
-0.0011495,-0.00070927,5.0344e-05
-0.00097509,-0.00036078,-3.6989e-05
-0.00087384,-1.3767e-05,-0.00035972
-0.00084142,0.00033204,-0.0010142
-0.00087805,0.00067916,-0.0020033
-0.00083247,0.00063527,-0.0029578
-0.00078444,0.00059215,-0.0041292
-0.00073395,0.00054981,-0.005539
-0.00068118,0.00050794,-0.0072103
-0.00062648,0.00046603,-0.0091682
-0.00057162,0.00042361,-0.011437
-0.00051778,0.00038031,-0.014044
-0.00046735,0.00033656,-0.01701
-0.00042252,0.00029291,-0.02036
-0.00038697,0.00025328,-0.024112
-0.00063826,0.00062146,-0.024197
-0.0009698,0.001019,-0.024284
-0.00132,0.0014975,-0.024377
-0.0016743,0.002073,-0.024479
-0.0020299,0.0027495,-0.024594
-0.0023847,0.0035326,-0.024722
-0.0027351,0.0044283,-0.024865
-0.0030782,0.0054449,-0.025022
-0.0034094,0.0065898,-0.025194
-0.0037249,0.0078737,-0.025377
-0.0017195,0.0068044,-0.038436
0.00036354,0.0058752,-0.054434
0.0025212,0.0051075,-0.073499
0.0047415,0.0045332,-0.095736
0.0070104,0.0041882,-0.12122
0.0093071,0.004115,-0.14997
0.011612,0.0043559,-0.18199
0.013901,0.0049563,-0.21723
0.016152,0.005958,-0.25561
0.018506,0.0072143,-0.29704
0.013819,0.0071077,-0.22579
0.0080618,0.0090416,-0.1707
0.0011927,0.012924,-0.12725
-0.00676,0.018598,-0.092515
-0.015857,0.026038,-0.064554
-0.026249,0.035352,-0.042187
-0.038158,0.046759,-0.024776
-0.051849,0.06056,-0.012074
-0.067611,0.07711,-0.0040733
-0.085739,0.096792,-0.00088065
-0.089325,0.10069,-0.00036335
-0.093012,0.1047,0.0012583
-0.096802,0.10882,0.0039691
-0.10069,0.11306,0.007648
-0.10469,0.11741,0.012194
-0.10879,0.12188,0.017508
-0.11299,0.12647,0.023514
-0.11729,0.13118,0.030139
-0.12171,0.13601,0.037321
-0.12623,0.14095,0.044999
-0.11718,0.13122,0.026308
-0.1085,0.12237,0.013754
-0.10016,0.11431,0.0057654
-0.092115,0.10695,0.0012584
-0.084348,0.10024,-0.00051898
-0.076839,0.09411,-0.0012242
-0.06957,0.088493,-0.0035857
-0.062518,0.083345,-0.0074333
-0.05566,0.078632,-0.01254
-0.048974,0.074322,-0.018735
-0.048208,0.070334,-0.0086071
-0.047408,0.066581,-0.0029681
-0.046563,0.063036,-0.0010815
-0.04567,0.059714,0.00019844
-0.044732,0.056654,0.0042725
-0.043752,0.053839,0.01085
-0.042729,0.051252,0.019695
-0.04166,0.04888,0.030626
-0.040545,0.046709,0.0435
-0.039379,0.044725,0.058207
-0.036578,0.041931,0.036628
-0.033899,0.039476,0.020981
-0.031326,0.037325,0.010137
-0.02884,0.035444,0.0032828
-0.026428,0.033804,-0.00018613
-0.024072,0.032376,-0.00094004
-0.021732,0.031067,-0.0029286
-0.019389,0.029843,-0.0073027
-0.017037,0.028702,-0.013897
-0.01467,0.02764,-0.022595
-0.018331,0.028975,-0.019791
-0.021965,0.030576,-0.017281
-0.025577,0.032448,-0.015031
-0.029171,0.034595,-0.013011
-0.032751,0.037025,-0.0112
-0.036319,0.039746,-0.0095789
-0.039876,0.042767,-0.0081324
-0.043422,0.046097,-0.0068468
-0.046974,0.049732,-0.0057114
-0.050785,0.053441,-0.0047139
-0.04617,0.04874,-0.0032968
-0.041913,0.04429,-0.0022199
-0.037953,0.040119,-0.0014249
-0.034198,0.036289,-0.00086499
-0.030634,0.032784,-0.00050294
-0.027252,0.029589,-0.00030802
-0.024041,0.02669,-0.00022345
-0.020994,0.024072,-6.3667e-05
-0.018101,0.021724,0.00018542
-0.015352,0.019631,0.0005121
-0.01351,0.016964,0.00084205
-0.011835,0.014569,0.0012043
-0.010315,0.012427,0.0015925
-0.0089364,0.010522,0.0020014
-0.0076891,0.0088362,0.0024262
-0.0065618,0.0073552,0.0028633
-0.0055439,0.0060638,0.0033093
-0.0046257,0.004948,0.0037613
-0.0037978,0.0039945,0.0042168
-0.0030516,0.0031904,0.0046742
-0.0036102,0.0036312,0.0030186
-0.0043322,0.0039916,0.0017201
-0.0052244,0.0042671,0.00077445
-0.0062971,0.0044501,0.00018964
-0.0075628,0.004531,-1.7625e-05
-0.0090357,0.0044969,-0.00021057
-0.010731,0.0043336,-0.00082622
-0.012666,0.0040274,-0.0018893
-0.014855,0.003564,-0.003423
-0.017318,0.0029289,-0.0054471
-0.018685,0.0042268,-0.0042638
-0.020147,0.0056354,-0.0032378
-0.021709,0.0071601,-0.0023644
-0.023375,0.0088063,-0.0016393
-0.025149,0.01058,-0.0010581
-0.027036,0.012485,-0.00061653
-0.029041,0.014528,-0.00031014
-0.031169,0.016715,-0.00013468
-0.033425,0.019049,-8.5265e-05
-0.035813,0.021537,-3.9767e-05
-0.035714,0.026168,0.00018341
-0.03614,0.030453,0.00059937
-0.037091,0.034403,0.0012088
-0.038575,0.038029,0.0020105
-0.040604,0.041333,0.0030047
-0.043189,0.044322,0.0041908
-0.045778,0.04755,0.0055663
-0.048015,0.05138,0.0071285
-0.049888,0.055843,0.0088768
-0.051379,0.060972,0.010809
-0.042037,0.054089,0.016298
-0.033319,0.048191,0.022365
-0.025165,0.043207,0.028885
-0.017523,0.039078,0.035776
-0.010344,0.035752,0.04298
-0.00359,0.033189,0.050465
0.0027736,0.031356,0.058209
0.0087735,0.030229,0.066202
0.01443,0.029798,0.074437
0.019758,0.030057,0.082913
0.018616,0.028339,0.090409
0.01751,0.026676,0.098365
0.01644,0.025068,0.10677
0.015405,0.023515,0.11564
0.014407,0.022015,0.12496
0.013445,0.020568,0.13473
0.012518,0.019174,0.14495
0.011628,0.017832,0.15562
0.010773,0.016542,0.16672
0.0099548,0.015302,0.17827
0.013458,0.020713,0.13607
0.017334,0.026989,0.10119
0.021616,0.03416,0.072404
0.026359,0.042291,0.048933
0.03163,0.051474,0.030276
0.037509,0.061817,0.016151
0.044083,0.073443,0.0064026
0.051441,0.086477,0.00094718
0.059674,0.10105,-0.00047953
0.068869,0.11727,-0.0035474
0.070086,0.11229,-0.0021504
0.071129,0.10766,-0.0012515
0.072005,0.10335,-0.00072355
0.07272,0.099334,-0.00047809
0.07328,0.095609,-0.00043497
0.073692,0.092158,-0.00032712
0.073961,0.088966,-8.8148e-05
0.074091,0.086023,0.00025665
0.074086,0.083315,0.00069009
0.073951,0.080833,0.0011979
0.074483,0.081794,0.0019861
0.075013,0.082762,0.0029129
0.075541,0.083738,0.0039729
0.076065,0.084721,0.00516
0.076588,0.08571,0.0064706
0.077109,0.086707,0.0079003
0.077627,0.087711,0.0094471
0.078144,0.088723,0.011108
0.078659,0.089741,0.012881
0.079172,0.090767,0.014764
0.081663,0.094724,0.014316
0.084181,0.0988,0.013781
0.086728,0.103,0.013169
0.089303,0.10731,0.012492
0.091906,0.11175,0.011759
0.094538,0.11631,0.010981
0.097198,0.12099,0.010168
0.099888,0.12579,0.0093273
0.10261,0.13071,0.0084699
0.10535,0.13576,0.0076022
0.10615,0.13944,0.0072762
0.10691,0.14321,0.0070104
0.10763,0.14707,0.0067969
0.10832,0.15101,0.0066264
0.10897,0.15504,0.0064938
0.10958,0.15915,0.0063922
0.11015,0.16335,0.0063183
0.11069,0.16763,0.0062669
0.11119,0.172,0.006236
0.11166,0.17645,0.0062212
0.11675,0.17812,0.0022805
0.12184,0.17991,-0.00030361
0.12693,0.18181,-0.0017527
0.13202,0.18381,-0.0022415
0.1371,0.18592,-0.0027346
0.14217,0.18811,-0.003952
0.14723,0.1904,-0.0058067
0.15229,0.19277,-0.0082314
0.15733,0.19523,-0.011168
0.16237,0.19778,-0.014572
0.1517,0.1889,-0.013101
0.1415,0.18048,-0.011803
0.13174,0.17249,-0.010638
0.1224,0.16492,-0.0095831
0.11347,0.15774,-0.0086163
0.10493,0.15093,-0.0077259
0.096745,0.14449,-0.0069015
0.088914,0.13838,-0.0061372
0.081416,0.13259,-0.0054281
0.074237,0.12711,-0.0047717
0.074587,0.13048,-0.00609
0.074917,0.1339,-0.0076177
0.075228,0.13739,-0.0093497
0.07552,0.14094,-0.011279
0.075794,0.14454,-0.013403
0.076051,0.14821,-0.015715
0.07629,0.15194,-0.018213
0.076513,0.15573,-0.02089
0.076719,0.15958,-0.023743
0.07691,0.16349,-0.02677
0.076458,0.15767,-0.020679
0.075932,0.15198,-0.015786
0.075337,0.14642,-0.011869
0.074676,0.141,-0.0087604
0.073953,0.1357,-0.006334
0.073171,0.13054,-0.004491
0.072332,0.1255,-0.0031554
0.07144,0.12059,-0.0022657
0.070495,0.1158,-0.0017741
0.069501,0.11114,-0.0016111
0.059893,0.11305,-0.0017799
0.049672,0.11572,-0.0025413
0.038821,0.11914,-0.003857
0.027326,0.12333,-0.0056711
0.015171,0.12827,-0.0079391
0.002343,0.13398,-0.010623
-0.011171,0.14045,-0.013691
-0.025381,0.1477,-0.017116
-0.040296,0.15574,-0.020875
-0.055925,0.16458,-0.024949
-0.037881,0.16605,-0.017884
-0.019504,0.16863,-0.012606
-0.00075059,0.17231,-0.0087263
0.018423,0.1771,-0.0059593
0.038059,0.183,-0.0040896
0.058197,0.19004,-0.0029537
0.078878,0.19822,-0.0024245
0.10014,0.20759,-0.0023998
0.12202,0.21818,-0.0023341
0.14455,0.23001,-0.0019226
0.16057,0.23835,-0.001973
0.17683,0.2473,-0.001947
0.19333,0.25685,-0.0018409
0.21009,0.26702,-0.0016505
0.22709,0.2778,-0.0013668
0.24435,0.2892,-0.0009857
0.26187,0.30122,-0.00049906
0.27965,0.31386,8.1933e-05
0.2977,0.32714,0.00076419
0.31602,0.34104,0.0015456
0.31009,0.33804,0.0025545
0.30416,0.3352,0.0036546
0.29822,0.33249,0.0048488
0.29229,0.32993,0.0061332
0.28634,0.32751,0.0075097
0.28039,0.32523,0.0089752
0.27443,0.32308,0.010531
0.26845,0.32106,0.012175
0.26247,0.31917,0.013909
0.25647,0.31741,0.01573
0.25081,0.30185,0.016785
0.24512,0.2873,0.017713
0.2394,0.27371,0.018537
0.23366,0.26103,0.019276
0.22787,0.24919,0.019943
0.22206,0.23816,0.02055
0.2162,0.22789,0.021105
0.2103,0.21835,0.021615
0.20435,0.20948,0.022085
0.19836,0.20126,0.022519
0.18825,0.19281,0.027086
0.1783,0.18482,0.031501
0.16851,0.17726,0.035758
0.15888,0.17012,0.039859
0.14942,0.16338,0.04381
0.14012,0.15702,0.04762
0.13099,0.15101,0.051294
0.12203,0.14535,0.054844
0.11324,0.14002,0.058273
0.10461,0.13501,0.06159
0.10696,0.13336,0.090144
0.10919,0.13192,0.12207
0.11129,0.13067,0.15685
0.11326,0.12961,0.19408
0.11509,0.12872,0.23343
0.11678,0.128,0.27462
0.11833,0.12743,0.31741
0.11973,0.12702,0.36163
0.12099,0.12676,0.40708
0.12209,0.12666,0.45366
0.12442,0.12869,0.50679
0.12674,0.13075,0.56042
0.12905,0.13282,0.61431
0.13135,0.13491,0.66841
0.13363,0.13701,0.72252
0.13589,0.13912,0.77665
0.13814,0.14125,0.83059
0.14037,0.14338,0.88439
0.14258,0.14552,0.93775
0.14477,0.14766,0.99081
0.13284,0.13588,0.91495
0.12112,0.12565,0.85807
0.10954,0.11679,0.81413
0.098079,0.10914,0.77952
0.086714,0.10261,0.75167
0.075432,0.097117,0.72898
0.064223,0.092587,0.71017
0.05308,0.08897,0.69444
0.041998,0.086223,0.68109
0.030969,0.084308,0.6697
0.032903,0.079723,0.65605
0.034597,0.075477,0.64221
0.036078,0.071552,0.62826
0.037363,0.067926,0.61436
0.038468,0.064584,0.60052
0.039405,0.061508,0.58684
0.040188,0.058684,0.57332
0.040827,0.056097,0.56002
0.041334,0.053734,0.54692
0.041716,0.051582,0.53407
0.037139,0.046299,0.4515
0.032985,0.041486,0.38424
0.029198,0.037083,0.3286
0.025735,0.033043,0.28201
0.022566,0.029332,0.24265
0.019665,0.025922,0.20912
0.017013,0.022792,0.18043
0.014594,0.019922,0.15574
0.012393,0.017298,0.13444
0.010397,0.014906,0.11601
0.0095044,0.013643,0.11238
0.008656,0.012456,0.10849
0.0078522,0.011344,0.10444
0.0070924,0.010303,0.10023
0.0063764,0.0093318,0.095949
0.0057032,0.0084275,0.091602
0.0050723,0.007588,0.087246
0.0044826,0.0068104,0.082888
0.0039334,0.0060927,0.078576
0.0034232,0.005432,0.074305
0.0054794,0.0063327,0.083635
0.0076037,0.0076777,0.093483
0.0098051,0.0094881,0.10385
0.012175,0.011703,0.11469
0.01503,0.014037,0.12596
0.018421,0.01647,0.13761
0.022369,0.019013,0.14959
0.026896,0.021673,0.16182
0.032023,0.024458,0.17424
0.03777,0.027378,0.18677
0.032913,0.025794,0.15588
0.028688,0.024122,0.13053
0.025034,0.02237,0.10955
0.021897,0.020548,0.092059
0.019231,0.018663,0.077395
0.016996,0.016723,0.065037
0.014964,0.014924,0.054589
0.012893,0.013483,0.045718
0.010784,0.012372,0.038172
0.0086393,0.011569,0.031725
0.01033,0.013084,0.024827
0.01215,0.014732,0.018808
0.014103,0.016516,0.013644
0.016192,0.01844,0.0093104
0.018423,0.020507,0.005799
0.0208,0.022723,0.0030991
0.023327,0.025091,0.0012119
0.02601,0.027617,0.0001364
0.028853,0.030306,-0.00015076
0.031858,0.033163,-0.00071206
0.035448,0.036537,-0.0002733
0.039309,0.040202,-0.00013504
0.043462,0.044177,1.8093e-05
0.047925,0.048479,0.00043917
0.052715,0.053128,0.0011081
0.05785,0.05814,0.0020016
0.063348,0.063534,0.0030976
0.069227,0.069328,0.0043702
0.075502,0.075539,0.0057971
0.082192,0.082185,0.0073517
0.078967,0.07898,0.0023635
0.075877,0.075899,0.00021425
0.072906,0.07293,-0.00036802
0.07004,0.070071,-0.0027708
0.06727,0.067314,-0.0070836
0.06459,0.06465,-0.013116
0.061993,0.062073,-0.020708
0.059475,0.059575,-0.029738
0.057029,0.057153,-0.040094
0.054653,0.054799,-0.051696
0.054031,0.054629,-0.063333
0.053124,0.054773,-0.075979
0.051934,0.055236,-0.089596
0.050458,0.056024,-0.10416
0.048695,0.057142,-0.11965
0.04664,0.058595,-0.13603
0.04429,0.06039,-0.15328
0.04164,0.062533,-0.17138
0.038686,0.065029,-0.19028
0.03542,0.067883,-0.20998
0.032329,0.067395,-0.19078
0.029258,0.067013,-0.17368
0.026202,0.066731,-0.15829
0.023159,0.066545,-0.14436
0.020126,0.066451,-0.13164
0.017101,0.066445,-0.11998
0.014082,0.066525,-0.10924
0.011066,0.066686,-0.0993
0.0080509,0.066927,-0.090078
0.0050361,0.067247,-0.081506
0.0037343,0.071983,-0.053302
0.0024005,0.0769,-0.03207
0.0010139,0.082006,-0.016766
-0.00044535,0.087311,-0.00663
-0.0019958,0.092826,-0.0010863
-0.0036548,0.098561,0.0003958
-0.0054562,0.10451,0.0027962
-0.0074239,0.11067,0.0086659
-0.0095688,0.11705,0.017739
-0.0119,0.12366,0.029782
-0.017508,0.11674,0.034534
-0.022703,0.11027,0.039561
-0.0275,0.10425,0.044833
-0.031912,0.098647,0.050324
-0.035953,0.093451,0.056006
-0.039633,0.088648,0.061859
-0.042963,0.084224,0.067858
-0.045953,0.080167,0.073989
-0.048612,0.076466,0.08023
-0.050949,0.073112,0.08657
-0.039093,0.064895,0.084332
-0.028306,0.057825,0.082797
-0.018512,0.051809,0.081799
-0.0096396,0.046767,0.081223
-0.0016264,0.04263,0.080975
0.0055855,0.039342,0.080989
0.012048,0.036856,0.081207
0.017807,0.035137,0.081591
0.022903,0.03416,0.0821
0.027371,0.033911,0.082712
0.025639,0.036182,0.079066
0.023416,0.038947,0.075662
0.020694,0.042215,0.072458
0.017461,0.045996,0.06943
0.013707,0.050303,0.066552
0.0094161,0.055151,0.063809
0.0045744,0.060556,0.061183
-0.00083437,0.066534,0.058666
-0.0068271,0.073102,0.056243
-0.013421,0.080278,0.053911
-0.0099016,0.075954,0.038256
-0.0066851,0.071932,0.02596
-0.0037417,0.068184,0.016499
-0.0010455,0.064687,0.009471
0.0014259,0.061418,0.0045641
0.0036926,0.058359,0.0015317
0.0057723,0.055493,0.0001775
0.007683,0.052803,-0.00020466
0.009448,0.050277,-0.0017607
0.011079,0.047902,-0.004604
0.009708,0.051663,-0.0050597
0.0081458,0.055662,-0.0055297
0.0063852,0.059908,-0.0060123
0.0044189,0.064406,-0.0065064
0.0022399,0.069164,-0.00701
-0.00015846,0.074188,-0.0075222
-0.0027825,0.079486,-0.0080411
-0.0056382,0.085061,-0.0085659
-0.0087313,0.09092,-0.0090947
-0.012067,0.097069,-0.0096267
-0.010086,0.099769,-0.011281
-0.0080463,0.10253,-0.013035
-0.0059468,0.10535,-0.014879
-0.0037877,0.10824,-0.01681
-0.0015691,0.11118,-0.01882
0.00070912,0.11419,-0.020905
0.003047,0.11726,-0.023057
0.0054447,0.12038,-0.025273
0.0079022,0.12357,-0.027546
0.01042,0.12681,-0.029872
0.00075332,0.11816,-0.014094
-0.0081206,0.11022,-0.0050568
-0.016245,0.10297,-0.00098307
-0.023656,0.096397,-0.00015822
-0.030398,0.09048,0.0023528
-0.036493,0.085205,0.0071313
-0.041961,0.080555,0.013727
-0.046815,0.076517,0.021807
-0.051068,0.073079,0.031123
-0.054731,0.070232,0.041487
-0.057588,0.074534,0.040734
-0.060531,0.078986,0.040347
-0.063561,0.083587,0.040297
-0.066679,0.088339,0.040566
-0.069885,0.093242,0.041136
-0.07318,0.098297,0.041993
-0.076565,0.1035,0.043125
-0.080039,0.10886,0.044524
-0.083602,0.11438,0.046181
-0.087255,0.12004,0.048091
-0.080352,0.11982,0.042671
-0.073235,0.11998,0.037707
-0.065903,0.1205,0.033148
-0.058354,0.12139,0.028957
-0.050586,0.12265,0.025102
-0.042595,0.12426,0.021558
-0.03438,0.12623,0.018304
-0.025937,0.12856,0.015325
-0.017261,0.13125,0.012608
-0.0083499,0.1343,0.010141
-0.0016631,0.14253,0.0056305
0.0055125,0.15127,0.0023518
0.013195,0.16054,0.00012058
0.021402,0.17036,-0.0012167
0.03015,0.18074,-0.0017883
0.039455,0.1917,-0.0021695
0.049335,0.20323,-0.0031259
0.059803,0.21536,-0.0045944
0.070872,0.22809,-0.0065113
0.082554,0.24144,-0.0088229
0.086658,0.24121,-0.0046651
0.090727,0.24104,-0.0029226
0.094761,0.24092,-0.0026081
0.09876,0.24088,-0.0015085
0.10273,0.24092,0.00047973
0.10666,0.24103,0.0031202
0.11057,0.24121,0.0062462
0.11444,0.24146,0.0097378
0.1183,0.24177,0.013509
0.12212,0.24214,0.017495
0.092805,0.21957,0.017083
0.065934,0.19954,0.017074
0.041353,0.1819,0.017352
0.018916,0.1665,0.01784
-0.0015066,0.15321,0.018486
-0.020036,0.14191,0.019253
-0.036782,0.13248,0.020116
-0.051841,0.12485,0.021053
-0.065299,0.11892,0.02205
-0.07723,0.11462,0.023093
-0.062301,0.10799,0.017073
-0.047882,0.1026,0.0124
-0.033911,0.098351,0.0087555
-0.02033,0.095183,0.0059104
-0.0070869,0.093037,0.0036953
0.0058653,0.091869,0.0019842
0.018569,0.091645,0.00068176
0.031063,0.092342,-0.00028441
0.04338,0.093946,-0.00097029
0.05555,0.096452,-0.0014195
0.05451,0.094741,-0.0016272
0.053466,0.093061,-0.0022507
0.052421,0.091403,-0.0036237
0.051375,0.089766,-0.0057208
0.050327,0.088147,-0.0085192
0.049279,0.086546,-0.011998
0.048232,0.084962,-0.016138
0.047185,0.083392,-0.020923
0.04614,0.081837,-0.026336
0.045096,0.080294,-0.032362
0.04745,0.087588,-0.036554
0.049849,0.09538,-0.040869
0.052294,0.10369,-0.045282
0.054782,0.11252,-0.049772
0.057314,0.1219,-0.054314
0.05989,0.13183,-0.058891
0.062509,0.14234,-0.063485
0.065171,0.15342,-0.068082
0.067878,0.16509,-0.072666
0.070631,0.17735,-0.077225
0.067748,0.19669,-0.073791
0.064027,0.21754,-0.070999
0.059442,0.23995,-0.068765
0.053973,0.26394,-0.067017
0.047599,0.28956,-0.065687
0.040306,0.31681,-0.064717
0.032082,0.34573,-0.064051
0.022918,0.37632,-0.063642
0.012809,0.40858,-0.063444
0.0017538,0.44253,-0.063422
-0.0035372,0.43459,-0.023861
-0.0086742,0.42639,-0.0083644
-0.013647,0.41813,-0.0043255
-0.018406,0.41018,0.01028
-0.022966,0.40252,0.034803
-0.02734,0.39511,0.067351
-0.031539,0.38793,0.10659
-0.035572,0.38096,0.15156
-0.039446,0.37417,0.20149
-0.043167,0.36756,0.25582
-0.047499,0.35915,0.24892
-0.051743,0.35123,0.24643
-0.055903,0.34375,0.24695
-0.059983,0.33665,0.24959
-0.063988,0.32992,0.25371
-0.067918,0.32351,0.25888
-0.071778,0.31741,0.26476
-0.075567,0.31161,0.27114
-0.079289,0.30607,0.27782
-0.082945,0.3008,0.28469
-0.075205,0.31201,0.2329
-0.067024,0.32381,0.19194
-0.058404,0.33615,0.15888
-0.049343,0.349,0.13176
-0.039841,0.36236,0.10919
-0.029896,0.3762,0.090199
-0.019506,0.39051,0.074059
-0.0086704,0.4053,0.060244
0.002612,0.42055,0.048358
0.014342,0.43626,0.038096
-0.031853,0.46047,0.034074
-0.080521,0.48757,0.029788
-0.13167,0.51756,0.025395
-0.1853,0.55046,0.021012
-0.24141,0.58626,0.016728
-0.29999,0.62496,0.012604
-0.36102,0.66657,0.008684
-0.42447,0.71107,0.0049866
-0.49031,0.75844,0.0015333
-0.55851,0.80867,-0.0016758
-0.52643,0.76703,-0.0013427
-0.4966,0.72813,-0.0015544
-0.4688,0.69171,-0.0020613
-0.44284,0.65756,-0.0027131
-0.41855,0.62548,-0.0034117
-0.39579,0.5953,-0.0041028
-0.37441,0.56687,-0.0047488
-0.35432,0.54005,-0.0053316
-0.33539,0.51471,-0.0058364
-0.31755,0.49074,-0.0062576
-0.30923,0.48935,-0.0058689
-0.30115,0.48821,-0.0056357
-0.2933,0.48731,-0.0055433
-0.28567,0.48663,-0.0055735
-0.27824,0.48615,-0.0057043
-0.27102,0.48587,-0.0059182
-0.26398,0.48579,-0.0061976
-0.25713,0.48587,-0.0065301
-0.25045,0.48613,-0.0069026
-0.24394,0.48654,-0.0073064
-0.23567,0.48742,-0.0069299
-0.22735,0.4884,-0.0063744
-0.219,0.48949,-0.0056366
-0.21062,0.4907,-0.0047158
-0.2022,0.492,-0.0036097
-0.19374,0.49341,-0.0023195
-0.18524,0.49493,-0.00084415
-0.1767,0.49654,0.0008139
-0.16812,0.49826,0.0026551
-0.1595,0.50007,0.0046769
-0.18543,0.488,0.012755
-0.20997,0.4772,0.0214
-0.23317,0.46761,0.030485
-0.25507,0.45921,0.039941
-0.27573,0.45194,0.049733
-0.29518,0.44579,0.059839
-0.31346,0.44072,0.070245
-0.33061,0.4367,0.080938
-0.34665,0.43372,0.091903
-0.36161,0.43174,0.10313
-0.36763,0.43913,0.074875
-0.37356,0.4466,0.052967
-0.37937,0.45412,0.035721
-0.38509,0.46167,0.02202
-0.39072,0.46922,0.011097
-0.39625,0.47676,0.0024177
-0.40168,0.4843,-0.0043955
-0.40703,0.49181,-0.0096205
-0.41227,0.4993,-0.013461
-0.41743,0.50677,-0.016078
-0.40871,0.49689,-0.010328
-0.4002,0.48731,-0.0015077
-0.39188,0.47799,0.0090478
-0.38373,0.46888,0.020617
-0.37576,0.45997,0.032811
-0.36796,0.45125,0.045413
-0.36031,0.4427,0.058297
-0.35281,0.43433,0.07139
-0.34546,0.42612,0.08464
-0.33825,0.41806,0.098011
-0.33808,0.41514,0.083439
-0.33812,0.41255,0.072297
-0.33835,0.41025,0.063522
-0.33874,0.4082,0.056424
-0.33929,0.40638,0.050535
-0.33998,0.40476,0.045538
-0.3408,0.40333,0.04121
-0.34175,0.40207,0.037394
-0.34282,0.40098,0.033977
-0.344,0.40006,0.030878
-0.33918,0.39875,0.00065833
-0.3345,0.39803,-0.015481
-0.32992,0.39779,-0.02067
-0.3253,0.39765,-0.024897
-0.32048,0.39728,-0.036522
-0.31546,0.3967,-0.054521
-0.31024,0.39593,-0.078132
-0.30482,0.395,-0.10679
-0.2992,0.39391,-0.14002
-0.29337,0.39267,-0.17749
-0.30532,0.3876,-0.11076
-0.3158,0.38256,-0.068146
-0.32496,0.37778,-0.042194
-0.33294,0.37338,-0.028418
-0.3398,0.36946,-0.023977
-0.34572,0.36628,-0.021553
-0.35093,0.36418,-0.013056
-0.35544,0.36311,0.00070532
-0.35924,0.36303,0.019083
-0.36235,0.36391,0.041591
-0.37099,0.37294,0.030136
-0.37969,0.38223,0.02124
-0.38842,0.39174,0.014139
-0.39717,0.40144,0.00832
-0.40594,0.41133,0.0034232
-0.41471,0.42138,-0.00079839
-0.42347,0.4316,-0.0045242
-0.43223,0.44197,-0.0078699
-0.44098,0.45248,-0.010931
-0.44971,0.46315,-0.013767
-0.4164,0.42388,-0.025253
-0.38478,0.38802,-0.029576
-0.35465,0.35525,-0.029081
-0.32573,0.32515,-0.028575
-0.2981,0.29718,-0.030834
-0.27264,0.27027,-0.035251
-0.24933,0.24426,-0.041411
-0.22806,0.21911,-0.049018
-0.20873,0.19476,-0.057851
-0.19124,0.17117,-0.067742
-0.17518,0.15934,-0.057983
-0.16049,0.14829,-0.050257
-0.14705,0.13794,-0.043992
-0.13478,0.12825,-0.03881
-0.12358,0.11916,-0.034445
-0.11337,0.11061,-0.030714
-0.10408,0.10256,-0.027484
-0.095648,0.094968,-0.024657
-0.088001,0.087789,-0.022161
-0.081076,0.080996,-0.019941
-0.072366,0.072567,-0.019668
-0.064125,0.064936,-0.01954
-0.056332,0.058053,-0.019549
-0.048968,0.051872,-0.019685
-0.042011,0.046351,-0.019944
-0.035444,0.04145,-0.020319
-0.029246,0.037132,-0.020807
-0.0234,0.033364,-0.021403
-0.017887,0.030114,-0.022103
-0.012691,0.027355,-0.022904
-0.016001,0.028761,-0.021731
-0.019371,0.030359,-0.020641
-0.022807,0.032154,-0.019628
-0.026312,0.034152,-0.018687
-0.029893,0.036358,-0.017814
-0.033554,0.038778,-0.017004
-0.0373,0.041417,-0.016255
-0.041138,0.04428,-0.015562
-0.045073,0.047374,-0.014925
-0.049109,0.050704,-0.014337
-0.045654,0.047887,-0.013608
-0.042332,0.045308,-0.012801
-0.039133,0.042954,-0.011935
-0.036045,0.040813,-0.011027
-0.03306,0.038873,-0.010094
-0.030167,0.037124,-0.0091495
-0.027359,0.035555,-0.0082077
-0.024627,0.034158,-0.00728
-0.021963,0.032923,-0.0063767
-0.01936,0.031842,-0.0055074
-0.019836,0.032841,-0.0078279
-0.020305,0.033868,-0.010649
-0.020768,0.034926,-0.013953
-0.021226,0.036019,-0.017723
-0.021683,0.037151,-0.021943
-0.02214,0.038325,-0.026598
-0.022598,0.039544,-0.031672
-0.023061,0.040811,-0.037152
-0.023529,0.042129,-0.04302
-0.024005,0.043502,-0.049267
-0.021328,0.044373,-0.050129
-0.018515,0.045419,-0.050995
-0.015565,0.046642,-0.05186
-0.012476,0.048043,-0.052724
-0.0092478,0.049623,-0.053584
-0.0058794,0.051384,-0.054441
-0.0023692,0.053327,-0.05529
0.0012841,0.055454,-0.056134
0.0050821,0.057765,-0.056967
0.0090261,0.060263,-0.057792
0.015679,0.055461,-0.054987
0.021491,0.051467,-0.052373
0.026519,0.048226,-0.049915
0.030816,0.045691,-0.047594
0.034426,0.043822,-0.045385
0.037389,0.042587,-0.043274
0.039738,0.041958,-0.041245
0.041498,0.041917,-0.039288
0.04269,0.042451,-0.037389
0.043706,0.043175,-0.035541
0.044585,0.043743,-0.041515
0.045527,0.04426,-0.047825
0.046529,0.044725,-0.054452
0.047593,0.045139,-0.061382
0.048716,0.045498,-0.068596
0.0499,0.045803,-0.076082
0.051143,0.046051,-0.083824
0.052445,0.046242,-0.091814
0.053807,0.046375,-0.10003
0.055227,0.046447,-0.10848
0.055387,0.043567,-0.077525
0.055739,0.040674,-0.053239
0.056259,0.037767,-0.034455
0.056928,0.034845,-0.020321
0.057733,0.031908,-0.010198
0.058663,0.028959,-0.0036036
0.059708,0.025999,-0.00016901
0.060864,0.023026,0.00053746
0.062151,0.019909,0.0022544
0.06359,0.016594,0.0064085
0.061689,0.015253,0.012742
0.059878,0.013867,0.020965
0.058154,0.012435,0.030894
0.056516,0.010955,0.042383
0.054963,0.009426,0.055304
0.053492,0.0078492,0.069555
0.052105,0.0062253,0.08504
0.050801,0.0045571,0.10169
0.049581,0.0028475,0.11941
0.048445,0.0011075,0.13816
0.050557,0.00032791,0.14862
0.052745,-0.0004617,0.15943
0.055009,-0.0012611,0.17054
0.057349,-0.0020678,0.18198
0.059764,-0.0028866,0.19369
0.062253,-0.0037154,0.2057
0.064815,-0.0045541,0.21797
0.067449,-0.0054001,0.2305
0.070154,-0.0062528,0.24325
0.072926,-0.0071097,0.25623
0.071548,0.0011598,0.22967
0.070676,0.0089618,0.2073
0.070262,0.016369,0.18817
0.070271,0.023439,0.17161
0.070675,0.030216,0.1571
0.071451,0.036737,0.14427
0.072584,0.043032,0.13281
0.074061,0.049127,0.1225
0.075873,0.055041,0.11316
0.078014,0.060794,0.10464
0.077851,0.062423,0.113
0.077865,0.063881,0.12103
0.078056,0.065169,0.12872
0.078416,0.066288,0.13609
0.078944,0.06724,0.14312
0.079638,0.068027,0.14985
0.080491,0.068657,0.15626
0.081248,0.069387,0.16239
0.081797,0.070326,0.16826
0.082139,0.071475,0.17388
0.077493,0.06911,0.14865
0.073124,0.066651,0.1278
0.068993,0.064131,0.11037
0.065069,0.06158,0.095681
0.061331,0.059015,0.083206
0.057761,0.056452,0.072541
0.054345,0.053901,0.063378
0.051072,0.051371,0.055464
0.047934,0.04887,0.048607
0.044923,0.046404,0.042643
0.049328,0.054358,0.045612
0.053627,0.063566,0.048565
0.0578,0.074122,0.051473
0.061822,0.086116,0.054293
0.065669,0.09964,0.056992
0.06932,0.11478,0.059531
0.07275,0.13163,0.06188
0.075939,0.15027,0.064003
0.078867,0.17077,0.065879
0.081517,0.19321,0.067483
0.088776,0.18167,0.055739
0.09507,0.17128,0.045822
0.10046,0.16196,0.037388
0.10501,0.15363,0.03018
0.10877,0.14624,0.024003
0.11178,0.13972,0.018703
0.11408,0.13402,0.014162
0.11571,0.12909,0.010282
0.11671,0.1249,0.0069858
0.11709,0.1214,0.0042069
0.11714,0.12059,0.010375
0.11716,0.11985,0.017605
0.11715,0.11918,0.025648
0.11708,0.11859,0.034306
0.11697,0.11807,0.043438
0.1168,0.11762,0.052929
0.11658,0.11724,0.062696
0.1163,0.11693,0.07267
0.11596,0.11668,0.082804
0.11556,0.1165,0.093059
0.11951,0.12067,0.10144
0.12368,0.12477,0.10971
0.12807,0.1288,0.11787
0.1327,0.13276,0.12589
0.13755,0.13665,0.13376
0.14265,0.14045,0.14149
0.14797,0.14417,0.14906
0.15354,0.1478,0.15647
0.15935,0.15134,0.16371
0.16541,0.15479,0.17078
0.16129,0.15573,0.19548
0.15747,0.15644,0.22014
0.15396,0.15691,0.2447
0.15073,0.15714,0.26914
0.14778,0.15714,0.29342
0.14509,0.15688,0.31754
0.14268,0.15637,0.34147
0.1405,0.15561,0.36522
0.13822,0.15496,0.38873
0.1357,0.15453,0.41201
0.1337,0.14818,0.29761
0.13177,0.14308,0.21312
0.12986,0.13886,0.14971
0.12796,0.13529,0.10184
0.12606,0.13224,0.065837
0.12415,0.12959,0.039166
0.12222,0.12726,0.020028
0.12027,0.12521,0.0070924
0.11831,0.12338,-0.00062507
0.11632,0.12174,-0.0038961
0.12213,0.12598,-0.0041315
0.12793,0.13049,-0.0042903
0.13374,0.13525,-0.0044093
0.13955,0.14028,-0.0046365
0.14536,0.14557,-0.0049883
0.15119,0.15113,-0.0054704
0.15707,0.15692,-0.0060842
0.16318,0.16275,-0.0068231
0.16957,0.16859,-0.0076843
0.17624,0.17445,-0.0086672
0.17741,0.17685,-0.0069867
0.17897,0.17887,-0.0059316
0.18059,0.18083,-0.0053056
0.18185,0.18316,-0.0049803
0.18276,0.18585,-0.0048554
0.18331,0.18892,-0.0047957
0.18352,0.19236,-0.0046675
0.18337,0.19617,-0.0044994
0.18287,0.20035,-0.0043113
0.18203,0.2049,-0.0041168
0.18344,0.20239,-0.0045287
0.18466,0.20011,-0.0044937
0.18569,0.19802,-0.0048376
0.18654,0.19612,-0.0056285
0.18721,0.1944,-0.0068133
0.18771,0.19286,-0.008352
0.18805,0.1915,-0.010211
0.18822,0.1903,-0.012367
0.18824,0.18928,-0.014796
0.1881,0.18841,-0.017482
0.17604,0.1763,-0.022807
0.16462,0.16485,-0.028677
0.15382,0.15401,-0.035003
0.14359,0.14376,-0.041726
0.1339,0.13407,-0.048797
0.12473,0.1249,-0.056183
0.11604,0.11624,-0.063852
0.1078,0.10805,-0.071785
0.10001,0.10031,-0.07996
0.092623,0.093005,-0.088365
0.088124,0.08872,-0.076525
0.083827,0.084628,-0.066525
0.079721,0.080724,-0.057991
0.075794,0.076998,-0.050654
0.072037,0.073445,-0.044298
0.06844,0.070058,-0.03876
0.064994,0.066828,-0.033908
0.061692,0.063751,-0.02964
0.058526,0.060819,-0.025871
0.05549,0.058027,-0.022534
0.049056,0.050535,-0.031806
0.042989,0.043857,-0.041939
0.037259,0.037937,-0.052762
0.031896,0.032665,-0.064164
0.02714,0.027729,-0.076069
0.022993,0.02307,-0.08843
0.019422,0.018666,-0.10122
0.01641,0.014497,-0.11441
0.013939,0.010548,-0.12801
0.011999,0.0068063,-0.142
0.009884,0.005827,-0.11995
0.0080335,0.0049256,-0.10135
0.0064257,0.0041035,-0.085548
0.0050416,0.0033615,-0.072081
0.0038624,0.0026996,-0.060566
0.002871,0.0021171,-0.050706
0.0020509,0.0016129,-0.042258
0.001387,0.0011851,-0.035024
0.00086467,0.000832,-0.028838
0.00047028,0.00055084,-0.023563
0.00066503,0.00098404,-0.029112
0.00094916,0.0014872,-0.035513
0.0013251,0.0020643,-0.042821
0.0017959,0.0027186,-0.051075
0.0023642,0.0034546,-0.060305
0.003021,0.0042875,-0.070524
0.0037565,0.0052333,-0.081728
0.0045753,0.0062922,-0.093905
0.0054818,0.0074657,-0.10702
0.0064804,0.0087536,-0.12105
0.0049967,0.0086942,-0.15821
0.003208,0.0090424,-0.20098
0.0010772,0.0098343,-0.24933
-0.0014322,0.011104,-0.30313
-0.0043568,0.012886,-0.36206
-0.0077306,0.015211,-0.42577
-0.011586,0.018109,-0.49375
-0.015953,0.021607,-0.56558
-0.020859,0.02573,-0.64069
-0.026327,0.030497,-0.7187
-0.024625,0.028058,-0.59849
-0.023133,0.025964,-0.50483
-0.021796,0.024132,-0.42972
-0.02058,0.022506,-0.3683
-0.019461,0.021048,-0.31717
-0.018422,0.019727,-0.27409
-0.017452,0.018524,-0.23738
-0.016541,0.01742,-0.20584
-0.015683,0.016403,-0.17856
-0.014872,0.015461,-0.15483
-0.012994,0.015056,-0.15129
-0.010666,0.015201,-0.14759
-0.0078937,0.015886,-0.14379
-0.0046761,0.017106,-0.13987
-0.0010082,0.018865,-0.13588
0.0031199,0.021169,-0.13182
0.0077226,0.024031,-0.1277
0.012818,0.027467,-0.12352
0.018429,0.031499,-0.11929
0.024579,0.036151,-0.11501
0.022526,0.033858,-0.081971
0.020604,0.031697,-0.05638
0.018807,0.029655,-0.036839
0.017127,0.027721,-0.022276
0.015557,0.025884,-0.011883
0.01409,0.024138,-0.0050168
0.012719,0.022474,-0.001188
0.011436,0.020886,-7.9217e-06
0.010231,0.019371,0.0011647
0.0090952,0.017928,0.0044756
0.0088115,0.019423,0.0072073
0.0084589,0.02102,0.010605
0.008037,0.02272,0.01467
0.007545,0.024525,0.01941
0.0069823,0.026435,0.024819
0.0063484,0.028452,0.030901
0.0056428,0.030576,0.037642
0.0048649,0.032809,0.045043
0.0040144,0.03515,0.053085
0.0030907,0.037601,0.061768
0.0042867,0.03815,0.057351
0.0054971,0.038721,0.053373
0.0067221,0.039314,0.049763
0.0079618,0.039928,0.04648
0.0092163,0.040564,0.043474
0.010486,0.041222,0.040718
0.01177,0.041902,0.038173
0.01307,0.042605,0.035821
0.014385,0.04333,0.033634
0.015715,0.044077,0.031599
0.016484,0.041637,0.022644
0.017105,0.039345,0.015703
0.017594,0.037189,0.010392
0.017965,0.035158,0.0064193
0.018229,0.033244,0.0035567
0.018395,0.031436,0.0016262
0.018473,0.029729,0.00048475
0.018472,0.028116,1.8437e-05
0.018399,0.026591,-0.00013611
0.018263,0.025146,-0.0007507
0.019284,0.026513,0.00020726
0.020336,0.027939,0.0030746
0.021422,0.029441,0.0092678
0.02255,0.031032,0.01874
0.023725,0.032722,0.031461
0.024954,0.034522,0.047403
0.026242,0.03644,0.066523
0.027595,0.038482,0.088762
0.029016,0.040656,0.11403
0.030511,0.042965,0.14222
0.02653,0.037985,0.15969
0.022847,0.033361,0.1775
0.01945,0.029076,0.19558
0.016324,0.025117,0.21394
0.013462,0.021473,0.23252
0.010854,0.018136,0.25134
0.0084963,0.015099,0.27035
0.0063838,0.012357,0.28955
0.0045148,0.0099084,0.3089
0.0028888,0.0077505,0.32842
0.00034749,0.0065182,0.31656
-0.0019027,0.0058091,0.30619
-0.0038718,0.0056064,0.29698
-0.0055681,0.0058961,0.28872
-0.0069984,0.0066688,0.28122
-0.0082959,0.0077898,0.27434
-0.010006,0.0087146,0.26795
-0.012189,0.0093838,0.26198
-0.014848,0.0097985,0.25632
-0.017987,0.0099583,0.25095
-0.02016,0.010776,0.2419
-0.022465,0.011618,0.2343
-0.024905,0.012484,0.22791
-0.027482,0.013373,0.22255
-0.0302,0.014285,0.21809
-0.033062,0.01522,0.21442
-0.036072,0.016176,0.21142
-0.039234,0.017153,0.20904
-0.042552,0.01815,0.2072
-0.046029,0.019166,0.20586
-0.045618,0.020763,0.20067
-0.045243,0.022301,0.19529
-0.044901,0.02378,0.18976
-0.044593,0.025202,0.18412
-0.044316,0.026568,0.17842
-0.04407,0.027878,0.17269
-0.043853,0.029133,0.16694
-0.043666,0.030335,0.1612
-0.043505,0.031485,0.15549
-0.043371,0.032583,0.14983
-0.040796,0.029138,0.14683
-0.038432,0.02586,0.14388
-0.036266,0.022739,0.14099
-0.03429,0.019763,0.13815
-0.032493,0.016923,0.13537
-0.030866,0.014209,0.13264
-0.029401,0.011613,0.12997
-0.02809,0.009126,0.12735
-0.026927,0.0067411,0.12478
-0.025904,0.0044513,0.12226
-0.023069,0.0022378,0.11199
-0.020538,0.00030403,0.10266
-0.018289,-0.0013708,0.094157
-0.016302,-0.002806,0.08637
-0.014557,-0.0040191,0.079228
-0.013036,-0.0050264,0.072652
-0.011724,-0.0058426,0.066592
-0.010606,-0.0064817,0.060988
-0.0096672,-0.0069559,0.05581
-0.0088962,-0.0072768,0.051004
-0.0098714,-0.007362,0.054706
-0.010969,-0.0073494,0.058492
-0.012195,-0.007233,0.062356
-0.013553,-0.0070067,0.066279
-0.015049,-0.0066645,0.070254
-0.016689,-0.0062003,0.074262
-0.018476,-0.0056081,0.078294
-0.020416,-0.0048823,0.082332
-0.022515,-0.0040171,0.086366
-0.024776,-0.003007,0.09038
-0.022487,-0.0011208,0.10812
-0.020362,0.00060327,0.12711
-0.018397,0.0021649,0.1473
-0.016595,0.0035623,0.16864
-0.014957,0.0047923,0.19108
-0.013487,0.0058511,0.21457
-0.012189,0.0067338,0.23907
-0.011069,0.0074347,0.26453
-0.010133,0.007948,0.29089
-0.0093861,0.008267,0.31812
-0.0072674,0.0063441,0.28443
-0.0054717,0.0047277,0.2544
-0.0039728,0.0033904,0.22743
-0.0027468,0.0023073,0.20309
-0.0017723,0.0014559,0.18102
-0.0010298,0.00081517,0.16095
-0.00050117,0.00036601,0.14266
-0.00016995,9.0643e-05,0.12597
-2.1047e-05,-2.7353e-05,0.11072
2.6455e-05,-6.0893e-05,0.096789
-9.1837e-05,-0.00012664,0.11344
-0.00043689,-0.00045131,0.1315
-0.001092,-0.00099971,0.15095
-0.0020815,-0.0017876,0.17174
-0.0034282,-0.0028326,0.1938
-0.0051548,-0.0041526,0.21705
-0.0072836,-0.0057649,0.2414
-0.0098364,-0.0076865,0.26674
-0.012834,-0.0099338,0.29298
-0.016297,-0.012523,0.32001
-0.018517,-0.013933,0.29183
-0.020853,-0.015403,0.2668
-0.023305,-0.016932,0.24437
-0.025872,-0.018522,0.22414
-0.028556,-0.020173,0.20574
-0.031356,-0.021885,0.18895
-0.034274,-0.023662,0.17353
-0.037312,-0.025502,0.15932
-0.040472,-0.027408,0.14619
-0.043755,-0.029382,0.134
-0.046033,-0.028701,0.11514
-0.048413,-0.027896,0.098477
-0.050895,-0.026972,0.083727
-0.053484,-0.025933,0.070657
-0.056184,-0.024781,0.059088
-0.058999,-0.023517,0.048861
-0.061935,-0.022143,0.039858
-0.064996,-0.02066,0.031967
-0.068187,-0.019067,0.025106
-0.071514,-0.017363,0.019196
-0.076125,-0.024025,0.0091336
-0.081104,-0.031024,0.0028823
-0.086462,-0.038378,0.00015687
-0.09221,-0.046101,-0.00075565
-0.09836,-0.054206,-0.004447
-0.10493,-0.062706,-0.011087
-0.11192,-0.071614,-0.020528
-0.11935,-0.08094,-0.032647
-0.12722,-0.090694,-0.047313
-0.13556,-0.10088,-0.06442
-0.13568,-0.096097,-0.048803
-0.13601,-0.09121,-0.0365
-0.13653,-0.086219,-0.026784
-0.13725,-0.08112,-0.019139
-0.13815,-0.075907,-0.013169
-0.13923,-0.07058,-0.0085849
-0.1405,-0.065134,-0.0051598
-0.14194,-0.059567,-0.0027229
-0.14356,-0.053877,-0.0011378
-0.14535,-0.048062,-0.00029979
-0.15438,-0.052295,-0.00070626
-0.16377,-0.056731,-0.0013033
-0.17351,-0.061374,-0.0020738
-0.18362,-0.066226,-0.0030039
-0.19409,-0.071292,-0.0040799
-0.20494,-0.076573,-0.0052919
-0.21614,-0.082072,-0.0066289
-0.22772,-0.087792,-0.0080837
-0.23966,-0.093734,-0.0096474
-0.25197,-0.0999,-0.011315
-0.24197,-0.10335,-0.012335
-0.23243,-0.10648,-0.013644
-0.22334,-0.1093,-0.015221
-0.21467,-0.11182,-0.01706
-0.20641,-0.11405,-0.019153
-0.19854,-0.11601,-0.0215
-0.19105,-0.11769,-0.024096
-0.18393,-0.11912,-0.026944
-0.17716,-0.12029,-0.030041
-0.17073,-0.12122,-0.033391
-0.16027,-0.11409,-0.018804
-0.1505,-0.10737,-0.0090343
-0.14135,-0.10102,-0.0032041
-0.13276,-0.095012,-0.00067691
-0.12469,-0.089324,3.1629e-05
-0.11709,-0.083938,0.0028225
-0.10993,-0.078833,0.0078043
-0.10318,-0.073988,0.01476
-0.096804,-0.069386,0.023516
-0.090769,-0.065009,0.033934
-0.097469,-0.069935,0.021181
-0.10445,-0.075068,0.011808
-0.11172,-0.080416,0.0053216
-0.11929,-0.085982,0.0013205
-0.12718,-0.091773,-0.00052919
-0.13538,-0.09779,-0.0010431
-0.1439,-0.10403,-0.00284
-0.15274,-0.1105,-0.0060615
-0.16191,-0.1172,-0.010526
-0.17141,-0.12413,-0.016076
-0.17044,-0.12283,-0.019126
-0.16947,-0.12153,-0.022475
-0.16851,-0.12023,-0.026114
-0.16754,-0.11893,-0.030036
-0.16658,-0.11764,-0.034229
-0.16561,-0.11634,-0.038685
-0.16464,-0.11505,-0.043392
-0.16368,-0.11375,-0.04834
-0.16271,-0.11246,-0.053518
-0.16174,-0.11117,-0.058916
-0.1665,-0.11995,-0.059016
-0.17152,-0.12882,-0.059241
-0.17679,-0.13777,-0.059564
-0.18231,-0.14681,-0.059969
-0.18809,-0.15593,-0.060437
-0.19412,-0.16514,-0.060955
-0.2004,-0.17443,-0.061509
-0.20694,-0.18381,-0.06209
-0.21373,-0.19328,-0.062685
-0.22077,-0.20284,-0.06329
-0.22256,-0.20487,-0.090465
-0.22432,-0.20691,-0.11993
-0.22607,-0.20894,-0.15101
-0.22781,-0.21098,-0.18323
-0.22952,-0.21302,-0.21625
-0.23123,-0.21506,-0.24981
-0.23291,-0.21711,-0.28373
-0.23458,-0.21915,-0.31789
-0.23623,-0.22119,-0.35215
-0.23786,-0.22322,-0.38648
-0.23675,-0.21026,-0.32176
-0.23732,-0.19636,-0.27194
-0.23947,-0.1815,-0.23242
-0.24312,-0.16566,-0.20035
-0.24821,-0.14881,-0.1738
-0.25467,-0.13092,-0.15146
-0.26248,-0.11197,-0.1324
-0.27159,-0.091945,-0.11596
-0.28199,-0.070811,-0.10164
-0.29366,-0.048554,-0.089091
-0.27009,-0.068075,-0.1373
-0.24878,-0.085169,-0.18824
-0.22961,-0.099995,-0.24039
-0.21247,-0.11268,-0.29295
-0.19727,-0.12334,-0.34546
-0.18393,-0.13206,-0.39774
-0.17238,-0.13891,-0.44963
-0.16259,-0.14395,-0.50111
-0.15449,-0.14723,-0.5521
-0.14806,-0.1488,-0.60262
-0.15692,-0.15459,-0.49264
-0.16556,-0.16005,-0.40812
-0.1741,-0.16523,-0.3413
-0.18264,-0.1702,-0.28739
-0.19122,-0.17499,-0.24314
-0.1999,-0.17963,-0.20635
-0.20871,-0.18414,-0.17543
-0.21766,-0.18853,-0.14923
-0.22677,-0.19282,-0.12691
-0.23607,-0.19701,-0.1078
-0.24624,-0.20634,-0.1064
-0.25666,-0.2159,-0.10397
-0.26733,-0.22569,-0.10075
-0.27823,-0.23571,-0.096937
-0.28937,-0.24594,-0.092718
-0.30073,-0.25639,-0.088233
-0.31232,-0.26706,-0.083622
-0.32413,-0.27794,-0.078973
-0.33615,-0.28902,-0.074379
-0.34838,-0.30032,-0.069891
-0.35219,-0.31125,-0.09196
-0.35632,-0.32198,-0.1143
-0.3608,-0.33252,-0.13653
-0.36561,-0.34285,-0.15844
-0.37077,-0.353,-0.17995
-0.37626,-0.36296,-0.20104
-0.38209,-0.37272,-0.22173
-0.38825,-0.38231,-0.24205
-0.39473,-0.39171,-0.26203
-0.40153,-0.40092,-0.2817
-0.38499,-0.38726,-0.33687
-0.36923,-0.37345,-0.39131
-0.35423,-0.35952,-0.445
-0.33955,-0.34586,-0.49801
-0.32479,-0.33287,-0.55038
-0.30996,-0.32051,-0.6022
-0.29508,-0.30875,-0.65346
-0.28014,-0.29756,-0.70424
-0.26518,-0.28693,-0.75445
-0.25019,-0.27683,-0.80418
-0.26282,-0.28579,-0.73351
-0.275,-0.29478,-0.6781
-0.28687,-0.30388,-0.63317
-0.29854,-0.31311,-0.59581
-0.31007,-0.3225,-0.5639
-0.32151,-0.33205,-0.53611
-0.33288,-0.34179,-0.51142
-0.34422,-0.35172,-0.48917
-0.35553,-0.36183,-0.46884
-0.36684,-0.37213,-0.45007
-0.34564,-0.34969,-0.4128
-0.32531,-0.32858,-0.38053
-0.30587,-0.30871,-0.35215
-0.28751,-0.28976,-0.32687
-0.27023,-0.27163,-0.30417
-0.25396,-0.25429,-0.28361
-0.23865,-0.23769,-0.26491
-0.22425,-0.22182,-0.2478
-0.2107,-0.20663,-0.23209
-0.19797,-0.1921,-0.21762
-0.20219,-0.19352,-0.19457
-0.20653,-0.19471,-0.17426
-0.21098,-0.19571,-0.15627
-0.21556,-0.19651,-0.14021
-0.22026,-0.19713,-0.12583
-0.22509,-0.19757,-0.11288
-0.23004,-0.19784,-0.10122
-0.23513,-0.19795,-0.090681
-0.24035,-0.19789,-0.081168
-0.2457,-0.19768,-0.072561
-0.232,-0.19789,-0.084363
-0.21981,-0.19699,-0.095508
-0.20902,-0.19506,-0.10606
-0.19955,-0.19215,-0.11606
-0.19131,-0.18833,-0.12562
-0.18424,-0.18363,-0.13477
-0.17822,-0.17816,-0.1436
-0.17194,-0.17321,-0.15215
-0.16489,-0.16926,-0.16046
-0.1571,-0.16628,-0.16857
-0.16622,-0.17319,-0.19519
-0.17551,-0.18051,-0.22188
-0.18497,-0.18826,-0.24847
-0.1946,-0.19643,-0.27484
-0.2044,-0.20504,-0.3009
-0.21437,-0.2141,-0.32659
-0.2245,-0.22361,-0.35188
-0.2348,-0.23357,-0.37675
-0.24536,-0.24388,-0.40118
-0.25635,-0.25436,-0.42518
-0.25776,-0.25465,-0.39205
-0.25932,-0.25442,-0.36489
-0.26106,-0.25373,-0.34205
-0.26299,-0.25265,-0.32246
-0.2651,-0.25122,-0.30531
-0.26741,-0.24946,-0.29006
-0.2699,-0.2474,-0.27629
-0.27258,-0.24507,-0.26371
-0.27544,-0.24249,-0.25209
-0.27847,-0.23967,-0.24125
-0.27691,-0.23855,-0.19759
-0.2753,-0.23727,-0.16243
-0.27368,-0.23588,-0.13372
-0.27207,-0.23442,-0.11
-0.27049,-0.2329,-0.090292
-0.26894,-0.23135,-0.073836
-0.26744,-0.22978,-0.060097
-0.26598,-0.22818,-0.048642
-0.26456,-0.22658,-0.039158
-0.26319,-0.22497,-0.031372
-0.25889,-0.22666,-0.038944
-0.25484,-0.22802,-0.046827
-0.25103,-0.22907,-0.054915
-0.24745,-0.22981,-0.063131
-0.24411,-0.23026,-0.071468
-0.241,-0.23043,-0.079914
-0.23812,-0.23031,-0.088494
-0.23545,-0.22993,-0.097214
-0.23301,-0.22928,-0.1061
-0.23077,-0.22837,-0.11517
-0.2377,-0.23653,-0.098152
-0.24503,-0.24435,-0.083652
-0.25246,-0.25217,-0.071238
-0.2596,-0.26039,-0.060571
-0.26649,-0.26901,-0.051398
-0.27312,-0.27803,-0.043511
-0.27951,-0.28745,-0.036761
-0.28566,-0.29727,-0.031014
-0.29159,-0.30749,-0.026177
-0.29729,-0.3181,-0.022161
-0.29789,-0.31559,-0.036956
-0.29834,-0.31315,-0.055845
-0.29866,-0.31079,-0.077654
-0.29887,-0.30854,-0.10162
-0.29898,-0.3064,-0.12724
-0.29899,-0.30437,-0.15421
-0.2989,-0.30245,-0.18229
-0.29874,-0.30065,-0.21135
-0.29848,-0.29897,-0.24127
-0.29815,-0.2974,-0.27198
-0.29861,-0.29919,-0.27756
-0.29891,-0.30122,-0.28221
-0.29905,-0.30348,-0.28595
-0.29904,-0.30597,-0.28889
-0.29888,-0.30867,-0.29101
-0.29858,-0.31159,-0.29241
-0.29813,-0.31471,-0.29309
-0.29755,-0.31803,-0.29311
-0.29683,-0.32155,-0.29248
-0.29599,-0.32525,-0.29123
-0.30714,-0.33303,-0.21003
-0.31787,-0.34059,-0.15126
-0.32828,-0.34805,-0.108
-0.33845,-0.3555,-0.075939
-0.34844,-0.36298,-0.05221
-0.35829,-0.37053,-0.034867
-0.36803,-0.37818,-0.022551
-0.37767,-0.38594,-0.014273
-0.38723,-0.39382,-0.0093108
-0.39673,-0.40183,-0.0071077
-0.3934,-0.39838,-0.0074762
-0.39017,-0.39503,-0.0079215
-0.38704,-0.39179,-0.00827
-0.38401,-0.38864,-0.0084705
-0.38108,-0.38558,-0.0085273
-0.37824,-0.38262,-0.0084671
-0.3755,-0.37974,-0.0083189
-0.37284,-0.37695,-0.0081191
-0.37026,-0.37424,-0.0078863
-0.36776,-0.37161,-0.0076334
-0.34258,-0.34825,-0.0075754
-0.31852,-0.32633,-0.0076123
-0.29552,-0.30578,-0.0077412
-0.27353,-0.28652,-0.0079612
-0.2525,-0.26849,-0.0082717
-0.23237,-0.25164,-0.0086726
-0.2131,-0.2359,-0.0091646
-0.19465,-0.22122,-0.0097476
-0.17697,-0.20756,-0.010423
-0.16003,-0.19487,-0.011192
-0.14782,-0.18505,-0.0084543
-0.13619,-0.17583,-0.0062865
-0.12513,-0.16716,-0.0046092
-0.1146,-0.159,-0.0033606
-0.10456,-0.15134,-0.0024933
-0.095002,-0.14414,-0.0019689
-0.085891,-0.13738,-0.0017528
-0.077209,-0.13104,-0.0014833
-0.068934,-0.12509,-0.00095423
-0.061045,-0.11951,-0.00018232
-0.06792,-0.12563,0.0015196
-0.075088,-0.13206,0.0039356
-0.082556,-0.13879,0.0070262
-0.090332,-0.14583,0.010758
-0.098422,-0.15319,0.0151
-0.10683,-0.16088,0.020026
-0.11557,-0.16889,0.025508
-0.12464,-0.17724,0.031527
-0.13404,-0.18592,0.03806
-0.14378,-0.19494,0.045089
-0.12617,-0.1946,0.046273
-0.10767,-0.19575,0.047238
-0.088274,-0.19836,0.048003
-0.067949,-0.20241,0.048588
-0.046682,-0.20787,0.049005
-0.024454,-0.21473,0.049269
-0.0012476,-0.223,0.049388
0.022954,-0.23266,0.049372
0.048165,-0.24372,0.049225
0.074396,-0.25619,0.048956
0.080943,-0.24513,0.044362
0.086869,-0.23466,0.041241
0.092209,-0.22474,0.039188
0.096993,-0.21536,0.037935
0.10125,-0.20647,0.037299
0.105,-0.19805,0.037154
0.10828,-0.19009,0.037411
0.1111,-0.18256,0.038006
0.11349,-0.17545,0.038893
0.11546,-0.16873,0.04004
0.12408,-0.17416,0.034218
0.13281,-0.17979,0.028711
0.14165,-0.18562,0.023575
0.1506,-0.19167,0.018856
0.15965,-0.19791,0.014595
0.16882,-0.20437,0.010821
0.17809,-0.21103,0.0075636
0.18747,-0.2179,0.0048423
0.19695,-0.22497,0.0026758
0.20653,-0.23225,0.0010771
0.1937,-0.22385,-0.00069738
0.18134,-0.21619,-0.0050009
0.1694,-0.20916,-0.013443
0.1578,-0.20272,-0.025158
0.14651,-0.19683,-0.039524
0.13547,-0.19144,-0.056096
0.12466,-0.18653,-0.074528
0.11403,-0.18206,-0.094574
0.10355,-0.17802,-0.11603
0.093217,-0.17438,-0.13873
0.086791,-0.16405,-0.12897
0.080658,-0.15417,-0.12101
0.074806,-0.14473,-0.11437
0.069219,-0.13572,-0.10873
0.063889,-0.12711,-0.10384
0.058803,-0.1189,-0.099534
0.053955,-0.11107,-0.095665
0.049335,-0.1036,-0.092148
0.044937,-0.096493,-0.088901
0.040755,-0.089723,-0.085876
0.037793,-0.083512,-0.062828
0.035161,-0.077704,-0.045325
0.032814,-0.072269,-0.032023
0.030711,-0.067177,-0.021964
0.028822,-0.062405,-0.014448
0.027119,-0.057931,-0.0089478
0.025578,-0.053734,-0.0050653
0.02418,-0.049797,-0.0024905
0.022907,-0.046103,-0.00098161
0.021743,-0.042638,-0.0003456
0.016747,-0.042941,-0.00046732
0.011544,-0.043633,-0.00064854
0.0061246,-0.044715,-0.00088062
0.00047914,-0.046189,-0.0011561
-0.0054023,-0.048059,-0.0014693
-0.01153,-0.05033,-0.0018149
-0.017913,-0.05301,-0.0021887
-0.02456,-0.056109,-0.0025863
-0.031482,-0.059638,-0.0030047
-0.038687,-0.063607,-0.0034399
-0.041023,-0.06089,-0.00069439
-0.043015,-0.058472,5.3931e-06
-0.044684,-0.056363,0.0026454
-0.046049,-0.054551,0.0076852
-0.047127,-0.053022,0.015003
-0.04793,-0.051769,0.024502
-0.048465,-0.050787,0.036107
-0.048737,-0.050074,0.049758
-0.048744,-0.049634,0.065401
-0.048503,-0.049454,0.082996
-0.048233,-0.049002,0.066933
-0.047946,-0.048554,0.05337
-0.047644,-0.048107,0.041919
-0.047327,-0.047661,0.032289
-0.046997,-0.047215,0.024242
-0.046654,-0.04677,0.017592
-0.046301,-0.046325,0.012186
-0.045937,-0.045881,0.0078985
-0.045563,-0.045437,0.0046275
-0.045181,-0.044995,0.0022874
-0.046227,-0.045548,0.0014602
-0.047411,-0.04597,0.0008553
-0.048733,-0.046259,0.00044856
-0.050192,-0.046411,0.00021903
-0.051787,-0.046424,0.00014867
-0.053519,-0.046294,0.0001318
-0.055388,-0.046018,-5.133e-06
-0.057396,-0.045593,-0.00025454
-0.059541,-0.045016,-0.00060537
-0.061825,-0.044286,-0.001048
-0.058245,-0.042395,-0.0010604
-0.054789,-0.040539,-0.0010883
-0.051456,-0.038719,-0.0011291
-0.048245,-0.036935,-0.0011811
-0.045155,-0.035185,-0.0012428
-0.042186,-0.033469,-0.001313
-0.039336,-0.031787,-0.0013906
-0.036605,-0.030139,-0.0014748
-0.033992,-0.028524,-0.0015647
-0.031496,-0.026942,-0.0016598
-0.03408,-0.029796,-0.0020597
-0.036822,-0.032799,-0.0024881
-0.039724,-0.035957,-0.0029401
-0.04279,-0.039271,-0.0034113
-0.046024,-0.042746,-0.0038959
-0.049429,-0.046385,-0.0043891
-0.053009,-0.05019,-0.0048856
-0.056766,-0.054166,-0.005381
-0.060704,-0.058313,-0.0058704
-0.064825,-0.062636,-0.0063501
-0.062397,-0.05921,-0.0042358
-0.060196,-0.055805,-0.0026638
-0.05821,-0.052416,-0.0015169
-0.05643,-0.049035,-0.00070557
-0.054847,-0.04566,-0.00015985
-0.053453,-0.042283,0.00017441
-0.052241,-0.038902,0.00034012
-0.051203,-0.035511,0.00037844
-0.050334,-0.032107,0.00046021
-0.049626,-0.028686,0.00063026
-0.046034,-0.027102,0.008022
-0.042537,-0.025608,0.024682
-0.0391,-0.024179,0.049698
-0.035698,-0.022797,0.082572
-0.032314,-0.021446,0.12302
-0.028941,-0.020118,0.17088
-0.02558,-0.018805,0.22594
-0.022243,-0.017504,0.28799
-0.018945,-0.016214,0.35669
-0.015706,-0.014934,0.43171
-0.013574,-0.015189,0.36087
-0.012086,-0.014799,0.30506
-0.011186,-0.013847,0.25997
-0.010169,-0.013051,0.22287
-0.0086202,-0.012837,0.1918
-0.0065971,-0.013153,0.16545
-0.0041438,-0.01396,0.1428
-0.0012921,-0.015231,0.12315
0.0019373,-0.016946,0.10594
0.0055326,-0.019095,0.090766
0.0084822,-0.019403,0.087874
0.011384,-0.019946,0.084887
0.014241,-0.020724,0.081829
0.017056,-0.021739,0.078713
0.019832,-0.022993,0.075558
0.022574,-0.02449,0.072372
0.025286,-0.026235,0.069171
0.027972,-0.028231,0.06596
0.030637,-0.030486,0.062754
0.033286,-0.033005,0.059555
0.030308,-0.030004,0.070223
0.027474,-0.027183,0.081482
0.024774,-0.024535,0.093311
0.022201,-0.022053,0.10568
0.019749,-0.019731,0.11858
0.017413,-0.017564,0.13199
0.015189,-0.015549,0.14588
0.013074,-0.013683,0.16024
0.011067,-0.011964,0.17505
0.0091667,-0.010391,0.1903
0.0066043,-0.0081753,0.18117
0.0044088,-0.0063421,0.17318
0.0025515,-0.0048633,0.16614
0.0010073,-0.0037147,0.15989
-0.00024515,-0.0028755,0.15429
-0.0012239,-0.0023283,0.14925
-0.0019438,-0.0020585,0.14465
-0.0024169,-0.0020542,0.14045
-0.002745,-0.0022139,0.13657
-0.0032852,-0.0021807,0.13296
-0.003775,-0.00253,0.15009
-0.0043379,-0.0029368,0.16815
-0.0049799,-0.0034068,0.18703
-0.0057063,-0.0039453,0.20664
-0.0065226,-0.004558,0.22686
-0.0074337,-0.0052503,0.2476
-0.0084442,-0.0060275,0.26874
-0.0095586,-0.0068946,0.2902
-0.010781,-0.0078567,0.31187
-0.012115,-0.0089182,0.33369
-0.012267,-0.0080952,0.31095
-0.012635,-0.0071171,0.29084
-0.013204,-0.0059937,0.27283
-0.013956,-0.0047325,0.25659
-0.014881,-0.0033392,0.24181
-0.015967,-0.0018181,0.22828
-0.017208,-0.00017237,0.2158
-0.018595,0.001596,0.20424
-0.020125,0.0034861,0.19346
-0.021793,0.0054974,0.18338
-0.023619,0.005184,0.16176
-0.025508,0.0048467,0.14267
-0.027462,0.004485,0.12573
-0.02948,0.0040982,0.11061
-0.031565,0.0036856,0.097073
-0.03372,0.0032464,0.084918
-0.035946,0.0027796,0.073988
-0.038246,0.0022843,0.06414
-0.040624,0.0017592,0.055276
-0.043083,0.0012031,0.04729
-0.041714,0.00051042,0.045281
-0.040382,-0.00013809,0.043028
-0.039088,-0.00074366,0.040594
-0.037829,-0.0013075,0.038018
-0.036605,-0.0018309,0.035352
-0.035415,-0.0023152,0.032626
-0.034258,-0.0027618,0.029884
-0.033133,-0.0031719,0.02715
-0.032039,-0.0035469,0.024457
-0.030976,-0.0038882,0.021824
-0.034093,-0.0023337,0.015587
-0.037442,-0.00056061,0.01045
-0.04103,0.0014462,0.0063525
-0.044866,0.0037024,0.0032438
-0.048961,0.0062236,0.0010861
-0.053324,0.0090253,-0.00015701
-0.057966,0.012122,-0.00053627
-0.062888,0.015523,-0.0011522
-0.068095,0.019237,-0.0025996
-0.073597,0.023279,-0.0048496
-0.074003,0.030279,-0.0044039
-0.074767,0.037167,-0.0040126
-0.075891,0.043948,-0.0036674
-0.077373,0.050629,-0.0033641
-0.079215,0.057215,-0.003097
-0.08142,0.063708,-0.0028634
-0.083992,0.070113,-0.0026597
-0.086934,0.076433,-0.002484
-0.090253,0.082668,-0.0023336
-0.093952,0.088821,-0.0022074
-0.09309,0.086258,-0.001568
-0.092392,0.083637,-0.0012682
-0.091852,0.080954,-0.0011913
-0.091467,0.078212,-0.0010365
-0.091232,0.075406,-0.00076583
-0.091143,0.072537,-0.00041957
-0.091196,0.069601,-2.7577e-05
-0.091387,0.066598,0.0003875
-0.091713,0.063525,0.00080934
-0.092172,0.06038,0.0012254
-0.091815,0.058936,-0.00014235
-0.091474,0.057501,-0.00085379
-0.091147,0.056075,-0.0010425
-0.090831,0.054653,-0.0012505
-0.090522,0.053234,-0.0017953
-0.090221,0.051818,-0.0026103
-0.089929,0.050405,-0.0036419
-0.089647,0.048996,-0.004847
-0.089374,0.04759,-0.0061903
-0.089111,0.046187,-0.0076436
-0.09546,0.044631,-0.0053729
-0.10224,0.042763,-0.0036681
-0.10946,0.040575,-0.0024587
-0.11714,0.038061,-0.0016829
-0.12528,0.035212,-0.0012854
-0.1339,0.03202,-0.0012134
-0.14302,0.028481,-0.0010919
-0.15263,0.024588,-0.00072517
-0.16276,0.020334,-0.00014625
-0.17342,0.015713,0.00061603
-0.15995,0.017591,0.0006115
-0.14733,0.019243,0.00063849
-0.13552,0.020677,0.00068831
-0.12447,0.021904,0.00075492
-0.11414,0.02293,0.0008341
-0.1045,0.023766,0.0009229
-0.095507,0.02442,0.0010192
-0.087126,0.024901,0.0011214
-0.079327,0.025217,0.0012285
-0.072082,0.025377,0.0013396
-0.069859,0.022307,0.00045297
-0.067765,0.019361,-0.00011979
-0.065793,0.016533,-0.00043515
-0.063937,0.013815,-0.00053803
-0.06219,0.011202,-0.00056504
-0.060545,0.0086874,-0.00073389
-0.058999,0.0062668,-0.0010285
-0.057546,0.0039358,-0.0014291
-0.056183,0.0016905,-0.0019195
-0.054906,-0.00047285,-0.002486
-0.054332,-0.003891,-0.0037258
-0.0539,-0.0072225,-0.0052181
-0.053607,-0.010475,-0.0069446
-0.053446,-0.013654,-0.0088893
-0.053413,-0.016767,-0.011039
-0.053504,-0.019817,-0.01338
-0.053718,-0.022809,-0.015904
-0.054051,-0.025748,-0.0186
-0.054501,-0.028635,-0.02146
-0.055068,-0.031474,-0.024477
-0.058966,-0.037367,-0.026298
-0.063312,-0.043482,-0.028143
-0.068125,-0.049831,-0.030008
-0.073422,-0.056428,-0.03189
-0.079222,-0.063285,-0.033783
-0.085542,-0.070415,-0.035685
-0.092401,-0.07783,-0.03759
-0.099815,-0.085542,-0.039496
-0.1078,-0.093562,-0.041398
-0.11638,-0.1019,-0.043294
-0.12465,-0.1092,-0.035072
-0.13327,-0.11676,-0.028223
-0.14224,-0.12458,-0.02253
-0.15159,-0.13267,-0.017818
-0.16131,-0.14103,-0.013937
-0.17142,-0.14966,-0.010764
-0.18191,-0.15857,-0.0081934
-0.1928,-0.16776,-0.0061379
-0.20409,-0.17723,-0.004523
-0.21578,-0.18699,-0.0032861
-0.21744,-0.18757,-0.0054034
-0.21921,-0.18803,-0.0077904
-0.22106,-0.18837,-0.010302
-0.22301,-0.18858,-0.012845
-0.22504,-0.18868,-0.015358
-0.22717,-0.18865,-0.017806
-0.22939,-0.18851,-0.020163
-0.23169,-0.18825,-0.022417
-0.23408,-0.18787,-0.024563
-0.23656,-0.18737,-0.026599
-0.22067,-0.17902,-0.012715
-0.2064,-0.17044,-0.0048794
-0.1936,-0.16162,-0.0014411
-0.18216,-0.15255,-0.00068809
-0.17151,-0.14378,0.0017928
-0.1608,-0.13623,0.0063075
-0.14998,-0.12984,0.012483
-0.13905,-0.12454,0.020047
-0.12798,-0.12028,0.028798
-0.11675,-0.11699,0.038582
-0.11907,-0.11599,0.025994
-0.1213,-0.11512,0.016572
-0.12345,-0.11439,0.0096577
-0.1255,-0.11379,0.004766
-0.12747,-0.11331,0.0015288
-0.12936,-0.11294,-0.00033496
-0.13116,-0.1127,-0.0010434
-0.13288,-0.11256,-0.0014254
-0.13451,-0.11253,-0.0026332
-0.13604,-0.11261,-0.0045813
-0.13347,-0.11298,-0.003799
-0.13043,-0.11394,-0.0031374
-0.12693,-0.11548,-0.0025869
-0.12298,-0.11759,-0.0021403
-0.11859,-0.12026,-0.0017921
-0.11375,-0.12349,-0.0015384
-0.10849,-0.12728,-0.0013763
-0.10279,-0.13164,-0.0013038
-0.09665,-0.13656,-0.0012993
-0.090083,-0.14205,-0.0012343
-0.096012,-0.14529,-0.0012818
-0.10204,-0.14861,-0.0013457
-0.10816,-0.15201,-0.0014317
-0.11438,-0.15548,-0.0015411
-0.1207,-0.15903,-0.0016726
-0.12711,-0.16266,-0.001823
-0.13362,-0.16636,-0.0019877
-0.14023,-0.17014,-0.002162
-0.14693,-0.174,-0.0023406
-0.15373,-0.17794,-0.0025183
-0.14484,-0.17546,-0.0022521
-0.13601,-0.17318,-0.0017698
-0.12723,-0.1711,-0.0010918
-0.11851,-0.16922,-0.00023474
-0.10984,-0.16753,0.00078751
-0.10123,-0.16603,0.0019632
-0.092689,-0.16472,0.0032824
-0.084205,-0.1636,0.0047364
-0.075785,-0.16267,0.0063175
-0.06743,-0.16193,0.008019
-0.063152,-0.16469,0.0087278
-0.058799,-0.16758,0.0094315
-0.054368,-0.17059,0.010129
-0.049859,-0.17372,0.010818
-0.045274,-0.17697,0.011498
-0.040611,-0.18035,0.012168
-0.03587,-0.18385,0.012826
-0.031052,-0.18747,0.013471
-0.026156,-0.19121,0.014102
-0.021182,-0.19508,0.014719
-0.036804,-0.16165,0.0064752
-0.048892,-0.13375,0.0016277
-0.057879,-0.11071,-0.00093117
-0.064131,-0.091993,-0.0019031
-0.067962,-0.077094,-0.0019734
-0.069625,-0.065586,-0.0026522
-0.069337,-0.057122,-0.0039928
-0.067266,-0.051426,-0.0058545
-0.063873,-0.047837,-0.0081408
-0.061806,-0.042791,-0.010757
-0.060778,-0.04305,-0.021254
-0.05983,-0.043083,-0.035311
-0.058959,-0.042888,-0.052765
-0.058166,-0.042462,-0.073487
-0.057449,-0.041804,-0.09736
-0.056795,-0.040931,-0.12428
-0.056037,-0.040062,-0.15415
-0.055129,-0.039258,-0.18688
-0.054073,-0.038521,-0.22235
-0.05287,-0.037851,-0.26049
-0.050418,-0.034177,-0.24421
-0.047395,-0.031558,-0.23053
-0.045139,-0.028185,-0.21876
-0.043856,-0.023761,-0.2085
-0.043514,-0.018311,-0.19937
-0.044089,-0.011847,-0.19115
-0.045567,-0.00437,-0.18364
-0.047943,0.0041265,-0.1767
-0.05122,0.013659,-0.17021
-0.055405,0.024248,-0.16409
-0.057897,0.024974,-0.17664
-0.060475,0.025717,-0.18908
-0.063136,0.026475,-0.20137
-0.06588,0.027245,-0.21349
-0.068706,0.02803,-0.22541
-0.071612,0.028825,-0.23714
-0.074599,0.029629,-0.24864
-0.077664,0.030441,-0.25992
-0.080806,0.031258,-0.27096
-0.084024,0.032076,-0.28179
-0.082462,0.028973,-0.32834
-0.080983,0.025925,-0.37602
-0.079593,0.022929,-0.42452
-0.078297,0.019983,-0.47365
-0.077099,0.017084,-0.52319
-0.076002,0.014233,-0.57306
-0.07501,0.011428,-0.62305
-0.074124,0.0086716,-0.67317
-0.073348,0.0059618,-0.72323
-0.072681,0.0033006,-0.7733
-0.072458,0.013107,-0.78163
-0.072873,0.023383,-0.79195
-0.073922,0.034119,-0.80358
-0.075601,0.045311,-0.81636
-0.077909,0.056952,-0.82979
-0.080844,0.06904,-0.8438
-0.084406,0.081569,-0.85801
-0.088596,0.094538,-0.87242
-0.093414,0.10794,-0.88671
-0.098862,0.12178,-0.90093
-0.087434,0.10847,-0.82166
-0.076952,0.096479,-0.75765
-0.067352,0.085621,-0.70452
-0.058573,0.075761,-0.65959
-0.050565,0.066794,-0.62092
-0.043279,0.058634,-0.58718
-0.036675,0.05121,-0.55744
-0.030712,0.044461,-0.53093
-0.025357,0.038337,-0.50716
-0.020579,0.032789,-0.48564
-0.021682,0.03183,-0.52002
-0.023053,0.030598,-0.55306
-0.024696,0.029094,-0.58476
-0.026613,0.027317,-0.61505
-0.028808,0.025269,-0.64395
-0.031282,0.022949,-0.6715
-0.034037,0.02036,-0.69775
-0.037073,0.017504,-0.72279
-0.04039,0.014382,-0.74665
-0.043988,0.010995,-0.76946
-0.04133,-0.00029621,-0.75655
-0.039931,-0.010093,-0.7462
-0.039743,-0.018484,-0.73774
-0.040728,-0.025546,-0.73077
-0.04286,-0.031335,-0.72489
-0.04612,-0.0359,-0.71986
-0.049941,-0.04002,-0.71541
-0.053,-0.045478,-0.7114
-0.055246,-0.052339,-0.70764
-0.056686,-0.060598,-0.70402
-0.045275,-0.051405,-0.68124
-0.035252,-0.04325,-0.66142
-0.026533,-0.036081,-0.64397
-0.019045,-0.029849,-0.62845
-0.012721,-0.024512,-0.61454
-0.0075007,-0.020029,-0.60193
-0.0033302,-0.016368,-0.59044
-0.00016185,-0.013497,-0.57986
0.0020469,-0.01139,-0.57008
0.0033319,-0.010024,-0.56092
0.0029153,-0.010502,-0.53524
0.0024523,-0.011012,-0.51055
0.0019413,-0.011559,-0.48681
0.0013804,-0.012144,-0.46394
0.00076806,-0.01277,-0.44195
0.0001028,-0.013441,-0.42074
-0.00061657,-0.014158,-0.40032
-0.0013916,-0.014925,-0.38061
-0.0022229,-0.015744,-0.36163
-0.0031118,-0.016617,-0.34329
-0.0060866,-0.018961,-0.3426
-0.0095303,-0.021699,-0.34237
-0.013454,-0.024843,-0.34257
-0.017872,-0.028401,-0.34309
-0.022797,-0.032389,-0.34393
-0.028248,-0.036819,-0.34498
-0.03424,-0.041707,-0.34626
-0.040793,-0.047067,-0.34769
-0.047924,-0.052918,-0.34926
-0.055654,-0.059275,-0.35092
-0.056045,-0.061167,-0.3331
-0.056304,-0.063214,-0.31552
-0.056433,-0.065416,-0.29827
-0.056433,-0.067774,-0.28137
-0.056304,-0.07029,-0.26488
-0.056048,-0.072963,-0.24879
-0.055666,-0.075794,-0.23316
-0.055157,-0.078784,-0.21798
-0.054523,-0.081935,-0.20328
-0.053764,-0.085238,-0.18904
-0.051792,-0.077374,-0.1829
-0.049798,-0.070137,-0.17735
-0.047775,-0.063504,-0.17235
-0.045717,-0.057448,-0.1678
-0.043618,-0.051945,-0.16367
-0.041471,-0.04697,-0.15989
-0.039272,-0.042502,-0.15643
-0.037014,-0.038518,-0.15325
-0.034692,-0.035001,-0.15032
-0.0323,-0.031931,-0.14761
-0.031398,-0.030072,-0.11257
-0.030536,-0.028473,-0.084287
-0.029712,-0.027089,-0.061537
-0.028924,-0.025886,-0.043366
-0.028168,-0.024835,-0.029071
-0.027442,-0.023913,-0.01807
-0.026742,-0.023102,-0.0099327
-0.026067,-0.022385,-0.0042985
-0.025412,-0.021749,-0.00089806
-0.024776,-0.021184,0.00048942
-0.024381,-0.020803,0.00030802
-0.024092,-0.020297,2.6707e-05
-0.023945,-0.019625,-0.00034926
-0.023941,-0.018789,-0.00081205
-0.024083,-0.017792,-0.0013581
-0.024374,-0.016633,-0.0019805
-0.024818,-0.01531,-0.0026772
-0.02542,-0.01382,-0.003442
-0.026187,-0.01216,-0.0042733
-0.027127,-0.010322,-0.0051651
-0.028376,-0.0097139,-0.0054831
-0.029677,-0.0090416,-0.0057674
-0.031032,-0.0083046,-0.0060169
-0.032439,-0.0075022,-0.0062271
-0.033901,-0.006634,-0.0063978
-0.035416,-0.0056995,-0.0065258
-0.036985,-0.0046981,-0.0066118
-0.038609,-0.0036293,-0.0066541
-0.040287,-0.0024929,-0.006654
-0.042021,-0.0012883,-0.0066113
-0.042335,-0.0058669,-0.0079434
-0.042897,-0.010376,-0.0093512
-0.043711,-0.014827,-0.010827
-0.04478,-0.019228,-0.012362
-0.04611,-0.023589,-0.013951
-0.047708,-0.027919,-0.015588
-0.049581,-0.032225,-0.017267
-0.05174,-0.036517,-0.018983
-0.054196,-0.040801,-0.020731
-0.056958,-0.045085,-0.022507
-0.058042,-0.045733,-0.01681
-0.059144,-0.046406,-0.012087
-0.060262,-0.047099,-0.0082459
-0.061396,-0.047809,-0.005208
-0.062542,-0.048529,-0.0029074
-0.063699,-0.049257,-0.0012875
-0.064866,-0.049988,-0.00029937
-0.066042,-0.050719,9.9446e-05
-0.067225,-0.051448,0.00022242
-0.068411,-0.052175,0.0008199
-0.06497,-0.047966,9.5688e-05
-0.061747,-0.043882,-9.1314e-05
-0.058733,-0.039909,-0.00071247
-0.055921,-0.036039,-0.0018657
-0.053303,-0.032266,-0.0034985
-0.050869,-0.028582,-0.0055691
-0.048613,-0.024981,-0.0080435
-0.046528,-0.021457,-0.010895
-0.044609,-0.018005,-0.0141
-0.04285,-0.014619,-0.01764
-0.044091,-0.015822,-0.020584
-0.045369,-0.017048,-0.023566
-0.046683,-0.018298,-0.026555
-0.048034,-0.019572,-0.029526
-0.04942,-0.020873,-0.032453
-0.050841,-0.0222,-0.035318
-0.052299,-0.023554,-0.038103
-0.053792,-0.024937,-0.040796
-0.05532,-0.02635,-0.043381
-0.056884,-0.027792,-0.045853
-0.056767,-0.023894,-0.023816
-0.056907,-0.01976,-0.009746
-0.057295,-0.015395,-0.0021569
-0.057924,-0.010799,2.6579e-06
-0.058775,-0.0060645,0.002819
-0.059839,-0.0012457,0.0099235
-0.061121,0.0036721,0.020957
-0.062627,0.0087037,0.035645
-0.064362,0.013862,0.053759
-0.066332,0.019161,0.075097
-0.065388,0.024901,0.047314
-0.064688,0.030216,0.027443
-0.06421,0.035179,0.013881
-0.063942,0.03985,0.0055093
-0.063875,0.044276,0.0015175
-0.064006,0.048507,0.0006768
-0.064346,0.052657,-0.0023368
-0.064897,0.056759,-0.0083517
-0.065662,0.060817,-0.017096
-0.066646,0.064837,-0.028348
-0.071398,0.069092,-0.031825
-0.076361,0.073513,-0.035461
-0.081537,0.0781,-0.039245
-0.086927,0.082854,-0.043175
-0.092534,0.087774,-0.04724
-0.098358,0.092861,-0.051437
-0.1044,0.098115,-0.055753
-0.11066,0.10353,-0.060189
-0.11714,0.10912,-0.064733
-0.12384,0.11487,-0.069385
-0.13023,0.12464,-0.081001
-0.13698,0.13471,-0.093187
-0.14411,0.14507,-0.10589
-0.15161,0.15573,-0.11907
-0.15948,0.16667,-0.13269
-0.16773,0.1779,-0.14672
-0.17636,0.18941,-0.16112
-0.18537,0.2012,-0.17588
-0.19476,0.21325,-0.19094
-0.20452,0.22557,-0.2063
-0.19338,0.21403,-0.22488
-0.18284,0.20307,-0.2427
-0.17287,0.19265,-0.2598
-0.16344,0.18274,-0.2763
-0.1545,0.17329,-0.2922
-0.14603,0.16428,-0.30759
-0.138,0.15567,-0.32246
-0.13039,0.14743,-0.3369
-0.12318,0.13955,-0.35086
-0.11633,0.132,-0.36442
-0.091574,0.10384,-0.29368
-0.071083,0.080568,-0.24001
-0.054236,0.061446,-0.19817
-0.04051,0.045869,-0.16494
-0.029463,0.033325,-0.13812
-0.020709,0.023375,-0.11624
-0.013916,0.015637,-0.098216
-0.0087892,0.0097769,-0.083263
-0.0050704,0.0055023,-0.07079
-0.002533,0.0025563,-0.060314
-0.0019031,0.0021606,-0.050026
-0.0014526,0.0017544,-0.041225
-0.00089786,0.0015701,-0.033701
-0.00024505,0.0015845,-0.027258
0.00049085,0.001769,-0.021751
0.001301,0.0021024,-0.01704
0.0021828,0.0025716,-0.013026
0.00314,0.0031714,-0.0096189
0.0041824,0.0039047,-0.0067621
0.0053251,0.0047818,-0.004413
0.0061139,0.0057693,-0.004716
0.0069174,0.006964,-0.0050253
0.0077371,0.0083843,-0.0053436
0.0085737,0.010049,-0.005667
0.0094279,0.011979,-0.0059977
0.0103,0.014194,-0.0063314
0.011191,0.016715,-0.0066696
0.0121,0.019562,-0.0070077
0.013028,0.022758,-0.0073465
0.013975,0.026325,-0.0076805
0.013812,0.026524,-0.0032092
0.013683,0.026707,-0.00077776
0.013579,0.026872,-0.00016862
0.013475,0.027045,0.0010912
0.013354,0.027238,0.0040685
0.01321,0.027448,0.008705
0.013035,0.027674,0.014954
0.012823,0.027915,0.022785
0.012569,0.028168,0.032167
0.012268,0.028434,0.043081
0.012125,0.024024,0.041248
0.011829,0.020172,0.039617
0.011388,0.016842,0.038132
0.01081,0.013999,0.036761
0.010102,0.011612,0.035471
0.0092683,0.0096521,0.034244
0.0083141,0.0080926,0.03306
0.0072427,0.0069091,0.031911
0.0062805,0.0058212,0.03079
0.0056342,0.0045726,0.029699
0.0041176,0.0033806,0.02348
0.0028711,0.0024198,0.01839
0.001876,0.0016604,0.014239
0.0011143,0.0010737,0.010875
0.00056944,0.0006315,0.0081695
0.00022172,0.00031026,0.0060151
-2.493e-06,0.00015118,0.0043156
-0.00014522,0.00016268,0.0029848
-0.00030434,0.0002666,0.0019442
-0.00062271,0.0003376,0.0011311
-0.00063111,0.00042004,0.00039128
-0.00064644,0.00050053,3.8639e-05
-0.00066884,0.00058107,-4.3082e-05
-0.00069514,0.00066107,-0.00034578
-0.0007267,0.0007434,-0.00099809
-0.00076606,0.00083146,-0.0020622
-0.0008157,0.00092829,-0.0036272
-0.00087818,0.0010367,-0.0058035
-0.00095619,0.0011594,-0.0087158
-0.0010524,0.0012995,-0.0125
-0.0007113,0.00098868,-0.0063714
-0.00034938,0.00084245,-0.0025537
2.7463e-05,0.00081898,-0.00055251
0.00042653,0.0008878,4.141e-06
0.00085725,0.0010474,0.00077073
0.0013377,0.0013181,0.0029486
0.001887,0.0017315,0.0068062
0.0025219,0.002321,0.012672
0.0033438,0.0030202,0.020883
0.0044225,0.0038007,0.031762
0.0039097,0.0028411,0.025098
0.0035383,0.0018947,0.01952
0.003295,0.00096471,0.01487
0.0031686,5.2704e-05,0.011022
0.0031504,-0.00084138,0.0078693
0.0032343,-0.0017196,0.0053267
0.0034172,-0.0025862,0.0033277
0.0036994,-0.0034474,0.0018243
0.0040847,-0.0043112,0.00078645
0.0045795,-0.0051867,0.00020105
0.0051076,-0.0058086,0.00023179
0.0056796,-0.0064848,0.00026959
0.0062976,-0.0072179,0.00031526
0.0069639,-0.0080108,0.00036945
0.0076808,-0.0088663,0.00043288
0.0084505,-0.0097871,0.00050601
0.0092754,-0.010776,0.00058934
0.010158,-0.011836,0.000683
0.0111,-0.012969,0.00078713
0.012104,-0.014179,0.00090146
0.011455,-0.013329,0.00014331
0.01084,-0.012513,-9.4512e-05
0.010263,-0.011725,-0.001011
0.0097231,-0.010962,-0.0026181
0.0092155,-0.010221,-0.0048553
0.008738,-0.0094982,-0.0076798
0.0082886,-0.0087909,-0.011062
0.0078659,-0.0080968,-0.014982
0.007469,-0.0074138,-0.019428
0.0070974,-0.0067402,-0.024394
0.0076468,-0.0071889,-0.031536
0.0082234,-0.0076418,-0.039744
0.008827,-0.0080973,-0.049035
0.0094576,-0.008554,-0.059418
0.010115,-0.0090103,-0.070881
0.010798,-0.0094648,-0.083411
0.011507,-0.0099163,-0.09697
0.012242,-0.010363,-0.11153
0.013001,-0.010805,-0.12702
0.013784,-0.01124,-0.14341
0.017058,-0.013593,-0.12835
0.020756,-0.016123,-0.11486
0.024888,-0.018838,-0.10268
0.029467,-0.021748,-0.091632
0.034506,-0.024864,-0.081552
0.040023,-0.028196,-0.072347
0.046036,-0.031756,-0.063929
0.052561,-0.035553,-0.056237
0.059618,-0.039598,-0.049219
0.067224,-0.0439,-0.042833
0.066979,-0.040978,-0.052738
0.066799,-0.038044,-0.062979
0.066685,-0.035099,-0.073446
0.066635,-0.032142,-0.084048
0.06665,-0.029173,-0.094708
0.06673,-0.026194,-0.10537
0.066875,-0.023204,-0.11598
0.067085,-0.020203,-0.1265
0.06736,-0.017192,-0.1369
0.0677,-0.014171,-0.14715
0.066295,-0.012623,-0.10584
0.065079,-0.011181,-0.074548
0.064016,-0.0098277,-0.050841
0.063076,-0.0085501,-0.033046
0.062237,-0.0073354,-0.019962
0.06148,-0.0061734,-0.010708
0.060788,-0.0050549,-0.0046297
0.060149,-0.0039726,-0.0012249
0.059552,-0.0029199,-0.00010743
0.058991,-0.0019,0.00073746
0.052897,0.0023493,0.0029436
0.047478,0.00592,0.0063015
0.042668,0.0088803,0.01066
0.038411,0.011289,0.015905
0.034655,0.013197,0.02194
0.03136,0.014647,0.028697
0.028488,0.015672,0.036118
0.026011,0.0163,0.044171
0.023906,0.016551,0.052821
0.022157,0.016438,0.062058
0.019736,0.015059,0.052773
0.017565,0.01367,0.044954
0.015631,0.012273,0.038315
0.013858,0.010947,0.032654
0.012128,0.0098255,0.027797
0.010436,0.0089014,0.023617
0.0087802,0.0081663,0.020005
0.007158,0.0076126,0.016875
0.0055663,0.0072335,0.014156
0.0040025,0.0070231,0.011789
0.0055564,0.0068712,0.010257
0.007012,0.0069635,0.0088741
0.0083762,0.0072914,0.0076186
0.0096514,0.0078514,0.0064735
0.010836,0.0086452,0.0054273
0.012074,0.009494,0.0044703
0.013534,0.010186,0.003596
0.015228,0.010706,0.0028025
0.017167,0.011038,0.0020903
0.019367,0.011163,0.0014606
0.017547,0.0095453,0.00054488
0.015876,0.0080254,3.0429e-05
0.014346,0.006599,-0.00014188
0.012948,0.0052624,-0.00025002
0.011673,0.0040125,-0.00060962
0.010516,0.0028449,-0.0011903
0.0094715,0.0017557,-0.0019654
0.008535,0.00074131,-0.0029139
0.0077025,-0.00020121,-0.0040189
0.00697,-0.0010745,-0.0052681
0.0057159,0.00019794,-0.0064954
0.0047058,0.001167,-0.0078858
0.0039201,0.0018572,-0.0094397
0.0033434,0.0022873,-0.011156
0.002966,0.0024695,-0.013033
0.0027581,0.0024409,-0.015065
0.0024328,0.002563,-0.017243
0.0019044,0.0029449,-0.019561
0.0011614,0.0036016,-0.022011
0.00018948,0.0045526,-0.02459
0.045057,0.1037,-0.061854
0.028344,0.10094,-0.054432
0.012256,0.099399,-0.047941
-0.0032201,0.099067,-0.042209
-0.018097,0.099935,-0.037101
-0.032385,0.102,-0.032519
-0.046096,0.10525,-0.028385
-0.059236,0.1097,-0.024642
-0.071815,0.11534,-0.021241
-0.083836,0.1222,-0.018149
-0.076511,0.11459,-0.019756
-0.069398,0.10738,-0.021431
-0.062488,0.10056,-0.023173
-0.055772,0.094126,-0.024986
-0.049243,0.088073,-0.02687
-0.042894,0.082398,-0.028825
-0.036715,0.077097,-0.030854
-0.030701,0.072166,-0.032957
-0.024845,0.067601,-0.035135
-0.01914,0.0634,-0.037388
-0.018532,0.074938,-0.047709
-0.017443,0.087659,-0.059268
-0.015859,0.10158,-0.071957
-0.013766,0.11672,-0.085652
-0.011147,0.13309,-0.10021
-0.0079894,0.1507,-0.1155
-0.0042773,0.16956,-0.13138
3.6914e-06,0.18969,-0.14774
0.0048674,0.21109,-0.16446
0.010328,0.23378,-0.18148
0.032656,0.21961,-0.1832
0.053786,0.20719,-0.18548
0.073793,0.19642,-0.18812
0.092741,0.18724,-0.19102
0.11069,0.1796,-0.19407
0.1277,0.17343,-0.19723
0.14381,0.16871,-0.20042
0.15907,0.16539,-0.20362
0.17351,0.16345,-0.20678
0.18717,0.16287,-0.20991
0.19084,0.16624,-0.22081
0.19455,0.16964,-0.23373
0.19832,0.17308,-0.2485
0.20215,0.17656,-0.26505
0.20604,0.18008,-0.28327
0.21001,0.18364,-0.30312
0.21404,0.18725,-0.32452
0.21814,0.1909,-0.34745
0.22232,0.19459,-0.37185
0.22657,0.19831,-0.39773
0.25598,0.22188,-0.31993
0.28708,0.24675,-0.25209
0.31991,0.27295,-0.19342
0.35451,0.30049,-0.14339
0.39091,0.32941,-0.10155
0.42915,0.35971,-0.067564
0.46925,0.39141,-0.04116
0.51126,0.42453,-0.022093
0.5552,0.45906,-0.010177
0.60109,0.49502,-0.0052294
0.54596,0.46465,-0.0086514
0.49341,0.43681,-0.014902
0.44329,0.41137,-0.022882
0.39549,0.38823,-0.032043
0.34989,0.3673,-0.042093
0.30637,0.34848,-0.052864
0.26485,0.33169,-0.064271
0.22524,0.31685,-0.076246
0.18744,0.3039,-0.088755
0.15139,0.29277,-0.10176
0.15624,0.30285,-0.096604
0.16117,0.31309,-0.092785
0.16617,0.32349,-0.089994
0.17125,0.33407,-0.088
0.17641,0.3448,-0.086631
0.18165,0.35571,-0.085752
0.18696,0.36678,-0.085267
0.19235,0.37801,-0.085096
0.19782,0.38942,-0.085182
0.20336,0.40099,-0.085479
0.16388,0.39944,-0.041774
0.12571,0.39943,-0.017345
0.088685,0.40092,-0.0069634
0.052724,0.4039,-0.0045757
0.017812,0.40851,0.0043323
-0.016125,0.41473,0.020298
-0.049157,0.42251,0.042252
-0.081337,0.43184,0.06941
-0.11271,0.4427,0.10115
-0.1433,0.45508,0.13698
-0.13818,0.42678,0.13217
-0.13327,0.39982,0.12928
-0.12856,0.37414,0.12754
-0.12401,0.34968,0.12649
-0.11959,0.32638,0.1258
-0.11528,0.3042,0.1253
-0.11106,0.2831,0.12483
-0.1069,0.26305,0.12434
-0.10279,0.244,0.12374
-0.09871,0.22593,0.12302
-0.082188,0.20921,0.17731
-0.066187,0.19371,0.23604
-0.050723,0.17942,0.29816
-0.035807,0.16635,0.36297
-0.02145,0.15451,0.42988
-0.0076632,0.14388,0.49855
0.0055471,0.13449,0.56854
0.018173,0.12631,0.63968
0.030216,0.11937,0.71157
0.04167,0.11365,0.78416
0.029374,0.13762,0.72221
0.014343,0.16649,0.67282
-0.0034509,0.20023,0.63218
-0.024028,0.23879,0.59814
-0.047409,0.28219,0.56891
-0.073607,0.33043,0.54344
-0.10264,0.38352,0.52076
-0.13451,0.44147,0.50023
-0.16924,0.5043,0.48127
-0.20683,0.57202,0.46348
-0.18791,0.56017,0.32964
-0.168,0.54916,0.23128
-0.14728,0.53879,0.15753
-0.12586,0.52895,0.10179
-0.10383,0.5196,0.059868
-0.081246,0.51072,0.028863
-0.058169,0.50231,0.0067998
-0.034642,0.49438,-0.0078403
-0.010701,0.48694,-0.016168
0.01362,0.48001,-0.019094
-0.048923,0.49878,-0.019899
-0.10977,0.52177,-0.021857
-0.1689,0.54901,-0.025247
-0.2263,0.58051,-0.030239
-0.28197,0.61632,-0.036916
-0.33589,0.65645,-0.045331
-0.38808,0.70094,-0.055467
-0.43852,0.7498,-0.067316
-0.48724,0.80304,-0.080807
-0.53421,0.86067,-0.095902
-0.47457,0.77309,-0.085787
-0.41813,0.69146,-0.079207
-0.36469,0.61563,-0.074721
-0.31411,0.54544,-0.071617
-0.26624,0.48076,-0.069473
-0.22096,0.42144,-0.068075
-0.17817,0.36738,-0.067265
-0.13776,0.31848,-0.066976
-0.099649,0.27463,-0.067135
-0.063757,0.23575,-0.067723
-0.069238,0.28477,-0.070725
-0.073575,0.33751,-0.074204
-0.076657,0.39391,-0.078179
-0.078402,0.4539,-0.082674
-0.078749,0.51746,-0.087678
-0.077655,0.58459,-0.093191
-0.075097,0.65532,-0.099195
-0.071066,0.72968,-0.10569
-0.065568,0.80774,-0.11265
-0.05862,0.88956,-0.12009
-0.022497,0.79955,-0.12615
0.010656,0.71546,-0.12713
0.040861,0.63715,-0.12462
0.068147,0.56449,-0.11977
0.092538,0.49738,-0.11333
0.11406,0.43573,-0.10584
0.13274,0.37948,-0.09767
0.14861,0.32856,-0.089109
0.16168,0.28291,-0.080383
0.17199,0.24247,-0.071673
0.15556,0.24389,-0.071614
0.13933,0.24577,-0.072175
0.12327,0.24809,-0.073228
0.10739,0.25085,-0.074674
0.091676,0.25405,-0.076443
0.076132,0.25769,-0.078478
0.06075,0.26176,-0.080737
0.045529,0.26626,-0.083185
0.030465,0.2712,-0.085798
0.015554,0.27656,-0.08855
0.01473,0.28159,-0.070827
0.01391,0.28651,-0.056525
0.013094,0.29132,-0.045013
0.012283,0.29606,-0.035825
0.011476,0.30075,-0.028618
0.010675,0.3054,-0.023128
0.0098785,0.31002,-0.019157
0.0090889,0.31461,-0.016545
0.0083056,0.3192,-0.015169
0.0075297,0.32377,-0.014878
-0.0057548,0.32607,-0.014563
-0.018725,0.32874,-0.013942
-0.031398,0.33179,-0.013119
-0.043788,0.33519,-0.012163
-0.055911,0.33894,-0.011128
-0.067779,0.34303,-0.010049
-0.079404,0.34744,-0.0089559
-0.090796,0.35217,-0.0078682
-0.10197,0.35721,-0.0068052
-0.11292,0.36256,-0.0057778
-0.10546,0.32982,-0.013898
-0.098592,0.2991,-0.015121
-0.092091,0.26979,-0.023435
-0.085879,0.24192,-0.03781
-0.079895,0.21552,-0.056933
-0.074077,0.19061,-0.079934
-0.068369,0.16721,-0.10621
-0.062714,0.14532,-0.13535
-0.057063,0.12493,-0.16704
-0.051368,0.10604,-0.20107
-0.060439,0.13038,-0.19777
-0.070114,0.15727,-0.19482
-0.080401,0.18673,-0.19216
-0.091307,0.2188,-0.18982
-0.10284,0.25352,-0.18777
-0.115,0.2909,-0.18599
-0.12778,0.33098,-0.18444
-0.1412,0.37376,-0.1831
-0.15524,0.41926,-0.18191
-0.16991,0.46751,-0.18084
-0.14176,0.40307,-0.16663
-0.11661,0.34374,-0.15608
-0.094315,0.28943,-0.14804
-0.074729,0.24005,-0.14181
-0.057706,0.1955,-0.13694
-0.043105,0.1557,-0.13314
-0.030788,0.12057,-0.1302
-0.020614,0.090018,-0.12799
-0.012443,0.063983,-0.12639
-0.0061362,0.042385,-0.12532
-0.0031572,0.052183,-0.16274
0.00090123,0.063009,-0.20528
0.0060442,0.07485,-0.25265
0.012272,0.087705,-0.30448
0.019581,0.10157,-0.36033
0.027966,0.11646,-0.41982
0.03742,0.13237,-0.48248
0.047934,0.14931,-0.54805
0.059498,0.1673,-0.61612
0.072092,0.18633,-0.68658
0.04255,0.19199,-0.5703
0.015265,0.19873,-0.47691
-0.010084,0.20655,-0.39979
-0.03374,0.21546,-0.33499
-0.055891,0.22545,-0.27978
-0.076684,0.23651,-0.23231
-0.096235,0.24866,-0.19128
-0.11464,0.26189,-0.15573
-0.13196,0.27623,-0.12498
-0.14828,0.2917,-0.09844
-0.1282,0.26979,-0.091948
-0.10788,0.25023,-0.085618
-0.087258,0.23289,-0.079553
-0.066298,0.21764,-0.073754
-0.044956,0.20436,-0.068262
-0.023193,0.19295,-0.063047
-0.00096788,0.18335,-0.058125
0.021758,0.17546,-0.05346
0.045023,0.16924,-0.049053
0.068867,0.16464,-0.044872
0.063552,0.13647,-0.060027
0.058008,0.11138,-0.074852
0.05231,0.089245,-0.089216
0.046532,0.06995,-0.10304
0.040744,0.053392,-0.11634
0.035012,0.039472,-0.12912
0.029401,0.028098,-0.14143
0.023968,0.019184,-0.15332
0.018764,0.012655,-0.16485
0.013833,0.0084504,-0.17609
0.018261,0.013421,-0.1422
0.022558,0.021985,-0.11295
0.026763,0.034224,-0.087333
0.030912,0.0503,-0.06488
0.035045,0.070428,-0.045464
0.039193,0.094846,-0.029128
0.043386,0.12379,-0.015975
0.047647,0.15751,-0.0060662
0.052001,0.19621,0.00060834
0.056467,0.2401,0.0041471
0.069499,0.23426,0.0029915
0.082548,0.22878,0.0011812
0.095609,0.22367,-0.0010699
0.10868,0.21893,-0.0036269
0.12175,0.21456,-0.006409
0.13482,0.21057,-0.0093644
0.14788,0.20696,-0.012467
0.16094,0.20374,-0.0157
0.174,0.20091,-0.019058
0.18704,0.19847,-0.02254
0.14945,0.19674,-0.034268
0.11344,0.19745,-0.045905
0.078955,0.20057,-0.057205
0.045952,0.20607,-0.068052
0.014389,0.21393,-0.078404
-0.015767,0.22413,-0.088263
-0.044538,0.23667,-0.097641
-0.071938,0.25154,-0.10657
-0.097976,0.26876,-0.11506
-0.12265,0.28833,-0.12315
-0.12051,0.28642,-0.11879
-0.11826,0.28443,-0.11571
-0.11591,0.28237,-0.1136
-0.11346,0.28023,-0.11224
-0.11092,0.27803,-0.11145
-0.1083,0.27576,-0.11109
-0.10559,0.27343,-0.11108
-0.10279,0.27104,-0.11132
-0.099906,0.26859,-0.11176
-0.096942,0.26609,-0.11236
-0.094401,0.26322,-0.089132
-0.092046,0.2607,-0.07093
-0.089859,0.25847,-0.05649
-0.087827,0.25651,-0.044927
-0.085936,0.25479,-0.035605
-0.084176,0.25328,-0.028055
-0.082537,0.25196,-0.02193
-0.081013,0.25082,-0.01696
-0.079596,0.24985,-0.012943
-0.07828,0.24903,-0.0097164
-0.071394,0.24269,-0.0058048
-0.064605,0.23658,-0.0030803
-0.057911,0.2307,-0.0014216
-0.051307,0.22502,-0.00072477
-0.044789,0.21954,-0.00067818
-0.038343,0.21427,-2.8412e-05
-0.031963,0.20918,0.0013518
-0.025645,0.20428,0.0034036
-0.019388,0.19957,0.006073
-0.013188,0.19503,0.0093138
-0.010397,0.18319,0.0080248
-0.0077896,0.17185,0.0075697
-0.0053587,0.16099,0.0077489
-0.0030972,0.1506,0.0084666
-0.0009981,0.14066,0.0096823
0.00094588,0.13117,0.011392
0.0027416,0.12211,0.013608
0.004396,0.11347,0.016355
0.0059156,0.10525,0.01966
0.0073068,0.097423,0.023556
0.0061114,0.096115,0.014283
0.0049716,0.094843,0.0074
0.0038837,0.093608,0.0026169
0.0028451,0.092408,-0.00029655
0.0018529,0.091243,-0.0015292
0.00089446,0.090101,-0.0019551
-6.1689e-05,0.088945,-0.0036421
-0.0010158,0.087774,-0.0066134
-0.0019667,0.086588,-0.010779
-0.002913,0.08539,-0.016062
-0.001679,0.076078,-0.017117
-0.00062751,0.067413,-0.018856
0.0002538,0.059368,-0.021274
0.00097693,0.051918,-0.024388
0.0015528,0.045038,-0.028229
0.0019921,0.038703,-0.032831
0.0023049,0.032891,-0.038229
0.0025011,0.027577,-0.044457
0.0025896,0.022742,-0.05154
0.0025792,0.018365,-0.059507
0.00049243,0.024554,-0.0554
-0.0021442,0.031809,-0.051471
-0.0053621,0.040181,-0.047715
-0.0091923,0.049721,-0.044132
-0.013666,0.060483,-0.040707
-0.018812,0.07252,-0.037433
-0.024661,0.085885,-0.034296
-0.031238,0.10063,-0.031289
-0.038569,0.1168,-0.028408
-0.046678,0.13446,-0.025648
-0.040779,0.1249,-0.035655
-0.035078,0.11563,-0.047075
-0.02958,0.10669,-0.059812
-0.02429,0.098074,-0.073795
-0.019212,0.089817,-0.088961
-0.014349,0.08193,-0.10527
-0.0097021,0.074428,-0.12267
-0.0052734,0.067327,-0.14114
-0.0010628,0.06064,-0.16065
0.0029306,0.05438,-0.18118
0.0033709,0.059884,-0.17419
0.0038078,0.065616,-0.16778
0.0042407,0.071578,-0.16187
0.0046695,0.07777,-0.15644
0.0050937,0.084194,-0.15139
0.005513,0.09085,-0.14672
0.0059271,0.097739,-0.14237
0.0063357,0.10486,-0.13832
0.0067385,0.11222,-0.13452
0.0071354,0.11981,-0.13095
0.012757,0.1246,-0.13737
0.018705,0.12957,-0.14378
0.024977,0.13473,-0.15019
0.031573,0.14007,-0.15661
0.038492,0.14559,-0.16303
0.045733,0.15128,-0.16947
0.053295,0.15716,-0.1759
0.061178,0.16321,-0.18234
0.069383,0.16943,-0.18879
0.077911,0.17583,-0.19526
0.056976,0.15786,-0.21616
0.038433,0.14142,-0.23705
0.022231,0.12648,-0.25801
0.0083192,0.11297,-0.27911
-0.0033466,0.10087,-0.30037
-0.012807,0.090114,-0.32186
-0.020098,0.080681,-0.34357
-0.025249,0.072533,-0.36557
-0.028284,0.065641,-0.38783
-0.029219,0.05998,-0.41039
-0.030533,0.069416,-0.30156
-0.030656,0.079542,-0.21453
-0.029623,0.090416,-0.14532
-0.027456,0.10211,-0.09136
-0.024165,0.11473,-0.050896
-0.019744,0.12836,-0.022741
-0.014175,0.14313,-0.006111
-0.0074294,0.15914,-0.00042445
0.00051558,0.1765,0.0043902
0.0096762,0.19534,0.019315
0.012181,0.1751,0.004739
0.014171,0.15662,-0.00022983
0.015727,0.13971,-0.0031046
0.016931,0.12421,-0.012615
0.017835,0.10998,-0.0281
0.018483,0.096923,-0.049031
0.018913,0.08493,-0.075062
0.019158,0.073916,-0.10594
0.019247,0.063807,-0.14151
0.019201,0.054541,-0.18166
0.019768,0.059165,-0.16926
0.020323,0.063982,-0.15707
0.020868,0.068992,-0.14512
0.021401,0.074195,-0.13346
0.021924,0.07959,-0.12212
0.022436,0.085176,-0.11115
0.022937,0.090952,-0.10058
0.023427,0.096919,-0.09043
0.023907,0.10307,-0.080731
0.024375,0.10942,-0.071504
0.0076804,0.12028,-0.09214
-0.0089061,0.13298,-0.11427
-0.025406,0.14758,-0.1377
-0.041839,0.16412,-0.16223
-0.058223,0.18266,-0.1877
-0.074575,0.20324,-0.21396
-0.09091,0.2259,-0.24084
-0.10724,0.25069,-0.26825
-0.12357,0.27764,-0.29603
-0.13992,0.30677,-0.32412
-0.12438,0.27202,-0.32528
-0.11005,0.2403,-0.33182
-0.096829,0.21134,-0.34238
-0.084629,0.18492,-0.35614
-0.073366,0.16085,-0.37248
-0.062981,0.13894,-0.39104
-0.053588,0.11897,-0.41149
-0.045184,0.10077,-0.43367
-0.037707,0.084219,-0.45736
-0.031106,0.069229,-0.48252
-0.026305,0.057857,-0.421
-0.021854,0.047271,-0.36565
-0.017788,0.037541,-0.31566
-0.01414,0.028732,-0.27053
-0.010941,0.020911,-0.22981
-0.0082216,0.014141,-0.19316
-0.0060082,0.0084861,-0.16032
-0.0043299,0.0040095,-0.13104
-0.0032143,0.00077467,-0.10513
-0.0026895,-0.0011555,-0.082409
-0.005528,-0.00028498,-0.078847
-0.0094604,0.0016128,-0.075341
-0.014513,0.0045753,-0.071839
-0.020718,0.0086514,-0.068288
-0.028111,0.013895,-0.064712
-0.036727,0.020364,-0.061112
-0.0466,0.028116,-0.057546
-0.057763,0.037207,-0.054028
-0.070246,0.047692,-0.050607
-0.08408,0.059625,-0.047299
-0.070592,0.069637,-0.050755
-0.059916,0.078378,-0.053985
-0.052077,0.085849,-0.057056
-0.047095,0.09205,-0.059996
-0.044986,0.096988,-0.062851
-0.045579,0.10075,-0.065634
-0.04493,0.10516,-0.068359
-0.041447,0.11093,-0.071022
-0.035139,0.11807,-0.073641
-0.026017,0.12659,-0.076212
-0.031788,0.10651,-0.11095
-0.033969,0.08931,-0.14866
-0.03253,0.074924,-0.18888
-0.028211,0.062966,-0.23143
-0.027071,0.05065,-0.2763
-0.030408,0.037363,-0.32357
-0.038217,0.023097,-0.37324
-0.050497,0.007855,-0.42532
-0.067248,-0.0083487,-0.47963
-0.088477,-0.025493,-0.53603
-0.074165,-0.018181,-0.55404
-0.061329,-0.011493,-0.57282
-0.049938,-0.0054137,-0.59205
-0.039965,7.2929e-05,-0.61172
-0.031386,0.0049783,-0.63155
-0.024183,0.0093196,-0.6516
-0.018341,0.013101,-0.67164
-0.013849,0.016326,-0.69175
-0.010698,0.018998,-0.7117
-0.0088849,0.021119,-0.7316
-0.014159,0.028914,-0.78964
-0.02087,0.037785,-0.8465
-0.029071,0.047757,-0.90171
-0.038807,0.058849,-0.95525
-0.050124,0.071077,-1.0067
-0.063058,0.084455,-1.0563
-0.077645,0.098993,-1.1036
-0.093911,0.1147,-1.1489
-0.11188,0.13157,-1.1919
-0.13158,0.14961,-1.2329
-0.12213,0.14043,-1.1942
-0.11295,0.13123,-1.1756
-0.10405,0.12212,-1.1708
-0.095468,0.11313,-1.1763
-0.087204,0.10431,-1.1894
-0.079267,0.095692,-1.2085
-0.071663,0.087306,-1.2323
-0.064397,0.079174,-1.2601
-0.057472,0.071313,-1.2912
-0.05089,0.063742,-1.3252
-0.066939,0.071611,-1.1668
-0.085167,0.07919,-1.0264
-0.10558,0.086512,-0.90047
-0.12818,0.093602,-0.78676
-0.15299,0.10048,-0.68374
-0.18002,0.10716,-0.58999
-0.20929,0.11365,-0.50488
-0.24083,0.11997,-0.42747
-0.27468,0.12611,-0.35753
-0.31085,0.13208,-0.29442
-0.33766,0.1688,-0.27935
-0.3666,0.20884,-0.266
-0.3977,0.25224,-0.25424
-0.431,0.29902,-0.24371
-0.4665,0.34922,-0.23434
-0.50421,0.40283,-0.22592
-0.54413,0.45988,-0.21844
-0.58622,0.52034,-0.21177
-0.63046,0.58421,-0.20594
-0.67682,0.65146,-0.20087
-0.66253,0.60404,-0.19665
-0.64965,0.55874,-0.18773
-0.63811,0.51542,-0.17637
-0.62782,0.47393,-0.16383
-0.61873,0.43415,-0.15094
-0.61076,0.39597,-0.13809
-0.60387,0.35928,-0.12561
-0.598,0.324,-0.11359
-0.5931,0.29005,-0.10216
-0.58915,0.25735,-0.091328
-0.56778,0.25757,-0.091658
-0.54765,0.25825,-0.0906
-0.52867,0.25934,-0.088612
-0.51077,0.26081,-0.085957
-0.49387,0.26262,-0.082864
-0.4779,0.26475,-0.07945
-0.46281,0.26716,-0.075837
-0.44855,0.26984,-0.072079
-0.43506,0.27276,-0.068247
-0.42231,0.27592,-0.064368
-0.3706,0.25604,-0.029922
-0.32354,0.23741,-0.011772
-0.28079,0.21992,-0.0041236
-0.2421,0.20345,-0.0023371
-0.20727,0.18796,0.0029651
-0.17606,0.17334,0.012172
-0.14828,0.15951,0.024412
-0.12372,0.14637,0.039082
-0.10221,0.13386,0.055726
-0.083594,0.1219,0.074023
-0.083603,0.122,0.043803
-0.083629,0.12193,0.022428
-0.083673,0.1217,0.0083713
-0.083735,0.12136,0.00054946
-0.083817,0.12093,-0.001851
-0.083875,0.1204,-0.0043549
-0.083873,0.11974,-0.011208
-0.083811,0.11899,-0.022048
-0.083691,0.11815,-0.036592
-0.083513,0.11725,-0.054614
-0.085807,0.13929,-0.033357
-0.089203,0.16236,-0.018351
-0.093699,0.18647,-0.0088533
-0.099296,0.21161,-0.0042897
-0.10601,0.23778,-0.0036174
-0.11391,0.26505,-0.00065562
-0.12303,0.29343,0.0059019
-0.13337,0.3229,0.015729
-0.14496,0.35346,0.028533
-0.15769,0.38514,0.044055
-0.15978,0.39022,0.041163
-0.16227,0.39488,0.038319
-0.16527,0.3991,0.035487
-0.16877,0.40288,0.032655
-0.17277,0.40621,0.029808
-0.17726,0.40912,0.026944
-0.18224,0.4116,0.024064
-0.18772,0.41366,0.021172
-0.19367,0.4153,0.018276
-0.20012,0.41653,0.015386
-0.2003,0.4083,0.0069008
-0.20068,0.39979,0.0012565
-0.20127,0.39101,-0.0025329
-0.20207,0.38195,-0.0050948
-0.20308,0.37264,-0.0068321
-0.20432,0.36307,-0.0080115
-0.20579,0.35326,-0.0088086
-0.20751,0.34321,-0.0093441
-0.20948,0.33294,-0.0096991
-0.21173,0.32246,-0.0099311
-0.20887,0.30442,-0.0097854
-0.20642,0.2873,-0.0096265
-0.20434,0.27104,-0.0094621
-0.20261,0.25556,-0.0092961
-0.2012,0.24083,-0.0091285
-0.20008,0.22677,-0.0089576
-0.19924,0.21335,-0.0087792
-0.19866,0.20053,-0.0085884
-0.19832,0.18826,-0.0083791
-0.1982,0.17651,-0.0081445
-0.17974,0.16505,-0.0077481
-0.16238,0.15434,-0.0074119
-0.14609,0.14433,-0.0069694
-0.13085,0.13494,-0.0068284
-0.11663,0.12611,-0.0072819
-0.10339,0.11779,-0.0084934
-0.091104,0.10992,-0.010602
-0.07976,0.10246,-0.013728
-0.069331,0.095357,-0.017972
-0.059797,0.088567,-0.023422
-0.066492,0.086306,-0.011471
-0.073848,0.083571,-0.0053122
-0.081899,0.08043,-0.0040171
-0.090888,0.077146,0.00077922
-0.10088,0.073814,0.011114
-0.11189,0.070468,0.026912
-0.1239,0.067132,0.048095
-0.13692,0.063824,0.074588
-0.15094,0.060556,0.10631
-0.16594,0.057335,0.14319
-0.17254,0.065615,0.13411
-0.17935,0.074326,0.12544
-0.1864,0.083465,0.11712
-0.19366,0.093034,0.1091
-0.20115,0.10303,0.10135
-0.20886,0.11346,0.093854
-0.2168,0.12433,0.086568
-0.22496,0.13564,0.07949
-0.23334,0.14738,0.072598
-0.24195,0.15958,0.065891
-0.24011,0.1396,0.038384
-0.23905,0.12095,0.018318
-0.2387,0.10349,0.0043753
-0.23897,0.087106,-0.0043486
-0.23983,0.071701,-0.0084981
-0.24121,0.057173,-0.0091109
-0.24292,0.043291,-0.012037
-0.24489,0.029969,-0.018522
-0.24713,0.017171,-0.028362
-0.24961,0.0048647,-0.041404
-0.24861,0.0069574,-0.019078
-0.24718,0.0087335,-0.0086239
-0.24547,0.010303,-0.0061832
-0.24389,0.01207,0.0026951
-0.2425,0.014074,0.01971
-0.2413,0.016285,0.044198
-0.24027,0.018678,0.075652
-0.2394,0.021233,0.11367
-0.2387,0.023932,0.15793
-0.23815,0.026758,0.20817
-0.20945,0.039842,0.18404
-0.18376,0.051796,0.16364
-0.16084,0.062681,0.14599
-0.1405,0.07256,0.13048
-0.12257,0.081494,0.11665
-0.10688,0.08954,0.1042
-0.093289,0.096754,0.092896
-0.081683,0.10318,0.082568
-0.071948,0.10888,0.073086
-0.063989,0.11388,0.064352
-0.072635,0.10958,0.075939
-0.083088,0.10462,0.087832
-0.095369,0.098995,0.099949
-0.1095,0.092688,0.11221
-0.12549,0.085694,0.12454
-0.14338,0.078005,0.13689
-0.16318,0.069615,0.14917
-0.1849,0.060516,0.16136
-0.20858,0.050702,0.17339
-0.23422,0.040169,0.18524
-0.23222,0.04144,0.16759
-0.23023,0.042578,0.1523
-0.22826,0.043581,0.13885
-0.22629,0.044446,0.12688
-0.22432,0.045174,0.11612
-0.22234,0.045765,0.10636
-0.22035,0.046223,0.097436
-0.21835,0.046549,0.089233
-0.21634,0.046746,0.081657
-0.21432,0.046816,0.074631
-0.2015,0.052707,0.042771
-0.1893,0.058478,0.021014
-0.17768,0.064098,0.007083
-0.1666,0.069541,-0.0006142
-0.15606,0.074792,-0.003212
-0.14599,0.079816,-0.0044714
-0.13633,0.084579,-0.0092883
-0.12708,0.089097,-0.01727
-0.11827,0.093385,-0.028042
-0.10991,0.097454,-0.04132
-0.11133,0.11338,-0.026964
-0.11309,0.13005,-0.016422
-0.11519,0.14748,-0.0090619
-0.11764,0.16567,-0.0044014
-0.12046,0.18465,-0.0020471
-0.12366,0.20441,-0.0014039
-0.12727,0.22497,0.000322
-0.13129,0.24633,0.0036231
-0.13572,0.26848,0.0083267
-0.14055,0.29142,0.014289
-0.14634,0.29524,0.0057441
-0.1524,0.29893,0.0011463
-0.15872,0.30248,9.3983e-05
-0.16526,0.30594,-0.0017466
-0.17202,0.30931,-0.0067314
-0.17899,0.31261,-0.014712
-0.18618,0.31585,-0.025571
-0.19361,0.31904,-0.039224
-0.20126,0.32217,-0.055597
-0.20915,0.32527,-0.074642
-0.22099,0.30991,-0.075636
-0.23428,0.29449,-0.077221
-0.24902,0.27898,-0.079278
-0.26519,0.26334,-0.081741
-0.28278,0.24754,-0.084535
-0.30179,0.23157,-0.087628
-0.32221,0.21541,-0.090972
-0.34403,0.19904,-0.09455
-0.36725,0.18245,-0.098329
-0.39186,0.16562,-0.10231
-0.35405,0.15988,-0.11262
-0.31874,0.15415,-0.1203
-0.28582,0.14843,-0.12585
-0.2552,0.14271,-0.12966
-0.2268,0.13699,-0.13205
-0.20052,0.13128,-0.13325
-0.17628,0.12556,-0.13345
-0.15402,0.11985,-0.13281
-0.13366,0.11414,-0.13144
-0.11514,0.10842,-0.12945
-0.12511,0.1133,-0.17515
-0.13579,0.11824,-0.22538
-0.1472,0.12323,-0.2794
-0.15935,0.12825,-0.33656
-0.17224,0.13328,-0.39626
-0.1859,0.1383,-0.45809
-0.2003,0.1433,-0.52159
-0.21545,0.14827,-0.58657
-0.23133,0.1532,-0.65263
-0.24795,0.15808,-0.71971
-0.25646,0.18944,-0.67339
-0.2657,0.22304,-0.63995
-0.27565,0.25886,-0.61549
-0.28628,0.29686,-0.59773
-0.29757,0.33703,-0.58476
-0.30952,0.37936,-0.57546
-0.32212,0.42385,-0.5688
-0.33534,0.47046,-0.5642
-0.3492,0.51919,-0.5611
-0.36367,0.57001,-0.55918
-0.34843,0.52199,-0.58904
-0.33412,0.47619,-0.61053
-0.32073,0.43256,-0.62603
-0.30824,0.39104,-0.63724
-0.29661,0.35157,-0.64522
-0.28583,0.3141,-0.65078
-0.27587,0.27858,-0.6544
-0.26671,0.24495,-0.65648
-0.25833,0.21316,-0.65726
-0.25071,0.18318,-0.65695
-0.25846,0.14582,-0.5022
-0.26799,0.11079,-0.38542
-0.27923,0.0779,-0.29472
-0.29212,0.047044,-0.22294
-0.30664,0.018128,-0.16566
-0.32276,-0.0089217,-0.11979
-0.34046,-0.03416,-0.083345
-0.35974,-0.057631,-0.054771
-0.38057,-0.079369,-0.03305
-0.40297,-0.099401,-0.017325
-0.38511,-0.082225,-0.024738
-0.368,-0.063628,-0.031537
-0.35169,-0.043621,-0.037599
-0.33624,-0.022219,-0.042891
-0.32169,0.00056816,-0.047511
-0.30808,0.024727,-0.051516
-0.29545,0.050248,-0.055025
-0.28385,0.07712,-0.058098
-0.2733,0.10533,-0.060832
-0.26384,0.13488,-0.063268
-0.2453,0.14747,-0.087568
-0.22807,0.15968,-0.11281
-0.2121,0.17154,-0.13859
-0.19732,0.18307,-0.16463
-0.1837,0.1943,-0.19079
-0.17118,0.20523,-0.21698
-0.15974,0.21588,-0.24316
-0.14933,0.22627,-0.26929
-0.13994,0.2364,-0.29533
-0.13153,0.24629,-0.32129
-0.14718,0.28145,-0.31403
-0.16378,0.31912,-0.31004
-0.18134,0.35936,-0.30877
-0.19987,0.40218,-0.30984
-0.21937,0.4476,-0.31285
-0.23984,0.49564,-0.31752
-0.26126,0.5463,-0.32357
-0.28364,0.59956,-0.33079
-0.30695,0.65542,-0.33897
-0.33119,0.71384,-0.34799
-0.3095,0.64481,-0.31894
-0.28965,0.58045,-0.29528
-0.27153,0.52043,-0.2754
-0.25505,0.46449,-0.25835
-0.24011,0.41237,-0.24347
-0.22663,0.36385,-0.23034
-0.21454,0.31872,-0.21865
-0.20376,0.2768,-0.20818
-0.19423,0.23793,-0.19875
-0.18591,0.20195,-0.19021
-0.19529,0.20404,-0.21635
-0.20497,0.2061,-0.2409
-0.21497,0.20815,-0.26386
-0.22527,0.21018,-0.2853
-0.23589,0.21218,-0.30534
-0.24682,0.21417,-0.32413
-0.25805,0.21614,-0.34178
-0.26959,0.21807,-0.35844
-0.28143,0.21999,-0.37419
-0.29357,0.22187,-0.38917
-0.26616,0.24831,-0.4126
-0.24152,0.27424,-0.43597
-0.21962,0.29965,-0.45924
-0.20043,0.32459,-0.48246
-0.18393,0.34905,-0.50558
-0.17011,0.37305,-0.52861
-0.15895,0.39662,-0.5515
-0.15044,0.41975,-0.57426
-0.14459,0.44247,-0.5968
-0.1414,0.46477,-0.61916
-0.14322,0.44698,-0.50674
-0.14574,0.42935,-0.41933
-0.1491,0.41193,-0.34913
-0.15337,0.39474,-0.29146
-0.15858,0.37778,-0.24329
-0.16476,0.36103,-0.20257
-0.17192,0.34445,-0.16793
-0.18007,0.32803,-0.13831
-0.1892,0.31173,-0.11301
-0.19932,0.29553,-0.091412
-0.19424,0.29789,-0.096193
-0.18936,0.30035,-0.098775
-0.18467,0.30289,-0.099614
-0.18017,0.30551,-0.099045
-0.17584,0.30819,-0.097417
-0.17167,0.31093,-0.094963
-0.16767,0.31372,-0.091921
-0.16383,0.31655,-0.088432
-0.16015,0.31943,-0.084653
-0.15661,0.32234,-0.08066
-0.14527,0.32672,-0.10593
-0.13497,0.33024,-0.1333
-0.12571,0.33295,-0.16251
-0.11752,0.33489,-0.19333
-0.11039,0.3361,-0.22566
-0.10433,0.3366,-0.2594
-0.09937,0.33644,-0.29446
-0.095502,0.33564,-0.33082
-0.092737,0.33422,-0.36838
-0.091068,0.33221,-0.40715
-0.10176,0.3671,-0.35933
-0.11267,0.40332,-0.31954
-0.12386,0.44092,-0.28592
-0.13534,0.47994,-0.2572
-0.14714,0.52043,-0.23236
-0.15929,0.56241,-0.2107
-0.17178,0.60589,-0.19165
-0.18464,0.6509,-0.17477
-0.19786,0.69742,-0.15976
-0.21144,0.74548,-0.14634
-0.20455,0.71971,-0.10245
-0.19749,0.69427,-0.072377
-0.19035,0.66926,-0.051637
-0.18336,0.64467,-0.037478
-0.17661,0.62051,-0.028133
-0.17014,0.5968,-0.022407
-0.16394,0.57352,-0.01947
-0.15806,0.55071,-0.018215
-0.15255,0.52843,-0.015746
-0.14739,0.50665,-0.011963
-0.14481,0.49832,-0.017039
-0.1423,0.49039,-0.025495
-0.13979,0.48261,-0.04236
-0.1373,0.47504,-0.064654
-0.13487,0.46768,-0.090576
-0.1325,0.46053,-0.11899
-0.1302,0.4536,-0.14917
-0.12798,0.44688,-0.18066
-0.12583,0.44036,-0.21315
-0.12376,0.43404,-0.24641
-0.11815,0.41048,-0.21046
-0.11312,0.3887,-0.17985
-0.10866,0.36855,-0.15321
-0.10472,0.34987,-0.12975
-0.10128,0.33251,-0.10891
-0.098307,0.31635,-0.090355
-0.095773,0.30127,-0.073872
-0.093656,0.28716,-0.059314
-0.091936,0.27394,-0.046599
-0.090593,0.2615,-0.035669
-0.085967,0.24077,-0.052283
-0.081537,0.22053,-0.072707
-0.077315,0.20083,-0.096791
-0.073315,0.1817,-0.1244
-0.069547,0.16317,-0.15545
-0.066023,0.14526,-0.18986
-0.062753,0.12801,-0.22754
-0.059746,0.11142,-0.26847
-0.057009,0.095527,-0.31256
-0.054552,0.080344,-0.3598
-0.063004,0.099192,-0.40531
-0.07236,0.12005,-0.45292
-0.082637,0.14295,-0.50241
-0.093853,0.1679,-0.55379
-0.10602,0.19493,-0.60684
-0.11915,0.22404,-0.66161
-0.13324,0.25526,-0.71786
-0.14831,0.28859,-0.77571
-0.16436,0.32403,-0.83487
-0.18139,0.3616,-0.89549
-0.18443,0.34619,-0.81122
-0.18782,0.33034,-0.7381
-0.19157,0.3142,-0.67288
-0.19571,0.29787,-0.61389
-0.20025,0.28141,-0.55975
-0.20521,0.26488,-0.50972
-0.2106,0.24832,-0.46318
-0.21643,0.23179,-0.41975
-0.22272,0.21531,-0.37913
-0.22948,0.19891,-0.34109
-0.1885,0.20861,-0.32062
-0.15347,0.2164,-0.30459
-0.12427,0.22237,-0.29185
-0.10076,0.22661,-0.28152
-0.082833,0.22919,-0.27308
-0.070399,0.23018,-0.26604
-0.063389,0.22963,-0.26016
-0.061154,0.22774,-0.25514
-0.055934,0.22656,-0.25093
-0.045373,0.22671,-0.24733
-0.057067,0.26294,-0.23031
-0.069233,0.30214,-0.21406
-0.08189,0.34437,-0.19861
-0.095055,0.38968,-0.18392
-0.10875,0.4381,-0.17002
-0.12297,0.48967,-0.15689
-0.13775,0.5444,-0.14456
-0.15309,0.60231,-0.13299
-0.16899,0.66341,-0.12222
-0.18546,0.72769,-0.11222
-0.16487,0.64623,-0.11793
-0.1458,0.5716,-0.12069
-0.12843,0.50322,-0.1214
-0.11283,0.44062,-0.12064
-0.098929,0.3834,-0.11884
-0.086642,0.3312,-0.11628
-0.075901,0.28372,-0.11319
-0.066642,0.24064,-0.10968
-0.058809,0.20172,-0.10589
-0.052348,0.1667,-0.10187
-0.044842,0.14861,-0.097735
-0.038311,0.13231,-0.093653
-0.032689,0.11763,-0.089632
-0.027917,0.10438,-0.085655
-0.023941,0.092422,-0.081736
-0.020711,0.081622,-0.077863
-0.018119,0.071868,-0.074049
-0.015535,0.063196,-0.070289
-0.012796,0.055532,-0.0666
-0.0098863,0.048779,-0.062972
-0.0088263,0.051106,-0.053906
-0.007407,0.053525,-0.045916
-0.0056281,0.056044,-0.038874
-0.003489,0.058668,-0.03266
-0.00098908,0.061404,-0.027194
0.0018726,0.064255,-0.022396
0.005097,0.067228,-0.018211
0.0086856,0.070326,-0.014583
0.01264,0.073552,-0.011473
0.016961,0.07691,-0.0088361
0.014416,0.079539,-0.012713
0.011917,0.082247,-0.017485
0.0094646,0.085038,-0.0232
0.0070598,0.08792,-0.029892
0.004702,0.0909,-0.037604
0.0023909,0.093985,-0.046364
0.00012557,0.097183,-0.056209
-0.0020951,0.1005,-0.067166
-0.0042726,0.10394,-0.079266
-0.0064084,0.10752,-0.092537
-0.0062735,0.11975,-0.1086
-0.0059764,0.13266,-0.12448
-0.0055067,0.14625,-0.13971
-0.0048549,0.16053,-0.15391
-0.004013,0.1755,-0.16676
-0.0029734,0.19116,-0.17805
-0.0017299,0.20752,-0.18764
-0.00027623,0.22458,-0.19547
0.0013926,0.24233,-0.20153
0.0032819,0.26077,-0.20586
0.006381,0.26154,-0.26736
0.0095445,0.26236,-0.33714
0.012768,0.26323,-0.4151
0.016047,0.26417,-0.50118
0.019378,0.26519,-0.59517
0.022754,0.2663,-0.69701
0.026174,0.26751,-0.80639
0.029636,0.26884,-0.92328
0.033138,0.27029,-1.0472
0.03668,0.27188,-1.1782
0.042748,0.24342,-1.0799
0.048572,0.21689,-0.99278
0.054144,0.19226,-0.91323
0.059464,0.16947,-0.83985
0.064535,0.14849,-0.77118
0.069359,0.12927,-0.70671
0.07394,0.11179,-0.64583
0.078283,0.096009,-0.58828
0.082393,0.081901,-0.53385
0.086275,0.069437,-0.48233
0.073497,0.090218,-0.44869
0.06005,0.11562,-0.42156
0.045904,0.14571,-0.39935
0.031027,0.1806,-0.38077
0.015386,0.22042,-0.3651
-0.0010482,0.26532,-0.35167
-0.018302,0.31545,-0.34014
-0.036399,0.37095,-0.33009
-0.055357,0.43195,-0.32136
-0.075189,0.49857,-0.31368
-0.069933,0.44987,-0.23247
-0.064857,0.4045,-0.169
-0.059949,0.36227,-0.11934
-0.055196,0.323,-0.080721
-0.050588,0.28654,-0.051232
-0.046114,0.25278,-0.029366
-0.041767,0.22158,-0.014023
-0.037538,0.19285,-0.0042751
-0.033421,0.16647,0.00059689
-0.02941,0.14236,0.0015236
-0.035254,0.16688,0.006121
-0.041509,0.19362,0.016785
-0.048165,0.22267,0.033485
-0.055211,0.25409,0.056222
-0.062632,0.28793,0.084949
-0.070523,0.32422,0.11968
-0.079102,0.36294,0.16036
-0.088393,0.40413,0.20701
-0.098416,0.44781,0.25951
-0.10919,0.49399,0.31789
-0.10096,0.45409,0.24456
-0.093383,0.41636,0.18817
-0.086429,0.38071,0.14361
-0.080062,0.34706,0.10792
-0.074258,0.3153,0.079134
-0.068993,0.28537,0.055996
-0.064249,0.25719,0.037619
-0.060007,0.2307,0.023385
-0.056252,0.20583,0.012835
-0.052968,0.18254,0.0056172
-0.05164,0.17372,0.0076075
-0.050423,0.16524,0.0099303
-0.049313,0.1571,0.012586
-0.048305,0.14928,0.015574
-0.047397,0.14176,0.018896
-0.046585,0.13452,0.022555
-0.045866,0.12756,0.026555
-0.045237,0.12086,0.030898
-0.044696,0.11442,0.035589
-0.04424,0.10821,0.040632
-0.04403,0.10619,0.037719
-0.043876,0.10438,0.034587
-0.043775,0.10278,0.031317
-0.043722,0.10137,0.027979
-0.043717,0.10013,0.024637
-0.043754,0.099066,0.021344
-0.043834,0.098152,0.018148
-0.043951,0.097385,0.015092
-0.044105,0.096754,0.012213
-0.044293,0.096252,0.0095428
-0.039118,0.089374,0.021033
-0.034354,0.082661,0.036331
-0.029974,0.076158,0.055245
-0.025959,0.069903,0.077621
-0.022292,0.063931,0.10334
-0.018958,0.058273,0.13231
-0.015948,0.052955,0.16444
-0.013257,0.048,0.19967
-0.010881,0.043424,0.23793
-0.0088227,0.039239,0.27918
-0.0085812,0.037735,0.25639
-0.008333,0.036177,0.23474
-0.0080796,0.03457,0.21413
-0.0078219,0.032923,0.19456
-0.0075611,0.031242,0.17596
-0.0072983,0.029533,0.15835
-0.0070347,0.027805,0.14168
-0.0067715,0.026065,0.12596
-0.0065097,0.024319,0.11117
-0.0062506,0.022575,0.097306
-0.0062366,0.027725,0.10863
-0.0065826,0.033309,0.12043
-0.0072891,0.039325,0.13263
-0.0083543,0.045769,0.14515
-0.0094586,0.052703,0.15791
-0.010373,0.060165,0.17081
-0.011097,0.068155,0.18376
-0.011627,0.076663,0.1967
-0.011963,0.08569,0.20953
-0.012102,0.095236,0.22221
-0.011829,0.081106,0.21502
-0.011104,0.068371,0.20807
-0.0099068,0.056983,0.20127
-0.0082509,0.04689,0.19456
-0.0070971,0.037862,0.18789
-0.0068927,0.029773,0.18123
-0.0076363,0.022584,0.17456
-0.0093258,0.016259,0.16786
-0.011959,0.010771,0.16114
-0.015531,0.0060927,0.15438
-0.012231,0.0066803,0.19539
-0.0093716,0.0073329,0.24097
-0.0069442,0.0080431,0.29098
-0.0049368,0.0087995,0.3453
-0.0033356,0.0095919,0.40378
-0.0021265,0.010408,0.46631
-0.0012953,0.011237,0.53274
-0.0008282,0.012067,0.60304
-0.00070715,0.012889,0.67701
-0.00052448,0.013765,0.7547
-0.0011524,0.01445,0.65135
-0.0020306,0.017191,0.565
-0.0035567,0.021772,0.4912
-0.0057364,0.028095,0.42721
-0.0085707,0.036096,0.3709
-0.012059,0.045739,0.32087
-0.016202,0.057005,0.27604
-0.020996,0.069895,0.23565
-0.026439,0.084421,0.19916
-0.032526,0.10061,0.16617
-0.024202,0.08993,0.17784
-0.0178,0.079642,0.18793
-0.013254,0.069759,0.19672
-0.01051,0.060298,0.20438
-0.0082929,0.051488,0.2111
-0.0046579,0.043678,0.21698
0.00039574,0.036866,0.22215
0.0068568,0.03105,0.22666
0.014726,0.02623,0.2306
0.024019,0.022407,0.23398
0.022607,0.027902,0.19929
0.021001,0.034413,0.17041
0.019216,0.041929,0.14598
0.017266,0.050442,0.12505
0.015164,0.059948,0.10694
0.012918,0.070445,0.091126
0.010535,0.081934,0.077287
0.0080225,0.094414,0.065121
0.0053828,0.10789,0.054441
0.0026198,0.12236,0.045068
0.013401,0.10879,0.060252
0.025222,0.096365,0.075935
0.038087,0.085122,0.091917
0.052008,0.075079,0.10803
0.067006,0.066253,0.12419
0.083105,0.058658,0.1403
0.10034,0.052303,0.15629
0.11874,0.047194,0.17207
0.13834,0.043331,0.1876
0.15918,0.040714,0.20279
0.16795,0.040437,0.12866
0.1769,0.040472,0.074111
0.18606,0.040732,0.036012
0.19542,0.041149,0.012241
0.20499,0.041673,0.0013138
0.21477,0.042277,-0.0015684
0.22476,0.042995,-0.013348
0.23497,0.043827,-0.035501
0.24538,0.044774,-0.067548
0.25599,0.045841,-0.10913
0.20851,0.039432,-0.11937
0.16632,0.034097,-0.12947
0.12923,0.02978,-0.13927
0.097052,0.02643,-0.14875
0.069601,0.024003,-0.15781
0.046708,0.022455,-0.16645
0.028219,0.021752,-0.17466
0.013995,0.021865,-0.18249
0.0039193,0.022774,-0.18997
-0.0020909,0.024468,-0.1972
-0.002067,0.023689,-0.20909
-0.0020487,0.022926,-0.22163
-0.0020358,0.022179,-0.23479
-0.002028,0.021443,-0.2486
-0.0020251,0.020721,-0.26302
-0.0020264,0.020013,-0.27811
-0.0020315,0.01932,-0.2938
-0.0020396,0.018642,-0.31014
-0.0020502,0.01798,-0.32709
-0.0020622,0.017333,-0.34469
-0.0013142,0.013597,-0.28982
-0.0006446,0.010529,-0.24202
-4.4157e-05,0.0080358,-0.20022
0.00049522,0.0060365,-0.16368
0.00098069,0.0044596,-0.13182
0.0014183,0.0032404,-0.10418
0.0018133,0.0023217,-0.080392
0.0021704,0.0016511,-0.060145
0.0024935,0.0011822,-0.043201
0.0027862,0.00087277,-0.029322
0.0035616,0.00087302,-0.029741
0.0044269,0.00091951,-0.030162
0.0053852,0.0010087,-0.030595
0.0064397,0.0011365,-0.031023
0.0075938,0.0012988,-0.031459
0.0088532,0.0014762,-0.03189
0.010222,0.0016572,-0.032331
0.011703,0.0018458,-0.032773
0.013298,0.0020458,-0.033229
0.015009,0.0022605,-0.033694
0.015266,0.002392,-0.030128
0.015535,0.0025002,-0.026751
0.015782,0.0028199,-0.023573
0.016003,0.0033546,-0.020588
0.016197,0.0041054,-0.017805
0.016363,0.0050713,-0.01522
0.0165,0.0062499,-0.012839
0.016605,0.0076372,-0.010657
0.016679,0.0092282,-0.0086793
0.016722,0.011017,-0.0069024
0.01437,0.011285,-0.0087972
0.012165,0.011588,-0.010896
0.010108,0.011927,-0.013199
0.0082,0.012302,-0.0157
0.0064422,0.012714,-0.018402
0.0048353,0.013165,-0.021299
0.0033797,0.013654,-0.024394
0.0020757,0.014184,-0.027686
0.00092343,0.014757,-0.031178
-7.712e-05,0.015373,-0.034866
0.00049791,0.01372,-0.027587
0.0011044,0.012133,-0.021184
0.0017449,0.010621,-0.015647
0.0024218,0.0091959,-0.010966
0.0031371,0.0078662,-0.0071307
0.003892,0.0066428,-0.0041295
0.0046867,0.0055359,-0.0019528
0.0055195,0.0045552,-0.00059007
0.0063866,0.003709,-3.3193e-05
0.0072839,0.0030032,0.0002318
0.0089395,0.010937,0.00076754
0.010164,0.024369,0.001882
0.010961,0.043092,0.0038062
0.011338,0.066944,0.0067065
0.011302,0.095803,0.010665
0.010859,0.12957,0.015685
0.010014,0.16818,0.021698
0.0087702,0.21156,0.028592
0.0071322,0.25969,0.036227
0.0051032,0.31253,0.044459
0.012158,0.27236,0.035903
0.018583,0.23512,0.029896
0.024376,0.20079,0.025569
0.029539,0.16933,0.022391
0.034074,0.14073,0.02002
0.037986,0.11495,0.018234
0.041283,0.091987,0.016881
0.043974,0.071798,0.015858
0.046071,0.05436,0.01509
0.04759,0.039646,0.014522
0.046358,0.038762,0.019356
0.045133,0.037881,0.024791
0.043918,0.037005,0.030804
0.042714,0.036135,0.037378
0.041523,0.035272,0.044496
0.040345,0.034416,0.052145
0.039184,0.03357,0.060311
0.038039,0.032734,0.068984
0.036911,0.031908,0.078149
0.035803,0.031094,0.087802
0.037146,0.028072,0.066416
0.038587,0.025232,0.04869
0.040118,0.022582,0.034177
0.041731,0.020132,0.02254
0.043416,0.017887,0.013508
0.045164,0.015853,0.0068688
0.046965,0.014036,0.0024581
0.048808,0.012439,0.00014533
0.050681,0.011064,-0.00039846
0.052557,0.0099043,-0.0020238
0.055185,0.0074299,-0.0020617
0.057622,0.0069037,-0.0021914
0.060162,0.0059628,-0.0023911
0.062999,0.0030511,-0.0026487
0.066138,-0.0018491,-0.0029594
0.069589,-0.0087632,-0.0033259
0.073357,-0.017721,-0.0037542
0.077449,-0.028754,-0.0042567
0.081871,-0.041896,-0.0048492
0.086626,-0.057178,-0.0055533
0.059025,-0.042058,-0.0056923
0.037413,-0.030011,-0.0048894
0.021276,-0.020602,-0.0034791
0.010103,-0.013435,-0.0018763
0.0033791,-0.0081394,-0.00054219
0.00057148,-0.004362,1.5443e-05
-0.00071515,-0.0019542,0.00075908
-0.0046443,-0.00095926,0.0031466
-0.011648,-0.0012905,0.0068368
-0.022357,-0.0016245,0.011328
-0.015964,-0.00093629,0.011351
-0.010674,-0.0003615,0.011274
-0.0064713,0.00010285,0.011105
-0.0033361,0.00046007,0.010856
-0.0012495,0.00071334,0.010534
-0.000193,0.00086479,0.010155
5.4446e-05,0.00093619,0.0097415
0.0010064,0.0010875,0.0093213
0.0029738,0.001343,0.0089243
0.0059731,0.0016967,0.0085649
0.011643,0.0025995,0.0059906
0.019266,0.0036875,0.003639
0.028889,0.0049482,0.0016872
0.040557,0.0063751,0.00032107
0.054312,0.0079662,-0.00028876
0.070189,0.0097187,-0.00075213
0.088222,0.01163,-0.0022332
0.10844,0.013703,-0.0048216
0.13089,0.015945,-0.0085619
0.1556,0.018362,-0.013471
0.12942,0.01561,-0.012942
0.10591,0.013083,-0.012624
0.084981,0.010771,-0.012457
0.066568,0.0086683,-0.012399
0.050591,0.006773,-0.012418
0.036972,0.0050864,-0.012493
0.02563,0.0036137,-0.012606
0.016482,0.0023639,-0.012743
0.0094409,0.0013509,-0.012894
0.0044123,0.00059335,-0.01305
0.0035845,0.0017875,-0.011152
0.0027027,0.004141,-0.0094248
0.0017375,0.007712,-0.0078326
0.0006713,0.012612,-0.0063617
-0.00050193,0.018983,-0.0050163
-0.0017786,0.026982,-0.0038114
-0.0031488,0.03677,-0.0027662
-0.0045977,0.048512,-0.0018999
-0.0061077,0.062372,-0.0012291
-0.0077086,0.078505,-0.00076564
-0.0076286,0.083681,0.00037409
-0.0060356,0.089192,0.0050353
-0.0028419,0.095052,0.013863
0.0020009,0.10127,0.026674
0.0085503,0.10785,0.04329
0.016869,0.1148,0.063513
0.027024,0.12212,0.087111
0.039081,0.12983,0.11383
0.053106,0.13792,0.14337
0.069163,0.1464,0.17547
0.05928,0.12487,0.14033
0.049749,0.10547,0.11285
0.040685,0.088054,0.090906
0.032202,0.072528,0.073147
0.024416,0.058791,0.058617
0.017444,0.046754,0.046655
0.011406,0.03633,0.036775
0.0064299,0.02744,0.028613
0.0026509,0.020005,0.021891
0.00021447,0.013945,0.016384
0.0031968,0.011166,0.0099402
0.0075825,0.0088905,0.0052259
0.013371,0.0071125,0.0020247
0.020556,0.005827,0.00026743
0.02913,0.0050316,-0.00017616
0.03908,0.0047174,-0.0015745
0.050396,0.004882,-0.0047477
0.06307,0.0055256,-0.009838
0.077103,0.006592,-0.016962
0.092536,0.007523,-0.026205
0.08088,0.0070265,-0.011361
0.070003,0.0076394,-0.0029854
0.059815,0.010005,-0.00014946
0.050294,0.01408,0.0019566
0.041419,0.01986,0.0085379
0.033162,0.027356,0.019376
0.025503,0.03661,0.03435
0.018429,0.047691,0.053402
0.011937,0.060682,0.076481
0.0060307,0.075671,0.10351
0.0051323,0.078255,0.086297
0.0042791,0.080888,0.070987
0.0034656,0.08357,0.057419
0.002687,0.086301,0.045482
0.0019389,0.08908,0.035071
0.0012178,0.09191,0.02611
0.00052011,0.094789,0.018535
-0.00015689,0.097718,0.012291
-0.0008159,0.1007,0.0073382
-0.0014589,0.10373,0.0036391
0.0013208,0.088879,-0.00012674
0.0041312,0.075217,-0.0015804
0.006964,0.062725,-0.0068637
0.0098188,0.051403,-0.015506
0.012697,0.041253,-0.027016
0.015603,0.032275,-0.041069
0.018543,0.024469,-0.057462
0.021525,0.017837,-0.076102
0.024562,0.012379,-0.096948
0.027666,0.0080978,-0.12003
0.023115,0.012035,-0.10938
0.018836,0.017135,-0.099285
0.014825,0.023403,-0.089711
0.01108,0.030832,-0.080665
0.0076017,0.039402,-0.072126
0.0043918,0.049084,-0.064104
0.0014545,0.059841,-0.056588
-0.0012043,0.071634,-0.049581
-0.0035784,0.084422,-0.043074
-0.0056606,0.098165,-0.037065
-0.0061385,0.092325,-0.029119
-0.0060654,0.086572,-0.022687
-0.0058211,0.080901,-0.017468
-0.006082,0.075284,-0.013231
-0.0068464,0.069744,-0.0098028
-0.0080977,0.064298,-0.0070484
-0.0098223,0.058966,-0.0048639
-0.012009,0.053766,-0.0031658
-0.014651,0.048715,-0.0018898
-0.017742,0.043827,-0.00098354
-0.014433,0.0445,-0.0069909
-0.011534,0.045098,-0.018302
-0.0090519,0.045657,-0.034632
-0.0069898,0.046211,-0.055817
-0.0053492,0.046789,-0.08177
-0.004129,0.047416,-0.11244
-0.0033269,0.048113,-0.14779
-0.0029393,0.048895,-0.18776
-0.0028047,0.049783,-0.23225
-0.0023189,0.050822,-0.28117
-0.0032788,0.06348,-0.23713
-0.0042851,0.077413,-0.19847
-0.0053379,0.092673,-0.1644
-0.0064389,0.10932,-0.13442
-0.0075918,0.12743,-0.1081
-0.0088005,0.14709,-0.085159
-0.01007,0.16836,-0.065354
-0.01142,0.19135,-0.048491
-0.012872,0.21611,-0.034409
-0.014425,0.24273,-0.02296
-0.016357,0.27726,-0.018337
-0.018421,0.31442,-0.014505
-0.020619,0.35425,-0.011375
-0.022947,0.39679,-0.0088543
-0.025405,0.44206,-0.0068588
-0.027987,0.49008,-0.0053077
-0.030685,0.54087,-0.0041335
-0.033495,0.59442,-0.0032751
-0.036416,0.65076,-0.0026824
-0.039443,0.70988,-0.0023123
-0.036346,0.66395,-0.0014574
-0.033185,0.62059,0.00025317
-0.029963,0.57963,0.0042474
-0.026675,0.54091,0.010452
-0.023318,0.50427,0.01879
-0.019891,0.46958,0.029187
-0.016391,0.43673,0.041568
-0.012815,0.40561,0.055874
-0.0091625,0.37612,0.072036
-0.0054305,0.34818,0.09001
-0.0050452,0.32634,0.078929
-0.0046747,0.30581,0.068815
-0.0043186,0.28648,0.059533
-0.0039758,0.26828,0.051014
-0.0036462,0.25114,0.043199
-0.0033289,0.23498,0.036059
-0.0030242,0.21975,0.029568
-0.0027312,0.20539,0.023716
-0.0024501,0.19185,0.018494
-0.0021803,0.17908,0.013899
-0.004036,0.16449,0.01133
-0.0052564,0.1508,0.0092857
-0.0058453,0.13797,0.007641
-0.0058057,0.12594,0.0063058
-0.0054155,0.11467,0.0052123
-0.0056436,0.10406,0.0043075
-0.0065674,0.094087,0.0035533
-0.0081791,0.084705,0.0029199
-0.010472,0.075887,0.0023846
-0.013441,0.067603,0.0019292
-0.014012,0.069751,0.0072694
-0.014585,0.071917,0.01537
-0.015154,0.074092,0.025997
-0.015715,0.076268,0.038939
-0.016265,0.078442,0.053996
-0.016801,0.080611,0.07098
-0.01732,0.082771,0.089707
-0.017821,0.084925,0.11001
-0.018302,0.08707,0.13173
-0.018764,0.089209,0.15471
-0.014216,0.077924,0.18745
-0.010418,0.067513,0.22335
-0.0073681,0.057976,0.26232
-0.0050647,0.049309,0.30434
-0.0035064,0.041514,0.34929
-0.00269,0.03459,0.39714
-0.0024365,0.028547,0.44773
-0.0016986,0.023426,0.50106
-0.00030632,0.019237,0.55691
0.0017441,0.015982,0.61528
0.0047648,0.018189,0.51999
0.0083591,0.021016,0.43794
0.012518,0.024439,0.36645
0.017238,0.028444,0.30385
0.022517,0.033019,0.24883
0.028358,0.038159,0.20049
0.034768,0.04386,0.15815
0.04176,0.050119,0.12131
0.049348,0.056937,0.089634
0.057553,0.064315,0.062857
0.047735,0.085401,0.036074
0.038583,0.10994,0.016943
0.030128,0.13791,0.0044731
0.022384,0.1693,-0.0019473
0.015356,0.2041,-0.003999
0.0090608,0.24215,-0.010104
0.0034856,0.28344,-0.021505
-0.0013907,0.32796,-0.037968
-0.005592,0.37572,-0.059227
-0.0091411,0.42673,-0.08504
-0.005813,0.3877,-0.098406
-0.002026,0.34982,-0.11287
0.0022132,0.31324,-0.12818
0.0069,0.27808,-0.14418
0.012029,0.24447,-0.16067
0.017597,0.21255,-0.17757
0.023601,0.18242,-0.19471
0.030038,0.1542,-0.21206
0.036908,0.12799,-0.22949
0.044208,0.1039,-0.24701
0.053687,0.096139,-0.24533
0.063986,0.088691,-0.24469
0.075108,0.081552,-0.24483
0.087061,0.074719,-0.24564
0.099851,0.068189,-0.24694
0.11349,0.061962,-0.24869
0.12798,0.056036,-0.25076
0.14333,0.050412,-0.25311
0.15957,0.045089,-0.25566
0.17669,0.040067,-0.25838
0.16369,0.042789,-0.29119
0.15117,0.045693,-0.3256
0.13912,0.048782,-0.36152
0.12755,0.052057,-0.39897
0.11646,0.055521,-0.43787
0.10586,0.059176,-0.47823
0.095742,0.063026,-0.51994
0.086119,0.067084,-0.56306
0.07699,0.07135,-0.60743
0.068355,0.075823,-0.65315
0.065806,0.050187,-0.65907
0.063374,0.029047,-0.6648
0.06104,0.012192,-0.67013
0.058787,-0.0005546,-0.67523
0.056597,-0.0093437,-0.67992
0.054453,-0.014298,-0.68434
0.052343,-0.015638,-0.68833
0.050319,-0.018166,-0.69189
0.048396,-0.024278,-0.69483
0.046556,-0.033954,-0.69723
0.048894,-0.036508,-0.69042
0.051279,-0.039306,-0.68626
0.053715,-0.042335,-0.68424
0.056203,-0.045586,-0.68403
0.058745,-0.04905,-0.68533
0.061342,-0.052719,-0.68793
0.063997,-0.056588,-0.6916
0.06671,-0.06065,-0.69623
0.069481,-0.064901,-0.70165
0.072312,-0.069337,-0.70779
0.062793,-0.05248,-0.69368
0.05405,-0.03891,-0.67921
0.046046,-0.028335,-0.66453
0.038751,-0.0205,-0.64976
0.032133,-0.015189,-0.63498
0.026168,-0.012216,-0.62023
0.020831,-0.011187,-0.60555
0.016082,-0.0090146,-0.59098
0.011904,-0.0048724,-0.57657
0.0082892,0.0011717,-0.56225
0.0053478,0.0034037,-0.49707
0.0030509,0.0054577,-0.44039
0.0013329,0.0073661,-0.39061
0.00013729,0.0091563,-0.34649
-0.00058616,0.010846,-0.3072
-0.00088079,0.012451,-0.27194
-0.00091042,0.013983,-0.24026
-0.0012315,0.015452,-0.21162
-0.0018827,0.016866,-0.18575
-0.0028402,0.018235,-0.16227
-0.0029752,0.022598,-0.17678
-0.0030988,0.027511,-0.19163
-0.0032106,0.032995,-0.20681
-0.0033091,0.039073,-0.22216
-0.0033942,0.045764,-0.23764
-0.0034646,0.053089,-0.25315
-0.0035202,0.061062,-0.26864
-0.00356,0.069701,-0.28402
-0.003584,0.079017,-0.29928
-0.0035914,0.089025,-0.31434
-0.0028659,0.093354,-0.30047
-0.0022586,0.097735,-0.289
-0.0017703,0.10218,-0.27954
-0.001401,0.10668,-0.27174
-0.0011512,0.11126,-0.26537
-0.0010205,0.11592,-0.26021
-0.0009044,0.12066,-0.25611
-0.00066946,0.12548,-0.25293
-0.00031514,0.13039,-0.25057
0.0001594,0.13538,-0.24893
0.0047998,0.15097,-0.21455
0.012988,0.16739,-0.1827
0.024777,0.18476,-0.15341
0.040245,0.20319,-0.12664
0.059491,0.2228,-0.10244
0.082626,0.2437,-0.080786
0.10977,0.26596,-0.061703
0.14105,0.28968,-0.045175
0.1766,0.31492,-0.031223
0.21653,0.34173,-0.019824
0.18231,0.32961,-0.018999
0.15146,0.31777,-0.018279
0.12384,0.3062,-0.017693
0.099343,0.29488,-0.017235
0.077847,0.28379,-0.016915
0.059251,0.27294,-0.016722
0.043456,0.26229,-0.016662
0.030371,0.25186,-0.016722
0.019909,0.24162,-0.016905
0.011995,0.23158,-0.017203
0.012101,0.23447,-0.030254
0.01219,0.23743,-0.045333
0.012264,0.24046,-0.061951
0.012325,0.24354,-0.079733
0.012375,0.24668,-0.098403
0.012415,0.24987,-0.11776
0.012447,0.25311,-0.13765
0.012473,0.25639,-0.15797
0.012494,0.25971,-0.17862
0.012511,0.26306,-0.19956
0.0057818,0.24575,-0.23715
0.0022883,0.22939,-0.27417
0.00098094,0.21387,-0.31055
-0.0029215,0.1992,-0.3463
-0.010011,0.1853,-0.3814
-0.020286,0.17211,-0.41595
-0.033746,0.15956,-0.4499
-0.050398,0.14762,-0.48335
-0.070248,0.13626,-0.5162
-0.093303,0.12545,-0.54853
-0.092309,0.12573,-0.46651
-0.091411,0.12621,-0.40164
-0.090576,0.12681,-0.34898
-0.089782,0.12751,-0.30541
-0.089017,0.12829,-0.26872
-0.08827,0.12911,-0.23742
-0.087537,0.12998,-0.2104
-0.086811,0.13088,-0.18683
-0.08609,0.13181,-0.16613
-0.085371,0.13275,-0.1478
-0.066903,0.15751,-0.18701
-0.050417,0.18456,-0.22742
-0.035916,0.21393,-0.26857
-0.023406,0.24567,-0.31007
-0.012898,0.27981,-0.35158
-0.0044063,0.31638,-0.39286
0.0020521,0.35542,-0.43367
0.0064598,0.39694,-0.47389
0.0087972,0.44098,-0.51337
0.011099,0.48748,-0.55212
0.011788,0.51715,-0.4633
0.01279,0.54776,-0.39284
0.012163,0.57936,-0.33536
0.0099018,0.61193,-0.28747
0.0060228,0.64547,-0.24688
0.00054464,0.67998,-0.21199
-0.0065178,0.71546,-0.18173
-0.015148,0.75191,-0.15526
-0.025333,0.78931,-0.13205
-0.03706,0.82768,-0.11162
-0.032579,0.72459,-0.13131
-0.028661,0.62979,-0.14729
-0.025249,0.54289,-0.16071
-0.022287,0.46352,-0.17234
-0.019724,0.39134,-0.18273
-0.017509,0.32606,-0.19221
-0.015597,0.2674,-0.20105
-0.013944,0.2151,-0.2094
-0.012511,0.16893,-0.2174
-0.011259,0.12866,-0.22511
-0.0035695,0.13451,-0.23411
0.0015785,0.14058,-0.24346
0.0041769,0.14687,-0.25312
0.0051368,0.15334,-0.26305
0.0082469,0.15986,-0.27324
0.013914,0.1664,-0.28365
0.022122,0.17296,-0.29425
0.032857,0.17953,-0.30502
0.0461,0.18611,-0.31593
0.061833,0.1927,-0.32697
0.055503,0.19223,-0.30536
0.049573,0.19185,-0.2846
0.044046,0.19158,-0.26462
0.038921,0.1914,-0.24544
0.034198,0.19131,-0.22702
0.02988,0.19129,-0.20935
0.025965,0.19135,-0.19244
0.022455,0.19147,-0.17627
0.019349,0.19165,-0.16085
0.016648,0.19188,-0.14616
0.013759,0.18652,-0.13832
0.011435,0.18152,-0.13076
0.0096631,0.17685,-0.12347
0.0084358,0.17247,-0.11643
0.0077431,0.16836,-0.10963
0.0075127,0.16449,-0.10306
0.0069903,0.16088,-0.096721
0.0059662,0.15751,-0.090594
0.0044447,0.15435,-0.084689
0.00243,0.1514,-0.078988
0.0025472,0.13187,-0.079839
0.0025727,0.11379,-0.082669
0.0025234,0.097123,-0.087271
0.0024147,0.081816,-0.093503
0.0022604,0.067823,-0.10131
0.002073,0.0551,-0.11063
0.0018637,0.043604,-0.12145
0.0016423,0.033295,-0.13377
0.0014172,0.024138,-0.14755
0.0011952,0.016108,-0.16278
0.0014743,0.012533,-0.21073
0.0027303,0.0087935,-0.26493
0.0051563,0.0048901,-0.32527
0.0088159,0.00083546,-0.39145
0.013773,-0.0033529,-0.46292
0.020091,-0.0076484,-0.53908
0.02783,-0.012024,-0.61912
0.037047,-0.016452,-0.70238
0.047792,-0.020903,-0.78797
0.060114,-0.025356,-0.87542
0.059842,-0.021338,-0.82923
0.059557,-0.017189,-0.78966
0.059262,-0.01286,-0.75482
0.058958,-0.008326,-0.72382
0.05865,-0.0035634,-0.69561
0.058338,0.0014405,-0.66977
0.058025,0.0066962,-0.64569
0.057713,0.012215,-0.62312
0.057404,0.017999,-0.60172
0.057099,0.024052,-0.58134
0.050504,0.015886,-0.57578
0.044498,0.0085662,-0.57465
0.039039,0.0021359,-0.57707
0.034091,-0.0033672,-0.58237
0.029623,-0.0079167,-0.59006
0.025608,-0.011488,-0.59978
0.022024,-0.014066,-0.61123
0.018852,-0.015634,-0.62418
0.016078,-0.016183,-0.63844
0.01365,-0.016346,-0.65385
0.015428,-0.015891,-0.65942
0.017305,-0.015577,-0.66204
0.01931,-0.014988,-0.66202
0.02145,-0.014057,-0.65971
0.023727,-0.012793,-0.65537
0.026144,-0.011201,-0.64929
0.028703,-0.0092863,-0.64168
0.031406,-0.0070504,-0.63275
0.034255,-0.004498,-0.6227
0.037253,-0.0016288,-0.61167
0.040069,-0.005213,-0.61888
0.043065,-0.0080459,-0.62827
0.046247,-0.01013,-0.63954
0.049619,-0.011465,-0.65242
0.053186,-0.01205,-0.66672
0.05693,-0.012211,-0.68227
0.060782,-0.013035,-0.69892
0.064733,-0.014602,-0.71656
0.068793,-0.016911,-0.73509
0.072966,-0.019957,-0.75445
0.066901,-0.017722,-0.78832
0.061097,-0.015597,-0.8175
0.05556,-0.013591,-0.84247
0.050292,-0.011705,-0.86378
0.045299,-0.0099413,-0.88179
0.040583,-0.0082967,-0.89699
0.036148,-0.0067705,-0.90962
0.032,-0.0053545,-0.9201
0.028141,-0.0040466,-0.92856
0.024576,-0.0028402,-0.93532
0.018368,-0.00043579,-0.80869
0.013546,0.0052265,-0.70695
0.010069,0.014261,-0.62262
0.0078885,0.026495,-0.55096
0.0069791,0.041837,-0.48884
0.0073247,0.06027,-0.43395
0.0083709,0.081885,-0.38487
0.0088404,0.10688,-0.34041
0.0086903,0.13541,-0.29993
0.0079325,0.16764,-0.26281
0.012335,0.15995,-0.29476
0.013831,0.15282,-0.32295
0.014539,0.14606,-0.34776
0.018074,0.13933,-0.36938
0.024498,0.13258,-0.38821
0.033813,0.12578,-0.40443
0.046024,0.1189,-0.41836
0.061135,0.1119,-0.43016
0.079155,0.10478,-0.44004
0.10009,0.097503,-0.44812
0.09005,0.10362,-0.42098
0.080562,0.10982,-0.39906
0.071661,0.11609,-0.38112
0.063375,0.12241,-0.36626
0.055727,0.12879,-0.35384
0.048742,0.1352,-0.34334
0.042438,0.14166,-0.33442
0.036835,0.14816,-0.32677
0.031948,0.1547,-0.32019
0.027791,0.1613,-0.31448
0.023398,0.15488,-0.28145
0.019676,0.14863,-0.25189
0.016627,0.14253,-0.22529
0.014252,0.13657,-0.20121
0.012552,0.13075,-0.17935
0.011531,0.12504,-0.15943
0.010807,0.11949,-0.14128
0.0094771,0.11415,-0.12469
0.0074983,0.10903,-0.10955
0.0048669,0.10412,-0.0957
0.0084335,0.11204,-0.071868
0.010745,0.1205,-0.052097
0.011937,0.12946,-0.035921
0.013922,0.13874,-0.022948
0.017269,0.14826,-0.012925
0.021951,0.15799,-0.0056274
0.027937,0.16792,-0.00090098
0.03519,0.17804,0.0013987
0.04367,0.18833,0.0020037
0.053334,0.19875,0.004283
0.045101,0.18624,0.0056411
0.037859,0.17428,0.0074348
0.03155,0.16286,0.0096553
0.026119,0.15195,0.012294
0.021514,0.14153,0.015329
0.017689,0.13156,0.018747
0.0146,0.12204,0.022521
0.012206,0.11295,0.026636
0.010472,0.10426,0.031068
0.0093646,0.09595,0.035804
0.0082823,0.085503,0.0086203
0.0069876,0.075556,0.00024888
0.0054894,0.066208,-0.0068238
0.0037875,0.057512,-0.027066
0.0018766,0.049465,-0.059338
-0.00024956,0.04206,-0.10318
-0.0025988,0.035291,-0.15853
-0.0051797,0.029145,-0.22551
-0.0080015,0.023607,-0.30418
-0.011073,0.018662,-0.39456
-0.0073833,0.016018,-0.33233
-0.0044706,0.013718,-0.27928
-0.0022808,0.011728,-0.23349
-0.00076489,0.010016,-0.19379
0.00012266,0.008556,-0.15921
0.00042393,0.0073231,-0.1291
0.00056708,0.0062552,-0.10292
0.0012321,0.0052643,-0.080298
0.0023961,0.004336,-0.060903
0.0040281,0.0034576,-0.044482
0.0072295,0.0076607,-0.05287
0.011425,0.01346,-0.061969
0.016651,0.020851,-0.071772
0.022944,0.029834,-0.082251
0.030338,0.040405,-0.093401
0.038865,0.052566,-0.1052
0.048556,0.066316,-0.11766
0.05944,0.081657,-0.13077
0.071546,0.098591,-0.14453
0.084901,0.11712,-0.15894
0.077544,0.11196,-0.17248
0.070518,0.10698,-0.18446
0.063824,0.10216,-0.19497
0.057466,0.09749,-0.20416
0.051445,0.092976,-0.21212
0.045764,0.08861,-0.21898
0.040424,0.084385,-0.22482
0.035427,0.080296,-0.22974
0.030776,0.076338,-0.23381
0.026471,0.072507,-0.23712
0.022371,0.072963,-0.18951
0.018784,0.072891,-0.15154
0.015698,0.072354,-0.12088
0.0131,0.071409,-0.095936
0.010979,0.0701,-0.075534
0.0093218,0.068469,-0.058802
0.0081183,0.066555,-0.045093
0.0073586,0.064393,-0.033889
0.0070158,0.06202,-0.024802
0.0064846,0.059538,-0.017505
0.0061894,0.054907,-0.021934
0.0057233,0.050533,-0.026838
0.005333,0.046374,-0.032225
0.0051466,0.042401,-0.038087
0.0051596,0.038604,-0.044433
0.0053693,0.034973,-0.051254
0.0057733,0.031498,-0.058557
0.006371,0.028172,-0.066336
0.0071621,0.024989,-0.074596
0.0081478,0.021942,-0.083331
0.0047476,0.022522,-0.067352
0.0028771,0.023038,-0.053013
0.0024779,0.023472,-0.040361
0.0016868,0.024023,-0.029407
-0.00058795,0.024791,-0.020164
-0.0043508,0.025738,-0.01264
-0.0096169,0.02683,-0.0068471
-0.016408,0.028039,-0.0027886
-0.024752,0.029345,-0.00047216
-0.034674,0.030737,0.00019074
-0.036627,0.028566,-0.0014211
-0.038631,0.026504,-0.0070631
-0.040697,0.024541,-0.016493
-0.042836,0.02267,-0.029465
-0.045057,0.02089,-0.045794
-0.047368,0.019201,-0.065327
-0.049776,0.017607,-0.087928
-0.052284,0.016113,-0.11347
-0.054898,0.014727,-0.1418
-0.057618,0.013457,-0.1728
-0.055025,0.015459,-0.2072
-0.052447,0.017871,-0.24413
-0.04988,0.020711,-0.28344
-0.047318,0.023997,-0.32503
-0.044759,0.027748,-0.36871
-0.042197,0.03198,-0.41442
-0.03963,0.036709,-0.46198
-0.037054,0.041948,-0.51135
-0.034467,0.047712,-0.56231
-0.031864,0.05401,-0.61489
-0.033136,0.067365,-0.67802
-0.034322,0.082343,-0.74266
-0.035413,0.098968,-0.80838
-0.036402,0.11726,-0.87523
-0.037283,0.13723,-0.94279
-0.038051,0.15889,-1.0112
-0.038697,0.18226,-1.08
-0.039217,0.20734,-1.1494
-0.039603,0.23413,-1.2188
-0.039852,0.26263,-1.2886
-0.015721,0.28035,-1.1745
0.0044752,0.29868,-1.0827
0.020806,0.3177,-1.0056
0.033311,0.33746,-0.93899
0.042019,0.358,-0.87992
0.047029,0.37936,-0.82654
0.053086,0.40093,-0.77756
0.062974,0.42236,-0.73201
0.076706,0.44368,-0.68933
0.094296,0.46491,-0.6489
0.084217,0.39792,-0.58956
0.074682,0.33744,-0.53718
0.065678,0.28307,-0.49137
0.057211,0.23443,-0.4501
0.049277,0.19118,-0.41332
0.041885,0.15304,-0.37982
0.03504,0.11971,-0.34961
0.028756,0.090956,-0.3219
0.023045,0.066525,-0.2967
0.017927,0.046197,-0.27345
0.0199,0.061398,-0.28189
0.022178,0.078822,-0.29064
0.024772,0.098524,-0.29986
0.027695,0.12056,-0.30943
0.030959,0.14498,-0.31944
0.034576,0.17183,-0.32983
0.03856,0.20115,-0.34065
0.042921,0.23298,-0.35188
0.047671,0.26736,-0.36353
0.052821,0.3043,-0.37561
0.053631,0.34207,-0.33189
0.056844,0.38158,-0.2931
0.06244,0.42295,-0.25838
0.067792,0.46663,-0.22723
0.071363,0.51293,-0.19917
0.073143,0.56191,-0.1739
0.073116,0.61363,-0.15113
0.071263,0.66812,-0.13068
0.067565,0.72542,-0.11236
0.062001,0.78554,-0.096052
0.059217,0.80799,-0.072855
0.056143,0.83068,-0.053508
0.052781,0.85359,-0.037865
0.049139,0.87672,-0.02577
0.045219,0.90007,-0.017046
0.041027,0.92365,-0.011514
0.036565,0.94743,-0.0089866
0.031838,0.97144,-0.008832
0.026843,0.99569,-0.0070421
0.02158,1.0202,-0.0028664
0.036058,0.98691,-0.010253
0.049208,0.95549,-0.01453
0.061068,0.92566,-0.025273
0.071654,0.89729,-0.040019
0.080977,0.87026,-0.057474
0.089052,0.84449,-0.076936
0.09589,0.81986,-0.09794
0.1015,0.7963,-0.12022
0.1059,0.77374,-0.14351
0.10909,0.75211,-0.16768
0.10444,0.6936,-0.14143
0.099256,0.63964,-0.12236
0.093611,0.58981,-0.10771
0.087562,0.54373,-0.095995
0.081174,0.50107,-0.086259
0.07539,0.46139,-0.077959
0.070706,0.42436,-0.070708
0.067016,0.38977,-0.064279
0.064223,0.35745,-0.058493
0.062245,0.32722,-0.053244
0.059817,0.31465,-0.065919
0.057424,0.30227,-0.078814
0.055068,0.29008,-0.091819
0.052751,0.27807,-0.1049
0.050475,0.26626,-0.118
0.048244,0.25464,-0.13115
0.046059,0.24321,-0.14431
0.043921,0.23199,-0.15753
0.041833,0.22095,-0.17076
0.039799,0.21012,-0.18406
0.037899,0.20727,-0.20076
0.036698,0.20422,-0.21868
0.036183,0.20098,-0.23773
0.035511,0.19769,-0.25794
0.034144,0.19444,-0.27922
0.032084,0.19123,-0.30161
0.02933,0.18806,-0.325
0.025882,0.18493,-0.34946
0.021741,0.18184,-0.37487
0.016907,0.1788,-0.4013
0.027508,0.17881,-0.25432
0.032008,0.17932,-0.15012
0.033157,0.17994,-0.078513
0.040102,0.17904,-0.03327
0.053501,0.17638,-0.010544
0.073307,0.17194,-0.0052382
0.099391,0.16672,0.012026
0.13177,0.16091,0.047695
0.17051,0.15441,0.10115
0.2157,0.14718,0.17169
0.22479,0.1489,0.067462
0.23368,0.15275,0.012704
0.24252,0.15825,-0.005963
0.25148,0.16421,-0.016322
0.26073,0.16923,-0.048803
0.27028,0.17345,-0.10003
0.28015,0.177,-0.1672
0.29034,0.17995,-0.24825
0.30084,0.1824,-0.34146
0.31166,0.18439,-0.44564
0.27731,0.2028,-0.35919
0.24547,0.21945,-0.29798
0.21614,0.23477,-0.25251
0.18935,0.24903,-0.21755
0.1651,0.26239,-0.18985
0.14343,0.27494,-0.16732
0.12436,0.28676,-0.14866
0.10792,0.2979,-0.13288
0.09411,0.30839,-0.11938
0.082964,0.31827,-0.10766
0.081043,0.2696,-0.10413
0.080853,0.22503,-0.10024
0.082409,0.18435,-0.096214
0.08572,0.1474,-0.092155
0.090789,0.11402,-0.088172
0.097618,0.084073,-0.084296
0.1062,0.057428,-0.080579
0.11652,0.033984,-0.077022
0.12855,0.013656,-0.073649
0.14228,-0.0036157,-0.07045
0.13935,0.0011031,-0.076317
0.13651,0.006178,-0.081935
0.13377,0.011608,-0.087328
0.13114,0.017392,-0.0925
0.12862,0.023529,-0.09747
0.12621,0.03002,-0.10225
0.12392,0.036862,-0.10685
0.12175,0.044056,-0.11129
0.11971,0.051602,-0.11558
0.11779,0.059499,-0.11974
0.11075,0.076372,-0.11494
0.10446,0.094302,-0.11055
0.098888,0.1133,-0.10649
0.094046,0.1334,-0.10271
0.089927,0.15459,-0.099181
0.086535,0.17692,-0.095864
0.083874,0.20039,-0.09274
0.081955,0.22502,-0.089775
0.080786,0.25082,-0.086963
0.080382,0.27782,-0.084273
0.076469,0.26869,-0.072533
0.072695,0.25972,-0.062749
0.069056,0.25092,-0.054498
0.065551,0.2423,-0.047455
0.062178,0.23385,-0.041398
0.058936,0.22558,-0.036142
0.055822,0.21749,-0.031561
0.052836,0.20958,-0.027541
0.049976,0.20185,-0.024009
0.04724,0.1943,-0.02089
0.044418,0.18503,-0.028508
0.041731,0.17606,-0.037205
0.039171,0.16736,-0.046835
0.036728,0.15894,-0.057285
0.034395,0.15078,-0.068481
0.032163,0.1429,-0.080367
0.030026,0.13528,-0.092902
0.027977,0.12791,-0.10606
0.026011,0.1208,-0.11982
0.024122,0.11393,-0.13416
0.025286,0.11337,-0.12099
0.026712,0.11273,-0.10948
0.028401,0.11203,-0.099328
0.030351,0.11126,-0.090324
0.032561,0.11042,-0.082293
0.035031,0.10953,-0.075092
0.03776,0.10859,-0.068614
0.040749,0.10758,-0.062757
0.043996,0.10652,-0.057453
0.047503,0.10541,-0.052626
0.037109,0.089921,-0.068124
0.028105,0.076013,-0.084315
0.020463,0.063554,-0.10107
0.014155,0.05242,-0.1183
0.0091548,0.042501,-0.13597
0.0054396,0.033697,-0.15411
0.0029897,0.025922,-0.17271
0.00073041,0.019326,-0.19182
-0.0023533,0.014066,-0.21146
-0.0062681,0.010114,-0.23169
-0.0026335,0.017027,-0.23289
0.00078133,0.026263,-0.23395
0.0039891,0.037859,-0.23487
0.0070649,0.051851,-0.23568
0.010982,0.06809,-0.2364
0.016088,0.086561,-0.23702
0.022391,0.10732,-0.23754
0.029901,0.13042,-0.23795
0.038626,0.15592,-0.23823
0.048578,0.18387,-0.23837
0.042665,0.17047,-0.26892
0.037097,0.15765,-0.2989
0.031882,0.14541,-0.32832
0.027034,0.13372,-0.35722
0.022561,0.1226,-0.38562
0.018478,0.11204,-0.41359
0.014792,0.10203,-0.44111
0.011513,0.092567,-0.46828
0.0086499,0.083645,-0.49505
0.0062072,0.07526,-0.52153
0.0047958,0.068556,-0.52297
0.0036485,0.062169,-0.52264
0.0027696,0.056095,-0.52065
0.0021614,0.050325,-0.51726
0.0018257,0.044857,-0.51257
0.0017655,0.039671,-0.50675
0.0019828,0.034776,-0.4999
0.0024812,0.03017,-0.49216
0.003263,0.02587,-0.4836
0.0043319,0.021877,-0.47431
0.0064536,0.028024,-0.50071
0.0089587,0.035212,-0.52758
0.011863,0.043455,-0.55488
0.015186,0.052757,-0.58258
0.018944,0.063129,-0.61062
0.023153,0.074575,-0.63897
0.027831,0.087103,-0.66755
0.032992,0.10071,-0.69637
0.038653,0.11542,-0.7253
0.044827,0.13121,-0.75438
0.058443,0.11519,-0.61596
0.074564,0.099563,-0.50714
0.093287,0.084144,-0.41914
0.11468,0.068821,-0.34648
0.1388,0.053521,-0.28567
0.16571,0.038182,-0.23412
0.19546,0.022763,-0.19028
0.22811,0.0072242,-0.15279
0.2637,-0.0084645,-0.12087
0.30231,-0.024333,-0.093765
0.27986,0.0037406,-0.11171
0.25977,0.03585,-0.12754
0.24205,0.071982,-0.14141
0.22671,0.11216,-0.1534
0.21375,0.15643,-0.16371
0.2032,0.20486,-0.17246
0.19507,0.25755,-0.17981
0.1894,0.31459,-0.18588
0.18622,0.37607,-0.19079
0.18554,0.44209,-0.19462
0.18465,0.44529,-0.22054
0.18381,0.44841,-0.24615
0.18302,0.45144,-0.27152
0.18228,0.45438,-0.29674
0.18159,0.45723,-0.32185
0.18094,0.45999,-0.34692
0.18033,0.46266,-0.37195
0.17976,0.46523,-0.39699
0.17923,0.4677,-0.42201
0.17874,0.47007,-0.44706
0.191,0.47602,-0.50577
0.20408,0.48179,-0.5648
0.21798,0.4874,-0.6241
0.23271,0.49285,-0.68382
0.24826,0.49814,-0.74383
0.26464,0.50329,-0.80431
0.28185,0.5083,-0.86503
0.29989,0.51318,-0.9262
0.31877,0.51793,-0.98747
0.33847,0.52256,-1.0491
0.31445,0.44352,-1.1891
0.29209,0.37111,-1.3226
0.27133,0.30501,-1.4514
0.25207,0.24494,-1.5774
0.23427,0.19067,-1.7011
0.21788,0.14196,-1.8237
0.20284,0.098652,-1.9445
0.1891,0.060562,-2.0646
0.17663,0.027568,-2.183
0.16542,-0.00045041,-2.3007
0.16098,0.0099272,-2.0493
0.15685,0.020691,-1.8485
0.15303,0.031922,-1.6799
0.14953,0.043651,-1.5343
0.14635,0.055893,-1.4064
0.1435,0.068663,-1.2914
0.14095,0.081961,-1.1874
0.13872,0.095793,-1.0918
0.13679,0.11015,-1.0039
0.13517,0.12504,-0.92208
0.13572,0.12447,-0.84239
0.13609,0.12403,-0.77054
0.13629,0.12372,-0.70557
0.13634,0.12352,-0.64609
0.13625,0.12344,-0.59167
0.13601,0.12346,-0.54141
0.13565,0.12358,-0.49512
0.13516,0.12379,-0.45215
0.13456,0.12409,-0.41241
0.13385,0.12447,-0.37544
0.14877,0.10708,-0.40825
0.16537,0.089683,-0.44234
0.18365,0.072273,-0.47786
0.20365,0.054853,-0.51466
0.22537,0.037418,-0.55284
0.24883,0.01997,-0.59231
0.27403,0.0025067,-0.63313
0.30101,-0.014966,-0.67527
0.32977,-0.032449,-0.71875
0.36032,-0.049911,-0.76361
0.37656,-0.044324,-0.64781
0.3933,-0.038982,-0.55045
0.41052,-0.0338,-0.46723
0.4282,-0.028717,-0.39533
0.44635,-0.023689,-0.3328
0.46494,-0.018677,-0.27815
0.48399,-0.013655,-0.23038
0.50347,-0.0086022,-0.18863
0.52338,-0.0035014,-0.15234
0.54372,0.0016617,-0.12094
0.55124,-0.0044128,-0.12024
0.55874,-0.010288,-0.11842
0.56621,-0.01598,-0.11596
0.57364,-0.021501,-0.11311
0.58103,-0.026864,-0.11015
0.58838,-0.032075,-0.10716
0.59567,-0.037144,-0.1043
0.60291,-0.042076,-0.10159
0.61009,-0.046878,-0.09912
0.61722,-0.051555,-0.096864
0.56867,-0.059312,-0.17297
0.52244,-0.065974,-0.25472
0.47847,-0.071463,-0.3386
0.43673,-0.075744,-0.42303
0.39714,-0.078805,-0.5073
0.35967,-0.08064,-0.59119
0.32428,-0.081248,-0.67452
0.29091,-0.080629,-0.75736
0.25954,-0.078785,-0.83953
0.23013,-0.075716,-0.92121
0.23678,-0.075519,-0.87405
0.24369,-0.075525,-0.8397
0.25086,-0.075647,-0.81421
0.25827,-0.075823,-0.79534
0.26592,-0.076012,-0.78118
0.2738,-0.076182,-0.77067
0.2819,-0.07631,-0.76275
0.29023,-0.076377,-0.7569
0.29879,-0.076372,-0.75252
0.30757,-0.076282,-0.74933
0.28963,-0.062485,-0.58156
0.27255,-0.04862,-0.44774
0.25635,-0.034598,-0.33943
0.24102,-0.020362,-0.25134
0.22656,-0.0058758,-0.18002
0.21295,0.0088941,-0.12291
0.20017,0.023976,-0.078328
0.18821,0.039398,-0.044875
0.17704,0.055191,-0.021611
0.16665,0.071388,-0.0077195
0.17536,0.059989,-0.01819
0.18451,0.048788,-0.033356
0.1941,0.037801,-0.052628
0.20415,0.027039,-0.075491
0.21466,0.016511,-0.10163
0.22564,0.0062219,-0.13073
0.23709,-0.0038241,-0.1626
0.24903,-0.013625,-0.19705
0.26144,-0.02318,-0.23397
0.27434,-0.03249,-0.27324
0.26161,-0.041527,-0.29882
0.24958,-0.04858,-0.3236
0.23823,-0.053676,-0.34774
0.22756,-0.056839,-0.37138
0.21756,-0.058091,-0.3946
0.20823,-0.057452,-0.4175
0.19944,-0.055355,-0.44012
0.1904,-0.054631,-0.46255
0.18096,-0.055799,-0.48476
0.17111,-0.058854,-0.50685
0.14032,-0.046893,-0.39366
0.11269,-0.036396,-0.30536
0.088231,-0.027368,-0.23524
0.066888,-0.019804,-0.17907
0.048596,-0.013694,-0.13397
0.033274,-0.009026,-0.097894
0.020929,-0.0054379,-0.069327
0.011699,-0.0020927,-0.047051
0.0054926,0.0010803,-0.030117
0.0022067,0.0041197,-0.017651
0.0043884,0.0084496,-0.013492
0.007141,0.014451,-0.0097629
0.010435,0.022175,-0.0065343
0.014248,0.031669,-0.0038691
0.018564,0.042981,-0.0018438
0.023373,0.056151,-0.00050964
0.028667,0.071218,8.8889e-05
0.034459,0.088212,0.00037988
0.040782,0.10715,0.001418
0.047642,0.12807,0.0032568
0.05399,0.11527,-0.00082372
0.063356,0.10192,-0.011307
0.075656,0.088221,-0.032925
0.090985,0.074257,-0.064874
0.10943,0.060058,-0.10661
0.13107,0.045613,-0.15763
0.15599,0.030879,-0.21746
0.18427,0.015789,-0.28554
0.21598,0.00026458,-0.36127
0.2512,-0.015778,-0.44411
0.22983,-0.0030741,-0.36515
0.20954,0.0099989,-0.30285
0.19048,0.023389,-0.25231
0.17274,0.037065,-0.21053
0.15638,0.051009,-0.17544
0.14144,0.06521,-0.14567
0.12793,0.079658,-0.12019
0.11588,0.094346,-0.098306
0.1053,0.10927,-0.079468
0.096199,0.12441,-0.063267
0.086135,0.10386,-0.059044
0.076839,0.08536,-0.054906
0.068282,0.068821,-0.050918
0.060438,0.054161,-0.047103
0.053282,0.041303,-0.04349
0.046789,0.030171,-0.040079
0.040939,0.020693,-0.036844
0.035707,0.012798,-0.033815
0.031074,0.0064176,-0.030787
0.027018,0.0014883,-0.02797
0.026699,6.6589e-05,-0.042142
0.0263,-0.0012322,-0.059015
0.025819,-0.0024078,-0.07827
0.025252,-0.0034597,-0.10002
0.024602,-0.0043882,-0.12395
0.023871,-0.0051936,-0.15014
0.023066,-0.0058766,-0.17832
0.022193,-0.0064382,-0.20846
0.021261,-0.0068795,-0.24038
0.020279,-0.0072017,-0.27394
0.025382,-0.0085392,-0.24574
0.030659,-0.0099149,-0.2208
0.03613,-0.011334,-0.19862
0.041814,-0.0128,-0.1787
0.047725,-0.01432,-0.16082
0.053882,-0.015899,-0.14459
0.060296,-0.017541,-0.12992
0.066985,-0.019253,-0.11652
0.073962,-0.021041,-0.10434
0.08124,-0.022908,-0.093183
0.07055,-0.018853,-0.13046
0.060546,-0.014883,-0.17208
0.051244,-0.010993,-0.21769
0.042664,-0.0071747,-0.26687
0.03482,-0.0034167,-0.31933
0.027732,0.00029289,-0.3748
0.021415,0.0039669,-0.43292
0.015887,0.0076181,-0.49352
0.011163,0.011259,-0.55616
0.0072597,0.014903,-0.62075
0.016086,0.019945,-0.60747
0.026617,0.025623,-0.59648
0.038899,0.03194,-0.58711
0.052977,0.038901,-0.57919
0.068902,0.046509,-0.57252
0.086725,0.054768,-0.56678
0.1065,0.063682,-0.56188
0.12827,0.073253,-0.55756
0.1521,0.083482,-0.55375
0.17803,0.09437,-0.55025
0.15063,0.084555,-0.60414
0.12578,0.075271,-0.6554
0.10342,0.066489,-0.70452
0.083491,0.058186,-0.75191
0.065928,0.050341,-0.79764
0.050683,0.042934,-0.84216
0.037713,0.035948,-0.88537
0.026977,0.029366,-0.92763
0.018443,0.023178,-0.96879
0.012083,0.017369,-1.0091
0.013941,0.01229,-0.89394
0.016372,0.0074752,-0.80057
0.019389,0.0029494,-0.72294
0.022996,-0.0012687,-0.65693
0.027195,-0.0051716,-0.6003
0.031989,-0.008749,-0.55056
0.037378,-0.011999,-0.50653
0.043364,-0.014917,-0.46693
0.049954,-0.017505,-0.43117
0.057133,-0.019821,-0.39844
0.05439,-0.017283,-0.35589
0.052863,-0.01159,-0.31826
0.052498,-0.0028246,-0.28468
0.053244,0.0089462,-0.25428
0.055078,0.023714,-0.22662
0.057993,0.041529,-0.20115
0.062008,0.062481,-0.17768
0.067155,0.086696,-0.15589
0.07348,0.11432,-0.13572
0.081037,0.14551,-0.117
0.076974,0.13962,-0.13674
0.073105,0.13383,-0.15504
0.06942,0.12814,-0.17189
0.06591,0.12256,-0.18727
0.062565,0.11709,-0.20124
0.059377,0.11172,-0.21393
0.056339,0.10646,-0.22541
0.053443,0.10131,-0.23581
0.050683,0.096275,-0.2452
0.04805,0.091347,-0.25372
0.064352,0.12217,-0.26566
0.08337,0.15782,-0.27736
0.10517,0.1984,-0.28944
0.12978,0.24404,-0.30137
0.15725,0.29482,-0.31341
0.18762,0.3508,-0.3254
0.22092,0.41205,-0.33745
0.25717,0.47862,-0.3495
0.29639,0.55054,-0.36157
0.33861,0.62784,-0.37366
0.3161,0.59978,-0.33169
0.29478,0.57296,-0.29665
0.27459,0.54728,-0.26658
0.25549,0.52265,-0.24027
0.23742,0.499,-0.21695
0.22037,0.47624,-0.19604
0.20432,0.45432,-0.17719
0.18923,0.43317,-0.16007
0.17509,0.41275,-0.14449
0.1619,0.393,-0.13024
0.15947,0.39819,-0.11003
0.15738,0.40324,-0.093072
0.15563,0.40817,-0.078718
0.15421,0.41298,-0.066453
0.15311,0.41765,-0.055933
0.15234,0.4222,-0.046862
0.1519,0.42663,-0.039043
0.15179,0.43092,-0.032293
0.15201,0.43509,-0.026489
0.15256,0.43913,-0.021512
0.15154,0.43671,-0.020204
0.15067,0.43446,-0.019425
0.14997,0.43237,-0.019072
0.14942,0.43042,-0.019069
0.14889,0.42867,-0.019371
0.14833,0.4271,-0.019948
0.14773,0.42572,-0.020778
0.14709,0.42452,-0.021852
0.1464,0.42349,-0.023164
0.14566,0.42263,-0.024716
0.14905,0.42672,-0.030655
0.15118,0.43105,-0.035339
0.15397,0.43497,-0.038729
0.15798,0.4383,-0.040926
0.16323,0.44102,-0.042075
0.1697,0.44315,-0.042348
0.17741,0.44469,-0.041892
0.18633,0.44565,-0.04086
0.19649,0.44603,-0.03937
0.20786,0.44583,-0.037538
0.21535,0.42248,-0.034395
0.22489,0.39902,-0.03253
0.23647,0.37542,-0.031558
0.25008,0.35164,-0.031245
0.26572,0.32766,-0.031434
0.28337,0.30344,-0.032031
0.30302,0.27895,-0.032963
0.32468,0.25419,-0.034192
0.34833,0.22912,-0.035682
0.37399,0.20372,-0.037419
0.34262,0.16134,-0.019251
0.31348,0.12378,-0.0088304
0.28644,0.090733,-0.0041415
0.26138,0.061934,-0.0026786
0.23827,0.037218,0.0016013
0.21701,0.016352,0.0088891
0.19753,-0.00088778,0.018764
0.17976,-0.014699,0.030911
0.16363,-0.02526,0.045089
0.1491,-0.032726,0.061109
0.1275,-0.0087866,0.057975
0.11049,0.018367,0.055141
0.097883,0.048787,0.05243
0.089566,0.082521,0.049729
0.085479,0.1196,0.046943
0.085623,0.16004,0.044006
0.09005,0.20385,0.040866
0.09885,0.25101,0.03748
0.11214,0.30152,0.033823
0.13006,0.35533,0.029868
0.12125,0.32844,0.033764
0.11418,0.30208,0.038695
0.10886,0.27626,0.044553
0.1053,0.25096,0.051258
0.10353,0.2262,0.058762
0.10355,0.20198,0.067022
0.10539,0.17829,0.076006
0.10904,0.15514,0.085684
0.11451,0.13253,0.096027
0.12182,0.11046,0.10701
0.11428,0.13209,0.10099
0.10855,0.15408,0.094266
0.10464,0.17645,0.087011
0.10257,0.19922,0.079365
0.10234,0.22239,0.071445
0.10398,0.246,0.063352
0.1075,0.27007,0.055178
0.11289,0.29461,0.046994
0.12018,0.31965,0.038877
0.12925,0.34525,0.03089
0.12313,0.3291,0.0099616
0.1177,0.31367,-0.0028137
0.113,0.29881,-0.0096226
0.10897,0.28446,-0.011925
0.10551,0.2705,-0.012356
0.10251,0.25676,-0.015368
0.09995,0.24324,-0.020703
0.09784,0.22993,-0.027992
0.096176,0.21682,-0.036949
0.094961,0.2039,-0.047365
0.093142,0.2146,-0.036992
0.092376,0.22496,-0.029134
0.092665,0.23501,-0.023233
0.094015,0.24476,-0.018889
0.09643,0.25424,-0.015803
0.099763,0.26351,-0.013744
0.10249,0.27316,-0.012519
0.10424,0.28334,-0.011985
0.10499,0.29407,-0.012037
0.10475,0.30535,-0.012096
0.10987,0.30707,-0.012506
0.11403,0.309,-0.013356
0.11723,0.31114,-0.014889
0.11949,0.31351,-0.016933
0.12088,0.31609,-0.019369
0.12265,0.31842,-0.022121
0.12526,0.32034,-0.025131
0.12872,0.32185,-0.028353
0.13303,0.32296,-0.031752
0.13819,0.32367,-0.035304
0.14005,0.32737,-0.023595
0.14179,0.33086,-0.016567
0.14343,0.33417,-0.013272
0.14499,0.33734,-0.012555
0.14656,0.3405,-0.010226
0.14813,0.34369,-0.005704
0.1497,0.34688,0.00073266
0.15127,0.35007,0.0088722
0.15284,0.35327,0.01855
0.15439,0.35645,0.029638
0.16042,0.38014,0.03283
0.16705,0.40437,0.035741
0.17428,0.42916,0.038363
0.18213,0.4545,0.040703
0.19061,0.48038,0.042757
0.19971,0.50682,0.044535
0.20945,0.53381,0.046034
0.21982,0.56135,0.047261
0.23085,0.58944,0.048212
0.24213,0.61824,0.04889
0.24207,0.62072,0.017701
0.24122,0.62422,-0.0022047
0.23954,0.6286,-0.013674
0.23704,0.63377,-0.018511
0.23368,0.63962,-0.019781
0.22942,0.64591,-0.02499
0.22426,0.65263,-0.034355
0.21822,0.65978,-0.047498
0.2113,0.66734,-0.064134
0.2035,0.67533,-0.084063
0.20269,0.61712,-0.072631
0.19852,0.5625,-0.06167
0.19109,0.51141,-0.051295
0.18054,0.46383,-0.041665
0.16695,0.41975,-0.032915
0.15177,0.37859,-0.025182
0.14044,0.33822,-0.018557
0.13344,0.29843,-0.013155
0.13073,0.25927,-0.0090808
0.13227,0.22076,-0.0064302
0.13388,0.27458,-0.010442
0.14252,0.33065,-0.01718
0.15821,0.38906,-0.026566
0.18077,0.44994,-0.03854
0.2035,0.51604,-0.053092
0.22301,0.58877,-0.070198
0.23934,0.66817,-0.089799
0.25254,0.75423,-0.11185
0.26266,0.84695,-0.13629
0.26972,0.94633,-0.16308
0.29651,0.94435,-0.104
0.31995,0.9433,-0.067474
0.34009,0.94336,-0.045088
0.35694,0.94463,-0.032342
0.37052,0.94716,-0.026621
0.38084,0.95099,-0.025626
0.38794,0.9563,-0.022117
0.3921,0.96298,-0.015024
0.39799,0.96911,-0.0048512
0.40718,0.97405,0.0079876
0.39941,0.96925,0.0022082
0.39405,0.9631,-0.0014897
0.39069,0.95577,-0.0039947
0.38571,0.94876,-0.0058141
0.37819,0.94246,-0.0072316
0.36816,0.93688,-0.0084143
0.35566,0.93203,-0.0094599
0.34073,0.92791,-0.010431
0.3234,0.92453,-0.011363
0.3037,0.9219,-0.01228
0.33013,0.92442,0.0042432
0.35223,0.92895,0.024163
0.37012,0.93541,0.046587
0.3839,0.94373,0.071024
0.39366,0.95387,0.09717
0.40006,0.96555,0.12482
0.40899,0.97631,0.1538
0.42189,0.98555,0.18397
0.43871,0.99326,0.21514
0.45944,0.99944,0.24718
0.4362,0.94669,0.15989
0.41402,0.89637,0.10138
0.39277,0.84808,0.060382
0.37235,0.8016,0.031014
0.35269,0.7568,0.0099367
0.33377,0.71358,-0.0048801
0.31554,0.67187,-0.01474
0.29799,0.63163,-0.020555
0.28109,0.59281,-0.022977
0.26483,0.55538,-0.022679
0.25847,0.56496,-0.023275
0.25414,0.57425,-0.023966
0.25182,0.58321,-0.024775
0.2515,0.59179,-0.025732
0.25319,0.59997,-0.026863
0.25624,0.60796,-0.028189
0.25793,0.6169,-0.029711
0.2579,0.6269,-0.03144
0.25615,0.63794,-0.033376
0.25266,0.65001,-0.035523
0.25741,0.64741,-0.030344
0.26138,0.64479,-0.028844
0.26475,0.64249,-0.022728
0.26747,0.64049,-0.012993
0.26954,0.63878,-0.00048663
0.27093,0.63734,0.014231
0.27163,0.63618,0.030777
0.2718,0.63521,0.048872
0.2725,0.63399,0.068292
0.27392,0.63242,0.088865
0.27948,0.651,0.0696
0.28641,0.66966,0.057313
0.29054,0.69005,0.049613
0.29175,0.71215,0.045072
0.29003,0.73593,0.042799
0.28535,0.76135,0.042236
0.2777,0.78841,0.043015
0.26707,0.81709,0.044899
0.25344,0.84739,0.047728
0.2368,0.87931,0.051404
0.21485,0.8558,0.03434
0.19288,0.83343,0.017734
0.17091,0.81218,0.0025641
0.14893,0.79203,-0.010604
0.12692,0.77295,-0.021453
0.10489,0.75492,-0.029822
0.082807,0.73788,-0.035632
0.060671,0.72183,-0.038864
0.038465,0.70671,-0.039525
0.016125,0.69241,-0.0395
0.014424,0.62813,-0.042431
0.012748,0.56801,-0.049291
0.011121,0.51185,-0.058777
0.0095523,0.45942,-0.070174
0.0080449,0.41053,-0.083038
0.0066004,0.36501,-0.097091
0.0052173,0.32266,-0.11212
0.0038959,0.28335,-0.12798
0.002634,0.24691,-0.14456
0.0014323,0.21321,-0.16177
-0.0010008,0.21933,-0.15486
-0.0035716,0.22544,-0.1495
-0.0062714,0.23157,-0.14535
-0.0090924,0.23772,-0.14218
-0.012029,0.24391,-0.13978
-0.015076,0.25015,-0.13802
-0.018228,0.25644,-0.13676
-0.021483,0.26279,-0.13591
-0.024837,0.2692,-0.1354
-0.028286,0.27567,-0.13516
-0.02204,0.28691,-0.11039
-0.015856,0.29797,-0.090033
-0.0097135,0.30888,-0.073341
-0.0035937,0.31969,-0.05976
0.0025163,0.33043,-0.048884
0.0086272,0.34111,-0.040391
0.014747,0.35175,-0.034041
0.020884,0.36236,-0.029634
0.027041,0.37295,-0.027015
0.033226,0.38354,-0.02605
0.027709,0.36845,-0.029998
0.022112,0.35316,-0.039028
0.016486,0.33778,-0.051744
0.010867,0.32241,-0.067263
0.0052843,0.30711,-0.085026
-0.00024058,0.29193,-0.10466
-0.0056895,0.27689,-0.12591
-0.011045,0.26205,-0.1486
-0.016293,0.24742,-0.1726
-0.02142,0.23303,-0.19783
-0.0081886,0.25715,-0.19825
0.0058213,0.28274,-0.19883
0.020609,0.30981,-0.19947
0.036174,0.33836,-0.20016
0.052515,0.3684,-0.20084
0.069628,0.39993,-0.20149
0.08751,0.43297,-0.20204
0.10616,0.4675,-0.20248
0.12556,0.50354,-0.20277
0.14572,0.54109,-0.2029
0.14369,0.5074,-0.16764
0.14127,0.47506,-0.14088
0.13851,0.44413,-0.1198
0.13541,0.41464,-0.10271
0.13198,0.38657,-0.088554
0.12825,0.35989,-0.076612
0.12422,0.33458,-0.066416
0.11988,0.31059,-0.057618
0.11525,0.28789,-0.049981
0.11034,0.26645,-0.043309
0.10378,0.24856,-0.082704
0.097594,0.231,-0.1334
0.091764,0.21383,-0.19285
0.086277,0.19708,-0.2593
0.081126,0.18079,-0.33151
0.076302,0.16497,-0.40861
0.071799,0.14964,-0.48988
0.067616,0.13483,-0.57488
0.063746,0.12056,-0.66308
0.060189,0.10684,-0.75429
0.072411,0.13492,-0.58103
0.084493,0.16277,-0.45013
0.096474,0.19104,-0.34815
0.10844,0.22015,-0.26736
0.12149,0.24992,-0.20265
0.13615,0.28036,-0.1507
0.15245,0.31166,-0.1092
0.17045,0.34396,-0.076414
0.19017,0.37739,-0.051087
0.21168,0.41203,-0.032173
0.21021,0.411,-0.026806
0.20873,0.40991,-0.020938
0.20727,0.40873,-0.015236
0.20582,0.40746,-0.010189
0.20439,0.4061,-0.0061805
0.20299,0.40466,-0.0034756
0.20162,0.40314,-0.0022241
0.20026,0.40158,-0.00052895
0.19888,0.39998,0.0028119
0.19749,0.39835,0.0078437
0.20021,0.40673,0.0056449
0.20308,0.41524,0.0043044
0.20609,0.42387,0.0035859
0.20926,0.43262,0.0033321
0.21258,0.44148,0.0034316
0.21607,0.45045,0.0038079
0.21973,0.45954,0.004407
0.22355,0.46873,0.0051153
0.22755,0.47803,0.0057162
0.23173,0.48745,0.0062125
0.22625,0.47396,0.0064284
0.22087,0.46021,0.0064661
0.21562,0.44621,0.0063072
0.21048,0.432,0.0059339
0.20548,0.41761,0.0053339
0.20061,0.40307,0.0044952
0.19589,0.3884,0.0034108
0.1913,0.37363,0.0020748
0.18688,0.35879,0.0004837
0.1826,0.3439,-0.0013655
0.18149,0.34171,-0.0042492
0.18045,0.3396,-0.007445
0.17949,0.33758,-0.01094
0.17859,0.33564,-0.01473
0.17776,0.33377,-0.018811
0.17698,0.33197,-0.023186
0.17627,0.33024,-0.027852
0.17561,0.32857,-0.032835
0.175,0.32696,-0.038125
0.17443,0.32539,-0.043727
0.17871,0.31916,-0.026429
0.18396,0.31271,-0.012845
0.19016,0.30599,-0.0027779
0.1973,0.29901,0.0039041
0.20536,0.29174,0.0073131
0.21434,0.28415,0.0077918
0.22423,0.27612,0.009752
0.23504,0.26759,0.014698
0.24677,0.25856,0.022584
0.25944,0.24903,0.033366
0.24617,0.26021,0.015926
0.23414,0.2706,0.0073824
0.22331,0.28027,0.005295
0.2136,0.28944,0.0017908
0.20496,0.29816,-0.0059107
0.19737,0.30643,-0.0171
0.1908,0.31423,-0.031263
0.18522,0.32155,-0.048022
0.18062,0.32838,-0.067083
0.17698,0.33472,-0.088225
0.18287,0.34855,-0.090772
0.18891,0.36259,-0.094304
0.19508,0.37683,-0.098654
0.20138,0.39126,-0.10372
0.20782,0.40587,-0.10937
0.21438,0.42066,-0.11554
0.22107,0.43561,-0.12214
0.22788,0.45073,-0.12911
0.23482,0.466,-0.13639
0.24187,0.48142,-0.14393
0.25081,0.49771,-0.15715
0.25985,0.51406,-0.17127
0.26898,0.53045,-0.18623
0.27819,0.54685,-0.20197
0.28747,0.56325,-0.21843
0.29682,0.5796,-0.23557
0.30621,0.59591,-0.25333
0.31565,0.61213,-0.27171
0.32512,0.62824,-0.29062
0.33461,0.64424,-0.31008
0.37951,0.71942,-0.27966
0.42747,0.79861,-0.25282
0.47853,0.88179,-0.22903
0.53268,0.96895,-0.20793
0.58994,1.0601,-0.18924
0.6503,1.1551,-0.17279
0.71379,1.254,-0.15845
0.78039,1.3568,-0.14618
0.85013,1.4635,-0.13592
0.92299,1.574,-0.12768
0.88455,1.5358,-0.095912
0.84741,1.4975,-0.077605
0.81171,1.4593,-0.067107
0.77752,1.421,-0.061756
0.74489,1.3827,-0.060091
0.71389,1.3444,-0.059857
0.68462,1.3061,-0.057472
0.65709,1.2678,-0.053207
0.63132,1.2295,-0.047391
0.60733,1.1912,-0.040304
0.63134,1.2286,-0.060564
0.65719,1.2664,-0.071129
0.68473,1.3044,-0.077445
0.71375,1.3422,-0.087126
0.74424,1.3798,-0.10005
0.7762,1.4172,-0.11565
0.80964,1.4544,-0.13359
0.84455,1.4914,-0.15365
0.88093,1.5282,-0.17562
0.91877,1.5649,-0.19938
0.86195,1.4755,-0.17519
0.80768,1.3896,-0.15887
0.75589,1.3071,-0.14644
0.70649,1.2279,-0.1362
0.65938,1.1519,-0.12728
0.61445,1.0791,-0.11927
0.57162,1.0092,-0.1119
0.5308,0.9421,-0.10503
0.49192,0.87781,-0.098544
0.4549,0.8162,-0.092379
0.45187,0.79558,-0.098904
0.44958,0.77495,-0.10555
0.44804,0.75431,-0.11222
0.44727,0.73361,-0.11888
0.44726,0.71286,-0.12555
0.44802,0.69201,-0.13226
0.44955,0.67104,-0.13903
0.45185,0.64995,-0.14585
0.45493,0.62871,-0.15276
0.4588,0.60731,-0.15973
0.4389,0.59343,-0.15471
0.4196,0.58006,-0.15054
0.40093,0.56718,-0.14692
0.38292,0.55474,-0.14363
0.36558,0.5427,-0.14057
0.34896,0.53103,-0.1376
0.33307,0.51967,-0.13469
0.31794,0.5086,-0.13179
0.30358,0.49775,-0.12892
0.29003,0.48709,-0.12605
0.32997,0.54867,-0.15525
0.37303,0.61461,-0.18643
0.41927,0.68495,-0.21926
0.46868,0.7597,-0.25346
0.52128,0.83882,-0.2889
0.57703,0.92226,-0.32548
0.63589,1.0099,-0.36312
0.69784,1.1018,-0.40177
0.76281,1.1977,-0.44134
0.83076,1.2975,-0.48178
0.80043,1.2761,-0.38305
0.7715,1.2535,-0.31081
0.74416,1.2304,-0.25561
0.7184,1.2072,-0.21293
0.69414,1.184,-0.18036
0.67127,1.1609,-0.15652
0.64968,1.1379,-0.14051
0.62928,1.115,-0.13171
0.61017,1.0925,-0.12509
0.59266,1.0712,-0.11264
0.34032,0.59327,-0.050046
0.34553,0.5936,-0.049894
0.35125,0.59409,-0.049693
0.35745,0.59471,-0.049365
0.36415,0.59546,-0.049084
0.37132,0.5963,-0.048745
0.37896,0.59724,-0.048471
0.38707,0.59826,-0.04817
0.39564,0.59936,-0.047926
0.40467,0.60052,-0.047673
0.39276,0.5996,-0.042277
0.38168,0.59862,-0.037686
0.37141,0.59756,-0.033848
0.36196,0.59642,-0.030627
0.35333,0.59518,-0.027951
0.3455,0.59384,-0.025723
0.33847,0.59237,-0.023886
0.33224,0.59077,-0.022385
0.3268,0.58903,-0.021174
0.32214,0.58714,-0.020225
0.33503,0.61422,-0.012619
0.34844,0.64158,-0.0039523
0.36237,0.66918,0.0057621
0.37681,0.69698,0.016464
0.39172,0.72497,0.028143
0.40711,0.7531,0.040727
0.42276,0.78144,0.054209
0.43831,0.81015,0.068517
0.45373,0.8392,0.083642
0.46901,0.86857,0.099509
0.4554,0.84098,0.065724
0.44195,0.81469,0.040907
0.42853,0.7895,0.022076
0.41571,0.7649,0.007431
0.40378,0.74065,-0.0040827
0.39269,0.71668,-0.013192
0.38243,0.69294,-0.020333
0.37299,0.66942,-0.025859
0.36436,0.64606,-0.029988
0.35652,0.62287,-0.032919
0.37701,0.66917,-0.043474
0.39923,0.71697,-0.04754
0.42282,0.76588,-0.053678
0.44771,0.81582,-0.064021
0.47391,0.86683,-0.077781
0.50146,0.91895,-0.09441
0.53037,0.97222,-0.11346
0.56,1.027,-0.13461
0.58994,1.0836,-0.15754
0.62021,1.1421,-0.18202
0.61374,1.1233,-0.16523
0.60486,1.1043,-0.15516
0.59781,1.083,-0.1489
0.59295,1.0595,-0.14498
0.59023,1.0339,-0.14251
0.58964,1.0063,-0.14099
0.59112,0.97696,-0.14009
0.59465,0.94586,-0.13966
0.6002,0.91314,-0.13954
0.60774,0.87886,-0.13969
0.61422,0.85281,-0.12959
0.62231,0.82712,-0.12023
0.63195,0.80169,-0.11153
0.6431,0.77648,-0.10347
0.65572,0.75141,-0.095988
0.66976,0.72643,-0.089071
0.68521,0.70148,-0.082684
0.70201,0.67652,-0.076815
0.72015,0.65151,-0.071439
0.73961,0.62641,-0.06655
0.68769,0.5854,-0.12916
0.63754,0.54473,-0.22052
0.58918,0.50461,-0.33275
0.54254,0.46512,-0.46207
0.49757,0.42628,-0.6062
0.45416,0.38814,-0.76398
0.41228,0.35072,-0.93406
0.37183,0.31406,-1.1161
0.3328,0.27817,-1.3087
0.29513,0.24308,-1.5118
0.30087,0.2345,-1.1422
0.30506,0.22204,-0.87507
0.30861,0.20736,-0.67087
0.31195,0.19127,-0.51027
0.3153,0.17422,-0.38141
0.31879,0.15649,-0.2779
0.3225,0.13823,-0.19517
0.32648,0.11956,-0.13019
0.33077,0.10055,-0.080843
0.33539,0.08128,-0.045384
0.34735,0.12135,-0.040822
0.36102,0.16414,-0.036454
0.3764,0.20967,-0.032636
0.3935,0.25791,-0.029575
0.41231,0.30888,-0.02748
0.43284,0.36257,-0.026469
0.4551,0.41898,-0.026646
0.47907,0.47809,-0.028057
0.5048,0.53995,-0.029646
0.53231,0.60457,-0.029949
0.54382,0.64075,-0.03228
0.55582,0.67737,-0.033582
0.56829,0.71439,-0.034304
0.58121,0.75177,-0.035366
0.59456,0.78949,-0.036815
0.60833,0.82754,-0.038614
0.62252,0.8659,-0.040745
0.63713,0.90456,-0.043222
0.65214,0.9435,-0.046043
0.66754,0.98272,-0.049221
0.65128,0.97475,-0.056705
0.63616,0.96755,-0.064105
0.62215,0.96103,-0.071137
0.60919,0.95513,-0.077808
0.59726,0.94978,-0.084139
0.5863,0.94489,-0.090252
0.57628,0.94043,-0.096139
0.56717,0.93633,-0.10183
0.55895,0.93255,-0.10729
0.55157,0.92905,-0.11249
0.52361,0.8751,-0.12502
0.49655,0.82239,-0.13916
0.47041,0.77093,-0.15468
0.44523,0.72073,-0.17144
0.42101,0.67181,-0.1893
0.39777,0.62416,-0.2082
0.37554,0.5778,-0.22805
0.35431,0.53272,-0.24883
0.33412,0.48894,-0.27045
0.31497,0.44646,-0.29293
0.28243,0.41348,-0.25242
0.2526,0.38215,-0.21959
0.22543,0.35231,-0.19214
0.20086,0.32386,-0.16869
0.17883,0.29667,-0.14833
0.15928,0.27063,-0.13043
0.14215,0.24565,-0.11457
0.12737,0.22161,-0.10041
0.11381,0.19907,-0.087726
0.099763,0.1789,-0.076281
0.11611,0.20378,-0.068231
0.13283,0.2304,-0.061275
0.14993,0.25872,-0.055334
0.16764,0.28857,-0.050274
0.18659,0.31957,-0.046031
0.20679,0.35168,-0.042502
0.22823,0.38489,-0.039632
0.25092,0.41922,-0.037345
0.27483,0.45465,-0.035596
0.29998,0.49119,-0.034321
0.28775,0.45835,-0.032715
0.27702,0.426,-0.030297
0.26776,0.39413,-0.027417
0.25992,0.36275,-0.024345
0.25344,0.33185,-0.021303
0.2483,0.30144,-0.018446
0.24447,0.27152,-0.015901
0.24192,0.24208,-0.013752
0.24061,0.21314,-0.012071
0.24055,0.18467,-0.010907
0.22874,0.16613,-0.01002
0.21729,0.14841,-0.0091694
0.20622,0.13153,-0.0083668
0.19552,0.11547,-0.0076149
0.1852,0.10024,-0.0069146
0.17526,0.085829,-0.0062607
0.16571,0.072243,-0.0056498
0.15654,0.059476,-0.0050754
0.14776,0.047524,-0.0045418
0.13937,0.036383,-0.0040629
0.14422,0.024074,-0.00086115
0.14984,0.011969,0.0086879
0.15621,-4.8393e-06,0.02384
0.16329,-0.011903,0.043992
0.17108,-0.023768,0.068653
0.17958,-0.035636,0.097435
0.18879,-0.047529,0.12998
0.1987,-0.05947,0.16603
0.20933,-0.071471,0.20529
0.22067,-0.083547,0.24758
0.22792,-0.0961,0.21181
0.23594,-0.10821,0.18155
0.24468,-0.11993,0.15553
0.25412,-0.13128,0.13293
0.26424,-0.14228,0.11311
0.27501,-0.15296,0.095599
0.28642,-0.16332,0.080057
0.29846,-0.17338,0.066214
0.31112,-0.18315,0.053876
0.32439,-0.19263,0.042879
0.30649,-0.178,0.028703
0.29103,-0.1609,0.018156
0.27794,-0.14142,0.010346
0.26714,-0.11961,0.0046637
0.25859,-0.095517,0.00070176
0.25225,-0.069162,-0.001832
0.24811,-0.040552,-0.0031388
0.24614,-0.0096842,-0.0033668
0.24634,0.023461,-0.0032351
0.24871,0.058919,-0.0037568
0.24804,0.060544,-0.0019391
0.24732,0.062083,0.0016745
0.24655,0.063504,0.0086908
0.24575,0.064809,0.018305
0.2449,0.066002,0.029956
0.24401,0.067083,0.043245
0.24307,0.068055,0.057882
0.24207,0.068921,0.073667
0.24103,0.069683,0.090432
0.23992,0.070344,0.10808
0.23292,0.07544,0.11612
0.22619,0.080252,0.12532
0.21973,0.084792,0.13553
0.21352,0.089079,0.14668
0.20754,0.093123,0.15867
0.20179,0.096954,0.17145
0.19626,0.10058,0.18493
0.19092,0.10402,0.19912
0.18579,0.10728,0.21393
0.18083,0.11037,0.22938
0.19763,0.1194,0.1982
0.21532,0.12856,0.16869
0.23392,0.13785,0.14108
0.25343,0.14723,0.11561
0.27388,0.1567,0.092481
0.29528,0.16623,0.071859
0.31763,0.17582,0.053906
0.34096,0.18546,0.038743
0.36527,0.19512,0.026503
0.39055,0.2048,0.017281
0.36012,0.17072,0.017054
0.33146,0.14001,0.017326
0.3045,0.11243,0.018055
0.27914,0.087777,0.019194
0.25529,0.065855,0.020735
0.2329,0.046489,0.022656
0.2119,0.029519,0.024955
0.19223,0.014795,0.027617
0.17384,0.0021793,0.030646
0.1567,-0.0084579,0.034035
0.18218,-0.0080897,0.039637
0.20994,-0.0078067,0.04579
0.24003,-0.0076432,0.052564
0.2725,-0.0076304,0.060027
0.30738,-0.0077968,0.068231
0.3447,-0.0081685,0.077228
0.38451,-0.0087679,0.087051
0.42681,-0.0096161,0.097736
0.47165,-0.01073,0.1093
0.51904,-0.012126,0.12176
0.53235,-0.042104,0.18237
0.54673,-0.071767,0.24596
0.56221,-0.10112,0.31099
0.57878,-0.13016,0.37678
0.59646,-0.15891,0.44296
0.61526,-0.18738,0.50953
0.63518,-0.21558,0.57634
0.65623,-0.24353,0.64354
0.67842,-0.27125,0.71092
0.70176,-0.29877,0.77861
0.69041,-0.28742,0.65527
0.67884,-0.27624,0.55873
0.6671,-0.26524,0.47944
0.65523,-0.25448,0.41224
0.64325,-0.24393,0.35394
0.63118,-0.23359,0.30263
0.61904,-0.22341,0.25709
0.60683,-0.2134,0.21648
0.59457,-0.20351,0.18026
0.58228,-0.19377,0.14799
0.56286,-0.18111,0.15407
0.54438,-0.16901,0.16065
0.52679,-0.15743,0.16782
0.51002,-0.14635,0.17553
0.49404,-0.13574,0.18385
0.47879,-0.12557,0.19275
0.46425,-0.11582,0.20226
0.45037,-0.10648,0.21238
0.43711,-0.097516,0.22312
0.42445,-0.088918,0.23447
0.38863,-0.05937,0.20308
0.35564,-0.031484,0.17836
0.32533,-0.0052139,0.15841
0.29762,0.019486,0.14201
0.2724,0.042662,0.12833
0.24959,0.064359,0.11676
0.22911,0.08462,0.10691
0.2109,0.10348,0.098435
0.1949,0.12099,0.091105
0.18104,0.13718,0.08471
0.17818,0.11934,0.063821
0.17607,0.10205,0.045784
0.17469,0.085267,0.030583
0.17403,0.068954,0.018161
0.17408,0.053074,0.0084786
0.17483,0.037594,0.0014712
0.17628,0.022485,-0.0029094
0.17841,0.0077218,-0.004721
0.18117,-0.0066847,-0.0063109
0.18445,-0.020706,-0.010444
0.18895,-0.0075969,-0.0077677
0.19396,0.0064134,-0.0063611
0.19948,0.021325,-0.0058984
0.20555,0.03713,-0.0057724
0.21217,0.053814,-0.0051674
0.21936,0.071378,-0.0041993
0.2271,0.089825,-0.0029785
0.2354,0.10915,-0.0015908
0.24426,0.12936,-9.8763e-05
0.25368,0.15045,0.0014447
0.23513,0.16355,-0.0024277
0.21859,0.17565,-0.004266
0.204,0.18674,-0.0047224
0.19133,0.19684,-0.0044875
0.18049,0.20595,-0.0049266
0.17146,0.21408,-0.0060447
0.16422,0.22121,-0.0077166
0.15876,0.22732,-0.0098585
0.15507,0.23242,-0.012407
0.15312,0.23648,-0.015321
0.16766,0.25324,-0.0077718
0.18355,0.2701,-0.0050727
0.2009,0.28704,-0.0049216
0.21994,0.304,-0.0020708
0.24067,0.321,0.0033989
0.26309,0.33804,0.011045
0.28718,0.35512,0.02051
0.31296,0.37225,0.031506
0.3404,0.38943,0.043797
0.3695,0.40664,0.057199
0.33578,0.36057,0.067602
0.30421,0.31772,0.079704
0.27471,0.27798,0.093259
0.24721,0.24124,0.10811
0.22165,0.20739,0.12413
0.19795,0.17635,0.14123
0.17607,0.14801,0.15933
0.15594,0.12231,0.17838
0.13753,0.099172,0.19832
0.12078,0.078515,0.21913
0.107,0.070182,0.19251
0.094184,0.062302,0.16965
0.082295,0.054879,0.14974
0.071299,0.047918,0.13224
0.061169,0.041422,0.11674
0.051883,0.035395,0.10294
0.043423,0.029839,0.090591
0.035771,0.024757,0.07951
0.028912,0.020154,0.069548
0.022829,0.016028,0.060583
0.027307,0.023076,0.070355
0.032441,0.031328,0.080676
0.038272,0.040831,0.091539
0.044841,0.051625,0.10294
0.052191,0.063753,0.11487
0.06036,0.07725,0.12734
0.06939,0.092154,0.14035
0.079318,0.1085,0.15392
0.090184,0.12631,0.16805
0.10202,0.14562,0.18274
0.094916,0.14066,0.1504
0.089357,0.13482,0.12156
0.084432,0.12872,0.096048
0.078273,0.12361,0.073726
0.070835,0.11954,0.054461
0.062133,0.11653,0.038144
0.052179,0.11458,0.024687
0.04098,0.11373,0.01401
0.028542,0.11397,0.0060585
0.014866,0.11533,0.00078079
0.0076538,0.11514,-0.0020389
0.000288,0.11529,-0.0025755
-0.0073129,0.11567,-0.0050934
-0.015162,0.11626,-0.01002
-0.02326,0.11708,-0.017131
-0.03161,0.11813,-0.026248
-0.040212,0.11942,-0.037214
-0.049066,0.12094,-0.049905
-0.058174,0.12271,-0.064201
-0.067532,0.12473,-0.080014
-0.055338,0.12471,-0.058954
-0.043515,0.12499,-0.042347
-0.032036,0.12557,-0.02933
-0.020878,0.12646,-0.019298
-0.010024,0.12768,-0.011792
0.00054375,0.12923,-0.0064772
0.010839,0.13113,-0.0030934
0.020876,0.13339,-0.0014421
0.030664,0.13602,-0.00093116
0.040199,0.13904,0.00074037
0.038956,0.13966,0.0024274
0.037698,0.14029,0.0044636
0.036424,0.14093,0.0067751
0.035134,0.14159,0.0093045
0.033829,0.14225,0.012006
0.032508,0.14292,0.014842
0.031171,0.1436,0.017785
0.029819,0.14429,0.020811
0.028453,0.14499,0.023899
0.027072,0.14569,0.027037
0.037972,0.15502,0.040616
0.049126,0.16497,0.056239
0.060529,0.17554,0.073675
0.072177,0.18674,0.092731
0.084067,0.19857,0.11322
0.096194,0.21105,0.13501
0.10855,0.22417,0.15793
0.12114,0.23797,0.1819
0.13395,0.25242,0.20677
0.14699,0.26756,0.23248
0.12932,0.241,0.14377
0.11225,0.21664,0.082455
0.095825,0.19432,0.041323
0.080062,0.1739,0.015891
0.064963,0.15526,0.0032189
0.05055,0.13831,0.00015341
0.037171,0.12289,-0.0079196
0.024865,0.10892,-0.024283
0.013566,0.096344,-0.047942
0.0032193,0.085097,-0.078541
0.01723,0.082599,-0.069668
0.029631,0.081701,-0.061354
0.040435,0.082369,-0.053287
0.049656,0.084566,-0.045794
0.05729,0.088256,-0.038718
0.063325,0.093399,-0.032246
0.068087,0.099725,-0.026371
0.074222,0.1054,-0.021023
0.082281,0.11001,-0.016252
0.092256,0.1135,-0.011991
0.079468,0.1026,-0.021235
0.068444,0.092362,-0.032538
0.059099,0.082631,-0.045887
0.05135,0.073281,-0.061161
0.045102,0.064206,-0.078365
0.039114,0.056092,-0.097443
0.032669,0.049293,-0.11842
0.025708,0.04374,-0.14126
0.01819,0.03938,-0.16595
0.010083,0.036177,-0.19248
0.012618,0.029882,-0.18018
0.014098,0.024737,-0.16805
0.014532,0.020695,-0.15612
0.013924,0.017713,-0.14441
0.012588,0.01554,-0.13301
0.012294,0.012939,-0.12188
0.013298,0.0096973,-0.11111
0.015577,0.0057976,-0.1007
0.019116,0.00122,-0.090728
0.023905,-0.0040534,-0.081183
0.022289,-0.0060226,-0.062885
0.020998,-0.0077842,-0.047889
0.020021,-0.009322,-0.035659
0.019347,-0.010621,-0.025726
0.018963,-0.011666,-0.017773
0.018857,-0.012446,-0.011512
0.019017,-0.012946,-0.0067552
0.019338,-0.013283,-0.0033365
0.019488,-0.013911,-0.0011536
0.019419,-0.014861,-0.0001296
0.017898,-0.013244,-0.00028547
0.016372,-0.011753,-0.00047408
0.014844,-0.010392,-0.00068292
0.01332,-0.0091631,-0.00089988
0.011804,-0.0080704,-0.0011179
0.010365,-0.0070219,-0.0013297
0.0090673,-0.0059363,-0.0015327
0.0079151,-0.0048167,-0.0017222
0.0069143,-0.0036661,-0.0018982
0.0060703,-0.0024877,-0.0020585
0.0067675,-0.0013529,-0.0029899
0.0077058,0.00015526,-0.0041079
0.0088839,0.0020366,-0.0054201
0.010301,0.0042912,-0.0069271
0.011959,0.0069188,-0.0086326
0.013858,0.00992,-0.010532
0.015999,0.013295,-0.012625
0.018387,0.017045,-0.014902
0.021021,0.021171,-0.01736
0.023906,0.025675,-0.019988
0.016171,0.017871,-0.022814
0.010029,0.011552,-0.025753
0.0053873,0.0066679,-0.028787
0.0021543,0.0031628,-0.031895
0.00024494,0.00098439,-0.035074
-0.00047226,0.00013588,-0.038337
-0.001136,-0.00022574,-0.041719
-0.0030374,-0.0018304,-0.045254
-0.0062542,-0.0047348,-0.048967
-0.010864,-0.0089814,-0.05285
-0.011754,-0.0075984,-0.038236
-0.013005,-0.0060537,-0.026521
-0.014602,-0.0043327,-0.017261
-0.01653,-0.0024232,-0.010136
-0.018775,-0.0003156,-0.0049473
-0.021323,0.001997,-0.0015635
-0.024162,0.0045189,7.3012e-05
-0.027277,0.0072493,0.00054362
-0.030638,0.010176,0.0024268
-0.034236,0.013295,0.0060605
-0.027673,0.015473,0.0091384
-0.022817,0.015392,0.012445
-0.019268,0.013736,0.015755
-0.014816,0.013802,0.019194
-0.0091329,0.016154,0.02279
-0.0022159,0.020863,0.026723
0.0059919,0.028039,0.031084
0.015585,0.037813,0.035995
0.026682,0.050322,0.041488
0.039408,0.065705,0.047593
0.024404,0.038944,0.058047
0.0129,0.019272,0.068684
0.0049425,0.0065099,0.079322
0.00092159,0.00023574,0.089954
0.0006977,-0.001925,0.10083
-0.0020653,-0.0092602,0.11242
-0.0083621,-0.023368,0.12502
-0.018161,-0.044417,0.13872
-0.031422,-0.072575,0.15337
-0.048103,-0.108,0.16883
-0.031315,-0.083824,0.11526
-0.017193,-0.063944,0.078574
-0.0055,-0.047958,0.053119
0.0039732,-0.03553,0.035351
0.011413,-0.026367,0.02296
0.016981,-0.020209,0.014339
0.020802,-0.016832,0.0083958
0.022953,-0.016061,0.0043534
0.024768,-0.015892,0.0017465
0.028276,-0.013317,0.000346
0.025222,-0.0036941,5.8106e-05
0.024497,0.0071912,-0.00021534
0.026124,0.019298,-0.0010649
0.030086,0.032582,-0.0024981
0.036338,0.047003,-0.0045345
0.044822,0.062535,-0.0071948
0.055473,0.07916,-0.010481
0.067736,0.097215,-0.014389
0.080389,0.11751,-0.018899
0.093397,0.14005,-0.023989
0.077787,0.11846,-0.040305
0.063341,0.09868,-0.060277
0.050091,0.080769,-0.0837
0.038065,0.064773,-0.11043
0.027294,0.050737,-0.1403
0.017806,0.038694,-0.17324
0.0096322,0.02867,-0.20914
0.0027974,0.02068,-0.248
-0.0026738,0.014727,-0.2897
-0.0067623,0.010803,-0.33427
-0.0014259,0.0084676,-0.35431
0.0026426,0.0071905,-0.37564
0.0054473,0.0069771,-0.39801
0.0069966,0.007832,-0.42147
0.0088355,0.0086804,-0.44579
0.01214,0.0087068,-0.47104
0.016929,0.0079114,-0.49703
0.023221,0.006293,-0.52384
0.031038,0.0038493,-0.55129
0.0404,0.0005767,-0.57948
0.033318,-0.00068219,-0.57346
0.027057,-0.0017113,-0.56989
0.021572,-0.0025087,-0.56813
0.016821,-0.0030725,-0.56791
0.012773,-0.0034011,-0.56888
0.009397,-0.003493,-0.57086
0.0066721,-0.0033473,-0.57363
0.0045782,-0.0029628,-0.57709
0.0031002,-0.0023397,-0.58107
0.0018926,-0.001949,-0.58551
0.0012998,-0.0013092,-0.63524
0.0010795,-0.00087526,-0.68388
0.0014973,-0.0001357,-0.73119
0.0020064,0.0012876,-0.77708
0.0024848,0.0034735,-0.82128
0.0029255,0.0064217,-0.86389
0.0033232,0.010131,-0.90467
0.0036731,0.014604,-0.94382
0.0039718,0.019838,-0.98113
0.0042162,0.025838,-1.0169
-0.0039708,0.013895,-0.80918
-0.0085613,0.0073165,-0.65185
-0.0098192,0.0056924,-0.52832
-0.012058,0.0029009,-0.42866
-0.017634,-0.0044251,-0.34667
-0.026445,-0.016192,-0.27773
-0.038438,-0.032394,-0.21914
-0.05361,-0.053093,-0.16876
-0.072003,-0.078406,-0.12562
-0.093683,-0.10848,-0.088989
-0.09641,-0.12766,-0.094499
-0.10359,-0.14509,-0.098622
-0.11408,-0.16186,-0.10156
-0.12232,-0.18218,-0.10332
-0.12775,-0.20671,-0.10399
-0.13044,-0.23563,-0.10358
-0.13043,-0.26913,-0.10212
-0.12775,-0.30734,-0.099658
-0.12243,-0.35042,-0.096255
-0.11445,-0.39846,-0.091991
-0.11082,-0.3437,-0.086347
-0.10744,-0.29428,-0.083126
-0.10389,-0.24999,-0.081646
-0.09978,-0.21066,-0.08148
-0.094759,-0.17614,-0.082367
-0.088488,-0.14632,-0.084125
-0.080651,-0.12109,-0.08663
-0.070954,-0.10035,-0.089786
-0.060142,-0.083299,-0.093508
-0.053401,-0.065966,-0.097722
-0.048651,-0.06515,-0.099862
-0.045476,-0.063507,-0.10148
-0.043384,-0.061331,-0.10265
-0.040231,-0.060097,-0.10345
-0.035729,-0.059963,-0.1039
-0.029859,-0.0609,-0.10407
-0.022597,-0.062886,-0.10397
-0.013922,-0.065905,-0.10362
-0.0038133,-0.069948,-0.10305
0.0077493,-0.075013,-0.10226
0.0053857,-0.076105,-0.10368
0.0030197,-0.07722,-0.10491
0.00065217,-0.078355,-0.10594
-0.0017159,-0.079509,-0.10679
-0.0040839,-0.080681,-0.10747
-0.0064505,-0.081869,-0.10801
-0.008815,-0.083073,-0.1084
-0.011176,-0.08429,-0.10866
-0.013534,-0.08552,-0.1088
-0.015886,-0.086763,-0.10882
-0.0083564,-0.085859,-0.12817
-0.00056631,-0.085278,-0.14892
0.0074904,-0.08502,-0.17105
0.015818,-0.085083,-0.19452
0.02442,-0.085471,-0.21927
0.033297,-0.086188,-0.24532
0.042449,-0.08724,-0.27257
0.051878,-0.088633,-0.30105
0.061579,-0.090375,-0.33066
0.071553,-0.092474,-0.36145
0.078638,-0.09178,-0.27794
0.085692,-0.091585,-0.21161
0.092715,-0.091858,-0.15844
0.09971,-0.092573,-0.11576
0.10667,-0.093708,-0.081677
0.11361,-0.095243,-0.05479
0.1205,-0.09716,-0.034105
0.12736,-0.099445,-0.018832
0.13417,-0.10208,-0.0083988
0.14093,-0.10507,-0.0023301
0.13917,-0.10983,-0.0013819
0.13606,-0.11646,-0.00077407
0.13163,-0.12497,-0.00053371
0.12587,-0.13538,-0.00057242
0.11877,-0.1477,-0.00033455
0.11033,-0.16194,0.00027179
0.10054,-0.17812,0.001255
0.089396,-0.19625,0.0026236
0.076893,-0.21634,0.0043802
0.063023,-0.2384,0.0065279
0.069283,-0.21563,0.0098885
0.074555,-0.19453,0.013665
0.078878,-0.17502,0.01781
0.08229,-0.15707,0.022286
0.084827,-0.14062,0.027051
0.086521,-0.12563,0.032074
0.087403,-0.11206,0.037322
0.087502,-0.099864,0.042769
0.086843,-0.08902,0.04839
0.085452,-0.079491,0.054168
0.10152,-0.097382,0.051974
0.11926,-0.11738,0.0498
0.13874,-0.13953,0.047683
0.16003,-0.16386,0.045656
0.18321,-0.19038,0.043739
0.20834,-0.21914,0.041942
0.23547,-0.25016,0.040265
0.26467,-0.28345,0.038701
0.29597,-0.31905,0.037238
0.32942,-0.35696,0.035855
0.34363,-0.35187,0.082937
0.35733,-0.34772,0.14149
0.37054,-0.34448,0.20882
0.38326,-0.34217,0.28318
0.39549,-0.34078,0.36338
0.40722,-0.34032,0.44866
0.41845,-0.34079,0.53833
0.42919,-0.3422,0.63206
0.43943,-0.34454,0.7293
0.44916,-0.34784,0.82989
0.42869,-0.33132,0.73215
0.40925,-0.316,0.65651
0.39074,-0.30169,0.59495
0.37309,-0.28824,0.54317
0.35623,-0.27557,0.49826
0.34012,-0.26359,0.45851
0.32469,-0.25225,0.42272
0.3099,-0.24151,0.39011
0.29572,-0.23134,0.36012
0.2821,-0.22169,0.33234
0.28128,-0.21918,0.28809
0.28027,-0.2167,0.25237
0.27907,-0.21424,0.22302
0.27771,-0.21177,0.19849
0.27618,-0.20931,0.17778
0.27449,-0.20684,0.16005
0.27265,-0.20438,0.14477
0.27066,-0.20191,0.13147
0.26853,-0.19944,0.11986
0.26626,-0.19698,0.10962
0.28348,-0.21236,0.11398
0.30069,-0.22897,0.11678
0.31791,-0.24682,0.1182
0.33511,-0.26591,0.11836
0.35231,-0.28625,0.11744
0.3695,-0.30783,0.11559
0.38669,-0.33066,0.11297
0.40387,-0.35474,0.10969
0.42105,-0.38006,0.10589
0.43824,-0.40663,0.10166
0.44877,-0.38355,0.095636
0.45594,-0.36515,0.090196
0.45997,-0.35111,0.085213
0.46103,-0.34121,0.080564
0.45926,-0.33522,0.076189
0.45606,-0.33122,0.072044
0.45522,-0.32399,0.068183
0.45692,-0.31326,0.064558
0.46111,-0.29914,0.06115
0.46772,-0.28167,0.05792
0.49195,-0.30885,0.03465
0.51766,-0.3362,0.017363
0.54481,-0.36373,0.004469
0.57339,-0.39143,-0.0051379
0.60338,-0.41929,-0.01222
0.63476,-0.44731,-0.017333
0.66753,-0.4755,-0.020877
0.70167,-0.50386,-0.023156
0.73717,-0.53238,-0.025341
0.77399,-0.56105,-0.028526
0.7566,-0.54985,-0.029566
0.73929,-0.53851,-0.03077
0.72071,-0.52892,-0.032097
0.70084,-0.52114,-0.033499
0.67967,-0.5152,-0.03492
0.6572,-0.51113,-0.036323
0.63342,-0.50898,-0.037666
0.60834,-0.50876,-0.038925
0.58195,-0.51052,-0.04007
0.55426,-0.51428,-0.041084
0.5648,-0.51597,-0.048124
0.57523,-0.51778,-0.056172
0.58554,-0.51973,-0.065153
0.59575,-0.52179,-0.075002
0.60584,-0.52398,-0.085641
0.61582,-0.52628,-0.097012
0.6257,-0.5287,-0.10904
0.63547,-0.53124,-0.12169
0.64513,-0.53388,-0.13487
0.6547,-0.53663,-0.14856
0.61113,-0.50389,-0.1799
0.5692,-0.47237,-0.21567
0.52883,-0.44201,-0.25576
0.48994,-0.41277,-0.30014
0.45245,-0.3846,-0.34869
0.41629,-0.35743,-0.40141
0.3814,-0.33124,-0.45816
0.34771,-0.30599,-0.51899
0.31516,-0.28163,-0.5837
0.28371,-0.25813,-0.65241
0.26181,-0.21456,-0.63668
0.23748,-0.17981,-0.61971
0.21082,-0.15339,-0.60169
0.18432,-0.13152,-0.58306
0.16402,-0.10565,-0.56382
0.14994,-0.075435,-0.54421
0.14189,-0.040955,-0.52419
0.13971,-0.0022198,-0.50387
0.14331,0.040799,-0.48321
0.15268,0.088161,-0.46224
0.14466,0.071681,-0.51762
0.13732,0.056044,-0.57465
0.13064,0.041223,-0.63327
0.1246,0.027188,-0.69347
0.11919,0.013918,-0.75511
0.11441,0.0013747,-0.81822
0.11025,-0.010456,-0.88259
0.1067,-0.021591,-0.94831
0.10377,-0.032029,-1.0151
0.10147,-0.041782,-1.0831
0.11815,-0.045042,-0.93021
0.13328,-0.04702,-0.8092
0.14734,-0.048054,-0.71029
0.16065,-0.048357,-0.6277
0.1734,-0.048074,-0.5575
0.18576,-0.047307,-0.49692
0.19782,-0.046128,-0.44414
0.20966,-0.044595,-0.39763
0.22134,-0.042747,-0.35648
0.23289,-0.040621,-0.31973
0.26029,-0.030535,-0.31633
0.28996,-0.018928,-0.31011
0.32187,-0.0057807,-0.30166
0.35602,0.0089246,-0.29136
0.39237,0.025207,-0.27974
0.43091,0.043084,-0.26712
0.47161,0.062573,-0.25395
0.51447,0.083688,-0.24046
0.55947,0.10645,-0.22697
0.60661,0.13086,-0.21363
0.58751,0.084907,-0.21418
0.57069,0.041479,-0.21537
0.55604,0.00042913,-0.21718
0.54344,-0.038376,-0.2195
0.53282,-0.075053,-0.22235
0.52409,-0.10971,-0.22563
0.51718,-0.14243,-0.22935
0.51202,-0.1733,-0.23344
0.50857,-0.20239,-0.23792
0.50677,-0.22976,-0.24273
0.4813,-0.23182,-0.20451
0.45669,-0.23279,-0.17242
0.43302,-0.23275,-0.14509
0.41031,-0.23172,-0.12162
0.38858,-0.22974,-0.10139
0.36786,-0.22684,-0.08393
0.34815,-0.22305,-0.068933
0.32945,-0.21837,-0.056115
0.31177,-0.21283,-0.045293
0.2951,-0.20644,-0.036281
0.29969,-0.21001,-0.025049
0.30394,-0.21341,-0.020226
0.30805,-0.21673,-0.01858
0.31243,-0.22014,-0.011904
0.3171,-0.22363,3.4187e-05
0.32204,-0.22721,0.016998
0.32723,-0.23086,0.038767
0.33267,-0.23458,0.065188
0.33833,-0.23836,0.096086
0.34421,-0.24219,0.13136
0.34272,-0.2438,0.087161
0.34212,-0.24536,0.053507
0.34227,-0.24682,0.028044
0.34307,-0.24815,0.0092347
0.34435,-0.24943,-0.0040194
0.34573,-0.2511,-0.012475
0.34715,-0.25316,-0.016698
0.34857,-0.25559,-0.017423
0.34976,-0.25832,-0.01983
0.35067,-0.26134,-0.025456
0.35147,-0.25995,-0.016441
0.35202,-0.2587,-0.012671
0.35283,-0.2577,8.9286e-05
0.35385,-0.25694,0.021243
0.35501,-0.25641,0.049953
0.35625,-0.25609,0.085623
0.35752,-0.25596,0.12781
0.35895,-0.25581,0.1762
0.36066,-0.25541,0.2305
0.36262,-0.25473,0.29057
0.36915,-0.26046,0.27223
0.37593,-0.26617,0.25439
0.38295,-0.27184,0.23693
0.39023,-0.27749,0.21991
0.39761,-0.2833,0.20327
0.40503,-0.28938,0.18708
0.41248,-0.29571,0.17133
0.41997,-0.30232,0.15605
0.42748,-0.30921,0.14127
0.43501,-0.31638,0.12703
0.408,-0.3009,0.079679
0.38189,-0.28647,0.047767
0.35652,-0.27304,0.026283
0.33181,-0.2606,0.012146
0.30767,-0.2491,0.0033909
0.28408,-0.23854,-0.0013079
0.261,-0.22889,-0.0028582
0.23839,-0.22015,-0.0028446
0.21619,-0.21232,-0.0046435
0.1944,-0.20539,-0.0081975
0.21389,-0.20841,-0.016431
0.23332,-0.21247,-0.027661
0.25268,-0.21758,-0.041776
0.27199,-0.22372,-0.058687
0.29126,-0.2309,-0.078278
0.3105,-0.23911,-0.10047
0.3297,-0.24835,-0.12513
0.34888,-0.25861,-0.1522
0.36803,-0.2699,-0.18153
0.38715,-0.28222,-0.21305
0.39233,-0.28664,-0.19313
0.39719,-0.29146,-0.1777
0.40174,-0.29667,-0.16545
0.40602,-0.30224,-0.15554
0.41004,-0.30816,-0.14733
0.4138,-0.31443,-0.14043
0.41733,-0.32104,-0.13449
0.42062,-0.32797,-0.12932
0.42368,-0.33522,-0.12472
0.42652,-0.34277,-0.12059
0.44908,-0.35058,-0.116
0.47153,-0.35937,-0.11211
0.49388,-0.36914,-0.10875
0.51612,-0.37991,-0.10584
0.53825,-0.39167,-0.10327
0.56027,-0.40441,-0.10101
0.58217,-0.41815,-0.099016
0.60396,-0.43288,-0.09728
0.62599,-0.4481,-0.095767
0.64891,-0.4629,-0.09447
0.62596,-0.44648,-0.12025
0.60331,-0.43026,-0.14333
0.58095,-0.41426,-0.16399
0.5589,-0.39847,-0.18261
0.53716,-0.38291,-0.19952
0.51575,-0.36758,-0.21501
0.49467,-0.35248,-0.22927
0.47392,-0.33762,-0.2425
0.45353,-0.323,-0.25479
0.43348,-0.30863,-0.26627
0.44336,-0.31451,-0.22983
0.45359,-0.32004,-0.20301
0.46416,-0.32525,-0.18283
0.47506,-0.33013,-0.16742
0.48627,-0.33471,-0.15548
0.49779,-0.33899,-0.14614
0.5096,-0.34298,-0.1388
0.52171,-0.34669,-0.133
0.53409,-0.35012,-0.12845
0.54674,-0.35327,-0.12492
0.48638,-0.31472,-0.075719
0.43125,-0.27936,-0.04263
0.38092,-0.24694,-0.021366
0.33501,-0.21726,-0.009208
0.29317,-0.19012,-0.0043275
0.25514,-0.16538,-0.0023808
0.22069,-0.14297,0.0042581
0.18959,-0.12273,0.015222
0.16161,-0.10454,0.029919
0.13653,-0.088266,0.047896
0.13411,-0.088432,0.046971
0.13179,-0.088441,0.046533
0.12959,-0.088297,0.046476
0.1275,-0.088,0.046742
0.12552,-0.087555,0.047263
0.12364,-0.086964,0.048008
0.12187,-0.086229,0.048927
0.12021,-0.085352,0.050005
0.11864,-0.084335,0.051202
0.11707,-0.083328,0.052511
0.13301,-0.095737,0.06507
0.14955,-0.10973,0.078789
0.16669,-0.12533,0.093597
0.18444,-0.14256,0.10945
0.20278,-0.16144,0.12629
0.22171,-0.18199,0.14408
0.24123,-0.20423,0.16275
0.26134,-0.22816,0.18228
0.28203,-0.2538,0.2026
0.3033,-0.28115,0.22371
0.32613,-0.28446,0.20923
0.3487,-0.289,0.19873
0.37102,-0.29474,0.19113
0.39312,-0.30168,0.18575
0.41499,-0.30983,0.18204
0.43665,-0.31917,0.17964
0.45811,-0.32971,0.17825
0.47939,-0.34145,0.17768
0.50048,-0.35438,0.17777
0.52141,-0.3685,0.17838
0.54051,-0.38138,0.14998
0.5601,-0.39462,0.12615
0.58013,-0.40822,0.10582
0.60057,-0.42215,0.08821
0.62143,-0.43641,0.072787
0.64268,-0.45097,0.059139
0.66431,-0.46584,0.046979
0.68632,-0.48101,0.036069
0.7087,-0.49648,0.026248
0.73145,-0.51224,0.017361
0.68701,-0.48134,0.037771
0.64425,-0.45155,0.052183
0.60315,-0.42285,0.061311
0.56368,-0.39525,0.066156
0.52581,-0.36874,0.067673
0.48952,-0.34332,0.066638
0.45479,-0.31898,0.063681
0.42158,-0.2957,0.059296
0.38986,-0.27347,0.053888
0.35961,-0.25228,0.047784
0.38433,-0.2707,0.056194
0.40957,-0.28988,0.066331
0.43533,-0.30982,0.078218
0.4616,-0.33051,0.091851
0.48839,-0.35194,0.10721
0.51569,-0.37413,0.12425
0.54351,-0.39705,0.14292
0.57185,-0.42072,0.16316
0.60073,-0.44512,0.18489
0.63014,-0.47025,0.20806
0.62717,-0.45859,0.19098
0.62309,-0.44775,0.17567
0.61794,-0.43775,0.16118
0.61172,-0.4286,0.14775
0.60446,-0.4203,0.13485
0.59617,-0.41287,0.1227
0.5872,-0.40586,0.11099
0.57861,-0.39778,0.099906
0.57051,-0.3885,0.089283
0.56292,-0.37803,0.079238
0.57026,-0.38745,0.030125
0.57918,-0.39635,-0.0021995
0.58949,-0.40463,-0.022232
0.60086,-0.41251,-0.032806
0.61209,-0.42153,-0.036055
0.62267,-0.43163,-0.041169
0.63251,-0.44263,-0.051652
0.64163,-0.45454,-0.066825
0.65006,-0.46735,-0.086131
0.65782,-0.48105,-0.10917
0.5824,-0.44151,-0.073204
0.51091,-0.40679,-0.050665
0.44309,-0.37685,-0.036433
0.37866,-0.35157,-0.027869
0.31733,-0.33086,-0.02346
0.25896,-0.31468,-0.019143
0.20337,-0.30297,-0.012523
0.15033,-0.2956,-0.0039464
0.09962,-0.29242,0.0063733
0.051068,-0.29332,0.018256
0.07246,-0.27101,0.0052958
0.092471,-0.251,-0.0032979
0.11113,-0.23315,-0.0086871
0.12847,-0.21737,-0.011639
0.14454,-0.20356,-0.012658
0.1593,-0.19161,-0.013532
0.17276,-0.18143,-0.015742
0.18495,-0.17298,-0.01911
0.19592,-0.16622,-0.023497
0.20571,-0.16115,-0.028815
0.21514,-0.15873,-0.024454
0.22358,-0.15787,-0.02118
0.23109,-0.1585,-0.018762
0.23767,-0.16061,-0.01705
0.24352,-0.16393,-0.01592
0.25003,-0.16636,-0.015272
0.25752,-0.16743,-0.015034
0.266,-0.16713,-0.015114
0.27547,-0.16547,-0.014991
0.28594,-0.16246,-0.014547
0.29914,-0.17244,-0.01915
0.31242,-0.18235,-0.034581
0.32587,-0.19227,-0.059737
0.33963,-0.20228,-0.092518
0.35376,-0.21246,-0.13131
0.36835,-0.22284,-0.17493
0.38344,-0.23349,-0.22239
0.39906,-0.24441,-0.27301
0.41523,-0.25565,-0.32613
0.43198,-0.2672,-0.38138
0.40262,-0.25091,-0.40208
0.37422,-0.23465,-0.42987
0.3468,-0.21852,-0.46309
0.32037,-0.2026,-0.50095
0.29492,-0.18696,-0.54257
0.27044,-0.17165,-0.58763
0.24693,-0.15672,-0.63555
0.22439,-0.14221,-0.68624
0.20281,-0.12815,-0.73921
0.18219,-0.11456,-0.79454
0.17349,-0.1088,-0.72705
0.16493,-0.10306,-0.67009
0.15658,-0.097393,-0.62067
0.14847,-0.091847,-0.57719
0.14061,-0.086444,-0.53832
0.13301,-0.081205,-0.50319
0.12568,-0.076136,-0.47117
0.11861,-0.071248,-0.44171
0.11181,-0.066542,-0.41452
0.10526,-0.062021,-0.38923
0.097122,-0.058803,-0.3781
0.089693,-0.055416,-0.36975
0.082929,-0.051861,-0.36372
0.076798,-0.048144,-0.35954
0.071046,-0.04461,-0.35639
0.065374,-0.041657,-0.35456
0.059772,-0.039269,-0.35344
0.054224,-0.037419,-0.3533
0.048721,-0.036092,-0.3538
0.043255,-0.035269,-0.35506
0.040744,-0.034681,-0.33044
0.038256,-0.034157,-0.30644
0.035787,-0.033695,-0.28314
0.033335,-0.033296,-0.26065
0.030896,-0.032959,-0.23906
0.028472,-0.032685,-0.2184
0.02606,-0.032475,-0.19872
0.023661,-0.032329,-0.18
0.021275,-0.032247,-0.16229
0.018902,-0.032231,-0.14555
0.0237,-0.031276,-0.13299
0.028449,-0.030731,-0.12083
0.033149,-0.030597,-0.10916
0.037799,-0.030879,-0.097971
0.042397,-0.031577,-0.087315
0.046937,-0.03269,-0.077182
0.051416,-0.034219,-0.067616
0.055827,-0.036159,-0.058603
0.060165,-0.038509,-0.050177
0.064478,-0.041176,-0.042326
0.056732,-0.036147,-0.050069
0.049628,-0.031531,-0.058913
0.043138,-0.027311,-0.068908
0.037235,-0.023469,-0.080066
0.031895,-0.01999,-0.092416
0.027097,-0.016861,-0.10596
0.022823,-0.014069,-0.12072
0.019057,-0.011605,-0.13667
0.015786,-0.0094643,-0.15382
0.013004,-0.0076414,-0.17217
0.015556,-0.0092995,-0.17658
0.01837,-0.011151,-0.18035
0.021454,-0.013199,-0.18341
0.024815,-0.015446,-0.18577
0.02846,-0.017897,-0.18741
0.032398,-0.020554,-0.18833
0.036634,-0.023421,-0.18852
0.041178,-0.026501,-0.18802
0.046037,-0.029797,-0.18683
0.051219,-0.033313,-0.18498
0.047526,-0.031097,-0.23298
0.044234,-0.029162,-0.28558
0.041338,-0.027505,-0.34259
0.038806,-0.026122,-0.4038
0.036622,-0.025005,-0.46894
0.034764,-0.024147,-0.53787
0.03322,-0.023538,-0.61022
0.031985,-0.023168,-0.68598
0.03105,-0.023025,-0.7647
0.030399,-0.023093,-0.84647
0.03305,-0.02232,-0.73199
0.036202,-0.023572,-0.63584
0.041483,-0.024032,-0.55302
0.048974,-0.023428,-0.48062
0.058596,-0.021794,-0.41658
0.070285,-0.019122,-0.35929
0.084008,-0.015389,-0.30786
0.099737,-0.010545,-0.26138
0.11746,-0.0045374,-0.21946
0.13718,0.0027056,-0.18159
0.12994,-0.0077153,-0.15266
0.12337,-0.017154,-0.12872
0.11745,-0.025597,-0.10878
0.11217,-0.033035,-0.091957
0.10752,-0.039462,-0.077732
0.10348,-0.044872,-0.065581
0.10006,-0.049264,-0.055195
0.097247,-0.052635,-0.046249
0.095044,-0.054985,-0.03855
0.09345,-0.056314,-0.031887
0.090226,-0.051849,-0.027018
0.087721,-0.046441,-0.022566
0.085925,-0.040101,-0.018542
0.084831,-0.032836,-0.014927
0.084435,-0.024648,-0.011724
0.084736,-0.015532,-0.0089176
0.085737,-0.00548,-0.0065085
0.087441,0.0055208,-0.0044859
0.089856,0.017486,-0.0028503
0.092989,0.030433,-0.0015958
0.11094,0.03497,-0.001857
0.13076,0.039806,-0.0021434
0.15249,0.044936,-0.0024619
0.17619,0.050355,-0.0028162
0.20189,0.056057,-0.003213
0.22965,0.062037,-0.0036566
0.25948,0.068289,-0.0041543
0.29144,0.07481,-0.004712
0.32555,0.081593,-0.0053381
0.36183,0.088636,-0.0060411
0.30377,0.085527,-0.0014405
0.25208,0.081826,-0.00052146
0.20638,0.077595,0.0030062
0.16633,0.072864,0.0096699
0.13159,0.067663,0.01898
0.10188,0.062024,0.03056
0.076885,0.055985,0.044106
0.056339,0.049583,0.059376
0.039981,0.042855,0.076163
0.027573,0.035831,0.094325
0.029937,0.032196,0.089965
0.033278,0.028038,0.086229
0.037603,0.023361,0.082956
0.042927,0.018164,0.080061
0.049265,0.012444,0.077453
0.056636,0.0061964,0.075084
0.065058,-0.00058627,0.072901
0.074553,-0.0079132,0.070883
0.085143,-0.015795,0.068998
0.096849,-0.024242,0.067236
0.10704,-0.014955,0.070223
0.11868,-0.0035833,0.073127
0.13176,0.0098598,0.07593
0.14629,0.025365,0.078624
0.16227,0.042925,0.081192
0.17971,0.062534,0.083633
0.19858,0.084189,0.085936
0.21891,0.10789,0.088107
0.24069,0.13364,0.090137
0.26391,0.16144,0.092045
0.24698,0.13023,0.068816
0.23148,0.10133,0.050938
0.21735,0.0747,0.037
0.20456,0.050293,0.026066
0.19305,0.028068,0.017492
0.18281,0.0079887,0.010818
0.17379,-0.0099795,0.0057104
0.16598,-0.025867,0.001917
0.15935,-0.039703,-0.00075262
0.15389,-0.051512,-0.0024481
0.14522,-0.041351,-0.0027913
0.13713,-0.031215,-0.0028842
0.12962,-0.021103,-0.0027349
0.12269,-0.011012,-0.002705
0.11632,-0.00094033,-0.0029576
0.11052,0.0091132,-0.0034907
0.10529,0.01915,-0.0043018
0.10062,0.029173,-0.005387
0.096511,0.039183,-0.0067427
0.09297,0.049183,-0.0083648
0.094433,0.043596,-0.0062785
0.09606,0.03799,-0.0045475
0.097853,0.032371,-0.0032004
0.099816,0.026746,-0.0022618
0.10195,0.02112,-0.0017551
0.10426,0.015498,-0.0016643
0.10676,0.0098817,-0.0013438
0.10945,0.0042748,-0.00053495
0.11234,-0.0013185,0.0007784
0.11543,-0.0068933,0.0026129
0.11021,0.0020116,0.0035476
0.10547,0.010971,0.0042577
0.10121,0.019989,0.0047426
0.097421,0.029068,0.0050172
0.094104,0.03821,0.0051017
0.091258,0.047418,0.0050222
0.088881,0.056693,0.0048041
0.086974,0.066037,0.0044751
0.085534,0.075451,0.00406
0.08456,0.084935,0.0035842
0.08359,0.083317,-0.00010658
0.082672,0.081749,-0.00091072
0.081747,0.080243,-0.003839
0.080811,0.078792,-0.0094151
0.079871,0.077387,-0.017314
0.07893,0.076021,-0.027278
0.077994,0.074685,-0.039097
0.077066,0.073374,-0.052603
0.076149,0.072085,-0.067651
0.075245,0.070812,-0.084127
0.071367,0.068227,-0.092584
0.067605,0.065684,-0.10123
0.063959,0.063183,-0.11003
0.060428,0.060723,-0.11898
0.057012,0.058303,-0.12807
0.053709,0.055926,-0.1373
0.050519,0.053589,-0.14663
0.04744,0.051295,-0.15608
0.044473,0.049041,-0.16562
0.041615,0.04683,-0.17526
0.047609,0.044705,-0.14337
0.054475,0.042157,-0.11614
0.062216,0.03918,-0.092818
0.070829,0.035772,-0.072868
0.080307,0.031935,-0.055888
0.09064,0.027672,-0.041566
0.10182,0.022987,-0.029669
0.11383,0.017887,-0.019997
0.12666,0.012378,-0.012398
0.14031,0.0064671,-0.0067296
0.12858,0.025727,-0.0042998
0.11867,0.04492,-0.0023992
0.11056,0.064057,-0.0010444
0.10426,0.083153,-0.00024106
0.099765,0.10223,1.1032e-05
0.097079,0.1213,0.00036422
0.09621,0.1404,0.0012676
0.097171,0.15955,0.0027268
0.099973,0.17878,0.004745
0.10463,0.19812,0.0073289
0.086419,0.15773,0.0068631
0.071089,0.12204,0.0062262
0.05849,0.090834,0.00547
0.048475,0.063923,0.0046446
0.040907,0.041109,0.0037926
0.035656,0.022205,0.0029564
0.032604,0.0070342,0.0021737
0.031654,-0.0045699,0.0014815
0.032734,-0.012749,0.00091108
0.035813,-0.017601,0.00048856
0.032821,-0.015106,0.0051691
0.030307,-0.01199,0.014837
0.028293,-0.0082611,0.029311
0.02679,-0.0039314,0.048586
0.025802,0.00099019,0.072735
0.025326,0.0064964,0.10186
0.025352,0.012582,0.13602
0.025869,0.019245,0.17523
0.026861,0.026483,0.21938
0.028315,0.034296,0.26839
0.023288,0.023498,0.26954
0.019177,0.014403,0.27126
0.015971,0.0070096,0.27333
0.013657,0.0013193,0.27568
0.012222,-0.0026659,0.27816
0.011654,-0.0049428,0.28076
0.01187,-0.0056502,0.28336
0.011691,-0.0072143,0.28598
0.010694,-0.010505,0.28853
0.0088736,-0.015521,0.29102
0.0035466,-0.0064903,0.29548
0.0002134,-0.0011058,0.29986
-0.0010968,0.00069914,0.30407
-0.0018857,0.0024928,0.3081
-0.0047038,0.0078228,0.31186
-0.0095699,0.01672,0.31534
-0.016481,0.02923,0.31844
-0.025433,0.045408,0.3211
-0.036418,0.06532,0.32321
-0.049431,0.089029,0.32472
-0.025439,0.09961,0.2765
-0.0022373,0.11355,0.23632
0.0202,0.13085,0.20213
0.041898,0.15154,0.17256
0.06288,0.17565,0.14668
0.083165,0.20325,0.12383
0.10277,0.23441,0.10358
0.12171,0.26918,0.085601
0.14001,0.30764,0.069682
0.15984,0.34885,0.055645
0.14798,0.32377,0.075332
0.13671,0.29989,0.095806
0.12601,0.27716,0.11692
0.11585,0.25556,0.13859
0.10621,0.23503,0.16081
0.097067,0.21553,0.18357
0.088415,0.19705,0.20691
0.080233,0.17954,0.23084
0.072505,0.16298,0.25538
0.065218,0.14734,0.28054
0.061507,0.1384,0.23318
0.057909,0.12973,0.19424
0.054432,0.12132,0.16181
0.051081,0.11318,0.13455
0.047862,0.1053,0.1115
0.044779,0.097684,0.091891
0.041833,0.090326,0.07519
0.039029,0.08323,0.060943
0.036369,0.076395,0.048818
0.033853,0.069822,0.038519
0.033397,0.060924,0.033673
0.03408,0.052198,0.029107
0.035864,0.043613,0.024853
0.038722,0.03514,0.020913
0.042639,0.02675,0.017306
0.047612,0.018416,0.014029
0.053649,0.010115,0.011094
0.060768,0.001824,0.0084991
0.068998,-0.0064736,0.0062542
0.078374,-0.014792,0.004361
0.075737,-0.01291,0.0062613
0.073187,-0.011031,0.0083809
0.07072,-0.0091528,0.010682
0.068336,-0.0072748,0.01313
0.066032,-0.0053961,0.015701
0.063807,-0.0035159,0.018373
0.06166,-0.0016334,0.021134
0.059588,0.00025237,0.023967
0.057591,0.0021419,0.026866
0.055668,0.0040361,0.02982
0.068695,0.00019658,0.026973
0.083198,-0.0042011,0.024256
0.09917,-0.0091491,0.021704
0.11661,-0.014639,0.019345
0.1355,-0.020664,0.017195
0.15585,-0.027216,0.015261
0.17766,-0.034288,0.013541
0.20092,-0.041873,0.012027
0.22563,-0.049965,0.010708
0.2518,-0.058557,0.0095655
0.22315,-0.047724,0.0099535
0.19613,-0.037805,0.010119
0.17077,-0.028793,0.010122
0.14709,-0.020679,0.01001
0.12512,-0.013455,0.0098192
0.10489,-0.00711,0.0095772
0.086426,-0.0016334,0.0093054
0.069753,0.0029863,0.009018
0.054899,0.0067613,0.0087269
0.041891,0.0097049,0.0084392
0.047663,0.015182,0.0041721
0.053966,0.021476,0.0013517
0.060811,0.028588,-1.828e-05
0.068205,0.036518,-0.00043129
0.076157,0.045259,-0.002034
0.084671,0.054813,-0.0050574
0.093755,0.065185,-0.009471
0.10341,0.076378,-0.015238
0.11365,0.088396,-0.022317
0.12447,0.10125,-0.030664
0.10418,0.082307,-0.011347
0.085867,0.06528,-0.0021523
0.069476,0.050176,-8.0762e-05
0.054972,0.037031,0.0041463
0.042314,0.025852,0.01291
0.031456,0.01663,0.025341
0.022354,0.0093601,0.040859
0.014963,0.0040341,0.059028
0.0092434,0.00064936,0.080007
0.0051597,-0.00079547,0.10354
0.0073932,-0.0022293,0.094553
0.010242,-0.0035038,0.086085
0.013373,-0.0055516,0.078395
0.016773,-0.0084336,0.071095
0.020447,-0.012156,0.064304
0.024402,-0.016728,0.057845
0.028646,-0.022159,0.051691
0.033184,-0.028461,0.045864
0.038024,-0.035643,0.040289
0.043171,-0.043717,0.035061
0.037645,-0.034342,0.044736
0.03249,-0.026261,0.055103
0.027689,-0.019423,0.066009
0.023226,-0.013782,0.077473
0.019083,-0.0093001,0.089377
0.015247,-0.0059415,0.10179
0.011701,-0.0036806,0.11462
0.008509,-0.0022908,0.12797
0.0061041,-0.00045834,0.14177
0.0045587,0.0020521,0.15612
0.0072101,0.0017404,0.18005
0.010567,0.001225,0.20563
0.014634,0.00050468,0.23271
0.019415,-0.00042143,0.26133
0.024913,-0.0015541,0.29133
0.031133,-0.0028932,0.32275
0.038078,-0.0044388,0.35543
0.045754,-0.0061902,0.38946
0.054162,-0.0081471,0.42463
0.063309,-0.010309,0.46108
0.073618,-0.013571,0.34498
0.084689,-0.016994,0.25303
0.096521,-0.020588,0.17981
0.10913,-0.02436,0.12185
0.12255,-0.02832,0.076857
0.13682,-0.032477,0.043093
0.15198,-0.036841,0.019469
0.16808,-0.041422,0.0051007
0.18517,-0.046231,-0.00060659
0.20327,-0.051282,-0.0035026
0.20384,-0.052239,-0.0044163
0.20439,-0.053145,-0.0057082
0.20494,-0.054002,-0.0074369
0.20546,-0.054807,-0.0096614
0.20598,-0.055563,-0.012437
0.20648,-0.056267,-0.015808
0.20698,-0.05692,-0.019817
0.20746,-0.057522,-0.024495
0.20793,-0.058072,-0.029871
0.2084,-0.05857,-0.035964
0.1967,-0.051834,-0.034347
0.18561,-0.044414,-0.032719
0.17514,-0.036289,-0.031085
0.1653,-0.027442,-0.029449
0.15607,-0.017857,-0.027822
0.14748,-0.0075198,-0.026201
0.13951,0.0035817,-0.024599
0.13216,0.015457,-0.023014
0.12544,0.028112,-0.021457
0.11934,0.041554,-0.019924
0.12036,0.026012,-0.0066528
0.12162,0.012024,-0.0010544
0.12319,-0.0003494,0.00056484
0.12519,-0.011077,0.0071271
0.1277,-0.020128,0.01881
0.13076,-0.027488,0.035202
0.13446,-0.033156,0.055987
0.13885,-0.037143,0.080949
0.14399,-0.039473,0.10987
0.14952,-0.04162,0.14262
0.17908,-0.048732,0.12234
0.2111,-0.056937,0.10428
0.24578,-0.065288,0.0882
0.28314,-0.073585,0.073955
0.32317,-0.081803,0.061383
0.36583,-0.089917,0.050318
0.4111,-0.097907,0.040615
0.45897,-0.10575,0.032119
0.50942,-0.11343,0.024701
0.56244,-0.12092,0.018235
0.55712,-0.12268,0.020397
0.55212,-0.12418,0.023593
0.54744,-0.12541,0.027572
0.54305,-0.12639,0.032499
0.53895,-0.12712,0.038295
0.53511,-0.1276,0.045055
0.53153,-0.12784,0.052761
0.52819,-0.12784,0.061485
0.52508,-0.12761,0.071237
0.52219,-0.12715,0.082079
0.48822,-0.11832,0.076532
0.45531,-0.10979,0.067771
0.42347,-0.10157,0.057181
0.39272,-0.093672,0.04586
0.36307,-0.086098,0.03465
0.33452,-0.078852,0.024192
0.3071,-0.07194,0.014995
0.28081,-0.065365,0.0074449
0.25566,-0.059128,0.0018637
0.23167,-0.053231,-0.0014978
0.21245,-0.048557,0.0012012
0.19421,-0.044165,0.0052442
0.17691,-0.040046,0.01057
0.16055,-0.036189,0.017116
0.1451,-0.032587,0.024837
0.13054,-0.02923,0.033683
0.11686,-0.02611,0.043617
0.10404,-0.02322,0.054603
0.092063,-0.020552,0.066608
0.08091,-0.018104,0.079606
0.096493,-0.020769,0.071321
0.11367,-0.022501,0.06359
0.13242,-0.023248,0.056379
0.15274,-0.022957,0.049683
0.17463,-0.021578,0.043492
0.19806,-0.019061,0.03779
0.22304,-0.015358,0.032563
0.24956,-0.010421,0.027782
0.27761,-0.0042099,0.023425
0.30719,0.0033171,0.019451
0.28679,-0.015994,0.028001
0.26767,-0.029944,0.035859
0.24978,-0.038881,0.042924
0.23311,-0.043107,0.049198
0.21761,-0.04288,0.054736
0.20274,-0.041276,0.059584
0.18747,-0.043823,0.063774
0.17186,-0.050555,0.067376
0.15597,-0.061417,0.070448
0.13987,-0.076394,0.073043
0.12796,-0.072167,0.10451
0.11688,-0.068222,0.14073
0.10656,-0.064539,0.18154
0.096964,-0.0611,0.22681
0.088056,-0.057888,0.2764
0.07981,-0.05489,0.33023
0.072204,-0.052095,0.38811
0.065227,-0.049494,0.45004
0.058871,-0.047079,0.51579
0.053136,-0.044844,0.58538
0.065115,-0.045271,0.50793
0.078837,-0.046013,0.44226
0.094259,-0.047051,0.38551
0.11136,-0.048374,0.33591
0.13015,-0.049974,0.29211
0.15062,-0.051847,0.25313
0.17279,-0.053991,0.21829
0.19669,-0.0564,0.18698
0.22234,-0.059072,0.15883
0.24978,-0.062003,0.13345
0.19216,-0.046254,0.13959
0.14363,-0.033364,0.1453
0.10348,-0.023063,0.15087
0.071042,-0.015101,0.15639
0.045687,-0.0092512,0.16198
0.026816,-0.0053083,0.16766
0.013899,-0.0030813,0.17345
0.0066275,-0.0015432,0.17933
0.0047457,-0.00010475,0.18524
0.0021367,0.0021432,0.19125
0.00056305,-0.0010075,0.20501
-0.00099349,-0.0019368,0.21849
-0.0033337,-0.0062519,0.23192
-0.0065235,-0.014431,0.24542
-0.01056,-0.026512,0.25902
-0.015451,-0.042539,0.27266
-0.0212,-0.062552,0.28616
-0.02781,-0.086589,0.29937
-0.035283,-0.11469,0.31208
-0.043619,-0.14687,0.32414
-0.024315,-0.11983,0.31919
-0.010783,-0.094977,0.30994
-0.002706,-0.072465,0.29737
0.00071776,-0.052521,0.28231
0.0060766,-0.036075,0.26529
0.015194,-0.023431,0.24688
0.027985,-0.014643,0.22764
0.044454,-0.0097532,0.20803
0.064712,-0.0087844,0.18845
0.089096,-0.010488,0.16909
0.088845,-0.011036,0.18594
0.088613,-0.011725,0.20464
0.088262,-0.013798,0.22514
0.087794,-0.017241,0.24737
0.087215,-0.022039,0.27129
0.086529,-0.028169,0.29687
0.085743,-0.035611,0.32405
0.084861,-0.044339,0.35284
0.083889,-0.05433,0.38318
0.082833,-0.065561,0.41507
0.077839,-0.0542,0.44457
0.073019,-0.044084,0.47502
0.068365,-0.035193,0.50631
0.063868,-0.027512,0.53848
0.05952,-0.021026,0.57139
0.055317,-0.015724,0.60508
0.051252,-0.011596,0.63939
0.047322,-0.0086346,0.67438
0.043524,-0.0068338,0.70987
0.03986,-0.0061429,0.74593
0.044661,-0.006422,0.75013
0.049852,-0.0067063,0.75267
0.055438,-0.006995,0.75356
0.061425,-0.0072878,0.75309
0.067816,-0.0075838,0.7513
0.074616,-0.007882,0.7484
0.081829,-0.0081815,0.74442
0.089458,-0.008481,0.73952
0.097507,-0.0087795,0.73373
0.10598,-0.0090753,0.72717
0.11231,-0.0093243,0.66355
0.11905,-0.0095268,0.61102
0.12616,-0.009677,0.56686
0.13362,-0.0098653,0.52913
0.14141,-0.010149,0.49652
0.14951,-0.010519,0.46794
0.15792,-0.010968,0.44272
0.16663,-0.011489,0.42018
0.17564,-0.012078,0.39998
0.18495,-0.012729,0.38165
0.18465,-0.014456,0.34128
0.18437,-0.017012,0.30476
0.18411,-0.020407,0.27166
0.18385,-0.02465,0.24151
0.1836,-0.029749,0.21404
0.18337,-0.035707,0.18892
0.18315,-0.04253,0.16601
0.18294,-0.05022,0.14503
0.18275,-0.058779,0.12592
0.18258,-0.068208,0.10848
0.16798,-0.054922,0.092365
0.15388,-0.043446,0.07811
0.14028,-0.033637,0.065585
0.12721,-0.025363,0.054585
0.11468,-0.018503,0.044994
0.10272,-0.012944,0.036645
0.091337,-0.0085815,0.029442
0.080555,-0.0053183,0.023252
0.070387,-0.0030637,0.017995
0.060847,-0.0017329,0.013566
0.071703,-0.0020863,0.012411
0.083506,-0.0024913,0.011301
0.096268,-0.0029465,0.01026
0.11,-0.0034493,0.0092908
0.12471,-0.0039976,0.0084118
0.14041,-0.0045884,0.0076258
0.1571,-0.0052188,0.0069449
0.17481,-0.0058853,0.00637
0.19353,-0.0065844,0.005909
0.21327,-0.0073119,0.0055618
0.21736,-0.0073485,0.0064489
0.2215,-0.0073837,0.007325
0.22569,-0.0074179,0.0081803
0.22993,-0.0074507,0.0090048
0.23421,-0.0074824,0.0097984
0.23854,-0.0075128,0.010558
0.24291,-0.0075422,0.011287
0.24732,-0.0075702,0.011985
0.25177,-0.0075973,0.012657
0.25626,-0.0076231,0.013303
0.2511,-0.0077939,0.011594
0.24595,-0.0079539,0.010189
0.24083,-0.0081018,0.0090269
0.23573,-0.0082353,0.0080543
0.23066,-0.0083536,0.0072403
0.22561,-0.0084549,0.0065521
0.22058,-0.0085386,0.005968
0.21559,-0.0086034,0.0054669
0.21062,-0.0086491,0.0050352
0.20568,-0.0086745,0.0046592
0.22969,-0.0043445,0.0024906
0.25577,-0.0004382,-0.0070574
0.28414,0.0030308,-0.025537
0.31499,0.0060501,-0.052353
0.3485,0.0086004,-0.086959
0.38482,0.01066,-0.12886
0.42408,0.012392,-0.17759
0.46638,0.014858,-0.23276
0.5118,0.018278,-0.29394
0.56044,0.022708,-0.36083
0.60511,0.024412,-0.31866
0.65173,0.026416,-0.28524
0.70026,0.028736,-0.25804
0.75067,0.031387,-0.23541
0.80293,0.034382,-0.21612
0.85704,0.037731,-0.19935
0.91298,0.041443,-0.18444
0.97075,0.045529,-0.17101
1.0303,0.049982,-0.15872
1.0918,0.054644,-0.14738
1.0942,0.056719,-0.08738
1.0966,0.058676,-0.047929
1.0988,0.060551,-0.02218
1.1009,0.062367,-0.006194
1.1029,0.064136,0.0024381
1.1046,0.065867,0.0052775
1.1062,0.067577,0.0057001
1.1075,0.069305,0.0096576
1.1086,0.071047,0.016858
1.1095,0.072803,0.026807
1.0737,0.073035,0.059433
1.0396,0.072778,0.10256
1.0068,0.073025,0.15457
0.97544,0.074066,0.21436
0.94526,0.075926,0.28107
0.91624,0.078635,0.35406
0.8883,0.082214,0.43268
0.86138,0.08669,0.5165
0.83543,0.092081,0.60492
0.81041,0.098412,0.69766
0.78952,0.082658,0.61885
0.76877,0.072637,0.56457
0.74808,0.068146,0.52494
0.7277,0.065395,0.49484
0.70816,0.057564,0.47102
0.68949,0.044569,0.45166
0.67166,0.026463,0.43544
0.65466,0.0033011,0.4216
0.6385,-0.024879,0.40954
0.62319,-0.05804,0.39889
0.59462,-0.054971,0.36989
0.56702,-0.05204,0.34337
0.54035,-0.049244,0.319
0.51458,-0.046572,0.29652
0.48966,-0.044021,0.27574
0.46559,-0.041584,0.25649
0.44233,-0.039255,0.23865
0.41985,-0.037028,0.22207
0.39813,-0.0349,0.20667
0.37716,-0.032865,0.19232
0.40471,-0.042023,0.16751
0.43334,-0.051916,0.14539
0.46304,-0.06254,0.1255
0.4938,-0.073888,0.10744
0.5256,-0.085954,0.090954
0.55845,-0.098729,0.075772
0.59235,-0.11221,0.061746
0.62728,-0.12637,0.048701
0.66326,-0.14122,0.03655
0.70028,-0.15673,0.025175
0.67579,-0.14574,0.0076722
0.65226,-0.13554,-0.0061144
0.62963,-0.12606,-0.016647
0.60787,-0.11724,-0.024306
0.58691,-0.10903,-0.029369
0.56673,-0.10136,-0.03208
0.54729,-0.094201,-0.032638
0.52843,-0.087536,-0.033272
0.51002,-0.081356,-0.035681
0.49202,-0.075622,-0.039743
0.4979,-0.068509,-0.039313
0.5039,-0.061525,-0.039585
0.51003,-0.054661,-0.040312
0.5163,-0.047908,-0.041359
0.52271,-0.04126,-0.042643
0.52927,-0.034711,-0.04412
0.53596,-0.028255,-0.045761
0.5428,-0.021887,-0.047549
0.54979,-0.015603,-0.049472
0.55692,-0.0093973,-0.051524
0.56971,0.012013,-0.052518
0.58277,0.031401,-0.053154
0.59611,0.04883,-0.05359
0.60973,0.064356,-0.053943
0.62363,0.07803,-0.054309
0.63783,0.089898,-0.054725
0.65234,0.1,-0.055259
0.66717,0.10838,-0.055949
0.68234,0.11506,-0.056844
0.69785,0.12008,-0.057976
0.72632,0.12532,-0.060463
0.75553,0.12987,-0.063238
0.78548,0.13374,-0.06615
0.81619,0.13695,-0.069105
0.84766,0.13951,-0.072054
0.87988,0.14142,-0.074962
0.91286,0.1427,-0.077817
0.94659,0.14336,-0.080604
0.98107,0.14341,-0.08332
1.0163,0.14286,-0.085961
0.96431,0.12803,-0.089603
0.91375,0.11289,-0.096566
0.86461,0.097449,-0.10639
0.8169,0.081723,-0.11877
0.77063,0.065718,-0.1335
0.7258,0.04944,-0.15039
0.68241,0.032895,-0.16931
0.64045,0.01609,-0.19015
0.59992,-0.00096801,-0.21278
0.56082,-0.018275,-0.23713
0.54979,0.0089862,-0.24784
0.53954,0.032665,-0.25822
0.53005,0.052872,-0.26825
0.52131,0.069703,-0.27797
0.51331,0.083245,-0.28732
0.50604,0.093573,-0.29635
0.4995,0.10076,-0.305
0.49368,0.10485,-0.31331
0.48859,0.10593,-0.32122
0.4835,0.10735,-0.32875
0.489,0.11121,-0.30525
0.49376,0.11559,-0.28938
0.49795,0.12049,-0.27894
0.50168,0.12591,-0.27248
0.50504,0.13183,-0.26903
0.50808,0.13827,-0.26793
0.51084,0.14519,-0.2687
0.51335,0.1526,-0.27102
0.51564,0.16048,-0.27466
0.5177,0.16881,-0.27944
0.55763,0.19628,-0.24988
0.59836,0.22681,-0.2215
0.63986,0.26043,-0.19476
0.68208,0.29716,-0.17003
0.72501,0.33702,-0.14759
0.76861,0.38001,-0.12764
0.81288,0.42615,-0.11033
0.85779,0.47544,-0.095762
0.90333,0.52787,-0.084003
0.9495,0.58345,-0.075075
0.99641,0.55165,-0.065917
1.0433,0.52415,-0.062332
1.0903,0.50065,-0.062192
1.1376,0.48092,-0.062419
1.1853,0.46472,-0.060998
1.2335,0.45185,-0.058354
1.2822,0.44214,-0.054791
1.3313,0.43541,-0.050537
1.3809,0.43153,-0.045784
1.4309,0.43037,-0.040694
1.2782,0.37487,-0.044649
1.1375,0.32616,-0.043434
1.0079,0.28343,-0.040246
0.88875,0.246,-0.036369
0.77929,0.2133,-0.032345
0.67899,0.18482,-0.02843
0.58733,0.16014,-0.024735
0.50421,0.13745,-0.021316
0.42943,0.11562,-0.01819
0.36247,0.094747,-0.015347
0.33653,0.087291,-0.0091983
0.31178,0.080052,0.00040549
0.28817,0.073028,0.012584
0.26567,0.066217,0.026781
0.24426,0.059624,0.042613
0.22393,0.053249,0.059835
0.20465,0.047096,0.078257
0.18643,0.041169,0.097764
0.16924,0.035472,0.11824
0.15309,0.030008,0.13965
0.16004,0.026554,0.10403
0.16771,0.022319,0.074495
0.17604,0.017296,0.050247
0.18499,0.011481,0.03074
0.1945,0.0048768,0.015527
0.20453,-0.0025114,0.0042665
0.21507,-0.010677,-0.003326
0.22606,-0.019612,-0.0074826
0.23749,-0.029312,-0.0086481
0.24918,-0.039809,-0.011245
0.22018,-0.04431,-0.0074398
0.19336,-0.048566,-0.0021492
0.16884,-0.052501,0.0085025
0.14652,-0.056091,0.023772
0.12636,-0.059309,0.043156
0.10831,-0.062131,0.066301
0.092322,-0.06453,0.092957
0.078349,-0.066483,0.12295
0.066357,-0.067963,0.15615
0.056312,-0.068946,0.19246
0.060674,-0.05134,0.13981
0.06721,-0.034706,0.097555
0.075779,-0.019057,0.063961
0.086342,-0.0043802,0.037873
0.09896,0.0093658,0.01848
0.11378,0.022243,0.0052401
0.131,0.034333,-0.0022021
0.15087,0.045723,-0.0044225
0.17349,0.056449,-0.0090224
0.19909,0.066588,-0.018981
0.21599,0.072268,-0.0099128
0.23337,0.077936,-0.0061341
0.25128,0.083605,-0.0051934
0.26984,0.08932,-0.00076998
0.28902,0.095074,0.0072146
0.3088,0.10086,0.018339
0.32914,0.10667,0.032248
0.35004,0.11249,0.048639
0.37147,0.11833,0.06726
0.39343,0.12418,0.087903
0.34908,0.11398,0.074314
0.30834,0.10361,0.064436
0.27097,0.093238,0.057021
0.23676,0.083003,0.051305
0.20551,0.073032,0.046796
0.17706,0.06343,0.043171
0.15117,0.05452,0.040208
0.12759,0.046662,0.037753
0.10625,0.03975,0.035699
0.087078,0.033682,0.033967
0.094908,0.039974,0.038863
0.10266,0.047855,0.043998
0.11034,0.05732,0.049352
0.11794,0.068362,0.054901
0.12547,0.080976,0.060621
0.13292,0.095159,0.066493
0.14029,0.11091,0.072493
0.14758,0.12822,0.078607
0.1548,0.14709,0.084818
0.16193,0.16752,0.091117
0.16551,0.14544,0.072169
0.16858,0.12652,0.056291
0.17115,0.11055,0.042985
0.1732,0.097361,0.031899
0.17472,0.086789,0.022778
0.17569,0.078693,0.015427
0.17608,0.072955,0.0097025
0.17586,0.069472,0.0054906
0.17499,0.06816,0.0027069
0.17423,0.066929,0.0012919
0.15772,0.061222,0.0013475
0.14222,0.055696,0.0013539
0.12768,0.050359,0.001316
0.11409,0.045218,0.0012404
0.10139,0.040376,0.0011367
0.089497,0.035939,0.0010129
0.078409,0.031893,0.00087879
0.068105,0.028223,0.00074178
0.058568,0.024916,0.00061045
0.04978,0.02196,0.00049085
0.054757,0.023593,0.00047427
0.059975,0.025394,0.00028778
0.065437,0.027369,-0.00010531
0.071145,0.029526,-0.00066732
0.077104,0.03187,-0.0013592
0.083315,0.034408,-0.0021442
0.089782,0.037147,-0.0029851
0.096533,0.04003,-0.0038484
0.1036,0.042979,-0.0047016
0.111,0.045994,-0.0055179
0.092463,0.038656,-0.006348
0.075561,0.031752,-0.0075356
0.060253,0.025499,-0.0090731
0.046521,0.020053,-0.010967
0.034406,0.015423,-0.013226
0.023948,0.011624,-0.015861
0.015189,0.008669,-0.01888
0.0081683,0.006574,-0.022284
0.0029226,0.0053563,-0.026066
-0.00051845,0.0050354,-0.030208
0.002163,0.0083195,-0.031654
0.0070347,0.01297,-0.032454
0.014179,0.019062,-0.032549
0.023683,0.026668,-0.031996
0.035632,0.03586,-0.030911
0.050109,0.046711,-0.029441
0.067194,0.059288,-0.02773
0.086963,0.073658,-0.025913
0.10949,0.089886,-0.024102
0.13484,0.10804,-0.022386
0.1427,0.097297,-0.013696
0.14988,0.088895,-0.0069226
0.15634,0.082766,-0.0021614
0.16208,0.078847,0.00052455
0.16703,0.07709,0.0012167
0.17114,0.077445,0.0028023
0.17496,0.078559,0.0065314
0.17966,0.077716,0.012414
0.18525,0.074818,0.020454
0.1917,0.069843,0.030649
0.18982,0.06268,0.021112
0.18827,0.054651,0.013582
0.1871,0.045771,0.0079006
0.18631,0.036053,0.0039498
0.18595,0.025507,0.0016378
0.18604,0.014146,0.00089004
0.18659,0.0019804,2.3835e-05
0.18764,-0.01098,-0.0023113
0.18921,-0.024726,-0.0060819
0.19129,-0.039253,-0.011264
0.16059,-0.010932,-0.014661
0.13387,0.0099601,-0.016965
0.11098,0.024018,-0.01837
0.091748,0.031789,-0.018849
0.076052,0.033773,-0.018668
0.063737,0.03052,-0.017874
0.051593,0.028954,-0.01672
0.037853,0.032929,-0.015295
0.022584,0.042428,-0.013804
0.0057566,0.057585,-0.012316
0.023772,0.050228,-0.010603
0.042736,0.046191,-0.0091138
0.062758,0.045476,-0.0078032
0.083973,0.048146,-0.0066256
0.10653,0.054311,-0.0055616
0.13059,0.064115,-0.0046019
0.15699,0.076291,-0.0037408
0.18751,0.087689,-0.0029869
0.22244,0.098208,-0.002338
0.26199,0.10787,-0.0018051
0.24835,0.10619,-0.0079381
0.23533,0.10428,-0.018044
0.22293,0.10209,-0.031722
0.21113,0.099589,-0.048709
0.19992,0.09674,-0.068743
0.18929,0.093513,-0.091692
0.17923,0.089884,-0.11735
0.16972,0.085829,-0.14566
0.1606,0.081678,-0.17644
0.15144,0.07818,-0.2097
0.15568,0.07981,-0.17792
0.1599,0.081755,-0.15199
0.16409,0.083986,-0.13045
0.16844,0.086107,-0.11245
0.17302,0.087997,-0.0972
0.17781,0.089647,-0.084236
0.18282,0.091051,-0.073106
0.18805,0.092202,-0.063524
0.19349,0.093098,-0.055218
0.19913,0.093734,-0.048007
0.18746,0.092014,-0.019431
0.17676,0.089666,-0.0044901
0.16695,0.086634,-0.0008158
0.15806,0.08289,0.0062935
0.14969,0.07913,0.022743
0.14119,0.076451,0.047817
0.1325,0.074846,0.080997
0.12358,0.074297,0.12189
0.1144,0.074787,0.1702
0.10493,0.076304,0.22568
0.11029,0.06791,0.21225
0.11377,0.063025,0.20019
0.11541,0.061577,0.18907
0.1168,0.060568,0.1787
0.11998,0.056214,0.16886
0.12497,0.048517,0.15946
0.13179,0.037477,0.15042
0.14046,0.023079,0.14165
0.15102,0.0052972,0.13313
0.16349,-0.015901,0.1248
0.14418,-0.026688,0.085975
0.12714,-0.036465,0.057721
0.11218,-0.045301,0.037162
0.09914,-0.053257,0.022364
0.087895,-0.060385,0.012042
0.078321,-0.066728,0.0052574
0.070316,-0.072323,0.0013645
0.063792,-0.077199,-0.00012547
0.058664,-0.081387,-0.0006492
0.054848,-0.084915,-0.0028711
0.04374,-0.06414,-0.008457
0.034224,-0.046476,-0.016325
0.026217,-0.031743,-0.026013
0.019642,-0.019774,-0.0372
0.014433,-0.010414,-0.049648
0.010536,-0.0035314,-0.063259
0.0079169,0.000979,-0.078005
0.0065642,0.0031817,-0.09401
0.0061654,0.0036738,-0.1114
0.0047856,0.0059116,-0.13039
0.0055178,0.0039417,-0.12789
0.0056815,0.0029944,-0.12592
0.005594,0.0025054,-0.1243
0.0060701,0.001042,-0.12298
0.0071522,-0.0014592,-0.12154
0.0088354,-0.0049924,-0.12026
0.011116,-0.0095405,-0.11884
0.013983,-0.015086,-0.11753
0.017429,-0.021605,-0.11615
0.021439,-0.029074,-0.11485
0.020575,-0.020986,-0.092956
0.020626,-0.013264,-0.074041
0.021621,-0.005937,-0.057734
0.023584,0.00096398,-0.043792
0.026539,0.0074136,-0.032008
0.030502,0.013392,-0.022228
0.035482,0.018888,-0.014352
0.041483,0.0239,-0.008303
0.048487,0.028459,-0.0040489
0.055893,0.033591,-0.0015709
0.041285,0.025153,-0.0037744
0.028813,0.01792,-0.0072384
0.018504,0.01191,-0.011687
0.01038,0.0071421,-0.016891
0.0044611,0.0036356,-0.022689
0.00076162,0.0014106,-0.02899
-0.00071202,0.00048723,-0.035836
-0.0015947,-8.9419e-05,-0.043391
-0.0046578,-0.001962,-0.051866
-0.0099356,-0.0051503,-0.061446
-0.0055512,-0.0029583,-0.04705
-0.0024957,-0.0014234,-0.035377
-0.00070408,-0.00050717,-0.025975
-0.00011255,-0.00017322,-0.018466
0.0005196,0.00015543,-0.012529
0.0022494,0.00099332,-0.0078623
0.0050905,0.0023529,-0.0042703
0.0090878,0.0042649,-0.0017331
0.014296,0.0067657,-0.00036828
0.02077,0.009894,-7.2042e-05
0.020069,0.0094097,-0.00034557
0.019401,0.008935,-0.0014655
0.018756,0.0084633,-0.0036443
0.018126,0.0079909,-0.0068437
0.017502,0.0075145,-0.011039
0.016881,0.0070313,-0.016208
0.016256,0.0065394,-0.02234
0.015625,0.0060373,-0.02942
0.014984,0.0055241,-0.037441
0.014333,0.0049996,-0.046394
0.010842,0.0062914,-0.034031
0.008499,0.0059774,-0.024658
0.0047941,0.0081709,-0.017376
-0.00043826,0.01319,-0.011536
-0.0072425,0.021134,-0.0068268
-0.015721,0.032161,-0.0032547
-0.026004,0.04645,-0.0010308
-0.038226,0.064178,-0.00040822
-0.052514,0.08553,0.00056838
-0.068993,0.11068,0.0035198
-0.059956,0.098225,-0.00061608
-0.050754,0.086721,-0.0031697
-0.041457,0.076179,-0.0113
-0.032111,0.066671,-0.024265
-0.022756,0.058261,-0.041536
-0.013424,0.051005,-0.062764
-0.0041405,0.044951,-0.087739
0.005083,0.040133,-0.11634
0.014243,0.036575,-0.14849
0.023347,0.034288,-0.18416
0.018005,0.034314,-0.19405
0.012777,0.034674,-0.20355
0.00766,0.035368,-0.21262
0.0026517,0.036397,-0.22131
-0.0022499,0.037762,-0.22961
-0.0070466,0.039466,-0.23756
-0.011741,0.04151,-0.24514
-0.016334,0.043897,-0.25238
-0.020829,0.046629,-0.25928
-0.025227,0.049709,-0.26586
-0.024992,0.046051,-0.20591
-0.024508,0.042565,-0.15815
-0.023775,0.039273,-0.11984
-0.022798,0.036191,-0.089073
-0.021579,0.033333,-0.064468
-0.020122,0.030707,-0.04494
-0.018628,0.028195,-0.029718
-0.017453,0.025573,-0.018145
-0.016604,0.022844,-0.0097501
-0.016081,0.020016,-0.0041327
-0.016717,0.022242,-0.0049451
-0.017523,0.024491,-0.0058218
-0.018498,0.026767,-0.0067682
-0.019641,0.029076,-0.0077756
-0.020951,0.031423,-0.0088477
-0.022427,0.033814,-0.009977
-0.02405,0.036265,-0.011165
-0.025691,0.038866,-0.012406
-0.027331,0.041634,-0.013699
-0.028975,0.044569,-0.01504
-0.030485,0.046476,-0.012693
-0.032006,0.048443,-0.010468
-0.03354,0.050468,-0.0083979
-0.035086,0.052552,-0.0065098
-0.036644,0.054695,-0.0048329
-0.038216,0.056898,-0.0033919
-0.039802,0.05916,-0.0022129
-0.041429,0.061464,-0.0013186
-0.04311,0.0638,-0.00073229
-0.044845,0.066171,-0.00047473
-0.051936,0.076129,-0.003353
-0.059492,0.086509,-0.011105
-0.067495,0.097265,-0.023689
-0.075929,0.10836,-0.041043
-0.084783,0.11975,-0.063095
-0.09405,0.13142,-0.089757
-0.10372,0.14335,-0.12093
-0.1138,0.15551,-0.15653
-0.12429,0.16789,-0.19643
-0.13518,0.18048,-0.24057
-0.12594,0.16518,-0.20435
-0.11698,0.15027,-0.17307
-0.10832,0.13579,-0.1458
-0.099993,0.12178,-0.12192
-0.092021,0.10826,-0.10095
-0.084426,0.095257,-0.08255
-0.077229,0.082803,-0.066453
-0.07045,0.070923,-0.052438
-0.06411,0.059643,-0.040352
-0.058227,0.048988,-0.030043
-0.0563,0.047319,-0.020484
-0.054372,0.045712,-0.013108
-0.052447,0.044161,-0.0076333
-0.05053,0.042665,-0.0038156
-0.048622,0.041218,-0.0014695
-0.046728,0.039819,-0.000435
-0.044855,0.038464,-0.0001139
-0.043016,0.037149,0.00114
-0.041216,0.035872,0.0033776
-0.039454,0.034631,0.0065254
-0.047599,0.035504,0.0039319
-0.056981,0.036004,0.0019137
-0.067602,0.036153,0.00046814
-0.079463,0.03597,-0.00040913
-0.092565,0.035472,-0.00073837
-0.1069,0.034676,-0.0011884
-0.12246,0.033596,-0.0021716
-0.13925,0.032245,-0.0036576
-0.15727,0.030632,-0.0056151
-0.17649,0.028768,-0.0080095
-0.17282,0.031624,-0.011925
-0.16924,0.034596,-0.016138
-0.16577,0.037676,-0.020472
-0.16242,0.040856,-0.024807
-0.15918,0.044129,-0.029067
-0.15606,0.047489,-0.033203
-0.15305,0.050931,-0.037183
-0.15017,0.054449,-0.040991
-0.14742,0.058037,-0.044617
-0.14479,0.061693,-0.048058
-0.12827,0.035582,-0.041063
-0.11434,0.013059,-0.034874
-0.10287,-0.0060637,-0.029355
-0.093735,-0.021957,-0.024421
-0.086832,-0.034773,-0.020013
-0.082067,-0.044642,-0.016095
-0.079365,-0.051674,-0.012644
-0.078669,-0.055952,-0.0096461
-0.079703,-0.057859,-0.0070936
-0.079626,-0.061329,-0.0049608
-0.077489,-0.057776,-0.013297
-0.075027,-0.054874,-0.02592
-0.0722,-0.0526,-0.042722
-0.06946,-0.050269,-0.063619
-0.067132,-0.047373,-0.08854
-0.065195,-0.0439,-0.11742
-0.063628,-0.039846,-0.1502
-0.062416,-0.035209,-0.18681
-0.061549,-0.029996,-0.22718
-0.06102,-0.024214,-0.27126
-0.047354,-0.021227,-0.21609
-0.035621,-0.018282,-0.17229
-0.025798,-0.01531,-0.13709
-0.017857,-0.012244,-0.10863
-0.011768,-0.009025,-0.085522
-0.0072085,-0.0059925,-0.066711
-0.0030256,-0.0046175,-0.051374
0.00094148,-0.0050254,-0.038813
0.0047341,-0.0071953,-0.02846
0.0083725,-0.011111,-0.019852
0.0065559,-0.009035,-0.028937
0.0045349,-0.0075104,-0.039591
0.0023197,-0.0065404,-0.051889
-7.9299e-05,-0.0061207,-0.065908
-0.0026512,-0.0062405,-0.081737
-0.0053866,-0.0068848,-0.09943
-0.0082768,-0.0080365,-0.11902
-0.011314,-0.0096778,-0.14049
-0.014492,-0.011791,-0.16379
-0.017825,-0.014332,-0.18887
-0.01433,-0.011865,-0.13657
-0.010551,-0.010451,-0.095352
-0.0064783,-0.010133,-0.063269
-0.0021238,-0.010921,-0.038854
0.0025022,-0.012824,-0.020975
0.007389,-0.015847,-0.0087979
0.012528,-0.019992,-0.001831
0.017911,-0.025255,0.00017712
0.023484,-0.03163,0.0034767
0.029233,-0.039092,0.012146
0.023859,-0.03134,0.010411
0.019308,-0.024033,0.0086616
0.015586,-0.017243,0.0069408
0.0127,-0.011045,0.0053039
0.010665,-0.0055145,0.0038009
0.0095005,-0.00072271,0.0024901
0.0092384,0.003269,0.0014252
0.0099184,0.0064218,0.00065663
0.011584,0.0087327,0.00021548
0.013741,0.010943,0.00010185
0.011459,0.0098498,0.00022334
0.0091938,0.008978,0.00067785
0.0069648,0.0083288,0.0014539
0.0047869,0.007906,0.0025403
0.0026716,0.0077164,0.0039281
0.00062527,0.0077692,0.0056148
-0.0013512,0.0080759,0.007599
-0.0032624,0.0086491,0.0098862
-0.0051185,0.0095019,0.01248
-0.0069338,0.010647,0.015388
-0.0058371,0.010719,0.018742
-0.0045325,0.011038,0.022441
-0.0030179,0.011621,0.02646
-0.0012867,0.012484,0.030782
0.00067076,0.013644,0.035386
0.0028667,0.015114,0.040265
0.0053147,0.016909,0.04541
0.0080292,0.019044,0.050829
0.011025,0.021532,0.056526
0.014316,0.024389,0.062522
0.011372,0.030526,0.05185
0.0073831,0.038055,0.042252
0.0022956,0.047038,0.033665
-0.0039512,0.057552,0.026067
-0.011423,0.069678,0.019443
-0.020188,0.0835,0.01379
-0.030315,0.099103,0.0091024
-0.041868,0.11657,0.0053706
-0.054913,0.13598,0.0025788
-0.069509,0.15741,0.00070339
-0.083336,0.17414,-0.00037012
-0.098171,0.19227,-0.00084197
-0.11405,0.21183,-0.0025673
-0.13101,0.23286,-0.0056192
-0.14908,0.25542,-0.0099831
-0.1683,0.27952,-0.015646
-0.18869,0.3052,-0.022592
-0.21027,0.33248,-0.030809
-0.23306,0.36136,-0.040278
-0.25708,0.39186,-0.050985
-0.25712,0.40863,-0.041415
-0.25631,0.42638,-0.033048
-0.25463,0.44513,-0.025773
-0.25209,0.46489,-0.019518
-0.24867,0.48565,-0.014225
-0.24437,0.50743,-0.0098618
-0.23918,0.53023,-0.0064021
-0.23311,0.55407,-0.003834
-0.22616,0.57896,-0.00215
-0.21831,0.60489,-0.0013504
-0.20068,0.54186,-0.00011351
-0.18468,0.48386,0.0031859
-0.17008,0.43055,0.0073725
-0.15669,0.38159,0.011773
-0.14433,0.33672,0.016056
-0.13287,0.29568,0.020051
-0.12217,0.25825,0.023673
-0.1121,0.22422,0.026878
-0.10257,0.19343,0.029648
-0.093468,0.16569,0.031979
-0.089174,0.17447,0.022829
-0.083984,0.18399,0.015868
-0.077902,0.19426,0.010607
-0.070932,0.20525,0.0066723
-0.063082,0.21696,0.0037726
-0.054357,0.22938,0.0016804
-0.044768,0.2425,0.00021618
-0.034319,0.25632,-0.00076191
-0.023019,0.27084,-0.0013655
-0.010875,0.28604,-0.0016832
-0.0087091,0.26249,-0.00090498
-0.0069742,0.23992,0.0011129
-0.005627,0.21833,0.0042218
-0.0046244,0.19773,0.0083303
-0.003925,0.17811,0.013384
-0.0034876,0.1595,0.019349
-0.0032724,0.14189,0.026206
-0.0032394,0.12529,0.033943
-0.0033494,0.10971,0.042555
-0.0035632,0.095167,0.052041
-0.0074977,0.094408,0.037747
-0.011309,0.093658,0.026476
-0.014998,0.092921,0.017685
-0.018567,0.092203,0.010966
-0.022019,0.091511,0.0059931
-0.025353,0.090847,0.0025077
-0.028571,0.090218,0.000301
-0.031674,0.089627,-0.00079772
-0.034663,0.089077,-0.0010575
-0.037542,0.088556,-0.0018207
-0.023403,0.096996,-0.0041809
-0.0060716,0.1078,-0.0080276
0.014473,0.12095,-0.0134
0.038246,0.13646,-0.020337
0.065254,0.15433,-0.028881
0.095499,0.17458,-0.039085
0.12898,0.19724,-0.051004
0.16569,0.22232,-0.064704
0.20562,0.24986,-0.080239
0.24877,0.27988,-0.097671
0.21758,0.25465,-0.081517
0.18864,0.2311,-0.068456
0.16186,0.20918,-0.057664
0.13714,0.18885,-0.048613
0.11441,0.17003,-0.040928
0.0936,0.15268,-0.034352
0.07463,0.13676,-0.028691
0.057433,0.1222,-0.023804
0.041944,0.10897,-0.019582
0.028101,0.097018,-0.01594
0.028071,0.10085,-0.014279
0.028017,0.10474,-0.012651
0.027939,0.10871,-0.011087
0.027836,0.11275,-0.0096135
0.027709,0.11685,-0.0082561
0.027556,0.12102,-0.0070376
0.027377,0.12526,-0.0059683
0.027172,0.12957,-0.005082
0.02694,0.13394,-0.0043519
0.026681,0.13838,-0.0038658
0.029061,0.13358,-0.0039002
0.031319,0.12881,-0.0039466
0.033451,0.12408,-0.0039736
0.035456,0.11941,-0.0040098
0.037332,0.11478,-0.0040356
0.039078,0.11021,-0.0040699
0.04069,0.10571,-0.0041141
0.042168,0.10128,-0.0041683
0.043511,0.096927,-0.0042485
0.044717,0.092653,-0.0043418
0.043382,0.082057,-0.0028019
0.041877,0.0723,-0.0020947
0.040214,0.063366,-0.0017069
0.0384,0.055244,-0.00096897
0.036444,0.047902,1.5471e-05
0.034354,0.041312,0.0011581
0.032136,0.035446,0.0023782
0.029798,0.030276,0.0036329
0.027345,0.025778,0.0048711
0.024784,0.021928,0.0060754
0.017375,0.017089,0.0043718
0.010821,0.013306,0.0031108
0.0051472,0.010576,0.0021672
0.00037459,0.0089004,0.0014575
-0.00348,0.0082851,0.00090695
-0.0064086,0.008741,0.0004664
-0.0084263,0.010276,9.9291e-05
-0.010817,0.011867,-0.00017173
-0.014472,0.012816,-0.00031873
-0.019395,0.013148,-0.00034952
-0.019596,0.02226,-0.0014388
-0.023787,0.029391,-0.0037295
-0.026388,0.039252,-0.0074689
-0.025917,0.053199,-0.012856
-0.022423,0.071308,-0.020035
-0.015943,0.093646,-0.029066
-0.0065097,0.12028,-0.039945
0.0058504,0.15126,-0.052584
0.021116,0.18664,-0.066854
0.03927,0.22647,-0.082588
0.033102,0.22781,-0.11467
0.026926,0.22912,-0.15089
0.02074,0.23043,-0.19087
0.014543,0.23175,-0.23432
0.0083356,0.23309,-0.28092
0.0021175,0.23447,-0.33056
-0.0041096,0.23588,-0.38293
-0.010342,0.23734,-0.43799
-0.016578,0.23884,-0.49544
-0.02281,0.24039,-0.55531
-0.035902,0.24242,-0.44304
-0.048432,0.24423,-0.35325
-0.060456,0.24593,-0.27997
-0.072022,0.24761,-0.21946
-0.083173,0.24931,-0.16945
-0.093944,0.25106,-0.12793
-0.10437,0.25288,-0.093815
-0.11447,0.2548,-0.066068
-0.12427,0.25681,-0.044099
-0.1338,0.25893,-0.027332
-0.12335,0.2616,-0.028316
-0.11251,0.26493,-0.02928
-0.10127,0.26888,-0.03026
-0.089621,0.27344,-0.031247
-0.077542,0.27861,-0.03226
-0.065021,0.28437,-0.033299
-0.05205,0.29072,-0.034377
-0.038616,0.29765,-0.035494
-0.024712,0.30515,-0.036663
-0.010329,0.31323,-0.037883
-0.019886,0.29614,-0.069278
-0.028803,0.27954,-0.10536
-0.037077,0.26347,-0.14408
-0.044706,0.24796,-0.18426
-0.051687,0.23304,-0.2251
-0.058019,0.21872,-0.26624
-0.063703,0.20503,-0.30732
-0.068736,0.19196,-0.34827
-0.073119,0.17954,-0.38886
-0.076851,0.16777,-0.42914
-0.061375,0.1567,-0.37909
-0.046695,0.14674,-0.33599
-0.032743,0.13785,-0.29871
-0.019454,0.12997,-0.26545
-0.0067788,0.12305,-0.23565
0.0053316,0.11704,-0.20852
0.016917,0.11191,-0.18379
0.028016,0.10762,-0.16106
0.038661,0.10413,-0.1402
0.048882,0.10141,-0.12099
0.067091,0.10727,-0.092638
0.085946,0.11445,-0.070539
0.10547,0.12295,-0.053198
0.12568,0.13277,-0.039527
0.14657,0.14394,-0.028793
0.16816,0.15645,-0.020418
0.19044,0.17032,-0.013988
0.2134,0.18557,-0.0091535
0.23706,0.20222,-0.0056492
0.26139,0.22028,-0.0032456
0.24585,0.20549,-0.0044093
0.23043,0.1921,-0.0051783
0.21655,0.17833,-0.0054992
0.20429,0.16399,-0.0054229
0.19358,0.14912,-0.0050348
0.18436,0.13372,-0.0044286
0.17657,0.11779,-0.0036895
0.17017,0.10134,-0.0028947
0.16511,0.084359,-0.0021077
0.16136,0.06685,-0.0013865
0.13679,0.06395,6.4556e-05
0.11472,0.060241,0.0020733
0.095078,0.055814,0.0057558
0.077778,0.05075,0.010113
0.06275,0.045124,0.014525
0.049929,0.039003,0.018608
0.039254,0.032449,0.022135
0.030527,0.02569,0.024991
0.022238,0.02052,0.027149
0.014017,0.017368,0.028655
0.011389,0.013562,0.029903
0.0090384,0.010267,0.031955
0.0069564,0.0074647,0.034755
0.0051364,0.0051381,0.038262
0.0035717,0.0032728,0.042431
0.0022568,0.0018567,0.047204
0.0011947,0.00087272,0.052513
0.00054291,0.00012554,0.058276
0.00036689,-0.00046354,0.064412
0.00060231,-0.00095219,0.070845
0.00033451,-1.0318e-05,0.044964
0.0013297,0.0011124,0.0257
0.0029449,0.0032732,0.012152
0.0050502,0.0066249,0.0036894
0.0076252,0.011245,0.00014027
0.010616,0.017282,-0.0016372
0.013952,0.024917,-0.0087411
0.017562,0.034308,-0.021781
0.021372,0.045609,-0.041051
0.025308,0.058968,-0.066745
0.032217,0.055939,-0.048872
0.038678,0.053679,-0.034331
0.044676,0.052197,-0.0227
0.0502,0.051498,-0.013687
0.055237,0.051585,-0.0070549
0.059775,0.052458,-0.002631
0.063806,0.054115,-0.00028252
0.067323,0.056547,0.00027717
0.070989,0.05894,0.0018263
0.07531,0.060678,0.0052201
0.083631,0.07084,0.012899
0.089483,0.085529,0.023937
0.09016,0.10824,0.038404
0.08533,0.13963,0.056339
0.074575,0.18039,0.077681
0.057443,0.23124,0.10228
0.033484,0.29288,0.12987
0.0022742,0.36593,0.16018
-0.03657,0.45095,0.1929
-0.083382,0.54845,0.22778
-0.081889,0.5325,0.2022
-0.080479,0.51679,0.18468
-0.079144,0.50133,0.17224
-0.077876,0.48612,0.16317
-0.076669,0.47115,0.15637
-0.075516,0.45644,0.15117
-0.074411,0.44197,0.14711
-0.073348,0.42775,0.14388
-0.072323,0.41377,0.1413
-0.071331,0.40002,0.13922
-0.044025,0.34617,0.08854
-0.020661,0.29775,0.053458
-0.00091747,0.25437,0.029462
0.015487,0.2157,0.013754
0.028802,0.18146,0.0045185
0.039251,0.15137,0.00047824
0.047034,0.1252,-0.00061522
0.052328,0.10273,-0.0045908
0.0553,0.083751,-0.011593
0.056105,0.068083,-0.02123
0.056985,0.078484,-0.031355
0.057131,0.089959,-0.043432
0.056557,0.10247,-0.057418
0.055275,0.11597,-0.073297
0.053297,0.13044,-0.091011
0.050635,0.14585,-0.11055
0.047297,0.16217,-0.13184
0.04329,0.17938,-0.15487
0.038622,0.19748,-0.17958
0.033296,0.21644,-0.20595
0.040535,0.20079,-0.17382
0.046932,0.18574,-0.14889
0.052509,0.17132,-0.12904
0.057287,0.15755,-0.11293
0.061281,0.14444,-0.099615
0.064509,0.13201,-0.088448
0.066984,0.12029,-0.078961
0.068721,0.10929,-0.07081
0.069734,0.09901,-0.063745
0.070038,0.08948,-0.057566
0.073671,0.097926,-0.075979
0.077415,0.10691,-0.096049
0.081275,0.11644,-0.11743
0.085256,0.12653,-0.13981
0.089363,0.13717,-0.16287
0.093599,0.14839,-0.18638
0.097965,0.16018,-0.21008
0.10247,0.17254,-0.23385
0.1071,0.18548,-0.25749
0.11187,0.199,-0.28096
0.11565,0.19813,-0.22852
0.11938,0.1973,-0.18748
0.12306,0.19653,-0.15468
0.12669,0.19582,-0.12808
0.1303,0.19517,-0.10623
0.13386,0.19459,-0.088106
0.1374,0.19407,-0.07296
0.1409,0.19362,-0.060228
0.14437,0.19324,-0.049503
0.14782,0.19292,-0.040447
0.14934,0.18313,-0.051
0.1504,0.17391,-0.061162
0.15102,0.16528,-0.070826
0.1512,0.15722,-0.079945
0.15094,0.14973,-0.088529
0.15024,0.14281,-0.096605
0.14912,0.13646,-0.10421
0.14757,0.13068,-0.11138
0.1456,0.12545,-0.11816
0.14322,0.12079,-0.12459
0.16688,0.13931,-0.11284
0.19216,0.15993,-0.10245
0.21923,0.18262,-0.093264
0.24869,0.2068,-0.085149
0.2807,0.23242,-0.077996
0.3153,0.25956,-0.071706
0.35255,0.28827,-0.06619
0.39249,0.3186,-0.061363
0.43516,0.35061,-0.057154
0.48058,0.38434,-0.053496
0.4589,0.37885,-0.038119
0.44109,0.36959,-0.026189
0.42541,0.35854,-0.017533
0.40704,0.35139,-0.012087
0.38565,0.34845,-0.0097212
0.36124,0.34971,-0.0089005
0.33379,0.35522,-0.0056054
0.3033,0.36497,0.00033237
0.26973,0.37893,0.0088477
0.23308,0.3971,0.01989
0.24006,0.38746,0.00040207
0.24694,0.37859,-0.0086216
0.2537,0.3704,-0.010494
0.26026,0.36262,-0.015003
0.26662,0.35519,-0.024315
0.27276,0.3481,-0.037643
0.27867,0.34136,-0.054433
0.28436,0.33496,-0.074285
0.28981,0.32889,-0.096887
0.29502,0.32314,-0.12201
0.2876,0.31384,-0.099596
0.28036,0.30469,-0.082731
0.27331,0.29573,-0.06967
0.26644,0.28697,-0.05932
0.25973,0.27841,-0.05094
0.25319,0.27005,-0.044039
0.24681,0.2619,-0.038272
0.24059,0.25396,-0.033395
0.23451,0.24621,-0.029232
0.22858,0.23866,-0.025652
0.23891,0.25814,-0.035646
0.24934,0.27887,-0.046982
0.25986,0.30087,-0.059433
0.27049,0.32415,-0.072822
0.28122,0.34872,-0.087016
0.29207,0.3746,-0.10192
0.30302,0.40178,-0.11747
0.31408,0.43027,-0.13361
0.32525,0.46007,-0.1503
0.33653,0.49117,-0.16753
0.33754,0.48555,-0.15283
0.33861,0.47989,-0.13985
0.33975,0.47423,-0.12816
0.34093,0.46857,-0.11749
0.34217,0.46293,-0.10765
0.34344,0.4573,-0.098535
0.34474,0.45171,-0.090049
0.34607,0.44615,-0.082139
0.34741,0.44064,-0.074761
0.34876,0.43517,-0.067887
0.36379,0.47306,-0.055785
0.37861,0.51277,-0.046743
0.39322,0.55431,-0.040102
0.40763,0.5977,-0.035386
0.42184,0.64295,-0.032249
0.43585,0.69005,-0.030441
0.44967,0.73902,-0.029775
0.4633,0.78984,-0.030116
0.47676,0.84253,-0.031355
0.49004,0.89707,-0.033156
0.48768,0.88234,-0.032896
0.48519,0.86785,-0.032663
0.48258,0.85358,-0.032462
0.47986,0.83953,-0.032298
0.47702,0.82567,-0.032168
0.47408,0.81201,-0.03207
0.47105,0.79854,-0.031992
0.46792,0.78524,-0.031928
0.46472,0.77212,-0.031865
0.46143,0.75916,-0.031791
0.47238,0.73074,-0.031403
0.48217,0.7038,-0.030912
0.49086,0.67829,-0.030345
0.49849,0.65414,-0.029722
0.50511,0.63129,-0.02906
0.51075,0.60969,-0.028373
0.51545,0.58929,-0.02767
0.51925,0.57006,-0.026963
0.52217,0.55195,-0.026257
0.52424,0.53493,-0.025559
0.44758,0.49922,-0.01663
0.37404,0.46922,-0.0068838
0.30337,0.44467,0.0032015
0.23535,0.42533,0.013383
0.16977,0.411,0.023529
0.10647,0.40149,0.033562
0.045266,0.39668,0.043426
-0.013963,0.39644,0.053082
-0.071342,0.40068,0.062487
-0.12697,0.40933,0.071609
-0.13173,0.38786,0.056939
-0.13567,0.36774,0.048263
-0.1389,0.34884,0.043373
-0.14148,0.33105,0.04102
-0.14346,0.31429,0.040469
-0.14488,0.29849,0.041283
-0.14576,0.28361,0.043199
-0.14615,0.26959,0.046058
-0.14605,0.25638,0.049765
-0.14549,0.24396,0.05427
-0.14347,0.23577,0.042969
-0.14164,0.22806,0.032603
-0.13996,0.22083,0.023392
-0.13841,0.21406,0.015491
-0.13696,0.20772,0.0090074
-0.13558,0.20179,0.0040073
-0.13426,0.19625,0.00053751
-0.13297,0.19108,-0.0013831
-0.13171,0.18627,-0.0018099
-0.13053,0.18171,-0.0028491
-0.093163,0.1673,-0.0066747
-0.051486,0.16045,-0.012086
-0.0054018,0.16107,-0.018792
0.045184,0.16914,-0.026647
0.10035,0.18465,-0.035568
0.16017,0.20767,-0.045489
0.2247,0.23826,-0.05634
0.29397,0.27653,-0.068047
0.36804,0.32258,-0.080517
0.44694,0.37654,-0.093662
0.41691,0.35011,-0.10141
0.38789,0.32468,-0.11016
0.35987,0.30023,-0.11976
0.33287,0.27677,-0.1301
0.30689,0.25429,-0.14105
0.28192,0.23278,-0.15254
0.25797,0.21223,-0.16449
0.23504,0.19265,-0.17686
0.21312,0.17401,-0.18957
0.19222,0.15631,-0.20261
0.17908,0.14582,-0.18177
0.1664,0.13573,-0.16475
0.15419,0.12608,-0.15056
0.14246,0.11686,-0.13856
0.13119,0.10811,-0.12823
0.12039,0.099821,-0.11926
0.11005,0.091997,-0.11138
0.10016,0.084639,-0.10439
0.090692,0.077749,-0.098153
0.081649,0.071325,-0.092545
0.066314,0.058151,-0.11305
0.052515,0.046254,-0.13468
0.040197,0.035584,-0.15732
0.029309,0.026097,-0.18091
0.019809,0.017751,-0.20541
0.011661,0.010512,-0.23082
0.0048362,0.004353,-0.25711
-0.00068229,-0.00074516,-0.28428
-0.0049029,-0.0047926,-0.31229
-0.0078238,-0.007791,-0.34117
-0.0057621,-0.0060227,-0.27459
-0.0041417,-0.0046262,-0.22078
-0.0028691,-0.003511,-0.17687
-0.0018752,-0.0026143,-0.14087
-0.0011078,-0.0018913,-0.11128
-0.00052493,-0.0013077,-0.086962
-9.3554e-05,-0.00083884,-0.067039
0.00021436,-0.0004644,-0.050795
0.00042145,-0.00016957,-0.037671
0.00054765,5.8519e-05,-0.027179
0.0033383,0.0022639,-0.02425
0.0080728,0.0057973,-0.021415
0.014944,0.010827,-0.018639
0.024174,0.017551,-0.015941
0.035992,0.026174,-0.013391
0.050625,0.036899,-0.011048
0.068302,0.04993,-0.0089775
0.089244,0.065464,-0.0072227
0.11367,0.083696,-0.0058238
0.14179,0.10481,-0.0048016
0.15219,0.11136,-0.0078101
0.163,0.11808,-0.011726
0.17425,0.12498,-0.016177
0.18593,0.13208,-0.020853
0.19805,0.13937,-0.025515
0.21062,0.14688,-0.029977
0.22363,0.15459,-0.03411
0.23708,0.16251,-0.03782
0.25098,0.17064,-0.041053
0.26532,0.17899,-0.043778
0.21474,0.14285,-0.045873
0.17013,0.11109,-0.050373
0.13126,0.083566,-0.056981
0.097949,0.060138,-0.065551
0.06999,0.04067,-0.076017
0.047185,0.025017,-0.088345
0.029343,0.013039,-0.10251
0.016278,0.0045967,-0.11846
0.007825,-0.00043278,-0.13611
0.0038616,-0.0021417,-0.15533
0.0038973,-0.00060786,-0.15229
0.0045158,0.0010549,-0.14905
0.0057212,0.0028432,-0.14561
0.0075168,0.0047556,-0.14203
0.0098657,0.0068399,-0.13831
0.01251,0.0094177,-0.13449
0.015407,0.012547,-0.13056
0.018558,0.016227,-0.12655
0.021968,0.020455,-0.12245
0.025643,0.025228,-0.11827
0.027552,0.024998,-0.10053
0.029301,0.025044,-0.084649
0.030889,0.025374,-0.070435
0.032312,0.025996,-0.057751
0.033575,0.026907,-0.046482
0.034963,0.027758,-0.036532
0.036628,0.028361,-0.027829
0.038572,0.028717,-0.020313
0.040794,0.02883,-0.013944
0.043294,0.028703,-0.0086823
0.035794,0.022493,-0.0060355
0.029097,0.016824,-0.0041283
0.02322,0.011705,-0.0027816
0.01818,0.0071426,-0.0018517
0.013995,0.0031429,-0.0012293
0.010686,-0.00028677,-0.00082491
0.0082702,-0.0031375,-0.00057006
0.0067608,-0.0053961,-0.00040846
0.0061625,-0.0070432,-0.00029882
0.0064476,-0.0080679,-0.00021224
0.0086083,-0.0081018,-0.00035477
0.013867,-0.0057151,-0.0004225
0.022359,-0.00074843,-0.00035949
0.03424,0.0069561,-0.00012206
0.049677,0.01755,0.00031405
0.068828,0.031173,0.00096069
0.091848,0.047957,0.0018209
0.11888,0.068024,0.0028944
0.15007,0.091489,0.0041789
0.18554,0.11846,0.0056712
0.17255,0.11308,0.0065944
0.16011,0.10768,0.0065345
0.14818,0.10222,0.0071235
0.13678,0.096662,0.0090496
0.12589,0.091013,0.012388
0.11553,0.085274,0.017185
0.1057,0.079449,0.023475
0.096406,0.073542,0.031279
0.087654,0.067556,0.040606
0.07945,0.061496,0.051463
0.099005,0.076981,0.027853
0.1207,0.093584,0.012857
0.14458,0.11135,0.0063144
0.17073,0.13043,0.0050301
0.19931,0.15131,-0.0030666
0.23035,0.17402,-0.019021
0.26387,0.1986,-0.042596
0.29986,0.22504,-0.073543
0.33834,0.25335,-0.1116
0.3793,0.28353,-0.15653
0.34513,0.25484,-0.12729
0.31268,0.22777,-0.10272
0.28193,0.20227,-0.081804
0.25286,0.17832,-0.063932
0.22546,0.1559,-0.048672
0.19972,0.13498,-0.03575
0.17562,0.11555,-0.024965
0.15316,0.097599,-0.01618
0.13233,0.081112,-0.0092941
0.11311,0.066076,-0.0042311
0.11403,0.072539,0.0011126
0.11546,0.078628,0.0023267
0.11739,0.084174,0.0064005
0.11981,0.089156,0.014688
0.1227,0.093589,0.02697
0.12608,0.097484,0.043073
0.12994,0.10085,0.062848
0.13414,0.10386,0.086177
0.13807,0.10732,0.11296
0.14164,0.11135,0.1431
0.12339,0.097639,0.12324
0.10651,0.084936,0.10629
0.090961,0.073232,0.091643
0.076721,0.062513,0.078866
0.063758,0.052764,0.067637
0.052044,0.043967,0.057728
0.041549,0.036104,0.048956
0.032245,0.029157,0.041188
0.024103,0.023104,0.034312
0.017093,0.017925,0.028241
0.0221,0.02024,0.036305
0.027515,0.023137,0.045467
0.033362,0.026656,0.055729
0.039667,0.030838,0.067072
0.04645,0.035724,0.079461
0.053763,0.041319,0.092844
0.061882,0.047329,0.10715
0.070904,0.053694,0.12231
0.080863,0.060426,0.13824
0.091791,0.067538,0.15487
0.093656,0.065041,0.11717
0.096225,0.061596,0.086503
0.099475,0.057266,0.061629
0.1034,0.052091,0.041669
0.10803,0.04609,0.025973
0.11336,0.039261,0.014057
0.11945,0.031593,0.0055512
0.12634,0.02306,0.00016645
0.13405,0.013628,-0.0023295
0.14263,0.003243,-0.0029141
0.15096,0.007582,-0.0040268
0.15955,0.012068,-0.0056388
0.16839,0.016698,-0.0077367
0.17747,0.021471,-0.010309
0.18681,0.026385,-0.013341
0.19639,0.03144,-0.016822
0.20621,0.036634,-0.020735
0.21627,0.041969,-0.02507
0.22657,0.047445,-0.029809
0.23711,0.053064,-0.034942
0.26082,0.020579,-0.026144
0.28837,-0.017385,-0.018805
0.31973,-0.060842,-0.012709
0.35492,-0.1098,-0.0076907
0.39391,-0.16424,-0.003609
0.43672,-0.22417,-0.00036657
0.48335,-0.28957,0.0021218
0.53379,-0.36041,0.0039942
0.58809,-0.43663,0.006359
0.64624,-0.5182,0.0094666
0.63136,-0.50078,0.0086223
0.6169,-0.48449,0.0080984
0.60282,-0.46926,0.0077973
0.58909,-0.455,0.007672
0.57567,-0.44166,0.0077296
0.56254,-0.42918,0.0079672
0.54968,-0.41748,0.0084093
0.53707,-0.40653,0.0090658
0.5247,-0.39627,0.0099622
0.51254,-0.38666,0.011111
0.4744,-0.34489,0.003849
0.43937,-0.30601,0.00098664
0.40711,-0.2699,-0.0018539
0.37732,-0.23644,-0.0084759
0.34981,-0.20542,-0.018733
0.3244,-0.17664,-0.032518
0.30092,-0.14994,-0.049733
0.27923,-0.12515,-0.070306
0.2592,-0.10216,-0.094164
0.2407,-0.080832,-0.12126
0.11946,0.095883,-0.036145
0.11558,0.091097,-0.050175
0.11153,0.086674,-0.06627
0.10732,0.082624,-0.084289
0.10294,0.078958,-0.1041
0.098425,0.075646,-0.12561
0.09408,0.072286,-0.14873
0.089992,0.068774,-0.17339
0.086159,0.065118,-0.1995
0.08258,0.061323,-0.22703
0.089253,0.066991,-0.20354
0.096124,0.07275,-0.18377
0.10321,0.078613,-0.16692
0.11052,0.08459,-0.15248
0.11806,0.090687,-0.13999
0.12584,0.096911,-0.12913
0.13386,0.10326,-0.11963
0.14213,0.10975,-0.11128
0.15066,0.11638,-0.1039
0.15944,0.12314,-0.097359
0.15892,0.12294,-0.12019
0.15854,0.12264,-0.14304
0.15831,0.12225,-0.16558
0.15823,0.12174,-0.18761
0.1583,0.12112,-0.20899
0.15853,0.12037,-0.22966
0.15891,0.11949,-0.24956
0.15945,0.11845,-0.2687
0.16014,0.11726,-0.28707
0.16098,0.11591,-0.30471
0.17762,0.122,-0.24734
0.19476,0.12832,-0.20114
0.21248,0.13486,-0.16348
0.23084,0.1416,-0.13255
0.24991,0.14854,-0.10702
0.26971,0.15569,-0.085874
0.29029,0.16303,-0.068373
0.31166,0.17058,-0.053903
0.33385,0.17832,-0.042004
0.35687,0.18626,-0.032288
0.34473,0.16882,-0.038769
0.333,0.15151,-0.043496
0.32168,0.13436,-0.046625
0.31077,0.11739,-0.048375
0.30025,0.10063,-0.048997
0.29012,0.084099,-0.048704
0.28037,0.067828,-0.047699
0.27101,0.051836,-0.046135
0.26203,0.036139,-0.044158
0.25343,0.020754,-0.041866
0.25641,0.0085668,-0.026278
0.25961,-0.0037575,-0.015875
0.26303,-0.016259,-0.0095008
0.26668,-0.028968,-0.0063202
0.27056,-0.041907,-0.0056814
0.27473,-0.055129,-0.0045684
0.27921,-0.068656,-0.0016331
0.28397,-0.082481,0.0028696
0.28902,-0.096598,0.008737
0.29436,-0.111,0.015816
0.32526,-0.1085,0.023102
0.35801,-0.10508,0.030806
0.39261,-0.10072,0.03875
0.42907,-0.095405,0.046808
0.4674,-0.089133,0.054868
0.50761,-0.081889,0.062856
0.54971,-0.073668,0.070692
0.59369,-0.064465,0.078317
0.63958,-0.054278,0.085658
0.68737,-0.043105,0.09265
0.65315,-0.048943,0.111
0.62061,-0.05479,0.12999
0.58965,-0.060607,0.14944
0.56018,-0.066358,0.16924
0.53212,-0.072013,0.18927
0.50539,-0.077546,0.20947
0.47994,-0.082936,0.22974
0.4557,-0.088164,0.25006
0.43262,-0.093215,0.27034
0.41064,-0.098077,0.29059
0.42191,-0.087059,0.33353
0.4335,-0.075694,0.37873
0.44543,-0.063985,0.42601
0.45768,-0.051935,0.4753
0.47025,-0.039547,0.52639
0.48315,-0.026832,0.57926
0.49638,-0.013793,0.63365
0.50992,-0.000464,0.68959
0.52379,0.013156,0.74681
0.53799,0.027057,0.80536
0.5259,0.073838,0.72093
0.51667,0.11666,0.6456
0.51001,0.15587,0.57692
0.50573,0.19177,0.51371
0.50364,0.22461,0.45506
0.50359,0.25461,0.4005
0.50547,0.28196,0.34968
0.50918,0.30684,0.30235
0.51463,0.3294,0.25841
0.52177,0.34974,0.2177
0.51395,0.33707,0.17836
0.50665,0.32409,0.15086
0.4998,0.31078,0.13123
0.49333,0.29718,0.11699
0.48721,0.28329,0.10663
0.48142,0.26912,0.099107
0.47594,0.25469,0.093787
0.47075,0.24002,0.090176
0.46585,0.22513,0.088002
0.46122,0.21002,0.087011
0.45116,0.20476,0.09187
0.44138,0.19968,0.092974
0.43189,0.19478,0.091308
0.42269,0.19005,0.087637
0.4138,0.18549,0.082604
0.40521,0.18111,0.076658
0.39691,0.17688,0.070174
0.38889,0.17281,0.063393
0.38115,0.1689,0.056532
0.37369,0.16514,0.049712
0.36542,0.17178,0.069937
0.35757,0.17787,0.092718
0.35015,0.18341,0.11803
0.34316,0.18841,0.14583
0.33662,0.19287,0.1761
0.33052,0.19679,0.2088
0.32489,0.20018,0.24393
0.31971,0.20302,0.28145
0.31501,0.20533,0.32134
0.31078,0.20711,0.36359
0.31246,0.20851,0.29555
0.31436,0.20996,0.23927
0.31643,0.21146,0.19207
0.31864,0.21299,0.15219
0.32096,0.21454,0.11833
0.32337,0.21611,0.089576
0.32586,0.21769,0.06525
0.32842,0.21929,0.044819
0.33105,0.2209,0.027892
0.33374,0.22252,0.014138
0.31332,0.20556,-0.0052865
0.29435,0.18939,-0.011864
0.27647,0.17383,-0.014825
0.25925,0.15866,-0.026706
0.24263,0.14386,-0.046646
0.22661,0.12939,-0.073836
0.21115,0.11526,-0.10763
0.19624,0.10144,-0.14758
0.18185,0.087916,-0.19325
0.16797,0.074684,-0.24438
0.18978,0.074525,-0.22216
0.2131,0.073238,-0.20347
0.23797,0.070816,-0.18761
0.26439,0.067258,-0.17415
0.29237,0.062559,-0.16264
0.32194,0.05672,-0.15278
0.35308,0.049742,-0.14427
0.38581,0.041632,-0.13689
0.42013,0.032397,-0.13043
0.45604,0.022047,-0.12473
0.44643,0.06436,-0.071685
0.4387,0.10268,-0.039121
0.43282,0.13741,-0.021952
0.42876,0.16889,-0.017014
0.42683,0.19747,-0.012292
0.42723,0.22347,0.001143
0.42988,0.24699,0.022285
0.43471,0.26814,0.050403
0.44165,0.28699,0.08492
0.45069,0.30359,0.1254
0.45706,0.2914,0.06444
0.46752,0.27434,0.023942
0.48191,0.25243,-0.0015345
0.50017,0.22568,-0.015361
0.52224,0.19409,-0.019755
0.54786,0.15756,-0.02401
0.57679,0.11602,-0.03528
0.60911,0.069483,-0.052815
0.64482,0.017943,-0.076065
0.68394,-0.038584,-0.10462
0.65032,-0.0050199,-0.095553
0.61875,0.026264,-0.087937
0.58916,0.055321,-0.081191
0.56152,0.082198,-0.075006
0.53576,0.10693,-0.069204
0.51184,0.12956,-0.063695
0.48972,0.15012,-0.058431
0.46935,0.16863,-0.053396
0.45069,0.18511,-0.048587
0.43371,0.19959,-0.044011
0.44748,0.21195,-0.062548
0.46155,0.22446,-0.083539
0.47594,0.23712,-0.1064
0.49065,0.24995,-0.13072
0.50571,0.26294,-0.15623
0.52111,0.27609,-0.18275
0.53685,0.2894,-0.21012
0.55295,0.30286,-0.23823
0.5694,0.31648,-0.26696
0.5862,0.33025,-0.29625
0.6223,0.35125,-0.31181
0.65952,0.37297,-0.32993
0.69788,0.39542,-0.35003
0.73737,0.41862,-0.37177
0.778,0.44255,-0.39474
0.81976,0.46723,-0.41873
0.86266,0.49265,-0.44345
0.90668,0.51882,-0.4688
0.95181,0.54571,-0.49456
0.99803,0.57334,-0.52071
0.88027,0.49134,-0.38305
0.77268,0.41721,-0.28397
0.67479,0.35037,-0.20913
0.58601,0.2903,-0.15133
0.50577,0.23652,-0.10643
0.43353,0.1886,-0.071843
0.36878,0.14613,-0.045847
0.31104,0.10874,-0.027149
0.25986,0.076094,-0.014807
0.21483,0.047866,-0.0080467
0.21121,0.060703,-0.0092763
0.20829,0.072805,-0.010902
0.20608,0.084148,-0.012839
0.20459,0.094709,-0.015021
0.20382,0.10446,-0.017419
0.20376,0.11339,-0.020001
0.20444,0.12148,-0.022764
0.20583,0.1287,-0.025688
0.20794,0.13504,-0.028776
0.21077,0.14048,-0.032012
0.21648,0.14538,-0.012513
0.22196,0.14989,-0.0084262
0.22787,0.15428,0.0019291
0.23439,0.15864,0.023801
0.24133,0.16313,0.055577
0.24845,0.16803,0.096015
0.2557,0.17332,0.14409
0.26305,0.17901,0.19897
0.27047,0.1851,0.25992
0.27792,0.19159,0.32638
0.26627,0.1808,0.34427
0.25487,0.17093,0.36519
0.24368,0.16194,0.38838
0.23265,0.15381,0.41348
0.22201,0.14614,0.43997
0.21214,0.13828,0.46769
0.20303,0.1302,0.49627
0.19465,0.1219,0.52564
0.18697,0.11336,0.55549
0.17997,0.10458,0.58584
0.16587,0.10501,0.50824
0.1557,0.10165,0.44815
0.1464,0.098516,0.39996
0.13509,0.099592,0.36028
0.12172,0.10468,0.32677
0.10626,0.11364,0.2979
0.088638,0.12643,0.27255
0.068794,0.14302,0.24995
0.046652,0.16344,0.22955
0.022128,0.18775,0.21093
0.022284,0.16626,0.18704
0.022317,0.14636,0.16507
0.022233,0.12799,0.14499
0.022033,0.11109,0.12669
0.021719,0.095615,0.11009
0.021289,0.081517,0.095063
0.020743,0.06875,0.081531
0.020078,0.057269,0.069368
0.01929,0.047034,0.058504
0.018377,0.038004,0.048826
0.019705,0.031255,0.043011
0.020462,0.025514,0.038297
0.02067,0.020752,0.034484
0.02035,0.01694,0.031384
0.019523,0.014055,0.02887
0.018208,0.012075,0.026814
0.0166,0.010713,0.025126
0.015517,0.0087375,0.023705
0.015057,0.006008,0.022485
0.015222,0.0025268,0.021386
0.013856,0.001196,0.012618
0.012618,2.846e-05,0.0061568
0.0115,-0.00098286,0.0019618
0.010496,-0.001849,-1.4222e-05
0.0095879,-0.0025953,-0.00053469
0.008709,-0.0032845,-0.0028302
0.0078613,-0.0039414,-0.0072671
0.007057,-0.0045864,-0.013848
0.0063094,-0.0052379,-0.022579
0.0056317,-0.0059115,-0.033489
0.0090944,-0.0062006,-0.029251
0.013556,-0.0062277,-0.025326
0.019029,-0.0060369,-0.021703
0.025522,-0.0056719,-0.018387
0.033047,-0.0051743,-0.01537
0.041614,-0.0045825,-0.012659
0.051231,-0.0039323,-0.010249
0.061908,-0.0032561,-0.0081427
0.073656,-0.0025835,-0.0063348
0.086484,-0.0019408,-0.0048222
0.082007,-0.0032188,-0.0052802
0.07767,-0.0044775,-0.0059279
0.073471,-0.0057134,-0.0067744
0.069412,-0.0069232,-0.0078315
0.065494,-0.0081037,-0.0091096
0.061716,-0.0092516,-0.01062
0.05808,-0.010364,-0.012373
0.054586,-0.011438,-0.014376
0.051235,-0.012471,-0.016639
0.048027,-0.013459,-0.019167
0.047541,0.003457,-0.015385
0.049719,0.017709,-0.012293
0.054517,0.029527,-0.0097031
0.062008,0.039069,-0.007494
0.072148,0.04674,-0.0055911
0.082387,0.056881,-0.0039993
0.09197,0.071065,-0.0027191
0.10093,0.089651,-0.0017492
0.10928,0.11302,-0.0010891
0.11701,0.14157,-0.0007337
0.13755,0.13997,-0.00034175
0.15785,0.14009,3.9792e-05
0.17797,0.14193,0.00042522
0.19792,0.14551,0.00099222
0.21776,0.15084,0.0018057
0.2375,0.15793,0.0029201
0.25718,0.16682,0.0043852
0.27682,0.17753,0.0062457
0.2967,0.18971,0.0085481
0.3181,0.20139,0.011362
0.30024,0.18688,0.031772
0.28346,0.17174,0.061637
0.26777,0.15595,0.099007
0.25317,0.1395,0.14261
0.23965,0.12237,0.19156
0.22719,0.10454,0.24527
0.2158,0.08602,0.30323
0.20547,0.066793,0.36516
0.19619,0.046856,0.43071
0.18796,0.026207,0.49972
0.174,0.056832,0.38131
0.16428,0.079436,0.29147
0.15877,0.094398,0.22133
0.1574,0.10203,0.16571
0.15892,0.10448,0.12122
0.15681,0.11225,0.085517
0.15017,0.12691,0.057149
0.13907,0.14851,0.035198
0.1235,0.17718,0.019083
0.10343,0.2131,0.0084107
0.12799,0.20771,0.0057994
0.15235,0.20385,0.0052506
0.17655,0.20151,0.0057003
0.20072,0.20068,0.0044756
0.2249,0.20136,0.0015011
0.2491,0.20356,-0.003159
0.27336,0.20728,-0.0094356
0.29769,0.21253,-0.01728
0.32213,0.21931,-0.026628
0.34668,0.22765,-0.037442
0.35141,0.24111,-0.037132
0.35473,0.25716,-0.037079
0.35664,0.27582,-0.037212
0.35711,0.2971,-0.037505
0.35615,0.32104,-0.037896
0.35373,0.34763,-0.038361
0.34984,0.37693,-0.038854
0.34448,0.40893,-0.039362
0.33763,0.44366,-0.039848
0.32928,0.48114,-0.040308
0.27933,0.43304,-0.043357
0.23367,0.38829,-0.047038
0.19215,0.34676,-0.051088
0.15462,0.30832,-0.055368
0.12093,0.27288,-0.059775
0.090959,0.24032,-0.064267
0.064572,0.21055,-0.0688
0.041651,0.18348,-0.073366
0.02208,0.15901,-0.077943
0.0057464,0.13708,-0.082537
0.039416,0.14869,-0.063413
0.079188,0.16422,-0.04661
0.12531,0.1838,-0.031969
0.17803,0.20759,-0.019401
0.23763,0.23573,-0.0088467
0.30435,0.26842,-0.00027031
0.37844,0.30582,0.0063549
0.46013,0.34811,0.011045
0.54962,0.39544,0.013813
0.64708,0.44795,0.01616
0.58028,0.41456,0.013261
0.51668,0.3839,0.010913
0.45623,0.35591,0.0089247
0.39883,0.33056,0.0069673
0.34441,0.30781,0.0050352
0.2929,0.28762,0.0031269
0.24423,0.26995,0.0012388
0.19834,0.25477,-0.00063954
0.15517,0.24206,-0.0025178
0.11467,0.23178,-0.0044085
0.14618,0.22268,-0.0045265
0.17743,0.21602,-0.0047898
0.2084,0.21183,-0.0051938
0.23907,0.21013,-0.0057365
0.26942,0.21097,-0.0064148
0.29946,0.21434,-0.0072281
0.32918,0.22026,-0.0081739
0.35858,0.22873,-0.0092526
0.38766,0.23976,-0.010462
0.41643,0.25334,-0.011804
0.41833,0.25637,-0.0092938
0.41969,0.2602,-0.0078463
0.42052,0.26482,-0.0073413
0.42082,0.27022,-0.007691
0.4206,0.27641,-0.0082989
0.41988,0.28339,-0.0082007
0.41866,0.29115,-0.0074106
0.41696,0.29969,-0.0059593
0.41477,0.30901,-0.0038689
0.41211,0.31911,-0.0011601
0.38945,0.30469,0.015163
0.36739,0.29084,0.036106
0.34595,0.27756,0.060558
0.32514,0.26484,0.087823
0.30498,0.25267,0.11744
0.28548,0.24106,0.14909
0.26666,0.22999,0.18254
0.24854,0.21948,0.21764
0.23113,0.20952,0.25421
0.21445,0.2001,0.29218
0.22147,0.20158,0.23635
0.2291,0.20317,0.19052
0.23723,0.20488,0.15222
0.24578,0.2067,0.11987
0.25472,0.20865,0.092314
0.26399,0.21075,0.068731
0.27357,0.21299,0.048518
0.28342,0.21538,0.031231
0.29355,0.21794,0.016536
0.30392,0.22068,0.0041723
0.31296,0.23888,-0.0065693
0.32171,0.25861,-0.015082
0.33015,0.27987,-0.021567
0.3383,0.30267,-0.026189
0.34615,0.327,-0.029082
0.35364,0.35287,-0.031064
0.36062,0.38023,-0.034428
0.36707,0.40909,-0.039265
0.37299,0.43946,-0.045502
0.3784,0.47134,-0.053073
0.38851,0.48002,-0.048557
0.39858,0.48878,-0.045575
0.40862,0.49759,-0.043893
0.41865,0.50648,-0.04334
0.42866,0.51544,-0.043837
0.43872,0.52448,-0.044766
0.44891,0.53363,-0.044708
0.45927,0.5429,-0.043609
0.46977,0.55229,-0.041476
0.48042,0.56179,-0.038297
0.43308,0.51739,-0.041517
0.38884,0.47551,-0.040672
0.34748,0.43602,-0.037418
0.30859,0.3987,-0.036342
0.27204,0.36347,-0.037877
0.2378,0.33024,-0.041767
0.2058,0.29895,-0.047824
0.17599,0.26953,-0.055906
0.14834,0.24192,-0.065898
0.12277,0.21606,-0.077709
0.11846,0.21384,-0.064969
0.11406,0.2116,-0.054576
0.10961,0.20933,-0.045995
0.10514,0.20705,-0.038854
0.10067,0.20477,-0.032875
0.096217,0.2025,-0.027861
0.091787,0.20023,-0.023659
0.087392,0.19796,-0.020157
0.083038,0.19571,-0.017269
0.078732,0.19347,-0.014926
0.10816,0.20901,-0.016031
0.14026,0.22616,-0.017519
0.17506,0.24492,-0.019376
0.21259,0.26531,-0.021584
0.25287,0.28731,-0.02413
0.29595,0.31096,-0.026932
0.34185,0.33625,-0.029637
0.39062,0.3632,-0.032171
0.44227,0.3918,-0.034524
0.49682,0.42207,-0.036674
0.45759,0.41091,-0.029679
0.41953,0.4008,-0.022149
0.38258,0.39168,-0.014634
0.34672,0.38353,-0.0074002
0.31192,0.37632,-0.00058696
0.27815,0.37003,0.0057518
0.2454,0.36465,0.011575
0.21366,0.36016,0.016878
0.1829,0.35654,0.02165
0.15312,0.35379,0.0259
0.12461,0.35766,0.029642
0.096666,0.3626,0.033289
0.069274,0.36857,0.036781
0.042412,0.37557,0.040083
0.016064,0.38358,0.043157
-0.0097841,0.3926,0.04598
-0.035146,0.40261,0.048522
-0.060032,0.41362,0.050774
-0.084453,0.4256,0.052716
-0.10842,0.43856,0.054341
-0.095522,0.41697,0.064033
-0.083266,0.39656,0.074817
-0.071615,0.37724,0.086598
-0.060538,0.35896,0.09931
-0.050009,0.34165,0.11289
-0.040001,0.32525,0.12729
-0.030493,0.30972,0.14247
-0.021463,0.29501,0.1584
-0.012893,0.28108,0.17504
-0.0047635,0.26788,0.19237
-0.002243,0.26404,0.22111
0.00016231,0.26018,0.25143
0.0024427,0.25631,0.28326
0.0045888,0.25245,0.31663
0.0065934,0.24859,0.35145
0.0084494,0.24474,0.38775
0.010152,0.24091,0.42545
0.011698,0.2371,0.4646
0.013084,0.23332,0.50507
0.01431,0.22956,0.54694
0.010814,0.23069,0.56474
0.0074435,0.23183,0.5782
0.0042011,0.233,0.58781
0.0010878,0.23423,0.59428
-0.0018977,0.23556,0.59792
-0.0047525,0.23699,0.59928
-0.0074815,0.23855,0.59853
-0.010072,0.24025,0.59608
-0.012532,0.24209,0.59202
-0.014821,0.2441,0.58663
-0.011838,0.23391,0.54559
-0.0090152,0.22418,0.51291
-0.0063095,0.21482,0.48624
-0.003683,0.20579,0.46407
-0.0011384,0.19704,0.44531
0.0013462,0.18857,0.42919
0.0037739,0.18036,0.41517
0.0061574,0.17238,0.40282
0.0084938,0.16465,0.39187
0.01079,0.15714,0.38205
-0.0059618,0.13971,0.37186
-0.019753,0.1241,0.36193
-0.030653,0.11027,0.35237
-0.038718,0.098197,0.34314
-0.044009,0.08786,0.33429
-0.046572,0.07923,0.32575
-0.046453,0.07229,0.3175
-0.044001,0.066847,0.30946
-0.043182,0.060746,0.30152
-0.045171,0.053351,0.29356
-0.045367,0.058461,0.2618
-0.046014,0.063809,0.23508
-0.047063,0.069381,0.21235
-0.048471,0.075171,0.19279
-0.050214,0.081176,0.17584
-0.052268,0.087396,0.16102
-0.054622,0.093833,0.14799
-0.057262,0.10049,0.13646
-0.060185,0.10737,0.12623
-0.063387,0.11447,0.1171
-0.067592,0.12358,0.11772
-0.070766,0.13373,0.11731
-0.072542,0.14516,0.116
-0.072923,0.15789,0.11383
-0.071911,0.17194,0.11089
-0.069505,0.18733,0.10725
-0.065701,0.20408,0.103
-0.060493,0.22221,0.098199
-0.053873,0.24175,0.092942
-0.045833,0.2627,0.087295
-0.057355,0.29062,0.067855
-0.069687,0.32028,0.051405
-0.082815,0.35166,0.037652
-0.096728,0.38479,0.026332
-0.11142,0.41966,0.017254
-0.12687,0.45629,0.010239
-0.14308,0.49467,0.0051568
-0.16004,0.5348,0.0018855
-0.17775,0.57669,0.00033358
-0.19619,0.62034,0.00039229
-0.14683,0.59025,0.00071571
-0.095855,0.56357,0.0012534
-0.043254,0.54021,0.0019074
0.010991,0.52011,0.0026207
0.066904,0.50323,0.0033885
0.12451,0.48952,0.0042185
0.18385,0.47895,0.0051363
0.24496,0.47152,0.0061579
0.30787,0.4672,0.0073066
0.37263,0.466,0.0085729
0.33146,0.42428,0.0025868
0.29286,0.38581,-0.0010526
0.25677,0.35036,-0.002675
0.22312,0.31771,-0.0027164
0.19181,0.28769,-0.0037539
0.16277,0.26013,-0.0064155
0.13596,0.23487,-0.010602
0.11131,0.21176,-0.016239
0.088766,0.19069,-0.023266
0.068281,0.17153,-0.03164
0.057398,0.18413,-0.019382
0.046039,0.19768,-0.010451
0.0342,0.2122,-0.0044522
0.021881,0.22768,-0.0010778
0.0090806,0.24414,-4.8332e-05
-0.0041662,0.26158,0.001374
-0.017841,0.28001,0.0047778
-0.031949,0.29944,0.010018
-0.046494,0.31988,0.016974
-0.06148,0.34134,0.025541
-0.048796,0.31764,0.01671
-0.036694,0.29474,0.010675
-0.025194,0.27265,0.0065235
-0.01431,0.25141,0.0036736
-0.004053,0.23103,0.0017444
0.0055678,0.21153,0.00047817
0.014545,0.19294,-0.00030162
0.022872,0.17528,-0.00072032
0.030544,0.15857,-0.00086882
0.037554,0.14282,-0.00099762
0.046781,0.16772,-0.0039597
0.056824,0.19465,-0.010598
0.067672,0.2236,-0.020648
0.07932,0.25457,-0.033812
0.091766,0.28756,-0.049782
0.10501,0.32256,-0.068265
0.11905,0.35956,-0.088991
0.13389,0.39857,-0.11173
0.14954,0.43958,-0.13625
0.16601,0.48258,-0.1624
0.18195,0.52447,-0.13962
0.19892,0.56821,-0.12174
0.21696,0.61381,-0.10734
0.23609,0.66131,-0.09548
0.25633,0.71072,-0.085458
0.27768,0.76207,-0.076821
0.30012,0.81537,-0.069241
0.32364,0.87065,-0.062533
0.34822,0.92792,-0.056552
0.37383,0.98719,-0.051228
0.3398,0.925,-0.042879
0.30801,0.86518,-0.038396
0.27834,0.80767,-0.03604
0.25067,0.75243,-0.035011
0.22489,0.69943,-0.034903
0.20089,0.64862,-0.035511
0.17861,0.59995,-0.036727
0.15793,0.55339,-0.038503
0.1388,0.5089,-0.040819
0.12113,0.46645,-0.043677
0.087329,0.45043,-0.038279
0.056242,0.43596,-0.032838
0.027702,0.42294,-0.027649
0.0015516,0.41126,-0.022897
-0.022351,0.40084,-0.0187
-0.044138,0.39161,-0.015129
-0.063928,0.38349,-0.012228
-0.081827,0.37642,-0.010022
-0.097934,0.37034,-0.0085246
-0.11234,0.36518,-0.0077424
-0.1139,0.37915,-0.0081503
-0.11542,0.3934,-0.008607
-0.11688,0.40792,-0.0088669
-0.11829,0.42273,-0.0089447
-0.11964,0.43781,-0.0088488
-0.12093,0.45318,-0.0085925
-0.12216,0.46884,-0.0081804
-0.12333,0.48477,-0.0076201
-0.12444,0.50099,-0.0069133
-0.12549,0.5175,-0.0060664
-0.083856,0.44754,0.0004021
-0.046031,0.38333,0.0071133
-0.012055,0.32486,0.013909
0.018048,0.27217,0.020703
0.044269,0.22527,0.027436
0.066612,0.18419,0.034073
0.085097,0.14896,0.040578
0.099766,0.11962,0.046928
0.11068,0.09622,0.053097
0.11793,0.078806,0.059071
0.1305,0.092907,0.055294
0.14373,0.10875,0.051676
0.15766,0.12636,0.048207
0.17233,0.14575,0.044885
0.18778,0.16695,0.041692
0.20403,0.18997,0.038623
0.22113,0.21483,0.035657
0.2391,0.24155,0.032782
0.25796,0.27013,0.029977
0.27774,0.30058,0.027239
0.27783,0.27186,0.0057499
0.27721,0.24626,-0.0054468
0.27591,0.22349,-0.009334
0.27394,0.20323,-0.0097546
0.27132,0.18504,-0.013928
0.26807,0.16881,-0.021672
0.2642,0.15446,-0.03238
0.25974,0.14193,-0.045622
0.25468,0.13114,-0.061065
0.24904,0.12205,-0.078463
0.27136,0.14856,-0.043429
0.29205,0.18287,-0.022195
0.3113,0.22537,-0.012314
0.32924,0.27641,-0.01162
0.34599,0.33673,-0.0087314
0.36164,0.40671,0.00023967
0.37622,0.48651,0.014174
0.38977,0.57628,0.032136
0.40231,0.67613,0.053367
0.41385,0.78612,0.077277
0.49064,0.7795,0.06953
0.56965,0.77541,0.064312
0.65086,0.77382,0.060366
0.73429,0.77474,0.056957
0.81993,0.77817,0.053632
0.90778,0.78413,0.050115
0.99785,0.79263,0.046242
1.0901,0.80369,0.041908
1.1847,0.81732,0.037067
1.2814,0.83356,0.031676
1.1715,0.80742,0.019756
1.0648,0.78398,0.013656
0.96143,0.76313,0.010591
0.8614,0.7448,0.0092283
0.76473,0.72896,0.0089493
0.67146,0.71558,0.0093997
0.58162,0.70465,0.010412
0.49523,0.69615,0.011882
0.41233,0.6901,0.013756
0.33294,0.68648,0.015984
0.33557,0.66141,-0.0084499
0.33803,0.63785,-0.021122
0.34028,0.61559,-0.025945
0.3423,0.59441,-0.026998
0.34398,0.574,-0.031599
0.34531,0.55432,-0.039571
0.34631,0.53532,-0.050269
0.34702,0.51697,-0.063227
0.34743,0.49924,-0.078068
0.34757,0.4821,-0.094499
0.42701,0.5095,-0.10033
0.51232,0.53962,-0.10694
0.60354,0.57246,-0.11419
0.7007,0.60806,-0.12196
0.80384,0.64642,-0.13014
0.91299,0.68756,-0.13865
1.0282,0.7315,-0.14741
1.1494,0.77823,-0.15635
1.2768,0.82777,-0.1654
1.4102,0.88012,-0.17456
1.3257,0.86709,-0.12361
1.243,0.85507,-0.096655
1.1622,0.84439,-0.081824
1.0833,0.83516,-0.073985
1.0065,0.8274,-0.070526
0.93183,0.82124,-0.066496
0.85927,0.81669,-0.06025
0.78878,0.81369,-0.052381
0.72028,0.81218,-0.043313
0.65371,0.81212,-0.033385
0.63218,0.82192,-0.021664
0.61102,0.83241,-0.0090031
0.59021,0.84354,0.0043286
0.56971,0.85531,0.018119
0.5495,0.8677,0.032176
0.52955,0.88069,0.046349
0.50983,0.89428,0.060475
0.49032,0.90846,0.074445
0.47101,0.9232,0.088129
0.45186,0.93851,0.10144
0.42239,0.88108,0.071358
0.39435,0.82656,0.053325
0.36746,0.77463,0.041806
0.34161,0.72506,0.034132
0.31672,0.67773,0.028882
0.29278,0.6325,0.025276
0.26976,0.5893,0.022838
0.24767,0.54804,0.021278
0.2265,0.50866,0.020391
0.20625,0.47109,0.020047
0.19639,0.46546,-0.00043395
0.18722,0.46025,-0.014497
0.17865,0.45541,-0.02359
0.17059,0.45087,-0.028674
0.163,0.44661,-0.030424
0.15574,0.44253,-0.030683
0.14854,0.43847,-0.03322
0.14141,0.43443,-0.037975
0.13435,0.43039,-0.044726
0.12736,0.42636,-0.053287
0.13582,0.44405,-0.047731
0.14446,0.46185,-0.043968
0.15333,0.47977,-0.041495
0.16245,0.49781,-0.039975
0.17185,0.51596,-0.039181
0.18156,0.53421,-0.038956
0.19157,0.55254,-0.039196
0.20192,0.57094,-0.039827
0.21261,0.5894,-0.040801
0.22366,0.60789,-0.04208
0.21457,0.62953,-0.04137
0.20519,0.65201,-0.039326
0.19547,0.67532,-0.036531
0.18538,0.69944,-0.033294
0.1749,0.72439,-0.029806
0.16404,0.75019,-0.026182
0.15276,0.77683,-0.022502
0.14106,0.80433,-0.01882
0.12894,0.83272,-0.015182
0.11638,0.86199,-0.011628
0.11683,0.91216,-0.023209
0.11736,0.96391,-0.031681
0.11791,1.0172,-0.038317
0.11846,1.072,-0.043862
0.11899,1.1283,-0.048726
0.11952,1.186,-0.053167
0.12004,1.2452,-0.057334
0.12057,1.3059,-0.061331
0.12112,1.368,-0.065215
0.1217,1.4316,-0.069038
0.089858,1.3146,-0.046054
0.06245,1.2038,-0.018169
0.038989,1.0988,0.012069
0.019096,0.99954,0.043863
0.0024323,0.90576,0.076904
-0.011305,0.81737,0.11103
-0.022397,0.73426,0.1461
-0.031109,0.65631,0.18202
-0.037683,0.58344,0.2187
-0.042349,0.51554,0.25609
-0.023681,0.53377,0.26543
-0.0033339,0.55272,0.27246
0.018721,0.57242,0.27737
0.042505,0.59287,0.28047
0.068038,0.6141,0.28189
0.095332,0.63613,0.28183
0.1244,0.65895,0.28037
0.15524,0.68258,0.27765
0.18787,0.70702,0.27372
0.22227,0.73227,0.26867
0.18666,0.7597,0.23041
0.15128,0.78914,0.2035
0.11606,0.82034,0.18355
0.080954,0.85318,0.16803
0.04594,0.88755,0.1554
0.011001,0.9234,0.1447
-0.023875,0.96069,0.13534
-0.058699,0.99939,0.12693
-0.093478,1.0395,0.11923
-0.12822,1.0809,0.11208
-0.14517,1.0981,0.10293
-0.16154,1.1148,0.092283
-0.17737,1.131,0.080962
-0.19266,1.1467,0.069445
-0.20745,1.1621,0.058036
-0.22174,1.177,0.046888
-0.23555,1.1914,0.036112
-0.24889,1.2055,0.025743
-0.26179,1.2192,0.015822
-0.27425,1.2324,0.0063448
-0.2512,1.1502,0.034693
-0.22944,1.0732,0.06226
-0.20891,1.0011,0.08959
-0.1895,0.93352,0.11703
-0.17117,0.87012,0.14482
-0.15382,0.81062,0.17311
-0.1374,0.75477,0.20197
-0.12186,0.70233,0.23148
-0.10714,0.6531,0.26162
-0.093205,0.60689,0.29245
-0.098211,0.66249,0.30007
-0.10305,0.72072,0.30681
-0.10769,0.78157,0.31263
-0.11211,0.84498,0.31759
-0.1163,0.91091,0.32166
-0.12023,0.97931,0.32489
-0.12389,1.0501,0.32723
-0.12727,1.1233,0.32873
-0.13034,1.1988,0.32934
-0.13312,1.2765,0.3291
-0.13858,1.1832,0.24697
-0.14207,1.0947,0.18968
-0.14362,1.0103,0.147
-0.14337,0.92989,0.11387
-0.1415,0.85309,0.087524
-0.13821,0.77984,0.066291
-0.13367,0.71004,0.049104
-0.12808,0.64364,0.035174
-0.12159,0.58059,0.023957
-0.11438,0.52085,0.014986
-0.11682,0.50923,0.039346
-0.11956,0.49878,0.065411
-0.12251,0.48941,0.092894
-0.12562,0.48103,0.12164
-0.12884,0.47358,0.15162
-0.13211,0.467,0.18283
-0.1354,0.46124,0.21529
-0.13868,0.45625,0.24903
-0.14189,0.45199,0.28406
-0.14502,0.4484,0.32041
-0.14066,0.4537,0.3188
-0.13594,0.45936,0.31686
-0.13085,0.46539,0.31455
-0.1254,0.47178,0.31193
-0.11959,0.47853,0.30898
-0.11341,0.48564,0.30573
-0.10688,0.4931,0.30218
-0.099989,0.50092,0.29835
-0.092739,0.50908,0.29423
-0.085131,0.5176,0.28985
-0.053496,0.5111,0.31233
-0.019153,0.50555,0.33413
0.017878,0.501,0.35534
0.057583,0.49751,0.37605
0.099954,0.49512,0.39629
0.14499,0.49386,0.41612
0.19268,0.49377,0.43549
0.24305,0.49487,0.45446
0.2961,0.4972,0.47296
0.35182,0.50076,0.49102
0.30948,0.4617,0.43975
0.2695,0.42545,0.39998
0.23192,0.39169,0.36777
0.19678,0.36021,0.34089
0.16409,0.33085,0.3179
0.13386,0.30349,0.29789
0.1061,0.27804,0.28026
0.080818,0.25441,0.26455
0.058005,0.23255,0.25045
0.037665,0.21239,0.2377
0.051054,0.24378,0.24243
0.06603,0.27802,0.24642
0.082608,0.31516,0.24972
0.10081,0.35524,0.25233
0.12065,0.3983,0.2543
0.14215,0.44437,0.25567
0.16534,0.49344,0.25651
0.19024,0.54553,0.25686
0.21688,0.60062,0.25678
0.24528,0.65869,0.25633
0.21075,0.68837,0.29815
0.17642,0.71875,0.3325
0.14229,0.7499,0.36088
0.10838,0.78184,0.38457
0.074717,0.81459,0.40455
0.041301,0.84816,0.42156
0.0081482,0.88255,0.4361
-0.024729,0.91776,0.44855
-0.057321,0.95379,0.45909
-0.089618,0.99061,0.46795
-0.074808,1.0238,0.37644
-0.058721,1.0593,0.30911
-0.041415,1.0966,0.25678
-0.022924,1.1355,0.21431
-0.0032615,1.1758,0.1787
0.017561,1.2174,0.14811
0.039543,1.2604,0.12146
0.062683,1.3046,0.097986
0.086988,1.3501,0.077259
0.11246,1.3968,0.058892
0.11455,1.2823,0.028751
0.11524,1.1771,0.0079349
0.11477,1.0803,-0.00623
0.11331,0.99084,-0.015313
0.11105,0.90812,-0.02028
0.10811,0.83151,-0.021842
0.10463,0.76047,-0.020538
0.10066,0.69447,-0.019874
0.096271,0.63308,-0.021807
0.091563,0.57596,-0.026035
0.10097,0.63439,-0.034468
0.11073,0.6959,-0.044596
0.12087,0.76044,-0.056328
0.1314,0.82797,-0.069598
0.14237,0.89843,-0.084299
0.1538,0.97176,-0.10036
0.16573,1.0479,-0.11766
0.1782,1.1267,-0.13613
0.19124,1.2082,-0.15563
0.20492,1.2923,-0.17609
0.14072,1.2349,-0.24322
0.081949,1.1808,-0.30634
0.028399,1.1297,-0.36626
-0.020115,1.0815,-0.42396
-0.063764,1.036,-0.47983
-0.1027,0.99307,-0.53426
-0.13705,0.95254,-0.58714
-0.16695,0.91433,-0.6387
-0.19252,0.87835,-0.68867
-0.21383,0.8445,-0.73725
-0.21736,0.89974,-0.65292
-0.22061,0.95614,-0.58797
-0.22351,1.0138,-0.53526
-0.22602,1.0729,-0.4908
-0.2281,1.1333,-0.45194
-0.22973,1.1951,-0.41714
-0.23089,1.2582,-0.38543
-0.23158,1.3228,-0.35618
-0.23178,1.3886,-0.32906
-0.2315,1.4558,-0.30381
-0.25585,1.4189,-0.25117
-0.27778,1.383,-0.2108
-0.29729,1.3483,-0.17844
-0.31441,1.3147,-0.15178
-0.32919,1.2823,-0.12953
-0.34165,1.2509,-0.11081
-0.35183,1.2205,-0.09507
-0.35976,1.1912,-0.081842
-0.36549,1.1629,-0.070814
-0.36902,1.1357,-0.061689
-0.37264,1.1465,-0.060239
-0.37636,1.1577,-0.059766
-0.38017,1.1692,-0.060025
-0.38406,1.1811,-0.060852
-0.38804,1.1933,-0.062154
-0.3921,1.2058,-0.063868
-0.39624,1.2187,-0.065957
-0.40045,1.2318,-0.068398
-0.40473,1.2453,-0.071181
-0.40908,1.259,-0.074301
-0.42049,1.2966,-0.087339
-0.43185,1.3342,-0.10043
-0.44314,1.3718,-0.11364
-0.45436,1.4095,-0.12709
-0.4655,1.4471,-0.14089
-0.47655,1.4847,-0.15515
-0.48749,1.5221,-0.16992
-0.49834,1.5595,-0.18526
-0.50906,1.5968,-0.20118
-0.51967,1.634,-0.21771
-0.48787,1.5086,-0.23468
-0.45724,1.3916,-0.24404
-0.42749,1.2822,-0.24833
-0.39835,1.18,-0.24912
-0.36961,1.0845,-0.24733
-0.34104,0.99526,-0.24359
-0.31269,0.91189,-0.23827
-0.2872,0.83313,-0.23166
-0.26536,0.7584,-0.22397
-0.24711,0.68743,-0.21541
-0.22764,0.65547,-0.19379
-0.21327,0.62522,-0.17736
-0.20217,0.59688,-0.16427
-0.18851,0.57203,-0.15346
-0.17176,0.5505,-0.14422
-0.15185,0.53198,-0.13611
-0.12873,0.51621,-0.12884
-0.10233,0.50296,-0.12219
-0.072608,0.49204,-0.11601
-0.039496,0.48328,-0.1102
-0.045168,0.47466,-0.082969
-0.050249,0.46525,-0.065263
-0.054827,0.45532,-0.053942
-0.058956,0.44502,-0.047025
-0.062678,0.43448,-0.043238
-0.066022,0.42378,-0.041708
-0.069042,0.41307,-0.040819
-0.071804,0.40256,-0.038636
-0.074308,0.39222,-0.035434
-0.076553,0.38206,-0.031446
-0.081768,0.40733,-0.038632
-0.087205,0.43364,-0.044116
-0.092837,0.46091,-0.048603
-0.098646,0.48911,-0.052496
-0.10462,0.51818,-0.056081
-0.11074,0.54812,-0.059505
-0.11702,0.57889,-0.062875
-0.12343,0.61047,-0.066247
-0.12997,0.64285,-0.069634
-0.13664,0.67602,-0.073017
-0.13388,0.67322,-0.067075
-0.1313,0.6712,-0.052744
-0.1288,0.66961,-0.033589
-0.12631,0.66823,-0.011598
-0.1238,0.66695,0.012075
-0.12124,0.66571,0.036784
-0.11864,0.66445,0.062097
-0.11597,0.66316,0.087764
-0.11323,0.66181,0.11356
-0.11042,0.66038,0.13936
-0.10617,0.68824,0.13145
-0.10144,0.71717,0.12791
-0.0962,0.74702,0.12745
-0.090413,0.7777,0.12925
-0.084055,0.80914,0.13266
-0.077106,0.8413,0.13726
-0.069549,0.87411,0.14269
-0.061371,0.90756,0.14874
-0.052559,0.94162,0.15519
-0.043103,0.97626,0.16196
-0.064068,0.9282,0.099038
-0.083526,0.88324,0.055693
-0.10123,0.84075,0.024644
-0.11703,0.80037,0.0019787
-0.13081,0.76191,-0.014598
-0.1425,0.72525,-0.026522
-0.15202,0.6903,-0.034745
-0.15933,0.65701,-0.039947
-0.16437,0.62533,-0.042629
-0.16709,0.59524,-0.043179
-0.15903,0.56216,-0.042631
-0.15129,0.53085,-0.048492
-0.14381,0.501,-0.062367
-0.13661,0.47254,-0.082858
-0.12966,0.44539,-0.10897
-0.12297,0.41948,-0.14001
-0.11654,0.39473,-0.1754
-0.11035,0.37108,-0.21472
-0.10439,0.34847,-0.2576
-0.098654,0.32684,-0.30378
-0.095799,0.3173,-0.28393
-0.092793,0.3072,-0.26958
-0.089675,0.29669,-0.25912
-0.086475,0.28588,-0.25157
-0.083215,0.27487,-0.24616
-0.079913,0.26371,-0.24243
-0.076584,0.25246,-0.23996
-0.073241,0.24118,-0.23854
-0.069893,0.2299,-0.23793
-0.066552,0.21866,-0.23801
-0.079982,0.26445,-0.18491
-0.094504,0.31384,-0.14126
-0.11017,0.36708,-0.1057
-0.12704,0.42435,-0.077194
-0.14514,0.48582,-0.054889
-0.16451,0.55165,-0.038041
-0.18516,0.62196,-0.026028
-0.20713,0.69683,-0.018296
-0.23041,0.77635,-0.014381
-0.25502,0.8606,-0.012846
-0.22542,0.79859,-0.0055963
-0.1931,0.74281,0.0058013
-0.15808,0.69256,0.021428
-0.12039,0.64726,0.041234
-0.080002,0.6064,0.0651
-0.036885,0.56956,0.0929
0.0090169,0.53638,0.12447
0.057777,0.50658,0.15971
0.10948,0.47992,0.19844
0.16422,0.45622,0.24057
0.17081,0.45964,0.19628
0.1777,0.46251,0.15943
0.18487,0.46484,0.12834
0.19233,0.46664,0.10199
0.20005,0.46792,0.079664
0.20804,0.46869,0.060914
0.21628,0.46896,0.045426
0.22477,0.46875,0.032925
0.2335,0.46806,0.023287
0.24247,0.46689,0.016375
0.23547,0.45057,0.016041
0.22846,0.435,0.016038
0.22146,0.42013,0.016344
0.21447,0.40591,0.016946
0.2075,0.39229,0.017862
0.20056,0.37924,0.019104
0.19366,0.36672,0.020701
0.18681,0.3547,0.022671
0.18001,0.34316,0.025045
0.17328,0.33206,0.027842
0.14962,0.33902,0.027436
0.12668,0.34685,0.026477
0.10446,0.35556,0.02512
0.082954,0.36513,0.023481
0.062143,0.37555,0.021657
0.042025,0.38682,0.019714
0.022591,0.39893,0.017709
0.0038372,0.41187,0.015678
-0.014241,0.42563,0.013655
-0.031645,0.44022,0.011659
-0.028742,0.41703,0.007226
-0.025776,0.39429,0.004152
-0.022768,0.37203,0.0020196
-0.019733,0.35026,0.00055668
-0.016688,0.32902,-0.00041122
-0.013648,0.30833,-0.0010069
-0.010626,0.2882,-0.0014447
-0.0076375,0.26865,-0.001993
-0.0046925,0.24971,-0.0026168
-0.0018015,0.23138,-0.0032867
0.01497,0.20112,-0.0034288
0.031501,0.17365,-0.0036221
0.047802,0.14895,-0.0038639
0.063879,0.12703,-0.0041626
0.079739,0.10789,-0.0045301
0.095384,0.091543,-0.0049801
0.11081,0.077979,-0.005527
0.12602,0.067199,-0.006184
0.14101,0.059203,-0.0069642
0.15576,0.053992,-0.0078793
0.14324,0.060694,-0.0072009
0.13014,0.070735,-0.0065564
0.11646,0.084108,-0.0060024
0.1022,0.10078,-0.0055748
0.087407,0.12068,-0.005306
0.072087,0.14375,-0.0052161
0.056272,0.16991,-0.0053238
0.039988,0.19906,-0.0056403
0.023261,0.23114,-0.0061837
0.0061168,0.26608,-0.0067258
0.0089225,0.23756,-0.0060781
0.011795,0.21025,-0.0053933
0.014679,0.18426,-0.004879
0.017527,0.15968,-0.0046239
0.020291,0.13662,-0.0046728
0.022926,0.11517,-0.0050588
0.02539,0.095416,-0.0058105
0.027641,0.077459,-0.0069488
0.029638,0.061386,-0.0084919
0.031342,0.047288,-0.010453
0.027224,0.056625,-0.01213
0.022745,0.067042,-0.01391
0.017917,0.07852,-0.015781
0.012751,0.091042,-0.017735
0.0072621,0.10459,-0.019761
0.0014633,0.11917,-0.021847
-0.0046309,0.13475,-0.023984
-0.011006,0.15133,-0.026162
-0.017649,0.16891,-0.028372
-0.024546,0.18749,-0.030607
-0.022577,0.15212,-0.019841
-0.020195,0.121,-0.012397
-0.017513,0.093933,-0.0073199
-0.01464,0.070739,-0.0039617
-0.011683,0.051233,-0.0018662
-0.0087429,0.035228,-0.00069621
-0.0059207,0.022532,-0.00019366
-0.0035121,0.012896,-2.2925e-05
-0.0022099,0.0059544,0.0003239
-0.0018988,0.001536,0.00076966
-0.0047277,0.0019,7.1589e-05
-0.0087605,0.0021826,-0.00032264
-0.0139,0.0024026,-0.0024565
-0.020053,0.0025888,-0.0071955
-0.027133,0.0027716,-0.015234
-0.035061,0.0029838,-0.027132
-0.043766,0.0032594,-0.043288
-0.05318,0.003634,-0.063912
-0.063243,0.004142,-0.08903
-0.0739,0.0048177,-0.1185
-0.059538,0.0097998,-0.083686
-0.047016,0.014502,-0.057672
-0.036324,0.018946,-0.038257
-0.027455,0.023149,-0.023928
-0.020407,0.027118,-0.013597
-0.015181,0.030851,-0.0064827
-0.011774,0.034334,-0.0020297
-0.010182,0.037538,0.00013302
-0.010299,0.040442,0.0007018
-0.0097111,0.043579,0.0027322
-0.0092249,0.037176,0.0015311
-0.0079962,0.031276,0.00077542
-0.0072406,0.025628,0.00040701
-0.0074469,0.020176,0.00026222
-0.0086231,0.014988,-0.00014321
-0.010778,0.010123,-0.00083664
-0.013923,0.0056283,-0.0018054
-0.01807,0.0015336,-0.003047
-0.023233,-0.0021537,-0.0045669
-0.029421,-0.0054467,-0.0063724
-0.020927,-0.0051017,-0.0062346
-0.014197,-0.0043314,-0.0057706
-0.0082427,-0.0062366,-0.0051513
-0.0028834,-0.010819,-0.0045134
0.0019848,-0.01808,-0.0039778
0.0063701,-0.028096,-0.0036048
0.010197,-0.040976,-0.0033987
0.014806,-0.056474,-0.0033293
0.021571,-0.074323,-0.0033597
0.030674,-0.094546,-0.0034536
0.025404,-0.078669,-0.0029945
0.020568,-0.064224,-0.0027874
0.016188,-0.051215,-0.0028079
0.012285,-0.039645,-0.0030617
0.0088857,-0.029518,-0.0035757
0.0060179,-0.020841,-0.0043902
0.0037134,-0.013624,-0.0055573
0.0020083,-0.0078782,-0.0071365
0.00090256,-0.0036314,-0.0091902
9.3529e-07,-0.0010136,-0.011765
0.000205,-0.0007229,-0.014215
0.00022981,-0.00050261,-0.016899
0.0004474,-0.00026173,-0.019812
0.00091712,1.338e-05,-0.022952
0.0016356,0.0003205,-0.026316
0.0025995,0.00065662,-0.029903
0.0038053,0.0010185,-0.033707
0.0052498,0.0014026,-0.037729
0.0069299,0.001807,-0.041965
0.0088321,0.0022739,-0.046413
0.0058567,0.0015241,-0.054492
0.0035275,0.00092051,-0.062971
0.0018635,0.00041419,-0.071884
0.00086708,3.1771e-06,-0.081285
0.00053615,-0.00031756,-0.091217
0.00043368,-0.00065797,-0.10173
-0.00025575,-0.001218,-0.11285
-0.0015367,-0.0020051,-0.1246
-0.0033924,-0.003022,-0.13695
-0.0058057,-0.0042707,-0.1499
-0.00072862,-0.0035111,-0.12368
0.0012948,-0.0034774,-0.10143
0.0023991,-0.0036682,-0.082335
0.0064589,-0.0031814,-0.065746
0.013557,-0.0020119,-0.051185
0.023712,-0.00017134,-0.038376
0.036955,0.0023326,-0.027224
0.053326,0.0054974,-0.017768
0.072866,0.0093237,-0.010118
0.095621,0.013815,-0.0043962
0.075017,0.012723,-0.0027589
0.056826,0.010959,-0.001491
0.041083,0.0087532,-0.00059524
0.02783,0.0063237,-6.7699e-05
0.017091,0.0039771,9.7293e-05
0.0087911,0.002471,0.0001947
0.0030381,0.0018061,0.00065997
-2.2156e-05,0.0018645,0.0014896
-0.00092202,0.0024757,0.0026743
-0.0039323,0.0028484,0.004199
-0.0040004,0.0029133,0.0044315
-0.00407,0.0029826,0.0046593
-0.0041412,0.0030564,0.0048803
-0.0042138,0.0031349,0.0050948
-0.0042881,0.003218,0.0053008
-0.0043639,0.003306,0.0054985
-0.0044413,0.0033989,0.0056863
-0.0045203,0.0034969,0.0058643
-0.0046009,0.0036,0.0060309
-0.0046831,0.0037083,0.0061864
-0.0043538,0.0036451,0.0068113
-0.0040343,0.0035747,0.0074561
-0.0037252,0.0034976,0.0081191
-0.0034269,0.003414,0.0088003
-0.0031401,0.0033245,0.0094979
-0.0028651,0.0032294,0.010212
-0.0026024,0.0031294,0.010941
-0.0023527,0.0030248,0.011685
-0.0021163,0.0029162,0.012442
-0.0018938,0.0028043,0.013213
-0.0010555,0.0024996,0.016217
-0.0006159,0.0021362,0.019456
-0.00044646,0.001755,0.022963
3.2812e-05,0.0014909,0.026789
0.00089264,0.0013621,0.030981
0.0021363,0.0013675,0.035585
0.0037686,0.0015029,0.04063
0.005795,0.0017631,0.046141
0.0082215,0.0021422,0.052127
0.011054,0.0026348,0.058593
0.014445,0.0065918,0.068827
0.017914,0.013865,0.080311
0.021529,0.024491,0.093094
0.025353,0.038507,0.10715
0.029447,0.055952,0.12238
0.033864,0.07686,0.1387
0.038658,0.10127,0.15595
0.043878,0.12921,0.17406
0.049568,0.16073,0.19288
0.055773,0.19585,0.21237
0.062899,0.18505,0.20381
0.069912,0.17442,0.19678
0.076802,0.16398,0.19086
0.08356,0.15377,0.18576
0.090178,0.14382,0.18124
0.096646,0.13417,0.17716
0.10296,0.12483,0.17338
0.10911,0.11584,0.16982
0.11508,0.10722,0.16639
0.12089,0.098996,0.16306
0.12191,0.10258,0.16089
0.12293,0.10621,0.15946
0.12396,0.10987,0.15864
0.125,0.11358,0.15833
0.12604,0.11732,0.15844
0.12709,0.12111,0.15891
0.12814,0.12492,0.15966
0.12921,0.12878,0.16065
0.13028,0.13266,0.16184
0.13136,0.13658,0.16319
0.11976,0.14202,0.19804
0.10844,0.14787,0.23405
0.09741,0.15414,0.271
0.086675,0.16082,0.30876
0.076237,0.16791,0.34721
0.066098,0.17541,0.38629
0.056259,0.18333,0.42591
0.046723,0.19167,0.46608
0.03749,0.20042,0.50667
0.028561,0.2096,0.54773
0.032064,0.19979,0.58822
0.035556,0.19027,0.63083
0.039036,0.18103,0.67527
0.042504,0.1721,0.72151
0.045958,0.16347,0.76928
0.049398,0.15515,0.81862
0.052824,0.14715,0.86923
0.056236,0.13948,0.92123
0.059633,0.13212,0.9743
0.063017,0.1251,1.0286
0.058647,0.13539,0.95582
0.054296,0.14641,0.89182
0.049942,0.15815,0.83426
0.045569,0.1706,0.78191
0.041164,0.18375,0.73362
0.036715,0.1976,0.68872
0.032212,0.21214,0.64663
0.027646,0.22738,0.60694
0.02301,0.24332,0.56936
0.018298,0.25996,0.53361
0.033671,0.26737,0.54295
0.050862,0.27514,0.55028
0.069878,0.28326,0.55595
0.09073,0.29174,0.56013
0.11343,0.30058,0.56308
0.13798,0.30978,0.56491
0.1644,0.31934,0.5658
0.1927,0.32927,0.56583
0.22288,0.33955,0.56514
0.25496,0.3502,0.56375
0.21476,0.28218,0.55251
0.17832,0.22238,0.54385
0.14554,0.17052,0.53721
0.11634,0.12632,0.53214
0.09063,0.089561,0.52837
0.068325,0.060006,0.52562
0.049341,0.037448,0.52369
0.033599,0.021698,0.52235
0.021023,0.012589,0.5214
0.011677,0.0092974,0.5206
0.0090443,0.0098151,0.44904
0.0055997,0.016433,0.38597
0.0012667,0.029609,0.32963
-0.0039342,0.049267,0.27873
-0.01001,0.075488,0.23245
-0.01699,0.10847,0.19024
-0.024922,0.1485,0.15188
-0.033942,0.19588,0.11727
-0.04448,0.2509,0.086508
-0.056623,0.31387,0.059663
-0.057158,0.32138,0.050197
-0.058196,0.32897,0.042836
-0.05836,0.33688,0.037087
-0.057565,0.3451,0.032535
-0.055812,0.35364,0.028946
-0.053101,0.36248,0.026086
-0.049428,0.37162,0.023835
-0.044788,0.38106,0.022055
-0.039177,0.3908,0.020688
-0.032587,0.40082,0.019647
-0.023287,0.3977,0.013151
-0.013109,0.3947,0.0065151
-0.0020398,0.39183,0.00061791
0.0099317,0.38911,-0.0038508
0.022815,0.38654,-0.006324
0.036608,0.38414,-0.0071569
0.051256,0.38184,-0.010258
0.066751,0.37962,-0.016431
0.08309,0.3775,-0.025877
0.10027,0.37546,-0.038766
0.11023,0.36727,-0.011389
0.11999,0.35906,-0.005629
0.13004,0.35136,0.013109
0.14047,0.3442,0.048974
0.15125,0.33752,0.09961
0.16236,0.33127,0.1633
0.17378,0.3254,0.23876
0.18551,0.31991,0.32497
0.19753,0.31477,0.42106
0.20984,0.30996,0.5264
0.21646,0.2937,0.50201
0.22311,0.27845,0.48864
0.22977,0.26408,0.48262
0.2364,0.25051,0.48189
0.243,0.23768,0.48487
0.24955,0.22555,0.49067
0.25606,0.21406,0.4985
0.26252,0.2032,0.50796
0.26894,0.19291,0.51862
0.27531,0.18319,0.53031
0.27277,0.17394,0.49761
0.27025,0.16515,0.46906
0.26775,0.15679,0.44362
0.26526,0.14882,0.42068
0.26277,0.14123,0.39973
0.26027,0.13398,0.38043
0.25777,0.12707,0.36252
0.25526,0.12048,0.3458
0.25275,0.1142,0.33012
0.25023,0.10821,0.31536
0.23295,0.11434,0.26472
0.21623,0.12129,0.22304
0.20004,0.12902,0.18819
0.18434,0.13749,0.15868
0.16911,0.14668,0.13347
0.15433,0.15657,0.11176
0.13998,0.16713,0.093
0.12605,0.17837,0.0767
0.11253,0.19028,0.062542
0.099406,0.20285,0.050221
0.12084,0.20215,0.058504
0.14392,0.20176,0.065323
0.16865,0.20166,0.070663
0.19507,0.20185,0.074535
0.22321,0.20235,0.077055
0.25308,0.20314,0.078319
0.28471,0.20422,0.078481
0.31814,0.20561,0.077659
0.35337,0.20729,0.076
0.39043,0.20926,0.07361
0.3701,0.2063,0.029299
0.35071,0.20413,0.0047504
0.33212,0.2026,-0.006105
0.31424,0.20159,-0.0081265
0.29687,0.20084,-0.014289
0.27996,0.2003,-0.026429
0.2635,0.19997,-0.043425
0.24749,0.19984,-0.064493
0.2319,0.19993,-0.089027
0.21674,0.20021,-0.1166
0.2152,0.1572,-0.10622
0.2129,0.12082,-0.098178
0.20987,0.090761,-0.091624
0.20616,0.06673,-0.08608
0.2018,0.048471,-0.081207
0.19681,0.035759,-0.076824
0.1912,0.028404,-0.072786
0.18505,0.025896,-0.069016
0.17938,0.021103,-0.065351
0.17456,0.011329,-0.061728
0.17838,0.019904,-0.06419
0.18284,0.02475,-0.066873
0.18784,0.02638,-0.069733
0.1926,0.030186,-0.072815
0.1969,0.037687,-0.076106
0.20074,0.048911,-0.079586
0.2041,0.063902,-0.08323
0.20699,0.082713,-0.087025
0.20939,0.10541,-0.09095
0.21129,0.13205,-0.094993
0.1919,0.12003,-0.066014
0.17327,0.10837,-0.045308
0.15546,0.097154,-0.030442
0.1385,0.086415,-0.019818
0.12241,0.076196,-0.012349
0.10724,0.066526,-0.0072654
0.092989,0.057432,-0.0040155
0.079685,0.048937,-0.0021829
0.067344,0.041061,-0.0014524
0.055992,0.033833,-0.00081809
0.061338,0.044147,0.0014922
0.067112,0.056141,0.006133
0.073353,0.069859,0.013078
0.080094,0.085346,0.022276
0.087367,0.10264,0.033646
0.0952,0.12178,0.047097
0.10362,0.14281,0.062515
0.11265,0.16575,0.079801
0.12231,0.19063,0.098835
0.13262,0.21748,0.11952
0.1543,0.19573,0.069284
0.17693,0.17561,0.036533
0.20045,0.15715,0.015689
0.22484,0.14038,0.0032792
0.25009,0.12532,-0.002967
0.27619,0.11199,-0.0046462
0.30312,0.10037,-0.0070028
0.33088,0.090462,-0.01224
0.35949,0.082297,-0.019804
0.389,0.075885,-0.02928
0.36091,0.069616,-0.019646
0.33437,0.063851,-0.013934
0.30932,0.058553,-0.010462
0.28568,0.053686,-0.0083004
0.2634,0.049216,-0.0069254
0.2424,0.045112,-0.0060436
0.22263,0.041345,-0.0054908
0.20404,0.037888,-0.0051793
0.18657,0.03472,-0.0050659
0.17017,0.031817,-0.0051344
0.15833,0.025105,-0.0042765
0.14701,0.020284,-0.0034691
0.13615,0.017231,-0.0027512
0.12578,0.015498,-0.0021499
0.11612,0.01279,-0.0016815
0.10717,0.0087442,-0.0013616
0.098887,0.0034102,-0.0011917
0.091223,-0.0031783,-0.00095678
0.08414,-0.011003,-0.00056692
0.077606,-0.020061,-2.0757e-05
0.090866,-0.015224,0.0028318
0.10533,-0.010459,0.0078301
0.12099,-0.0057648,0.014963
0.13784,-0.0011444,0.024218
0.1559,0.0034024,0.035583
0.17515,0.0078748,0.049047
0.19559,0.012273,0.064597
0.21723,0.016595,0.082226
0.24007,0.020841,0.10192
0.26411,0.025009,0.12367
0.23383,0.022403,0.15865
0.20565,0.019882,0.19331
0.1795,0.017446,0.22733
0.15534,0.015095,0.26061
0.13313,0.012828,0.29306
0.11282,0.010645,0.32473
0.094381,0.0085432,0.35557
0.077774,0.0065215,0.3857
0.062969,0.0045782,0.41506
0.049934,0.0027664,0.44377
0.055731,0.0023972,0.43709
0.062186,-0.00031481,0.43396
0.069291,-0.0054251,0.43352
0.077034,-0.012939,0.43533
0.085407,-0.022863,0.43896
0.094403,-0.035205,0.44423
0.10402,-0.049976,0.45089
0.11424,-0.067182,0.45888
0.12508,-0.086832,0.46802
0.13652,-0.10893,0.4783
0.10854,-0.094913,0.43811
0.084061,-0.082472,0.40025
0.063001,-0.071419,0.36462
0.045285,-0.061585,0.33117
0.030839,-0.052817,0.29979
0.019594,-0.044975,0.2704
0.011482,-0.037935,0.24289
0.0064362,-0.03158,0.21715
0.0043741,-0.025808,0.1931
0.0019387,-0.020873,0.17065
0.0018818,-0.0081127,0.12501
0.0022582,-0.0017154,0.091992
0.006078,0.00041476,0.067251
0.012387,0.0068365,0.047407
0.02107,0.019211,0.030574
0.032219,0.037873,0.01664
0.045937,0.063214,0.0065349
0.062325,0.095621,0.0013337
0.081462,0.13549,0.00019306
0.10336,0.18328,-0.0057668
0.08381,0.15713,-0.013577
0.066534,0.13351,-0.024404
0.051418,0.11228,-0.038219
0.038359,0.093329,-0.054955
0.027257,0.076517,-0.074466
0.018018,0.06173,-0.096648
0.010555,0.048859,-0.12135
0.0047913,0.037805,-0.1485
0.00066233,0.028477,-0.178
-0.0018784,0.020804,-0.20985
-0.0030575,0.02246,-0.15214
-0.0034153,0.024297,-0.10662
-0.0053197,0.026064,-0.070863
-0.0088972,0.027768,-0.043287
-0.014136,0.029458,-0.022817
-0.02105,0.031203,-0.0088461
-0.029679,0.033076,-0.0010993
-0.040072,0.035141,0.00089125
-0.05223,0.037357,0.0057722
-0.066195,0.039735,0.01704
-0.056639,0.02973,0.0099079
-0.047774,0.021098,0.0048963
-0.039617,0.013855,0.0017693
-0.032186,0.0080184,0.00034791
-0.025505,0.0036083,-0.00014791
-0.019605,0.00066018,-0.0018667
-0.014509,-0.00081503,-0.0048914
-0.010236,-0.00088371,-0.0091519
-0.0066256,-0.0016156,-0.014633
-0.0036193,-0.0039566,-0.021353
-0.0039298,-0.0030849,-0.038181
-0.0043008,-0.0022655,-0.060636
-0.0047411,-0.0014955,-0.089237
-0.0052566,-0.00077218,-0.12442
-0.0058511,-9.3745e-05,-0.16648
-0.0065267,0.00053982,-0.21558
-0.0072847,0.0011268,-0.27168
-0.0081256,0.0016639,-0.33469
-0.0090494,0.0021463,-0.40427
-0.010056,0.0025689,-0.48017
-0.0069158,0.0038009,-0.48959
-0.0046498,0.0076128,-0.49965
-0.0032577,0.014055,-0.51005
-0.0027384,0.023149,-0.5208
-0.0030945,0.034932,-0.53166
-0.0040024,0.049482,-0.54268
-0.0045293,0.066939,-0.55366
-0.004613,0.087372,-0.56467
-0.0042483,0.11085,-0.57552
-0.0034281,0.13744,-0.58629
-0.0035398,0.13301,-0.49122
-0.0036916,0.1286,-0.41306
-0.0038702,0.12421,-0.34761
-0.0040643,0.11983,-0.29211
-0.0042648,0.11546,-0.24465
-0.0044639,0.1111,-0.20377
-0.0046546,0.10676,-0.16847
-0.0048306,0.10244,-0.13791
-0.0049862,0.098149,-0.11152
-0.005116,0.093884,-0.088759
-0.0070764,0.10128,-0.089557
-0.0082227,0.10901,-0.089864
-0.0090681,0.11703,-0.089755
-0.010736,0.12523,-0.089222
-0.013274,0.13361,-0.088329
-0.016689,0.14216,-0.087072
-0.020991,0.15088,-0.085505
-0.02619,0.15977,-0.083633
-0.032296,0.16882,-0.081506
-0.039318,0.17803,-0.079134
-0.041704,0.17861,-0.088476
-0.044196,0.17919,-0.098883
-0.046795,0.17977,-0.1104
-0.049502,0.18034,-0.12301
-0.052318,0.18091,-0.13675
-0.055244,0.18148,-0.15163
-0.058282,0.18203,-0.16766
-0.061431,0.18257,-0.18484
-0.064694,0.18309,-0.2032
-0.068071,0.1836,-0.22274
-0.066983,0.14468,-0.18461
-0.066336,0.10981,-0.15185
-0.06614,0.079209,-0.12362
-0.066401,0.053048,-0.099304
-0.067125,0.031511,-0.078422
-0.068311,0.014768,-0.060589
-0.069954,0.0029743,-0.045505
-0.072043,-0.0037347,-0.032906
-0.074539,-0.0055101,-0.022596
-0.076935,-0.0093506,-0.014335
-0.072333,-0.005227,-0.014102
-0.067863,-0.0032152,-0.013725
-0.063921,0.0036711,-0.013343
-0.060448,0.015705,-0.012989
-0.057384,0.032909,-0.012695
-0.054687,0.05532,-0.01247
-0.052336,0.082981,-0.012328
-0.050328,0.11594,-0.012267
-0.048669,0.15424,-0.01229
-0.047377,0.19792,-0.012394
-0.043093,0.18113,-0.010254
-0.039004,0.1651,-0.0082738
-0.03511,0.14982,-0.0064989
-0.031412,0.13529,-0.0049613
-0.027909,0.12152,-0.0036871
-0.024603,0.10849,-0.0026933
-0.021495,0.096201,-0.0019943
-0.018585,0.084658,-0.0015994
-0.015877,0.073859,-0.0012856
-0.013379,0.063808,-0.0006803
-0.011891,0.054441,0.00074144
-0.010572,0.046046,0.0026282
-0.0094066,0.038556,0.0048025
-0.0083778,0.031908,0.0071364
-0.0074723,0.026044,0.0095336
-0.0066775,0.02091,0.011925
-0.0059821,0.016455,0.014259
-0.0053758,0.012633,0.016498
-0.0048492,0.0093998,0.018617
-0.0043935,0.006715,0.020603
-0.009397,0.010877,0.011035
-0.016514,0.016181,0.0040236
-0.025768,0.022635,-3.9328e-05
-0.037171,0.030239,-0.0012742
-0.050662,0.038908,-0.0051708
-0.066229,0.048621,-0.013375
-0.083871,0.059386,-0.026062
-0.10359,0.071211,-0.043252
-0.12538,0.084112,-0.064826
-0.14925,0.098102,-0.090565
-0.1175,0.097439,-0.078418
-0.089808,0.095739,-0.067578
-0.066086,0.093081,-0.057822
-0.046257,0.089549,-0.04902
-0.030244,0.085231,-0.041072
-0.017975,0.080225,-0.033917
-0.00938,0.074638,-0.02751
-0.0043972,0.068593,-0.021824
-0.0028587,0.062228,-0.01684
-0.00017927,0.055915,-0.012499
-0.00037761,0.064943,-0.011814
-0.00056906,0.074679,-0.011145
-0.00075068,0.085129,-0.010477
-0.00091901,0.096298,-0.0098012
-0.0010708,0.10819,-0.0091133
-0.001202,0.12081,-0.008413
-0.0013093,0.13417,-0.0077054
-0.0013883,0.14826,-0.0069985
-0.0014354,0.1631,-0.0063051
-0.0014462,0.17868,-0.00564
-0.0044089,0.16483,-0.012476
-0.0058724,0.15216,-0.023094
-0.0058773,0.1405,-0.037438
-0.0059096,0.12962,-0.055465
-0.0073679,0.11931,-0.077131
-0.010237,0.10946,-0.10239
-0.014517,0.09996,-0.13117
-0.020217,0.090746,-0.16345
-0.027358,0.081764,-0.19915
-0.035966,0.072981,-0.23822
-0.033613,0.071106,-0.26243
-0.031334,0.069282,-0.28658
-0.02913,0.067507,-0.31055
-0.027002,0.065783,-0.33438
-0.024951,0.064109,-0.35798
-0.022977,0.062484,-0.3814
-0.021082,0.060908,-0.40455
-0.019265,0.05938,-0.42749
-0.017527,0.0579,-0.45014
-0.015869,0.056468,-0.47256
-0.013116,0.058509,-0.46278
-0.010637,0.060437,-0.45414
-0.0084318,0.06226,-0.44628
-0.0064996,0.063983,-0.43912
-0.0048399,0.065612,-0.43242
-0.0034515,0.067149,-0.42615
-0.0023337,0.068601,-0.42014
-0.0014853,0.06997,-0.41437
-0.00090547,0.071259,-0.40874
-0.00059302,0.072473,-0.40324
-0.00065683,0.080144,-0.41941
-0.00065765,0.088351,-0.43672
-0.00024362,0.097136,-0.4551
0.00059391,0.10653,-0.4745
0.0018641,0.11655,-0.49484
0.0035767,0.12723,-0.51609
0.0057417,0.13859,-0.53815
0.0083694,0.15065,-0.56102
0.01147,0.16341,-0.58459
0.015054,0.1769,-0.60888
0.0086603,0.20456,-0.68277
0.0032129,0.23426,-0.75631
-0.0012897,0.26599,-0.82903
-0.0048473,0.29975,-0.90085
-0.007461,0.33555,-0.97147
-0.0091301,0.37339,-1.0411
-0.010732,0.41326,-1.1094
-0.013398,0.45514,-1.1769
-0.017129,0.49905,-1.2431
-0.021916,0.545,-1.3085
-0.017774,0.49319,-1.0156
-0.01434,0.44522,-0.79302
-0.011615,0.40078,-0.617
-0.0095894,0.35961,-0.47495
-0.0082484,0.32149,-0.35929
-0.0068822,0.28621,-0.26489
-0.0049967,0.25364,-0.18853
-0.0026096,0.2236,-0.12753
0.00026224,0.19595,-0.080145
0.0036051,0.17057,-0.044788
0.0024692,0.19086,-0.073845
0.0012652,0.21289,-0.10868
-1.3011e-06,0.23677,-0.14853
-0.0013212,0.26254,-0.19244
-0.002685,0.29027,-0.23971
-0.0040811,0.31999,-0.28957
-0.0054987,0.35173,-0.34147
-0.0069251,0.3855,-0.3949
-0.0083495,0.42131,-0.44955
-0.0097598,0.45915,-0.50512
-0.0064487,0.43788,-0.37649
-0.002349,0.41809,-0.27792
0.0025164,0.3996,-0.20106
0.0081245,0.38224,-0.14083
0.014452,0.36586,-0.093985
0.021481,0.35035,-0.058283
0.029195,0.33561,-0.032221
0.037584,0.32154,-0.014658
0.046641,0.30807,-0.004793
0.056365,0.29512,-0.0019481
0.058824,0.29367,-0.0023355
0.061322,0.29198,-0.0036608
0.063858,0.29005,-0.0059588
0.066432,0.28789,-0.0092278
0.069042,0.2855,-0.013491
0.071689,0.2829,-0.01876
0.074372,0.28009,-0.025072
0.077089,0.27708,-0.032446
0.079839,0.27387,-0.040926
0.082624,0.27048,-0.050536
0.084786,0.28849,-0.020543
0.086846,0.30704,-0.0057105
0.088833,0.32611,-0.0025547
0.090909,0.3458,0.0057773
0.093117,0.36611,0.023572
0.095454,0.38703,0.049739
0.097912,0.40856,0.08339
0.10049,0.43069,0.12382
0.10318,0.45342,0.1704
0.10599,0.47676,0.22263
0.1089,0.47798,0.10758
0.11237,0.48027,0.040323
0.11625,0.48335,0.0055681
0.12046,0.48703,-0.0055566
0.1248,0.49105,-0.013018
0.12906,0.4952,-0.034928
0.13327,0.49943,-0.068919
0.13745,0.50373,-0.11329
0.14161,0.50808,-0.1668
0.14576,0.51246,-0.22852
0.10526,0.50885,-0.2051
0.071505,0.50485,-0.18838
0.044321,0.50053,-0.17579
0.023535,0.49594,-0.16589
0.0090027,0.49111,-0.15774
0.0005978,0.48609,-0.15079
-0.0018039,0.48089,-0.14467
-0.004861,0.47556,-0.13906
-0.013816,0.47012,-0.13372
-0.028629,0.46461,-0.12856
-0.023918,0.45503,-0.13177
-0.019692,0.44523,-0.13435
-0.015929,0.43523,-0.13639
-0.012609,0.42505,-0.13799
-0.0097133,0.41472,-0.13919
-0.007221,0.40425,-0.14007
-0.0051146,0.39365,-0.14063
-0.0033753,0.38295,-0.14093
-0.0019868,0.37217,-0.14099
-0.00093164,0.36131,-0.14083
2.7811e-05,0.34367,-0.15518
0.00071781,0.32671,-0.16984
0.0032614,0.31037,-0.18483
0.0076728,0.29458,-0.20015
0.013954,0.27931,-0.21577
0.022111,0.26452,-0.23169
0.032146,0.25017,-0.24788
0.044064,0.23622,-0.26434
0.057868,0.22265,-0.281
0.073563,0.20943,-0.29787
0.063816,0.20946,-0.24709
0.054525,0.20888,-0.20443
0.045779,0.20776,-0.16821
0.037654,0.20615,-0.13727
0.030219,0.20408,-0.11077
0.02354,0.20161,-0.088106
0.017674,0.19875,-0.06881
0.012678,0.19554,-0.05252
0.008603,0.19201,-0.038966
0.0054976,0.18819,-0.027917
0.0069341,0.22094,-0.025313
0.0085261,0.2562,-0.023192
0.010275,0.29394,-0.02157
0.012182,0.33417,-0.020434
0.014251,0.37686,-0.019772
0.016484,0.42201,-0.019555
0.018883,0.46963,-0.01976
0.021452,0.51971,-0.020356
0.024194,0.57226,-0.021324
0.027113,0.62727,-0.022635
0.037206,0.61752,-0.031122
0.049545,0.60736,-0.044227
0.064141,0.59686,-0.060355
0.081004,0.58609,-0.078575
0.10014,0.57508,-0.09835
0.12156,0.56384,-0.11935
0.14526,0.55241,-0.14139
0.17127,0.54078,-0.16433
0.19957,0.52898,-0.18807
0.23019,0.51701,-0.21256
0.21056,0.45838,-0.15129
0.19122,0.40544,-0.10723
0.17232,0.3577,-0.074761
0.15398,0.31468,-0.050709
0.13629,0.27594,-0.033134
0.11934,0.2411,-0.020783
0.10321,0.2098,-0.012804
0.08797,0.18172,-0.0085845
0.073713,0.15661,-0.0067275
0.060536,0.13437,-0.0027188
0.071659,0.13269,-0.0046267
0.083736,0.13094,-0.0058623
0.096757,0.12913,-0.0063665
0.1107,0.12721,-0.0067389
0.12556,0.12514,-0.0079242
0.14132,0.12292,-0.0099717
0.15796,0.12054,-0.012924
0.17549,0.11801,-0.016817
0.19389,0.11532,-0.021691
0.21314,0.11249,-0.027579
0.20658,0.11678,-0.036963
0.2002,0.12107,-0.045895
0.194,0.12538,-0.054021
0.18796,0.12972,-0.06117
0.1821,0.13408,-0.067291
0.17641,0.13846,-0.072398
0.17088,0.14285,-0.07654
0.16551,0.14725,-0.079787
0.16029,0.15165,-0.082211
0.15524,0.15604,-0.083889
0.12841,0.17831,-0.10686
0.10444,0.20164,-0.131
0.083309,0.22611,-0.15607
0.065007,0.25178,-0.1819
0.049536,0.27873,-0.20834
0.036907,0.30704,-0.2353
0.02713,0.3368,-0.26262
0.020224,0.36807,-0.29023
0.016208,0.40091,-0.31797
0.015105,0.43539,-0.34578
0.017463,0.44949,-0.23882
0.021298,0.46239,-0.16355
0.026637,0.47448,-0.11013
0.033498,0.48602,-0.072617
0.041891,0.49716,-0.047173
0.051829,0.508,-0.031219
0.06332,0.51861,-0.022971
0.076373,0.52905,-0.020997
0.091007,0.53962,-0.017649
0.10723,0.55044,-0.0095222
0.099965,0.53104,-0.012221
0.092745,0.51251,-0.013412
0.085611,0.49477,-0.013783
0.078603,0.47778,-0.013693
0.071758,0.46147,-0.013343
0.065116,0.44581,-0.012844
0.058714,0.43075,-0.012264
0.052587,0.41626,-0.011639
0.046773,0.40231,-0.010994
0.041307,0.38887,-0.010343
0.042459,0.33076,-0.005479
0.044128,0.27853,-0.00056917
0.046314,0.23179,0.0041695
0.049016,0.19016,0.0086331
0.052231,0.15332,0.012768
0.05596,0.12098,0.016559
0.060199,0.092852,0.020002
0.064946,0.068689,0.023114
0.070195,0.048266,0.025908
0.075941,0.031387,0.028414
0.076959,0.028123,0.019076
0.078044,0.025072,0.012206
0.079188,0.022216,0.0072546
0.080385,0.019538,0.0038141
0.081632,0.017024,0.0015706
0.082923,0.014667,0.00028333
0.084255,0.012458,-0.00023753
0.085625,0.010386,-0.00032177
0.087031,0.0084315,-0.00080838
0.08847,0.0065937,-0.0017052
0.093731,0.009048,-0.0046732
0.099295,0.011774,-0.0091057
0.10518,0.014775,-0.014968
0.1114,0.018053,-0.022227
0.11797,0.021611,-0.030847
0.1249,0.025452,-0.040795
0.13221,0.029579,-0.052033
0.13991,0.033996,-0.064531
0.14801,0.038706,-0.078249
0.15652,0.043713,-0.093161
0.15436,0.048878,-0.08747
0.15227,0.05427,-0.08368
0.15026,0.0599,-0.08139
0.1483,0.065776,-0.08034
0.14641,0.071903,-0.08032
0.14456,0.078288,-0.081189
0.14276,0.084935,-0.082831
0.141,0.091849,-0.08517
0.13928,0.099033,-0.088138
0.1376,0.10649,-0.091695
0.14464,0.090066,-0.057956
0.15177,0.074896,-0.032991
0.15899,0.060961,-0.015602
0.16632,0.048238,-0.0049136
0.1738,0.036708,-0.00026833
0.18144,0.026355,0.0012391
0.18928,0.017146,0.0072787
0.19734,0.0090447,0.018125
0.20566,0.002024,0.033536
0.21427,-0.0039401,0.053322
0.22872,-0.006323,0.038426
0.24368,-0.008624,0.026753
0.25917,-0.010847,0.017722
0.27518,-0.012998,0.010895
0.29174,-0.01508,0.0059204
0.30883,-0.017099,0.0025187
0.32648,-0.019059,0.00046669
0.34468,-0.020965,-0.00041503
0.36344,-0.022814,-0.0007879
0.38276,-0.024592,-0.0020106
0.36122,-0.022591,-0.00083377
0.34011,-0.020293,-0.00058139
0.31945,-0.017725,-7.513e-05
0.29927,-0.014902,0.00092661
0.27958,-0.011833,0.0022935
0.26043,-0.0085266,0.0039364
0.24181,-0.0049891,0.0057939
0.22377,-0.0012286,0.0078218
0.20632,0.0027486,0.0099882
0.18948,0.0069355,0.012269
0.18284,0.005256,0.021976
0.17648,0.0035115,0.033831
0.17039,0.0017286,0.047569
0.16454,-6.8478e-05,0.062986
0.15891,-0.0018572,0.079918
0.15348,-0.0036147,0.098241
0.14824,-0.0053205,0.11784
0.14318,-0.0069536,0.13865
0.13827,-0.0084976,0.16057
0.13352,-0.0099371,0.18355
0.1551,-0.0059886,0.14797
0.17844,-0.00054668,0.11762
0.20356,0.0064125,0.091792
0.23049,0.014911,0.069972
0.25924,0.02497,0.051744
0.28983,0.036609,0.036771
0.32228,0.049847,0.024749
0.35661,0.0647,0.015406
0.39282,0.081183,0.0084982
0.43093,0.09931,0.0038038
0.40301,0.080003,0.0011438
0.3764,0.062832,-0.00033898
0.35105,0.047678,-0.00093862
0.3269,0.034444,-0.0014874
0.30391,0.023037,-0.0024587
0.28205,0.013357,-0.0037436
0.26126,0.0053168,-0.0052558
0.24153,-0.0011667,-0.0069318
0.22281,-0.006168,-0.0087176
0.20507,-0.0097564,-0.010576
0.20879,-0.0050775,-0.0038089
0.21264,0.0011513,-0.0016682
0.21668,0.0088543,0.00029212
0.22094,0.017979,0.0058346
0.22545,0.028553,0.014585
0.23021,0.040602,0.026238
0.23524,0.054156,0.040543
0.24056,0.069238,0.057287
0.24616,0.085874,0.076292
0.25205,0.10409,0.097411
0.26821,0.083154,0.086323
0.28495,0.063947,0.077
0.30231,0.046401,0.069005
0.32028,0.030461,0.062041
0.3389,0.016082,0.055881
0.35819,0.003223,0.050367
0.37818,-0.0081453,0.04537
0.39888,-0.018049,0.040799
0.42033,-0.026509,0.036583
0.44255,-0.03354,0.032662
0.46726,-0.036059,0.013876
0.49274,-0.03872,0.0016094
0.51898,-0.041501,-0.0055961
0.54597,-0.04439,-0.0088103
0.57367,-0.047365,-0.010371
0.60201,-0.050404,-0.014384
0.631,-0.053511,-0.020618
0.66064,-0.056695,-0.028726
0.69093,-0.059959,-0.038427
0.72189,-0.063307,-0.049497
0.75065,-0.066759,-0.089497
0.77982,-0.070274,-0.14097
0.80939,-0.073868,-0.20257
0.83939,-0.077555,-0.27329
0.86981,-0.08134,-0.3523
0.90065,-0.085232,-0.43897
0.93191,-0.08923,-0.53258
0.96358,-0.093336,-0.6327
0.99565,-0.097543,-0.7386
1.0281,-0.10185,-0.84994
0.88961,-0.087868,-0.56519
0.76282,-0.075009,-0.38352
0.64762,-0.063161,-0.25931
0.54362,-0.052235,-0.17158
0.45033,-0.042167,-0.10902
0.36726,-0.032892,-0.064942
0.29393,-0.024348,-0.03506
0.22987,-0.016472,-0.016349
0.17464,-0.0092009,-0.0066284
0.12782,-0.0024716,-0.0035565
0.1367,-0.0027018,-0.0029448
0.14583,-0.0029291,-0.0015975
0.15519,-0.0031527,0.00057526
0.1648,-0.003372,0.003673
0.17465,-0.0035865,0.0077762
0.18474,-0.003796,0.012977
0.19508,-0.0039999,0.019343
0.20566,-0.0041984,0.026953
0.21649,-0.0043908,0.035857
0.22757,-0.0045777,0.04612
0.2506,-0.0052498,0.029081
0.27506,-0.0059542,0.01526
0.301,-0.0066912,0.0042432
0.32842,-0.0074625,-0.0043008
0.35735,-0.0082688,-0.010668
0.38781,-0.0091126,-0.015104
0.41981,-0.0099953,-0.017818
0.45331,-0.010919,-0.020128
0.48825,-0.011886,-0.024009
0.52464,-0.012897,-0.02938
0.4836,-0.0077146,-0.046071
0.44422,-0.0028772,-0.071984
0.40648,0.0016388,-0.1053
0.37032,0.0058533,-0.14488
0.33568,0.0097863,-0.18993
0.30249,0.013455,-0.23993
0.2707,0.016877,-0.29449
0.24025,0.020067,-0.35331
0.21112,0.02304,-0.41611
0.18324,0.025808,-0.48276
0.15884,0.043955,-0.34993
0.1357,0.063141,-0.25062
0.11433,0.083242,-0.17509
0.095056,0.10418,-0.11749
0.078116,0.12593,-0.073992
0.063668,0.1485,-0.042099
0.051834,0.17196,-0.020115
0.042702,0.19641,-0.0068741
0.036336,0.22196,-0.0015953
0.033045,0.24875,0.0011806
0.036346,0.2403,0.00068973
0.041107,0.23218,0.00028324
0.047315,0.22431,-8.1562e-05
0.054963,0.21663,-0.00042417
0.064044,0.20907,-0.00075776
0.074553,0.20157,-0.0010829
0.086489,0.19409,-0.0014017
0.09985,0.18659,-0.0017087
0.11464,0.17902,-0.0020022
0.13086,0.17138,-0.0022755
0.13049,0.16084,-0.00198
0.13019,0.15067,-0.001831
0.12994,0.14086,-0.0018136
0.12975,0.1314,-0.0019067
0.12962,0.12228,-0.0020932
0.12955,0.11349,-0.0023521
0.12954,0.10502,-0.0026674
0.12959,0.096876,-0.0030201
0.1297,0.089044,-0.0033959
0.12987,0.081518,-0.0037782
0.12271,0.073975,-0.0038057
0.11591,0.066652,-0.0037651
0.10945,0.059573,-0.0036795
0.10333,0.052756,-0.0035633
0.097533,0.046223,-0.0034278
0.092046,0.039991,-0.0032798
0.08686,0.034081,-0.003125
0.081965,0.028511,-0.0029666
0.077351,0.023299,-0.0028074
0.07301,0.018464,-0.0026487
0.090919,0.022531,-0.0033278
0.1112,0.027096,-0.0040704
0.13397,0.032175,-0.0048686
0.1593,0.037782,-0.0057145
0.18729,0.043928,-0.0066022
0.21803,0.050625,-0.0075248
0.2516,0.05788,-0.0084762
0.28807,0.065697,-0.0094479
0.32753,0.07408,-0.010432
0.37003,0.08303,-0.011417
0.3557,0.0961,-0.0073009
0.34214,0.10956,-1.4959e-06
0.32928,0.1234,0.0095955
0.31704,0.13763,0.020922
0.30538,0.15226,0.033603
0.29426,0.16728,0.047388
0.28364,0.1827,0.062101
0.27351,0.19852,0.077623
0.26384,0.21474,0.093855
0.25461,0.23136,0.11073
0.25476,0.22647,0.044825
0.2552,0.22195,0.0091169
0.25577,0.2177,-0.0050297
0.25632,0.21364,-0.0085309
0.25656,0.20955,-0.022565
0.25658,0.20544,-0.046733
0.25646,0.2013,-0.07931
0.25627,0.19714,-0.11904
0.25606,0.19296,-0.16497
0.25586,0.18875,-0.21637
0.26939,0.20507,-0.25253
0.2834,0.22194,-0.29329
0.29793,0.23938,-0.33852
0.31297,0.25739,-0.38818
0.32856,0.27598,-0.442
0.3447,0.29517,-0.49985
0.36142,0.31496,-0.56135
0.37871,0.33539,-0.62634
0.3966,0.35646,-0.69436
0.41507,0.3782,-0.76531
0.38243,0.30494,-0.57285
0.35282,0.23933,-0.4357
0.32601,0.18128,-0.33261
0.30182,0.13065,-0.2527
0.2801,0.087287,-0.1896
0.2607,0.051032,-0.13936
0.24349,0.021736,-0.09938
0.22833,-0.00074114,-0.067778
0.21509,-0.016529,-0.04324
0.20363,-0.02574,-0.02472
0.18658,-0.020094,-0.023224
0.17037,-0.013615,-0.021936
0.15505,-0.0062791,-0.020863
0.14062,0.0019361,-0.019971
0.12711,0.011049,-0.019258
0.11453,0.021074,-0.018694
0.1029,0.032021,-0.018272
0.092227,0.043894,-0.017959
0.082532,0.056695,-0.017751
0.073822,0.070418,-0.017619
0.076182,0.06454,-0.020548
0.078599,0.058754,-0.023316
0.081073,0.053073,-0.025913
0.083605,0.04751,-0.028323
0.086196,0.042077,-0.030555
0.088849,0.036785,-0.032608
0.091564,0.031645,-0.034498
0.094343,0.026668,-0.036229
0.09719,0.021865,-0.037819
0.10011,0.017245,-0.039273
0.11008,0.03292,-0.045553
0.12094,0.052419,-0.052018
0.13272,0.075896,-0.058523
0.14545,0.1035,-0.064904
0.15916,0.13538,-0.071009
0.17386,0.17165,-0.076699
0.18958,0.21243,-0.081869
0.20634,0.25782,-0.086441
0.22416,0.30791,-0.090371
0.24306,0.36277,-0.093644
0.25068,0.3723,-0.087843
0.25844,0.3819,-0.084597
0.26634,0.39156,-0.083196
0.27437,0.40131,-0.083167
0.28252,0.41113,-0.084174
0.29079,0.42104,-0.085984
0.29919,0.43104,-0.088425
0.3077,0.44112,-0.091379
0.31633,0.45129,-0.094746
0.32508,0.46154,-0.098463
0.28771,0.46751,-0.06957
0.2537,0.47212,-0.048775
0.22292,0.47548,-0.033664
0.19528,0.47767,-0.022752
0.17069,0.47877,-0.015082
0.14906,0.47883,-0.010003
0.13033,0.47793,-0.0070595
0.11443,0.47611,-0.0059186
0.10131,0.47343,-0.0055295
0.090916,0.46997,-0.0038418
0.094251,0.44229,-0.0053623
0.099485,0.41571,-0.005428
0.1066,0.39007,-0.0060328
0.11556,0.36527,-0.0074734
0.12636,0.34122,-0.0095694
0.13897,0.31783,-0.012206
0.15339,0.29503,-0.015312
0.16961,0.27275,-0.018837
0.18761,0.25094,-0.022752
0.2074,0.22955,-0.027032
0.19605,0.22793,-0.011237
0.18508,0.22639,-0.0043904
0.17451,0.22497,-0.0027787
0.16435,0.22375,0.0035266
0.15462,0.22274,0.015029
0.14531,0.2219,0.031131
0.13643,0.22121,0.05139
0.12799,0.22064,0.075474
0.11997,0.22019,0.10312
0.11239,0.21983,0.13412
0.10365,0.24013,0.11037
0.096189,0.26103,0.089908
0.089985,0.28254,0.072148
0.085017,0.30464,0.056703
0.081274,0.32734,0.043269
0.07875,0.35063,0.031631
0.077445,0.37451,0.021624
0.077362,0.39898,0.013125
0.078509,0.42403,0.0060442
0.080896,0.44966,0.00031137
0.074938,0.38604,0.0019315
0.07339,0.32695,0.0031871
0.076014,0.27227,0.0041329
0.082611,0.22189,0.00481
0.093025,0.1757,0.005254
0.10714,0.13361,0.0054908
0.1249,0.095511,0.0055427
0.14631,0.061326,0.0054255
0.1714,0.030975,0.0051521
0.20028,0.004399,0.0047302
0.20521,0.019247,0.0037031
0.2108,0.036647,0.0029409
0.21708,0.056628,0.0023831
0.22409,0.079221,0.0019917
0.23183,0.10446,0.0017468
0.24034,0.13237,0.0016389
0.24963,0.16299,0.0016675
0.2597,0.19634,0.0018358
0.27058,0.23245,0.0021528
0.28227,0.27134,0.0026268
0.26607,0.24304,-0.0014819
0.2506,0.21649,-0.0040712
0.23585,0.19164,-0.0054408
0.22178,0.16843,-0.0058138
0.20836,0.14681,-0.0054715
0.19557,0.12672,-0.0055864
0.18339,0.10811,-0.006351
0.17179,0.090946,-0.0076782
0.16076,0.075194,-0.0094948
0.15028,0.060822,-0.01174
0.15158,0.056636,-0.010873
0.1529,0.052637,-0.010283
0.15426,0.048812,-0.0099041
0.15565,0.045152,-0.0096934
0.15707,0.041646,-0.0096194
0.15851,0.038285,-0.0096582
0.15999,0.035061,-0.0097954
0.16149,0.031966,-0.010021
0.16301,0.028992,-0.010326
0.16457,0.026133,-0.010705
0.15666,0.021876,-0.0047599
0.14907,0.017788,-0.0023411
0.14179,0.013923,-0.0010529
0.13487,0.010369,0.003154
0.12828,0.0071293,0.010218
0.122,0.004206,0.020015
0.11603,0.0016005,0.032448
0.11033,-0.00068519,0.047442
0.1049,-0.0026495,0.064936
0.099719,-0.0042907,0.084888
0.11852,-0.001887,0.063259
0.13939,0.0017516,0.044782
0.16243,0.0067526,0.029361
0.18774,0.013251,0.016922
0.21541,0.021382,0.0073797
0.24554,0.031281,0.00064634
0.27823,0.043073,-0.0033751
0.31355,0.056875,-0.0049045
0.35155,0.072725,-0.0074525
0.39228,0.090689,-0.012542
0.36621,0.082392,-0.0090019
0.34055,0.074623,-0.0067659
0.31536,0.067367,-0.0053695
0.2907,0.060607,-0.0045332
0.26663,0.054326,-0.0040425
0.2432,0.048511,-0.0034554
0.22049,0.043144,-0.0027242
0.19853,0.038202,-0.0019001
0.17738,0.033667,-0.0010185
0.15711,0.029519,-0.00010741
0.18024,0.052766,0.012869
0.20575,0.081094,0.037689
0.23367,0.11455,0.073543
0.26403,0.15318,0.11938
0.29685,0.19699,0.17401
0.33212,0.24602,0.23627
0.36986,0.30027,0.30505
0.41008,0.35975,0.37947
0.45278,0.42447,0.45867
0.49796,0.49443,0.54208
0.45256,0.42698,0.53606
0.41012,0.36554,0.54058
0.37044,0.30971,0.55079
0.3334,0.25918,0.56434
0.29887,0.21371,0.57966
0.26676,0.17306,0.59606
0.23698,0.13705,0.6129
0.20946,0.1055,0.63003
0.18414,0.078266,0.64709
0.16094,0.0552,0.66411
0.20238,0.057921,0.70425
0.249,0.060109,0.7443
0.30086,0.061733,0.78404
0.35803,0.062772,0.82355
0.42055,0.063204,0.86258
0.48847,0.063013,0.90123
0.56184,0.062187,0.9392
0.64069,0.060716,0.97658
0.72506,0.058594,1.0131
0.81498,0.055818,1.0488
0.74029,0.027544,0.87648
0.67057,0.0042559,0.74023
0.60543,-0.014622,0.62761
0.54461,-0.029529,0.53216
0.4879,-0.040825,0.45
0.43511,-0.048816,0.3786
0.38609,-0.053773,0.31636
0.34071,-0.055935,0.26192
0.29885,-0.055522,0.21445
0.2604,-0.052734,0.17307
0.28332,-0.055627,0.18931
0.30753,-0.058147,0.20446
0.33305,-0.060288,0.21854
0.35989,-0.062045,0.23146
0.38805,-0.063413,0.24332
0.41756,-0.064386,0.25409
0.44841,-0.064962,0.26389
0.48062,-0.065138,0.27273
0.51419,-0.064911,0.28074
0.54913,-0.06428,0.28794
0.55739,-0.057813,0.26665
0.56584,-0.05083,0.24986
0.57445,-0.043358,0.23636
0.58322,-0.035417,0.22528
0.59212,-0.027026,0.21606
0.60116,-0.018202,0.20824
0.61032,-0.0089627,0.20156
0.6196,0.0006782,0.19577
0.62899,0.010705,0.19074
0.63848,0.021103,0.18632
0.68412,0.0050048,0.20891
0.73144,-0.011477,0.22724
0.78045,-0.028351,0.24196
0.83116,-0.045623,0.25364
0.88358,-0.063302,0.26285
0.93772,-0.08139,0.27
0.99359,-0.099894,0.27545
1.0512,-0.11881,0.27944
1.1106,-0.13815,0.28216
1.1717,-0.15792,0.28373
1.1442,-0.16498,0.2167
1.1176,-0.17073,0.16954
1.0918,-0.17534,0.13431
1.0665,-0.17892,0.10681
1.0418,-0.1816,0.084692
1.0176,-0.18348,0.066487
0.99374,-0.18466,0.051317
0.97032,-0.18521,0.038539
0.94728,-0.1852,0.027744
0.92459,-0.1847,0.01858
0.85349,-0.18379,0.025135
0.78814,-0.17904,0.030253
0.72807,-0.17073,0.034485
0.6728,-0.15933,0.038153
0.62069,-0.15037,0.041461
0.57096,-0.14583,0.044511
0.52339,-0.14545,0.047399
0.47777,-0.14903,0.050163
0.43392,-0.15636,0.052843
0.39165,-0.1673,0.055443
0.3936,-0.1667,0.064652
0.39552,-0.16612,0.074384
0.39742,-0.16557,0.084652
0.39928,-0.16504,0.095455
0.40112,-0.16453,0.1068
0.40294,-0.16405,0.11869
0.40473,-0.16359,0.13113
0.4065,-0.16316,0.14412
0.40825,-0.16275,0.15766
0.40999,-0.16237,0.17176
0.43022,-0.15042,0.18148
0.45009,-0.14135,0.18955
0.46961,-0.13506,0.19623
0.48878,-0.13149,0.20173
0.50762,-0.13058,0.20618
0.52613,-0.13228,0.20974
0.54436,-0.13629,0.21248
0.56319,-0.13906,0.21454
0.58288,-0.13947,0.21599
0.60343,-0.13753,0.21688
0.55478,-0.13175,0.14656
0.50912,-0.12447,0.094789
0.46619,-0.11572,0.056323
0.42575,-0.10595,0.027977
0.38701,-0.098043,0.0076714
0.3498,-0.092483,-0.0059815
0.31412,-0.089152,-0.013935
0.27997,-0.087953,-0.016894
0.2473,-0.088773,-0.016483
0.21579,-0.091356,-0.01924
0.21653,-0.098492,-0.01887
0.21711,-0.10615,-0.018696
0.21752,-0.11433,-0.018666
0.21778,-0.12302,-0.018743
0.21787,-0.13224,-0.018899
0.2178,-0.14198,-0.019114
0.21757,-0.15223,-0.019373
0.21718,-0.163,-0.019664
0.21664,-0.17428,-0.01998
0.21593,-0.18608,-0.020312
0.25328,-0.21842,-0.022356
0.29444,-0.25388,-0.02574
0.33964,-0.29256,-0.028971
0.38906,-0.33453,-0.031753
0.44279,-0.37982,-0.034225
0.50095,-0.42847,-0.036478
0.56363,-0.48047,-0.038598
0.63091,-0.53584,-0.040645
0.70284,-0.59455,-0.042683
0.77948,-0.65661,-0.044746
0.69766,-0.62527,-0.041373
0.62109,-0.59515,-0.035977
0.54951,-0.56619,-0.029474
0.48275,-0.53833,-0.022246
0.42062,-0.51154,-0.014452
0.36298,-0.48581,-0.0061441
0.30968,-0.4611,0.002672
0.26061,-0.4374,0.012021
0.21564,-0.41469,0.021932
0.17465,-0.39296,0.032452
0.20167,-0.34803,0.0018668
0.22896,-0.30839,-0.015795
0.25646,-0.27364,-0.022571
0.28374,-0.24326,-0.026738
0.31019,-0.2167,-0.039482
0.33587,-0.19379,-0.060268
0.36085,-0.1744,-0.08858
0.38518,-0.15842,-0.12402
0.40886,-0.1458,-0.16625
0.43193,-0.13649,-0.21501
0.41995,-0.13501,-0.17141
0.40768,-0.13333,-0.13829
0.3953,-0.13156,-0.11247
0.38291,-0.12973,-0.091955
0.37057,-0.1279,-0.075405
0.35835,-0.12607,-0.061927
0.34625,-0.12426,-0.050891
0.33431,-0.12249,-0.041847
0.32254,-0.12076,-0.034469
0.31095,-0.11908,-0.028507
0.32778,-0.13006,-0.033271
0.34485,-0.14159,-0.038111
0.36219,-0.1537,-0.042913
0.37979,-0.16637,-0.047595
0.39766,-0.1796,-0.05212
0.41581,-0.19339,-0.056462
0.43425,-0.20775,-0.060622
0.45297,-0.22268,-0.0646
0.47199,-0.23817,-0.068409
0.49131,-0.25423,-0.072059
0.4871,-0.26423,-0.070679
0.48275,-0.27446,-0.069394
0.47827,-0.28489,-0.068171
0.47367,-0.29551,-0.066981
0.46896,-0.3063,-0.065808
0.46413,-0.31724,-0.064638
0.45921,-0.32832,-0.063464
0.45418,-0.33952,-0.062277
0.44905,-0.35082,-0.061077
0.44384,-0.36222,-0.059858
0.44202,-0.37967,-0.072716
0.43999,-0.39762,-0.087288
0.43775,-0.41608,-0.10354
0.43531,-0.43503,-0.12145
0.43265,-0.45447,-0.141
0.4298,-0.4744,-0.16216
0.42675,-0.49481,-0.18493
0.4235,-0.51569,-0.20928
0.42005,-0.53704,-0.2352
0.4164,-0.55885,-0.26269
0.45055,-0.5444,-0.21894
0.48456,-0.53135,-0.18056
0.5185,-0.51959,-0.14685
0.55244,-0.50904,-0.11745
0.58641,-0.4996,-0.092093
0.62046,-0.49121,-0.070622
0.65462,-0.48379,-0.052932
0.68893,-0.47729,-0.038948
0.72343,-0.47167,-0.028623
0.75813,-0.46686,-0.021915
0.76365,-0.45506,-0.025901
0.76891,-0.44358,-0.031653
0.77394,-0.43242,-0.039001
0.77873,-0.42158,-0.047852
0.78329,-0.41105,-0.058159
0.78763,-0.40084,-0.06989
0.79175,-0.39095,-0.083026
0.79567,-0.38136,-0.097562
0.79937,-0.37207,-0.11348
0.80287,-0.36309,-0.13077
0.84319,-0.36235,-0.088798
0.88438,-0.3627,-0.058607
0.92644,-0.3641,-0.037362
0.96939,-0.36653,-0.023399
1.0132,-0.36993,-0.015608
1.058,-0.37429,-0.013275
1.1036,-0.37962,-0.011766
1.1502,-0.38599,-0.0059334
1.1979,-0.39335,0.0039606
1.2465,-0.40171,0.017663
1.1681,-0.37823,0.027484
1.0918,-0.35517,0.037643
1.0177,-0.33257,0.048079
0.94578,-0.31045,0.058735
0.87612,-0.28886,0.069566
0.80877,-0.26784,0.080536
0.74381,-0.24741,0.091609
0.68127,-0.22762,0.10278
0.62121,-0.20849,0.114
0.56368,-0.19005,0.1253
0.51449,-0.17682,0.15351
0.46786,-0.16424,0.17727
0.42372,-0.15229,0.19697
0.38203,-0.14097,0.21314
0.34275,-0.13028,0.22618
0.30581,-0.12021,0.23654
0.27119,-0.11074,0.24448
0.23882,-0.10189,0.25033
0.20867,-0.093628,0.25427
0.1807,-0.08596,0.25653
0.20388,-0.097881,0.25561
0.22869,-0.11069,0.25756
0.25516,-0.12439,0.26212
0.28332,-0.13898,0.26914
0.31318,-0.15444,0.27842
0.34477,-0.17079,0.28984
0.37811,-0.18802,0.30322
0.41321,-0.20612,0.31846
0.45008,-0.22508,0.33538
0.48873,-0.24491,0.35391
0.45704,-0.24598,0.32096
0.42652,-0.24783,0.28831
0.3971,-0.25043,0.25655
0.36874,-0.25376,0.22614
0.3414,-0.25779,0.19732
0.31502,-0.26251,0.17024
0.28955,-0.26788,0.14502
0.26494,-0.27389,0.12169
0.24116,-0.28052,0.1003
0.21817,-0.28775,0.080852
0.21851,-0.29144,0.049905
0.21893,-0.29532,0.027143
0.21939,-0.29935,0.010651
0.21987,-0.30349,-0.00090105
0.22035,-0.30775,-0.0084443
0.22082,-0.31209,-0.012659
0.22128,-0.31652,-0.01405
0.22162,-0.32099,-0.015225
0.22178,-0.32545,-0.018501
0.22175,-0.32992,-0.023642
0.26369,-0.31059,-0.01612
0.30642,-0.29378,-0.015396
0.3504,-0.27964,-0.0095679
0.39565,-0.26814,0.0011005
0.44215,-0.25923,0.015524
0.48987,-0.2529,0.032966
0.5388,-0.24912,0.052929
0.58895,-0.24791,0.075048
0.64029,-0.24925,0.099057
0.69283,-0.25317,0.12474
0.69608,-0.25452,0.13156
0.69951,-0.25594,0.13849
0.70314,-0.25742,0.14539
0.70694,-0.25896,0.15216
0.71093,-0.26056,0.15872
0.71509,-0.26222,0.16502
0.71943,-0.26393,0.17101
0.72395,-0.26569,0.17665
0.72864,-0.26751,0.18191
0.73351,-0.26938,0.18679
0.69175,-0.25513,0.13233
0.65153,-0.24145,0.092831
0.61271,-0.22828,0.063333
0.57518,-0.21556,0.04094
0.53891,-0.20326,0.02387
0.50385,-0.19138,0.010938
0.46998,-0.1799,0.0013721
0.4373,-0.16881,-0.0053979
0.40579,-0.15811,-0.009776
0.37546,-0.1478,-0.012081
0.35997,-0.1373,-0.001431
0.34498,-0.12772,0.016566
0.33045,-0.11902,0.040615
0.31632,-0.11118,0.069878
0.30258,-0.10417,0.1038
0.2892,-0.097973,0.14202
0.27616,-0.092578,0.18424
0.26344,-0.087973,0.23028
0.25103,-0.084123,0.27997
0.23919,-0.080226,0.33321
0.23726,-0.078732,0.26769
0.23591,-0.07739,0.21544
0.23502,-0.076153,0.17304
0.23449,-0.074989,0.13826
0.23427,-0.073876,0.10946
0.2343,-0.0728,0.08551
0.23455,-0.071747,0.065541
0.23497,-0.070711,0.048907
0.23556,-0.069685,0.035117
0.23629,-0.068663,0.023771
0.22349,-0.069642,0.024837
0.21201,-0.069169,0.0253
0.20175,-0.067259,0.025308
0.19236,-0.064733,0.02496
0.18301,-0.063827,0.024338
0.1736,-0.064629,0.023503
0.16406,-0.067098,0.022513
0.15434,-0.071201,0.021406
0.14438,-0.076909,0.020218
0.13415,-0.084202,0.018969
0.12949,-0.073892,0.010529
0.12476,-0.06476,0.0043781
0.11995,-0.056757,0.00020496
0.11507,-0.049844,-0.0022352
0.1101,-0.043982,-0.003131
0.10505,-0.03913,-0.0032895
0.099855,-0.035231,-0.0046267
0.094527,-0.032264,-0.0071707
0.089091,-0.030145,-0.010842
0.083948,-0.027676,-0.015577
0.072437,-0.023599,-0.010332
0.061696,-0.019746,-0.0063637
0.05175,-0.01613,-0.0035234
0.042624,-0.012765,-0.0017005
0.034341,-0.0096612,-0.00080701
0.026932,-0.0068367,-0.00038398
0.020438,-0.0043153,0.0007122
0.014881,-0.0021068,0.002512
0.01028,-0.00022023,0.0049814
0.006653,0.0013364,0.008094
0.013443,0.0012201,0.0052572
0.022892,0.0010428,0.0027969
0.035115,0.00095844,0.00086589
0.050226,0.0011207,-0.00039137
0.068336,0.0016835,-0.00088636
0.08954,0.0028093,-0.0017026
0.11394,0.0046516,-0.0034475
0.14164,0.0073526,-0.0061286
0.17275,0.011047,-0.0097285
0.20737,0.015861,-0.014211
0.2132,0.016438,-0.0095513
0.2191,0.017014,-0.0063247
0.22508,0.017586,-0.0041172
0.23114,0.018149,-0.0026302
0.23729,0.018703,-0.0016472
0.24352,0.019242,-0.0010117
0.24985,0.019767,-0.00061076
0.25626,0.020274,-0.00035451
0.26277,0.020761,-5.1764e-05
0.26936,0.021225,0.00032505
0.24799,0.020178,0.00026627
0.22739,0.019734,-0.00012166
0.20758,0.019801,-0.00084674
0.1886,0.020299,-0.0016739
0.17044,0.021154,-0.0024751
0.15315,0.0223,-0.0031839
0.13674,0.023677,-0.0037687
0.12124,0.025232,-0.0042178
0.10668,0.026914,-0.0045315
0.093076,0.028676,-0.004716
0.1131,0.024089,-0.0099763
0.13566,0.018903,-0.017047
0.16084,0.013101,-0.025894
0.18868,0.0066659,-0.036478
0.21924,-0.00042139,-0.048756
0.25258,-0.0081803,-0.062687
0.28875,-0.01663,-0.078226
0.32778,-0.025791,-0.095339
0.36972,-0.035682,-0.11398
0.41461,-0.046324,-0.13412
0.43082,-0.07232,-0.12751
0.44836,-0.096504,-0.12268
0.46722,-0.11895,-0.11915
0.48738,-0.13973,-0.1166
0.50886,-0.15888,-0.11478
0.53163,-0.17646,-0.11352
0.5557,-0.1925,-0.11269
0.58106,-0.20703,-0.11221
0.60773,-0.22009,-0.11198
0.63569,-0.2317,-0.11198
0.64085,-0.23264,-0.078176
0.64662,-0.23215,-0.051815
0.65297,-0.23026,-0.031348
0.6599,-0.22698,-0.015756
0.66737,-0.2223,-0.0043246
0.6754,-0.21626,0.0034503
0.68396,-0.20884,0.0079421
0.69305,-0.20006,0.0094292
0.70265,-0.1899,0.0096865
0.71273,-0.1783,0.012247
0.6916,-0.18675,0.0081889
0.6711,-0.19374,0.0069809
0.65125,-0.19932,0.0050802
0.63208,-0.20348,0.0021369
0.61357,-0.2062,-0.0014622
0.59575,-0.20747,-0.0055022
0.57861,-0.20727,-0.0098508
0.56216,-0.20559,-0.014431
0.54642,-0.20242,-0.019185
0.53136,-0.1978,-0.024084
0.53943,-0.20106,-0.026275
0.54761,-0.2044,-0.029405
0.55591,-0.2078,-0.033369
0.56431,-0.21124,-0.038103
0.57283,-0.21473,-0.043559
0.58145,-0.21826,-0.04971
0.59017,-0.22183,-0.05653
0.599,-0.22545,-0.064006
0.60792,-0.22911,-0.072118
0.61695,-0.23282,-0.080865
0.57654,-0.21373,-0.042896
0.53813,-0.19332,-0.019943
0.50169,-0.1716,-0.0091233
0.46726,-0.14855,-0.0070406
0.43514,-0.12397,0.0007724
0.40541,-0.097855,0.016862
0.37812,-0.070252,0.040607
0.35327,-0.041202,0.071551
0.33091,-0.010733,0.10933
0.31107,0.021133,0.15369
0.31436,0.016072,0.13296
0.31757,0.0111,0.11457
0.32071,0.0062102,0.098043
0.32375,0.0013973,0.083092
0.32672,-0.003341,0.069472
0.3296,-0.0080068,0.057041
0.33241,-0.012601,0.045677
0.33514,-0.017124,0.035315
0.3378,-0.021577,0.025899
0.34039,-0.025959,0.017402
0.3778,-0.018091,0.0058595
0.41726,-0.0084066,-0.0034902
0.45873,0.003145,-0.011171
0.5022,0.016605,-0.017603
0.54765,0.032003,-0.023119
0.59506,0.04936,-0.027973
0.64443,0.068685,-0.032358
0.69575,0.089979,-0.036415
0.74901,0.11323,-0.04025
0.80423,0.13843,-0.043941
0.77686,0.096442,-0.042652
0.75095,0.058778,-0.04147
0.72639,0.025045,-0.040444
0.70305,-0.0051053,-0.039528
0.68085,-0.031978,-0.03866
0.65969,-0.055845,-0.037797
0.6395,-0.076947,-0.037021
0.6202,-0.095498,-0.036384
0.60174,-0.11169,-0.035899
0.58406,-0.12569,-0.035566
0.58351,-0.10671,-0.054023
0.58248,-0.086217,-0.090975
0.58121,-0.064165,-0.14224
0.57983,-0.040523,-0.20514
0.57844,-0.015267,-0.27788
0.57712,0.011625,-0.35928
0.57593,0.040171,-0.44838
0.57491,0.070385,-0.54457
0.57413,0.10228,-0.64717
0.57363,0.13586,-0.75581
0.56448,0.090932,-0.68101
0.55435,0.049403,-0.62799
0.54386,0.011246,-0.58786
0.53336,-0.023548,-0.55608
0.52308,-0.054974,-0.52968
0.51317,-0.083027,-0.50711
0.50377,-0.1077,-0.48721
0.49496,-0.12897,-0.46936
0.48682,-0.14685,-0.45303
0.47943,-0.16132,-0.43795
0.50642,-0.16943,-0.46003
0.53453,-0.17784,-0.47435
0.5637,-0.18653,-0.48216
0.59391,-0.19551,-0.48463
0.62509,-0.20479,-0.48276
0.65723,-0.21436,-0.4774
0.6903,-0.22422,-0.46922
0.72428,-0.23438,-0.45876
0.75916,-0.24483,-0.44643
0.79494,-0.25558,-0.43258
0.77473,-0.22514,-0.36853
0.75492,-0.19154,-0.32478
0.73599,-0.15492,-0.29347
0.71825,-0.11537,-0.27016
0.70188,-0.072942,-0.25232
0.68701,-0.027653,-0.23827
0.67374,0.020477,-0.22706
0.66215,0.071436,-0.21796
0.6523,0.12522,-0.21057
0.64424,0.18183,-0.20454
0.66929,0.14968,-0.18975
0.6955,0.11722,-0.17123
0.72279,0.084533,-0.15122
0.75109,0.051687,-0.13121
0.78039,0.018736,-0.11225
0.81066,-0.014278,-0.094992
0.8419,-0.047315,-0.079927
0.87413,-0.080345,-0.06734
0.90734,-0.11334,-0.05746
0.94155,-0.14627,-0.050422
0.92581,-0.14856,-0.047398
0.90983,-0.15032,-0.045656
0.89365,-0.15159,-0.044675
0.87728,-0.1524,-0.044248
0.86074,-0.15278,-0.044284
0.84405,-0.15276,-0.044781
0.82721,-0.15237,-0.045731
0.81023,-0.15163,-0.047138
0.79312,-0.15056,-0.049025
0.7759,-0.14918,-0.05142
0.75419,-0.11416,-0.053235
0.73418,-0.078317,-0.053934
0.71579,-0.041661,-0.053769
0.69893,-0.0041978,-0.052963
0.68353,0.034069,-0.051701
0.66955,0.073134,-0.050117
0.65692,0.113,-0.048316
0.6456,0.15365,-0.046367
0.63555,0.19509,-0.04433
0.62672,0.23732,-0.042242
0.18679,0.0012926,-0.055083
0.18131,-0.0025332,-0.038187
0.17591,-0.0059932,-0.025803
0.17059,-0.0091281,-0.017056
0.16538,-0.01197,-0.011307
0.16026,-0.014548,-0.0080642
0.15524,-0.016884,-0.0069635
0.15041,-0.019025,-0.0058062
0.14583,-0.021001,-0.0030065
0.14147,-0.02282,0.0012556
0.13673,-0.022498,-0.0011833
0.13221,-0.02218,-0.0028197
0.12788,-0.021864,-0.0038742
0.12373,-0.021549,-0.004502
0.11974,-0.021235,-0.0048182
0.11592,-0.020921,-0.0049048
0.11223,-0.020607,-0.004824
0.10869,-0.020294,-0.0046534
0.10527,-0.01998,-0.0045601
0.10197,-0.019666,-0.0045399
0.093132,-0.016956,-0.0049633
0.08488,-0.014511,-0.0059152
0.07718,-0.012313,-0.0073411
0.069999,-0.010344,-0.0091957
0.063309,-0.0085889,-0.011444
0.05708,-0.0070315,-0.014056
0.051285,-0.0056571,-0.017008
0.045901,-0.0044512,-0.020279
0.040902,-0.0034005,-0.023851
0.036267,-0.0024919,-0.027712
0.036579,0.0013432,-0.034
0.037132,0.0056658,-0.040875
0.03794,0.010498,-0.048311
0.039016,0.015862,-0.056283
0.040374,0.021783,-0.06476
0.04203,0.028283,-0.073714
0.043996,0.035385,-0.083104
0.046286,0.043114,-0.092904
0.048913,0.05149,-0.10307
0.051891,0.060535,-0.11357
0.055151,0.06367,-0.11298
0.05852,0.066886,-0.11263
0.062,0.070184,-0.11247
0.065593,0.073563,-0.1125
0.069303,0.077023,-0.11268
0.073131,0.080563,-0.113
0.07708,0.084182,-0.11344
0.08115,0.087879,-0.11399
0.085345,0.091655,-0.11462
0.089665,0.095509,-0.11533
0.095,0.10197,-0.09479
0.10038,0.10861,-0.077197
0.10582,0.11542,-0.062125
0.11135,0.1224,-0.049248
0.11696,0.12958,-0.038301
0.12269,0.13694,-0.029067
0.12854,0.14449,-0.021373
0.13451,0.15224,-0.01507
0.14062,0.16019,-0.010039
0.14687,0.16833,-0.0061751
0.13272,0.1575,-0.0062488
0.11982,0.14754,-0.0063326
0.10807,0.13834,-0.0064369
0.097383,0.12984,-0.0065661
0.087682,0.12196,-0.0067252
0.078894,0.11463,-0.0069147
0.070953,0.10781,-0.007137
0.063797,0.10145,-0.0073908
0.05737,0.095495,-0.0076773
0.05162,0.089911,-0.0079943
0.051438,0.092978,-0.0023123
0.051411,0.095971,-0.00019306
0.051498,0.098933,0.00087476
0.05162,0.10192,0.004563
0.05177,0.10493,0.010645
0.051948,0.10798,0.018871
0.052155,0.11106,0.029029
0.052391,0.11418,0.040943
0.052658,0.11733,0.05445
0.05296,0.12052,0.06942
0.059716,0.13346,0.050795
0.06679,0.14725,0.035981
0.074208,0.16192,0.024388
0.081998,0.17751,0.015552
0.090181,0.19404,0.009082
0.09878,0.21154,0.0046437
0.10781,0.23003,0.0019493
0.11729,0.24953,0.00073883
0.12725,0.27004,0.00052476
0.13775,0.29155,-0.00047013
0.13541,0.28905,0.0011775
0.13317,0.28674,0.0061716
0.13098,0.28461,0.015559
0.12887,0.28261,0.028395
0.12684,0.28073,0.044013
0.12493,0.27893,0.061928
0.12313,0.27721,0.081782
0.12146,0.27555,0.10331
0.1199,0.27394,0.1263
0.11826,0.27248,0.15059
0.1061,0.24645,0.16386
0.094789,0.22238,0.17753
0.084263,0.20013,0.1915
0.07453,0.17956,0.20574
0.065556,0.16055,0.22016
0.057297,0.143,0.23478
0.049713,0.12682,0.24952
0.042767,0.11193,0.26439
0.036428,0.098245,0.27932
0.030669,0.08571,0.29435
0.032037,0.086377,0.25493
0.033382,0.086965,0.22145
0.034703,0.087485,0.19265
0.035742,0.08806,0.16766
0.036455,0.08872,0.1458
0.036872,0.08946,0.12656
0.037014,0.090275,0.10955
0.036901,0.091161,0.094448
0.036546,0.092118,0.081019
0.035961,0.093145,0.069051
0.041161,0.099981,0.059817
0.046241,0.10725,0.051456
0.051207,0.11496,0.043894
0.056065,0.12311,0.037048
0.060817,0.13171,0.030867
0.065468,0.14075,0.025293
0.070113,0.1502,0.020289
0.075116,0.15989,0.015815
0.080519,0.16979,0.011843
0.086327,0.17992,0.0083341
0.081403,0.1709,0.010795
0.076845,0.16225,0.013091
0.072638,0.15395,0.015221
0.068768,0.14598,0.017179
0.065205,0.13833,0.01898
0.061725,0.13108,0.020634
0.058258,0.12423,0.022159
0.054795,0.11777,0.023567
0.051332,0.11168,0.024874
0.047861,0.10595,0.026091
0.04905,0.10647,0.018763
0.05005,0.10708,0.012762
0.050868,0.10776,0.0079246
0.051512,0.10851,0.0041172
0.051991,0.10934,0.0012323
0.052519,0.11015,-0.00082437
0.05322,0.11087,-0.0021294
0.054095,0.11151,-0.0027469
0.055137,0.11207,-0.0029741
0.056326,0.11253,-0.0037054
0.052275,0.10551,-0.0033491
0.048518,0.098835,-0.0030319
0.045037,0.092487,-0.0027467
0.041816,0.086447,-0.0024881
0.038842,0.080703,-0.0022539
0.036099,0.075238,-0.0020419
0.033575,0.070041,-0.0018516
0.031211,0.065119,-0.0016816
0.028913,0.060502,-0.0015294
0.026675,0.056175,-0.0013944
0.028745,0.062266,-0.0018548
0.030493,0.068928,-0.0029357
0.031901,0.076188,-0.0046278
0.032949,0.084071,-0.0069199
0.033613,0.092601,-0.0097988
0.033873,0.1018,-0.01325
0.033706,0.1117,-0.017255
0.033088,0.12232,-0.021797
0.031997,0.13367,-0.026856
0.030412,0.14578,-0.032413
0.026957,0.13309,-0.024656
0.023655,0.12119,-0.018486
0.020512,0.11005,-0.013576
0.017532,0.099632,-0.0096909
0.014714,0.089906,-0.0066555
0.01206,0.080842,-0.004339
0.0095693,0.072412,-0.00264
0.0072407,0.064591,-0.0014802
0.0050727,0.057352,-0.00079719
0.0030639,0.050673,-0.00053567
0.0022932,0.047888,-0.00050288
0.0015895,0.045234,-0.00051843
0.0009494,0.042706,-0.00058205
0.00036973,0.040296,-0.00068898
-0.00015258,0.038001,-0.00083536
-0.00062035,0.035814,-0.0010178
-0.0010365,0.033731,-0.0012337
-0.0014035,0.031748,-0.0014805
-0.0017242,0.029859,-0.0017564
-0.0020008,0.028061,-0.0020594
-0.0041581,0.025291,-0.0011214
-0.0061939,0.022811,-0.00051222
-0.0081146,0.020606,-0.00018894
-0.0099258,0.018661,-0.00010288
-0.011632,0.016964,6.4338e-05
-0.01324,0.015506,0.00041979
-0.014753,0.014276,0.0009463
-0.016176,0.013264,0.0016305
-0.017514,0.012464,0.0024621
-0.018768,0.011869,0.0034334
-0.019511,0.011743,0.0031573
-0.020237,0.011666,0.0028905
-0.020944,0.011636,0.0026326
-0.021634,0.011653,0.002384
-0.022307,0.011715,0.0021444
-0.022962,0.011822,0.0019142
-0.0236,0.011975,0.0016932
-0.02422,0.012171,0.0014818
-0.024823,0.012412,0.0012798
-0.025409,0.012696,0.0010878
-0.02395,0.011977,0.00042708
-0.022543,0.011282,-8.3794e-06
-0.021188,0.010611,-0.00024987
-0.019883,0.0099638,-0.00032326
-0.018626,0.0093392,-0.00036864
-0.017414,0.0087365,-0.00053719
-0.016247,0.0081555,-0.00081377
-0.015125,0.0075961,-0.0011838
-0.014046,0.0070579,-0.0016361
-0.013012,0.006541,-0.0021603
-0.012265,0.0060432,-0.0012091
-0.011576,0.0054878,-0.00058039
-0.010942,0.0048797,-0.00024519
-0.010363,0.0042227,-0.00015747
-0.0098429,0.0035192,5.0218e-05
-0.0093828,0.00277,0.00049182
-0.0089824,0.0019749,0.0011563
-0.0086417,0.0011325,0.0020363
-0.0083617,0.00024031,0.0031268
-0.0081435,-0.00070505,0.0044257
-0.0089436,0.00018207,0.0043942
-0.0098333,0.0010978,0.004365
-0.010815,0.0020434,0.004337
-0.011893,0.0030195,0.0043103
-0.01307,0.004027,0.0042843
-0.014349,0.0050664,0.0042594
-0.015735,0.0061382,0.0042354
-0.01723,0.0072425,0.0042129
-0.01884,0.0083796,0.004192
-0.020567,0.0095495,0.0041735
-0.02113,0.0095512,0.0014967
-0.021731,0.0095159,8.7276e-05
-0.022374,0.0094438,-0.00023903
-0.023043,0.0093424,-0.0011953
-0.023741,0.0092138,-0.0032897
-0.024473,0.0090574,-0.0065026
-0.025245,0.0088722,-0.010819
-0.026062,0.008657,-0.016229
-0.02693,0.0084101,-0.02272
-0.027855,0.0081297,-0.030282
-0.031353,0.0083239,-0.027648
-0.03513,0.00847,-0.025168
-0.039198,0.0085679,-0.022836
-0.043572,0.008618,-0.02065
-0.048263,0.0086203,-0.018604
-0.053284,0.0085751,-0.016699
-0.058649,0.0084824,-0.014927
-0.06437,0.0083428,-0.013287
-0.070458,0.0081564,-0.011773
-0.076925,0.0079239,-0.01038
-0.07079,0.0042166,-0.0064099
-0.065075,0.0007773,-0.0035237
-0.059758,-0.0024078,-0.0015725
-0.054818,-0.0053512,-0.00043829
-0.050237,-0.0080649,-2.6292e-05
-0.045997,-0.010564,0.00020673
-0.042079,-0.012863,0.0010074
-0.038469,-0.014973,0.0023361
-0.035152,-0.016901,0.0041515
-0.032115,-0.018658,0.0064199
-0.027751,-0.017276,0.011079
-0.023863,-0.016003,0.016579
-0.020397,-0.014822,0.022766
-0.01731,-0.013717,0.029531
-0.014562,-0.012676,0.036793
-0.012124,-0.011685,0.044499
-0.0099678,-0.010735,0.052608
-0.0080739,-0.0098157,0.0611
-0.0064253,-0.0089202,0.069956
-0.0050115,-0.0080408,0.079174
-0.0043639,-0.0065371,0.060724
-0.0037974,-0.0052447,0.04608
-0.0033041,-0.0041381,0.034467
-0.0028771,-0.0031951,0.025304
-0.0025101,-0.0023968,0.01813
-0.0021972,-0.0017262,0.012582
-0.0019329,-0.0011686,0.0083632
-0.0017123,-0.00071056,0.0052328
-0.0015306,-0.0003402,0.0029909
-0.0013836,-4.6692e-05,0.0014713
-0.0016212,-0.00030601,0.001548
-0.0018883,-0.00062983,0.0016089
-0.0021846,-0.0010193,0.0016538
-0.0025103,-0.0014756,0.0016826
-0.0028654,-0.0019995,0.0016961
-0.00325,-0.0025921,0.0016949
-0.0036643,-0.003254,0.0016805
-0.0041085,-0.0039861,0.0016538
-0.0045828,-0.0047891,0.0016163
-0.0050876,-0.0056635,0.0015694
-0.0049467,-0.00581,0.0021623
-0.0048153,-0.0059517,0.002835
-0.0046938,-0.0060892,0.0035847
-0.0045827,-0.0062232,0.0044072
-0.0044823,-0.0063544,0.0053002
-0.004393,-0.0064833,0.0062609
-0.0043152,-0.0066106,0.0072872
-0.0042494,-0.0067368,0.0083772
-0.0041958,-0.0068624,0.0095289
-0.004155,-0.0069879,0.010741
-0.0040589,-0.0062254,0.015012
-0.004049,-0.0054397,0.019998
-0.0041313,-0.0046239,0.025725
-0.0043147,-0.0037724,0.032221
-0.0046109,-0.0028809,0.039515
-0.0050333,-0.0019465,0.047631
-0.0055974,-0.00096724,0.056588
-0.0063201,5.8094e-05,0.066399
-0.0072197,0.0011297,0.077062
-0.0083154,0.0022472,0.088578
-0.0092575,0.0037686,0.085588
-0.01049,0.0050129,0.082844
-0.012007,0.006003,0.080288
-0.013568,0.0071943,0.077893
-0.015069,0.0087896,0.075621
-0.016512,0.010797,0.073455
-0.017901,0.013227,0.071371
-0.019236,0.016092,0.069361
-0.020518,0.019405,0.067412
-0.021747,0.02318,0.065521
-0.022906,0.022491,0.074731
-0.024043,0.021868,0.084254
-0.025159,0.021311,0.094051
-0.026252,0.020821,0.10409
-0.027324,0.020396,0.11433
-0.028375,0.020039,0.12474
-0.029404,0.019747,0.13529
-0.030411,0.019522,0.14596
-0.031398,0.019364,0.15672
-0.032363,0.019271,0.16755
-0.031888,0.018649,0.10802
-0.031436,0.018088,0.065621
-0.030998,0.017588,0.036098
-0.030566,0.017147,0.016576
-0.030133,0.01676,0.0050834
-0.029693,0.016425,0.00028491
-0.029236,0.016146,-0.0013051
-0.028774,0.015889,-0.0077065
-0.028339,0.015585,-0.019241
-0.027927,0.015226,-0.035879
-0.027334,0.014488,-0.035827
-0.026827,0.013635,-0.035774
-0.026404,0.012669,-0.035707
-0.026062,0.01159,-0.035635
-0.0258,0.0104,-0.035548
-0.025615,0.009098,-0.035454
-0.025508,0.0076834,-0.035345
-0.025476,0.0061555,-0.035227
-0.025521,0.0045129,-0.035094
-0.02564,0.0027542,-0.034951
-0.026572,0.0017834,-0.036682
-0.027551,0.00073268,-0.038503
-0.028577,-0.00039999,-0.04041
-0.029651,-0.0016165,-0.042412
-0.030775,-0.0029188,-0.044504
-0.031949,-0.0043086,-0.046694
-0.033175,-0.005788,-0.048979
-0.034454,-0.0073587,-0.051365
-0.035786,-0.0090223,-0.053849
-0.037172,-0.010781,-0.056437
-0.040539,-0.012994,-0.067269
-0.044192,-0.015426,-0.078937
-0.048144,-0.018084,-0.091381
-0.052406,-0.020979,-0.10455
-0.056989,-0.024119,-0.11838
-0.061904,-0.02751,-0.13282
-0.06716,-0.031161,-0.14781
-0.072767,-0.035075,-0.1633
-0.078732,-0.039259,-0.17922
-0.085062,-0.043716,-0.19556
-0.089315,-0.044436,-0.20525
-0.093696,-0.045142,-0.2152
-0.098207,-0.045834,-0.22536
-0.10285,-0.046511,-0.23574
-0.10762,-0.047172,-0.24627
-0.11252,-0.047815,-0.25697
-0.11755,-0.048442,-0.26777
-0.12271,-0.049049,-0.27869
-0.128,-0.049638,-0.28966
-0.13342,-0.050206,-0.30069
-0.13446,-0.060251,-0.32563
-0.13572,-0.070611,-0.35068
-0.13722,-0.081283,-0.37576
-0.13896,-0.09226,-0.40089
-0.14094,-0.10354,-0.42598
-0.14316,-0.11512,-0.45108
-0.14562,-0.12699,-0.47607
-0.14833,-0.13914,-0.50102
-0.15129,-0.15157,-0.5258
-0.1545,-0.16428,-0.55048
-0.14855,-0.16285,-0.48712
-0.14303,-0.16169,-0.43583
-0.13791,-0.16075,-0.39324
-0.13314,-0.15999,-0.35719
-0.12871,-0.15937,-0.32616
-0.1246,-0.15888,-0.29908
-0.12079,-0.15848,-0.27518
-0.11726,-0.15818,-0.25387
-0.11401,-0.15795,-0.23473
-0.11101,-0.15778,-0.21739
-0.11308,-0.16642,-0.17464
-0.11541,-0.17505,-0.13909
-0.11797,-0.18367,-0.10945
-0.12078,-0.19229,-0.084703
-0.12383,-0.20092,-0.064129
-0.12712,-0.20956,-0.047125
-0.13065,-0.21822,-0.033263
-0.13442,-0.22691,-0.022157
-0.13844,-0.23562,-0.01353
-0.1427,-0.24436,-0.0071233
-0.13924,-0.24022,-0.0089632
-0.1365,-0.23583,-0.010464
-0.13351,-0.23173,-0.011631
-0.12993,-0.22811,-0.012481
-0.12577,-0.22496,-0.013061
-0.12104,-0.22226,-0.0134
-0.11576,-0.22,-0.013546
-0.10992,-0.21816,-0.013524
-0.10354,-0.21673,-0.013371
-0.096627,-0.21571,-0.013107
-0.081557,-0.19691,-0.0314
-0.0672,-0.17982,-0.054821
-0.053468,-0.16428,-0.082181
-0.04029,-0.15014,-0.11267
-0.027605,-0.13731,-0.14574
-0.015365,-0.12567,-0.181
-0.003527,-0.11517,-0.21815
0.0079412,-0.10574,-0.25698
0.019066,-0.097331,-0.2973
0.029868,-0.089918,-0.33898
0.026025,-0.083761,-0.30736
0.022491,-0.078035,-0.28173
0.019238,-0.072699,-0.26056
0.016243,-0.067719,-0.24283
0.013488,-0.063067,-0.22776
0.010957,-0.058719,-0.21483
0.0086353,-0.054653,-0.20359
0.006511,-0.05085,-0.19375
0.004573,-0.047293,-0.18506
0.0028112,-0.043968,-0.17733
0.0031937,-0.037787,-0.1735
0.0034961,-0.032189,-0.16975
0.0037229,-0.027141,-0.16607
0.0038782,-0.022612,-0.16247
0.0039661,-0.018572,-0.15895
0.0039897,-0.014995,-0.1555
0.0039527,-0.011855,-0.15212
0.0038575,-0.0091292,-0.1488
0.0037071,-0.0067955,-0.14555
0.0035033,-0.0048343,-0.14235
0.0021481,-0.0057777,-0.1274
0.00073153,-0.0069704,-0.11389
-0.00074847,-0.0084047,-0.10162
-0.0022954,-0.010075,-0.090439
-0.0039123,-0.011977,-0.080224
-0.0056024,-0.014108,-0.070861
-0.0073685,-0.016469,-0.062274
-0.0092141,-0.019058,-0.054385
-0.011142,-0.02188,-0.047148
-0.013154,-0.024937,-0.040512
-0.011582,-0.021831,-0.04537
-0.010124,-0.01897,-0.050288
-0.0087716,-0.016341,-0.055271
-0.0075167,-0.01393,-0.060306
-0.0063519,-0.011728,-0.0654
-0.0052708,-0.0097246,-0.070545
-0.004268,-0.0079117,-0.075747
-0.003368,-0.0062664,-0.081001
-0.0025897,-0.0047707,-0.086311
-0.0019305,-0.0034203,-0.091674
-0.0011499,-0.0021457,-0.10538
-0.00048232,-0.0010279,-0.11994
7.0399e-05,-6.9247e-05,-0.13534
0.00050598,0.00072744,-0.15156
0.00083977,0.0013491,-0.16855
0.0010846,0.0017837,-0.18629
0.0012526,0.0020517,-0.20471
0.0015048,0.0024433,-0.2238
0.0018894,0.0030453,-0.24348
0.0024085,0.0038606,-0.26371
0.0019712,0.0033495,-0.25096
0.0016273,0.0029612,-0.23901
0.0013738,0.0026934,-0.22771
0.0012079,0.0025443,-0.21702
0.00109,0.0024443,-0.20684
0.00092525,0.002223,-0.19715
0.00070912,0.0018738,-0.18789
0.00043258,0.0014035,-0.17903
8.3883e-05,0.00082014,-0.17052
-0.00033615,0.00012444,-0.16235
1.5735e-05,0.00069546,-0.17221
0.00049799,0.001124,-0.18223
0.0012045,0.001358,-0.19241
0.0021398,0.0013927,-0.20274
0.0033089,0.0012237,-0.2132
0.0047176,0.00084524,-0.22377
0.0063713,0.00025221,-0.23444
0.0082761,-0.00056245,-0.2452
0.010475,-0.0015367,-0.25602
0.013012,-0.0026117,-0.2669
0.014298,-0.0037885,-0.24474
0.015652,-0.004906,-0.22471
0.017061,-0.0059815,-0.20647
0.018488,-0.0070775,-0.18979
0.019929,-0.0082008,-0.17447
0.021384,-0.0093504,-0.16034
0.022853,-0.010525,-0.14728
0.024338,-0.011724,-0.13515
0.02584,-0.012948,-0.12389
0.027359,-0.014196,-0.11339
0.031398,-0.016312,-0.13206
0.035779,-0.018623,-0.15192
0.04051,-0.021135,-0.17287
0.045598,-0.023859,-0.19472
0.05105,-0.026801,-0.21731
0.056871,-0.029967,-0.24049
0.063067,-0.033365,-0.26411
0.069642,-0.036998,-0.28805
0.076602,-0.040872,-0.31217
0.083949,-0.04499,-0.3364
0.084622,-0.043589,-0.31991
0.08502,-0.042645,-0.30524
0.085159,-0.04214,-0.29203
0.085052,-0.042051,-0.28002
0.08498,-0.041863,-0.26898
0.085121,-0.041246,-0.25875
0.085468,-0.040217,-0.24921
0.086015,-0.038789,-0.24024
0.086758,-0.036974,-0.23176
0.087692,-0.034782,-0.2237
0.093285,-0.034131,-0.19225
0.099258,-0.032947,-0.16495
0.10561,-0.031243,-0.14108
0.11235,-0.029024,-0.12012
0.11947,-0.026292,-0.10166
0.12697,-0.023049,-0.085372
0.13487,-0.019289,-0.071027
0.14317,-0.015011,-0.058395
0.15187,-0.010208,-0.047328
0.16097,-0.0048769,-0.037671
0.15905,-0.011096,-0.029684
0.15728,-0.016968,-0.022909
0.15565,-0.022509,-0.017233
0.15417,-0.027733,-0.012538
0.15283,-0.032653,-0.0087425
0.15162,-0.03728,-0.0057587
0.15053,-0.041627,-0.0035233
0.14957,-0.045702,-0.0019713
0.14873,-0.049514,-0.0010518
0.148,-0.053072,-0.00071556
0.14608,-0.050495,-0.0019442
0.14421,-0.047896,-0.0048931
0.14238,-0.045277,-0.0091736
0.1406,-0.042639,-0.01449
0.13886,-0.039983,-0.020626
0.13717,-0.037312,-0.02741
0.13551,-0.034624,-0.034716
0.13389,-0.031921,-0.042442
0.13231,-0.029202,-0.050515
0.13077,-0.026469,-0.058872
0.1419,-0.027534,-0.043761
0.15355,-0.028591,-0.031599
0.16574,-0.029653,-0.021976
0.17846,-0.030729,-0.014553
0.19174,-0.03183,-0.0090528
0.2056,-0.032964,-0.005235
0.22003,-0.034137,-0.0028995
0.23504,-0.035356,-0.0018728
0.25065,-0.036627,-0.0017767
0.26687,-0.037957,-0.000985
0.25955,-0.039376,0.0061793
0.25241,-0.040768,0.018808
0.24543,-0.042116,0.035835
0.23863,-0.043411,0.056493
0.23199,-0.044643,0.080206
0.2255,-0.045806,0.10655
0.21918,-0.046891,0.13518
0.21301,-0.047895,0.16583
0.20701,-0.04881,0.19828
0.20116,-0.049633,0.23235
0.19844,-0.048903,0.17717
0.19605,-0.048206,0.13508
0.19393,-0.047533,0.10241
0.19204,-0.04688,0.076798
0.19033,-0.04624,0.056586
0.18878,-0.04561,0.040615
0.18737,-0.044988,0.02804
0.18607,-0.044372,0.018236
0.18488,-0.043759,0.010732
0.18379,-0.043148,0.0051633
0.18969,-0.046916,0.0019249
0.19572,-0.050747,-0.00044859
0.20188,-0.054642,-0.0020427
0.20817,-0.058603,-0.0029335
0.2146,-0.06263,-0.0032576
0.22114,-0.066729,-0.0039145
0.22781,-0.0709,-0.005118
0.23458,-0.075145,-0.0068261
0.24147,-0.079462,-0.0089991
0.24848,-0.083853,-0.011604
0.25541,-0.087617,-0.012508
0.26243,-0.091449,-0.013628
0.26954,-0.09535,-0.014954
0.27674,-0.099319,-0.016485
0.28403,-0.10336,-0.018216
0.29141,-0.10746,-0.020146
0.29888,-0.11164,-0.022266
0.30644,-0.11588,-0.024575
0.31408,-0.12019,-0.027064
0.32181,-0.12457,-0.029731
0.31984,-0.12852,-0.043188
0.31793,-0.13226,-0.058179
0.31611,-0.13578,-0.074291
0.31435,-0.13909,-0.091257
0.31267,-0.14221,-0.10888
0.31106,-0.14512,-0.12702
0.30952,-0.14786,-0.14559
0.30805,-0.15041,-0.1645
0.30664,-0.15279,-0.18369
0.3053,-0.15499,-0.20312
0.32264,-0.16836,-0.20148
0.34082,-0.18167,-0.20088
0.35985,-0.19493,-0.20107
0.37973,-0.20813,-0.20188
0.40048,-0.22129,-0.20313
0.42211,-0.23441,-0.20473
0.44462,-0.24748,-0.20654
0.46795,-0.26063,-0.2085
0.49177,-0.27446,-0.2105
0.51602,-0.2891,-0.21251
0.49792,-0.28054,-0.25878
0.48028,-0.27222,-0.30452
0.46309,-0.26413,-0.34967
0.44633,-0.25625,-0.39433
0.42998,-0.24858,-0.43852
0.41403,-0.24111,-0.48241
0.39846,-0.23383,-0.52598
0.38325,-0.22673,-0.56936
0.36841,-0.2198,-0.61246
0.35391,-0.21304,-0.65542
0.34579,-0.20205,-0.50523
0.3361,-0.19361,-0.39374
0.32642,-0.18529,-0.30797
0.31764,-0.17568,-0.24048
0.30974,-0.16488,-0.18655
0.30271,-0.15296,-0.14308
0.29652,-0.13998,-0.10799
0.29114,-0.12599,-0.079751
0.28654,-0.11102,-0.057315
0.28271,-0.095087,-0.039834
0.29965,-0.11302,-0.051647
0.31774,-0.13105,-0.06361
0.33702,-0.14918,-0.075467
0.35749,-0.16743,-0.087019
0.37918,-0.18579,-0.098202
0.4021,-0.20427,-0.10896
0.42626,-0.22286,-0.1193
0.45168,-0.24158,-0.12925
0.47834,-0.26041,-0.13886
0.50627,-0.27937,-0.14814
0.50457,-0.28042,-0.15361
0.50301,-0.28122,-0.15863
0.5016,-0.28177,-0.1633
0.50032,-0.28211,-0.16769
0.49915,-0.28223,-0.17185
0.49809,-0.28216,-0.17583
0.49714,-0.2819,-0.17964
0.49619,-0.28161,-0.18332
0.49517,-0.28146,-0.18687
0.49406,-0.28145,-0.1903
0.48653,-0.2788,-0.1833
0.47887,-0.27686,-0.17696
0.47108,-0.27563,-0.1711
0.46314,-0.27507,-0.16562
0.45505,-0.27518,-0.16042
0.44682,-0.27593,-0.15544
0.43843,-0.27731,-0.15065
0.42988,-0.27931,-0.14601
0.42117,-0.28192,-0.1415
0.41229,-0.28511,-0.13709
0.42422,-0.28774,-0.1035
0.43584,-0.29049,-0.078446
0.44724,-0.29338,-0.05971
0.45846,-0.29641,-0.04579
0.46954,-0.29958,-0.035663
0.4805,-0.30289,-0.02859
0.49138,-0.30635,-0.024046
0.50217,-0.30994,-0.02163
0.5129,-0.31368,-0.02104
0.52361,-0.31757,-0.021066
0.51186,-0.3183,-0.022045
0.49971,-0.31987,-0.025768
0.48719,-0.32222,-0.031737
0.47432,-0.32535,-0.03911
0.46113,-0.32924,-0.047403
0.44761,-0.33387,-0.056329
0.43379,-0.33921,-0.065725
0.41967,-0.34525,-0.075484
0.40525,-0.35197,-0.085544
0.39053,-0.35936,-0.095857
0.40212,-0.34744,-0.096863
0.41292,-0.33675,-0.09889
0.42298,-0.32722,-0.10167
0.43235,-0.3188,-0.10501
0.44107,-0.31144,-0.10878
0.44915,-0.30509,-0.1129
0.45664,-0.2997,-0.11729
0.46355,-0.29523,-0.12191
0.46991,-0.29166,-0.12671
0.47574,-0.28894,-0.13168
0.47322,-0.28666,-0.13575
0.47072,-0.28444,-0.13933
0.46823,-0.28228,-0.1425
0.46575,-0.28017,-0.14533
0.46329,-0.2781,-0.14788
0.46084,-0.27609,-0.15019
0.4584,-0.27411,-0.1523
0.45597,-0.27218,-0.15422
0.45355,-0.27029,-0.15598
0.45114,-0.26844,-0.15759
0.45501,-0.27522,-0.13771
0.45839,-0.28254,-0.12145
0.46131,-0.2904,-0.10792
0.4638,-0.29881,-0.096481
0.46588,-0.30775,-0.086703
0.46758,-0.31721,-0.078267
0.46891,-0.3272,-0.070943
0.46989,-0.3377,-0.064559
0.47051,-0.34869,-0.058987
0.4708,-0.36018,-0.054126
0.47616,-0.35538,-0.03844
0.48114,-0.35083,-0.029995
0.4858,-0.34655,-0.026969
0.49024,-0.34263,-0.025745
0.49464,-0.33923,-0.021297
0.49897,-0.33631,-0.014046
0.50324,-0.33383,-0.0044266
0.50743,-0.33178,0.007237
0.51154,-0.33012,0.020676
0.51556,-0.32883,0.035684
0.53014,-0.33838,0.0071771
0.54522,-0.34843,-0.011136
0.5607,-0.35889,-0.022483
0.57653,-0.36967,-0.028895
0.59267,-0.38074,-0.031696
0.60903,-0.392,-0.033468
0.62553,-0.40334,-0.03733
0.64216,-0.41476,-0.04295
0.65894,-0.42628,-0.050047
0.67586,-0.4379,-0.058411
0.66575,-0.43575,-0.050559
0.65563,-0.43365,-0.045255
0.64555,-0.43163,-0.041528
0.6355,-0.4297,-0.038821
0.62551,-0.42787,-0.036804
0.61557,-0.42614,-0.035276
0.60569,-0.42452,-0.03411
0.59586,-0.42299,-0.033229
0.58609,-0.42157,-0.032573
0.57637,-0.42025,-0.032105
0.565,-0.39912,-0.032698
0.55341,-0.37963,-0.035621
0.54164,-0.36171,-0.040011
0.52971,-0.34526,-0.045396
0.51762,-0.33019,-0.051505
0.5054,-0.31644,-0.058172
0.49304,-0.30393,-0.065291
0.48056,-0.29259,-0.072788
0.46794,-0.28238,-0.080606
0.45521,-0.27322,-0.088703
0.4678,-0.28234,-0.059786
0.47997,-0.29149,-0.041672
0.49184,-0.30077,-0.031326
0.50346,-0.31025,-0.02675
0.5149,-0.31999,-0.026272
0.52632,-0.33017,-0.024258
0.53778,-0.34084,-0.019442
0.54926,-0.35196,-0.012301
0.56075,-0.36352,-0.0031914
0.57224,-0.37551,0.0076171
0.55676,-0.35992,0.021865
0.54148,-0.34545,0.037227
0.52639,-0.33202,0.053521
0.51147,-0.31957,0.070605
0.49672,-0.30805,0.088347
0.48213,-0.29739,0.10665
0.46769,-0.28755,0.12541
0.4534,-0.27849,0.14456
0.43927,-0.2701,0.16401
0.42572,-0.26168,0.18373
0.4186,-0.25502,0.11043
0.41285,-0.24853,0.060193
0.40818,-0.24199,0.025956
0.4044,-0.23527,0.0033706
0.4014,-0.22829,-0.010391
0.39908,-0.221,-0.017232
0.39737,-0.21334,-0.018647
0.39605,-0.20514,-0.021396
0.395,-0.19631,-0.028073
0.39424,-0.18689,-0.038145
0.38237,-0.19357,-0.020981
0.37119,-0.1984,-0.016935
0.36109,-0.20188,-0.011288
0.35212,-0.20423,0.00053655
0.34419,-0.20546,0.016839
0.33719,-0.20559,0.036523
0.33109,-0.20465,0.058863
0.32582,-0.20266,0.083356
0.32084,-0.20045,0.10963
0.31533,-0.19933,0.13744
0.31884,-0.20088,0.12317
0.32242,-0.20261,0.11204
0.32605,-0.2045,0.10323
0.3297,-0.20652,0.096163
0.33337,-0.20866,0.090402
0.33703,-0.21093,0.085649
0.34069,-0.2133,0.08167
0.34439,-0.2157,0.078299
0.34816,-0.21806,0.075402
0.352,-0.22037,0.072884
0.35503,-0.22272,0.082236
0.35809,-0.22495,0.090924
0.36115,-0.22707,0.099011
0.36415,-0.22922,0.10657
0.36706,-0.23143,0.11365
0.36988,-0.23371,0.12032
0.3726,-0.23606,0.12662
0.37524,-0.23848,0.1326
0.37779,-0.24097,0.13828
0.38025,-0.24353,0.1437
0.39132,-0.24956,0.12203
0.4025,-0.25593,0.10417
0.41378,-0.26262,0.089189
0.42514,-0.26961,0.07642
0.43658,-0.27688,0.065392
0.44811,-0.28439,0.055752
0.45986,-0.29191,0.047244
0.47186,-0.29939,0.03967
0.48409,-0.30683,0.032886
0.49656,-0.31424,0.026775
0.50291,-0.31796,0.033993
0.5093,-0.32167,0.040528
0.51576,-0.32536,0.046471
0.52227,-0.32904,0.051906
0.52885,-0.33271,0.056926
0.5355,-0.33638,0.061604
0.54222,-0.34004,0.066007
0.54901,-0.34369,0.070186
0.55587,-0.34734,0.074184
0.56281,-0.351,0.078031
0.56003,-0.35055,0.091227
0.55722,-0.34999,0.10336
0.55439,-0.3493,0.11458
0.55153,-0.34849,0.12504
0.54865,-0.34758,0.13484
0.54576,-0.34656,0.14407
0.54285,-0.34544,0.1528
0.53992,-0.34422,0.16109
0.53698,-0.34291,0.16897
0.53403,-0.34151,0.17647
0.54199,-0.34803,0.13462
0.55035,-0.3545,0.10273
0.55903,-0.36091,0.077821
0.56795,-0.3673,0.057995
0.57696,-0.37383,0.041983
0.58604,-0.3805,0.028903
0.59516,-0.38731,0.018165
0.60432,-0.39426,0.0093248
0.61352,-0.40132,0.0020878
0.62274,-0.4085,-0.0037957
0.60579,-0.39601,0.010768
0.58923,-0.38427,0.026875
0.57302,-0.37324,0.043585
0.55717,-0.36278,0.06047
0.54198,-0.35241,0.077363
0.52745,-0.34204,0.094208
0.51355,-0.33169,0.111
0.50026,-0.32135,0.12776
0.48755,-0.31103,0.14449
0.47538,-0.30072,0.16121
0.45833,-0.28829,0.16458
0.44193,-0.2762,0.16871
0.42615,-0.26446,0.17334
0.41095,-0.25304,0.17833
0.39631,-0.24195,0.18353
0.3822,-0.23116,0.18889
0.36859,-0.22068,0.19432
0.35547,-0.21049,0.19981
0.34281,-0.20059,0.2053
0.3306,-0.19096,0.21079
0.3168,-0.1819,0.14952
0.30404,-0.17323,0.10407
0.29213,-0.16491,0.070005
0.28095,-0.15689,0.044474
0.2704,-0.14915,0.025544
0.26043,-0.14167,0.011856
0.25097,-0.13442,0.0024418
0.24197,-0.12739,-0.0034262
0.23342,-0.12056,-0.0062923
0.22526,-0.11392,-0.0067665
0.226,-0.10623,-0.0091079
0.22706,-0.097985,-0.014366
0.22845,-0.089172,-0.022208
0.23016,-0.079794,-0.032373
0.23221,-0.069848,-0.044634
0.2346,-0.059331,-0.058812
0.23733,-0.04824,-0.074734
0.24041,-0.036575,-0.092273
0.24385,-0.024333,-0.11128
0.24765,-0.011514,-0.13166
0.2278,-0.0042819,-0.15165
0.20905,0.0024704,-0.17275
0.19136,0.0087564,-0.19481
0.17468,0.014587,-0.21775
0.15897,0.019974,-0.24144
0.1442,0.024919,-0.26582
0.13033,0.029434,-0.29078
0.11733,0.03352,-0.31631
0.10516,0.037192,-0.34227
0.093819,0.040456,-0.36868
0.09842,0.04546,-0.3126
0.1029,0.05069,-0.26667
0.10732,0.056128,-0.22838
0.11172,0.061764,-0.19609
0.11613,0.067589,-0.16854
0.12056,0.073599,-0.14486
0.12503,0.07979,-0.12436
0.12955,0.086159,-0.10651
0.13414,0.092706,-0.09093
0.1388,0.099429,-0.077278
0.13704,0.11037,-0.11053
0.13569,0.12129,-0.14696
0.13478,0.13218,-0.1858
0.13432,0.14305,-0.22641
0.13435,0.15387,-0.26833
0.13487,0.16464,-0.31118
0.13592,0.17534,-0.35468
0.13749,0.18597,-0.39864
0.13962,0.19651,-0.44284
0.14229,0.20694,-0.48726
0.1438,0.20628,-0.50073
0.14548,0.20563,-0.51455
0.14732,0.20497,-0.52846
0.14932,0.20431,-0.54246
0.1515,0.20365,-0.55632
0.15383,0.20298,-0.57009
0.15634,0.20231,-0.58358
0.159,0.20163,-0.59684
0.16183,0.20095,-0.60972
0.16482,0.20026,-0.62227
0.1597,0.19601,-0.70047
0.15474,0.19173,-0.77689
0.14993,0.18743,-0.85145
0.14529,0.18311,-0.92444
0.14081,0.17877,-0.99577
0.13649,0.1744,-1.0658
0.13232,0.17002,-1.1344
0.12831,0.16562,-1.2019
0.12446,0.16121,-1.2679
0.12077,0.15677,-1.3331
0.12841,0.16994,-1.1089
0.13586,0.18303,-0.93708
0.14332,0.19604,-0.79982
0.1509,0.20896,-0.68709
0.1587,0.2218,-0.59253
0.16675,0.23458,-0.51175
0.17511,0.2473,-0.44208
0.18379,0.25996,-0.38121
0.19283,0.27258,-0.32787
0.20215,0.28523,-0.28073
0.21758,0.30628,-0.29345
0.23362,0.32816,-0.30233
0.25032,0.35082,-0.30798
0.26767,0.37424,-0.31071
0.28565,0.39838,-0.31109
0.30426,0.42325,-0.30945
0.32346,0.44881,-0.30626
0.34327,0.47506,-0.30176
0.36365,0.50198,-0.29631
0.3846,0.52954,-0.29008
0.37432,0.51558,-0.25647
0.36458,0.5023,-0.22918
0.35533,0.48966,-0.20648
0.34653,0.47759,-0.18718
0.33815,0.46605,-0.17055
0.33016,0.455,-0.15599
0.32253,0.44441,-0.14318
0.31524,0.43425,-0.13176
0.30826,0.42447,-0.12158
0.30157,0.41507,-0.1124
0.29556,0.4057,-0.1344
0.28979,0.39666,-0.1549
0.28412,0.38802,-0.17409
0.27854,0.37976,-0.19211
0.27305,0.37187,-0.20915
0.26763,0.36432,-0.22538
0.26228,0.35711,-0.24094
0.257,0.3502,-0.25595
0.25178,0.34359,-0.27051
0.24661,0.33725,-0.28468
0.22236,0.30638,-0.22093
0.20033,0.27812,-0.17248
0.18025,0.25222,-0.13473
0.16191,0.2285,-0.10482
0.14513,0.20676,-0.080884
0.12976,0.18683,-0.061618
0.11569,0.16858,-0.046122
0.10281,0.15185,-0.033706
0.091011,0.13654,-0.023874
0.080215,0.12253,-0.016221
0.076704,0.11899,-0.013593
0.073229,0.11553,-0.011349
0.06979,0.11215,-0.0094535
0.066386,0.10885,-0.0078584
0.063016,0.10564,-0.0065348
0.059681,0.1025,-0.0054478
0.056381,0.099448,-0.0045739
0.053114,0.096474,-0.0038869
0.049882,0.093581,-0.0033675
0.046684,0.090768,-0.0029955
0.052514,0.097168,-0.0022759
0.058525,0.10396,0.0012051
0.064713,0.11117,0.007983
0.071088,0.11879,0.017834
0.077657,0.12682,0.030549
0.084425,0.13526,0.045942
0.091397,0.1441,0.063825
0.098579,0.15333,0.084038
0.10598,0.16296,0.10641
0.11359,0.17296,0.13081
0.11303,0.16757,0.14934
0.11193,0.16276,0.1691
0.11031,0.15853,0.18999
0.10818,0.15484,0.21197
0.10555,0.15168,0.23495
0.10306,0.14857,0.25893
0.10119,0.14513,0.2838
0.099918,0.14136,0.30956
0.099257,0.13725,0.3361
0.099202,0.13279,0.36341
0.10725,0.13673,0.33473
0.11568,0.1407,0.31022
0.12451,0.14468,0.28894
0.13377,0.14864,0.27028
0.14345,0.15256,0.25372
0.15357,0.15644,0.23889
0.16413,0.16025,0.22548
0.17515,0.16399,0.21324
0.18662,0.16765,0.20197
0.19855,0.17122,0.19153
0.20493,0.16951,0.15662
0.21134,0.16782,0.12751
0.21782,0.16612,0.10305
0.22436,0.16438,0.082368
0.23099,0.16257,0.064842
0.2377,0.16069,0.049967
0.24451,0.15872,0.037383
0.25141,0.15665,0.026773
0.25841,0.15448,0.017916
0.26552,0.15219,0.010604
0.26124,0.13431,0.017474
0.25758,0.11697,0.024037
0.2545,0.10012,0.030202
0.25198,0.083745,0.035933
0.24998,0.067804,0.041254
0.24849,0.052273,0.046186
0.24748,0.037128,0.050777
0.24694,0.022348,0.055056
0.24685,0.0079121,0.059066
0.2472,-0.0061981,0.062829
0.22976,-0.010192,0.072559
0.21344,-0.01363,0.0824
0.19817,-0.016564,0.092371
0.18387,-0.01904,0.10248
0.1705,-0.0211,0.11275
0.15798,-0.02278,0.12317
0.14628,-0.024116,0.13376
0.13534,-0.02514,0.14453
0.12511,-0.025879,0.15547
0.11557,-0.02636,0.16659
0.12314,-0.026862,0.23696
0.13131,-0.027299,0.31629
0.14004,-0.027718,0.40302
0.1493,-0.028165,0.49574
0.15907,-0.028681,0.59301
0.1693,-0.029302,0.69379
0.17995,-0.030056,0.79695
0.191,-0.030969,0.90192
0.20241,-0.03206,1.0078
0.21415,-0.033348,1.1146
0.19603,-0.050017,0.87344
0.18172,-0.063293,0.70127
0.17018,-0.073953,0.57165
0.1608,-0.082489,0.47059
0.15319,-0.08924,0.38957
0.14706,-0.094459,0.3233
0.1422,-0.098333,0.26828
0.13846,-0.10101,0.22202
0.13572,-0.10261,0.18286
0.13388,-0.10323,0.14946
0.11739,-0.090014,0.16241
0.10213,-0.078367,0.17353
0.088038,-0.06818,0.18318
0.075026,-0.05935,0.19155
0.063031,-0.051778,0.19891
0.051986,-0.045379,0.20538
0.041832,-0.040074,0.21115
0.03251,-0.035796,0.21629
0.023972,-0.032484,0.22091
0.016168,-0.030091,0.22507
0.01189,-0.03355,0.20678
0.007295,-0.037431,0.18996
0.0023813,-0.041739,0.17444
-0.0028605,-0.046478,0.16004
-0.0084364,-0.051657,0.14664
-0.014358,-0.057289,0.13412
-0.020634,-0.063385,0.12242
-0.027278,-0.06996,0.11143
-0.034302,-0.07703,0.10113
-0.041721,-0.08461,0.091442
-0.045377,-0.092134,0.086346
-0.049175,-0.10003,0.081339
-0.053117,-0.1083,0.076444
-0.057203,-0.11695,0.071645
-0.061433,-0.12599,0.066963
-0.06581,-0.13542,0.062384
-0.070332,-0.14525,0.057928
-0.075002,-0.15547,0.053583
-0.079817,-0.16609,0.049367
-0.084779,-0.17712,0.04527
-0.087258,-0.17562,0.033714
-0.089647,-0.17423,0.024475
-0.091955,-0.17295,0.017125
-0.094191,-0.17176,0.011322
-0.096362,-0.17066,0.0068125
-0.098472,-0.16965,0.0033867
-0.10053,-0.16871,0.00088435
-0.10253,-0.16785,-0.00082926
-0.10448,-0.16707,-0.0018638
-0.10639,-0.16635,-0.0023134
-0.10025,-0.16786,-0.002516
-0.093697,-0.16979,-0.0027277
-0.086719,-0.17214,-0.0029415
-0.079312,-0.17491,-0.0031449
-0.071472,-0.1781,-0.0033525
-0.063192,-0.18171,-0.0035843
-0.054468,-0.18574,-0.0038525
-0.045292,-0.1902,-0.0041673
-0.03566,-0.19509,-0.0045384
-0.025566,-0.20041,-0.0049736
-0.030988,-0.21194,-0.0047892
-0.036647,-0.22386,-0.0047782
-0.042542,-0.23617,-0.0049142
-0.048672,-0.24887,-0.0051716
-0.055038,-0.26195,-0.0054175
-0.061639,-0.27542,-0.0056058
-0.068475,-0.28928,-0.0057479
-0.075546,-0.30352,-0.0058524
-0.082852,-0.31814,-0.0059264
-0.090391,-0.33313,-0.0059756
-0.087902,-0.3371,-0.0073094
-0.085423,-0.34119,-0.0076858
-0.082931,-0.34534,-0.0088347
-0.08042,-0.34958,-0.010802
-0.077889,-0.35389,-0.013448
-0.075338,-0.35827,-0.016674
-0.072766,-0.36273,-0.020405
-0.070172,-0.36727,-0.024587
-0.067556,-0.37188,-0.029172
-0.06492,-0.37657,-0.034135
-0.062453,-0.34232,-0.022987
-0.060044,-0.31086,-0.015529
-0.057682,-0.28195,-0.010607
-0.055356,-0.25537,-0.0075178
-0.053056,-0.23095,-0.0058091
-0.050776,-0.2085,-0.0051172
-0.048541,-0.18789,-0.0041072
-0.046357,-0.169,-0.0024228
-0.044217,-0.15168,-0.00017015
-0.042117,-0.13582,0.0025717
-0.039194,-0.1277,0.010292
-0.036493,-0.12001,0.020173
-0.033996,-0.11271,0.031836
-0.031688,-0.10577,0.045005
-0.029557,-0.099176,0.059458
-0.027588,-0.09291,0.075035
-0.02577,-0.086953,0.091593
-0.024092,-0.081288,0.10904
-0.022548,-0.075904,0.12727
-0.02113,-0.070787,0.14623
-0.024284,-0.06604,0.1263
-0.027121,-0.061857,0.10976
-0.029644,-0.058191,0.095848
-0.031858,-0.054999,0.084018
-0.033769,-0.052248,0.073849
-0.035385,-0.049906,0.06504
-0.036715,-0.047948,0.057343
-0.037764,-0.046352,0.050577
-0.038539,-0.045097,0.04459
-0.039047,-0.044169,0.039268
-0.041406,-0.045585,0.040484
-0.043399,-0.047424,0.041674
-0.045979,-0.048847,0.042824
-0.049282,-0.049747,0.043931
-0.053344,-0.050107,0.044993
-0.058204,-0.049906,0.046009
-0.063904,-0.049118,0.046976
-0.070494,-0.04771,0.047892
-0.078023,-0.04565,0.048753
-0.086545,-0.042896,0.049558
-0.084358,-0.041172,0.057399
-0.08224,-0.039522,0.065217
-0.080185,-0.037942,0.072979
-0.07819,-0.036428,0.080664
-0.076251,-0.034976,0.088256
-0.074365,-0.033582,0.095748
-0.072529,-0.032243,0.10313
-0.07074,-0.030958,0.1104
-0.068997,-0.029722,0.11756
-0.067296,-0.028534,0.12461
-0.064146,-0.021114,0.17238
-0.061463,-0.014052,0.22569
-0.059236,-0.0073266,0.28398
-0.057456,-0.00092128,0.34679
-0.056121,0.0051725,0.41358
-0.05523,0.010959,0.48394
-0.054786,0.016439,0.55731
-0.054788,0.021612,0.63338
-0.055244,0.026475,0.71159
-0.056157,0.031025,0.79177
-0.06018,0.034987,0.77163
-0.064475,0.039019,0.75754
-0.069028,0.043145,0.74787
-0.073828,0.047382,0.74187
-0.07887,0.051745,0.73857
-0.084149,0.056246,0.73757
-0.089664,0.060893,0.73823
-0.095413,0.065695,0.74034
-0.1014,0.070656,0.74345
-0.10762,0.075784,0.74745
-0.11302,0.078509,0.65119
-0.11873,0.081071,0.57109
-0.12474,0.083508,0.50307
-0.13101,0.085849,0.44442
-0.13753,0.088111,0.39326
-0.14428,0.090311,0.34814
-0.15125,0.092457,0.3081
-0.15845,0.094559,0.27229
-0.16584,0.096621,0.24017
-0.17344,0.09865,0.21122
-0.16956,0.10213,0.19867
-0.16594,0.10532,0.18654
-0.16256,0.10823,0.17496
-0.15943,0.11088,0.16387
-0.1565,0.11328,0.15334
-0.15379,0.11545,0.14333
-0.15125,0.11738,0.13388
-0.14888,0.11911,0.12492
-0.14667,0.12064,0.11649
-0.1446,0.12197,0.10851
-0.14516,0.11245,0.13065
-0.14697,0.10174,0.15296
-0.15005,0.089827,0.17531
-0.15442,0.076688,0.19754
-0.16007,0.062302,0.21957
-0.16705,0.046646,0.24132
-0.17537,0.0297,0.26275
-0.18506,0.011446,0.2838
-0.19614,-0.008133,0.30448
-0.20863,-0.02905,0.32475
-0.21481,-0.035766,0.30967
-0.22111,-0.042638,0.29637
-0.22754,-0.049666,0.28444
-0.23411,-0.05685,0.2736
-0.24081,-0.064188,0.26363
-0.24765,-0.071682,0.25434
-0.25463,-0.079328,0.24562
-0.26175,-0.087128,0.23734
-0.269,-0.095078,0.22944
-0.27639,-0.10318,0.22184
-0.28433,-0.10073,0.19721
-0.29237,-0.098169,0.17599
-0.30053,-0.09549,0.15747
-0.3088,-0.092698,0.14111
-0.31719,-0.08979,0.12653
-0.3257,-0.086767,0.11342
-0.33433,-0.083629,0.10156
-0.34308,-0.080376,0.090761
-0.35195,-0.077007,0.080905
-0.36094,-0.073523,0.07186
-0.32353,-0.064098,0.086212
-0.28935,-0.055586,0.099646
-0.25814,-0.047895,0.1124
-0.22966,-0.040952,0.12465
-0.2037,-0.034689,0.13657
-0.18006,-0.029046,0.14826
-0.15856,-0.023969,0.15982
-0.13904,-0.019412,0.17132
-0.12136,-0.015335,0.1828
-0.10538,-0.011703,0.1943
-0.10307,-0.011185,0.17737
-0.10083,-0.010645,0.16238
-0.098637,-0.010088,0.14898
-0.0965,-0.0095177,0.13692
-0.094413,-0.0089369,0.12599
-0.092374,-0.0083481,0.11604
-0.090382,-0.0077528,0.10692
-0.088433,-0.0071529,0.098541
-0.086528,-0.0065494,0.09081
-0.084665,-0.0059437,0.083653
-0.081084,-0.011015,0.071427
-0.077889,-0.015795,0.060939
-0.075057,-0.020304,0.051898
-0.072566,-0.024557,0.044066
-0.070399,-0.028569,0.037266
-0.06854,-0.032354,0.031341
-0.066975,-0.035922,0.026177
-0.065689,-0.039283,0.021668
-0.064671,-0.042445,0.017741
-0.063908,-0.045416,0.014322
-0.064013,-0.045608,0.020106
-0.064127,-0.045794,0.026451
-0.064249,-0.045975,0.03326
-0.064376,-0.046152,0.040445
-0.064505,-0.046325,0.047938
-0.064636,-0.046497,0.055677
-0.064766,-0.046666,0.063614
-0.064895,-0.046835,0.071706
-0.065022,-0.047003,0.079918
-0.065145,-0.04717,0.088223
-0.072764,-0.055279,0.061209
-0.081071,-0.063859,0.03979
-0.090091,-0.07296,0.023314
-0.099856,-0.082628,0.011304
-0.1104,-0.092911,0.0033915
-0.12175,-0.10385,-0.00072063
-0.13394,-0.11549,-0.0017456
-0.14691,-0.12788,-0.0047199
-0.16069,-0.14106,-0.010807
-0.1753,-0.15505,-0.019812
-0.16079,-0.13899,-0.011062
-0.1475,-0.12406,-0.0056282
-0.13534,-0.11017,-0.0025871
-0.12422,-0.097233,-0.0013269
-0.11406,-0.085157,-0.00087407
-0.10483,-0.073873,0.00050436
-0.096436,-0.063323,0.0027287
-0.088828,-0.053452,0.0056523
-0.081945,-0.044211,0.0091681
-0.075738,-0.035555,0.013196
-0.076841,-0.027815,0.01294
-0.078517,-0.019631,0.012752
-0.080773,-0.010989,0.012622
-0.083617,-0.0018728,0.012543
-0.087059,0.0077335,0.012507
-0.091113,0.017849,0.012512
-0.095792,0.028492,0.012553
-0.10111,0.039683,0.012627
-0.10709,0.051444,0.012732
-0.11374,0.063793,0.012865
-0.10857,0.05901,0.024675
-0.10364,0.05437,0.03881
-0.09892,0.049867,0.054738
-0.0944,0.045497,0.072068
-0.090066,0.041257,0.090495
-0.085907,0.037144,0.1098
-0.081915,0.033156,0.12979
-0.078083,0.029293,0.15034
-0.074406,0.025553,0.17133
-0.070877,0.021937,0.19267
-0.076145,0.024699,0.1735
-0.081622,0.02761,0.15696
-0.087314,0.030674,0.14253
-0.093225,0.033893,0.12989
-0.09936,0.037272,0.11873
-0.10572,0.040812,0.10883
-0.11232,0.044519,0.1
-0.11915,0.048395,0.092092
-0.12623,0.052445,0.084968
-0.13354,0.056671,0.078528
-0.1289,0.054859,0.061551
-0.1245,0.053126,0.04769
-0.12031,0.051467,0.036364
-0.11632,0.049877,0.027131
-0.11252,0.048351,0.019659
-0.10888,0.046885,0.013679
-0.1054,0.045475,0.0089884
-0.10207,0.044117,0.0054176
-0.098874,0.042808,0.0028356
-0.095803,0.041544,0.001129
-0.095804,0.029156,0.0039737
-0.096635,0.016719,0.0082626
-0.098295,0.0042141,0.013746
-0.10079,-0.008375,0.020227
-0.10413,-0.021066,0.027561
-0.10833,-0.033874,0.03562
-0.11341,-0.046815,0.044308
-0.11939,-0.059901,0.053534
-0.12629,-0.073143,0.063223
-0.13413,-0.08655,0.073308
-0.14098,-0.087744,0.06167
-0.14806,-0.088822,0.05163
-0.1554,-0.089785,0.042944
-0.16299,-0.090629,0.035422
-0.17083,-0.091355,0.028905
-0.17892,-0.091959,0.023264
-0.18727,-0.09244,0.018392
-0.19587,-0.092795,0.0142
-0.20472,-0.093022,0.010616
-0.21383,-0.093119,0.0075764
-0.20894,-0.090337,0.00072943
-0.20422,-0.087698,-0.0013526
-0.19964,-0.085168,-0.0030022
-0.19516,-0.08272,-0.0076691
-0.19078,-0.080351,-0.014809
-0.1865,-0.078055,-0.024014
-0.18229,-0.075829,-0.034966
-0.17817,-0.073668,-0.047422
-0.17412,-0.07157,-0.061179
-0.17014,-0.069531,-0.076084
-0.1727,-0.072525,-0.054278
-0.17523,-0.075493,-0.037902
-0.17774,-0.078442,-0.025675
-0.18025,-0.081378,-0.016687
-0.18274,-0.084305,-0.010263
-0.18523,-0.087224,-0.0059025
-0.18773,-0.090138,-0.0032242
-0.19023,-0.093049,-0.0019367
-0.19273,-0.095958,-0.0016964
-0.19525,-0.09887,-0.00094045
-0.1897,-0.099273,-0.0017978
-0.18444,-0.099602,-0.0027144
-0.17942,-0.099855,-0.0049862
-0.17464,-0.10003,-0.0083026
-0.17008,-0.10014,-0.012441
-0.16573,-0.10018,-0.017242
-0.16158,-0.10016,-0.022585
-0.15762,-0.10006,-0.028384
-0.15383,-0.099911,-0.034571
-0.15022,-0.099695,-0.041096
-0.14702,-0.096567,-0.023002
-0.14388,-0.093514,-0.01124
-0.14081,-0.09053,-0.0044685
-0.13779,-0.087609,-0.0017213
-0.13483,-0.084752,-0.00082833
-0.13197,-0.081965,0.0025415
-0.12921,-0.079243,0.0082642
-0.12653,-0.07658,0.016018
-0.12392,-0.073973,0.025546
-0.12139,-0.071417,0.036646
-0.11782,-0.066867,0.038428
-0.11438,-0.06242,0.040368
-0.11106,-0.05807,0.042441
-0.10787,-0.053817,0.044633
-0.1048,-0.049658,0.046921
-0.10185,-0.045589,0.049297
-0.099002,-0.041608,0.051744
-0.096266,-0.037713,0.054254
-0.093635,-0.033902,0.056812
-0.091107,-0.030172,0.059416
-0.083527,-0.022761,0.085731
-0.076593,-0.015854,0.11533
-0.070267,-0.0094166,0.14787
-0.064522,-0.0034209,0.1831
-0.059339,0.0021533,0.22078
-0.054705,0.0073204,0.26076
-0.050615,0.01209,0.30282
-0.047066,0.016466,0.34688
-0.04406,0.02045,0.39271
-0.041604,0.024042,0.44026
-0.043594,0.031972,0.42346
-0.046295,0.040102,0.40928
-0.049701,0.048449,0.39708
-0.053805,0.05703,0.38653
-0.058607,0.065861,0.37723
-0.064109,0.074957,0.36902
-0.070316,0.084331,0.36162
-0.077236,0.093997,0.35492
-0.084627,0.10416,0.34876
-0.092113,0.11513,0.34307
-0.08949,0.11313,0.29063
-0.08699,0.11116,0.2475
-0.084588,0.1092,0.21149
-0.082262,0.10726,0.18108
-0.08,0.10535,0.15517
-0.077791,0.10346,0.13292
-0.075628,0.10159,0.11371
-0.073503,0.099744,0.097033
-0.071413,0.097926,0.082534
-0.069354,0.096133,0.069876
-0.069586,0.099319,0.062286
-0.069603,0.10271,0.055142
-0.069404,0.10629,0.048463
-0.068991,0.11008,0.042226
-0.068362,0.11407,0.036444
-0.067516,0.11826,0.031098
-0.066453,0.12264,0.026196
-0.065169,0.12724,0.021723
-0.063665,0.13203,0.017684
-0.061937,0.13703,0.014066
-0.055702,0.14506,0.015435
-0.048377,0.15395,0.016627
-0.039925,0.16372,0.017643
-0.030315,0.1744,0.018474
-0.019511,0.18601,0.019129
-0.0074824,0.19856,0.019609
0.0058023,0.21208,0.019927
0.020371,0.22657,0.020091
0.036252,0.24206,0.020117
0.053466,0.25855,0.020015
0.050154,0.25425,0.011758
0.046951,0.25011,0.006224
0.043855,0.24612,0.0027496
0.040859,0.24227,0.00086128
0.037962,0.23856,0.00022084
0.035164,0.23498,-0.00025359
0.03247,0.23151,-0.0015333
0.029871,0.22815,-0.0034787
0.027361,0.2249,-0.0059771
0.024935,0.22174,-0.0089422
0.019845,0.22661,-0.0040316
0.014765,0.23164,-0.0013734
0.0096857,0.23682,-0.00038776
0.0045924,0.24216,-0.00017469
-0.00053036,0.24766,0.0008686
-0.0056845,0.25331,0.0026497
-0.01087,0.25911,0.0050117
-0.016086,0.26507,0.007837
-0.021333,0.27118,0.011041
-0.026612,0.27745,0.014559
-0.023013,0.27845,0.012385
-0.019427,0.27948,0.010606
-0.015854,0.28055,0.0091253
-0.012291,0.28164,0.0078718
-0.0087381,0.28276,0.0067941
-0.0051955,0.28391,0.0058531
-0.0016622,0.28508,0.0050206
0.0018618,0.28628,0.0042745
0.005377,0.2875,0.003599
0.0088832,0.28875,0.0029812
0.0046825,0.27097,0.00075197
0.00096964,0.25418,-0.00059881
-0.0023001,0.2383,-0.0012961
-0.005168,0.22329,-0.0014934
-0.0076684,0.20907,-0.0016484
-0.009834,0.19562,-0.0021114
-0.011695,0.18288,-0.0028265
-0.013279,0.17081,-0.0037521
-0.014611,0.15938,-0.0048555
-0.015713,0.14856,-0.0061117
-0.0082078,0.13517,-0.0076844
-0.0013995,0.12287,-0.0094196
0.0047591,0.11161,-0.011297
0.010311,0.10129,-0.013299
0.015298,0.091875,-0.015413
0.019757,0.083289,-0.017627
0.023724,0.075483,-0.019931
0.027229,0.068405,-0.022318
0.030303,0.062009,-0.02478
0.032974,0.056251,-0.027313
0.032998,0.055671,-0.049278
0.033008,0.054975,-0.076997
0.032997,0.054156,-0.1101
0.03296,0.05321,-0.14826
0.032893,0.052131,-0.19113
0.032791,0.050919,-0.2384
0.032649,0.049572,-0.28971
0.032465,0.048092,-0.34477
0.032235,0.046481,-0.40323
0.031956,0.04474,-0.46485
0.032199,0.045306,-0.43928
0.032468,0.045812,-0.41799
0.032759,0.046272,-0.39991
0.033069,0.046694,-0.38446
0.033396,0.047086,-0.37103
0.03374,0.047452,-0.35928
0.034099,0.047798,-0.34885
0.034472,0.048126,-0.33954
0.034858,0.048439,-0.33112
0.035258,0.04874,-0.32346
0.039503,0.055513,-0.28541
0.043933,0.06249,-0.25211
0.048554,0.06969,-0.22274
0.053369,0.077129,-0.19665
0.058384,0.08482,-0.17339
0.063602,0.092777,-0.15255
0.069028,0.10101,-0.13385
0.074663,0.10952,-0.11704
0.080513,0.11834,-0.10193
0.086579,0.12745,-0.088345
0.07302,0.12189,-0.069362
0.06046,0.11689,-0.053879
0.04882,0.1124,-0.041267
0.038031,0.1084,-0.03102
0.02803,0.10485,-0.022776
0.018763,0.10171,-0.016227
0.01018,0.098959,-0.011148
0.0022358,0.096576,-0.0073414
-0.0051085,0.09454,-0.0046597
-0.011889,0.09283,-0.0029692
-0.01542,0.082867,-0.0024049
-0.018195,0.073982,-0.0019291
-0.020278,0.066087,-0.0015519
-0.021726,0.059097,-0.0012756
-0.022592,0.052937,-0.0010888
-0.022922,0.047538,-0.00087843
-0.022756,0.042838,-0.00061923
-0.022131,0.038775,-0.00031309
-0.021078,0.035294,3.5909e-05
-0.019621,0.032347,0.00042632
-0.019324,0.031901,-0.00054506
-0.019009,0.031473,-0.00096174
-0.018699,0.031022,-0.0025353
-0.018395,0.030552,-0.0052186
-0.018095,0.030065,-0.0089289
-0.0178,0.029566,-0.013596
-0.017509,0.029058,-0.019165
-0.017222,0.028543,-0.025586
-0.016937,0.028025,-0.032816
-0.016655,0.027506,-0.040817
-0.018039,0.029472,-0.039619
-0.019413,0.031536,-0.038479
-0.020777,0.033698,-0.037393
-0.022128,0.03596,-0.036356
-0.023467,0.03832,-0.035366
-0.024853,0.040743,-0.034419
-0.026326,0.043204,-0.033511
-0.027887,0.045703,-0.03264
-0.029537,0.04824,-0.031804
-0.031275,0.050814,-0.031
-0.029831,0.04631,-0.036851
-0.028799,0.041789,-0.042952
-0.028169,0.037253,-0.049277
-0.027935,0.032702,-0.055808
-0.028094,0.028137,-0.062529
-0.028644,0.023556,-0.069429
-0.029588,0.018956,-0.076496
-0.030931,0.014334,-0.083725
-0.032678,0.0096873,-0.091101
-0.034837,0.0050115,-0.098623
-0.032396,0.0031758,-0.11196
-0.030087,0.0014685,-0.12568
-0.027905,-0.00011068,-0.13974
-0.025843,-0.0015614,-0.15413
-0.023897,-0.002883,-0.1688
-0.022062,-0.0040745,-0.18374
-0.020337,-0.0051344,-0.19893
-0.018718,-0.0060609,-0.21435
-0.017203,-0.0068519,-0.22996
-0.015792,-0.007505,-0.24577
-0.01315,-0.0049277,-0.20133
-0.010975,-0.0027087,-0.16505
-0.0092009,-0.00078716,-0.13511
-0.0077761,0.00088411,-0.11026
-0.0066566,0.0023428,-0.089507
-0.0058051,0.0036202,-0.072131
-0.0051899,0.0047417,-0.057562
-0.0047841,0.0057292,-0.045344
-0.0045647,0.006601,-0.035123
-0.0045125,0.0073729,-0.026603
-0.0058092,0.0078561,-0.034819
-0.0078644,0.0080451,-0.044584
-0.010793,0.007894,-0.056065
-0.014722,0.0073511,-0.069367
-0.019784,0.0063616,-0.084559
-0.026119,0.0048691,-0.10164
-0.033864,0.0028167,-0.12056
-0.04316,0.0001488,-0.1412
-0.054141,-0.0031888,-0.16338
-0.066938,-0.0072473,-0.18691
-0.066789,-0.0064457,-0.18451
-0.066646,-0.0056561,-0.18273
-0.066507,-0.0048765,-0.18148
-0.066371,-0.004105,-0.18068
-0.066238,-0.0033404,-0.18026
-0.066107,-0.0025812,-0.18019
-0.065977,-0.0018267,-0.18039
-0.065849,-0.0010759,-0.18085
-0.065721,-0.00032837,-0.18152
-0.065593,0.00041665,-0.18238
-0.066832,0.0046779,-0.18314
-0.068192,0.0091911,-0.18391
-0.069673,0.013958,-0.18467
-0.071275,0.018982,-0.18543
-0.072998,0.024265,-0.18617
-0.074843,0.029807,-0.18688
-0.07681,0.035613,-0.18756
-0.078899,0.041683,-0.1882
-0.08111,0.048021,-0.18879
-0.083445,0.054626,-0.18934
-0.071358,0.044353,-0.1922
-0.060508,0.035343,-0.19525
-0.050805,0.027515,-0.19845
-0.042168,0.020797,-0.20179
-0.034522,0.015119,-0.20524
-0.027799,0.01042,-0.20879
-0.021937,0.0066419,-0.21241
-0.016881,0.0037353,-0.2161
-0.012582,0.0016557,-0.21983
-0.0089989,0.00036584,-0.2236
-0.0079721,0.001592,-0.21515
-0.0070797,0.0028111,-0.20745
-0.0063156,0.0040253,-0.20037
-0.0056746,0.0052359,-0.19383
-0.0051519,0.006445,-0.18778
-0.0047436,0.0076538,-0.18213
-0.0044458,0.0088643,-0.17685
-0.0042555,0.010077,-0.1719
-0.0041696,0.011295,-0.16723
-0.0041859,0.012517,-0.16281
-0.005293,0.014269,-0.12327
-0.006479,0.016227,-0.091589
-0.0077402,0.01838,-0.066214
-0.0090748,0.020718,-0.045988
-0.010482,0.023243,-0.030084
-0.011966,0.025957,-0.017886
-0.013506,0.028878,-0.0089879
-0.015034,0.032049,-0.0031148
-0.016548,0.035484,-0.00011823
-0.018056,0.039189,0.0006194
-0.016635,0.036299,-0.00023329
-0.015243,0.033587,-0.0034721
-0.013875,0.031042,-0.009249
-0.012529,0.028651,-0.017287
-0.011206,0.0264,-0.027404
-0.0099063,0.024281,-0.039467
-0.0086299,0.022287,-0.053395
-0.0073774,0.020412,-0.069119
-0.0061492,0.018652,-0.086591
-0.0049473,0.017005,-0.10576
-0.0064233,0.01991,-0.11525
-0.0078252,0.023269,-0.12501
-0.009517,0.026945,-0.13503
-0.011656,0.030899,-0.14526
-0.01427,0.03515,-0.15566
-0.017383,0.039717,-0.1662
-0.021024,0.04462,-0.17681
-0.025216,0.04988,-0.18747
-0.029986,0.055516,-0.19812
-0.035357,0.061547,-0.20873
-0.033957,0.060901,-0.16931
-0.032653,0.060344,-0.13685
-0.031449,0.059854,-0.1099
-0.030343,0.059416,-0.087436
-0.029335,0.059017,-0.068671
-0.028421,0.058648,-0.053014
-0.027598,0.058301,-0.040008
-0.026862,0.05797,-0.029287
-0.02621,0.057649,-0.020568
-0.025638,0.057334,-0.013614
-0.02508,0.056693,-0.022768
-0.024501,0.056057,-0.033801
-0.023904,0.055419,-0.046544
-0.023291,0.054772,-0.060834
-0.022663,0.054111,-0.076541
-0.022024,0.053433,-0.093532
-0.021375,0.052734,-0.11169
-0.020718,0.052011,-0.13091
-0.020056,0.051263,-0.15107
-0.019392,0.050489,-0.1721
-0.019756,0.050462,-0.16874
-0.020177,0.050399,-0.16566
-0.020656,0.0503,-0.16281
-0.021193,0.050166,-0.16015
-0.02179,0.049996,-0.15766
-0.022445,0.049793,-0.15532
-0.02316,0.049556,-0.1531
-0.023935,0.049287,-0.15099
-0.02477,0.048986,-0.14897
-0.025665,0.048654,-0.14703
-0.020875,0.042318,-0.1083
-0.016949,0.036678,-0.078669
-0.013775,0.031651,-0.055974
-0.01125,0.027171,-0.038677
-0.0092842,0.023177,-0.025647
-0.0077915,0.019617,-0.016015
-0.0064204,0.016555,-0.0091198
-0.0050098,0.013985,-0.0044397
-0.0035735,0.011834,-0.001575
-0.0021175,0.010041,-0.00021481
-0.0014017,0.011726,-0.0010954
-0.00034129,0.013651,-0.0027668
0.0010979,0.015834,-0.0053136
0.0029518,0.018292,-0.0088099
0.005257,0.021041,-0.013323
0.0080501,0.0241,-0.018895
0.011367,0.027483,-0.025556
0.015245,0.031207,-0.033301
0.019716,0.035286,-0.042111
0.024813,0.039736,-0.051937
0.026002,0.039097,-0.047187
0.027178,0.038471,-0.042812
0.028341,0.037859,-0.038777
0.02949,0.037259,-0.035052
0.030626,0.036672,-0.031611
0.031749,0.036097,-0.028432
0.032858,0.035535,-0.025495
0.033953,0.034985,-0.022782
0.035036,0.034447,-0.020279
0.036105,0.033921,-0.017971
0.039596,0.037415,-0.022693
0.043311,0.041159,-0.027878
0.047254,0.045161,-0.03349
0.051431,0.04943,-0.039487
0.055845,0.053972,-0.045829
0.060501,0.058797,-0.052477
0.065402,0.06391,-0.05939
0.070551,0.069317,-0.066534
0.07595,0.075026,-0.073872
0.081602,0.08104,-0.081378
0.085048,0.077816,-0.077637
0.088442,0.074777,-0.074291
0.091786,0.07192,-0.07127
0.095081,0.069241,-0.068528
0.098328,0.066738,-0.066017
0.10153,0.064409,-0.063708
0.10469,0.062252,-0.061569
0.1078,0.060263,-0.059579
0.11087,0.058442,-0.057717
0.1139,0.056787,-0.055967
0.12498,0.062211,-0.055385
0.13676,0.067944,-0.054823
0.14926,0.073989,-0.054282
0.1625,0.080348,-0.053761
0.17648,0.087024,-0.053261
0.19121,0.094019,-0.052781
0.2067,0.10133,-0.05232
0.22297,0.10896,-0.051877
0.24,0.11691,-0.051452
0.2578,0.12518,-0.051044
0.23632,0.11879,-0.046387
0.21635,0.11297,-0.042134
0.19778,0.10768,-0.038233
0.18048,0.10289,-0.034644
0.16436,0.098547,-0.031335
0.14935,0.094624,-0.028279
0.13535,0.091091,-0.025455
0.12229,0.08792,-0.022842
0.11011,0.085086,-0.020428
0.098742,0.082566,-0.018195
0.097846,0.079371,-0.026965
0.096957,0.076266,-0.036894
0.096073,0.07325,-0.047772
0.095192,0.07032,-0.059432
0.094312,0.067476,-0.071749
0.093432,0.064714,-0.084626
0.092551,0.062033,-0.097984
0.091669,0.059432,-0.11177
0.090783,0.05691,-0.12592
0.089894,0.054465,-0.14041
0.085293,0.057802,-0.17621
0.080536,0.061604,-0.21446
0.07562,0.065893,-0.25478
0.070548,0.070692,-0.29687
0.065321,0.076021,-0.3404
0.059941,0.081899,-0.38516
0.054411,0.088345,-0.43086
0.048734,0.095373,-0.47739
0.042915,0.103,-0.52447
0.036956,0.11124,-0.57207
0.023046,0.103,-0.42821
0.011693,0.09563,-0.32372
0.0025778,0.08905,-0.24537
-0.0045747,0.083189,-0.18547
-0.010002,0.077975,-0.13904
-0.013905,0.073342,-0.10277
-0.016461,0.06923,-0.074389
-0.017813,0.065587,-0.052237
-0.018088,0.062365,-0.035129
-0.017412,0.059517,-0.022146
-0.016413,0.056452,-0.021324
-0.015354,0.053555,-0.020417
-0.014204,0.050825,-0.019462
-0.012964,0.048255,-0.018465
-0.011634,0.045837,-0.017453
-0.010213,0.043563,-0.016429
-0.0086998,0.041427,-0.015413
-0.0070945,0.039422,-0.014405
-0.0053961,0.037541,-0.013419
-0.0036035,0.03578,-0.012453
-0.0032656,0.032877,-0.010546
-0.0029707,0.030167,-0.0088158
-0.0027148,0.027639,-0.0072627
-0.0024939,0.025284,-0.0058779
-0.0023044,0.023092,-0.0046592
-0.0021425,0.021056,-0.0035976
-0.002005,0.019166,-0.0026892
-0.0018885,0.017415,-0.0019256
-0.0017898,0.015795,-0.0013019
-0.0017059,0.014299,-0.00081028
-0.00074419,0.015192,-0.0014213
0.00048992,0.016171,-0.0022176
0.0020123,0.01724,-0.0032053
0.0038399,0.018402,-0.0043869
0.0059902,0.019661,-0.0057667
0.0084816,0.021022,-0.0073419
0.011332,0.022487,-0.0091117
0.014561,0.024062,-0.011068
0.018185,0.025748,-0.013204
0.022224,0.02755,-0.015505
0.018024,0.028807,-0.019768
0.014066,0.03024,-0.024402
0.010343,0.031854,-0.029379
0.0068519,0.033655,-0.034673
0.0035884,0.035647,-0.040265
0.00055049,0.037838,-0.046135
-0.0022632,0.040236,-0.052267
-0.0048529,0.04285,-0.058643
-0.0072182,0.045687,-0.065247
-0.0093578,0.048757,-0.072064
-0.010144,0.050322,-0.073138
-0.010892,0.051922,-0.074298
-0.011601,0.053555,-0.075534
-0.01227,0.055223,-0.076848
-0.0129,0.056923,-0.078228
-0.013489,0.058656,-0.079677
-0.014037,0.06042,-0.081186
-0.014545,0.062216,-0.082756
-0.015011,0.064043,-0.084378
-0.015435,0.065901,-0.086055
-0.014776,0.063839,-0.063258
-0.014155,0.06182,-0.045144
-0.013652,0.059823,-0.030896
-0.013257,0.057849,-0.019901
-0.012958,0.055899,-0.011686
-0.012748,0.053972,-0.0058783
-0.01262,0.052068,-0.0021894
-0.012568,0.050186,-0.00038673
-0.012587,0.048327,3.0133e-05
-0.012666,0.046497,0.0014992
-0.01124,0.044948,0.0058826
-0.010059,0.043392,0.012746
-0.0091112,0.04183,0.021886
-0.0083934,0.040259,0.033164
-0.0079009,0.03868,0.046479
-0.0073569,0.037148,0.061766
-0.006598,0.035696,0.078965
-0.005615,0.034323,0.098041
-0.0043961,0.03303,0.11894
-0.0029276,0.03182,0.14162
-0.001521,0.033557,0.14281
0.00025138,0.035406,0.14429
0.0023958,0.037367,0.14604
0.0049191,0.039444,0.14806
0.0078286,0.041637,0.1503
0.011132,0.043949,0.15279
0.014837,0.046379,0.15549
0.018952,0.048931,0.15841
0.023484,0.051604,0.16153
0.028442,0.0544,0.16485
0.024254,0.056984,0.15113
0.020274,0.059682,0.13925
0.016495,0.062493,0.12884
0.012908,0.065416,0.11965
0.0095086,0.068452,0.11147
0.0062903,0.071601,0.10413
0.0032488,0.074864,0.097506
0.00038023,0.078242,0.09149
-0.0023191,0.081737,0.085996
-0.0048519,0.085352,0.080949
-0.00763,0.086873,0.075127
-0.010036,0.088493,0.069853
-0.012081,0.09021,0.065051
-0.013771,0.09202,0.060653
-0.015113,0.093919,0.056609
-0.016113,0.095905,0.052871
-0.016776,0.097976,0.049406
-0.01712,0.10013,0.04618
-0.017588,0.10228,0.043167
-0.018381,0.10441,0.04034
-0.019629,0.1088,0.041252
-0.021075,0.11331,0.042128
-0.022725,0.11795,0.042974
-0.024585,0.12274,0.043786
-0.026659,0.12766,0.044568
-0.028951,0.13272,0.045318
-0.031468,0.13794,0.04604
-0.034212,0.14331,0.046731
-0.03719,0.14883,0.047398
-0.040403,0.15452,0.048035
-0.042156,0.16305,0.065385
-0.04393,0.17182,0.0842
-0.04572,0.18081,0.10414
-0.047524,0.19004,0.1249
-0.049339,0.19949,0.14624
-0.051163,0.20917,0.16797
-0.052994,0.21907,0.18992
-0.054833,0.2292,0.21198
-0.056677,0.23955,0.23404
-0.058528,0.25013,0.25606
-0.051711,0.24369,0.20851
-0.045864,0.23733,0.1712
-0.040893,0.23104,0.14127
-0.03672,0.22484,0.11688
-0.033288,0.2187,0.096718
-0.030544,0.21264,0.079887
-0.028449,0.20664,0.065724
-0.026964,0.20071,0.053737
-0.025595,0.1949,0.043568
-0.023773,0.18928,0.034936
-0.024524,0.18857,0.046728
-0.024646,0.18794,0.05917
-0.025568,0.18721,0.072071
-0.027442,0.18636,0.085287
-0.030261,0.18539,0.098732
-0.034023,0.1843,0.11232
-0.038728,0.1831,0.12601
-0.044378,0.18179,0.13975
-0.050979,0.18036,0.15351
-0.058535,0.17882,0.16727
-0.05487,0.18738,0.14485
-0.051545,0.19604,0.12585
-0.048539,0.2048,0.10955
-0.045832,0.21366,0.095467
-0.04341,0.22264,0.083198
-0.04126,0.23173,0.072442
-0.039373,0.24095,0.062972
-0.03774,0.2503,0.054592
-0.036356,0.25978,0.04716
-0.035212,0.26939,0.040552
-0.033323,0.26546,0.030433
-0.031596,0.26161,0.022197
-0.030019,0.25783,0.015576
-0.028581,0.25411,0.010351
-0.027273,0.25045,0.0063575
-0.026086,0.24686,0.003454
-0.025013,0.24331,0.0015307
-0.024047,0.23983,0.00049177
-0.023182,0.23639,0.00023704
-0.022402,0.23301,-0.00023705
-0.021531,0.22878,3.9544e-05
-0.020554,0.22464,0.00019217
-0.019013,0.2206,0.0002718
-0.016924,0.21667,0.00030741
-0.014302,0.21283,0.00033212
-0.011158,0.20909,0.00037579
-0.0075034,0.20544,0.00043212
-0.0033468,0.20187,0.0004954
0.0013036,0.19839,0.00056268
0.0064415,0.19497,0.00063128
0.0064449,0.20084,-0.00093353
0.006489,0.20679,-0.0067125
0.0065677,0.21284,-0.016273
0.0066747,0.21897,-0.029006
0.0068036,0.2252,-0.04442
0.0069501,0.23151,-0.062122
0.0071096,0.2379,-0.081779
0.007279,0.24437,-0.10313
0.0074548,0.25093,-0.12594
0.0076347,0.25756,-0.15003
0.0015517,0.28484,-0.088101
-0.0041062,0.31357,-0.046127
-0.0094103,0.34388,-0.019384
-0.014405,0.37589,-0.0046725
-0.019119,0.40967,0.00032021
-0.023601,0.44532,0.0033535
-0.027892,0.4829,0.012955
-0.031974,0.52246,0.028149
-0.035828,0.56406,0.0481
-0.039436,0.60774,0.072145
-0.037312,0.58984,0.089459
-0.035192,0.57238,0.10842
-0.033072,0.55535,0.12883
-0.030948,0.53874,0.15051
-0.02882,0.52252,0.17327
-0.026682,0.50669,0.19698
-0.024533,0.49123,0.22146
-0.022371,0.47613,0.24662
-0.020195,0.46139,0.27228
-0.018001,0.44699,0.29841
-0.019502,0.41662,0.32158
-0.019972,0.38812,0.34548
-0.019477,0.36135,0.36986
-0.018079,0.33617,0.39464
-0.016937,0.31242,0.41966
-0.016805,0.28995,0.4449
-0.017633,0.26867,0.47021
-0.019372,0.24852,0.49561
-0.021986,0.22943,0.52097
-0.02544,0.21132,0.54633
-0.024043,0.21964,0.51074
-0.022736,0.22802,0.48136
-0.021514,0.23646,0.4566
-0.02037,0.24498,0.43547
-0.019301,0.25357,0.41712
-0.018303,0.26224,0.401
-0.017374,0.271,0.38665
-0.01651,0.27983,0.37375
-0.015711,0.28876,0.36201
-0.014973,0.29777,0.35125
-0.012187,0.30032,0.33311
-0.010402,0.30284,0.31611
-0.0095731,0.30532,0.30008
-0.0091475,0.30778,0.2849
-0.007904,0.31026,0.27047
-0.0058198,0.31278,0.2567
-0.002923,0.31531,0.24355
0.00076259,0.31786,0.23093
0.0052149,0.32043,0.21883
0.010415,0.32301,0.20718
0.011629,0.33448,0.20032
0.012884,0.34613,0.19309
0.014183,0.35796,0.18565
0.015524,0.36996,0.17803
0.016909,0.38213,0.17034
0.018339,0.39447,0.1626
0.019813,0.40697,0.15488
0.021332,0.41964,0.1472
0.022896,0.43247,0.1396
0.024506,0.44546,0.13207
0.016941,0.42326,0.098869
0.010781,0.40246,0.073877
0.0058452,0.38288,0.054737
0.0019904,0.36442,0.039879
-0.00090614,0.34697,0.028277
-0.0029475,0.33045,0.019184
-0.004223,0.31478,0.012093
-0.0048095,0.29988,0.0066005
-0.0047745,0.28572,0.0024254
-0.0045667,0.27222,-0.00066494
-0.0043888,0.26849,-0.0018502
-0.004235,0.2648,-0.0029777
-0.0041067,0.26113,-0.0039882
-0.004004,0.2575,-0.0048448
-0.0039287,0.2539,-0.005515
-0.0038811,0.25033,-0.0059802
-0.0038629,0.24679,-0.0062259
-0.003876,0.24329,-0.0063576
-0.0039257,0.2398,-0.0066925
-0.0040127,0.23633,-0.0072506
-0.0027521,0.24115,-0.0071069
-0.0019245,0.246,-0.0071591
-0.0015238,0.25088,-0.0073508
-0.0011679,0.25578,-0.0076397
-0.00038505,0.26072,-0.0079131
0.0008231,0.2657,-0.0081517
0.0024521,0.27072,-0.0083703
0.0044992,0.27577,-0.0085797
0.0069606,0.28085,-0.0087872
0.0098342,0.28597,-0.0089983
0.0083775,0.28052,-0.0096254
0.0070935,0.27526,-0.0097383
0.0059654,0.27015,-0.010071
0.0049851,0.26519,-0.01074
0.0041455,0.26035,-0.011675
0.0034412,0.25565,-0.012825
0.0028659,0.25106,-0.014148
0.0024147,0.24659,-0.015616
0.0020819,0.24223,-0.017206
0.0018635,0.23797,-0.018898
0.0021356,0.2397,-0.02034
0.0024208,0.24139,-0.021852
0.0027185,0.24305,-0.023428
0.0030293,0.24469,-0.025067
0.0033526,0.24629,-0.026762
0.0036892,0.24786,-0.028511
0.0040384,0.2494,-0.03031
0.0044009,0.25091,-0.032154
0.0047761,0.25238,-0.034039
0.0051647,0.25383,-0.035962
0.00612,0.26036,-0.040823
0.0072001,0.26696,-0.045689
0.0084041,0.27364,-0.050527
0.0097322,0.2804,-0.055313
0.011183,0.28724,-0.060029
0.012756,0.29416,-0.064664
0.01445,0.30115,-0.069207
0.016265,0.30822,-0.073653
0.018197,0.31538,-0.077996
0.020247,0.32261,-0.082232
0.022397,0.31812,-0.073916
0.024644,0.31358,-0.067189
0.026988,0.30902,-0.061652
0.02943,0.30444,-0.057021
0.031971,0.29986,-0.053096
0.034609,0.29528,-0.049723
0.037344,0.29071,-0.046788
0.040176,0.28615,-0.044203
0.043104,0.2816,-0.041904
0.046126,0.27707,-0.039838
0.056971,0.26262,-0.059904
0.069106,0.24829,-0.08374
0.082536,0.23409,-0.11055
0.097274,0.22002,-0.13976
0.11333,0.20608,-0.17095
0.13073,0.19228,-0.20381
0.14947,0.17863,-0.2381
0.16958,0.16512,-0.27363
0.19107,0.15176,-0.31024
0.21395,0.13857,-0.34782
0.19891,0.14048,-0.36434
0.18488,0.14244,-0.38033
0.17177,0.14443,-0.39568
0.15953,0.14646,-0.41048
0.1481,0.14853,-0.42463
0.13742,0.15064,-0.43821
0.12745,0.1528,-0.45113
0.11813,0.155,-0.46346
0.10943,0.15724,-0.47514
0.10131,0.15952,-0.48622
0.10904,0.15937,-0.45219
0.11694,0.15894,-0.42461
0.125,0.15829,-0.40179
0.13322,0.15748,-0.38265
0.1416,0.15654,-0.36633
0.15015,0.1555,-0.35222
0.15886,0.15438,-0.33988
0.16772,0.15319,-0.32894
0.17675,0.15194,-0.31914
0.18592,0.15064,-0.31029
0.17896,0.14953,-0.24561
0.17239,0.14808,-0.19406
0.16617,0.14637,-0.15245
0.16026,0.14451,-0.1186
0.15463,0.14253,-0.090998
0.14926,0.14047,-0.068504
0.14412,0.13835,-0.050313
0.13919,0.13621,-0.035756
0.13447,0.13405,-0.024354
0.12994,0.13189,-0.015691
0.13092,0.11615,-0.02344
0.13191,0.10151,-0.031865
0.13289,0.087942,-0.040595
0.13387,0.075392,-0.049381
0.13484,0.063823,-0.058112
0.13582,0.053197,-0.0667
0.1368,0.043478,-0.075128
0.13779,0.034633,-0.083367
0.13878,0.02663,-0.091432
0.13978,0.019444,-0.099315
0.14082,0.021486,-0.11563
0.14186,0.023666,-0.13227
0.1429,0.02599,-0.14915
0.14394,0.028463,-0.1662
0.14499,0.031087,-0.18335
0.14604,0.033866,-0.20056
0.14709,0.036801,-0.21779
0.14815,0.039895,-0.23502
0.14922,0.043147,-0.25222
0.15028,0.04656,-0.26938
0.15195,0.042546,-0.20807
0.1537,0.038575,-0.1601
0.15552,0.034683,-0.1221
0.15741,0.030897,-0.091798
0.15935,0.02723,-0.067594
0.16134,0.023695,-0.048327
0.16337,0.020298,-0.033147
0.16544,0.017043,-0.021397
0.16754,0.013934,-0.012586
0.16968,0.010974,-0.0063154
0.16265,0.014887,-0.0090952
0.15584,0.018993,-0.01201
0.14925,0.023286,-0.014997
0.14288,0.027764,-0.018005
0.13672,0.032424,-0.021014
0.13077,0.037264,-0.024001
0.12501,0.042282,-0.026964
0.11945,0.047478,-0.029893
0.11408,0.052851,-0.032794
0.10891,0.058401,-0.035664
0.098699,0.060528,-0.033996
0.089329,0.062685,-0.032281
0.080734,0.064873,-0.030542
0.072854,0.067095,-0.028793
0.065636,0.069351,-0.027049
0.05903,0.071644,-0.025317
0.052994,0.073973,-0.023607
0.047488,0.076338,-0.021924
0.042476,0.078741,-0.020273
0.037927,0.08118,-0.018658
0.034904,0.080838,-0.0094886
0.032069,0.080482,-0.0033171
0.029412,0.080114,0.00038693
0.026926,0.079737,0.0020316
0.024603,0.07934,0.0024901
0.022442,0.07886,0.0041551
0.020439,0.0783,0.0070992
0.018588,0.077668,0.011161
0.016888,0.076971,0.016208
0.015335,0.076217,0.022132
0.014509,0.076354,0.013894
0.01376,0.076427,0.0082277
0.013079,0.076444,0.0046536
0.01246,0.076413,0.0028078
0.011896,0.07634,0.0023556
0.011378,0.076281,0.0015091
0.010902,0.076254,-0.00038765
0.010463,0.076252,-0.0031886
0.01006,0.076271,-0.0067732
0.0096916,0.076304,-0.011041
0.010401,0.073681,-0.010745
0.01128,0.071119,-0.0105
0.012322,0.068611,-0.010297
0.013525,0.066152,-0.010129
0.014885,0.063737,-0.0099917
0.0164,0.061361,-0.0098804
0.018067,0.059021,-0.0097908
0.019884,0.056711,-0.0097201
0.02185,0.054429,-0.0096651
0.023963,0.052171,-0.0096238
0.020815,0.051811,-0.0080241
0.017985,0.051482,-0.006643
0.015465,0.051179,-0.0054476
0.013248,0.050896,-0.0044121
0.011327,0.050629,-0.0035147
0.0096948,0.050372,-0.0027383
0.0083459,0.050122,-0.0020683
0.007275,0.049873,-0.0014932
0.0064774,0.049621,-0.0010027
0.0059489,0.049361,-0.00058933
0.006407,0.046935,-0.00046216
0.007261,0.044517,-0.00036314
0.0085009,0.042107,-0.0002875
0.01012,0.039704,-0.00023191
0.012115,0.037309,-0.00019311
0.014486,0.03492,-0.00016893
0.017236,0.032537,-0.00015715
0.020371,0.030157,-0.00015636
0.023899,0.02778,-0.00016516
0.02783,0.025403,-0.00018271
0.031749,0.025144,-0.0013666
0.036025,0.024821,-0.0033598
0.040676,0.024426,-0.0061216
0.045723,0.023954,-0.0096113
0.051187,0.023397,-0.013786
0.057085,0.02275,-0.018601
0.063437,0.022008,-0.02401
0.07026,0.021165,-0.029967
0.077571,0.020217,-0.036423
0.085386,0.01916,-0.043334
0.090858,0.018349,-0.030844
0.096456,0.017534,-0.021084
0.10219,0.016707,-0.013634
0.10809,0.015862,-0.0081649
0.11414,0.014995,-0.0044063
0.12037,0.0141,-0.0021376
0.12677,0.013174,-0.0011731
0.13336,0.012216,-0.00095692
0.14016,0.011229,0.00010639
0.14717,0.010216,0.0020685
0.14535,0.0059579,0.00020929
0.14369,0.002096,-0.00079899
0.14219,-0.0013902,-0.0011772
0.14083,-0.0045197,-0.0012569
0.13961,-0.0073131,-0.0016389
0.1385,-0.0097845,-0.0022891
0.1375,-0.011947,-0.0031444
0.1366,-0.01381,-0.0041571
0.13581,-0.015384,-0.0052913
0.1351,-0.016677,-0.0065198
0.12437,-0.015531,-0.0056019
0.1143,-0.014444,-0.0048966
0.10485,-0.013412,-0.0043527
0.095981,-0.012433,-0.0039329
0.087675,-0.011503,-0.0036109
0.079902,-0.010619,-0.0033671
0.072635,-0.0097815,-0.0031875
0.065849,-0.0089865,-0.0030615
0.059521,-0.0082328,-0.0029815
0.053629,-0.0075187,-0.0029419
0.055394,-0.0076707,-0.001156
0.057183,-0.0078272,-0.00044713
0.059009,-0.00798,-0.00014481
0.060887,-0.0081139,0.0010412
0.062822,-0.0082296,0.0030976
0.064815,-0.0083281,0.0059721
0.066871,-0.0084102,0.0096165
0.068991,-0.0084766,0.013988
0.071177,-0.0085282,0.019044
0.073431,-0.0085653,0.024749
0.078513,-0.0095994,0.03034
0.083785,-0.010653,0.036444
0.089246,-0.011726,0.043042
0.094896,-0.01282,0.050122
0.10074,-0.013936,0.057666
0.10676,-0.015074,0.065662
0.11298,-0.016235,0.074093
0.11939,-0.017419,0.082948
0.12598,-0.018628,0.092208
0.13276,-0.019861,0.10187
0.12423,-0.018909,0.092677
0.11619,-0.017925,0.084704
0.1086,-0.016911,0.077694
0.10143,-0.015919,0.071471
0.094634,-0.015045,0.06589
0.0882,-0.014284,0.060848
0.082102,-0.013635,0.056257
0.076322,-0.013094,0.052052
0.070844,-0.012656,0.048177
0.06565,-0.012319,0.044592
0.063344,-0.012765,0.047883
0.061065,-0.013363,0.051286
0.058811,-0.014113,0.054801
0.056578,-0.015014,0.058424
0.054365,-0.016064,0.062155
0.05217,-0.017264,0.065991
0.049989,-0.018613,0.069929
0.047822,-0.020112,0.073968
0.045666,-0.021761,0.078105
0.043519,-0.02356,0.082339
0.035222,-0.023063,0.077673
0.027899,-0.022741,0.073625
0.021476,-0.022585,0.070079
0.015887,-0.022584,0.06695
0.011072,-0.02273,0.064165
0.0069785,-0.023015,0.061667
0.0035602,-0.023432,0.059407
0.00077851,-0.023976,0.057345
-0.0013989,-0.024644,0.055447
-0.0029972,-0.025431,0.053683
-0.0030503,-0.024271,0.051296
-0.0030732,-0.02313,0.048957
-0.0030687,-0.022008,0.046672
-0.0030392,-0.020906,0.04444
-0.0029874,-0.019826,0.042264
-0.0029155,-0.018766,0.040143
-0.002826,-0.017728,0.038082
-0.002721,-0.016712,0.036078
-0.0026026,-0.015718,0.034133
-0.0024728,-0.014748,0.032244
-0.0028713,-0.016834,0.032643
-0.0033008,-0.019074,0.033028
-0.0037623,-0.021473,0.0334
-0.0042568,-0.024033,0.033757
-0.0047852,-0.026757,0.034099
-0.0053483,-0.029647,0.034426
-0.005947,-0.032707,0.034738
-0.0065823,-0.035939,0.035034
-0.007255,-0.039346,0.035313
-0.0079661,-0.042929,0.035576
-0.0074005,-0.040032,0.041689
-0.0068536,-0.037257,0.048
-0.0063249,-0.034601,0.05448
-0.0058144,-0.03206,0.061107
-0.0053221,-0.02963,0.06786
-0.0048477,-0.027309,0.074725
-0.0043914,-0.025094,0.081686
-0.0039531,-0.022982,0.088735
-0.0035329,-0.020972,0.095857
-0.0031307,-0.019062,0.10305
-0.0023503,-0.016688,0.10174
-0.00133,-0.014553,0.10058
-8.1812e-05,-0.01265,0.099546
0.0013853,-0.010974,0.098619
0.0030654,-0.0095185,0.097772
0.0049558,-0.0082812,0.096996
0.0070561,-0.0072597,0.096267
0.0093688,-0.006453,0.09558
0.011899,-0.0058615,0.094921
0.014652,-0.0054864,0.094282
0.014277,-0.0067181,0.0982
0.013829,-0.0082462,0.10215
0.013307,-0.010077,0.10612
0.012708,-0.012218,0.11011
0.012029,-0.014675,0.11412
0.011268,-0.017458,0.11813
0.010422,-0.020573,0.12216
0.0094878,-0.024029,0.12618
0.0084643,-0.027834,0.1302
0.0073486,-0.031997,0.13421
0.011372,-0.032241,0.14759
0.015964,-0.032607,0.16127
0.021146,-0.033103,0.17519
0.026938,-0.033733,0.1893
0.033361,-0.034502,0.20354
0.040432,-0.035416,0.21788
0.048169,-0.03648,0.23225
0.05659,-0.0377,0.24664
0.065709,-0.039079,0.26098
0.07554,-0.040624,0.27527
0.077062,-0.041659,0.25557
0.07853,-0.042691,0.23815
0.079946,-0.043719,0.2226
0.081314,-0.044743,0.20861
0.082636,-0.045764,0.19592
0.083914,-0.046781,0.18434
0.08515,-0.047794,0.17371
0.086346,-0.048803,0.1639
0.087502,-0.049808,0.1548
0.088621,-0.05081,0.14633
0.088965,-0.045516,0.14515
0.08928,-0.040825,0.14408
0.089562,-0.036703,0.14311
0.089811,-0.033121,0.14222
0.090023,-0.030052,0.14141
0.090196,-0.027472,0.14065
0.090328,-0.025361,0.13994
0.090417,-0.0237,0.13928
0.09046,-0.022472,0.13866
0.090454,-0.021664,0.13807
0.08787,-0.021678,0.12331
0.085306,-0.021924,0.11016
0.082759,-0.022385,0.098381
0.080226,-0.023052,0.087787
0.077705,-0.023916,0.078231
0.075194,-0.024969,0.069574
0.072689,-0.026205,0.061723
0.07019,-0.02762,0.054581
0.067693,-0.02921,0.048086
0.065196,-0.030971,0.042167
0.074077,-0.030965,0.042586
0.083512,-0.031227,0.042914
0.093517,-0.031768,0.043157
0.10411,-0.032602,0.043309
0.1153,-0.033741,0.043379
0.12711,-0.0352,0.043358
0.13954,-0.036993,0.043257
0.15262,-0.039133,0.043069
0.16635,-0.041635,0.042805
0.18075,-0.044513,0.042461
0.16427,-0.040248,0.028139
0.14923,-0.036417,0.017658
0.13549,-0.032977,0.010201
0.12292,-0.029892,0.0051633
0.11141,-0.02712,0.0021015
0.10088,-0.024549,0.00067211
0.09125,-0.022138,0.00030092
0.082451,-0.01986,-0.00090465
0.074406,-0.017701,-0.0030921
0.067048,-0.015648,-0.0061306
0.061621,-0.014741,-0.0051223
0.056559,-0.013782,-0.0043018
0.051839,-0.012779,-0.0036263
0.04744,-0.011748,-0.0030667
0.04331,-0.01083,-0.0025994
0.039423,-0.010059,-0.0022078
0.035769,-0.0094222,-0.0018768
0.032335,-0.0089094,-0.0015961
0.02911,-0.0085104,-0.0013566
0.026085,-0.008216,-0.0011518
0.021183,-0.0074465,-0.00206
0.016907,-0.0068748,-0.0031885
0.013191,-0.0064835,-0.0045289
0.0099767,-0.006257,-0.006075
0.0072103,-0.0061818,-0.0078212
0.004846,-0.006247,-0.0097647
0.0028459,-0.0064442,-0.011903
0.0011812,-0.0067679,-0.014238
-0.00016697,-0.0072157,-0.016771
-0.0012077,-0.0077884,-0.019505
4.6631e-05,-0.0086517,-0.015175
0.0020618,-0.0097265,-0.011402
0.0048896,-0.011037,-0.0081598
0.0086113,-0.012614,-0.0054415
0.01333,-0.014493,-0.0032568
0.019166,-0.016713,-0.0016251
0.026248,-0.019316,-0.00057086
0.034713,-0.022343,-0.00011908
0.044702,-0.02584,6.9289e-05
0.056353,-0.029858,0.00085516
0.057204,-0.029874,0.0026226
0.058053,-0.0299,0.0051678
0.058902,-0.029933,0.0084032
0.059755,-0.029975,0.012255
0.060611,-0.030023,0.016658
0.061473,-0.030078,0.021557
0.06234,-0.03014,0.026902
0.063214,-0.030208,0.03265
0.064096,-0.030281,0.03876
0.064985,-0.030359,0.045202
0.064159,-0.032198,0.048169
0.063292,-0.034177,0.051174
0.062385,-0.036299,0.054209
0.061436,-0.038564,0.057275
0.060445,-0.040974,0.060361
0.059411,-0.04353,0.063471
0.058333,-0.046234,0.066598
0.057212,-0.049087,0.069745
0.056046,-0.05209,0.072902
0.054834,-0.055245,0.076072
0.053265,-0.05346,0.075736
0.051787,-0.051719,0.075508
0.050393,-0.050021,0.075362
0.049079,-0.048365,0.075288
0.047841,-0.046749,0.075265
0.046674,-0.045173,0.075289
0.045574,-0.043636,0.075343
0.044538,-0.042138,0.075426
0.043562,-0.040677,0.075524
0.042642,-0.039253,0.075638
0.04722,-0.042976,0.092977
0.052247,-0.046977,0.11175
0.057744,-0.051265,0.13183
0.06373,-0.055848,0.15306
0.07022,-0.060733,0.1753
0.077227,-0.065925,0.19843
0.084763,-0.071429,0.2223
0.092837,-0.07725,0.24683
0.10145,-0.083392,0.27188
0.11062,-0.089856,0.29741
0.11772,-0.086189,0.22669
0.12482,-0.083076,0.1717
0.13191,-0.080426,0.12837
0.13903,-0.078173,0.094067
0.14617,-0.076268,0.066906
0.15335,-0.074671,0.045551
0.16058,-0.073355,0.029023
0.16786,-0.072295,0.016573
0.17521,-0.071476,0.0076378
0.18263,-0.070884,0.0017641
0.17847,-0.064614,0.0051276
0.17438,-0.059202,0.0089496
0.17033,-0.054601,0.013035
0.16633,-0.050774,0.017254
0.16234,-0.047686,0.021535
0.15836,-0.045306,0.025826
0.15437,-0.043608,0.030105
0.15041,-0.042388,0.034352
0.14673,-0.040724,0.038568
0.14334,-0.0385,0.042745
0.14432,-0.039088,0.034488
0.14532,-0.039661,0.027405
0.14633,-0.04022,0.021347
0.14735,-0.040764,0.016184
0.14839,-0.041294,0.01182
0.14945,-0.041808,0.0081681
0.15051,-0.042308,0.00516
0.15159,-0.042792,0.002736
0.15267,-0.043261,0.0008488
0.15377,-0.043714,-0.00054546
0.14422,-0.040312,-0.00045237
0.13526,-0.03657,-0.00037945
0.12687,-0.032507,-0.00032117
0.11902,-0.028137,-0.00027501
0.11168,-0.023476,-0.00023733
0.10483,-0.018534,-0.00020683
0.098437,-0.013321,-0.00018121
0.092492,-0.0078425,-0.00015992
0.086973,-0.0021039,-0.00014156
0.081865,0.0038927,-0.000126
0.081236,0.0060986,-0.00067922
0.080638,0.0083658,-0.00095557
0.08007,0.010695,-0.0010118
0.079529,0.013087,-0.0011487
0.079014,0.015542,-0.0014535
0.078524,0.018062,-0.0019009
0.078061,0.020645,-0.0024694
0.077625,0.023293,-0.0031408
0.077216,0.026005,-0.0038994
0.076834,0.028781,-0.0047321
0.082522,0.030292,-0.0064592
0.088446,0.031889,-0.0084723
0.094609,0.033576,-0.010765
0.10101,0.035355,-0.013331
0.10766,0.037228,-0.016164
0.11455,0.039199,-0.019257
0.12168,0.041268,-0.022605
0.12906,0.04344,-0.0262
0.13668,0.045714,-0.030036
0.14454,0.048093,-0.034107
0.13856,0.047504,-0.043607
0.13276,0.046946,-0.053932
0.12714,0.046414,-0.065004
0.12169,0.045905,-0.076766
0.1164,0.045414,-0.089166
0.11126,0.04494,-0.10217
0.10628,0.044478,-0.11573
0.10144,0.044026,-0.12983
0.096744,0.043581,-0.14442
0.09218,0.043141,-0.15951
0.082819,0.045804,-0.15895
0.074261,0.048241,-0.15864
0.066459,0.050464,-0.15849
0.059366,0.052485,-0.15848
0.052942,0.054315,-0.15853
0.047151,0.055964,-0.15865
0.041959,0.057441,-0.1588
0.037336,0.058755,-0.15896
0.033253,0.059912,-0.15911
0.029686,0.060919,-0.15926
0.028919,0.057091,-0.13076
0.028117,0.05347,-0.10717
0.027293,0.050042,-0.087505
0.026455,0.046794,-0.071042
0.025609,0.043713,-0.057226
0.02476,0.04079,-0.045621
0.023913,0.038016,-0.035892
0.023069,0.035382,-0.027761
0.022232,0.032881,-0.021015
0.021404,0.030507,-0.015466
0.026873,0.028494,-0.019712
0.033623,0.026072,-0.024427
0.041749,0.02321,-0.0296
0.051354,0.019873,-0.035194
0.062542,0.016029,-0.041177
0.075421,0.011643,-0.047494
0.090096,0.0066821,-0.054095
0.10667,0.0011132,-0.060911
0.12524,-0.0050949,-0.067884
0.1459,-0.011971,-0.074943
0.15406,-0.01608,-0.091927
0.16257,-0.020306,-0.10978
0.17145,-0.024648,-0.12832
0.18069,-0.029105,-0.14743
0.1903,-0.033673,-0.16698
0.20027,-0.038351,-0.18687
0.21061,-0.043135,-0.20703
0.2213,-0.048021,-0.22741
0.23235,-0.053005,-0.24794
0.24374,-0.058085,-0.2686
0.23758,-0.054567,-0.27097
0.23169,-0.051073,-0.27401
0.22606,-0.047599,-0.27753
0.22067,-0.044139,-0.28143
0.21552,-0.04069,-0.28557
0.21059,-0.037247,-0.28992
0.20588,-0.033807,-0.29437
0.20136,-0.030367,-0.29892
0.19704,-0.026924,-0.30347
0.19291,-0.023475,-0.30805
0.18824,-0.020257,-0.23626
0.18367,-0.017251,-0.18047
0.17921,-0.014414,-0.13657
0.17486,-0.011714,-0.1018
0.17062,-0.0091291,-0.07424
0.16649,-0.0066421,-0.052503
0.16246,-0.0042402,-0.03558
0.15853,-0.0019122,-0.022685
0.1547,0.00035021,-0.013235
0.15096,0.0025547,-0.006752
0.14469,4.9222e-05,-0.0058772
0.13868,-0.0022825,-0.0049553
0.13292,-0.0044456,-0.004049
0.12739,-0.0064447,-0.003196
0.12208,-0.0082843,-0.002433
0.117,-0.0099685,-0.001781
0.11212,-0.011502,-0.0012593
0.10744,-0.012887,-0.00087748
0.10295,-0.01413,-0.00064362
0.098649,-0.015231,-0.00054838
0.10178,-0.018199,-0.00039231
0.10501,-0.021075,-6.1125e-05
0.10835,-0.02386,0.00043353
0.1118,-0.026555,0.0010828
0.11536,-0.029158,0.0018765
0.11902,-0.031671,0.002808
0.12278,-0.034092,0.0038682
0.12665,-0.03642,0.0050517
0.13063,-0.038656,0.0063503
0.13472,-0.040799,0.0077598
0.13766,-0.041109,0.0054983
0.14065,-0.041334,0.0037262
0.14369,-0.041477,0.0023555
0.14678,-0.041536,0.0013176
0.14992,-0.041513,0.00055447
0.15311,-0.041406,2.0232e-05
0.15635,-0.041217,-0.00032352
0.15964,-0.040944,-0.00050782
0.16298,-0.040588,-0.00056306
0.16637,-0.040149,-0.00065469
0.16062,-0.037911,-0.00076233
0.1551,-0.035744,-0.00091947
0.14979,-0.033644,-0.0011187
0.14468,-0.031609,-0.0013541
0.13977,-0.029635,-0.0016213
0.13504,-0.027719,-0.0019164
0.13049,-0.025859,-0.0022365
0.12611,-0.024053,-0.0025791
0.1219,-0.022298,-0.0029426
0.11784,-0.020592,-0.0033249
0.10274,-0.017241,-0.0032023
0.089183,-0.014214,-0.003127
0.077034,-0.011486,-0.0030905
0.066181,-0.0090364,-0.0030865
0.056518,-0.0068441,-0.0031106
0.047949,-0.0048897,-0.0031594
0.040383,-0.0031551,-0.0032302
0.033737,-0.0016229,-0.0033211
0.027932,-0.00027676,-0.0034305
0.022895,0.0008991,-0.0035571
0.022299,0.00058812,-0.0027593
0.021724,0.00028802,-0.0020643
0.02117,-1.2897e-06,-0.0014724
0.020637,-0.0002798,-0.00098389
0.020124,-0.00054757,-0.00059895
0.019629,-0.0008046,-0.00031783
0.019152,-0.0010509,-0.00014073
0.018693,-0.0012865,-6.783e-05
0.01825,-0.0015112,-2.7143e-05
0.017823,-0.0017246,0.00011467
0.017359,-0.002305,-0.00041776
0.01691,-0.0028192,-0.0025945
0.016475,-0.0032733,-0.006648
0.016056,-0.0036701,-0.012516
0.015655,-0.0040109,-0.020177
0.015274,-0.0042951,-0.029638
0.014916,-0.0045205,-0.040916
0.014582,-0.0046831,-0.054039
0.014276,-0.0047778,-0.069021
0.013999,-0.0047985,-0.085876
0.015154,-0.0051729,-0.057064
0.016179,-0.0057005,-0.035825
0.017084,-0.0063998,-0.020483
0.017893,-0.0072663,-0.009904
0.018628,-0.0083011,-0.0033343
0.019313,-0.0095102,-0.00032329
0.01997,-0.010904,0.00052769
0.020632,-0.0125,0.0041401
0.021316,-0.014318,0.011105
0.022033,-0.016374,0.021543
0.02077,-0.012666,0.022178
0.019441,-0.0097465,0.022857
0.018048,-0.0075516,0.023566
0.016591,-0.0060263,0.024299
0.015068,-0.0051249,0.025046
0.013605,-0.0044211,0.025808
0.012417,-0.003233,0.02658
0.011494,-0.0015535,0.027366
0.010829,0.00062326,0.028162
0.010418,0.0033131,0.028973
0.012346,0.0036706,0.037376
0.014516,0.0040767,0.047057
0.016945,0.004537,0.058029
0.019648,0.005057,0.070294
0.02264,0.0056427,0.083826
0.025936,0.0063004,0.098598
0.029548,0.0070364,0.11455
0.033491,0.0078574,0.13164
0.037777,0.0087699,0.1498
0.042417,0.0097808,0.16896
0.040921,0.0096591,0.12139
0.039538,0.0095101,0.085363
0.03825,0.0093411,0.058066
0.037043,0.0091569,0.037578
0.035905,0.0089598,0.022518
0.034826,0.0087514,0.011885
0.033796,0.0085321,0.0049431
0.032809,0.0083021,0.0011375
0.031856,0.008061,4.3971e-05
0.03093,0.0078306,-0.0012813
0.028205,0.008663,-0.00018243
0.025698,0.0094611,8.9253e-05
0.023394,0.010218,0.00058703
0.021277,0.010931,0.0016931
0.019333,0.011603,0.0033239
0.017552,0.012235,0.0054119
0.015922,0.012827,0.0079078
0.014434,0.01338,0.010768
0.013081,0.013895,0.013962
0.011857,0.01437,0.017462
0.011132,0.015213,0.010701
0.010476,0.016011,0.0057878
0.0098908,0.016768,0.0025026
0.0093758,0.017487,0.00067811
0.0089316,0.01817,0.00017364
0.0085597,0.018836,-0.00056781
0.0082612,0.019495,-0.0024907
0.0080371,0.020148,-0.0055545
0.0078883,0.020799,-0.0097343
0.0078156,0.021447,-0.015018
0.0088521,0.022517,-0.012394
0.010189,0.023542,-0.010054
0.011839,0.024523,-0.0079754
0.013817,0.025462,-0.0061476
0.01614,0.026359,-0.0045593
0.018828,0.027212,-0.0032039
0.021902,0.028019,-0.0020745
0.025384,0.028779,-0.0011675
0.029299,0.029488,-0.00047752
0.033669,0.030143,-1.8637e-07
0.034844,0.027416,-0.0022642
0.036125,0.024735,-0.0065155
0.037512,0.022096,-0.01261
0.039002,0.019495,-0.020435
0.040596,0.016929,-0.029892
0.042292,0.014394,-0.040901
0.044091,0.01189,-0.053386
0.045992,0.0094161,-0.067282
0.047995,0.0069711,-0.082518
0.050099,0.0045551,-0.099038
0.044764,0.0046315,-0.092451
0.039845,0.0047102,-0.086817
0.035318,0.0047869,-0.081939
0.031161,0.0048582,-0.077688
0.027351,0.0049209,-0.073944
0.023871,0.0049726,-0.070628
0.020701,0.005011,-0.067665
0.017826,0.0050343,-0.065005
0.015229,0.0050407,-0.062596
0.012896,0.0050288,-0.060407
0.013591,0.0039522,-0.0563
0.014331,0.0028988,-0.052471
0.015116,0.0018681,-0.048894
0.015944,0.00085963,-0.045544
0.016818,-0.00012715,-0.0424
0.017736,-0.0010927,-0.039446
0.018699,-0.0020376,-0.036665
0.019707,-0.0029623,-0.034043
0.020762,-0.0038672,-0.03157
0.021864,-0.004753,-0.029234
0.022072,-0.0031737,-0.026797
0.022406,-0.0012486,-0.024501
0.02287,0.0010312,-0.022335
0.023468,0.0036782,-0.020286
0.024204,0.0067081,-0.018349
0.025086,0.010139,-0.016517
0.026121,0.013994,-0.014786
0.027317,0.018294,-0.013151
0.028684,0.023065,-0.011613
0.030231,0.028335,-0.010168
0.027871,0.02939,-0.019053
0.02571,0.030383,-0.030201
0.023732,0.031312,-0.043424
0.02193,0.032177,-0.058566
0.0203,0.032973,-0.0755
0.018841,0.033698,-0.094117
0.017555,0.034348,-0.1143
0.016446,0.034916,-0.13597
0.015521,0.035399,-0.159
0.014787,0.035791,-0.1833
0.015574,0.035551,-0.15723
0.016531,0.035244,-0.13489
0.017649,0.034874,-0.11558
0.018918,0.034444,-0.098796
0.020331,0.033955,-0.084121
0.021885,0.033411,-0.071254
0.023575,0.032812,-0.059947
0.0254,0.03216,-0.050003
0.027361,0.031456,-0.041267
0.029457,0.0307,-0.033607
0.027623,0.02597,-0.05082
0.025918,0.021575,-0.070863
0.024332,0.017486,-0.093558
0.022861,0.013686,-0.11876
0.021502,0.010167,-0.14634
0.020257,0.0069296,-0.17621
0.019129,0.003979,-0.20823
0.018121,0.0013275,-0.24231
0.017241,-0.001008,-0.2783
0.016497,-0.0030072,-0.31612
0.019683,-0.0037122,-0.27531
0.023092,-0.0044886,-0.24069
0.026715,-0.0053336,-0.2109
0.030548,-0.0062457,-0.18502
0.034592,-0.0072241,-0.16233
0.038849,-0.008269,-0.14231
0.043324,-0.0093812,-0.12452
0.048023,-0.010562,-0.10866
0.052955,-0.011813,-0.094474
0.058129,-0.013137,-0.08175
0.060519,-0.012127,-0.058522
0.062967,-0.01099,-0.03975
0.065481,-0.009731,-0.024982
0.068068,-0.0083506,-0.013855
0.070737,-0.0068511,-0.0061008
0.073494,-0.0052337,-0.001501
0.076346,-0.0034991,0.0001104
0.079297,-0.0016302,0.0013322
0.082351,0.00039611,0.0052742
0.085512,0.0025816,0.011855
0.089378,0.00032783,0.0075957
0.093352,-0.0019519,0.0044862
0.097438,-0.0042588,0.0023316
0.10164,-0.0065935,0.00097824
0.10595,-0.0089572,0.00029552
0.11038,-0.011351,0.00014899
0.11494,-0.01378,-0.0001744
0.11961,-0.016248,-0.00089728
0.1244,-0.018754,-0.0019579
0.12931,-0.021298,-0.0033028
0.12098,-0.018481,-0.015156
0.11307,-0.015879,-0.03377
0.10552,-0.013466,-0.058006
0.098307,-0.011219,-0.08703
0.091391,-0.0091244,-0.12022
0.084753,-0.0071674,-0.15709
0.07838,-0.005339,-0.19724
0.072258,-0.0036285,-0.24035
0.066382,-0.0020308,-0.28612
0.060748,-0.00054225,-0.33433
0.062428,-0.0020139,-0.28918
0.064113,-0.0034573,-0.25198
0.065802,-0.0048713,-0.22076
0.067496,-0.006256,-0.19426
0.069195,-0.0076131,-0.1715
0.070899,-0.0089441,-0.15177
0.07261,-0.010251,-0.13452
0.074326,-0.011536,-0.11935
0.076049,-0.012802,-0.10592
0.07778,-0.014049,-0.093972
0.077691,-0.013926,-0.067619
0.077706,-0.013908,-0.046847
0.077806,-0.013976,-0.030725
0.077977,-0.014116,-0.018545
0.078204,-0.014316,-0.0097739
0.078477,-0.014566,-0.0039853
0.078784,-0.014857,-0.00085338
0.079115,-0.015181,-4.8418e-05
0.079469,-0.015509,0.0013613
0.079844,-0.015826,0.0047704
