0.02046,0.017732,7.8049e-05
0.020666,0.014782,-0.00033388
0.020861,0.012157,-0.0019571
0.021047,0.0098281,-0.0047967
0.021226,0.0077731,-0.0087412
0.021402,0.005974,-0.01371
0.021577,0.0044176,-0.019647
0.021753,0.0030957,-0.026513
0.021933,0.0020044,-0.03428
0.022119,0.0011439,-0.042932
0.022313,0.0005179,-0.052453
0.027262,0.00084702,-0.060114
0.032938,0.0012764,-0.06835
0.039397,0.0018166,-0.077139
0.046699,0.002478,-0.086453
0.0549,0.0032712,-0.096264
0.064059,0.0042064,-0.10654
0.074231,0.0052938,-0.11725
0.085473,0.0065433,-0.12836
0.09784,0.0079643,-0.13983
0.11138,0.0095659,-0.15165
0.10476,0.010666,-0.13818
0.098458,0.011794,-0.12664
0.092447,0.012947,-0.11665
0.086716,0.014123,-0.10789
0.081251,0.015321,-0.10014
0.076041,0.016537,-0.093228
0.071073,0.017771,-0.087011
0.066336,0.01902,-0.08138
0.061822,0.020285,-0.076245
0.057521,0.021562,-0.071537
0.062218,0.018153,-0.070918
0.067096,0.015047,-0.070361
0.07216,0.012237,-0.069857
0.077416,0.0097193,-0.069394
0.082871,0.0074909,-0.068966
0.08853,0.0055501,-0.068565
0.094401,0.0038969,-0.068185
0.10049,0.0025319,-0.067819
0.1068,0.001457,-0.067464
0.11335,0.00067477,-0.067115
0.11509,0.0012703,-0.053889
0.11684,0.0020431,-0.042668
0.11861,0.0029893,-0.033179
0.12038,0.0041058,-0.025203
0.12217,0.0053906,-0.018563
0.12397,0.0068424,-0.013116
0.12579,0.0084604,-0.008743
0.12762,0.010245,-0.0053446
0.12946,0.012195,-0.0028379
0.13131,0.014312,-0.0011523
0.12765,0.01701,-0.0021968
0.12406,0.019919,-0.0034501
0.12054,0.023034,-0.0048559
0.11708,0.026352,-0.0063723
0.11369,0.029873,-0.0079681
0.11035,0.033593,-0.0096198
0.10707,0.037511,-0.01131
0.10385,0.041626,-0.013026
0.10068,0.045936,-0.014757
0.09756,0.050441,-0.016498
0.092901,0.040203,-0.022249
0.088503,0.031374,-0.028006
0.084342,0.02384,-0.033926
0.080397,0.017494,-0.039997
0.07665,0.012247,-0.046188
0.073082,0.0080179,-0.052476
0.069675,0.0047388,-0.05885
0.066413,0.0023521,-0.065409
0.063281,0.00081009,-0.071818
0.060266,7.5333e-05,-0.078347
0.060309,0.00014352,-0.054363
0.060345,0.00023029,-0.035795
0.060375,0.00033428,-0.021822
0.060401,0.00045459,-0.011801
0.060423,0.0005907,-0.0050342
0.060442,0.00074236,-0.0012319
0.060459,0.00090962,-2.3183e-07
0.060476,0.0010927,0.0011106
0.060492,0.001292,0.0043425
0.060509,0.0015081,0.0096299
0.062897,0.0015119,0.010323
0.065344,0.0015155,0.011025
0.06785,0.0015191,0.011842
0.070417,0.0015225,0.012705
0.073044,0.0015258,0.013598
0.075731,0.0015291,0.014497
0.07848,0.0015322,0.015607
0.08129,0.0015353,0.016816
0.084163,0.0015383,0.017847
0.087097,0.0015413,0.019068
0.087017,0.0012399,0.028183
0.086938,0.00097115,0.038887
0.086861,0.00073496,0.050794
0.086788,0.00053131,0.063956
0.086717,0.0003603,0.077865
0.08665,0.00022213,0.093477
0.086587,0.00011697,0.10975
0.086528,4.51e-05,0.12705
0.086472,6.7831e-06,0.14516
0.08642,-2.3045e-06,0.16362
0.088827,-0.00031406,0.19545
0.091301,-0.0011668,0.22886
0.093843,-0.0025829,0.26445
0.096456,-0.0045849,0.30128
0.099138,-0.0071937,0.33895
0.10189,-0.010429,0.37773
0.10471,-0.014307,0.42007
0.10761,-0.018849,0.46173
0.11057,-0.024067,0.50378
0.1136,-0.029971,0.54671
0.11815,-0.024219,0.44222
0.12272,-0.019287,0.36121
0.12732,-0.015067,0.29704
0.13194,-0.011477,0.24499
0.13659,-0.0084531,0.20192
0.14129,-0.0059467,0.16648
0.14603,-0.0039174,0.1365
0.15082,-0.0023345,0.11143
0.15567,-0.0011732,0.090101
0.16057,-0.0004145,0.07206
0.15704,-0.00019977,0.078943
0.15356,-6.3506e-05,0.085417
0.15013,-3.4715e-06,0.091236
0.14676,1.7507e-05,0.097206
0.14345,0.00010355,0.10285
0.14018,0.00025966,0.10708
0.13697,0.00048388,0.11139
0.13381,0.00077445,0.11468
0.1307,0.0011295,0.11747
0.12765,0.0015476,0.11897
0.13502,0.0026635,0.10762
0.14261,0.0040812,0.09661
0.15044,0.0058031,0.086422
0.15852,0.0078309,0.076877
0.16687,0.010171,0.067437
0.17546,0.012823,0.058918
0.18432,0.01579,0.051384
0.19347,0.019082,0.043726
0.2029,0.022697,0.037083
0.21261,0.02664,0.031171
0.20614,0.029674,0.038411
0.19981,0.032842,0.046068
0.19368,0.036166,0.052615
0.18766,0.039615,0.059653
0.18176,0.043191,0.066835
0.17601,0.046909,0.073444
0.17038,0.050752,0.080124
0.16488,0.054722,0.086883
0.15948,0.058814,0.093625
0.15421,0.063035,0.099526
0.13814,0.063507,0.10872
0.12326,0.063967,0.1171
0.1095,0.06441,0.12533
0.096756,0.064826,0.13409
0.085016,0.065231,0.14238
0.074247,0.065637,0.14834
0.064348,0.066016,0.15569
0.055295,0.066382,0.16326
0.047044,0.066735,0.17084
0.039555,0.067074,0.17907
0.034047,0.053539,0.12659
0.029253,0.042292,0.087587
0.025073,0.032992,0.058901
0.021448,0.025361,0.037815
0.018314,0.019156,0.022526
0.015583,0.014157,0.012302
0.013236,0.010187,0.0055162
0.011204,0.0070806,0.0016297
0.0094662,0.0047014,6.0954e-05
0.007976,0.0029223,-0.00057596
0.0099489,0.0042113,-0.0010926
0.01226,0.0058366,-0.0017094
0.014954,0.0078445,-0.0025072
0.018079,0.010284,-0.0034712
0.021658,0.0132,-0.0045568
0.025735,0.016642,-0.0056085
0.030365,0.020659,-0.0068003
0.035564,0.025298,-0.0080109
0.041372,0.030607,-0.0093554
0.047884,0.036641,-0.010917
0.046238,0.03567,-0.0085322
0.044652,0.034726,-0.0065482
0.043101,0.033805,-0.004974
0.041577,0.032905,-0.0037784
0.040124,0.03203,-0.0028518
0.0387,0.031176,-0.0020551
0.037319,0.030343,-0.0014422
0.03596,0.029528,-0.0010446
0.034646,0.028734,-0.00074799
0.033377,0.027958,-0.00057125
0.030885,0.02344,-0.0022558
0.028572,0.019449,-0.0050142
0.026412,0.015937,-0.0087229
0.024396,0.012859,-0.012408
0.022485,0.01018,-0.016525
0.020708,0.0078699,-0.020602
0.01904,0.0058998,-0.024808
0.01746,0.0042452,-0.029601
0.015965,0.0028839,-0.034691
0.01457,0.0017982,-0.040153
0.013354,0.0013759,-0.025003
0.012241,0.0010297,-0.014636
0.011235,0.00074797,-0.007608
0.010313,0.00052202,-0.0032364
0.0094512,0.00034429,-0.00073079
0.0086553,0.00020819,1.4007e-06
0.0079483,0.00010815,0.00047782
0.0072606,4.1806e-05,0.0020157
0.0066113,6.6132e-06,0.0044856
0.0059875,-1.7396e-06,0.0079896
0.0055405,-3.451e-05,0.0047179
0.005132,-0.00010373,0.0022983
0.0047555,-0.00020394,0.00078834
0.0044029,-0.00033168,0.00010587
0.0040682,-0.00048563,-3.7422e-05
0.0037579,-0.00066594,-0.00056615
0.0034602,-0.00087472,-0.0016967
0.0031694,-0.0011156,-0.0032992
0.0028858,-0.0013926,-0.0054512
0.0026095,-0.0017109,-0.0081516
0.0024892,-0.001497,-0.0062377
0.0023834,-0.0013072,-0.0047997
0.0022855,-0.0011384,-0.0036323
0.0021928,-0.00098838,-0.0026113
0.0021076,-0.00085536,-0.0018191
0.002025,-0.00073736,-0.0011259
0.0019524,-0.00063306,-0.0006444
0.0018805,-0.00054056,-0.00026263
0.0018167,-0.00045881,-5.6275e-05
0.0017459,-0.00038603,1.93e-06
0.0016935,-0.00022956,9.0027e-06
0.0016446,-0.0001166,2.1403e-05
0.0016266,-4.3432e-05,6.1944e-05
0.0015979,-5.9473e-06,0.00010489
0.0015623,2.81e-06,0.00014592
0.0015256,3.3281e-05,0.00018268
0.0014867,9.7319e-05,0.0002242
0.0014571,0.00019527,0.00027882
0.0014206,0.00032949,0.00034001
0.0013851,0.00050208,0.00043361
0.0012941,0.00053575,0.00029794
0.0012022,0.00057157,0.00018988
0.0011225,0.00060863,0.00013741
0.0010416,0.0006477,9.0804e-05
0.00096437,0.00068843,5.7227e-05
0.00088769,0.0007311,2.6082e-05
0.00081563,0.00077537,9.4809e-06
0.00074755,0.00082123,1.8817e-06
0.00068092,0.00086893,-5.4283e-07
0.0006185,0.00091816,-4.6206e-06
0.00087646,0.00077895,7.8301e-06
0.0011829,0.00065091,6.6472e-05
0.0015444,0.0005338,0.00018294
0.0019678,0.00042763,0.00037818
0.0024588,0.00033258,0.00061275
0.0030295,0.00024869,0.00096456
0.0036875,0.00017629,0.0014159
0.0044371,0.00011592,0.0018355
0.0052947,6.7616e-05,0.0024336
0.0062659,3.1968e-05,0.0030807
0.0062802,0.00017543,0.0043234
0.0062911,0.00043911,0.0055576
0.0063077,0.00082739,0.0072867
0.0063222,0.0013513,0.0089525
0.0063378,0.0020192,0.010751
0.0063547,0.0028419,0.012574
0.0063757,0.0038274,0.014766
0.0063978,0.0049924,0.016839
0.0064222,0.0063478,0.018993
0.0064521,0.0078995,0.021444
0.0076714,0.0068287,0.017602
0.0089771,0.0058518,0.014105
0.010371,0.0049607,0.011104
0.011854,0.0041511,0.0083736
0.013433,0.003415,0.0060415
0.015108,0.0027537,0.0040463
0.016892,0.0021607,0.0024013
0.018789,0.0016369,0.0011669
0.020809,0.0011814,0.00035895
0.02296,0.00079591,1.3022e-05
0.024413,0.0014277,0.00075686
0.025941,0.0022632,0.0025966
0.027553,0.0033192,0.0054558
0.029256,0.0046149,0.0094328
0.031056,0.0061716,0.014591
0.03296,0.0080115,0.021091
0.034976,0.010159,0.028838
0.037112,0.012636,0.037735
0.039369,0.015469,0.048005
0.041757,0.018681,0.058937
0.042635,0.017225,0.082112
0.043538,0.015808,0.10849
0.044467,0.014431,0.13838
0.045426,0.013095,0.17174
0.046415,0.011803,0.20774
0.047435,0.010557,0.24739
0.04849,0.009362,0.28946
0.049574,0.008222,0.33455
0.050693,0.0071402,0.38167
0.051845,0.0061211,0.43098
0.049463,0.006419,0.36321
0.047225,0.0067112,0.30845
0.045115,0.0069987,0.2638
0.043116,0.0072827,0.22731
0.041222,0.0075633,0.1967
0.039416,0.0078422,0.17078
0.037698,0.0081184,0.14848
0.036062,0.0083922,0.12986
0.034504,0.0086619,0.11313
0.033002,0.0089344,0.09921
0.031551,0.0074979,0.090457
0.030156,0.0062168,0.082199
0.028818,0.0050807,0.07463
0.027535,0.0040809,0.067344
0.026302,0.0032099,0.060719
0.025118,0.0024599,0.054101
0.023979,0.0018243,0.047872
0.02289,0.0012943,0.042209
0.021842,0.00086497,0.036881
0.020841,0.00052813,0.032376
0.020633,0.00052671,0.034927
0.020428,0.00052483,0.037755
0.020222,0.00052324,0.040563
0.020011,0.00052254,0.043338
0.019807,0.00052065,0.046352
0.019597,0.00051985,0.04959
0.019386,0.00051921,0.052993
0.019173,0.00051882,0.056603
0.018968,0.00051732,0.060197
0.018746,0.00051833,0.064239
0.016464,0.00042889,0.075641
0.014316,0.00034841,0.088072
0.012307,0.00027574,0.10111
0.010438,0.00021093,0.11437
0.0087058,0.00015476,0.12827
0.0071197,0.0001066,0.14319
0.0056739,6.747e-05,0.15916
0.004379,3.6848e-05,0.17599
0.0032373,1.5269e-05,0.19357
0.0022584,2.8924e-06,0.21127
0.0039828,-9.113e-06,0.17819
0.0060939,-5.6565e-05,0.15148
0.0085795,-0.00014206,0.12771
0.011407,-0.00026231,0.10705
0.014567,-0.0004155,0.089173
0.018068,-0.00060141,0.073091
0.021903,-0.00081868,0.059215
0.026079,-0.0010674,0.047121
0.030636,-0.0013499,0.036491
0.035615,-0.0016687,0.027056
0.038112,-0.0018285,0.027347
0.040741,-0.0019986,0.027209
0.043488,-0.0021778,0.027019
0.046344,-0.0023655,0.02645
0.049331,-0.002563,0.025911
0.052443,-0.00277,0.025179
0.055686,-0.0029868,0.024477
0.059044,-0.0032116,0.023626
0.062562,-0.0034494,0.023103
0.066184,-0.0036933,0.022319
0.064476,-0.0050409,0.023926
0.06279,-0.0065893,0.025569
0.061148,-0.008342,0.027285
0.059519,-0.010293,0.029209
0.057938,-0.012451,0.031152
0.056341,-0.0148,0.032591
0.054791,-0.017358,0.034099
0.05327,-0.020123,0.035798
0.051769,-0.023093,0.03752
0.050202,-0.02623,0.039016
0.046767,-0.023005,0.018674
0.04359,-0.020144,0.0063161
0.040635,-0.017592,0.00067981
0.037864,-0.0153,-0.00062025
0.035252,-0.013232,-0.0054074
0.032794,-0.011362,-0.0141
0.030402,-0.0096453,-0.026393
0.028142,-0.0080887,-0.042077
0.025957,-0.0066663,-0.060995
0.023839,-0.0053712,-0.082758
0.023339,-0.0059389,-0.094413
0.022841,-0.0065414,-0.10675
0.022278,-0.007162,-0.11855
0.021762,-0.0078284,-0.13182
0.021252,-0.0085322,-0.14576
0.020739,-0.009271,-0.15992
0.020227,-0.010046,-0.1745
0.019742,-0.010866,-0.19021
0.019218,-0.01171,-0.20569
0.018729,-0.012603,-0.22202
0.02005,-0.011861,-0.18067
0.021378,-0.011175,-0.14755
0.022692,-0.01053,-0.12026
0.023906,-0.0098946,-0.097044
0.025193,-0.00932,-0.078245
0.026449,-0.0087676,-0.062025
0.027702,-0.0082435,-0.048434
0.028951,-0.0077438,-0.03707
0.030211,-0.0072693,-0.027721
0.031452,-0.0068106,-0.01995
0.030711,-0.0078627,-0.014291
0.029999,-0.0089813,-0.0098018
0.029299,-0.010164,-0.0062413
0.028604,-0.011409,-0.0034908
0.027922,-0.01272,-0.0015659
0.027246,-0.014097,-0.00042808
0.026582,-0.015545,-4.9316e-06
0.025942,-0.017068,0.00024187
0.025294,-0.018662,0.0010976
0.024628,-0.020323,0.0026081
0.022357,-0.016956,0.0031944
0.020274,-0.014015,0.0038542
0.018358,-0.011455,0.0045735
0.016611,-0.0092441,0.0052584
0.015005,-0.0073449,0.0059805
0.013538,-0.005728,0.0066915
0.012206,-0.0043666,0.0073795
0.010976,-0.0032306,0.0080571
0.0098633,-0.0023012,0.0087025
0.0088422,-0.0015545,0.0094038
0.0078322,-0.0019367,0.011084
0.0068864,-0.0023588,0.012938
0.0060069,-0.0028226,0.01487
0.0051794,-0.0033275,0.016969
0.0044191,-0.003878,0.019067
0.0037161,-0.0044746,0.021221
0.0030604,-0.0051171,0.023553
0.0024731,-0.0058129,0.025828
0.0019427,-0.0065618,0.028222
0.0014731,-0.0073675,0.030844
0.0014728,-0.0097991,0.034219
0.0014752,-0.012691,0.037821
0.0014779,-0.016084,0.041639
0.0014828,-0.020019,0.04546
0.0014873,-0.024536,0.049501
0.0014948,-0.029677,0.053513
0.0014997,-0.035481,0.057486
0.0015088,-0.041984,0.06152
0.0015173,-0.049226,0.065654
0.0015287,-0.057244,0.070119
0.0024749,-0.049514,0.079001
0.0036342,-0.042474,0.087922
0.0049966,-0.036075,0.097029
0.0065566,-0.030275,0.10642
0.0083187,-0.025033,0.116
0.010288,-0.020318,0.12587
0.012447,-0.016116,0.13642
0.014826,-0.012399,0.14705
0.017417,-0.009164,0.15805
0.020242,-0.0064043,0.16866
0.019756,-0.0043804,0.14827
0.019278,-0.0027924,0.1306
0.018817,-0.0015954,0.11537
0.018356,-0.00075479,0.10181
0.017902,-0.00023703,0.089645
0.017458,-1.3417e-05,0.079604
0.01702,6.0277e-05,0.070731
0.016591,0.00035831,0.062958
0.016168,0.00089168,0.056013
0.015752,0.0016484,0.0496
0.017208,0.0031706,0.052779
0.01877,0.005242,0.056237
0.020444,0.0079017,0.059918
0.022245,0.011201,0.063655
0.024176,0.015182,0.067532
0.02625,0.019897,0.071211
0.02847,0.025388,0.074959
0.030847,0.031712,0.078916
0.033385,0.038901,0.0834
0.036098,0.047027,0.087809
0.034615,0.051375,0.078397
0.033168,0.055881,0.070152
0.031756,0.060567,0.062449
0.030377,0.065424,0.055397
0.029031,0.070464,0.048953
0.02771,0.075645,0.043271
0.026422,0.08103,0.037942
0.025163,0.086599,0.032832
0.023933,0.092344,0.028206
0.02273,0.098276,0.023795
0.022287,0.09925,0.022413
0.021849,0.10023,0.021011
0.021417,0.1012,0.019569
0.020989,0.10218,0.018166
0.020566,0.10317,0.016887
0.020148,0.10415,0.015734
0.019735,0.10513,0.014522
0.019325,0.10612,0.01361
0.018921,0.10712,0.012724
0.018522,0.1081,0.01184
0.019106,0.1076,0.0066274
0.019696,0.10715,0.0031512
0.020294,0.10669,0.00099486
0.020898,0.10626,7.232e-05
0.021509,0.10585,-0.00018897
0.022128,0.10544,-0.001287
0.022757,0.10504,-0.0033551
0.023391,0.10466,-0.0062715
0.024032,0.10429,-0.0099635
0.024684,0.10391,-0.014458
0.020358,0.096788,-0.0071457
0.016555,0.090148,-0.0026619
0.013236,0.083928,-0.00043667
0.01036,0.078121,5.6153e-05
0.0078948,0.072679,0.0011558
0.0058108,0.067562,0.0035266
0.0040807,0.062757,0.0069461
0.0026813,0.058236,0.011212
0.0015925,0.05397,0.016248
0.00079656,0.049954,0.021846
0.0001745,0.046519,0.021761
-2.1826e-06,0.043255,0.02169
-0.00025285,0.040203,0.021661
-0.00090516,0.03732,0.021481
-0.0019419,0.034595,0.021326
-0.0033501,0.032008,0.021285
-0.0051222,0.029552,0.021296
-0.0072548,0.027213,0.021178
-0.0097474,0.024979,0.02098
-0.012606,0.022852,0.021033
-0.011788,0.024004,0.024271
-0.010993,0.025182,0.027414
-0.010223,0.026399,0.03076
-0.0094759,0.027645,0.034372
-0.008753,0.028926,0.038134
-0.0080547,0.030243,0.041812
-0.0073817,0.031597,0.045639
-0.0067337,0.032984,0.049627
-0.0061101,0.034392,0.053949
-0.0055139,0.035843,0.058606
-0.0054406,0.033173,0.045047
-0.0053683,0.030686,0.034042
-0.0052971,0.028372,0.025177
-0.0052268,0.026214,0.018333
-0.0051575,0.024198,0.012937
-0.0050889,0.022317,0.0087913
-0.0050212,0.020556,0.0056349
-0.0049539,0.018909,0.0031952
-0.0048879,0.017365,0.0015417
-0.0048219,0.015921,0.00048387
-0.0040166,0.015917,0.0020167
-0.0032905,0.015909,0.0044619
-0.0026369,0.015904,0.0077595
-0.0020546,0.0159,0.011693
-0.0015426,0.015895,0.016274
-0.0010993,0.015894,0.02156
-0.00072767,0.015893,0.027335
-0.00042903,0.015895,0.03358
-0.00020609,0.0159,0.040423
-6.2091e-05,0.015908,0.048157
-9.4025e-05,0.014221,0.036933
-0.00013347,0.01271,0.027761
-0.00017939,0.011356,0.020573
-0.00023262,0.010142,0.014671
-0.00029233,0.0090537,0.010133
-0.00035974,0.0080784,0.0066246
-0.00043355,0.007202,0.0040423
-0.00051582,0.0064155,0.0021869
-0.00060543,0.0057069,0.00096158
-0.00070162,0.0050656,0.00023413
-0.00069027,0.0042822,0.00011002
-0.0006742,0.0035888,4.5847e-05
-0.00065582,0.0029801,1.0289e-05
-0.00064212,0.0024557,-7.6971e-12
-0.0006228,0.0019971,-9.1533e-06
-0.00060133,0.0016018,-2.961e-05
-0.00057864,0.0012645,-5.8837e-05
-0.00055319,0.00097804,-9.4369e-05
-0.00052587,0.0007381,-0.00013709
-0.00050218,0.00054301,-0.00018093
-0.00059584,0.0005479,-0.00011826
-0.0007003,0.00055399,-6.199e-05
-0.00081468,0.00056053,-2.3551e-05
-0.00094492,0.00057024,-1.2817e-06
-0.001078,0.0005765,3.1109e-06
-0.0012267,0.00058539,2.3304e-05
-0.0013854,0.00059403,6.0601e-05
-0.00156,0.00060482,0.00012566
-0.0017418,0.00061381,0.00020373
-0.0019456,0.00062695,0.00031236
-0.0017286,0.00051475,0.00014784
-0.0015314,0.00041754,4.91e-05
-0.0013513,0.00033352,3.5224e-06
-0.0011889,0.0002621,-8.2261e-06
-0.0010428,0.000202,-5.4681e-05
-0.00090804,0.00015087,-0.00015264
-0.00078524,0.00010841,-0.00029997
-0.00067954,7.5406e-05,-0.00048431
-0.00058098,4.8483e-05,-0.0007238
-0.00049018,2.76e-05,-0.00099677
-0.00045655,4.6336e-05,-0.00087766
-0.00042293,6.8611e-05,-0.00078558
-0.00039303,9.5446e-05,-0.00068894
-0.00036514,0.00012636,-0.00061348
-0.00034026,0.00016225,-0.00053605
-0.00031222,0.00019928,-0.00046955
-0.00028817,0.00024203,-0.00039644
-0.0002639,0.00028765,-0.0003253
-0.00024209,0.00033871,-0.00025426
-0.00021953,0.00039222,-0.00020423
-0.00016433,0.00062166,-0.0004327
-0.00011374,0.00092611,-0.00079339
-6.8659e-05,0.0013196,-0.0013218
-3.2906e-05,0.0018252,-0.0020202
-8.3826e-06,0.0024538,-0.0029767
2.5175e-09,0.0032456,-0.0041941
1.0905e-05,0.0042055,-0.0057712
4.5898e-05,0.0053681,-0.0077598
0.00010916,0.0067651,-0.010173
0.00020763,0.0084108,-0.013016
0.00054214,0.0091807,-0.015024
0.001053,0.010003,-0.017141
0.0017573,0.01088,-0.019429
0.0026757,0.011812,-0.021986
0.003823,0.012813,-0.024712
0.0052279,0.013871,-0.027609
0.0069061,0.015001,-0.030679
0.0088751,0.016211,-0.034004
0.011176,0.01748,-0.037554
0.013824,0.018826,-0.041412
0.014555,0.015974,-0.055094
0.015331,0.013322,-0.070307
0.016144,0.010885,-0.087088
0.016952,0.0087006,-0.10513
0.017822,0.0067195,-0.12485
0.018749,0.0049614,-0.14603
0.01969,0.0034627,-0.16823
0.020695,0.002209,-0.19222
0.021744,0.0012235,-0.2175
0.022857,0.00051599,-0.24436
0.019234,0.0033047,-0.18956
0.016085,0.0081771,-0.14672
0.01335,0.014858,-0.11244
0.010926,0.02326,-0.084413
0.0087798,0.03336,-0.061476
0.0068667,0.04527,-0.042811
0.005155,0.05922,-0.027757
0.003654,0.075424,-0.015954
0.0023682,0.094201,-0.0073988
0.0013305,0.11578,-0.0021182
0.001263,0.12403,-0.00025339
0.0012033,0.13257,0.00018452
0.0011474,0.14146,0.0017935
0.001082,0.15089,0.0049541
0.0010335,0.16051,0.0095228
0.00098499,0.17055,0.015373
0.0009422,0.18092,0.022447
0.00089372,0.19182,0.030745
0.00085463,0.203,0.040121
0.00081517,0.21462,0.050438
0.0020446,0.20056,0.030649
0.003784,0.18741,0.017341
0.006009,0.17503,0.008592
0.0086774,0.16347,0.0032605
0.011785,0.15254,0.00059385
0.015315,0.1422,-3.84e-05
0.019242,0.13244,-0.0012079
0.023578,0.12316,-0.0037502
0.028291,0.11438,-0.0074358
0.033395,0.10603,-0.012055
0.029755,0.10182,-0.0045514
0.026372,0.097883,-0.00082202
0.023254,0.094117,5.417e-05
0.020386,0.090504,0.0017031
0.017739,0.087061,0.0053605
0.015311,0.083747,0.010657
0.013083,0.080576,0.017376
0.011053,0.07751,0.025265
0.0092123,0.074543,0.034216
0.0075379,0.071727,0.044016
0.0078162,0.067365,0.025416
0.0081056,0.063248,0.012778
0.0083947,0.059388,0.0048662
0.0086974,0.055708,0.00085861
0.008997,0.052243,-8.029e-05
0.0092944,0.048965,-0.0020292
0.0096177,0.045774,-0.0064091
0.0099369,0.042748,-0.012972
0.010278,0.039802,-0.021574
0.01059,0.037056,-0.032011
0.0082768,0.039293,-0.028779
0.00625,0.04161,-0.026012
0.0045179,0.043963,-0.023556
0.0030681,0.046379,-0.021247
0.0019036,0.048822,-0.019186
0.0010144,0.051334,-0.017369
0.00040024,0.053936,-0.015764
6.6738e-05,0.056578,-0.014303
-1.4274e-05,0.059329,-0.012989
-0.00024676,0.062103,-0.011876
-0.00014882,0.058567,-0.0096724
-7.6991e-05,0.055228,-0.0078527
-2.9173e-05,0.052056,-0.0063061
-4.4718e-06,0.049063,-0.0049776
1.2803e-06,0.046214,-0.0038392
1.8815e-05,0.043503,-0.0028347
5.6303e-05,0.040924,-0.0020148
0.00011316,0.038466,-0.0013381
0.00018638,0.036168,-0.00081321
0.00027693,0.033975,-0.00044258
0.00017929,0.030878,-0.00023883
0.00010512,0.027994,-0.00010988
5.1047e-05,0.025347,-3.5407e-05
1.6639e-05,0.022913,-4.0486e-06
1.1055e-06,0.020679,2.1028e-06
-3.4596e-06,0.018604,3.0646e-05
-2.2294e-05,0.0167,8.8169e-05
-5.6151e-05,0.014944,0.00018634
-0.0001051,0.013347,0.00031547
-0.00016803,0.011888,0.0004476
-0.00043727,0.011913,0.00015578
-0.00083349,0.011936,1.8732e-05
-0.0013616,0.011968,-1.4055e-05
-0.0020248,0.012001,-0.00015016
-0.0028253,0.01203,-0.00042721
-0.0037705,0.01206,-0.00082475
-0.0048762,0.012108,-0.0013573
-0.0061377,0.012148,-0.0020558
-0.0075673,0.01219,-0.0028954
-0.0091744,0.012235,-0.0038162
-0.0085725,0.014188,-0.0026738
-0.0079907,0.016314,-0.0017282
-0.0074147,0.018598,-0.00099566
-0.0068519,0.02106,-0.00047862
-0.0063036,0.023713,-0.0001509
-0.0057691,0.026563,-6.8651e-06
-0.0052487,0.02962,4.8916e-05
-0.0047434,0.032895,0.00028452
-0.0042553,0.036401,0.00071546
-0.0037815,0.040133,0.001342
-0.0022975,0.042899,0.0013612
-0.0011757,0.045759,0.0013735
-0.00042146,0.04872,0.0013831
-4.4385e-05,0.05181,0.0013784
5.3952e-05,0.055035,0.0013575
0.00046573,0.058364,0.0013144
0.0012961,0.061843,0.0012605
0.0025662,0.065459,0.001252
0.0042988,0.069221,0.001243
0.0065121,0.073159,0.0012461
0.0075062,0.064349,0.0041113
0.0085469,0.056332,0.0082978
0.0096377,0.049024,0.013632
0.010777,0.042366,0.020051
0.011964,0.036308,0.027384
0.013195,0.030809,0.035676
0.014475,0.025819,0.044796
0.01581,0.021304,0.054511
0.017202,0.017242,0.064898
0.018649,0.013617,0.075848
0.018747,0.013442,0.077797
0.018845,0.013268,0.07955
0.018943,0.013095,0.081399
0.019044,0.012921,0.083632
0.019146,0.012748,0.085952
0.019243,0.012578,0.088559
0.019343,0.012407,0.091195
0.019445,0.012235,0.093702
0.019544,0.012065,0.096287
0.019647,0.011895,0.098761
0.025362,0.013644,0.073545
0.031772,0.015504,0.052851
0.038959,0.01749,0.036035
0.047,0.01962,0.022541
0.055988,0.021916,0.012318
0.066031,0.024398,0.0052913
0.077233,0.027084,0.0012129
0.089712,0.029995,-6.6511e-06
0.10358,0.033146,-0.0015753
0.11895,0.036555,-0.0058749
0.11463,0.032562,-0.0044167
0.11048,0.028879,-0.0033524
0.1065,0.025488,-0.0025579
0.10268,0.022372,-0.0019274
0.099018,0.019517,-0.00145
0.09549,0.016907,-0.0010635
0.092103,0.014528,-0.00076554
0.088841,0.012369,-0.00052002
0.085721,0.010422,-0.00035831
0.082717,0.008672,-0.0002375
0.086849,0.0091117,-0.00015019
0.091136,0.0095679,-9.4832e-05
0.095572,0.01004,-5.5338e-05
0.10015,0.010525,-2.9714e-05
0.10488,0.011025,-1.2831e-05
0.10976,0.011537,-5.4238e-06
0.11478,0.012064,-1.5544e-06
0.11996,0.012606,-1.227e-07
0.12528,0.013161,1.5374e-07
0.13076,0.01373,2.8161e-06
0.13539,0.015378,8.3431e-05
0.1401,0.017122,0.00027357
0.14493,0.018968,0.00055316
0.14986,0.020917,0.00089135
0.15489,0.022963,0.001283
0.16002,0.025115,0.0016938
0.16526,0.027365,0.0021325
0.1706,0.029724,0.0026511
0.17604,0.032174,0.0032039
0.18158,0.034734,0.0038058
0.18726,0.036665,0.003294
0.19305,0.038656,0.002814
0.19893,0.0407,0.0023999
0.20491,0.04279,0.0019985
0.21098,0.044931,0.0016462
0.21715,0.047119,0.0013197
0.22342,0.04936,0.0010435
0.22978,0.051648,0.00084101
0.23624,0.053989,0.00066861
0.24279,0.056373,0.00053365
0.24078,0.053287,7.7934e-06
0.23881,0.050313,-0.00024817
0.23688,0.047464,-0.0010758
0.23499,0.044742,-0.0023672
0.23313,0.042107,-0.0040424
0.23131,0.039599,-0.00604
0.2295,0.037176,-0.0083652
0.22774,0.034862,-0.010767
0.226,0.032644,-0.013324
0.22428,0.03051,-0.015947
0.21048,0.031886,-0.016707
0.19738,0.033248,-0.017664
0.18494,0.03461,-0.018733
0.17312,0.035964,-0.019773
0.16191,0.037322,-0.020907
0.15126,0.038668,-0.022029
0.14115,0.039998,-0.023155
0.13155,0.041338,-0.024474
0.12245,0.04266,-0.025824
0.11381,0.043973,-0.02711
0.11746,0.046982,-0.028073
0.12118,0.050085,-0.029061
0.12497,0.053299,-0.030061
0.12884,0.056622,-0.030957
0.13278,0.060044,-0.031809
0.1368,0.063575,-0.032755
0.14089,0.067225,-0.033714
0.14505,0.070963,-0.034683
0.14929,0.074795,-0.035664
0.1536,0.078739,-0.036572
0.15465,0.077287,-0.030821
0.15571,0.075847,-0.025884
0.15677,0.07445,-0.021741
0.15783,0.073073,-0.018291
0.1589,0.071739,-0.015368
0.15996,0.070423,-0.01292
0.16103,0.069134,-0.010825
0.1621,0.067866,-0.0089727
0.16318,0.066633,-0.0073755
0.16425,0.065415,-0.0059588
0.15076,0.072623,-0.0080162
0.13798,0.080088,-0.010169
0.12588,0.087823,-0.01238
0.11442,0.095817,-0.014641
0.10359,0.10406,-0.016926
0.093367,0.11256,-0.019259
0.083726,0.12132,-0.021585
0.074649,0.13035,-0.023818
0.066121,0.13961,-0.025989
0.058134,0.14915,-0.028016
0.0721,0.13902,-0.01833
0.087513,0.12935,-0.011249
0.1044,0.12007,-0.0061612
0.1228,0.11111,-0.0027318
0.14277,0.10249,-0.0007579
0.16437,0.094229,-1.5736e-05
0.18765,0.086263,0.00034615
0.21269,0.078617,0.0016161
0.23954,0.071276,0.0037221
0.26827,0.064244,0.0066354
0.28452,0.059387,0.005582
0.30127,0.054721,0.004836
0.31852,0.050243,0.0043546
0.33628,0.045977,0.0039136
0.35454,0.041908,0.0035793
0.37332,0.03803,0.0033111
0.39261,0.034349,0.0031021
0.41241,0.030865,0.0029007
0.43272,0.027573,0.0027325
0.45354,0.024469,0.0026161
0.44875,0.024947,0.0027426
0.44405,0.025419,0.0028455
0.43944,0.02589,0.0029741
0.43492,0.026352,0.0031426
0.43049,0.026814,0.0033337
0.42613,0.027264,0.0035983
0.42186,0.027718,0.0038497
0.41767,0.028167,0.0040769
0.41355,0.028611,0.0043152
0.40951,0.029056,0.0045399
0.39077,0.024438,0.0050005
0.37292,0.020323,0.0053762
0.35592,0.016675,0.0057183
0.33971,0.01346,0.0060676
0.32425,0.010653,0.0063943
0.30951,0.0082266,0.0067609
0.29543,0.0061563,0.0071257
0.28199,0.0044207,0.0074
0.26915,0.0029992,0.0076651
0.25688,0.0018736,0.0079298
0.24898,0.0034212,0.011951
0.24129,0.0053966,0.016321
0.2338,0.0077805,0.021106
0.2265,0.010557,0.026135
0.21938,0.013713,0.031431
0.21244,0.017234,0.036802
0.20565,0.02111,0.042373
0.19902,0.025331,0.048223
0.19254,0.029888,0.054248
0.1862,0.034775,0.060269
0.18232,0.031618,0.088017
0.1785,0.028631,0.11912
0.17473,0.025809,0.15288
0.17101,0.023145,0.18892
0.16732,0.020636,0.22689
0.16367,0.018278,0.26667
0.16006,0.01607,0.30775
0.15649,0.01401,0.35031
0.15295,0.012096,0.39439
0.14945,0.010326,0.43919
0.14861,0.0092554,0.49759
0.14776,0.0082412,0.55676
0.1469,0.0072833,0.61659
0.14603,0.0063833,0.67762
0.14515,0.005542,0.7394
0.14427,0.0047594,0.8009
0.14338,0.0040371,0.86287
0.14248,0.0033743,0.92459
0.14157,0.0027718,0.98641
0.14066,0.0022293,1.0485
0.13316,0.0047975,0.95361
0.12607,0.0082098,0.8783
0.11935,0.012399,0.81682
0.11295,0.017312,0.76586
0.10685,0.022905,0.72234
0.10102,0.029143,0.68415
0.095449,0.036001,0.65019
0.0901,0.043446,0.62023
0.084972,0.051467,0.59321
0.080043,0.060042,0.56893
0.075014,0.05242,0.57092
0.070225,0.045461,0.57288
0.065668,0.039126,0.575
0.061332,0.03338,0.57709
0.057199,0.028183,0.57873
0.053268,0.02351,0.58014
0.049526,0.019331,0.58157
0.045965,0.01562,0.58259
0.042581,0.012357,0.58368
0.039362,0.0095163,0.58528
0.037464,0.0090209,0.48961
0.035683,0.0085501,0.411
0.033999,0.0080985,0.34579
0.032415,0.0076701,0.29122
0.030913,0.0072587,0.24506
0.029494,0.006867,0.2061
0.028151,0.0064929,0.17285
0.026874,0.0061342,0.14405
0.025664,0.0057922,0.11936
0.024515,0.0054646,0.097968
0.023069,0.0046713,0.098823
0.021688,0.00395,0.099513
0.020369,0.0032979,0.10006
0.019104,0.002711,0.10036
0.017896,0.002188,0.10048
0.016744,0.0017269,0.10037
0.015644,0.0013249,0.10004
0.014591,0.00097959,0.099411
0.013592,0.00069015,0.098733
0.01264,0.00045388,0.098071
0.014302,0.00028456,0.1055
0.016107,0.00015274,0.11286
0.018058,6.0444e-05,0.12023
0.020162,9.7495e-06,0.12744
0.022422,-2.5497e-06,0.13457
0.024847,-4.0667e-05,0.14184
0.027438,-0.00012593,0.14902
0.030204,-0.00025998,0.15572
0.033147,-0.0004443,0.16224
0.036272,-0.0006804,0.1687
0.033772,-0.00028742,0.13721
0.031455,-6.8782e-05,0.11156
0.029303,-3.8819e-09,0.090283
0.027299,6.0421e-05,0.072546
0.025436,0.00023251,0.057684
0.023698,0.00050125,0.045405
0.022072,0.0008539,0.035164
0.020554,0.00128,0.026789
0.019127,0.0017706,0.019845
0.017791,0.002319,0.014201
0.018751,0.0022337,0.011126
0.019734,0.0021504,0.0084408
0.020745,0.0020691,0.006142
0.021787,0.0019896,0.0041241
0.022842,0.0019106,0.0025658
0.023926,0.0018331,0.001381
0.025044,0.0017569,0.00055449
0.026196,0.0016819,0.00011149
0.027384,0.0016079,-5.1205e-06
0.028608,0.001535,-0.00022644
0.033095,0.0015589,-4.3509e-05
0.038075,0.0015814,2.3716e-06
0.043581,0.0016027,9.3418e-05
0.049642,0.0016229,0.00032488
0.056302,0.0016418,0.00069454
0.063593,0.0016596,0.0011667
0.071543,0.0016764,0.0017446
0.080193,0.0016923,0.0024508
0.089575,0.0017072,0.0032459
0.099725,0.0017213,0.0040614
0.094655,0.0018267,0.0012183
0.089804,0.0019301,6.7583e-05
0.085153,0.0020316,-0.00028917
0.080697,0.0021311,-0.0016945
0.076416,0.0022288,-0.0041217
0.072306,0.0023248,-0.0074743
0.068357,0.002419,-0.011631
0.064559,0.0025117,-0.016361
0.060905,0.0026029,-0.021677
0.05739,0.0026928,-0.027461
0.0595,0.0035482,-0.033997
0.061665,0.0045365,-0.04129
0.063905,0.0056603,-0.049165
0.066211,0.006926,-0.057496
0.068581,0.0083385,-0.066421
0.071024,0.0099013,-0.076019
0.073533,0.01162,-0.086172
0.076115,0.013498,-0.097026
0.078772,0.01554,-0.10843
0.081501,0.017749,-0.12005
0.078158,0.01903,-0.11477
0.074917,0.020343,-0.11072
0.07177,0.021689,-0.10737
0.068719,0.023065,-0.10442
0.065759,0.024472,-0.10194
0.062884,0.025911,-0.099734
0.06009,0.027382,-0.097973
0.057384,0.028879,-0.0965
0.054749,0.030412,-0.095426
0.052197,0.03197,-0.094422
0.051886,0.036458,-0.064566
0.051591,0.041153,-0.041755
0.051296,0.046076,-0.02475
0.051015,0.051231,-0.012573
0.050729,0.056648,-0.0047339
0.050443,0.062338,-0.00073589
0.050154,0.068322,0.00017503
0.049859,0.074618,0.0027796
0.049554,0.081246,0.0083072
0.049237,0.088223,0.016477
0.044447,0.087049,0.020414
0.039959,0.0859,0.024758
0.035759,0.084775,0.029415
0.03184,0.083668,0.034261
0.028187,0.082583,0.039345
0.024789,0.081519,0.044764
0.021642,0.08047,0.050429
0.018732,0.07944,0.056128
0.016053,0.078428,0.062005
0.013601,0.077428,0.068167
0.017054,0.067552,0.068445
0.020816,0.05855,0.069243
0.024885,0.050343,0.070572
0.029249,0.042877,0.072028
0.033913,0.036099,0.073771
0.038881,0.029965,0.075837
0.044157,0.024441,0.078059
0.049757,0.019502,0.080342
0.055695,0.015127,0.082751
0.061988,0.011305,0.085492
0.062141,0.014707,0.081543
0.062293,0.018558,0.077807
0.062444,0.022862,0.074354
0.062606,0.027623,0.071331
0.062764,0.032854,0.068499
0.062923,0.03856,0.065729
0.063081,0.044753,0.063131
0.063245,0.051437,0.060845
0.063411,0.058626,0.058736
0.063576,0.066329,0.05662
0.063454,0.059626,0.043794
0.063344,0.053449,0.033449
0.063245,0.047757,0.025046
0.063163,0.042513,0.018264
0.063087,0.037687,0.012825
0.063025,0.033247,0.0086069
0.06297,0.02917,0.0053733
0.062923,0.025432,0.0029647
0.062886,0.022011,0.0013278
0.062856,0.018889,0.00037397
0.063152,0.022314,0.00010387
0.063447,0.026048,7.9743e-07
0.063744,0.030099,-6.8306e-05
0.06404,0.034476,-0.00029367
0.064336,0.039186,-0.00067304
0.064631,0.044237,-0.0012203
0.064925,0.049636,-0.0019202
0.065223,0.055391,-0.0027354
0.065517,0.061508,-0.0036951
0.065812,0.067996,-0.0048069
0.065129,0.070231,-0.0066731
0.064446,0.072499,-0.0088652
0.063766,0.074799,-0.011353
0.063088,0.077132,-0.014028
0.062415,0.079498,-0.016936
0.061742,0.081897,-0.019995
0.061071,0.084328,-0.02325
0.060403,0.086791,-0.026782
0.059736,0.089287,-0.030515
0.059072,0.091815,-0.034351
0.053984,0.092638,-0.016006
0.049206,0.093447,-0.005285
0.04471,0.094242,-0.00052603
0.040476,0.095028,0.00054427
0.036486,0.095807,0.0044685
0.032725,0.096582,0.011726
0.029185,0.097352,0.021847
0.025855,0.098119,0.034534
0.022732,0.098886,0.049421
0.019808,0.099652,0.066153
0.019715,0.10442,0.059223
0.019621,0.10929,0.05319
0.019528,0.11427,0.048012
0.019433,0.11935,0.043596
0.019339,0.12453,0.039801
0.019244,0.12982,0.036403
0.019147,0.13522,0.033424
0.019051,0.14073,0.030886
0.018955,0.14635,0.028657
0.01886,0.15207,0.026691
0.02175,0.15024,0.026865
0.024838,0.14844,0.027137
0.028116,0.14666,0.027398
0.031592,0.14492,0.027831
0.035262,0.14319,0.028327
0.039126,0.14149,0.028941
0.043185,0.1398,0.029613
0.047435,0.13814,0.030265
0.051882,0.1365,0.030976
0.056521,0.13487,0.031826
0.066429,0.13732,0.021113
0.077207,0.1398,0.012864
0.088878,0.1423,0.0068484
0.10148,0.14482,0.0028665
0.11504,0.14737,0.00064248
0.12959,0.14995,-4.9734e-06
0.14515,0.15255,-0.00084324
0.16176,0.15518,-0.0029899
0.17943,0.15783,-0.0063404
0.1982,0.16051,-0.010907
0.19762,0.15754,-0.0041743
0.19707,0.15467,-0.00085368
0.19652,0.15188,6.566e-06
0.19598,0.14917,0.001016
0.19546,0.14652,0.0034682
0.19495,0.14395,0.0071085
0.19445,0.14145,0.011693
0.19397,0.13901,0.016977
0.19348,0.13662,0.022881
0.19302,0.1343,0.029444
0.16926,0.13604,0.028074
0.14757,0.13774,0.027068
0.1278,0.13938,0.026396
0.10983,0.14097,0.026081
0.093557,0.14252,0.025946
0.078853,0.14402,0.025877
0.06565,0.14548,0.025922
0.053854,0.1469,0.026159
0.04339,0.14828,0.026472
0.034188,0.14963,0.026896
0.039827,0.13459,0.019135
0.045778,0.12069,0.013183
0.052035,0.10784,0.0086796
0.058593,0.095953,0.0053568
0.065448,0.084954,0.0029712
0.072604,0.07478,0.0013498
0.080049,0.065371,0.00039315
0.087811,0.056692,1.2096e-05
0.095889,0.048699,-0.00014813
0.10429,0.041361,-0.00072238
0.10349,0.038731,-0.0015438
0.10271,0.036218,-0.0026608
0.10194,0.033819,-0.0040359
0.10118,0.031524,-0.0056459
0.10043,0.029334,-0.0074768
0.099695,0.027245,-0.0095751
0.098973,0.025254,-0.011887
0.098254,0.023355,-0.014321
0.097548,0.021548,-0.016919
0.096855,0.01983,-0.019667
0.10377,0.024194,-0.024292
0.11108,0.029088,-0.029429
0.11879,0.034531,-0.034938
0.12691,0.040545,-0.040843
0.13544,0.047147,-0.047114
0.14441,0.054356,-0.053534
0.15381,0.062186,-0.06016
0.16367,0.070655,-0.066878
0.17397,0.079769,-0.073698
0.18474,0.089541,-0.080802
0.19215,0.10484,-0.075303
0.19979,0.12145,-0.070875
0.20765,0.13942,-0.067111
0.21572,0.15874,-0.063849
0.22403,0.17943,-0.061036
0.23255,0.20151,-0.058755
0.24131,0.22499,-0.05677
0.2503,0.24985,-0.05512
0.25951,0.2761,-0.053747
0.26894,0.30372,-0.052385
0.26477,0.31003,-0.015193
0.26071,0.31635,-0.00083437
0.25673,0.32269,0.0032122
0.25281,0.32906,0.018398
0.24894,0.33545,0.043755
0.24512,0.34188,0.077273
0.24133,0.34833,0.11771
0.23758,0.35481,0.16422
0.23385,0.36132,0.21599
0.23016,0.36787,0.27189
0.21827,0.36023,0.26622
0.2069,0.35298,0.26544
0.19602,0.34608,0.26807
0.18562,0.33951,0.2731
0.17565,0.33324,0.27965
0.16611,0.32724,0.28737
0.15696,0.32151,0.29566
0.1482,0.31602,0.30491
0.13981,0.31075,0.31454
0.13176,0.3057,0.32461
0.14332,0.31012,0.25703
0.15524,0.31456,0.20361
0.16753,0.319,0.16067
0.18022,0.32345,0.12599
0.19331,0.3279,0.097605
0.2068,0.33236,0.074484
0.2207,0.33683,0.055503
0.23501,0.3413,0.039986
0.24973,0.34578,0.027499
0.26487,0.35026,0.01761
0.25353,0.39773,0.016034
0.24235,0.44816,0.014329
0.23132,0.50155,0.012568
0.22047,0.55786,0.01083
0.20979,0.61706,0.0091524
0.19931,0.67912,0.0075415
0.189,0.744,0.0060804
0.17891,0.81163,0.0048214
0.16903,0.88195,0.0037249
0.15937,0.9549,0.0027523
0.14998,0.90057,0.003358
0.1411,0.85003,0.0036796
0.13269,0.8029,0.0038281
0.12472,0.75888,0.0039177
0.11717,0.71768,0.0039386
0.11002,0.67905,0.0038755
0.10323,0.64281,0.0037705
0.096794,0.60873,0.003695
0.090686,0.57667,0.0036215
0.084894,0.54643,0.0035124
0.092235,0.53282,0.0054025
0.099794,0.51971,0.0074517
0.10757,0.50705,0.0095743
0.11555,0.49483,0.011669
0.12374,0.48302,0.013782
0.13213,0.47159,0.015977
0.14071,0.46054,0.018191
0.14949,0.44983,0.02031
0.15845,0.43944,0.022428
0.16759,0.42938,0.024573
0.17162,0.42799,0.023025
0.17567,0.4266,0.021794
0.17975,0.42526,0.020781
0.18385,0.42394,0.020037
0.18798,0.42265,0.01943
0.19214,0.42139,0.018947
0.19632,0.42014,0.018515
0.20052,0.41893,0.018192
0.20475,0.41773,0.017886
0.20901,0.41655,0.01759
0.18898,0.42646,0.023671
0.17019,0.43629,0.029679
0.15256,0.44608,0.035659
0.13607,0.45582,0.041519
0.12067,0.46551,0.047335
0.10632,0.47516,0.053219
0.093005,0.48476,0.059076
0.080678,0.49432,0.064749
0.069316,0.50384,0.070381
0.05889,0.51334,0.076131
0.057779,0.52866,0.056388
0.05668,0.54402,0.041497
0.055595,0.55942,0.030089
0.054519,0.57489,0.021302
0.053453,0.59042,0.01452
0.052399,0.60597,0.0093419
0.051356,0.62156,0.0055099
0.050324,0.63719,0.0028498
0.049303,0.65284,0.0011246
0.048292,0.66852,0.00021889
0.047878,0.6671,0.005033
0.047466,0.66582,0.014235
0.047059,0.66463,0.026192
0.046656,0.66354,0.040142
0.046256,0.66255,0.055456
0.04586,0.66164,0.071682
0.045467,0.6608,0.088739
0.045078,0.66005,0.10665
0.044692,0.65937,0.12517
0.044309,0.65877,0.14406
0.043917,0.64124,0.12466
0.043533,0.62445,0.11025
0.043157,0.60832,0.09898
0.042788,0.59284,0.089743
0.042425,0.57794,0.082067
0.042069,0.56359,0.075492
0.04172,0.54977,0.069751
0.041376,0.53643,0.064855
0.04104,0.52356,0.060505
0.040709,0.51111,0.056452
0.043055,0.51108,0.028845
0.045442,0.51107,0.011942
0.047874,0.51106,0.0029225
0.050348,0.51106,7.9214e-06
0.052868,0.51106,-0.0020279
0.055435,0.51105,-0.0080572
0.058045,0.51104,-0.017455
0.060702,0.51102,-0.029864
0.063404,0.51099,-0.044844
0.066148,0.51095,-0.06192
0.057463,0.51145,-0.026829
0.049506,0.51191,-0.008316
0.04224,0.51233,-0.00076779
0.035623,0.51272,0.00086336
0.029626,0.51306,0.0065782
0.024232,0.51336,0.016616
0.019414,0.51363,0.029993
0.015162,0.51385,0.046046
0.011458,0.51404,0.064329
0.0082905,0.51419,0.084709
0.0075301,0.51952,0.072905
0.0068088,0.52481,0.064002
0.0061287,0.53004,0.057204
0.0054845,0.53523,0.051756
0.004879,0.54038,0.04737
0.0043116,0.54548,0.043861
0.003781,0.55054,0.04092
0.0032869,0.55555,0.038256
0.0028294,0.56051,0.035914
0.0024071,0.56544,0.033803
0.0010707,0.53966,0.016359
0.00027873,0.51529,0.0061659
9.2627e-07,0.49221,0.0011655
-0.00021063,0.4703,-3.5996e-05
-0.00088419,0.44946,-0.0018577
-0.0020005,0.4296,-0.0060145
-0.003542,0.41067,-0.012062
-0.0054899,0.39257,-0.019625
-0.007831,0.37526,-0.028484
-0.010551,0.35868,-0.038546
-0.0086491,0.32632,-0.031925
-0.0069978,0.29659,-0.027067
-0.0055755,0.26929,-0.023513
-0.0043599,0.24421,-0.020917
-0.0033294,0.22116,-0.018983
-0.0024666,0.19997,-0.017563
-0.0017595,0.18053,-0.016396
-0.0011896,0.16267,-0.015462
-0.00074609,0.14629,-0.014691
-0.00041656,0.13129,-0.014029
-6.7734e-05,0.12143,-0.012339
1.3391e-05,0.11219,-0.010886
0.00023357,0.10352,-0.0095779
0.00071044,0.095379,-0.0083525
0.0014286,0.087738,-0.0071843
0.0023715,0.08058,-0.0061498
0.003526,0.073868,-0.0052231
0.0048816,0.067569,-0.0043655
0.0064277,0.06166,-0.0035903
0.0081526,0.056127,-0.0029383
0.0079956,0.059836,-0.0023777
0.0078362,0.063709,-0.0019085
0.0076797,0.067729,-0.0014952
0.0075218,0.071917,-0.0011648
0.0073646,0.076267,-0.00088194
0.0072066,0.080787,-0.00063167
0.0070465,0.085488,-0.00042739
0.0068868,0.09036,-0.00026611
0.0067367,0.095357,-0.00013115
0.0065811,0.10056,-5.1347e-05
0.007222,0.092563,-0.00036047
0.0078826,0.085051,-0.00088964
0.0085556,0.078025,-0.0016104
0.0092452,0.071432,-0.0025028
0.0099458,0.065268,-0.003539
0.01066,0.059495,-0.0047405
0.011387,0.054093,-0.0060708
0.012125,0.049047,-0.0074615
0.012875,0.044328,-0.008946
0.013632,0.039937,-0.010523
0.014739,0.041098,-0.011709
0.015898,0.042291,-0.012937
0.017113,0.043509,-0.014172
0.018382,0.044753,-0.015362
0.019708,0.046024,-0.016541
0.021095,0.047313,-0.017741
0.022542,0.048625,-0.018935
0.024045,0.049967,-0.020043
0.025609,0.051333,-0.021125
0.027232,0.052727,-0.022107
0.028576,0.052617,-0.023893
0.029956,0.052501,-0.025778
0.03137,0.052386,-0.027732
0.032818,0.05227,-0.029652
0.034297,0.052159,-0.031663
0.035819,0.052034,-0.033787
0.037373,0.051913,-0.036006
0.038962,0.05179,-0.038347
0.040583,0.051671,-0.040735
0.042248,0.051539,-0.043109
0.04365,0.043141,-0.043361
0.045044,0.035652,-0.04379
0.046423,0.029017,-0.044289
0.047788,0.023178,-0.044719
0.049142,0.018084,-0.045195
0.050491,0.013688,-0.045857
0.05183,0.0099552,-0.046519
0.053178,0.0068474,-0.047213
0.054524,0.0043432,-0.047901
0.055868,0.0024215,-0.0486
0.056,0.0011924,-0.054049
0.056119,0.00039648,-0.059471
0.056243,2.8097e-05,-0.065008
0.056361,-8.6541e-05,-0.070747
0.056477,-0.00057229,-0.076591
0.056595,-0.0014888,-0.082421
0.056701,-0.0028385,-0.088307
0.0568,-0.0046269,-0.09437
0.056895,-0.0068614,-0.10056
0.05699,-0.0095503,-0.10663
0.057738,-0.011075,-0.078708
0.058465,-0.012694,-0.056517
0.05917,-0.014405,-0.0389
0.059866,-0.016212,-0.02511
0.060551,-0.018114,-0.014717
0.061239,-0.020116,-0.0073362
0.061932,-0.022221,-0.0026354
0.062623,-0.024427,-0.00031267
0.063323,-0.02674,0.00022791
0.064029,-0.029161,0.0022045
0.059284,-0.028708,0.0071157
0.054785,-0.028272,0.014524
0.050511,-0.02785,0.024151
0.046448,-0.027441,0.035707
0.042577,-0.027042,0.049107
0.038894,-0.026651,0.064328
0.035382,-0.026266,0.081222
0.03203,-0.025885,0.099496
0.028838,-0.025507,0.11921
0.025815,-0.025131,0.14064
0.026625,-0.026599,0.15331
0.027462,-0.028118,0.16625
0.028329,-0.029688,0.17962
0.029223,-0.031309,0.19366
0.030144,-0.032983,0.2081
0.031094,-0.034708,0.22296
0.032081,-0.036477,0.2378
0.033091,-0.038301,0.25302
0.03413,-0.040176,0.2686
0.035196,-0.042102,0.28477
0.040208,-0.03776,0.25462
0.045475,-0.033772,0.22907
0.050995,-0.030099,0.20701
0.056773,-0.026709,0.18792
0.06281,-0.023579,0.17108
0.069115,-0.020682,0.15614
0.075685,-0.018011,0.14259
0.082529,-0.015547,0.13021
0.089656,-0.013278,0.11882
0.097065,-0.011203,0.10849
0.095649,-0.0094852,0.12054
0.094246,-0.0079215,0.13277
0.092857,-0.0065081,0.14493
0.091481,-0.0052412,0.15684
0.090118,-0.0041179,0.16879
0.08877,-0.0031341,0.18073
0.087432,-0.0022897,0.19254
0.086105,-0.001581,0.204
0.084789,-0.0010064,0.21539
0.083485,-0.00056265,0.22686
0.081901,-0.00029696,0.18878
0.080342,-0.00012087,0.15666
0.078809,-2.4723e-05,0.12957
0.0773,7.5127e-07,0.10673
0.075814,4.2641e-05,0.087284
0.074349,0.00014473,0.070544
0.072905,0.00030233,0.056274
0.07148,0.00051133,0.044264
0.070073,0.00076882,0.034133
0.068683,0.0010718,0.025553
0.077256,0.0027952,0.02806
0.086577,0.0054174,0.030494
0.096695,0.0090116,0.032924
0.10765,0.013656,0.035376
0.1195,0.019431,0.037769
0.13228,0.026414,0.040012
0.14604,0.034682,0.042122
0.16081,0.044307,0.044045
0.17664,0.055361,0.04581
0.19355,0.067914,0.047435
0.19133,0.056395,0.039457
0.1892,0.046202,0.032849
0.18716,0.037236,0.027282
0.18521,0.02941,0.022529
0.18333,0.022647,0.018485
0.18151,0.016878,0.015088
0.17977,0.01204,0.012189
0.17807,0.0080827,0.0097532
0.17644,0.004954,0.0076697
0.17485,0.0026173,0.0059081
0.1737,0.0020562,0.010965
0.17258,0.0015622,0.016969
0.17146,0.001139,0.023698
0.17034,0.00078417,0.030864
0.16923,0.00049666,0.038383
0.16812,0.00027524,0.046185
0.16701,0.00011971,0.054234
0.16589,2.8367e-05,0.062298
0.16479,-7.4956e-08,0.070404
0.16369,-3.4243e-05,0.078629
0.16869,-0.00024693,0.09014
0.17379,-0.00065585,0.10207
0.179,-0.0012623,0.11432
0.18429,-0.0020669,0.12673
0.1897,-0.0030725,0.13928
0.19519,-0.0042762,0.15186
0.20079,-0.005682,0.16453
0.2065,-0.0072902,0.17761
0.21228,-0.0090976,0.19088
0.21818,-0.011108,0.20385
0.20786,-0.0084671,0.23561
0.19787,-0.0062166,0.26795
0.18819,-0.0043364,0.30076
0.17885,-0.0028148,0.33403
0.16978,-0.0016323,0.36774
0.16101,-0.00077863,0.40169
0.15251,-0.00024157,0.43585
0.14429,-1.101e-05,0.46994
0.13632,7.7483e-05,0.50424
0.12859,0.00043369,0.53823
0.13026,0.00065375,0.40437
0.13191,0.00090735,0.30349
0.13354,0.0011909,0.22571
0.13517,0.0015037,0.16485
0.13678,0.0018434,0.1173
0.13838,0.0022105,0.080432
0.13997,0.0026055,0.052126
0.14157,0.0030239,0.030878
0.14316,0.0034709,0.01576
0.14475,0.0039449,0.0060456
0.15201,0.0038388,0.003858
0.15949,0.0037358,0.0021549
0.16719,0.0036328,0.00093109
0.17509,0.0035358,0.00020362
0.18326,0.0034321,-5.0852e-06
0.19163,0.003334,-0.00036421
0.20022,0.0032403,-0.0013099
0.20908,0.0031425,-0.0027994
0.21815,0.0030497,-0.0048468
0.22746,0.0029576,-0.007419
0.2322,0.0035394,-0.0049076
0.23697,0.0041734,-0.0031576
0.24179,0.0048548,-0.0019555
0.24666,0.0055837,-0.0011733
0.25158,0.0063582,-0.00065765
0.25652,0.0071822,-0.00033937
0.26153,0.0080483,-0.00014799
0.26656,0.0089632,-4.3882e-05
0.27164,0.0099202,-3.247e-06
0.27676,0.010921,7.119e-06
0.27477,0.0092278,-5.3767e-05
0.27278,0.007702,-0.00025854
0.27082,0.0063309,-0.00057998
0.26888,0.0051077,-0.0010013
0.26695,0.0040324,-0.0014892
0.26501,0.0030975,-0.0020548
0.26311,0.0022923,-0.0026644
0.2612,0.0016186,-0.0032819
0.25931,0.0010678,-0.0039153
0.25743,0.00063513,-0.004598
0.24043,0.00070923,-0.0077126
0.22442,0.0007821,-0.011269
0.20932,0.00085537,-0.015228
0.19508,0.00092776,-0.019517
0.18161,0.0010042,-0.024038
0.16887,0.0010858,-0.028798
0.15688,0.0011642,-0.033815
0.14558,0.0012405,-0.038994
0.1349,0.0013208,-0.0443
0.12485,0.0013985,-0.049859
0.11722,0.0014995,-0.041635
0.11001,0.0015979,-0.034798
0.10311,0.001706,-0.029095
0.096619,0.0018061,-0.024362
0.090445,0.0019093,-0.020364
0.08459,0.0020127,-0.017029
0.079037,0.0021169,-0.014208
0.07379,0.0022164,-0.011749
0.068797,0.0023221,-0.0096344
0.064075,0.0024256,-0.0078926
0.057119,0.0017101,-0.013336
0.050723,0.0011353,-0.019738
0.044865,0.00068422,-0.02689
0.039472,0.00035455,-0.034716
0.034512,0.00013619,-0.043111
0.029967,2.1032e-05,-0.051871
0.025795,-5.6817e-06,-0.061058
0.021975,-8.6001e-05,-0.070483
0.018492,-0.00026061,-0.080303
0.01531,-0.00052374,-0.090549
0.013958,-0.00028987,-0.076038
0.012717,-0.00013173,-0.063874
0.011585,-3.93e-05,-0.053488
0.010541,-1.6655e-06,-0.04455
0.0095875,1.1488e-05,-0.036885
0.0087099,6.1594e-05,-0.030414
0.0079164,0.00014339,-0.024855
0.007176,0.00025579,-0.02007
0.0065047,0.00038939,-0.015979
0.0058929,0.00054011,-0.012476
0.0059354,0.00056784,-0.017038
0.005993,0.00059191,-0.022482
0.0060605,0.00061482,-0.028784
0.0061385,0.00063649,-0.035921
0.0062261,0.00065741,-0.043939
0.0063215,0.00067871,-0.052934
0.006431,0.00069742,-0.062887
0.0065601,0.00071087,-0.073877
0.0066928,0.00072716,-0.085875
0.0068374,0.00074224,-0.098678
0.0069022,0.0015069,-0.12854
0.0069716,0.0026074,-0.16339
0.0070419,0.0040962,-0.20312
0.0071128,0.0060244,-0.24753
0.0071876,0.0084366,-0.29635
0.0072632,0.011384,-0.34907
0.0073373,0.014917,-0.4052
0.0074149,0.019065,-0.46435
0.0074976,0.023861,-0.52626
0.007585,0.029337,-0.59084
0.0062302,0.02874,-0.4874
0.0050658,0.02819,-0.40706
0.0040624,0.027693,-0.34276
0.0032028,0.027242,-0.29004
0.0024722,0.026829,-0.24651
0.0018543,0.026463,-0.2101
0.0013381,0.026145,-0.1793
0.00091984,0.025847,-0.15274
0.00058917,0.025574,-0.12989
0.00033956,0.025312,-0.11011
0.0012372,0.02435,-0.10914
0.0026942,0.023391,-0.1083
0.0046999,0.022473,-0.10733
0.0072651,0.021569,-0.10649
0.010404,0.020672,-0.10552
0.014124,0.019794,-0.10456
0.018445,0.018932,-0.10354
0.023388,0.018085,-0.10235
0.028971,0.017257,-0.10108
0.035244,0.016431,-0.099483
0.033165,0.016865,-0.070508
0.031211,0.017273,-0.048158
0.029366,0.01766,-0.031088
0.027603,0.018041,-0.018341
0.025943,0.018396,-0.0093353
0.024345,0.018751,-0.003578
0.022828,0.01909,-0.00059683
0.021378,0.019418,0.00010019
0.019981,0.019746,0.0018904
0.018633,0.020075,0.0058331
0.018757,0.020838,0.0098408
0.018883,0.021618,0.014793
0.019015,0.022413,0.020712
0.019148,0.023227,0.027501
0.019284,0.024059,0.035197
0.019421,0.024911,0.043691
0.019574,0.025771,0.053133
0.019708,0.026669,0.063339
0.019858,0.027574,0.074472
0.020016,0.028495,0.086374
0.020255,0.02805,0.084101
0.020507,0.027601,0.082402
0.020743,0.027169,0.080923
0.020993,0.026733,0.07999
0.021235,0.026306,0.079332
0.021483,0.025882,0.079016
0.021738,0.025457,0.078845
0.02199,0.025039,0.078787
0.022241,0.024626,0.078881
0.022496,0.024215,0.079184
0.02293,0.021266,0.064207
0.023359,0.01859,0.051709
0.023786,0.016164,0.041322
0.024199,0.01397,0.032725
0.024597,0.011988,0.025609
0.025002,0.010198,0.019572
0.025403,0.0085882,0.014595
0.025801,0.0071453,0.010513
0.026179,0.0058598,0.0071754
0.026568,0.0047191,0.0046252
0.028093,0.0052438,0.0098596
0.029691,0.0058114,0.017121
0.031398,0.0064243,0.026344
0.033203,0.007087,0.037505
0.035115,0.0078027,0.050577
0.037143,0.0085743,0.065596
0.039297,0.009405,0.082416
0.041572,0.010297,0.10084
0.043983,0.011254,0.12084
0.046526,0.012277,0.14249
0.039086,0.011929,0.16193
0.032343,0.011589,0.18156
0.026285,0.011258,0.20174
0.020867,0.010932,0.22207
0.01609,0.010613,0.24289
0.011933,0.0103,0.26418
0.008392,0.0099908,0.28585
0.0054644,0.0096857,0.30817
0.0031543,0.0093856,0.33086
0.0014662,0.0090876,0.35361
0.00071678,0.010215,0.34562
0.00023546,0.01139,0.33929
1.5937e-05,0.012615,0.33406
-5.3316e-05,0.013891,0.32933
-0.00034439,0.015216,0.32532
-0.0008867,0.016593,0.32178
-0.0016794,0.018021,0.31875
-0.0027218,0.019503,0.31646
-0.0040156,0.021038,0.31455
-0.0055627,0.022624,0.31332
-0.0077763,0.025541,0.28236
-0.010333,0.028581,0.25477
-0.013222,0.031767,0.2301
-0.016449,0.035089,0.20808
-0.020016,0.038554,0.18818
-0.023927,0.042171,0.16981
-0.028186,0.045954,0.15302
-0.032811,0.049877,0.13734
-0.0378,0.053984,0.123
-0.043171,0.058256,0.10979
-0.041682,0.061907,0.11061
-0.040218,0.065659,0.11124
-0.038778,0.069518,0.11167
-0.037364,0.073472,0.11214
-0.035973,0.07754,0.11242
-0.034607,0.081698,0.11267
-0.033265,0.085973,0.1127
-0.031948,0.09034,0.11253
-0.030657,0.094796,0.1122
-0.029389,0.099368,0.11157
-0.028272,0.090458,0.11116
-0.027193,0.082153,0.11105
-0.02615,0.074425,0.11101
-0.025141,0.067243,0.1109
-0.024164,0.060575,0.11086
-0.02322,0.054381,0.11112
-0.022304,0.048647,0.1114
-0.021418,0.043335,0.11166
-0.02056,0.03843,0.11196
-0.019728,0.033903,0.1124
-0.019771,0.029339,0.10123
-0.019826,0.025217,0.091057
-0.019893,0.02151,0.081846
-0.01997,0.018192,0.073436
-0.020057,0.015229,0.065775
-0.020152,0.012591,0.058821
-0.020257,0.010259,0.052477
-0.020369,0.0082189,0.046652
-0.020488,0.0064396,0.041271
-0.020615,0.0049136,0.036452
-0.020618,0.0063169,0.041001
-0.020613,0.0079223,0.045878
-0.020601,0.0097368,0.050935
-0.020581,0.01177,0.056081
-0.020552,0.014026,0.061386
-0.020516,0.01652,0.06688
-0.02047,0.019251,0.072524
-0.020417,0.022238,0.078122
-0.020354,0.025473,0.08376
-0.020285,0.028983,0.089298
-0.017391,0.0281,0.1002
-0.01473,0.027228,0.1113
-0.012297,0.026377,0.12259
-0.010089,0.025541,0.1343
-0.0081024,0.024727,0.1461
-0.0063334,0.023923,0.1578
-0.0047815,0.023131,0.16955
-0.0034475,0.022362,0.18154
-0.0023292,0.021603,0.19363
-0.0014275,0.020853,0.2055
-0.0016525,0.017786,0.19202
-0.0018906,0.015039,0.18034
-0.0021401,0.012577,0.16994
-0.0024008,0.010384,0.16036
-0.0026733,0.0084476,0.15171
-0.0029563,0.0067458,0.14414
-0.00325,0.0052649,0.1372
-0.0035536,0.00399,0.13095
-0.0038673,0.0029098,0.12519
-0.0041903,0.0020129,0.11977
-0.0055827,0.0021663,0.13366
-0.0072235,0.0023344,0.14797
-0.0091264,0.0025159,0.16282
-0.011306,0.0027115,0.17845
-0.013781,0.0029239,0.19456
-0.016563,0.0031529,0.21089
-0.019669,0.0033995,0.2275
-0.023109,0.0036637,0.24412
-0.026891,0.0039429,0.26067
-0.031036,0.0042428,0.27761
-0.034074,0.0049364,0.25243
-0.037227,0.0056725,0.23037
-0.040491,0.0064481,0.21039
-0.04387,0.0072642,0.1923
-0.047371,0.008123,0.17597
-0.050991,0.0090224,0.16139
-0.054737,0.0099653,0.14802
-0.058607,0.010949,0.13557
-0.062609,0.011978,0.1241
-0.06674,0.013049,0.11368
-0.070762,0.015973,0.096685
-0.0749,0.019182,0.081511
-0.079167,0.022688,0.068094
-0.083566,0.026494,0.05642
-0.088107,0.03061,0.046128
-0.092795,0.035041,0.037051
-0.097635,0.039796,0.029152
-0.10264,0.044887,0.022273
-0.1078,0.050318,0.016396
-0.11314,0.056097,0.011475
-0.11943,0.054528,0.003679
-0.12588,0.052991,0.00025462
-0.13252,0.051485,-0.000728
-0.13933,0.050001,-0.0047011
-0.14635,0.048539,-0.011849
-0.15357,0.047095,-0.021826
-0.161,0.045668,-0.034448
-0.16864,0.044257,-0.049687
-0.17651,0.042861,-0.067266
-0.18461,0.041481,-0.086852
-0.18148,0.043443,-0.072031
-0.17842,0.045424,-0.060391
-0.17544,0.047425,-0.051088
-0.17252,0.049447,-0.043454
-0.16967,0.051486,-0.037219
-0.16688,0.053549,-0.032017
-0.16414,0.05563,-0.027819
-0.16145,0.057731,-0.024241
-0.15881,0.059855,-0.021202
-0.15622,0.061998,-0.018581
-0.1675,0.066109,-0.019968
-0.17927,0.070383,-0.021185
-0.19154,0.07482,-0.022335
-0.20431,0.079419,-0.023381
-0.21758,0.084182,-0.024336
-0.23136,0.089108,-0.025242
-0.24565,0.094195,-0.026085
-0.26045,0.099436,-0.02691
-0.27576,0.10483,-0.027679
-0.29157,0.11039,-0.02841
-0.29102,0.10453,-0.025219
-0.29053,0.098939,-0.022636
-0.29008,0.093594,-0.020455
-0.28968,0.088497,-0.018652
-0.28931,0.083618,-0.017058
-0.28899,0.078955,-0.01561
-0.28871,0.07449,-0.014298
-0.28846,0.070232,-0.013119
-0.28825,0.066159,-0.012065
-0.28808,0.062264,-0.011105
-0.26827,0.056513,-0.0045872
-0.24972,0.051219,-0.0011558
-0.23233,0.046343,-1.1594e-05
-0.21602,0.041837,0.0006005
-0.20072,0.03769,0.0025194
-0.18635,0.033867,0.0055326
-0.17287,0.030341,0.0094189
-0.16021,0.027096,0.013973
-0.14832,0.024113,0.019099
-0.13715,0.021376,0.024791
-0.14449,0.023644,0.013385
-0.15205,0.026037,0.005815
-0.15984,0.028545,0.0015335
-0.16787,0.031197,1.7789e-05
-0.17615,0.033973,-0.00083079
-0.18469,0.036875,-0.0036165
-0.19349,0.039937,-0.0080397
-0.20256,0.043125,-0.013962
-0.2119,0.046456,-0.021141
-0.22151,0.04993,-0.029352
-0.2229,0.050316,-0.031474
-0.2243,0.0507,-0.033821
-0.22569,0.051075,-0.036301
-0.2271,0.051471,-0.038799
-0.2285,0.051853,-0.041413
-0.22991,0.052242,-0.044184
-0.23132,0.05263,-0.047046
-0.23273,0.053017,-0.049879
-0.23415,0.053411,-0.052719
-0.23557,0.053804,-0.055753
-0.24139,0.051319,-0.055589
-0.24726,0.048918,-0.055449
-0.25317,0.046597,-0.05544
-0.25913,0.04435,-0.055658
-0.26514,0.042182,-0.055956
-0.27119,0.040086,-0.056438
-0.27729,0.038062,-0.056966
-0.28343,0.036105,-0.057422
-0.28962,0.034209,-0.05786
-0.29586,0.032379,-0.058302
-0.30734,0.032287,-0.089437
-0.3191,0.032177,-0.12458
-0.33111,0.032067,-0.16277
-0.34339,0.031964,-0.20312
-0.35593,0.031852,-0.2454
-0.36873,0.031755,-0.28919
-0.38178,0.031654,-0.33422
-0.39507,0.031545,-0.38
-0.4086,0.031441,-0.42643
-0.42238,0.031334,-0.47388
-0.39544,0.041533,-0.38364
-0.37025,0.052765,-0.31528
-0.34658,0.064954,-0.26185
-0.32428,0.078038,-0.21916
-0.30319,0.091979,-0.1841
-0.28322,0.10674,-0.15459
-0.26427,0.12229,-0.12959
-0.24625,0.13859,-0.10843
-0.22911,0.15564,-0.090211
-0.21277,0.17343,-0.074592
-0.21664,0.15014,-0.12739
-0.2205,0.12884,-0.18658
-0.22438,0.10939,-0.25026
-0.22827,0.091697,-0.31663
-0.23218,0.075686,-0.38522
-0.23611,0.061307,-0.45572
-0.24005,0.048507,-0.52752
-0.24402,0.037255,-0.59975
-0.24801,0.027522,-0.67286
-0.25203,0.019287,-0.74689
-0.26419,0.021427,-0.59257
-0.27642,0.023609,-0.47442
-0.28874,0.025839,-0.3814
-0.30118,0.028122,-0.30696
-0.31376,0.03046,-0.24619
-0.32652,0.032858,-0.1963
-0.33946,0.035316,-0.15469
-0.35258,0.037836,-0.12009
-0.36589,0.040421,-0.091362
-0.37941,0.043069,-0.067626
-0.39262,0.043493,-0.06619
-0.40603,0.043916,-0.063588
-0.41965,0.044337,-0.060176
-0.43348,0.044757,-0.056283
-0.44751,0.045176,-0.051982
-0.46172,0.045591,-0.047491
-0.47613,0.046007,-0.042947
-0.49073,0.04642,-0.038401
-0.50549,0.046827,-0.033907
-0.52046,0.047235,-0.029745
-0.52488,0.044153,-0.047793
-0.52929,0.041211,-0.067363
-0.5337,0.038409,-0.08766
-0.53809,0.035735,-0.10829
-0.54247,0.033188,-0.12905
-0.54683,0.030765,-0.15012
-0.55118,0.02846,-0.17132
-0.55552,0.026271,-0.1923
-0.55984,0.024193,-0.2134
-0.56417,0.02223,-0.23464
-0.5533,0.015076,-0.29234
-0.54267,0.0093758,-0.35046
-0.53226,0.0050685,-0.4088
-0.52206,0.0021025,-0.46758
-0.51203,0.00043197,-0.52667
-0.50218,-1.6199e-05,-0.58614
-0.4925,-0.00081699,-0.64554
-0.48298,-0.0027996,-0.70471
-0.47359,-0.0059328,-0.7633
-0.46434,-0.010188,-0.82154
-0.47517,-0.0079088,-0.74345
-0.48603,-0.0059667,-0.68258
-0.49696,-0.0043318,-0.63369
-0.50794,-0.0029842,-0.59345
-0.51896,-0.001908,-0.55932
-0.53005,-0.0010835,-0.52918
-0.54121,-0.00049838,-0.50249
-0.55241,-0.00014219,-0.47875
-0.56368,-2.8005e-06,-0.45705
-0.57501,7.0876e-05,-0.43729
-0.54454,0.00045588,-0.40471
-0.51566,0.001146,-0.37651
-0.48827,0.0021128,-0.35185
-0.46225,0.0033283,-0.33026
-0.43753,0.0047718,-0.31093
-0.41401,0.0064204,-0.29321
-0.39164,0.0082564,-0.27705
-0.37035,0.010267,-0.26212
-0.35009,0.012438,-0.24849
-0.33077,0.01475,-0.23572
-0.33262,0.018467,-0.20616
-0.33447,0.022542,-0.18025
-0.33632,0.026968,-0.15739
-0.33818,0.031738,-0.1372
-0.34006,0.036852,-0.11921
-0.34193,0.042289,-0.10303
-0.3438,0.048042,-0.088493
-0.34569,0.054124,-0.075686
-0.34755,0.060501,-0.06434
-0.34943,0.067195,-0.054156
-0.34028,0.052653,-0.06671
-0.33139,0.04016,-0.078589
-0.32279,0.02961,-0.089719
-0.31441,0.020837,-0.10042
-0.30628,0.013746,-0.11059
-0.29836,0.0082188,-0.12015
-0.29064,0.0041702,-0.12935
-0.2831,0.0015159,-0.13812
-0.27574,0.000188,-0.14665
-0.26855,-0.00012401,-0.15515
-0.28246,-3.9176e-05,-0.18369
-0.29682,-1.7457e-06,-0.21284
-0.31164,1.3592e-05,-0.24212
-0.32691,7.6345e-05,-0.2716
-0.34261,0.00019103,-0.30099
-0.35875,0.00035902,-0.32994
-0.37532,0.00058062,-0.35863
-0.39231,0.00085532,-0.38721
-0.40971,0.0011844,-0.41543
-0.42752,0.0015658,-0.44314
-0.43015,0.0039782,-0.40847
-0.43276,0.0074302,-0.37996
-0.43537,0.011879,-0.35622
-0.43794,0.017278,-0.3362
-0.44051,0.023607,-0.31883
-0.44307,0.030832,-0.30313
-0.44561,0.038928,-0.28897
-0.44814,0.047873,-0.27631
-0.45065,0.057639,-0.26461
-0.45315,0.068212,-0.2533
-0.44356,0.063912,-0.20217
-0.43433,0.059859,-0.16177
-0.42543,0.056046,-0.12933
-0.41684,0.052451,-0.10281
-0.40854,0.049061,-0.081037
-0.40051,0.045856,-0.063176
-0.39273,0.042832,-0.048432
-0.38518,0.03997,-0.036219
-0.37784,0.037257,-0.026237
-0.37071,0.034688,-0.018256
-0.37903,0.032261,-0.022723
-0.3874,0.029945,-0.026718
-0.39584,0.027744,-0.030286
-0.40433,0.025645,-0.033541
-0.41288,0.023652,-0.036423
-0.42149,0.021759,-0.038837
-0.43015,0.019972,-0.040991
-0.43886,0.018278,-0.042905
-0.44761,0.016671,-0.044614
-0.45641,0.015156,-0.046098
-0.46627,0.010152,-0.035954
-0.47618,0.0061856,-0.028015
-0.48616,0.0032239,-0.021637
-0.49619,0.0012319,-0.016526
-0.50628,0.00018478,-0.012419
-0.51642,-5.9737e-05,-0.0090635
-0.52663,-0.00083541,-0.0063787
-0.5369,-0.0024904,-0.0042764
-0.54724,-0.0050074,-0.0026631
-0.55763,-0.0083736,-0.0014692
-0.55283,-0.0073559,-0.0088936
-0.54811,-0.0064256,-0.020586
-0.54347,-0.0055761,-0.035046
-0.53888,-0.0048034,-0.051278
-0.53437,-0.0041016,-0.068796
-0.5299,-0.0034696,-0.087068
-0.52549,-0.0029002,-0.10608
-0.52114,-0.0023907,-0.12586
-0.51684,-0.0019386,-0.14612
-0.51258,-0.0015413,-0.16709
-0.5105,-0.00258,-0.18826
-0.50845,-0.0038696,-0.2097
-0.50643,-0.0054019,-0.23142
-0.50442,-0.0071698,-0.25301
-0.50244,-0.0091654,-0.27476
-0.50048,-0.011382,-0.29641
-0.49855,-0.013813,-0.31811
-0.49663,-0.016452,-0.33993
-0.49473,-0.019293,-0.36171
-0.49285,-0.022329,-0.38325
-0.50935,-0.01811,-0.27198
-0.52585,-0.014434,-0.191
-0.5424,-0.011245,-0.13122
-0.55903,-0.0085031,-0.086928
-0.57578,-0.0061792,-0.054322
-0.59265,-0.0042503,-0.030965
-0.60966,-0.002698,-0.014989
-0.62683,-0.0015082,-0.0051381
-0.64415,-0.00066836,-0.00054597
-0.66162,-0.00016886,0.00050812
-0.65212,-0.00024519,1.5926e-05
-0.64286,-0.00033442,-7.911e-05
-0.63384,-0.00043546,-0.00031822
-0.62505,-0.0005484,-0.00059241
-0.61649,-0.00067209,-0.00083287
-0.60814,-0.00080638,-0.0010296
-0.59999,-0.00095149,-0.0011709
-0.59204,-0.0011052,-0.0012626
-0.5843,-0.0012674,-0.0013093
-0.57674,-0.0014393,-0.0013523
-0.54613,-0.0020291,-0.0009438
-0.51703,-0.0027029,-0.00061277
-0.48935,-0.0034547,-0.00036567
-0.46301,-0.0042792,-0.00019789
-0.43794,-0.005172,-8.5393e-05
-0.41407,-0.0061275,-1.9098e-05
-0.39135,-0.0071434,1.0268e-07
-0.36973,-0.0082105,2.1015e-05
-0.34912,-0.0093353,7.6071e-05
-0.3295,-0.010502,0.00016778
-0.30739,-0.011931,0.00056134
-0.28651,-0.01341,0.0011116
-0.26681,-0.01493,0.0017978
-0.24824,-0.016473,0.0026068
-0.2307,-0.018055,0.0034965
-0.21415,-0.01967,0.0044266
-0.19855,-0.021299,0.0053982
-0.18384,-0.02295,0.0064589
-0.16997,-0.02462,0.0075702
-0.1569,-0.026302,0.0086754
-0.16884,-0.02729,0.010989
-0.18137,-0.028303,0.013573
-0.19451,-0.029322,0.016354
-0.20825,-0.030368,0.019203
-0.22262,-0.031422,0.022179
-0.23761,-0.032498,0.025353
-0.25324,-0.033586,0.028646
-0.2695,-0.034694,0.031922
-0.28639,-0.035815,0.035272
-0.30394,-0.036944,0.038785
-0.28496,-0.046197,0.043263
-0.26684,-0.056309,0.047621
-0.24952,-0.067272,0.051922
-0.23295,-0.079049,0.056343
-0.2171,-0.091625,0.060783
-0.20191,-0.10501,0.065217
-0.18737,-0.11917,0.069612
-0.17348,-0.13404,0.07394
-0.16015,-0.14971,0.07823
-0.1474,-0.16611,0.082669
-0.13348,-0.17056,0.069875
-0.12044,-0.17504,0.059433
-0.10824,-0.17955,0.050807
-0.096849,-0.18405,0.043453
-0.086221,-0.18859,0.037226
-0.076321,-0.19316,0.031888
-0.067118,-0.19777,0.027313
-0.058597,-0.20238,0.023339
-0.05074,-0.20696,0.019873
-0.043496,-0.21161,0.016835
-0.041962,-0.21959,0.016841
-0.040451,-0.2277,0.0168
-0.038963,-0.23595,0.016674
-0.037496,-0.24433,0.016449
-0.036057,-0.25282,0.016204
-0.034652,-0.26139,0.015954
-0.033267,-0.2701,0.015656
-0.031909,-0.27891,0.015369
-0.030576,-0.28784,0.015056
-0.029264,-0.29691,0.014668
-0.0332,-0.27424,0.0042755
-0.037285,-0.25315,0.00021474
-0.04153,-0.23342,-0.0010223
-0.045914,-0.21498,-0.0056146
-0.050438,-0.19772,-0.013247
-0.055129,-0.18144,-0.023468
-0.05995,-0.16619,-0.035824
-0.06492,-0.15183,-0.049907
-0.070032,-0.13832,-0.065577
-0.075293,-0.12561,-0.0828
-0.071466,-0.12229,-0.081837
-0.067772,-0.11912,-0.081501
-0.064218,-0.11605,-0.081848
-0.060792,-0.1131,-0.082646
-0.057493,-0.11026,-0.083902
-0.054308,-0.10754,-0.085676
-0.051247,-0.1049,-0.087872
-0.048313,-0.10233,-0.090548
-0.045481,-0.099853,-0.093367
-0.042755,-0.097467,-0.096167
-0.042171,-0.089108,-0.064794
-0.041611,-0.081433,-0.041541
-0.041065,-0.074378,-0.024676
-0.040527,-0.067885,-0.012982
-0.040008,-0.061875,-0.0054023
-0.039494,-0.056321,-0.0012451
-0.038993,-0.051165,1.0192e-06
-0.0385,-0.046374,0.0012478
-0.038014,-0.041918,0.0046493
-0.037538,-0.037762,0.010013
-0.041291,-0.035099,0.009445
-0.045215,-0.032547,0.0089243
-0.049322,-0.030091,0.0084907
-0.053612,-0.027733,0.0081527
-0.05809,-0.02547,0.007878
-0.062762,-0.023297,0.0076119
-0.067625,-0.021222,0.0073877
-0.072688,-0.019237,0.0072072
-0.077975,-0.017334,0.0069607
-0.083464,-0.015527,0.0068199
-0.084555,-0.011472,0.011412
-0.085638,-0.008057,0.017027
-0.086723,-0.00526,0.023531
-0.087804,-0.0030663,0.030875
-0.08889,-0.0014642,0.038989
-0.089994,-0.00044747,0.047869
-0.091099,-1.6293e-05,0.057327
-0.092217,0.00017216,0.067196
-0.093342,0.00092011,0.077677
-0.094484,0.0022682,0.088691
-0.096602,0.0022911,0.073945
-0.098714,0.0023124,0.061684
-0.10084,0.0023336,0.051335
-0.10298,0.002354,0.042511
-0.10513,0.002374,0.034948
-0.10728,0.0023939,0.028499
-0.10946,0.0024135,0.023052
-0.11165,0.0024332,0.018301
-0.11386,0.0024527,0.014287
-0.11608,0.0024723,0.010839
-0.11218,0.0032698,0.0078915
-0.1084,0.0041663,0.0054817
-0.10473,0.0051587,0.0035993
-0.10116,0.006244,0.0021871
-0.0977,0.0074185,0.0011614
-0.094331,0.0086813,0.00048754
-0.091052,0.010031,0.00011002
-0.087862,0.011463,-8.6503e-07
-0.084755,0.012977,-0.00014456
-0.081726,0.014573,-0.00050545
-0.081474,0.014863,-0.00043515
-0.081223,0.015158,-0.00039083
-0.080973,0.015458,-0.0003546
-0.080724,0.01576,-0.00031445
-0.080476,0.01607,-0.00028452
-0.08023,0.01638,-0.00026346
-0.079983,0.016693,-0.00024989
-0.079738,0.017012,-0.00023083
-0.079493,0.017334,-0.00021383
-0.079248,0.017661,-0.00020785
-0.08265,0.017601,-0.0009302
-0.086145,0.017542,-0.0021507
-0.089734,0.017482,-0.0038218
-0.093419,0.017424,-0.0059179
-0.097203,0.017364,-0.0083985
-0.10109,0.017304,-0.011204
-0.10507,0.01724,-0.014345
-0.10916,0.017185,-0.017698
-0.11335,0.01713,-0.021311
-0.11763,0.017051,-0.025075
-0.11064,0.018131,-0.018751
-0.10398,0.019215,-0.013827
-0.097648,0.020313,-0.0099821
-0.091618,0.021426,-0.0069477
-0.085872,0.022542,-0.004607
-0.080401,0.023674,-0.0028922
-0.075184,0.024807,-0.0016307
-0.070214,0.025948,-0.00076403
-0.065481,0.027101,-0.00024399
-0.060971,0.028261,-1.9963e-05
-0.056533,0.02659,0.0052016
-0.052331,0.025018,0.021012
-0.048309,0.023499,0.046233
-0.044441,0.022038,0.080022
-0.04069,0.020597,0.122
-0.037049,0.019187,0.17145
-0.033506,0.017787,0.2283
-0.030068,0.016408,0.2917
-0.026737,0.015043,0.36157
-0.023523,0.013693,0.43776
-0.023633,0.0092887,0.36422
-0.023753,0.0058957,0.30683
-0.023877,0.0033694,0.26092
-0.024009,0.0016084,0.22315
-0.024144,0.00052051,0.19181
-0.024285,3.754e-05,0.16543
-0.024429,-0.00010136,0.14297
-0.024578,-0.00066585,0.12346
-0.024728,-0.0016975,0.10654
-0.024884,-0.0031655,0.091492
-0.023672,-0.0047388,0.094806
-0.02249,-0.0066255,0.098024
-0.021332,-0.008835,0.10114
-0.020196,-0.011377,0.10423
-0.019085,-0.014248,0.10731
-0.017996,-0.017465,0.11049
-0.016934,-0.021019,0.11358
-0.015892,-0.02494,0.11643
-0.014876,-0.029214,0.1192
-0.013883,-0.03387,0.12174
-0.013099,-0.030587,0.13224
-0.012341,-0.027495,0.1429
-0.01161,-0.02458,0.15363
-0.010903,-0.021845,0.16449
-0.010214,-0.019312,0.17555
-0.0095523,-0.01693,0.1863
-0.0089138,-0.014713,0.19705
-0.0082971,-0.012663,0.20759
-0.0077015,-0.010777,0.218
-0.0071296,-0.0090441,0.22834
-0.0072084,-0.0066004,0.2136
-0.0072891,-0.0045928,0.2007
-0.0073701,-0.0029885,0.18911
-0.0074521,-0.0017551,0.17875
-0.007536,-0.00086442,0.16935
-0.0076219,-0.00029439,0.16072
-0.0077037,-2.7308e-05,0.15269
-0.0077899,4.2891e-05,0.14539
-0.0078764,0.00032893,0.13857
-0.007963,0.00087366,0.13247
-0.0098434,0.00089616,0.15127
-0.012013,0.00091964,0.171
-0.014491,0.00094221,0.19173
-0.017295,0.00096321,0.21348
-0.020445,0.00098187,0.23613
-0.023966,0.0010019,0.25903
-0.02787,0.0010202,0.28244
-0.032182,0.0010406,0.30641
-0.03691,0.0010591,0.33065
-0.042077,0.001079,0.35469
-0.03821,0.0024718,0.33093
-0.03462,0.0043922,0.31054
-0.031266,0.0067968,0.2925
-0.028139,0.0096691,0.27677
-0.025219,0.012989,0.26272
-0.022491,0.016738,0.25037
-0.019945,0.020913,0.23916
-0.017572,0.025511,0.22866
-0.01536,0.03052,0.21894
-0.013305,0.035948,0.21009
-0.015414,0.038211,0.18161
-0.017649,0.040516,0.1564
-0.020009,0.042867,0.13418
-0.022498,0.04527,0.1147
-0.025116,0.047721,0.097442
-0.027867,0.050226,0.0819
-0.030757,0.052792,0.068156
-0.033789,0.055423,0.055976
-0.036967,0.058115,0.045249
-0.040292,0.060865,0.035945
-0.041102,0.058133,0.039526
-0.041914,0.05549,0.042977
-0.042731,0.052942,0.0462
-0.04355,0.050474,0.049285
-0.044366,0.04808,0.052282
-0.045191,0.045777,0.054929
-0.04602,0.043554,0.057374
-0.046848,0.0414,0.059653
-0.047679,0.039322,0.061726
-0.048514,0.037318,0.063462
-0.045496,0.042976,0.048574
-0.042593,0.048971,0.036159
-0.039795,0.055309,0.025939
-0.037099,0.062006,0.017764
-0.034494,0.069068,0.011308
-0.03198,0.076515,0.0063973
-0.029551,0.084363,0.002952
-0.027206,0.092626,0.00086509
-0.024943,0.10132,2.5565e-05
-0.022762,0.11046,-0.00034341
-0.02007,0.11697,-0.00053108
-0.01754,0.12366,-0.00077695
-0.01517,0.13055,-0.0010759
-0.012963,0.13764,-0.0014592
-0.010921,0.14493,-0.0019207
-0.0090431,0.15242,-0.0024943
-0.0073342,0.16011,-0.0031549
-0.0057953,0.16801,-0.0039421
-0.0044301,0.17611,-0.0048227
-0.0032414,0.18443,-0.0057769
-0.0049604,0.1786,-0.0026358
-0.0070167,0.17298,-0.0008247
-0.0094006,0.16756,-6.1531e-05
-0.012105,0.16232,0.0001388
-0.015123,0.15725,0.00091004
-0.018451,0.15233,0.0022502
-0.022085,0.14754,0.0040814
-0.026023,0.1429,0.0063563
-0.030264,0.13838,0.0090369
-0.034806,0.13397,0.012088
-0.036333,0.13531,0.0073362
-0.03789,0.13666,0.0039507
-0.039477,0.13803,0.0017152
-0.041093,0.13941,0.00044039
-0.04274,0.14079,2.7453e-06
-0.044419,0.1422,-0.00027279
-0.046127,0.1436,-0.0011392
-0.047867,0.14503,-0.0025474
-0.049637,0.14645,-0.0044127
-0.051438,0.14789,-0.0066481
-0.05711,0.1513,-0.0041788
-0.063109,0.15475,-0.0023797
-0.069442,0.15824,-0.0011634
-0.076115,0.16178,-0.00041461
-0.083134,0.16538,-5.5966e-05
-0.090498,0.16901,1.8489e-05
-0.09821,0.17267,0.00023231
-0.10628,0.17639,0.00064482
-0.11471,0.18017,0.0012087
-0.12351,0.184,0.0019317
-0.11338,0.17761,0.0019588
-0.10388,0.17155,0.0020095
-0.094971,0.16579,0.002097
-0.086624,0.1603,0.0022353
-0.07881,0.15506,0.002401
-0.071515,0.15012,0.002579
-0.064691,0.14537,0.0027704
-0.058327,0.14084,0.0030127
-0.0524,0.13651,0.0032842
-0.046886,0.13237,0.003525
-0.047377,0.12467,0.0017493
-0.047865,0.11735,0.00066643
-0.048348,0.11039,0.00011998
-0.048821,0.10374,-8.9445e-06
-0.049295,0.097439,-0.00025243
-0.049758,0.091414,-0.00081219
-0.050217,0.085675,-0.0016414
-0.050672,0.080216,-0.0027372
-0.051116,0.074991,-0.0040459
-0.051567,0.070053,-0.0055985
-0.054507,0.061182,-0.007901
-0.057499,0.053057,-0.01046
-0.060537,0.045615,-0.013276
-0.063632,0.038838,-0.01639
-0.066777,0.03267,-0.019732
-0.069984,0.0271,-0.023274
-0.073242,0.022081,-0.027005
-0.076565,0.01761,-0.030977
-0.079959,0.01367,-0.035174
-0.083414,0.010236,-0.039385
-0.093035,0.010302,-0.043878
-0.1034,0.010367,-0.048458
-0.11454,0.010427,-0.053222
-0.12648,0.010488,-0.0582
-0.13924,0.010543,-0.063338
-0.15286,0.010601,-0.068766
-0.16734,0.010653,-0.074319
-0.18273,0.010707,-0.079882
-0.19906,0.010767,-0.085517
-0.21629,0.010815,-0.091393
-0.22654,0.010987,-0.072069
-0.23701,0.011159,-0.056302
-0.24769,0.011324,-0.04328
-0.25863,0.011492,-0.032575
-0.2698,0.011661,-0.023852
-0.28122,0.011826,-0.016831
-0.29287,0.011986,-0.011257
-0.30479,0.012155,-0.006961
-0.31697,0.012327,-0.0037954
-0.32939,0.012491,-0.0016501
-0.33397,0.013222,-0.004597
-0.33857,0.013961,-0.0084833
-0.34319,0.01472,-0.013045
-0.34781,0.015482,-0.018107
-0.35247,0.016268,-0.023549
-0.35714,0.017064,-0.029164
-0.36183,0.017873,-0.034944
-0.36654,0.01869,-0.040956
-0.37126,0.019518,-0.047088
-0.376,0.020358,-0.053187
-0.3513,0.014763,-0.03067
-0.32825,0.010236,-0.016004
-0.30668,0.0066534,-0.0069202
-0.28645,0.0039197,-0.001971
-0.26747,0.001959,-8.0918e-05
-0.24963,0.00070105,0.00057385
-0.23282,8.4279e-05,0.0029755
-0.21698,-5.8631e-05,0.0069022
-0.20206,-0.00057731,0.012108
-0.18796,-0.0016017,0.018422
-0.1884,-0.0011511,0.011065
-0.18885,-0.00077862,0.0059981
-0.18931,-0.00048316,0.0027109
-0.18977,-0.00026029,0.00083854
-0.19022,-0.0001075,5.8228e-05
-0.19069,-2.1757e-05,-0.00015443
-0.19114,9.3826e-07,-0.00096801
-0.1916,4.2801e-05,-0.0023428
-0.19206,0.00014517,-0.0041852
-0.19252,0.00030692,-0.0064617
-0.19427,-1.5006e-05,-0.0064368
-0.19602,-0.00063266,-0.0063947
-0.19778,-0.0021433,-0.0063434
-0.19954,-0.0045396,-0.0063288
-0.2013,-0.0078109,-0.0063185
-0.20307,-0.011953,-0.0063547
-0.20484,-0.01697,-0.006412
-0.20661,-0.022857,-0.0064428
-0.20838,-0.029622,-0.0064923
-0.21017,-0.037255,-0.0065491
-0.20564,-0.037503,-0.0047209
-0.20119,-0.037772,-0.0033175
-0.19684,-0.038052,-0.0022456
-0.19258,-0.038347,-0.0014599
-0.18839,-0.038662,-0.0008858
-0.18428,-0.038987,-0.00047299
-0.18026,-0.039326,-0.00020265
-0.17631,-0.039677,-5.4312e-05
-0.17243,-0.040042,-8.5006e-07
-0.16862,-0.040424,2.8312e-05
-0.16883,-0.043206,0.00018797
-0.16904,-0.046075,0.00045792
-0.16924,-0.049024,0.00082962
-0.16943,-0.05206,0.0012917
-0.16963,-0.055166,0.0018184
-0.16981,-0.058359,0.0024471
-0.16999,-0.061631,0.0031504
-0.17017,-0.064977,0.0039517
-0.17035,-0.0684,0.0048381
-0.17052,-0.0719,0.005734
-0.16882,-0.0721,0.0066784
-0.16715,-0.072314,0.0077076
-0.16551,-0.072539,0.0087897
-0.16388,-0.07278,0.0098789
-0.16229,-0.073028,0.010999
-0.16071,-0.073293,0.012202
-0.15915,-0.073569,0.013451
-0.15762,-0.073854,0.014675
-0.15611,-0.074153,0.015928
-0.15462,-0.074461,0.017249
-0.14809,-0.054291,0.0081276
-0.14194,-0.037984,0.0028077
-0.13613,-0.025071,0.00037094
-0.13064,-0.015162,-0.0001338
-0.1254,-0.0079382,-0.0016158
-0.12039,-0.0031409,-0.0045313
-0.1156,-0.00056554,-0.0086754
-0.11097,6.1927e-05,-0.013807
-0.10648,0.001527,-0.019843
-0.10211,0.0049016,-0.026712
-0.1021,0.0047698,-0.037967
-0.10208,0.0046395,-0.050576
-0.10206,0.0045121,-0.064483
-0.10203,0.0043872,-0.079615
-0.102,0.0042647,-0.095829
-0.10196,0.0041446,-0.11312
-0.10192,0.0040272,-0.13133
-0.10186,0.0039108,-0.15049
-0.1018,0.0037976,-0.17046
-0.10173,0.0036856,-0.19089
-0.097445,0.0063662,-0.18048
-0.093302,0.0097217,-0.17177
-0.089285,0.01373,-0.16458
-0.085383,0.018377,-0.15852
-0.081595,0.023656,-0.15339
-0.077901,0.029555,-0.14923
-0.074308,0.036082,-0.1457
-0.070807,0.043237,-0.14257
-0.067381,0.051012,-0.13995
-0.064033,0.059417,-0.13794
-0.064953,0.064977,-0.15204
-0.065874,0.070824,-0.16628
-0.066795,0.076959,-0.18043
-0.067739,0.083414,-0.19471
-0.068673,0.090147,-0.20873
-0.069634,0.09721,-0.22266
-0.070587,0.10455,-0.23627
-0.071557,0.11221,-0.24967
-0.072525,0.12015,-0.26281
-0.073505,0.1284,-0.27557
-0.076134,0.12047,-0.32678
-0.078845,0.11286,-0.37864
-0.081592,0.10547,-0.4313
-0.084387,0.098349,-0.48435
-0.087234,0.091486,-0.53775
-0.090139,0.084896,-0.59136
-0.093095,0.078568,-0.64513
-0.096089,0.072485,-0.69928
-0.099149,0.066685,-0.75331
-0.10224,0.061125,-0.80756
-0.094253,0.06753,-0.80746
-0.086647,0.074179,-0.81059
-0.07941,0.081077,-0.81565
-0.072527,0.088215,-0.82161
-0.065992,0.095594,-0.82855
-0.059798,0.10322,-0.83663
-0.053943,0.1111,-0.84531
-0.048389,0.11917,-0.85431
-0.04317,0.1275,-0.86332
-0.038266,0.13607,-0.87212
-0.037073,0.12425,-0.79306
-0.035935,0.11337,-0.72812
-0.034868,0.1034,-0.67368
-0.033843,0.094189,-0.62779
-0.032852,0.08565,-0.58804
-0.031934,0.077827,-0.55368
-0.031027,0.070526,-0.52298
-0.030183,0.063828,-0.49576
-0.029359,0.057602,-0.47104
-0.028575,0.051858,-0.44883
-0.031156,0.049763,-0.48039
-0.033856,0.04769,-0.50978
-0.036676,0.045648,-0.53734
-0.039644,0.043689,-0.56296
-0.04274,0.04178,-0.58678
-0.045931,0.039874,-0.60944
-0.049265,0.038049,-0.63083
-0.052726,0.036277,-0.65128
-0.056281,0.034522,-0.67036
-0.059957,0.03282,-0.68821
-0.063868,0.024375,-0.67078
-0.067833,0.0173,-0.65601
-0.071853,0.011516,-0.64315
-0.075975,0.0069794,-0.63141
-0.08012,0.0035951,-0.62083
-0.084364,0.0013475,-0.61149
-0.088704,0.00018852,-0.60313
-0.093126,-8.1995e-05,-0.59504
-0.097627,-0.0010041,-0.58732
-0.10223,-0.0029317,-0.57936
-0.089785,-0.0031788,-0.56223
-0.078455,-0.0034205,-0.5473
-0.068076,-0.0036823,-0.53445
-0.058634,-0.0039501,-0.52291
-0.050061,-0.0042277,-0.51268
-0.042299,-0.0045182,-0.50384
-0.035305,-0.0048208,-0.49594
-0.029042,-0.0051332,-0.48862
-0.023486,-0.0054474,-0.48193
-0.018578,-0.0057795,-0.47633
-0.017907,-0.0046547,-0.46692
-0.017248,-0.0036696,-0.45811
-0.016611,-0.0028101,-0.4497
-0.015997,-0.0020716,-0.44146
-0.015409,-0.0014488,-0.43354
-0.014834,-0.00094351,-0.42609
-0.014271,-0.0005515,-0.41886
-0.013722,-0.00026695,-0.41147
-0.013203,-8.4289e-05,-0.40427
-0.012691,-4.6087e-06,-0.39715
-0.017479,-7.4361e-08,-0.37788
-0.023001,2.5508e-06,-0.3597
-0.029242,1.1519e-05,-0.34272
-0.036227,2.7116e-05,-0.32672
-0.043984,5.0242e-05,-0.31149
-0.052499,7.9814e-05,-0.29735
-0.061795,0.00011571,-0.28383
-0.071903,0.00015858,-0.27053
-0.082826,0.00020734,-0.25775
-0.094659,0.00026651,-0.24562
-0.096453,0.00012418,-0.24386
-0.098296,3.6706e-05,-0.24181
-0.10016,1.0147e-06,-0.23954
-0.10204,-1.5928e-05,-0.23739
-0.10391,-8.1602e-05,-0.23511
-0.1058,-0.00019617,-0.23254
-0.10772,-0.00035879,-0.22985
-0.10962,-0.00057151,-0.22737
-0.11157,-0.0008285,-0.22491
-0.11351,-0.0011345,-0.22213
-0.10746,-0.00072133,-0.21398
-0.10172,-0.00040518,-0.2066
-0.09626,-0.00018292,-0.19984
-0.091042,-5.0081e-05,-0.19365
-0.086065,-5.7153e-07,-0.18788
-0.081321,2.9675e-05,-0.18227
-0.076796,0.0001331,-0.17698
-0.07249,0.00030753,-0.17182
-0.068375,0.00054822,-0.16694
-0.064451,0.00085223,-0.16219
-0.061514,0.0011256,-0.12304
-0.058689,0.001417,-0.091817
-0.056009,0.0017292,-0.066825
-0.053423,0.0020523,-0.047114
-0.050946,0.0023888,-0.031671
-0.048605,0.0027449,-0.019777
-0.046322,0.0031045,-0.011025
-0.044112,0.0034703,-0.0050506
-0.042002,0.0038519,-0.0014768
-0.039941,0.0042366,-4.3115e-05
-0.042016,0.0063714,-4.4986e-05
-0.044175,0.0089901,-4.9979e-05
-0.046395,0.012108,-5.1327e-05
-0.048751,0.015785,-5.3701e-05
-0.051173,0.020016,-5.1419e-05
-0.053694,0.024844,-4.3231e-05
-0.056317,0.030298,-3.2986e-05
-0.059059,0.036418,-1.9285e-05
-0.061913,0.043228,-7.363e-06
-0.064859,0.050739,-1.1526e-06
-0.063611,0.051502,-0.00021981
-0.062422,0.052303,-0.00074822
-0.061214,0.053077,-0.0015243
-0.060021,0.053854,-0.0025237
-0.05886,0.054646,-0.0036931
-0.057706,0.055434,-0.0050247
-0.056568,0.056225,-0.0064739
-0.055438,0.057014,-0.0079817
-0.054329,0.057812,-0.0095639
-0.053235,0.058613,-0.011242
-0.062299,0.052733,-0.012445
-0.072117,0.047159,-0.01359
-0.082764,0.041907,-0.014723
-0.094103,0.03689,-0.015822
-0.10635,0.032198,-0.01694
-0.11945,0.027788,-0.017943
-0.13341,0.02366,-0.01891
-0.14833,0.01984,-0.019912
-0.16421,0.016324,-0.020887
-0.18106,0.013116,-0.021772
-0.17393,0.016124,-0.015992
-0.167,0.019385,-0.011456
-0.16026,0.02289,-0.0079138
-0.15378,0.026648,-0.0051809
-0.14747,0.030637,-0.0031382
-0.14134,0.034857,-0.00169
-0.13538,0.0393,-0.00072659
-0.12959,0.043967,-0.00017288
-0.12399,0.048859,6.3384e-09
-0.11849,0.053955,0.00016549
-0.1117,0.055429,7.4921e-07
-0.10514,0.056882,-0.00010247
-0.098871,0.058334,-0.00039906
-0.092885,0.059784,-0.00085091
-0.087118,0.061218,-0.0014083
-0.081599,0.062647,-0.0020135
-0.076324,0.06407,-0.002662
-0.071297,0.065487,-0.0033715
-0.066461,0.066894,-0.0041042
-0.061848,0.068294,-0.0048775
-0.064535,0.0698,-0.0097136
-0.067317,0.071323,-0.015975
-0.070183,0.072863,-0.023507
-0.073125,0.074418,-0.032218
-0.076118,0.075994,-0.041892
-0.079223,0.07758,-0.052486
-0.082415,0.079179,-0.063874
-0.085639,0.080807,-0.075824
-0.088966,0.082444,-0.088438
-0.092338,0.08411,-0.10146
-0.091203,0.087922,-0.056179
-0.090058,0.091769,-0.026508
-0.088955,0.095638,-0.008851
-0.087866,0.099553,-0.00087248
-0.086791,0.10352,0.00098723
-0.085741,0.10754,0.0080399
-0.084696,0.11162,0.021146
-0.083635,0.11578,0.039482
-0.082542,0.12005,0.062497
-0.081507,0.12434,0.089863
-0.072135,0.13179,0.053837
-0.063493,0.1393,0.029327
-0.055548,0.14685,0.013479
-0.048199,0.15452,0.0042561
-0.041424,0.16229,0.00032457
-0.035204,0.17016,-0.00069286
-0.029491,0.17819,-0.0046255
-0.02429,0.18636,-0.011523
-0.019579,0.19472,-0.020942
-0.015373,0.20322,-0.032405
-0.016599,0.21215,-0.035401
-0.017878,0.22128,-0.038538
-0.019225,0.23057,-0.041853
-0.02061,0.24013,-0.045467
-0.022057,0.24985,-0.049266
-0.023566,0.25973,-0.053305
-0.025105,0.26994,-0.05756
-0.026724,0.2802,-0.062106
-0.028385,0.29072,-0.066844
-0.030107,0.30139,-0.071803
-0.027366,0.31917,-0.081807
-0.024729,0.33753,-0.09182
-0.022202,0.35647,-0.10192
-0.019806,0.37585,-0.11195
-0.017527,0.3958,-0.12199
-0.015389,0.41611,-0.13227
-0.013362,0.4371,-0.14253
-0.011474,0.45854,-0.15272
-0.0097311,0.4803,-0.16285
-0.0081259,0.5025,-0.17264
-0.0079649,0.47249,-0.19741
-0.0077997,0.44434,-0.22215
-0.0076397,0.41776,-0.24664
-0.0074784,0.39273,-0.27123
-0.0073122,0.36922,-0.29567
-0.0071545,0.34688,-0.31985
-0.0070026,0.32567,-0.34384
-0.0068466,0.30569,-0.36815
-0.0066919,0.28678,-0.39242
-0.0065344,0.26893,-0.41627
-0.0064432,0.21867,-0.3296
-0.0063658,0.17631,-0.26514
-0.0063043,0.14066,-0.2155
-0.0062567,0.11081,-0.17609
-0.0062194,0.086029,-0.14451
-0.0061935,0.065603,-0.11906
-0.0061841,0.048886,-0.098214
-0.0061896,0.035393,-0.080846
-0.0062036,0.024737,-0.066441
-0.0062283,0.016485,-0.054368
-0.0038057,0.014688,-0.045126
-0.0020494,0.013073,-0.037366
-0.00087775,0.011605,-0.030865
-0.00021717,0.010239,-0.025431
-1.9404e-07,0.0090499,-0.0208
0.00017733,0.0079938,-0.01679
0.00070565,0.0070032,-0.013428
0.0015583,0.0061249,-0.01057
0.0027175,0.0053086,-0.0081335
0.004184,0.0045678,-0.0060145
0.0050351,0.0053752,-0.0054691
0.0059945,0.006272,-0.004911
0.0070732,0.0072816,-0.0043819
0.0082793,0.0084064,-0.0038976
0.0096223,0.0096552,-0.0034375
0.011112,0.011038,-0.0030301
0.012761,0.012588,-0.0026437
0.01457,0.01424,-0.0022543
0.016558,0.016076,-0.0018904
0.018731,0.018072,-0.001553
0.017026,0.019106,-0.00021437
0.015415,0.020138,8.8779e-05
0.013893,0.021183,0.0010821
0.012458,0.022271,0.0031224
0.011097,0.023317,0.0061486
0.0098163,0.024454,0.010097
0.0086074,0.025582,0.014935
0.0074716,0.026755,0.020757
0.0064082,0.027982,0.027459
0.005416,0.029218,0.03512
0.0045182,0.026787,0.037176
0.0037192,0.024566,0.039333
0.0030102,0.022421,0.041697
0.0023879,0.020439,0.044074
0.0018468,0.018583,0.046592
0.0013824,0.016843,0.049365
0.00099066,0.015225,0.052263
0.00066777,0.013684,0.055406
0.00041108,0.012265,0.05865
0.00021791,0.010914,0.061966
3.9435e-05,0.0094665,0.052814
-3.4441e-06,0.0081548,0.045037
-9.3438e-05,0.0069795,0.038342
-0.00029487,0.0059143,0.032534
-0.00059487,0.0049502,0.027514
-0.00098251,0.004105,0.02318
-0.0014484,0.003336,0.019428
-0.0019861,0.0026849,0.016065
-0.002589,0.0020924,0.013137
-0.0032544,0.0015871,0.010669
-0.0029758,0.0018981,0.005884
-0.0027185,0.0022081,0.0026911
-0.0024788,0.002516,0.00080003
-0.0022545,0.0028505,2.6731e-05
-0.002041,0.0031861,-0.00030634
-0.0018363,0.0035414,-0.0016354
-0.0016407,0.0039702,-0.0040643
-0.0014481,0.0043714,-0.0077265
-0.0012638,0.0048784,-0.012707
-0.0010855,0.0054428,-0.019096
-0.00068147,0.0042527,-0.012862
-0.00039466,0.0032802,-0.0082827
-0.00020217,0.002496,-0.0050323
-8.3753e-05,0.0018759,-0.0028348
-2.1396e-05,0.0013772,-0.0014113
-4.1514e-07,0.00099976,-0.00057724
8.1728e-06,0.00070585,-0.00014851
3.5149e-05,0.00048451,-2.2714e-06
7.5135e-05,0.00031536,6.5828e-05
0.00012541,0.00019185,0.00028138
0.00010429,9.6899e-05,0.00017428
8.7624e-05,3.9433e-05,0.00011174
7.4695e-05,8.7346e-06,7.21e-05
6.4607e-05,-3.5821e-08,4.3907e-05
5.6073e-05,-9.2888e-06,2.5665e-05
4.8533e-05,-3.6064e-05,1.5112e-05
4.0905e-05,-8.1106e-05,6.4859e-06
3.3037e-05,-0.00014835,3.3622e-07
2.4966e-05,-0.00024095,-3.1526e-06
1.7297e-05,-0.00037268,-1.8188e-05
1.088e-05,-0.00047765,-6.5801e-07
5.789e-06,-0.00060785,9.4276e-06
2.1423e-06,-0.00076353,5.2825e-05
2.2425e-07,-0.00095176,0.0001344
-3.319e-07,-0.0011732,0.0002624
-2.9054e-06,-0.0014228,0.00043456
-8.281e-06,-0.0017219,0.00066645
-1.7113e-05,-0.0020534,0.00099193
-2.9661e-05,-0.0024435,0.0014082
-4.6285e-05,-0.0029036,0.0019486
-2.2345e-05,-0.002702,0.00084186
-7.4164e-06,-0.0025478,0.00021654
-6.2878e-07,-0.0024114,9.1626e-07
1.1005e-06,-0.0022604,-0.00016166
8.2528e-06,-0.0021219,-0.00068347
2.2136e-05,-0.0019882,-0.0015338
4.3203e-05,-0.0018567,-0.0027335
7.2282e-05,-0.0017253,-0.0043493
0.00011024,-0.0015848,-0.0063933
0.00015898,-0.0014482,-0.0088621
0.00028521,-0.001586,-0.012883
0.00045758,-0.0017535,-0.018035
0.00067748,-0.001906,-0.024409
0.00095099,-0.0020625,-0.032155
0.001281,-0.0022092,-0.04128
0.0016775,-0.0023844,-0.051856
0.002138,-0.0025389,-0.063904
0.0026798,-0.0027488,-0.077326
0.0032928,-0.0029282,-0.09224
0.0039896,-0.0031235,-0.10884
0.0046378,-0.004635,-0.095858
0.0053312,-0.0064552,-0.084102
0.006063,-0.0085373,-0.073554
0.0068348,-0.010874,-0.064135
0.0076602,-0.013539,-0.055591
0.008533,-0.016475,-0.04778
0.0094617,-0.019726,-0.040699
0.010438,-0.023217,-0.03441
0.011481,-0.027058,-0.028729
0.012612,-0.031395,-0.023719
0.013317,-0.031874,-0.032514
0.014052,-0.032354,-0.042391
0.014815,-0.032801,-0.053383
0.015614,-0.033279,-0.065576
0.016451,-0.03378,-0.078815
0.017318,-0.034239,-0.093022
0.018228,-0.03475,-0.10817
0.019162,-0.035178,-0.1239
0.020135,-0.035615,-0.14034
0.021158,-0.036129,-0.15729
0.021194,-0.033301,-0.1148
0.021247,-0.030683,-0.082418
0.021327,-0.028319,-0.05761
0.021427,-0.026162,-0.038561
0.021535,-0.024135,-0.024295
0.021672,-0.022328,-0.013958
0.021819,-0.020635,-0.0068258
0.021977,-0.019062,-0.0024133
0.02213,-0.01753,-0.00028754
0.022305,-0.016151,0.00019235
0.021278,-0.012743,0.0015304
0.02029,-0.0098121,0.004062
0.019339,-0.0073172,0.0076464
0.018444,-0.0052882,0.012162
0.017573,-0.0036021,0.017546
0.016723,-0.0022423,0.02372
0.015903,-0.0012174,0.030654
0.015104,-0.00050448,0.038424
0.014319,-9.8101e-05,0.047006
0.013549,7.8275e-06,0.056523
0.012589,8.2911e-05,0.048528
0.011697,0.00022954,0.041564
0.010865,0.00043951,0.035439
0.010081,0.00071642,0.030059
0.0093426,0.0010587,0.025373
0.0086497,0.0014577,0.021293
0.0079974,0.0019132,0.017727
0.0073797,0.0024332,0.014708
0.0067994,0.0029984,0.012072
0.0062481,0.0036275,0.0097981
0.0064482,0.0022531,0.0089282
0.0066501,0.001235,0.008104
0.0068565,0.00053269,0.0073775
0.0070647,0.00012742,0.0067693
0.0072786,-2.2154e-07,0.0062291
0.0074941,-0.00014731,0.005676
0.0077131,-0.00056949,0.0051479
0.0079335,-0.0012716,0.0046941
0.0081567,-0.0022715,0.004267
0.0083811,-0.0035845,0.0038672
0.0076574,-0.0032962,0.0024039
0.0069872,-0.0030312,0.001318
0.0063651,-0.0027811,0.00057904
0.0057887,-0.0025509,0.00015579
0.005254,-0.0023382,1.9473e-06
0.0047571,-0.0021345,-9.113e-05
0.004296,-0.0019478,-0.00040683
0.0038669,-0.0017683,-0.00094584
0.0034676,-0.0016011,-0.0016882
0.0030956,-0.0014464,-0.0026017
0.0030903,-0.00097024,-0.002449
0.0030846,-0.0005989,-0.0023223
0.0030785,-0.0003226,-0.0022043
0.0030718,-0.00013439,-0.0021127
0.0030649,-2.8098e-05,-0.0020193
0.0030575,8.4082e-07,-0.0019155
0.00305,5.0643e-05,-0.001811
0.0030418,0.00017674,-0.001691
0.003033,0.0003804,-0.0015705
0.0030249,0.00066603,-0.0014792
0.041404,0.030047,-0.0030051
0.039226,0.031621,-0.0023531
0.037121,0.033229,-0.0018159
0.035077,0.034855,-0.0013944
0.033101,0.036517,-0.0010525
0.031184,0.038202,-0.00077531
0.029337,0.039924,-0.00054678
0.027547,0.041673,-0.00037491
0.025819,0.043455,-0.0002424
0.024149,0.045267,-0.00014903
0.021804,0.043815,-9.6406e-05
0.019612,0.042413,-5.4399e-05
0.017573,0.041055,-2.3892e-05
0.015672,0.039743,-5.8777e-06
0.013907,0.038474,6.0858e-10
0.012273,0.037246,7.1498e-06
0.010763,0.036058,2.8194e-05
0.0093736,0.034908,6.5994e-05
0.0080993,0.033795,0.00011854
0.0069361,0.032715,0.00018243
0.0071377,0.0331,-1.0113e-05
0.0073447,0.033484,-0.00038912
0.0075562,0.033871,-0.001281
0.0077713,0.034265,-0.002659
0.0079847,0.034678,-0.0045044
0.0082093,0.035084,-0.0067176
0.008437,0.035502,-0.0093024
0.0086693,0.035928,-0.012173
0.0089038,0.036371,-0.015318
0.0091484,0.03681,-0.018812
0.010171,0.032582,-0.020909
0.011236,0.028673,-0.023039
0.012332,0.025085,-0.025219
0.013466,0.021785,-0.027562
0.014634,0.018762,-0.029965
0.015842,0.015993,-0.032328
0.017091,0.013465,-0.034766
0.018371,0.011182,-0.037356
0.019698,0.0091173,-0.040026
0.021073,0.0072649,-0.04281
0.025221,0.007572,-0.038812
0.029833,0.007887,-0.034935
0.034927,0.0082187,-0.031293
0.040535,0.008569,-0.027994
0.046718,0.0089172,-0.024865
0.053486,0.0092821,-0.021949
0.060799,0.0097175,-0.019163
0.068809,0.010139,-0.016654
0.077525,0.010568,-0.014341
0.086932,0.011038,-0.01219
0.093143,0.013438,-0.0083637
0.09965,0.016102,-0.0053701
0.10645,0.019054,-0.0030836
0.11356,0.022291,-0.0014398
0.12097,0.025837,-0.00043061
0.12871,0.029699,-1.4906e-05
0.13678,0.033879,0.00015929
0.1452,0.038366,0.00081506
0.1539,0.043271,0.0019537
0.16299,0.048474,0.0035581
0.15114,0.049847,0.00094071
0.13996,0.051192,1.4954e-05
0.12937,0.052583,-0.00043723
0.11938,0.053931,-0.0019528
0.10993,0.055276,-0.0043636
0.10101,0.056627,-0.0074604
0.092565,0.057997,-0.011144
0.084608,0.059338,-0.015327
0.077105,0.06067,-0.019968
0.070018,0.062035,-0.025023
0.07378,0.063143,-0.022422
0.077649,0.06426,-0.020181
0.08163,0.065377,-0.018184
0.085713,0.066526,-0.016401
0.089924,0.067639,-0.014802
0.094226,0.068817,-0.013397
0.098636,0.070019,-0.01214
0.10317,0.071192,-0.01094
0.10782,0.072375,-0.0098517
0.11259,0.073553,-0.0089044
0.099305,0.079467,-0.00078277
0.08708,0.085409,0.0011562
0.0758,0.091445,0.0084977
0.06538,0.097636,0.021602
0.055763,0.10402,0.039645
0.046933,0.11051,0.062148
0.038853,0.11718,0.088593
0.031507,0.12404,0.11882
0.02488,0.13122,0.15249
0.018998,0.13858,0.18925
0.018314,0.13464,0.20167
0.017643,0.13084,0.21486
0.016998,0.12704,0.22828
0.016368,0.12334,0.24223
0.015729,0.12,0.2572
0.015123,0.11656,0.27228
0.014532,0.1132,0.28771
0.013954,0.10994,0.30371
0.013393,0.10672,0.31987
0.012845,0.1036,0.33624
0.012934,0.10687,0.42064
0.01302,0.11023,0.51038
0.013102,0.11365,0.60471
0.013183,0.11714,0.70242
0.013257,0.12075,0.80278
0.013332,0.12437,0.90576
0.013399,0.12816,1.0104
0.013466,0.13197,1.1154
0.013536,0.13576,1.2214
0.013604,0.13962,1.3278
0.014179,0.14406,1.1853
0.014753,0.14836,1.0757
0.015326,0.15256,0.98863
0.015898,0.15672,0.91796
0.016471,0.16082,0.85858
0.017047,0.16488,0.80709
0.017623,0.16893,0.76201
0.018199,0.17304,0.72234
0.018781,0.17705,0.68684
0.019367,0.18106,0.65406
0.021321,0.19794,0.52337
0.023328,0.21525,0.41808
0.025397,0.23296,0.33172
0.027531,0.2512,0.26047
0.029737,0.26989,0.20121
0.03202,0.28911,0.15175
0.034384,0.30895,0.11094
0.036833,0.32931,0.077648
0.039371,0.35025,0.051131
0.042003,0.3719,0.030733
0.044513,0.39527,0.026321
0.047116,0.41945,0.021654
0.04981,0.44439,0.017051
0.052597,0.47003,0.012788
0.055475,0.49635,0.0089779
0.058445,0.52342,0.0057964
0.061506,0.55107,0.0032552
0.064662,0.57954,0.0014126
0.067906,0.60853,0.00032274
0.071244,0.63825,-1.7369e-06
0.068599,0.62999,0.00046522
0.066045,0.62215,0.0015801
0.063581,0.61476,0.002986
0.061197,0.60762,0.0045238
0.058887,0.60072,0.0060895
0.056664,0.5943,0.0076196
0.054504,0.58799,0.0091268
0.052422,0.58208,0.01057
0.050406,0.57638,0.011997
0.048453,0.5709,0.013473
0.051705,0.52276,0.016413
0.054974,0.47839,0.019313
0.058256,0.43746,0.022136
0.061538,0.39955,0.024784
0.064823,0.36448,0.02735
0.068123,0.33212,0.029907
0.071417,0.3021,0.032399
0.074702,0.27426,0.034712
0.077999,0.24856,0.036942
0.081272,0.22465,0.039226
0.081038,0.22005,0.028044
0.080821,0.21555,0.019548
0.080621,0.21117,0.013165
0.080434,0.20688,0.0084905
0.080265,0.20269,0.0050956
0.080101,0.19857,0.0027296
0.079962,0.19458,0.0011896
0.079827,0.19065,0.00030954
0.079704,0.18679,2.7431e-06
0.079596,0.18303,-0.00018819
0.075659,0.19034,-0.00015638
0.071828,0.19774,-0.00013556
0.068106,0.20524,-0.00012841
0.064488,0.21281,-0.00013785
0.060969,0.22046,-0.00015597
0.05758,0.22828,-0.00018183
0.054277,0.23613,-0.00021481
0.051085,0.24408,-0.0002657
0.047987,0.25211,-0.00032665
0.045016,0.2603,-0.00039581
0.044767,0.25984,2.4676e-06
0.044546,0.25946,0.00043402
0.044325,0.25906,0.0014814
0.044115,0.25867,0.0030191
0.043901,0.25826,0.0049332
0.04371,0.25789,0.0071923
0.043519,0.25751,0.0097142
0.043342,0.25715,0.012405
0.043164,0.25677,0.015249
0.042994,0.25639,0.018314
0.035066,0.25634,0.025454
0.028017,0.25629,0.033334
0.021804,0.2562,0.041736
0.016432,0.25618,0.050702
0.01184,0.25611,0.060014
0.0080221,0.25604,0.069604
0.0049724,0.25603,0.079633
0.0026535,0.25596,0.08998
0.0010623,0.25588,0.10061
0.00019032,0.25584,0.11134
0.00055424,0.2487,0.073452
0.0010928,0.24185,0.046179
0.0017979,0.23526,0.026763
0.0026649,0.22893,0.013509
0.0036803,0.22278,0.0051929
0.0048464,0.21682,0.0009479
0.0061507,0.21102,-6.9046e-05
0.0075991,0.20538,-0.0020891
0.009179,0.19987,-0.0066391
0.010904,0.19451,-0.013488
0.011064,0.20073,-0.014715
0.011218,0.20702,-0.01609
0.011381,0.2134,-0.017642
0.011554,0.21989,-0.019323
0.011724,0.22644,-0.021106
0.011892,0.23307,-0.022967
0.012064,0.23977,-0.024947
0.012236,0.24655,-0.027092
0.012414,0.2534,-0.029357
0.012587,0.26031,-0.031589
0.015745,0.25133,-0.026858
0.019212,0.24266,-0.022967
0.022977,0.23427,-0.019762
0.027025,0.22615,-0.017142
0.03136,0.21829,-0.014926
0.035963,0.21066,-0.013113
0.040837,0.20326,-0.011549
0.046003,0.1961,-0.010246
0.051397,0.18912,-0.0090595
0.057088,0.18235,-0.008031
0.056515,0.17326,-0.016493
0.055946,0.16453,-0.026918
0.055414,0.15615,-0.038943
0.054874,0.14809,-0.052442
0.054332,0.14035,-0.067036
0.053824,0.13289,-0.082736
0.053299,0.12572,-0.09918
0.052812,0.11881,-0.11634
0.052309,0.11217,-0.13403
0.051817,0.10576,-0.15209
0.041536,0.11708,-0.11691
0.032543,0.12872,-0.088975
0.024745,0.14072,-0.066566
0.018043,0.15313,-0.04847
0.01243,0.16595,-0.034009
0.0078575,0.17923,-0.022734
0.0043223,0.19301,-0.014078
0.0018316,0.20731,-0.0076746
0.00038675,0.22216,-0.0033233
-1.3585e-05,0.2376,-0.00084053
4.137e-05,0.2206,-0.00036
0.00026473,0.2047,-8.4437e-05
0.00067455,0.18978,4.0231e-07
0.0012473,0.17583,9.9496e-05
0.0019755,0.16276,0.00036046
0.0028518,0.1505,0.00075822
0.0038672,0.139,0.0012674
0.0050145,0.12821,0.0019168
0.006266,0.11812,0.0026588
0.007637,0.10864,0.0034829
0.0074875,0.10014,0.0011817
0.0073426,0.092172,0.00013832
0.0072098,0.084682,-8.6119e-05
0.0070633,0.07768,-0.00080504
0.0069209,0.071112,-0.0021265
0.0067792,0.064959,-0.0039707
0.0066293,0.059211,-0.0062131
0.0064932,0.053814,-0.0087829
0.006345,0.048787,-0.011604
0.0062079,0.044076,-0.014704
0.0081908,0.049099,-0.0072154
0.010484,0.054484,-0.0023919
0.013117,0.060261,-0.00017652
0.016107,0.066478,0.00047478
0.019485,0.07316,0.0031931
0.023276,0.080346,0.0083055
0.027515,0.088056,0.015713
0.032219,0.096328,0.025221
0.037414,0.10519,0.036761
0.043143,0.11463,0.050311
0.044714,0.11601,0.04705
0.046301,0.1174,0.044298
0.047918,0.11877,0.042034
0.049579,0.12012,0.040268
0.051258,0.12147,0.038853
0.05295,0.12283,0.037626
0.054667,0.12419,0.036636
0.056421,0.12553,0.035922
0.058214,0.12685,0.035406
0.060009,0.1282,0.03493
0.054538,0.13118,0.021674
0.049422,0.1341,0.012272
0.044584,0.13704,0.0059075
0.040053,0.13995,0.0020087
0.035789,0.14286,0.00021262
0.031799,0.14576,-0.0001913
0.028067,0.14865,-0.0016721
0.02458,0.15155,-0.0044948
0.021336,0.15446,-0.0084865
0.018326,0.15738,-0.013464
0.016027,0.16365,-0.01281
0.013873,0.17005,-0.012388
0.011879,0.17653,-0.012114
0.010036,0.18311,-0.011883
0.0083435,0.18982,-0.011754
0.0068039,0.19664,-0.011764
0.0054248,0.20353,-0.011852
0.004196,0.21054,-0.011937
0.0031225,0.21767,-0.012076
0.0022069,0.2249,-0.012308
0.0026813,0.21028,-0.0048769
0.0031856,0.19657,-0.0010336
0.0037154,0.18369,5.525e-06
0.0042801,0.17149,0.0011881
0.0048654,0.16002,0.0041493
0.0054732,0.14919,0.0085129
0.0061024,0.13897,0.014058
0.0067542,0.1293,0.020539
0.0074279,0.12014,0.027829
0.0081147,0.1115,0.035958
0.0096397,0.10782,0.042891
0.011312,0.10414,0.050325
0.013097,0.1006,0.058004
0.015005,0.097147,0.065838
0.017031,0.093788,0.073867
0.019191,0.090478,0.081953
0.021476,0.08724,0.090134
0.023884,0.084081,0.098345
0.026415,0.080994,0.10668
0.029074,0.07797,0.11519
0.029221,0.073361,0.097937
0.029371,0.068982,0.083617
0.029533,0.0648,0.071565
0.029698,0.060822,0.061463
0.029871,0.057027,0.052861
0.030044,0.053418,0.045623
0.030221,0.04998,0.039375
0.030408,0.046693,0.033902
0.030597,0.043565,0.029122
0.030793,0.040576,0.025042
0.03002,0.040426,0.01808
0.029265,0.040263,0.012563
0.028517,0.040116,0.0081971
0.027787,0.039954,0.0048864
0.027066,0.0398,0.0024964
0.026357,0.039646,0.00095641
0.025657,0.039497,0.00015578
0.024971,0.039341,-2.9672e-05
0.024293,0.039194,-0.00052645
0.023625,0.039046,-0.0016219
0.023264,0.035958,-0.00036235
0.022914,0.033044,1.189e-06
0.02257,0.030307,0.00040322
0.022231,0.027742,0.0014322
0.021902,0.02532,0.0030174
0.021579,0.023042,0.0050875
0.021258,0.020912,0.007559
0.020947,0.018895,0.01036
0.020639,0.017013,0.013461
0.020335,0.015246,0.016906
0.018825,0.017833,0.014406
0.017374,0.02062,0.012105
0.015977,0.023609,0.010058
0.014635,0.026809,0.0082994
0.013344,0.030233,0.0067378
0.012104,0.033881,0.0053391
0.010916,0.037753,0.0040994
0.0097789,0.041891,0.003041
0.0086935,0.046277,0.0021372
0.007661,0.050934,0.0014246
0.0093538,0.05303,0.00057089
0.011235,0.055177,0.00010063
0.013311,0.057391,-1.3981e-05
0.015589,0.059686,-0.00028988
0.018075,0.062048,-0.00091009
0.020779,0.064497,-0.0018648
0.023702,0.067012,-0.0031291
0.026856,0.069615,-0.0046847
0.030247,0.0723,-0.0065238
0.033879,0.075065,-0.0085759
0.032089,0.074875,-0.0072873
0.030364,0.074696,-0.0062401
0.028697,0.074513,-0.0053535
0.027087,0.074327,-0.0045774
0.025532,0.074135,-0.0039091
0.024033,0.073942,-0.0033828
0.02259,0.073752,-0.0029277
0.021197,0.073554,-0.0025515
0.019858,0.073361,-0.0022211
0.018567,0.073159,-0.0019267
0.016946,0.074617,-0.0020384
0.015401,0.076079,-0.0021294
0.013938,0.077553,-0.0022114
0.012552,0.079036,-0.0023074
0.011241,0.080523,-0.0023999
0.010008,0.082024,-0.0024579
0.0088467,0.083527,-0.0025062
0.0077634,0.08505,-0.0025437
0.0067533,0.086582,-0.0025743
0.0058052,0.088088,-0.002566
0.0043621,0.084741,-0.0042156
0.0031399,0.081504,-0.0062445
0.0021257,0.07835,-0.008593
0.001319,0.075308,-0.011176
0.00070824,0.072348,-0.014006
0.0002888,0.069473,-0.017132
5.571e-05,0.066682,-0.020486
-4.0331e-06,0.063964,-0.024125
-0.0001301,0.061323,-0.027973
-0.00043106,0.058749,-0.031979
-0.00014227,0.064862,-0.018399
-9.4201e-06,0.071284,-0.0087596
3.4505e-05,0.07806,-0.0027819
0.00022344,0.085232,-0.00017076
0.00058486,0.092839,0.00066788
0.0011289,0.10091,0.0041023
0.0018605,0.10944,0.010379
0.0028003,0.11851,0.019229
0.0039633,0.12815,0.030566
0.0053517,0.13833,0.044287
0.0049825,0.12644,0.034969
0.0046402,0.11551,0.027623
0.0043238,0.10544,0.021826
0.0040304,0.096177,0.017282
0.0037625,0.08766,0.013638
0.0035122,0.07981,0.010669
0.0032788,0.072579,0.0082507
0.0030664,0.065939,0.0063503
0.0028703,0.059834,0.0048159
0.0026895,0.054224,0.0036037
0.0020598,0.051651,0.0030923
0.0015212,0.049181,0.0026275
0.0010688,0.046803,0.0022277
0.00069944,0.044512,0.0018578
0.00041183,0.042316,0.001541
0.0002011,0.040192,0.0012803
6.5991e-05,0.038144,0.0010703
4.6087e-06,0.03618,0.00086235
-1.417e-05,0.034293,0.00068643
-9.2697e-05,0.032472,0.00052718
-0.00014155,0.03608,-3.0002e-05
-0.00020296,0.039947,-0.00115
-0.00027628,0.044126,-0.0038682
-0.00036253,0.048636,-0.0081378
-0.00046317,0.053488,-0.013959
-0.00057847,0.058714,-0.021273
-0.00070885,0.064339,-0.030116
-0.00085552,0.070377,-0.040463
-0.0010204,0.076827,-0.052342
-0.0012029,0.083725,-0.065701
-0.0016033,0.07174,-0.059457
-0.0020418,0.061076,-0.05408
-0.0025134,0.051608,-0.049492
-0.0030125,0.043236,-0.045655
-0.0035345,0.035862,-0.042311
-0.0040755,0.029396,-0.039211
-0.0046307,0.023766,-0.036473
-0.0051969,0.018897,-0.034145
-0.005772,0.014717,-0.032038
-0.0063548,0.011162,-0.030208
-0.0065404,0.012312,-0.028434
-0.0067293,0.013525,-0.026675
-0.0069223,0.014796,-0.025031
-0.0071183,0.016136,-0.023541
-0.0073185,0.017537,-0.022148
-0.0075217,0.019012,-0.020775
-0.0077291,0.020552,-0.019486
-0.0079399,0.022166,-0.018293
-0.008155,0.023848,-0.017185
-0.0083743,0.025596,-0.016104
-0.0089619,0.028811,-0.012502
-0.0095752,0.032253,-0.0093276
-0.010215,0.035925,-0.0066343
-0.010883,0.039845,-0.0044474
-0.011579,0.044039,-0.0027146
-0.012305,0.048455,-0.0014402
-0.013061,0.053171,-0.00057293
-0.013849,0.058165,-9.8397e-05
-0.014669,0.063465,1.5581e-05
-0.015521,0.069051,0.00030476
-0.016572,0.069077,0.00023098
-0.017657,0.069135,0.00018264
-0.018776,0.069165,0.00014416
-0.019928,0.069187,0.00011148
-0.021115,0.069225,8.8081e-05
-0.022335,0.069254,7.5156e-05
-0.023592,0.069304,6.5844e-05
-0.024878,0.069304,6.4251e-05
-0.026201,0.069342,6.3374e-05
-0.027553,0.069338,6.5132e-05
-0.028035,0.066632,-0.0015198
-0.028516,0.063978,-0.0070313
-0.029001,0.061405,-0.01608
-0.029489,0.058891,-0.028176
-0.029978,0.056427,-0.043003
-0.030472,0.054018,-0.060453
-0.030969,0.051656,-0.080225
-0.031473,0.049354,-0.10198
-0.03197,0.047057,-0.12554
-0.032476,0.044825,-0.15119
-0.029151,0.04266,-0.16435
-0.026029,0.040579,-0.17788
-0.023096,0.038552,-0.19183
-0.020352,0.036595,-0.20591
-0.017791,0.034695,-0.22027
-0.015413,0.032864,-0.23462
-0.01321,0.031087,-0.2492
-0.011185,0.029378,-0.26421
-0.0093301,0.027722,-0.27943
-0.0076433,0.026106,-0.29512
-0.010911,0.030053,-0.33874
-0.01488,0.03446,-0.38447
-0.019589,0.039323,-0.43202
-0.025077,0.044663,-0.48075
-0.031384,0.050505,-0.5305
-0.038535,0.056832,-0.58065
-0.046566,0.063679,-0.63128
-0.05551,0.071067,-0.68259
-0.065382,0.078969,-0.73415
-0.076208,0.087405,-0.78515
-0.074043,0.091802,-0.72129
-0.071958,0.096213,-0.67021
-0.069935,0.10062,-0.62838
-0.067988,0.10509,-0.59363
-0.066094,0.10958,-0.56412
-0.064249,0.1141,-0.53889
-0.062451,0.11865,-0.51694
-0.060706,0.12327,-0.49793
-0.058999,0.12791,-0.48095
-0.057334,0.1326,-0.46591
-0.06231,0.1379,-0.41327
-0.067418,0.14317,-0.36692
-0.072692,0.14854,-0.32602
-0.078122,0.15396,-0.28947
-0.083711,0.15943,-0.25674
-0.089451,0.16493,-0.22736
-0.095359,0.1705,-0.20083
-0.10142,0.17611,-0.17665
-0.10767,0.18181,-0.15477
-0.11406,0.18752,-0.13492
-0.13982,0.21125,-0.11374
-0.16883,0.23688,-0.094645
-0.20123,0.26437,-0.077477
-0.23722,0.29387,-0.062391
-0.27694,0.32542,-0.049117
-0.32051,0.35901,-0.037523
-0.36804,0.39463,-0.027573
-0.41962,0.43228,-0.01933
-0.47538,0.47202,-0.012639
-0.53532,0.51372,-0.007375
-0.52915,0.49387,-0.0095072
-0.52329,0.47501,-0.010945
-0.51774,0.45714,-0.011832
-0.51248,0.44013,-0.01227
-0.5075,0.42397,-0.012465
-0.5028,0.4086,-0.012558
-0.49833,0.39391,-0.012558
-0.49408,0.37989,-0.012571
-0.49006,0.3665,-0.012543
-0.48626,0.3537,-0.012446
-0.46194,0.32942,-0.015107
-0.4389,0.30675,-0.017362
-0.41714,0.28568,-0.019335
-0.39655,0.26606,-0.021163
-0.37704,0.24774,-0.02283
-0.35857,0.23064,-0.024431
-0.34104,0.21466,-0.025925
-0.32441,0.19972,-0.02728
-0.30859,0.1857,-0.028559
-0.29358,0.1726,-0.029821
-0.27719,0.15644,-0.0094529
-0.26179,0.14159,-0.00095256
-0.24728,0.12793,0.00081388
-0.23357,0.11533,0.0067687
-0.22062,0.10373,0.01736
-0.20834,0.09302,0.031684
-0.19668,0.083135,0.049003
-0.18559,0.074016,0.068689
-0.17504,0.065602,0.09042
-0.16498,0.057855,0.11419
-0.158,0.066513,0.087962
-0.15127,0.075623,0.067592
-0.14477,0.085186,0.051582
-0.13847,0.095205,0.038839
-0.13235,0.10568,0.028749
-0.12641,0.11662,0.020689
-0.12062,0.12803,0.01439
-0.11497,0.13988,0.0095405
-0.10945,0.15221,0.0058872
-0.10408,0.16501,0.003222
-0.10096,0.16267,0.010221
-0.097931,0.16039,0.020136
-0.09497,0.15813,0.03224
-0.092082,0.15592,0.045954
-0.089262,0.15375,0.060978
-0.086489,0.15158,0.077125
-0.083786,0.14946,0.094194
-0.081131,0.14735,0.11183
-0.07854,0.14528,0.13005
-0.076002,0.14324,0.14905
-0.082009,0.15658,0.16093
-0.088337,0.17069,0.1727
-0.094997,0.18559,0.18466
-0.10196,0.20122,0.19685
-0.10927,0.21763,0.20917
-0.11691,0.23482,0.22135
-0.12486,0.25273,0.23347
-0.13316,0.27141,0.24584
-0.14178,0.29082,0.25821
-0.15072,0.31094,0.27026
-0.13883,0.3309,0.22503
-0.12756,0.35126,0.18932
-0.11686,0.37201,0.16029
-0.1067,0.39312,0.1364
-0.097063,0.41464,0.11633
-0.087918,0.43653,0.099196
-0.079274,0.45888,0.084333
-0.071105,0.48162,0.071441
-0.063379,0.50465,0.060466
-0.056129,0.52815,0.050562
-0.062454,0.49204,0.042469
-0.068991,0.4583,0.035579
-0.075721,0.42669,0.029643
-0.082639,0.39707,0.024538
-0.089735,0.36926,0.020133
-0.097006,0.34316,0.01627
-0.10444,0.3186,0.012984
-0.11203,0.2955,0.010104
-0.11978,0.27377,0.0076793
-0.12768,0.25328,0.0056184
-0.12852,0.23692,0.012038
-0.12937,0.22141,0.019674
-0.13021,0.20668,0.028041
-0.13107,0.19272,0.036999
-0.13193,0.17946,0.046288
-0.13279,0.16687,0.055902
-0.13366,0.15493,0.065701
-0.13453,0.1436,0.075545
-0.1354,0.13285,0.085461
-0.13627,0.12265,0.0954
-0.1348,0.13873,0.10112
-0.1333,0.15584,0.10689
-0.13179,0.17402,0.11271
-0.13026,0.19326,0.11864
-0.12872,0.21359,0.12461
-0.12715,0.23494,0.13037
-0.12557,0.25738,0.13617
-0.12397,0.28087,0.14203
-0.12236,0.3054,0.14783
-0.12073,0.33097,0.15342
-0.12898,0.31145,0.15316
-0.1374,0.29287,0.1537
-0.14601,0.2752,0.15464
-0.15479,0.25837,0.15575
-0.16375,0.24233,0.15705
-0.17287,0.22705,0.1588
-0.18217,0.21247,0.16065
-0.19163,0.1986,0.16245
-0.20127,0.18537,0.16429
-0.21106,0.17272,0.16658
-0.21309,0.15421,0.1431
-0.21511,0.13719,0.12384
-0.21713,0.12156,0.10779
-0.21916,0.1072,0.094339
-0.22119,0.09404,0.082765
-0.22321,0.081981,0.072578
-0.22524,0.070965,0.063651
-0.22727,0.060928,0.055732
-0.2293,0.051811,0.048712
-0.23133,0.043566,0.042543
-0.24115,0.042647,0.059993
-0.25121,0.041731,0.078856
-0.26151,0.040826,0.098555
-0.27205,0.039923,0.11869
-0.28283,0.039026,0.13906
-0.29384,0.038138,0.15982
-0.30508,0.037253,0.18066
-0.31654,0.036381,0.20126
-0.32823,0.035513,0.22176
-0.34014,0.034653,0.24238
-0.30891,0.036098,0.22644
-0.28005,0.03748,0.21405
-0.25337,0.0388,0.20411
-0.22872,0.040061,0.19578
-0.20594,0.041266,0.18876
-0.18491,0.042417,0.18256
-0.16552,0.043515,0.17717
-0.14764,0.044565,0.17261
-0.1312,0.045561,0.16847
-0.11608,0.046513,0.16469
-0.12151,0.046103,0.18157
-0.12709,0.045693,0.19838
-0.13284,0.045281,0.21494
-0.13873,0.04487,0.2309
-0.14478,0.044455,0.24645
-0.15098,0.044043,0.26203
-0.15732,0.04363,0.27725
-0.16381,0.043218,0.29209
-0.17045,0.042801,0.30669
-0.17723,0.042385,0.32136
-0.17733,0.049823,0.30847
-0.17742,0.057791,0.29734
-0.17751,0.06629,0.28755
-0.1776,0.075313,0.2787
-0.17768,0.084849,0.27078
-0.17775,0.0949,0.26371
-0.17782,0.10545,0.25726
-0.17788,0.11651,0.25098
-0.17792,0.12806,0.24509
-0.17796,0.1401,0.23984
-0.18115,0.14537,0.18153
-0.18433,0.15063,0.13549
-0.18752,0.15593,0.099071
-0.19072,0.16124,0.0704
-0.19392,0.16658,0.047974
-0.19714,0.17195,0.030667
-0.20036,0.17736,0.017767
-0.20359,0.18281,0.0087621
-0.20684,0.1883,0.0030863
-0.2101,0.19384,0.00034431
-0.21318,0.19615,0.0026179
-0.21627,0.19845,0.0062098
-0.21937,0.20077,0.010552
-0.22248,0.20309,0.015295
-0.2256,0.20542,0.020209
-0.22872,0.20776,0.02527
-0.23185,0.21012,0.030295
-0.23499,0.21247,0.035344
-0.23814,0.21484,0.04029
-0.24129,0.21721,0.04513
-0.24206,0.23361,0.037528
-0.24281,0.2505,0.03135
-0.24355,0.26791,0.026163
-0.24427,0.28578,0.021765
-0.24497,0.30414,0.018007
-0.24566,0.32297,0.014763
-0.24632,0.34224,0.011967
-0.24697,0.36196,0.0095532
-0.24759,0.38212,0.0075072
-0.2482,0.40267,0.0057656
-0.24289,0.3755,0.0067195
-0.23779,0.35008,0.0074928
-0.23288,0.32627,0.0081013
-0.22819,0.30398,0.0086928
-0.22367,0.28308,0.0092144
-0.21928,0.26342,0.0096385
-0.21508,0.24499,0.010062
-0.21102,0.22768,0.010531
-0.20711,0.21143,0.010982
-0.20334,0.19615,0.011372
-0.1922,0.19114,0.0057816
-0.18158,0.18636,0.0023776
-0.17144,0.18179,0.00057266
-0.16176,0.1774,1.5202e-06
-0.15253,0.1732,-0.00040045
-0.14369,0.16915,-0.0015908
-0.13527,0.16527,-0.0034545
-0.1272,0.16153,-0.0058297
-0.11952,0.15793,-0.0087144
-0.11218,0.15448,-0.01206
-0.12532,0.15727,-0.028338
-0.13935,0.1601,-0.050213
-0.15433,0.163,-0.076767
-0.17024,0.16592,-0.10709
-0.18719,0.16892,-0.14078
-0.20513,0.17196,-0.17742
-0.22408,0.17503,-0.21661
-0.24407,0.17813,-0.25763
-0.26511,0.18128,-0.30033
-0.28721,0.18446,-0.34413
-0.28234,0.19764,-0.30138
-0.27757,0.21102,-0.26875
-0.27288,0.22464,-0.24321
-0.26828,0.2385,-0.223
-0.26378,0.25262,-0.20657
-0.25933,0.26695,-0.19263
-0.25493,0.2815,-0.1806
-0.25061,0.29629,-0.17035
-0.24633,0.31129,-0.16125
-0.24213,0.32651,-0.15299
-0.23551,0.31829,-0.17785
-0.22908,0.31039,-0.20123
-0.22275,0.30274,-0.22327
-0.21662,0.2954,-0.24422
-0.21062,0.28831,-0.2642
-0.20479,0.28148,-0.28314
-0.19912,0.2749,-0.30147
-0.19358,0.26855,-0.31947
-0.18814,0.26237,-0.33729
-0.18285,0.25643,-0.35424
-0.18778,0.24759,-0.25181
-0.19268,0.23916,-0.17712
-0.19757,0.23107,-0.12173
-0.20246,0.22331,-0.080334
-0.20736,0.21582,-0.049854
-0.21226,0.20859,-0.028101
-0.21716,0.20158,-0.013332
-0.22213,0.19482,-0.0043715
-0.22704,0.18821,-0.00037357
-0.23201,0.18182,0.00064812
-0.2538,0.18196,-7.6355e-06
-0.27668,0.1821,-0.00071707
-0.30066,0.18223,-0.0022205
-0.32572,0.18233,-0.0041285
-0.35189,0.18243,-0.0062188
-0.37915,0.1825,-0.0083946
-0.40756,0.18258,-0.010528
-0.43702,0.18262,-0.012578
-0.46758,0.18264,-0.014526
-0.49925,0.18267,-0.016403
-0.45712,0.18151,-0.033476
-0.41788,0.18041,-0.05334
-0.38122,0.17931,-0.075109
-0.34704,0.17825,-0.098318
-0.31517,0.17721,-0.12257
-0.28542,0.17619,-0.1474
-0.25772,0.1752,-0.17294
-0.23189,0.17422,-0.19889
-0.20786,0.17327,-0.22539
-0.18556,0.17235,-0.25252
-0.18933,0.19122,-0.22334
-0.19295,0.21087,-0.19904
-0.19675,0.23149,-0.17838
-0.20053,0.25296,-0.16057
-0.20437,0.27533,-0.14511
-0.20824,0.29859,-0.1315
-0.21212,0.3227,-0.11933
-0.21602,0.34766,-0.10853
-0.21996,0.37348,-0.098743
-0.22391,0.40011,-0.089652
-0.21216,0.37598,-0.076452
-0.20107,0.35347,-0.065956
-0.19058,0.33241,-0.0573
-0.18061,0.31265,-0.050155
-0.17117,0.29413,-0.044074
-0.16225,0.27677,-0.038781
-0.15378,0.26045,-0.034196
-0.14563,0.24501,-0.030359
-0.13793,0.23051,-0.026951
-0.13066,0.21689,-0.023872
-0.13109,0.2173,-0.034873
-0.13154,0.2177,-0.046447
-0.13197,0.21807,-0.058377
-0.13242,0.21846,-0.07061
-0.13283,0.2188,-0.082909
-0.13325,0.21913,-0.095121
-0.13369,0.21948,-0.10737
-0.1341,0.21979,-0.11965
-0.1345,0.22008,-0.13194
-0.13491,0.22037,-0.14402
-0.12871,0.22749,-0.15343
-0.1227,0.23466,-0.16292
-0.11685,0.24186,-0.17223
-0.11117,0.2491,-0.18148
-0.10564,0.25637,-0.1906
-0.10028,0.26368,-0.19938
-0.095101,0.27105,-0.20791
-0.090057,0.27843,-0.21605
-0.085167,0.28583,-0.22392
-0.080414,0.29325,-0.23206
-0.081914,0.27786,-0.17875
-0.083376,0.26332,-0.13811
-0.084797,0.24955,-0.1066
-0.086193,0.23648,-0.081975
-0.087592,0.22409,-0.062412
-0.088966,0.2123,-0.046721
-0.090315,0.20106,-0.034216
-0.09168,0.19037,-0.024367
-0.092991,0.18013,-0.016681
-0.094333,0.1704,-0.010703
-0.094146,0.16752,-0.014296
-0.093933,0.16469,-0.017827
-0.093749,0.16194,-0.02118
-0.093549,0.15924,-0.024252
-0.093336,0.1566,-0.027031
-0.093145,0.15403,-0.029668
-0.092938,0.1515,-0.032101
-0.092741,0.14904,-0.034241
-0.092531,0.14662,-0.036191
-0.092333,0.14427,-0.038118
-0.090474,0.16234,-0.049638
-0.088592,0.18168,-0.061761
-0.086683,0.2023,-0.074375
-0.084745,0.22422,-0.087238
-0.082798,0.24747,-0.10033
-0.080823,0.27202,-0.11367
-0.078831,0.2979,-0.12711
-0.076848,0.32514,-0.1404
-0.074817,0.35363,-0.15374
-0.0728,0.38346,-0.16706
-0.06933,0.39668,-0.13372
-0.065963,0.40999,-0.10732
-0.062691,0.4234,-0.086163
-0.059517,0.43692,-0.069202
-0.056432,0.45056,-0.055283
-0.053442,0.46432,-0.043652
-0.050535,0.47818,-0.033998
-0.047711,0.49214,-0.026073
-0.044986,0.50625,-0.019508
-0.042324,0.52041,-0.01407
-0.039133,0.51847,-0.0015576
-0.036106,0.51664,0.001041
-0.033225,0.51487,0.0096337
-0.030489,0.51317,0.025314
-0.027893,0.51155,0.046726
-0.025425,0.50996,0.072748
-0.023081,0.50841,0.10268
-0.020866,0.50692,0.13598
-0.018768,0.50544,0.17213
-0.016789,0.50399,0.21104
-0.019094,0.48276,0.1297
-0.021472,0.46284,0.076666
-0.023914,0.44397,0.041999
-0.026431,0.4261,0.019872
-0.029013,0.40909,0.006939
-0.031663,0.39286,0.00092071
-0.034383,0.37736,-0.00034412
-0.037159,0.36247,-0.0041318
-0.039997,0.34817,-0.011507
-0.042897,0.33442,-0.021834
-0.040275,0.29576,-0.020987
-0.037828,0.26079,-0.020914
-0.035546,0.22919,-0.021296
-0.033419,0.20068,-0.021952
-0.031432,0.17498,-0.022841
-0.029574,0.15184,-0.023991
-0.02784,0.13107,-0.025294
-0.026223,0.11247,-0.026754
-0.024711,0.09586,-0.028284
-0.023298,0.081067,-0.029876
-0.024009,0.083291,-0.035843
-0.024732,0.085545,-0.042091
-0.025469,0.087838,-0.048675
-0.026222,0.090174,-0.055719
-0.02699,0.092554,-0.063046
-0.027769,0.094953,-0.070624
-0.028559,0.097367,-0.078343
-0.029365,0.099832,-0.086474
-0.030184,0.10234,-0.094829
-0.031015,0.10486,-0.1032
-0.036375,0.10809,-0.10885
-0.042219,0.11137,-0.11447
-0.048564,0.11473,-0.12002
-0.055418,0.11815,-0.12532
-0.062793,0.12165,-0.13054
-0.070695,0.12519,-0.13575
-0.079138,0.12882,-0.14088
-0.088128,0.1325,-0.14567
-0.097673,0.13625,-0.15032
-0.10778,0.14006,-0.15509
-0.10712,0.14512,-0.14528
-0.10646,0.15024,-0.13689
-0.10581,0.1554,-0.12975
-0.10516,0.16057,-0.12378
-0.10451,0.1658,-0.11859
-0.10386,0.17107,-0.11388
-0.10321,0.17637,-0.10968
-0.10257,0.18171,-0.10608
-0.10193,0.18709,-0.10285
-0.10128,0.1925,-0.099739
-0.095173,0.19799,-0.084037
-0.089322,0.20346,-0.070959
-0.083717,0.20894,-0.059921
-0.078344,0.21447,-0.050381
-0.073197,0.21996,-0.042222
-0.068265,0.2255,-0.035028
-0.063541,0.23106,-0.028835
-0.059019,0.23663,-0.023555
-0.054693,0.24221,-0.019024
-0.050558,0.2478,-0.015054
-0.046841,0.26628,-0.011929
-0.043244,0.28545,-0.0092559
-0.039771,0.30528,-0.0069564
-0.036422,0.32577,-0.0049703
-0.033201,0.34694,-0.003332
-0.03011,0.36878,-0.0020267
-0.027153,0.39128,-0.0010513
-0.024333,0.41442,-0.00040398
-0.021652,0.43821,-6.4655e-05
-0.019114,0.46263,1.2525e-05
-0.017925,0.43123,-0.00038609
-0.01681,0.40192,-0.0015322
-0.015761,0.37455,-0.0031409
-0.014777,0.34898,-0.0050641
-0.013851,0.32505,-0.0071818
-0.012982,0.30263,-0.0095109
-0.012164,0.28167,-0.011871
-0.011395,0.26203,-0.014296
-0.010673,0.24358,-0.016724
-0.009994,0.22632,-0.01917
-0.0088805,0.19624,-0.020229
-0.0078705,0.16943,-0.021372
-0.0069558,0.14558,-0.022533
-0.0061289,0.12442,-0.02374
-0.0053827,0.10569,-0.024956
-0.0047106,0.089165,-0.026093
-0.0041069,0.074648,-0.027219
-0.0035657,0.061946,-0.028228
-0.003082,0.050893,-0.029233
-0.0026507,0.041319,-0.030291
-0.0025553,0.043168,-0.024272
-0.0024617,0.045045,-0.01919
-0.0023698,0.046962,-0.01484
-0.0022795,0.048914,-0.011138
-0.0021906,0.050901,-0.0080549
-0.0021032,0.052929,-0.0055045
-0.0020171,0.054996,-0.0034844
-0.0019326,0.057113,-0.0019829
-0.0018493,0.059269,-0.00092649
-0.0017666,0.061458,-0.00027059
-0.0010966,0.066035,-1.1794e-07
-0.00058039,0.070842,0.00023321
-0.00022345,0.075891,0.00094133
-3.2257e-05,0.081194,0.0021291
1.3893e-05,0.086761,0.0037359
0.00017602,0.092611,0.0057621
0.00052687,0.098746,0.0081881
0.0010743,0.10519,0.010999
0.0018279,0.11193,0.014159
0.0027966,0.11899,0.017708
0.0039217,0.11816,0.0044466
0.005221,0.11735,2.1892e-05
0.0066957,0.11656,-0.0029311
0.0083561,0.11576,-0.012184
0.010204,0.11497,-0.027047
0.012254,0.11416,-0.04692
0.014516,0.11335,-0.071222
0.016998,0.11253,-0.099741
0.01971,0.11169,-0.13203
0.022667,0.11084,-0.16795
0.020731,0.10769,-0.18564
0.01889,0.10459,-0.20372
0.017144,0.10156,-0.22231
0.015488,0.098577,-0.24155
0.013926,0.095648,-0.26137
0.012448,0.092776,-0.28128
0.01106,0.089954,-0.30154
0.0097555,0.087186,-0.32185
0.0085372,0.084466,-0.34241
0.007403,0.081797,-0.36353
0.0063774,0.079004,-0.36814
0.0054408,0.076289,-0.37341
0.0045864,0.073653,-0.37951
0.0038111,0.071092,-0.3862
0.0031124,0.068603,-0.3936
0.00249,0.066181,-0.40171
0.0019411,0.063823,-0.41029
0.0014641,0.061526,-0.41898
0.0010565,0.059291,-0.42802
0.00071715,0.057114,-0.43754
0.0005716,0.069855,-0.36815
0.00044593,0.083584,-0.30975
0.00033792,0.098328,-0.25975
0.00024546,0.11413,-0.21634
0.00016736,0.13103,-0.17865
0.00010466,0.14909,-0.14564
5.6279e-05,0.16837,-0.11689
2.2149e-05,0.18894,-0.092226
3.661e-06,0.21084,-0.070992
-9.0394e-07,0.23415,-0.053083
-3.5534e-05,0.22551,-0.031742
-0.00011809,0.21724,-0.016752
-0.00024655,0.2093,-0.0070429
-0.00041761,0.20166,-0.0016774
-0.00063112,0.19431,-1.1372e-07
-0.0008842,0.18721,0.0014799
-0.0011778,0.18036,0.0056886
-0.0015075,0.17372,0.012261
-0.0018747,0.16729,0.02092
-0.0022783,0.16105,0.031331
-0.0037562,0.17126,0.040059
-0.0056347,0.1819,0.049984
-0.0079106,0.19294,0.060955
-0.010627,0.20442,0.07303
-0.01379,0.21633,0.086221
-0.017398,0.22866,0.10059
-0.021474,0.24141,0.11615
-0.026042,0.25461,0.13249
-0.031116,0.26823,0.14989
-0.036686,0.28227,0.1683
-0.03682,0.2711,0.14048
-0.036946,0.26041,0.11895
-0.037062,0.25018,0.10197
-0.0372,0.24038,0.08815
-0.037334,0.23097,0.076774
-0.037464,0.22194,0.067164
-0.037606,0.21326,0.058967
-0.03774,0.2049,0.051837
-0.037872,0.19686,0.045634
-0.038008,0.18911,0.040323
-0.036825,0.18125,0.039799
-0.035663,0.17372,0.039152
-0.034559,0.16652,0.038474
-0.033502,0.15964,0.037869
-0.032473,0.15304,0.037278
-0.031489,0.14672,0.036572
-0.030548,0.14067,0.035881
-0.029613,0.13486,0.035294
-0.028732,0.1293,0.034722
-0.027875,0.12396,0.03425
-0.027168,0.10394,0.038639
-0.026499,0.086336,0.042727
-0.025862,0.070921,0.046614
-0.025258,0.057493,0.0502
-0.024689,0.04587,0.05361
-0.024138,0.035882,0.056999
-0.023618,0.027383,0.060283
-0.023117,0.020235,0.063381
-0.022635,0.014321,0.066358
-0.022175,0.0095401,0.069063
-0.018945,0.010724,0.078435
-0.015954,0.011974,0.088009
-0.013207,0.013294,0.097798
-0.010712,0.014687,0.108
-0.0084673,0.016155,0.11851
-0.0064739,0.017704,0.12937
-0.0047307,0.019333,0.14047
-0.0032509,0.02105,0.15173
-0.0020345,0.022854,0.16315
-0.0010933,0.02475,0.17492
-0.0010151,0.02633,0.18008
-0.00094153,0.02797,0.18514
-0.0008705,0.02967,0.19023
-0.00080193,0.031429,0.19554
-0.00073491,0.033245,0.2009
-0.00067044,0.035121,0.20605
-0.00060986,0.037058,0.21123
-0.00055143,0.039054,0.21668
-0.00049519,0.041108,0.22217
-0.00044194,0.043221,0.2273
-0.00043624,0.042675,0.25406
-0.00043022,0.04213,0.2815
-0.00042308,0.041586,0.30934
-0.00041616,0.041045,0.33724
-0.0004094,0.040508,0.36539
-0.00040292,0.039974,0.39385
-0.00039373,0.039435,0.42226
-0.0003876,0.038908,0.45121
-0.00037805,0.038374,0.48035
-0.00037022,0.037849,0.50882
-0.00021944,0.034343,0.53095
-0.00010781,0.03102,0.55375
-3.5844e-05,0.027879,0.57672
-2.4031e-06,0.024911,0.59966
8.4873e-06,0.022117,0.62244
5.4303e-05,0.019497,0.64583
0.0001389,0.017051,0.66923
0.00026387,0.014772,0.69292
0.00042719,0.012664,0.71646
0.00063206,0.01072,0.73979
0.00028595,0.012577,0.74637
7.531e-05,0.01457,0.75388
2.0065e-07,0.016696,0.76184
-5.9321e-05,0.018951,0.76996
-0.00025286,0.021338,0.77819
-0.00058009,0.023853,0.78717
-0.0010424,0.026496,0.79613
-0.0016389,0.029264,0.80496
-0.0023652,0.032153,0.81377
-0.0032256,0.035164,0.82275
-0.0026306,0.038892,0.72851
-0.002111,0.04266,0.65015
-0.0016596,0.046466,0.58373
-0.0012744,0.050318,0.52585
-0.00094806,0.054215,0.47518
-0.00067556,0.058155,0.43002
-0.00045211,0.062135,0.38978
-0.0002773,0.066166,0.35394
-0.00014653,0.070242,0.3216
-5.8249e-05,0.074369,0.2918
2.739e-05,0.074745,0.32168
0.00033252,0.075119,0.35057
0.00098306,0.07549,0.37856
0.0019861,0.075862,0.4058
0.0033506,0.076231,0.432
0.0050863,0.076595,0.45761
0.0071958,0.076958,0.48225
0.0096851,0.077321,0.50559
0.012561,0.077681,0.52795
0.015828,0.07804,0.54899
0.017958,0.077966,0.43474
0.020128,0.077877,0.3443
0.022334,0.077779,0.27133
0.024588,0.077664,0.212
0.026876,0.077543,0.16338
0.029213,0.077408,0.12364
0.03159,0.077268,0.091135
0.034019,0.077119,0.064724
0.036495,0.076968,0.043618
0.03902,0.076817,0.027109
0.042827,0.081251,0.039178
0.046885,0.085877,0.052901
0.051209,0.090693,0.067811
0.055804,0.095703,0.08344
0.060674,0.10091,0.099656
0.065841,0.1063,0.11605
0.071296,0.11188,0.13251
0.077043,0.11765,0.14909
0.08308,0.12361,0.16555
0.089429,0.12975,0.1816
0.088926,0.10794,0.1341
0.088474,0.088958,0.097977
0.088073,0.072472,0.070282
0.087719,0.058207,0.049121
0.087399,0.045934,0.032996
0.087112,0.035448,0.020957
0.086861,0.026576,0.012168
0.08663,0.019174,0.0060087
0.086415,0.013118,0.0021522
0.086224,0.0082997,0.00028897
0.08152,0.0088386,-1.9675e-07
0.077036,0.0093822,-0.00031352
0.072766,0.0099281,-0.0011949
0.068688,0.010479,-0.0026107
0.064796,0.011032,-0.0045287
0.061075,0.01159,-0.0069289
0.057513,0.012153,-0.0097397
0.05411,0.012718,-0.012967
0.050855,0.013285,-0.016584
0.047733,0.013859,-0.020502
0.041646,0.013468,-0.021968
0.036105,0.0131,-0.023667
0.031078,0.012751,-0.025578
0.02653,0.01242,-0.027765
0.022427,0.012109,-0.030015
0.018745,0.011814,-0.032409
0.015454,0.011534,-0.034926
0.012535,0.011266,-0.03756
0.0099601,0.011013,-0.040289
0.0077128,0.010771,-0.043148
0.0080617,0.0074887,-0.03664
0.0083946,0.0048932,-0.030917
0.0087141,0.0029119,-0.025997
0.0090231,0.0014815,-0.021853
0.009321,0.00055069,-0.018231
0.0096131,7.7169e-05,-0.015055
0.0098984,-3.1675e-05,-0.012253
0.010183,-0.0003956,-0.0097982
0.010474,-0.0011657,-0.0077265
0.01077,-0.0023477,-0.0058372
0.011499,-0.0011565,-0.0035349
0.012237,-0.00039545,-0.0018399
0.012991,-3.5243e-05,-0.00071358
0.013768,6.4028e-05,-0.00012042
0.014573,0.00048742,2.2009e-05
0.015416,0.0013256,0.00042485
0.016303,0.0026133,0.0013444
0.01724,0.0043968,0.0027714
0.018233,0.0067314,0.0047407
0.01929,0.0096755,0.00724
0.018682,0.0081698,0.0071594
0.018099,0.0068181,0.0070973
0.017539,0.0056139,0.0070445
0.016999,0.0045476,0.0070448
0.016481,0.0036102,0.0070477
0.015983,0.0027957,0.0069777
0.015501,0.0020984,0.0069121
0.015038,0.0015096,0.0068133
0.014593,0.0010241,0.0066794
0.01416,0.00063969,0.0065832
0.014555,0.00077943,0.0066836
0.014956,0.00093428,0.0068219
0.015368,0.0011032,0.0069581
0.015783,0.0012887,0.007146
0.016207,0.0014895,0.0073436
0.016638,0.0017063,0.007584
0.017078,0.0019391,0.0078384
0.017523,0.0021889,0.0081075
0.017977,0.0024549,0.0084065
0.018439,0.0027382,0.0086775
0.017074,0.0032764,0.010019
0.01577,0.003859,0.011389
0.014525,0.004485,0.012836
0.013336,0.0051544,0.014417
0.012201,0.0058679,0.016075
0.011117,0.0066269,0.017726
0.010083,0.0074313,0.019447
0.0090982,0.0082809,0.021151
0.0081617,0.009178,0.022916
0.0072713,0.010126,0.024852
0.0066784,0.0089161,0.033601
0.0061058,0.0077816,0.043573
0.005555,0.0067159,0.054744
0.005023,0.0057209,0.066957
0.0045118,0.0047943,0.080324
0.0040205,0.0039396,0.094662
0.0035513,0.0031576,0.10999
0.003103,0.0024537,0.12652
0.002679,0.001829,0.1441
0.0022793,0.001289,0.16253
0.0032319,0.0010624,0.15453
0.004337,0.00086087,0.14745
0.0055949,0.00068183,0.14096
0.0070018,0.00052533,0.13476
0.0085578,0.00039021,0.129
0.010262,0.00027587,0.12387
0.012117,0.00018173,0.11906
0.014125,0.00010733,0.11458
0.016291,5.2283e-05,0.11034
0.018619,1.6755e-05,0.10627
0.019764,1.6783e-05,0.10949
0.020951,1.7025e-05,0.11276
0.02219,1.7183e-05,0.11612
0.02347,1.7588e-05,0.11928
0.024802,1.796e-05,0.12245
0.026177,1.854e-05,0.12569
0.027604,1.91e-05,0.12899
0.029085,1.9667e-05,0.13245
0.030613,2.0412e-05,0.13586
0.032182,2.1449e-05,0.13904
0.029638,4.5317e-05,0.12528
0.027253,7.7274e-05,0.11302
0.025035,0.00011594,0.10222
0.022969,0.0001607,0.092606
0.021046,0.00021081,0.084041
0.019252,0.0002661,0.076411
0.017586,0.00032546,0.069538
0.016033,0.00038908,0.063465
0.014595,0.00045572,0.057983
0.013257,0.00052574,0.052898
0.013745,0.00026912,0.062674
0.014247,9.5627e-05,0.073414
0.01477,9.1989e-06,0.084959
0.015309,-1.4617e-05,0.097037
0.015867,-0.00011636,0.1098
0.016449,-0.00031919,0.12329
0.017042,-0.00062667,0.1374
0.017653,-0.0010432,0.15202
0.018302,-0.0015751,0.16748
0.018954,-0.0022224,0.18312
0.014838,-0.00067272,0.15681
0.011384,-3.4032e-05,0.13457
0.0085147,0.00017608,0.11577
0.0061671,0.0009905,0.099766
0.0042756,0.0023911,0.085988
0.0027719,0.0043199,0.074043
0.0016211,0.0067376,0.063558
0.00079063,0.0096278,0.05417
0.0002578,0.012999,0.045744
1.5908e-05,0.016875,0.038256
2.9947e-05,0.016037,0.041194
4.8357e-05,0.015223,0.044013
7.1399e-05,0.014431,0.046828
9.8452e-05,0.013665,0.049761
0.0001302,0.012921,0.052709
0.00016598,0.012201,0.055538
0.00020634,0.011502,0.058362
0.0002514,0.010825,0.061349
0.00030042,0.010171,0.064309
0.00035387,0.0095373,0.0672
0.00044787,0.0076153,0.056303
0.00054588,0.0059786,0.046868
0.00064884,0.0045968,0.038806
0.00075333,0.0034459,0.031906
0.00085945,0.0025008,0.026029
0.00096516,0.0017398,0.021021
0.0010681,0.0011426,0.016841
0.0011714,0.00068888,0.013318
0.0012732,0.00036212,0.010369
0.0013699,0.00014734,0.0079765
0.0010796,0.00028112,0.0077878
0.00082797,0.00045391,0.0076281
0.00061236,0.00066481,0.0074779
0.00042847,0.00091491,0.0072521
0.00027673,0.0012049,0.0070347
0.00015871,0.0015355,0.0067843
7.2274e-05,0.0019108,0.0065473
1.9215e-05,0.0023335,0.0063605
2.663e-08,0.00281,0.0061762
-1.6881e-05,0.003344,0.0060219
-7.2866e-05,0.0045924,0.0069852
-0.0001782,0.006135,0.0080213
-0.00034663,0.0080149,0.0091698
-0.00059076,0.010274,0.010412
-0.00092675,0.012959,0.011793
-0.0013661,0.016114,0.013339
-0.0019308,0.019792,0.015044
-0.0026335,0.024041,0.016828
-0.0034916,0.028912,0.018688
-0.0045288,0.034459,0.020795
-0.0036853,0.034792,0.032551
-0.00291,0.035128,0.046773
-0.0022171,0.035473,0.063243
-0.0016037,0.035825,0.081848
-0.0010799,0.036186,0.10248
-0.00064647,0.036551,0.12523
-0.00031867,0.03693,0.14975
-0.00010154,0.037317,0.17583
-4.5201e-06,0.037715,0.20342
3.6429e-05,0.03812,0.23255
0.00034136,0.033976,0.21732
0.00093674,0.030167,0.20426
0.0018055,0.026664,0.19309
0.0029274,0.023446,0.18356
0.0042931,0.02049,0.17528
0.0058957,0.017777,0.16782
0.0077141,0.015296,0.16117
0.0097589,0.013028,0.15537
0.012019,0.010965,0.15018
0.014494,0.0090955,0.1452
0.014455,0.0090708,0.12541
0.014426,0.0090497,0.10837
0.014401,0.0090325,0.093483
0.01439,0.0090179,0.080276
0.014377,0.0090071,0.068686
0.014366,0.0089997,0.058606
0.014361,0.0089948,0.049726
0.014365,0.008992,0.041762
0.014364,0.0089926,0.034777
0.014375,0.0089945,0.02859
0.013405,0.010297,0.036522
0.01246,0.011718,0.045477
0.011524,0.01327,0.055313
0.010618,0.014959,0.066106
0.0097377,0.016793,0.07775
0.0088742,0.018783,0.089962
0.0080447,0.020934,0.10284
0.0072377,0.023256,0.11625
0.0064652,0.025753,0.13017
0.0057234,0.028434,0.14445
0.0044232,0.029185,0.14081
0.0033019,0.029939,0.1375
0.0023509,0.030698,0.13449
0.0015645,0.031462,0.13169
0.00094223,0.03223,0.12903
0.00047831,0.033004,0.12671
0.00017115,0.033784,0.12453
1.8657e-05,0.03457,0.12241
-1.9412e-05,0.035362,0.12035
-0.00017249,0.036162,0.11839
-8.7125e-05,0.036191,0.092299
-3.2324e-05,0.036225,0.07108
-4.6386e-06,0.036262,0.053725
1.6167e-06,0.036303,0.0397
2.1005e-05,0.036348,0.028338
6.1634e-05,0.036393,0.019307
0.00012273,0.036437,0.012296
0.00020272,0.036483,0.0069839
0.00030136,0.03653,0.0032585
0.00041821,0.036577,0.0010007
0.00034567,0.032783,0.00068905
0.00028172,0.029304,0.00042757
0.00022628,0.026119,0.00022916
0.00017852,0.023208,9.2846e-05
0.00013779,0.020553,1.7673e-05
0.00010268,0.018141,-6.0781e-07
7.4028e-05,0.015949,-3.1307e-05
5.0918e-05,0.013963,-0.00010993
3.2573e-05,0.012171,-0.00023453
1.8749e-05,0.010557,-0.00039084
-2.6258e-06,0.011496,-8.648e-05
-5.8785e-05,0.012489,7.7616e-07
-0.00019252,0.013544,0.00012523
-0.00040746,0.01466,0.00047381
-0.00071103,0.015846,0.0010553
-0.0011107,0.017106,0.0018566
-0.0016125,0.018444,0.0028888
-0.0022232,0.019861,0.0041858
-0.0029507,0.021363,0.0057541
-0.0038075,0.022959,0.0075296
-0.0040021,0.025309,0.0034556
-0.0042059,0.027798,0.0009736
-0.0044195,0.030441,1.4308e-05
-0.0046409,0.033249,-0.0005568
-0.0048743,0.036243,-0.0025933
-0.0051206,0.039437,-0.0060914
-0.005378,0.042841,-0.01103
-0.005652,0.046478,-0.017482
-0.005938,0.050351,-0.025383
-0.0062397,0.054477,-0.034794
-0.0053958,0.064237,-0.028481
-0.0045967,0.075003,-0.02287
-0.0038427,0.086831,-0.018001
-0.0031385,0.099789,-0.013882
-0.0024897,0.11394,-0.010393
-0.0019015,0.12935,-0.0074366
-0.00138,0.14608,-0.0050482
-0.00093046,0.16418,-0.0031577
-0.00056121,0.18369,-0.0017528
-0.00027907,0.20468,-0.00080237
-0.00035755,0.21758,-4.0736e-06
-0.00044595,0.23096,0.00053786
-0.00054513,0.24482,0.0022219
-0.00065361,0.25916,0.0048779
-0.00077323,0.27399,0.0083688
-0.0009027,0.2893,0.012631
-0.0010422,0.30508,0.017495
-0.001192,0.32135,0.022895
-0.0013525,0.33809,0.028784
-0.0015224,0.3553,0.035206
-0.0011971,0.3401,0.04116
-0.00091501,0.32563,0.047294
-0.00067426,0.31182,0.053686
-0.00047252,0.29864,0.060434
-0.00030899,0.28605,0.067373
-0.000181,0.274,0.074412
-8.8451e-05,0.26248,0.081616
-2.9097e-05,0.25144,0.089049
-2.0248e-06,0.24086,0.096729
6.239e-06,0.23071,0.10434
-3.2359e-05,0.21636,0.10646
-0.00018806,0.2028,0.10897
-0.00046787,0.19002,0.11168
-0.00086662,0.17796,0.11439
-0.0013788,0.16656,0.11721
-0.0019958,0.15576,0.12019
-0.0027176,0.14556,0.12333
-0.0035404,0.13592,0.12634
-0.004458,0.12679,0.12936
-0.0054672,0.11815,0.13222
-0.0060073,0.11097,0.12249
-0.0065641,0.10416,0.11395
-0.0071384,0.097709,0.10633
-0.0077278,0.09159,0.099266
-0.0083353,0.085793,0.09294
-0.0089556,0.080291,0.086996
-0.0095909,0.075074,0.081557
-0.010242,0.07013,0.076705
-0.010904,0.065437,0.072143
-0.011581,0.060989,0.06804
-0.010002,0.056418,0.091248
-0.0085416,0.05204,0.11693
-0.0071952,0.047844,0.14464
-0.0059587,0.043817,0.17408
-0.0048312,0.039953,0.20506
-0.0038119,0.036247,0.23763
-0.0029075,0.032705,0.27164
-0.0021191,0.029326,0.30703
-0.0014477,0.026107,0.34345
-0.00089939,0.023056,0.38074
-0.00089619,0.022375,0.3985
-0.00089409,0.021707,0.4165
-0.00089008,0.021043,0.43491
-0.00088787,0.020394,0.45306
-0.00088435,0.019751,0.47137
-0.00087981,0.019117,0.49003
-0.00087473,0.018491,0.50893
-0.00087051,0.017878,0.52746
-0.0008658,0.017275,0.54606
-0.0008606,0.016682,0.56507
-0.00052181,0.01665,0.5205
-0.00027231,0.016617,0.4821
-0.00010643,0.016586,0.4488
-1.8109e-05,0.016556,0.41993
2.8088e-06,0.016527,0.39433
5.6267e-05,0.016499,0.37165
0.00017492,0.016472,0.35123
0.00035555,0.016447,0.33252
0.00059559,0.016422,0.31543
0.00089234,0.016399,0.29997
0.0013039,0.015674,0.24341
0.0017716,0.014983,0.19726
0.0022836,0.014327,0.15919
0.0028424,0.013698,0.12787
0.0034339,0.013101,0.1018
0.004056,0.01253,0.080077
0.0047064,0.011985,0.062081
0.005381,0.011463,0.04731
0.0060785,0.010963,0.035173
0.0067946,0.010484,0.025223
0.0068886,0.012146,0.018528
0.0069988,0.013914,0.012846
0.007096,0.015806,0.0082939
0.0071991,0.017824,0.0047755
0.0073047,0.019978,0.0022387
0.0074062,0.022283,0.00064755
0.0075179,0.024744,1.2172e-05
0.0076265,0.027378,-0.00033049
0.007741,0.030194,-0.0015887
0.0078566,0.033206,-0.003827
0.0086235,0.031506,-0.0043993
0.0094149,0.02986,-0.0050568
0.010241,0.028263,-0.0058177
0.011091,0.026718,-0.0066661
0.01197,0.025222,-0.0076085
0.012882,0.023773,-0.0086201
0.013818,0.022372,-0.0096994
0.014781,0.021018,-0.010827
0.015775,0.019708,-0.012059
0.016803,0.018443,-0.0134
0.01768,0.017402,-0.015809
0.018578,0.016391,-0.018344
0.019501,0.01541,-0.021063
0.02044,0.014458,-0.023992
0.021402,0.013534,-0.027094
0.022404,0.012638,-0.030334
0.023421,0.01177,-0.033723
0.024463,0.01093,-0.03736
0.025533,0.010117,-0.041178
0.026639,0.0093326,-0.04509
0.024467,0.0063454,-0.048436
0.022441,0.0039811,-0.051959
0.020537,0.0021964,-0.055516
0.018747,0.00095574,-0.058998
0.017064,0.00023085,-0.06252
0.015481,-1.2555e-07,-0.066219
0.013983,-0.00024933,-0.069974
0.012565,-0.00097154,-0.073625
0.011222,-0.0021662,-0.077327
0.0099502,-0.0038388,-0.08095
0.011536,-0.0048312,-0.079286
0.013269,-0.0059477,-0.077759
0.015137,-0.0071931,-0.076382
0.017151,-0.0085715,-0.075031
0.019322,-0.010087,-0.073755
0.021646,-0.011746,-0.072701
0.024141,-0.013551,-0.071725
0.026813,-0.015507,-0.070737
0.029651,-0.017621,-0.069883
0.032686,-0.019894,-0.068975
0.030768,-0.014026,-0.068024
0.028953,-0.0093293,-0.067476
0.027237,-0.0056898,-0.066974
0.025615,-0.0030116,-0.066515
0.024064,-0.001215,-0.066046
0.022602,-0.00023321,-0.065459
0.021191,1.5581e-05,-0.064903
0.019851,0.00052441,-0.064482
0.01856,0.0017367,-0.064039
0.017314,0.0036429,-0.063459
0.014566,0.0038797,-0.05396
0.012157,0.0041122,-0.046031
0.010057,0.0043409,-0.03929
0.0082293,0.0045653,-0.033411
0.006649,0.0047854,-0.028371
0.0052884,0.0050009,-0.024122
0.004129,0.0052127,-0.020465
0.0031512,0.005421,-0.017236
0.0023311,0.0056253,-0.014439
0.0016584,0.005827,-0.011961
0.001834,0.0068163,-0.013034
0.0020287,0.0079193,-0.014201
0.0022439,0.0091438,-0.015439
0.0024781,0.010497,-0.01673
0.0027365,0.011987,-0.018072
0.0030175,0.013622,-0.019537
0.0033205,0.015409,-0.021076
0.0036572,0.017358,-0.022607
0.0040177,0.019475,-0.024207
0.0044116,0.021769,-0.025901
0.0038249,0.022788,-0.020002
0.0032862,0.023821,-0.014992
0.0027936,0.024869,-0.010822
0.0023432,0.025933,-0.0074583
0.0019357,0.027016,-0.0047551
0.0015684,0.028118,-0.0026924
0.0012392,0.02924,-0.0012378
0.00094839,0.030384,-0.00036306
0.0006953,0.03155,-1.011e-05
0.00048185,0.032743,0.00016436
0.0010326,0.038395,0.00049355
0.0018284,0.044784,0.00099117
0.0028914,0.051971,0.0016689
0.0042571,0.060027,0.0025089
0.0059457,0.069012,0.0035381
0.0079899,0.078992,0.0047811
0.010419,0.090032,0.0062139
0.013275,0.1022,0.0077984
0.016579,0.11555,0.0095451
0.020361,0.13014,0.011533
0.016655,0.1316,0.013867
0.013364,0.13307,0.016318
0.010435,0.13452,0.018928
0.0078849,0.13597,0.021747
0.0057009,0.13741,0.024728
0.003875,0.13885,0.02775
0.002403,0.14029,0.030902
0.0012857,0.14173,0.034259
0.00051503,0.14316,0.03774
9.1509e-05,0.1446,0.041192
-5.6632e-05,0.14209,0.026842
-0.00059361,0.13968,0.016398
-0.0016833,0.13733,0.0089682
-0.0033078,0.13506,0.0039971
-0.0054592,0.13283,0.0011202
-0.0081297,0.13066,2.9923e-05
-0.011321,0.12852,-0.00045303
-0.015034,0.12641,-0.0022279
-0.019268,0.12433,-0.0052061
-0.024028,0.12227,-0.0092082
-0.025348,0.11277,-0.019414
-0.026672,0.10383,-0.032619
-0.028027,0.095367,-0.048339
-0.029397,0.087365,-0.06612
-0.030784,0.07979,-0.085758
-0.032202,0.072612,-0.1071
-0.033657,0.065809,-0.13
-0.035132,0.05937,-0.15426
-0.036625,0.053283,-0.17972
-0.038161,0.047531,-0.20665
-0.039695,0.048649,-0.16987
-0.041262,0.049756,-0.13959
-0.042823,0.050868,-0.11445
-0.044402,0.051979,-0.09339
-0.045988,0.053095,-0.075701
-0.0476,0.054212,-0.060932
-0.049218,0.055338,-0.048462
-0.050869,0.056465,-0.037971
-0.052536,0.057601,-0.029173
-0.054222,0.058745,-0.021891
-0.053489,0.062622,-0.034104
-0.052744,0.066658,-0.04822
-0.051989,0.070856,-0.063991
-0.051228,0.075217,-0.081346
-0.050462,0.079745,-0.099944
-0.049681,0.084447,-0.11971
-0.04888,0.089325,-0.14042
-0.048077,0.094374,-0.16159
-0.047261,0.099597,-0.18334
-0.046444,0.10499,-0.20582
-0.042727,0.10904,-0.17376
-0.039228,0.1131,-0.14722
-0.035939,0.11717,-0.12506
-0.032836,0.12125,-0.10651
-0.029918,0.12535,-0.090708
-0.027155,0.12948,-0.077077
-0.024563,0.13363,-0.065323
-0.022113,0.13781,-0.055262
-0.019817,0.14201,-0.046528
-0.017654,0.14625,-0.038889
-0.015135,0.13827,-0.04455
-0.012849,0.1307,-0.049998
-0.010786,0.12351,-0.055234
-0.008933,0.11669,-0.060126
-0.0072857,0.11019,-0.064732
-0.0058215,0.10403,-0.069228
-0.0045468,0.098167,-0.073546
-0.0034458,0.092585,-0.077776
-0.0025093,0.087274,-0.081896
-0.0017318,0.082217,-0.085782
-0.0024204,0.081966,-0.086511
-0.0032239,0.081714,-0.087168
-0.0041422,0.081461,-0.087818
-0.0051732,0.08121,-0.088436
-0.0063071,0.080973,-0.088812
-0.007564,0.080722,-0.089287
-0.0089266,0.08048,-0.089654
-0.010403,0.080235,-0.089975
-0.011992,0.07999,-0.090297
-0.013689,0.079748,-0.090629
-0.013554,0.077499,-0.093036
-0.013424,0.075302,-0.095599
-0.013292,0.073161,-0.098197
-0.013163,0.071071,-0.10108
-0.013035,0.069031,-0.10401
-0.012911,0.067039,-0.10701
-0.012781,0.065097,-0.11021
-0.012657,0.063198,-0.11318
-0.012532,0.061345,-0.11621
-0.012408,0.059536,-0.1191
-0.013424,0.052635,-0.11828
-0.014462,0.046288,-0.11769
-0.015521,0.040462,-0.11715
-0.016602,0.035127,-0.11647
-0.017699,0.030254,-0.1158
-0.018813,0.025818,-0.11531
-0.019943,0.021795,-0.1149
-0.021094,0.018165,-0.11429
-0.022264,0.014907,-0.11369
-0.023454,0.012006,-0.11326
-0.021529,0.0099061,-0.09448
-0.019784,0.0080642,-0.078653
-0.018197,0.0064599,-0.065158
-0.01675,0.0050745,-0.053845
-0.015433,0.0038906,-0.044277
-0.014238,0.0028923,-0.036188
-0.013144,0.0020645,-0.029398
-0.012151,0.0013941,-0.023561
-0.011246,0.00086855,-0.018633
-0.010422,0.0004764,-0.014428
-0.0093144,0.00038924,-0.024285
-0.0082407,0.00030982,-0.036931
-0.0071943,0.00023815,-0.052488
-0.0061759,0.00017455,-0.071001
-0.0051923,0.00011973,-0.092773
-0.0042515,7.4294e-05,-0.11811
-0.003365,3.8975e-05,-0.14694
-0.0025474,1.4576e-05,-0.17901
-0.0018142,1.8138e-06,-0.21446
-0.001182,-1.3597e-06,-0.25337
-0.0008585,2.4488e-05,-0.25409
-0.00058729,0.00012187,-0.25489
-0.00036757,0.00029252,-0.25595
-0.00019941,0.00053593,-0.25761
-8.2492e-05,0.00085198,-0.25944
-1.6299e-05,0.0012397,-0.26129
1.0119e-06,0.0016991,-0.26325
3.663e-05,0.0022299,-0.26575
0.00012314,0.0028328,-0.26835
0.00026076,0.0035073,-0.27083
1.0985e-05,0.0034128,-0.25015
-8.5909e-05,0.0033146,-0.23204
-0.00046805,0.0032144,-0.21578
-0.0011424,0.0031117,-0.2009
-0.0020964,0.0030076,-0.18732
-0.0033201,0.0029026,-0.17511
-0.0048059,0.0027977,-0.16385
-0.0065474,0.0026921,-0.1532
-0.0085412,0.0025877,-0.14328
-0.010784,0.0024838,-0.13405
-0.01086,0.0019237,-0.14659
-0.010936,0.0014301,-0.15926
-0.011013,0.0010058,-0.17216
-0.011091,0.00065274,-0.18538
-0.011169,0.00037354,-0.19874
-0.011249,0.00017035,-0.21221
-0.011329,4.5137e-05,-0.22576
-0.011409,1.1431e-07,-0.23934
-0.011491,-3.708e-05,-0.25292
-0.011572,-0.00015767,-0.26678
-0.009853,-0.00039746,-0.25382
-0.0083,-0.00073829,-0.24239
-0.0069036,-0.0011738,-0.23188
-0.0056553,-0.001699,-0.22205
-0.0045476,-0.0023097,-0.21298
-0.0035736,-0.0030011,-0.20436
-0.0027275,-0.0037703,-0.1963
-0.0020037,-0.0046149,-0.18898
-0.0013974,-0.0055318,-0.18207
-0.00090425,-0.0065193,-0.17542
-0.00089783,-0.0042409,-0.19657
-0.00089026,-0.002429,-0.21846
-0.00088147,-0.0011029,-0.24096
-0.00087135,-0.00028477,-0.26381
-0.00085978,-6.9942e-08,-0.28704
-0.00084691,0.00027588,-0.31034
-0.0008324,0.0011409,-0.33389
-0.00081646,0.002623,-0.35729
-0.000799,0.0047513,-0.38073
-0.00078008,0.0075555,-0.4042
-0.00070865,0.012435,-0.33426
-0.0006409,0.018251,-0.27672
-0.00057667,0.024927,-0.22852
-0.00051594,0.032426,-0.18785
-0.00045864,0.040742,-0.15311
-0.00040455,0.049885,-0.12305
-0.00035392,0.059905,-0.097269
-0.00030653,0.07085,-0.075144
-0.00026244,0.082789,-0.056282
-0.00022161,0.095798,-0.040528
-0.00019626,0.089611,-0.057881
-0.00017265,0.083682,-0.076971
-0.0001506,0.077992,-0.097469
-0.00013009,0.072531,-0.11936
-0.00011114,0.067293,-0.14227
-9.3609e-05,0.062262,-0.16582
-7.7554e-05,0.057437,-0.19009
-6.2817e-05,0.052806,-0.21515
-4.9579e-05,0.048373,-0.24071
-3.7748e-05,0.04413,-0.26644
1.464e-05,0.045761,-0.25036
0.00018732,0.047395,-0.23587
0.00054968,0.049035,-0.22296
0.0010974,0.050682,-0.21145
0.0018265,0.05234,-0.20105
0.0027348,0.05401,-0.19146
0.0038214,0.05569,-0.18258
0.0050833,0.057386,-0.17461
0.0065228,0.059097,-0.1672
0.0081377,0.060826,-0.16019
0.0085992,0.061003,-0.14248
0.0090668,0.061191,-0.12667
0.0095438,0.061387,-0.11236
0.01003,0.061592,-0.099295
0.010527,0.061803,-0.087366
0.011029,0.062023,-0.076779
0.01154,0.062251,-0.067135
0.012059,0.062485,-0.058217
0.012585,0.062725,-0.050135
0.013123,0.06297,-0.042823
0.010641,0.061388,-0.030897
0.0084688,0.059883,-0.021514
0.0065924,0.05845,-0.014152
0.0049789,0.057078,-0.0085854
0.0036195,0.055763,-0.0045547
0.0024939,0.054499,-0.0019093
0.0015906,0.053279,-0.00043278
0.00089745,0.052099,2.4226e-06
0.00040588,0.050955,0.00053709
0.0001086,0.049839,0.0019232
-4.7078e-07,0.047261,0.00309
-0.00013499,0.044788,0.0044869
-0.00050275,0.042414,0.0061241
-0.0010956,0.04013,0.008012
-0.0019068,0.037933,0.010129
-0.002935,0.035812,0.012542
-0.0041786,0.033763,0.015179
-0.0056386,0.031782,0.017991
-0.0073107,0.029866,0.021021
-0.0092119,0.028007,0.024292
-0.0095093,0.028199,0.010697
-0.0098091,0.028382,0.0028956
-0.010114,0.028558,4.1319e-05
-0.010418,0.028736,-0.0015274
-0.010729,0.028915,-0.0069641
-0.011049,0.029097,-0.016214
-0.011375,0.029286,-0.029136
-0.011706,0.029486,-0.045761
-0.012044,0.029698,-0.066005
-0.012397,0.029916,-0.089634
-0.010783,0.028145,-0.080387
-0.0093153,0.026486,-0.0723
-0.007995,0.024923,-0.065233
-0.0068051,0.023454,-0.059141
-0.0057358,0.022073,-0.05382
-0.0047842,0.020771,-0.048968
-0.0039398,0.019544,-0.044649
-0.0031954,0.018387,-0.040711
-0.0025438,0.017299,-0.037168
-0.0019812,0.016271,-0.034051
-0.0017291,0.015779,-0.034373
-0.0014979,0.015293,-0.034678
-0.0012847,0.014815,-0.034978
-0.0010878,0.014348,-0.03532
-0.00091099,0.013883,-0.035693
-0.00074997,0.01343,-0.036176
-0.00060519,0.012985,-0.036709
-0.00047863,0.012542,-0.037227
-0.00036448,0.012118,-0.037917
-0.00026826,0.011695,-0.038415
-0.00022196,0.011164,-0.048343
-0.00017871,0.010637,-0.059283
-0.0001404,0.010106,-0.071312
-0.00010588,0.0095763,-0.084597
-7.6146e-05,0.0090454,-0.098978
-5.0459e-05,0.0085209,-0.11439
-3.0033e-05,0.0079967,-0.13076
-1.4687e-05,0.0074776,-0.14783
-4.5827e-06,0.0069674,-0.16577
-2.2714e-07,0.00646,-0.18471
-4.3368e-05,0.0091091,-0.15094
-0.00015538,0.012099,-0.12262
-0.00033116,0.015406,-0.098773
-0.00056685,0.019025,-0.078703
-0.00085739,0.022972,-0.061828
-0.0012095,0.027241,-0.047392
-0.001619,0.031872,-0.03516
-0.0020916,0.036885,-0.024916
-0.0026318,0.042312,-0.016532
-0.003241,0.048197,-0.009953
-0.0028326,0.045163,-0.0095009
-0.0024611,0.042284,-0.0090335
-0.0021242,0.039553,-0.0085901
-0.0018216,0.03696,-0.0081918
-0.0015466,0.03451,-0.0078322
-0.0013009,0.032188,-0.0074238
-0.001084,0.029984,-0.0070426
-0.00089147,0.0279,-0.0066623
-0.00072031,0.025937,-0.0062932
-0.00057356,0.024073,-0.0059941
-0.00069963,0.021711,-0.0054491
-0.00083137,0.019537,-0.0049031
-0.00097188,0.017528,-0.0043874
-0.0011161,0.015683,-0.0039257
-0.0012667,0.013984,-0.0035016
-0.0014205,0.012426,-0.0030752
-0.0015773,0.011,-0.0026728
-0.0017368,0.0096952,-0.0023326
-0.0019,0.0085028,-0.0020177
-0.0020638,0.0074181,-0.0017036
-0.0024611,0.0065239,-0.0040465
-0.0028972,0.0056826,-0.0073886
-0.0033738,0.0048898,-0.011724
-0.0038971,0.0041414,-0.017173
-0.004474,0.003436,-0.023733
-0.0051081,0.002777,-0.031424
-0.0058032,0.0021695,-0.040351
-0.0065729,0.0016176,-0.0506
-0.0074158,0.001131,-0.062187
-0.008346,0.00071753,-0.074929
-0.0080908,0.0011806,-0.090885
-0.0078399,0.0017813,-0.10837
-0.0075868,0.0025337,-0.12738
-0.0073434,0.003448,-0.14811
-0.0071002,0.0045394,-0.17033
-0.0068598,0.0058198,-0.1941
-0.0066084,0.0073066,-0.2195
-0.006371,0.0090032,-0.24621
-0.0061406,0.010923,-0.27396
-0.0058985,0.013084,-0.30294
-0.0067954,0.014518,-0.33213
-0.0077703,0.016057,-0.36222
-0.008818,0.017708,-0.39303
-0.0099577,0.019463,-0.42387
-0.011176,0.02133,-0.45511
-0.012469,0.023314,-0.48659
-0.013859,0.025403,-0.51802
-0.015325,0.027609,-0.54923
-0.016873,0.029927,-0.58021
-0.018508,0.032357,-0.6118
-0.018573,0.037892,-0.57369
-0.01864,0.043766,-0.54128
-0.018693,0.049983,-0.51366
-0.018749,0.056534,-0.48986
-0.01879,0.063426,-0.46881
-0.018857,0.070644,-0.44999
-0.018917,0.078199,-0.43305
-0.018967,0.086096,-0.41781
-0.019022,0.094328,-0.40396
-0.019078,0.1029,-0.39104
-0.015874,0.093142,-0.37221
-0.013052,0.084159,-0.35617
-0.010581,0.075885,-0.34206
-0.008419,0.06827,-0.3298
-0.0065613,0.061251,-0.31871
-0.0049725,0.054792,-0.30854
-0.0036375,0.04885,-0.29928
-0.0025373,0.043386,-0.29045
-0.0016548,0.038369,-0.28232
-0.00097368,0.03377,-0.27465
-0.0013154,0.038603,-0.24948
-0.0017037,0.043704,-0.22667
-0.00214,0.049075,-0.20587
-0.0026224,0.054722,-0.18659
-0.003152,0.060647,-0.16881
-0.0037284,0.066858,-0.15247
-0.0043536,0.07336,-0.13735
-0.0050304,0.080158,-0.12345
-0.0057564,0.087264,-0.11052
-0.0065369,0.094679,-0.098467
-0.0085915,0.10918,-0.080992
-0.010962,0.12495,-0.06576
-0.013672,0.14204,-0.05231
-0.016736,0.16054,-0.040565
-0.020176,0.18051,-0.030429
-0.024003,0.20202,-0.021818
-0.028249,0.22512,-0.014696
-0.032924,0.24985,-0.0090609
-0.038036,0.27629,-0.0048434
-0.043618,0.30443,-0.0019376
-0.046505,0.31485,-0.00030503
-0.049479,0.32543,7.0693e-05
-0.052567,0.33616,0.0011531
-0.05572,0.34706,0.0034865
-0.058981,0.35809,0.0070242
-0.062333,0.36928,0.011637
-0.065784,0.38061,0.017301
-0.069332,0.39207,0.023905
-0.072964,0.40368,0.031377
-0.076682,0.41543,0.039707
-0.074969,0.40541,0.018953
-0.073328,0.3959,0.0071628
-0.071765,0.3868,0.0014533
-0.070263,0.3781,-1.054e-05
-0.06881,0.36976,-0.0016528
-0.067407,0.36175,-0.0055675
-0.06606,0.35403,-0.011253
-0.064757,0.3466,-0.018383
-0.063493,0.33944,-0.026666
-0.062268,0.33253,-0.035853
-0.050852,0.30414,-0.027886
-0.040938,0.27819,-0.022315
-0.03239,0.25445,-0.018235
-0.02508,0.23272,-0.015084
-0.018906,0.21278,-0.012671
-0.013758,0.19449,-0.010823
-0.0095573,0.17769,-0.0093613
-0.0062154,0.16225,-0.0081196
-0.0036612,0.14806,-0.0070993
-0.001827,0.13499,-0.0062717
-0.0012708,0.1342,-0.0089215
-0.0008179,0.1334,-0.011817
-0.00046498,0.13261,-0.014911
-0.000212,0.13183,-0.018073
-5.753e-05,0.13104,-0.021332
-3.9555e-07,0.13026,-0.024736
3.9731e-05,0.12949,-0.028203
0.00017501,0.12871,-0.031623
0.00040456,0.12794,-0.035065
0.00072892,0.12717,-0.038582
0.00076221,0.12886,-0.038515
0.00079674,0.13056,-0.038418
0.00083043,0.13226,-0.038398
0.00086744,0.13396,-0.038336
0.00090386,0.13568,-0.038357
0.00094074,0.1374,-0.038534
0.00097954,0.13912,-0.038776
0.0010191,0.14086,-0.039124
0.0010589,0.14259,-0.039485
0.001099,0.14434,-0.039795
0.0013858,0.13317,-0.015158
0.0016924,0.1228,-0.0028221
0.002018,0.11314,0.00013671
0.0023616,0.10409,0.0051936
0.0027228,0.095585,0.01666
0.0031055,0.087558,0.033505
0.0035066,0.07996,0.055149
0.0039318,0.072752,0.081129
0.0043791,0.0659,0.11113
0.0048542,0.059382,0.14467
0.0057974,0.061602,0.087719
0.006784,0.063798,0.048529
0.0078202,0.065984,0.022613
0.0089088,0.068177,0.0072126
0.01006,0.070392,0.00051295
0.01128,0.072641,-0.0014053
0.012583,0.074933,-0.0091775
0.013981,0.077275,-0.023255
0.015476,0.079679,-0.043278
0.017086,0.082146,-0.068891
0.01809,0.084825,-0.053842
0.019119,0.08752,-0.041558
0.02017,0.09024,-0.03163
0.02125,0.092985,-0.023638
0.022355,0.095761,-0.017229
0.02349,0.09857,-0.012099
0.024655,0.10141,-0.0080876
0.025851,0.10429,-0.0050975
0.027078,0.10721,-0.0028976
0.028334,0.11017,-0.0013608
0.025639,0.10286,-0.001202
0.023133,0.095981,-0.0010832
0.020807,0.089495,-0.00097329
0.01865,0.083386,-0.00088006
0.016658,0.077632,-0.00080208
0.014816,0.072216,-0.00071659
0.013124,0.067115,-0.00065088
0.011565,0.062319,-0.00058583
0.010134,0.057811,-0.00052102
0.0088332,0.053568,-0.00046782
0.011038,0.0531,-0.00086982
0.013501,0.052634,-0.0013823
0.016231,0.052168,-0.0019947
0.019234,0.051702,-0.0026638
0.022523,0.051234,-0.0033824
0.026088,0.050775,-0.0041603
0.029954,0.050313,-0.0049757
0.034125,0.049854,-0.0058752
0.038611,0.049395,-0.0068182
0.043421,0.048938,-0.0077445
0.040189,0.053756,-0.0074
0.03708,0.058792,-0.0070428
0.034087,0.06405,-0.0067413
0.031214,0.069531,-0.0064316
0.028469,0.075236,-0.0060628
0.025827,0.081176,-0.0058057
0.023303,0.087352,-0.0055692
0.020904,0.093763,-0.005287
0.018624,0.10042,-0.0050131
0.016455,0.10732,-0.0048144
0.015964,0.10563,-0.0025033
0.015483,0.10397,-0.001002
0.015027,0.10233,-0.00015819
0.014567,0.10073,1.8831e-05
0.014118,0.099157,0.00042932
0.013674,0.097607,0.0013174
0.013239,0.096081,0.0026367
0.012818,0.094578,0.0043961
0.012403,0.093098,0.0065026
0.011998,0.09164,0.0089169
0.0097442,0.088699,0.0068539
0.0077564,0.08586,0.0051545
0.0060313,0.08312,0.0039041
0.0045427,0.080471,0.0028837
0.0032823,0.077909,0.0020523
0.0022429,0.075431,0.0014436
0.0014116,0.073029,0.00096983
0.00077944,0.070702,0.00061354
0.00033873,0.068444,0.00036163
8.128e-05,0.066253,0.00018223
0.00015008,0.065829,0.001057
0.00023919,0.06541,0.0025712
0.00034876,0.064996,0.0046651
0.00047998,0.064589,0.0074287
0.00063164,0.064186,0.010694
0.00080379,0.063785,0.014367
0.0009965,0.063388,0.018428
0.0012112,0.062995,0.023053
0.0014469,0.062604,0.028027
0.0017028,0.062211,0.033166
0.0015149,0.054637,0.026062
0.0013395,0.047805,0.020106
0.001179,0.041662,0.015373
0.0010314,0.036148,0.011575
0.00089476,0.03121,0.0084223
0.00077148,0.026808,0.0059865
0.0006581,0.02289,0.0040056
0.00055484,0.019419,0.0024751
0.00046188,0.016358,0.0013582
0.00038241,0.013679,0.0007199
0.00036782,0.014686,0.00067984
0.00035284,0.015744,0.00063039
0.00033685,0.016854,0.00056106
0.00032155,0.018022,0.00051256
0.00030611,0.019247,0.0004651
0.00028915,0.020526,0.00038681
0.00027325,0.021868,0.00033609
0.00025742,0.023273,0.00029987
0.0002415,0.02474,0.00026668
0.0002254,0.026271,0.00023804
0.00046652,0.025974,-3.0301e-05
0.00079436,0.025682,-0.00066504
0.0012083,0.025389,-0.0021109
0.0017111,0.025098,-0.0043402
0.0023044,0.024809,-0.0073368
0.0029933,0.024523,-0.010985
0.0037801,0.024239,-0.015329
0.0046687,0.023955,-0.020425
0.0056688,0.023678,-0.02606
0.0067789,0.0234,-0.032393
0.0057439,0.02335,-0.041312
0.0047906,0.023299,-0.050928
0.0039159,0.023243,-0.061506
0.00312,0.023178,-0.073256
0.0024126,0.023116,-0.085324
0.0017872,0.023043,-0.098624
0.001247,0.022958,-0.1131
0.00079893,0.022867,-0.12838
0.00045191,0.022789,-0.14268
0.00019851,0.022693,-0.15881
0.00077061,0.024228,-0.16901
0.0017345,0.025839,-0.17954
0.0031068,0.027523,-0.19045
0.0049072,0.029284,-0.20183
0.0071613,0.031133,-0.21321
0.0098837,0.033064,-0.22573
0.013099,0.035081,-0.23846
0.016831,0.037191,-0.2514
0.0211,0.039393,-0.26452
0.025937,0.041695,-0.27742
0.028884,0.041836,-0.21225
0.031908,0.041975,-0.16124
0.034998,0.042101,-0.12066
0.038189,0.042239,-0.088563
0.041456,0.042364,-0.062935
0.044815,0.042485,-0.042629
0.048283,0.042608,-0.026975
0.051853,0.042724,-0.015255
0.055554,0.042847,-0.0071061
0.059376,0.042965,-0.0021765
0.059905,0.053111,-0.0050581
0.060451,0.064592,-0.0090395
0.060993,0.077474,-0.013914
0.061547,0.091846,-0.019544
0.062102,0.10777,-0.02579
0.062659,0.12533,-0.032603
0.063223,0.14459,-0.039829
0.0638,0.16561,-0.047311
0.064366,0.18842,-0.054839
0.064951,0.2131,-0.062689
0.061153,0.22047,-0.074959
0.057484,0.22797,-0.087704
0.053922,0.23555,-0.10053
0.050474,0.24324,-0.1133
0.047145,0.25103,-0.12617
0.04392,0.25891,-0.13906
0.040822,0.2669,-0.15221
0.037824,0.27496,-0.1649
0.034945,0.28312,-0.17762
0.032202,0.29141,-0.19098
0.035727,0.28419,-0.2142
0.039428,0.27715,-0.23771
0.043295,0.27028,-0.2611
0.047325,0.26356,-0.28409
0.051521,0.257,-0.307
0.055884,0.25059,-0.32969
0.060405,0.24433,-0.35213
0.065088,0.2382,-0.37415
0.069929,0.23222,-0.39597
0.074923,0.22636,-0.41782
0.07599,0.20824,-0.49
0.077058,0.19104,-0.56256
0.078135,0.17473,-0.6354
0.079208,0.15926,-0.70776
0.080296,0.14464,-0.78031
0.08139,0.13082,-0.8524
0.082482,0.11778,-0.92409
0.083585,0.10551,-0.99526
0.084695,0.093998,-1.0661
0.085808,0.083213,-1.137
0.084144,0.083547,-1.0295
0.082555,0.083878,-0.94445
0.08104,0.084212,-0.87523
0.079556,0.084521,-0.81611
0.07815,0.084849,-0.76616
0.076794,0.085177,-0.72289
0.075476,0.085498,-0.68447
0.074186,0.085808,-0.6495
0.072932,0.086113,-0.61777
0.071726,0.086429,-0.58927
0.080385,0.083319,-0.54977
0.089461,0.080327,-0.51486
0.098916,0.077411,-0.48253
0.10875,0.074568,-0.45222
0.11903,0.071849,-0.42505
0.12966,0.069173,-0.39897
0.14068,0.066572,-0.37466
0.15212,0.064053,-0.35208
0.16397,0.061598,-0.33083
0.1762,0.059203,-0.31086
0.18399,0.0582,-0.29958
0.19195,0.057226,-0.28897
0.20002,0.056244,-0.27825
0.20823,0.055275,-0.26812
0.21658,0.054315,-0.25834
0.22509,0.053369,-0.2488
0.23371,0.052424,-0.23946
0.24248,0.051494,-0.23069
0.25141,0.050577,-0.22236
0.26045,0.049663,-0.21406
0.25439,0.050546,-0.16515
0.24861,0.051416,-0.12597
0.24302,0.052247,-0.094193
0.23766,0.053065,-0.068605
0.23247,0.053854,-0.048124
0.22746,0.054632,-0.032002
0.22258,0.055385,-0.019653
0.21785,0.05612,-0.010639
0.21325,0.056844,-0.0045607
0.20879,0.05756,-0.0011114
0.21924,0.053867,-0.00069353
0.23,0.050325,-0.00036306
0.241,0.046905,-0.00012583
0.25226,0.043614,-1.0263e-05
0.26378,0.040449,2.6441e-05
0.27558,0.037415,0.00018628
0.28765,0.034508,0.00049589
0.30001,0.03173,0.00096319
0.31262,0.029069,0.0015961
0.3255,0.026531,0.0023725
0.31889,0.024506,-0.0022828
0.31252,0.022591,-0.01824
0.30627,0.020762,-0.046106
0.30011,0.019017,-0.083066
0.29405,0.017355,-0.12728
0.28809,0.01578,-0.17762
0.28217,0.014278,-0.23279
0.27635,0.012865,-0.29209
0.27053,0.011514,-0.35471
0.2648,0.010248,-0.42069
0.24491,0.0077546,-0.38485
0.2264,0.0056719,-0.35764
0.20912,0.003962,-0.33662
0.19296,0.0025899,-0.32011
0.17786,0.0015344,-0.30691
0.16374,0.00077046,-0.29631
0.15052,0.00027605,-0.2875
0.13815,3.2821e-05,-0.2799
0.12657,-2.4058e-05,-0.27346
0.11573,-0.00023426,-0.26807
0.1126,-4.9915e-05,-0.21767
0.10959,6.9241e-07,-0.17637
0.1067,7.1517e-05,-0.14247
0.10391,0.00025028,-0.11447
0.10121,0.00052675,-0.091121
0.098587,0.00089182,-0.071531
0.09605,0.0013395,-0.055246
0.093582,0.0018626,-0.041777
0.091187,0.0024581,-0.030733
0.088857,0.0031214,-0.021719
0.090187,0.0035781,-0.027191
0.091534,0.0040676,-0.032853
0.092899,0.0045902,-0.038673
0.094277,0.0051446,-0.044595
0.095675,0.0057328,-0.050571
0.0971,0.0063576,-0.056701
0.098527,0.0070105,-0.062695
0.099983,0.0077013,-0.068841
0.10145,0.0084246,-0.074927
0.10294,0.0091798,-0.080816
0.10277,0.0080042,-0.091967
0.1026,0.006909,-0.10301
0.10243,0.0058958,-0.11408
0.10226,0.0049656,-0.12503
0.10209,0.0041174,-0.13598
0.10191,0.003348,-0.14697
0.10175,0.0026621,-0.1578
0.10157,0.0020546,-0.16854
0.1014,0.001527,-0.17922
0.10123,0.0010784,-0.19004
0.096548,0.00099735,-0.14694
0.09213,0.00092075,-0.1126
0.087977,0.00085253,-0.085117
0.084019,0.00078553,-0.063126
0.080256,0.00072206,-0.045552
0.076674,0.00066234,-0.031704
0.07326,0.00060652,-0.020989
0.070004,0.00055464,-0.012916
0.066881,0.00050498,-0.0069862
0.063895,0.00045889,-0.0030089
0.058685,0.00059599,-0.0013565
0.05384,0.00074734,-0.0003867
0.049312,0.00090842,-7.513e-06
0.045096,0.0010804,0.00019483
0.041161,0.0012606,0.00091396
0.037493,0.0014488,0.0021416
0.034075,0.0016447,0.0038425
0.030884,0.0018465,0.0059426
0.027914,0.0020559,0.0084457
0.02514,0.0022704,0.011245
0.026056,0.0036008,0.00543
0.026987,0.0052372,0.0017714
0.027948,0.0071969,0.00012057
0.028945,0.0095027,-0.00039748
0.029988,0.012183,-0.002566
0.03108,0.015269,-0.0065631
0.032232,0.018795,-0.012387
0.033452,0.022802,-0.020018
0.034737,0.027319,-0.029366
0.036097,0.032386,-0.040387
0.035137,0.02963,-0.029215
0.034204,0.027052,-0.020486
0.033298,0.024642,-0.013726
0.032415,0.022387,-0.0085382
0.031557,0.020278,-0.0047598
0.030721,0.018307,-0.0021532
0.029906,0.016466,-0.00061619
0.029111,0.014748,-1.9713e-05
0.028334,0.013145,0.00022976
0.027574,0.011653,0.0011787
0.027084,0.010111,0.0016711
0.026605,0.0087011,0.0022015
0.026135,0.007415,0.0027889
0.025679,0.0062501,0.0034718
0.025227,0.0051969,0.0041877
0.024785,0.0042533,0.004925
0.024353,0.0034146,0.0056972
0.023929,0.0026763,0.0064626
0.023512,0.0020344,0.0072681
0.023101,0.0014857,0.0081539
0.020594,0.0013683,0.0028201
0.018333,0.001259,0.00033037
0.016283,0.0011568,-0.00022043
0.014412,0.0010608,-0.0021285
0.012692,0.00097013,-0.0057988
0.011102,0.00088427,-0.011126
0.0096221,0.00080245,-0.018021
0.0082377,0.00072422,-0.026407
0.0069439,0.00064941,-0.03644
0.0057355,0.00057773,-0.048147
0.0066015,0.00041681,-0.043912
0.0075188,0.00028379,-0.040083
0.0084902,0.00017725,-0.036591
0.0095147,9.6168e-05,-0.033236
0.010596,3.9902e-05,-0.030159
0.011736,8.0276e-06,-0.027183
0.012935,-4.2419e-07,-0.024423
0.014198,-1.7197e-05,-0.021936
0.015527,-5.8721e-05,-0.019623
0.016925,-0.0001256,-0.017391
0.016808,-1.9033e-05,-0.028093
0.016694,7.5806e-06,-0.041589
0.016568,0.00010405,-0.057909
0.016441,0.00032428,-0.077336
0.016306,0.00068675,-0.099773
0.016163,0.0012116,-0.12508
0.016016,0.0019197,-0.15335
0.015863,0.0028324,-0.18443
0.015708,0.003971,-0.21825
0.015547,0.0053569,-0.25438
0.018367,0.0066636,-0.25528
0.021444,0.0081208,-0.25682
0.024792,0.0097312,-0.25878
0.028418,0.011498,-0.2608
0.032329,0.013425,-0.26312
0.036538,0.015514,-0.26603
0.041048,0.017771,-0.26915
0.045877,0.020196,-0.27229
0.051033,0.022793,-0.27559
0.056514,0.025568,-0.27935
0.053191,0.023472,-0.31503
0.04995,0.021468,-0.35076
0.046808,0.01955,-0.38673
0.043758,0.017722,-0.4227
0.040795,0.015985,-0.45895
0.037925,0.014338,-0.49545
0.03516,0.012779,-0.53189
0.032485,0.011311,-0.569
0.029908,0.0099331,-0.60611
0.027425,0.0086469,-0.64288
0.030123,0.0082281,-0.56245
0.032834,0.0078265,-0.4967
0.035565,0.0074399,-0.44162
0.03832,0.0070666,-0.39438
0.041099,0.0067065,-0.35361
0.0439,0.0063598,-0.3184
0.046736,0.0060237,-0.28747
0.049594,0.0057002,-0.26011
0.052489,0.0053871,-0.23572
0.055415,0.005085,-0.21357
0.052364,0.0097732,-0.18552
0.049461,0.015841,-0.16062
0.046676,0.023245,-0.13851
0.04399,0.03197,-0.11872
0.041397,0.042021,-0.10099
0.038882,0.053428,-0.084936
0.036428,0.066242,-0.070621
0.034038,0.080518,-0.057841
0.0317,0.096332,-0.04649
0.029412,0.11376,-0.036618
0.023975,0.11452,-0.051124
0.01912,0.11527,-0.066814
0.014824,0.11602,-0.083279
0.011081,0.11678,-0.10015
0.0078837,0.11753,-0.11738
0.0052313,0.11829,-0.13499
0.0031167,0.11906,-0.1527
0.0015457,0.11983,-0.17061
0.00052028,0.12059,-0.18885
3.863e-05,0.12137,-0.20669
1.6289e-05,0.1297,-0.20175
3.4543e-06,0.13832,-0.197
-1.1748e-07,0.14723,-0.19247
-6.2945e-06,0.15644,-0.18794
-2.172e-05,0.16594,-0.18346
-4.6511e-05,0.17572,-0.17907
-8.1126e-05,0.1858,-0.175
-0.00012463,0.19617,-0.17108
-0.00017699,0.20683,-0.16726
-0.00023912,0.21777,-0.16367
-0.00024463,0.21386,-0.14959
-0.00025095,0.2101,-0.1371
-0.00025784,0.20649,-0.12608
-0.0002639,0.20302,-0.11634
-0.00027095,0.19969,-0.10763
-0.00027887,0.19647,-0.0999
-0.00028533,0.19338,-0.09305
-0.0002935,0.19039,-0.086673
-0.0003014,0.1875,-0.080873
-0.00030948,0.18472,-0.07542
-8.5793e-05,0.18902,-0.063659
-9.3875e-07,0.19335,-0.053342
5.3005e-05,0.19771,-0.044461
0.0002414,0.20212,-0.036712
0.00056624,0.20658,-0.029969
0.001026,0.21108,-0.024282
0.0016198,0.2156,-0.019397
0.0023491,0.22017,-0.0153
0.0032113,0.22477,-0.011798
0.0042088,0.22942,-0.008814
0.0044702,0.22137,-0.0042872
0.004731,0.21362,-0.0014614
0.0049926,0.20616,-0.00014724
0.0052493,0.19893,0.00015639
0.0055057,0.19195,0.0013104
0.0057739,0.18529,0.0034496
0.0060355,0.1788,0.00648
0.0062976,0.17253,0.010401
0.006557,0.16644,0.015093
0.0068206,0.16057,0.020574
0.008845,0.17197,0.012722
0.01117,0.18389,0.0070691
0.013793,0.19628,0.0032508
0.016732,0.20916,0.0010087
0.020002,0.22257,6.4839e-05
0.023603,0.23646,-0.0002154
0.027563,0.25091,-0.0013252
0.031887,0.26589,-0.0032583
0.036571,0.28135,-0.0058537
0.041647,0.29738,-0.0091004
0.041934,0.28941,-0.0059532
0.042217,0.28173,-0.0037578
0.042492,0.27432,-0.0022193
0.042768,0.26718,-0.0012063
0.043038,0.26028,-0.00055122
0.043301,0.2536,-0.00017718
0.043559,0.24713,-1.5026e-05
0.043809,0.24087,2.5701e-05
0.044068,0.23485,0.00016905
0.044314,0.22899,0.00043803
0.043302,0.21112,0.0043124
0.042307,0.19443,0.011408
0.041325,0.17882,0.021119
0.040369,0.16425,0.032784
0.039437,0.15064,0.045969
0.038511,0.13786,0.060767
0.037609,0.12592,0.076569
0.036717,0.11472,0.093514
0.035842,0.10422,0.11132
0.034981,0.094391,0.12983
0.029684,0.095031,0.13048
0.024886,0.095701,0.13069
0.020553,0.096333,0.13169
0.016674,0.096958,0.13304
0.013233,0.097589,0.13435
0.010213,0.098207,0.13606
0.0076043,0.098827,0.13776
0.0053924,0.099427,0.13959
0.0035714,0.10004,0.14123
0.0021306,0.10063,0.14301
0.001718,0.10073,0.13826
0.0013529,0.10087,0.13384
0.0010323,0.10098,0.13016
0.00075565,0.10108,0.1272
0.00052338,0.10119,0.12443
0.00033521,0.10133,0.12166
0.00018895,0.10144,0.11942
8.4572e-05,0.10155,0.1173
2.1731e-05,0.10166,0.11543
2.6031e-08,0.10179,0.1135
2.7527e-06,0.10858,0.12318
1.0244e-05,0.11569,0.1327
2.2658e-05,0.12307,0.14231
4.0279e-05,0.13075,0.15165
6.3266e-05,0.1387,0.16095
9.1765e-05,0.14692,0.17036
0.0001266,0.15547,0.17904
0.00016772,0.16431,0.18736
0.00021469,0.1734,0.1959
0.00026816,0.18276,0.20444
0.00041568,0.17738,0.16119
0.00059056,0.17227,0.1263
0.00079103,0.1674,0.097982
0.0010142,0.16269,0.075166
0.0012602,0.15818,0.05651
0.0015262,0.1538,0.041688
0.0018141,0.14962,0.029575
0.0021207,0.14556,0.019984
0.0024465,0.14164,0.012551
0.0027896,0.13783,0.0071231
0.0016375,0.13988,0.011134
0.00078993,0.14192,0.015781
0.00024859,0.14401,0.020671
1.1691e-05,0.14611,0.025903
-8.0499e-05,0.14817,0.031546
-0.00045551,0.15032,0.036919
-0.0011395,0.15244,0.042515
-0.0021342,0.15456,0.048064
-0.0034428,0.15668,0.053739
-0.0050645,0.15885,0.059255
-0.0037242,0.16792,0.048132
-0.0025883,0.17721,0.038573
-0.0016565,0.18673,0.030494
-0.00092696,0.19656,0.023391
-0.00040775,0.20653,0.017778
-9.7101e-05,0.21682,0.012868
2.9685e-07,0.22736,0.0088748
0.00012126,0.23816,0.0057342
0.00046462,0.24924,0.0033186
0.0010343,0.26055,0.0016352
0.0017072,0.26818,0.0050857
0.0025508,0.2759,0.010022
0.0035672,0.2837,0.016078
0.0047607,0.29163,0.023067
0.0061313,0.29964,0.03076
0.0076807,0.30772,0.039194
0.0094112,0.31589,0.048069
0.011332,0.32422,0.05751
0.013433,0.33257,0.067171
0.015725,0.34105,0.077057
0.012905,0.34486,0.087098
0.010371,0.34867,0.096905
0.0081236,0.35251,0.10672
0.0061571,0.35638,0.11676
0.0044658,0.36022,0.12668
0.0030553,0.36419,0.1369
0.0019131,0.36812,0.14696
0.0010405,0.3721,0.15723
0.00043321,0.37611,0.16744
8.8324e-05,0.38011,0.17732
-0.00012387,0.37081,0.14595
-0.00097972,0.36188,0.12118
-0.002616,0.35328,0.10136
-0.0050011,0.34497,0.085299
-0.0081098,0.33689,0.071876
-0.011904,0.32914,0.061012
-0.016378,0.32158,0.051675
-0.021508,0.31422,0.043818
-0.027282,0.30706,0.037018
-0.033686,0.30007,0.031099
-0.031445,0.30257,0.025792
-0.029296,0.30509,0.021172
-0.027242,0.30759,0.017097
-0.025281,0.31008,0.013605
-0.023412,0.31256,0.010573
-0.021631,0.31502,0.0080019
-0.019931,0.31749,0.0058707
-0.018319,0.31992,0.0040444
-0.016779,0.32238,0.0026404
-0.015323,0.3248,0.0015308
-0.015213,0.33426,0.00048888
-0.015103,0.34381,3.5284e-05
-0.01499,0.35344,-8.8455e-05
-0.014879,0.36315,-0.00060023
-0.014765,0.37294,-0.0015143
-0.014651,0.38281,-0.0028102
-0.014537,0.39275,-0.0044499
-0.01442,0.40277,-0.0063345
-0.014306,0.41284,-0.0085225
-0.014188,0.423,-0.010916
-0.013716,0.42529,-0.0014398
-0.013259,0.42759,0.00045665
-0.012811,0.4299,0.0056349
-0.012374,0.43222,0.015359
-0.011941,0.43456,0.028728
-0.011518,0.4369,0.044778
-0.011104,0.43924,0.062994
-0.010698,0.44158,0.082902
-0.010298,0.44393,0.10438
-0.0099077,0.44628,0.1272
-0.013093,0.45948,0.12385
-0.016718,0.47279,0.12204
-0.020784,0.48622,0.12129
-0.02529,0.49976,0.12143
-0.030235,0.5134,0.12216
-0.035618,0.52714,0.1232
-0.041441,0.54098,0.12439
-0.047692,0.55491,0.12604
-0.054372,0.56893,0.12785
-0.061482,0.58303,0.12979
-0.046539,0.58548,0.16543
-0.033789,0.58795,0.20122
-0.023161,0.59042,0.23712
-0.014594,0.59288,0.2733
-0.0080313,0.59534,0.31017
-0.0034399,0.5978,0.34641
-0.0007754,0.60025,0.38301
7.8517e-06,0.60269,0.41937
0.0011091,0.60511,0.45552
0.0040585,0.60752,0.49185
0.0028701,0.60729,0.39739
0.0019027,0.60725,0.32586
0.0011435,0.60737,0.26978
0.00058197,0.60763,0.22465
0.00021214,0.60801,0.18767
2.6053e-05,0.6085,0.15679
-1.8124e-05,0.60908,0.13068
-0.00018275,0.60974,0.10838
-0.000516,0.6105,0.089057
-0.0010115,0.61131,0.072539
-0.00082094,0.58397,0.075141
-0.00065309,0.55803,0.076682
-0.0005075,0.53339,0.077302
-0.00038267,0.50997,0.077363
-0.00027699,0.48768,0.077136
-0.00018978,0.46646,0.0766
-0.00012027,0.44625,0.075884
-6.7428e-05,0.42698,0.074977
-3.0364e-05,0.4086,0.074024
-8.0248e-06,0.39103,0.073295
-0.00016368,0.39608,0.10335
-0.00051844,0.40113,0.13498
-0.0010715,0.40616,0.16766
-0.0018234,0.41118,0.20089
-0.002776,0.4162,0.23397
-0.0039274,0.4212,0.26698
-0.0052714,0.42617,0.30041
-0.00682,0.43114,0.33275
-0.0085605,0.43608,0.36517
-0.010499,0.44101,0.39689
-0.016357,0.4404,0.32817
-0.023397,0.43982,0.2751
-0.031587,0.43926,0.23275
-0.040902,0.4387,0.1981
-0.051325,0.43815,0.16926
-0.062841,0.4376,0.14502
-0.075442,0.43705,0.12422
-0.089114,0.43649,0.10619
-0.10385,0.43592,0.090464
-0.11966,0.43534,0.076577
-0.12301,0.4192,0.076955
-0.12641,0.40364,0.076612
-0.12982,0.38864,0.075832
-0.13328,0.37418,0.074547
-0.13676,0.36022,0.07309
-0.14027,0.34674,0.071431
-0.14382,0.33372,0.069704
-0.1474,0.32114,0.068085
-0.151,0.30899,0.066512
-0.15463,0.29724,0.065073
-0.14719,0.27794,0.045823
-0.14015,0.25987,0.031444
-0.13349,0.24294,0.020713
-0.12715,0.22706,0.012958
-0.12115,0.21215,0.0073648
-0.11544,0.19814,0.003559
-0.11002,0.18496,0.0012174
-0.10485,0.17258,0.00014407
-0.099934,0.16091,-9.7987e-05
-0.095245,0.14994,-0.00094813
-0.099962,0.14784,-0.00050303
-0.10478,0.14576,-0.00024725
-0.10971,0.14369,-0.00010513
-0.11473,0.14165,-3.6202e-05
-0.11985,0.13962,-7.0973e-06
-0.12507,0.13761,1.0469e-07
-0.1304,0.13561,6.9796e-06
-0.13582,0.13364,1.8723e-05
-0.14134,0.13167,3.0552e-05
-0.14695,0.12973,4.3219e-05
-0.14957,0.13503,0.00097734
-0.1522,0.14042,0.0029199
-0.15485,0.14588,0.0056687
-0.15752,0.15143,0.0091295
-0.16021,0.15704,0.013132
-0.16291,0.16273,0.017564
-0.16563,0.1685,0.022373
-0.16836,0.17432,0.027537
-0.17111,0.18022,0.033002
-0.17387,0.18618,0.038666
-0.17409,0.19292,0.022963
-0.17431,0.19965,0.012284
-0.17453,0.20647,0.0054704
-0.17476,0.21332,0.0015866
-0.17498,0.2202,6.7244e-05
-0.1752,0.22715,-0.00044341
-0.17542,0.23414,-0.0023555
-0.17563,0.24118,-0.0055706
-0.17584,0.24824,-0.0098944
-0.17604,0.25537,-0.015121
-0.16537,0.26462,-0.017356
-0.15512,0.27395,-0.01984
-0.14527,0.28334,-0.022503
-0.13581,0.2928,-0.025259
-0.12674,0.30236,-0.028105
-0.11804,0.31198,-0.031119
-0.1097,0.32165,-0.034236
-0.10172,0.33141,-0.037378
-0.094082,0.34125,-0.040556
-0.086783,0.35112,-0.043752
-0.083231,0.34045,-0.029459
-0.079828,0.33019,-0.019367
-0.076563,0.32034,-0.012194
-0.073429,0.31083,-0.0071955
-0.07042,0.30162,-0.003799
-0.067526,0.29273,-0.0016523
-0.064742,0.28416,-0.00044274
-0.062061,0.27593,-7.1618e-06
-0.059482,0.26792,0.00021206
-0.057,0.26016,0.00096391
-0.053045,0.24013,-0.0031181
-0.049345,0.2214,-0.017852
-0.045866,0.20388,-0.041734
-0.042587,0.18741,-0.072707
-0.039484,0.17191,-0.1092
-0.036544,0.1573,-0.15043
-0.033749,0.14355,-0.19556
-0.031091,0.13055,-0.24357
-0.02856,0.11825,-0.29444
-0.026148,0.10667,-0.34749
-0.023935,0.11897,-0.24001
-0.021889,0.13154,-0.16118
-0.01998,0.14439,-0.10322
-0.018182,0.15765,-0.061128
-0.016481,0.17133,-0.03169
-0.014863,0.1856,-0.012604
-0.013321,0.20036,-0.0024779
-0.011851,0.21577,9.9807e-05
-0.010449,0.23183,0.0045481
-0.009118,0.24858,0.015148
-0.0099506,0.25165,0.015216
-0.010817,0.25468,0.015645
-0.011716,0.25772,0.016436
-0.012648,0.26076,0.01757
-0.013613,0.2638,0.018999
-0.014609,0.26682,0.020603
-0.015638,0.26982,0.022448
-0.016698,0.27281,0.024432
-0.017789,0.27576,0.026628
-0.01891,0.27873,0.029087
-0.014488,0.27524,0.024526
-0.010704,0.27176,0.020855
-0.0075285,0.2685,0.01785
-0.0049392,0.26528,0.015489
-0.0029141,0.2621,0.013523
-0.0014335,0.25899,0.011833
-0.00047959,0.25602,0.010371
-3.7066e-05,0.25311,0.0091754
9.184e-05,0.25023,0.0081444
0.00063132,0.24738,0.0072655
0.00094219,0.26085,0.0087462
0.0013195,0.27466,0.010204
0.0017654,0.28887,0.011681
0.0022818,0.3035,0.013087
0.0028704,0.31851,0.014482
0.0035326,0.33387,0.015926
0.00427,0.34959,0.017358
0.0050843,0.36568,0.018731
0.0059774,0.38219,0.020048
0.0069492,0.39898,0.021452
0.0042689,0.39558,0.020892
0.0022576,0.39226,0.02042
0.00089321,0.38904,0.020072
0.0001548,0.38594,0.019879
-2.3297e-05,0.38299,0.019797
-0.00048146,0.38006,0.019683
-0.0015139,0.37722,0.019619
-0.0031064,0.37446,0.01968
-0.0052464,0.37175,0.019769
-0.0079216,0.36913,0.019968
-0.0060365,0.36102,0.021357
-0.0044251,0.35314,0.022636
-0.0030784,0.34544,0.023746
-0.0019859,0.33801,0.024773
-0.0011403,0.33075,0.025663
-0.00053327,0.32365,0.026361
-0.00015691,0.31675,0.026985
-4.2784e-06,0.31002,0.027492
6.8654e-05,0.30345,0.027939
0.00034376,0.29704,0.028463
2.2764e-05,0.29901,0.014408
-7.9107e-05,0.30094,0.0057596
-0.00050516,0.30286,0.0012464
-0.0012944,0.30483,-5.3467e-06
-0.002444,0.30674,-0.0014068
-0.0039501,0.30864,-0.004959
-0.0058101,0.31056,-0.010286
-0.0080226,0.31247,-0.017154
-0.010586,0.31439,-0.025309
-0.013501,0.31628,-0.034533
-0.010411,0.32256,-0.036043
-0.0077295,0.32882,-0.038151
-0.0054514,0.33511,-0.040693
-0.0035744,0.34138,-0.043536
-0.0020949,0.34765,-0.046728
-0.0010103,0.35389,-0.05019
-0.00031701,0.3602,-0.053781
-1.4877e-05,0.36646,-0.057776
0.00010158,0.37273,-0.061959
0.00057583,0.37899,-0.066525
0.00063731,0.40663,-0.06801
0.00070385,0.43535,-0.069758
0.0007757,0.46515,-0.071619
0.0008531,0.496,-0.073471
0.00093624,0.52789,-0.075385
0.0010251,0.56077,-0.077406
0.0011206,0.59466,-0.079486
0.0012218,0.62947,-0.081422
0.0013301,0.66524,-0.08335
0.0014443,0.70186,-0.085121
0.0016157,0.71894,-0.077135
0.0017961,0.73609,-0.070474
0.0019867,0.75335,-0.064749
0.0021856,0.77065,-0.059712
0.0023942,0.78804,-0.055218
0.0026143,0.80556,-0.051151
0.0028422,0.8231,-0.04751
0.00308,0.84072,-0.044294
0.0033272,0.85841,-0.041314
0.0035826,0.87614,-0.038431
0.0047713,0.88467,-0.019108
0.0061208,0.8932,-0.0076256
0.0076283,0.90172,-0.0017456
0.0092919,0.91024,-2.8012e-07
0.011109,0.91874,0.001413
0.013081,0.92727,0.0054066
0.015202,0.93577,0.011524
0.017471,0.94425,0.019383
0.019886,0.95271,0.02875
0.02245,0.96118,0.03929
0.026904,0.96908,0.021001
0.031727,0.97705,0.01033
0.036906,0.98506,0.0042629
0.042439,0.9931,0.001133
0.048316,1.0012,3.1267e-05
0.05454,1.0093,-0.00040449
0.061098,1.0174,-0.0019206
0.067984,1.0256,-0.0043292
0.075199,1.0338,-0.0074936
0.082734,1.042,-0.011203
0.078443,1.0268,-0.0043036
0.074351,1.0124,-0.00106
0.070451,0.99858,-1.9165e-05
0.066729,0.98543,0.00040889
0.063179,0.97285,0.0017961
0.059789,0.96082,0.0039079
0.056547,0.94928,0.0066121
0.053456,0.93822,0.0098703
0.050497,0.92759,0.013575
0.047669,0.91737,0.017604
0.042349,0.90534,0.01278
0.037416,0.89373,0.0095219
0.032858,0.88253,0.0071832
0.028662,0.87172,0.0054001
0.024805,0.86126,0.0040399
0.021276,0.85114,0.0030135
0.018062,0.84133,0.0022071
0.015151,0.83183,0.0015927
0.012528,0.8226,0.0011078
0.010183,0.81364,0.00072345
0.014228,0.79379,0.0010498
0.01888,0.77464,0.0013086
0.024102,0.75611,0.0015213
0.029883,0.73818,0.001668
0.036197,0.72082,0.0017828
0.043025,0.704,0.0018849
0.050349,0.68767,0.0019644
0.058156,0.67182,0.0020097
0.066425,0.65641,0.0020429
0.07515,0.64144,0.0020782
0.080142,0.68965,0.00028442
0.085336,0.7396,-7.7552e-05
0.09073,0.79123,-0.0010165
0.096329,0.84447,-0.002765
0.10213,0.89925,-0.0051166
0.10813,0.95549,-0.0079187
0.11432,1.0131,-0.01109
0.12071,1.072,-0.01466
0.12728,1.1322,-0.018483
0.13406,1.1935,-0.022459
0.11312,1.1619,-0.0099843
0.094408,1.132,-0.0036591
0.07777,1.1038,-0.00074711
0.063052,1.0771,2.0909e-06
0.05014,1.0516,0.00073879
0.038925,1.0274,0.0025428
0.029305,1.0043,0.0051672
0.021188,0.98215,0.0085137
0.014496,0.96098,0.012439
0.0091518,0.94067,0.016904
-0.0012313,0.65011,0.013652
-0.0011607,0.62736,0.013334
-0.0010947,0.60562,0.013254
-0.0010324,0.58483,0.013327
-0.00097202,0.56497,0.01344
-0.00091636,0.54592,0.013692
-0.00086339,0.52766,0.013953
-0.00081379,0.51014,0.014308
-0.00076704,0.49332,0.01471
-0.00072251,0.47718,0.015117
-0.00079237,0.46293,0.021711
-0.00086511,0.44914,0.028754
-0.00094068,0.4358,0.036016
-0.0010193,0.42287,0.043304
-0.0011005,0.41035,0.050632
-0.0011846,0.39822,0.058185
-0.0012715,0.38644,0.065782
-0.0013611,0.37503,0.07352
-0.0014536,0.36395,0.081265
-0.0015485,0.3532,0.088921
-0.0023083,0.37717,0.095235
-0.0032292,0.40202,0.1017
-0.0043149,0.42772,0.10825
-0.0055686,0.45428,0.11465
-0.0069939,0.48164,0.121
-0.0085926,0.50981,0.12707
-0.010367,0.53871,0.13319
-0.012319,0.56833,0.13937
-0.014449,0.59873,0.14541
-0.016757,0.62975,0.15161
-0.018263,0.63132,0.12378
-0.019818,0.63292,0.10173
-0.021422,0.63451,0.083988
-0.023073,0.63608,0.069415
-0.024772,0.63773,0.057162
-0.026517,0.63934,0.046993
-0.028308,0.64096,0.038357
-0.030142,0.64256,0.03118
-0.032019,0.64416,0.025032
-0.03394,0.64577,0.019812
-0.030623,0.63487,0.0071946
-0.027542,0.62438,0.0012034
-0.024681,0.61431,-0.00011348
-0.022025,0.60457,-0.0027728
-0.019565,0.59521,-0.0084077
-0.017288,0.58612,-0.016491
-0.015186,0.57734,-0.026593
-0.013249,0.56884,-0.038288
-0.01147,0.56058,-0.051383
-0.0098419,0.55254,-0.065572
-0.004977,0.5727,-0.053365
-0.0017617,0.59295,-0.044287
-0.00018107,0.61329,-0.037293
0.0002255,0.63376,-0.031696
0.0018893,0.65433,-0.027167
0.0051702,0.67502,-0.023485
0.010068,0.6958,-0.020375
0.016584,0.71666,-0.017659
0.024719,0.73762,-0.015283
0.034472,0.7587,-0.013225
0.039605,0.73207,-0.013797
0.04501,0.70675,-0.014428
0.050683,0.68259,-0.01516
0.056612,0.65952,-0.016079
0.062786,0.63749,-0.017093
0.069202,0.61637,-0.01823
0.075853,0.59611,-0.019419
0.082714,0.57681,-0.020728
0.089807,0.55817,-0.022042
0.09711,0.54027,-0.023332
0.090748,0.52322,-0.060253
0.084703,0.50667,-0.10688
0.078928,0.49076,-0.15974
0.073428,0.47528,-0.21707
0.06818,0.46029,-0.27751
0.06318,0.44571,-0.34028
0.058415,0.43151,-0.40498
0.053874,0.41772,-0.47093
0.049549,0.40434,-0.53783
0.045439,0.39128,-0.60602
0.043762,0.3824,-0.44378
0.042183,0.37399,-0.3282
0.040694,0.36594,-0.24284
0.039276,0.35824,-0.17824
0.037903,0.35101,-0.12902
0.036595,0.34397,-0.09104
0.035343,0.33714,-0.061773
0.034132,0.33057,-0.039687
0.032973,0.32414,-0.023258
0.031849,0.31793,-0.01174
0.030347,0.33382,-0.010188
0.028878,0.35003,-0.0084683
0.027444,0.36654,-0.0067414
0.026046,0.38334,-0.0050647
0.024677,0.40049,-0.0035468
0.023347,0.41787,-0.0022927
0.022048,0.43559,-0.0012952
0.020788,0.45353,-0.00057098
0.019562,0.47174,-0.00013762
0.018373,0.49019,6.785e-07
0.018711,0.51121,-5.892e-05
0.019053,0.53257,-0.00020529
0.019397,0.55425,-0.00038899
0.019747,0.57621,-0.00059954
0.020102,0.59845,-0.00080971
0.020458,0.621,-0.0010253
0.02082,0.64377,-0.0012301
0.021184,0.66681,-0.0014151
0.021556,0.69002,-0.0015888
0.021928,0.71351,-0.0017368
0.020845,0.68871,-0.0065095
0.019804,0.66501,-0.01313
0.018803,0.64237,-0.020935
0.017839,0.62071,-0.029476
0.016915,0.5999,-0.038651
0.016022,0.58004,-0.048293
0.015165,0.56093,-0.058377
0.014341,0.54255,-0.068931
0.013548,0.52488,-0.079794
0.012786,0.50787,-0.090749
0.011248,0.50986,-0.097949
0.0098192,0.51181,-0.10564
0.0084966,0.51377,-0.11364
0.0072801,0.51561,-0.12168
0.0061641,0.5175,-0.12981
0.0051487,0.51934,-0.13835
0.0042313,0.52111,-0.14696
0.0034101,0.52281,-0.15544
0.0026815,0.52457,-0.16402
0.0020453,0.52623,-0.17268
0.0018342,0.50298,-0.14832
0.0016371,0.481,-0.12865
0.0014545,0.46005,-0.11252
0.0012852,0.44013,-0.09882
0.0011286,0.42116,-0.08711
0.00098431,0.40306,-0.077037
0.00085167,0.38582,-0.068174
0.00073036,0.36934,-0.06024
0.00061984,0.35361,-0.053182
0.00051975,0.33854,-0.046857
0.00026752,0.32218,-0.034184
0.00010045,0.30665,-0.024204
1.4387e-05,0.29183,-0.016488
-5.462e-06,0.2777,-0.010575
-7.0079e-05,0.26417,-0.0062578
-0.00020499,0.2513,-0.0031296
-0.00040712,0.239,-0.001144
-0.0006736,0.22723,-0.00016659
-0.0010018,0.21596,4.953e-05
-0.0013892,0.2052,0.00069258
-0.00057864,0.20234,0.00014458
-0.00012019,0.1995,-1.264e-06
4.0419e-06,0.19674,-0.00015876
0.00022132,0.19402,-0.00053397
0.00076419,0.19134,-0.0010609
0.0016257,0.18871,-0.0016778
0.0027996,0.18609,-0.0023921
0.0042806,0.18351,-0.003133
0.0060637,0.18099,-0.0038762
0.0081448,0.17849,-0.0045943
0.0090569,0.17662,-0.0034584
0.01001,0.17474,-0.0025795
0.011005,0.17288,-0.0018792
0.012038,0.17105,-0.0012888
0.013111,0.16922,-0.00085215
0.014223,0.1674,-0.00052752
0.015371,0.16557,-0.00029963
0.016558,0.16378,-0.00013569
0.01778,0.16199,-4.0771e-05
0.019039,0.16023,-7.334e-07
0.02144,0.14493,0.0021084
0.023937,0.13076,0.0080631
0.02653,0.11759,0.017071
0.02922,0.10536,0.028781
0.032007,0.093985,0.042724
0.034893,0.083392,0.058386
0.037882,0.073543,0.075775
0.040977,0.064385,0.094418
0.044182,0.055897,0.11456
0.047502,0.048039,0.13596
0.046362,0.043742,0.12916
0.04525,0.03972,0.12337
0.044164,0.035958,0.1186
0.043104,0.032451,0.11516
0.042068,0.029172,0.11209
0.041056,0.026128,0.11051
0.040064,0.023282,0.10843
0.039095,0.020645,0.10703
0.038146,0.0182,0.10589
0.037216,0.015939,0.10481
0.036375,0.018434,0.091175
0.035555,0.021072,0.079438
0.034752,0.023852,0.069256
0.033964,0.026771,0.059861
0.033191,0.029833,0.05168
0.03243,0.03304,0.044334
0.031681,0.036394,0.037886
0.030942,0.039894,0.032001
0.030211,0.043544,0.026762
0.029489,0.047349,0.0221
0.031219,0.049677,0.031666
0.03303,0.052106,0.042774
0.034924,0.054634,0.055083
0.036904,0.057266,0.068458
0.038969,0.060001,0.082675
0.041128,0.062848,0.09789
0.043375,0.065797,0.11364
0.045717,0.068855,0.13031
0.048149,0.072015,0.14731
0.050675,0.075281,0.16495
0.045696,0.077601,0.16638
0.041013,0.079915,0.16774
0.036621,0.082231,0.16953
0.03251,0.084549,0.17151
0.028666,0.086857,0.17328
0.025088,0.089165,0.17514
0.021774,0.091488,0.17739
0.018707,0.093801,0.17904
0.015886,0.096114,0.1808
0.01331,0.098433,0.1823
0.016744,0.10849,0.19158
0.020663,0.11919,0.20032
0.025087,0.13055,0.20897
0.030041,0.14257,0.21735
0.035545,0.15525,0.22582
0.041622,0.1686,0.23416
0.048293,0.18264,0.24225
0.055577,0.19736,0.24985
0.063491,0.21276,0.25701
0.072051,0.22883,0.26369
0.080168,0.20892,0.25925
0.088607,0.19027,0.2559
0.09736,0.17281,0.2534
0.10643,0.15646,0.25139
0.1158,0.14116,0.25
0.12548,0.12684,0.24888
0.13547,0.11347,0.24755
0.14577,0.10099,0.24585
0.15637,0.089355,0.24485
0.16729,0.07854,0.24413
0.1814,0.078024,0.21864
0.19608,0.077509,0.19555
0.21131,0.076982,0.17554
0.22711,0.076451,0.15765
0.2435,0.075915,0.1416
0.26047,0.075371,0.12733
0.27804,0.07482,0.11437
0.29621,0.074262,0.10244
0.315,0.073703,0.091362
0.33439,0.073133,0.081488
0.33303,0.069519,0.12066
0.33168,0.066019,0.16248
0.33033,0.062627,0.20584
0.32901,0.059356,0.24926
0.32769,0.056185,0.29318
0.32638,0.05312,0.33696
0.32509,0.050158,0.38083
0.3238,0.047301,0.42457
0.32253,0.044545,0.46814
0.32126,0.041886,0.51155
0.32741,0.046899,0.46369
0.33357,0.052097,0.42573
0.33975,0.057481,0.39447
0.34595,0.063044,0.36825
0.35219,0.068795,0.34487
0.35845,0.074713,0.32514
0.36475,0.080801,0.30757
0.37106,0.087045,0.29187
0.37742,0.093457,0.27699
0.3838,0.10001,0.2638
0.35736,0.10002,0.2511
0.33248,0.10003,0.23959
0.30906,0.10004,0.22906
0.28701,0.10005,0.21948
0.26626,0.10005,0.21067
0.24673,0.10006,0.20211
0.22834,0.10006,0.19426
0.21104,0.10007,0.18676
0.19477,0.10008,0.17961
0.17946,0.10009,0.17285
0.16784,0.1043,0.14431
0.15681,0.1085,0.1207
0.14635,0.1127,0.10082
0.13642,0.1169,0.083821
0.12698,0.1211,0.069395
0.11802,0.1253,0.0571
0.1095,0.1295,0.046598
0.1014,0.13371,0.037589
0.093704,0.13791,0.029978
0.086395,0.14215,0.023284
0.085995,0.13687,0.019415
0.085607,0.13178,0.016005
0.08523,0.12687,0.012936
0.084865,0.12213,0.010242
0.084511,0.11756,0.0078855
0.084168,0.11313,0.0059464
0.083834,0.10886,0.0042826
0.08351,0.10474,0.0029447
0.083196,0.10074,0.0018843
0.08289,0.096887,0.0010799
0.077698,0.097252,0.0034591
0.07273,0.097608,0.0067489
0.067979,0.097954,0.010721
0.063433,0.09831,0.015069
0.059087,0.098654,0.019762
0.054933,0.098983,0.024774
0.050965,0.099322,0.029877
0.047177,0.099644,0.035227
0.043564,0.099964,0.040657
0.04012,0.10029,0.046019
0.03766,0.096516,0.037102
0.03531,0.092912,0.029762
0.033064,0.089456,0.023729
0.03092,0.086123,0.018822
0.028872,0.082927,0.014752
0.026917,0.079851,0.011344
0.025053,0.076895,0.0085386
0.023276,0.074037,0.0063012
0.021583,0.071291,0.0044857
0.019971,0.068655,0.003049
0.020628,0.070619,0.0076764
0.021301,0.072623,0.014074
0.021989,0.074661,0.022087
0.022694,0.076757,0.031498
0.023415,0.078902,0.042198
0.024155,0.081078,0.054162
0.024913,0.083303,0.067163
0.02569,0.085569,0.081021
0.026485,0.087881,0.095687
0.027299,0.090242,0.11117
0.027172,0.084997,0.1168
0.027043,0.079964,0.12251
0.026912,0.075152,0.12835
0.026779,0.070549,0.13415
0.026644,0.066147,0.14005
0.026507,0.061938,0.14617
0.026368,0.057911,0.15241
0.026223,0.05408,0.15847
0.026081,0.050398,0.16483
0.025936,0.046889,0.17132
0.025135,0.045997,0.15906
0.024361,0.045117,0.14835
0.023606,0.044274,0.1388
0.022875,0.043443,0.13015
0.022163,0.042639,0.12227
0.021474,0.041837,0.11507
0.020805,0.041053,0.10848
0.020154,0.040288,0.10238
0.01952,0.039545,0.096674
0.018903,0.038815,0.091327
0.015106,0.043963,0.084913
0.011748,0.049394,0.07899
0.008818,0.055111,0.073503
0.0063019,0.061165,0.068299
0.0042055,0.067511,0.063553
0.0025249,0.074186,0.059067
0.0012639,0.081209,0.054803
0.00043046,0.088578,0.050728
3.3607e-05,0.096333,0.046822
-8.6602e-05,0.10447,0.043204
-0.00016611,0.10903,0.03992
-0.00027148,0.11368,0.036786
-0.00040396,0.11847,0.033774
-0.00056225,0.12332,0.031064
-0.00074779,0.1283,0.028508
-0.00095936,0.13334,0.026071
-0.0012002,0.13854,0.023756
-0.0014673,0.14381,0.02163
-0.0017622,0.14918,0.019636
-0.0020849,0.15465,0.017734
-0.0031357,0.1458,0.0093921
-0.0043779,0.13745,0.0039364
-0.0058033,0.12954,0.00092402
-0.007405,0.12203,-5.6498e-08
-0.0091757,0.11487,-0.00086224
-0.011115,0.10806,-0.0032759
-0.013214,0.10153,-0.0070491
-0.015475,0.0953,-0.012041
-0.017899,0.08935,-0.01815
-0.020482,0.083643,-0.025164
-0.019744,0.089603,-0.018728
-0.019014,0.09576,-0.013581
-0.018294,0.10213,-0.0094751
-0.017588,0.10874,-0.0062325
-0.016893,0.11559,-0.0037711
-0.016203,0.12264,-0.0020283
-0.015523,0.12994,-0.00086707
-0.014853,0.13748,-0.00020404
-0.014192,0.14525,3.9205e-08
-0.013543,0.15328,0.00018653
-0.014777,0.15529,0.00098223
-0.016067,0.15732,0.002279
-0.017412,0.15937,0.0039949
-0.018808,0.1614,0.0060953
-0.020265,0.16347,0.0084777
-0.021773,0.16554,0.011141
-0.023335,0.1676,0.014024
-0.024952,0.16967,0.017139
-0.026626,0.17177,0.020423
-0.028352,0.17386,0.023783
-0.024889,0.17524,0.036187
-0.021661,0.17661,0.050546
-0.018665,0.17799,0.066508
-0.015895,0.17936,0.083718
-0.013348,0.18072,0.10213
-0.011024,0.18207,0.12153
-0.0089214,0.18343,0.14185
-0.0070374,0.18476,0.16302
-0.0053789,0.18614,0.18472
-0.0039397,0.1875,0.20734
-0.0039873,0.1795,0.15181
-0.0040428,0.17202,0.10968
-0.0041003,0.16493,0.077564
-0.0041627,0.15824,0.053232
-0.0042274,0.15187,0.034796
-0.0042929,0.14577,0.021053
-0.004365,0.14001,0.011246
-0.0044387,0.13448,0.004827
-0.0045111,0.12914,0.0012
-0.0045892,0.12405,1.311e-06
-0.0038594,0.11515,-9.9901e-05
-0.0032092,0.1068,-0.0004302
-0.0026334,0.098966,-0.00098376
-0.0021283,0.091643,-0.0017745
-0.0016875,0.084772,-0.0027866
-0.0013069,0.078332,-0.0039938
-0.00098197,0.072281,-0.0053834
-0.00071102,0.066648,-0.00693
-0.00048782,0.061344,-0.008629
-0.00031074,0.056392,-0.010526
-0.00027083,0.047843,-0.013063
-0.00023551,0.040283,-0.015659
-0.00020434,0.033627,-0.018356
-0.00017661,0.027779,-0.021202
-0.00015209,0.022672,-0.024118
-0.00013052,0.018238,-0.027175
-0.00011138,0.014407,-0.030282
-9.4135e-05,0.011113,-0.03333
-7.89e-05,0.0083214,-0.036411
-6.6054e-05,0.0060081,-0.039654
-2.5251e-05,0.0046769,-0.043472
-3.7087e-06,0.0035134,-0.047345
1.3538e-06,0.0025205,-0.051339
1.8162e-05,0.0016904,-0.055512
5.4324e-05,0.0010244,-0.059831
0.00011031,0.00052175,-0.06413
0.00018686,0.00018437,-0.068567
0.00028442,1.8098e-05,-0.072977
0.00040312,-2.5849e-05,-0.077349
0.00054618,-0.00021595,-0.082147
0.00022466,-0.00026152,-0.071857
4.713e-05,-0.00031089,-0.063099
-1.0312e-06,-0.00036519,-0.055511
-7.5094e-05,-0.00042594,-0.048898
-0.00025997,-0.00049104,-0.04312
-0.00054747,-0.00056313,-0.037898
-0.00093155,-0.00064041,-0.033261
-0.0014077,-0.00072257,-0.029001
-0.0019725,-0.00081028,-0.02518
-0.002624,-0.00090453,-0.021847
-0.0023864,-0.00083832,-0.024006
-0.002158,-0.00077493,-0.026306
-0.0019388,-0.00071407,-0.028718
-0.001729,-0.00065669,-0.031134
-0.001529,-0.00060226,-0.033624
-0.0013393,-0.00054969,-0.036179
-0.0011601,-0.00050013,-0.038791
-0.00099189,-0.00045298,-0.041319
-0.00083512,-0.00040847,-0.043884
-0.00069026,-0.00036693,-0.046475
-0.00076077,-0.0004295,-0.048094
-0.00083544,-0.00049673,-0.049774
-0.00091432,-0.00056935,-0.051482
-0.0009975,-0.00064723,-0.053385
-0.0010852,-0.00073067,-0.055296
-0.0011773,-0.00081888,-0.057067
-0.0012742,-0.00091406,-0.05887
-0.0013757,-0.0010139,-0.060719
-0.0014815,-0.0011164,-0.062657
-0.0015926,-0.0012278,-0.064471
-0.0022211,-0.0018185,-0.068119
-0.0029709,-0.0025419,-0.07205
-0.0038489,-0.0034017,-0.076119
-0.0048632,-0.0044078,-0.080336
-0.0060219,-0.0055677,-0.084623
-0.0073324,-0.0068877,-0.088902
-0.0088022,-0.008374,-0.093263
-0.010441,-0.010038,-0.097733
-0.012255,-0.011883,-0.10227
-0.014253,-0.013918,-0.10699
-0.013464,-0.012365,-0.085036
-0.012726,-0.010979,-0.067017
-0.012033,-0.0097365,-0.052305
-0.011384,-0.0086272,-0.040146
-0.010773,-0.0076329,-0.030252
-0.010191,-0.0067333,-0.022227
-0.0096461,-0.0059317,-0.015884
-0.00913,-0.0052119,-0.010822
-0.0086413,-0.0045661,-0.006922
-0.00818,-0.0039881,-0.0040416
-0.0094415,-0.0029521,-0.0018801
-0.010784,-0.0020801,-0.0005536
-0.012215,-0.0013606,-1.633e-05
-0.013748,-0.00078962,0.00024285
-0.015393,-0.0003676,0.00124
-0.017168,-0.00010117,0.0030638
-0.019085,-4.8473e-07,0.0057346
-0.021157,8.0124e-05,0.009245
-0.023401,0.00035742,0.013656
-0.025823,0.0008531,0.01887
-0.023255,0.00060285,0.025496
-0.020838,0.00039742,0.032979
-0.018559,0.00023563,0.04125
-0.016417,0.00011592,0.050464
-0.014404,3.8143e-05,0.060478
-0.01251,2.4881e-06,0.071138
-0.010739,-9.2775e-06,0.082554
-0.0090868,-5.9246e-05,0.094908
-0.0075571,-0.00015353,0.10789
-0.0061486,-0.00029311,0.12157
-0.0073821,-2.5624e-05,0.084342
-0.0086471,3.7075e-05,0.056541
-0.0099377,0.00027193,0.03595
-0.011255,0.00069239,0.020994
-0.012609,0.0012778,0.0105
-0.014018,0.0020232,0.0037749
-0.015502,0.0029387,0.00044111
-0.017089,0.0040457,-0.0003658
-0.018792,0.0053773,-0.003573
-0.020647,0.0069681,-0.010278
-0.019102,0.0063718,-0.014785
-0.017632,0.0058073,-0.019884
-0.016227,0.0052734,-0.025582
-0.014877,0.0047687,-0.031931
-0.013592,0.0042902,-0.038859
-0.012364,0.003837,-0.046202
-0.011192,0.0034086,-0.054055
-0.010073,0.0030042,-0.06254
-0.009011,0.002623,-0.071475
-0.0079956,0.002266,-0.080838
-0.006732,0.0025861,-0.092477
-0.0055569,0.0029327,-0.10498
-0.0044744,0.0033073,-0.11819
-0.0034926,0.0037105,-0.13207
-0.0026134,0.0041452,-0.14682
-0.0018484,0.0046114,-0.16222
-0.0012035,0.0051113,-0.17832
-0.00068762,0.0056458,-0.19482
-0.00030926,0.0062163,-0.21186
-7.725e-05,0.0068233,-0.22945
-1.6654e-05,0.0082131,-0.2335
4.2625e-07,0.0097374,-0.23798
2.9258e-05,0.011398,-0.24256
0.00010404,0.013199,-0.24733
0.00022524,0.015139,-0.25198
0.00039449,0.017225,-0.25741
0.00061239,0.019457,-0.26305
0.00088008,0.021838,-0.26903
0.0011986,0.024371,-0.27515
0.001569,0.027059,-0.28161
0.00065542,0.024712,-0.27654
0.00013935,0.022509,-0.27302
-3.3395e-06,0.020436,-0.2696
-0.00023396,0.01849,-0.26739
-0.00082042,0.016659,-0.2651
-0.0017538,0.01494,-0.26349
-0.0030275,0.013328,-0.26243
-0.0046374,0.011819,-0.26209
-0.0065819,0.010408,-0.26201
-0.0088619,0.0090901,-0.26137
-0.010529,0.0079228,-0.29856
-0.012367,0.006809,-0.33856
-0.014383,0.0057527,-0.37924
-0.016581,0.0047636,-0.42037
-0.018963,0.0038517,-0.46287
-0.021533,0.0030228,-0.50575
-0.024295,0.0022828,-0.54864
-0.027249,0.0016385,-0.59216
-0.030399,0.0010952,-0.63615
-0.033747,0.00065639,-0.67932
-0.028435,4.0157e-05,-0.53944
-0.02385,-0.00014422,-0.43203
-0.019885,-0.00087115,-0.34781
-0.016458,-0.0021401,-0.28103
-0.013497,-0.0038856,-0.22684
-0.010943,-0.0060526,-0.18269
-0.0087475,-0.0085978,-0.14614
-0.0068672,-0.011484,-0.11585
-0.0052658,-0.01469,-0.090473
-0.0039135,-0.018197,-0.069339
-0.0036078,-0.026062,-0.080078
-0.0032878,-0.035882,-0.091944
-0.0029567,-0.047899,-0.10481
-0.0026181,-0.062364,-0.11852
-0.0022765,-0.079521,-0.13273
-0.0019374,-0.099603,-0.14738
-0.0016069,-0.12283,-0.16259
-0.0012898,-0.14944,-0.17769
-0.00099346,-0.1796,-0.19323
-0.00072312,-0.21354,-0.20779
-0.00013691,-0.20054,-0.19476
9.9049e-06,-0.18838,-0.18336
0.00031288,-0.17703,-0.17291
0.0010187,-0.16637,-0.16434
0.0021057,-0.15638,-0.15608
0.0035499,-0.14696,-0.14918
0.0053357,-0.1381,-0.14252
0.007446,-0.12974,-0.13652
0.0098693,-0.12187,-0.13058
0.012587,-0.11441,-0.12556
0.0141,-0.10491,-0.13438
0.015679,-0.09598,-0.14278
0.017325,-0.087592,-0.15082
0.019037,-0.079719,-0.15866
0.020817,-0.072338,-0.16595
0.022665,-0.065429,-0.17233
0.024568,-0.058935,-0.17928
0.026538,-0.052868,-0.18536
0.028572,-0.0472,-0.19122
0.030669,-0.041912,-0.19714
0.033533,-0.04746,-0.20345
0.036566,-0.053409,-0.21016
0.03978,-0.059782,-0.21636
0.043177,-0.066581,-0.22204
0.046759,-0.073812,-0.22738
0.050523,-0.08146,-0.23311
0.054482,-0.089553,-0.23839
0.058636,-0.098083,-0.24316
0.062983,-0.10705,-0.2478
0.067535,-0.11646,-0.25176
0.070418,-0.10312,-0.25957
0.073306,-0.090758,-0.26782
0.076234,-0.079397,-0.27553
0.079177,-0.068934,-0.28391
0.082157,-0.059352,-0.29202
0.085172,-0.050604,-0.29977
0.088217,-0.042646,-0.30751
0.09128,-0.035431,-0.31501
0.094393,-0.028961,-0.32217
0.097523,-0.023182,-0.32876
0.093825,-0.022058,-0.25686
0.090324,-0.02105,-0.19965
0.086976,-0.020123,-0.15356
0.083798,-0.01929,-0.11639
0.080738,-0.018514,-0.086152
0.077825,-0.017814,-0.062052
0.075025,-0.017167,-0.042891
0.072317,-0.016559,-0.027897
0.069708,-0.015995,-0.016607
0.067205,-0.01548,-0.0086113
0.069747,-0.016885,-0.0067025
0.072349,-0.018361,-0.0049988
0.075012,-0.019908,-0.0035408
0.077735,-0.021524,-0.0023613
0.080517,-0.023212,-0.0014204
0.083375,-0.024981,-0.00072478
0.086277,-0.026811,-0.00024956
0.089227,-0.028705,-1.8975e-05
0.092246,-0.030678,4.8345e-05
0.095354,-0.032741,0.00032123
0.096023,-0.030679,0.001204
0.096694,-0.028707,0.0026436
0.097352,-0.026811,0.004654
0.098026,-0.025006,0.0071098
0.098707,-0.023283,0.010019
0.099381,-0.02163,0.013369
0.10006,-0.020052,0.017124
0.10073,-0.01854,0.021282
0.10142,-0.017101,0.025788
0.10209,-0.015725,0.030737
0.10926,-0.014919,0.027957
0.11675,-0.014137,0.025449
0.12455,-0.013374,0.023215
0.13267,-0.012626,0.021189
0.14111,-0.011895,0.019394
0.14989,-0.011184,0.017735
0.15899,-0.010487,0.016282
0.16842,-0.0098055,0.014956
0.1782,-0.0091428,0.01377
0.18833,-0.0085024,0.012743
0.19479,-0.009776,0.030962
0.20138,-0.011144,0.055839
0.20814,-0.012617,0.086366
0.21507,-0.014195,0.12187
0.22218,-0.015882,0.1616
0.22947,-0.017679,0.20504
0.23692,-0.019582,0.25182
0.24456,-0.021602,0.30086
0.2524,-0.023736,0.35204
0.26039,-0.025978,0.405
0.24577,-0.022329,0.37364
0.23193,-0.019057,0.35063
0.21882,-0.016133,0.33327
0.20641,-0.01353,0.31956
0.19463,-0.01122,0.30883
0.18344,-0.0091774,0.30022
0.17283,-0.0073887,0.29318
0.16272,-0.0058275,0.28747
0.15311,-0.0044831,0.28279
0.14397,-0.0033397,0.27918
0.15312,-0.0041991,0.23545
0.16248,-0.0051464,0.19839
0.17209,-0.0061828,0.16648
0.18192,-0.0072994,0.13931
0.19201,-0.008504,0.1157
0.20238,-0.0097963,0.095089
0.21301,-0.011171,0.077317
0.22394,-0.012635,0.061831
0.23517,-0.014185,0.048518
0.24669,-0.015822,0.037083
0.24638,-0.017472,0.041985
0.24605,-0.019183,0.046581
0.24573,-0.020963,0.050751
0.24542,-0.022811,0.054563
0.24513,-0.024727,0.057954
0.24483,-0.026702,0.061013
0.24453,-0.028732,0.063847
0.24426,-0.030834,0.066326
0.24396,-0.032977,0.068831
0.24369,-0.035187,0.070916
0.2442,-0.024047,0.068861
0.2447,-0.015179,0.06701
0.2452,-0.0084451,0.065264
0.24569,-0.0037263,0.063704
0.24618,-0.00093737,0.06217
0.24667,-3.0581e-07,0.060713
0.24717,0.00085345,0.059287
0.24766,0.0034527,0.058039
0.24814,0.0077668,0.056889
0.24863,0.013768,0.055576
0.24857,0.0087647,0.036892
0.24852,0.0049576,0.023184
0.24851,0.0022637,0.013271
0.24852,0.00062916,0.0065047
0.24854,8.3123e-06,0.0023232
0.24857,-0.00036402,0.00029766
0.24861,-0.0016664,-0.00014633
0.24866,-0.0038952,-0.0016376
0.24872,-0.0070363,-0.0046043
0.24876,-0.011066,-0.008843
0.25705,-0.010299,-0.013892
0.2655,-0.0095577,-0.019915
0.27409,-0.0088429,-0.026842
0.28284,-0.0081575,-0.034577
0.29173,-0.0074978,-0.043061
0.30078,-0.0068687,-0.052291
0.30998,-0.0062624,-0.062033
0.31933,-0.0056875,-0.072595
0.32883,-0.0051425,-0.083828
0.33848,-0.0046213,-0.095368
0.34119,-0.0039917,-0.10433
0.34391,-0.0034134,-0.11371
0.34662,-0.0028851,-0.12342
0.34935,-0.0024006,-0.13313
0.35207,-0.001966,-0.14321
0.35479,-0.0015766,-0.15325
0.35751,-0.0012324,-0.16334
0.36023,-0.00093298,-0.17347
0.36295,-0.00067671,-0.18362
0.36567,-0.00046249,-0.19393
0.35379,-0.00040997,-0.20508
0.3423,-0.0003612,-0.21655
0.33118,-0.00031548,-0.22815
0.32041,-0.00027328,-0.24009
0.30998,-0.00023457,-0.25219
0.29987,-0.00019859,-0.26468
0.29007,-0.00016607,-0.27725
0.28058,-0.00013622,-0.28982
0.27137,-0.00010966,-0.3024
0.26242,-8.6262e-05,-0.31508
0.24618,0.00024264,-0.33794
0.23064,0.001602,-0.36015
0.21578,0.0041085,-0.38199
0.20155,0.0077135,-0.40339
0.18793,0.012377,-0.42451
0.17489,0.018069,-0.4452
0.16239,0.024757,-0.46574
0.15041,0.032417,-0.48645
0.13894,0.04104,-0.50682
0.12796,0.050601,-0.52737
0.12799,0.043362,-0.5529
0.12802,0.036754,-0.57733
0.12806,0.030752,-0.60109
0.12811,0.025343,-0.62441
0.12816,0.020503,-0.64727
0.12821,0.016213,-0.67002
0.12827,0.01246,-0.69229
0.12833,0.0092267,-0.71332
0.12838,0.0065,-0.73387
0.12845,0.0042674,-0.75352
0.13682,0.0090424,-0.62816
0.14525,0.015392,-0.52693
0.15377,0.023232,-0.4433
0.16242,0.032518,-0.37281
0.17123,0.043226,-0.31275
0.18022,0.055349,-0.26124
0.18945,0.068905,-0.21655
0.1989,0.083901,-0.17762
0.20861,0.10037,-0.14379
0.21859,0.11832,-0.11443
0.2324,0.12204,-0.11697
0.24667,0.12581,-0.11825
0.26144,0.12964,-0.11816
0.27668,0.13354,-0.11715
0.2924,0.13749,-0.11526
0.30856,0.14149,-0.11268
0.32522,0.14556,-0.10942
0.34235,0.14969,-0.1056
0.35995,0.15387,-0.10164
0.37798,0.1581,-0.097576
0.37362,0.14577,-0.093392
0.36946,0.13427,-0.089462
0.36542,0.1235,-0.085887
0.36153,0.11344,-0.082455
0.35776,0.10403,-0.079272
0.35412,0.095238,-0.076404
0.35061,0.087019,-0.073747
0.34718,0.079335,-0.071245
0.34389,0.072163,-0.068825
0.34069,0.065468,-0.066663
0.33949,0.064456,-0.053342
0.3383,0.063484,-0.042309
0.33711,0.062552,-0.033148
0.33594,0.061657,-0.025596
0.33478,0.060798,-0.019351
0.33362,0.059971,-0.014176
0.33246,0.059171,-0.0099874
0.33132,0.058404,-0.0066099
0.33017,0.057662,-0.0040169
0.32903,0.056947,-0.0021372
0.33904,0.052426,-0.00037124
0.34918,0.048135,3.7739e-05
0.35943,0.044062,0.00091553
0.36978,0.040196,0.0028389
0.38025,0.036538,0.005679
0.39085,0.033085,0.0092993
0.40154,0.02982,0.013609
0.41236,0.026747,0.018568
0.42329,0.023863,0.024126
0.43437,0.021171,0.03019
0.42882,0.01837,0.018415
0.42343,0.015808,0.010624
0.41817,0.013475,0.0055344
0.41306,0.011364,0.0023811
0.40807,0.0094581,0.00066301
0.40319,0.0077502,2.5231e-05
0.39842,0.0062313,-0.00019691
0.39376,0.0048944,-0.00099055
0.38919,0.0037322,-0.0022855
0.38472,0.0027392,-0.0039691
0.38196,0.00099076,-0.00061698
0.37927,0.00011876,7.9657e-05
0.37663,-8.9026e-05,0.0015415
0.37405,-0.0008717,0.0045124
0.3715,-0.0024417,0.0086032
0.36899,-0.0047725,0.013617
0.36652,-0.0078481,0.019297
0.36407,-0.011649,0.025554
0.36166,-0.016162,0.032184
0.35927,-0.021372,0.039175
0.35892,-0.018424,0.042831
0.35856,-0.015725,0.046507
0.35821,-0.013282,0.050273
0.35789,-0.011082,0.054274
0.35757,-0.0091098,0.05831
0.35725,-0.007353,0.062489
0.35695,-0.0058061,0.066691
0.35665,-0.004459,0.070816
0.35636,-0.0033054,0.074902
0.35607,-0.0023348,0.079142
0.35205,-0.0032504,0.045257
0.34812,-0.0042965,0.02292
0.34426,-0.0054722,0.0091724
0.34045,-0.0067672,0.0019841
0.33671,-0.0081865,-8.3977e-06
0.3329,-0.0096909,-0.0022817
0.32928,-0.011345,-0.0079809
0.32569,-0.013114,-0.016553
0.32213,-0.014993,-0.027562
0.31858,-0.016972,-0.040568
0.31748,-0.01404,-0.051384
0.31638,-0.011419,-0.063355
0.31531,-0.0091025,-0.076313
0.31423,-0.0070686,-0.090255
0.31314,-0.0053068,-0.10515
0.31208,-0.0038182,-0.12048
0.31102,-0.0025853,-0.13646
0.30995,-0.0016006,-0.15328
0.30891,-0.00085826,-0.17065
0.30785,-0.00034865,-0.18832
0.31584,-0.00076074,-0.17371
0.32393,-0.0013279,-0.16219
0.33207,-0.0020437,-0.15268
0.34029,-0.002904,-0.14479
0.34859,-0.0039083,-0.13827
0.35694,-0.0050467,-0.1326
0.36539,-0.0063263,-0.12787
0.37393,-0.0077407,-0.12405
0.38255,-0.0092878,-0.12074
0.39121,-0.010955,-0.1177
0.38887,-0.011569,-0.10816
0.38656,-0.012194,-0.099828
0.3843,-0.012839,-0.092335
0.38208,-0.013502,-0.085361
0.37988,-0.014175,-0.078958
0.37773,-0.014867,-0.073173
0.37563,-0.01558,-0.067841
0.37351,-0.016296,-0.062766
0.37144,-0.017032,-0.058055
0.3694,-0.017784,-0.053826
0.37419,-0.017084,-0.07466
0.379,-0.016402,-0.0962
0.38384,-0.01574,-0.11819
0.38868,-0.015091,-0.14024
0.39357,-0.014469,-0.16242
0.39846,-0.013858,-0.18454
0.40332,-0.013257,-0.20653
0.40824,-0.012683,-0.22831
0.41313,-0.012115,-0.2498
0.4181,-0.011579,-0.27144
0.42531,-0.0080284,-0.22045
0.4325,-0.0051772,-0.18104
0.43965,-0.0029776,-0.14962
0.44682,-0.0014037,-0.1241
0.45399,-0.00042427,-0.1031
0.46115,-1.5308e-05,-0.085691
0.46829,0.00015862,-0.071062
0.47547,0.00083596,-0.058504
0.48266,0.0020314,-0.047821
0.48989,0.0037289,-0.038783
0.45038,0.0023064,-0.016654
0.41378,0.0012552,-0.0045727
0.3799,0.00053769,-0.00013087
0.34841,0.00012819,0.0016299
0.3192,-6.4925e-08,0.0078767
0.29198,-0.00013233,0.018124
0.26669,-0.00050715,0.031696
0.24311,-0.0011072,0.048099
0.22111,-0.0019171,0.066984
0.20063,-0.0029307,0.088077
0.20024,-0.003382,0.089731
0.19987,-0.0038633,0.092009
0.19949,-0.0043716,0.09495
0.19912,-0.0049071,0.098307
0.19874,-0.0054671,0.10216
0.19835,-0.0060519,0.10658
0.19797,-0.0066632,0.11141
0.19756,-0.0072935,0.11633
0.19717,-0.0079492,0.12155
0.19676,-0.0086272,0.12704
0.20015,-0.01027,0.13475
0.20358,-0.012054,0.1426
0.20704,-0.013975,0.15041
0.21051,-0.016029,0.15802
0.21402,-0.01822,0.16558
0.21758,-0.020552,0.17334
0.22113,-0.023004,0.18096
0.22473,-0.025594,0.1888
0.22835,-0.028307,0.19659
0.232,-0.031153,0.20405
0.25372,-0.030408,0.18232
0.27652,-0.029672,0.1638
0.30044,-0.028945,0.14766
0.32544,-0.028208,0.13334
0.35159,-0.027473,0.1206
0.37893,-0.02675,0.10944
0.40746,-0.026029,0.099393
0.43717,-0.025307,0.090103
0.46813,-0.024597,0.081677
0.50024,-0.023879,0.074102
0.50559,-0.018974,0.054328
0.51089,-0.014689,0.038962
0.51622,-0.011005,0.026966
0.52146,-0.0078819,0.017684
0.52672,-0.0053089,0.01069
0.53198,-0.003265,0.00563
0.53728,-0.0017322,0.002307
0.54244,-0.00068494,0.00048425
0.54767,-0.00011927,-8.51e-06
0.55289,1.7553e-05,-0.00073605
0.54043,3.3473e-05,0.0021984
0.52838,5.3319e-05,0.012403
0.51661,7.7514e-05,0.02836
0.50521,0.00010445,0.048343
0.49397,0.00013645,0.071069
0.48307,0.00017066,0.096135
0.47241,0.00020777,0.12289
0.46194,0.00024881,0.15087
0.45173,0.00029187,0.17992
0.44172,0.00033787,0.21009
0.42048,3.7844e-05,0.20507
0.4002,-3.3557e-05,0.20303
0.38077,-0.00030401,0.20304
0.36222,-0.00083188,0.20427
0.34433,-0.0015932,0.20671
0.32726,-0.0025807,0.20998
0.31084,-0.0037725,0.21401
0.29511,-0.0051628,0.21824
0.28001,-0.0067362,0.22285
0.26552,-0.0084852,0.22787
0.28182,-0.0088395,0.22581
0.2987,-0.009202,0.22369
0.31617,-0.0095747,0.22167
0.3342,-0.0099537,0.21975
0.35271,-0.010321,0.21827
0.37177,-0.010693,0.21648
0.39148,-0.011084,0.21463
0.41172,-0.011476,0.213
0.43251,-0.01187,0.21138
0.45385,-0.012269,0.20991
0.44842,-0.018816,0.1521
0.4431,-0.026582,0.10865
0.4379,-0.035521,0.075715
0.43279,-0.045591,0.050608
0.42775,-0.056757,0.031842
0.42281,-0.069003,0.018161
0.4179,-0.082294,0.0087469
0.41303,-0.096607,0.0029779
0.40824,-0.11196,0.00030455
0.40343,-0.12828,-0.00033622
0.36816,-0.12297,0.00079675
0.33544,-0.11802,0.0044605
0.30506,-0.1134,0.0098575
0.27687,-0.10906,0.016125
0.25073,-0.10499,0.022891
0.22647,-0.10115,0.030006
0.204,-0.097532,0.037283
0.18322,-0.094129,0.044528
0.16401,-0.090906,0.051788
0.14628,-0.087875,0.059153
0.15072,-0.082328,0.04608
0.15511,-0.076993,0.035772
0.15957,-0.071957,0.027335
0.16407,-0.067174,0.020608
0.1686,-0.062627,0.015194
0.17313,-0.058271,0.01096
0.17771,-0.054138,0.007581
0.18234,-0.050207,0.0049194
0.18699,-0.046457,0.002926
0.19168,-0.042893,0.0014757
0.1864,-0.03297,0.0027809
0.18129,-0.024548,0.0043313
0.17632,-0.017508,0.0060113
0.17148,-0.011759,0.0077589
0.16678,-0.007234,0.0095848
0.16222,-0.0038556,0.011429
0.15776,-0.0015605,0.013297
0.15341,-0.00029796,0.015247
0.14916,2.1974e-05,0.017222
0.14501,0.00069555,0.01932
0.15644,0.0010464,0.003633
0.1684,0.0014701,-0.0002354
0.18095,0.0019722,-0.0077787
0.19415,0.0025586,-0.025093
0.20805,0.0032356,-0.051265
0.22272,0.0040057,-0.085677
0.23817,0.0048793,-0.12751
0.25445,0.0058597,-0.17578
0.2716,0.0069456,-0.23006
0.28959,0.0081549,-0.28985
0.29069,0.0039938,-0.29221
0.2918,0.0013285,-0.29749
0.29291,0.00010028,-0.30483
0.29402,-0.00026072,-0.31368
0.29513,-0.0017692,-0.32378
0.29624,-0.0045915,-0.3347
0.29734,-0.0087012,-0.34625
0.29845,-0.014077,-0.35795
0.29955,-0.020696,-0.37002
0.30065,-0.028538,-0.38256
0.29011,-0.024798,-0.34908
0.27994,-0.021411,-0.3218
0.27012,-0.018361,-0.29942
0.26064,-0.015617,-0.28076
0.25146,-0.01315,-0.26478
0.24257,-0.010947,-0.25079
0.23398,-0.0089909,-0.23847
0.22565,-0.0072646,-0.22769
0.21758,-0.0057523,-0.21801
0.20976,-0.0044443,-0.20913
0.19337,-0.0058503,-0.18213
0.17808,-0.0073936,-0.15919
0.16381,-0.009062,-0.13935
0.15048,-0.010842,-0.12226
0.13805,-0.012726,-0.10719
0.12644,-0.0147,-0.093796
0.1156,-0.016753,-0.081924
0.10549,-0.018886,-0.071434
0.096054,-0.021088,-0.062072
0.087252,-0.023349,-0.053751
0.086253,-0.023558,-0.052888
0.085262,-0.023766,-0.051965
0.08428,-0.023978,-0.050992
0.08331,-0.0242,-0.049964
0.08235,-0.024426,-0.048895
0.081397,-0.024652,-0.047664
0.080456,-0.024885,-0.046417
0.079524,-0.025123,-0.045256
0.078602,-0.025366,-0.044092
0.077689,-0.025613,-0.042853
0.070647,-0.026647,-0.042711
0.064035,-0.02769,-0.042572
0.057836,-0.028737,-0.042345
0.052033,-0.029793,-0.04196
0.046609,-0.030853,-0.041494
0.041549,-0.031921,-0.041121
0.036838,-0.032996,-0.040726
0.032461,-0.034075,-0.040248
0.028406,-0.035159,-0.039719
0.024662,-0.036252,-0.039273
0.022219,-0.037506,-0.035128
0.019934,-0.038765,-0.031517
0.017801,-0.040036,-0.028237
0.015812,-0.041313,-0.025275
0.013961,-0.042598,-0.022586
0.012242,-0.043893,-0.020181
0.01065,-0.045197,-0.018006
0.0091805,-0.04651,-0.015993
0.0078302,-0.047836,-0.014152
0.0065947,-0.049171,-0.012415
0.0083082,-0.048318,-0.020456
0.010243,-0.047454,-0.030252
0.012417,-0.046594,-0.041686
0.014839,-0.045713,-0.054487
0.017527,-0.044829,-0.068671
0.020496,-0.043934,-0.08426
0.023761,-0.04303,-0.10102
0.027335,-0.042113,-0.11856
0.031234,-0.041184,-0.13696
0.035472,-0.040247,-0.15606
0.035325,-0.036674,-0.18215
0.035177,-0.033255,-0.20928
0.035032,-0.029995,-0.23734
0.034889,-0.026894,-0.26634
0.034748,-0.023951,-0.296
0.034613,-0.021173,-0.32614
0.034475,-0.018551,-0.35647
0.034343,-0.016098,-0.38724
0.034213,-0.013812,-0.41835
0.03408,-0.01169,-0.44894
0.031336,-0.008698,-0.39802
0.028784,-0.0062507,-0.35603
0.026406,-0.0042821,-0.32059
0.024189,-0.0027399,-0.29009
0.022123,-0.0015797,-0.26394
0.020195,-0.00076123,-0.2411
0.018392,-0.00025066,-0.22053
0.016713,-2.0025e-05,-0.20276
0.015146,4.2766e-05,-0.18667
0.013684,0.0002968,-0.17231
0.014478,0.0003434,-0.14549
0.015267,0.00039324,-0.12222
0.016048,0.000447,-0.10182
0.016827,0.00050362,-0.084382
0.017603,0.00056339,-0.069288
0.018371,0.00062727,-0.055968
0.019139,0.00069406,-0.044549
0.01991,0.00076333,-0.034834
0.020681,0.00083602,-0.026515
0.021451,0.0009128,-0.019409
0.021444,0.0013671,-0.016314
0.021441,0.0019075,-0.013539
0.021435,0.0025349,-0.010966
0.021431,0.003247,-0.0087078
0.021433,0.0040423,-0.0068466
0.021422,0.004931,-0.0050084
0.02142,0.0059021,-0.0036192
0.021414,0.0069655,-0.0023966
0.021409,0.0081204,-0.0014375
0.021402,0.0093698,-0.00073476
0.022836,0.010423,-0.00035061
0.024352,0.011546,-0.00010283
0.025948,0.012746,-1.1087e-06
0.027637,0.014019,5.712e-05
0.02942,0.015369,0.00025776
0.031299,0.0168,0.00060055
0.033281,0.018312,0.0010799
0.03536,0.019913,0.0017194
0.037555,0.021598,0.0024759
0.039864,0.023369,0.0033896
0.03505,0.021441,0.0078049
0.030661,0.019647,0.013837
0.026657,0.017974,0.021357
0.023006,0.016409,0.030289
0.01968,0.014938,0.040362
0.016653,0.013553,0.051418
0.013892,0.012255,0.06392
0.0114,0.011023,0.07709
0.0091597,0.0098574,0.091044
0.0071497,0.0087643,0.10664
0.0078417,0.0094982,0.098375
0.0085538,0.010257,0.090976
0.0092898,0.011039,0.084226
0.010048,0.011846,0.078299
0.010838,0.012674,0.072631
0.011647,0.013531,0.067653
0.012485,0.014414,0.062995
0.013352,0.015321,0.058584
0.014248,0.016256,0.054496
0.015172,0.017219,0.050851
0.017134,0.016932,0.053719
0.019235,0.016642,0.056675
0.021476,0.016352,0.059736
0.023854,0.016063,0.062993
0.026375,0.015775,0.066356
0.029056,0.015482,0.069664
0.031873,0.015194,0.073498
0.034859,0.014902,0.077056
0.038004,0.01461,0.080694
0.041313,0.014318,0.084338
0.041605,0.013536,0.072196
0.041872,0.012796,0.061757
0.042143,0.01209,0.052454
0.042397,0.011419,0.044262
0.042646,0.010779,0.037071
0.042904,0.010165,0.03057
0.043118,0.009586,0.024851
0.043352,0.009028,0.019871
0.043581,0.0084943,0.015593
0.043794,0.0079854,0.011957
0.043502,0.0081385,0.010457
0.04323,0.0082885,0.0090561
0.042943,0.0084398,0.0077273
0.04267,0.0085887,0.0065766
0.042395,0.0087374,0.0055251
0.042113,0.0088864,0.0045943
0.041843,0.0090335,0.0037685
0.041569,0.0091807,0.0029897
0.0413,0.0093268,0.0023089
0.041039,0.0094716,0.0017137
0.038709,0.011257,0.0012761
0.036451,0.013186,0.00092144
0.034266,0.015258,0.00063469
0.03216,0.01747,0.0004006
0.030117,0.019826,0.00022017
0.028144,0.022325,9.4397e-05
0.026239,0.024969,2.2209e-05
0.024404,0.02776,-4.8393e-08
0.022626,0.030701,-2.8125e-05
0.020909,0.033794,-0.00010201
0.020735,0.032691,1.2184e-05
0.020559,0.031617,0.00026556
0.020393,0.030571,0.00081129
0.020231,0.02955,0.0015892
0.020071,0.028556,0.0025549
0.019905,0.027588,0.0036125
0.019754,0.026642,0.0048292
0.019603,0.02572,0.0061592
0.019458,0.02482,0.0075868
0.019313,0.023942,0.0090287
0.020504,0.023162,0.0049216
0.021718,0.022406,0.002142
0.022977,0.021669,0.00056004
0.024254,0.02095,1.5056e-06
0.02556,0.020246,-0.00043552
0.02691,0.019554,-0.0017641
0.028298,0.018872,-0.0039205
0.029728,0.018199,-0.0068183
0.031193,0.017535,-0.010457
0.032712,0.016878,-0.014798
0.03165,0.016855,-0.017748
0.030612,0.016834,-0.020869
0.029579,0.016815,-0.02426
0.028577,0.016796,-0.027651
0.027593,0.016778,-0.031177
0.026612,0.016764,-0.035031
0.025669,0.016747,-0.038823
0.024728,0.016734,-0.04284
0.023802,0.016723,-0.04698
0.022908,0.016709,-0.051121
0.021364,0.015731,-0.041885
0.019925,0.014798,-0.034187
0.018578,0.013908,-0.027767
0.017309,0.013062,-0.022447
0.016131,0.012252,-0.017889
0.015015,0.011483,-0.014152
0.013976,0.010748,-0.010999
0.013006,0.010047,-0.0083409
0.012098,0.0093782,-0.0061674
0.011234,0.0087439,-0.0044252
0.010657,0.010007,-0.0040936
0.01008,0.011364,-0.0038324
0.009519,0.012812,-0.0035895
0.0089739,0.014355,-0.0033694
0.0084347,0.015998,-0.0031892
0.0079197,0.017737,-0.0029568
0.0074166,0.019579,-0.0027395
0.0069237,0.021528,-0.0025612
0.006448,0.023583,-0.0023754
0.0059873,0.025749,-0.0021772
0.0065634,0.023063,-0.0012968
0.0071611,0.020576,-0.0006393
0.0077753,0.018279,-0.00021945
0.0084033,0.016159,-2.1399e-05
0.0090224,0.014215,2.6332e-05
0.0096534,0.012425,0.00020668
0.010309,0.010776,0.00055596
0.010972,0.0092649,0.001065
0.011652,0.0078825,0.0017276
0.012359,0.0066192,0.0025548
0.0134,0.0061251,0.0065006
0.014488,0.0056486,0.012171
0.015652,0.0051835,0.019679
0.016889,0.004732,0.028995
0.018203,0.0042947,0.040177
0.019601,0.0038723,0.053331
0.021089,0.0034651,0.068453
0.022679,0.0030735,0.085658
0.024367,0.0027001,0.1048
0.026166,0.002345,0.12595
0.022987,0.0023013,0.13327
0.020034,0.0022589,0.14064
0.017292,0.0022186,0.14813
0.014775,0.0021778,0.15598
0.012444,0.0021409,0.1636
0.010329,0.0021034,0.17179
0.0084108,0.0020672,0.18011
0.0066934,0.0020311,0.1888
0.0051676,0.0019963,0.1976
0.0038409,0.0019613,0.20638
0.0036722,0.0025023,0.21942
0.003506,0.0031176,0.23257
0.0033417,0.0038094,0.24588
0.0031823,0.0045784,0.25978
0.003024,0.0054287,0.27383
0.002868,0.0063618,0.2878
0.0027176,0.0073766,0.30214
0.0025688,0.0084779,0.31671
0.002424,0.0096655,0.33151
0.0022828,0.010941,0.34619
0.0025422,0.013549,0.30829
0.0028091,0.016372,0.27574
0.0030831,0.019404,0.2473
0.0033622,0.022645,0.2222
0.0036491,0.026088,0.19986
0.0039449,0.029732,0.17973
0.0042494,0.033577,0.16159
0.0045604,0.03763,0.14518
0.0048813,0.04189,0.13025
0.0052132,0.046359,0.11652
0.0056484,0.043179,0.12805
0.0061018,0.04012,0.13969
0.006571,0.037184,0.15122
0.0070589,0.034364,0.16276
0.0075652,0.03166,0.17423
0.0080847,0.029081,0.18554
0.0086261,0.026609,0.1968
0.0091852,0.024251,0.20812
0.0097615,0.022009,0.21934
0.010358,0.019875,0.23015
0.0099781,0.019954,0.20048
0.0096138,0.020038,0.17474
0.0092663,0.020124,0.15233
0.0089366,0.020206,0.133
0.0086214,0.020288,0.11603
0.0083198,0.020371,0.10089
0.0080319,0.020452,0.087557
0.0077558,0.020534,0.075614
0.0074925,0.02061,0.065162
0.0072383,0.020691,0.055782
0.0087362,0.018128,0.054902
0.010355,0.015758,0.054153
0.012095,0.013574,0.053421
0.013955,0.011568,0.052715
0.015937,0.0097328,0.052022
0.018045,0.0080619,0.051233
0.020281,0.0065513,0.050461
0.02265,0.0051988,0.049742
0.025159,0.0039999,0.049065
0.027811,0.0029577,0.048186
0.027025,0.0022965,0.053191
0.026252,0.0017221,0.058199
0.025492,0.0012316,0.063295
0.024744,0.00082396,0.068632
0.024007,0.00049855,0.074023
0.02328,0.00025468,0.079253
0.022564,9.2074e-05,0.084478
0.021858,1.0492e-05,0.08954
0.021162,-9.7345e-06,0.094663
0.020475,-8.9843e-05,0.099702
0.019624,-0.00020199,0.08569
0.018803,-0.00035653,0.073534
0.018011,-0.00055184,0.062882
0.017246,-0.00078626,0.053604
0.016507,-0.0010585,0.045438
0.015794,-0.0013673,0.038392
0.015104,-0.0017115,0.032193
0.014436,-0.0020896,0.026703
0.013791,-0.0025016,0.021873
0.013166,-0.0029465,0.017585
0.013572,-0.0023684,0.017838
0.013983,-0.001855,0.018137
0.014399,-0.0014057,0.01843
0.014823,-0.0010187,0.018618
0.015251,-0.00069526,0.018852
0.015687,-0.00043283,0.019106
0.016128,-0.00023252,0.019366
0.016576,-9.3836e-05,0.019685
0.017032,-1.6864e-05,0.020005
0.017495,2.1913e-06,0.020215
0.018546,5.0315e-06,0.016479
0.019625,9.0297e-06,0.013236
0.020734,1.4201e-05,0.010388
0.021874,2.0464e-05,0.0078759
0.023048,2.7926e-05,0.0057298
0.024256,3.6554e-05,0.0039701
0.025502,4.6284e-05,0.0025386
0.026789,5.7551e-05,0.0014147
0.028114,6.9702e-05,0.00063205
0.029483,8.34e-05,0.00016704
0.028158,6.5306e-05,0.0017687
0.026872,4.9693e-05,0.0048774
0.025619,3.6187e-05,0.0093694
0.024398,2.5041e-05,0.015182
0.023203,1.5837e-05,0.022222
0.022034,8.6799e-06,0.030321
0.020888,3.6381e-06,0.039498
0.019765,7.2932e-07,0.049792
0.018664,-4.9608e-08,0.061143
0.017585,-1.6971e-06,0.073386
0.018243,-2.7321e-05,0.074369
0.018915,-8.3933e-05,0.075519
0.019602,-0.00017145,0.076693
0.020303,-0.00029028,0.077815
0.021019,-0.00044083,0.079022
0.02175,-0.00062235,0.080318
0.022495,-0.0008354,0.081707
0.023256,-0.0010808,0.082998
0.024032,-0.001358,0.084304
0.024823,-0.0016671,0.085537
0.022966,-0.0012586,0.096016
0.021177,-0.00090759,0.10693
0.019455,-0.00061332,0.11813
0.017802,-0.00037625,0.12959
0.016215,-0.00019666,0.14137
0.014696,-7.4483e-05,0.15339
0.013242,-1.0267e-05,0.16578
0.011854,5.1731e-06,0.17831
0.010536,6.0212e-05,0.19092
0.0092886,0.00017585,0.20361
0.0093533,0.00010383,0.21029
0.00942,5.048e-05,0.21698
0.0094879,1.6111e-05,0.2236
0.0095566,8.4416e-07,0.22995
0.0096261,-4.746e-06,0.23621
0.0096953,-2.7785e-05,0.24251
0.0097663,-7.007e-05,0.24879
0.0098371,-0.0001315,0.25474
0.0099085,-0.00021211,0.26059
0.0099828,-0.00031217,0.2666
0.011681,-0.00019495,0.21337
0.013415,-0.00010889,0.17027
0.015185,-5.0147e-05,0.1352
0.01698,-1.493e-05,0.10649
0.018806,-5.9777e-07,0.082878
0.020661,4.8894e-06,0.063541
0.022543,2.6255e-05,0.047635
0.024468,6.3384e-05,0.034437
0.026435,0.00011561,0.023755
0.028452,0.00018257,0.015247
0.030719,0.00023011,0.015219
0.033086,0.0002842,0.015142
0.03557,0.00034438,0.015065
0.03817,0.00041098,0.015036
0.040882,0.00048441,0.014977
0.043718,0.00056445,0.014792
0.046675,0.00065148,0.014575
0.049757,0.00074564,0.014396
0.052961,0.00084723,0.014197
0.056283,0.00095672,0.014014
0.05619,0.00056266,0.013398
0.056093,0.00027416,0.012759
0.055998,8.9032e-05,0.012131
0.055909,5.5118e-06,0.011468
0.055802,-2.1994e-05,0.010806
0.055705,-0.00013692,0.010248
0.055616,-0.00034935,0.0097007
0.055502,-0.00065697,0.0091297
0.055392,-0.0010596,0.008572
0.055294,-0.0015572,0.0080793
0.063262,-0.0009259,0.014365
0.072065,-0.00044662,0.02236
0.08173,-0.00013321,0.032009
0.092353,-2.8101e-06,0.043423
0.10399,7.1738e-05,0.05637
0.11668,0.00035705,0.070626
0.1305,0.00087565,0.086118
0.14549,0.0016441,0.10252
0.16171,0.0026779,0.11984
0.17919,0.0039927,0.13797
0.1756,0.0042424,0.11985
0.17212,0.0044909,0.10462
0.16874,0.0047395,0.091703
0.16543,0.0049888,0.080711
0.16224,0.0052362,0.071239
0.15908,0.0054859,0.062812
0.156,0.0057344,0.055409
0.15301,0.0059821,0.048858
0.15008,0.0062292,0.043045
0.14721,0.0064763,0.037911
0.14085,0.0059528,0.03046
0.13474,0.0054649,0.024343
0.12888,0.0050107,0.019264
0.12321,0.0045895,0.015141
0.11778,0.0041962,0.011728
0.11258,0.0038296,0.0089202
0.10756,0.0034888,0.0066239
0.1027,0.0031739,0.0047648
0.098044,0.0028804,0.0032713
0.093575,0.0026073,0.0021131
0.094219,0.0018264,0.0043092
0.09488,0.0011855,0.007015
0.095529,0.00068408,0.010149
0.096181,0.00032028,0.013571
0.096836,9.3187e-05,0.01724
0.097498,2.0199e-06,0.021062
0.098146,-4.6114e-05,0.024982
0.098813,-0.000225,0.029075
0.099476,-0.00053813,0.033232
0.10014,-0.00098488,0.03746
0.097127,-0.00088195,0.04221
0.09418,-0.00078498,0.047195
0.091293,-0.00069386,0.052295
0.088494,-0.00060958,0.057483
0.085732,-0.0005303,0.062749
0.083025,-0.00045671,0.068062
0.080398,-0.0003895,0.073393
0.077834,-0.00032806,0.07868
0.0753,-0.00027151,0.084029
0.072862,-0.00022142,0.089449
0.070515,-2.6655e-05,0.079779
0.06823,1.9146e-05,0.07118
0.066019,0.00018869,0.063633
0.063866,0.00052642,0.056885
0.061785,0.0010237,0.050949
0.05976,0.001674,0.045673
0.057702,0.0024781,0.040829
0.055757,0.0034201,0.036706
0.053838,0.0045025,0.033
0.051983,0.0057171,0.029557
0.05489,0.0030754,0.03899
0.057908,0.0012364,0.049506
0.061043,0.00021505,0.060925
0.064311,-3.7205e-05,0.073055
0.067721,-0.00073832,0.085954
0.071275,-0.0023601,0.099412
0.074985,-0.0049495,0.11344
0.078851,-0.0085558,0.1278
0.082897,-0.013232,0.14261
0.087133,-0.019033,0.15795
0.078094,-0.018774,0.17533
0.069597,-0.018515,0.19229
0.061705,-0.018272,0.20962
0.054363,-0.018038,0.22697
0.047542,-0.01781,0.24436
0.041224,-0.017589,0.26193
0.035412,-0.017378,0.27997
0.030051,-0.017167,0.29778
0.02515,-0.01696,0.31569
0.020715,-0.016761,0.33383
0.023177,-0.019252,0.29137
0.025716,-0.021868,0.25483
0.028347,-0.024612,0.22351
0.031066,-0.027484,0.19625
0.0339,-0.030492,0.17274
0.036837,-0.033633,0.15192
0.039822,-0.036892,0.13184
0.042959,-0.040301,0.11485
0.046197,-0.043845,0.099267
0.049568,-0.047537,0.085684
0.03929,-0.044001,0.082956
0.030516,-0.040734,0.080426
0.023108,-0.037715,0.078082
0.016934,-0.034917,0.075897
0.011882,-0.032324,0.073879
0.0078438,-0.029914,0.071789
0.0047308,-0.027671,0.069826
0.0024589,-0.02558,0.067885
0.00095568,-0.023624,0.065957
0.00016179,-0.021792,0.06433
7.4186e-05,-0.023426,0.075172
1.9636e-05,-0.025146,0.086922
2.5894e-08,-0.026954,0.099298
-1.7383e-05,-0.028852,0.11228
-7.3381e-05,-0.03084,0.12586
-0.00017065,-0.032917,0.13973
-0.00030966,-0.035087,0.15425
-0.0004946,-0.037345,0.16841
-0.00072355,-0.039697,0.1832
-0.00099816,-0.042141,0.19825
-0.00031305,-0.04591,0.23507
-1.1222e-05,-0.049911,0.27437
0.0001311,-0.05415,0.31605
0.00071035,-0.058627,0.35872
0.0017882,-0.063347,0.40334
0.0033974,-0.068307,0.44876
0.0055742,-0.07351,0.49515
0.0083562,-0.078955,0.54261
0.011756,-0.084637,0.58864
0.015821,-0.090556,0.63591
0.015754,-0.08302,0.59945
0.015677,-0.076019,0.5684
0.015606,-0.069509,0.54314
0.015536,-0.063448,0.52213
0.015462,-0.0578,0.50367
0.015399,-0.052535,0.48887
0.015331,-0.047627,0.4753
0.015272,-0.043052,0.46387
0.015213,-0.038789,0.45357
0.015144,-0.034823,0.44341
0.013427,-0.033945,0.45527
0.011823,-0.033086,0.46751
0.010323,-0.032246,0.47904
0.0089331,-0.031424,0.49041
0.0076438,-0.030621,0.50093
0.0064589,-0.029835,0.51139
0.0053752,-0.029068,0.5214
0.0043911,-0.028318,0.53111
0.003513,-0.027584,0.54128
0.0027323,-0.026867,0.55052
0.0035361,-0.02781,0.57175
0.0044503,-0.028768,0.59162
0.0054741,-0.029742,0.61022
0.0066108,-0.030729,0.62845
0.0078603,-0.03173,0.64583
0.0092229,-0.032744,0.66275
0.010707,-0.033767,0.6796
0.01229,-0.034807,0.6947
0.013996,-0.035854,0.71
0.015816,-0.036911,0.72512
0.017218,-0.041008,0.64276
0.01866,-0.045217,0.57423
0.020138,-0.049541,0.5156
0.021653,-0.053979,0.46552
0.023217,-0.05853,0.42143
0.024805,-0.063204,0.38258
0.026437,-0.067994,0.3478
0.028117,-0.072902,0.31659
0.029823,-0.077936,0.28858
0.031579,-0.083091,0.26271
0.031895,-0.080952,0.23755
0.032197,-0.078908,0.21514
0.032487,-0.076952,0.19499
0.03278,-0.075072,0.17644
0.033066,-0.073266,0.15959
0.033348,-0.071529,0.14435
0.033599,-0.069864,0.13075
0.033876,-0.068251,0.11809
0.034139,-0.066697,0.10662
0.034374,-0.065204,0.096235
0.03483,-0.058068,0.086831
0.03529,-0.051534,0.078194
0.035716,-0.04557,0.070566
0.036139,-0.040122,0.063439
0.03655,-0.035155,0.056943
0.036939,-0.030639,0.051026
0.037328,-0.026534,0.045543
0.037697,-0.022817,0.040691
0.038058,-0.019459,0.036263
0.038416,-0.016434,0.032093
0.039516,-0.016958,0.026966
0.04063,-0.017488,0.022282
0.041762,-0.018021,0.018093
0.042902,-0.018561,0.014348
0.044083,-0.019103,0.011052
0.045281,-0.01965,0.0082152
0.046424,-0.020212,0.0059807
0.047626,-0.020776,0.0040954
0.048866,-0.021342,0.0025381
0.050107,-0.021918,0.0013704
0.054621,-0.021303,0.0017343
0.059394,-0.020687,0.0020801
0.064406,-0.020071,0.0024432
0.069691,-0.019454,0.0028155
0.075224,-0.018838,0.0032076
0.081044,-0.018222,0.0035553
0.087124,-0.017609,0.0039126
0.093503,-0.016995,0.0042664
0.10015,-0.016385,0.0046358
0.10712,-0.015777,0.0049398
0.10891,-0.018795,0.0029444
0.11074,-0.02208,0.0014574
0.11259,-0.025636,0.00050158
0.11446,-0.029465,5.2762e-05
0.11638,-0.033571,-6.3279e-05
0.11829,-0.037956,-0.00050828
0.12026,-0.042623,-0.0013992
0.12223,-0.047574,-0.0026822
0.12424,-0.052811,-0.0043821
0.12628,-0.058335,-0.0064184
0.15136,-0.051205,-0.015347
0.17932,-0.044406,-0.027722
0.21038,-0.037954,-0.043264
0.2447,-0.031873,-0.061392
0.28254,-0.026199,-0.082115
0.32407,-0.020969,-0.10495
0.36948,-0.016224,-0.12979
0.41894,-0.012006,-0.15644
0.47264,-0.0083577,-0.18481
0.53067,-0.0053198,-0.21454
0.53687,-0.0050447,-0.18886
0.54309,-0.0047784,-0.16943
0.54934,-0.0045206,-0.15462
0.55558,-0.0042705,-0.14274
0.56186,-0.0040286,-0.13333
0.56815,-0.0037944,-0.12534
0.57446,-0.0035678,-0.11857
0.5808,-0.0033486,-0.11284
0.58713,-0.0031365,-0.1077
0.59351,-0.0029319,-0.1033
0.61451,-0.003827,-0.063396
0.63581,-0.0048271,-0.036071
0.65742,-0.0059294,-0.01797
0.6793,-0.0071293,-0.0068416
0.70153,-0.0084267,-0.001237
0.72406,-0.0098166,9.1384e-05
0.74692,-0.011297,0.0026734
0.77008,-0.012864,0.0083794
0.79357,-0.014515,0.016721
0.81736,-0.016248,0.027399
0.77819,-0.020327,0.052899
0.7408,-0.024752,0.083852
0.70505,-0.029503,0.1193
0.6708,-0.034556,0.15892
0.638,-0.039905,0.20158
0.60653,-0.045531,0.24717
0.57632,-0.051421,0.29529
0.54728,-0.057564,0.3455
0.51937,-0.063955,0.39722
0.4925,-0.070575,0.4508
0.49073,-0.079568,0.38624
0.48902,-0.088948,0.33682
0.48738,-0.098708,0.2978
0.48579,-0.10884,0.2659
0.48425,-0.11934,0.23918
0.48274,-0.13019,0.21651
0.48126,-0.14138,0.19689
0.47981,-0.15291,0.17939
0.47839,-0.16478,0.1636
0.47698,-0.17695,0.14965
0.46599,-0.17842,0.13932
0.45532,-0.17993,0.1299
0.44494,-0.18146,0.12141
0.43485,-0.18302,0.11355
0.42504,-0.18461,0.10638
0.41549,-0.18622,0.099929
0.4062,-0.18786,0.093993
0.39714,-0.18952,0.088461
0.38832,-0.1912,0.08333
0.37972,-0.1929,0.078658
0.37875,-0.1978,0.061123
0.3778,-0.20271,0.046889
0.37688,-0.20764,0.035354
0.37598,-0.21258,0.026066
0.3751,-0.21753,0.018631
0.37424,-0.22251,0.012655
0.37339,-0.2275,0.0080152
0.37257,-0.23251,0.0045713
0.37176,-0.23752,0.0021747
0.37096,-0.24254,0.00068589
0.36055,-0.23129,2.966e-05
0.35052,-0.22065,-0.00018852
0.34083,-0.21057,-0.00099397
0.33148,-0.20105,-0.0023598
0.32244,-0.19201,-0.0041876
0.3137,-0.18344,-0.0063659
0.30524,-0.17531,-0.008866
0.29706,-0.16757,-0.011592
0.28913,-0.16021,-0.014542
0.28146,-0.15321,-0.017739
0.27031,-0.14895,-0.01335
0.25959,-0.14486,-0.010197
0.24927,-0.14091,-0.0078688
0.23933,-0.13712,-0.0061178
0.22976,-0.13347,-0.0047781
0.22054,-0.12994,-0.0037615
0.21165,-0.12654,-0.0029616
0.20308,-0.12325,-0.0022919
0.19481,-0.12008,-0.0017561
0.18685,-0.11701,-0.0013376
0.19885,-0.10741,-0.0021962
0.21118,-0.098289,-0.0031356
0.22383,-0.089649,-0.0041405
0.23682,-0.081447,-0.0051956
0.25014,-0.073692,-0.0062764
0.2638,-0.066367,-0.0073367
0.2778,-0.059453,-0.0083804
0.29214,-0.052945,-0.0093892
0.30684,-0.046837,-0.010389
0.32189,-0.041127,-0.011423
0.33599,-0.041438,-0.016469
0.35043,-0.041745,-0.021994
0.36522,-0.042039,-0.027826
0.38035,-0.042321,-0.033827
0.39581,-0.042592,-0.039978
0.41162,-0.042854,-0.046324
0.42775,-0.043104,-0.052748
0.44421,-0.043342,-0.059347
0.46098,-0.043564,-0.066027
0.47806,-0.043771,-0.072618
0.47404,-0.044319,-0.090787
0.47006,-0.044866,-0.1095
0.4661,-0.045407,-0.12872
0.46219,-0.045948,-0.14841
0.45831,-0.046485,-0.16853
0.45446,-0.047016,-0.18906
0.45065,-0.047549,-0.21013
0.44685,-0.048071,-0.23108
0.4431,-0.048597,-0.25263
0.43936,-0.049112,-0.27419
0.44095,-0.042488,-0.28927
0.44255,-0.036416,-0.3042
0.44414,-0.030877,-0.31881
0.44576,-0.025854,-0.33344
0.44739,-0.021327,-0.34773
0.44903,-0.017278,-0.3614
0.45066,-0.013692,-0.37465
0.45231,-0.010554,-0.38724
0.45396,-0.0078499,-0.39943
0.45563,-0.0055677,-0.41152
0.4656,-0.0025163,-0.34907
0.47558,-0.00068397,-0.29917
0.48556,-6.3246e-06,-0.25834
0.49554,0.00043291,-0.22391
0.50559,0.0019215,-0.19494
0.51567,0.0044379,-0.16995
0.52569,0.0079571,-0.14746
0.53576,0.012451,-0.12794
0.54592,0.017895,-0.11088
0.55614,0.024272,-0.095859
0.56408,0.033087,-0.091994
0.57204,0.043201,-0.087788
0.58,0.054595,-0.083324
0.58801,0.067246,-0.078588
0.59604,0.081135,-0.073829
0.60413,0.096241,-0.069254
0.61215,0.11256,-0.064679
0.62026,0.13005,-0.060276
0.62837,0.14872,-0.056036
0.63647,0.16853,-0.052015
0.6207,0.1443,-0.030755
0.60559,0.12274,-0.016543
0.59115,0.1036,-0.00748
0.57725,0.086628,-0.002286
0.5639,0.071634,-0.00014218
0.55105,0.058444,0.00048231
0.53868,0.046908,0.0029075
0.52668,0.036895,0.0071042
0.5151,0.028288,0.012816
0.50389,0.020986,0.01978
0.45968,0.011353,0.01081
0.41899,0.0048724,0.0054652
0.38149,0.0011885,0.0023301
0.34687,1.9135e-07,0.00065345
0.3149,-0.0010516,2.7453e-05
0.28534,-0.0041259,-0.00016943
0.25794,-0.0090417,-0.00088489
0.23258,-0.015647,-0.0020696
0.20904,-0.023821,-0.0036344
0.18719,-0.033465,-0.0055192
0.18568,-0.036224,-0.0014647
0.1842,-0.03907,-2.6297e-05
0.18274,-0.042005,0.00067017
0.18128,-0.045029,0.0030609
0.17982,-0.048143,0.0069322
0.17836,-0.051345,0.012013
0.17691,-0.054635,0.01814
0.17547,-0.058013,0.025281
0.17403,-0.061478,0.033267
0.17259,-0.065029,0.042066
0.16186,-0.060578,0.030642
0.15175,-0.056421,0.021874
0.14218,-0.052537,0.015219
0.13313,-0.048903,0.010116
0.12457,-0.045501,0.0063161
0.11645,-0.042318,0.0035484
0.10879,-0.039334,0.0016726
0.10156,-0.036535,0.00055668
0.094695,-0.033913,5.1892e-05
0.088222,-0.031452,-6.8359e-05
0.086014,-0.02946,0.000341
0.083878,-0.027565,0.0018743
0.081804,-0.025761,0.0044513
0.079756,-0.024048,0.0079561
0.077759,-0.022416,0.012246
0.075819,-0.02086,0.01722
0.0739,-0.019381,0.022849
0.072027,-0.017971,0.028942
0.070188,-0.016629,0.035497
0.068391,-0.015351,0.042395
0.08525,-0.015127,0.031958
0.10455,-0.014896,0.02302
0.12654,-0.014656,0.015622
0.15146,-0.014405,0.0098016
0.17958,-0.014142,0.0053957
0.21114,-0.013867,0.002359
0.24635,-0.013581,0.00059246
0.28548,-0.013282,2.4375e-07
0.32876,-0.012971,-0.00051509
0.37644,-0.012646,-0.0020565
0.36079,-0.014805,5.4059e-06
0.34577,-0.017091,0.0019995
0.33128,-0.019501,0.0068494
0.31727,-0.022031,0.01372
0.30376,-0.024675,0.022115
0.29073,-0.027429,0.03178
0.27805,-0.030298,0.042465
0.26585,-0.033265,0.053995
0.25405,-0.036333,0.06618
0.24255,-0.039511,0.079016
0.22845,-0.026933,0.065768
0.21521,-0.017102,0.055497
0.20278,-0.0097261,0.047266
0.19108,-0.0045608,0.040479
0.18,-0.0014004,0.03486
0.16956,-6.6463e-05,0.030141
0.15966,0.00041471,0.026101
0.15028,0.002326,0.022515
0.1413,0.0057026,0.019391
0.13275,0.010472,0.016604
0.13171,0.010074,0.017883
0.13067,0.0096885,0.019092
0.12962,0.0093148,0.020244
0.12859,0.008955,0.021437
0.12756,0.0086063,0.022597
0.12651,0.0082686,0.023655
0.1255,0.007944,0.024729
0.12446,0.0076279,0.025774
0.12342,0.0073222,0.026819
0.1224,0.0070281,0.027833
0.1123,0.0044236,0.02327
0.10296,0.0024757,0.019483
0.094294,0.0011248,0.016261
0.086261,0.0003175,0.013433
0.078835,6.6398e-06,0.011025
0.071925,-0.00014978,0.0089656
0.065513,-0.00071018,0.0072087
0.059566,-0.0016554,0.005764
0.054044,-0.0029578,0.0045252
0.048906,-0.004595,0.0034529
0.046558,-0.0039782,0.0041025
0.044304,-0.0034166,0.0047829
0.042136,-0.0029075,0.0054736
0.040059,-0.0024478,0.006187
0.038054,-0.0020358,0.0069235
0.036155,-0.0016669,0.0076039
0.034324,-0.001341,0.0082696
0.032561,-0.0010555,0.0088724
0.030869,-0.00080833,0.0094476
0.029247,-0.00059749,0.010073
0.030167,-0.00094682,0.0045352
0.031093,-0.0013733,0.0012301
0.032029,-0.0018787,1.2294e-05
0.032993,-0.0024658,-0.00073767
0.033975,-0.0031397,-0.0032824
0.035002,-0.0039041,-0.0075909
0.036067,-0.0047657,-0.01364
0.037145,-0.0057336,-0.02134
0.038292,-0.0068089,-0.030762
0.039483,-0.0080011,-0.041966
0.039798,-0.0076157,-0.039725
0.0401,-0.0072438,-0.037663
0.0404,-0.0068842,-0.035826
0.040688,-0.0065372,-0.034303
0.040987,-0.0062004,-0.03292
0.041269,-0.0058759,-0.031591
0.041547,-0.0055625,-0.030396
0.041826,-0.0052593,-0.02942
0.042101,-0.0049666,-0.028544
0.042358,-0.0046848,-0.027644
0.045874,-0.0041682,-0.017042
0.049521,-0.0036838,-0.0092818
0.053305,-0.0032294,-0.0039942
0.057239,-0.0028033,-0.00093139
0.061348,-0.0024042,2.0542e-06
0.065648,-0.0020321,0.0010716
0.070105,-0.0016877,0.0040476
0.074789,-0.001371,0.0087982
0.079678,-0.0010832,0.015257
0.084797,-0.00082566,0.023375
0.076981,-0.0014258,0.023888
0.069713,-0.0021692,0.024373
0.062955,-0.0030462,0.0249
0.056659,-0.0040481,0.025359
0.050826,-0.0051669,0.025847
0.045401,-0.0063962,0.026453
0.040384,-0.0077298,0.027077
0.035739,-0.0091631,0.027634
0.031434,-0.010692,0.028164
0.027467,-0.012314,0.028822
0.030857,-0.012634,0.028665
0.034507,-0.012961,0.028427
0.038424,-0.013295,0.028223
0.042625,-0.013636,0.028153
0.047121,-0.013985,0.028108
0.051917,-0.01434,0.027989
0.057038,-0.014702,0.027919
0.062475,-0.01507,0.027932
0.068237,-0.015444,0.027934
0.07436,-0.015825,0.027949
0.07676,-0.011624,0.01663
0.079161,-0.0081373,0.0086891
0.081557,-0.0053116,0.0035077
0.083961,-0.0031089,0.00072225
0.086388,-0.0015027,-1.8373e-05
0.088845,-0.00047669,-0.0011964
0.091348,-2.4084e-05,-0.0041089
0.093865,0.00014603,-0.0085585
0.096475,0.00084997,-0.014524
0.099135,0.0021498,-0.021948
0.11088,0.0013924,-0.021482
0.12353,0.00078846,-0.021134
0.13712,0.00034843,-0.02088
0.15169,8.2377e-05,-0.020763
0.16728,-4.7373e-07,-0.020738
0.18394,-0.00011285,-0.020719
0.20169,-0.00042925,-0.020782
0.22058,-0.0009591,-0.020933
0.24065,-0.0017115,-0.021116
0.26188,-0.0026929,-0.021394
0.25184,-0.0043473,-0.030507
0.2421,-0.0063672,-0.040594
0.23264,-0.00874,-0.051448
0.22345,-0.011456,-0.062832
0.21452,-0.014505,-0.074747
0.20581,-0.017877,-0.087264
0.19735,-0.021567,-0.10018
0.18911,-0.025567,-0.11335
0.18109,-0.029872,-0.12682
0.17326,-0.034474,-0.14079
0.16754,-0.02967,-0.10796
0.16207,-0.02536,-0.082315
0.15683,-0.021501,-0.062157
0.15181,-0.018056,-0.04635
0.14697,-0.014987,-0.033771
0.14232,-0.01227,-0.023862
0.13785,-0.009878,-0.016158
0.13353,-0.0077886,-0.010318
0.12934,-0.005982,-0.0060178
0.1253,-0.0044421,-0.0029614
0.11779,-0.004989,-1.7765e-05
0.11063,-0.0055524,0.0018512
0.10383,-0.0061347,0.007753
0.097326,-0.0067344,0.017127
0.091091,-0.0073526,0.029559
0.08512,-0.0079906,0.044913
0.079378,-0.0086488,0.062842
0.073857,-0.0093288,0.083318
0.068525,-0.010031,0.10611
0.06339,-0.010757,0.13078
0.063883,-0.013021,0.13713
0.064379,-0.015512,0.14406
0.064884,-0.018231,0.15131
0.065388,-0.021183,0.15864
0.065894,-0.024368,0.16621
0.066404,-0.02779,0.17416
0.066922,-0.031452,0.18241
0.067445,-0.035355,0.19113
0.067984,-0.039501,0.20006
0.068501,-0.043892,0.20963
0.058832,-0.044003,0.16912
0.050209,-0.044191,0.1371
0.042524,-0.044447,0.11143
0.035696,-0.044763,0.090565
0.029643,-0.045134,0.073468
0.024303,-0.045555,0.059222
0.019615,-0.04602,0.047391
0.015523,-0.046527,0.037533
0.011989,-0.04707,0.029297
0.0089718,-0.047647,0.022401
0.0098331,-0.043097,0.014615
0.010698,-0.038904,0.0088467
0.011578,-0.035033,0.0046792
0.012469,-0.031456,0.0019071
0.013367,-0.028149,0.00039858
0.01428,-0.025087,-1.0223e-05
0.015206,-0.02225,-0.00065617
0.016145,-0.019622,-0.0022121
0.017103,-0.017186,-0.0046137
0.018081,-0.014931,-0.0078566
0.017432,-0.013543,-0.0072948
0.016798,-0.012254,-0.0068023
0.016181,-0.011055,-0.0063739
0.015584,-0.0099423,-0.0060724
0.015008,-0.0089098,-0.0058319
0.014446,-0.0079549,-0.0055951
0.013901,-0.0070728,-0.0054035
0.013375,-0.0062588,-0.0052958
0.012865,-0.00551,-0.0052211
0.012368,-0.0048234,-0.0051322
0.012453,-0.0053771,-0.0040932
0.01254,-0.0059619,-0.0032343
0.01263,-0.0065782,-0.0024875
0.012715,-0.0072292,-0.001846
0.012797,-0.0079156,-0.0013069
0.012882,-0.0086354,-0.00084841
0.012967,-0.0093907,-0.00049514
0.013049,-0.010184,-0.00024406
0.013125,-0.011018,-8.2691e-05
0.013206,-0.011887,-6.467e-06
0.01312,-0.011067,-0.00037997
0.013029,-0.010288,-0.0013161
0.01294,-0.0095427,-0.0027779
0.01285,-0.0088313,-0.0046885
0.012755,-0.0081538,-0.0070251
0.012664,-0.0075036,-0.0098449
0.012572,-0.0068823,-0.013084
0.012478,-0.0062895,-0.016649
0.01239,-0.0057194,-0.02061
0.012297,-0.0051776,-0.025006
0.01343,-0.0051399,-0.019755
0.014601,-0.005104,-0.01518
0.01582,-0.0050669,-0.011307
0.017083,-0.0050313,-0.0081458
0.018398,-0.0049951,-0.0055536
0.019765,-0.0049591,-0.0034478
0.02119,-0.0049224,-0.0018639
0.022669,-0.0048872,-0.00079117
0.024212,-0.0048511,-0.00017655
0.025824,-0.0048137,2.8009e-06
0.022139,-0.0045331,-0.00022847
0.018827,-0.0042735,-0.00097902
0.015872,-0.0040281,-0.0021788
0.01323,-0.0038026,-0.0037518
0.010877,-0.0035962,-0.005614
0.0088089,-0.0033983,-0.0077665
0.0069956,-0.0032123,-0.010173
0.0054153,-0.0030387,-0.012796
0.004062,-0.0028699,-0.015676
0.0029133,-0.0027101,-0.018786
0.0032456,-0.0020253,-0.012214
0.0035823,-0.0014725,-0.0074184
0.00393,-0.0010277,-0.0039846
0.0042821,-0.00067781,-0.0016839
0.0046439,-0.00040781,-0.00038869
0.0050184,-0.00020846,8.0403e-07
0.0054055,-7.5452e-05,0.00045443
0.0058149,-7.9223e-06,0.0017738
0.0062402,1.0246e-05,0.0039966
0.0066937,8.9713e-05,0.007175
0.006807,0.00019937,0.0042665
0.0069204,0.00034865,0.0021893
0.007029,0.00053538,0.00082325
0.0071332,0.00075925,0.00011371
0.0072432,0.0010245,-5.0991e-05
0.0073559,0.001333,-0.00060899
0.0074731,0.0016891,-0.0017893
0.007598,0.0020988,-0.003629
0.0077246,0.0025644,-0.0061501
0.0078626,0.0030963,-0.0093043
0.0076216,0.0037402,-0.013221
0.0073728,0.0044623,-0.017913
0.0071158,0.0052685,-0.023371
0.0068456,0.0061606,-0.029516
0.0065736,0.0071535,-0.036436
0.0062902,0.0082442,-0.044234
0.0060036,0.0094467,-0.052839
0.0057144,0.010768,-0.062288
0.0054111,0.012197,-0.072574
0.0051095,0.01376,-0.083549
0.0047745,0.014155,-0.065543
0.004457,0.014542,-0.050625
0.004152,0.014915,-0.038393
0.0038618,0.01528,-0.028557
0.0035843,0.015635,-0.020604
0.0033206,0.015985,-0.014275
0.0030704,0.016333,-0.0092899
0.0028306,0.016675,-0.0054842
0.0025998,0.017009,-0.0027533
0.0023826,0.017349,-0.00099522
0.001796,0.018465,-0.00082324
0.0012919,0.019627,-0.00065524
0.00086569,0.020819,-0.00048864
0.00052358,0.022059,-0.00034356
0.00026605,0.023352,-0.00022584
9.3555e-05,0.02469,-0.00013806
8.6972e-06,0.026074,-7.123e-05
-1.4671e-05,0.027515,-2.3715e-05
-0.00011323,0.029026,-2.0344e-06
-0.00030908,0.030581,3.5662e-06
-0.00025639,0.031439,-8.8646e-05
-0.00020882,0.032307,-0.00043274
-0.00016501,0.0332,-0.001016
-0.00012667,0.0341,-0.0018166
-9.2843e-05,0.03502,-0.0028219
-6.4123e-05,0.035955,-0.0040012
-4.046e-05,0.036908,-0.0053536
-2.2415e-05,0.037868,-0.0069181
-9.1792e-06,0.038863,-0.008661
-1.8954e-06,0.039857,-0.010548
-4.5337e-05,0.037253,-0.012668
-0.00014424,0.034789,-0.014947
-0.00029692,0.03245,-0.017328
-0.00050143,0.030231,-0.019675
-0.00075548,0.028127,-0.022096
-0.001058,0.026128,-0.02465
-0.0014078,0.024229,-0.027264
-0.0018063,0.022418,-0.029839
-0.0022501,0.020697,-0.032454
-0.0027385,0.019062,-0.035226
-0.0029027,0.020453,-0.032624
-0.0030697,0.021902,-0.030102
-0.0032435,0.0234,-0.027709
-0.0034202,0.024958,-0.02558
-0.003603,0.02657,-0.023596
-0.0037878,0.028246,-0.021771
-0.0039773,0.029983,-0.020063
-0.0041736,0.031778,-0.018448
-0.0043746,0.033636,-0.016911
-0.004577,0.035564,-0.015401
-0.0053611,0.035628,-0.010163
-0.0062014,0.035695,-0.0061361
-0.0071012,0.035763,-0.0031951
-0.0080563,0.035835,-0.0012233
-0.0090741,0.035908,-0.0001928
-0.010152,0.035983,4.0862e-05
-0.011299,0.036056,0.00068641
-0.012511,0.036131,0.0021243
-0.013794,0.036204,0.0043128
-0.015152,0.036277,0.0072534
-0.015171,0.038962,0.0062046
-0.01519,0.041763,0.0052556
-0.015202,0.044687,0.0044056
-0.01521,0.047734,0.0036657
-0.015232,0.050898,0.0030643
-0.015231,0.0542,0.0024822
-0.015227,0.057631,0.0019802
-0.015227,0.061192,0.0015742
-0.015221,0.064888,0.0012236
-0.015212,0.06872,0.00091421
-0.017959,0.063026,4.3854e-05
-0.020903,0.057665,-0.00023927
-0.024041,0.05261,-0.0013232
-0.027371,0.047839,-0.0032107
-0.030902,0.043333,-0.0057961
-0.034637,0.039075,-0.0090652
-0.038575,0.035053,-0.012896
-0.042731,0.031256,-0.017193
-0.047103,0.027677,-0.021945
-0.051707,0.02431,-0.027032
-0.052419,0.020204,-0.02884
-0.053126,0.016527,-0.030859
-0.053846,0.01326,-0.03298
-0.054568,0.010383,-0.035027
-0.055297,0.0078811,-0.037081
-0.056023,0.0057411,-0.039175
-0.056762,0.0039526,-0.041342
-0.057497,0.0025046,-0.043611
-0.058244,0.0013909,-0.045894
-0.058993,0.00060468,-0.048122
-0.054115,0.00035853,-0.053689
-0.049525,0.0001795,-0.059325
-0.045198,6.3348e-05,-0.065076
-0.041127,6.8684e-06,-0.071056
-0.037293,-6.9422e-06,-0.077155
-0.033684,-6.1092e-05,-0.083409
-0.030292,-0.00016709,-0.089756
-0.027108,-0.0003231,-0.096059
-0.024122,-0.00052769,-0.1024
-0.021329,-0.00077937,-0.10885
-0.020016,-0.0007769,-0.088596
-0.018798,-0.00077792,-0.0717
-0.017664,-0.00078256,-0.057639
-0.016611,-0.00078979,-0.045846
-0.015631,-0.00079975,-0.036018
-0.014713,-0.00081282,-0.027985
-0.013856,-0.00082819,-0.02134
-0.013051,-0.0008462,-0.015822
-0.012298,-0.00086642,-0.011344
-0.011589,-0.00088899,-0.0078259
-0.011115,-0.0010772,-0.010722
-0.010646,-0.0012853,-0.013963
-0.010179,-0.0015143,-0.017619
-0.0097183,-0.0017645,-0.021727
-0.00926,-0.0020376,-0.026256
-0.0088067,-0.0023339,-0.031076
-0.0083548,-0.0026552,-0.036279
-0.0079069,-0.0030022,-0.041975
-0.0074627,-0.003376,-0.048049
-0.0070216,-0.0037781,-0.054367
-0.0072991,-0.0037248,-0.041739
-0.0075796,-0.0036737,-0.031466
-0.0078578,-0.0036258,-0.0231
-0.0081373,-0.0035798,-0.016411
-0.0084159,-0.0035359,-0.011055
-0.0086972,-0.0034931,-0.0068901
-0.008981,-0.0034514,-0.0038071
-0.0092673,-0.0034106,-0.0016818
-0.0095559,-0.0033707,-0.00043007
-0.0098484,-0.0033313,-2.058e-07
-0.0086932,-0.0041938,0.00017988
-0.0076181,-0.0051491,0.00074625
-0.0066123,-0.0062018,0.0016819
-0.005674,-0.0073569,0.0029579
-0.0047999,-0.0086211,0.0045721
-0.0039857,-0.010002,0.0065646
-0.0032345,-0.011509,0.0089231
-0.0025471,-0.013151,0.011632
-0.0019278,-0.014937,0.014702
-0.0013855,-0.01688,0.018244
-0.0010398,-0.014542,0.020515
-0.0007517,-0.012427,0.022779
-0.00051625,-0.010517,0.025077
-0.00032882,-0.0087993,0.027384
-0.00018648,-0.0072608,0.029704
-8.5916e-05,-0.0058903,0.032127
-2.4444e-05,-0.0046772,0.03462
-4.6872e-07,-0.0036141,0.03709
1.2495e-05,-0.0026942,0.039609
6.0133e-05,-0.0019115,0.042283
0.00023291,-0.0008578,0.036634
0.00050556,-0.00024311,0.031741
0.00086777,-6.2326e-06,0.02746
0.001314,0.00010336,0.023766
0.0018463,0.00051103,0.02047
0.0024664,0.0012249,0.017522
0.0031814,0.0022586,0.014828
0.0040069,0.0036447,0.012235
0.0049523,0.0054234,0.0098376
0.0060334,0.007649,0.0076164
0.0057053,0.0095717,0.0057325
0.0053852,0.011742,0.0041485
0.0050723,0.014179,0.002817
0.0047683,0.016907,0.0017279
0.0044714,0.019949,0.00089912
0.0041826,0.02333,0.00034565
0.0039006,0.027076,5.0947e-05
0.0036285,0.03122,-2.1146e-05
0.0033635,0.035783,-0.00026974
0.0031043,0.040787,-0.00079509
0.0037982,0.049176,-0.0010489
0.0045944,0.058746,-0.0013211
0.0055031,0.069589,-0.0016291
0.0065347,0.081802,-0.0019966
0.0076969,0.095466,-0.0024006
0.0089966,0.11066,-0.0028088
0.010445,0.12747,-0.0032413
0.012053,0.14598,-0.0037307
0.013822,0.16623,-0.004247
0.01577,0.18834,-0.0048016
0.019136,0.18715,-0.0056545
0.022821,0.18599,-0.0065636
0.02682,0.18485,-0.007566
0.031141,0.18374,-0.0086811
0.035782,0.18266,-0.0098808
0.04073,0.18157,-0.011147
0.046002,0.18051,-0.012487
0.051599,0.17948,-0.013844
0.057516,0.17846,-0.015277
0.06374,0.17743,-0.016804
0.061589,0.16205,-0.0067514
0.059513,0.14782,-0.0015033
0.057516,0.13468,1.2887e-06
0.055584,0.12249,0.0014354
0.053723,0.11121,0.0052244
0.051926,0.10075,0.010984
0.05016,0.091015,0.018356
0.048467,0.082004,0.027131
0.046824,0.073639,0.03713
0.045225,0.065874,0.048326
0.04343,0.062197,0.037263
0.041732,0.058714,0.028404
0.040126,0.055412,0.021391
0.0386,0.052273,0.0159
0.037143,0.049281,0.011583
0.03575,0.046425,0.0081658
0.034434,0.043722,0.0055105
0.033163,0.041126,0.0035277
0.031963,0.03867,0.0020653
0.030816,0.036328,0.0010308
0.033074,0.035434,0.00093697
0.035439,0.034574,0.00085097
0.037865,0.033695,0.00074947
0.040407,0.032855,0.00067011
0.043031,0.032015,0.00059023
0.045722,0.031161,0.00051174
0.048525,0.030335,0.0004385
0.051422,0.02952,0.00036859
0.054415,0.028713,0.0003028
0.057509,0.027919,0.00023635
0.059894,0.030889,-0.00037079
0.062352,0.034048,-0.0027832
0.06487,0.03739,-0.0072924
0.067457,0.04093,-0.013681
0.070134,0.044692,-0.021858
0.072897,0.048679,-0.031757
0.07573,0.052881,-0.043191
0.078633,0.057303,-0.055947
0.081635,0.061975,-0.07001
0.084706,0.066874,-0.085367
0.085556,0.059585,-0.080845
0.086406,0.052843,-0.077168
0.087237,0.046601,-0.074324
0.088051,0.040835,-0.072105
0.088891,0.035549,-0.070346
0.089689,0.030676,-0.069134
0.090512,0.026236,-0.068195
0.091328,0.02219,-0.067558
0.092126,0.018519,-0.067196
0.092923,0.015214,-0.066917
0.085832,0.015217,-0.060092
0.079163,0.015215,-0.054279
0.072875,0.015202,-0.049271
0.066979,0.015191,-0.044747
0.061433,0.015172,-0.04077
0.056221,0.015144,-0.037121
0.051351,0.015122,-0.033873
0.046759,0.015078,-0.030867
0.042488,0.015045,-0.02821
0.038487,0.015003,-0.02584
0.038119,0.013447,-0.026168
0.037757,0.011991,-0.026367
0.037416,0.010641,-0.026528
0.037076,0.0093806,-0.026701
0.03675,0.0082158,-0.026843
0.036437,0.0071414,-0.027028
0.036127,0.0061502,-0.027192
0.035828,0.0052434,-0.027248
0.035534,0.004416,-0.027265
0.035252,0.0036683,-0.02715
0.037959,0.0041048,-0.02703
0.040794,0.0045681,-0.026926
0.043759,0.0050584,-0.026828
0.046867,0.00558,-0.026831
0.050136,0.0061377,-0.026796
0.053536,0.0067215,-0.026743
0.057098,0.007341,-0.026651
0.060806,0.0079911,-0.026599
0.064677,0.0086763,-0.026544
0.068697,0.0093919,-0.026437
0.066101,0.0081258,-0.018199
0.063597,0.006979,-0.011752
0.061185,0.0059438,-0.0069367
0.05886,0.0050129,-0.0035445
0.056602,0.0041758,-0.0013528
0.054419,0.0034295,-0.00021428
0.052312,0.0027693,4.402e-05
0.050263,0.0021879,0.00073349
0.048261,0.00168,0.0022007
0.046332,0.0012466,0.0044022
0.047042,0.0014026,0.0023905
0.047756,0.0015672,0.0010159
0.048467,0.0017391,0.00023765
0.049193,0.0019212,-8.4849e-07
0.049918,0.0021112,-0.00028367
0.050657,0.002312,-0.0010305
0.051411,0.0025237,-0.0022058
0.052155,0.0027427,-0.0037386
0.052921,0.0029745,-0.0056286
0.053687,0.0032155,-0.0078864
0.053718,0.0039236,-0.011969
0.053756,0.0047063,-0.016774
0.053785,0.0055625,-0.022238
0.053817,0.0064957,-0.028187
0.053855,0.0075082,-0.034664
0.053889,0.0085994,-0.04151
0.053932,0.0097735,-0.04881
0.053972,0.01103,-0.05655
0.054007,0.012368,-0.064656
0.054052,0.013795,-0.073286
0.057265,0.018865,-0.089663
0.060663,0.024915,-0.10753
0.064238,0.03201,-0.12685
0.068019,0.040228,-0.14738
0.072001,0.049629,-0.16898
0.076168,0.060266,-0.19165
0.080561,0.072212,-0.21495
0.085156,0.085506,-0.23881
0.089971,0.1002,-0.26324
0.095005,0.11634,-0.28791
0.087181,0.12408,-0.24121
0.07985,0.13193,-0.20383
0.07296,0.13989,-0.17309
0.066459,0.14798,-0.14723
0.060332,0.15619,-0.12533
0.054572,0.16454,-0.10682
0.049141,0.17302,-0.090892
0.044032,0.18165,-0.077378
0.039241,0.19042,-0.065552
0.03474,0.19934,-0.055384
0.038767,0.17821,-0.05124
0.042909,0.15883,-0.047422
0.047165,0.14107,-0.043866
0.051536,0.12479,-0.04041
0.056011,0.10988,-0.037211
0.060588,0.096241,-0.034225
0.065264,0.083776,-0.031432
0.070006,0.072413,-0.028835
0.074852,0.062069,-0.02644
0.079809,0.052677,-0.024177
0.080688,0.054848,-0.048825
0.081587,0.057083,-0.080452
0.082511,0.059385,-0.11825
0.083469,0.061755,-0.16167
0.084455,0.064198,-0.20986
0.085471,0.066712,-0.26253
0.08652,0.069298,-0.31881
0.087584,0.071962,-0.37794
0.088686,0.074693,-0.43949
0.089811,0.077494,-0.50331
0.090173,0.068622,-0.4948
0.090562,0.060437,-0.48925
0.090951,0.052906,-0.48634
0.091351,0.045987,-0.48594
0.091754,0.039649,-0.48708
0.092161,0.033861,-0.48886
0.092575,0.028597,-0.49155
0.092985,0.023839,-0.4946
0.093408,0.01956,-0.49829
0.09383,0.015746,-0.50259
0.094362,0.012611,-0.39165
0.094891,0.0099381,-0.3051
0.095407,0.0076722,-0.23649
0.095918,0.0057649,-0.18139
0.096423,0.004179,-0.13701
0.096923,0.0028834,-0.10135
0.097417,0.0018522,-0.072714
0.097908,0.0010641,-0.05003
0.098387,0.00050304,-0.032318
0.098874,0.00015355,-0.018954
0.093664,-8.8521e-07,-0.024741
0.088665,-0.00019867,-0.030755
0.083851,-0.00073269,-0.03684
0.079224,-0.0015923,-0.043048
0.074771,-0.0027687,-0.049205
0.070467,-0.0042506,-0.0553
0.066321,-0.0060352,-0.061284
0.062323,-0.0081183,-0.067243
0.058462,-0.010495,-0.07312
0.054734,-0.013165,-0.078764
0.053896,-0.011625,-0.049747
0.053073,-0.010242,-0.028909
0.052279,-0.0090024,-0.014515
0.051503,-0.007882,-0.0053895
0.050743,-0.006866,-0.0008234
0.049994,-0.0059397,0.00019245
0.049255,-0.0050936,0.0030145
0.048528,-0.0043205,0.0090159
0.047804,-0.0036126,0.017966
0.047087,-0.0029678,0.029573
0.045528,-0.0034211,0.020698
0.044033,-0.0038991,0.013976
0.042593,-0.0044015,0.0088865
0.041197,-0.0049249,0.0051389
0.039846,-0.0054719,0.0025298
0.038532,-0.0060412,0.00088597
0.037259,-0.006636,0.00010711
0.036012,-0.0072506,-6.824e-05
0.034798,-0.0078909,-0.00067441
0.03361,-0.0085543,-0.0018636
0.034812,-0.0060915,-0.0035379
0.036027,-0.0040611,-0.0056101
0.037259,-0.0024478,-0.0080547
0.038512,-0.0012424,-0.010876
0.039788,-0.0004409,-0.014023
0.041092,-4.4731e-05,-0.017409
0.042431,5.9463e-05,-0.021067
0.043798,0.00049511,-0.025053
0.045209,0.0013643,-0.02927
0.046653,0.0026848,-0.033664
0.045228,0.0027273,-0.027362
0.043852,0.0027647,-0.022099
0.042511,0.0027988,-0.017703
0.041217,0.0028279,-0.014
0.039956,0.0028537,-0.010925
0.038733,0.0028756,-0.008326
0.037543,0.0028941,-0.0061786
0.036389,0.002909,-0.0044265
0.035262,0.0029211,-0.0030382
0.034167,0.0029299,-0.001912
0.03713,0.0059016,-0.00020014
0.04032,0.010043,0.00024911
0.043773,0.01549,0.0021064
0.047507,0.0224,0.0058349
0.051575,0.030945,0.011441
0.055987,0.041305,0.019025
0.060775,0.053664,0.028587
0.065982,0.068217,0.039939
0.071619,0.085141,0.053109
0.077674,0.1046,0.06787
0.079235,0.10681,0.060575
0.080811,0.10904,0.05467
0.082394,0.11129,0.049749
0.083993,0.11356,0.045389
0.08561,0.11586,0.041728
0.087234,0.11817,0.03854
0.088868,0.1205,0.035767
0.090516,0.12285,0.03342
0.092179,0.12522,0.031378
0.093859,0.12761,0.029546
0.093795,0.11348,0.014105
0.09374,0.10057,0.004987
0.093682,0.088746,0.00068665
0.093614,0.077906,-0.00023011
0.093552,0.067995,-0.0029071
0.093482,0.058926,-0.0081624
0.093415,0.050654,-0.01561
0.093351,0.043125,-0.024923
0.093281,0.036288,-0.035874
0.09321,0.030113,-0.04843
0.088876,0.027623,-0.055933
0.084706,0.025289,-0.063581
0.080692,0.023101,-0.071511
0.076816,0.02104,-0.079687
0.073082,0.019111,-0.088104
0.069478,0.017299,-0.096543
0.066002,0.015605,-0.10514
0.06265,0.014022,-0.11401
0.059414,0.012542,-0.12299
0.056289,0.011161,-0.13234
0.061491,0.010736,-0.11564
0.066905,0.010322,-0.10097
0.072532,0.0099125,-0.088155
0.07839,0.0095167,-0.077029
0.084474,0.0091225,-0.06725
0.090802,0.0087386,-0.058441
0.097385,0.0083666,-0.050653
0.10421,0.0079952,-0.043877
0.11133,0.0076439,-0.037826
0.11871,0.0073005,-0.032452
0.12436,0.0074729,-0.047349
0.13025,0.0076674,-0.064296
0.13637,0.0078681,-0.08299
0.14272,0.0080751,-0.10334
0.14931,0.0082914,-0.12495
0.15614,0.0085114,-0.14741
0.16319,0.0087329,-0.17059
0.17049,0.0089644,-0.1946
0.17802,0.0092016,-0.21916
0.1858,0.0094444,-0.24401
0.18462,0.0086731,-0.19351
0.18351,0.0079582,-0.1535
0.18246,0.0072874,-0.12123
0.18142,0.0066489,-0.094806
0.18045,0.0060601,-0.073281
0.1795,0.005499,-0.055777
0.17859,0.0049834,-0.041522
0.1777,0.004492,-0.030046
0.17683,0.00403,-0.020873
0.17599,0.0036026,-0.013574
0.17889,0.0031233,-0.02022
0.1818,0.0026754,-0.027458
0.18476,0.0022673,-0.035182
0.18771,0.0018894,-0.043274
0.1907,0.0015487,-0.051598
0.19371,0.0012407,-0.059941
0.19673,0.00096728,-0.068345
0.19979,0.00072962,-0.07696
0.20286,0.00052527,-0.085581
0.20595,0.00035451,-0.094355
0.22286,0.00083825,-0.081012
0.24058,0.0015285,-0.069418
0.25914,0.0024256,-0.059319
0.27859,0.0035434,-0.05035
0.29893,0.0048773,-0.042512
0.32022,0.0064402,-0.035815
0.34245,0.0082335,-0.029959
0.36565,0.010261,-0.024867
0.38978,0.012507,-0.020473
0.41492,0.014996,-0.016562
0.41109,0.016096,-0.013684
0.40736,0.017218,-0.01124
0.40369,0.018347,-0.0091454
0.40014,0.019507,-0.0072894
0.39663,0.020657,-0.0056905
0.39323,0.02184,-0.0043374
0.38989,0.023022,-0.0031995
0.38664,0.024228,-0.0022922
0.38345,0.02544,-0.0015602
0.38035,0.02667,-0.0010059
0.37156,0.02624,-0.0069111
0.36302,0.025834,-0.016624
0.35469,0.025445,-0.029015
0.34657,0.025076,-0.043242
0.33865,0.024722,-0.058873
0.33093,0.024399,-0.075466
0.32333,0.02405,-0.09257
0.31595,0.023744,-0.11048
0.30873,0.023452,-0.12892
0.30163,0.023152,-0.14779
0.29415,0.022789,-0.12492
0.2869,0.022434,-0.10696
0.27987,0.022103,-0.092417
0.27304,0.021775,-0.080313
0.26639,0.021452,-0.070142
0.25994,0.021153,-0.061503
0.25366,0.020855,-0.054049
0.24754,0.020572,-0.047748
0.24159,0.020297,-0.042243
0.23578,0.020026,-0.037532
0.25108,0.022102,-0.043995
0.26705,0.024311,-0.05025
0.28365,0.026626,-0.056345
0.30093,0.029076,-0.062356
0.31886,0.031641,-0.068184
0.33746,0.034335,-0.073642
0.35669,0.037132,-0.078665
0.37661,0.040069,-0.083555
0.39718,0.04312,-0.08819
0.4184,0.046286,-0.092686
0.4185,0.04945,-0.090082
0.41859,0.052669,-0.088146
0.41871,0.055969,-0.08661
0.41883,0.059314,-0.085261
0.41897,0.062732,-0.084157
0.41915,0.066229,-0.083347
0.4193,0.069754,-0.082675
0.41948,0.073348,-0.082057
0.41966,0.076993,-0.081528
0.41988,0.080701,-0.081115
0.42009,0.085328,-0.064215
0.42033,0.090032,-0.050467
0.42058,0.09481,-0.039326
0.42083,0.099641,-0.030162
0.42111,0.10455,-0.022712
0.42137,0.10951,-0.016678
0.42164,0.11454,-0.011818
0.42194,0.11964,-0.0080085
0.42224,0.12479,-0.0050466
0.42249,0.12997,-0.0028139
0.42381,0.13041,-0.0014459
0.42513,0.13087,-0.00055236
0.42641,0.13134,-8.8333e-05
0.42769,0.13183,1.4115e-05
0.42896,0.13235,0.0002686
0.43024,0.1329,0.0008019
0.43151,0.13347,0.001585
0.43275,0.13405,0.0026223
0.434,0.13466,0.0038713
0.43524,0.13529,0.0053273
0.43746,0.12745,0.0071265
0.43967,0.11996,0.0090598
0.44189,0.11283,0.011126
0.44413,0.10603,0.013359
0.44633,0.099535,0.015746
0.44858,0.093354,0.018119
0.4508,0.087454,0.020544
0.45302,0.08183,0.022934
0.45526,0.076473,0.025379
0.45751,0.071369,0.027851
0.42469,0.078314,0.044162
0.39373,0.085452,0.062388
0.36448,0.092773,0.081958
0.33683,0.10027,0.10277
0.31068,0.10795,0.12453
0.28597,0.1158,0.14685
0.2626,0.12382,0.16983
0.24049,0.132,0.19355
0.2196,0.14036,0.21786
0.19988,0.14888,0.24283
0.1837,0.14397,0.19015
0.16864,0.13932,0.14988
0.1546,0.13491,0.1184
0.14152,0.1307,0.093565
0.12931,0.1267,0.073665
0.11794,0.12286,0.057362
0.10732,0.1192,0.044071
0.097432,0.11569,0.033166
0.088225,0.11232,0.024336
0.079652,0.10908,0.017191
0.078367,0.099606,0.016792
0.077124,0.090777,0.016346
0.075905,0.082553,0.0158
0.074733,0.074895,0.015294
0.073579,0.067773,0.014747
0.07246,0.061154,0.014277
0.071375,0.055007,0.013797
0.070326,0.049305,0.013337
0.069299,0.044024,0.0129
0.068292,0.039143,0.012455
0.068877,0.035627,0.0057008
0.069442,0.032327,0.0016685
0.06999,0.029227,5.9662e-05
0.070529,0.026316,-0.0005675
0.071046,0.023585,-0.0029338
0.07156,0.021023,-0.0070254
0.072067,0.018623,-0.012674
0.072574,0.01638,-0.01981
0.07308,0.014288,-0.028287
0.073581,0.012344,-0.03802
0.073327,0.01133,-0.045385
0.073108,0.010358,-0.05309
0.072891,0.0094316,-0.061251
0.072674,0.0085507,-0.069844
0.072401,0.0077216,-0.078603
0.072168,0.0069315,-0.088022
0.071932,0.006185,-0.097817
0.071682,0.0054832,-0.10778
0.071445,0.0048225,-0.11811
0.071199,0.0042054,-0.1286
0.067752,0.0028681,-0.11729
0.064479,0.0018037,-0.10787
0.061335,0.00099878,-0.099672
0.058329,0.00043806,-0.09254
0.055441,0.0001091,-0.086134
0.052676,1.6728e-08,-0.080435
0.05003,-0.00010064,-0.075402
0.047495,-0.00040206,-0.07103
0.045057,-0.00089594,-0.067063
0.042707,-0.0015747,-0.063369
0.038157,-0.002069,-0.072866
0.033888,-0.0026256,-0.082645
0.029907,-0.0032463,-0.092736
0.026187,-0.003929,-0.10301
0.022703,-0.004671,-0.11321
0.019473,-0.0054753,-0.1237
0.016498,-0.0063443,-0.13443
0.013762,-0.0072764,-0.14517
0.011271,-0.0082743,-0.15607
0.0090158,-0.0093366,-0.16727
0.0092429,-0.010736,-0.13175
0.0094546,-0.012176,-0.10305
0.0096497,-0.013655,-0.079654
0.009834,-0.015173,-0.060313
0.01001,-0.016731,-0.044541
0.010174,-0.018329,-0.031684
0.010337,-0.019974,-0.021437
0.010497,-0.021671,-0.013488
0.010654,-0.023424,-0.0075252
0.01081,-0.025241,-0.0033502
0.014443,-0.025018,-0.0020805
0.018678,-0.024782,-0.0011359
0.02356,-0.024529,-0.00047407
0.029125,-0.024257,-9.8939e-05
0.035433,-0.023965,3.8208e-06
0.042514,-0.023649,0.00018556
0.050433,-0.023309,0.00063679
0.059248,-0.022947,0.0013766
0.06901,-0.022561,0.002399
0.079778,-0.022151,0.0037177
0.079955,-0.023187,0.00043378
0.08014,-0.024243,-0.00028307
0.080318,-0.025321,-0.0027535
0.080508,-0.026422,-0.0074357
0.080683,-0.027546,-0.013998
0.080862,-0.028695,-0.022261
0.081055,-0.029869,-0.031992
0.081234,-0.031069,-0.043113
0.081424,-0.032294,-0.055384
0.081612,-0.033546,-0.068714
0.075408,-0.033781,-0.062528
0.069586,-0.034027,-0.057089
0.064082,-0.034287,-0.052516
0.058915,-0.034558,-0.048507
0.054046,-0.03484,-0.045036
0.049466,-0.035133,-0.041915
0.045167,-0.035433,-0.039132
0.041126,-0.035744,-0.036716
0.037326,-0.036067,-0.034572
0.033781,-0.03639,-0.03254
0.033138,-0.038599,-0.035945
0.032501,-0.040878,-0.039468
0.031868,-0.043229,-0.043029
0.031243,-0.04565,-0.0465
0.030627,-0.04814,-0.049986
0.03001,-0.050706,-0.053605
0.029399,-0.053344,-0.057271
0.028796,-0.056052,-0.060852
0.028196,-0.058834,-0.06445
0.027609,-0.06168,-0.068055
0.027397,-0.061179,-0.062176
0.027192,-0.060699,-0.056839
0.026983,-0.060252,-0.05206
0.026781,-0.059822,-0.04782
0.026585,-0.059406,-0.04396
0.026385,-0.059021,-0.040357
0.026192,-0.058647,-0.037056
0.025999,-0.058294,-0.034159
0.025814,-0.057946,-0.03148
0.025622,-0.057633,-0.029005
0.026853,-0.053047,-0.020091
0.028084,-0.048791,-0.01317
0.029323,-0.044817,-0.0079333
0.030567,-0.04111,-0.0041263
0.031827,-0.037629,-0.0016209
0.033097,-0.034368,-0.000284
0.03438,-0.031308,3.4486e-05
0.035675,-0.028435,0.00077439
0.036994,-0.025722,0.0024157
0.038324,-0.023181,0.0048756
0.041331,-0.021954,0.0069388
0.044478,-0.020752,0.0093604
0.047772,-0.019572,0.012093
0.051215,-0.018419,0.015075
0.054814,-0.017291,0.018332
0.058569,-0.016193,0.02192
0.062488,-0.015123,0.025765
0.06658,-0.014077,0.029775
0.070836,-0.01307,0.033982
0.075278,-0.012086,0.038519
0.076337,-0.012334,0.039791
0.077407,-0.012581,0.041128
0.078488,-0.012827,0.042632
0.079574,-0.013078,0.044319
0.080655,-0.013344,0.046149
0.081742,-0.013616,0.048028
0.082848,-0.013877,0.050079
0.08396,-0.01414,0.05238
0.085074,-0.014414,0.05481
0.086203,-0.014679,0.057239
0.087555,-0.014328,0.045178
0.0889,-0.013983,0.035248
0.090235,-0.013651,0.027005
0.091568,-0.013321,0.020115
0.092892,-0.013006,0.014485
0.094219,-0.01269,0.010021
0.095546,-0.01238,0.0065101
0.096873,-0.012078,0.0038053
0.098203,-0.01178,0.001878
0.099531,-0.011494,0.00066089
0.098543,-0.013659,0.0010026
0.097558,-0.016008,0.0014064
0.096573,-0.018546,0.0018592
0.095596,-0.021257,0.0023135
0.094625,-0.024144,0.0027868
0.093655,-0.027217,0.0032535
0.092689,-0.030465,0.0037273
0.091726,-0.033892,0.0042412
0.090769,-0.037488,0.0047588
0.089812,-0.041269,0.0052501
0.086967,-0.037015,0.0087208
0.084214,-0.033059,0.012698
0.081544,-0.029393,0.017088
0.078954,-0.025999,0.021861
0.076438,-0.022868,0.026901
0.073991,-0.019991,0.032065
0.071617,-0.017335,0.037435
0.069304,-0.014911,0.042971
0.067056,-0.012691,0.048656
0.064866,-0.010678,0.054546
0.061963,-0.011093,0.05125
0.059172,-0.011503,0.04837
0.056484,-0.011913,0.045848
0.053882,-0.012351,0.043668
0.05138,-0.012781,0.041713
0.048966,-0.013222,0.040053
0.046637,-0.013669,0.038597
0.044391,-0.014122,0.037241
0.042229,-0.014571,0.036027
0.040134,-0.015053,0.035043
0.044099,-0.016998,0.041954
0.048373,-0.0191,0.049281
0.052972,-0.021352,0.057037
0.057892,-0.02381,0.065288
0.063166,-0.026416,0.073842
0.068793,-0.029209,0.082561
0.074787,-0.032186,0.091455
0.081159,-0.035344,0.10067
0.087926,-0.038669,0.10994
0.095079,-0.042212,0.11915
0.10014,-0.058152,0.093253
0.1054,-0.076867,0.071718
0.11089,-0.098484,0.053799
0.11662,-0.12321,0.038969
0.12262,-0.1512,0.026955
0.1289,-0.18261,0.017567
0.13547,-0.21761,0.010429
0.14234,-0.25632,0.00527
0.14953,-0.29886,0.0019525
0.15703,-0.34534,0.00028946
0.14928,-0.35781,4.6047e-06
0.14177,-0.37048,-0.00016935
0.13449,-0.38327,-0.00079493
0.12743,-0.3962,-0.0018553
0.1206,-0.40936,-0.0033384
0.11398,-0.42262,-0.0052743
0.10758,-0.43606,-0.0076161
0.10138,-0.44964,-0.010291
0.095392,-0.46344,-0.013284
0.089608,-0.47736,-0.016678
0.081676,-0.48658,-0.012781
0.074178,-0.49595,-0.0099551
0.067102,-0.50539,-0.0078334
0.060436,-0.51487,-0.0061519
0.054167,-0.52444,-0.0048355
0.048287,-0.53403,-0.0038064
0.042785,-0.5437,-0.0029781
0.03765,-0.55349,-0.0023006
0.032876,-0.5633,-0.0017414
0.028456,-0.57318,-0.0012783
0.03578,-0.55707,-0.0034992
0.043835,-0.54155,-0.0064047
0.052597,-0.52664,-0.0097885
0.062047,-0.51229,-0.013495
0.072164,-0.4985,-0.017458
0.082937,-0.4851,-0.021507
0.09435,-0.47214,-0.02571
0.10639,-0.45961,-0.030138
0.11905,-0.44741,-0.034686
0.13231,-0.4356,-0.039266
0.11944,-0.40509,-0.044913
0.10756,-0.3768,-0.050697
0.096586,-0.35052,-0.056473
0.086462,-0.32613,-0.062133
0.077131,-0.30347,-0.067768
0.068545,-0.28235,-0.073567
0.060654,-0.26267,-0.079377
0.053413,-0.24435,-0.085379
0.046785,-0.22722,-0.091367
0.040731,-0.21122,-0.097484
0.23286,-0.035937,-0.1085
0.22954,-0.034683,-0.1263
0.22625,-0.033444,-0.14422
0.22299,-0.03226,-0.16226
0.21977,-0.031095,-0.18039
0.21658,-0.029965,-0.19843
0.21343,-0.028866,-0.21654
0.2103,-0.027795,-0.23462
0.20721,-0.026755,-0.2527
0.20416,-0.025749,-0.27088
0.1991,-0.028866,-0.22121
0.19416,-0.032113,-0.18144
0.18933,-0.035465,-0.14894
0.1846,-0.038942,-0.12225
0.17996,-0.042515,-0.099874
0.17541,-0.046226,-0.081095
0.17094,-0.050029,-0.065175
0.16655,-0.053934,-0.051601
0.16224,-0.057952,-0.040143
0.15801,-0.062062,-0.030559
0.16408,-0.055111,-0.048449
0.17027,-0.048627,-0.068359
0.17657,-0.042536,-0.090102
0.183,-0.036851,-0.11327
0.18956,-0.031585,-0.13758
0.19624,-0.026714,-0.16254
0.20306,-0.022244,-0.18796
0.21001,-0.018187,-0.21375
0.2171,-0.01453,-0.23966
0.22433,-0.011276,-0.26543
0.23332,-0.015232,-0.20054
0.24238,-0.019705,-0.14984
0.25155,-0.024694,-0.10992
0.26085,-0.0302,-0.078526
0.27029,-0.036216,-0.054005
0.27991,-0.042746,-0.035263
0.28971,-0.049789,-0.021186
0.29969,-0.05735,-0.011156
0.30989,-0.065425,-0.0045379
0.32029,-0.074019,-0.00093864
0.3272,-0.086861,-0.0044749
0.33422,-0.10072,-0.0096772
0.34135,-0.1156,-0.015919
0.34858,-0.13149,-0.022856
0.35591,-0.14839,-0.030164
0.36334,-0.16627,-0.037537
0.37088,-0.18513,-0.044928
0.3785,-0.20495,-0.052169
0.38623,-0.22571,-0.059319
0.39403,-0.24738,-0.066492
0.37761,-0.25658,-0.041417
0.36178,-0.26585,-0.024346
0.34653,-0.27519,-0.012996
0.3318,-0.28459,-0.0057605
0.31757,-0.29406,-0.0016848
0.30382,-0.3036,-7.9206e-05
0.29052,-0.3132,0.00045251
0.27766,-0.32287,0.0024474
0.26521,-0.3326,0.0058279
0.25316,-0.34238,0.010404
0.26033,-0.34062,0.020208
0.26755,-0.33891,0.032192
0.27482,-0.33725,0.045997
0.28214,-0.33565,0.061404
0.28951,-0.33409,0.078181
0.29694,-0.33257,0.095845
0.30441,-0.3311,0.11444
0.31194,-0.32967,0.13369
0.31951,-0.32827,0.15362
0.32712,-0.32692,0.17429
0.31275,-0.31359,0.19767
0.29892,-0.30096,0.22188
0.28562,-0.289,0.24656
0.27281,-0.27764,0.2717
0.26046,-0.26684,0.29732
0.24856,-0.25657,0.32289
0.23711,-0.24678,0.34858
0.22606,-0.23744,0.37406
0.21541,-0.22853,0.39956
0.20512,-0.22001,0.4254
0.20428,-0.22833,0.4474
0.20342,-0.23672,0.46909
0.20257,-0.24519,0.49075
0.20169,-0.25371,0.51254
0.20085,-0.26231,0.53413
0.19999,-0.27097,0.5553
0.19912,-0.27966,0.57621
0.19825,-0.28842,0.59705
0.1974,-0.29722,0.61746
0.19654,-0.30605,0.63702
0.21331,-0.26783,0.62491
0.23046,-0.23302,0.61643
0.24798,-0.20135,0.61025
0.26585,-0.17256,0.60522
0.28411,-0.14648,0.60138
0.30276,-0.12293,0.59863
0.32178,-0.10175,0.5963
0.34122,-0.082832,0.59394
0.36106,-0.066058,0.59174
0.38129,-0.051333,0.58979
0.38772,-0.059019,0.47738
0.39408,-0.067049,0.38807
0.40045,-0.075431,0.31585
0.40678,-0.084144,0.25655
0.4131,-0.093187,0.20723
0.41944,-0.10256,0.16566
0.42577,-0.11225,0.13067
0.43214,-0.12226,0.10142
0.43849,-0.13256,0.076961
0.44487,-0.14316,0.056516
0.42409,-0.14008,0.070126
0.40414,-0.13709,0.081975
0.38503,-0.13421,0.092192
0.36671,-0.13143,0.10105
0.34904,-0.12871,0.10859
0.33214,-0.1261,0.11558
0.31594,-0.12357,0.12192
0.30039,-0.12112,0.12758
0.28547,-0.11874,0.13283
0.27116,-0.11644,0.138
0.27709,-0.11912,0.14207
0.28307,-0.1218,0.14551
0.2891,-0.1245,0.1486
0.29519,-0.12721,0.15159
0.30131,-0.12992,0.1543
0.30749,-0.13264,0.15657
0.31372,-0.13537,0.15861
0.31997,-0.13811,0.16069
0.3263,-0.14085,0.16255
0.33262,-0.1436,0.16421
0.33936,-0.14112,0.1303
0.34606,-0.13869,0.10375
0.35278,-0.13631,0.082487
0.35949,-0.13397,0.065381
0.36621,-0.13167,0.051411
0.37295,-0.1294,0.039828
0.37967,-0.12717,0.030381
0.38642,-0.12497,0.022536
0.39317,-0.12279,0.016178
0.39995,-0.12064,0.011141
0.38396,-0.12346,0.0017951
0.36856,-0.1263,-0.00025159
0.3537,-0.12914,-0.00488
0.33934,-0.13199,-0.014489
0.32545,-0.13484,-0.028226
0.31201,-0.1377,-0.045468
0.29899,-0.14056,-0.065697
0.28634,-0.14345,-0.088441
0.2741,-0.14633,-0.11341
0.26222,-0.1492,-0.14056
0.26069,-0.15873,-0.12046
0.25918,-0.16843,-0.10488
0.25769,-0.1783,-0.092634
0.25621,-0.18836,-0.082947
0.25474,-0.19859,-0.075102
0.25328,-0.20899,-0.068564
0.25183,-0.21951,-0.063052
0.2504,-0.23022,-0.058419
0.24897,-0.24106,-0.054418
0.24755,-0.25204,-0.050774
0.25775,-0.22367,-0.024755
0.26795,-0.19769,-0.0093563
0.27817,-0.17391,-0.0017459
0.28841,-0.15212,7.1943e-05
0.2987,-0.13216,0.0030419
0.30905,-0.11392,0.0098204
0.31946,-0.097294,0.019799
0.32996,-0.082155,0.03251
0.34055,-0.068458,0.047636
0.35124,-0.056125,0.064728
0.36478,-0.065211,0.0395
0.37859,-0.074912,0.02236
0.39269,-0.085263,0.011187
0.40709,-0.096218,0.0044604
0.4218,-0.10779,0.00099455
0.43683,-0.12001,-1.2926e-07
0.45217,-0.13281,-0.00087897
0.46783,-0.14621,-0.003212
0.4838,-0.16017,-0.0067166
0.50008,-0.17467,-0.011213
0.4935,-0.17029,-0.013084
0.48708,-0.16606,-0.015468
0.48083,-0.16196,-0.018237
0.47474,-0.15797,-0.021367
0.46881,-0.15414,-0.024843
0.46302,-0.15045,-0.028553
0.45738,-0.14687,-0.032468
0.45187,-0.1434,-0.036523
0.4465,-0.14007,-0.040682
0.44125,-0.13682,-0.045008
0.45292,-0.11976,-0.066291
0.46465,-0.10404,-0.089334
0.47645,-0.089616,-0.11355
0.48832,-0.076434,-0.13886
0.50026,-0.064411,-0.16491
0.51229,-0.053533,-0.19136
0.52439,-0.04375,-0.21831
0.53657,-0.035014,-0.24588
0.54884,-0.027327,-0.2739
0.5612,-0.020636,-0.30187
0.58557,-0.021411,-0.29855
0.61044,-0.022197,-0.29723
0.63581,-0.022984,-0.29736
0.66166,-0.023741,-0.298
0.68799,-0.024483,-0.29921
0.71479,-0.025223,-0.30043
0.74205,-0.025938,-0.30186
0.76976,-0.026638,-0.30358
0.79791,-0.027328,-0.30526
0.82648,-0.02799,-0.30714
0.75736,-0.030502,-0.23317
0.69367,-0.033021,-0.17951
0.63488,-0.035526,-0.13903
0.58055,-0.038051,-0.10749
0.53032,-0.040589,-0.082474
0.48383,-0.043114,-0.06265
0.44081,-0.04561,-0.046778
0.40099,-0.048146,-0.03396
0.36413,-0.050644,-0.023832
0.33002,-0.053165,-0.015837
0.31672,-0.057278,-0.016991
0.30386,-0.061473,-0.017683
0.29141,-0.065737,-0.017996
0.27935,-0.070114,-0.017998
0.26768,-0.074501,-0.017823
0.25639,-0.079026,-0.01753
0.24545,-0.083559,-0.017108
0.23486,-0.088174,-0.016569
0.22461,-0.092818,-0.015952
0.21469,-0.097582,-0.015381
0.21412,-0.088066,-0.0010757
0.21359,-0.07927,0.0025214
0.21307,-0.07111,0.016057
0.21256,-0.063501,0.039278
0.21207,-0.056383,0.070398
0.21158,-0.049765,0.10789
0.21109,-0.043563,0.151
0.2106,-0.037803,0.19898
0.2101,-0.032463,0.25119
0.2096,-0.027536,0.30698
0.19625,-0.028019,0.32798
0.18345,-0.02851,0.35142
0.1712,-0.028988,0.37696
0.15946,-0.029453,0.40401
0.14822,-0.029918,0.43247
0.13745,-0.030375,0.46258
0.12715,-0.03082,0.49388
0.1173,-0.03127,0.5258
0.1079,-0.031705,0.55855
0.098921,-0.032127,0.59246
0.09081,-0.023328,0.50827
0.083326,-0.016271,0.44172
0.076404,-0.010732,0.38798
0.069989,-0.0065215,0.34392
0.064041,-0.0034625,0.30693
0.058514,-0.0014349,0.27511
0.053382,-0.00031199,0.24769
0.048604,3.1192e-06,0.22406
0.044164,0.00042432,0.20321
0.040023,0.001503,0.18447
0.037324,0.0012135,0.173
0.034772,0.00096375,0.16244
0.032355,0.00074716,0.15255
0.030071,0.00056358,0.14307
0.027913,0.00040997,0.13416
0.025876,0.00028436,0.126
0.023953,0.00018422,0.11832
0.022139,0.00010703,0.1109
0.020432,5.2481e-05,0.10394
0.018824,1.7685e-05,0.097511
0.01916,-4.8634e-07,0.081873
0.019481,-2.9997e-05,0.06809
0.019793,-0.00010155,0.056095
0.02009,-0.00021334,0.045521
0.020382,-0.00035961,0.036442
0.020661,-0.00054156,0.02863
0.020935,-0.00075416,0.02198
0.021204,-0.00099612,0.016421
0.021461,-0.0012721,0.011812
0.021722,-0.0015715,0.0079885
0.021163,-0.0026351,0.0067722
0.020612,-0.0039684,0.0056683
0.020065,-0.0055761,0.0046669
0.019525,-0.0074597,0.0037184
0.018985,-0.0096324,0.0028764
0.018436,-0.01212,0.002142
0.017897,-0.014904,0.001518
0.017357,-0.01801,0.00099732
0.016809,-0.021469,0.00058001
0.016261,-0.025282,0.00028268
0.014919,-0.029002,0.00013911
0.013631,-0.033005,4.0529e-05
0.012395,-0.037303,7.6073e-07
0.011209,-0.041915,-1.9928e-05
0.010075,-0.046852,-9.7948e-05
0.0089942,-0.052125,-0.00024975
0.0079679,-0.057742,-0.00047676
0.0069969,-0.063715,-0.0007894
0.0060801,-0.070071,-0.0012016
0.0052227,-0.0768,-0.0016791
0.0054818,-0.075648,-0.00099215
0.0057459,-0.074521,-0.00049626
0.0060153,-0.073418,-0.00018432
0.0062862,-0.072355,-3.086e-05
0.0065638,-0.071306,4.085e-06
0.0068467,-0.070275,8.1699e-05
0.0071336,-0.06927,0.00024639
0.0074243,-0.068288,0.00049373
0.0077215,-0.067318,0.00081353
0.0080206,-0.066378,0.0011815
0.011676,-0.055269,0.0028504
0.015878,-0.045483,0.0050976
0.020608,-0.036855,0.0078302
0.025865,-0.029261,0.011019
0.031666,-0.022606,0.014593
0.038041,-0.016829,0.018478
0.045033,-0.011889,0.02269
0.052709,-0.0077673,0.027159
0.06113,-0.004478,0.03193
0.070373,-0.002051,0.03708
0.076337,-0.0028978,0.031782
0.082618,-0.0039003,0.026996
0.089226,-0.0050643,0.022732
0.096188,-0.0063912,0.019018
0.10349,-0.0078948,0.015722
0.11116,-0.0095731,0.012782
0.11922,-0.011431,0.010231
0.12767,-0.013472,0.0080725
0.13651,-0.01571,0.0061841
0.14578,-0.018139,0.0045884
0.14347,-0.018185,0.013553
0.14118,-0.018229,0.026364
0.13891,-0.018274,0.04233
0.13665,-0.018316,0.060813
0.13441,-0.018358,0.081465
0.1322,-0.018392,0.10421
0.13,-0.018427,0.12864
0.12781,-0.018456,0.15457
0.12564,-0.018484,0.18181
0.12348,-0.018503,0.20992
0.12963,-0.014345,0.16243
0.13582,-0.010793,0.12493
0.14205,-0.0078053,0.094959
0.14836,-0.0053355,0.070897
0.15475,-0.0033562,0.051631
0.16124,-0.0018447,0.036371
0.16785,-0.00078756,0.024394
0.17456,-0.00017558,0.015138
0.18142,2.3704e-06,0.008336
0.18841,0.00026624,0.0037477
0.19669,8.555e-05,0.0017127
0.20518,4.6957e-06,0.00048048
0.21391,-2.398e-05,8.292e-06
0.22285,-0.00014334,-0.00024088
0.23203,-0.00036252,-0.0011183
0.24146,-0.00068056,-0.0026392
0.25113,-0.0010976,-0.0047552
0.26104,-0.0016135,-0.0074003
0.2712,-0.0022268,-0.010557
0.28162,-0.0029365,-0.014248
0.28377,-0.00085557,-0.016768
0.28592,-2.0357e-05,-0.019453
0.28807,0.00040312,-0.022393
0.29022,0.0019801,-0.025647
0.29237,0.0047365,-0.029148
0.29453,0.0086573,-0.032801
0.29669,0.013737,-0.036649
0.29886,0.019962,-0.040791
0.30103,0.027338,-0.045093
0.30322,0.035862,-0.049417
0.28988,0.035835,-0.050635
0.27707,0.035816,-0.052284
0.26477,0.035805,-0.054218
0.25295,0.035795,-0.056224
0.24159,0.035796,-0.058419
0.23068,0.035804,-0.060832
0.22019,0.03581,-0.063363
0.21011,0.035825,-0.066173
0.20042,0.03585,-0.069064
0.19111,0.03588,-0.072035
0.21157,0.032279,-0.0632
0.23327,0.028874,-0.055408
0.25625,0.025621,-0.048743
0.28054,0.022567,-0.042578
0.3062,0.019699,-0.037115
0.33325,0.01701,-0.032173
0.36174,0.014513,-0.027785
0.39169,0.012204,-0.02396
0.42313,0.010094,-0.020543
0.4561,0.0081771,-0.017546
0.44566,0.0073773,-0.018246
0.43552,0.0066311,-0.018635
0.42565,0.0059367,-0.018836
0.41605,0.0052893,-0.018959
0.4067,0.0046891,-0.018973
0.3976,0.0041331,-0.018826
0.38873,0.0036232,-0.018627
0.38009,0.0031535,-0.018383
0.37169,0.0027144,-0.017965
0.36351,0.0023149,-0.017612
0.36599,0.0035563,-0.016577
0.36849,0.0050494,-0.015596
0.37098,0.0067897,-0.014684
0.37347,0.008771,-0.01392
0.37596,0.010997,-0.013192
0.37847,0.013443,-0.012457
0.38096,0.016121,-0.011748
0.38346,0.019025,-0.011153
0.38596,0.022151,-0.010584
0.38846,0.025492,-0.010006
0.39166,0.029141,-0.0081508
0.39488,0.033003,-0.0066291
0.3981,0.037075,-0.0054069
0.4013,0.041383,-0.0043463
0.40452,0.045884,-0.0034814
0.40773,0.050603,-0.0027215
0.41094,0.055524,-0.0020871
0.41415,0.060654,-0.0015621
0.41735,0.065993,-0.0011248
0.42055,0.071519,-0.00076729
0.42461,0.062895,0.00043367
0.42866,0.054942,0.0041592
0.4327,0.047636,0.010889
0.43674,0.040946,0.020028
0.44077,0.034841,0.031071
0.44478,0.029307,0.043717
0.4488,0.0243,0.05771
0.45281,0.01982,0.072598
0.45683,0.015833,0.088376
0.46082,0.012336,0.10482
0.44604,0.018436,0.082168
0.43174,0.025613,0.065475
0.41792,0.033804,0.052723
0.40453,0.042954,0.042829
0.39152,0.053057,0.034942
0.37888,0.06406,0.028498
0.36658,0.075939,0.023193
0.35458,0.088691,0.018854
0.34291,0.10226,0.01526
0.33152,0.11664,0.012178
0.3336,0.11594,0.008007
0.33569,0.11525,0.0048506
0.33775,0.11459,0.0026002
0.33984,0.11393,0.0011227
0.3419,0.11329,0.00028565
0.34394,0.11269,5.76e-07
0.346,0.11209,-0.00021965
0.34805,0.1115,-0.00087757
0.3501,0.11093,-0.0019242
0.35211,0.11039,-0.0033441
0.35682,0.11011,-0.003214
0.36149,0.10988,-0.003132
0.3662,0.10963,-0.0031083
0.37088,0.10943,-0.0031202
0.37553,0.10928,-0.0031769
0.38019,0.10915,-0.0032606
0.385,0.1089,-0.0033443
0.38969,0.10877,-0.0034418
0.39441,0.10863,-0.0035376
0.39911,0.10853,-0.0036708
0.3852,0.10595,-0.0079521
0.3718,0.10343,-0.013294
0.35884,0.10102,-0.01955
0.34632,0.0987,-0.02635
0.33419,0.096477,-0.033695
0.32247,0.094318,-0.041487
0.31113,0.092241,-0.049697
0.30016,0.090234,-0.058375
0.28952,0.088299,-0.067402
0.27925,0.086408,-0.076628
0.27999,0.087893,-0.064976
0.2808,0.089331,-0.055517
0.28158,0.090808,-0.047717
0.28236,0.092295,-0.041099
0.28317,0.093762,-0.035449
0.28398,0.095248,-0.030713
0.28477,0.096758,-0.026605
0.28561,0.09823,-0.023111
0.28643,0.099734,-0.020022
0.28725,0.10125,-0.017243
0.28974,0.10629,-0.015826
0.29213,0.1115,-0.01451
0.29457,0.11676,-0.013338
0.29698,0.12214,-0.01221
0.29941,0.12759,-0.011174
0.30182,0.13313,-0.010165
0.30424,0.13874,-0.0092216
0.30666,0.14443,-0.0083817
0.30903,0.15025,-0.0076194
0.31144,0.15609,-0.0068789
0.30389,0.16166,-0.0013843
0.29653,0.16726,2.2411e-05
0.2893,0.17292,0.0018829
0.28221,0.17861,0.0062862
0.27529,0.18433,0.012782
0.26848,0.19011,0.020971
0.26181,0.19593,0.030639
0.25526,0.2018,0.041625
0.24882,0.20773,0.053733
0.2425,0.21369,0.066742
0.23202,0.21629,0.076523
0.22191,0.21883,0.087056
0.2121,0.2214,0.09816
0.2026,0.22397,0.10959
0.19338,0.22656,0.12147
0.18449,0.2291,0.13391
0.17585,0.23167,0.14669
0.16751,0.23423,0.15952
0.1594,0.23681,0.17262
0.15159,0.23936,0.18603
0.14957,0.226,0.19103
0.14759,0.21337,0.19648
0.14564,0.20141,0.20241
0.14374,0.19005,0.20851
0.14187,0.1793,0.21496
0.14006,0.16904,0.22155
0.13827,0.15934,0.22843
0.1365,0.15013,0.23532
0.13478,0.14136,0.24219
0.13308,0.13304,0.24937
0.13627,0.14162,0.25397
0.1395,0.15048,0.25853
0.14278,0.15959,0.26278
0.1461,0.16896,0.26637
0.14946,0.17858,0.26966
0.15288,0.18843,0.27298
0.15632,0.19854,0.27595
0.1598,0.20888,0.27858
0.16335,0.21941,0.28105
0.16693,0.23017,0.28334
0.15567,0.2129,0.32369
0.14498,0.19667,0.3626
0.13482,0.18138,0.40052
0.12518,0.167,0.43737
0.11602,0.15348,0.4736
0.10732,0.14077,0.50959
0.099065,0.12881,0.54493
0.091243,0.11755,0.57973
0.083827,0.10698,0.61426
0.0768,0.097058,0.64879
0.071553,0.098554,0.60665
0.066561,0.10004,0.57172
0.061817,0.10149,0.54207
0.057306,0.10292,0.51709
0.053017,0.10434,0.49525
0.048943,0.10573,0.47539
0.045071,0.10712,0.45769
0.041401,0.10847,0.44185
0.037918,0.10982,0.42745
0.034619,0.11116,0.41393
0.03098,0.11308,0.41448
0.027563,0.115,0.41453
0.024365,0.11692,0.41414
0.02138,0.11885,0.41341
0.018604,0.12079,0.41259
0.016034,0.12273,0.41164
0.013668,0.12466,0.41042
0.011501,0.12661,0.40943
0.0095301,0.12856,0.40842
0.0077516,0.13051,0.40773
0.010712,0.14161,0.3332
0.0141,0.15295,0.27182
0.017917,0.1646,0.22009
0.022165,0.17656,0.17642
0.026854,0.18887,0.13946
0.031994,0.20155,0.10819
0.037598,0.21463,0.081887
0.043683,0.22813,0.059857
0.050262,0.24208,0.041803
0.057346,0.25646,0.027389
0.059499,0.26758,0.03503
0.061709,0.27896,0.0424
0.063976,0.29059,0.049248
0.066296,0.30245,0.055487
0.068671,0.31456,0.061088
0.071093,0.32689,0.066261
0.073571,0.33945,0.070871
0.076098,0.35222,0.074936
0.078674,0.3652,0.078565
0.081302,0.37839,0.081645
0.085904,0.39216,0.067135
0.090635,0.40612,0.055107
0.095491,0.42029,0.04504
0.10047,0.43466,0.036644
0.10559,0.44922,0.029571
0.11081,0.46397,0.023499
0.11617,0.47891,0.0184
0.12165,0.49404,0.014148
0.12726,0.50935,0.010593
0.13298,0.52484,0.007625
0.14489,0.51605,0.008899
0.1572,0.50752,0.0099111
0.16994,0.4992,0.01069
0.18307,0.49111,0.011198
0.19661,0.48323,0.01154
0.21052,0.47555,0.011823
0.22484,0.46806,0.012013
0.23951,0.46075,0.012071
0.25457,0.45362,0.012081
0.26999,0.44666,0.012089
0.2534,0.41441,0.0095546
0.2378,0.38446,0.0076063
0.22312,0.35662,0.0060607
0.20932,0.33071,0.0047642
0.19633,0.30658,0.0037015
0.18409,0.28409,0.0028482
0.17257,0.26312,0.0021458
0.16172,0.24355,0.0015571
0.15149,0.22529,0.0010799
0.14187,0.20823,0.00071369
0.13696,0.21912,0.0024662
0.13217,0.2302,0.004941
0.12746,0.2415,0.0079585
0.12283,0.25299,0.011422
0.1183,0.26468,0.015193
0.11386,0.27655,0.019126
0.10951,0.28862,0.023232
0.10524,0.30087,0.027339
0.10106,0.31329,0.031544
0.096971,0.3259,0.035751
0.10488,0.33206,0.022753
0.1131,0.33824,0.013606
0.12159,0.34447,0.0073168
0.13041,0.3507,0.0032818
0.13954,0.35697,0.00096986
0.14897,0.36326,4.1403e-05
0.15871,0.36958,-0.00028252
0.16875,0.37593,-0.0014839
0.17911,0.3823,-0.0035015
0.18976,0.38869,-0.0062586
0.18452,0.39345,-0.016953
0.17941,0.39816,-0.031162
0.17438,0.40285,-0.048062
0.16946,0.4075,-0.067207
0.16463,0.41211,-0.088102
0.15989,0.41669,-0.11024
0.15525,0.42124,-0.13358
0.1507,0.42575,-0.15776
0.14624,0.43023,-0.18274
0.14185,0.43469,-0.20842
0.16473,0.4208,-0.19007
0.18912,0.40735,-0.17638
0.21506,0.39429,-0.16563
0.24249,0.38162,-0.15686
0.27145,0.36928,-0.14957
0.30194,0.35728,-0.14351
0.33395,0.34559,-0.13822
0.36747,0.33419,-0.13332
0.40251,0.32308,-0.12876
0.43908,0.31225,-0.12435
0.42345,0.31261,-0.099228
0.40841,0.31298,-0.080107
0.3939,0.31334,-0.065037
0.37995,0.31372,-0.052947
0.36648,0.31409,-0.043055
0.35349,0.31447,-0.034946
0.34092,0.31485,-0.028206
0.32878,0.31523,-0.02252
0.31706,0.31561,-0.017776
0.30572,0.31599,-0.013896
0.27017,0.31217,-0.013077
0.23764,0.30852,-0.012005
0.2079,0.30501,-0.010839
0.1808,0.30164,-0.0095436
0.15615,0.29842,-0.0082803
0.13379,0.29531,-0.0070513
0.11358,0.29231,-0.0059008
0.095396,0.28943,-0.0048921
0.079099,0.28663,-0.0039687
0.064597,0.28393,-0.0031934
0.062631,0.28081,-0.0025602
0.06071,0.27772,-0.0019903
0.058842,0.27466,-0.0015057
0.057025,0.27163,-0.001118
0.055255,0.26864,-0.00079742
0.053532,0.26567,-0.00052577
0.051853,0.26273,-0.00031594
0.050224,0.25983,-0.00016969
0.048633,0.25694,-7.1083e-05
0.047084,0.25409,-1.3299e-05
0.059104,0.25525,0.00033075
0.072572,0.25643,0.0014754
0.087517,0.25759,0.0032983
0.10396,0.25872,0.0056395
0.12197,0.25987,0.0084468
0.14157,0.26102,0.011623
0.1628,0.26216,0.015095
0.1857,0.2633,0.018933
0.21028,0.26442,0.022999
0.2366,0.26552,0.027368
0.25478,0.2648,0.02408
0.27363,0.26405,0.02156
0.29314,0.26326,0.0196
0.31334,0.26248,0.018098
0.33421,0.26168,0.01698
0.35575,0.26086,0.016027
0.37796,0.26003,0.01526
0.40082,0.25916,0.014558
0.42435,0.25828,0.013968
0.44853,0.25739,0.013479
0.43451,0.23613,0.0021367
0.42107,0.2164,-0.00020578
0.40815,0.19807,-0.0046713
0.3957,0.181,-0.013711
0.38371,0.16515,-0.026271
0.37213,0.15036,-0.041612
0.36094,0.13659,-0.05924
0.35013,0.12378,-0.078695
0.33965,0.11181,-0.099645
0.3295,0.10073,-0.12219
0.35908,0.1112,-0.066394
0.39007,0.12216,-0.030717
0.42257,0.13369,-0.010127
0.45668,0.14577,-0.0010336
0.49246,0.15844,0.00096582
0.52994,0.17172,0.0080244
0.56916,0.1856,0.020824
0.61015,0.20006,0.038245
0.65289,0.21514,0.059585
0.69743,0.23074,0.084377
0.70223,0.23574,0.090163
0.70705,0.24068,0.097826
0.71189,0.24558,0.10686
0.71674,0.25045,0.11715
0.72161,0.25529,0.12822
0.72648,0.26011,0.13965
0.73135,0.26492,0.15147
0.73623,0.26971,0.16362
0.74111,0.27447,0.17594
0.74609,0.27905,0.18829
0.75362,0.29582,0.15794
0.76116,0.31284,0.13507
0.76873,0.33008,0.11698
0.77627,0.34761,0.10197
0.78384,0.36533,0.089259
0.79147,0.38318,0.078438
0.79907,0.4013,0.068969
0.8067,0.41959,0.060421
0.81433,0.43805,0.052767
0.82196,0.45672,0.045866
0.81702,0.43544,0.019375
0.81227,0.41535,0.0057763
0.80777,0.39624,0.00042684
0.80343,0.37811,-0.00082472
0.79927,0.36085,-0.0054532
0.7953,0.34437,-0.013392
0.79145,0.3287,-0.023999
0.78775,0.31371,-0.036694
0.78418,0.2994,-0.05114
0.78074,0.2857,-0.067209
0.80699,0.28345,-0.077053
0.83358,0.28121,-0.08831
0.86043,0.27903,-0.10057
0.88757,0.27687,-0.11351
0.91498,0.27476,-0.12705
0.94266,0.27267,-0.14118
0.97056,0.27066,-0.15554
0.99876,0.26863,-0.16998
1.0272,0.26667,-0.18445
1.0558,0.26474,-0.19908
1.0346,0.28248,-0.12204
1.014,0.30036,-0.073143
0.9941,0.31836,-0.041377
0.9748,0.33643,-0.020788
0.95602,0.35462,-0.0082203
0.93768,0.37296,-0.0017341
0.91983,0.39138,1.6442e-05
0.90243,0.40989,0.0022268
0.88541,0.42853,0.0077275
0.86882,0.44722,0.015975
0.83697,0.44697,0.02886
0.80631,0.44687,0.044412
0.77689,0.44674,0.062319
0.74853,0.44674,0.082016
0.72123,0.44678,0.10329
0.69488,0.44692,0.12569
0.6695,0.44708,0.14914
0.64501,0.44729,0.17335
0.62135,0.44759,0.19818
0.59856,0.44783,0.22317
0.59051,0.43513,0.18278
0.58272,0.42292,0.15405
0.5751,0.41123,0.1324
0.56766,0.4,0.11508
0.56038,0.38922,0.10091
0.55327,0.37882,0.089084
0.54634,0.36878,0.078939
0.5395,0.35916,0.070202
0.53287,0.34978,0.062579
0.52634,0.34078,0.055673
0.50774,0.339,0.036561
0.48984,0.33722,0.022915
0.47251,0.33555,0.013339
0.45584,0.33382,0.0067947
0.43968,0.3322,0.0027051
0.42408,0.33058,0.0005446
0.40899,0.32899,-1.3759e-05
0.39437,0.32744,-0.00084844
0.38029,0.32585,-0.0028556
0.36654,0.32441,-0.00587
0.36923,0.3559,-0.0040653
0.37197,0.38865,-0.0029094
0.37471,0.42267,-0.0021526
0.37736,0.45807,-0.0016639
0.38001,0.4947,-0.0013348
0.38286,0.53223,-0.0011137
0.38552,0.57115,-0.00094382
0.38825,0.61105,-0.00083252
0.39092,0.65208,-0.0007487
0.39359,0.69408,-0.00066561
0.40559,0.67085,0.00021272
0.41765,0.64858,0.0023917
0.42969,0.62734,0.0062481
0.44173,0.607,0.011223
0.45377,0.58754,0.017059
0.46582,0.56886,0.023585
0.47789,0.55091,0.030681
0.49003,0.5336,0.038194
0.50222,0.51689,0.045983
0.51435,0.50089,0.054304
0.49812,0.50271,0.040178
0.48239,0.5045,0.030194
0.46712,0.50623,0.0229
0.45231,0.50793,0.017434
0.43793,0.5096,0.01319
0.42398,0.5112,0.0098002
0.41041,0.51281,0.0071148
0.39726,0.51433,0.0050271
0.38448,0.51583,0.0033936
0.37205,0.5173,0.0021475
0.33859,0.52091,0.011463
0.30725,0.52453,0.025114
0.27792,0.52815,0.041375
0.2505,0.53176,0.059207
0.22485,0.53542,0.078253
0.20096,0.53901,0.09834
0.17868,0.54265,0.11921
0.15799,0.54624,0.14085
0.13878,0.54988,0.163
0.12102,0.55348,0.18545
0.15384,0.53798,0.21419
0.19057,0.52275,0.24312
0.23125,0.50782,0.27198
0.27588,0.49318,0.30041
0.32452,0.4788,0.32865
0.37719,0.46469,0.3569
0.43396,0.4508,0.38478
0.49481,0.43718,0.41154
0.5598,0.42377,0.43758
0.62894,0.41062,0.46292
0.60749,0.41695,0.40274
0.5868,0.42317,0.35942
0.5669,0.4292,0.32626
0.54767,0.43513,0.30014
0.52908,0.44093,0.27858
0.51111,0.44663,0.26035
0.49375,0.45218,0.24467
0.4769,0.45768,0.23052
0.46062,0.46305,0.21795
0.44483,0.46834,0.20665
0.42802,0.49534,0.20782
0.41169,0.52261,0.20768
0.3958,0.55013,0.20675
0.38032,0.57793,0.205
0.36523,0.60601,0.20272
0.35054,0.63435,0.20003
0.33624,0.66291,0.19719
0.32232,0.69167,0.19402
0.3088,0.72059,0.19072
0.29563,0.74974,0.18777
0.26982,0.70697,0.20929
0.24579,0.66699,0.22807
0.22344,0.62955,0.24513
0.20264,0.59447,0.26096
0.18334,0.56146,0.27573
0.1654,0.53044,0.28993
0.14876,0.50123,0.30376
0.13333,0.47367,0.31745
0.11905,0.44767,0.33096
0.10585,0.42307,0.34444
0.11963,0.4478,0.35133
0.13436,0.47323,0.35737
0.15004,0.49931,0.36275
0.16669,0.52602,0.36785
0.18429,0.55334,0.37241
0.20285,0.58123,0.37677
0.22236,0.60969,0.38051
0.24281,0.63869,0.38332
0.26422,0.66809,0.38545
0.28655,0.69799,0.38695
0.24899,0.71648,0.32071
0.21471,0.73489,0.27082
0.18351,0.75318,0.23154
0.15517,0.77155,0.19935
0.12957,0.78987,0.1723
0.10656,0.8082,0.14937
0.086043,0.82654,0.12955
0.067911,0.84481,0.1121
0.052076,0.86315,0.096857
0.038462,0.88153,0.08354
0.045345,0.80859,0.1007
0.052569,0.74115,0.11559
0.060095,0.67886,0.12848
0.067898,0.62117,0.14
0.075952,0.56772,0.15061
0.084238,0.51812,0.16074
0.092736,0.47208,0.1705
0.10143,0.42933,0.18002
0.11032,0.38961,0.18926
0.11938,0.35268,0.19857
0.12329,0.33228,0.20724
0.1272,0.31285,0.2157
0.13111,0.29435,0.22423
0.13502,0.27672,0.23315
0.13893,0.25992,0.24205
0.14284,0.2439,0.25073
0.14676,0.22863,0.25942
0.15067,0.21407,0.26844
0.15459,0.20019,0.2775
0.15851,0.18697,0.28635
0.16993,0.20379,0.29549
0.18188,0.22144,0.30375
0.19437,0.23988,0.31081
0.2074,0.25911,0.31692
0.22096,0.2791,0.32217
0.23506,0.29986,0.32661
0.24968,0.32134,0.33028
0.26484,0.34353,0.33357
0.28053,0.36641,0.33627
0.29671,0.38992,0.33845
0.29282,0.37619,0.30185
0.28902,0.363,0.27291
0.28533,0.35033,0.24919
0.28173,0.33814,0.2292
0.27822,0.32641,0.21203
0.2748,0.31512,0.1972
0.27145,0.30422,0.18406
0.26819,0.29372,0.1721
0.26499,0.28357,0.16154
0.26186,0.27377,0.1519
0.27271,0.3065,0.1482
0.28384,0.34116,0.14408
0.29527,0.37775,0.13966
0.30699,0.41624,0.13485
0.31899,0.45659,0.1299
0.33128,0.49877,0.12511
0.34387,0.54275,0.12027
0.35671,0.58845,0.11535
0.3698,0.63584,0.11042
0.38316,0.68486,0.10542
0.38578,0.72639,0.14356
0.38834,0.76879,0.17993
0.39095,0.81202,0.21458
0.3935,0.85599,0.24729
0.39607,0.90067,0.2787
0.39861,0.94599,0.30901
0.40113,0.99188,0.33832
0.40366,1.0383,0.36664
0.40618,1.0852,0.39408
0.40868,1.1326,0.42085
0.40753,1.132,0.32877
0.40635,1.132,0.2654
0.40525,1.1325,0.21794
0.40411,1.1333,0.18056
0.403,1.1345,0.15006
0.40185,1.1361,0.12478
0.40072,1.138,0.10337
0.3996,1.1402,0.085116
0.39846,1.1426,0.069621
0.39731,1.1453,0.056342
0.38773,1.0677,0.037451
0.37862,0.99612,0.024064
0.36998,0.92982,0.014547
0.36177,0.86832,0.0078873
0.3539,0.81114,0.0035135
0.34642,0.7579,0.0010294
0.33924,0.70823,4.4075e-05
0.3324,0.66183,-0.00030629
0.32584,0.61843,-0.0016233
0.31953,0.57777,-0.003854
0.31766,0.61447,-0.0060654
0.31578,0.65191,-0.008663
0.3139,0.69004,-0.011603
0.31202,0.72881,-0.014864
0.31016,0.7682,-0.018354
0.30828,0.80813,-0.022028
0.30641,0.84858,-0.025843
0.30452,0.88947,-0.029857
0.30266,0.93079,-0.033927
0.30079,0.97248,-0.037935
0.27574,0.96893,-0.07849
0.25213,0.96569,-0.12505
0.22989,0.96272,-0.17531
0.20896,0.96001,-0.2284
0.18929,0.95753,-0.28349
0.17082,0.95527,-0.33997
0.15349,0.9532,-0.3978
0.13728,0.95131,-0.45621
0.12214,0.9496,-0.51533
0.10803,0.94802,-0.57524
0.11603,0.96831,-0.51817
0.12424,0.9884,-0.47848
0.13265,1.0083,-0.44929
0.14127,1.028,-0.42642
0.15009,1.0475,-0.40775
0.15911,1.0669,-0.39154
0.16832,1.0861,-0.37723
0.17771,1.1051,-0.3643
0.18729,1.1238,-0.35215
0.19704,1.1424,-0.34115
0.18528,1.1514,-0.29093
0.17404,1.1605,-0.25118
0.16327,1.1696,-0.21817
0.15297,1.1787,-0.18976
0.14311,1.1879,-0.16519
0.13369,1.1971,-0.14379
0.12468,1.2063,-0.12495
0.11608,1.2156,-0.10806
0.10787,1.2248,-0.093086
0.10003,1.2341,-0.079951
0.093218,1.2169,-0.064928
0.086741,1.2004,-0.05282
0.080591,1.1846,-0.042867
0.074741,1.1694,-0.034577
0.069194,1.1549,-0.027692
0.063935,1.1408,-0.021903
0.058943,1.1274,-0.017051
0.054208,1.1144,-0.012967
0.049744,1.1018,-0.0096773
0.045506,1.0897,-0.0069924
0.043114,1.1227,-0.0094544
0.040793,1.1557,-0.011478
0.038552,1.1886,-0.013134
0.036371,1.2217,-0.014512
0.034266,1.2547,-0.015681
0.032244,1.2876,-0.016725
0.030284,1.3206,-0.017572
0.028396,1.3535,-0.018383
0.026579,1.3863,-0.019137
0.024829,1.419,-0.019753
0.027462,1.3593,-0.037878
0.030132,1.3028,-0.057149
0.032855,1.2493,-0.076795
0.035611,1.1986,-0.096903
0.038389,1.1504,-0.11717
0.041207,1.1045,-0.13741
0.044035,1.0608,-0.15773
0.046885,1.0191,-0.17827
0.049763,0.97927,-0.19887
0.052649,0.94118,-0.21911
0.057972,0.83827,-0.19655
0.063305,0.74543,-0.18112
0.06865,0.66155,-0.16995
0.073974,0.58573,-0.16182
0.079274,0.51716,-0.15555
0.084543,0.45514,-0.15077
0.089805,0.39902,-0.14702
0.095006,0.34831,-0.14374
0.10019,0.3025,-0.141
0.10532,0.26121,-0.13857
0.10454,0.26294,-0.092439
0.10385,0.26452,-0.058671
0.10309,0.26611,-0.034498
0.10241,0.26758,-0.017851
0.10172,0.269,-0.0072027
0.10104,0.27038,-0.0014984
0.10039,0.27169,2.5874e-05
0.099731,0.27297,0.0021771
0.099089,0.27419,0.0074723
0.098483,0.27534,0.015629
0.10008,0.28685,0.0069027
0.10171,0.29849,0.002167
0.10335,0.3103,0.00020209
0.10499,0.32226,-0.00021339
0.10666,0.33436,-0.0016404
0.10834,0.34662,-0.0041265
0.11005,0.35899,-0.0073898
0.11176,0.3715,-0.011315
0.11348,0.38415,-0.015723
0.11523,0.39689,-0.020556
0.1125,0.39472,-0.0038303
0.10982,0.39253,0.00011272
0.10722,0.39028,0.005764
0.10471,0.38797,0.018431
0.10223,0.38563,0.036484
0.099799,0.38327,0.058711
0.097448,0.38084,0.084405
0.095081,0.37844,0.11284
0.092845,0.37592,0.14376
0.090613,0.37341,0.17685
0.08794,0.37992,0.17071
0.085331,0.38635,0.16728
0.082744,0.39274,0.16603
0.080247,0.39901,0.16611
0.077744,0.40529,0.16755
0.075329,0.41145,0.16983
0.072961,0.41755,0.17281
0.070628,0.42361,0.17661
0.068315,0.42964,0.18075
0.066047,0.4356,0.18509
0.06854,0.43847,0.13999
0.071133,0.44121,0.10563
0.073714,0.44397,0.078781
0.076304,0.44673,0.057572
0.078903,0.44949,0.040918
0.081517,0.45225,0.028007
0.084194,0.45494,0.018122
0.086877,0.45763,0.010664
0.089586,0.46031,0.0053849
0.092307,0.46299,0.0019765
0.080475,0.42517,-0.00037403
0.069749,0.39029,-0.0058829
0.060083,0.35801,-0.016721
0.051372,0.32811,-0.031664
0.043545,0.30038,-0.049928
0.036523,0.27466,-0.071041
0.030289,0.25072,-0.094538
0.024741,0.22848,-0.11983
0.019865,0.20776,-0.14678
0.01559,0.1885,-0.17544
0.015603,0.19885,-0.1607
0.015626,0.20941,-0.14831
0.015636,0.22022,-0.1379
0.015665,0.23122,-0.12935
0.015675,0.24249,-0.12206
0.015699,0.25396,-0.11562
0.015707,0.26571,-0.11005
0.015729,0.27764,-0.10507
0.015767,0.28976,-0.10052
0.015785,0.30215,-0.096692
0.016393,0.32415,-0.064316
0.017024,0.34684,-0.040249
0.017666,0.37031,-0.022949
0.018327,0.39453,-0.01119
0.019004,0.41956,-0.0039486
0.019685,0.44541,-0.0004952
0.0204,0.47202,0.0002686
0.021146,0.49939,0.0028189
0.021893,0.52759,0.0077617
0.022662,0.55655,0.014837
0.03425,0.50479,0.019008
0.047851,0.4571,0.02377
0.063301,0.41314,0.029087
0.080502,0.37253,0.034957
0.099387,0.33494,0.041249
0.11991,0.3001,0.048001
0.14203,0.26779,0.055075
0.16571,0.23782,0.062277
0.191,0.20999,0.069734
0.21788,0.18418,0.077183
0.21808,0.20671,0.073007
0.21825,0.23054,0.070092
0.21845,0.25565,0.068046
0.21862,0.28206,0.066505
0.21875,0.30978,0.065547
0.21888,0.33877,0.064999
0.2191,0.36891,0.064736
0.21929,0.4003,0.064684
0.21944,0.43293,0.064855
0.2196,0.4667,0.065326
0.21933,0.4462,0.053312
0.21909,0.42668,0.04362
0.21886,0.40806,0.035723
0.21866,0.39029,0.029266
0.21847,0.37331,0.023872
0.21833,0.35705,0.019393
0.21817,0.34153,0.015561
0.21805,0.32665,0.012321
0.21793,0.31241,0.0095061
0.21784,0.29874,0.0071346
0.21147,0.28104,0.008692
0.20531,0.26429,0.010011
0.19936,0.24845,0.011147
0.1936,0.23346,0.012173
0.18803,0.21927,0.013068
0.18266,0.2058,0.013814
0.17745,0.19306,0.014472
0.17242,0.18098,0.015144
0.16753,0.16954,0.015748
0.16281,0.1587,0.016237
0.15666,0.1604,0.010935
0.15071,0.16205,0.0070643
0.14494,0.16366,0.0042584
0.13934,0.16524,0.0022576
0.13391,0.16679,0.00095883
0.12865,0.16829,0.00024797
0.12355,0.16976,2.0823e-06
0.1186,0.1712,-0.00014287
0.11379,0.17261,-0.00061127
0.10913,0.17398,-0.0013747
0.10511,0.17179,-0.00068789
0.1012,0.16961,-0.00027207
0.097398,0.16744,-5.8501e-05
0.093701,0.16531,-8.1213e-09
0.090107,0.1632,4.5747e-05
0.086613,0.16112,0.00016813
0.083218,0.15905,0.00034807
0.079918,0.15701,0.00056644
0.076713,0.15499,0.00081893
0.073599,0.153,0.0011103
0.073535,0.13412,0.00030631
0.073474,0.11697,1.144e-05
0.073415,0.10142,-9.2465e-05
0.073359,0.087339,-0.00045524
0.073306,0.074642,-0.0010474
0.073255,0.063217,-0.0018324
0.073207,0.05298,-0.0027771
0.073162,0.043849,-0.0038923
0.07312,0.035759,-0.0051217
0.073079,0.028624,-0.0065087
0.066626,0.031951,-0.0062657
0.060531,0.035406,-0.0060773
0.054781,0.038994,-0.0059394
0.04936,0.042707,-0.0058072
0.044257,0.046551,-0.0057245
0.03946,0.050522,-0.0057086
0.034958,0.054617,-0.0057376
0.030743,0.058842,-0.0057477
0.026812,0.063207,-0.0057841
0.023153,0.067698,-0.0058008
0.019567,0.062691,-0.0060757
0.016363,0.057987,-0.0063413
0.013515,0.053564,-0.0065649
0.011001,0.049413,-0.0068244
0.0088016,0.045524,-0.0070403
0.0068936,0.041873,-0.007184
0.0052588,0.038453,-0.0072844
0.0038788,0.03525,-0.0073266
0.0027363,0.032254,-0.0073368
0.0018154,0.02946,-0.0073832
0.00080212,0.026831,-0.0041003
0.00021188,0.024423,-0.0018995
1.5008e-06,0.022194,-0.00057
-0.00013709,0.020143,-3.0026e-05
-0.00059129,0.01825,0.00014274
-0.0013476,0.016478,0.00084017
-0.0023961,0.014823,0.0020677
-0.0037379,0.013263,0.0038238
-0.0053814,0.011787,0.0060778
-0.0073432,0.010386,0.0087931
-0.006221,0.010244,0.0021823
-0.0052375,0.010104,5.4749e-06
-0.0043632,0.0099694,-0.0016066
-0.0035765,0.0098361,-0.0065901
-0.0028629,0.0097016,-0.014864
-0.0022133,0.0095681,-0.026643
-0.0016273,0.0094333,-0.042113
-0.0011114,0.009292,-0.061439
-0.00067452,0.0091532,-0.084956
-0.00033211,0.0090127,-0.11306
-0.00034942,0.0072827,-0.090519
-0.00036518,0.0058107,-0.0721
-0.00037892,0.0045699,-0.057123
-0.00039039,0.0035336,-0.045106
-0.00039916,0.0026788,-0.035275
-0.0004054,0.0019816,-0.027284
-0.00041016,0.0014178,-0.020728
-0.00041173,0.00097625,-0.015441
-0.00040984,0.00064026,-0.011285
-0.00040531,0.00039093,-0.008051
-0.00057221,0.00047711,-0.0086224
-0.00077005,0.00057924,-0.0091976
-0.0010003,0.00069813,-0.0097914
-0.0012639,0.00083602,-0.010482
-0.001562,0.00099615,-0.011219
-0.001896,0.0011799,-0.012049
-0.0022666,0.0013924,-0.012881
-0.0026752,0.0016356,-0.013722
-0.0031229,0.001912,-0.014585
-0.0036115,0.0022181,-0.015385
-0.0026907,0.0019061,-0.018688
-0.0019103,0.0016213,-0.022294
-0.0012635,0.001359,-0.026101
-0.00074777,0.0011197,-0.030167
-0.00036324,0.00089927,-0.034435
-0.0001135,0.00070202,-0.038972
-4.3809e-06,0.00052677,-0.04384
4.4365e-05,0.00037294,-0.049017
0.00024431,0.00024333,-0.054572
0.00061735,0.00013877,-0.060561
0.0010428,8.0846e-05,-0.055439
0.001572,3.8771e-05,-0.050652
0.0022017,1.2258e-05,-0.046294
0.0029307,6.2875e-07,-0.042414
0.0037583,-3.5965e-06,-0.038828
0.0046856,-2.1033e-05,-0.035399
0.0057124,-5.2676e-05,-0.032214
0.0068417,-9.8824e-05,-0.029321
0.0080764,-0.00015959,-0.026627
0.009419,-0.00023484,-0.023983
0.0089262,-0.00015982,-0.023859
0.0084512,-0.00010028,-0.023782
0.0079904,-5.4641e-05,-0.023734
0.0075466,-2.3193e-05,-0.023782
0.0071163,-5.0343e-06,-0.023821
0.006703,7.7553e-08,-0.023845
0.0063031,7.8094e-06,-0.023855
0.0059178,2.7918e-05,-0.023925
0.0055455,6.0303e-05,-0.023988
0.0051884,0.00010425,-0.024122
0.0055068,8.5447e-06,-0.028327
0.0058494,-2.0383e-05,-0.032901
0.0062148,-0.00014586,-0.037813
0.0066083,-0.00039194,-0.043084
0.0070295,-0.00076494,-0.048728
0.0074826,-0.0012729,-0.054823
0.0079685,-0.0019226,-0.061294
0.0084864,-0.0027194,-0.067972
0.009045,-0.0036745,-0.074961
0.0096409,-0.0047912,-0.082492
0.0098153,-0.0053252,-0.072472
0.0099854,-0.0058801,-0.063492
0.010152,-0.0064562,-0.0555
0.010315,-0.0070523,-0.048252
0.010473,-0.0076671,-0.04178
0.010636,-0.0083079,-0.036062
0.010789,-0.0089629,-0.030971
0.010948,-0.0096437,-0.026486
0.011098,-0.010341,-0.022442
0.01125,-0.01106,-0.018792
0.012494,-0.0077595,-0.018071
0.013775,-0.0050973,-0.017414
0.015106,-0.0030285,-0.016782
0.016481,-0.0015094,-0.016097
0.017904,-0.0005178,-0.015437
0.019397,-4.4803e-05,-0.014823
0.020962,8.9447e-05,-0.014254
0.022602,0.00066592,-0.013732
0.024323,0.0018002,-0.013208
0.026138,0.003527,-0.012635
0.025364,0.0046151,-0.0087547
0.024594,0.0058375,-0.0056832
0.023842,0.0071905,-0.0033365
0.023111,0.0086735,-0.0016646
0.022385,0.010296,-0.00058271
0.021682,0.012056,-6.5981e-05
0.020981,0.013968,6.0867e-05
0.020292,0.016033,0.00055988
0.019615,0.018259,0.0015467
0.018949,0.020655,0.003022
0.017564,0.022926,0.0034405
0.016225,0.025326,0.003907
0.014933,0.027856,0.0044025
0.013695,0.030515,0.0049771
0.012501,0.033316,0.0055866
0.011361,0.036255,0.0062634
0.010261,0.03935,0.0069556
0.0092158,0.042591,0.007722
0.0082267,0.045983,0.0085599
0.007277,0.04955,0.0093645
0.0076441,0.055177,0.013665
0.0080276,0.061256,0.018709
0.0084224,0.067815,0.024475
0.0088531,0.074842,0.031063
0.0092909,0.082395,0.038303
0.0097468,0.090476,0.046129
0.010227,0.099093,0.054576
0.010736,0.10825,0.063699
0.011254,0.118,0.073314
0.011807,0.12831,0.083303
0.01416,0.12813,0.10035
0.016739,0.12795,0.1186
0.019562,0.12777,0.13788
0.022621,0.12759,0.1579
0.025929,0.1274,0.17869
0.029483,0.12723,0.19994
0.033274,0.12706,0.2219
0.037337,0.12688,0.24458
0.041655,0.12671,0.26785
0.046257,0.12653,0.29125
0.053986,0.13608,0.2945
0.062434,0.14605,0.29835
0.071595,0.15646,0.30271
0.081513,0.16729,0.30729
0.092219,0.17854,0.31222
0.10364,0.19025,0.31772
0.11588,0.20239,0.32341
0.12895,0.21494,0.32939
0.14281,0.22794,0.33538
0.15755,0.24135,0.3412
0.15632,0.25529,0.32555
0.15506,0.26954,0.31263
0.15384,0.28406,0.3016
0.15262,0.29886,0.29215
0.15139,0.31396,0.28369
0.15022,0.32931,0.27598
0.14901,0.34495,0.2688
0.14786,0.36083,0.26184
0.14668,0.37699,0.25529
0.14552,0.3934,0.24934
0.14827,0.36572,0.28468
0.15107,0.33963,0.31745
0.15378,0.31508,0.34834
0.15659,0.29192,0.37793
0.1593,0.27013,0.40629
0.16205,0.24957,0.4334
0.1648,0.2302,0.45961
0.1675,0.21196,0.48548
0.17025,0.19476,0.51089
0.17298,0.17857,0.53531
0.16878,0.18288,0.54114
0.16462,0.18721,0.54798
0.16056,0.19154,0.55529
0.15662,0.19587,0.56248
0.1527,0.20021,0.56986
0.14897,0.20453,0.5776
0.14525,0.20887,0.58531
0.14161,0.21322,0.59253
0.13806,0.21756,0.59958
0.13459,0.22191,0.60608
0.12123,0.21593,0.56735
0.10884,0.21017,0.53586
0.097325,0.20463,0.50962
0.086626,0.19928,0.48717
0.07673,0.19411,0.46767
0.067564,0.18911,0.45044
0.059117,0.18427,0.4351
0.051354,0.17957,0.42157
0.044227,0.17502,0.40945
0.03773,0.17059,0.39874
0.040724,0.17096,0.40532
0.043852,0.17132,0.41036
0.047083,0.17167,0.41435
0.050396,0.17203,0.41778
0.053827,0.17237,0.42048
0.057371,0.17271,0.42283
0.06102,0.17305,0.42471
0.064763,0.17339,0.42584
0.068599,0.17372,0.42658
0.07254,0.17405,0.42718
0.067286,0.16533,0.42967
0.062297,0.15701,0.43204
0.057551,0.14907,0.43476
0.053066,0.14149,0.43819
0.048801,0.13426,0.4418
0.044787,0.12734,0.44557
0.040981,0.12072,0.44946
0.037384,0.1144,0.45306
0.033991,0.10836,0.45683
0.030795,0.10257,0.461
0.031674,0.1185,0.41814
0.032552,0.13549,0.38029
0.033448,0.15353,0.34633
0.034348,0.17267,0.31537
0.035295,0.1929,0.28678
0.036236,0.21427,0.26061
0.037194,0.23677,0.23652
0.038187,0.26043,0.21431
0.0392,0.28525,0.19382
0.040232,0.31125,0.17508
0.047753,0.30761,0.13395
0.055813,0.3041,0.10061
0.064411,0.30069,0.07373
0.073558,0.29738,0.052294
0.083225,0.29415,0.035316
0.093435,0.291,0.022243
0.10418,0.28791,0.012525
0.11548,0.28488,0.0057681
0.12732,0.28189,0.0016673
0.13971,0.27895,4.6303e-05
0.13912,0.28164,0.0011311
0.13854,0.2843,0.0031809
0.13795,0.28694,0.0057409
0.13738,0.28956,0.008486
0.13681,0.29216,0.011279
0.13624,0.29475,0.0141
0.13568,0.2973,0.016858
0.13512,0.29985,0.019654
0.13457,0.30236,0.022399
0.13402,0.30486,0.025113
0.13524,0.29643,0.059088
0.13646,0.28822,0.10234
0.13767,0.28021,0.15254
0.13889,0.27238,0.20777
0.14011,0.26473,0.26716
0.14133,0.25723,0.33018
0.14255,0.24989,0.39602
0.14378,0.2427,0.46383
0.14501,0.23567,0.53364
0.14625,0.22878,0.60551
0.14687,0.2162,0.56082
0.14749,0.20428,0.52682
0.1481,0.19298,0.50054
0.14872,0.18224,0.4802
0.14934,0.17203,0.46379
0.14995,0.16231,0.45021
0.15057,0.15305,0.43873
0.15118,0.14421,0.42881
0.1518,0.13579,0.41999
0.15241,0.12776,0.41236
0.15232,0.12083,0.39654
0.15223,0.11419,0.38287
0.15216,0.10785,0.37109
0.1521,0.10178,0.36067
0.15204,0.09597,0.3514
0.152,0.090419,0.34351
0.15196,0.08509,0.33647
0.15193,0.079999,0.32989
0.15191,0.075131,0.32398
0.15189,0.070465,0.31874
0.14718,0.074384,0.26884
0.14262,0.078312,0.22689
0.13817,0.082243,0.19136
0.13385,0.08618,0.16124
0.12964,0.090133,0.13542
0.12554,0.094103,0.11323
0.12154,0.098098,0.093977
0.11763,0.1021,0.077251
0.1138,0.10612,0.062672
0.11006,0.11016,0.050023
0.12078,0.11608,0.064615
0.13217,0.12224,0.079708
0.14423,0.12863,0.094824
0.15699,0.13525,0.10966
0.17045,0.14209,0.12404
0.18461,0.14915,0.13809
0.19949,0.15644,0.15156
0.21509,0.16393,0.16443
0.2314,0.17163,0.1767
0.24845,0.17953,0.1883
0.24027,0.16752,0.12137
0.23249,0.15632,0.075057
0.22506,0.14584,0.043218
0.21796,0.13601,0.021848
0.21114,0.12676,0.0085959
0.20457,0.11805,0.0017155
0.19826,0.10984,-4.1783e-05
0.19217,0.10209,-0.0026443
0.18628,0.094757,-0.0088379
0.18058,0.087829,-0.018158
0.17653,0.074927,-0.018609
0.17259,0.063301,-0.019401
0.16875,0.052874,-0.020542
0.16501,0.043569,-0.021905
0.16138,0.035323,-0.023519
0.15782,0.028068,-0.025375
0.15437,0.021761,-0.027429
0.15098,0.016335,-0.029758
0.14768,0.011757,-0.032215
0.14444,0.0079804,-0.034865
0.1429,0.010177,-0.035109
0.14137,0.012622,-0.035412
0.13986,0.01531,-0.035842
0.13836,0.018246,-0.036339
0.13686,0.021403,-0.036968
0.13537,0.024803,-0.037615
0.1339,0.028432,-0.03833
0.13243,0.032289,-0.03917
0.13097,0.036373,-0.040056
0.12954,0.040692,-0.040884
0.13132,0.041369,-0.023175
0.13312,0.042048,-0.011206
0.13492,0.042719,-0.0038954
0.13673,0.043388,-0.000448
0.13854,0.044049,0.00032147
0.14037,0.044714,0.0030183
0.14221,0.045384,0.0081623
0.14407,0.046055,0.015408
0.14593,0.046718,0.024477
0.14781,0.047395,0.035303
0.15925,0.051597,0.049248
0.17132,0.056019,0.065042
0.18404,0.060682,0.082544
0.19742,0.065574,0.10179
0.21147,0.070703,0.12247
0.22621,0.076074,0.1443
0.24165,0.081688,0.16727
0.25779,0.087541,0.19143
0.27463,0.093629,0.21656
0.29219,0.099951,0.24227
0.30647,0.10504,0.15671
0.32095,0.11012,0.097051
0.33568,0.11528,0.055761
0.35069,0.12046,0.02809
0.36602,0.12573,0.010948
0.38168,0.13109,0.0021604
0.39769,0.13653,-6.205e-05
0.41405,0.14206,-0.0035107
0.43077,0.14766,-0.011617
0.44787,0.15337,-0.023694
0.42126,0.13772,-0.0075054
0.39622,0.12341,-0.00096229
0.37262,0.11034,0.00025983
0.35035,0.098379,0.0032542
0.32933,0.087432,0.0087309
0.30945,0.07744,0.015911
0.29066,0.068307,0.024376
0.27287,0.05998,0.033722
0.25602,0.0524,0.043804
0.24008,0.045495,0.054636
0.22699,0.034803,0.053157
0.21463,0.025765,0.05227
0.20291,0.018267,0.051766
0.19182,0.012189,0.05144
0.18129,0.0074361,0.05135
0.17128,0.0039185,0.05138
0.16178,0.0015558,0.051489
0.15273,0.00028087,0.051842
0.1441,-3.0402e-05,0.052274
0.13588,-0.0007521,0.052681
0.13622,-0.0010021,0.053098
0.13656,-0.001286,0.053879
0.13689,-0.0016032,0.054662
0.13725,-0.0019558,0.055561
0.13761,-0.0023405,0.056441
0.13796,-0.0027579,0.057394
0.13833,-0.003209,0.058462
0.1387,-0.0036912,0.059402
0.13906,-0.0042052,0.060358
0.13944,-0.0047512,0.061146
0.13221,-0.0045348,0.087766
0.12521,-0.0043271,0.11711
0.11841,-0.0041254,0.14886
0.1118,-0.0039297,0.18275
0.10537,-0.0037392,0.21837
0.099139,-0.0035543,0.25573
0.093078,-0.0033737,0.29438
0.087205,-0.0031982,0.3338
0.0815,-0.0030264,0.37415
0.075971,-0.0028589,0.41562
0.075342,-0.0035409,0.36806
0.074753,-0.0042849,0.32889
0.074157,-0.0050862,0.29556
0.073597,-0.0059457,0.26693
0.073053,-0.0068605,0.24201
0.072515,-0.0078289,0.21989
0.072,-0.0088506,0.20027
0.071488,-0.0099233,0.18265
0.070993,-0.011047,0.16679
0.070492,-0.012219,0.15266
0.067833,-0.0090071,0.1517
0.065231,-0.0063341,0.15112
0.062747,-0.0041694,0.15049
0.060322,-0.0024823,0.14995
0.057972,-0.0012479,0.14949
0.055707,-0.0004435,0.14939
0.053493,-4.8918e-05,0.14935
0.051363,4.7403e-05,0.14958
0.049277,0.00042462,0.14977
0.047243,0.0011687,0.14983
0.049145,0.0020619,0.10245
0.051035,0.0031521,0.066447
0.052867,0.0044247,0.039733
0.054699,0.0058727,0.020643
0.056516,0.007499,0.0081718
0.05837,0.0093111,0.0014894
0.060261,0.011323,-0.00014232
0.062235,0.013551,-0.0038028
0.064244,0.016019,-0.012215
0.066343,0.018745,-0.025158
0.060982,0.016471,-0.031246
0.055939,0.014391,-0.037873
0.051206,0.012493,-0.045077
0.046768,0.010764,-0.052981
0.042589,0.0091926,-0.061459
0.038648,0.0077692,-0.070343
0.034941,0.006485,-0.079733
0.031474,0.0053321,-0.089465
0.028217,0.0043039,-0.099611
0.025152,0.0033944,-0.11015
0.023208,0.0047025,-0.08668
0.021427,0.0061481,-0.067582
0.019744,0.0077139,-0.052171
0.018178,0.0093889,-0.039654
0.016706,0.011166,-0.029462
0.015315,0.013043,-0.02128
0.014014,0.015021,-0.014725
0.012778,0.017102,-0.0094907
0.011603,0.019293,-0.0055241
0.010493,0.021603,-0.0027141
0.0098959,0.022301,-0.0033687
0.0093227,0.02301,-0.0040445
0.0087518,0.02373,-0.0047666
0.0081967,0.024462,-0.0055285
0.0077038,0.025207,-0.0063752
0.0071901,0.025962,-0.0072013
0.0066875,0.026728,-0.0080626
0.0062024,0.027505,-0.0089498
0.0057629,0.028297,-0.0099818
0.0053245,0.0291,-0.011019
0.0042299,0.028107,-0.019936
0.0032635,0.027133,-0.031102
0.0024144,0.026173,-0.044438
0.0016888,0.025223,-0.059746
0.0010861,0.024283,-0.077037
0.00060686,0.023349,-0.096423
0.00026353,0.022424,-0.11792
5.8576e-05,0.021504,-0.14139
-1.1123e-06,0.020591,-0.16675
-9.9661e-05,0.019685,-0.19364
-8.3986e-05,0.022937,-0.20447
-7.0466e-05,0.026494,-0.21549
-5.7438e-05,0.030368,-0.22675
-4.4154e-05,0.034571,-0.23799
-3.2877e-05,0.039108,-0.24958
-2.3462e-05,0.043988,-0.26178
-1.4857e-05,0.049223,-0.27416
-8.6493e-06,0.054817,-0.28723
-3.5295e-06,0.060784,-0.30041
-7.5343e-07,0.067125,-0.31379
1.8265e-05,0.069834,-0.26866
8.702e-05,0.07253,-0.23098
0.00020418,0.07522,-0.19903
0.00036739,0.077909,-0.17141
0.00057544,0.080601,-0.14731
0.00082613,0.083299,-0.12633
0.0011187,0.086009,-0.10799
0.0014531,0.088733,-0.092015
0.0018275,0.091475,-0.077992
0.0022404,0.094236,-0.065801
0.0015258,0.091436,-0.070178
0.00095042,0.088723,-0.074086
0.00051175,0.086093,-0.077712
0.00020994,0.083547,-0.081188
4.1504e-05,0.081082,-0.084301
-2.5246e-06,0.078688,-0.08713
-9.1671e-05,0.076364,-0.089744
-0.00030756,0.074105,-0.092088
-0.00064598,0.071914,-0.094157
-0.0011073,0.069782,-0.096012
-0.0023443,0.065718,-0.089578
-0.0040176,0.061837,-0.083936
-0.0061133,0.058126,-0.078824
-0.0086132,0.054576,-0.074278
-0.01152,0.051174,-0.070107
-0.014816,0.047911,-0.066144
-0.018509,0.044779,-0.062449
-0.022594,0.041771,-0.059137
-0.027086,0.03888,-0.055997
-0.031959,0.036101,-0.053193
-0.031602,0.038651,-0.046401
-0.031253,0.041274,-0.040214
-0.030905,0.04397,-0.034674
-0.030561,0.046742,-0.029628
-0.030221,0.04959,-0.025109
-0.029873,0.052516,-0.021009
-0.029538,0.055521,-0.0174
-0.029198,0.058607,-0.014229
-0.028856,0.061775,-0.011439
-0.028518,0.065027,-0.0089971
-0.026171,0.06651,-0.0095924
-0.023937,0.068001,-0.010124
-0.021796,0.069497,-0.010641
-0.019772,0.071001,-0.011051
-0.017853,0.072512,-0.011378
-0.016047,0.074032,-0.011744
-0.014343,0.075559,-0.012069
-0.01274,0.077095,-0.0123
-0.011237,0.078638,-0.012496
-0.0098349,0.080191,-0.012712
-0.010376,0.079092,-0.012295
-0.010928,0.078002,-0.011798
-0.011493,0.076922,-0.011267
-0.01207,0.075856,-0.010783
-0.012658,0.074797,-0.010288
-0.01326,0.073752,-0.0097147
-0.013871,0.072715,-0.0091293
-0.014496,0.071691,-0.0085291
-0.015132,0.070677,-0.0079365
-0.015777,0.069671,-0.0073901
-0.014388,0.062894,-0.003021
-0.013122,0.056684,-0.00069659
-0.011966,0.050988,1.3927e-07
-0.010907,0.045762,0.00064825
-0.0099357,0.040963,0.0024066
-0.0090455,0.03656,0.0051523
-0.0082266,0.032516,0.0087331
-0.0074704,0.028797,0.013047
-0.006774,0.025386,0.018045
-0.0061288,0.022252,0.023581
-0.0065319,0.022484,0.015266
-0.0069434,0.022712,0.0090415
-0.0073664,0.022945,0.0045907
-0.0078009,0.02318,0.0017159
-0.0082467,0.023414,0.00025244
-0.0087049,0.023649,-7.8696e-05
-0.0091764,0.023887,-0.001103
-0.0096618,0.024127,-0.0032911
-0.010161,0.024365,-0.0065766
-0.010676,0.024605,-0.010996
-0.0097949,0.029819,-0.011224
-0.0089332,0.035688,-0.011423
-0.0080918,0.042254,-0.011615
-0.007273,0.049564,-0.011749
-0.0064789,0.057676,-0.011901
-0.0057124,0.066631,-0.012063
-0.004976,0.076493,-0.012249
-0.0042742,0.087282,-0.012472
-0.0036097,0.099076,-0.012715
-0.0029866,0.11192,-0.012911
-0.0023569,0.11499,-0.019338
-0.0017975,0.11812,-0.026693
-0.0013104,0.12129,-0.034877
-0.00089686,0.12452,-0.04391
-0.00055897,0.12779,-0.053629
-0.00029871,0.1311,-0.063868
-0.00011811,0.13447,-0.074645
-1.9311e-05,0.1379,-0.086104
4.5542e-06,0.14137,-0.098025
7.597e-05,0.14488,-0.11049
-6.9435e-06,0.12459,-0.11836
-0.00018566,0.10643,-0.12615
-0.00058961,0.090212,-0.13401
-0.001199,0.07576,-0.1421
-0.0019974,0.062914,-0.15029
-0.0029709,0.051541,-0.15842
-0.0041077,0.041529,-0.16652
-0.0053996,0.032772,-0.1747
-0.0068408,0.025177,-0.1829
-0.0084298,0.018664,-0.19106
-0.0064061,0.015808,-0.21601
-0.0046505,0.013187,-0.24188
-0.0031659,0.010789,-0.26868
-0.0019555,0.0086196,-0.2959
-0.0010266,0.0066838,-0.32377
-0.00038858,0.0049829,-0.35237
-5.2243e-05,0.003517,-0.38171
2.952e-05,0.002297,-0.4112
0.00033389,0.0013276,-0.44102
0.00097977,0.00061822,-0.47094
0.0012219,0.0013645,-0.47672
0.0014916,0.002403,-0.48343
0.0017886,0.0037293,-0.49053
0.0021135,0.0053448,-0.49775
0.0024667,0.0072529,-0.50542
0.0028484,0.0094473,-0.51365
0.0032592,0.011936,-0.52218
0.0036995,0.01472,-0.5312
0.0041698,0.017797,-0.54044
0.0046705,0.021174,-0.5495
0.0060059,0.031875,-0.52988
0.007515,0.044752,-0.51158
0.0092052,0.059867,-0.49456
0.011086,0.077275,-0.47879
0.013167,0.097076,-0.46391
0.015461,0.11934,-0.45005
0.017977,0.14419,-0.4367
0.020728,0.17171,-0.4238
0.023726,0.202,-0.41121
0.026983,0.23512,-0.39881
0.02622,0.2325,-0.43534
0.025469,0.22993,-0.46966
0.024737,0.22736,-0.50138
0.024012,0.2249,-0.53145
0.0233,0.22249,-0.55992
0.022599,0.22015,-0.58736
0.021905,0.21789,-0.61367
0.021224,0.21569,-0.63893
0.020565,0.21348,-0.66253
0.019911,0.21138,-0.68533
0.021273,0.19801,-0.56921
0.022641,0.18564,-0.47835
0.024016,0.17414,-0.4051
0.025406,0.16339,-0.3451
0.026802,0.15334,-0.29495
0.02821,0.14392,-0.25264
0.029629,0.13507,-0.21632
0.031064,0.12672,-0.18502
0.032502,0.11888,-0.15781
0.033961,0.11146,-0.13394
0.030034,0.12809,-0.16791
0.026279,0.14626,-0.20366
0.022705,0.16605,-0.24048
0.019338,0.18749,-0.27802
0.016198,0.2106,-0.31589
0.013288,0.23546,-0.35336
0.010629,0.26206,-0.39012
0.0082395,0.29041,-0.42593
0.0061325,0.32052,-0.46069
0.0043151,0.35241,-0.49382
0.0064908,0.33192,-0.40591
0.0090267,0.31287,-0.33714
0.011891,0.2951,-0.28202
0.015061,0.27847,-0.23676
0.01852,0.26284,-0.19904
0.022248,0.24814,-0.16741
0.026237,0.23426,-0.14047
0.030468,0.22115,-0.11727
0.034926,0.20874,-0.097348
0.039621,0.19696,-0.08019
0.040128,0.21652,-0.072933
0.040651,0.23715,-0.066048
0.041183,0.25885,-0.05943
0.041718,0.28164,-0.052881
0.042256,0.30553,-0.046656
0.042812,0.33051,-0.040897
0.043371,0.35658,-0.035491
0.043941,0.38375,-0.030361
0.044512,0.41201,-0.025622
0.045094,0.44135,-0.02136
0.045049,0.43,-0.0043157
0.045001,0.41914,4.9738e-05
0.044933,0.40871,0.0054858
0.04489,0.39866,0.018575
0.044834,0.38894,0.037909
0.044776,0.37954,0.062583
0.044736,0.37042,0.091769
0.04468,0.36155,0.12491
0.044632,0.35294,0.1615
0.044594,0.34455,0.2009
0.043582,0.32437,0.11539
0.042605,0.30561,0.061152
0.041644,0.28805,0.027786
0.040718,0.27155,0.0090436
0.039795,0.25597,0.00092348
0.038893,0.24124,-0.00084951
0.038004,0.22727,-0.0071072
0.037146,0.214,-0.0184
0.036288,0.20137,-0.03386
0.035444,0.18932,-0.052928
0.029805,0.19469,-0.050917
0.02468,0.20008,-0.049558
0.020081,0.20551,-0.048818
0.015964,0.21097,-0.048705
0.012333,0.21646,-0.049001
0.0091845,0.222,-0.049507
0.0065006,0.22756,-0.050295
0.0042879,0.23318,-0.051422
0.0025406,0.23884,-0.0528
0.0012462,0.24454,-0.054182
0.0022664,0.25552,-0.060515
0.0036099,0.26679,-0.067136
0.0052771,0.27832,-0.073912
0.0072789,0.29012,-0.080637
0.0096183,0.30218,-0.087471
0.012312,0.31451,-0.094544
0.015366,0.32711,-0.10173
0.018775,0.33994,-0.10872
0.022548,0.35302,-0.11577
0.026707,0.36636,-0.12306
0.026025,0.3536,-0.1315
0.02535,0.34133,-0.13973
0.024685,0.32955,-0.14791
0.02404,0.31823,-0.15587
0.023421,0.30736,-0.16399
0.022796,0.29688,-0.17211
0.022186,0.28679,-0.18018
0.021585,0.27707,-0.18837
0.021006,0.26771,-0.19663
0.020448,0.25869,-0.20472
0.026554,0.27522,-0.18191
0.033526,0.29229,-0.16244
0.041313,0.30986,-0.14535
0.050027,0.32802,-0.13023
0.059606,0.3467,-0.11674
0.070096,0.36593,-0.10457
0.081514,0.38571,-0.093631
0.093875,0.40604,-0.083918
0.10719,0.4269,-0.075102
0.12145,0.44828,-0.067206
0.11967,0.44501,-0.050288
0.11801,0.44195,-0.037187
0.11628,0.43896,-0.026686
0.11461,0.43612,-0.018381
0.11299,0.43342,-0.011962
0.11142,0.43085,-0.0071487
0.10987,0.42837,-0.0037138
0.10833,0.42598,-0.0014941
0.10684,0.42372,-0.00030047
0.10535,0.42151,1.1969e-05
0.1113,0.43847,-0.0021242
0.11745,0.45572,-0.0080802
0.12378,0.47324,-0.016604
0.13029,0.49103,-0.026755
0.13696,0.50907,-0.038034
0.14393,0.52745,-0.049916
0.15096,0.54597,-0.062444
0.15821,0.56475,-0.075418
0.16562,0.58373,-0.088714
0.17325,0.60295,-0.10241
0.1847,0.54164,-0.070543
0.19619,0.4857,-0.04856
0.20775,0.43459,-0.033
0.2193,0.38778,-0.021844
0.23089,0.34492,-0.013784
0.24256,0.30568,-0.0080878
0.25425,0.26971,-0.0041692
0.26602,0.2368,-0.0016522
0.27781,0.20668,-0.00032537
0.28969,0.17917,1.0076e-05
0.27781,0.15585,0.00051618
0.26651,0.13476,0.0017007
0.25585,0.11576,0.0034419
0.24568,0.098655,0.0056089
0.23603,0.083332,0.0081028
0.22682,0.069644,0.010894
0.21811,0.057494,0.013935
0.20971,0.046741,0.017246
0.20173,0.037317,0.020729
0.19408,0.029125,0.024344
0.18383,0.033233,0.010941
0.17402,0.037513,0.0033385
0.16461,0.041959,0.00021371
0.1555,0.046561,-0.00064077
0.14677,0.051336,-0.0039454
0.13837,0.05628,-0.0096698
0.13029,0.061396,-0.017385
0.12249,0.066681,-0.0268
0.11494,0.072131,-0.037732
0.10764,0.077749,-0.050123
0.10334,0.094379,-0.070472
0.099047,0.11289,-0.093297
0.094795,0.13337,-0.11834
0.090514,0.15589,-0.14569
0.086277,0.18054,-0.17491
0.082027,0.20736,-0.20554
0.077836,0.23644,-0.23755
0.073673,0.26781,-0.27102
0.069551,0.3015,-0.30553
0.065494,0.33756,-0.34125
0.066441,0.33373,-0.23751
0.067402,0.3301,-0.16384
0.068324,0.32658,-0.11044
0.069248,0.32318,-0.071497
0.070166,0.31988,-0.043436
0.071076,0.31666,-0.023871
0.071973,0.31351,-0.010904
0.07287,0.31043,-0.0032752
0.073754,0.3074,-0.00016204
0.074659,0.30444,0.00088793
0.086967,0.29428,0.00025392
0.10013,0.28438,2.65e-05
0.11417,0.27475,-9.1458e-06
0.12907,0.26536,-7.9799e-05
0.14484,0.25621,-0.00017549
0.16149,0.24728,-0.00026473
0.17901,0.23856,-0.00033035
0.19738,0.23004,-0.00036948
0.21665,0.22172,-0.00038135
0.23678,0.2136,-0.00037642
0.23047,0.18995,0.0001851
0.22435,0.16831,0.0018592
0.21841,0.14853,0.0048672
0.21267,0.13046,0.0088744
0.20708,0.11397,0.01371
0.20168,0.098968,0.019088
0.19641,0.085337,0.025021
0.19128,0.072989,0.031487
0.1863,0.06184,0.038335
0.18143,0.051817,0.045699
0.17583,0.050066,0.025254
0.17045,0.048357,0.011869
0.16526,0.046689,0.0039955
0.16025,0.045061,0.00044769
0.15542,0.043468,-0.00032415
0.15072,0.041914,-0.0030309
0.14616,0.040396,-0.0081048
0.14172,0.038911,-0.015124
0.13742,0.037458,-0.023873
0.13321,0.036043,-0.034132
0.14263,0.035493,-0.039614
0.15248,0.034948,-0.045299
0.16277,0.034402,-0.051318
0.1735,0.033859,-0.057402
0.18468,0.033319,-0.063754
0.1963,0.032784,-0.070429
0.20839,0.03225,-0.077321
0.22095,0.031718,-0.084553
0.23399,0.031189,-0.092024
0.2475,0.030663,-0.099393
0.23514,0.026875,-0.076939
0.22343,0.023415,-0.05956
0.2123,0.02026,-0.045963
0.20174,0.01739,-0.035273
0.19169,0.01479,-0.02677
0.18211,0.012448,-0.01997
0.173,0.010343,-0.014515
0.16432,0.0084678,-0.0103
0.15604,0.0068079,-0.0070049
0.14815,0.0053537,-0.0045046
0.15607,0.0038579,-0.0011717
0.16426,0.0026031,-6.8127e-06
0.17269,0.0015939,0.00077856
0.18141,0.00082859,0.0033281
0.1904,0.00031099,0.0074472
0.19971,4.1301e-05,0.013003
0.20932,-2.3136e-05,0.01984
0.21926,-0.00025908,0.027797
0.22953,-0.00075185,0.036808
0.24014,-0.0015039,0.046924
0.24794,-0.00073859,0.035915
0.25586,-0.00024475,0.027217
0.2639,-1.7495e-05,0.020371
0.27206,5.2423e-05,0.014984
0.28035,0.00034615,0.010741
0.28876,0.00089704,0.0075302
0.29731,0.001702,0.0050666
0.30599,0.0027596,0.0032341
0.3148,0.0040675,0.0018958
0.32375,0.0056253,0.00094368
0.3321,0.0061566,0.0031118
0.34057,0.0067114,0.0061994
0.34916,0.0072842,0.0099533
0.35785,0.0078794,0.014322
0.36666,0.0084936,0.019135
0.37558,0.009129,0.024364
0.38461,0.0097829,0.029909
0.39375,0.010456,0.035608
0.403,0.011147,0.041496
0.41235,0.011855,0.047438
0.38765,0.018118,0.063469
0.36411,0.025536,0.080354
0.34166,0.03405,0.097814
0.32021,0.04361,0.11597
0.2997,0.054177,0.13457
0.28008,0.065718,0.15358
0.2613,0.078205,0.17293
0.2433,0.091625,0.19231
0.22606,0.10595,0.21193
0.20954,0.12118,0.23185
0.21245,0.12377,0.18929
0.21535,0.12635,0.1556
0.21824,0.12892,0.12853
0.22113,0.1315,0.10647
0.22403,0.13408,0.088307
0.22692,0.13665,0.073095
0.22983,0.13923,0.060312
0.23273,0.14181,0.049544
0.23564,0.1444,0.040443
0.23856,0.14699,0.032631
0.23252,0.1353,0.021501
0.2267,0.1244,0.013062
0.22109,0.11421,0.0069381
0.21569,0.10469,0.0028911
0.21047,0.095786,0.00064321
0.20544,0.087462,-3.4731e-06
0.20056,0.079697,-0.00081529
0.19584,0.072435,-0.0029962
0.19125,0.065658,-0.0064416
0.18683,0.059323,-0.010999
0.19216,0.0647,-0.0051219
0.1976,0.070304,-0.0016509
0.20314,0.076142,-0.00014034
0.20878,0.082224,0.00021288
0.21451,0.088548,0.0015392
0.22036,0.095109,0.0038808
0.22632,0.10191,0.0070593
0.23238,0.10895,0.010949
0.23855,0.11623,0.015445
0.24483,0.12375,0.020375
0.26664,0.11015,0.016486
0.28934,0.097435,0.013353
0.31295,0.085565,0.010868
0.33748,0.074517,0.0089016
0.36297,0.06427,0.007298
0.38942,0.05481,0.0059573
0.41688,0.046125,0.0048213
0.44533,0.038206,0.0038784
0.47482,0.031046,0.0030528
0.50534,0.024639,0.0023787
0.50211,0.020771,-7.0234e-05
0.49896,0.017282,-0.0035304
0.49583,0.014153,-0.011141
0.49279,0.011369,-0.021844
0.48977,0.0089162,-0.034927
0.48678,0.0067834,-0.049788
0.48387,0.0049596,-0.06615
0.48098,0.0034347,-0.083983
0.47812,0.0021998,-0.1029
0.47529,0.0012466,-0.12261
0.48625,0.0021228,-0.16699
0.49737,0.0032301,-0.2154
0.50863,0.0045679,-0.26706
0.52005,0.0061353,-0.32133
0.53163,0.0079306,-0.37799
0.54333,0.0099513,-0.43679
0.55519,0.012195,-0.49744
0.56718,0.014659,-0.55899
0.57933,0.01734,-0.62168
0.59158,0.020231,-0.68587
0.55396,0.017719,-0.47402
0.51932,0.015449,-0.33026
0.48723,0.013395,-0.22867
0.45734,0.011536,-0.15532
0.42943,0.0098572,-0.10171
0.40331,0.0083451,-0.062911
0.37879,0.0069871,-0.035371
0.35573,0.0057728,-0.016767
0.33405,0.0046963,-0.0055122
0.31358,0.0037457,-0.00048463
0.3024,0.0041311,-0.00079371
0.29157,0.0045259,-0.0010161
0.28109,0.0049305,-0.0011248
0.27094,0.0053428,-0.0011115
0.26109,0.0057614,-0.001022
0.25155,0.0061876,-0.00087176
0.24235,0.0066234,-0.00068475
0.23342,0.0070629,-0.00051111
0.22477,0.0075085,-0.00034737
0.21638,0.0079573,-0.0002048
0.2265,0.0093867,-0.00099931
0.23695,0.010945,-0.0022318
0.2477,0.012629,-0.0037972
0.25879,0.014447,-0.005607
0.27018,0.016393,-0.0076033
0.28189,0.018471,-0.0096889
0.29392,0.02068,-0.011843
0.30623,0.023015,-0.014107
0.31885,0.025481,-0.016398
0.33181,0.028081,-0.018692
0.31365,0.032757,-0.035764
0.29605,0.037681,-0.056475
0.2792,0.04289,-0.079762
0.26297,0.04836,-0.10538
0.24733,0.054082,-0.13264
0.23231,0.060074,-0.16113
0.21784,0.06632,-0.1907
0.20391,0.072817,-0.22115
0.1905,0.079563,-0.25245
0.17758,0.08655,-0.28465
0.18163,0.10275,-0.20742
0.18564,0.12008,-0.14878
0.18971,0.13864,-0.10391
0.19381,0.15843,-0.069906
0.19797,0.17953,-0.04435
0.20217,0.20194,-0.025617
0.20645,0.22572,-0.012631
0.21081,0.2509,-0.0045527
0.21524,0.2775,-0.00061189
0.21975,0.30551,0.00025267
0.22164,0.26763,1.2548e-05
0.22349,0.23337,-2.2988e-05
0.22529,0.20239,-0.00011158
0.22707,0.17443,-0.00020638
0.22885,0.14927,-0.00028147
0.23056,0.12663,-0.00033126
0.23223,0.10633,-0.00036443
0.23393,0.088258,-0.00036361
0.23558,0.072195,-0.00035594
0.2372,0.058023,-0.00034661
0.23583,0.056093,6.9296e-09
0.23449,0.054225,0.00030373
0.23318,0.05242,0.001141
0.23188,0.050668,0.0023994
0.23061,0.048972,0.0040282
0.22934,0.04732,0.0060135
0.22811,0.045726,0.0082998
0.2269,0.044177,0.010782
0.22569,0.042671,0.013486
0.22453,0.041217,0.016312
0.21389,0.044244,0.016059
0.20366,0.047323,0.016002
0.19378,0.050433,0.016091
0.18431,0.053604,0.016219
0.17514,0.056798,0.016459
0.16636,0.060046,0.016874
0.15788,0.063325,0.017371
0.1497,0.066629,0.017899
0.14183,0.069976,0.018485
0.13424,0.073347,0.019024
0.14374,0.07822,0.013928
0.15365,0.083273,0.0097852
0.16399,0.088513,0.006529
0.1748,0.093969,0.004045
0.18604,0.099599,0.0022339
0.19779,0.10546,0.00098257
0.20996,0.11148,0.00026211
0.22264,0.11772,3.0906e-06
0.23575,0.12414,-0.00014705
0.24936,0.13075,-0.00065822
0.22669,0.13413,0.00017448
0.20542,0.13746,0.0023206
0.18558,0.14079,0.0063549
0.16704,0.14412,0.01175
0.14971,0.14742,0.018218
0.13358,0.15073,0.025537
0.11862,0.15407,0.033617
0.10468,0.15739,0.042193
0.091783,0.16072,0.051201
0.079845,0.16405,0.060597
0.09154,0.16294,0.02329
0.10397,0.16186,0.0044282
0.11715,0.16076,-0.00018276
0.13121,0.15969,-0.0078859
0.14622,0.15863,-0.025618
0.16216,0.15755,-0.051919
0.1791,0.15646,-0.085576
0.19713,0.15538,-0.12538
0.21626,0.15429,-0.17067
0.23651,0.15319,-0.22111
0.2399,0.1457,-0.23589
0.2433,0.13851,-0.25261
0.24668,0.1316,-0.27111
0.25005,0.12495,-0.29137
0.25341,0.11856,-0.31284
0.25676,0.11241,-0.33504
0.26009,0.10649,-0.35807
0.26346,0.10081,-0.38226
0.26679,0.095342,-0.40693
0.27014,0.090089,-0.43242
0.25126,0.082615,-0.3356
0.23377,0.075727,-0.26317
0.21752,0.069362,-0.20754
0.20237,0.063467,-0.1636
0.18825,0.058004,-0.12857
0.17508,0.052939,-0.10056
0.16275,0.048234,-0.077852
0.15125,0.043871,-0.059275
0.14049,0.039821,-0.044195
0.13041,0.036062,-0.032103
0.13285,0.032442,-0.026192
0.1353,0.029054,-0.021078
0.13776,0.025887,-0.016628
0.1402,0.022933,-0.012742
0.14268,0.020184,-0.0094463
0.14514,0.017633,-0.0067025
0.14762,0.015274,-0.004487
0.15011,0.0131,-0.0027735
0.15259,0.011108,-0.0014708
0.15509,0.0092919,-0.00059656
0.1622,0.012528,-0.0011952
0.16958,0.016282,-0.001895
0.17719,0.020569,-0.0026346
0.18505,0.025402,-0.0033505
0.19315,0.030793,-0.0040437
0.20153,0.036751,-0.0047107
0.21017,0.043288,-0.0053282
0.21909,0.050412,-0.0058261
0.22826,0.058134,-0.0062566
0.2377,0.06646,-0.0066364
0.23733,0.077139,-0.015976
0.23696,0.08862,-0.028171
0.23658,0.10091,-0.042577
0.2362,0.11402,-0.058828
0.23581,0.12795,-0.076469
0.23543,0.14271,-0.09541
0.23504,0.15829,-0.11525
0.23465,0.1747,-0.13599
0.23426,0.19193,-0.15728
0.23386,0.20997,-0.17896
0.23634,0.21455,-0.16475
0.23881,0.21915,-0.1537
0.24129,0.22378,-0.14515
0.24376,0.22844,-0.13831
0.24627,0.23311,-0.13278
0.24877,0.23781,-0.12846
0.25127,0.24253,-0.12494
0.25378,0.24729,-0.12227
0.25632,0.25204,-0.12011
0.25884,0.25685,-0.11813
0.24257,0.27448,-0.088663
0.22701,0.29242,-0.065645
0.21208,0.31069,-0.047716
0.1978,0.32928,-0.033632
0.18412,0.34817,-0.022668
0.17101,0.36742,-0.014397
0.15845,0.38697,-0.0082775
0.14643,0.40687,-0.0040484
0.13494,0.42708,-0.0014029
0.12396,0.44762,-0.00014447
0.12605,0.42117,-0.0010886
0.12813,0.39623,-0.0025217
0.13017,0.37268,-0.0041799
0.13218,0.35045,-0.0059009
0.13417,0.32943,-0.0076396
0.13613,0.30954,-0.0093673
0.13806,0.29071,-0.011067
0.13996,0.2729,-0.012673
0.14184,0.25602,-0.014256
0.14369,0.24003,-0.015817
0.14345,0.23115,-0.0062613
0.14322,0.22261,-0.0013563
0.14298,0.21442,3.4225e-06
0.14274,0.20655,0.0014178
0.1425,0.19895,0.0050647
0.14228,0.19159,0.010581
0.14206,0.1845,0.017604
0.14182,0.17766,0.025876
0.1416,0.17102,0.035303
0.14137,0.16462,0.045777
0.12737,0.16338,0.041411
0.11432,0.16219,0.037941
0.10219,0.16102,0.035204
0.090917,0.15989,0.033014
0.080466,0.15879,0.0312
0.070802,0.15772,0.029632
0.061891,0.15667,0.028262
0.053695,0.15565,0.027164
0.046183,0.15465,0.026225
0.039326,0.15368,0.025277
0.046347,0.14659,0.030012
0.05392,0.1397,0.034999
0.062046,0.133,0.040109
0.070733,0.1265,0.045199
0.079984,0.12018,0.050361
0.08981,0.11404,0.055492
0.10021,0.10807,0.060699
0.1112,0.10227,0.066063
0.12281,0.09663,0.07146
0.13503,0.091154,0.076762
0.14627,0.098827,0.060705
0.15804,0.10685,0.047542
0.1704,0.11522,0.036695
0.18335,0.12396,0.02771
0.1969,0.13306,0.020387
0.21108,0.14252,0.014577
0.22589,0.15236,0.0099648
0.24133,0.16257,0.0063353
0.25743,0.17315,0.0036306
0.27417,0.1841,0.0017606
0.26938,0.17498,0.00019441
0.26471,0.16624,-0.00015236
0.26017,0.15785,-0.0013936
0.25577,0.1498,-0.0037766
0.25148,0.14208,-0.0071651
0.24729,0.13467,-0.011491
0.24322,0.12754,-0.016647
0.23925,0.1207,-0.022436
0.23538,0.11413,-0.028886
0.23159,0.10782,-0.036021
0.23363,0.09565,-0.030867
0.23565,0.084436,-0.026762
0.23761,0.07412,-0.023455
0.2396,0.064648,-0.020838
0.24154,0.055974,-0.018638
0.24346,0.048054,-0.016739
0.24537,0.040851,-0.01511
0.24727,0.034329,-0.01361
0.24914,0.028455,-0.012308
0.25099,0.0232,-0.011189
0.24225,0.022646,-0.0080106
0.23378,0.022093,-0.0055248
0.22559,0.021542,-0.0036226
0.21765,0.020992,-0.0022224
0.21001,0.020449,-0.0012142
0.20262,0.019909,-0.00052607
0.19546,0.019374,-0.00013308
0.18854,0.018844,-7.7902e-07
0.18182,0.018317,8.7537e-05
0.17534,0.017797,0.00036375
0.18318,0.027205,4.8594e-05
0.19133,0.038769,-1.6151e-05
0.19983,0.052588,-0.00020388
0.20869,0.068761,-0.00058145
0.21791,0.087378,-0.0011025
0.22758,0.10856,-0.0017206
0.23763,0.13238,-0.0024098
0.24811,0.15892,-0.003135
0.25901,0.18826,-0.0038939
0.27034,0.22046,-0.004716
0.28893,0.21936,-0.0018123
0.30822,0.21832,-0.00038561
0.3281,0.21726,1.0488e-06
0.34863,0.21623,0.00040168
0.36979,0.21521,0.001408
0.39157,0.21421,0.0028625
0.41398,0.21322,0.0046785
0.43703,0.21225,0.0067587
0.46073,0.21131,0.0090477
0.48503,0.21037,0.011592
0.49524,0.21635,0.041044
0.50554,0.22237,0.082938
0.51596,0.22844,0.13383
0.52658,0.23462,0.19133
0.53721,0.24079,0.25391
0.54797,0.24702,0.32043
0.55882,0.25328,0.39029
0.56975,0.25957,0.46321
0.58076,0.26588,0.53841
0.5919,0.27225,0.61506
0.58321,0.25571,0.61587
0.57485,0.24018,0.62541
0.56673,0.22552,0.64019
0.55883,0.21168,0.65784
0.55122,0.19865,0.67717
0.54381,0.18632,0.69834
0.53655,0.17464,0.71997
0.52953,0.16361,0.7413
0.52265,0.15314,0.76262
0.51601,0.14327,0.78414
0.53267,0.13704,0.78155
0.54946,0.13104,0.78166
0.56641,0.12527,0.78335
0.58352,0.11971,0.78575
0.60078,0.11437,0.78865
0.61811,0.10918,0.79181
0.63561,0.1042,0.79466
0.65328,0.099423,0.79726
0.67099,0.094786,0.79975
0.68886,0.090336,0.80164
0.67827,0.075197,0.71366
0.66813,0.06184,0.64442
0.65835,0.050095,0.58756
0.64894,0.039848,0.53911
0.63985,0.030976,0.49713
0.63104,0.023386,0.46069
0.6225,0.01699,0.42815
0.61423,0.011718,0.39907
0.60617,0.0074944,0.37263
0.59839,0.0042708,0.34836
0.62394,0.0052978,0.36558
0.65015,0.0064427,0.37862
0.67685,0.0076796,0.38845
0.70406,0.0090109,0.39611
0.73185,0.010444,0.40151
0.76006,0.011954,0.40536
0.78874,0.013543,0.408
0.81797,0.015227,0.40993
0.84761,0.016976,0.41114
0.87769,0.018794,0.41132
0.89216,0.02457,0.36386
0.90666,0.030979,0.32561
0.9212,0.037985,0.29349
0.93584,0.045578,0.26557
0.95047,0.053698,0.241
0.96518,0.062341,0.21885
0.9799,0.071461,0.19891
0.9947,0.081054,0.18089
1.0095,0.091056,0.1645
1.0244,0.10153,0.14969
1.0265,0.11306,0.18047
1.0286,0.12505,0.2075
1.0307,0.13747,0.23146
1.0329,0.15035,0.2531
1.035,0.16358,0.27294
1.0371,0.1772,0.29128
1.0393,0.19118,0.3086
1.0414,0.20551,0.32556
1.0435,0.22015,0.34186
1.0457,0.23511,0.35718
1.0531,0.20257,0.28257
1.0606,0.17341,0.22956
1.0681,0.14726,0.18933
1.0756,0.1239,0.15742
1.0832,0.10307,0.13135
1.0909,0.084617,0.10974
1.0985,0.068325,0.091457
1.1062,0.054077,0.075807
1.114,0.04176,0.062519
1.1217,0.031218,0.051156
1.0448,0.019507,0.056062
0.97298,0.010796,0.059007
0.90596,0.004815,0.060808
0.84326,0.0012919,0.06183
0.7846,1.2473e-05,0.062426
0.72964,-0.00078086,0.062754
0.67815,-0.0034237,0.062915
0.62975,-0.0078027,0.063216
0.58433,-0.013779,0.063465
0.54167,-0.021229,0.063852
0.55041,-0.022149,0.063893
0.55915,-0.023096,0.063725
0.56796,-0.024057,0.063446
0.57677,-0.025048,0.063263
0.58559,-0.026064,0.063026
0.59443,-0.027106,0.062592
0.60326,-0.028176,0.062132
0.61214,-0.029264,0.061764
0.62099,-0.030384,0.061365
0.62988,-0.031525,0.060811
0.61845,-0.023018,0.071467
0.60734,-0.01601,0.081749
0.59647,-0.010399,0.091641
0.58584,-0.0060844,0.10103
0.57549,-0.0029755,0.11015
0.56533,-0.00099979,0.11928
0.55539,-8.3948e-05,0.12825
0.54565,0.00016531,0.13683
0.53611,0.0011879,0.1453
0.52673,0.0030985,0.15383
0.52864,0.0011587,0.11511
0.53057,0.00016438,0.085598
0.53247,-6.5245e-05,0.062897
0.53433,-0.00082276,0.045385
0.5362,-0.0024015,0.031789
0.53806,-0.004771,0.021222
0.53989,-0.0079061,0.013228
0.54176,-0.011776,0.0074234
0.54358,-0.016368,0.003445
0.54542,-0.021654,0.0010648
0.53218,-0.026039,0.00162
0.51923,-0.030768,0.0020677
0.50659,-0.035825,0.0024181
0.49424,-0.041198,0.0027084
0.48216,-0.04688,0.0029222
0.47033,-0.052862,0.003063
0.45875,-0.059135,0.0031593
0.44742,-0.065688,0.0032397
0.43634,-0.072511,0.0033096
0.42549,-0.079602,0.0033366
0.4635,-0.090255,0.0054867
0.50375,-0.10164,0.0078906
0.54625,-0.11376,0.010432
0.591,-0.12661,0.012974
0.63804,-0.14017,0.015518
0.68737,-0.15443,0.018094
0.73898,-0.16938,0.020633
0.79287,-0.185,0.023061
0.84903,-0.20127,0.025428
0.90744,-0.21816,0.027807
0.87796,-0.23129,0.017534
0.8495,-0.24468,0.010876
0.82192,-0.25831,0.0064894
0.79527,-0.27218,0.0035474
0.76942,-0.28628,0.0016736
0.74439,-0.30062,0.0005641
0.72012,-0.31518,6.2993e-05
0.69658,-0.32995,-4.4145e-05
0.67375,-0.34494,-0.0004122
0.6516,-0.36014,-0.0010841
0.64285,-0.32969,-0.0066215
0.6344,-0.30162,-0.015273
0.62621,-0.27569,-0.026056
0.61826,-0.25172,-0.038463
0.61053,-0.22954,-0.052119
0.60303,-0.209,-0.06669
0.59575,-0.18997,-0.081996
0.58863,-0.17234,-0.098127
0.5817,-0.15599,-0.11481
0.57496,-0.14085,-0.13223
0.56541,-0.14227,-0.095494
0.55605,-0.14371,-0.069601
0.54685,-0.14516,-0.050745
0.53785,-0.14664,-0.036721
0.52895,-0.14812,-0.026051
0.52022,-0.1496,-0.017904
0.51161,-0.1511,-0.011758
0.50315,-0.1526,-0.0071622
0.49482,-0.15412,-0.0038734
0.48661,-0.15563,-0.0017072
0.46959,-0.15005,-0.0042161
0.45321,-0.14473,-0.0071962
0.43743,-0.13964,-0.010345
0.42224,-0.13478,-0.013505
0.4076,-0.13012,-0.016662
0.3935,-0.12567,-0.019858
0.3799,-0.1214,-0.02303
0.3668,-0.11731,-0.02613
0.35414,-0.11338,-0.029212
0.34195,-0.10961,-0.032414
0.34931,-0.12633,-0.032346
0.35675,-0.1442,-0.032182
0.36432,-0.16321,-0.032037
0.37206,-0.18341,-0.031755
0.37991,-0.20473,-0.031487
0.38781,-0.22708,-0.031337
0.39581,-0.25051,-0.031175
0.40392,-0.275,-0.030938
0.41216,-0.30054,-0.030609
0.42049,-0.3271,-0.030328
0.44243,-0.33734,-0.031607
0.46496,-0.34767,-0.032832
0.48803,-0.35805,-0.033954
0.51166,-0.36848,-0.03488
0.53582,-0.37896,-0.035717
0.5605,-0.38948,-0.036586
0.58568,-0.40002,-0.037374
0.61136,-0.4106,-0.038007
0.63752,-0.4212,-0.038558
0.66414,-0.43182,-0.038949
0.68769,-0.39935,-0.035906
0.71133,-0.36889,-0.033549
0.7351,-0.34033,-0.031576
0.759,-0.31356,-0.029829
0.783,-0.2884,-0.028406
0.80712,-0.26479,-0.027154
0.83136,-0.24261,-0.026035
0.85572,-0.2218,-0.025094
0.88021,-0.20227,-0.024236
0.90482,-0.18396,-0.023367
0.92192,-0.18316,-0.026314
0.93906,-0.18235,-0.028892
0.95624,-0.18153,-0.031095
0.97345,-0.18069,-0.033011
0.99071,-0.17986,-0.034793
1.008,-0.179,-0.036386
1.0253,-0.17814,-0.03783
1.0426,-0.17726,-0.039135
1.0599,-0.17638,-0.040319
1.0773,-0.1755,-0.041499
1.022,-0.15446,-0.025652
0.96989,-0.13554,-0.015466
0.92074,-0.11852,-0.0088065
0.8743,-0.10321,-0.0044785
0.83038,-0.089453,-0.0018183
0.78879,-0.077103,-0.00042608
0.7494,-0.066038,-7.0671e-08
0.71204,-0.056145,0.00036524
0.67658,-0.047327,0.0013924
0.64291,-0.039495,0.0029533
0.65358,-0.042773,0.0055415
0.66428,-0.046121,0.0087702
0.67501,-0.049532,0.012532
0.68576,-0.053003,0.016693
0.69655,-0.056525,0.021243
0.70737,-0.060091,0.026055
0.7182,-0.063699,0.031161
0.72906,-0.06734,0.036553
0.73994,-0.071012,0.042169
0.75083,-0.074708,0.048123
0.73165,-0.077895,0.086371
0.71291,-0.081095,0.12915
0.6946,-0.084296,0.17493
0.67678,-0.087468,0.22273
0.65933,-0.09065,0.27214
0.64226,-0.093835,0.32311
0.62557,-0.097006,0.37523
0.60923,-0.10019,0.42775
0.59326,-0.10335,0.48085
0.57762,-0.10652,0.53451
0.59653,-0.10526,0.45329
0.6155,-0.10405,0.39245
0.63459,-0.10286,0.34528
0.65379,-0.1017,0.30761
0.67312,-0.10056,0.27645
0.69261,-0.099426,0.2498
0.71223,-0.098304,0.22662
0.73198,-0.097195,0.20598
0.75184,-0.096113,0.18767
0.77186,-0.09502,0.17127
0.72962,-0.10194,0.17493
0.68938,-0.1089,0.17713
0.65102,-0.11589,0.17828
0.61448,-0.1229,0.17903
0.57961,-0.12995,0.17926
0.54638,-0.137,0.17929
0.51468,-0.14407,0.17916
0.48446,-0.15113,0.17867
0.45561,-0.15822,0.1782
0.42809,-0.16531,0.17773
0.4521,-0.1638,0.13295
0.47664,-0.16228,0.098321
0.50168,-0.16083,0.071374
0.52729,-0.15937,0.050236
0.55345,-0.15793,0.033819
0.58015,-0.15651,0.021382
0.60742,-0.15509,0.0122
0.63524,-0.15367,0.0057943
0.66362,-0.15226,0.0018631
0.69257,-0.15083,0.00013655
0.70299,-0.14071,0.0063327
0.71341,-0.13108,0.018478
0.72384,-0.12192,0.033906
0.73429,-0.11319,0.051394
0.74474,-0.10488,0.070134
0.75519,-0.097,0.089787
0.76565,-0.089502,0.1101
0.77612,-0.082384,0.1308
0.7866,-0.075628,0.15192
0.79707,-0.069238,0.17349
0.77021,-0.067957,0.1886
0.74424,-0.066709,0.20434
0.71916,-0.065458,0.2207
0.69483,-0.064272,0.23731
0.67132,-0.063083,0.25432
0.64854,-0.061928,0.27113
0.62645,-0.060813,0.28799
0.60508,-0.059703,0.30473
0.58437,-0.058604,0.32129
0.5643,-0.057525,0.33799
0.5676,-0.058536,0.28058
0.57093,-0.059527,0.23554
0.57422,-0.060533,0.19934
0.5775,-0.061542,0.16971
0.58078,-0.062545,0.14485
0.58405,-0.063545,0.12356
0.58732,-0.064532,0.10521
0.59056,-0.065541,0.089491
0.59379,-0.066551,0.075778
0.59706,-0.067506,0.063952
0.59028,-0.064967,0.087947
0.58363,-0.06248,0.11126
0.57709,-0.060052,0.13363
0.57063,-0.05771,0.15479
0.56427,-0.055434,0.17509
0.558,-0.053231,0.19462
0.55189,-0.051039,0.2133
0.54579,-0.048968,0.23186
0.53983,-0.046926,0.24994
0.53396,-0.044944,0.26754
0.52147,-0.036065,0.19303
0.50947,-0.028396,0.13906
0.49788,-0.021825,0.098989
0.48671,-0.01624,0.068735
0.47586,-0.011595,0.045985
0.46532,-0.0078158,0.029098
0.45509,-0.0048305,0.016811
0.44519,-0.002587,0.0082643
0.43551,-0.0010664,0.0029433
0.42606,-0.00021786,0.00037453
0.3881,-0.00070114,0.00086204
0.35294,-0.0014308,0.0013348
0.32037,-0.0023829,0.0017382
0.29023,-0.0035394,0.0020871
0.26237,-0.0048741,0.0023451
0.23663,-0.0063756,0.0025377
0.21288,-0.0080244,0.0026804
0.19097,-0.0098159,0.002807
0.17078,-0.011735,0.0029066
0.15223,-0.01376,0.0030114
0.15035,-0.012173,0.0013942
0.14849,-0.010704,0.00042156
0.14667,-0.0093447,2.1566e-05
0.14486,-0.0081009,-0.00010863
0.14307,-0.006959,-0.00061288
0.14132,-0.0059099,-0.0014713
0.13959,-0.0049606,-0.0026305
0.13788,-0.0041036,-0.0040757
0.13617,-0.0033387,-0.0057509
0.13451,-0.0026554,-0.0076242
0.13711,-0.0023906,-0.0065945
0.13973,-0.0021408,-0.0057858
0.14237,-0.0019048,-0.0051295
0.14504,-0.0016831,-0.0045608
0.14773,-0.0014738,-0.0040957
0.15045,-0.0012788,-0.0036798
0.15318,-0.0010988,-0.0033461
0.15595,-0.00093011,-0.0030396
0.15874,-0.00077608,-0.0027903
0.16154,-0.00063666,-0.0026068
0.16382,1.2558e-06,-0.0051994
0.16611,0.0007506,-0.008462
0.16842,0.0028773,-0.012296
0.17076,0.0063849,-0.016622
0.17311,0.011284,-0.021388
0.17554,0.017608,-0.026584
0.17798,0.025367,-0.032143
0.1805,0.034612,-0.038095
0.18305,0.045359,-0.044291
0.18567,0.057662,-0.050574
0.1905,0.065044,-0.035201
0.19541,0.072875,-0.023549
0.2004,0.081152,-0.014837
0.20548,0.089886,-0.008558
0.21063,0.099072,-0.0042174
0.21589,0.10873,-0.0015127
0.22122,0.11885,-0.00020127
0.22666,0.12945,9.1335e-05
0.2322,0.14052,0.001042
0.23782,0.15207,0.0028812
0.25027,0.13263,0.00022205
0.26287,0.11485,-0.00036252
0.27566,0.098613,-0.0024394
0.28864,0.083823,-0.0059518
0.30182,0.070407,-0.010528
0.31524,0.058301,-0.015848
0.32888,0.047443,-0.02178
0.34275,0.037786,-0.028299
0.35686,0.029293,-0.035245
0.37124,0.021932,-0.042417
0.38232,0.027661,-0.046872
0.39359,0.034057,-0.051586
0.40508,0.04112,-0.056401
0.41676,0.048848,-0.061353
0.42867,0.057242,-0.066415
0.44078,0.066297,-0.071394
0.45307,0.076007,-0.076384
0.46556,0.086373,-0.081284
0.47827,0.097389,-0.0861
0.49119,0.10905,-0.090928
0.50811,0.093095,-0.082645
0.52517,0.078641,-0.076339
0.54237,0.065605,-0.071256
0.55976,0.053919,-0.067001
0.57732,0.043517,-0.063389
0.59508,0.034347,-0.060386
0.61299,0.026354,-0.05773
0.6311,0.019495,-0.055191
0.64937,0.01373,-0.052898
0.66783,0.0090199,-0.050886
0.67239,0.010569,-0.035251
0.67684,0.012221,-0.023632
0.68127,0.013973,-0.015052
0.68564,0.015823,-0.0087893
0.68996,0.017767,-0.0044547
0.6943,0.019805,-0.0016791
0.69859,0.021933,-0.00026994
0.70282,0.024149,4.6019e-05
0.70701,0.026451,0.00084086
0.71116,0.028838,0.0025503
0.71531,0.029863,4.4526e-05
0.7194,0.0309,-0.00096229
0.72348,0.031949,-0.0040782
0.72757,0.033009,-0.0087537
0.73162,0.034081,-0.014511
0.7357,0.035164,-0.021106
0.73977,0.036258,-0.028361
0.74378,0.037364,-0.036057
0.74784,0.03848,-0.044189
0.75188,0.039606,-0.052838
0.72991,0.040961,-0.044784
0.70868,0.042302,-0.038695
0.68818,0.043629,-0.033994
0.66839,0.04494,-0.03028
0.64924,0.046238,-0.027207
0.63072,0.047521,-0.024555
0.61283,0.048788,-0.022244
0.59553,0.05004,-0.020287
0.57875,0.051279,-0.01855
0.56247,0.052507,-0.017
0.56318,0.058063,-0.0071426
0.56386,0.063839,-0.0018672
0.56449,0.069834,-3.0507e-05
0.56514,0.076039,0.00085769
0.5658,0.08245,0.0038318
0.56646,0.089064,0.0085174
0.56705,0.095883,0.014648
0.56768,0.10289,0.022081
0.56824,0.1101,0.030599
0.56884,0.1175,0.040179
0.59274,0.12088,0.040119
0.61714,0.12431,0.04095
0.64196,0.12779,0.042285
0.6673,0.13131,0.044125
0.69311,0.13488,0.046302
0.71937,0.13849,0.048674
0.74607,0.14214,0.051223
0.7732,0.14583,0.053715
0.80072,0.14957,0.056302
0.82867,0.15335,0.059045
0.80157,0.17704,0.034929
0.77533,0.20193,0.019421
0.74991,0.22797,0.0095563
0.72519,0.25513,0.0036222
0.7012,0.28335,0.00066835
0.67786,0.3126,-3.4547e-05
0.65511,0.34287,-0.0012761
0.63299,0.3741,-0.0041043
0.61141,0.40627,-0.0082942
0.59038,0.43936,-0.013617
0.59805,0.39373,-0.0092568
0.60557,0.35202,-0.0066425
0.61301,0.31385,-0.0049529
0.62034,0.27892,-0.003781
0.62764,0.24695,-0.0029263
0.6348,0.21773,-0.0023212
0.64191,0.19103,-0.0018554
0.64892,0.16666,-0.0015084
0.65588,0.14447,-0.0012302
0.66273,0.12431,-0.0009844
0.64405,0.12646,-0.014161
0.62586,0.12859,-0.037991
0.60816,0.1307,-0.068908
0.59093,0.13278,-0.10489
0.57415,0.13486,-0.14467
0.55781,0.13692,-0.18763
0.54186,0.13896,-0.23313
0.52629,0.141,-0.2804
0.51109,0.14302,-0.3294
0.49624,0.14503,-0.38019
0.52683,0.14848,-0.3349
0.55825,0.15195,-0.30054
0.5905,0.15544,-0.27348
0.62361,0.15896,-0.25129
0.65754,0.16249,-0.23268
0.69234,0.16604,-0.21687
0.72795,0.16962,-0.20291
0.76439,0.17322,-0.19051
0.8017,0.17684,-0.17934
0.83974,0.18048,-0.16869
0.81285,0.18257,-0.21834
0.78678,0.18462,-0.2648
0.76153,0.18662,-0.30874
0.73709,0.18859,-0.35094
0.71339,0.19052,-0.39166
0.69037,0.19239,-0.43096
0.6681,0.19424,-0.46938
0.64654,0.19606,-0.50741
0.62559,0.19783,-0.54486
0.60528,0.19957,-0.58132
0.62037,0.19809,-0.46897
0.63536,0.19668,-0.38517
0.65038,0.19538,-0.32005
0.66532,0.19412,-0.26719
0.68024,0.19291,-0.22354
0.69517,0.19178,-0.18708
0.71004,0.19066,-0.15599
0.72496,0.18962,-0.12923
0.73988,0.18863,-0.1061
0.75479,0.18767,-0.086345
0.76787,0.20149,-0.10095
0.78102,0.21567,-0.11291
0.79422,0.23019,-0.12266
0.80748,0.24503,-0.13062
0.82079,0.26019,-0.13729
0.83412,0.27562,-0.14315
0.84749,0.29133,-0.14833
0.86089,0.30729,-0.15285
0.8743,0.32348,-0.15694
0.88775,0.33991,-0.16084
0.91963,0.3291,-0.12845
0.95173,0.31871,-0.10385
0.98408,0.30872,-0.084547
1.0166,0.29909,-0.069001
1.0495,0.28985,-0.056203
1.0826,0.28094,-0.045321
1.1159,0.27236,-0.036152
1.1493,0.26407,-0.028369
1.1831,0.25615,-0.021746
1.217,0.24845,-0.016321
1.1633,0.27203,-0.023458
1.1118,0.29603,-0.0295
1.0624,0.32054,-0.034577
1.015,0.34531,-0.039204
0.96953,0.37043,-0.043401
0.92581,0.39587,-0.047386
0.8838,0.4216,-0.051156
0.84338,0.44757,-0.054608
0.80454,0.4739,-0.057877
0.76713,0.5004,-0.061031
0.22938,0.080257,-0.036947
0.22535,0.073853,-0.021961
0.22144,0.067875,-0.011581
0.21763,0.062279,-0.0048209
0.21392,0.057037,-0.0011276
0.21032,0.052139,2.6683e-07
0.20681,0.047567,0.0010959
0.20337,0.043263,0.0040845
0.2,0.039241,0.0087397
0.1967,0.035463,0.014815
0.18834,0.033302,0.0091488
0.18029,0.031247,0.005295
0.17257,0.029329,0.0027352
0.16515,0.027512,0.0011266
0.15802,0.025831,0.00026605
0.15115,0.024217,3.6966e-07
0.14454,0.022697,-0.0001954
0.13818,0.02125,-0.0007838
0.13207,0.019911,-0.0017271
0.12617,0.018624,-0.002946
0.1147,0.019541,-0.0040602
0.10401,0.020441,-0.0052209
0.094057,0.021332,-0.0064342
0.084804,0.022211,-0.0076707
0.076211,0.02308,-0.0089318
0.068237,0.023932,-0.010206
0.060849,0.024762,-0.011485
0.05402,0.025596,-0.012819
0.047712,0.026403,-0.014144
0.041902,0.027206,-0.015382
0.042687,0.03255,-0.021372
0.043498,0.03847,-0.028231
0.04434,0.045024,-0.035903
0.045211,0.052207,-0.044523
0.046113,0.060048,-0.053909
0.047047,0.068606,-0.064115
0.048011,0.07787,-0.074986
0.049007,0.087853,-0.086266
0.050035,0.098591,-0.098089
0.051096,0.11012,-0.11021
0.05472,0.1139,-0.10825
0.058482,0.11777,-0.10675
0.062383,0.12169,-0.10562
0.066426,0.1257,-0.10503
0.07061,0.12974,-0.10468
0.074936,0.13385,-0.10462
0.079407,0.13803,-0.10479
0.084021,0.14227,-0.10498
0.088778,0.14655,-0.10528
0.093677,0.15087,-0.10567
0.094335,0.16334,-0.088298
0.094994,0.17628,-0.07357
0.095663,0.18981,-0.060889
0.096326,0.20372,-0.049979
0.096991,0.21812,-0.040616
0.097655,0.23295,-0.032629
0.098323,0.24832,-0.02573
0.098989,0.26411,-0.019978
0.099656,0.28038,-0.01512
0.10032,0.29708,-0.011113
0.090144,0.27086,-0.010866
0.080797,0.24683,-0.010509
0.072226,0.22485,-0.010114
0.064375,0.2047,-0.0097064
0.057193,0.18625,-0.0092876
0.050633,0.16932,-0.0088493
0.044652,0.15381,-0.0084285
0.03921,0.13957,-0.0080751
0.03427,0.12651,-0.0077455
0.029796,0.11455,-0.0074855
0.026035,0.12018,-0.0015575
0.022537,0.12589,2.863e-05
0.019296,0.13174,0.0023127
0.016301,0.13767,0.0079062
0.013551,0.14372,0.016423
0.011046,0.15001,0.027448
0.0087839,0.15636,0.04091
0.0067694,0.16287,0.056663
0.0050056,0.16953,0.074403
0.0034972,0.17631,0.093806
0.0041025,0.19449,0.068555
0.0047613,0.21363,0.04882
0.0054763,0.2338,0.033495
0.0062499,0.25501,0.02183
0.0070851,0.27733,0.013211
0.0079833,0.30074,0.0070344
0.0089473,0.32528,0.0029944
0.0099792,0.35098,0.00075103
0.01108,0.37781,2.449e-06
0.012252,0.40577,-0.00052039
0.010798,0.39145,0.0013297
0.0094578,0.37782,0.0079617
0.0082231,0.36474,0.018661
0.0070893,0.3522,0.032255
0.0060519,0.34014,0.048068
0.0051071,0.32854,0.065451
0.0042514,0.31735,0.084229
0.0034818,0.30658,0.10417
0.0027953,0.29616,0.12514
0.0021895,0.2861,0.1468
0.0027875,0.26538,0.15945
0.003439,0.246,0.17262
0.0041393,0.22782,0.18613
0.0048849,0.21077,0.20002
0.0056727,0.19477,0.21417
0.0064994,0.17974,0.22807
0.0073627,0.16562,0.24211
0.0082598,0.15234,0.25652
0.0091904,0.13987,0.27114
0.010152,0.12814,0.28549
0.0076231,0.13214,0.24649
0.0054873,0.13611,0.21408
0.0037242,0.14006,0.18656
0.0023162,0.144,0.16268
0.0012501,0.14793,0.14201
0.00051541,0.15187,0.124
0.00010273,0.15581,0.1082
-5.5746e-06,0.15975,0.094442
-0.00021902,0.16371,0.082233
-0.00073918,0.16768,0.071323
-0.00035684,0.17229,0.059102
-0.00011274,0.17693,0.048511
-5.6498e-06,0.1816,0.039255
3.423e-05,0.1863,0.031141
0.00019762,0.19103,0.024149
0.00049546,0.19579,0.018256
0.00092778,0.20058,0.01332
0.001494,0.20541,0.0092647
0.0021946,0.21028,0.0060134
0.0030288,0.21518,0.0034701
0.0025577,0.20479,0.0052015
0.0021311,0.1949,0.0069271
0.0017479,0.18549,0.0086426
0.0014071,0.17653,0.010389
0.0011062,0.16799,0.012068
0.00084529,0.15985,0.013701
0.00062194,0.1521,0.015265
0.00043461,0.1447,0.016781
0.00028285,0.13764,0.018218
0.00016444,0.13091,0.019583
0.00040671,0.13383,0.01391
0.00075609,0.13677,0.0094368
0.0012126,0.13972,0.0059662
0.0017764,0.14269,0.0033384
0.0024487,0.14568,0.0015207
0.0032278,0.14869,0.00044483
0.0041189,0.15172,1.5379e-05
0.005119,0.15477,-0.00017088
0.0062312,0.15785,-0.00087581
0.0074537,0.16095,-0.0020727
0.0059615,0.15253,-0.0017661
0.0046669,0.14453,-0.001532
0.0035487,0.13695,-0.0013345
0.0026006,0.12974,-0.0011466
0.0018138,0.1229,-0.00098473
0.0011796,0.11639,-0.00086196
0.0006892,0.11021,-0.00075329
0.00033503,0.10433,-0.00065926
0.00011039,0.098735,-0.00057616
8.1748e-06,0.09341,-0.0004904
-9.9273e-05,0.097406,-0.0012989
-0.00052329,0.1015,-0.0024871
-0.0012885,0.10571,-0.0040284
-0.0024055,0.11003,-0.0058559
-0.0038829,0.11446,-0.0079765
-0.0057332,0.119,-0.010393
-0.0079646,0.12366,-0.013089
-0.010593,0.12845,-0.01596
-0.013626,0.13335,-0.01905
-0.017077,0.13838,-0.022411
-0.015312,0.13306,-0.018107
-0.013682,0.12798,-0.014526
-0.012179,0.12311,-0.01162
-0.01079,0.11845,-0.0092963
-0.009519,0.11398,-0.0073798
-0.008352,0.1097,-0.0057746
-0.0072814,0.10559,-0.0044856
-0.0063045,0.10164,-0.0034439
-0.005417,0.097856,-0.0025865
-0.0046126,0.094217,-0.0019002
-0.004941,0.088373,-0.0023398
-0.0052764,0.082816,-0.0027708
-0.0056165,0.077536,-0.0032156
-0.005963,0.072517,-0.0036805
-0.0063134,0.06775,-0.0041593
-0.0066669,0.063226,-0.0046213
-0.0070255,0.058929,-0.0050858
-0.0073882,0.05485,-0.005577
-0.0077534,0.050983,-0.0060773
-0.0081229,0.047313,-0.0065414
-0.0081137,0.043551,-0.0042004
-0.0081067,0.040033,-0.0024707
-0.0081021,0.036743,-0.00124
-0.0080954,0.033673,-0.00044683
-0.0080909,0.030802,-5.7074e-05
-0.0080844,0.028126,2.7291e-05
-0.0080821,0.025619,0.0003134
-0.008079,0.023282,0.00087406
-0.0080756,0.021103,0.0016844
-0.0080725,0.019071,0.0027465
-0.0078341,0.015761,0.0028517
-0.0076064,0.012862,0.0029415
-0.0073875,0.010344,0.0030303
-0.007178,0.0081702,0.0031458
-0.0069742,0.006318,0.0032559
-0.0067794,0.0047498,0.0034144
-0.0065907,0.0034455,0.0035779
-0.0064088,0.0023792,0.0037254
-0.0062322,0.0015322,0.0038746
-0.0060607,0.00088554,0.0040475
-0.0058693,0.00097341,0.002975
-0.0056832,0.0010649,0.0020651
-0.0055023,0.0011593,0.0013363
-0.0053271,0.0012556,0.00078946
-0.0051558,0.0013557,0.00039356
-0.0049886,0.001459,0.00014173
-0.004826,0.0015636,1.5859e-05
-0.0046649,0.001676,-1.3676e-05
-0.0045081,0.0017894,-0.00013133
-0.0043547,0.001905,-0.00036492
-0.0043884,0.0012966,-0.00011995
-0.0044238,0.00081375,-1.2138e-05
-0.0044591,0.00045033,1.4045e-05
-0.0044963,0.0001953,0.00011181
-0.004532,4.7278e-05,0.00028854
-0.004569,-5.3493e-08,0.00055754
-0.0046064,-5.4167e-05,0.00091251
-0.0046438,-0.00021129,0.0013437
-0.0046811,-0.00047486,0.0018578
-0.0047188,-0.00085219,0.0024871
-0.0051889,-0.00063068,0.0019359
-0.005683,-0.00044331,0.0014451
-0.0062024,-0.00028891,0.0010308
-0.0067486,-0.00016686,0.0006951
-0.0073234,-7.6506e-05,0.00042021
-0.0079287,-2.0367e-05,0.00021002
-0.0085667,-6.5818e-08,7.3553e-05
-0.0092394,1.6417e-05,8.3881e-06
-0.009949,7.1232e-05,-7.8444e-06
-0.010697,0.00016738,-6.7953e-05
-0.011258,9.6657e-05,-0.00034927
-0.011839,4.4739e-05,-0.00085481
-0.012441,1.215e-05,-0.0015838
-0.013067,7.0791e-08,-0.0025132
-0.013718,-9.3538e-06,-0.0036665
-0.014395,-4.147e-05,-0.0050644
-0.015098,-9.7843e-05,-0.0066886
-0.01583,-0.00018028,-0.0085091
-0.016591,-0.00029101,-0.010557
-0.017383,-0.00042807,-0.012733
-0.019529,-0.00067882,-0.011485
-0.021842,-0.00099547,-0.010366
-0.024334,-0.001378,-0.0092916
-0.027011,-0.0018327,-0.0083433
-0.029882,-0.0023664,-0.0074386
-0.032961,-0.002972,-0.006556
-0.036251,-0.0036642,-0.0057257
-0.039763,-0.0044452,-0.0049943
-0.043504,-0.0053228,-0.0043117
-0.047488,-0.0062856,-0.0036708
-0.043708,-0.007387,-0.0023263
-0.040145,-0.0085597,-0.0013588
-0.036786,-0.0098068,-0.00068269
-0.033618,-0.011127,-0.00024501
-0.030633,-0.012504,-3.1416e-05
-0.027819,-0.013953,1.7815e-05
-0.025168,-0.015467,0.00018688
-0.02267,-0.017045,0.00051201
-0.020319,-0.018697,0.00097572
-0.018109,-0.020422,0.001571
-0.014849,-0.017156,0.0050167
-0.012033,-0.014299,0.010041
-0.0096021,-0.011812,0.016423
-0.0075089,-0.0096238,0.023951
-0.0057129,-0.0077073,0.032568
-0.0041832,-0.0060284,0.042349
-0.0028972,-0.0045657,0.053191
-0.0018429,-0.0033011,0.065244
-0.0010171,-0.0022285,0.078475
-0.00042556,-0.001354,0.092902
-0.00040369,-0.00092757,0.073294
-0.00038245,-0.00060173,0.057333
-0.00036197,-0.00035894,0.044462
-0.00034197,-0.00018879,0.033927
-0.00032256,-7.8544e-05,0.025483
-0.0003037,-1.8462e-05,0.018705
-0.00028507,-9.4571e-09,0.0134
-0.00026722,1.502e-05,0.0093161
-0.00024937,5.5736e-05,0.0062196
-0.00023228,0.0001182,0.0039485
-0.00019215,9.3678e-05,0.0036584
-0.00015703,7.1631e-05,0.0033646
-0.00012676,5.3095e-05,0.0030998
-0.00010084,3.775e-05,0.0028909
-7.8535e-05,2.4536e-05,0.0026955
-5.976e-05,1.4435e-05,0.0025025
-4.4275e-05,7.4417e-06,0.0023063
-3.156e-05,2.6657e-06,0.0021206
-2.1411e-05,3.0939e-07,0.0019495
-1.3518e-05,-2.6957e-07,0.001814
-1.3669e-05,-7.7065e-06,0.0021468
-1.3726e-05,-2.6143e-05,0.0025068
-1.3591e-05,-5.7799e-05,0.002917
-1.3257e-05,-0.00010511,0.0034065
-1.2732e-05,-0.00017056,0.0039606
-1.2136e-05,-0.00025375,0.0045516
-1.1271e-05,-0.00036246,0.0052265
-1.0307e-05,-0.00049545,0.0060055
-9.1708e-06,-0.00065938,0.0068771
-7.9269e-06,-0.00085642,0.007798
-5.077e-05,-0.00056356,0.010665
-0.00013719,-0.00032098,0.014102
-0.00027652,-0.00013977,0.018199
-0.00048079,-2.906e-05,0.022991
-0.00076427,2.1254e-06,0.028559
-0.0011423,7.5375e-05,0.035116
-0.0016327,0.00026574,0.042624
-0.0022551,0.00059579,0.051232
-0.0030287,0.0010813,0.060861
-0.0039763,0.0017526,0.071487
-0.0047034,0.0023553,0.067956
-0.005492,0.003047,0.064714
-0.0063444,0.0038325,0.061682
-0.0072622,0.0047118,0.058637
-0.0082464,0.0056821,0.055734
-0.0092997,0.0067496,0.053074
-0.010425,0.0079174,0.050509
-0.011624,0.009187,0.047929
-0.012899,0.010559,0.04546
-0.014254,0.012047,0.043176
-0.014894,0.012471,0.051606
-0.015553,0.012898,0.060658
-0.016234,0.01334,0.070338
-0.016936,0.013799,0.080711
-0.017659,0.014276,0.091677
-0.018404,0.014765,0.10292
-0.01917,0.015268,0.11462
-0.019958,0.015785,0.12669
-0.020768,0.016319,0.1391
-0.021599,0.01686,0.15199
-0.021512,0.015577,0.10048
-0.021462,0.014409,0.063336
-0.021444,0.013352,0.036879
-0.02145,0.012385,0.018819
-0.021476,0.011494,0.0073946
-0.021517,0.010675,0.0014079
-0.021567,0.0098963,-7.6891e-05
-0.021621,0.0091599,-0.0028439
-0.021675,0.008452,-0.0093898
-0.021725,0.0077668,-0.019653
-0.020017,0.006164,-0.02272
-0.018402,0.0047781,-0.025945
-0.016874,0.0035894,-0.029311
-0.015429,0.002585,-0.032985
-0.014062,0.0017541,-0.036828
-0.012768,0.0010916,-0.040953
-0.011544,0.00058839,-0.045215
-0.010387,0.00024194,-0.04965
-0.009292,4.7538e-05,-0.054245
-0.0082595,-3.1287e-06,-0.058861
-0.0085803,-5.2281e-05,-0.058964
-0.0089068,-0.00016127,-0.059206
-0.0092381,-0.00032985,-0.059529
-0.0095751,-0.0005593,-0.059723
-0.0099179,-0.00085036,-0.059973
-0.010267,-0.001204,-0.060383
-0.010621,-0.001621,-0.060823
-0.010979,-0.0021016,-0.061155
-0.011345,-0.0026492,-0.061534
-0.011713,-0.0032609,-0.062036
-0.013242,-0.0047822,-0.071096
-0.014935,-0.0066566,-0.080654
-0.016801,-0.0089091,-0.090827
-0.018853,-0.011568,-0.10174
-0.021103,-0.014659,-0.11325
-0.023557,-0.018205,-0.12553
-0.026233,-0.022235,-0.13829
-0.029137,-0.026769,-0.15141
-0.03228,-0.031829,-0.16492
-0.035667,-0.037431,-0.17897
-0.038063,-0.03942,-0.19119
-0.040563,-0.041473,-0.20351
-0.043168,-0.043592,-0.2162
-0.045861,-0.045765,-0.22946
-0.048668,-0.048007,-0.24304
-0.051574,-0.050309,-0.25673
-0.054585,-0.052675,-0.27068
-0.057698,-0.055101,-0.28521
-0.060918,-0.057591,-0.30002
-0.064244,-0.060142,-0.31469
-0.059381,-0.067411,-0.33642
-0.054681,-0.075107,-0.35848
-0.050152,-0.083233,-0.38055
-0.045784,-0.091788,-0.40232
-0.04159,-0.10077,-0.42406
-0.037575,-0.11019,-0.4461
-0.033744,-0.12005,-0.46803
-0.030086,-0.13033,-0.49029
-0.026621,-0.14105,-0.51241
-0.02335,-0.15221,-0.53413
-0.021273,-0.14538,-0.47751
-0.019344,-0.13899,-0.43117
-0.017537,-0.133,-0.39266
-0.015861,-0.12735,-0.35963
-0.014301,-0.12202,-0.33113
-0.012851,-0.11697,-0.30608
-0.011503,-0.11219,-0.28395
-0.010254,-0.10765,-0.26423
-0.0090942,-0.10333,-0.24649
-0.0080195,-0.099227,-0.23044
-0.0066409,-0.10661,-0.18936
-0.005414,-0.11416,-0.15471
-0.004325,-0.1219,-0.12515
-0.0033668,-0.12983,-0.099767
-0.0025342,-0.13796,-0.078188
-0.0018222,-0.1463,-0.059972
-0.0012266,-0.15487,-0.044653
-0.00075059,-0.16366,-0.032048
-0.00039007,-0.17269,-0.021795
-0.0001438,-0.18197,-0.013899
0.000108,-0.17885,-0.015972
0.0010628,-0.17581,-0.017713
0.002988,-0.17284,-0.019168
0.0058665,-0.16992,-0.0203
0.0096956,-0.16706,-0.021219
0.014464,-0.16424,-0.021938
0.020172,-0.16146,-0.022444
0.026826,-0.15872,-0.022614
0.034428,-0.15601,-0.022646
0.042985,-0.15332,-0.022559
0.044843,-0.13548,-0.042471
0.046696,-0.11911,-0.066353
0.048569,-0.10408,-0.093409
0.05046,-0.090288,-0.123
0.052375,-0.077635,-0.15465
0.054307,-0.066049,-0.18781
0.056272,-0.055478,-0.22241
0.058268,-0.045877,-0.25843
0.060296,-0.037216,-0.29555
0.062361,-0.029471,-0.33336
0.057729,-0.027328,-0.302
0.05342,-0.025346,-0.27624
0.049395,-0.023507,-0.25457
0.045634,-0.021799,-0.23581
0.042116,-0.020211,-0.21961
0.038829,-0.018731,-0.20526
0.035755,-0.017353,-0.19259
0.032882,-0.016068,-0.18143
0.030188,-0.01487,-0.17151
0.027675,-0.013751,-0.16283
0.025022,-0.011256,-0.16438
0.022539,-0.0090502,-0.16585
0.020224,-0.0071155,-0.16734
0.018062,-0.0054401,-0.16903
0.016047,-0.0040098,-0.17077
0.014174,-0.002813,-0.17225
0.012443,-0.0018378,-0.17346
0.010832,-0.0010798,-0.17496
0.0093452,-0.00052735,-0.17647
0.0079807,-0.00017324,-0.17815
0.0070729,-0.00032885,-0.16399
0.0062426,-0.00052766,-0.15107
0.0054866,-0.00076545,-0.13938
0.0047992,-0.0010388,-0.12883
0.0041744,-0.0013451,-0.11925
0.0036076,-0.0016817,-0.11039
0.0030964,-0.0020454,-0.10219
0.0026349,-0.0024351,-0.094805
0.0022199,-0.0028491,-0.088002
0.0018481,-0.0032862,-0.081902
0.0019687,-0.0023103,-0.086491
0.0020922,-0.0015061,-0.091102
0.0022207,-0.00087099,-0.095723
0.0023527,-0.00040784,-0.10017
0.0024922,-0.00011639,-0.10473
0.002635,-1.8241e-06,-0.10919
0.0027838,6.6644e-05,-0.11363
0.0029378,0.00031475,-0.11786
0.0030987,0.00075159,-0.12202
0.0032651,0.0013807,-0.12593
0.0035401,0.00173,-0.13708
0.0038291,0.0021225,-0.14859
0.004135,0.0025643,-0.16018
0.0044554,0.0030508,-0.17224
0.004792,0.0035867,-0.18446
0.0051457,0.0041747,-0.1971
0.005515,0.0048102,-0.20987
0.0059008,0.0054956,-0.22251
0.0063052,0.0062385,-0.23513
0.0067255,0.0070296,-0.24807
0.0059888,0.0068533,-0.23989
0.0053017,0.0066869,-0.23252
0.0046627,0.0065299,-0.22574
0.0040697,0.0063804,-0.21922
0.0035207,0.0062332,-0.21304
0.003016,0.006095,-0.20729
0.002555,0.0059696,-0.20204
0.002135,0.0058486,-0.19677
0.0017551,0.0057323,-0.19171
0.0014145,0.005617,-0.18672
0.0019768,0.0064539,-0.19533
0.0026426,0.0073583,-0.20427
0.0034156,0.008331,-0.21324
0.0042995,0.009371,-0.22197
0.0052976,0.010476,-0.23072
0.0064139,0.011668,-0.23971
0.0076518,0.012921,-0.24868
0.0090149,0.014251,-0.25757
0.010506,0.015661,-0.26641
0.01213,0.017151,-0.2748
0.015853,0.014036,-0.25496
0.020007,0.011295,-0.23679
0.024586,0.0088734,-0.22056
0.029587,0.0067711,-0.20584
0.035012,0.0049692,-0.19235
0.04087,0.0034476,-0.18007
0.047167,0.002213,-0.16864
0.053921,0.0012498,-0.15813
0.061147,0.00056007,-0.14826
0.068862,0.00014264,-0.13877
0.072385,0.00012217,-0.15997
0.076058,0.00010225,-0.18195
0.079881,8.3601e-05,-0.20441
0.083856,6.5953e-05,-0.22694
0.08798,5.0105e-05,-0.24962
0.092254,3.6085e-05,-0.27256
0.09668,2.4012e-05,-0.29543
0.10125,1.4396e-05,-0.31782
0.10597,7.0739e-06,-0.33998
0.11084,2.2452e-06,-0.36217
0.1132,0.00031197,-0.34345
0.11556,0.0011349,-0.32638
0.11794,0.00245,-0.31087
0.12034,0.0042443,-0.29709
0.12274,0.0065105,-0.28444
0.12517,0.00923,-0.27271
0.12762,0.012395,-0.26167
0.13007,0.016019,-0.25157
0.13256,0.020072,-0.24187
0.13505,0.024578,-0.23264
0.13742,0.029402,-0.19853
0.13981,0.034596,-0.16924
0.1422,0.040168,-0.14406
0.1446,0.046124,-0.12208
0.14702,0.052453,-0.10296
0.14945,0.059164,-0.086227
0.1519,0.066253,-0.07164
0.15437,0.073703,-0.059042
0.15686,0.081552,-0.048044
0.15937,0.089779,-0.038567
0.16357,0.085972,-0.029844
0.16781,0.082294,-0.022423
0.17207,0.078798,-0.016185
0.17637,0.075404,-0.011144
0.18072,0.072127,-0.0071318
0.1851,0.068965,-0.0041153
0.18952,0.065927,-0.0019685
0.19398,0.062987,-0.00063384
0.19849,0.060142,-4.038e-05
0.20303,0.057405,0.0001483
0.19782,0.057798,-0.00057231
0.19271,0.058191,-0.0031416
0.18771,0.058584,-0.0072552
0.18281,0.058971,-0.012462
0.178,0.059375,-0.018478
0.17329,0.059748,-0.025199
0.16866,0.060153,-0.032413
0.16413,0.060534,-0.039927
0.15967,0.060936,-0.047695
0.15529,0.061325,-0.055847
0.16702,0.062722,-0.039157
0.1792,0.064122,-0.026331
0.19185,0.06555,-0.01664
0.20498,0.066997,-0.0094914
0.21861,0.068435,-0.0045635
0.23273,0.069922,-0.0015607
0.24737,0.071389,-0.00016239
0.26251,0.072886,0.00015798
0.27818,0.07439,0.0013562
0.29438,0.075906,0.0036336
0.29375,0.078876,0.014239
0.29311,0.081901,0.030534
0.29249,0.084956,0.051462
0.29186,0.088074,0.076396
0.29123,0.091211,0.1046
0.29059,0.094401,0.13555
0.28995,0.09763,0.16895
0.2893,0.10092,0.20422
0.28864,0.10422,0.24137
0.28797,0.1076,0.28036
0.27598,0.10303,0.20931
0.26459,0.098749,0.15713
0.25375,0.094691,0.11805
0.24336,0.090914,0.088337
0.23345,0.087288,0.065416
0.22393,0.083867,0.047609
0.21481,0.080583,0.033678
0.20604,0.077466,0.022894
0.1976,0.07454,0.014684
0.1895,0.071673,0.0085986
0.20051,0.071086,0.0050282
0.21183,0.070585,0.0024936
0.22351,0.07002,0.00085106
0.23552,0.069479,8.3966e-05
0.24788,0.068923,-0.00010803
0.26059,0.068353,-0.00088571
0.27364,0.067797,-0.0023707
0.28704,0.067222,-0.0045027
0.30079,0.066651,-0.0072441
0.31488,0.066089,-0.01062
0.3201,0.068318,-0.010059
0.32535,0.070567,-0.0096709
0.33062,0.072831,-0.009474
0.33591,0.075129,-0.009363
0.34124,0.077433,-0.0093862
0.34658,0.07976,-0.009531
0.35196,0.082092,-0.0097616
0.35736,0.084448,-0.010088
0.36278,0.086823,-0.010475
0.36823,0.089206,-0.010839
0.373,0.080913,-0.021664
0.37779,0.073139,-0.034915
0.38262,0.065832,-0.049952
0.38749,0.058982,-0.066293
0.39237,0.052592,-0.083753
0.39729,0.046619,-0.10223
0.40224,0.041059,-0.12149
0.40721,0.0359,-0.14155
0.41221,0.031132,-0.16222
0.41724,0.026738,-0.18319
0.4406,0.022962,-0.18308
0.46463,0.019486,-0.18398
0.48932,0.016305,-0.18576
0.51468,0.013409,-0.18852
0.54071,0.010802,-0.19178
0.56741,0.0084846,-0.19524
0.59476,0.0064516,-0.19892
0.62277,0.0047017,-0.20256
0.65144,0.003233,-0.20622
0.68074,0.0020425,-0.21014
0.65811,0.0014879,-0.2552
0.63621,0.0010259,-0.29874
0.615,0.00065291,-0.34072
0.59446,0.00036645,-0.38087
0.57456,0.00016361,-0.41993
0.55528,4.2355e-05,-0.45839
0.5366,7.7967e-08,-0.49606
0.51848,-3.4689e-05,-0.53264
0.50091,-0.0001442,-0.56856
0.48386,-0.00032651,-0.60428
0.47395,0.00031036,-0.46754
0.46458,0.0027086,-0.36655
0.45564,0.0072996,-0.28932
0.44707,0.013916,-0.2285
0.43879,0.022429,-0.1798
0.43078,0.032739,-0.14053
0.42299,0.044767,-0.10844
0.41538,0.058451,-0.082113
0.40793,0.073745,-0.060622
0.40062,0.090607,-0.043207
0.42387,0.082494,-0.053757
0.44778,0.074793,-0.063149
0.47236,0.067496,-0.071208
0.49759,0.060605,-0.078027
0.52349,0.054111,-0.08378
0.55003,0.048016,-0.088328
0.57721,0.04231,-0.092043
0.60504,0.036993,-0.094888
0.63349,0.032057,-0.097078
0.66256,0.0275,-0.098854
0.66826,0.021377,-0.10581
0.67401,0.016089,-0.11305
0.67978,0.01161,-0.11994
0.68556,0.0079062,-0.12658
0.69136,0.0049463,-0.13309
0.69717,0.0027022,-0.13934
0.70301,0.0011461,-0.14557
0.70891,0.00025329,-0.15167
0.7148,-3.2541e-06,-0.15759
0.72069,-0.00037309,-0.16359
0.70175,-0.00085814,-0.15848
0.68338,-0.0015277,-0.15393
0.6656,-0.0023732,-0.14994
0.64835,-0.003385,-0.14611
0.63162,-0.0045549,-0.14256
0.61537,-0.0058748,-0.13941
0.59961,-0.0073404,-0.13644
0.58429,-0.0089407,-0.1335
0.5694,-0.010672,-0.13069
0.55493,-0.012529,-0.12816
0.56472,-0.011502,-0.092812
0.57453,-0.010539,-0.066346
0.58435,-0.0096325,-0.046268
0.59424,-0.0087854,-0.031025
0.60416,-0.0079914,-0.019607
0.61413,-0.0072479,-0.011276
0.62415,-0.0065526,-0.0055216
0.63414,-0.005897,-0.0019668
0.64421,-0.005288,-0.00025501
0.65434,-0.0047239,0.00011922
0.64655,-0.0078849,-0.0015899
0.63889,-0.011784,-0.0068558
0.6314,-0.016396,-0.014393
0.62404,-0.021691,-0.023324
0.61678,-0.027642,-0.033147
0.60967,-0.034233,-0.043542
0.60266,-0.041441,-0.05437
0.59575,-0.049242,-0.065383
0.58891,-0.057609,-0.076713
0.58219,-0.066545,-0.088295
0.59092,-0.057024,-0.08501
0.59965,-0.048393,-0.082628
0.60837,-0.040601,-0.081027
0.61711,-0.033614,-0.079832
0.62587,-0.027386,-0.079004
0.63467,-0.021888,-0.078453
0.64345,-0.017072,-0.078135
0.65224,-0.012912,-0.077893
0.66108,-0.0093853,-0.07766
0.6699,-0.006456,-0.077604
0.66822,-0.0057382,-0.082857
0.66659,-0.005078,-0.087606
0.66497,-0.0044688,-0.092059
0.66336,-0.0039086,-0.096398
0.6618,-0.0033969,-0.10053
0.66023,-0.002928,-0.10443
0.65871,-0.0025031,-0.10815
0.65721,-0.0021186,-0.11189
0.65576,-0.0017731,-0.11556
0.6543,-0.0014631,-0.11895
0.66307,-0.003289,-0.10171
0.67184,-0.0058064,-0.088159
0.68062,-0.0089907,-0.077135
0.68938,-0.012817,-0.068012
0.69815,-0.017263,-0.060271
0.70691,-0.02231,-0.053501
0.71565,-0.027934,-0.047586
0.72442,-0.034123,-0.042446
0.73316,-0.040855,-0.03788
0.74192,-0.048116,-0.033732
0.7379,-0.043237,-0.014921
0.73402,-0.038741,-0.0045537
0.73026,-0.034594,-0.00031491
0.72663,-0.03078,0.00079826
0.72312,-0.027271,0.005074
0.71969,-0.024041,0.012452
0.71632,-0.021072,0.022481
0.71307,-0.01836,0.034926
0.70986,-0.015878,0.049392
0.70674,-0.013621,0.065789
0.72023,-0.013729,0.037103
0.73372,-0.01383,0.019171
0.74724,-0.013927,0.0084057
0.7608,-0.014024,0.0025159
0.7744,-0.014121,0.00016329
0.78802,-0.01421,-0.0004454
0.80166,-0.014295,-0.0027488
0.81535,-0.014383,-0.0067234
0.82904,-0.01446,-0.01205
0.8428,-0.014545,-0.018551
0.83946,-0.016248,-0.011982
0.8362,-0.018013,-0.0077947
0.83302,-0.01984,-0.0050402
0.82991,-0.021724,-0.0031421
0.82685,-0.023657,-0.0018577
0.82387,-0.025644,-0.00098527
0.82094,-0.027673,-0.00043358
0.81807,-0.029751,-0.00011762
0.81526,-0.03187,-2.3374e-06
0.81252,-0.034039,5.2655e-05
0.79056,-0.0266,-0.0013716
0.76939,-0.020247,-0.0056503
0.74895,-0.014898,-0.011929
0.72918,-0.010468,-0.019619
0.71005,-0.0068946,-0.028366
0.69151,-0.0041194,-0.037994
0.67354,-0.0020944,-0.048403
0.65609,-0.00076801,-0.059321
0.63916,-0.00010057,-0.070788
0.6227,5.3597e-05,-0.082672
0.63494,-1.409e-05,-0.047084
0.64719,-0.00021569,-0.024273
0.65946,-0.00064568,-0.010267
0.67176,-0.0012944,-0.0026999
0.68409,-0.0021559,-4.5835e-05
0.69645,-0.0032223,0.0012602
0.70885,-0.0044838,0.0056282
0.72127,-0.0059333,0.012549
0.73373,-0.0075695,0.021647
0.74622,-0.0093787,0.032564
0.7261,-0.0062289,0.044342
0.7066,-0.0037724,0.057194
0.6877,-0.0019619,0.070929
0.66935,-0.00075784,0.085286
0.65154,-0.00012294,0.10024
0.63422,2.517e-05,0.11579
0.61739,0.00043425,0.13178
0.60101,0.0013247,0.14825
0.58505,0.0026688,0.16509
0.56951,0.0044451,0.18226
0.56257,0.0074366,0.11353
0.55589,0.0111,0.06756
0.54942,0.015396,0.037085
0.54314,0.02031,0.017454
0.53701,0.025805,0.0059344
0.53101,0.031874,0.0006965
0.52511,0.038471,-0.00043114
0.51931,0.045618,-0.0042
0.51361,0.053294,-0.01131
0.50798,0.061468,-0.021304
0.50195,0.048799,-0.0037866
0.49607,0.037866,0.00010697
0.49032,0.028517,0.0052874
0.48468,0.020637,0.016416
0.47914,0.014143,0.031662
0.47368,0.0089474,0.049913
0.46831,0.0049899,0.070413
0.463,0.0022128,0.092652
0.45775,0.0005624,0.11642
0.45256,4.8822e-07,0.14142
0.45474,-1.4411e-06,0.12486
0.45692,-9.466e-06,0.11197
0.45908,-2.4371e-05,0.10183
0.46124,-4.627e-05,0.093566
0.46339,-7.4928e-05,0.086732
0.46553,-0.0001098,0.081221
0.46767,-0.00015071,0.076502
0.46981,-0.00019842,0.072334
0.47193,-0.00025209,0.068613
0.47404,-0.00031169,0.065412
0.48238,-0.0002749,0.076172
0.49076,-0.00023951,0.086405
0.49916,-0.00020539,0.096292
0.5076,-0.00017382,0.1058
0.51607,-0.00014572,0.11485
0.52456,-0.00011938,0.12375
0.53308,-9.4916e-05,0.13246
0.54161,-7.3605e-05,0.14127
0.55016,-5.4051e-05,0.14981
0.55873,-3.754e-05,0.15835
0.5736,3.5376e-05,0.13479
0.58854,0.00031917,0.11575
0.60359,0.00088021,0.099963
0.61874,0.0017122,0.086602
0.63398,0.0028034,0.075276
0.64931,0.0041455,0.065548
0.66475,0.0057373,0.056996
0.68027,0.0075655,0.049353
0.69589,0.0096296,0.042581
0.71159,0.011915,0.036671
0.70968,0.011847,0.043687
0.70781,0.011781,0.049771
0.70601,0.011724,0.055231
0.70425,0.011671,0.060219
0.70253,0.011619,0.064792
0.70087,0.011575,0.068988
0.69924,0.01153,0.072903
0.69766,0.011492,0.076845
0.69615,0.011461,0.080606
0.69466,0.01143,0.084363
0.70435,0.010602,0.099391
0.71406,0.0098186,0.1136
0.72377,0.0090749,0.12719
0.7335,0.0083753,0.13996
0.74321,0.0077094,0.15219
0.75294,0.0070842,0.16395
0.76265,0.0064917,0.17524
0.77237,0.0059362,0.18642
0.78209,0.0054132,0.19728
0.79178,0.0049197,0.20769
0.7994,0.0031216,0.15839
0.80696,0.0017526,0.1219
0.81448,0.0007899,0.093991
0.82198,0.00021266,0.072301
0.8294,1.5383e-06,0.055126
0.83681,-0.00014131,0.041168
0.84416,-0.00061713,0.029949
0.85149,-0.0014141,0.020983
0.85876,-0.0025215,0.013923
0.86601,-0.0039251,0.0085864
0.8423,-0.0022981,0.02127
0.81944,-0.0011264,0.036098
0.7973,-0.00038235,0.051907
0.77592,-3.4066e-05,0.067926
0.75521,5.74e-05,0.084065
0.73517,0.00042964,0.10018
0.71574,0.0011289,0.11621
0.69691,0.0021376,0.13228
0.67864,0.0034372,0.14833
0.66093,0.0050139,0.16461
0.63802,0.0068913,0.16878
0.61591,0.0090195,0.17414
0.59454,0.011381,0.18013
0.57386,0.013962,0.18634
0.55385,0.016751,0.19288
0.53448,0.019733,0.19972
0.51573,0.022902,0.20674
0.49756,0.026246,0.21412
0.47994,0.029752,0.22164
0.46288,0.03342,0.22882
0.44463,0.032775,0.16296
0.42723,0.032175,0.1148
0.4106,0.031618,0.079234
0.39466,0.031092,0.052826
0.37936,0.030595,0.033382
0.36466,0.030129,0.019326
0.35053,0.029687,0.0096445
0.33691,0.029267,0.0036109
0.3238,0.02887,0.00058025
0.31115,0.028492,-0.00010646
0.30631,0.03703,-0.0032545
0.30149,0.046613,-0.010367
0.2967,0.057241,-0.02101
0.29196,0.068912,-0.034803
0.28723,0.081621,-0.051485
0.28252,0.095372,-0.070931
0.27782,0.11016,-0.092876
0.27314,0.126,-0.11703
0.26847,0.14289,-0.14327
0.26381,0.16082,-0.17145
0.2475,0.15636,-0.19356
0.23194,0.15209,-0.21663
0.2171,0.14798,-0.24035
0.20295,0.14403,-0.2649
0.18945,0.14022,-0.28995
0.17656,0.13654,-0.3151
0.16429,0.133,-0.34061
0.15258,0.12956,-0.36602
0.14143,0.12623,-0.39155
0.13082,0.12301,-0.41733
0.12605,0.12959,-0.34483
0.12144,0.13625,-0.28701
0.11696,0.14297,-0.23986
0.11263,0.14978,-0.20117
0.10842,0.15667,-0.16874
0.10431,0.16364,-0.14149
0.10031,0.17071,-0.11832
0.09642,0.17787,-0.098194
0.092624,0.18512,-0.080879
0.088923,0.19246,-0.066088
0.079423,0.2052,-0.099734
0.070421,0.21834,-0.13647
0.061906,0.2319,-0.17537
0.053897,0.24587,-0.21608
0.046398,0.26027,-0.25776
0.039417,0.27508,-0.29979
0.032967,0.2903,-0.34209
0.027061,0.30594,-0.38418
0.021708,0.32197,-0.42619
0.016923,0.3384,-0.46835
0.019839,0.32616,-0.48321
0.022948,0.31439,-0.49873
0.026237,0.30304,-0.51467
0.02971,0.29211,-0.5312
0.033359,0.28156,-0.54796
0.037173,0.27138,-0.56439
0.041156,0.26155,-0.58096
0.045302,0.25205,-0.59773
0.049604,0.24286,-0.61432
0.054063,0.23398,-0.63115
0.051485,0.23462,-0.71168
0.048953,0.23524,-0.78996
0.046474,0.23585,-0.8661
0.044055,0.23646,-0.93995
0.041688,0.23706,-1.0116
0.039386,0.23766,-1.0823
0.037144,0.23825,-1.1513
0.034965,0.23885,-1.2187
0.032852,0.23945,-1.2847
0.030804,0.24005,-1.3489
0.027225,0.25662,-1.1092
0.02394,0.27324,-0.92746
0.020922,0.28996,-0.78342
0.018148,0.30681,-0.66629
0.0156,0.32382,-0.56842
0.01327,0.341,-0.48499
0.011146,0.35838,-0.4132
0.0092169,0.37597,-0.35116
0.007482,0.39378,-0.29695
0.0059352,0.41181,-0.24919
0.0064468,0.4379,-0.2659
0.0069847,0.46481,-0.27833
0.0075492,0.4925,-0.28734
0.008139,0.52095,-0.29351
0.0087513,0.55012,-0.29723
0.0093904,0.57998,-0.2991
0.010052,0.61052,-0.29937
0.010737,0.6417,-0.29813
0.011444,0.67351,-0.29583
0.012174,0.70591,-0.29308
0.011099,0.68585,-0.25469
0.01008,0.66687,-0.22326
0.0091165,0.64886,-0.19706
0.0082072,0.63174,-0.17505
0.0073497,0.61543,-0.15606
0.0065452,0.59988,-0.13925
0.0057905,0.58502,-0.12441
0.0050869,0.5708,-0.11137
0.0044315,0.55718,-0.099747
0.0038245,0.54412,-0.089137
0.002537,0.52723,-0.11068
0.0015245,0.51101,-0.13123
0.00077615,0.4954,-0.15065
0.00028172,0.48039,-0.16901
3.4422e-05,0.46594,-0.18666
-2.4292e-05,0.452,-0.20349
-0.00024386,0.43857,-0.21967
-0.00068486,0.4256,-0.23573
-0.001341,0.41307,-0.25142
-0.0022041,0.40097,-0.26678
-0.0023837,0.36595,-0.20944
-0.0025731,0.334,-0.16597
-0.0027698,0.30476,-0.13206
-0.0029782,0.27797,-0.1049
-0.0031942,0.25339,-0.08302
-0.0034178,0.23081,-0.065338
-0.0036493,0.21006,-0.050891
-0.0038888,0.19099,-0.039201
-0.0041346,0.17344,-0.029637
-0.004391,0.15731,-0.021971
-0.004814,0.15635,-0.017204
-0.0052568,0.1554,-0.013216
-0.0057158,0.15446,-0.00982
-0.0061925,0.15352,-0.0069815
-0.0066871,0.1526,-0.0046854
-0.0071974,0.15168,-0.0028614
-0.0077245,0.15077,-0.0015114
-0.0082698,0.14987,-0.00061264
-0.0088306,0.14897,-0.00011771
-0.009407,0.14807,9.4031e-06
-0.0088255,0.14968,0.0024166
-0.0082641,0.15128,0.0086461
-0.0077185,0.15287,0.018292
-0.0071906,0.15446,0.031034
-0.006681,0.15605,0.046565
-0.006187,0.15764,0.064491
-0.0057056,0.15923,0.08476
-0.0052401,0.16081,0.10713
-0.0047971,0.16242,0.13168
-0.0043658,0.16401,0.15766
-0.0020211,0.1593,0.17404
-0.00057726,0.15471,0.1909
-1.0356e-05,0.15022,0.20858
0.00030559,0.14582,0.227
0.0014528,0.14151,0.24611
0.0034463,0.13728,0.26587
0.0062837,0.13313,0.28616
0.0099695,0.12903,0.30726
0.01451,0.125,0.32877
0.019907,0.12104,0.35067
0.023227,0.13163,0.32583
0.026805,0.14263,0.30471
0.03065,0.15405,0.28643
0.034768,0.16589,0.2702
0.039162,0.17817,0.25582
0.043838,0.19088,0.24326
0.048806,0.20402,0.232
0.054071,0.2176,0.22156
0.059633,0.23161,0.21202
0.065498,0.24605,0.20304
0.070261,0.25617,0.16438
0.075171,0.26637,0.13236
0.080227,0.27669,0.10551
0.085438,0.2871,0.082951
0.090806,0.29763,0.064068
0.09633,0.30828,0.04835
0.10202,0.31903,0.03537
0.10786,0.3299,0.024743
0.11387,0.34089,0.016248
0.12005,0.35197,0.0097662
0.12763,0.33138,0.015797
0.13536,0.31183,0.022065
0.14322,0.29325,0.028306
0.15123,0.27558,0.034521
0.15938,0.25876,0.040494
0.16766,0.24277,0.046378
0.17608,0.22752,0.052009
0.18464,0.21301,0.057415
0.19333,0.19917,0.062677
0.20216,0.18599,0.067968
0.19143,0.16586,0.074754
0.18125,0.14741,0.081198
0.17157,0.13049,0.08744
0.16237,0.11501,0.093465
0.15363,0.10087,0.099416
0.14532,0.087971,0.10538
0.1374,0.076237,0.11128
0.12987,0.065584,0.1173
0.1227,0.055954,0.12335
0.11587,0.047271,0.12914
0.11902,0.052209,0.19781
0.12228,0.057524,0.27811
0.12567,0.063232,0.36827
0.12916,0.06934,0.46628
0.13277,0.075855,0.57082
0.13649,0.082779,0.681
0.14031,0.090103,0.79538
0.14422,0.097819,0.91246
0.14824,0.10592,1.0319
0.15234,0.1144,1.1536
0.15192,0.092024,0.89323
0.15161,0.073177,0.70822
0.15136,0.057285,0.56997
0.15117,0.043928,0.4631
0.15103,0.032786,0.37802
0.15093,0.0236,0.30856
0.15086,0.01616,0.25134
0.15083,0.010294,0.20399
0.15082,0.0058557,0.16429
0.15083,0.0027272,0.13079
0.13236,0.0013375,0.14447
0.11556,0.00045451,0.15648
0.1003,4.1488e-05,0.16731
0.086469,-6.5415e-05,0.17728
0.07396,-0.00049709,0.1864
0.06267,-0.0013114,0.19472
0.052523,-0.0024863,0.20237
0.043438,-0.0040037,0.20984
0.035338,-0.0058501,0.2169
0.028163,-0.0080149,0.22367
0.028778,-0.011991,0.20885
0.029396,-0.01674,0.19499
0.030019,-0.022267,0.18207
0.030652,-0.028579,0.17013
0.031293,-0.035691,0.15892
0.03195,-0.043621,0.14823
0.032623,-0.052389,0.13811
0.033308,-0.062021,0.12861
0.034011,-0.072541,0.11958
0.034734,-0.083974,0.11078
0.036776,-0.091743,0.10438
0.038893,-0.099893,0.098028
0.04108,-0.10843,0.091917
0.043341,-0.11735,0.08609
0.045685,-0.12667,0.080364
0.048116,-0.13637,0.074751
0.050615,-0.14648,0.069413
0.053195,-0.15698,0.064277
0.055889,-0.16788,0.059261
0.058644,-0.17918,0.05447
0.058324,-0.18043,0.039194
0.058031,-0.18172,0.026999
0.057724,-0.18306,0.017618
0.05743,-0.18443,0.010551
0.057137,-0.18585,0.0054945
0.05685,-0.1873,0.002215
0.056554,-0.18878,0.00044346
0.056266,-0.1903,-1.4331e-05
0.055982,-0.19184,-0.00076667
0.0557,-0.19342,-0.0025988
0.061538,-0.19007,-0.0017678
0.067653,-0.1868,-0.0011847
0.074034,-0.1836,-0.00078555
0.080682,-0.18047,-0.00052773
0.087603,-0.17741,-0.00035307
0.094783,-0.17442,-0.00022703
0.10224,-0.17148,-0.00013996
0.10995,-0.1686,-8.2843e-05
0.11793,-0.16578,-4.6789e-05
0.12619,-0.163,-2.314e-05
0.13092,-0.17196,-8.4452e-07
0.13576,-0.18116,4.4202e-06
0.14071,-0.19061,2.0268e-05
0.14575,-0.2003,4.1223e-05
0.15091,-0.21024,6.1008e-05
0.15617,-0.22041,8.3163e-05
0.16152,-0.23082,0.00010312
0.16697,-0.24146,0.00011768
0.17252,-0.25234,0.00013011
0.17817,-0.26344,0.00013979
0.18488,-0.2612,-7.8724e-05
0.19169,-0.25903,-0.00076479
0.19859,-0.25693,-0.0020074
0.20559,-0.2549,-0.0036195
0.21268,-0.25293,-0.0055229
0.21986,-0.25102,-0.0076403
0.22712,-0.24918,-0.0099526
0.23449,-0.24737,-0.012412
0.24193,-0.24564,-0.01504
0.24946,-0.24397,-0.01782
0.2281,-0.22504,-0.010339
0.20835,-0.20771,-0.0055173
0.19007,-0.19178,-0.0025411
0.17316,-0.17713,-0.00086808
0.15752,-0.16363,-0.00011262
0.14305,-0.15119,4.6305e-05
0.12967,-0.13972,0.00052251
0.11732,-0.12911,0.0014473
0.10591,-0.11931,0.0027365
0.095384,-0.11024,0.0042851
0.09021,-0.10476,0.010938
0.085248,-0.099525,0.019896
0.080484,-0.094515,0.030754
0.075906,-0.089721,0.043167
0.071507,-0.08512,0.056889
0.067279,-0.080712,0.071954
0.063214,-0.076478,0.088068
0.059307,-0.072402,0.10497
0.05555,-0.068489,0.12275
0.051939,-0.064721,0.14135
0.045813,-0.062467,0.12118
0.040227,-0.060335,0.10484
0.035137,-0.058338,0.091301
0.030509,-0.056449,0.079843
0.026308,-0.054671,0.070116
0.022509,-0.052979,0.061902
0.019083,-0.051378,0.054812
0.016006,-0.04986,0.048529
0.013258,-0.04842,0.043038
0.010818,-0.047044,0.038302
0.006811,-0.050538,0.039439
0.0037353,-0.054134,0.040435
0.0015762,-0.057844,0.041375
0.00033156,-0.061684,0.042393
-1.1785e-05,-0.065671,0.043365
-0.00063966,-0.069813,0.044119
-0.0022478,-0.074138,0.04487
-0.004879,-0.078651,0.045697
-0.0085849,-0.083365,0.046501
-0.013423,-0.088299,0.047289
-0.012775,-0.082833,0.055891
-0.01215,-0.07762,0.064593
-0.011543,-0.072668,0.073399
-0.010957,-0.067949,0.082263
-0.010392,-0.063443,0.091032
-0.0098446,-0.059156,0.09979
-0.0093145,-0.055075,0.10863
-0.0088023,-0.051186,0.11755
-0.0083067,-0.047485,0.12653
-0.0078279,-0.04396,0.1356
-0.0096443,-0.039664,0.18194
-0.011691,-0.035496,0.23444
-0.013983,-0.031464,0.29246
-0.016534,-0.027585,0.35536
-0.019358,-0.023874,0.42279
-0.022464,-0.020359,0.49439
-0.025864,-0.017055,0.56961
-0.029567,-0.013988,0.64729
-0.03358,-0.011179,0.72742
-0.037911,-0.0086466,0.81006
-0.043598,-0.0096722,0.78496
-0.049649,-0.010744,0.7654
-0.056066,-0.011864,0.75055
-0.062856,-0.01303,0.73967
-0.070022,-0.014243,0.73171
-0.077569,-0.015504,0.72551
-0.0855,-0.016812,0.72099
-0.093818,-0.018168,0.71834
-0.10253,-0.01957,0.71671
-0.11163,-0.021019,0.71552
-0.1123,-0.024615,0.62341
-0.11299,-0.02839,0.54741
-0.11372,-0.032334,0.48332
-0.11445,-0.036447,0.42847
-0.11521,-0.040723,0.38067
-0.11598,-0.045159,0.3386
-0.11676,-0.049754,0.30124
-0.11755,-0.054504,0.26799
-0.11835,-0.059408,0.23816
-0.11916,-0.064465,0.21109
-0.12154,-0.057883,0.20123
-0.12394,-0.051754,0.19143
-0.12634,-0.046058,0.18205
-0.12876,-0.040771,0.17319
-0.13118,-0.035877,0.16475
-0.13362,-0.031356,0.15652
-0.13606,-0.027193,0.1487
-0.13852,-0.023373,0.14141
-0.14098,-0.019883,0.13449
-0.14346,-0.016709,0.12778
-0.13535,-0.025174,0.14703
-0.12745,-0.035359,0.16595
-0.11974,-0.047287,0.1843
-0.11221,-0.060984,0.20184
-0.10487,-0.07648,0.21868
-0.097697,-0.093812,0.2351
-0.090704,-0.11302,0.25081
-0.08389,-0.13414,0.26613
-0.07726,-0.15722,0.28064
-0.070821,-0.18228,0.29439
-0.072226,-0.18839,0.28277
-0.073643,-0.19457,0.27274
-0.07507,-0.20083,0.26362
-0.076509,-0.20716,0.25545
-0.077959,-0.21356,0.24785
-0.07942,-0.22004,0.24051
-0.080892,-0.22659,0.23361
-0.082375,-0.23321,0.22706
-0.083868,-0.2399,0.22071
-0.085371,-0.24666,0.21494
-0.091807,-0.24811,0.19449
-0.098446,-0.24957,0.17713
-0.10529,-0.25104,0.16207
-0.11234,-0.25252,0.1486
-0.1196,-0.254,0.13663
-0.12706,-0.2555,0.12568
-0.13473,-0.257,0.11587
-0.14259,-0.25851,0.10702
-0.15067,-0.26001,0.09895
-0.15894,-0.26153,0.091466
-0.14313,-0.23732,0.10552
-0.12863,-0.21512,0.1186
-0.11532,-0.19474,0.13083
-0.10311,-0.17602,0.14228
-0.091933,-0.15884,0.15316
-0.081696,-0.14305,0.16384
-0.072335,-0.12856,0.17417
-0.063782,-0.11524,0.18422
-0.055981,-0.10301,0.19406
-0.048876,-0.091791,0.20398
-0.046641,-0.091021,0.18799
-0.044488,-0.090271,0.17374
-0.042413,-0.089547,0.1611
-0.040413,-0.088863,0.14988
-0.038485,-0.088189,0.13968
-0.036626,-0.087529,0.13025
-0.034833,-0.086893,0.12162
-0.033104,-0.086288,0.11367
-0.031436,-0.08569,0.10636
-0.029829,-0.085105,0.099534
-0.025701,-0.082202,0.084361
-0.021973,-0.079423,0.071554
-0.018617,-0.076768,0.060587
-0.015608,-0.074222,0.050947
-0.012924,-0.071775,0.042644
-0.010543,-0.069431,0.035491
-0.008448,-0.067174,0.029312
-0.0066202,-0.065008,0.023891
-0.005045,-0.062918,0.019233
-0.0037076,-0.060903,0.015295
-0.0039166,-0.061826,0.020785
-0.0041322,-0.06275,0.02682
-0.0043534,-0.063685,0.033341
-0.0045808,-0.064626,0.040427
-0.0048141,-0.065575,0.047915
-0.0050534,-0.06653,0.055596
-0.0052984,-0.067495,0.063506
-0.0055489,-0.068468,0.071755
-0.0058059,-0.069445,0.08019
-0.0060695,-0.070426,0.088661
-0.0058853,-0.080062,0.063132
-0.0057018,-0.09031,0.042745
-0.0055203,-0.1012,0.026835
-0.0053389,-0.11279,0.014848
-0.0051565,-0.12514,0.0065529
-0.0049729,-0.13828,0.0016951
-0.0047855,-0.15228,4.305e-06
-0.0045975,-0.16716,-0.0013126
-0.0044068,-0.18296,-0.0054487
-0.0042151,-0.19971,-0.012188
-0.0052418,-0.18273,-0.0055192
-0.00635,-0.16701,-0.0017623
-0.0075296,-0.15247,-0.00016
-0.0087738,-0.13903,0.00020917
-0.010079,-0.12657,0.0015688
-0.011439,-0.11503,0.0040194
-0.012852,-0.10432,0.007363
-0.014315,-0.094376,0.01141
-0.015825,-0.085149,0.016094
-0.017381,-0.076584,0.021414
-0.021709,-0.074885,0.019629
-0.026527,-0.073204,0.017986
-0.03184,-0.071557,0.016515
-0.03766,-0.06991,0.015144
-0.043998,-0.068274,0.01387
-0.050865,-0.06665,0.012731
-0.058274,-0.065033,0.011651
-0.066238,-0.063425,0.010617
-0.074772,-0.061824,0.0096469
-0.083889,-0.060232,0.0087239
-0.08028,-0.055005,0.020076
-0.076811,-0.050081,0.034984
-0.073464,-0.045441,0.052862
-0.070229,-0.041064,0.073082
-0.067092,-0.036939,0.095401
-0.064047,-0.033054,0.11965
-0.061084,-0.0294,0.14552
-0.058197,-0.025971,0.17265
-0.05538,-0.022761,0.20093
-0.052632,-0.019766,0.23019
-0.056935,-0.022701,0.20804
-0.061393,-0.025819,0.18881
-0.066014,-0.029125,0.17189
-0.070806,-0.03262,0.15673
-0.075776,-0.03631,0.14318
-0.080931,-0.040196,0.1312
-0.086277,-0.044282,0.12038
-0.09182,-0.048573,0.11046
-0.097565,-0.053071,0.10137
-0.10352,-0.057776,0.093269
-0.096761,-0.054963,0.075569
-0.090393,-0.052298,0.060822
-0.084386,-0.049769,0.0486
-0.078719,-0.047367,0.038492
-0.073371,-0.045085,0.030101
-0.068322,-0.042914,0.023084
-0.063557,-0.040849,0.017318
-0.05906,-0.038881,0.012669
-0.054816,-0.037007,0.0089219
-0.050811,-0.035221,0.0059016
-0.047987,-0.041914,0.009892
-0.045207,-0.049248,0.014634
-0.042468,-0.057251,0.020081
-0.039769,-0.065949,0.026157
-0.037113,-0.075364,0.032757
-0.034501,-0.085527,0.039906
-0.031937,-0.096461,0.047455
-0.029426,-0.10819,0.055406
-0.026972,-0.12073,0.063649
-0.02458,-0.13411,0.071946
-0.025827,-0.14032,0.063629
-0.027109,-0.14665,0.05637
-0.028423,-0.15312,0.049987
-0.02977,-0.15973,0.04423
-0.031152,-0.16646,0.039117
-0.032566,-0.17332,0.03458
-0.034016,-0.18032,0.030544
-0.035501,-0.18745,0.026861
-0.03702,-0.1947,0.023568
-0.038574,-0.20208,0.02071
-0.038494,-0.19783,0.008425
-0.038418,-0.19373,0.0018882
-0.038345,-0.18977,-3.5118e-06
-0.038276,-0.18593,-0.002008
-0.038209,-0.18219,-0.0073462
-0.038144,-0.17856,-0.015489
-0.03808,-0.175,-0.026112
-0.038017,-0.17153,-0.038863
-0.037955,-0.16813,-0.053538
-0.037894,-0.16479,-0.070116
-0.039104,-0.16923,-0.049632
-0.040328,-0.17368,-0.033943
-0.041568,-0.17816,-0.022172
-0.042821,-0.18268,-0.013592
-0.044094,-0.18723,-0.0075029
-0.045382,-0.19182,-0.003445
-0.046692,-0.19644,-0.0010581
-0.048016,-0.2011,-5.768e-05
-0.04936,-0.2058,0.00025638
-0.050723,-0.21053,0.001462
-0.045469,-0.20206,5.8422e-05
-0.040608,-0.19394,-0.00038525
-0.036116,-0.18614,-0.0019705
-0.031969,-0.17865,-0.0045034
-0.028147,-0.17144,-0.0077677
-0.024641,-0.1645,-0.011591
-0.021422,-0.15783,-0.015881
-0.018481,-0.15139,-0.020471
-0.015801,-0.14518,-0.025385
-0.013371,-0.13919,-0.030616
-0.012631,-0.13647,-0.016549
-0.011916,-0.13386,-0.0074217
-0.011225,-0.13133,-0.0021759
-0.01056,-0.12887,-8.9784e-05
-0.0099162,-0.12648,0.00065436
-0.0092942,-0.12415,0.0034734
-0.0086949,-0.12187,0.0082263
-0.008116,-0.11965,0.014585
-0.0075571,-0.11747,0.022369
-0.0070205,-0.11532,0.031333
-0.0083121,-0.11266,0.035176
-0.0097078,-0.11006,0.039417
-0.011206,-0.1075,0.043962
-0.012807,-0.10499,0.048889
-0.014508,-0.10253,0.054052
-0.016311,-0.10011,0.059407
-0.018214,-0.097735,0.065017
-0.020221,-0.095394,0.070953
-0.022327,-0.093098,0.077071
-0.024534,-0.090837,0.083342
-0.026119,-0.080602,0.10936
-0.027746,-0.071057,0.1375
-0.029418,-0.062161,0.16744
-0.031135,-0.05389,0.19873
-0.032903,-0.046219,0.23138
-0.034721,-0.039135,0.26504
-0.036594,-0.032631,0.29956
-0.03852,-0.026706,0.33525
-0.040504,-0.021355,0.37176
-0.042545,-0.016584,0.40871
-0.04795,-0.013251,0.39352
-0.053633,-0.010321,0.38115
-0.0596,-0.0077753,0.37073
-0.065854,-0.0056031,0.36192
-0.072404,-0.0037934,0.35435
-0.079254,-0.0023407,0.34821
-0.086414,-0.0012387,0.34294
-0.09389,-0.00048523,0.33864
-0.10169,-7.8597e-05,0.33492
-0.10982,1.8477e-05,0.33178
-0.11024,5.565e-05,0.27982
-0.11067,0.00011209,0.23636
-0.11111,0.00018733,0.19982
-0.11155,0.00028102,0.1689
-0.112,0.00039263,0.1424
-0.11245,0.00052171,0.11946
-0.1129,0.00066844,0.099805
-0.11336,0.00083204,0.08277
-0.11382,0.0010125,0.06802
-0.11428,0.0012093,0.055152
-0.11592,0.0023249,0.049821
-0.11757,0.0037963,0.044834
-0.11922,0.0056208,0.040108
-0.12089,0.0077974,0.03559
-0.12257,0.010325,0.031369
-0.12425,0.013205,0.027526
-0.12595,0.016436,0.023932
-0.12766,0.02002,0.02057
-0.12938,0.02396,0.017455
-0.13111,0.028256,0.014553
-0.13427,0.037342,0.016618
-0.1375,0.047817,0.018637
-0.1408,0.059729,0.020558
-0.14418,0.073123,0.022313
-0.14762,0.088047,0.023896
-0.15114,0.10454,0.025412
-0.15474,0.12264,0.026782
-0.15842,0.14238,0.028066
-0.16216,0.16381,0.029248
-0.16599,0.18693,0.030147
-0.16453,0.18545,0.018696
-0.16313,0.18409,0.010576
-0.16176,0.18285,0.0051255
-0.16042,0.18171,0.0018277
-0.15912,0.18066,0.00024706
-0.15784,0.17971,-9.0339e-05
-0.15659,0.17883,-0.0011219
-0.15536,0.17804,-0.0031782
-0.15416,0.17731,-0.0061383
-0.15298,0.17666,-0.0098513
-0.15782,0.16905,-0.0047076
-0.1627,0.16175,-0.0017576
-0.16761,0.15474,-0.00033191
-0.17257,0.14801,7.6966e-06
-0.17757,0.14154,0.00047314
-0.1826,0.13532,0.001534
-0.18768,0.12933,0.0030539
-0.1928,0.12356,0.0048995
-0.19797,0.118,0.007013
-0.20318,0.11264,0.0094091
-0.1985,0.1165,0.0085984
-0.19391,0.12039,0.0080266
-0.18941,0.12432,0.0075933
-0.185,0.12828,0.0072463
-0.18068,0.13228,0.0069759
-0.17644,0.13632,0.0068385
-0.17228,0.14039,0.00676
-0.1682,0.1445,0.006693
-0.1642,0.14863,0.0066661
-0.16028,0.15281,0.006623
-0.15486,0.14248,0.0038787
-0.14965,0.13282,0.0020315
-0.14465,0.12378,0.00085414
-0.13984,0.11531,0.0002069
-0.13521,0.10737,1.6759e-07
-0.13075,0.099921,-0.00015583
-0.12646,0.092935,-0.00060993
-0.12233,0.086379,-0.0013322
-0.11835,0.080226,-0.0022859
-0.1145,0.074448,-0.0033988
-0.10011,0.073104,-0.0048711
-0.087035,0.071831,-0.0064922
-0.075172,0.070622,-0.0082762
-0.064445,0.069475,-0.010218
-0.054774,0.068381,-0.012296
-0.04609,0.067339,-0.014451
-0.038326,0.066344,-0.016676
-0.031422,0.06539,-0.01907
-0.025323,0.064474,-0.021554
-0.019981,0.063595,-0.02422
-0.018864,0.062614,-0.042514
-0.017772,0.061635,-0.064984
-0.016703,0.060657,-0.091326
-0.015654,0.059674,-0.12135
-0.014625,0.058685,-0.15467
-0.013616,0.05769,-0.19075
-0.012629,0.056688,-0.22951
-0.011664,0.055678,-0.27064
-0.010724,0.054659,-0.31398
-0.0098113,0.053636,-0.35954
-0.010543,0.053034,-0.34721
-0.011294,0.052446,-0.33779
-0.012063,0.051867,-0.33031
-0.012851,0.051301,-0.32445
-0.013658,0.050744,-0.31998
-0.014486,0.050198,-0.31692
-0.015333,0.049659,-0.31481
-0.016199,0.049128,-0.31325
-0.017085,0.048603,-0.31239
-0.017991,0.048085,-0.31229
-0.020116,0.052621,-0.27724
-0.022336,0.057302,-0.24657
-0.024655,0.062133,-0.21954
-0.027081,0.06712,-0.19574
-0.029607,0.072266,-0.17447
-0.032241,0.077576,-0.15515
-0.034985,0.083056,-0.13772
-0.037836,0.088706,-0.12211
-0.040802,0.094535,-0.10795
-0.043902,0.10055,-0.095267
-0.046019,0.090482,-0.075267
-0.048124,0.081246,-0.058756
-0.050218,0.072766,-0.045117
-0.052306,0.064977,-0.033803
-0.054373,0.057816,-0.024547
-0.056437,0.051237,-0.01702
-0.058497,0.045193,-0.011079
-0.060549,0.039644,-0.006619
-0.062603,0.034555,-0.0034015
-0.064654,0.029892,-0.0013082
-0.058981,0.023872,-0.00091056
-0.053763,0.018714,-0.00056448
-0.04897,0.014341,-0.00029933
-0.044585,0.010683,-0.00012754
-0.040551,0.0076658,-2.5969e-05
-0.036848,0.0052309,1.8342e-06
-0.033452,0.0033227,5.9447e-05
-0.030338,0.0018902,0.00020129
-0.027472,0.00088682,0.00041536
-0.024847,0.00027352,0.00069986
-0.025445,0.00038881,1.3632e-05
-0.026053,0.00052466,-0.00035366
-0.026672,0.00068163,-0.0016736
-0.027303,0.00086053,-0.0038847
-0.02795,0.0010625,-0.0069689
-0.028606,0.0012876,-0.010936
-0.029278,0.0015374,-0.015735
-0.029976,0.0018144,-0.021281
-0.030687,0.0021178,-0.027583
-0.031415,0.0024492,-0.034589
-0.031308,0.0018725,-0.032818
-0.0312,0.001376,-0.031259
-0.031099,0.00095936,-0.029768
-0.031001,0.00061964,-0.028313
-0.030907,0.00035551,-0.02692
-0.030815,0.00016522,-0.025561
-0.030724,4.7385e-05,-0.024296
-0.03064,9.1237e-07,-0.023091
-0.030555,-2.4496e-05,-0.021967
-0.030474,-0.00011713,-0.020992
-0.029233,-0.00050796,-0.025689
-0.028017,-0.0011734,-0.030804
-0.026821,-0.0021173,-0.036252
-0.025648,-0.0033442,-0.042012
-0.024496,-0.0048616,-0.048088
-0.023359,-0.0066818,-0.054514
-0.022237,-0.0088157,-0.06123
-0.021131,-0.011276,-0.068137
-0.020041,-0.014075,-0.075307
-0.018967,-0.017229,-0.08281
-0.016977,-0.015531,-0.09611
-0.015096,-0.013931,-0.10982
-0.013329,-0.012418,-0.12409
-0.011665,-0.010996,-0.13902
-0.010107,-0.0096583,-0.15447
-0.0086555,-0.0084034,-0.17021
-0.0073062,-0.0072344,-0.18636
-0.0060637,-0.0061479,-0.20309
-0.0049263,-0.0051469,-0.2202
-0.003898,-0.0042306,-0.23764
-0.0040068,-0.0029659,-0.19541
-0.0040992,-0.0019803,-0.16102
-0.0041803,-0.0012301,-0.13257
-0.004251,-0.00068312,-0.10867
-0.0043104,-0.00031228,-0.088676
-0.0043595,-9.2924e-05,-0.072033
-0.0043991,-4.0322e-06,-0.058038
-0.0044309,2.7725e-05,-0.046153
-0.0044525,0.00014821,-0.036196
-0.0044668,0.00035242,-0.027953
-0.0049115,1.2343e-05,-0.037272
-0.0054016,-0.00015637,-0.0482
-0.0059415,-0.0008655,-0.060956
-0.006538,-0.002238,-0.075797
-0.0071983,-0.004384,-0.092769
-0.0079321,-0.0074167,-0.11161
-0.0087397,-0.011465,-0.13266
-0.0096279,-0.016656,-0.15567
-0.010603,-0.023114,-0.18054
-0.01167,-0.030963,-0.2074
-0.012826,-0.031172,-0.2059
-0.014035,-0.031385,-0.20504
-0.015298,-0.0316,-0.20455
-0.016615,-0.031816,-0.20408
-0.017984,-0.032039,-0.2039
-0.019408,-0.032263,-0.20418
-0.020886,-0.03249,-0.20468
-0.022418,-0.032719,-0.20554
-0.024006,-0.032951,-0.20656
-0.025648,-0.033187,-0.20752
-0.027328,-0.032174,-0.21066
-0.029058,-0.031182,-0.2139
-0.030841,-0.030208,-0.21728
-0.032675,-0.029252,-0.22052
-0.034559,-0.028315,-0.22377
-0.036496,-0.027395,-0.22726
-0.038484,-0.026494,-0.2307
-0.040525,-0.025609,-0.23387
-0.042617,-0.024743,-0.23703
-0.04476,-0.023894,-0.23997
-0.037288,-0.0216,-0.24335
-0.03063,-0.019485,-0.24707
-0.024733,-0.017533,-0.25089
-0.019554,-0.015729,-0.25443
-0.015054,-0.014064,-0.25813
-0.011196,-0.012527,-0.26196
-0.0079492,-0.011107,-0.26585
-0.0052855,-0.0097968,-0.26955
-0.0031835,-0.0085883,-0.27338
-0.0016226,-0.0074747,-0.27725
-0.002138,-0.0063533,-0.26455
-0.0027166,-0.0053437,-0.25281
-0.0033554,-0.0044388,-0.24186
-0.0040536,-0.0036326,-0.23215
-0.0048107,-0.0029189,-0.22306
-0.0056225,-0.0022931,-0.21458
-0.0064892,-0.0017506,-0.2065
-0.0074123,-0.0012873,-0.19876
-0.0083875,-0.00089997,-0.19135
-0.0094171,-0.00058522,-0.1845
-0.010255,-0.00023999,-0.14037
-0.01107,-5.3307e-05,-0.10529
-0.011861,1.8301e-07,-0.077169
-0.012631,6.0074e-05,-0.054905
-0.013378,0.00021656,-0.037444
-0.014107,0.0004572,-0.023927
-0.014823,0.00077337,-0.013833
-0.015533,0.0011606,-0.0067519
-0.016245,0.0016178,-0.0022687
-0.016969,0.002148,-0.00019525
-0.016468,0.0019702,-0.0022243
-0.015979,0.0018014,-0.0063407
-0.015491,0.0016386,-0.012474
-0.014998,0.00148,-0.020575
-0.014499,0.0013252,-0.03065
-0.013988,0.0011735,-0.042687
-0.013468,0.0010261,-0.056708
-0.012931,0.00088219,-0.072607
-0.012368,0.00074169,-0.090073
-0.011814,0.00061129,-0.10985
-0.014735,0.00023788,-0.11815
-0.018056,3.4947e-05,-0.12658
-0.021809,-1.4439e-05,-0.13517
-0.026021,-0.00018816,-0.14387
-0.030709,-0.00056921,-0.15261
-0.035911,-0.0011698,-0.16133
-0.041648,-0.0020033,-0.1699
-0.047961,-0.0030797,-0.1788
-0.054869,-0.0044129,-0.18763
-0.062407,-0.0060132,-0.19647
-0.060069,-0.0050174,-0.16412
-0.057837,-0.0041457,-0.13723
-0.055713,-0.0033832,-0.11467
-0.053667,-0.0027232,-0.095811
-0.051715,-0.0021516,-0.079772
-0.049843,-0.0016624,-0.066042
-0.048039,-0.001249,-0.054349
-0.046309,-0.0009036,-0.04442
-0.044643,-0.00062141,-0.035948
-0.043042,-0.00039712,-0.02868
-0.041395,-0.00040744,-0.037972
-0.039775,-0.00041787,-0.048147
-0.038147,-0.00043154,-0.058797
-0.036569,-0.0004432,-0.070355
-0.035017,-0.00045492,-0.082512
-0.033487,-0.00046709,-0.095095
-0.031977,-0.00047981,-0.10809
-0.030499,-0.00049183,-0.12165
-0.029035,-0.00050518,-0.13556
-0.027597,-0.00051878,-0.14994
-0.029009,-0.00062302,-0.14936
-0.030455,-0.00073736,-0.14878
-0.031941,-0.000861,-0.14824
-0.033466,-0.00099385,-0.14786
-0.035029,-0.0011366,-0.14756
-0.036627,-0.0012894,-0.14706
-0.038265,-0.0014519,-0.14659
-0.039949,-0.0016226,-0.14638
-0.04167,-0.0018037,-0.14622
-0.043423,-0.0019961,-0.14597
-0.037895,-0.00095469,-0.10906
-0.03307,-0.00032617,-0.080529
-0.028849,-3.7295e-05,-0.058278
-0.025161,2.5492e-05,-0.041059
-0.021939,0.00023983,-0.027858
-0.019106,0.00063613,-0.017959
-0.016622,0.0011818,-0.010675
-0.014438,0.001852,-0.0055086
-0.012492,0.0026219,-0.0021717
-0.010763,0.0034886,-0.00040124
-0.011114,0.0049396,-0.001527
-0.011483,0.0066855,-0.0033923
-0.011878,0.0087553,-0.0060554
-0.012301,0.011178,-0.0095974
-0.012746,0.013971,-0.013985
-0.013222,0.017173,-0.019301
-0.013728,0.020808,-0.025524
-0.01427,0.02491,-0.032686
-0.014839,0.029493,-0.040693
-0.015444,0.034597,-0.049527
-0.015049,0.036251,-0.046736
-0.014655,0.037933,-0.044146
-0.014268,0.039652,-0.041745
-0.013886,0.041403,-0.039444
-0.013511,0.04319,-0.037287
-0.01314,0.045013,-0.035326
-0.012776,0.04687,-0.033476
-0.012416,0.048762,-0.031855
-0.012063,0.050694,-0.030302
-0.011713,0.052655,-0.028758
-0.013837,0.057054,-0.032549
-0.01618,0.06171,-0.036551
-0.018752,0.066636,-0.040629
-0.021558,0.071821,-0.044651
-0.024608,0.077283,-0.04866
-0.027911,0.083026,-0.052621
-0.031474,0.089053,-0.056576
-0.035299,0.095356,-0.060503
-0.039397,0.10194,-0.064389
-0.043772,0.10882,-0.068113
-0.040811,0.10914,-0.064402
-0.037977,0.10947,-0.061287
-0.035264,0.1098,-0.05849
-0.03267,0.11014,-0.056043
-0.030191,0.11048,-0.053841
-0.027826,0.11082,-0.051733
-0.025571,0.11116,-0.0498
-0.023426,0.11151,-0.048031
-0.021386,0.11186,-0.046421
-0.01945,0.11222,-0.044818
-0.020338,0.12748,-0.044218
-0.021262,0.14398,-0.04365
-0.022222,0.16176,-0.043079
-0.023218,0.18084,-0.04234
-0.024252,0.20125,-0.041591
-0.025322,0.22301,-0.04095
-0.02643,0.24614,-0.040309
-0.027574,0.27065,-0.039741
-0.028755,0.29655,-0.039171
-0.029973,0.32385,-0.038485
-0.030206,0.29887,-0.035476
-0.030446,0.27571,-0.032639
-0.030693,0.25423,-0.030096
-0.030947,0.23428,-0.027882
-0.031207,0.21575,-0.025831
-0.031473,0.19852,-0.024022
-0.031746,0.18251,-0.022332
-0.032024,0.16762,-0.020687
-0.032308,0.15376,-0.019159
-0.032597,0.14088,-0.01768
-0.030464,0.13686,-0.026027
-0.028422,0.13296,-0.035341
-0.026467,0.12916,-0.045338
-0.024597,0.12548,-0.055751
-0.022807,0.12189,-0.066614
-0.021098,0.1184,-0.077902
-0.019465,0.115,-0.089485
-0.017908,0.11169,-0.1015
-0.016424,0.10846,-0.11367
-0.015012,0.10531,-0.12577
-0.018704,0.10314,-0.16066
-0.022862,0.10096,-0.19809
-0.027506,0.098764,-0.23785
-0.032653,0.09656,-0.27996
-0.038321,0.094341,-0.32383
-0.044535,0.092133,-0.36951
-0.051302,0.089909,-0.41641
-0.058638,0.087684,-0.46409
-0.06656,0.085464,-0.51265
-0.075072,0.08324,-0.56212
-0.07348,0.066487,-0.42353
-0.072038,0.052497,-0.32229
-0.070721,0.040828,-0.24621
-0.069512,0.031136,-0.18792
-0.068397,0.023144,-0.14251
-0.067359,0.016626,-0.10665
-0.0664,0.011404,-0.078377
-0.065499,0.0073142,-0.056024
-0.064651,0.0042295,-0.038556
-0.063848,0.0020442,-0.025223
-0.060072,0.0022055,-0.023568
-0.056483,0.0023699,-0.021911
-0.053069,0.0025353,-0.02024
-0.049817,0.0026985,-0.018492
-0.046728,0.0028619,-0.016772
-0.043799,0.0030274,-0.015151
-0.041012,0.0031887,-0.013561
-0.038372,0.0033512,-0.012007
-0.035866,0.0035115,-0.010526
-0.033489,0.0036695,-0.0091687
-0.03045,0.0037355,-0.008107
-0.027623,0.0038006,-0.007092
-0.024994,0.0038632,-0.0061541
-0.022556,0.0039252,-0.0052565
-0.020294,0.0039836,-0.0044521
-0.018201,0.0040392,-0.0037495
-0.016268,0.0040935,-0.0031188
-0.014486,0.0041451,-0.0025451
-0.012845,0.0041947,-0.0020401
-0.01134,0.004243,-0.0016117
-0.011676,0.0053462,-0.0026391
-0.012017,0.0066028,-0.0039079
-0.012369,0.0080277,-0.0054265
-0.012728,0.0096263,-0.0072638
-0.013094,0.01141,-0.0093685
-0.013471,0.013394,-0.01178
-0.013858,0.015586,-0.01446
-0.014252,0.017995,-0.017331
-0.014656,0.020635,-0.020441
-0.015071,0.023517,-0.02385
-0.017259,0.021794,-0.028707
-0.019621,0.020133,-0.03383
-0.022154,0.018521,-0.039225
-0.024873,0.016968,-0.044973
-0.02778,0.015466,-0.050966
-0.030888,0.014024,-0.05708
-0.0342,0.012638,-0.063383
-0.037723,0.011309,-0.06998
-0.041473,0.010046,-0.076786
-0.045439,0.0088373,-0.083557
-0.043743,0.007612,-0.084019
-0.042134,0.0065117,-0.084509
-0.040553,0.0054975,-0.085316
-0.039018,0.0045789,-0.086212
-0.037541,0.0037578,-0.087201
-0.036096,0.0030214,-0.088312
-0.034701,0.0023738,-0.089448
-0.033362,0.0018141,-0.090519
-0.032048,0.0013305,-0.091773
-0.030771,0.00092524,-0.093213
-0.029867,0.0005397,-0.071622
-0.028993,0.000265,-0.05394
-0.028155,9.1525e-05,-0.03957
-0.027341,9.2317e-06,-0.028131
-0.026554,-1.0921e-05,-0.019064
-0.025784,-9.0519e-05,-0.012064
-0.025051,-0.00024105,-0.006893
-0.024325,-0.00046102,-0.0032249
-0.023619,-0.00074624,-0.00098325
-0.022927,-0.0010952,-3.9109e-05
-0.023295,-0.00049282,0.00070242
-0.023662,-0.000129,0.0033919
-0.024024,-2.3048e-07,0.0080376
-0.024399,0.0001122,0.014554
-0.024755,0.00047606,0.023051
-0.025121,0.0011133,0.033436
-0.02547,0.0020417,0.045872
-0.025813,0.0032892,0.06032
-0.026142,0.0048808,0.076844
-0.026465,0.0068488,0.095603
-0.026958,0.0084762,0.098636
-0.027461,0.010288,0.10195
-0.027973,0.012286,0.10542
-0.028513,0.014487,0.10938
-0.029057,0.016879,0.11339
-0.02962,0.019477,0.1176
-0.030199,0.022282,0.122
-0.030793,0.025297,0.12639
-0.031402,0.028525,0.13097
-0.032031,0.031973,0.13594
-0.036246,0.030525,0.12489
-0.040701,0.029119,0.11493
-0.045397,0.027753,0.10606
-0.050342,0.026427,0.098043
-0.055546,0.02514,0.090667
-0.061004,0.023885,0.084089
-0.066724,0.022663,0.078123
-0.072707,0.021471,0.072621
-0.078962,0.020309,0.067557
-0.085499,0.019178,0.062957
-0.085361,0.016607,0.057191
-0.085227,0.014255,0.051964
-0.085093,0.012111,0.047296
-0.084965,0.010168,0.043172
-0.084835,0.0084151,0.039453
-0.084718,0.0068478,0.036152
-0.084597,0.0054559,0.033116
-0.084476,0.0042341,0.030244
-0.084354,0.0031769,0.027606
-0.084238,0.0022795,0.025261
-0.092032,0.00090388,0.0253
-0.10026,0.00014873,0.025268
-0.10896,-3.4621e-05,0.025216
-0.11813,-0.00058519,0.025162
-0.12782,-0.0018264,0.025064
-0.13802,-0.0037862,0.024892
-0.14878,-0.0064938,0.024695
-0.1601,-0.009978,0.024505
-0.17201,-0.014269,0.024293
-0.18451,-0.019395,0.023942
-0.18438,-0.017418,0.037975
-0.18424,-0.01556,0.053906
-0.18409,-0.013823,0.071235
-0.18394,-0.012197,0.089622
-0.18379,-0.010681,0.10893
-0.18363,-0.0092735,0.12907
-0.18346,-0.0079719,0.14977
-0.18329,-0.0067748,0.17128
-0.18312,-0.0056783,0.19312
-0.18294,-0.0046854,0.21555
-0.17996,-0.0028671,0.17977
-0.17706,-0.0015216,0.15089
-0.17424,-0.00061459,0.12726
-0.17147,-0.0001185,0.10756
-0.16878,7.7566e-06,0.091033
-0.16614,0.00026279,0.07691
-0.16355,0.00086631,0.064895
-0.16101,0.0018036,0.054685
-0.15852,0.0030626,0.045916
-0.15605,0.0046274,0.038247
-0.15652,0.001939,0.048361
-0.157,0.00040705,0.058878
-0.15746,-1.301e-05,0.069612
-0.15794,-0.00074553,0.080536
-0.1584,-0.0025998,0.091552
-0.15886,-0.0055753,0.10241
-0.1593,-0.0096761,0.11321
-0.15973,-0.01491,0.12411
-0.16016,-0.02128,0.13488
-0.16055,-0.02882,0.1454
-0.16813,-0.025761,0.12513
-0.17585,-0.022908,0.10806
-0.18371,-0.020252,0.093426
-0.19173,-0.017775,0.08053
-0.19987,-0.015486,0.069265
-0.20817,-0.013364,0.059588
-0.21664,-0.011407,0.051063
-0.22525,-0.0096199,0.043447
-0.23403,-0.0079889,0.036727
-0.24296,-0.0065172,0.030902
-0.23809,-0.0053195,0.023602
-0.2333,-0.0042692,0.017605
-0.2286,-0.0033531,0.012717
-0.22402,-0.0025583,0.008865
-0.21953,-0.001884,0.0058451
-0.21513,-0.0013209,0.003511
-0.21082,-0.00086453,0.001829
-0.20658,-0.00051022,0.00074163
-0.20243,-0.00025233,0.00015265
-0.19835,-8.6081e-05,-3.1433e-06
-0.19732,1.7662e-05,3.1794e-05
-0.1963,0.00030833,0.00013846
-0.19529,0.00094861,0.00029
-0.19428,0.0019277,0.00045357
-0.1933,0.0032418,0.00062482
-0.19233,0.0048823,0.00080902
-0.19137,0.0068466,0.00099693
-0.19043,0.0091276,0.0011806
-0.18942,0.011696,0.0013803
-0.18847,0.014583,0.0015723
-0.18892,0.015771,-0.00019709
-0.18937,0.017001,-0.0041517
-0.18979,0.018267,-0.012524
-0.19023,0.019584,-0.024766
-0.19066,0.020944,-0.040295
-0.19109,0.022348,-0.058769
-0.19151,0.023797,-0.079793
-0.19192,0.025291,-0.10303
-0.19234,0.026832,-0.12829
-0.19273,0.028412,-0.15545
-0.21408,0.024482,-0.095872
-0.23644,0.020878,-0.054118
-0.2599,0.017568,-0.026129
-0.28455,0.014537,-0.0091175
-0.31054,0.011791,-0.0011269
-0.33786,0.0093079,0.00062878
-0.36664,0.0071083,0.0064889
-0.39693,0.0051904,0.017711
-0.42878,0.0035629,0.033547
-0.46224,0.0022331,0.053281
-0.45247,0.0025622,0.069848
-0.44289,0.0029082,0.088296
-0.43353,0.0032763,0.10849
-0.42435,0.0036622,0.13009
-0.41537,0.0040692,0.15311
-0.40654,0.0044918,0.1775
-0.39791,0.0049364,0.20306
-0.38941,0.005395,0.22937
-0.38107,0.0058728,0.25655
-0.3729,0.0063701,0.2848
-0.34369,0.0035796,0.30677
-0.31634,0.001629,0.32962
-0.29071,0.00045657,0.35313
-0.26672,8.2183e-06,0.37664
-0.24419,-0.00023341,0.40038
-0.22307,-0.0010903,0.42466
-0.20326,-0.0025417,0.44907
-0.18466,-0.0045583,0.47321
-0.16722,-0.0071069,0.49738
-0.15085,-0.010175,0.52186
-0.16006,-0.0095785,0.48679
-0.16948,-0.0090124,0.45667
-0.17911,-0.0084731,0.43075
-0.18897,-0.0079579,0.40793
-0.19904,-0.0074692,0.3876
-0.20933,-0.0070045,0.36967
-0.21987,-0.0065559,0.35357
-0.23062,-0.0061302,0.33914
-0.24162,-0.0057226,0.32592
-0.25284,-0.005334,0.31331
-0.25226,-0.0026076,0.30183
-0.25168,-0.00086729,0.29125
-0.25108,-6.6884e-05,0.28167
-0.2505,0.00016441,0.27239
-0.24991,0.001126,0.26366
-0.24932,0.0029217,0.25531
-0.24873,0.0055221,0.24724
-0.24813,0.0089047,0.23973
-0.24754,0.013051,0.23263
-0.24694,0.017934,0.22571
-0.26001,0.01947,0.22576
-0.27345,0.021064,0.22562
-0.28727,0.022723,0.22512
-0.30145,0.024444,0.22411
-0.31601,0.026227,0.22281
-0.33093,0.028071,0.22141
-0.34621,0.029973,0.21986
-0.36185,0.031938,0.21786
-0.37785,0.033957,0.21567
-0.3942,0.036035,0.2137
-0.37136,0.025106,0.16385
-0.35002,0.016449,0.1252
-0.33004,0.0098314,0.094815
-0.31128,0.0050435,0.070616
-0.29364,0.0019153,0.051368
-0.277,0.00029966,0.036241
-0.26129,-7.0978e-05,0.024397
-0.24642,-0.001123,0.015293
-0.23231,-0.0033657,0.0086068
-0.2189,-0.0067244,0.0040003
-0.21757,-0.0057702,0.0036836
-0.21625,-0.0048985,0.0033008
-0.21495,-0.0041069,0.0028923
-0.21367,-0.0033928,0.0024433
-0.2124,-0.0027537,0.0020054
-0.21115,-0.002187,0.0015795
-0.20991,-0.0016906,0.0011944
-0.2087,-0.001262,0.00086811
-0.20751,-0.00089923,0.00059846
-0.20631,-0.0006007,0.00038255
-0.20906,-0.00014633,0.00079523
-0.21184,6.5344e-08,0.0012703
-0.21462,0.00015737,0.0017716
-0.21741,0.00061379,0.002257
-0.2202,0.001365,0.0027371
-0.22301,0.0024075,0.0032267
-0.22584,0.0037382,0.0036951
-0.22869,0.005354,0.0041689
-0.23155,0.0072518,0.0046188
-0.23441,0.0094276,0.0050092
-0.22742,0.0077443,0.0030181
-0.2207,0.0062543,0.0016151
-0.21419,0.0049438,0.00071232
-0.20792,0.003808,0.00020476
-0.20184,0.002834,8.1269e-06
-0.19602,0.0020188,-5.8329e-05
-0.19034,0.0013494,-0.00030879
-0.18484,0.00082121,-0.00074428
-0.17954,0.00042933,-0.001339
-0.17438,0.00016585,-0.0020727
-0.18006,0.00018687,-0.0027157
-0.18587,0.00020941,-0.0034092
-0.19176,0.0002328,-0.0041702
-0.19782,0.00025844,-0.0049677
-0.20396,0.00028502,-0.0058323
-0.21019,0.00031253,-0.0068141
-0.21653,0.00034115,-0.0078607
-0.223,0.00037175,-0.0089114
-0.22958,0.00040342,-0.010011
-0.2362,0.00043521,-0.011209
-0.23966,0.00098674,-0.015622
-0.24318,0.0017601,-0.020434
-0.24669,0.0027505,-0.025614
-0.25023,0.0039576,-0.031248
-0.25378,0.0053784,-0.03719
-0.25733,0.0070105,-0.043463
-0.26093,0.0088553,-0.050008
-0.26452,0.010907,-0.056636
-0.26813,0.013164,-0.063439
-0.27183,0.015635,-0.07021
-0.26922,0.016987,-0.060109
-0.26665,0.018383,-0.051686
-0.26412,0.019822,-0.044616
-0.26156,0.021294,-0.038725
-0.25904,0.022809,-0.033672
-0.25656,0.024366,-0.02939
-0.25403,0.02595,-0.025639
-0.25159,0.027582,-0.022429
-0.24913,0.029245,-0.019585
-0.24665,0.030936,-0.017005
-0.23515,0.042725,-0.031832
-0.22387,0.056318,-0.049477
-0.21286,0.071738,-0.069377
-0.20209,0.089,-0.090911
-0.19147,0.10809,-0.11397
-0.18105,0.12907,-0.13817
-0.17106,0.15206,-0.16265
-0.16106,0.1769,-0.18845
-0.15133,0.20374,-0.2147
-0.1418,0.23257,-0.24132
-0.14305,0.20975,-0.26788
-0.1443,0.1886,-0.29528
-0.1455,0.16898,-0.32322
-0.1467,0.15081,-0.35192
-0.14793,0.134,-0.38128
-0.14919,0.11848,-0.41118
-0.15038,0.10411,-0.44118
-0.15158,0.090881,-0.47127
-0.15284,0.078739,-0.50157
-0.15405,0.067596,-0.5315
-0.1534,0.075617,-0.49196
-0.15284,0.083995,-0.45942
-0.15224,0.09269,-0.43194
-0.15166,0.10172,-0.40798
-0.15099,0.11105,-0.38718
-0.15033,0.1207,-0.3688
-0.14993,0.13078,-0.35155
-0.14939,0.14111,-0.33653
-0.14879,0.15175,-0.32286
-0.14825,0.16271,-0.31054
-0.14485,0.15765,-0.24265
-0.14163,0.1529,-0.18823
-0.13861,0.14845,-0.14424
-0.13569,0.14422,-0.1086
-0.1329,0.14021,-0.079781
-0.13015,0.13637,-0.056747
-0.12761,0.13274,-0.038454
-0.12505,0.12923,-0.024294
-0.12264,0.12589,-0.013759
-0.12033,0.12268,-0.0064342
-0.10555,0.12654,-0.013435
-0.091846,0.13036,-0.021786
-0.079232,0.13419,-0.031052
-0.067658,0.13803,-0.040937
-0.057234,0.14197,-0.051255
-0.04767,0.14586,-0.061857
-0.039052,0.14979,-0.072679
-0.0313,0.1537,-0.083639
-0.024426,0.15763,-0.094646
-0.018481,0.16165,-0.10579
-0.020824,0.16201,-0.12331
-0.02333,0.16239,-0.14098
-0.025989,0.16275,-0.15883
-0.02881,0.16312,-0.17705
-0.031768,0.16346,-0.19535
-0.03488,0.1638,-0.21364
-0.038154,0.16413,-0.23193
-0.041605,0.16447,-0.25046
-0.045172,0.16479,-0.26889
-0.048942,0.16512,-0.28711
-0.045925,0.16627,-0.22337
-0.043111,0.16747,-0.17329
-0.040454,0.1687,-0.13353
-0.037918,0.16995,-0.10209
-0.03549,0.17121,-0.076816
-0.033211,0.17251,-0.056562
-0.031022,0.17382,-0.040369
-0.028926,0.17513,-0.027524
-0.026941,0.17647,-0.017606
-0.025036,0.17781,-0.010254
-0.030285,0.1736,-0.012652
-0.036015,0.16948,-0.014871
-0.042182,0.16541,-0.016901
-0.04893,0.16144,-0.018817
-0.056105,0.15752,-0.02052
-0.063762,0.15365,-0.021989
-0.071881,0.14984,-0.023278
-0.080529,0.1461,-0.02431
-0.089655,0.1424,-0.025186
-0.099246,0.13875,-0.025882
-0.095735,0.12134,-0.025218
-0.092364,0.1056,-0.024591
-0.089206,0.091424,-0.023919
-0.086227,0.07867,-0.023309
-0.083358,0.067217,-0.022701
-0.080793,0.056994,-0.022187
-0.078227,0.047858,-0.021626
-0.075887,0.03976,-0.021037
-0.07359,0.032597,-0.020431
-0.07144,0.026313,-0.019763
-0.07457,0.024172,-0.010843
-0.07769,0.022133,-0.0048762
-0.080881,0.020197,-0.00138
-0.084095,0.018354,-3.2962e-05
-0.087378,0.016603,0.00059778
-0.090741,0.014942,0.0028283
-0.094171,0.013367,0.0065419
-0.097633,0.011876,0.011574
-0.10125,0.010473,0.017771
-0.10487,0.0091508,0.025068
-0.10423,0.0073937,0.014271
-0.10361,0.0058536,0.0070373
-0.10296,0.0045142,0.0025967
-0.10239,0.0033656,0.00041469
-0.10187,0.0023971,-6.436e-05
-0.10134,0.0015998,-0.0012092
-0.10075,0.00096763,-0.0036289
-0.10019,0.00049659,-0.0071799
-0.099681,0.00018276,-0.011702
-0.099074,2.2881e-05,-0.017092
-0.093657,0.00012913,-0.016558
-0.08842,0.0003153,-0.016097
-0.083432,0.00057484,-0.015717
-0.078645,0.00090166,-0.015341
-0.074087,0.0012903,-0.01502
-0.069735,0.0017356,-0.014815
-0.065551,0.0022329,-0.014648
-0.061599,0.0027783,-0.014468
-0.057839,0.0033676,-0.014307
-0.054215,0.0039974,-0.014256
-0.0514,0.0033583,-0.013457
-0.04871,0.0027845,-0.012759
-0.046131,0.0022728,-0.012167
-0.043677,0.0018203,-0.011607
-0.041314,0.0014244,-0.011133
-0.03911,0.0010821,-0.010741
-0.036964,0.00079135,-0.010428
-0.034923,0.00054955,-0.010234
-0.032926,0.00035485,-0.01005
-0.03102,0.00020471,-0.0099071
-0.030798,0.00067177,-0.0093096
-0.030527,0.0014066,-0.008777
-0.030236,0.0024089,-0.0082747
-0.029969,0.0036787,-0.0077313
-0.029656,0.0052226,-0.0072303
-0.02935,0.007043,-0.0067834
-0.029071,0.0091442,-0.0063677
-0.028778,0.011538,-0.005924
-0.028479,0.014232,-0.0055036
-0.028174,0.017236,-0.0051482
-0.027535,0.020954,-0.0078935
-0.026872,0.025103,-0.011151
-0.026189,0.029707,-0.014882
-0.025507,0.034782,-0.01908
-0.024851,0.040341,-0.023737
-0.024152,0.046431,-0.02861
-0.023443,0.053062,-0.033816
-0.022724,0.060254,-0.039251
-0.021981,0.068037,-0.044983
-0.021259,0.076403,-0.050981
-0.021948,0.083422,-0.036343
-0.022649,0.090755,-0.024764
-0.023359,0.098422,-0.01575
-0.024113,0.10641,-0.0090056
-0.024873,0.11476,-0.0042697
-0.025647,0.12349,-0.001367
-0.026432,0.13261,-9.0232e-05
-0.027261,0.1421,0.00027969
-0.028097,0.15199,0.0017844
-0.028963,0.16228,0.0044992
-0.023117,0.15603,0.001741
-0.018036,0.15007,0.00036504
-0.013666,0.14439,-2.3857e-06
-0.0099736,0.13895,-0.0004102
-0.0069088,0.13374,-0.0014167
-0.0044415,0.12876,-0.0028968
-0.0025419,0.12398,-0.0047753
-0.0011865,0.11937,-0.0070465
-0.00035013,0.11492,-0.0096581
-9.8342e-06,0.11064,-0.012527
-4.2783e-07,0.10414,-0.010234
3.2751e-06,0.098011,-0.0083444
1.7771e-05,0.092189,-0.0067853
4.3944e-05,0.086704,-0.0054283
8.0747e-05,0.081495,-0.004295
0.00012649,0.07652,-0.0033166
0.00018264,0.071833,-0.0025153
0.00024866,0.067407,-0.0018868
0.00032279,0.063198,-0.0013746
0.0004061,0.059224,-0.00097585
0.0003408,0.06309,-6.023e-05
0.00027863,0.067081,0.00023683
0.00022213,0.071252,0.0014595
0.00017102,0.0756,0.0036363
0.00012505,0.0801,0.0067085
8.5745e-05,0.084809,0.010714
5.2674e-05,0.089667,0.015568
2.7132e-05,0.09472,0.021262
9.6755e-06,0.099969,0.027698
9.2877e-07,0.10542,0.034762
1.593e-06,0.10634,0.040007
2.4235e-06,0.10724,0.045615
3.4822e-06,0.10817,0.051484
4.7328e-06,0.10908,0.057497
6.2598e-06,0.11001,0.063742
7.9457e-06,0.11092,0.070343
9.8587e-06,0.11181,0.077232
1.2129e-05,0.11275,0.084193
1.4526e-05,0.11364,0.091401
1.728e-05,0.11455,0.098521
5.2671e-05,0.10842,0.093662
0.00010625,0.10258,0.089465
0.00017721,0.097044,0.085935
0.00026465,0.091762,0.082977
0.00036788,0.08674,0.08047
0.00048614,0.081959,0.078204
0.0006188,0.07742,0.076298
0.00076501,0.07307,0.074606
0.00092442,0.068965,0.073271
0.0010961,0.064997,0.072008
0.0016712,0.062989,0.0721
0.0023639,0.061042,0.072389
0.003173,0.059133,0.072788
0.0040977,0.057267,0.073233
0.0051371,0.055457,0.073638
0.0062906,0.053684,0.073997
0.0075576,0.051952,0.074342
0.0089374,0.050265,0.074603
0.010429,0.048622,0.07485
0.012033,0.047019,0.074935
0.011963,0.039559,0.069659
0.011893,0.032945,0.065199
0.011821,0.027115,0.061308
0.011749,0.021998,0.057933
0.011674,0.017552,0.054893
0.011598,0.013709,0.0521
0.011521,0.010423,0.049584
0.011441,0.0076645,0.047345
0.011361,0.0053761,0.045343
0.011278,0.0035333,0.0434
0.012072,0.0027939,0.043118
0.012892,0.0021412,0.042731
0.013741,0.0015756,0.042302
0.014615,0.0010981,0.041956
0.015515,0.00070939,0.041631
0.016445,0.00040334,0.04145
0.017403,0.00018325,0.041242
0.01839,4.8622e-05,0.040909
0.019409,1.3647e-07,0.040565
0.020459,-3.9098e-05,0.04031
0.021283,-3.2815e-05,0.039888
0.02213,-2.7259e-05,0.039381
0.022995,-2.2016e-05,0.03886
0.023885,-1.7613e-05,0.038437
0.02479,-1.3391e-05,0.038008
0.025721,-9.9105e-06,0.037483
0.026667,-6.7495e-06,0.036956
0.027641,-4.3548e-06,0.03652
0.028634,-2.4078e-06,0.036093
0.02965,-1.0397e-06,0.035492
0.028271,7.0086e-08,0.041642
0.026925,2.3746e-06,0.047998
0.02561,7.8959e-06,0.054611
0.024322,1.68e-05,0.061623
0.023068,2.8689e-05,0.068861
0.021837,4.4267e-05,0.076467
0.020637,6.287e-05,0.084312
0.019463,8.5062e-05,0.092165
0.018315,0.00011096,0.10021
0.017199,0.00013978,0.1085
0.016313,0.00064995,0.10841
0.015461,0.0015249,0.10861
0.014627,0.0027668,0.10884
0.01382,0.00437,0.10909
0.013028,0.0063452,0.10932
0.012264,0.0086817,0.10945
0.011512,0.011402,0.1096
0.010783,0.014501,0.10994
0.010068,0.018001,0.11032
0.009371,0.021903,0.11049
0.010943,0.02046,0.11152
0.012634,0.019069,0.11247
0.014446,0.017729,0.11321
0.016378,0.016443,0.11396
0.018434,0.015202,0.11458
0.020612,0.014014,0.11539
0.022915,0.012874,0.11618
0.025342,0.011786,0.11712
0.027906,0.010738,0.1181
0.030593,0.0097459,0.11879
0.030305,0.012415,0.13088
0.030003,0.01546,0.14323
0.029697,0.018886,0.15572
0.029383,0.022711,0.16855
0.029063,0.026943,0.18147
0.028735,0.031601,0.19478
0.028403,0.036688,0.2082
0.028062,0.042224,0.22181
0.027715,0.048214,0.23544
0.027362,0.054668,0.24893
0.029079,0.059713,0.23367
0.030847,0.064962,0.22009
0.032667,0.070414,0.20787
0.034542,0.076072,0.19665
0.036472,0.081942,0.1863
0.038457,0.088023,0.1765
0.0405,0.094319,0.16745
0.042601,0.10083,0.15919
0.044763,0.10756,0.15154
0.046984,0.1145,0.14422
0.039129,0.1104,0.14262
0.032147,0.10653,0.14132
0.025982,0.10285,0.14039
0.020582,0.099355,0.1394
0.0159,0.09603,0.13855
0.011894,0.092861,0.13806
0.0085254,0.089834,0.13768
0.0057596,0.086941,0.13757
0.0035648,0.084166,0.13747
0.0019146,0.081501,0.13725
0.0028147,0.079695,0.12189
0.0038688,0.077939,0.10801
0.0050707,0.076232,0.095547
0.0064149,0.074573,0.084512
0.007897,0.072955,0.07457
0.009513,0.071377,0.065681
0.01126,0.069834,0.057596
0.013136,0.068319,0.050159
0.015137,0.066846,0.043466
0.017264,0.065396,0.037285
0.014641,0.073671,0.038102
0.012206,0.082509,0.038916
0.0099638,0.091942,0.03966
0.0079207,0.102,0.040244
0.0060879,0.11268,0.040732
0.0044741,0.12401,0.041219
0.0030889,0.13602,0.041713
0.0019449,0.1487,0.042096
0.0010528,0.1621,0.042413
0.00042544,0.17619,0.042504
0.00026593,0.15803,0.028053
0.00014838,0.14159,0.017438
6.7872e-05,0.12667,0.0098907
1.9907e-05,0.11316,0.0048068
7.1541e-07,0.10091,0.0017012
-6.8748e-06,0.089803,0.0002153
-3.5208e-05,0.079711,-0.00010517
-8.3413e-05,0.07059,-0.0011446
-0.00014861,0.062305,-0.0031514
-0.00022924,0.05481,-0.0060296
-2.1294e-05,0.051222,-0.0056141
3.2539e-05,0.047844,-0.0052584
0.00025108,0.044646,-0.0049817
0.00066629,0.041625,-0.0047383
0.0012691,0.038764,-0.0045503
0.0020497,0.036075,-0.0043336
0.0030053,0.033502,-0.0042191
0.0041278,0.031071,-0.004124
0.0054144,0.02876,-0.004059
0.0068627,0.026559,-0.0040509
0.0070515,0.021526,-0.0043871
0.0072302,0.017172,-0.0047562
0.0073976,0.013442,-0.0051188
0.007554,0.010276,-0.0054747
0.0076979,0.0076306,-0.0057734
0.0078337,0.0054373,-0.0060837
0.0079559,0.0036785,-0.006412
0.0080728,0.0022886,-0.006684
0.0081838,0.0012459,-0.0069591
0.0082883,0.00052968,-0.0072756
0.0087398,0.0014369,-0.0065672
0.0092172,0.0028216,-0.0058873
0.009724,0.0047363,-0.0052446
0.010267,0.0072359,-0.0045845
0.01085,0.010398,-0.0039488
0.011478,0.014289,-0.0033607
0.012156,0.019003,-0.0028035
0.012887,0.024622,-0.0022486
0.013675,0.031247,-0.0017425
0.014523,0.038972,-0.0012745
0.01438,0.040743,-0.0001838
0.014237,0.042549,6.1194e-05
0.014092,0.044415,0.00082307
0.013947,0.046324,0.0024205
0.013799,0.048285,0.0048073
0.01365,0.050294,0.0078679
0.013499,0.052345,0.011589
0.013346,0.054474,0.015848
0.01319,0.056643,0.020693
0.013031,0.058865,0.026121
0.014737,0.059317,0.029366
0.016558,0.059776,0.032835
0.018497,0.060228,0.036469
0.020554,0.060695,0.040349
0.022733,0.061148,0.044345
0.025035,0.061598,0.048373
0.027462,0.062034,0.052502
0.030013,0.062491,0.056897
0.032694,0.062936,0.061411
0.035505,0.06337,0.066033
0.035572,0.057596,0.067315
0.035634,0.05218,0.06862
0.035691,0.047101,0.069988
0.035744,0.042345,0.07129
0.035791,0.037904,0.072656
0.035832,0.033776,0.073927
0.03587,0.029917,0.075289
0.035903,0.026343,0.076751
0.03593,0.023047,0.078353
0.035955,0.019993,0.080012
0.03849,0.025843,0.095934
0.041181,0.032651,0.113
0.044032,0.040508,0.13119
0.047047,0.049449,0.15059
0.05023,0.059536,0.17083
0.053583,0.070816,0.19146
0.05711,0.083327,0.21278
0.060813,0.097122,0.23457
0.064691,0.11231,0.25621
0.06875,0.12881,0.27826
0.060115,0.13375,0.20748
0.052304,0.13863,0.15347
0.045225,0.14346,0.11179
0.038805,0.1483,0.079201
0.032988,0.1531,0.054073
0.027727,0.15788,0.035002
0.022986,0.16267,0.020816
0.018733,0.16748,0.010749
0.014946,0.17229,0.0042181
0.011606,0.17713,0.00079308
0.0082896,0.16953,0.0024076
0.005578,0.16229,0.0044942
0.0034371,0.1554,0.0068823
0.0018363,0.14884,0.0095043
0.00074656,0.14254,0.012225
0.00014519,0.13655,0.014982
-9.0846e-06,0.13079,0.017729
-0.00031965,0.12526,0.020551
-0.0010601,0.11996,0.023376
-0.0022161,0.11485,0.026088
-0.0017857,0.11571,0.021666
-0.0014032,0.11657,0.017796
-0.0010677,0.11744,0.014453
-0.00077965,0.11829,0.011643
-0.00053723,0.11916,0.0092341
-0.00034028,0.12002,0.007241
-0.00018875,0.12087,0.0055488
-8.1546e-05,0.12173,0.0041686
-1.8862e-05,0.12259,0.003015
1.1248e-07,0.12345,0.0020626
-0.00017491,0.11809,0.0020226
-0.00070682,0.11294,0.0019415
-0.0015802,0.10799,0.0018506
-0.0027801,0.10325,0.0017736
-0.0042974,0.098668,0.0016887
-0.0061193,0.09426,0.0016171
-0.0082383,0.09001,0.0015479
-0.010647,0.085906,0.0014679
-0.013344,0.081935,0.0013747
-0.016324,0.078095,0.0012824
-0.018151,0.07745,0.00038348
-0.020081,0.0768,1.1994e-05
-0.022108,0.076151,-0.00014703
-0.024233,0.075503,-0.00073304
-0.026456,0.074858,-0.001725
-0.02878,0.074212,-0.0031277
-0.031204,0.073567,-0.004896
-0.033732,0.072923,-0.0070182
-0.036363,0.072278,-0.009448
-0.039097,0.071635,-0.012141
-0.042847,0.074527,-0.013459
-0.046814,0.077486,-0.014871
-0.051003,0.080514,-0.016345
-0.055417,0.083609,-0.017787
-0.060059,0.086771,-0.019264
-0.064936,0.089998,-0.020853
-0.070047,0.093293,-0.022475
-0.075399,0.096652,-0.024077
-0.080994,0.10007,-0.02566
-0.086838,0.10356,-0.027181
-0.082467,0.10029,-0.03428
-0.07827,0.097142,-0.041946
-0.074237,0.094096,-0.050045
-0.070365,0.091151,-0.058606
-0.066646,0.0883,-0.067574
-0.063069,0.085542,-0.076692
-0.059628,0.08287,-0.086091
-0.05633,0.080278,-0.095562
-0.05315,0.077766,-0.1053
-0.050097,0.075328,-0.1154
-0.049652,0.065609,-0.12025
-0.049231,0.056738,-0.12523
-0.048813,0.048664,-0.13042
-0.0484,0.041339,-0.13582
-0.047994,0.034722,-0.14139
-0.047598,0.028772,-0.14725
-0.047209,0.023457,-0.15326
-0.046828,0.018743,-0.15918
-0.046453,0.014606,-0.16521
-0.046075,0.011021,-0.17154
-0.043845,0.011461,-0.14318
-0.041739,0.011889,-0.11923
-0.03974,0.012305,-0.098993
-0.037851,0.012712,-0.081965
-0.036052,0.013108,-0.067491
-0.034331,0.013495,-0.055191
-0.0327,0.013874,-0.044739
-0.031136,0.014245,-0.035855
-0.029637,0.014608,-0.028268
-0.028223,0.014966,-0.021902
-0.028343,0.020255,-0.0268
-0.028458,0.026527,-0.032117
-0.028567,0.03386,-0.037854
-0.028662,0.042334,-0.043807
-0.028736,0.052025,-0.050088
-0.02881,0.063014,-0.056697
-0.02887,0.075378,-0.063546
-0.028916,0.089189,-0.07041
-0.028934,0.10451,-0.077403
-0.028959,0.12143,-0.084577
-0.027728,0.13358,-0.10065
-0.026505,0.14646,-0.11742
-0.025287,0.16009,-0.13466
-0.024084,0.17448,-0.152
-0.02288,0.18961,-0.16951
-0.021691,0.20549,-0.18733
-0.020527,0.22214,-0.20528
-0.019371,0.23953,-0.22298
-0.018227,0.25766,-0.24058
-0.017122,0.27655,-0.25781
-0.018162,0.26507,-0.26249
-0.019211,0.25406,-0.26831
-0.020285,0.24351,-0.27475
-0.021375,0.23338,-0.28148
-0.022482,0.22364,-0.28857
-0.023607,0.21429,-0.2964
-0.024745,0.20529,-0.30443
-0.025905,0.19663,-0.31284
-0.027072,0.18828,-0.32132
-0.028269,0.18025,-0.32985
-0.028887,0.17603,-0.2536
-0.029475,0.17202,-0.194
-0.030092,0.16823,-0.14676
-0.030688,0.16461,-0.10939
-0.031302,0.16115,-0.079604
-0.031893,0.15781,-0.055881
-0.032489,0.1546,-0.037336
-0.033096,0.1515,-0.023208
-0.033704,0.1485,-0.012848
-0.034295,0.14558,-0.0057685
-0.03244,0.1416,-0.0054231
-0.030655,0.13775,-0.0050067
-0.028933,0.13402,-0.0045222
-0.027305,0.13041,-0.0039757
-0.025739,0.12692,-0.0034183
-0.024227,0.12353,-0.0028901
-0.022806,0.12026,-0.0023874
-0.021457,0.1171,-0.0018987
-0.020147,0.11403,-0.001459
-0.018905,0.11105,-0.0010869
-0.01696,0.1118,-0.00041209
-0.015142,0.11255,-5.8482e-05
-0.013438,0.1133,2.2594e-05
-0.011838,0.11405,0.00027699
-0.010351,0.11481,0.00080127
-0.0089675,0.11556,0.0016012
-0.0076871,0.11631,0.0026536
-0.0065154,0.11707,0.0039228
-0.0054423,0.11782,0.0054033
-0.0044694,0.11858,0.0070641
-0.005394,0.12113,0.0048495
-0.0063912,0.12368,0.0031593
-0.0074826,0.12626,0.0018964
-0.0086632,0.12887,0.0010172
-0.0099289,0.13149,0.00043399
-0.01128,0.13413,0.00010202
-0.012719,0.13678,-9.5513e-09
-0.014262,0.13947,-9.1546e-05
-0.015894,0.14218,-0.00034621
-0.017609,0.1449,-0.00076138
-0.018105,0.13869,-0.0010218
-0.018623,0.13274,-0.0012951
-0.019133,0.12703,-0.0015768
-0.01963,0.12154,-0.0018652
-0.020143,0.11628,-0.0021584
-0.020637,0.11121,-0.0024349
-0.021139,0.10634,-0.0027082
-0.021663,0.10168,-0.0030128
-0.022168,0.097181,-0.0033303
-0.02264,0.092845,-0.0036467
-0.020005,0.081596,-0.0032394
-0.017626,0.07148,-0.0028703
-0.015483,0.062402,-0.0025505
-0.013561,0.054273,-0.0022852
-0.011848,0.047016,-0.0020569
-0.010315,0.04055,-0.001824
-0.0089501,0.034807,-0.0016168
-0.0077411,0.029723,-0.0014186
-0.0066605,0.025235,-0.0012465
-0.005718,0.021296,-0.0011075
-0.0053649,0.020206,-0.0010631
-0.005017,0.019157,-0.00099937
-0.0046845,0.018151,-0.00093683
-0.0043823,0.017193,-0.00088475
-0.0040789,0.016269,-0.00083825
-0.0037906,0.015385,-0.00080618
-0.003517,0.014539,-0.00077681
-0.0032507,0.013727,-0.0007515
-0.0030039,0.012952,-0.00073462
-0.0027651,0.012211,-0.00070525
-0.0024211,0.012402,-0.0029402
-0.0021016,0.012596,-0.0066622
-0.0017946,0.012794,-0.011853
-0.0015134,0.013001,-0.018471
-0.0012412,0.013213,-0.026575
-0.00099024,0.013434,-0.036127
-0.00075755,0.013663,-0.047228
-0.00055003,0.013904,-0.059916
-0.00037116,0.014155,-0.074181
-0.00021951,0.014416,-0.090217
-0.00012073,0.016069,-0.060399
-5.3901e-05,0.017715,-0.038176
-1.4217e-05,0.01936,-0.022062
-2.0937e-07,0.021023,-0.010907
8.3134e-06,0.022715,-0.0038592
3.7765e-05,0.02446,-0.00042072
9.0594e-05,0.026277,0.00041661
0.00016699,0.028189,0.0037215
0.00026867,0.030216,0.010346
0.00039964,0.032379,0.020289
5.8397e-05,0.030073,0.02167
-2.0465e-05,0.027892,0.023065
-0.00026913,0.025826,0.02459
-0.00079168,0.023865,0.026195
-0.0015821,0.022,0.027863
-0.0026367,0.020223,0.029554
-0.0039558,0.018528,0.031263
-0.0055312,0.01691,0.033117
-0.0073744,0.015365,0.035029
-0.0095035,0.013887,0.037135
-0.011304,0.015138,0.046717
-0.013327,0.016502,0.057564
-0.015603,0.017983,0.069697
-0.018113,0.019594,0.082769
-0.020895,0.021335,0.096941
-0.023964,0.02321,0.11195
-0.027313,0.025228,0.12793
-0.030973,0.027388,0.14484
-0.034945,0.029697,0.16261
-0.039241,0.032159,0.18146
-0.038028,0.031042,0.12892
-0.036884,0.030005,0.089461
-0.035801,0.029036,0.059767
-0.034796,0.028117,0.037723
-0.033826,0.027253,0.021706
-0.032907,0.026426,0.010614
-0.032017,0.025638,0.0037267
-0.031162,0.024878,0.00045153
-0.030329,0.024144,-0.00028651
-0.029514,0.023431,-0.0028722
-0.027959,0.020548,-0.0010641
-0.026502,0.017923,-0.00017777
-0.025124,0.01554,2.0671e-05
-0.023818,0.013384,0.0004556
-0.022587,0.011432,0.001383
-0.02142,0.0096731,0.0026871
-0.020306,0.008098,0.0043087
-0.019257,0.006685,0.0062452
-0.018251,0.0054336,0.0084058
-0.017296,0.0043271,0.01075
-0.017449,0.0041466,0.0064038
-0.017592,0.0039722,0.003298
-0.01773,0.0038006,0.0012688
-0.017861,0.0036358,0.00020239
-0.017997,0.0034678,-4.2241e-05
-0.018125,0.0033091,-0.00071773
-0.018253,0.003154,-0.0021823
-0.018386,0.0029991,-0.0044051
-0.018521,0.0028479,-0.0073746
-0.018656,0.0027046,-0.011118
-0.020044,0.0039408,-0.0089281
-0.021502,0.0054413,-0.0069791
-0.023037,0.0072181,-0.0052802
-0.024656,0.0092861,-0.0038099
-0.026362,0.011673,-0.0025722
-0.028162,0.01439,-0.0015647
-0.030061,0.017466,-0.00080741
-0.032062,0.020918,-0.00031468
-0.034173,0.024775,-5.019e-05
-0.036397,0.02906,1.155e-05
-0.035066,0.028954,-0.00077877
-0.033769,0.028862,-0.0033539
-0.032502,0.028768,-0.0075622
-0.031262,0.028665,-0.013238
-0.030047,0.028571,-0.020256
-0.028856,0.028478,-0.028432
-0.027686,0.028376,-0.037719
-0.026537,0.028278,-0.048191
-0.025408,0.028185,-0.059688
-0.024297,0.028085,-0.072032
-0.022018,0.025476,-0.066433
-0.019909,0.02305,-0.061551
-0.017964,0.020822,-0.057324
-0.016169,0.018764,-0.053726
-0.014515,0.016873,-0.050506
-0.012991,0.015117,-0.047609
-0.011592,0.013509,-0.044956
-0.010308,0.012033,-0.04263
-0.0091317,0.010681,-0.040502
-0.0080567,0.0094414,-0.038427
-0.0080506,0.01053,-0.036564
-0.0080427,0.011673,-0.034918
-0.0080353,0.012883,-0.033361
-0.008027,0.014156,-0.031791
-0.0080171,0.015487,-0.030296
-0.0080067,0.016885,-0.029018
-0.0079952,0.018348,-0.027805
-0.0079834,0.019883,-0.026564
-0.0079691,0.021477,-0.025388
-0.0079535,0.023139,-0.02433
-0.010402,0.022678,-0.02212
-0.013195,0.022206,-0.020012
-0.016353,0.021745,-0.018013
-0.019887,0.021274,-0.016072
-0.023821,0.020816,-0.014267
-0.028173,0.020357,-0.012617
-0.032965,0.019898,-0.01108
-0.038223,0.019442,-0.0096036
-0.043976,0.018992,-0.0082539
-0.050237,0.01853,-0.007022
-0.049283,0.014899,-0.014589
-0.048353,0.011705,-0.024366
-0.047435,0.0089148,-0.036061
-0.046534,0.0065192,-0.049478
-0.045638,0.0044991,-0.064467
-0.044745,0.0028497,-0.080799
-0.043858,0.0015726,-0.098396
-0.042971,0.00066815,-0.1173
-0.04208,0.00014219,-0.13739
-0.041192,-4.4026e-06,-0.1583
-0.043365,7.1499e-05,-0.1411
-0.045586,0.00035643,-0.12641
-0.047851,0.00085101,-0.11362
-0.050169,0.001552,-0.10216
-0.052527,0.0024517,-0.091982
-0.054943,0.0035535,-0.082859
-0.057414,0.0048563,-0.074722
-0.059932,0.0063562,-0.067509
-0.062506,0.0080575,-0.061042
-0.065139,0.0099647,-0.055296
-0.055909,0.0099593,-0.074328
-0.047481,0.0099499,-0.094738
-0.039816,0.0099429,-0.11644
-0.032854,0.0099267,-0.13953
-0.026587,0.0099154,-0.16363
-0.020983,0.0099025,-0.18858
-0.016029,0.0098858,-0.2144
-0.011726,0.0098728,-0.24114
-0.0080725,0.0098571,-0.26868
-0.0050802,0.009846,-0.29668
-0.0058548,0.012783,-0.25264
-0.0066623,0.016005,-0.21508
-0.0074984,0.01949,-0.18286
-0.0083675,0.023239,-0.15497
-0.0092718,0.027253,-0.1308
-0.01021,0.031528,-0.10968
-0.011183,0.036065,-0.091106
-0.012201,0.040892,-0.075015
-0.013261,0.04601,-0.060913
-0.01437,0.051437,-0.048699
-0.015177,0.054531,-0.036379
-0.016003,0.0577,-0.026151
-0.016846,0.060945,-0.017839
-0.017714,0.064281,-0.011353
-0.018605,0.067707,-0.0064547
-0.019523,0.071231,-0.0030292
-0.020467,0.074852,-0.00092182
-0.021441,0.07858,-3.5924e-05
-0.02244,0.082407,0.00031713
-0.023473,0.086347,0.0017197
-0.024442,0.090791,0.00067732
-0.025436,0.095359,0.00013735
-0.026459,0.10006,-2.2657e-06
-0.027516,0.1049,-0.00019306
-0.028599,0.10986,-0.00064305
-0.029714,0.11496,-0.0012722
-0.030862,0.12019,-0.0020307
-0.032036,0.12555,-0.0029001
-0.033248,0.13105,-0.0038122
-0.034482,0.13667,-0.0047501
-0.035364,0.12739,-0.01943
-0.036257,0.11856,-0.04232
-0.03716,0.11012,-0.072104
-0.038076,0.10204,-0.10769
-0.038994,0.094274,-0.14839
-0.039931,0.086818,-0.19349
-0.040876,0.079649,-0.24254
-0.041835,0.072766,-0.29513
-0.042811,0.066165,-0.35117
-0.04379,0.059841,-0.40994
-0.039287,0.063545,-0.35245
-0.03513,0.067262,-0.30555
-0.031291,0.071,-0.26681
-0.027739,0.074762,-0.23439
-0.02446,0.07855,-0.20678
-0.021431,0.082371,-0.18272
-0.018641,0.086224,-0.16185
-0.016072,0.090116,-0.14353
-0.013719,0.094046,-0.12738
-0.011571,0.098017,-0.11322
-0.012048,0.093152,-0.083364
-0.012518,0.088589,-0.059721
-0.012981,0.084298,-0.041172
-0.013439,0.080249,-0.026792
-0.013892,0.076416,-0.016002
-0.014342,0.072773,-0.0083516
-0.014788,0.06931,-0.0033468
-0.015233,0.066005,-0.00064217
-0.015676,0.062843,3.6486e-05
-0.016119,0.059811,0.0013372
