0.015309,0.017619,6.4447e-05
0.016595,0.013868,-0.00031558
0.018009,0.010529,-0.0018115
0.019553,0.0075713,-0.0044145
0.021227,0.0049717,-0.0080584
0.023035,0.0027165,-0.012671
0.024982,0.00080023,-0.018249
0.027073,-0.00077479,-0.024746
0.029313,-0.0019996,-0.032188
0.03171,-0.0028595,-0.040526
0.03427,-0.0033353,-0.049794
0.040159,-0.003719,-0.055622
0.046779,-0.0038772,-0.061772
0.054187,-0.0037975,-0.068167
0.062438,-0.0034669,-0.074838
0.07159,-0.0028726,-0.081698
0.081698,-0.0020017,-0.088778
0.092818,-0.00084174,-0.095985
0.10501,0.00061977,-0.10336
0.11831,0.0023945,-0.11079
0.1328,0.004494,-0.11834
0.12659,0.0062435,-0.11213
0.12064,0.0079728,-0.10728
0.11493,0.0096823,-0.10346
0.10945,0.011373,-0.10053
0.10418,0.013044,-0.098247
0.099123,0.014697,-0.096562
0.094264,0.016331,-0.095318
0.089596,0.017949,-0.094492
0.085112,0.019549,-0.093971
0.080805,0.021132,-0.093755
0.084403,0.014951,-0.097762
0.088159,0.0094906,-0.10195
0.092078,0.0047332,-0.10626
0.096168,0.00066539,-0.11072
0.10044,-0.0027236,-0.11527
0.10489,-0.0054408,-0.11996
0.10954,-0.0074911,-0.12471
0.11439,-0.0088761,-0.12958
0.11945,-0.0095962,-0.13449
0.12467,-0.010211,-0.1395
0.1278,-0.010408,-0.11504
0.13099,-0.0107,-0.093881
0.13428,-0.01056,-0.075535
0.13768,-0.0099915,-0.059682
0.14119,-0.009,-0.046017
0.14479,-0.0075891,-0.034347
0.14851,-0.0057605,-0.024476
0.15232,-0.0035136,-0.016279
0.15624,-0.00084629,-0.0096237
0.16026,0.0022446,-0.0044242
0.15534,0.0060704,-0.0078444
0.15055,0.01016,-0.011641
0.14591,0.01451,-0.01572
0.14141,0.019117,-0.020029
0.13703,0.02398,-0.024514
0.13278,0.029097,-0.029152
0.12865,0.034467,-0.033906
0.12465,0.04009,-0.038772
0.12076,0.045966,-0.043724
0.11698,0.052094,-0.048764
0.10832,0.040513,-0.057192
0.10029,0.030646,-0.065303
0.092829,0.02235,-0.073089
0.085904,0.015494,-0.080581
0.079475,0.009962,-0.087782
0.073505,0.0056523,-0.094731
0.067963,0.0024751,-0.10143
0.062818,0.00035307,-0.10791
0.058043,-0.00077972,-0.11419
0.053613,-0.00097729,-0.12028
0.056094,-0.0017588,-0.091133
0.0588,-0.0023665,-0.067435
0.061715,-0.002819,-0.04821
0.064826,-0.0031284,-0.032766
0.068125,-0.003303,-0.02057
0.071607,-0.0033477,-0.011235
0.07527,-0.0032653,-0.0044556
0.079113,-0.0030566,-3.4281e-07
0.083133,-0.0027215,0.0023209
0.087321,-0.0022698,0.0030146
0.087297,-0.0019347,0.003126
0.087272,-0.001589,0.003254
0.087246,-0.0012325,0.003401
0.087219,-0.00086525,0.0035689
0.087189,-0.00048727,0.00376
0.087159,-9.8507e-05,0.0039758
0.087127,0.00030108,0.0042183
0.087094,0.00071152,0.0044884
0.08706,0.0011329,0.0047875
0.087024,0.0015652,0.0051161
0.088151,0.00041574,0.0096796
0.089186,-0.00078585,0.016927
0.09013,-0.0020396,0.02669
0.090986,-0.0033458,0.038825
0.091756,-0.0047046,0.053208
0.092442,-0.0061164,0.069731
0.093045,-0.0075812,0.088293
0.093565,-0.0090992,0.10881
0.094003,-0.01067,0.13118
0.09436,-0.012294,0.15534
0.09593,-0.014503,0.18056
0.097522,-0.016386,0.20678
0.099137,-0.018021,0.23383
0.10074,-0.020037,0.26158
0.10233,-0.022556,0.28988
0.1039,-0.025586,0.31864
0.10548,-0.029131,0.34773
0.10705,-0.033199,0.37711
0.10862,-0.03779,0.40665
0.11021,-0.042911,0.43633
0.12208,-0.034815,0.3451
0.13304,-0.02855,0.2744
0.14336,-0.023766,0.21841
0.15324,-0.020234,0.17344
0.16282,-0.017793,0.13696
0.17218,-0.016334,0.10725
0.18143,-0.015065,0.083093
0.19065,-0.013396,0.063614
0.19989,-0.011302,0.048126
0.20916,-0.0087635,0.036111
0.20174,-0.0076512,0.040787
0.19449,-0.0064881,0.045173
0.18741,-0.0052741,0.049243
0.1805,-0.0040106,0.053003
0.17375,-0.0026997,0.056466
0.16716,-0.001344,0.059661
0.16072,5.4297e-05,0.062608
0.15445,0.0014923,0.06534
0.14832,0.0029679,0.067878
0.14234,0.0044785,0.07025
0.15526,0.0073054,0.060206
0.1687,0.010287,0.051556
0.18267,0.013435,0.0442
0.1972,0.016762,0.038064
0.21231,0.020279,0.033075
0.228,0.023994,0.029177
0.24429,0.027916,0.026313
0.26119,0.032054,0.02444
0.27872,0.036414,0.023515
0.29688,0.041002,0.023496
0.28976,0.047306,0.027003
0.28265,0.053725,0.032583
0.27556,0.060284,0.039846
0.26851,0.067003,0.048523
0.26149,0.073894,0.058418
0.25451,0.08097,0.06939
0.24759,0.088239,0.081333
0.2407,0.095708,0.094173
0.23387,0.10338,0.10785
0.22708,0.11126,0.12232
0.20583,0.10873,0.12551
0.18605,0.10616,0.1284
0.16768,0.10355,0.13102
0.15062,0.10092,0.13343
0.1348,0.098263,0.13565
0.12014,0.095584,0.1377
0.10658,0.092887,0.13961
0.094064,0.090177,0.1414
0.082522,0.087457,0.14307
0.071905,0.084731,0.14464
0.066411,0.073438,0.10239
0.061,0.063289,0.071468
0.055783,0.054237,0.048766
0.05082,0.046205,0.032212
0.046138,0.039108,0.020359
0.041748,0.032858,0.012168
0.037649,0.02737,0.0068742
0.033831,0.022562,0.0038993
0.030285,0.018363,0.0027756
0.027085,0.014809,0.0014567
0.031843,0.019135,0.0011461
0.037212,0.024219,0.00063581
0.04324,0.030127,-7.9218e-05
0.049971,0.03692,-0.0010075
0.057451,0.04466,-0.0021553
0.065725,0.053408,-0.003535
0.074838,0.063221,-0.0051554
0.084835,0.074156,-0.007034
0.095757,0.086267,-0.0091828
0.10765,0.099601,-0.011624
0.10513,0.097791,-0.0060324
0.10273,0.096094,-0.0018873
0.10042,0.094487,0.0011404
0.09819,0.092953,0.0032837
0.096026,0.091479,0.0047239
0.09392,0.090054,0.0055903
0.091864,0.08867,0.0059866
0.089853,0.087319,0.0059876
0.087881,0.085996,0.0056794
0.085935,0.084682,0.0055108
0.078973,0.073666,0.0038229
0.072491,0.063809,-0.00014548
0.066448,0.055003,-0.0063903
0.060798,0.04714,-0.014569
0.055501,0.040127,-0.024419
0.050522,0.03388,-0.035757
0.045827,0.028327,-0.04843
0.041389,0.023402,-0.062344
0.037178,0.01905,-0.077401
0.033173,0.015221,-0.093562
0.032217,0.012139,-0.065859
0.03147,0.0095552,-0.044947
0.03088,0.0073875,-0.029291
0.030408,0.0055753,-0.017814
0.030023,0.0040716,-0.0097022
0.029695,0.0028397,-0.0043682
0.029401,0.0018508,-0.0013651
0.029118,0.0010818,-0.00037099
0.028846,0.00051755,0.000281
0.028608,0.00016131,0.0025308
0.026311,0.00014167,0.00085166
0.024134,0.00012613,-0.00012102
0.022077,0.00011641,-0.00052821
0.020131,0.00011149,-0.00063719
0.018278,0.000103,-0.0010352
0.016514,8.8162e-05,-0.0017091
0.014834,6.5517e-05,-0.0025994
0.013238,3.3893e-05,-0.0036614
0.011722,-7.3829e-06,-0.0048545
0.010285,-5.8917e-05,-0.0061512
0.010472,2.3578e-05,-0.0036148
0.010631,9.136e-05,-0.0018873
0.010758,0.00014088,-0.00089667
0.010848,0.00016839,-0.00059281
0.010932,0.00019644,-0.00031251
0.011046,0.00025411,0.00059459
0.011193,0.00034617,0.0021163
0.011375,0.00047757,0.0042456
0.011597,0.00065366,0.0069839
0.011862,0.00087985,0.010332
0.011273,0.0010953,0.0097066
0.010689,0.0014963,0.0091047
0.010109,0.0020768,0.0085216
0.0095298,0.0028332,0.007951
0.0089511,0.0037647,0.0073887
0.0083712,0.0048727,0.0068299
0.0077889,0.0061611,0.0062706
0.0072031,0.0076353,0.0057073
0.0066129,0.0093027,0.005136
0.0060177,0.011172,0.0045539
0.0055461,0.011358,0.004824
0.0050972,0.011546,0.0051437
0.0046718,0.011735,0.0055111
0.0042711,0.011926,0.0059283
0.0038956,0.01212,0.0063933
0.0035466,0.012315,0.0069092
0.0032246,0.012514,0.0074732
0.0029308,0.012716,0.0080896
0.0026657,0.012922,0.0087545
0.0024303,0.013132,0.0094733
0.0028103,0.011805,0.0099449
0.0031896,0.010565,0.010401
0.003565,0.0094119,0.010835
0.0039348,0.0083464,0.011253
0.0042966,0.0073688,0.011647
0.0046492,0.0064802,0.012024
0.0049911,0.0056806,0.012378
0.0053218,0.0049712,0.012714
0.0056405,0.004352,0.013025
0.0059469,0.0038245,0.01332
0.006182,0.005063,0.015181
0.0064209,0.0065647,0.017182
0.0066616,0.0083463,0.019316
0.0069031,0.010427,0.021592
0.007143,0.012825,0.023997
0.0073793,0.015558,0.02654
0.0076079,0.018646,0.029201
0.0078261,0.022105,0.031985
0.0080287,0.025952,0.034868
0.0082126,0.030202,0.037858
0.0080062,0.024465,0.02699
0.0080602,0.019525,0.018247
0.0083302,0.015313,0.011339
0.0087824,0.011772,0.0060548
0.0093908,0.0088474,0.0022128
0.010138,0.0064929,-0.00031999
0.011013,0.0046689,-0.0016521
0.012005,0.003334,-0.0019212
0.012947,0.0022328,-0.0026935
0.013784,0.0012616,-0.0046068
0.014545,0.0025539,-0.0030394
0.015196,0.0041495,-0.0024092
0.015773,0.0061082,-0.0025109
0.016426,0.0086646,-0.0020162
0.017184,0.011897,-0.00065825
0.018051,0.015851,0.0016017
0.019027,0.020577,0.0047963
0.02011,0.026121,0.0089521
0.021296,0.03253,0.014079
0.02258,0.039848,0.020175
0.024775,0.039833,0.045147
0.027563,0.040875,0.077299
0.030891,0.042894,0.11647
0.034709,0.045823,0.16254
0.038964,0.049596,0.21536
0.043596,0.054138,0.27478
0.04854,0.059377,0.34055
0.053728,0.065229,0.4124
0.059089,0.071611,0.49001
0.064553,0.078438,0.57309
0.055239,0.065391,0.48244
0.047717,0.054859,0.40963
0.041526,0.046189,0.34982
0.036353,0.03895,0.29991
0.031987,0.032842,0.25767
0.02827,0.027651,0.22158
0.025088,0.023217,0.19046
0.022353,0.01942,0.16347
0.019995,0.016169,0.13996
0.017959,0.013389,0.1194
0.016474,0.012126,0.1124
0.015097,0.010979,0.10598
0.013819,0.0099395,0.10008
0.012631,0.0089928,0.094639
0.011529,0.0081315,0.089614
0.010505,0.0073452,0.084951
0.009553,0.0066281,0.080631
0.0086686,0.0059718,0.076607
0.0078476,0.0053717,0.072866
0.007085,0.0048212,0.069369
0.0072187,0.0047745,0.070925
0.0073516,0.0047357,0.072404
0.0074853,0.0047079,0.073818
0.0076203,0.0046915,0.075151
0.007758,0.0046896,0.076418
0.007899,0.0047031,0.077601
0.0080449,0.004735,0.078717
0.0081963,0.0047865,0.079749
0.0083547,0.0048606,0.080712
0.008521,0.0049586,0.081593
0.0066264,0.0034167,0.090011
0.0048591,0.002327,0.098415
0.0032107,0.0016785,0.10686
0.0017502,0.0008937,0.11536
0.00052489,-0.0004026,0.12396
-0.0004648,-0.0022086,0.13265
-0.0012153,-0.0045224,0.14145
-0.0017207,-0.0073427,0.15033
-0.0019786,-0.010668,0.15928
-0.0022784,-0.014538,0.16825
-0.0019345,-0.014516,0.14406
-0.0016764,-0.014368,0.12381
-0.0012486,-0.014089,0.1067
-0.00066745,-0.013701,0.092144
4.6328e-05,-0.013225,0.079664
0.00087681,-0.012676,0.068901
0.0018114,-0.012067,0.05957
0.002841,-0.01141,0.051444
0.0039589,-0.010714,0.044341
0.0051613,-0.0099856,0.038111
0.0065456,-0.010647,0.037807
0.0081044,-0.011305,0.037477
0.0098446,-0.01196,0.037122
0.011773,-0.01261,0.036741
0.013898,-0.013253,0.036332
0.016224,-0.013887,0.035898
0.018761,-0.014512,0.035436
0.021514,-0.015126,0.034948
0.02449,-0.015727,0.034432
0.027699,-0.016313,0.033888
0.027158,-0.017923,0.041465
0.026573,-0.019653,0.049719
0.025946,-0.021503,0.058617
0.025284,-0.023472,0.06814
0.024588,-0.025557,0.078258
0.02386,-0.027746,0.088959
0.023105,-0.030035,0.10021
0.022325,-0.032413,0.11201
0.021525,-0.034874,0.12432
0.020709,-0.037409,0.13714
0.019859,-0.02876,0.085869
0.018594,-0.022019,0.049304
0.017048,-0.016845,0.024397
0.01531,-0.012966,0.0089349
0.013441,-0.010161,0.0012538
0.011508,-0.0082028,-0.00042823
0.0099327,-0.0062352,-0.0049182
0.008792,-0.0040029,-0.014647
0.0080335,-0.0014978,-0.029484
0.0076277,0.0012958,-0.049575
0.0083167,0.0013873,-0.056672
0.0090266,0.0014593,-0.064316
0.0097549,0.0015067,-0.072499
0.010498,0.0015223,-0.081212
0.011253,0.0015004,-0.090444
0.012016,0.0014323,-0.10018
0.012785,0.0013119,-0.11041
0.013555,0.0011308,-0.12111
0.014324,0.0008833,-0.13226
0.015088,0.00056121,-0.14385
0.015774,-0.00079635,-0.11733
0.016841,-0.0017506,-0.09541
0.018237,-0.0023837,-0.07713
0.019924,-0.0027568,-0.061787
0.021874,-0.0029139,-0.048854
0.024067,-0.002889,-0.037945
0.026489,-0.0027071,-0.028762
0.02913,-0.0023881,-0.021084
0.031983,-0.0019474,-0.014742
0.035043,-0.0013974,-0.0096082
0.034122,-0.0027127,-0.0040545
0.033278,-0.0039214,-0.00081944
0.032497,-0.00505,0.00023691
0.031741,-0.0061948,0.00093418
0.030985,-0.0074791,0.003571
0.030247,-0.0089181,0.0080961
0.029551,-0.010532,0.014466
0.028921,-0.012346,0.022638
0.028384,-0.014387,0.03259
0.027966,-0.016684,0.044284
0.024305,-0.014509,0.045355
0.021024,-0.012673,0.046357
0.018099,-0.011142,0.047302
0.015511,-0.0098846,0.048171
0.013238,-0.0088721,0.048972
0.011262,-0.0080766,0.049691
0.0095647,-0.0074752,0.050332
0.0081303,-0.0070443,0.050888
0.0069437,-0.0067648,0.051356
0.0059907,-0.0066181,0.051739
0.0060771,-0.007125,0.051171
0.0061626,-0.007639,0.050542
0.0062458,-0.0081554,0.049837
0.0063246,-0.0086714,0.049078
0.0063975,-0.0091823,0.048243
0.0064623,-0.009686,0.047362
0.0065174,-0.010178,0.046405
0.0065514,-0.010652,0.045413
0.0065654,-0.011106,0.044345
0.0065599,-0.011541,0.043253
0.0071862,-0.013347,0.048777
0.0078967,-0.015288,0.054622
0.0086825,-0.017363,0.060714
0.0095377,-0.019578,0.067117
0.010461,-0.021934,0.073759
0.011448,-0.024447,0.080697
0.012498,-0.027129,0.08795
0.013604,-0.029986,0.095493
0.014717,-0.033039,0.10331
0.015831,-0.036296,0.11141
0.015132,-0.033513,0.11741
0.014372,-0.031064,0.12318
0.01368,-0.028885,0.12871
0.013078,-0.026948,0.13404
0.012566,-0.025238,0.13916
0.012145,-0.023735,0.14412
0.011818,-0.02243,0.1489
0.011587,-0.021309,0.15354
0.01146,-0.020367,0.15803
0.011441,-0.019592,0.16239
0.010314,-0.016722,0.14741
0.0093514,-0.013931,0.13439
0.008351,-0.010682,0.12298
0.0072812,-0.0069503,0.11283
0.0061235,-0.0027188,0.1037
0.0048596,0.0020412,0.095376
0.0034714,0.0073509,0.087696
0.0019384,0.013242,0.080545
0.00024205,0.019735,0.073867
-0.0016386,0.026862,0.067568
-0.0030172,0.032574,0.082183
-0.0047578,0.039232,0.098134
-0.0068986,0.046921,0.11538
-0.0094751,0.055728,0.13379
-0.012519,0.065726,0.1533
-0.01606,0.076992,0.17375
-0.020123,0.089586,0.19508
-0.024728,0.10357,0.21713
-0.029893,0.11899,0.23985
-0.035632,0.1359,0.26308
-0.040941,0.14064,0.22298
-0.045822,0.14478,0.18802
-0.05031,0.14842,0.15736
-0.054432,0.15163,0.13026
-0.05822,0.15449,0.10627
-0.061699,0.15704,0.08496
-0.064895,0.15933,0.066041
-0.06783,0.16141,0.049256
-0.070529,0.16331,0.034438
-0.073011,0.16507,0.021414
-0.073825,0.16938,0.014864
-0.074519,0.17365,0.0086092
-0.075101,0.17789,0.0026688
-0.075577,0.18211,-0.0029531
-0.075955,0.18632,-0.0082436
-0.076241,0.19053,-0.013194
-0.076445,0.19474,-0.017796
-0.076573,0.19896,-0.022033
-0.076635,0.20321,-0.025906
-0.076638,0.20749,-0.029409
-0.076512,0.20363,-0.032396
-0.076511,0.19989,-0.034255
-0.076606,0.19625,-0.035214
-0.076669,0.19263,-0.036139
-0.07663,0.18898,-0.037495
-0.076505,0.1853,-0.039178
-0.076309,0.18159,-0.041124
-0.076053,0.17788,-0.04326
-0.075748,0.17417,-0.045552
-0.075403,0.17047,-0.047914
-0.072447,0.15854,-0.039536
-0.069133,0.14705,-0.034045
-0.065594,0.13602,-0.030652
-0.062018,0.1256,-0.02812
-0.058663,0.11602,-0.024622
-0.0555,0.10722,-0.020337
-0.052497,0.099127,-0.015486
-0.049631,0.091671,-0.010218
-0.046884,0.0848,-0.0046654
-0.044241,0.078466,0.0010993
-0.041069,0.07099,0.0020781
-0.037837,0.064211,0.0030788
-0.034556,0.058077,0.0040625
-0.031472,0.052404,0.0050178
-0.028838,0.047004,0.0059167
-0.02662,0.041859,0.006768
-0.02479,0.036955,0.0075635
-0.02332,0.032277,0.0083064
-0.022187,0.027809,0.008994
-0.021373,0.023537,0.0096302
-0.022654,0.02539,0.012437
-0.023977,0.027337,0.0155
-0.02534,0.029377,0.018801
-0.02674,0.031506,0.02234
-0.028176,0.033724,0.026115
-0.029647,0.036029,0.030112
-0.031151,0.038419,0.034331
-0.032688,0.040894,0.038755
-0.034259,0.043452,0.043387
-0.035862,0.046092,0.048206
-0.034646,0.043677,0.036578
-0.03366,0.041682,0.027224
-0.032857,0.040032,0.019735
-0.0322,0.038668,0.013778
-0.031661,0.037543,0.0091071
-0.031215,0.036616,0.0055158
-0.030844,0.035856,0.0028492
-0.030532,0.035236,0.00097368
-0.030266,0.034734,-0.00021365
-0.030035,0.034331,-0.00080176
-0.027739,0.031998,0.0018977
-0.025475,0.029834,0.0064211
-0.02322,0.027806,0.012547
-0.020958,0.025886,0.020104
-0.018675,0.024053,0.02897
-0.016359,0.022288,0.039047
-0.014003,0.020574,0.050265
-0.011604,0.018898,0.062568
-0.0091605,0.017248,0.075911
-0.0066887,0.015612,0.090258
-0.006866,0.013477,0.071084
-0.0070325,0.01168,0.055331
-0.0071757,0.010155,0.042398
-0.0072904,0.0088512,0.031828
-0.0073717,0.0077246,0.023253
-0.0074184,0.0067406,0.016385
-0.0074294,0.00587,0.010985
-0.007405,0.0050885,0.0068659
-0.0073459,0.0043753,0.0038717
-0.0072536,0.0037131,0.0018814
-0.0074035,0.003007,0.0012567
-0.0075734,0.0023061,0.00083003
-0.0077611,0.0016053,0.00059871
-0.0079672,0.00090141,0.00053585
-0.0082087,0.00019788,0.00035756
-0.0084893,-0.00050533,-1.4365e-05
-0.008807,-0.00121,-0.00057952
-0.0091606,-0.0019177,-0.0013372
-0.0095487,-0.0026295,-0.0022884
-0.0099704,-0.0033464,-0.0034327
-0.0090575,-0.0032862,-0.0028204
-0.0081821,-0.0032064,-0.0022853
-0.0073456,-0.0031073,-0.0018209
-0.0065491,-0.0029894,-0.0014205
-0.0057942,-0.002853,-0.0010789
-0.0050825,-0.0026985,-0.0007909
-0.0044158,-0.0025262,-0.00055247
-0.0037958,-0.0023367,-0.00035956
-0.0032248,-0.0021303,-0.00020895
-0.002705,-0.0019076,-9.7452e-05
-0.0027963,-0.0020754,5.4009e-05
-0.0029048,-0.0022266,0.0001092
-0.0030209,-0.0023632,0.00034464
-0.0031426,-0.0024857,0.00077565
-0.0032489,-0.0026188,0.0013997
-0.0033337,-0.0027688,0.0022147
-0.003396,-0.0029353,0.0032183
-0.0034349,-0.0031183,0.0044085
-0.0034495,-0.0033178,0.0057831
-0.0034389,-0.0035342,0.0073403
-0.0030177,-0.0028094,0.005244
-0.0025907,-0.0022216,0.0035058
-0.0021637,-0.0017574,0.0021223
-0.0017472,-0.001397,0.0010889
-0.0014049,-0.001055,0.0004003
-0.0011495,-0.00070927,5.0344e-05
-0.00097509,-0.00036078,-3.6989e-05
-0.00087384,-1.3767e-05,-0.00035972
-0.00084142,0.00033204,-0.0010142
-0.00087805,0.00067916,-0.0020033
-0.00083247,0.00063527,-0.0029578
-0.00078444,0.00059215,-0.0041292
-0.00073395,0.00054981,-0.005539
-0.00068118,0.00050794,-0.0072103
-0.00062648,0.00046603,-0.0091682
-0.00057162,0.00042361,-0.011437
-0.00051778,0.00038031,-0.014044
-0.00046735,0.00033656,-0.01701
-0.00042252,0.00029291,-0.02036
-0.00038697,0.00025328,-0.024112
-0.00063826,0.00062146,-0.024197
-0.0009698,0.001019,-0.024284
-0.00132,0.0014975,-0.024377
-0.0016743,0.002073,-0.024479
-0.0020299,0.0027495,-0.024594
-0.0023847,0.0035326,-0.024722
-0.0027351,0.0044283,-0.024865
-0.0030782,0.0054449,-0.025022
-0.0034094,0.0065898,-0.025194
-0.0037249,0.0078737,-0.025377
-0.0017195,0.0068044,-0.038436
0.00036354,0.0058752,-0.054434
0.0025212,0.0051075,-0.073499
0.0047415,0.0045332,-0.095736
0.0070104,0.0041882,-0.12122
0.0093071,0.004115,-0.14997
0.011612,0.0043559,-0.18199
0.013901,0.0049563,-0.21723
0.016152,0.005958,-0.25561
0.018506,0.0072143,-0.29704
0.013819,0.0071077,-0.22579
0.0080618,0.0090416,-0.1707
0.0011927,0.012924,-0.12725
-0.00676,0.018598,-0.092515
-0.015857,0.026038,-0.064554
-0.026249,0.035352,-0.042187
-0.038158,0.046759,-0.024776
-0.051849,0.06056,-0.012074
-0.067611,0.07711,-0.0040733
-0.085739,0.096792,-0.00088065
-0.089325,0.10069,-0.00036335
-0.093012,0.1047,0.0012583
-0.096802,0.10882,0.0039691
-0.10069,0.11306,0.007648
-0.10469,0.11741,0.012194
-0.10879,0.12188,0.017508
-0.11299,0.12647,0.023514
-0.11729,0.13118,0.030139
-0.12171,0.13601,0.037321
-0.12623,0.14095,0.044999
-0.11718,0.13122,0.026308
-0.1085,0.12237,0.013754
-0.10016,0.11431,0.0057654
-0.092115,0.10695,0.0012584
-0.084348,0.10024,-0.00051898
-0.076839,0.09411,-0.0012242
-0.06957,0.088493,-0.0035857
-0.062518,0.083345,-0.0074333
-0.05566,0.078632,-0.01254
-0.048974,0.074322,-0.018735
-0.048208,0.070334,-0.0086071
-0.047408,0.066581,-0.0029681
-0.046563,0.063036,-0.0010815
-0.04567,0.059714,0.00019844
-0.044732,0.056654,0.0042725
-0.043752,0.053839,0.01085
-0.042729,0.051252,0.019695
-0.04166,0.04888,0.030626
-0.040545,0.046709,0.0435
-0.039379,0.044725,0.058207
-0.036578,0.041931,0.036628
-0.033899,0.039476,0.020981
-0.031326,0.037325,0.010137
-0.02884,0.035444,0.0032828
-0.026428,0.033804,-0.00018613
-0.024072,0.032376,-0.00094004
-0.021732,0.031067,-0.0029286
-0.019389,0.029843,-0.0073027
-0.017037,0.028702,-0.013897
-0.01467,0.02764,-0.022595
-0.018331,0.028975,-0.019791
-0.021965,0.030576,-0.017281
-0.025577,0.032448,-0.015031
-0.029171,0.034595,-0.013011
-0.032751,0.037025,-0.0112
-0.036319,0.039746,-0.0095789
-0.039876,0.042767,-0.0081324
-0.043422,0.046097,-0.0068468
-0.046974,0.049732,-0.0057114
-0.050785,0.053441,-0.0047139
-0.04617,0.04874,-0.0032968
-0.041913,0.04429,-0.0022199
-0.037953,0.040119,-0.0014249
-0.034198,0.036289,-0.00086499
-0.030634,0.032784,-0.00050294
-0.027252,0.029589,-0.00030802
-0.024041,0.02669,-0.00022345
-0.020994,0.024072,-6.3667e-05
-0.018101,0.021724,0.00018542
-0.015352,0.019631,0.0005121
-0.01351,0.016964,0.00084205
-0.011835,0.014569,0.0012043
-0.010315,0.012427,0.0015925
-0.0089364,0.010522,0.0020014
-0.0076891,0.0088362,0.0024262
-0.0065618,0.0073552,0.0028633
-0.0055439,0.0060638,0.0033093
-0.0046257,0.004948,0.0037613
-0.0037978,0.0039945,0.0042168
-0.0030516,0.0031904,0.0046742
-0.0036102,0.0036312,0.0030186
-0.0043322,0.0039916,0.0017201
-0.0052244,0.0042671,0.00077445
-0.0062971,0.0044501,0.00018964
-0.0075628,0.004531,-1.7625e-05
-0.0090357,0.0044969,-0.00021057
-0.010731,0.0043336,-0.00082622
-0.012666,0.0040274,-0.0018893
-0.014855,0.003564,-0.003423
-0.017318,0.0029289,-0.0054471
-0.018685,0.0042268,-0.0042638
-0.020147,0.0056354,-0.0032378
-0.021709,0.0071601,-0.0023644
-0.023375,0.0088063,-0.0016393
-0.025149,0.01058,-0.0010581
-0.027036,0.012485,-0.00061653
-0.029041,0.014528,-0.00031014
-0.031169,0.016715,-0.00013468
-0.033425,0.019049,-8.5265e-05
-0.035813,0.021537,-3.9767e-05
-0.035714,0.026168,0.00018341
-0.03614,0.030453,0.00059937
-0.037091,0.034403,0.0012088
-0.038575,0.038029,0.0020105
-0.040604,0.041333,0.0030047
-0.043189,0.044322,0.0041908
-0.045778,0.04755,0.0055663
-0.048015,0.05138,0.0071285
-0.049888,0.055843,0.0088768
-0.051379,0.060972,0.010809
-0.042037,0.054089,0.016298
-0.033319,0.048191,0.022365
-0.025165,0.043207,0.028885
-0.017523,0.039078,0.035776
-0.010344,0.035752,0.04298
-0.00359,0.033189,0.050465
0.0027736,0.031356,0.058209
0.0087735,0.030229,0.066202
0.01443,0.029798,0.074437
0.019758,0.030057,0.082913
0.018616,0.028339,0.090409
0.01751,0.026676,0.098365
0.01644,0.025068,0.10677
0.015405,0.023515,0.11564
0.014407,0.022015,0.12496
0.013445,0.020568,0.13473
0.012518,0.019174,0.14495
0.011628,0.017832,0.15562
0.010773,0.016542,0.16672
0.0099548,0.015302,0.17827
0.013458,0.020713,0.13607
0.017334,0.026989,0.10119
0.021616,0.03416,0.072404
0.026359,0.042291,0.048933
0.03163,0.051474,0.030276
0.037509,0.061817,0.016151
0.044083,0.073443,0.0064026
0.051441,0.086477,0.00094718
0.059674,0.10105,-0.00047953
0.068869,0.11727,-0.0035474
0.070086,0.11229,-0.0021504
0.071129,0.10766,-0.0012515
0.072005,0.10335,-0.00072355
0.07272,0.099334,-0.00047809
0.07328,0.095609,-0.00043497
0.073692,0.092158,-0.00032712
0.073961,0.088966,-8.8148e-05
0.074091,0.086023,0.00025665
0.074086,0.083315,0.00069009
0.073951,0.080833,0.0011979
0.074483,0.081794,0.0019861
0.075013,0.082762,0.0029129
0.075541,0.083738,0.0039729
0.076065,0.084721,0.00516
0.076588,0.08571,0.0064706
0.077109,0.086707,0.0079003
0.077627,0.087711,0.0094471
0.078144,0.088723,0.011108
0.078659,0.089741,0.012881
0.079172,0.090767,0.014764
0.081663,0.094724,0.014316
0.084181,0.0988,0.013781
0.086728,0.103,0.013169
0.089303,0.10731,0.012492
0.091906,0.11175,0.011759
0.094538,0.11631,0.010981
0.097198,0.12099,0.010168
0.099888,0.12579,0.0093273
0.10261,0.13071,0.0084699
0.10535,0.13576,0.0076022
0.10615,0.13944,0.0072762
0.10691,0.14321,0.0070104
0.10763,0.14707,0.0067969
0.10832,0.15101,0.0066264
0.10897,0.15504,0.0064938
0.10958,0.15915,0.0063922
0.11015,0.16335,0.0063183
0.11069,0.16763,0.0062669
0.11119,0.172,0.006236
0.11166,0.17645,0.0062212
0.11675,0.17812,0.0022805
0.12184,0.17991,-0.00030361
0.12693,0.18181,-0.0017527
0.13202,0.18381,-0.0022415
0.1371,0.18592,-0.0027346
0.14217,0.18811,-0.003952
0.14723,0.1904,-0.0058067
0.15229,0.19277,-0.0082314
0.15733,0.19523,-0.011168
0.16237,0.19778,-0.014572
0.1517,0.1889,-0.013101
0.1415,0.18048,-0.011803
0.13174,0.17249,-0.010638
0.1224,0.16492,-0.0095831
0.11347,0.15774,-0.0086163
0.10493,0.15093,-0.0077259
0.096745,0.14449,-0.0069015
0.088914,0.13838,-0.0061372
0.081416,0.13259,-0.0054281
0.074237,0.12711,-0.0047717
0.074587,0.13048,-0.00609
0.074917,0.1339,-0.0076177
0.075228,0.13739,-0.0093497
0.07552,0.14094,-0.011279
0.075794,0.14454,-0.013403
0.076051,0.14821,-0.015715
0.07629,0.15194,-0.018213
0.076513,0.15573,-0.02089
0.076719,0.15958,-0.023743
0.07691,0.16349,-0.02677
0.076458,0.15767,-0.020679
0.075932,0.15198,-0.015786
0.075337,0.14642,-0.011869
0.074676,0.141,-0.0087604
0.073953,0.1357,-0.006334
0.073171,0.13054,-0.004491
0.072332,0.1255,-0.0031554
0.07144,0.12059,-0.0022657
0.070495,0.1158,-0.0017741
0.069501,0.11114,-0.0016111
0.059893,0.11305,-0.0017799
0.049672,0.11572,-0.0025413
0.038821,0.11914,-0.003857
0.027326,0.12333,-0.0056711
0.015171,0.12827,-0.0079391
0.002343,0.13398,-0.010623
-0.011171,0.14045,-0.013691
-0.025381,0.1477,-0.017116
-0.040296,0.15574,-0.020875
-0.055925,0.16458,-0.024949
-0.037881,0.16605,-0.017884
-0.019504,0.16863,-0.012606
-0.00075059,0.17231,-0.0087263
0.018423,0.1771,-0.0059593
0.038059,0.183,-0.0040896
0.058197,0.19004,-0.0029537
0.078878,0.19822,-0.0024245
0.10014,0.20759,-0.0023998
0.12202,0.21818,-0.0023341
0.14455,0.23001,-0.0019226
0.16057,0.23835,-0.001973
0.17683,0.2473,-0.001947
0.19333,0.25685,-0.0018409
0.21009,0.26702,-0.0016505
0.22709,0.2778,-0.0013668
0.24435,0.2892,-0.0009857
0.26187,0.30122,-0.00049906
0.27965,0.31386,8.1933e-05
0.2977,0.32714,0.00076419
0.31602,0.34104,0.0015456
0.31009,0.33804,0.0025545
0.30416,0.3352,0.0036546
0.29822,0.33249,0.0048488
0.29229,0.32993,0.0061332
0.28634,0.32751,0.0075097
0.28039,0.32523,0.0089752
0.27443,0.32308,0.010531
0.26845,0.32106,0.012175
0.26247,0.31917,0.013909
0.25647,0.31741,0.01573
0.25081,0.30185,0.016785
0.24512,0.2873,0.017713
0.2394,0.27371,0.018537
0.23366,0.26103,0.019276
0.22787,0.24919,0.019943
0.22206,0.23816,0.02055
0.2162,0.22789,0.021105
0.2103,0.21835,0.021615
0.20435,0.20948,0.022085
0.19836,0.20126,0.022519
0.18825,0.19281,0.027086
0.1783,0.18482,0.031501
0.16851,0.17726,0.035758
0.15888,0.17012,0.039859
0.14942,0.16338,0.04381
0.14012,0.15702,0.04762
0.13099,0.15101,0.051294
0.12203,0.14535,0.054844
0.11324,0.14002,0.058273
0.10461,0.13501,0.06159
0.10696,0.13336,0.090144
0.10919,0.13192,0.12207
0.11129,0.13067,0.15685
0.11326,0.12961,0.19408
0.11509,0.12872,0.23343
0.11678,0.128,0.27462
0.11833,0.12743,0.31741
0.11973,0.12702,0.36163
0.12099,0.12676,0.40708
0.12209,0.12666,0.45366
0.12442,0.12869,0.50679
0.12674,0.13075,0.56042
0.12905,0.13282,0.61431
0.13135,0.13491,0.66841
0.13363,0.13701,0.72252
0.13589,0.13912,0.77665
0.13814,0.14125,0.83059
0.14037,0.14338,0.88439
0.14258,0.14552,0.93775
0.14477,0.14766,0.99081
0.13284,0.13588,0.91495
0.12112,0.12565,0.85807
0.10954,0.11679,0.81413
0.098079,0.10914,0.77952
0.086714,0.10261,0.75167
0.075432,0.097117,0.72898
0.064223,0.092587,0.71017
0.05308,0.08897,0.69444
0.041998,0.086223,0.68109
0.030969,0.084308,0.6697
0.032903,0.079723,0.65605
0.034597,0.075477,0.64221
0.036078,0.071552,0.62826
0.037363,0.067926,0.61436
0.038468,0.064584,0.60052
0.039405,0.061508,0.58684
0.040188,0.058684,0.57332
0.040827,0.056097,0.56002
0.041334,0.053734,0.54692
0.041716,0.051582,0.53407
0.037139,0.046299,0.4515
0.032985,0.041486,0.38424
0.029198,0.037083,0.3286
0.025735,0.033043,0.28201
0.022566,0.029332,0.24265
0.019665,0.025922,0.20912
0.017013,0.022792,0.18043
0.014594,0.019922,0.15574
0.012393,0.017298,0.13444
0.010397,0.014906,0.11601
0.0095044,0.013643,0.11238
0.008656,0.012456,0.10849
0.0078522,0.011344,0.10444
0.0070924,0.010303,0.10023
0.0063764,0.0093318,0.095949
0.0057032,0.0084275,0.091602
0.0050723,0.007588,0.087246
0.0044826,0.0068104,0.082888
0.0039334,0.0060927,0.078576
0.0034232,0.005432,0.074305
0.0054794,0.0063327,0.083635
0.0076037,0.0076777,0.093483
0.0098051,0.0094881,0.10385
0.012175,0.011703,0.11469
0.01503,0.014037,0.12596
0.018421,0.01647,0.13761
0.022369,0.019013,0.14959
0.026896,0.021673,0.16182
0.032023,0.024458,0.17424
0.03777,0.027378,0.18677
0.032913,0.025794,0.15588
0.028688,0.024122,0.13053
0.025034,0.02237,0.10955
0.021897,0.020548,0.092059
0.019231,0.018663,0.077395
0.016996,0.016723,0.065037
0.014964,0.014924,0.054589
0.012893,0.013483,0.045718
0.010784,0.012372,0.038172
0.0086393,0.011569,0.031725
0.01033,0.013084,0.024827
0.01215,0.014732,0.018808
0.014103,0.016516,0.013644
0.016192,0.01844,0.0093104
0.018423,0.020507,0.005799
0.0208,0.022723,0.0030991
0.023327,0.025091,0.0012119
0.02601,0.027617,0.0001364
0.028853,0.030306,-0.00015076
0.031858,0.033163,-0.00071206
0.035448,0.036537,-0.0002733
0.039309,0.040202,-0.00013504
0.043462,0.044177,1.8093e-05
0.047925,0.048479,0.00043917
0.052715,0.053128,0.0011081
0.05785,0.05814,0.0020016
0.063348,0.063534,0.0030976
0.069227,0.069328,0.0043702
0.075502,0.075539,0.0057971
0.082192,0.082185,0.0073517
0.078967,0.07898,0.0023635
0.075877,0.075899,0.00021425
0.072906,0.07293,-0.00036802
0.07004,0.070071,-0.0027708
0.06727,0.067314,-0.0070836
0.06459,0.06465,-0.013116
0.061993,0.062073,-0.020708
0.059475,0.059575,-0.029738
0.057029,0.057153,-0.040094
0.054653,0.054799,-0.051696
0.054031,0.054629,-0.063333
0.053124,0.054773,-0.075979
0.051934,0.055236,-0.089596
0.050458,0.056024,-0.10416
0.048695,0.057142,-0.11965
0.04664,0.058595,-0.13603
0.04429,0.06039,-0.15328
0.04164,0.062533,-0.17138
0.038686,0.065029,-0.19028
0.03542,0.067883,-0.20998
0.032329,0.067395,-0.19078
0.029258,0.067013,-0.17368
0.026202,0.066731,-0.15829
0.023159,0.066545,-0.14436
0.020126,0.066451,-0.13164
0.017101,0.066445,-0.11998
0.014082,0.066525,-0.10924
0.011066,0.066686,-0.0993
0.0080509,0.066927,-0.090078
0.0050361,0.067247,-0.081506
0.0037343,0.071983,-0.053302
0.0024005,0.0769,-0.03207
0.0010139,0.082006,-0.016766
-0.00044535,0.087311,-0.00663
-0.0019958,0.092826,-0.0010863
-0.0036548,0.098561,0.0003958
-0.0054562,0.10451,0.0027962
-0.0074239,0.11067,0.0086659
-0.0095688,0.11705,0.017739
-0.0119,0.12366,0.029782
-0.017508,0.11674,0.034534
-0.022703,0.11027,0.039561
-0.0275,0.10425,0.044833
-0.031912,0.098647,0.050324
-0.035953,0.093451,0.056006
-0.039633,0.088648,0.061859
-0.042963,0.084224,0.067858
-0.045953,0.080167,0.073989
-0.048612,0.076466,0.08023
-0.050949,0.073112,0.08657
-0.039093,0.064895,0.084332
-0.028306,0.057825,0.082797
-0.018512,0.051809,0.081799
-0.0096396,0.046767,0.081223
-0.0016264,0.04263,0.080975
0.0055855,0.039342,0.080989
0.012048,0.036856,0.081207
0.017807,0.035137,0.081591
0.022903,0.03416,0.0821
0.027371,0.033911,0.082712
0.025639,0.036182,0.079066
0.023416,0.038947,0.075662
0.020694,0.042215,0.072458
0.017461,0.045996,0.06943
0.013707,0.050303,0.066552
0.0094161,0.055151,0.063809
0.0045744,0.060556,0.061183
-0.00083437,0.066534,0.058666
-0.0068271,0.073102,0.056243
-0.013421,0.080278,0.053911
-0.0099016,0.075954,0.038256
-0.0066851,0.071932,0.02596
-0.0037417,0.068184,0.016499
-0.0010455,0.064687,0.009471
0.0014259,0.061418,0.0045641
0.0036926,0.058359,0.0015317
0.0057723,0.055493,0.0001775
0.007683,0.052803,-0.00020466
0.009448,0.050277,-0.0017607
0.011079,0.047902,-0.004604
0.009708,0.051663,-0.0050597
0.0081458,0.055662,-0.0055297
0.0063852,0.059908,-0.0060123
0.0044189,0.064406,-0.0065064
0.0022399,0.069164,-0.00701
-0.00015846,0.074188,-0.0075222
-0.0027825,0.079486,-0.0080411
-0.0056382,0.085061,-0.0085659
-0.0087313,0.09092,-0.0090947
-0.012067,0.097069,-0.0096267
-0.010086,0.099769,-0.011281
-0.0080463,0.10253,-0.013035
-0.0059468,0.10535,-0.014879
-0.0037877,0.10824,-0.01681
-0.0015691,0.11118,-0.01882
0.00070912,0.11419,-0.020905
0.003047,0.11726,-0.023057
0.0054447,0.12038,-0.025273
0.0079022,0.12357,-0.027546
0.01042,0.12681,-0.029872
0.00075332,0.11816,-0.014094
-0.0081206,0.11022,-0.0050568
-0.016245,0.10297,-0.00098307
-0.023656,0.096397,-0.00015822
-0.030398,0.09048,0.0023528
-0.036493,0.085205,0.0071313
-0.041961,0.080555,0.013727
-0.046815,0.076517,0.021807
-0.051068,0.073079,0.031123
-0.054731,0.070232,0.041487
-0.057588,0.074534,0.040734
-0.060531,0.078986,0.040347
-0.063561,0.083587,0.040297
-0.066679,0.088339,0.040566
-0.069885,0.093242,0.041136
-0.07318,0.098297,0.041993
-0.076565,0.1035,0.043125
-0.080039,0.10886,0.044524
-0.083602,0.11438,0.046181
-0.087255,0.12004,0.048091
-0.080352,0.11982,0.042671
-0.073235,0.11998,0.037707
-0.065903,0.1205,0.033148
-0.058354,0.12139,0.028957
-0.050586,0.12265,0.025102
-0.042595,0.12426,0.021558
-0.03438,0.12623,0.018304
-0.025937,0.12856,0.015325
-0.017261,0.13125,0.012608
-0.0083499,0.1343,0.010141
-0.0016631,0.14253,0.0056305
0.0055125,0.15127,0.0023518
0.013195,0.16054,0.00012058
0.021402,0.17036,-0.0012167
0.03015,0.18074,-0.0017883
0.039455,0.1917,-0.0021695
0.049335,0.20323,-0.0031259
0.059803,0.21536,-0.0045944
0.070872,0.22809,-0.0065113
0.082554,0.24144,-0.0088229
0.086658,0.24121,-0.0046651
0.090727,0.24104,-0.0029226
0.094761,0.24092,-0.0026081
0.09876,0.24088,-0.0015085
0.10273,0.24092,0.00047973
0.10666,0.24103,0.0031202
0.11057,0.24121,0.0062462
0.11444,0.24146,0.0097378
0.1183,0.24177,0.013509
0.12212,0.24214,0.017495
0.092805,0.21957,0.017083
0.065934,0.19954,0.017074
0.041353,0.1819,0.017352
0.018916,0.1665,0.01784
-0.0015066,0.15321,0.018486
-0.020036,0.14191,0.019253
-0.036782,0.13248,0.020116
-0.051841,0.12485,0.021053
-0.065299,0.11892,0.02205
-0.07723,0.11462,0.023093
-0.062301,0.10799,0.017073
-0.047882,0.1026,0.0124
-0.033911,0.098351,0.0087555
-0.02033,0.095183,0.0059104
-0.0070869,0.093037,0.0036953
0.0058653,0.091869,0.0019842
0.018569,0.091645,0.00068176
0.031063,0.092342,-0.00028441
0.04338,0.093946,-0.00097029
0.05555,0.096452,-0.0014195
0.05451,0.094741,-0.0016272
0.053466,0.093061,-0.0022507
0.052421,0.091403,-0.0036237
0.051375,0.089766,-0.0057208
0.050327,0.088147,-0.0085192
0.049279,0.086546,-0.011998
0.048232,0.084962,-0.016138
0.047185,0.083392,-0.020923
0.04614,0.081837,-0.026336
0.045096,0.080294,-0.032362
0.04745,0.087588,-0.036554
0.049849,0.09538,-0.040869
0.052294,0.10369,-0.045282
0.054782,0.11252,-0.049772
0.057314,0.1219,-0.054314
0.05989,0.13183,-0.058891
0.062509,0.14234,-0.063485
0.065171,0.15342,-0.068082
0.067878,0.16509,-0.072666
0.070631,0.17735,-0.077225
0.067748,0.19669,-0.073791
0.064027,0.21754,-0.070999
0.059442,0.23995,-0.068765
0.053973,0.26394,-0.067017
0.047599,0.28956,-0.065687
0.040306,0.31681,-0.064717
0.032082,0.34573,-0.064051
0.022918,0.37632,-0.063642
0.012809,0.40858,-0.063444
0.0017538,0.44253,-0.063422
-0.0035372,0.43459,-0.023861
-0.0086742,0.42639,-0.0083644
-0.013647,0.41813,-0.0043255
-0.018406,0.41018,0.01028
-0.022966,0.40252,0.034803
-0.02734,0.39511,0.067351
-0.031539,0.38793,0.10659
-0.035572,0.38096,0.15156
-0.039446,0.37417,0.20149
-0.043167,0.36756,0.25582
-0.047499,0.35915,0.24892
-0.051743,0.35123,0.24643
-0.055903,0.34375,0.24695
-0.059983,0.33665,0.24959
-0.063988,0.32992,0.25371
-0.067918,0.32351,0.25888
-0.071778,0.31741,0.26476
-0.075567,0.31161,0.27114
-0.079289,0.30607,0.27782
-0.082945,0.3008,0.28469
-0.075205,0.31201,0.2329
-0.067024,0.32381,0.19194
-0.058404,0.33615,0.15888
-0.049343,0.349,0.13176
-0.039841,0.36236,0.10919
-0.029896,0.3762,0.090199
-0.019506,0.39051,0.074059
-0.0086704,0.4053,0.060244
0.002612,0.42055,0.048358
0.014342,0.43626,0.038096
-0.031853,0.46047,0.034074
-0.080521,0.48757,0.029788
-0.13167,0.51756,0.025395
-0.1853,0.55046,0.021012
-0.24141,0.58626,0.016728
-0.29999,0.62496,0.012604
-0.36102,0.66657,0.008684
-0.42447,0.71107,0.0049866
-0.49031,0.75844,0.0015333
-0.55851,0.80867,-0.0016758
-0.52643,0.76703,-0.0013427
-0.4966,0.72813,-0.0015544
-0.4688,0.69171,-0.0020613
-0.44284,0.65756,-0.0027131
-0.41855,0.62548,-0.0034117
-0.39579,0.5953,-0.0041028
-0.37441,0.56687,-0.0047488
-0.35432,0.54005,-0.0053316
-0.33539,0.51471,-0.0058364
-0.31755,0.49074,-0.0062576
-0.30923,0.48935,-0.0058689
-0.30115,0.48821,-0.0056357
-0.2933,0.48731,-0.0055433
-0.28567,0.48663,-0.0055735
-0.27824,0.48615,-0.0057043
-0.27102,0.48587,-0.0059182
-0.26398,0.48579,-0.0061976
-0.25713,0.48587,-0.0065301
-0.25045,0.48613,-0.0069026
-0.24394,0.48654,-0.0073064
-0.23567,0.48742,-0.0069299
-0.22735,0.4884,-0.0063744
-0.219,0.48949,-0.0056366
-0.21062,0.4907,-0.0047158
-0.2022,0.492,-0.0036097
-0.19374,0.49341,-0.0023195
-0.18524,0.49493,-0.00084415
-0.1767,0.49654,0.0008139
-0.16812,0.49826,0.0026551
-0.1595,0.50007,0.0046769
-0.18543,0.488,0.012755
-0.20997,0.4772,0.0214
-0.23317,0.46761,0.030485
-0.25507,0.45921,0.039941
-0.27573,0.45194,0.049733
-0.29518,0.44579,0.059839
-0.31346,0.44072,0.070245
-0.33061,0.4367,0.080938
-0.34665,0.43372,0.091903
-0.36161,0.43174,0.10313
-0.36763,0.43913,0.074875
-0.37356,0.4466,0.052967
-0.37937,0.45412,0.035721
-0.38509,0.46167,0.02202
-0.39072,0.46922,0.011097
-0.39625,0.47676,0.0024177
-0.40168,0.4843,-0.0043955
-0.40703,0.49181,-0.0096205
-0.41227,0.4993,-0.013461
-0.41743,0.50677,-0.016078
-0.40871,0.49689,-0.010328
-0.4002,0.48731,-0.0015077
-0.39188,0.47799,0.0090478
-0.38373,0.46888,0.020617
-0.37576,0.45997,0.032811
-0.36796,0.45125,0.045413
-0.36031,0.4427,0.058297
-0.35281,0.43433,0.07139
-0.34546,0.42612,0.08464
-0.33825,0.41806,0.098011
-0.33808,0.41514,0.083439
-0.33812,0.41255,0.072297
-0.33835,0.41025,0.063522
-0.33874,0.4082,0.056424
-0.33929,0.40638,0.050535
-0.33998,0.40476,0.045538
-0.3408,0.40333,0.04121
-0.34175,0.40207,0.037394
-0.34282,0.40098,0.033977
-0.344,0.40006,0.030878
-0.33918,0.39875,0.00065833
-0.3345,0.39803,-0.015481
-0.32992,0.39779,-0.02067
-0.3253,0.39765,-0.024897
-0.32048,0.39728,-0.036522
-0.31546,0.3967,-0.054521
-0.31024,0.39593,-0.078132
-0.30482,0.395,-0.10679
-0.2992,0.39391,-0.14002
-0.29337,0.39267,-0.17749
-0.30532,0.3876,-0.11076
-0.3158,0.38256,-0.068146
-0.32496,0.37778,-0.042194
-0.33294,0.37338,-0.028418
-0.3398,0.36946,-0.023977
-0.34572,0.36628,-0.021553
-0.35093,0.36418,-0.013056
-0.35544,0.36311,0.00070532
-0.35924,0.36303,0.019083
-0.36235,0.36391,0.041591
-0.37099,0.37294,0.030136
-0.37969,0.38223,0.02124
-0.38842,0.39174,0.014139
-0.39717,0.40144,0.00832
-0.40594,0.41133,0.0034232
-0.41471,0.42138,-0.00079839
-0.42347,0.4316,-0.0045242
-0.43223,0.44197,-0.0078699
-0.44098,0.45248,-0.010931
-0.44971,0.46315,-0.013767
-0.4164,0.42388,-0.025253
-0.38478,0.38802,-0.029576
-0.35465,0.35525,-0.029081
-0.32573,0.32515,-0.028575
-0.2981,0.29718,-0.030834
-0.27264,0.27027,-0.035251
-0.24933,0.24426,-0.041411
-0.22806,0.21911,-0.049018
-0.20873,0.19476,-0.057851
-0.19124,0.17117,-0.067742
-0.17518,0.15934,-0.057983
-0.16049,0.14829,-0.050257
-0.14705,0.13794,-0.043992
-0.13478,0.12825,-0.03881
-0.12358,0.11916,-0.034445
-0.11337,0.11061,-0.030714
-0.10408,0.10256,-0.027484
-0.095648,0.094968,-0.024657
-0.088001,0.087789,-0.022161
-0.081076,0.080996,-0.019941
-0.072366,0.072567,-0.019668
-0.064125,0.064936,-0.01954
-0.056332,0.058053,-0.019549
-0.048968,0.051872,-0.019685
-0.042011,0.046351,-0.019944
-0.035444,0.04145,-0.020319
-0.029246,0.037132,-0.020807
-0.0234,0.033364,-0.021403
-0.017887,0.030114,-0.022103
-0.012691,0.027355,-0.022904
-0.016001,0.028761,-0.021731
-0.019371,0.030359,-0.020641
-0.022807,0.032154,-0.019628
-0.026312,0.034152,-0.018687
-0.029893,0.036358,-0.017814
-0.033554,0.038778,-0.017004
-0.0373,0.041417,-0.016255
-0.041138,0.04428,-0.015562
-0.045073,0.047374,-0.014925
-0.049109,0.050704,-0.014337
-0.045654,0.047887,-0.013608
-0.042332,0.045308,-0.012801
-0.039133,0.042954,-0.011935
-0.036045,0.040813,-0.011027
-0.03306,0.038873,-0.010094
-0.030167,0.037124,-0.0091495
-0.027359,0.035555,-0.0082077
-0.024627,0.034158,-0.00728
-0.021963,0.032923,-0.0063767
-0.01936,0.031842,-0.0055074
-0.019836,0.032841,-0.0078279
-0.020305,0.033868,-0.010649
-0.020768,0.034926,-0.013953
-0.021226,0.036019,-0.017723
-0.021683,0.037151,-0.021943
-0.02214,0.038325,-0.026598
-0.022598,0.039544,-0.031672
-0.023061,0.040811,-0.037152
-0.023529,0.042129,-0.04302
-0.024005,0.043502,-0.049267
-0.021328,0.044373,-0.050129
-0.018515,0.045419,-0.050995
-0.015565,0.046642,-0.05186
-0.012476,0.048043,-0.052724
-0.0092478,0.049623,-0.053584
-0.0058794,0.051384,-0.054441
-0.0023692,0.053327,-0.05529
0.0012841,0.055454,-0.056134
0.0050821,0.057765,-0.056967
0.0090261,0.060263,-0.057792
0.015679,0.055461,-0.054987
0.021491,0.051467,-0.052373
0.026519,0.048226,-0.049915
0.030816,0.045691,-0.047594
0.034426,0.043822,-0.045385
0.037389,0.042587,-0.043274
0.039738,0.041958,-0.041245
0.041498,0.041917,-0.039288
0.04269,0.042451,-0.037389
0.043706,0.043175,-0.035541
0.044585,0.043743,-0.041515
0.045527,0.04426,-0.047825
0.046529,0.044725,-0.054452
0.047593,0.045139,-0.061382
0.048716,0.045498,-0.068596
0.0499,0.045803,-0.076082
0.051143,0.046051,-0.083824
0.052445,0.046242,-0.091814
0.053807,0.046375,-0.10003
0.055227,0.046447,-0.10848
0.055387,0.043567,-0.077525
0.055739,0.040674,-0.053239
0.056259,0.037767,-0.034455
0.056928,0.034845,-0.020321
0.057733,0.031908,-0.010198
0.058663,0.028959,-0.0036036
0.059708,0.025999,-0.00016901
0.060864,0.023026,0.00053746
0.062151,0.019909,0.0022544
0.06359,0.016594,0.0064085
0.061689,0.015253,0.012742
0.059878,0.013867,0.020965
0.058154,0.012435,0.030894
0.056516,0.010955,0.042383
0.054963,0.009426,0.055304
0.053492,0.0078492,0.069555
0.052105,0.0062253,0.08504
0.050801,0.0045571,0.10169
0.049581,0.0028475,0.11941
0.048445,0.0011075,0.13816
0.050557,0.00032791,0.14862
0.052745,-0.0004617,0.15943
0.055009,-0.0012611,0.17054
0.057349,-0.0020678,0.18198
0.059764,-0.0028866,0.19369
0.062253,-0.0037154,0.2057
0.064815,-0.0045541,0.21797
0.067449,-0.0054001,0.2305
0.070154,-0.0062528,0.24325
0.072926,-0.0071097,0.25623
0.071548,0.0011598,0.22967
0.070676,0.0089618,0.2073
0.070262,0.016369,0.18817
0.070271,0.023439,0.17161
0.070675,0.030216,0.1571
0.071451,0.036737,0.14427
0.072584,0.043032,0.13281
0.074061,0.049127,0.1225
0.075873,0.055041,0.11316
0.078014,0.060794,0.10464
0.077851,0.062423,0.113
0.077865,0.063881,0.12103
0.078056,0.065169,0.12872
0.078416,0.066288,0.13609
0.078944,0.06724,0.14312
0.079638,0.068027,0.14985
0.080491,0.068657,0.15626
0.081248,0.069387,0.16239
0.081797,0.070326,0.16826
0.082139,0.071475,0.17388
0.077493,0.06911,0.14865
0.073124,0.066651,0.1278
0.068993,0.064131,0.11037
0.065069,0.06158,0.095681
0.061331,0.059015,0.083206
0.057761,0.056452,0.072541
0.054345,0.053901,0.063378
0.051072,0.051371,0.055464
0.047934,0.04887,0.048607
0.044923,0.046404,0.042643
0.049328,0.054358,0.045612
0.053627,0.063566,0.048565
0.0578,0.074122,0.051473
0.061822,0.086116,0.054293
0.065669,0.09964,0.056992
0.06932,0.11478,0.059531
0.07275,0.13163,0.06188
0.075939,0.15027,0.064003
0.078867,0.17077,0.065879
0.081517,0.19321,0.067483
0.088776,0.18167,0.055739
0.09507,0.17128,0.045822
0.10046,0.16196,0.037388
0.10501,0.15363,0.03018
0.10877,0.14624,0.024003
0.11178,0.13972,0.018703
0.11408,0.13402,0.014162
0.11571,0.12909,0.010282
0.11671,0.1249,0.0069858
0.11709,0.1214,0.0042069
0.11714,0.12059,0.010375
0.11716,0.11985,0.017605
0.11715,0.11918,0.025648
0.11708,0.11859,0.034306
0.11697,0.11807,0.043438
0.1168,0.11762,0.052929
0.11658,0.11724,0.062696
0.1163,0.11693,0.07267
0.11596,0.11668,0.082804
0.11556,0.1165,0.093059
0.11951,0.12067,0.10144
0.12368,0.12477,0.10971
0.12807,0.1288,0.11787
0.1327,0.13276,0.12589
0.13755,0.13665,0.13376
0.14265,0.14045,0.14149
0.14797,0.14417,0.14906
0.15354,0.1478,0.15647
0.15935,0.15134,0.16371
0.16541,0.15479,0.17078
0.16129,0.15573,0.19548
0.15747,0.15644,0.22014
0.15396,0.15691,0.2447
0.15073,0.15714,0.26914
0.14778,0.15714,0.29342
0.14509,0.15688,0.31754
0.14268,0.15637,0.34147
0.1405,0.15561,0.36522
0.13822,0.15496,0.38873
0.1357,0.15453,0.41201
0.1337,0.14818,0.29761
0.13177,0.14308,0.21312
0.12986,0.13886,0.14971
0.12796,0.13529,0.10184
0.12606,0.13224,0.065837
0.12415,0.12959,0.039166
0.12222,0.12726,0.020028
0.12027,0.12521,0.0070924
0.11831,0.12338,-0.00062507
0.11632,0.12174,-0.0038961
0.12213,0.12598,-0.0041315
0.12793,0.13049,-0.0042903
0.13374,0.13525,-0.0044093
0.13955,0.14028,-0.0046365
0.14536,0.14557,-0.0049883
0.15119,0.15113,-0.0054704
0.15707,0.15692,-0.0060842
0.16318,0.16275,-0.0068231
0.16957,0.16859,-0.0076843
0.17624,0.17445,-0.0086672
0.17741,0.17685,-0.0069867
0.17897,0.17887,-0.0059316
0.18059,0.18083,-0.0053056
0.18185,0.18316,-0.0049803
0.18276,0.18585,-0.0048554
0.18331,0.18892,-0.0047957
0.18352,0.19236,-0.0046675
0.18337,0.19617,-0.0044994
0.18287,0.20035,-0.0043113
0.18203,0.2049,-0.0041168
0.18344,0.20239,-0.0045287
0.18466,0.20011,-0.0044937
0.18569,0.19802,-0.0048376
0.18654,0.19612,-0.0056285
0.18721,0.1944,-0.0068133
0.18771,0.19286,-0.008352
0.18805,0.1915,-0.010211
0.18822,0.1903,-0.012367
0.18824,0.18928,-0.014796
0.1881,0.18841,-0.017482
0.17604,0.1763,-0.022807
0.16462,0.16485,-0.028677
0.15382,0.15401,-0.035003
0.14359,0.14376,-0.041726
0.1339,0.13407,-0.048797
0.12473,0.1249,-0.056183
0.11604,0.11624,-0.063852
0.1078,0.10805,-0.071785
0.10001,0.10031,-0.07996
0.092623,0.093005,-0.088365
0.088124,0.08872,-0.076525
0.083827,0.084628,-0.066525
0.079721,0.080724,-0.057991
0.075794,0.076998,-0.050654
0.072037,0.073445,-0.044298
0.06844,0.070058,-0.03876
0.064994,0.066828,-0.033908
0.061692,0.063751,-0.02964
0.058526,0.060819,-0.025871
0.05549,0.058027,-0.022534
0.049056,0.050535,-0.031806
0.042989,0.043857,-0.041939
0.037259,0.037937,-0.052762
0.031896,0.032665,-0.064164
0.02714,0.027729,-0.076069
0.022993,0.02307,-0.08843
0.019422,0.018666,-0.10122
0.01641,0.014497,-0.11441
0.013939,0.010548,-0.12801
0.011999,0.0068063,-0.142
0.009884,0.005827,-0.11995
0.0080335,0.0049256,-0.10135
0.0064257,0.0041035,-0.085548
0.0050416,0.0033615,-0.072081
0.0038624,0.0026996,-0.060566
0.002871,0.0021171,-0.050706
0.0020509,0.0016129,-0.042258
0.001387,0.0011851,-0.035024
0.00086467,0.000832,-0.028838
0.00047028,0.00055084,-0.023563
0.00066503,0.00098404,-0.029112
0.00094916,0.0014872,-0.035513
0.0013251,0.0020643,-0.042821
0.0017959,0.0027186,-0.051075
0.0023642,0.0034546,-0.060305
0.003021,0.0042875,-0.070524
0.0037565,0.0052333,-0.081728
0.0045753,0.0062922,-0.093905
0.0054818,0.0074657,-0.10702
0.0064804,0.0087536,-0.12105
0.0049967,0.0086942,-0.15821
0.003208,0.0090424,-0.20098
0.0010772,0.0098343,-0.24933
-0.0014322,0.011104,-0.30313
-0.0043568,0.012886,-0.36206
-0.0077306,0.015211,-0.42577
-0.011586,0.018109,-0.49375
-0.015953,0.021607,-0.56558
-0.020859,0.02573,-0.64069
-0.026327,0.030497,-0.7187
-0.024625,0.028058,-0.59849
-0.023133,0.025964,-0.50483
-0.021796,0.024132,-0.42972
-0.02058,0.022506,-0.3683
-0.019461,0.021048,-0.31717
-0.018422,0.019727,-0.27409
-0.017452,0.018524,-0.23738
-0.016541,0.01742,-0.20584
-0.015683,0.016403,-0.17856
-0.014872,0.015461,-0.15483
-0.012994,0.015056,-0.15129
-0.010666,0.015201,-0.14759
-0.0078937,0.015886,-0.14379
-0.0046761,0.017106,-0.13987
-0.0010082,0.018865,-0.13588
0.0031199,0.021169,-0.13182
0.0077226,0.024031,-0.1277
0.012818,0.027467,-0.12352
0.018429,0.031499,-0.11929
0.024579,0.036151,-0.11501
0.022526,0.033858,-0.081971
0.020604,0.031697,-0.05638
0.018807,0.029655,-0.036839
0.017127,0.027721,-0.022276
0.015557,0.025884,-0.011883
0.01409,0.024138,-0.0050168
0.012719,0.022474,-0.001188
0.011436,0.020886,-7.9217e-06
0.010231,0.019371,0.0011647
0.0090952,0.017928,0.0044756
0.0088115,0.019423,0.0072073
0.0084589,0.02102,0.010605
0.008037,0.02272,0.01467
0.007545,0.024525,0.01941
0.0069823,0.026435,0.024819
0.0063484,0.028452,0.030901
0.0056428,0.030576,0.037642
0.0048649,0.032809,0.045043
0.0040144,0.03515,0.053085
0.0030907,0.037601,0.061768
0.0042867,0.03815,0.057351
0.0054971,0.038721,0.053373
0.0067221,0.039314,0.049763
0.0079618,0.039928,0.04648
0.0092163,0.040564,0.043474
0.010486,0.041222,0.040718
0.01177,0.041902,0.038173
0.01307,0.042605,0.035821
0.014385,0.04333,0.033634
0.015715,0.044077,0.031599
0.016484,0.041637,0.022644
0.017105,0.039345,0.015703
0.017594,0.037189,0.010392
0.017965,0.035158,0.0064193
0.018229,0.033244,0.0035567
0.018395,0.031436,0.0016262
0.018473,0.029729,0.00048475
0.018472,0.028116,1.8437e-05
0.018399,0.026591,-0.00013611
0.018263,0.025146,-0.0007507
0.019284,0.026513,0.00020726
0.020336,0.027939,0.0030746
0.021422,0.029441,0.0092678
0.02255,0.031032,0.01874
0.023725,0.032722,0.031461
0.024954,0.034522,0.047403
0.026242,0.03644,0.066523
0.027595,0.038482,0.088762
0.029016,0.040656,0.11403
0.030511,0.042965,0.14222
0.02653,0.037985,0.15969
0.022847,0.033361,0.1775
0.01945,0.029076,0.19558
0.016324,0.025117,0.21394
0.013462,0.021473,0.23252
0.010854,0.018136,0.25134
0.0084963,0.015099,0.27035
0.0063838,0.012357,0.28955
0.0045148,0.0099084,0.3089
0.0028888,0.0077505,0.32842
0.00034749,0.0065182,0.31656
-0.0019027,0.0058091,0.30619
-0.0038718,0.0056064,0.29698
-0.0055681,0.0058961,0.28872
-0.0069984,0.0066688,0.28122
-0.0082959,0.0077898,0.27434
-0.010006,0.0087146,0.26795
-0.012189,0.0093838,0.26198
-0.014848,0.0097985,0.25632
-0.017987,0.0099583,0.25095
-0.02016,0.010776,0.2419
-0.022465,0.011618,0.2343
-0.024905,0.012484,0.22791
-0.027482,0.013373,0.22255
-0.0302,0.014285,0.21809
-0.033062,0.01522,0.21442
-0.036072,0.016176,0.21142
-0.039234,0.017153,0.20904
-0.042552,0.01815,0.2072
-0.046029,0.019166,0.20586
-0.045618,0.020763,0.20067
-0.045243,0.022301,0.19529
-0.044901,0.02378,0.18976
-0.044593,0.025202,0.18412
-0.044316,0.026568,0.17842
-0.04407,0.027878,0.17269
-0.043853,0.029133,0.16694
-0.043666,0.030335,0.1612
-0.043505,0.031485,0.15549
-0.043371,0.032583,0.14983
-0.040796,0.029138,0.14683
-0.038432,0.02586,0.14388
-0.036266,0.022739,0.14099
-0.03429,0.019763,0.13815
-0.032493,0.016923,0.13537
-0.030866,0.014209,0.13264
-0.029401,0.011613,0.12997
-0.02809,0.009126,0.12735
-0.026927,0.0067411,0.12478
-0.025904,0.0044513,0.12226
-0.023069,0.0022378,0.11199
-0.020538,0.00030403,0.10266
-0.018289,-0.0013708,0.094157
-0.016302,-0.002806,0.08637
-0.014557,-0.0040191,0.079228
-0.013036,-0.0050264,0.072652
-0.011724,-0.0058426,0.066592
-0.010606,-0.0064817,0.060988
-0.0096672,-0.0069559,0.05581
-0.0088962,-0.0072768,0.051004
-0.0098714,-0.007362,0.054706
-0.010969,-0.0073494,0.058492
-0.012195,-0.007233,0.062356
-0.013553,-0.0070067,0.066279
-0.015049,-0.0066645,0.070254
-0.016689,-0.0062003,0.074262
-0.018476,-0.0056081,0.078294
-0.020416,-0.0048823,0.082332
-0.022515,-0.0040171,0.086366
-0.024776,-0.003007,0.09038
-0.022487,-0.0011208,0.10812
-0.020362,0.00060327,0.12711
-0.018397,0.0021649,0.1473
-0.016595,0.0035623,0.16864
-0.014957,0.0047923,0.19108
-0.013487,0.0058511,0.21457
-0.012189,0.0067338,0.23907
-0.011069,0.0074347,0.26453
-0.010133,0.007948,0.29089
-0.0093861,0.008267,0.31812
-0.0072674,0.0063441,0.28443
-0.0054717,0.0047277,0.2544
-0.0039728,0.0033904,0.22743
-0.0027468,0.0023073,0.20309
-0.0017723,0.0014559,0.18102
-0.0010298,0.00081517,0.16095
-0.00050117,0.00036601,0.14266
-0.00016995,9.0643e-05,0.12597
-2.1047e-05,-2.7353e-05,0.11072
2.6455e-05,-6.0893e-05,0.096789
-9.1837e-05,-0.00012664,0.11344
-0.00043689,-0.00045131,0.1315
-0.001092,-0.00099971,0.15095
-0.0020815,-0.0017876,0.17174
-0.0034282,-0.0028326,0.1938
-0.0051548,-0.0041526,0.21705
-0.0072836,-0.0057649,0.2414
-0.0098364,-0.0076865,0.26674
-0.012834,-0.0099338,0.29298
-0.016297,-0.012523,0.32001
-0.018517,-0.013933,0.29183
-0.020853,-0.015403,0.2668
-0.023305,-0.016932,0.24437
-0.025872,-0.018522,0.22414
-0.028556,-0.020173,0.20574
-0.031356,-0.021885,0.18895
-0.034274,-0.023662,0.17353
-0.037312,-0.025502,0.15932
-0.040472,-0.027408,0.14619
-0.043755,-0.029382,0.134
-0.046033,-0.028701,0.11514
-0.048413,-0.027896,0.098477
-0.050895,-0.026972,0.083727
-0.053484,-0.025933,0.070657
-0.056184,-0.024781,0.059088
-0.058999,-0.023517,0.048861
-0.061935,-0.022143,0.039858
-0.064996,-0.02066,0.031967
-0.068187,-0.019067,0.025106
-0.071514,-0.017363,0.019196
-0.076125,-0.024025,0.0091336
-0.081104,-0.031024,0.0028823
-0.086462,-0.038378,0.00015687
-0.09221,-0.046101,-0.00075565
-0.09836,-0.054206,-0.004447
-0.10493,-0.062706,-0.011087
-0.11192,-0.071614,-0.020528
-0.11935,-0.08094,-0.032647
-0.12722,-0.090694,-0.047313
-0.13556,-0.10088,-0.06442
-0.13568,-0.096097,-0.048803
-0.13601,-0.09121,-0.0365
-0.13653,-0.086219,-0.026784
-0.13725,-0.08112,-0.019139
-0.13815,-0.075907,-0.013169
-0.13923,-0.07058,-0.0085849
-0.1405,-0.065134,-0.0051598
-0.14194,-0.059567,-0.0027229
-0.14356,-0.053877,-0.0011378
-0.14535,-0.048062,-0.00029979
-0.15438,-0.052295,-0.00070626
-0.16377,-0.056731,-0.0013033
-0.17351,-0.061374,-0.0020738
-0.18362,-0.066226,-0.0030039
-0.19409,-0.071292,-0.0040799
-0.20494,-0.076573,-0.0052919
-0.21614,-0.082072,-0.0066289
-0.22772,-0.087792,-0.0080837
-0.23966,-0.093734,-0.0096474
-0.25197,-0.0999,-0.011315
-0.24197,-0.10335,-0.012335
-0.23243,-0.10648,-0.013644
-0.22334,-0.1093,-0.015221
-0.21467,-0.11182,-0.01706
-0.20641,-0.11405,-0.019153
-0.19854,-0.11601,-0.0215
-0.19105,-0.11769,-0.024096
-0.18393,-0.11912,-0.026944
-0.17716,-0.12029,-0.030041
-0.17073,-0.12122,-0.033391
-0.16027,-0.11409,-0.018804
-0.1505,-0.10737,-0.0090343
-0.14135,-0.10102,-0.0032041
-0.13276,-0.095012,-0.00067691
-0.12469,-0.089324,3.1629e-05
-0.11709,-0.083938,0.0028225
-0.10993,-0.078833,0.0078043
-0.10318,-0.073988,0.01476
-0.096804,-0.069386,0.023516
-0.090769,-0.065009,0.033934
-0.097469,-0.069935,0.021181
-0.10445,-0.075068,0.011808
-0.11172,-0.080416,0.0053216
-0.11929,-0.085982,0.0013205
-0.12718,-0.091773,-0.00052919
-0.13538,-0.09779,-0.0010431
-0.1439,-0.10403,-0.00284
-0.15274,-0.1105,-0.0060615
-0.16191,-0.1172,-0.010526
-0.17141,-0.12413,-0.016076
-0.17044,-0.12283,-0.019126
-0.16947,-0.12153,-0.022475
-0.16851,-0.12023,-0.026114
-0.16754,-0.11893,-0.030036
-0.16658,-0.11764,-0.034229
-0.16561,-0.11634,-0.038685
-0.16464,-0.11505,-0.043392
-0.16368,-0.11375,-0.04834
-0.16271,-0.11246,-0.053518
-0.16174,-0.11117,-0.058916
-0.1665,-0.11995,-0.059016
-0.17152,-0.12882,-0.059241
-0.17679,-0.13777,-0.059564
-0.18231,-0.14681,-0.059969
-0.18809,-0.15593,-0.060437
-0.19412,-0.16514,-0.060955
-0.2004,-0.17443,-0.061509
-0.20694,-0.18381,-0.06209
-0.21373,-0.19328,-0.062685
-0.22077,-0.20284,-0.06329
-0.22256,-0.20487,-0.090465
-0.22432,-0.20691,-0.11993
-0.22607,-0.20894,-0.15101
-0.22781,-0.21098,-0.18323
-0.22952,-0.21302,-0.21625
-0.23123,-0.21506,-0.24981
-0.23291,-0.21711,-0.28373
-0.23458,-0.21915,-0.31789
-0.23623,-0.22119,-0.35215
-0.23786,-0.22322,-0.38648
-0.23675,-0.21026,-0.32176
-0.23732,-0.19636,-0.27194
-0.23947,-0.1815,-0.23242
-0.24312,-0.16566,-0.20035
-0.24821,-0.14881,-0.1738
-0.25467,-0.13092,-0.15146
-0.26248,-0.11197,-0.1324
-0.27159,-0.091945,-0.11596
-0.28199,-0.070811,-0.10164
-0.29366,-0.048554,-0.089091
-0.27009,-0.068075,-0.1373
-0.24878,-0.085169,-0.18824
-0.22961,-0.099995,-0.24039
-0.21247,-0.11268,-0.29295
-0.19727,-0.12334,-0.34546
-0.18393,-0.13206,-0.39774
-0.17238,-0.13891,-0.44963
-0.16259,-0.14395,-0.50111
-0.15449,-0.14723,-0.5521
-0.14806,-0.1488,-0.60262
-0.15692,-0.15459,-0.49264
-0.16556,-0.16005,-0.40812
-0.1741,-0.16523,-0.3413
-0.18264,-0.1702,-0.28739
-0.19122,-0.17499,-0.24314
-0.1999,-0.17963,-0.20635
-0.20871,-0.18414,-0.17543
-0.21766,-0.18853,-0.14923
-0.22677,-0.19282,-0.12691
-0.23607,-0.19701,-0.1078
-0.24624,-0.20634,-0.1064
-0.25666,-0.2159,-0.10397
-0.26733,-0.22569,-0.10075
-0.27823,-0.23571,-0.096937
-0.28937,-0.24594,-0.092718
-0.30073,-0.25639,-0.088233
-0.31232,-0.26706,-0.083622
-0.32413,-0.27794,-0.078973
-0.33615,-0.28902,-0.074379
-0.34838,-0.30032,-0.069891
-0.35219,-0.31125,-0.09196
-0.35632,-0.32198,-0.1143
-0.3608,-0.33252,-0.13653
-0.36561,-0.34285,-0.15844
-0.37077,-0.353,-0.17995
-0.37626,-0.36296,-0.20104
-0.38209,-0.37272,-0.22173
-0.38825,-0.38231,-0.24205
-0.39473,-0.39171,-0.26203
-0.40153,-0.40092,-0.2817
-0.38499,-0.38726,-0.33687
-0.36923,-0.37345,-0.39131
-0.35423,-0.35952,-0.445
-0.33955,-0.34586,-0.49801
-0.32479,-0.33287,-0.55038
-0.30996,-0.32051,-0.6022
-0.29508,-0.30875,-0.65346
-0.28014,-0.29756,-0.70424
-0.26518,-0.28693,-0.75445
-0.25019,-0.27683,-0.80418
-0.26282,-0.28579,-0.73351
-0.275,-0.29478,-0.6781
-0.28687,-0.30388,-0.63317
-0.29854,-0.31311,-0.59581
-0.31007,-0.3225,-0.5639
-0.32151,-0.33205,-0.53611
-0.33288,-0.34179,-0.51142
-0.34422,-0.35172,-0.48917
-0.35553,-0.36183,-0.46884
-0.36684,-0.37213,-0.45007
-0.34564,-0.34969,-0.4128
-0.32531,-0.32858,-0.38053
-0.30587,-0.30871,-0.35215
-0.28751,-0.28976,-0.32687
-0.27023,-0.27163,-0.30417
-0.25396,-0.25429,-0.28361
-0.23865,-0.23769,-0.26491
-0.22425,-0.22182,-0.2478
-0.2107,-0.20663,-0.23209
-0.19797,-0.1921,-0.21762
-0.20219,-0.19352,-0.19457
-0.20653,-0.19471,-0.17426
-0.21098,-0.19571,-0.15627
-0.21556,-0.19651,-0.14021
-0.22026,-0.19713,-0.12583
-0.22509,-0.19757,-0.11288
-0.23004,-0.19784,-0.10122
-0.23513,-0.19795,-0.090681
-0.24035,-0.19789,-0.081168
-0.2457,-0.19768,-0.072561
-0.232,-0.19789,-0.084363
-0.21981,-0.19699,-0.095508
-0.20902,-0.19506,-0.10606
-0.19955,-0.19215,-0.11606
-0.19131,-0.18833,-0.12562
-0.18424,-0.18363,-0.13477
-0.17822,-0.17816,-0.1436
-0.17194,-0.17321,-0.15215
-0.16489,-0.16926,-0.16046
-0.1571,-0.16628,-0.16857
-0.16622,-0.17319,-0.19519
-0.17551,-0.18051,-0.22188
-0.18497,-0.18826,-0.24847
-0.1946,-0.19643,-0.27484
-0.2044,-0.20504,-0.3009
-0.21437,-0.2141,-0.32659
-0.2245,-0.22361,-0.35188
-0.2348,-0.23357,-0.37675
-0.24536,-0.24388,-0.40118
-0.25635,-0.25436,-0.42518
-0.25776,-0.25465,-0.39205
-0.25932,-0.25442,-0.36489
-0.26106,-0.25373,-0.34205
-0.26299,-0.25265,-0.32246
-0.2651,-0.25122,-0.30531
-0.26741,-0.24946,-0.29006
-0.2699,-0.2474,-0.27629
-0.27258,-0.24507,-0.26371
-0.27544,-0.24249,-0.25209
-0.27847,-0.23967,-0.24125
-0.27691,-0.23855,-0.19759
-0.2753,-0.23727,-0.16243
-0.27368,-0.23588,-0.13372
-0.27207,-0.23442,-0.11
-0.27049,-0.2329,-0.090292
-0.26894,-0.23135,-0.073836
-0.26744,-0.22978,-0.060097
-0.26598,-0.22818,-0.048642
-0.26456,-0.22658,-0.039158
-0.26319,-0.22497,-0.031372
-0.25889,-0.22666,-0.038944
-0.25484,-0.22802,-0.046827
-0.25103,-0.22907,-0.054915
-0.24745,-0.22981,-0.063131
-0.24411,-0.23026,-0.071468
-0.241,-0.23043,-0.079914
-0.23812,-0.23031,-0.088494
-0.23545,-0.22993,-0.097214
-0.23301,-0.22928,-0.1061
-0.23077,-0.22837,-0.11517
-0.2377,-0.23653,-0.098152
-0.24503,-0.24435,-0.083652
-0.25246,-0.25217,-0.071238
-0.2596,-0.26039,-0.060571
-0.26649,-0.26901,-0.051398
-0.27312,-0.27803,-0.043511
-0.27951,-0.28745,-0.036761
-0.28566,-0.29727,-0.031014
-0.29159,-0.30749,-0.026177
-0.29729,-0.3181,-0.022161
-0.29789,-0.31559,-0.036956
-0.29834,-0.31315,-0.055845
-0.29866,-0.31079,-0.077654
-0.29887,-0.30854,-0.10162
-0.29898,-0.3064,-0.12724
-0.29899,-0.30437,-0.15421
-0.2989,-0.30245,-0.18229
-0.29874,-0.30065,-0.21135
-0.29848,-0.29897,-0.24127
-0.29815,-0.2974,-0.27198
-0.29861,-0.29919,-0.27756
-0.29891,-0.30122,-0.28221
-0.29905,-0.30348,-0.28595
-0.29904,-0.30597,-0.28889
-0.29888,-0.30867,-0.29101
-0.29858,-0.31159,-0.29241
-0.29813,-0.31471,-0.29309
-0.29755,-0.31803,-0.29311
-0.29683,-0.32155,-0.29248
-0.29599,-0.32525,-0.29123
-0.30714,-0.33303,-0.21003
-0.31787,-0.34059,-0.15126
-0.32828,-0.34805,-0.108
-0.33845,-0.3555,-0.075939
-0.34844,-0.36298,-0.05221
-0.35829,-0.37053,-0.034867
-0.36803,-0.37818,-0.022551
-0.37767,-0.38594,-0.014273
-0.38723,-0.39382,-0.0093108
-0.39673,-0.40183,-0.0071077
-0.3934,-0.39838,-0.0074762
-0.39017,-0.39503,-0.0079215
-0.38704,-0.39179,-0.00827
-0.38401,-0.38864,-0.0084705
-0.38108,-0.38558,-0.0085273
-0.37824,-0.38262,-0.0084671
-0.3755,-0.37974,-0.0083189
-0.37284,-0.37695,-0.0081191
-0.37026,-0.37424,-0.0078863
-0.36776,-0.37161,-0.0076334
-0.34258,-0.34825,-0.0075754
-0.31852,-0.32633,-0.0076123
-0.29552,-0.30578,-0.0077412
-0.27353,-0.28652,-0.0079612
-0.2525,-0.26849,-0.0082717
-0.23237,-0.25164,-0.0086726
-0.2131,-0.2359,-0.0091646
-0.19465,-0.22122,-0.0097476
-0.17697,-0.20756,-0.010423
-0.16003,-0.19487,-0.011192
-0.14782,-0.18505,-0.0084543
-0.13619,-0.17583,-0.0062865
-0.12513,-0.16716,-0.0046092
-0.1146,-0.159,-0.0033606
-0.10456,-0.15134,-0.0024933
-0.095002,-0.14414,-0.0019689
-0.085891,-0.13738,-0.0017528
-0.077209,-0.13104,-0.0014833
-0.068934,-0.12509,-0.00095423
-0.061045,-0.11951,-0.00018232
-0.06792,-0.12563,0.0015196
-0.075088,-0.13206,0.0039356
-0.082556,-0.13879,0.0070262
-0.090332,-0.14583,0.010758
-0.098422,-0.15319,0.0151
-0.10683,-0.16088,0.020026
-0.11557,-0.16889,0.025508
-0.12464,-0.17724,0.031527
-0.13404,-0.18592,0.03806
-0.14378,-0.19494,0.045089
-0.12617,-0.1946,0.046273
-0.10767,-0.19575,0.047238
-0.088274,-0.19836,0.048003
-0.067949,-0.20241,0.048588
-0.046682,-0.20787,0.049005
-0.024454,-0.21473,0.049269
-0.0012476,-0.223,0.049388
0.022954,-0.23266,0.049372
0.048165,-0.24372,0.049225
0.074396,-0.25619,0.048956
0.080943,-0.24513,0.044362
0.086869,-0.23466,0.041241
0.092209,-0.22474,0.039188
0.096993,-0.21536,0.037935
0.10125,-0.20647,0.037299
0.105,-0.19805,0.037154
0.10828,-0.19009,0.037411
0.1111,-0.18256,0.038006
0.11349,-0.17545,0.038893
0.11546,-0.16873,0.04004
0.12408,-0.17416,0.034218
0.13281,-0.17979,0.028711
0.14165,-0.18562,0.023575
0.1506,-0.19167,0.018856
0.15965,-0.19791,0.014595
0.16882,-0.20437,0.010821
0.17809,-0.21103,0.0075636
0.18747,-0.2179,0.0048423
0.19695,-0.22497,0.0026758
0.20653,-0.23225,0.0010771
0.1937,-0.22385,-0.00069738
0.18134,-0.21619,-0.0050009
0.1694,-0.20916,-0.013443
0.1578,-0.20272,-0.025158
0.14651,-0.19683,-0.039524
0.13547,-0.19144,-0.056096
0.12466,-0.18653,-0.074528
0.11403,-0.18206,-0.094574
0.10355,-0.17802,-0.11603
0.093217,-0.17438,-0.13873
0.086791,-0.16405,-0.12897
0.080658,-0.15417,-0.12101
0.074806,-0.14473,-0.11437
0.069219,-0.13572,-0.10873
0.063889,-0.12711,-0.10384
0.058803,-0.1189,-0.099534
0.053955,-0.11107,-0.095665
0.049335,-0.1036,-0.092148
0.044937,-0.096493,-0.088901
0.040755,-0.089723,-0.085876
0.037793,-0.083512,-0.062828
0.035161,-0.077704,-0.045325
0.032814,-0.072269,-0.032023
0.030711,-0.067177,-0.021964
0.028822,-0.062405,-0.014448
0.027119,-0.057931,-0.0089478
0.025578,-0.053734,-0.0050653
0.02418,-0.049797,-0.0024905
0.022907,-0.046103,-0.00098161
0.021743,-0.042638,-0.0003456
0.016747,-0.042941,-0.00046732
0.011544,-0.043633,-0.00064854
0.0061246,-0.044715,-0.00088062
0.00047914,-0.046189,-0.0011561
-0.0054023,-0.048059,-0.0014693
-0.01153,-0.05033,-0.0018149
-0.017913,-0.05301,-0.0021887
-0.02456,-0.056109,-0.0025863
-0.031482,-0.059638,-0.0030047
-0.038687,-0.063607,-0.0034399
-0.041023,-0.06089,-0.00069439
-0.043015,-0.058472,5.3931e-06
-0.044684,-0.056363,0.0026454
-0.046049,-0.054551,0.0076852
-0.047127,-0.053022,0.015003
-0.04793,-0.051769,0.024502
-0.048465,-0.050787,0.036107
-0.048737,-0.050074,0.049758
-0.048744,-0.049634,0.065401
-0.048503,-0.049454,0.082996
-0.048233,-0.049002,0.066933
-0.047946,-0.048554,0.05337
-0.047644,-0.048107,0.041919
-0.047327,-0.047661,0.032289
-0.046997,-0.047215,0.024242
-0.046654,-0.04677,0.017592
-0.046301,-0.046325,0.012186
-0.045937,-0.045881,0.0078985
-0.045563,-0.045437,0.0046275
-0.045181,-0.044995,0.0022874
-0.046227,-0.045548,0.0014602
-0.047411,-0.04597,0.0008553
-0.048733,-0.046259,0.00044856
-0.050192,-0.046411,0.00021903
-0.051787,-0.046424,0.00014867
-0.053519,-0.046294,0.0001318
-0.055388,-0.046018,-5.133e-06
-0.057396,-0.045593,-0.00025454
-0.059541,-0.045016,-0.00060537
-0.061825,-0.044286,-0.001048
-0.058245,-0.042395,-0.0010604
-0.054789,-0.040539,-0.0010883
-0.051456,-0.038719,-0.0011291
-0.048245,-0.036935,-0.0011811
-0.045155,-0.035185,-0.0012428
-0.042186,-0.033469,-0.001313
-0.039336,-0.031787,-0.0013906
-0.036605,-0.030139,-0.0014748
-0.033992,-0.028524,-0.0015647
-0.031496,-0.026942,-0.0016598
-0.03408,-0.029796,-0.0020597
-0.036822,-0.032799,-0.0024881
-0.039724,-0.035957,-0.0029401
-0.04279,-0.039271,-0.0034113
-0.046024,-0.042746,-0.0038959
-0.049429,-0.046385,-0.0043891
-0.053009,-0.05019,-0.0048856
-0.056766,-0.054166,-0.005381
-0.060704,-0.058313,-0.0058704
-0.064825,-0.062636,-0.0063501
-0.062397,-0.05921,-0.0042358
-0.060196,-0.055805,-0.0026638
-0.05821,-0.052416,-0.0015169
-0.05643,-0.049035,-0.00070557
-0.054847,-0.04566,-0.00015985
-0.053453,-0.042283,0.00017441
-0.052241,-0.038902,0.00034012
-0.051203,-0.035511,0.00037844
-0.050334,-0.032107,0.00046021
-0.049626,-0.028686,0.00063026
-0.046034,-0.027102,0.008022
-0.042537,-0.025608,0.024682
-0.0391,-0.024179,0.049698
-0.035698,-0.022797,0.082572
-0.032314,-0.021446,0.12302
-0.028941,-0.020118,0.17088
-0.02558,-0.018805,0.22594
-0.022243,-0.017504,0.28799
-0.018945,-0.016214,0.35669
-0.015706,-0.014934,0.43171
-0.013574,-0.015189,0.36087
-0.012086,-0.014799,0.30506
-0.011186,-0.013847,0.25997
-0.010169,-0.013051,0.22287
-0.0086202,-0.012837,0.1918
-0.0065971,-0.013153,0.16545
-0.0041438,-0.01396,0.1428
-0.0012921,-0.015231,0.12315
0.0019373,-0.016946,0.10594
0.0055326,-0.019095,0.090766
0.0084822,-0.019403,0.087874
0.011384,-0.019946,0.084887
0.014241,-0.020724,0.081829
0.017056,-0.021739,0.078713
0.019832,-0.022993,0.075558
0.022574,-0.02449,0.072372
0.025286,-0.026235,0.069171
0.027972,-0.028231,0.06596
0.030637,-0.030486,0.062754
0.033286,-0.033005,0.059555
0.030308,-0.030004,0.070223
0.027474,-0.027183,0.081482
0.024774,-0.024535,0.093311
0.022201,-0.022053,0.10568
0.019749,-0.019731,0.11858
0.017413,-0.017564,0.13199
0.015189,-0.015549,0.14588
0.013074,-0.013683,0.16024
0.011067,-0.011964,0.17505
0.0091667,-0.010391,0.1903
0.0066043,-0.0081753,0.18117
0.0044088,-0.0063421,0.17318
0.0025515,-0.0048633,0.16614
0.0010073,-0.0037147,0.15989
-0.00024515,-0.0028755,0.15429
-0.0012239,-0.0023283,0.14925
-0.0019438,-0.0020585,0.14465
-0.0024169,-0.0020542,0.14045
-0.002745,-0.0022139,0.13657
-0.0032852,-0.0021807,0.13296
-0.003775,-0.00253,0.15009
-0.0043379,-0.0029368,0.16815
-0.0049799,-0.0034068,0.18703
-0.0057063,-0.0039453,0.20664
-0.0065226,-0.004558,0.22686
-0.0074337,-0.0052503,0.2476
-0.0084442,-0.0060275,0.26874
-0.0095586,-0.0068946,0.2902
-0.010781,-0.0078567,0.31187
-0.012115,-0.0089182,0.33369
-0.012267,-0.0080952,0.31095
-0.012635,-0.0071171,0.29084
-0.013204,-0.0059937,0.27283
-0.013956,-0.0047325,0.25659
-0.014881,-0.0033392,0.24181
-0.015967,-0.0018181,0.22828
-0.017208,-0.00017237,0.2158
-0.018595,0.001596,0.20424
-0.020125,0.0034861,0.19346
-0.021793,0.0054974,0.18338
-0.023619,0.005184,0.16176
-0.025508,0.0048467,0.14267
-0.027462,0.004485,0.12573
-0.02948,0.0040982,0.11061
-0.031565,0.0036856,0.097073
-0.03372,0.0032464,0.084918
-0.035946,0.0027796,0.073988
-0.038246,0.0022843,0.06414
-0.040624,0.0017592,0.055276
-0.043083,0.0012031,0.04729
-0.041714,0.00051042,0.045281
-0.040382,-0.00013809,0.043028
-0.039088,-0.00074366,0.040594
-0.037829,-0.0013075,0.038018
-0.036605,-0.0018309,0.035352
-0.035415,-0.0023152,0.032626
-0.034258,-0.0027618,0.029884
-0.033133,-0.0031719,0.02715
-0.032039,-0.0035469,0.024457
-0.030976,-0.0038882,0.021824
-0.034093,-0.0023337,0.015587
-0.037442,-0.00056061,0.01045
-0.04103,0.0014462,0.0063525
-0.044866,0.0037024,0.0032438
-0.048961,0.0062236,0.0010861
-0.053324,0.0090253,-0.00015701
-0.057966,0.012122,-0.00053627
-0.062888,0.015523,-0.0011522
-0.068095,0.019237,-0.0025996
-0.073597,0.023279,-0.0048496
-0.074003,0.030279,-0.0044039
-0.074767,0.037167,-0.0040126
-0.075891,0.043948,-0.0036674
-0.077373,0.050629,-0.0033641
-0.079215,0.057215,-0.003097
-0.08142,0.063708,-0.0028634
-0.083992,0.070113,-0.0026597
-0.086934,0.076433,-0.002484
-0.090253,0.082668,-0.0023336
-0.093952,0.088821,-0.0022074
-0.09309,0.086258,-0.001568
-0.092392,0.083637,-0.0012682
-0.091852,0.080954,-0.0011913
-0.091467,0.078212,-0.0010365
-0.091232,0.075406,-0.00076583
-0.091143,0.072537,-0.00041957
-0.091196,0.069601,-2.7577e-05
-0.091387,0.066598,0.0003875
-0.091713,0.063525,0.00080934
-0.092172,0.06038,0.0012254
-0.091815,0.058936,-0.00014235
-0.091474,0.057501,-0.00085379
-0.091147,0.056075,-0.0010425
-0.090831,0.054653,-0.0012505
-0.090522,0.053234,-0.0017953
-0.090221,0.051818,-0.0026103
-0.089929,0.050405,-0.0036419
-0.089647,0.048996,-0.004847
-0.089374,0.04759,-0.0061903
-0.089111,0.046187,-0.0076436
-0.09546,0.044631,-0.0053729
-0.10224,0.042763,-0.0036681
-0.10946,0.040575,-0.0024587
-0.11714,0.038061,-0.0016829
-0.12528,0.035212,-0.0012854
-0.1339,0.03202,-0.0012134
-0.14302,0.028481,-0.0010919
-0.15263,0.024588,-0.00072517
-0.16276,0.020334,-0.00014625
-0.17342,0.015713,0.00061603
-0.15995,0.017591,0.0006115
-0.14733,0.019243,0.00063849
-0.13552,0.020677,0.00068831
-0.12447,0.021904,0.00075492
-0.11414,0.02293,0.0008341
-0.1045,0.023766,0.0009229
-0.095507,0.02442,0.0010192
-0.087126,0.024901,0.0011214
-0.079327,0.025217,0.0012285
-0.072082,0.025377,0.0013396
-0.069859,0.022307,0.00045297
-0.067765,0.019361,-0.00011979
-0.065793,0.016533,-0.00043515
-0.063937,0.013815,-0.00053803
-0.06219,0.011202,-0.00056504
-0.060545,0.0086874,-0.00073389
-0.058999,0.0062668,-0.0010285
-0.057546,0.0039358,-0.0014291
-0.056183,0.0016905,-0.0019195
-0.054906,-0.00047285,-0.002486
-0.054332,-0.003891,-0.0037258
-0.0539,-0.0072225,-0.0052181
-0.053607,-0.010475,-0.0069446
-0.053446,-0.013654,-0.0088893
-0.053413,-0.016767,-0.011039
-0.053504,-0.019817,-0.01338
-0.053718,-0.022809,-0.015904
-0.054051,-0.025748,-0.0186
-0.054501,-0.028635,-0.02146
-0.055068,-0.031474,-0.024477
-0.058966,-0.037367,-0.026298
-0.063312,-0.043482,-0.028143
-0.068125,-0.049831,-0.030008
-0.073422,-0.056428,-0.03189
-0.079222,-0.063285,-0.033783
-0.085542,-0.070415,-0.035685
-0.092401,-0.07783,-0.03759
-0.099815,-0.085542,-0.039496
-0.1078,-0.093562,-0.041398
-0.11638,-0.1019,-0.043294
-0.12465,-0.1092,-0.035072
-0.13327,-0.11676,-0.028223
-0.14224,-0.12458,-0.02253
-0.15159,-0.13267,-0.017818
-0.16131,-0.14103,-0.013937
-0.17142,-0.14966,-0.010764
-0.18191,-0.15857,-0.0081934
-0.1928,-0.16776,-0.0061379
-0.20409,-0.17723,-0.004523
-0.21578,-0.18699,-0.0032861
-0.21744,-0.18757,-0.0054034
-0.21921,-0.18803,-0.0077904
-0.22106,-0.18837,-0.010302
-0.22301,-0.18858,-0.012845
-0.22504,-0.18868,-0.015358
-0.22717,-0.18865,-0.017806
-0.22939,-0.18851,-0.020163
-0.23169,-0.18825,-0.022417
-0.23408,-0.18787,-0.024563
-0.23656,-0.18737,-0.026599
-0.22067,-0.17902,-0.012715
-0.2064,-0.17044,-0.0048794
-0.1936,-0.16162,-0.0014411
-0.18216,-0.15255,-0.00068809
-0.17151,-0.14378,0.0017928
-0.1608,-0.13623,0.0063075
-0.14998,-0.12984,0.012483
-0.13905,-0.12454,0.020047
-0.12798,-0.12028,0.028798
-0.11675,-0.11699,0.038582
-0.11907,-0.11599,0.025994
-0.1213,-0.11512,0.016572
-0.12345,-0.11439,0.0096577
-0.1255,-0.11379,0.004766
-0.12747,-0.11331,0.0015288
-0.12936,-0.11294,-0.00033496
-0.13116,-0.1127,-0.0010434
-0.13288,-0.11256,-0.0014254
-0.13451,-0.11253,-0.0026332
-0.13604,-0.11261,-0.0045813
-0.13347,-0.11298,-0.003799
-0.13043,-0.11394,-0.0031374
-0.12693,-0.11548,-0.0025869
-0.12298,-0.11759,-0.0021403
-0.11859,-0.12026,-0.0017921
-0.11375,-0.12349,-0.0015384
-0.10849,-0.12728,-0.0013763
-0.10279,-0.13164,-0.0013038
-0.09665,-0.13656,-0.0012993
-0.090083,-0.14205,-0.0012343
-0.096012,-0.14529,-0.0012818
-0.10204,-0.14861,-0.0013457
-0.10816,-0.15201,-0.0014317
-0.11438,-0.15548,-0.0015411
-0.1207,-0.15903,-0.0016726
-0.12711,-0.16266,-0.001823
-0.13362,-0.16636,-0.0019877
-0.14023,-0.17014,-0.002162
-0.14693,-0.174,-0.0023406
-0.15373,-0.17794,-0.0025183
-0.14484,-0.17546,-0.0022521
-0.13601,-0.17318,-0.0017698
-0.12723,-0.1711,-0.0010918
-0.11851,-0.16922,-0.00023474
-0.10984,-0.16753,0.00078751
-0.10123,-0.16603,0.0019632
-0.092689,-0.16472,0.0032824
-0.084205,-0.1636,0.0047364
-0.075785,-0.16267,0.0063175
-0.06743,-0.16193,0.008019
-0.063152,-0.16469,0.0087278
-0.058799,-0.16758,0.0094315
-0.054368,-0.17059,0.010129
-0.049859,-0.17372,0.010818
-0.045274,-0.17697,0.011498
-0.040611,-0.18035,0.012168
-0.03587,-0.18385,0.012826
-0.031052,-0.18747,0.013471
-0.026156,-0.19121,0.014102
-0.021182,-0.19508,0.014719
-0.036804,-0.16165,0.0064752
-0.048892,-0.13375,0.0016277
-0.057879,-0.11071,-0.00093117
-0.064131,-0.091993,-0.0019031
-0.067962,-0.077094,-0.0019734
-0.069625,-0.065586,-0.0026522
-0.069337,-0.057122,-0.0039928
-0.067266,-0.051426,-0.0058545
-0.063873,-0.047837,-0.0081408
-0.061806,-0.042791,-0.010757
-0.060778,-0.04305,-0.021254
-0.05983,-0.043083,-0.035311
-0.058959,-0.042888,-0.052765
-0.058166,-0.042462,-0.073487
-0.057449,-0.041804,-0.09736
-0.056795,-0.040931,-0.12428
-0.056037,-0.040062,-0.15415
-0.055129,-0.039258,-0.18688
-0.054073,-0.038521,-0.22235
-0.05287,-0.037851,-0.26049
-0.050418,-0.034177,-0.24421
-0.047395,-0.031558,-0.23053
-0.045139,-0.028185,-0.21876
-0.043856,-0.023761,-0.2085
-0.043514,-0.018311,-0.19937
-0.044089,-0.011847,-0.19115
-0.045567,-0.00437,-0.18364
-0.047943,0.0041265,-0.1767
-0.05122,0.013659,-0.17021
-0.055405,0.024248,-0.16409
-0.057897,0.024974,-0.17664
-0.060475,0.025717,-0.18908
-0.063136,0.026475,-0.20137
-0.06588,0.027245,-0.21349
-0.068706,0.02803,-0.22541
-0.071612,0.028825,-0.23714
-0.074599,0.029629,-0.24864
-0.077664,0.030441,-0.25992
-0.080806,0.031258,-0.27096
-0.084024,0.032076,-0.28179
-0.082462,0.028973,-0.32834
-0.080983,0.025925,-0.37602
-0.079593,0.022929,-0.42452
-0.078297,0.019983,-0.47365
-0.077099,0.017084,-0.52319
-0.076002,0.014233,-0.57306
-0.07501,0.011428,-0.62305
-0.074124,0.0086716,-0.67317
-0.073348,0.0059618,-0.72323
-0.072681,0.0033006,-0.7733
-0.072458,0.013107,-0.78163
-0.072873,0.023383,-0.79195
-0.073922,0.034119,-0.80358
-0.075601,0.045311,-0.81636
-0.077909,0.056952,-0.82979
-0.080844,0.06904,-0.8438
-0.084406,0.081569,-0.85801
-0.088596,0.094538,-0.87242
-0.093414,0.10794,-0.88671
-0.098862,0.12178,-0.90093
-0.087434,0.10847,-0.82166
-0.076952,0.096479,-0.75765
-0.067352,0.085621,-0.70452
-0.058573,0.075761,-0.65959
-0.050565,0.066794,-0.62092
-0.043279,0.058634,-0.58718
-0.036675,0.05121,-0.55744
-0.030712,0.044461,-0.53093
-0.025357,0.038337,-0.50716
-0.020579,0.032789,-0.48564
-0.021682,0.03183,-0.52002
-0.023053,0.030598,-0.55306
-0.024696,0.029094,-0.58476
-0.026613,0.027317,-0.61505
-0.028808,0.025269,-0.64395
-0.031282,0.022949,-0.6715
-0.034037,0.02036,-0.69775
-0.037073,0.017504,-0.72279
-0.04039,0.014382,-0.74665
-0.043988,0.010995,-0.76946
-0.04133,-0.00029621,-0.75655
-0.039931,-0.010093,-0.7462
-0.039743,-0.018484,-0.73774
-0.040728,-0.025546,-0.73077
-0.04286,-0.031335,-0.72489
-0.04612,-0.0359,-0.71986
-0.049941,-0.04002,-0.71541
-0.053,-0.045478,-0.7114
-0.055246,-0.052339,-0.70764
-0.056686,-0.060598,-0.70402
-0.045275,-0.051405,-0.68124
-0.035252,-0.04325,-0.66142
-0.026533,-0.036081,-0.64397
-0.019045,-0.029849,-0.62845
-0.012721,-0.024512,-0.61454
-0.0075007,-0.020029,-0.60193
-0.0033302,-0.016368,-0.59044
-0.00016185,-0.013497,-0.57986
0.0020469,-0.01139,-0.57008
0.0033319,-0.010024,-0.56092
0.0029153,-0.010502,-0.53524
0.0024523,-0.011012,-0.51055
0.0019413,-0.011559,-0.48681
0.0013804,-0.012144,-0.46394
0.00076806,-0.01277,-0.44195
0.0001028,-0.013441,-0.42074
-0.00061657,-0.014158,-0.40032
-0.0013916,-0.014925,-0.38061
-0.0022229,-0.015744,-0.36163
-0.0031118,-0.016617,-0.34329
-0.0060866,-0.018961,-0.3426
-0.0095303,-0.021699,-0.34237
-0.013454,-0.024843,-0.34257
-0.017872,-0.028401,-0.34309
-0.022797,-0.032389,-0.34393
-0.028248,-0.036819,-0.34498
-0.03424,-0.041707,-0.34626
-0.040793,-0.047067,-0.34769
-0.047924,-0.052918,-0.34926
-0.055654,-0.059275,-0.35092
-0.056045,-0.061167,-0.3331
-0.056304,-0.063214,-0.31552
-0.056433,-0.065416,-0.29827
-0.056433,-0.067774,-0.28137
-0.056304,-0.07029,-0.26488
-0.056048,-0.072963,-0.24879
-0.055666,-0.075794,-0.23316
-0.055157,-0.078784,-0.21798
-0.054523,-0.081935,-0.20328
-0.053764,-0.085238,-0.18904
-0.051792,-0.077374,-0.1829
-0.049798,-0.070137,-0.17735
-0.047775,-0.063504,-0.17235
-0.045717,-0.057448,-0.1678
-0.043618,-0.051945,-0.16367
-0.041471,-0.04697,-0.15989
-0.039272,-0.042502,-0.15643
-0.037014,-0.038518,-0.15325
-0.034692,-0.035001,-0.15032
-0.0323,-0.031931,-0.14761
-0.031398,-0.030072,-0.11257
-0.030536,-0.028473,-0.084287
-0.029712,-0.027089,-0.061537
-0.028924,-0.025886,-0.043366
-0.028168,-0.024835,-0.029071
-0.027442,-0.023913,-0.01807
-0.026742,-0.023102,-0.0099327
-0.026067,-0.022385,-0.0042985
-0.025412,-0.021749,-0.00089806
-0.024776,-0.021184,0.00048942
-0.024381,-0.020803,0.00030802
-0.024092,-0.020297,2.6707e-05
-0.023945,-0.019625,-0.00034926
-0.023941,-0.018789,-0.00081205
-0.024083,-0.017792,-0.0013581
-0.024374,-0.016633,-0.0019805
-0.024818,-0.01531,-0.0026772
-0.02542,-0.01382,-0.003442
-0.026187,-0.01216,-0.0042733
-0.027127,-0.010322,-0.0051651
-0.028376,-0.0097139,-0.0054831
-0.029677,-0.0090416,-0.0057674
-0.031032,-0.0083046,-0.0060169
-0.032439,-0.0075022,-0.0062271
-0.033901,-0.006634,-0.0063978
-0.035416,-0.0056995,-0.0065258
-0.036985,-0.0046981,-0.0066118
-0.038609,-0.0036293,-0.0066541
-0.040287,-0.0024929,-0.006654
-0.042021,-0.0012883,-0.0066113
-0.042335,-0.0058669,-0.0079434
-0.042897,-0.010376,-0.0093512
-0.043711,-0.014827,-0.010827
-0.04478,-0.019228,-0.012362
-0.04611,-0.023589,-0.013951
-0.047708,-0.027919,-0.015588
-0.049581,-0.032225,-0.017267
-0.05174,-0.036517,-0.018983
-0.054196,-0.040801,-0.020731
-0.056958,-0.045085,-0.022507
-0.058042,-0.045733,-0.01681
-0.059144,-0.046406,-0.012087
-0.060262,-0.047099,-0.0082459
-0.061396,-0.047809,-0.005208
-0.062542,-0.048529,-0.0029074
-0.063699,-0.049257,-0.0012875
-0.064866,-0.049988,-0.00029937
-0.066042,-0.050719,9.9446e-05
-0.067225,-0.051448,0.00022242
-0.068411,-0.052175,0.0008199
-0.06497,-0.047966,9.5688e-05
-0.061747,-0.043882,-9.1314e-05
-0.058733,-0.039909,-0.00071247
-0.055921,-0.036039,-0.0018657
-0.053303,-0.032266,-0.0034985
-0.050869,-0.028582,-0.0055691
-0.048613,-0.024981,-0.0080435
-0.046528,-0.021457,-0.010895
-0.044609,-0.018005,-0.0141
-0.04285,-0.014619,-0.01764
-0.044091,-0.015822,-0.020584
-0.045369,-0.017048,-0.023566
-0.046683,-0.018298,-0.026555
-0.048034,-0.019572,-0.029526
-0.04942,-0.020873,-0.032453
-0.050841,-0.0222,-0.035318
-0.052299,-0.023554,-0.038103
-0.053792,-0.024937,-0.040796
-0.05532,-0.02635,-0.043381
-0.056884,-0.027792,-0.045853
-0.056767,-0.023894,-0.023816
-0.056907,-0.01976,-0.009746
-0.057295,-0.015395,-0.0021569
-0.057924,-0.010799,2.6579e-06
-0.058775,-0.0060645,0.002819
-0.059839,-0.0012457,0.0099235
-0.061121,0.0036721,0.020957
-0.062627,0.0087037,0.035645
-0.064362,0.013862,0.053759
-0.066332,0.019161,0.075097
-0.065388,0.024901,0.047314
-0.064688,0.030216,0.027443
-0.06421,0.035179,0.013881
-0.063942,0.03985,0.0055093
-0.063875,0.044276,0.0015175
-0.064006,0.048507,0.0006768
-0.064346,0.052657,-0.0023368
-0.064897,0.056759,-0.0083517
-0.065662,0.060817,-0.017096
-0.066646,0.064837,-0.028348
-0.071398,0.069092,-0.031825
-0.076361,0.073513,-0.035461
-0.081537,0.0781,-0.039245
-0.086927,0.082854,-0.043175
-0.092534,0.087774,-0.04724
-0.098358,0.092861,-0.051437
-0.1044,0.098115,-0.055753
-0.11066,0.10353,-0.060189
-0.11714,0.10912,-0.064733
-0.12384,0.11487,-0.069385
-0.13023,0.12464,-0.081001
-0.13698,0.13471,-0.093187
-0.14411,0.14507,-0.10589
-0.15161,0.15573,-0.11907
-0.15948,0.16667,-0.13269
-0.16773,0.1779,-0.14672
-0.17636,0.18941,-0.16112
-0.18537,0.2012,-0.17588
-0.19476,0.21325,-0.19094
-0.20452,0.22557,-0.2063
-0.19338,0.21403,-0.22488
-0.18284,0.20307,-0.2427
-0.17287,0.19265,-0.2598
-0.16344,0.18274,-0.2763
-0.1545,0.17329,-0.2922
-0.14603,0.16428,-0.30759
-0.138,0.15567,-0.32246
-0.13039,0.14743,-0.3369
-0.12318,0.13955,-0.35086
-0.11633,0.132,-0.36442
-0.091574,0.10384,-0.29368
-0.071083,0.080568,-0.24001
-0.054236,0.061446,-0.19817
-0.04051,0.045869,-0.16494
-0.029463,0.033325,-0.13812
-0.020709,0.023375,-0.11624
-0.013916,0.015637,-0.098216
-0.0087892,0.0097769,-0.083263
-0.0050704,0.0055023,-0.07079
-0.002533,0.0025563,-0.060314
-0.0019031,0.0021606,-0.050026
-0.0014526,0.0017544,-0.041225
-0.00089786,0.0015701,-0.033701
-0.00024505,0.0015845,-0.027258
0.00049085,0.001769,-0.021751
0.001301,0.0021024,-0.01704
0.0021828,0.0025716,-0.013026
0.00314,0.0031714,-0.0096189
0.0041824,0.0039047,-0.0067621
0.0053251,0.0047818,-0.004413
0.0061139,0.0057693,-0.004716
0.0069174,0.006964,-0.0050253
0.0077371,0.0083843,-0.0053436
0.0085737,0.010049,-0.005667
0.0094279,0.011979,-0.0059977
0.0103,0.014194,-0.0063314
0.011191,0.016715,-0.0066696
0.0121,0.019562,-0.0070077
0.013028,0.022758,-0.0073465
0.013975,0.026325,-0.0076805
0.013812,0.026524,-0.0032092
0.013683,0.026707,-0.00077776
0.013579,0.026872,-0.00016862
0.013475,0.027045,0.0010912
0.013354,0.027238,0.0040685
0.01321,0.027448,0.008705
0.013035,0.027674,0.014954
0.012823,0.027915,0.022785
0.012569,0.028168,0.032167
0.012268,0.028434,0.043081
0.012125,0.024024,0.041248
0.011829,0.020172,0.039617
0.011388,0.016842,0.038132
0.01081,0.013999,0.036761
0.010102,0.011612,0.035471
0.0092683,0.0096521,0.034244
0.0083141,0.0080926,0.03306
0.0072427,0.0069091,0.031911
0.0062805,0.0058212,0.03079
0.0056342,0.0045726,0.029699
0.0041176,0.0033806,0.02348
0.0028711,0.0024198,0.01839
0.001876,0.0016604,0.014239
0.0011143,0.0010737,0.010875
0.00056944,0.0006315,0.0081695
0.00022172,0.00031026,0.0060151
-2.493e-06,0.00015118,0.0043156
-0.00014522,0.00016268,0.0029848
-0.00030434,0.0002666,0.0019442
-0.00062271,0.0003376,0.0011311
-0.00063111,0.00042004,0.00039128
-0.00064644,0.00050053,3.8639e-05
-0.00066884,0.00058107,-4.3082e-05
-0.00069514,0.00066107,-0.00034578
-0.0007267,0.0007434,-0.00099809
-0.00076606,0.00083146,-0.0020622
-0.0008157,0.00092829,-0.0036272
-0.00087818,0.0010367,-0.0058035
-0.00095619,0.0011594,-0.0087158
-0.0010524,0.0012995,-0.0125
-0.0007113,0.00098868,-0.0063714
-0.00034938,0.00084245,-0.0025537
2.7463e-05,0.00081898,-0.00055251
0.00042653,0.0008878,4.141e-06
0.00085725,0.0010474,0.00077073
0.0013377,0.0013181,0.0029486
0.001887,0.0017315,0.0068062
0.0025219,0.002321,0.012672
0.0033438,0.0030202,0.020883
0.0044225,0.0038007,0.031762
0.0039097,0.0028411,0.025098
0.0035383,0.0018947,0.01952
0.003295,0.00096471,0.01487
0.0031686,5.2704e-05,0.011022
0.0031504,-0.00084138,0.0078693
0.0032343,-0.0017196,0.0053267
0.0034172,-0.0025862,0.0033277
0.0036994,-0.0034474,0.0018243
0.0040847,-0.0043112,0.00078645
0.0045795,-0.0051867,0.00020105
0.0051076,-0.0058086,0.00023179
0.0056796,-0.0064848,0.00026959
0.0062976,-0.0072179,0.00031526
0.0069639,-0.0080108,0.00036945
0.0076808,-0.0088663,0.00043288
0.0084505,-0.0097871,0.00050601
0.0092754,-0.010776,0.00058934
0.010158,-0.011836,0.000683
0.0111,-0.012969,0.00078713
0.012104,-0.014179,0.00090146
0.011455,-0.013329,0.00014331
0.01084,-0.012513,-9.4512e-05
0.010263,-0.011725,-0.001011
0.0097231,-0.010962,-0.0026181
0.0092155,-0.010221,-0.0048553
0.008738,-0.0094982,-0.0076798
0.0082886,-0.0087909,-0.011062
0.0078659,-0.0080968,-0.014982
0.007469,-0.0074138,-0.019428
0.0070974,-0.0067402,-0.024394
0.0076468,-0.0071889,-0.031536
0.0082234,-0.0076418,-0.039744
0.008827,-0.0080973,-0.049035
0.0094576,-0.008554,-0.059418
0.010115,-0.0090103,-0.070881
0.010798,-0.0094648,-0.083411
0.011507,-0.0099163,-0.09697
0.012242,-0.010363,-0.11153
0.013001,-0.010805,-0.12702
0.013784,-0.01124,-0.14341
0.017058,-0.013593,-0.12835
0.020756,-0.016123,-0.11486
0.024888,-0.018838,-0.10268
0.029467,-0.021748,-0.091632
0.034506,-0.024864,-0.081552
0.040023,-0.028196,-0.072347
0.046036,-0.031756,-0.063929
0.052561,-0.035553,-0.056237
0.059618,-0.039598,-0.049219
0.067224,-0.0439,-0.042833
0.066979,-0.040978,-0.052738
0.066799,-0.038044,-0.062979
0.066685,-0.035099,-0.073446
0.066635,-0.032142,-0.084048
0.06665,-0.029173,-0.094708
0.06673,-0.026194,-0.10537
0.066875,-0.023204,-0.11598
0.067085,-0.020203,-0.1265
0.06736,-0.017192,-0.1369
0.0677,-0.014171,-0.14715
0.066295,-0.012623,-0.10584
0.065079,-0.011181,-0.074548
0.064016,-0.0098277,-0.050841
0.063076,-0.0085501,-0.033046
0.062237,-0.0073354,-0.019962
0.06148,-0.0061734,-0.010708
0.060788,-0.0050549,-0.0046297
0.060149,-0.0039726,-0.0012249
0.059552,-0.0029199,-0.00010743
0.058991,-0.0019,0.00073746
0.052897,0.0023493,0.0029436
0.047478,0.00592,0.0063015
0.042668,0.0088803,0.01066
0.038411,0.011289,0.015905
0.034655,0.013197,0.02194
0.03136,0.014647,0.028697
0.028488,0.015672,0.036118
0.026011,0.0163,0.044171
0.023906,0.016551,0.052821
0.022157,0.016438,0.062058
0.019736,0.015059,0.052773
0.017565,0.01367,0.044954
0.015631,0.012273,0.038315
0.013858,0.010947,0.032654
0.012128,0.0098255,0.027797
0.010436,0.0089014,0.023617
0.0087802,0.0081663,0.020005
0.007158,0.0076126,0.016875
0.0055663,0.0072335,0.014156
0.0040025,0.0070231,0.011789
0.0055564,0.0068712,0.010257
0.007012,0.0069635,0.0088741
0.0083762,0.0072914,0.0076186
0.0096514,0.0078514,0.0064735
0.010836,0.0086452,0.0054273
0.012074,0.009494,0.0044703
0.013534,0.010186,0.003596
0.015228,0.010706,0.0028025
0.017167,0.011038,0.0020903
0.019367,0.011163,0.0014606
0.017547,0.0095453,0.00054488
0.015876,0.0080254,3.0429e-05
0.014346,0.006599,-0.00014188
0.012948,0.0052624,-0.00025002
0.011673,0.0040125,-0.00060962
0.010516,0.0028449,-0.0011903
0.0094715,0.0017557,-0.0019654
0.008535,0.00074131,-0.0029139
0.0077025,-0.00020121,-0.0040189
0.00697,-0.0010745,-0.0052681
0.0057159,0.00019794,-0.0064954
0.0047058,0.001167,-0.0078858
0.0039201,0.0018572,-0.0094397
0.0033434,0.0022873,-0.011156
0.002966,0.0024695,-0.013033
0.0027581,0.0024409,-0.015065
0.0024328,0.002563,-0.017243
0.0019044,0.0029449,-0.019561
0.0011614,0.0036016,-0.022011
0.00018948,0.0045526,-0.02459
0.033152,0.034095,-0.046035
0.028162,0.028349,-0.033655
0.023641,0.023176,-0.023496
0.019564,0.018572,-0.015362
0.015907,0.014531,-0.0090923
0.012646,0.011049,-0.0045545
0.0097542,0.0081212,-0.0016341
0.0072046,0.0057446,-0.00023143
0.0049842,0.0039013,0.00014317
0.003293,0.0023235,0.0015675
0.0045169,0.0040528,0.0014691
0.0048147,0.0075267,0.0014019
0.0039301,0.012957,0.0013742
0.0018572,0.020275,0.0013843
-0.0014022,0.029426,0.0014282
-0.0058438,0.040365,0.0015022
-0.011463,0.053055,0.0016024
-0.018254,0.067467,0.0017255
-0.026212,0.083576,0.0018685
-0.035332,0.10136,0.0020282
-0.029885,0.098495,0.00082595
-0.024446,0.095762,0.00048701
-0.019033,0.093171,-0.0001049
-0.013652,0.090727,-0.0012749
-0.0083038,0.088431,-0.0029128
-0.0029886,0.086286,-0.0049321
0.002293,0.084295,-0.0072639
0.0075405,0.082461,-0.0098531
0.012753,0.080785,-0.012655
0.017932,0.07927,-0.015634
0.023038,0.080378,-0.017725
0.028269,0.081618,-0.01995
0.033629,0.082991,-0.022307
0.039121,0.084497,-0.024795
0.044748,0.086136,-0.02741
0.050515,0.087909,-0.030151
0.056422,0.089816,-0.033012
0.062473,0.09186,-0.035992
0.068671,0.09404,-0.039085
0.075018,0.096359,-0.04229
0.072701,0.099087,-0.040931
0.070273,0.10198,-0.040026
0.06774,0.10505,-0.039509
0.065105,0.10829,-0.039332
0.062372,0.11171,-0.039452
0.059544,0.1153,-0.039839
0.056625,0.11908,-0.040467
0.053616,0.12304,-0.041318
0.05052,0.12718,-0.042372
0.047338,0.13151,-0.043618
0.068656,0.13233,-0.030072
0.090439,0.13454,-0.019413
0.11269,0.13819,-0.011382
0.13544,0.14331,-0.0057825
0.15869,0.14993,-0.0024627
0.18249,0.15807,-0.0013014
0.20687,0.16773,-0.00062823
0.23187,0.17895,0.0019974
0.25754,0.19172,0.0065335
0.2839,0.20605,0.01292
0.26216,0.19546,0.011419
0.24058,0.18679,0.010829
0.21912,0.17999,0.010886
0.19771,0.17501,0.011446
0.17631,0.1718,0.012427
0.15488,0.17033,0.013788
0.13337,0.17055,0.015505
0.11174,0.17245,0.017573
0.089973,0.17599,0.019992
0.06803,0.18116,0.022767
0.081465,0.18439,0.014529
0.095266,0.18796,0.0077706
0.10944,0.1919,0.0027267
0.12398,0.19619,-0.00040774
0.13889,0.20085,-0.0014795
0.15419,0.20587,-0.0027871
0.16986,0.21123,-0.0063992
0.18592,0.21693,-0.0124
0.20237,0.22298,-0.020859
0.21921,0.22937,-0.031831
0.18754,0.22502,-0.0078383
0.15675,0.22264,-0.0018305
0.12667,0.22227,0.0069529
0.097177,0.2239,0.027831
0.06816,0.22749,0.059143
0.039531,0.23301,0.099708
0.011225,0.24043,0.14865
-0.016799,0.24976,0.20529
-0.044567,0.26102,0.26907
-0.072089,0.27424,0.33953
-0.067568,0.27039,0.33277
-0.063151,0.26674,0.32775
-0.058833,0.26329,0.32383
-0.054609,0.26001,0.32066
-0.050469,0.25689,0.31786
-0.04641,0.25392,0.31529
-0.042425,0.25109,0.31271
-0.038509,0.2484,0.31006
-0.034659,0.24584,0.30721
-0.03087,0.2434,0.30414
-0.038639,0.23975,0.39244
-0.046053,0.23647,0.48407
-0.053111,0.23354,0.57791
-0.059811,0.23094,0.67329
-0.066153,0.22868,0.76956
-0.072134,0.22676,0.8665
-0.077754,0.22515,0.96362
-0.08301,0.22387,1.0609
-0.087901,0.22289,1.158
-0.092427,0.22224,1.2549
-0.084303,0.20923,1.1028
-0.076315,0.19696,0.98795
-0.06849,0.18527,0.89719
-0.060846,0.17408,0.8233
-0.053399,0.16333,0.76138
-0.046163,0.15299,0.70848
-0.039149,0.14305,0.66244
-0.032367,0.13351,0.62184
-0.025828,0.12436,0.58562
-0.019538,0.11561,0.55301
-0.020819,0.13297,0.46729
-0.021947,0.15213,0.39546
-0.022931,0.17307,0.33438
-0.023777,0.19581,0.28179
-0.02449,0.22035,0.23621
-0.025074,0.24672,0.19642
-0.025529,0.27493,0.16164
-0.025854,0.30501,0.13113
-0.026046,0.33697,0.10446
-0.026099,0.37084,0.081121
-0.065857,0.38082,0.067927
-0.10413,0.39302,0.054525
-0.14089,0.40747,0.041578
-0.17614,0.42421,0.029463
-0.20985,0.44326,0.018487
-0.24204,0.46467,0.0087948
-0.27269,0.48844,0.00051827
-0.30181,0.51461,-0.0063145
-0.32941,0.54319,-0.011668
-0.35549,0.5742,-0.015559
-0.38335,0.62406,-0.014108
-0.41187,0.67616,-0.011733
-0.44106,0.7305,-0.0088447
-0.47094,0.7871,-0.0057038
-0.50151,0.84598,-0.0024274
-0.53279,0.90716,0.00090236
-0.5648,0.97066,0.0042836
-0.59756,1.0365,0.0076934
-0.63109,1.1048,0.011159
-0.66539,1.1755,0.014667
-0.58687,1.0498,0.01924
-0.51543,0.93495,0.022502
-0.45046,0.82995,0.024865
-0.39142,0.73401,0.026551
-0.33784,0.64641,0.027726
-0.28929,0.56652,0.028479
-0.24543,0.4938,0.028893
-0.20591,0.42775,0.029014
-0.17044,0.36794,0.028893
-0.13877,0.31397,0.028556
-0.14135,0.32627,0.011255
-0.14389,0.33904,-0.0008484
-0.14637,0.35225,-0.0086792
-0.14881,0.36587,-0.012927
-0.1512,0.37989,-0.01441
-0.15352,0.39415,-0.017318
-0.15577,0.40861,-0.022643
-0.15795,0.42328,-0.030154
-0.16005,0.43817,-0.039664
-0.16208,0.45326,-0.05103
-0.14723,0.43663,-0.045348
-0.13235,0.42021,-0.040596
-0.11746,0.40403,-0.036503
-0.10257,0.38814,-0.032901
-0.087715,0.37257,-0.029676
-0.072895,0.35736,-0.026758
-0.058128,0.34254,-0.024098
-0.043429,0.32814,-0.021667
-0.028809,0.31418,-0.019447
-0.01428,0.30069,-0.017427
-0.012507,0.29817,-0.014493
-0.010718,0.29561,-0.012931
-0.008916,0.29302,-0.01241
-0.0071077,0.29045,-0.012007
-0.0053,0.28792,-0.010948
-0.0034923,0.28543,-0.0093468
-0.0016851,0.28298,-0.0072926
0.00012216,0.28056,-0.0048473
0.0019287,0.27818,-0.0020626
0.0037351,0.27583,0.0010315
-0.026781,0.26414,0.0093819
-0.053586,0.25483,0.019082
-0.076809,0.24781,0.029964
-0.096558,0.24299,0.041921
-0.11292,0.24031,0.054864
-0.12597,0.23972,0.068736
-0.13576,0.24119,0.083476
-0.14231,0.24468,0.09905
-0.14619,0.24986,0.11541
-0.15226,0.25385,0.13259
-0.13775,0.23173,0.076461
-0.12465,0.21122,0.038004
-0.11285,0.19209,0.012932
-0.10222,0.17419,-0.0015379
-0.092124,0.15775,-0.0073133
-0.082267,0.14268,-0.0083673
-0.072494,0.12852,-0.014904
-0.06279,0.1152,-0.027231
-0.053147,0.10273,-0.044833
-0.043554,0.091093,-0.067339
-0.051984,0.10905,-0.075857
-0.061229,0.12878,-0.084971
-0.071302,0.15033,-0.094693
-0.08221,0.17372,-0.10506
-0.09396,0.19897,-0.11607
-0.10656,0.2261,-0.12777
-0.12001,0.25513,-0.14015
-0.13431,0.28608,-0.15324
-0.14947,0.31896,-0.16701
-0.16548,0.35379,-0.18147
-0.14475,0.32579,-0.14661
-0.12503,0.29937,-0.11748
-0.10629,0.27452,-0.092893
-0.088529,0.25118,-0.072094
-0.071714,0.22932,-0.054564
-0.055829,0.20888,-0.03995
-0.040852,0.18983,-0.028001
-0.026761,0.17212,-0.018533
-0.013533,0.15572,-0.011412
-0.0011453,0.14058,-0.0065313
0.011093,0.12673,-0.012963
0.02276,0.11414,-0.023689
0.033873,0.10278,-0.038143
0.044448,0.092629,-0.055913
0.054498,0.083674,-0.076709
0.064034,0.075898,-0.10031
0.073061,0.069294,-0.12654
0.081585,0.063857,-0.15527
0.089605,0.059588,-0.18638
0.097117,0.056492,-0.21978
0.079026,0.059854,-0.17782
0.060268,0.067071,-0.14381
0.040654,0.07806,-0.11576
0.020017,0.09279,-0.092388
-0.0017868,0.11129,-0.072815
-0.024873,0.13362,-0.056479
-0.049328,0.1599,-0.043
-0.075208,0.19026,-0.032116
-0.10255,0.22486,-0.02364
-0.13135,0.26385,-0.017415
-0.10645,0.21627,-0.011261
-0.084723,0.1742,-0.0067976
-0.065955,0.13737,-0.0039216
-0.049957,0.1055,-0.002505
-0.03657,0.078352,-0.0010934
-0.025626,0.055689,0.0012395
-0.016939,0.037264,0.0044121
-0.010318,0.022833,0.0083453
-0.0055712,0.012155,0.012953
-0.0025002,0.0049846,0.018158
-0.0011944,0.0039516,0.013241
0.00014277,0.003274,0.009307
0.0015311,0.0029203,0.0061975
0.0029869,0.0028645,0.0037955
0.0045217,0.0030885,0.0020192
0.0061413,0.0035838,0.00083167
0.0078456,0.0043518,0.00023249
0.009694,0.0052905,0.00010949
0.011844,0.0061497,-0.00049239
0.014315,0.0069041,-0.0018024
0.010035,0.0055917,-0.00013082
0.0058626,0.0053192,0.00016684
0.0011007,0.0075683,0.00094808
-0.0042074,0.012434,0.0028728
-0.010157,0.020083,0.0062136
-0.016923,0.030684,0.011325
-0.024748,0.044361,0.018518
-0.034481,0.060887,0.02801
-0.04638,0.080338,0.039925
-0.060464,0.1029,0.054298
-0.053645,0.095947,0.05686
-0.047603,0.088929,0.060091
-0.037755,0.084376,0.063949
-0.024088,0.082313,0.068343
-0.0065945,0.082758,0.073189
0.014744,0.085727,0.078439
0.03996,0.091242,0.084049
0.069093,0.099319,0.090005
0.10219,0.10998,0.09629
0.1393,0.12323,0.10291
0.11331,0.11201,0.076529
0.089671,0.102,0.056345
0.068316,0.093186,0.040803
0.049174,0.085518,0.028844
0.032173,0.078963,0.019713
0.017248,0.073485,0.012863
0.0043332,0.069053,0.0078897
-0.006632,0.065637,0.0044831
-0.015704,0.063209,0.0024105
-0.022931,0.061752,0.0014898
-0.029381,0.068328,0.0015601
-0.035751,0.07566,0.0014526
-0.04204,0.083773,0.0010228
-0.048244,0.092685,0.00026015
-0.054358,0.10242,-0.00084367
-0.060376,0.11299,-0.0023013
-0.066516,0.1243,-0.0041244
-0.073396,0.13604,-0.0063354
-0.081069,0.14819,-0.0089429
-0.089555,0.16075,-0.01196
-0.08052,0.14754,-0.0049804
-0.072567,0.13508,-0.00067989
-0.06564,0.12329,0.0016768
-0.05952,0.11217,0.0025973
-0.053406,0.10208,0.0025886
-0.047183,0.092945,0.0030806
-0.040829,0.084721,0.0042346
-0.034328,0.077355,0.00591
-0.027662,0.070802,0.0080035
-0.020815,0.065024,0.010437
-0.021986,0.063356,0.012841
-0.023049,0.061785,0.015392
-0.023996,0.06031,0.018061
-0.024825,0.058933,0.020824
-0.025529,0.057653,0.023659
-0.026103,0.056471,0.026552
-0.026545,0.055386,0.029486
-0.026849,0.054399,0.03245
-0.027013,0.053508,0.035433
-0.027033,0.052713,0.038428
-0.026279,0.053599,0.037344
-0.024939,0.054783,0.036643
-0.02301,0.056261,0.03626
-0.02049,0.058027,0.036148
-0.017378,0.060075,0.036272
-0.013672,0.0624,0.036607
-0.0093705,0.064998,0.037136
-0.0044742,0.067867,0.037846
0.0010181,0.071002,0.038731
0.0071064,0.074403,0.039786
0.0087144,0.064399,0.038586
0.010086,0.055154,0.038225
0.011219,0.046671,0.038584
0.012113,0.038954,0.039585
0.012766,0.032005,0.041172
0.013177,0.025827,0.043313
0.013347,0.020423,0.045983
0.013273,0.015792,0.049166
0.012956,0.011936,0.052846
0.012395,0.0088556,0.057007
0.021427,0.012672,0.057667
0.032654,0.017719,0.058596
0.046061,0.024006,0.05977
0.061627,0.031549,0.061134
0.079335,0.040363,0.0626
0.099174,0.050455,0.064077
0.12126,0.061582,0.065461
0.14566,0.073612,0.066665
0.17238,0.086522,0.067604
0.20143,0.10029,0.068215
0.1829,0.091346,0.053053
0.16549,0.082846,0.040695
0.14916,0.074796,0.030593
0.13386,0.067198,0.022353
0.11956,0.060051,0.015683
0.10622,0.05335,0.01036
0.093814,0.047092,0.0062123
0.08231,0.041268,0.0031045
0.071684,0.035871,0.00092838
0.061908,0.030891,-0.00040618
0.044082,0.02236,-0.00089941
0.028642,0.015848,-0.0014069
0.015414,0.01207,-0.0034288
0.0046069,0.011064,-0.0068144
-0.0035978,0.012889,-0.011491
-0.0091162,0.017614,-0.017504
-0.01395,0.024311,-0.024937
-0.022501,0.030862,-0.03382
-0.034819,0.03733,-0.044219
-0.05078,0.043851,-0.056162
-0.045147,0.054868,-0.054065
-0.041936,0.065118,-0.052267
-0.041162,0.074599,-0.050675
-0.042828,0.083313,-0.049235
-0.046189,0.091636,-0.047913
-0.047885,0.10125,-0.046746
-0.047518,0.11235,-0.045717
-0.0451,0.12493,-0.044817
-0.040646,0.13898,-0.044033
-0.03417,0.15449,-0.043363
-0.039038,0.13837,-0.041326
-0.04221,0.1236,-0.03928
-0.04373,0.11015,-0.037239
-0.043644,0.098021,-0.035216
-0.041995,0.087197,-0.03322
-0.038823,0.077671,-0.031262
-0.035107,0.068972,-0.029333
-0.033198,0.05995,-0.027407
-0.03319,0.050574,-0.025491
-0.035074,0.040862,-0.023596
-0.036301,0.046578,-0.041492
-0.037797,0.05241,-0.064348
-0.039545,0.058351,-0.09214
-0.04153,0.064399,-0.12483
-0.043734,0.070552,-0.16237
-0.04614,0.076812,-0.20471
-0.048731,0.083181,-0.25178
-0.051492,0.089661,-0.30353
-0.054407,0.096257,-0.35986
-0.057462,0.10297,-0.42077
-0.060686,0.11602,-0.28653
-0.064745,0.12859,-0.18364
-0.06957,0.14081,-0.10671
-0.074695,0.15304,-0.05231
-0.079616,0.16564,-0.018106
-0.084352,0.17873,-0.002511
-0.088892,0.19248,0.0018417
-0.09318,0.20719,0.020217
-0.097235,0.22297,0.054631
-0.10108,0.23989,0.10457
-0.093093,0.22501,0.090036
-0.085571,0.21123,0.079338
-0.078467,0.19842,0.07132
-0.071745,0.18652,0.065261
-0.065369,0.17544,0.060638
-0.059309,0.16511,0.05712
-0.053537,0.15547,0.054442
-0.048028,0.14648,0.052438
-0.042759,0.13808,0.05096
-0.03771,0.13024,0.049925
-0.040785,0.12416,0.04073
-0.043221,0.11856,0.032608
-0.045029,0.11344,0.02548
-0.046217,0.10876,0.019293
-0.046792,0.10451,0.013995
-0.046762,0.10069,0.0095493
-0.046133,0.097285,0.0059205
-0.044928,0.094263,0.0030813
-0.043963,0.091232,0.0010059
-0.043664,0.08798,-0.00032694
-0.039885,0.083164,-0.0011662
-0.036959,0.077906,-0.0037548
-0.033734,0.072806,-0.0090058
-0.029626,0.0682,-0.016621
-0.024652,0.064136,-0.026388
-0.018829,0.060655,-0.03816
-0.012172,0.057789,-0.051834
-0.0046926,0.055566,-0.067339
0.0035989,0.054,-0.084616
0.012695,0.053103,-0.10362
0.0062682,0.04037,-0.08479
0.0013281,0.029969,-0.069021
-0.0021093,0.0217,-0.055686
-0.0040345,0.015379,-0.044357
-0.0044425,0.010825,-0.034708
-0.0036176,0.007732,-0.026503
-0.0042055,0.0046924,-0.019574
-0.0067777,0.0012854,-0.013787
-0.011292,-0.002583,-0.0090492
-0.017771,-0.0069646,-0.005322
-0.016036,-0.0045819,-0.0074262
-0.014686,-0.0017959,-0.0099528
-0.013724,0.0013968,-0.012899
-0.013155,0.0050051,-0.016253
-0.012986,0.0090428,-0.019998
-0.013225,0.013527,-0.024114
-0.013879,0.018477,-0.028584
-0.014958,0.023912,-0.033394
-0.016467,0.029855,-0.038534
-0.018415,0.036325,-0.043999
-0.018053,0.03582,-0.03738
-0.017665,0.035261,-0.031609
-0.017252,0.034651,-0.026575
-0.01682,0.033995,-0.022189
-0.016369,0.033297,-0.018373
-0.015904,0.03256,-0.015062
-0.015426,0.031788,-0.0122
-0.014938,0.030983,-0.0097403
-0.014442,0.030148,-0.0076404
-0.01394,0.029286,-0.0058639
-0.019337,0.039593,-0.003638
-0.025705,0.05145,-0.0020629
-0.033061,0.064872,-0.0011281
-0.041418,0.079871,-0.00082631
-0.050795,0.096463,-0.00078297
-0.061212,0.11466,-0.00015901
-0.072678,0.13448,0.0010869
-0.085204,0.15593,0.0029705
-0.098797,0.17902,0.0055106
-0.11346,0.20376,0.0087298
-0.10795,0.19831,-0.00068211
-0.10279,0.19303,-0.0026669
-0.097849,0.18785,-0.009995
-0.093114,0.18273,-0.023659
-0.088583,0.17767,-0.04275
-0.084257,0.17266,-0.066595
-0.080138,0.16768,-0.094678
-0.076225,0.16273,-0.1266
-0.072519,0.1578,-0.16204
-0.06902,0.15289,-0.20075
-0.061115,0.13615,-0.22095
-0.053706,0.12043,-0.24242
-0.046781,0.10572,-0.265
-0.040329,0.091987,-0.28868
-0.034341,0.079233,-0.31332
-0.028807,0.067438,-0.33892
-0.02372,0.056593,-0.36536
-0.019073,0.046685,-0.39267
-0.01486,0.037708,-0.42071
-0.011076,0.029652,-0.44952
-0.014108,0.030906,-0.48141
-0.018949,0.031549,-0.51236
-0.025647,0.031573,-0.54213
-0.034249,0.030973,-0.57073
-0.044803,0.029737,-0.59792
-0.057355,0.027854,-0.62377
-0.071952,0.025314,-0.64805
-0.088638,0.022105,-0.67087
-0.10745,0.018214,-0.69204
-0.12844,0.01363,-0.71168
-0.13954,0.020521,-0.67272
-0.15107,0.027975,-0.64308
-0.16305,0.036007,-0.6203
-0.17548,0.044626,-0.60286
-0.18837,0.053843,-0.58951
-0.20171,0.063663,-0.57941
-0.21551,0.074092,-0.57184
-0.22977,0.085135,-0.5663
-0.24449,0.096795,-0.56237
-0.25967,0.10907,-0.55974
-0.22995,0.11522,-0.46042
-0.20204,0.12031,-0.37786
-0.17607,0.12434,-0.30838
-0.15217,0.12729,-0.24946
-0.13045,0.12914,-0.19943
-0.11102,0.1299,-0.15691
-0.093967,0.12954,-0.12099
-0.079406,0.12805,-0.090818
-0.067425,0.12543,-0.06582
-0.058119,0.12165,-0.045427
-0.078688,0.13697,-0.045413
-0.1079,0.15129,-0.045199
-0.1464,0.1646,-0.044802
-0.1948,0.17686,-0.044206
-0.25374,0.18802,-0.043475
-0.32382,0.19797,-0.042613
-0.40557,0.20663,-0.041679
-0.4995,0.21386,-0.040686
-0.60605,0.21956,-0.039686
-0.72559,0.2236,-0.038701
-0.69638,0.20997,-0.041761
-0.6684,0.19724,-0.042972
-0.64158,0.18534,-0.043021
-0.61583,0.17419,-0.04236
-0.59111,0.16373,-0.041304
-0.56734,0.15391,-0.040031
-0.54448,0.14468,-0.038672
-0.52248,0.13599,-0.037287
-0.50128,0.1278,-0.035927
-0.48085,0.12008,-0.03461
-0.45152,0.11937,-0.039426
-0.42388,0.11894,-0.043823
-0.39783,0.11874,-0.047906
-0.37327,0.11873,-0.05175
-0.35011,0.11888,-0.055419
-0.32826,0.11916,-0.058956
-0.30764,0.11955,-0.062396
-0.2882,0.12002,-0.065762
-0.26986,0.12055,-0.069073
-0.25257,0.12114,-0.072342
-0.24418,0.1188,-0.033936
-0.23632,0.11673,-0.012006
-0.22889,0.11488,-0.0026585
-0.22186,0.11322,-0.00034217
-0.21524,0.11179,0.0085565
-0.20897,0.11055,0.024428
-0.20302,0.10948,0.046352
-0.19734,0.10855,0.07365
-0.19191,0.10774,0.10578
-0.18669,0.10704,0.14235
-0.19228,0.11641,0.11782
-0.19801,0.12601,0.098879
-0.20386,0.13584,0.084027
-0.20983,0.14591,0.07226
-0.2159,0.15622,0.062819
-0.22206,0.16678,0.055171
-0.22832,0.17757,0.048906
-0.23467,0.1886,0.043725
-0.2411,0.19986,0.039398
-0.2476,0.21134,0.03575
-0.24075,0.21746,0.053422
-0.23419,0.22351,0.071232
-0.22792,0.2295,0.088668
-0.22192,0.23543,0.10548
-0.2162,0.2413,0.12154
-0.21075,0.2471,0.13684
-0.20557,0.25284,0.15137
-0.20066,0.25852,0.16518
-0.19601,0.26414,0.17828
-0.19163,0.2697,0.19074
-0.1935,0.26164,0.20823
-0.19543,0.25338,0.22646
-0.19741,0.24495,0.24531
-0.19945,0.23635,0.26475
-0.20155,0.2276,0.28467
-0.20371,0.21871,0.30505
-0.20593,0.2097,0.32578
-0.20822,0.20058,0.34688
-0.21058,0.19136,0.36823
-0.21301,0.18206,0.38985
-0.20128,0.21902,0.34461
-0.19273,0.25647,0.30794
-0.18726,0.29446,0.27737
-0.18482,0.33301,0.25136
-0.18539,0.37214,0.22875
-0.18895,0.41189,0.20879
-0.1955,0.45226,0.19089
-0.20506,0.49329,0.17464
-0.21765,0.53497,0.15973
-0.23322,0.57734,0.14592
-0.21051,0.51812,0.11871
-0.19324,0.46223,0.095053
-0.1812,0.40927,0.074573
-0.17417,0.35889,0.05692
-0.17192,0.31079,0.041844
-0.1743,0.2647,0.029103
-0.18116,0.22038,0.018527
-0.19238,0.17762,0.0099493
-0.20789,0.13623,0.0032565
-0.22762,0.096076,-0.0016619
-0.2129,0.10502,0.0070408
-0.19914,0.11394,0.018983
-0.18633,0.12281,0.033494
-0.17446,0.13161,0.050114
-0.16352,0.14032,0.06855
-0.1535,0.14892,0.088577
-0.14439,0.15741,0.11006
-0.1362,0.16577,0.13287
-0.12892,0.17398,0.15694
-0.12254,0.18204,0.18219
-0.1314,0.19959,0.17849
-0.14063,0.21806,0.17456
-0.15022,0.23745,0.17039
-0.16017,0.25777,0.16601
-0.17048,0.27901,0.1614
-0.18114,0.30117,0.15659
-0.19215,0.32424,0.15157
-0.2035,0.34821,0.14635
-0.21519,0.37306,0.14093
-0.22721,0.39879,0.13533
-0.23452,0.39066,0.1568
-0.24256,0.38259,0.18027
-0.25133,0.37456,0.20567
-0.26082,0.36655,0.23294
-0.27101,0.35856,0.26201
-0.28191,0.35058,0.29286
-0.2935,0.34259,0.32539
-0.30578,0.3346,0.3596
-0.31875,0.32659,0.39539
-0.33239,0.31857,0.43278
-0.32788,0.2784,0.35877
-0.32508,0.24089,0.29733
-0.32381,0.20574,0.24526
-0.32393,0.17273,0.2006
-0.32536,0.14168,0.16202
-0.328,0.11243,0.1286
-0.33179,0.084844,0.099715
-0.33668,0.058814,0.074864
-0.34262,0.034239,0.053707
-0.34956,0.011032,0.035947
-0.34785,0.0059806,0.051205
-0.34609,0.0010617,0.065764
-0.34427,-0.0037285,0.079433
-0.34239,-0.0083929,0.092138
-0.34045,-0.012929,0.10393
-0.33847,-0.017338,0.11485
-0.33643,-0.021615,0.12498
-0.33434,-0.025761,0.1344
-0.33221,-0.029771,0.14317
-0.33004,-0.033647,0.15135
-0.29701,-0.027313,0.14688
-0.26662,-0.021831,0.14489
-0.23865,-0.01712,0.14468
-0.21295,-0.013109,0.14582
-0.18935,-0.0097216,0.14798
-0.16773,-0.0068896,0.15097
-0.14795,-0.0045432,0.15464
-0.12989,-0.0026225,0.15887
-0.11345,-0.0010684,0.16359
-0.098529,0.00017099,0.16875
-0.11429,-0.0059094,0.17579
-0.13151,-0.012547,0.18216
-0.15019,-0.019748,0.1878
-0.17036,-0.027519,0.19271
-0.19204,-0.035864,0.19684
-0.21525,-0.044788,0.20021
-0.23999,-0.054294,0.20283
-0.2663,-0.064385,0.20471
-0.29418,-0.07506,0.20588
-0.32364,-0.086322,0.20638
-0.29857,-0.078807,0.18564
-0.27456,-0.071745,0.16815
-0.25158,-0.065134,0.15312
-0.22962,-0.058968,0.13998
-0.20868,-0.053233,0.12836
-0.18875,-0.047913,0.11796
-0.16982,-0.042991,0.10859
-0.15189,-0.038446,0.10007
-0.13496,-0.034257,0.092308
-0.11903,-0.030402,0.085185
-0.13197,-0.02912,0.070491
-0.14604,-0.026551,0.05777
-0.16123,-0.022685,0.046749
-0.17755,-0.017514,0.037199
-0.195,-0.011024,0.028947
-0.21359,-0.0032026,0.021829
-0.23332,0.0059624,0.015717
-0.25418,0.016483,0.010479
-0.27618,0.02837,0.0060116
-0.29931,0.041635,0.0022102
-0.28909,0.035073,0.0092716
-0.27907,0.028804,0.016482
-0.26924,0.022822,0.023508
-0.25962,0.017126,0.030194
-0.25019,0.011716,0.0365
-0.24097,0.0065932,0.042424
-0.23194,0.0017591,0.048
-0.22311,-0.0027854,0.05326
-0.21449,-0.0070384,0.058245
-0.20608,-0.010999,0.062989
-0.21125,0.015136,0.057878
-0.21814,0.046082,0.053316
-0.22676,0.081915,0.049208
-0.23712,0.12272,0.045483
-0.24925,0.16858,0.042093
-0.26317,0.21959,0.039003
-0.27888,0.2758,0.036187
-0.29641,0.3373,0.033626
-0.31576,0.40415,0.031308
-0.33694,0.47638,0.029223
-0.33421,0.44284,0.025011
-0.33245,0.41089,0.020641
-0.33161,0.38043,0.016361
-0.33166,0.35133,0.012333
-0.33257,0.32349,0.0086704
-0.3343,0.29682,0.0054442
-0.33681,0.27122,0.002708
-0.34009,0.24661,0.00049452
-0.34411,0.22293,-0.0011701
-0.34883,0.20012,-0.0022697
-0.32236,0.18902,-0.0024971
-0.29737,0.17835,-0.0032215
-0.27376,0.1681,-0.0052276
-0.2515,0.15824,-0.0081514
-0.23051,0.14876,-0.011757
-0.21074,0.13966,-0.015887
-0.19215,0.13091,-0.020429
-0.17468,0.12252,-0.025304
-0.15829,0.11446,-0.030449
-0.14293,0.10673,-0.035817
-0.1489,0.10345,-0.060619
-0.15516,0.10017,-0.089977
-0.16174,0.096874,-0.12311
-0.16867,0.093551,-0.15941
-0.17596,0.090191,-0.19834
-0.18361,0.086784,-0.23953
-0.19165,0.08332,-0.2826
-0.20007,0.079787,-0.32731
-0.20889,0.076178,-0.37336
-0.21809,0.072478,-0.42062
-0.24448,0.081044,-0.38571
-0.27225,0.090315,-0.35792
-0.30138,0.1003,-0.3355
-0.33189,0.11101,-0.31732
-0.36376,0.12245,-0.30237
-0.39698,0.13461,-0.28998
-0.43156,0.14749,-0.27955
-0.46748,0.16109,-0.27065
-0.50473,0.17538,-0.26292
-0.5433,0.19036,-0.25609
-0.49183,0.22098,-0.24331
-0.44454,0.25082,-0.22585
-0.40139,0.27993,-0.20572
-0.36231,0.30834,-0.18427
-0.32725,0.33607,-0.16242
-0.29617,0.36314,-0.14079
-0.26903,0.38955,-0.11984
-0.24578,0.41531,-0.099883
-0.22639,0.44043,-0.081193
-0.21084,0.46489,-0.063949
-0.20044,0.45234,-0.033977
-0.19049,0.44033,-0.016065
-0.18096,0.42874,-0.0056281
-0.17188,0.41752,6.774e-05
-0.16324,0.40661,0.002697
-0.15503,0.39598,0.00333
-0.14727,0.38557,0.0034652
-0.13995,0.37538,0.0044126
-0.13308,0.36537,0.0058721
-0.12666,0.35554,0.0076208
-0.12693,0.32496,0.0029399
-0.13063,0.29446,0.0014257
-0.1377,0.26406,-5.6277e-05
-0.14807,0.23381,-0.0031218
-0.16175,0.2037,-0.0074034
-0.17873,0.17374,-0.012662
-0.19904,0.14392,-0.018742
-0.22269,0.11423,-0.025535
-0.24975,0.084678,-0.032965
-0.28027,0.055235,-0.040974
-0.27448,0.063433,-0.056464
-0.26896,0.071646,-0.072219
-0.26369,0.079877,-0.087878
-0.25866,0.088131,-0.10323
-0.25386,0.09641,-0.11815
-0.2493,0.10472,-0.13259
-0.24495,0.11306,-0.1465
-0.24082,0.12144,-0.1599
-0.2369,0.12986,-0.17277
-0.23319,0.13831,-0.18512
-0.23092,0.14436,-0.15608
-0.22853,0.15013,-0.13253
-0.22604,0.15564,-0.11306
-0.22346,0.16089,-0.096714
-0.22079,0.1659,-0.082805
-0.21806,0.17065,-0.070848
-0.21525,0.17517,-0.060488
-0.21238,0.17944,-0.05146
-0.20945,0.18348,-0.04357
-0.20647,0.18728,-0.036667
-0.21384,0.18835,-0.031736
-0.22141,0.18948,-0.027699
-0.22916,0.19069,-0.024375
-0.23711,0.19196,-0.021617
-0.24525,0.1933,-0.019323
-0.25357,0.19471,-0.017405
-0.2621,0.19619,-0.015803
-0.27081,0.19774,-0.014463
-0.27972,0.19938,-0.013349
-0.28883,0.20109,-0.012425
-0.25736,0.21734,-0.018338
-0.22878,0.23269,-0.024873
-0.2031,0.24715,-0.031684
-0.18032,0.26072,-0.038591
-0.16045,0.27342,-0.04551
-0.14349,0.28525,-0.052396
-0.12944,0.29621,-0.059232
-0.1183,0.30631,-0.066009
-0.11009,0.31554,-0.07272
-0.10479,0.32393,-0.079364
-0.10841,0.33482,-0.090848
-0.11207,0.34588,-0.10274
-0.11578,0.35709,-0.11498
-0.11953,0.36846,-0.12757
-0.12332,0.37997,-0.14045
-0.12715,0.39163,-0.15361
-0.13102,0.40344,-0.16701
-0.13493,0.41538,-0.18064
-0.13887,0.42746,-0.19446
-0.14284,0.43966,-0.20847
-0.1262,0.38087,-0.17092
-0.11103,0.32681,-0.14467
-0.097288,0.27735,-0.12577
-0.08493,0.23233,-0.11191
-0.073908,0.1916,-0.10167
-0.064173,0.15501,-0.094133
-0.055675,0.12242,-0.088693
-0.04837,0.093696,-0.084941
-0.042212,0.068698,-0.082595
-0.037157,0.047306,-0.081447
-0.047473,0.056428,-0.08377
-0.059053,0.066223,-0.085937
-0.071893,0.076681,-0.08786
-0.085987,0.087798,-0.089456
-0.10133,0.099566,-0.090667
-0.11792,0.11198,-0.091449
-0.13575,0.12503,-0.091784
-0.15482,0.13873,-0.091667
-0.17512,0.15306,-0.091116
-0.19664,0.16802,-0.090158
-0.18433,0.18002,-0.095254
-0.1728,0.19159,-0.098733
-0.16204,0.2027,-0.10082
-0.15204,0.21336,-0.10174
-0.14281,0.22356,-0.10165
-0.13432,0.23329,-0.10074
-0.12658,0.24256,-0.099129
-0.11959,0.25137,-0.09694
-0.11334,0.25971,-0.094271
-0.10782,0.2676,-0.091206
-0.11481,0.28315,-0.080218
-0.12197,0.29907,-0.07166
-0.12929,0.31536,-0.064975
-0.13679,0.33205,-0.059743
-0.14446,0.34913,-0.055651
-0.15231,0.36663,-0.052454
-0.16033,0.38453,-0.049972
-0.16853,0.40284,-0.048058
-0.17691,0.42156,-0.046608
-0.18546,0.44068,-0.045534
-0.18612,0.463,-0.022666
-0.18696,0.48539,-0.014378
-0.18811,0.50807,-0.011433
-0.18978,0.53135,0.00031023
-0.19193,0.5552,0.019892
-0.19456,0.57959,0.046192
-0.19765,0.6045,0.078347
-0.20119,0.62991,0.11569
-0.20518,0.6558,0.15766
-0.2096,0.68216,0.20378
-0.20089,0.64188,0.11823
-0.19357,0.60437,0.064666
-0.18735,0.56912,0.030541
-0.18208,0.53577,0.0090515
-0.17764,0.5041,-0.0037641
-0.17395,0.47394,-0.010332
-0.17095,0.44516,-0.012208
-0.16857,0.41758,-0.01285
-0.1667,0.39106,-0.016392
-0.16534,0.36553,-0.02238
-0.15175,0.31873,-0.024754
-0.13954,0.2763,-0.028539
-0.12857,0.23788,-0.033738
-0.11876,0.20312,-0.040357
-0.11001,0.17173,-0.048386
-0.10222,0.14342,-0.057814
-0.095319,0.11796,-0.068617
-0.089241,0.095121,-0.080781
-0.08392,0.074709,-0.094273
-0.079296,0.056547,-0.10908
-0.08156,0.064032,-0.10903
-0.083928,0.071894,-0.10866
-0.086398,0.080133,-0.10797
-0.08897,0.08875,-0.10699
-0.091642,0.097745,-0.10575
-0.094414,0.10712,-0.10427
-0.097284,0.11687,-0.10256
-0.10025,0.12699,-0.10066
-0.10332,0.13749,-0.098579
-0.10648,0.14836,-0.096338
-0.11392,0.16267,-0.10994
-0.12178,0.17767,-0.12411
-0.13004,0.19337,-0.13879
-0.13873,0.20976,-0.15395
-0.14783,0.22686,-0.16954
-0.15734,0.24465,-0.18554
-0.16728,0.26314,-0.20189
-0.17763,0.28233,-0.21859
-0.18839,0.30222,-0.23557
-0.19956,0.3228,-0.25284
-0.20499,0.29339,-0.24586
-0.21133,0.26453,-0.24202
-0.21859,0.23628,-0.24047
-0.22681,0.20868,-0.24069
-0.236,0.18179,-0.24223
-0.24616,0.15564,-0.24487
-0.25732,0.13026,-0.24836
-0.26947,0.10569,-0.25258
-0.28262,0.081949,-0.25739
-0.29679,0.05907,-0.26273
-0.255,0.068048,-0.21144
-0.21704,0.075638,-0.16878
-0.18281,0.081938,-0.13305
-0.15218,0.087023,-0.10306
-0.12505,0.090964,-0.078006
-0.10132,0.093819,-0.057243
-0.080878,0.095645,-0.040311
-0.063638,0.096493,-0.026821
-0.049506,0.096412,-0.016483
-0.0384,0.095447,-0.009041
-0.042214,0.1069,-0.010058
-0.046234,0.11922,-0.011123
-0.050462,0.13245,-0.012245
-0.054901,0.14659,-0.013416
-0.059552,0.16168,-0.014647
-0.064417,0.17772,-0.01593
-0.069498,0.19473,-0.017273
-0.074794,0.21272,-0.01867
-0.080306,0.2317,-0.020127
-0.086034,0.25168,-0.021643
-0.077316,0.23572,-0.025557
-0.069421,0.22078,-0.029209
-0.062311,0.20678,-0.032581
-0.055954,0.19363,-0.035677
-0.050318,0.18127,-0.038519
-0.045377,0.16962,-0.041129
-0.041102,0.15863,-0.043535
-0.037471,0.14823,-0.045757
-0.03446,0.13839,-0.047818
-0.031946,0.12908,-0.049734
-0.027608,0.11205,-0.05656
-0.023726,0.096791,-0.063841
-0.020255,0.083137,-0.071567
-0.017152,0.070933,-0.079729
-0.014383,0.060043,-0.088315
-0.011914,0.050341,-0.097322
-0.0097157,0.041719,-0.10674
-0.0077711,0.034078,-0.11656
-0.0060596,0.027331,-0.12678
-0.004563,0.021407,-0.1374
-0.0061997,0.027717,-0.116
-0.0080034,0.034694,-0.096949
-0.0099325,0.042362,-0.079974
-0.011983,0.050734,-0.064901
-0.014157,0.059823,-0.051598
-0.016459,0.069643,-0.039969
-0.018892,0.080208,-0.029947
-0.021457,0.091531,-0.021476
-0.024158,0.10363,-0.014516
-0.026996,0.11651,-0.0090251
-0.024288,0.10189,-0.0044259
-0.021235,0.087987,-0.0016186
-0.018259,0.074781,-0.00043124
-0.016044,0.062215,0.00012027
-0.014665,0.050377,0.0019101
-0.014183,0.039352,0.0049077
-0.01465,0.029227,0.0090287
-0.01611,0.020087,0.014216
-0.01859,0.012015,0.020433
-0.022093,0.0050773,0.027677
-0.019896,0.012555,0.017976
-0.018504,0.021647,0.010649
-0.017881,0.03235,0.0053122
-0.018014,0.044652,0.0018327
-0.018906,0.058537,0.0002166
-0.020572,0.073986,-0.00023096
-0.023034,0.090987,-0.0023595
-0.026323,0.10952,-0.0064589
-0.030475,0.12959,-0.01249
-0.035338,0.1512,-0.020352
-0.032236,0.13844,-0.040646
-0.029294,0.12636,-0.067387
-0.026513,0.11494,-0.10038
-0.023896,0.10417,-0.13948
-0.021444,0.094054,-0.18453
-0.019161,0.084585,-0.23544
-0.017051,0.075763,-0.29207
-0.015119,0.067587,-0.35435
-0.01337,0.060059,-0.42211
-0.01181,0.053183,-0.49533
-0.013832,0.06181,-0.47371
-0.016005,0.071152,-0.45352
-0.018327,0.081208,-0.43435
-0.020798,0.091978,-0.41615
-0.023419,0.10346,-0.39864
-0.026189,0.11566,-0.3818
-0.029106,0.12857,-0.36545
-0.032171,0.14219,-0.34957
-0.035383,0.15652,-0.33405
-0.038741,0.17156,-0.31889
-0.038161,0.1731,-0.25636
-0.037326,0.17423,-0.20568
-0.03624,0.17499,-0.16412
-0.034908,0.17543,-0.1298
-0.033335,0.17558,-0.10137
-0.031527,0.17547,-0.077776
-0.029487,0.17514,-0.058276
-0.027221,0.17462,-0.04225
-0.024733,0.17392,-0.029253
-0.022027,0.17308,-0.018894
-0.027869,0.17533,-0.0050415
-0.032749,0.17806,0.0015705
-0.036653,0.18121,0.003109
-0.039497,0.18463,0.0084802
-0.041262,0.18829,0.018896
-0.042193,0.19211,0.03396
-0.043845,0.19575,0.05335
-0.046495,0.19913,0.076825
-0.050144,0.20224,0.10415
-0.054797,0.20507,0.13514
-0.053157,0.20477,0.15196
-0.051561,0.20439,0.17006
-0.050014,0.20392,0.18935
-0.048518,0.20337,0.20982
-0.047077,0.20275,0.23133
-0.045695,0.20206,0.2539
-0.044374,0.20131,0.27739
-0.043123,0.2005,0.30179
-0.041942,0.19964,0.32698
-0.040832,0.19872,0.35296
-0.041465,0.19445,0.28284
-0.04228,0.19033,0.22503
-0.043296,0.18634,0.17686
-0.044526,0.18246,0.1366
-0.045975,0.17868,0.10298
-0.047649,0.17499,0.075115
-0.049551,0.17136,0.052342
-0.051681,0.16778,0.034163
-0.05404,0.16425,0.020208
-0.056627,0.16075,0.010179
-0.05213,0.1579,0.012392
-0.048017,0.15515,0.014877
-0.044278,0.15249,0.017646
-0.040908,0.14991,0.020695
-0.037897,0.1474,0.024035
-0.035241,0.14496,0.027662
-0.032933,0.14256,0.031587
-0.030968,0.14021,0.035807
-0.029341,0.13789,0.040329
-0.028048,0.1356,0.045151
-0.024446,0.11565,0.057269
-0.0216,0.097832,0.070312
-0.019469,0.081916,0.084237
-0.018015,0.067717,0.099012
-0.017206,0.055068,0.11462
-0.017014,0.043829,0.13105
-0.017415,0.033882,0.14828
-0.018387,0.025136,0.16633
-0.019915,0.017526,0.18516
-0.021988,0.011008,0.20478
-0.021422,0.011834,0.21406
-0.02086,0.012674,0.22295
-0.020305,0.013526,0.23141
-0.019758,0.014386,0.23948
-0.019221,0.015253,0.24713
-0.018696,0.016125,0.2544
-0.018184,0.016999,0.26127
-0.017685,0.017872,0.26778
-0.017202,0.018744,0.2739
-0.016734,0.019611,0.27969
-0.0211,0.028083,0.29625
-0.026024,0.038232,0.31306
-0.031513,0.050094,0.33008
-0.037568,0.063702,0.3473
-0.044193,0.079088,0.36467
-0.051392,0.096281,0.38221
-0.059165,0.11531,0.39987
-0.067514,0.13619,0.41767
-0.076441,0.15896,0.43555
-0.085946,0.18363,0.45354
-0.074799,0.17894,0.49876
-0.064705,0.17418,0.54242
-0.055666,0.16935,0.58463
-0.04768,0.16444,0.62565
-0.040749,0.15947,0.66554
-0.034873,0.15443,0.70451
-0.030053,0.14932,0.74253
-0.026289,0.14416,0.77981
-0.023581,0.13893,0.81626
-0.021932,0.13364,0.85208
-0.022729,0.13836,0.90245
-0.023296,0.1432,0.95387
-0.023613,0.14815,1.006
-0.023682,0.1532,1.0591
-0.0235,0.15836,1.1127
-0.023069,0.16363,1.167
-0.022385,0.16902,1.2216
-0.021451,0.17452,1.2767
-0.020264,0.18015,1.332
-0.018825,0.18591,1.3876
-0.0214,0.16912,1.2445
-0.022789,0.15294,1.1136
-0.023056,0.13741,0.99266
-0.022261,0.12258,0.88078
-0.020463,0.1085,0.77704
-0.018554,0.095058,0.6809
-0.017688,0.082104,0.592
-0.01785,0.069697,0.50994
-0.019024,0.057902,0.43461
-0.021192,0.046775,0.36564
-0.022886,0.058092,0.3466
-0.024832,0.07086,0.3304
-0.02703,0.085089,0.31662
-0.029476,0.10079,0.30466
-0.032173,0.11798,0.29433
-0.03512,0.13668,0.28526
-0.038321,0.1569,0.27737
-0.041776,0.17865,0.27039
-0.045489,0.20197,0.26428
-0.049462,0.22685,0.25887
-0.039973,0.18901,0.28791
-0.031885,0.15467,0.31409
-0.025141,0.12385,0.33811
-0.019686,0.096564,0.36036
-0.015456,0.072828,0.3813
-0.01174,0.052771,0.40114
-0.0081841,0.036457,0.42014
-0.0048074,0.02388,0.43843
-0.0016192,0.015037,0.4561
0.0013828,0.0099274,0.4732
0.0011777,0.012969,0.36967
0.00027268,0.01904,0.28656
-0.0012672,0.028067,0.21887
-0.0033904,0.039997,0.16317
-0.0060581,0.054803,0.11723
-0.0092413,0.072467,0.079539
-0.012923,0.092984,0.049293
-0.017092,0.11635,0.02603
-0.021746,0.14258,0.0096252
-0.026885,0.17167,2.2693e-05
-0.025105,0.17515,0.0064745
-0.022618,0.17884,0.016173
-0.019409,0.18274,0.028552
-0.015458,0.18685,0.043111
-0.010748,0.19117,0.059487
-0.0052609,0.19571,0.077329
0.0010227,0.20045,0.096393
0.0081204,0.2054,0.11643
0.016049,0.21057,0.13729
0.024826,0.21594,0.15879
0.032863,0.18018,0.12847
0.040099,0.14903,0.10644
0.046638,0.12202,0.0901
0.052564,0.098755,0.077762
0.057944,0.078882,0.068326
0.062836,0.062113,0.061027
0.067287,0.048189,0.055341
0.071338,0.036892,0.050874
0.07502,0.028036,0.04735
0.078362,0.021467,0.044547
0.073896,0.024043,0.03056
0.069502,0.027263,0.019351
0.065154,0.031118,0.010802
0.060826,0.035601,0.0048071
0.056495,0.040708,0.0012868
0.052142,0.046437,0.00016271
0.047774,0.052772,-0.0012512
0.043397,0.059704,-0.0049831
0.038999,0.067239,-0.010999
0.034571,0.075386,-0.019278
0.027901,0.073741,-0.016351
0.021892,0.07224,-0.013844
0.016504,0.070875,-0.011673
0.011703,0.069638,-0.0097854
0.0074579,0.068522,-0.0081344
0.0037383,0.067519,-0.0066899
0.00051835,0.066623,-0.0054266
-0.0022257,0.065828,-0.0043271
-0.0045149,0.065128,-0.0033772
-0.0063679,0.064517,-0.002567
-0.0034926,0.056926,-0.00073914
-0.00043828,0.050117,-0.00022946
0.0027926,0.044017,0.00056005
0.0062046,0.038558,0.0023569
0.0098083,0.033676,0.0050618
0.013614,0.029319,0.008604
0.017631,0.025446,0.012935
0.02187,0.022025,0.018022
0.02634,0.019036,0.023842
0.031049,0.016467,0.030382
0.029777,0.018877,0.028933
0.028483,0.021563,0.027351
0.027167,0.024532,0.02566
0.025827,0.027794,0.023887
0.024463,0.031361,0.022056
0.023076,0.035247,0.020188
0.021663,0.039466,0.018305
0.020223,0.044033,0.016427
0.018755,0.048968,0.014571
0.017257,0.054286,0.012755
0.024319,0.051549,0.012581
0.032108,0.049041,0.012442
0.04062,0.046754,0.012329
0.049851,0.044681,0.012238
0.059796,0.042819,0.012164
0.070447,0.041167,0.012104
0.081799,0.039727,0.012055
0.093845,0.0385,0.012015
0.10658,0.03749,0.011982
0.11999,0.036703,0.011953
0.10797,0.031492,0.0089417
0.09653,0.026664,0.0064726
0.085682,0.022235,0.0044724
0.075431,0.018221,0.002885
0.065783,0.014639,0.0016674
0.056745,0.011505,0.00078605
0.048321,0.0088338,0.00021438
0.040519,0.006643,-6.8943e-05
0.033345,0.0049478,-0.00012529
0.026803,0.003764,-0.0003454
0.03167,0.0044338,-0.00011565
0.036856,0.0051456,0.00016278
0.042349,0.0058952,0.00099762
0.048133,0.0066807,0.0023846
0.054198,0.0075007,0.0043177
0.060531,0.0083534,0.0067894
0.067123,0.0092372,0.0097907
0.073965,0.010151,0.013313
0.081049,0.011092,0.017345
0.088369,0.012059,0.021878
0.067366,0.0091632,0.031527
0.049325,0.0067064,0.041695
0.034195,0.0047001,0.052127
0.021928,0.0031444,0.062659
0.012479,0.0020387,0.073201
0.0058058,0.0013807,0.083762
0.0018783,0.0011654,0.094421
0.00067768,0.0013835,0.10536
-0.00074354,0.00163,0.11679
-0.0049182,0.0015562,0.12889
-0.0017239,0.002135,0.12769
0.00017064,0.0025539,0.12706
0.00079333,0.0028159,0.12682
0.0014249,0.0030877,0.12687
0.0033151,0.0035298,0.12707
0.0064777,0.0041391,0.12735
0.010938,0.0049143,0.12764
0.016731,0.0058556,0.1279
0.023899,0.0069643,0.12809
0.032489,0.0082429,0.12821
0.030512,0.0095964,0.131
0.028555,0.011213,0.13381
0.026618,0.013093,0.13662
0.024705,0.015237,0.13943
0.022817,0.017647,0.14223
0.020954,0.020322,0.14503
0.019118,0.023263,0.14781
0.017309,0.026472,0.15057
0.015528,0.02995,0.1533
0.013771,0.033698,0.15601
0.015289,0.026679,0.13436
0.016833,0.020539,0.11577
0.018397,0.015298,0.099675
0.019978,0.010972,0.08565
0.021569,0.0075761,0.073358
0.023164,0.0051218,0.062527
0.024756,0.0036192,0.052942
0.026332,0.0030752,0.044422
0.02794,0.0029973,0.036833
0.029725,0.0020418,0.030056
0.030317,0.0019252,0.036433
0.030927,0.0017951,0.043253
0.031556,0.0016508,0.050481
0.032202,0.0014918,0.058065
0.032866,0.0013174,0.065968
0.033547,0.0011272,0.074138
0.034245,0.00092064,0.082535
0.034958,0.00069749,0.091115
0.035688,0.0004573,0.099836
0.036433,0.00019993,0.10866
0.018915,0.0018398,0.094274
0.0071089,0.0055636,0.083926
-0.00030914,0.017858,0.075603
-0.0042228,0.038823,0.067635
-0.012353,0.068355,0.059233
-0.027403,0.10713,0.050362
-0.05002,0.15606,0.041396
-0.080846,0.21601,0.032831
-0.12049,0.28775,0.02514
-0.16952,0.37201,0.018672
-0.1504,0.30537,0.023662
-0.13284,0.24566,0.028356
-0.11678,0.19274,0.032827
-0.10215,0.14643,0.037158
-0.088916,0.10661,0.04143
-0.077014,0.07311,0.045701
-0.066397,0.045809,0.050017
-0.057016,0.024571,0.054408
-0.048822,0.0092647,0.058894
-0.041766,-0.00023127,0.063486
-0.041654,0.003514,0.04576
-0.041646,0.0083053,0.031383
-0.041732,0.014142,0.019992
-0.041902,0.02101,0.011337
-0.042144,0.028881,0.0052583
-0.042448,0.037721,0.00165
-0.042804,0.047493,0.00044681
-0.043218,0.058165,-0.00064177
-0.043697,0.069709,-0.0040421
-0.044235,0.082089,-0.009718
-0.038367,0.083154,-0.0065723
-0.032978,0.084002,-0.0040917
-0.028084,0.084641,-0.0022053
-0.0237,0.085079,-0.00086298
-0.019843,0.085324,-2.4138e-05
-0.016525,0.085387,0.00034069
-0.01376,0.085278,0.00044204
-0.011557,0.085008,0.00092665
-0.0099287,0.084589,0.0018357
-0.0088844,0.084035,0.0031578
-0.0086632,0.082907,0.0035544
-0.0084418,0.081698,0.0039089
-0.0082212,0.080405,0.0042178
-0.0080026,0.079031,0.0044789
-0.0077872,0.077576,0.0046924
-0.0075763,0.076041,0.0048588
-0.0073715,0.074426,0.0049801
-0.0071734,0.072734,0.0050585
-0.0069626,0.070967,0.0050968
-0.006729,0.06913,0.0050979
-0.0071647,0.072669,0.012314
-0.0079695,0.076257,0.02249
-0.009209,0.079889,0.035465
-0.010865,0.083569,0.051083
-0.012919,0.0873,0.069181
-0.015351,0.091085,0.08959
-0.018141,0.094927,0.11212
-0.021271,0.098829,0.13659
-0.024723,0.10279,0.1628
-0.028482,0.10682,0.19058
-0.020509,0.098401,0.18112
-0.014478,0.090472,0.17491
-0.010292,0.082978,0.17111
-0.0078703,0.075864,0.16917
-0.0068466,0.069111,0.16865
-0.004801,0.062892,0.16927
-0.0012354,0.057206,0.17078
0.0038371,0.052013,0.17303
0.010417,0.04728,0.17586
0.018517,0.042982,0.17917
0.016922,0.046044,0.1679
0.015358,0.049234,0.15826
0.013826,0.05255,0.14998
0.012325,0.055993,0.14283
0.010856,0.059564,0.13664
0.0094173,0.063261,0.13128
0.0080103,0.067085,0.12663
0.0066345,0.071036,0.12261
0.00529,0.075114,0.11912
0.0039766,0.079319,0.11611
-0.0021293,0.09251,0.12852
-0.0070346,0.10704,0.14054
-0.010728,0.12296,0.1521
-0.013198,0.1403,0.16309
-0.0153,0.15904,0.17338
-0.018798,0.17906,0.18288
-0.023757,0.2004,0.19148
-0.030191,0.22307,0.19912
-0.038114,0.24711,0.20575
-0.047538,0.27254,0.21135
-0.042321,0.23377,0.19712
-0.037334,0.19794,0.18587
-0.032587,0.16508,0.17675
-0.028097,0.13518,0.16925
-0.023879,0.10825,0.16297
-0.019952,0.084311,0.15765
-0.016338,0.063359,0.15309
-0.013059,0.045408,0.14914
-0.010141,0.030465,0.14569
-0.0076107,0.018542,0.14264
-0.010154,0.033699,0.10954
-0.013327,0.053537,0.080897
-0.017095,0.078046,0.056329
-0.021428,0.10722,0.035836
-0.0263,0.14104,0.01959
-0.031683,0.1795,0.0077559
-0.037556,0.2226,0.00044668
-0.043894,0.27034,-0.002336
-0.050631,0.32267,-0.0050268
-0.057706,0.37957,-0.012125
-0.045681,0.33721,-0.011944
-0.035453,0.29823,-0.012181
-0.027013,0.26241,-0.012716
-0.020359,0.22955,-0.013481
-0.015485,0.19945,-0.014422
-0.012389,0.17195,-0.015509
-0.0099025,0.14696,-0.016697
-0.0060565,0.12447,-0.017953
-0.00079531,0.10433,-0.019254
0.0059027,0.086407,-0.020593
0.00051096,0.079771,-0.014031
-0.0028939,0.073336,-0.0091293
-0.004389,0.067135,-0.0055513
-0.0044284,0.061172,-0.0030629
-0.0057449,0.055296,-0.0015097
-0.0088357,0.04951,-0.0007705
-0.013689,0.043855,-0.00058829
-0.020321,0.038375,6.5726e-05
-0.028757,0.033097,0.0013295
-0.039039,0.028038,0.003186
-0.032103,0.034173,-0.00058062
-0.025999,0.040707,-0.0020149
-0.020682,0.047581,-0.0075043
-0.016158,0.054831,-0.017127
-0.012436,0.062502,-0.030735
-0.0095178,0.070641,-0.04824
-0.0074058,0.079296,-0.069571
-0.0060996,0.088511,-0.094653
-0.0055976,0.098326,-0.12338
-0.0058065,0.10879,-0.15563
-0.007371,0.12931,-0.14437
-0.0097387,0.15183,-0.13446
-0.012983,0.17646,-0.12573
-0.017082,0.20331,-0.11809
-0.022013,0.23247,-0.11144
-0.027752,0.26404,-0.10572
-0.034274,0.2981,-0.10084
-0.041555,0.33471,-0.096743
-0.049573,0.37394,-0.093348
-0.058304,0.41583,-0.090591
-0.05525,0.43864,-0.062567
-0.052459,0.46177,-0.04138
-0.049938,0.48522,-0.026199
-0.047694,0.50904,-0.016402
-0.045731,0.53322,-0.011515
-0.044059,0.5578,-0.010784
-0.042712,0.58289,-0.0080137
-0.041702,0.60853,-0.001296
-0.041025,0.63472,0.0091618
-0.04068,0.66146,0.023186
-0.04056,0.65505,0.024194
-0.040516,0.64927,0.025072
-0.040546,0.64407,0.025792
-0.040649,0.63942,0.026344
-0.040823,0.63528,0.026712
-0.041068,0.63164,0.026898
-0.041382,0.62845,0.026891
-0.041765,0.6257,0.026701
-0.042216,0.62337,0.026326
-0.042734,0.62144,0.025775
-0.049122,0.58742,0.033501
-0.058042,0.55503,0.042123
-0.069462,0.52411,0.051581
-0.083358,0.49454,0.061832
-0.09971,0.46619,0.072831
-0.1185,0.43897,0.084545
-0.13973,0.41278,0.09693
-0.16338,0.38755,0.10996
-0.18945,0.36321,0.1236
-0.21795,0.33972,0.13783
-0.20668,0.30164,0.11549
-0.19576,0.26637,0.096979
-0.18518,0.23375,0.081318
-0.17492,0.20367,0.067907
-0.16499,0.17602,0.056321
-0.15538,0.15068,0.046271
-0.14607,0.12758,0.037543
-0.13708,0.10663,0.02998
-0.12839,0.08774,0.02346
-0.12,0.07085,0.017885
-0.099597,0.067734,0.031913
-0.081306,0.064888,0.047746
-0.06505,0.062273,0.064836
-0.05076,0.059854,0.082826
-0.038375,0.057601,0.10148
-0.027839,0.055488,0.12067
-0.019107,0.053491,0.14027
-0.01214,0.051586,0.16026
-0.0069062,0.049755,0.18057
-0.0033856,0.047976,0.20122
-0.0043585,0.052057,0.21219
-0.0054966,0.056284,0.22322
-0.0067993,0.060656,0.23426
-0.0082659,0.065171,0.24534
-0.0098957,0.069826,0.2564
-0.011688,0.074615,0.26747
-0.013642,0.079538,0.27849
-0.015758,0.084595,0.28948
-0.018034,0.089791,0.3004
-0.020471,0.095126,0.31127
-0.022307,0.089392,0.30072
-0.024292,0.08392,0.29361
-0.026425,0.078688,0.28921
-0.028708,0.073682,0.28704
-0.03114,0.068892,0.2867
-0.033722,0.064308,0.28791
-0.036452,0.059925,0.29045
-0.039331,0.055739,0.29414
-0.042356,0.051744,0.29883
-0.045528,0.047938,0.30442
-0.040339,0.051242,0.25688
-0.035556,0.055067,0.21805
-0.031158,0.05935,0.18586
-0.027126,0.064047,0.15887
-0.023445,0.069126,0.13601
-0.020101,0.074562,0.11646
-0.017086,0.080337,0.099643
-0.014391,0.086437,0.085062
-0.012009,0.092851,0.072378
-0.0099359,0.09957,0.061284
-0.0077245,0.090917,0.03993
-0.0058341,0.082449,0.023284
-0.0042634,0.07421,0.011114
-0.0030112,0.066241,0.0031643
-0.0020762,0.058588,-0.00079293
-0.0014587,0.05128,-0.0015492
-0.0011569,0.04424,-0.0045337
-0.0007722,0.037507,-0.010932
-0.00010562,0.03115,-0.020603
0.00084157,0.025226,-0.033461
-2.0002e-05,0.029398,-0.033421
-0.00061984,0.033872,-0.033413
-0.00096459,0.038645,-0.033423
-0.001128,0.04371,-0.033465
-0.0014791,0.049055,-0.033526
-0.0020663,0.054675,-0.03362
-0.0028805,0.060569,-0.033739
-0.0039133,0.066733,-0.033897
-0.005156,0.073166,-0.034085
-0.0066007,0.079866,-0.034315
-0.003213,0.074427,-0.039231
-0.0015967,0.069229,-0.044534
-0.0010052,0.064262,-0.050202
0.001104,0.05955,-0.056238
0.0049448,0.055072,-0.062625
0.01052,0.050807,-0.069363
0.017836,0.046737,-0.076438
0.026906,0.04285,-0.083853
0.037743,0.039138,-0.091586
0.050364,0.035597,-0.099641
0.037808,0.03373,-0.10549
0.027108,0.032175,-0.11148
0.018215,0.030891,-0.11757
0.011083,0.029841,-0.12375
0.005674,0.028986,-0.12999
0.001957,0.028287,-0.1363
-8.9594e-05,0.027708,-0.14266
-0.00058447,0.027212,-0.14907
-0.0018111,0.026732,-0.15551
-0.0046974,0.026229,-0.162
-0.00084056,0.013559,-0.13442
0.00013944,0.0050912,-0.11089
0.0031414,0.00070077,-0.090541
0.0091883,-0.00020298,-0.072719
0.018364,-0.0032974,-0.056931
0.030814,-0.010329,-0.042913
0.046724,-0.02144,-0.030632
0.066288,-0.036794,-0.020196
0.089689,-0.056542,-0.011799
0.1171,-0.08082,-0.0056402
0.088525,-0.056602,-0.012716
0.064168,-0.037561,-0.022999
0.043904,-0.02303,-0.036613
0.027612,-0.012397,-0.053627
0.015173,-0.0051152,-0.07408
0.0064783,-0.00072103,-0.097969
0.0014431,0.0011046,-0.12527
-2.216e-05,0.0025292,-0.1559
-0.002238,0.0067006,-0.18974
-0.0081554,0.013937,-0.22663
-0.007782,0.014426,-0.1928
-0.0073354,0.014922,-0.16349
-0.0068276,0.015424,-0.13797
-0.0062703,0.015934,-0.11572
-0.0056758,0.016452,-0.096291
-0.0050566,0.016981,-0.07934
-0.0044252,0.017522,-0.064578
-0.0037941,0.018074,-0.051764
-0.0031759,0.018641,-0.040704
-0.0025831,0.019223,-0.031225
-0.004831,0.013492,-0.037164
-0.0078107,0.0088426,-0.043388
-0.011515,0.0053166,-0.049944
-0.015925,0.0029301,-0.056871
-0.021014,0.0016726,-0.064213
-0.026753,0.001485,-0.071988
-0.033112,0.0010316,-0.080231
-0.040064,-0.00038046,-0.088933
-0.047583,-0.0026973,-0.098062
-0.055648,-0.0058693,-0.10757
-0.053274,0.00032239,-0.081066
-0.050837,0.0015955,-0.059516
-0.048365,0.0049488,-0.04191
-0.045897,0.013565,-0.027571
-0.043475,0.027448,-0.016124
-0.041132,0.046626,-0.0073863
-0.038887,0.071147,-0.0013265
-0.036743,0.10107,0.0020135
-0.034697,0.13642,0.0035633
-0.032739,0.17716,0.0076694
-0.026346,0.21929,0.0094738
-0.020316,0.26678,0.011491
-0.014705,0.31989,0.013724
-0.0095701,0.37883,0.016175
-0.0049732,0.4438,0.018844
-0.0009775,0.51497,0.021727
0.0023558,0.5925,0.024819
0.0049643,0.67651,0.028108
0.0067907,0.76709,0.031577
0.008296,0.86431,0.035201
0.0078131,0.79652,0.035568
0.0073892,0.73153,0.036021
0.0070057,0.6693,0.036527
0.0065869,0.60983,0.037055
0.0061209,0.55311,0.037591
0.0056228,0.49913,0.038123
0.0051079,0.44788,0.038645
0.0045877,0.39938,0.039155
0.0040739,0.3536,0.039652
0.0035751,0.31057,0.040136
0.0030662,0.31294,0.028615
0.002275,0.31535,0.020294
0.0012102,0.3178,0.014301
-0.0001227,0.3203,0.010023
-0.0017181,0.32285,0.0070191
-0.0035727,0.32545,0.0049689
-0.0056821,0.32811,0.0036378
-0.0080442,0.33082,0.0028491
-0.010655,0.33358,0.0024489
-0.013513,0.33641,0.0019153
-0.018236,0.30403,-0.0064034
-0.023321,0.27394,-0.02434
-0.028767,0.24592,-0.050584
-0.034575,0.21979,-0.084217
-0.040746,0.19539,-0.12456
-0.047282,0.17257,-0.17114
-0.054187,0.15124,-0.22353
-0.061465,0.1313,-0.28148
-0.069121,0.11267,-0.34467
-0.077159,0.095308,-0.41294
-0.084939,0.10379,-0.32811
-0.093017,0.11269,-0.25959
-0.1014,0.122,-0.20353
-0.11011,0.13169,-0.15745
-0.11914,0.14174,-0.11953
-0.1285,0.15216,-0.08848
-0.1382,0.16293,-0.063338
-0.14823,0.17403,-0.043362
-0.15861,0.18547,-0.027979
-0.16933,0.19724,-0.016726
-0.15372,0.19757,-0.031955
-0.13886,0.19764,-0.050125
-0.12476,0.19749,-0.070208
-0.11141,0.19712,-0.09155
-0.098787,0.19656,-0.11375
-0.086897,0.19582,-0.13654
-0.07573,0.19491,-0.15976
-0.065283,0.19383,-0.18331
-0.055549,0.1926,-0.2071
-0.046525,0.19124,-0.23109
-0.041549,0.20134,-0.17577
-0.036845,0.21136,-0.13195
-0.03239,0.22134,-0.097172
-0.028164,0.23131,-0.069734
-0.024151,0.2413,-0.04842
-0.02034,0.25131,-0.032338
-0.01672,0.26137,-0.020827
-0.013284,0.27147,-0.013374
-0.010027,0.28163,-0.0095908
-0.0069452,0.29185,-0.0090235
-0.0059121,0.30175,-0.010124
-0.0048641,0.31179,-0.012835
-0.0038003,0.32199,-0.016972
-0.0027219,0.33235,-0.02229
-0.0016288,0.34287,-0.02861
-0.00052243,0.35356,-0.035793
0.00059745,0.36443,-0.043741
0.0017294,0.37548,-0.052373
0.0028735,0.38673,-0.061638
0.0040284,0.39818,-0.071488
0.0019417,0.35632,-0.071752
-5.4719e-05,0.31676,-0.072506
-0.0019531,0.2795,-0.073681
-0.0037476,0.24454,-0.075233
-0.0054315,0.21188,-0.077131
-0.0069994,0.18152,-0.079355
-0.0084456,0.15347,-0.081891
-0.0097656,0.12771,-0.084728
-0.010955,0.10426,-0.087862
-0.012009,0.083111,-0.091291
-0.012623,0.081986,-0.10267
-0.013248,0.080845,-0.11469
-0.013884,0.079687,-0.12732
-0.01453,0.078516,-0.14059
-0.015187,0.077331,-0.15446
-0.015855,0.076135,-0.16894
-0.016533,0.074928,-0.18402
-0.017222,0.073714,-0.1997
-0.017921,0.072492,-0.21595
-0.018631,0.071266,-0.2328
-0.026815,0.065791,-0.23464
-0.036183,0.060635,-0.23649
-0.046738,0.055778,-0.23831
-0.058488,0.05121,-0.2401
-0.071439,0.04692,-0.24183
-0.085598,0.042906,-0.24352
-0.10097,0.039165,-0.24512
-0.11758,0.0357,-0.24665
-0.13541,0.032514,-0.24808
-0.15449,0.029614,-0.24943
-0.12876,0.02651,-0.18596
-0.1058,0.02351,-0.13572
-0.085459,0.020666,-0.096005
-0.067609,0.01801,-0.064935
-0.052125,0.015558,-0.041138
-0.038887,0.013315,-0.023556
-0.027782,0.011284,-0.011368
-0.018695,0.0094626,-0.0038825
-0.011515,0.0078442,-0.00052648
-0.0061357,0.0064515,0.00041462
-0.008254,0.0099047,-0.0010051
-0.010546,0.013975,-0.0069877
-0.012945,0.018607,-0.019712
-0.015397,0.023784,-0.04007
-0.017856,0.029503,-0.068766
-0.020283,0.035769,-0.10622
-0.022645,0.042599,-0.15255
-0.024918,0.05002,-0.20761
-0.027082,0.058062,-0.27097
-0.029122,0.066763,-0.34205
-0.026643,0.074242,-0.32911
-0.024207,0.081991,-0.3178
-0.021813,0.09002,-0.30773
-0.019459,0.098337,-0.29873
-0.017145,0.10695,-0.29056
-0.014869,0.11587,-0.2831
-0.01263,0.12509,-0.2762
-0.01043,0.13462,-0.26977
-0.0082664,0.14447,-0.2637
-0.0061394,0.15464,-0.25794
-0.0089818,0.12589,-0.23873
-0.011534,0.099992,-0.22361
-0.013787,0.07701,-0.21158
-0.015733,0.056989,-0.20195
-0.017368,0.03997,-0.19422
-0.018691,0.025988,-0.18801
-0.019707,0.015072,-0.183
-0.020425,0.0072472,-0.17895
-0.020861,0.0025331,-0.17564
-0.021039,0.0009444,-0.17288
-0.023239,0.0012155,-0.17716
-0.025549,0.0014974,-0.18093
-0.027972,0.0017781,-0.18419
-0.030505,0.0020575,-0.18694
-0.03315,0.0023335,-0.18918
-0.035907,0.0026054,-0.19092
-0.038774,0.0028714,-0.19219
-0.041754,0.0031304,-0.19299
-0.044844,0.0033811,-0.19334
-0.048046,0.0036227,-0.19327
-0.04346,0.003693,-0.18328
-0.039184,0.0036895,-0.17439
-0.035202,0.003604,-0.16642
-0.031499,0.003444,-0.15924
-0.028052,0.0033598,-0.15273
-0.024845,0.0033966,-0.14679
-0.021864,0.0035615,-0.14134
-0.019099,0.0038608,-0.1363
-0.016538,0.0043007,-0.13164
-0.01417,0.0048862,-0.12728
-0.011644,0.005266,-0.13137
-0.0093493,0.0056746,-0.13486
-0.007285,0.0061091,-0.13779
-0.0054509,0.0065667,-0.14019
-0.0038467,0.0070456,-0.14209
-0.0024719,0.0075438,-0.14351
-0.001326,0.0080608,-0.14449
-0.00040871,0.0085947,-0.14506
0.00028035,0.0091465,-0.14524
0.00074144,0.0097117,-0.14505
0.0016784,0.021061,-0.11468
0.0029819,0.037959,-0.088223
0.0047022,0.060738,-0.064794
0.0069836,0.089869,-0.044205
0.0098891,0.1259,-0.026712
0.01347,0.16937,-0.012728
0.017778,0.22084,-0.0026786
0.022863,0.28082,0.0031276
0.02877,0.34976,0.0052298
0.035528,0.428,0.010266
0.032623,0.40272,0.0054644
0.030208,0.37873,0.0020803
0.028296,0.356,-0.0063889
0.026549,0.33443,-0.018594
0.024458,0.31398,-0.033684
0.022008,0.29457,-0.051098
0.019192,0.27613,-0.070472
0.016001,0.25859,-0.091545
0.01243,0.2419,-0.11414
0.0084722,0.22602,-0.13812
0.01164,0.21809,-0.118
0.013919,0.21025,-0.10168
0.015347,0.20251,-0.088214
0.015957,0.19487,-0.076944
0.015781,0.18733,-0.067394
0.015584,0.17986,-0.059214
0.016124,0.17238,-0.052141
0.01738,0.16492,-0.045974
0.019335,0.15748,-0.040558
0.021973,0.15007,-0.035772
0.021005,0.14992,-0.038989
0.020096,0.14977,-0.042724
0.019246,0.1496,-0.046985
0.018456,0.14942,-0.051776
0.017726,0.14923,-0.057107
0.017056,0.14902,-0.062986
0.016445,0.1488,-0.069426
0.015895,0.14856,-0.076438
0.015404,0.14831,-0.084031
0.014974,0.14803,-0.092219
0.013349,0.13559,-0.055584
0.011919,0.12384,-0.029249
0.010656,0.11274,-0.011927
0.0095369,0.10225,-0.0026375
0.0085417,0.092317,-0.00033012
0.0076483,0.082975,0.0043465
0.0068431,0.074227,0.015285
0.0060711,0.066065,0.032157
0.0053033,0.05848,0.054728
0.0045414,0.051463,0.082852
0.0045815,0.055494,0.074259
0.0044375,0.059685,0.066094
0.0041058,0.064036,0.058351
0.0035813,0.068544,0.05105
0.002858,0.073206,0.044188
0.0019289,0.07802,0.03778
0.00078635,0.082984,0.031826
-0.00057805,0.088098,0.026336
-0.002173,0.093358,0.021311
-0.0040079,0.098764,0.016761
-0.0074069,0.10301,0.0015264
-0.011271,0.10753,-0.0019661
-0.015605,0.11213,-0.011356
-0.020413,0.11673,-0.031269
-0.025695,0.12137,-0.060934
-0.031454,0.12604,-0.099662
-0.037689,0.13078,-0.14677
-0.044401,0.13559,-0.20157
-0.051588,0.14049,-0.26337
-0.059252,0.14549,-0.3315
-0.048542,0.12976,-0.23216
-0.039151,0.11509,-0.15616
-0.03097,0.10147,-0.098444
-0.023906,0.088852,-0.055876
-0.017873,0.077209,-0.026341
-0.01279,0.066494,-0.008392
-0.0085858,0.056661,-0.00099781
-0.0051841,0.047734,0.0021807
-0.0025073,0.039819,0.014098
-0.00050107,0.032858,0.034953
0.0013852,0.041634,0.02245
0.0032791,0.051586,0.012609
0.0051811,0.062719,0.0054166
0.0070892,0.075036,0.00086553
0.0089995,0.088542,-0.001066
0.010904,0.10322,-0.0021534
0.01279,0.11904,-0.005742
0.014707,0.13599,-0.011879
0.016901,0.15407,-0.02053
0.019408,0.17328,-0.03166
0.017273,0.15541,-0.048728
0.015294,0.13853,-0.068574
0.01347,0.12263,-0.090847
0.011801,0.10769,-0.1153
0.010244,0.093702,-0.14176
0.0087119,0.080669,-0.17008
0.0072009,0.068576,-0.20015
0.0057107,0.057414,-0.23191
0.0042413,0.047176,-0.26526
0.0027931,0.037856,-0.30019
0.0040144,0.041279,-0.23881
0.0047963,0.044413,-0.18872
0.005299,0.047289,-0.14749
0.0061541,0.049877,-0.11344
0.0074362,0.052211,-0.085318
0.0091604,0.054329,-0.062219
0.011338,0.05627,-0.043459
0.013976,0.058075,-0.028526
0.017077,0.059785,-0.017047
0.020641,0.061436,-0.0087346
0.015266,0.061742,-0.0079157
0.011261,0.06198,-0.0071199
0.0086453,0.06213,-0.0063593
0.0074339,0.062171,-0.0056356
0.0070725,0.062148,-0.0049536
0.0054913,0.062287,-0.0043086
0.0024982,0.062595,-0.0037031
-0.0019019,0.063055,-0.0031358
-0.007699,0.063654,-0.0026098
-0.014879,0.06438,-0.0021241
-0.016769,0.064049,-0.004712
-0.01874,0.063723,-0.0084374
-0.020794,0.063397,-0.013288
-0.022932,0.063069,-0.019248
-0.025158,0.062736,-0.026309
-0.027472,0.062396,-0.034457
-0.029878,0.062048,-0.043686
-0.032376,0.061691,-0.053986
-0.034969,0.061325,-0.065351
-0.037658,0.06095,-0.077777
-0.048601,0.048584,-0.094021
-0.060186,0.038213,-0.11028
-0.072432,0.029817,-0.12648
-0.085361,0.023391,-0.14262
-0.098995,0.018943,-0.15863
-0.11336,0.01649,-0.17449
-0.12846,0.016059,-0.19012
-0.14436,0.017521,-0.20548
-0.16142,0.018174,-0.22045
-0.17978,0.017015,-0.23497
-0.15058,0.015643,-0.24877
-0.12404,0.013871,-0.2617
-0.10016,0.011766,-0.27376
-0.078911,0.0093858,-0.28505
-0.06023,0.0072185,-0.29555
-0.044034,0.0058685,-0.30536
-0.03032,0.0053075,-0.31447
-0.019086,0.0055113,-0.32298
-0.010333,0.0064647,-0.33087
-0.0040583,0.0081614,-0.33823
-0.0036998,0.01695,-0.37784
-0.002985,0.028968,-0.41902
-0.0019048,0.044288,-0.46146
-0.00044917,0.062979,-0.50499
0.0013921,0.085107,-0.54926
0.0036286,0.11073,-0.59417
0.0062705,0.13992,-0.63941
0.0093268,0.17271,-0.68494
0.012807,0.20915,-0.73048
0.016721,0.24928,-0.77609
0.010825,0.23158,-0.74422
0.0045437,0.21417,-0.72453
-0.0020999,0.19714,-0.71339
-0.0090894,0.18058,-0.70873
-0.016409,0.16458,-0.70889
-0.024048,0.14921,-0.7129
-0.031993,0.13453,-0.71989
-0.040236,0.1206,-0.72937
-0.048767,0.10748,-0.74084
-0.057579,0.095199,-0.75404
-0.043214,0.093672,-0.69937
-0.030627,0.092752,-0.64961
-0.019731,0.092403,-0.60482
-0.010448,0.092592,-0.56338
-0.0027092,0.093288,-0.52544
0.0035456,0.094465,-0.48996
0.0083686,0.096099,-0.45707
0.011805,0.098166,-0.42606
0.013893,0.10064,-0.39702
0.014777,0.1035,-0.36949
0.015853,0.11145,-0.33303
0.016515,0.11964,-0.30016
0.016656,0.12811,-0.27045
0.016281,0.13686,-0.24334
0.015395,0.1459,-0.21859
0.014,0.15526,-0.19584
0.012099,0.16494,-0.17493
0.0096899,0.17496,-0.15565
0.0067745,0.18533,-0.13788
0.0033508,0.19605,-0.12149
0.0045479,0.23099,-0.096792
0.0058761,0.26935,-0.075338
0.007337,0.31125,-0.056951
0.0089308,0.35683,-0.041475
0.010659,0.4062,-0.028772
0.012522,0.45945,-0.018717
0.014521,0.51665,-0.011191
0.016654,0.57786,-0.0060891
0.018924,0.64313,-0.0033082
0.021329,0.71247,-0.0027422
0.015791,0.71114,-0.0027636
0.010079,0.70966,-0.0027302
0.004199,0.70804,-0.0026664
-0.0018496,0.70629,-0.0026006
-0.0080626,0.70439,-0.0025505
-0.014439,0.70237,-0.002537
-0.020975,0.70022,-0.0025683
-0.027671,0.69795,-0.0026564
-0.034522,0.69556,-0.0028001
-0.041528,0.69304,-0.0030033
-0.046083,0.61239,-0.0040805
-0.050205,0.53778,-0.006739
-0.053896,0.46894,-0.010567
-0.057161,0.40563,-0.014554
-0.060001,0.34763,-0.018245
-0.062419,0.29475,-0.021462
-0.064413,0.24682,-0.024122
-0.065984,0.20369,-0.026225
-0.067129,0.1652,-0.027769
-0.067849,0.13122,-0.028798
-0.059052,0.12945,-0.018881
-0.050884,0.12814,-0.011657
-0.043292,0.12726,-0.0066129
-0.03623,0.12674,-0.0033978
-0.029659,0.12657,-0.0017464
-0.023544,0.1267,-0.0013862
-0.01786,0.12713,-0.00052072
-0.012583,0.12783,0.0014521
-0.0076911,0.12878,0.0044505
-0.0031663,0.12996,0.0084059
0.010193,0.1407,9.6245e-05
0.02005,0.1527,-0.0021203
0.026441,0.16586,-0.0067654
0.029867,0.18002,-0.017357
0.035631,0.19432,-0.033697
0.045194,0.20848,-0.055649
0.058612,0.22249,-0.083062
0.075953,0.23631,-0.11583
0.097284,0.24991,-0.15377
0.12268,0.26327,-0.19679
0.096185,0.26541,-0.17458
0.075199,0.26663,-0.15461
0.059729,0.26691,-0.13638
0.049782,0.26625,-0.11969
0.045363,0.26466,-0.10432
0.043221,0.26267,-0.090203
0.035852,0.26155,-0.077292
0.022955,0.26136,-0.065545
0.0045308,0.2621,-0.054924
-0.019421,0.26377,-0.045411
-0.020125,0.27114,-0.015186
-0.020744,0.27835,-0.0061752
-0.021348,0.28572,0.0013106
-0.021997,0.29354,0.02295
-0.022681,0.30174,0.056845
-0.023395,0.31027,0.10132
-0.024131,0.31909,0.1554
-0.024886,0.32817,0.21792
-0.025653,0.3375,0.28821
-0.02643,0.34708,0.36548
-0.01542,0.33796,0.19982
-0.005664,0.33022,0.096526
0.0030175,0.32343,0.03451
0.01074,0.31736,0.0019077
0.017585,0.31187,-0.0084897
0.023667,0.3065,-0.015604
0.029089,0.30077,-0.037032
0.033864,0.29473,-0.070677
0.038002,0.28845,-0.11494
0.041511,0.28194,-0.16869
0.04146,0.27706,-0.12406
0.04135,0.27173,-0.09145
0.041175,0.26607,-0.067234
0.040935,0.26017,-0.049142
0.040629,0.25409,-0.035613
0.040258,0.24786,-0.025563
0.039825,0.24153,-0.018239
0.039332,0.23511,-0.013078
0.038779,0.22864,-0.0096823
0.03817,0.22212,-0.0077418
0.035202,0.20531,-0.0079133
0.032416,0.18943,-0.0083275
0.029805,0.17445,-0.0089774
0.027359,0.16031,-0.0098557
0.025072,0.14699,-0.010964
0.022935,0.13444,-0.012299
0.020943,0.12263,-0.013865
0.019086,0.11153,-0.015663
0.017358,0.10111,-0.017699
0.015751,0.091327,-0.01997
0.014303,0.078033,-0.021036
0.012458,0.065851,-0.021957
0.010589,0.054715,-0.022748
0.0093528,0.044503,-0.023416
0.0087247,0.035222,-0.023977
0.0086659,0.026877,-0.024444
0.0091432,0.019476,-0.024833
0.010131,0.013022,-0.025157
0.011613,0.0075183,-0.025435
0.013585,0.0029639,-0.025681
0.014168,0.014083,-0.02951
0.015835,0.03091,-0.033688
0.018649,0.053705,-0.038198
0.022697,0.082725,-0.043022
0.028073,0.11821,-0.048157
0.034873,0.16039,-0.053598
0.043189,0.20946,-0.059351
0.053111,0.26561,-0.065419
0.064722,0.32898,-0.071809
0.078103,0.39974,-0.078526
0.072262,0.36795,-0.059013
0.066864,0.33746,-0.043609
0.061908,0.30828,-0.031491
0.057391,0.2804,-0.02209
0.053311,0.25382,-0.015005
0.049667,0.22855,-0.0099342
0.046458,0.20456,-0.0066564
0.043685,0.18186,-0.0049934
0.041343,0.16046,-0.00383
0.039432,0.14039,-0.0014405
0.032737,0.12079,-0.0023755
0.026831,0.1028,-0.0025393
0.021666,0.086383,-0.0022223
0.017197,0.071481,-0.0022578
0.013381,0.058064,-0.0027302
0.010173,0.046104,-0.0035603
0.0075327,0.035573,-0.0046887
0.0054191,0.026444,-0.0060653
0.0037923,0.018688,-0.0076515
0.0024273,0.012312,-0.0094132
0.0037459,0.018447,-0.0075894
0.0052463,0.025768,-0.0059141
0.0070693,0.034233,-0.0044441
0.0092379,0.043825,-0.0032306
0.011758,0.05453,-0.0023182
0.014635,0.066339,-0.001738
0.017875,0.079242,-0.0015107
0.021483,0.093234,-0.0016063
0.025467,0.10832,-0.0015095
0.02983,0.12449,-0.0010614
0.028617,0.10948,-0.00053777
0.027958,0.095658,0.00013096
0.027839,0.082921,0.00097987
0.028245,0.071191,0.0020539
0.029165,0.060392,0.0033969
0.030586,0.050455,0.0050531
0.032496,0.041315,0.0070595
0.034885,0.032915,0.0094508
0.037744,0.025205,0.012252
0.041065,0.018142,0.015488
0.037569,0.017902,0.009624
0.034237,0.017606,0.0051752
0.031068,0.017256,0.0020953
0.028061,0.016855,0.00034633
0.025216,0.016406,-0.00012971
0.022531,0.015907,-0.00090614
0.020004,0.01536,-0.0029185
0.017635,0.014776,-0.006143
0.015423,0.014166,-0.01056
0.013368,0.013539,-0.016153
0.0094901,0.018244,-0.019262
0.0071431,0.023043,-0.0225
0.0063348,0.027938,-0.025922
0.0069524,0.032952,-0.029586
0.0070238,0.038513,-0.033529
0.0058235,0.044779,-0.037769
0.0034014,0.051748,-0.042301
-0.0001911,0.059411,-0.047107
-0.0049034,0.067765,-0.05215
-0.010688,0.076804,-0.05739
-0.020163,0.069155,-0.072821
-0.030445,0.062424,-0.089641
-0.04155,0.056614,-0.10778
-0.053498,0.051731,-0.12717
-0.06631,0.04778,-0.14774
-0.08001,0.04477,-0.16945
-0.094621,0.042709,-0.19219
-0.11017,0.041604,-0.21593
-0.12667,0.041466,-0.24054
-0.14416,0.042301,-0.266
-0.10143,0.033262,-0.29629
-0.066654,0.025956,-0.32915
-0.039472,0.020325,-0.36422
-0.019585,0.016324,-0.40135
-0.0067718,0.013923,-0.44024
-0.00090306,0.013112,-0.48081
0.00069374,0.013311,-0.52281
0.0082513,0.012244,-0.56623
0.022928,0.0096447,-0.61074
0.044925,0.0054537,-0.65628
0.034,0.0056535,-0.55516
0.024399,0.0059396,-0.47631
0.016227,0.0061977,-0.41322
0.0095707,0.0063372,-0.36185
0.0045083,0.0063079,-0.31939
0.0011086,0.0060609,-0.28374
-0.00056835,0.0055671,-0.25351
-0.00098833,0.0049147,-0.22743
-0.0028337,0.0047026,-0.20468
-0.006512,0.0050107,-0.18445
-0.0027726,0.0068292,-0.19753
0.00036188,0.012016,-0.21028
0.0029205,0.020695,-0.22301
0.0063037,0.032757,-0.23579
0.01185,0.048155,-0.24867
0.01963,0.067158,-0.26151
0.029715,0.090043,-0.27415
0.042177,0.11708,-0.28634
0.057086,0.14851,-0.29784
0.074505,0.18459,-0.30844
0.072749,0.18885,-0.3106
0.071129,0.19303,-0.31076
0.069642,0.19714,-0.30922
0.068286,0.20118,-0.30624
0.067057,0.20515,-0.30205
0.065953,0.20906,-0.29683
0.064971,0.21292,-0.29076
0.064108,0.21671,-0.28397
0.063361,0.22045,-0.27659
0.062729,0.22414,-0.26871
0.074137,0.23058,-0.30283
0.088498,0.23634,-0.33739
0.10585,0.24141,-0.37223
0.12622,0.24578,-0.40723
0.14965,0.24941,-0.44227
0.17618,0.25229,-0.47729
0.20584,0.25441,-0.51214
0.23866,0.25576,-0.54683
0.27468,0.25633,-0.5812
0.31393,0.25612,-0.61527
0.27573,0.21251,-0.68059
0.24016,0.17362,-0.74055
0.20716,0.1392,-0.79626
0.17669,0.109,-0.84873
0.14872,0.082813,-0.89836
0.12321,0.06044,-0.94579
0.10015,0.041707,-0.99105
0.079504,0.026463,-1.0346
0.061263,0.014572,-1.0763
0.045412,0.0059227,-1.1165
0.042949,0.010081,-1.0536
0.040746,0.014916,-1.0054
0.038814,0.02039,-0.96769
0.03716,0.026481,-0.93787
0.035788,0.033172,-0.914
0.034701,0.040452,-0.89474
0.0339,0.048311,-0.87914
0.033387,0.056744,-0.86639
0.033163,0.065747,-0.85599
0.033229,0.075316,-0.84743
0.037609,0.060775,-0.81695
0.043376,0.04702,-0.79092
0.050511,0.034031,-0.76842
0.059007,0.021792,-0.74865
0.068857,0.010288,-0.73114
0.080066,-0.00049293,-0.71535
0.092638,-0.010562,-0.70103
0.10659,-0.019927,-0.6878
0.12193,-0.028597,-0.67553
0.13867,-0.03658,-0.66394
0.14834,-0.031353,-0.61228
0.15907,-0.022577,-0.56306
0.17087,-0.010263,-0.51619
0.18377,0.0055831,-0.47146
0.1978,0.024949,-0.42889
0.21297,0.04783,-0.3883
0.22932,0.074215,-0.34975
0.24687,0.1041,-0.31312
0.26562,0.13748,-0.27852
0.2856,0.17435,-0.24586
0.27111,0.15617,-0.17898
0.25722,0.13858,-0.1275
0.24393,0.12166,-0.087881
0.23123,0.10546,-0.057661
0.2191,0.09005,-0.035191
0.20752,0.075454,-0.019189
0.19649,0.061712,-0.0087529
0.186,0.048855,-0.0031331
0.17603,0.036915,-0.0015994
0.1666,0.025982,0.0012038
0.17002,0.02976,0.0011478
0.17352,0.033677,0.0011342
0.17711,0.037733,0.0011478
0.18078,0.041931,0.0011929
0.18453,0.046271,0.0012564
0.18836,0.050756,0.0013412
0.19227,0.055386,0.0014361
0.19627,0.060166,0.0015434
0.20035,0.065095,0.0016533
0.20451,0.070176,0.0017674
0.19054,0.06342,-0.0032666
0.17717,0.056912,-0.016162
0.16429,0.050589,-0.041298
0.15191,0.044483,-0.076027
0.13999,0.038615,-0.11858
0.12852,0.032999,-0.16772
0.11748,0.027644,-0.22256
0.10687,0.02256,-0.28242
0.096673,0.017753,-0.34678
0.086883,0.01323,-0.41525
0.087833,0.010245,-0.39586
0.088943,0.0073358,-0.38092
0.090201,0.004504,-0.3693
0.091596,0.0017505,-0.36036
0.093122,-0.00092616,-0.35347
0.09477,-0.0035249,-0.34828
0.096534,-0.0060485,-0.34441
0.09841,-0.008498,-0.34166
0.10039,-0.010876,-0.33979
0.10248,-0.013185,-0.33867
0.086092,-0.012655,-0.25658
0.071205,-0.012146,-0.19225
0.057827,-0.011514,-0.14155
0.045966,-0.010638,-0.10166
0.035622,-0.0094084,-0.070534
0.026791,-0.0077231,-0.046621
0.01939,-0.0057721,-0.028723
0.012982,-0.005027,-0.015832
0.0074574,-0.0057485,-0.0071491
0.0027688,-0.007966,-0.0020039
0.0047292,-0.0038298,-0.0033366
0.0061106,-0.0019654,-0.0048423
0.0071181,-0.0016548,-0.0065589
0.0086864,0.0004327,-0.0085866
0.010961,0.0047632,-0.011016
0.013967,0.011384,-0.013892
0.017728,0.020349,-0.017249
0.022267,0.03171,-0.021076
0.027604,0.04552,-0.025356
0.03376,0.061828,-0.030036
0.041851,0.058214,-0.042926
0.051756,0.05404,-0.05789
0.063472,0.049302,-0.074815
0.076997,0.044002,-0.093561
0.092332,0.038141,-0.11398
0.10948,0.031722,-0.13593
0.12843,0.02475,-0.15923
0.1492,0.017229,-0.18375
0.17178,0.0091617,-0.20934
0.19618,0.00055233,-0.23587
0.16491,-0.011748,-0.188
0.13717,-0.020152,-0.15253
0.11292,-0.024606,-0.12559
0.092064,-0.025068,-0.10474
0.074481,-0.021694,-0.088303
0.058348,-0.020551,-0.075089
0.042742,-0.024534,-0.064204
0.027579,-0.033613,-0.05497
0.012786,-0.04777,-0.046878
-0.0016798,-0.066999,-0.039573
5.1666e-05,-0.053002,-0.031243
0.0015942,-0.040808,-0.024176
0.0029288,-0.030364,-0.018261
0.0040389,-0.021617,-0.013384
0.0049103,-0.014519,-0.0094451
0.0055306,-0.0090226,-0.0063392
0.0058881,-0.0050801,-0.0039715
0.0059693,-0.0026461,-0.0022436
0.0057523,-0.0016766,-0.0010644
0.0055315,-0.00098344,-0.00035321
0.0081019,-0.0016542,-0.00060185
0.011225,-0.0024381,-0.0010294
0.01492,-0.0033333,-0.0017058
0.019209,-0.0043349,-0.0027019
0.024114,-0.005436,-0.0040867
0.029654,-0.0066274,-0.0059159
0.035853,-0.0078982,-0.0082332
0.042731,-0.0092365,-0.011061
0.050311,-0.010629,-0.014402
0.058616,-0.012063,-0.018239
0.050702,-0.0089842,-0.015915
0.04345,-0.0060084,-0.014195
0.036857,-0.0031299,-0.012948
0.030919,-0.00034317,-0.012075
0.025633,0.0023567,-0.011507
0.020997,0.0049741,-0.011191
0.017005,0.0075123,-0.011087
0.013653,0.0099732,-0.011163
0.010938,0.012357,-0.011391
0.0088539,0.014661,-0.011747
0.0098342,0.0093267,-0.0086964
0.011574,0.0046755,-0.0061574
0.014063,0.00066412,-0.0040967
0.01729,-0.0027355,-0.0024897
0.021249,-0.0055326,-0.0013231
0.025936,-0.007718,-0.00059433
0.031263,-0.0095567,-0.0003083
0.036868,-0.012236,-0.00021519
0.042701,-0.015922,0.00034703
0.048742,-0.020651,0.0014194
0.037266,-0.01523,-0.00034997
0.027567,-0.010728,-0.0014564
0.019495,-0.0071024,-0.0045841
0.012931,-0.0043245,-0.009031
0.0077588,-0.0023676,-0.014227
0.0039052,-0.0010806,-0.019932
0.0014466,0.0001272,-0.026059
0.00034417,0.0013427,-0.032818
0.00033602,0.0026429,-0.040595
-0.00047317,0.0046017,-0.049722
0.00067422,0.0040649,-0.046949
0.00092855,0.0038264,-0.044546
0.0018827,0.0033865,-0.042446
0.0038985,0.0026216,-0.040477
0.0069892,0.0015166,-0.038604
0.011183,5.4383e-05,-0.036717
0.016517,-0.0017818,-0.034827
0.023035,-0.0040084,-0.032881
0.030785,-0.0066405,-0.030919
0.039815,-0.0096925,-0.028923
0.037562,-0.0082261,-0.045646
0.035403,-0.0066649,-0.065785
0.033344,-0.0049967,-0.089264
0.031391,-0.0032093,-0.11595
0.029553,-0.0012885,-0.14575
0.027836,0.00077922,-0.17852
0.026249,0.0030073,-0.21408
0.024799,0.0054087,-0.25227
0.023495,0.0079956,-0.29284
0.022345,0.010779,-0.33563
0.022774,0.011436,-0.32545
0.02317,0.012103,-0.31667
0.023538,0.012777,-0.30897
0.02388,0.013458,-0.30222
0.024198,0.014144,-0.2963
0.024496,0.014836,-0.29104
0.024775,0.015532,-0.28639
0.025037,0.016231,-0.28221
0.025282,0.016934,-0.27847
0.025513,0.017638,-0.27506
0.019589,0.013306,-0.31306
0.01448,0.0096856,-0.35212
0.01018,0.0067703,-0.39219
0.0066872,0.0045569,-0.43319
0.0040046,0.003044,-0.47495
0.0021381,0.0022311,-0.51748
0.0010963,0.002119,-0.56054
0.00070209,0.0021219,-0.60416
0.00040826,0.0011567,-0.64808
-0.00060852,-0.00055213,-0.69237
0.00027301,0.00071239,-0.62291
0.00088103,0.0015333,-0.56665
0.0012276,0.0018891,-0.52006
0.0013475,0.0018423,-0.48084
0.001545,0.0021636,-0.44754
0.0019743,0.0030253,-0.41869
0.0026351,0.0044263,-0.39354
0.0035249,0.0063655,-0.37122
0.0046424,0.0088429,-0.35134
0.0059865,0.011858,-0.33337
0.0073255,0.0156,-0.26975
0.0088328,0.01971,-0.21503
0.010494,0.024123,-0.16814
0.0123,0.028798,-0.12811
0.014251,0.033721,-0.094363
0.016351,0.038899,-0.066247
0.01861,0.044361,-0.043429
0.021043,0.050156,-0.025542
0.02367,0.056346,-0.012418
0.02651,0.063005,-0.0038942
0.023257,0.059692,-0.012188
0.020585,0.056337,-0.024283
0.018471,0.05295,-0.039866
0.016902,0.049538,-0.058693
0.015813,0.046123,-0.080594
0.014512,0.042938,-0.10544
0.012794,0.040052,-0.1331
0.010641,0.037471,-0.16348
0.0080301,0.035203,-0.19643
0.004932,0.033258,-0.23185
0.008141,0.04356,-0.20832
0.011871,0.055396,-0.18602
0.016138,0.068793,-0.16534
0.02095,0.083785,-0.14576
0.026325,0.10041,-0.12745
0.032276,0.1187,-0.11023
0.038819,0.1387,-0.094183
0.045971,0.16044,-0.079241
0.053745,0.18396,-0.065475
0.062158,0.2093,-0.052869
0.063047,0.20242,-0.053157
0.063399,0.19593,-0.054134
0.06321,0.18983,-0.05572
0.062472,0.1841,-0.057828
0.061184,0.17874,-0.060413
0.059786,0.17357,-0.063427
0.059027,0.16833,-0.066831
0.058914,0.16301,-0.070603
0.059445,0.1576,-0.07472
0.060618,0.15209,-0.079172
0.061349,0.16014,-0.065181
0.062404,0.16828,-0.053126
0.063783,0.17651,-0.042739
0.065485,0.18483,-0.033821
0.067511,0.19325,-0.026206
0.069859,0.20176,-0.019755
0.072527,0.21036,-0.014358
0.07549,0.21906,-0.0099186
0.078402,0.22799,-0.0063639
0.081154,0.23718,-0.0036254
0.083041,0.24044,0.00015019
0.084692,0.24389,0.001248
0.087243,0.24709,0.0058826
0.090713,0.25003,0.014374
0.095102,0.2527,0.02653
0.10041,0.25508,0.042195
0.10664,0.25715,0.061234
0.1138,0.25891,0.083536
0.12189,0.26036,0.10899
0.13091,0.26148,0.13752
0.13205,0.27351,0.10159
0.13323,0.28555,0.073548
0.1345,0.2976,0.051641
0.13587,0.30969,0.034649
0.13739,0.32181,0.021685
0.13905,0.33398,0.012082
0.14087,0.34619,0.0053556
0.14286,0.35846,0.0011215
0.14503,0.37079,-0.00090557
0.14739,0.38316,-0.0015827
0.15321,0.3842,-0.0014091
0.15993,0.38503,-0.0014722
0.16752,0.38564,-0.001452
0.17601,0.38603,-0.001376
0.18538,0.38619,-0.0012907
0.19564,0.38612,-0.0012241
0.20678,0.38581,-0.0011883
0.21881,0.38525,-0.001191
0.23172,0.38445,-0.0012321
0.24553,0.3834,-0.0013123
0.21163,0.32748,0.0039021
0.18071,0.27725,0.011641
0.15263,0.2323,0.02093
0.12726,0.19229,0.031188
0.10449,0.1569,0.042048
0.08423,0.12585,0.053261
0.066371,0.098873,0.064647
0.050826,0.075711,0.076074
0.037507,0.056133,0.087432
0.026335,0.039917,0.098645
0.025393,0.0401,0.10422
0.024496,0.040273,0.11004
0.023642,0.040436,0.11609
0.02283,0.040591,0.12237
0.02206,0.040737,0.12887
0.021332,0.040876,0.13558
0.020645,0.041008,0.1425
0.019999,0.041134,0.14962
0.019393,0.041253,0.15693
0.018828,0.041366,0.16443
0.021255,0.045322,0.16976
0.023837,0.049459,0.17535
0.026573,0.053776,0.1812
0.029462,0.058274,0.18731
0.032501,0.062954,0.19369
0.035692,0.067816,0.20035
0.039032,0.072861,0.20727
0.042521,0.078088,0.21446
0.046158,0.083498,0.2219
0.049943,0.089092,0.22961
0.053153,0.10974,0.24886
0.057687,0.13212,0.26817
0.063558,0.15627,0.28743
0.070776,0.18221,0.30658
0.07935,0.20999,0.32551
0.089287,0.23963,0.34419
0.10059,0.27115,0.36253
0.11308,0.30466,0.38052
0.12593,0.34045,0.3981
0.13908,0.37859,0.41529
0.13495,0.36605,0.32565
0.13108,0.35442,0.25515
0.12741,0.34352,0.19859
0.12393,0.33325,0.15262
0.12059,0.32351,0.11505
0.11739,0.31425,0.084244
0.11432,0.30541,0.059137
0.11135,0.29695,0.038841
0.10849,0.28885,0.022764
0.10573,0.28107,0.010373
0.099912,0.26481,0.016995
0.094568,0.24883,0.023127
0.089978,0.23303,0.028718
0.086168,0.21741,0.033743
0.083169,0.20196,0.038251
0.081006,0.18671,0.042267
0.079706,0.17163,0.045855
0.079292,0.15674,0.049048
0.079785,0.14204,0.051897
0.081203,0.12753,0.054432
0.081347,0.13083,0.049438
0.081501,0.13413,0.045266
0.081665,0.13742,0.041771
0.081839,0.14072,0.038836
0.082025,0.144,0.03637
0.082221,0.14728,0.034292
0.08243,0.15054,0.032547
0.08265,0.15379,0.031082
0.082882,0.15703,0.02986
0.083127,0.16025,0.028846
0.079689,0.15839,0.042759
0.076431,0.15647,0.057763
0.073357,0.15448,0.07362
0.070469,0.15242,0.090154
0.06777,0.15029,0.10724
0.065262,0.14808,0.12478
0.062948,0.1458,0.14271
0.060828,0.14345,0.16099
0.058905,0.14103,0.17956
0.057184,0.13854,0.19842
0.066304,0.16086,0.20261
0.076108,0.18489,0.2062
0.086593,0.21063,0.20913
0.097757,0.23808,0.21143
0.1096,0.26724,0.21306
0.12212,0.29811,0.21406
0.13533,0.3307,0.21443
0.14922,0.36501,0.2142
0.16379,0.40103,0.21338
0.17905,0.43879,0.21201
0.16752,0.41934,0.19229
0.15882,0.39995,0.17928
0.15007,0.38158,0.1709
0.13938,0.36487,0.16584
0.1268,0.34973,0.16324
0.11234,0.33607,0.16251
0.096018,0.32384,0.16327
0.077851,0.313,0.1652
0.057842,0.30349,0.16813
0.035989,0.29529,0.17188
0.040771,0.277,0.14195
0.044778,0.25949,0.11536
0.04804,0.24275,0.091907
0.050588,0.22675,0.071405
0.05245,0.21149,0.053701
0.053651,0.19694,0.03863
0.054219,0.1831,0.026074
0.054176,0.16996,0.015897
0.053545,0.15751,0.0080009
0.052348,0.14573,0.0022765
0.059283,0.15911,0.0018582
0.066328,0.17327,0.0014826
0.073482,0.18824,0.0011539
0.080747,0.204,0.00086664
0.088123,0.22058,0.00062499
0.095611,0.23797,0.00042544
0.10321,0.25618,0.00027223
0.11104,0.27516,0.00016284
0.11938,0.2948,0.00010009
0.12825,0.3151,8.3726e-05
0.11959,0.29576,0.01518
0.10988,0.27771,0.035329
0.097501,0.26156,0.059081
0.082424,0.24728,0.085524
0.06464,0.23488,0.11408
0.044143,0.22433,0.14437
0.020929,0.21564,0.17611
-0.0050037,0.20881,0.20912
-0.033654,0.20382,0.24321
-0.06502,0.20068,0.27828
-0.038232,0.22511,0.26475
-0.011087,0.25284,0.25293
0.016407,0.28388,0.24234
0.044247,0.31825,0.23272
0.072439,0.35596,0.2238
0.101,0.39703,0.21543
0.12993,0.44146,0.20744
0.15926,0.48927,0.19974
0.18901,0.54046,0.19222
0.21918,0.59503,0.18482
0.22591,0.58426,0.22194
0.23006,0.57458,0.25778
0.23169,0.56593,0.29251
0.23088,0.55832,0.3263
0.2289,0.5512,0.35926
0.22903,0.54323,0.39151
0.23143,0.53434,0.42309
0.23605,0.52455,0.45409
0.24286,0.51388,0.48445
0.25185,0.50234,0.51424
0.25573,0.53862,0.43393
0.26167,0.57559,0.37279
0.26964,0.61319,0.32456
0.27958,0.65136,0.28541
0.29149,0.69009,0.25284
0.30535,0.72936,0.22515
0.32114,0.76916,0.2012
0.33793,0.80987,0.18017
0.35385,0.85226,0.1615
0.36885,0.89636,0.14474
0.32793,0.78929,0.12412
0.28926,0.69116,0.10277
0.25267,0.60149,0.082365
0.21904,0.51943,0.063715
0.18951,0.44404,0.047278
0.16393,0.37498,0.033213
0.14215,0.31195,0.021607
0.12403,0.25467,0.012434
0.10945,0.20286,0.0056712
0.098296,0.15628,0.0012534
0.10192,0.18836,0.013049
0.10806,0.22217,0.03343
0.11672,0.25772,0.061608
0.12797,0.29501,0.096808
0.14184,0.33404,0.13832
0.15831,0.37481,0.18542
0.17523,0.41824,0.23749
0.19147,0.46483,0.29394
0.207,0.51456,0.35427
0.22181,0.56746,0.4181
0.20253,0.55651,0.33991
0.17949,0.5477,0.28118
0.15278,0.54089,0.23525
0.12244,0.53599,0.19819
0.088484,0.53297,0.16749
0.050938,0.5318,0.14153
0.0097952,0.53245,0.11923
-0.034953,0.53492,0.099828
-0.083325,0.53922,0.082813
-0.13534,0.54536,0.067791
-0.16042,0.53843,0.070295
-0.18584,0.5322,0.071615
-0.21162,0.52664,0.072128
-0.23777,0.52175,0.072078
-0.26429,0.51752,0.071673
-0.29119,0.51393,0.07103
-0.31848,0.51097,0.070258
-0.34615,0.50863,0.069403
-0.37423,0.50689,0.06852
-0.4027,0.50575,0.067616
-0.36064,0.47027,0.0358
-0.32094,0.43743,0.014521
-0.28353,0.40699,0.00089355
-0.24834,0.37877,-0.0068308
-0.21532,0.3526,-0.0097685
-0.18442,0.32832,-0.010395
-0.1556,0.30564,-0.014119
-0.12882,0.28448,-0.020933
-0.10401,0.26474,-0.030514
-0.081153,0.24637,-0.042617
-0.07483,0.24695,-0.040517
-0.068536,0.24754,-0.039264
-0.062276,0.24814,-0.038637
-0.056051,0.24876,-0.038495
-0.049864,0.24941,-0.038726
-0.043717,0.25009,-0.039261
-0.037614,0.2508,-0.040037
-0.031557,0.25154,-0.041018
-0.025547,0.25233,-0.042167
-0.019587,0.25315,-0.043464
-0.033251,0.23784,-0.039136
-0.046781,0.22319,-0.035828
-0.060156,0.20924,-0.033277
-0.073358,0.19605,-0.031304
-0.086369,0.18366,-0.029786
-0.099172,0.17209,-0.028633
-0.11175,0.16139,-0.027786
-0.1241,0.15159,-0.027205
-0.13619,0.14271,-0.02686
-0.14802,0.13478,-0.02673
-0.13844,0.15395,-0.027704
-0.12752,0.17601,-0.028023
-0.11526,0.20096,-0.027787
-0.10164,0.22883,-0.02711
-0.086635,0.25963,-0.02612
-0.070237,0.29337,-0.024945
-0.052432,0.33007,-0.023714
-0.033205,0.36973,-0.022553
-0.012545,0.41237,-0.021584
0.0095589,0.45799,-0.020917
-0.0031571,0.42728,-0.020178
-0.015745,0.39771,-0.019582
-0.028173,0.36931,-0.019105
-0.04041,0.34213,-0.018727
-0.052427,0.31621,-0.018432
-0.064196,0.29156,-0.018206
-0.075691,0.26824,-0.018039
-0.086887,0.24627,-0.01792
-0.09776,0.22567,-0.017843
-0.10829,0.20648,-0.017801
-0.098627,0.19731,-0.014098
-0.089376,0.18853,-0.01158
-0.080524,0.18013,-0.0098287
-0.072066,0.1721,-0.0085818
-0.063994,0.16443,-0.0076755
-0.056301,0.15712,-0.0070054
-0.048981,0.15014,-0.0065081
-0.042026,0.14349,-0.006143
-0.035432,0.13716,-0.0058881
-0.029191,0.13114,-0.0057301
-0.040865,0.12831,-0.010837
-0.052891,0.12593,-0.018002
-0.06527,0.12399,-0.026428
-0.078002,0.12251,-0.03553
-0.091083,0.12148,-0.044881
-0.10451,0.1209,-0.054168
-0.11828,0.12077,-0.063159
-0.13238,0.12111,-0.071689
-0.14682,0.12191,-0.079641
-0.16159,0.12318,-0.086938
-0.13928,0.1323,-0.052502
-0.11661,0.14372,-0.030515
-0.093548,0.15755,-0.016834
-0.070043,0.17385,-0.0088715
-0.046062,0.1927,-0.0049361
-0.02157,0.21417,-0.0038773
0.0034488,0.23834,-0.0030115
0.029012,0.26531,-0.00065623
0.055144,0.29512,0.0027564
0.081867,0.32781,0.0069001
0.069706,0.30887,0.0048693
0.057789,0.29056,0.0036367
0.046127,0.27291,0.0028888
0.03473,0.25591,0.0024417
0.023605,0.23959,0.0021792
0.012762,0.22394,0.0020304
0.0022084,0.20899,0.001948
-0.0080497,0.19473,0.0019026
-0.018006,0.18118,0.0018733
-0.027653,0.16835,0.0018477
-0.0045525,0.17068,0.0023886
0.016626,0.17451,0.0031087
0.03594,0.17981,0.0039967
0.053433,0.18657,0.005052
0.069135,0.19475,0.0062771
0.083062,0.20435,0.0076774
0.095219,0.21535,0.009257
0.1056,0.22776,0.011021
0.11418,0.24156,0.012972
0.12198,0.25628,0.015127
0.12862,0.27011,0.017607
0.13547,0.28435,0.020121
0.14253,0.29899,0.022657
0.1498,0.31404,0.025204
0.15727,0.32948,0.027756
0.16494,0.34532,0.030309
0.17281,0.36154,0.032859
0.18087,0.37814,0.035403
0.18913,0.3951,0.037938
0.19758,0.41243,0.040447
0.19295,0.40419,0.041454
0.18756,0.39655,0.042695
0.18019,0.3901,0.044118
0.17087,0.38478,0.045695
0.15963,0.38059,0.047401
0.14647,0.37748,0.049219
0.1314,0.37546,0.051131
0.11443,0.3745,0.053127
0.095551,0.37459,0.055195
0.074763,0.37574,0.057328
0.088691,0.36868,0.0573
0.10138,0.36241,0.056899
0.11286,0.3569,0.056206
0.12314,0.35214,0.055286
0.13225,0.3481,0.054186
0.14019,0.34476,0.052942
0.14699,0.34211,0.051583
0.15266,0.34011,0.050128
0.15721,0.33877,0.048596
0.16065,0.33806,0.046998
0.14676,0.31543,0.022231
0.13232,0.29408,0.0076513
0.11737,0.27402,0.00086615
0.10199,0.25523,-0.00072987
0.086249,0.23767,-0.0055818
0.070181,0.22132,-0.014734
0.053795,0.20618,-0.027623
0.037094,0.19225,-0.043837
0.02008,0.17952,-0.063061
0.0027496,0.16801,-0.085063
0.021515,0.19122,-0.09227
0.041282,0.21684,-0.10021
0.062046,0.24491,-0.10887
0.083799,0.27543,-0.11828
0.10653,0.30843,-0.12843
0.13022,0.34392,-0.13934
0.15487,0.38192,-0.15097
0.18044,0.42245,-0.16332
0.20693,0.46553,-0.17634
0.23432,0.51116,-0.19003
0.24811,0.52612,-0.18193
0.26092,0.54152,-0.1746
0.27275,0.55737,-0.1678
0.28361,0.57367,-0.16142
0.29348,0.59041,-0.15532
0.30248,0.60753,-0.14946
0.312,0.62435,-0.14376
0.32249,0.64063,-0.13819
0.33393,0.65637,-0.13272
0.34634,0.67156,-0.12736
0.35919,0.69989,-0.12603
0.37239,0.72864,-0.12592
0.38593,0.75782,-0.12671
0.39981,0.78742,-0.12821
0.41402,0.81744,-0.13025
0.42857,0.84788,-0.13273
0.44345,0.87873,-0.13558
0.45866,0.90998,-0.13874
0.47419,0.94164,-0.14217
0.49004,0.97369,-0.14586
0.47552,0.94238,-0.092246
0.46143,0.91113,-0.057082
0.44777,0.88002,-0.035437
0.43452,0.84907,-0.024439
0.42167,0.81831,-0.021834
0.4093,0.788,-0.016262
0.39742,0.75823,-0.003859
0.38604,0.72901,0.014738
0.37516,0.70034,0.039026
0.36478,0.67222,0.068606
0.38436,0.69605,0.035397
0.40501,0.72026,0.011856
0.4267,0.74478,-0.0050342
0.44943,0.76957,-0.017154
0.47318,0.79457,-0.025717
0.49794,0.81978,-0.031511
0.52373,0.84518,-0.035059
0.55051,0.87071,-0.038109
0.57825,0.89629,-0.042973
0.60694,0.92191,-0.049513
0.5997,0.93253,-0.04864
0.5933,0.94332,-0.04917
0.58771,0.95427,-0.050432
0.5829,0.96538,-0.052156
0.57886,0.97663,-0.054223
0.57557,0.98801,-0.056597
0.573,0.9995,-0.059264
0.57113,1.0111,-0.062234
0.56995,1.0228,-0.065517
0.56943,1.0345,-0.069135
0.56303,1.0273,-0.068907
0.55699,1.0204,-0.06801
0.55129,1.0137,-0.066946
0.54588,1.0073,-0.066072
0.54075,1.0011,-0.065617
0.53587,0.99514,-0.065746
0.53122,0.98932,-0.066528
0.52681,0.98369,-0.067016
0.52265,0.97828,-0.066688
0.51872,0.97308,-0.0655
0.49899,0.92215,-0.064485
0.48089,0.87268,-0.063506
0.46433,0.82461,-0.062407
0.44925,0.77788,-0.061094
0.43556,0.73243,-0.059503
0.4232,0.68823,-0.057613
0.4121,0.64518,-0.055857
0.40218,0.60324,-0.054466
0.39341,0.56237,-0.053451
0.38573,0.52252,-0.052825
0.39833,0.52516,-0.054601
0.41111,0.52718,-0.055934
0.42407,0.52858,-0.056942
0.43719,0.52933,-0.057745
0.45046,0.52942,-0.058461
0.46386,0.52883,-0.059184
0.47739,0.52755,-0.059999
0.49103,0.52558,-0.060972
0.50478,0.52292,-0.062074
0.51867,0.51961,-0.062825
0.48815,0.53074,-0.06079
0.46071,0.54118,-0.058286
0.43618,0.5509,-0.055869
0.41438,0.55987,-0.053724
0.39518,0.5681,-0.051913
0.37848,0.57559,-0.050438
0.36415,0.58234,-0.049285
0.35211,0.58836,-0.04842
0.34228,0.59364,-0.04782
0.33457,0.59819,-0.047455
0.55571,1.0065,-0.099445
0.52133,0.9383,-0.094549
0.48888,0.87371,-0.089253
0.45821,0.81249,-0.083753
0.42923,0.75448,-0.07818
0.40182,0.69944,-0.072714
0.37589,0.64722,-0.067844
0.35135,0.59765,-0.063573
0.32815,0.55062,-0.0599
0.30621,0.50599,-0.056791
0.28443,0.4729,-0.051134
0.26366,0.44128,-0.046596
0.24389,0.41107,-0.042827
0.22511,0.38224,-0.039551
0.20731,0.35477,-0.036284
0.19048,0.32861,-0.032978
0.17458,0.3037,-0.029694
0.15959,0.28001,-0.026465
0.14548,0.25748,-0.023316
0.13225,0.23609,-0.020263
0.14306,0.26072,-0.023956
0.15519,0.28642,-0.027226
0.16866,0.31318,-0.030038
0.18346,0.34103,-0.032604
0.19882,0.3703,-0.035769
0.2143,0.40124,-0.039616
0.2299,0.43384,-0.044165
0.24559,0.46813,-0.049441
0.26138,0.50409,-0.055457
0.27724,0.54171,-0.062247
0.29232,0.56797,-0.063957
0.30779,0.59492,-0.064678
0.32365,0.62253,-0.064681
0.33987,0.6508,-0.064258
0.35645,0.67969,-0.063646
0.37337,0.70922,-0.063064
0.39063,0.73935,-0.062678
0.40821,0.7701,-0.062632
0.42612,0.80145,-0.063039
0.44435,0.83341,-0.063994
0.44629,0.83264,-0.07037
0.44759,0.83182,-0.08792
0.44838,0.83104,-0.11419
0.44875,0.83038,-0.14769
0.44877,0.82986,-0.18741
0.44849,0.82952,-0.23267
0.44793,0.82937,-0.28289
0.44719,0.82939,-0.33772
0.44664,0.82941,-0.39665
0.44634,0.82941,-0.45948
0.48139,0.88776,-0.42144
0.51761,0.94687,-0.3935
0.55515,1.0069,-0.372
0.59412,1.0678,-0.35489
0.63458,1.1297,-0.34064
0.67654,1.1926,-0.32838
0.72001,1.2565,-0.31748
0.76499,1.3212,-0.30759
0.81146,1.3869,-0.29846
0.85938,1.4534,-0.29007
0.81992,1.3678,-0.27098
0.78295,1.2866,-0.25342
0.7483,1.2094,-0.23713
0.71579,1.1359,-0.22195
0.68525,1.066,-0.20773
0.65655,0.99921,-0.19439
0.62958,0.93549,-0.18185
0.60421,0.87461,-0.17003
0.58036,0.8164,-0.15888
0.55793,0.76071,-0.14835
0.55045,0.73458,-0.23398
0.54338,0.70842,-0.32776
0.53677,0.68231,-0.42615
0.53066,0.65626,-0.52767
0.52504,0.63027,-0.63148
0.5199,0.60431,-0.73744
0.51525,0.57839,-0.84495
0.51106,0.55248,-0.95411
0.50734,0.5266,-1.0641
0.50409,0.50073,-1.1752
0.49401,0.48007,-0.87716
0.48275,0.45694,-0.67292
0.4711,0.43276,-0.52269
0.45943,0.40823,-0.40738
0.44791,0.3837,-0.31598
0.43667,0.35936,-0.24273
0.42575,0.33532,-0.18358
0.41519,0.31164,-0.13598
0.40502,0.28836,-0.098101
0.39523,0.26551,-0.068524
0.3962,0.27951,-0.083855
0.39722,0.29337,-0.099643
0.39829,0.30709,-0.11598
0.39942,0.32066,-0.13291
0.40057,0.33406,-0.15059
0.40176,0.34729,-0.16912
0.40297,0.36033,-0.18862
0.4042,0.37318,-0.2092
0.40544,0.38584,-0.23097
0.40668,0.39829,-0.25403
0.40073,0.39848,-0.27135
0.3947,0.39839,-0.28705
0.38859,0.398,-0.30157
0.38241,0.39733,-0.3153
0.37615,0.39636,-0.32847
0.36982,0.39509,-0.34134
0.36341,0.39354,-0.354
0.35695,0.39171,-0.3666
0.35042,0.38961,-0.3792
0.34384,0.38725,-0.39186
0.34944,0.41098,-0.41606
0.35571,0.43547,-0.43502
0.36266,0.46068,-0.44962
0.37028,0.48661,-0.4607
0.37858,0.51324,-0.46885
0.38756,0.54057,-0.4746
0.39721,0.56859,-0.47832
0.40755,0.5973,-0.48032
0.41858,0.6267,-0.4808
0.4303,0.6568,-0.47996
0.40394,0.62951,-0.47447
0.37892,0.60237,-0.46984
0.35522,0.57542,-0.46557
0.33282,0.54868,-0.46137
0.31173,0.52217,-0.45709
0.29191,0.49591,-0.45261
0.27336,0.46992,-0.44791
0.25606,0.44421,-0.44294
0.23999,0.41879,-0.43773
0.22514,0.39369,-0.43226
0.20307,0.35522,-0.41608
0.18243,0.31917,-0.40582
0.16319,0.28543,-0.39985
0.14529,0.25391,-0.39705
0.12869,0.2245,-0.39675
0.11334,0.19713,-0.39842
0.09919,0.17169,-0.40175
0.086202,0.14812,-0.40645
0.074334,0.12633,-0.41237
0.063552,0.10626,-0.41933
0.079549,0.13341,-0.37479
0.096956,0.16299,-0.33427
0.11576,0.19497,-0.29735
0.13595,0.22932,-0.26365
0.1575,0.26603,-0.23296
0.18042,0.30506,-0.20497
0.20468,0.34639,-0.17957
0.23029,0.39002,-0.15652
0.25723,0.43593,-0.13574
0.28551,0.48411,-0.11705
0.27152,0.45434,-0.12864
0.2588,0.4251,-0.13805
0.24731,0.39641,-0.14579
0.237,0.36825,-0.15221
0.22784,0.34064,-0.15763
0.21979,0.31356,-0.16226
0.21282,0.28703,-0.16629
0.2069,0.26104,-0.16984
0.202,0.2356,-0.17302
0.19811,0.2107,-0.1759
0.20712,0.21118,-0.15671
0.21644,0.21145,-0.1395
0.22607,0.21152,-0.12398
0.23602,0.21139,-0.10991
0.2463,0.21107,-0.097121
0.2569,0.21055,-0.085465
0.26783,0.20983,-0.074854
0.2791,0.20892,-0.065179
0.29069,0.20781,-0.056393
0.30263,0.20651,-0.048421
0.28264,0.1592,-0.031054
0.26509,0.11628,-0.019494
0.24985,0.077517,-0.011866
0.23682,0.042675,-0.0069842
0.22588,0.011551,-0.0040858
0.21695,-0.016037,-0.002648
0.20995,-0.040256,-0.0021438
0.20482,-0.061244,-0.0012024
0.20152,-0.079132,0.00028047
0.19998,-0.094032,0.0021757
0.20487,-0.096909,0.00051742
0.20983,-0.099815,-0.00056144
0.21486,-0.10275,-0.0012401
0.21996,-0.10572,-0.001645
0.22514,-0.10873,-0.0018664
0.23038,-0.11176,-0.0019684
0.2357,-0.11483,-0.0020416
0.24108,-0.11793,-0.0021661
0.24653,-0.12107,-0.0023226
0.25206,-0.12424,-0.0024993
0.246,-0.11385,-0.0043112
0.24043,-0.10308,-0.0073695
0.23536,-0.09191,-0.011325
0.23077,-0.080361,-0.015933
0.22665,-0.068437,-0.021023
0.223,-0.05614,-0.026472
0.21981,-0.043474,-0.032191
0.21708,-0.030443,-0.038114
0.2148,-0.017049,-0.044192
0.21296,-0.0032938,-0.050388
0.2143,0.025618,-0.031729
0.21746,0.056576,-0.018439
0.22247,0.089594,-0.0093541
0.22938,0.12469,-0.0036336
0.2382,0.16189,-0.00065231
0.24898,0.20122,0.00037263
0.26176,0.24267,0.0026021
0.27654,0.28626,0.006558
0.29334,0.33201,0.012001
0.31218,0.37994,0.018738
0.30729,0.35972,0.013882
0.30287,0.33944,0.01023
0.29893,0.31912,0.0074736
0.29549,0.29878,0.0054149
0.29259,0.27842,0.00393
0.29022,0.25807,0.0029349
0.28842,0.23773,0.0023817
0.28719,0.21741,0.0020098
0.28656,0.19714,0.0012134
0.28652,0.17693,-2.9736e-05
0.28376,0.17849,0.0010469
0.28074,0.17987,0.0015618
0.27749,0.18109,0.0016976
0.27401,0.18212,0.0020828
0.27031,0.18296,0.0027945
0.2664,0.18363,0.0037953
0.26228,0.18412,0.005059
0.25797,0.18443,0.0065631
0.25347,0.18458,0.0082917
0.2488,0.18455,0.01023
0.25308,0.16281,0.0084075
0.25846,0.14125,0.0068266
0.26491,0.11983,0.0054361
0.27241,0.098509,0.0041978
0.28094,0.077252,0.0030889
0.29049,0.056025,0.0020912
0.30104,0.034796,0.001193
0.31259,0.01354,0.00038607
0.32514,-0.0077674,-0.0003346
0.33867,-0.029148,-0.00097206
0.34837,-0.045652,-0.0021891
0.35855,-0.062164,-0.0035198
0.36921,-0.078679,-0.0066081
0.38035,-0.095205,-0.011147
0.39198,-0.11175,-0.016919
0.4041,-0.12831,-0.023769
0.41673,-0.14491,-0.031582
0.42986,-0.16153,-0.040275
0.44351,-0.17819,-0.049782
0.45766,-0.19488,-0.060054
0.48409,-0.19765,-0.024754
0.51136,-0.19996,-0.0070652
0.53945,-0.20185,-0.0027919
0.56845,-0.20331,0.0041263
0.59838,-0.20434,0.020128
0.62924,-0.20491,0.043831
0.66102,-0.20502,0.074218
0.69371,-0.20467,0.11053
0.72732,-0.20385,0.15216
0.76184,-0.20257,0.19863
0.72257,-0.18451,0.15341
0.68406,-0.16736,0.12152
0.64631,-0.1511,0.097762
0.60937,-0.13569,0.079321
0.57324,-0.1211,0.064547
0.53798,-0.10732,0.052454
0.50359,-0.094318,0.042404
0.47012,-0.082078,0.033977
0.43758,-0.070583,0.026882
0.40602,-0.059813,0.020905
0.42671,-0.050056,0.02045
0.44798,-0.039394,0.019935
0.46984,-0.027831,0.019375
0.4923,-0.01537,0.018774
0.51536,-0.0020136,0.018146
0.53903,0.012234,0.017493
0.56333,0.027368,0.016825
0.58827,0.043385,0.016147
0.61386,0.060279,0.015464
0.64011,0.078048,0.014779
0.58907,0.089853,0.0023614
0.54087,0.099964,-0.003795
0.49538,0.10849,-0.0056059
0.45249,0.11553,-0.0062621
0.41206,0.12119,-0.0093187
0.37402,0.12556,-0.014352
0.33829,0.12871,-0.021008
0.30482,0.13074,-0.029025
0.27353,0.1317,-0.038196
0.24437,0.13167,-0.048362
0.23959,0.12824,-0.04595
0.23494,0.12497,-0.043557
0.23041,0.12185,-0.04116
0.22601,0.11887,-0.038757
0.22171,0.11603,-0.036343
0.21752,0.11332,-0.033931
0.21344,0.11072,-0.031524
0.20946,0.10824,-0.029134
0.20557,0.10586,-0.026768
0.20178,0.10359,-0.02444
0.18602,0.10108,-0.022685
0.17108,0.09837,-0.022103
0.15693,0.095468,-0.022421
0.14356,0.092395,-0.023491
0.13093,0.089166,-0.025235
0.11902,0.085801,-0.027617
0.10782,0.082314,-0.030627
0.097293,0.07872,-0.034269
0.087427,0.075036,-0.038553
0.078198,0.071275,-0.043499
0.077839,0.069769,-0.050521
0.077492,0.068271,-0.057429
0.07716,0.066782,-0.064169
0.076844,0.0653,-0.07071
0.076544,0.063825,-0.077028
0.076261,0.062359,-0.083114
0.075997,0.0609,-0.08896
0.075751,0.059449,-0.09457
0.075525,0.058006,-0.099944
0.075318,0.056571,-0.10509
0.085517,0.073326,-0.071102
0.096564,0.091657,-0.04484
0.10849,0.11157,-0.025586
0.12132,0.13309,-0.012798
0.13507,0.15623,-0.0060365
0.14977,0.181,-0.0047365
0.16566,0.20741,-0.0018562
0.18283,0.2355,0.0058507
0.20132,0.26528,0.018068
0.2211,0.29676,0.034508
0.21395,0.28264,0.035253
0.20716,0.26901,0.036336
0.20072,0.25586,0.037652
0.19461,0.24315,0.039142
0.18882,0.23087,0.040745
0.18332,0.21899,0.042429
0.17812,0.2075,0.044156
0.17319,0.19638,0.04591
0.16853,0.1856,0.047663
0.16412,0.17516,0.049411
0.16312,0.15581,0.024196
0.16371,0.13634,0.0069286
0.16587,0.11673,-0.0032545
0.16958,0.09699,-0.0069551
0.17463,0.07708,-0.0096243
0.18076,0.056958,-0.018063
0.18798,0.03662,-0.032093
0.19628,0.016062,-0.051555
0.20567,-0.0047196,-0.076346
0.21615,-0.025726,-0.1064
0.20136,0.011038,-0.089605
0.19034,0.0477,-0.073993
0.18297,0.084321,-0.059805
0.17915,0.12097,-0.047244
0.17883,0.15771,-0.036451
0.182,0.19461,-0.027539
0.18866,0.23173,-0.02059
0.19885,0.26913,-0.01566
0.21263,0.30685,-0.012791
0.23007,0.34492,-0.012008
0.22635,0.34236,-0.011932
0.223,0.33939,-0.01186
0.22004,0.33602,-0.011787
0.21744,0.33226,-0.011711
0.21466,0.32848,-0.011615
0.21139,0.3249,-0.01149
0.20761,0.32153,-0.011335
0.20335,0.31838,-0.011153
0.1986,0.31545,-0.010946
0.19338,0.31274,-0.010713
0.17226,0.2746,-0.015703
0.15228,0.23961,-0.026526
0.13334,0.20762,-0.04214
0.11534,0.17852,-0.061839
0.098196,0.15219,-0.085126
0.082219,0.12827,-0.11166
0.068248,0.10605,-0.1412
0.056281,0.0854,-0.17358
0.046288,0.066212,-0.20866
0.038237,0.04841,-0.24638
0.04292,0.056813,-0.22926
0.047898,0.065612,-0.21437
0.05319,0.074821,-0.20129
0.058814,0.084451,-0.18976
0.064784,0.094514,-0.17952
0.071114,0.10502,-0.17042
0.077813,0.11598,-0.16228
0.084891,0.12741,-0.15499
0.092357,0.13931,-0.14843
0.10022,0.15169,-0.14253
0.10211,0.155,-0.12143
0.10407,0.1582,-0.10295
0.10611,0.1613,-0.086749
0.10824,0.16431,-0.072532
0.11038,0.16727,-0.060083
0.11235,0.17032,-0.049215
0.11417,0.17346,-0.039786
0.11583,0.17669,-0.03167
0.11735,0.18001,-0.024771
0.11872,0.18342,-0.018997
0.12254,0.18919,-0.015188
0.1264,0.19503,-0.012268
0.13031,0.20095,-0.010055
0.13427,0.20696,-0.0083954
0.13829,0.21304,-0.0071761
0.14237,0.21921,-0.0062983
0.14652,0.22547,-0.0056883
0.15072,0.23182,-0.0052834
0.155,0.23825,-0.0050355
0.15933,0.24477,-0.0049033
0.15929,0.24151,-0.0070253
0.15886,0.23867,-0.011972
0.15807,0.23623,-0.018564
0.15698,0.23414,-0.026031
0.15629,0.23194,-0.033877
0.15614,0.22952,-0.041775
0.15653,0.22687,-0.049477
0.15744,0.22401,-0.056887
0.15887,0.2209,-0.063613
0.16083,0.21757,-0.069888
0.14983,0.20431,-0.085821
0.13952,0.19168,-0.10388
0.12988,0.17961,-0.12366
0.12089,0.16806,-0.14544
0.11252,0.15697,-0.16886
0.10476,0.14631,-0.19417
0.097608,0.13604,-0.2212
0.091038,0.12611,-0.25003
0.085041,0.1165,-0.28069
0.079605,0.10717,-0.31311
0.065492,0.085776,-0.31341
0.053183,0.067117,-0.31291
0.042555,0.050998,-0.31179
0.033488,0.037247,-0.31003
0.02588,0.0257,-0.30782
0.019632,0.016217,-0.3051
0.014662,0.0086663,-0.30204
0.010893,0.0029357,-0.29857
0.0082628,-0.0010735,-0.29484
0.0067172,-0.0034402,-0.29079
0.0069459,-0.0034366,-0.28921
0.0072412,-0.0034784,-0.28738
0.0076045,-0.0035672,-0.28538
0.0080326,-0.0037014,-0.28315
0.0085272,-0.0038823,-0.28078
0.009085,-0.0041086,-0.27821
0.009708,-0.0043813,-0.2755
0.010393,-0.0046994,-0.27262
0.011142,-0.0050637,-0.26963
0.01195,-0.0054733,-0.26648
0.0098314,-0.0052609,-0.23819
0.0082395,-0.0047335,-0.21394
0.0069621,-0.0041457,-0.19295
0.0055308,-0.0041276,-0.17452
0.0039112,-0.0046959,-0.15826
0.00208,-0.0058411,-0.1437
2.3604e-05,-0.0075573,-0.1306
-0.002273,-0.0098376,-0.11865
-0.0048163,-0.012677,-0.10772
-0.007613,-0.016072,-0.097599
-0.0040645,-0.013177,-0.12926
-0.00021862,-0.011163,-0.16526
0.003936,-0.010036,-0.20566
0.0084099,-0.0098077,-0.25044
0.013215,-0.010488,-0.29948
0.018363,-0.01209,-0.35274
0.023861,-0.014625,-0.40996
0.029729,-0.018095,-0.4711
0.036394,-0.021888,-0.53577
0.044108,-0.025664,-0.60398
0.043128,-0.026789,-0.56931
0.042645,-0.027302,-0.53547
0.041281,-0.02921,-0.5023
0.038967,-0.032617,-0.47001
0.035701,-0.037526,-0.43875
0.031474,-0.043939,-0.40838
0.026287,-0.051857,-0.37905
0.020131,-0.06128,-0.35063
0.013007,-0.072207,-0.32324
0.0049099,-0.084637,-0.29677
-0.0072225,-0.068858,-0.3107
-0.015258,-0.05607,-0.3246
-0.019303,-0.046255,-0.33856
-0.019452,-0.039404,-0.35253
-0.017592,-0.03427,-0.3665
-0.019497,-0.026926,-0.38058
-0.025609,-0.017097,-0.39471
-0.035977,-0.0047709,-0.40884
-0.050659,0.010086,-0.42286
-0.069724,0.027525,-0.43675
-0.056615,0.025581,-0.36483
-0.045123,0.023146,-0.30667
-0.035202,0.02032,-0.25889
-0.026803,0.017183,-0.21909
-0.019874,0.013802,-0.18575
-0.01434,0.010271,-0.15749
-0.0094722,0.0076215,-0.13347
-0.0049691,0.0062659,-0.11285
-0.00084531,0.0061555,-0.095089
0.0028904,0.0072545,-0.079639
0.00088943,0.0086058,-0.0647
-0.0017721,0.010375,-0.051688
-0.0050879,0.012581,-0.040607
-0.009062,0.015252,-0.030971
-0.013706,0.018417,-0.022747
-0.019039,0.022109,-0.015775
-0.025086,0.026361,-0.010061
-0.031876,0.031204,-0.0055725
-0.039439,0.036671,-0.0023339
-0.047807,0.042792,-0.00035223
-0.029562,0.032939,0.00010488
-0.014614,0.025807,0.0001628
-0.0027752,0.021287,0.00033099
0.0061245,0.019275,0.0007474
0.012213,0.019677,0.0013746
0.015639,0.022358,0.0022143
0.020221,0.024617,0.0032561
0.028007,0.024981,0.0045062
0.039101,0.023339,0.0059795
0.053632,0.019574,0.0076727
0.050981,0.017666,0.00038014
0.048408,0.015636,-0.0012891
0.045831,0.013621,-0.0074585
0.043252,0.011684,-0.018649
0.040685,0.0098657,-0.03419
0.038138,0.008199,-0.053623
0.035619,0.0067097,-0.076604
0.033129,0.0054164,-0.1029
0.030673,0.0043307,-0.13227
0.02825,0.0034586,-0.16457
0.022255,0.0078533,-0.18506
0.017229,0.011606,-0.20631
0.013181,0.014706,-0.22824
0.010123,0.017146,-0.25094
0.0080516,0.018921,-0.27431
0.0069632,0.020031,-0.29843
0.0064186,0.020774,-0.32319
0.0050144,0.02213,-0.34863
0.0026517,0.024167,-0.37462
-0.00065389,0.026873,-0.40124
0.0021365,0.023919,-0.43195
0.003275,0.022194,-0.46293
0.0028601,0.021632,-0.49403
0.0032096,0.020615,-0.52544
0.0053173,0.018443,-0.557
0.0092121,0.015099,-0.58882
0.014927,0.010554,-0.62071
0.022499,0.0047811,-0.65277
0.031967,-0.0022529,-0.68476
0.043374,-0.010581,-0.71681
0.046318,-0.0088521,-0.68522
0.04942,-0.0067542,-0.657
0.052683,-0.0043087,-0.63128
0.056114,-0.0015323,-0.60764
0.059715,0.0015633,-0.58562
0.063488,0.004964,-0.56492
0.067433,0.0086642,-0.54532
0.071553,0.012643,-0.52658
0.075847,0.016902,-0.5086
0.080316,0.021435,-0.49121
0.073398,0.028707,-0.49114
0.067321,0.035547,-0.49296
0.062052,0.04197,-0.49635
0.057563,0.047981,-0.50098
0.05383,0.053593,-0.50666
0.050833,0.058809,-0.51321
0.048555,0.063636,-0.52048
0.046981,0.068075,-0.52836
0.046098,0.07213,-0.53674
0.045898,0.075798,-0.54557
0.041137,0.070817,-0.62174
0.036616,0.066107,-0.6984
0.03234,0.061664,-0.77515
0.028314,0.057486,-0.85184
0.024543,0.053572,-0.92807
0.021028,0.049923,-1.004
0.017774,0.046536,-1.0792
0.01478,0.043415,-1.1541
0.012048,0.040557,-1.2281
0.0095778,0.037965,-1.3019
0.0055264,0.023921,-1.06
0.0036619,0.014083,-0.87552
0.0038747,0.0079003,-0.72929
0.0053417,0.0039843,-0.61028
0.0051796,-0.0018685,-0.51169
0.0031794,-0.010067,-0.42838
-0.00058959,-0.020597,-0.35732
-0.0060769,-0.033477,-0.29579
-0.013253,-0.048744,-0.24234
-0.022106,-0.066467,-0.19554
-0.028275,-0.074228,-0.20834
-0.03498,-0.08284,-0.21982
-0.042245,-0.092329,-0.23002
-0.050089,-0.10272,-0.23874
-0.058533,-0.11403,-0.24603
-0.067593,-0.12629,-0.25183
-0.077282,-0.13949,-0.25622
-0.087613,-0.15366,-0.25922
-0.098596,-0.1688,-0.26093
-0.11024,-0.18491,-0.26145
-0.096769,-0.1674,-0.24232
-0.084441,-0.15127,-0.22583
-0.073173,-0.13639,-0.21143
-0.06289,-0.12269,-0.19871
-0.053526,-0.11006,-0.18738
-0.045022,-0.098444,-0.1772
-0.037322,-0.08776,-0.16801
-0.030376,-0.07795,-0.15965
-0.024138,-0.068956,-0.15203
-0.018565,-0.060727,-0.14503
-0.0092402,-0.067123,-0.15394
0.0022384,-0.074862,-0.16264
0.015901,-0.083954,-0.17109
0.031777,-0.094416,-0.17924
0.049889,-0.10627,-0.18704
0.070262,-0.11953,-0.19444
0.092915,-0.13423,-0.2014
0.11787,-0.15039,-0.20791
0.14513,-0.16805,-0.21393
0.17472,-0.18723,-0.21947
0.14977,-0.18307,-0.22671
0.12504,-0.18025,-0.23374
0.10058,-0.17877,-0.24058
0.076404,-0.17864,-0.24727
0.052549,-0.17986,-0.2538
0.029035,-0.18244,-0.2602
0.0058803,-0.18639,-0.26644
-0.016905,-0.19172,-0.27255
-0.039309,-0.19843,-0.27851
-0.061322,-0.20655,-0.28431
-0.034684,-0.1865,-0.30432
-0.0093439,-0.16933,-0.32491
0.014792,-0.15491,-0.34603
0.037806,-0.14313,-0.36768
0.059767,-0.13388,-0.38978
0.080732,-0.12711,-0.41237
0.10075,-0.12275,-0.43532
0.11984,-0.12077,-0.45868
0.13805,-0.12113,-0.48232
0.15539,-0.12382,-0.50628
0.15008,-0.11689,-0.38364
0.14495,-0.11062,-0.28761
0.13996,-0.10495,-0.21159
0.13509,-0.099803,-0.1513
0.1303,-0.095142,-0.10381
0.12559,-0.090923,-0.066964
0.12093,-0.087111,-0.039261
0.11632,-0.083671,-0.019485
0.11194,-0.080301,-0.006768
0.10786,-0.076845,-0.00039116
0.12116,-0.086629,-0.0032356
0.13533,-0.097015,-0.0079067
0.15036,-0.10801,-0.014379
0.16628,-0.1196,-0.022603
0.18308,-0.13181,-0.032556
0.20078,-0.14463,-0.044195
0.21937,-0.15807,-0.057502
0.23884,-0.17218,-0.072449
0.25918,-0.18697,-0.089028
0.2804,-0.20244,-0.10723
0.28498,-0.20525,-0.082372
0.2903,-0.20713,-0.060858
0.29662,-0.20772,-0.042659
0.30393,-0.20703,-0.027737
0.31224,-0.20507,-0.016039
0.32152,-0.20184,-0.0075025
0.3318,-0.19734,-0.0020622
0.34306,-0.19156,0.00035475
0.35531,-0.1845,0.001056
0.36854,-0.17614,0.0042649
0.38429,-0.19598,0.003144
0.40084,-0.216,0.0023698
0.41822,-0.2362,0.0018125
0.43643,-0.25659,0.0013896
0.45546,-0.27717,0.0010495
0.47534,-0.29794,0.00075785
0.49605,-0.31891,0.00049363
0.5176,-0.34007,0.00024043
0.53999,-0.36143,-1.0755e-05
0.56323,-0.38299,-0.00026975
0.57362,-0.3967,0.015412
0.58461,-0.40996,0.044589
0.59623,-0.42278,0.083528
0.60846,-0.43517,0.12988
0.62132,-0.44716,0.18211
0.6348,-0.45876,0.23922
0.64889,-0.46997,0.30043
0.66351,-0.48093,0.36524
0.67806,-0.49248,0.43312
0.69245,-0.50474,0.50376
0.61097,-0.44411,0.42355
0.53557,-0.38868,0.36599
0.46595,-0.33807,0.32189
0.40225,-0.29148,0.28656
0.34431,-0.24857,0.25721
0.29186,-0.20922,0.23225
0.24467,-0.17332,0.21061
0.20252,-0.14077,0.19159
0.16519,-0.11147,0.17473
0.1325,-0.085331,0.15963
0.15493,-0.1023,0.12783
0.17944,-0.12077,0.10022
0.20607,-0.14078,0.07637
0.23487,-0.16235,0.055887
0.26587,-0.18552,0.0385
0.29913,-0.21032,0.023936
0.33469,-0.23676,0.011998
0.37257,-0.26489,0.0024801
0.41281,-0.29471,-0.0047743
0.45544,-0.32624,-0.0099228
0.44858,-0.32265,-0.0083875
0.4419,-0.31892,-0.0066919
0.43542,-0.31506,-0.0049805
0.42912,-0.31107,-0.0033183
0.42299,-0.30697,-0.0017104
0.41703,-0.30275,-0.00015533
0.4111,-0.29862,0.0013699
0.40511,-0.29468,0.0028771
0.39907,-0.29091,0.0043907
0.39298,-0.28732,0.0059208
0.38617,-0.28072,0.0077772
0.37881,-0.27502,0.0098977
0.37191,-0.26882,0.012285
0.36569,-0.26182,0.014931
0.3601,-0.2541,0.017836
0.3551,-0.24569,0.020996
0.35067,-0.23666,0.024413
0.34677,-0.22704,0.028084
0.34338,-0.21686,0.032012
0.34047,-0.20617,0.036195
0.34133,-0.22493,0.0060614
0.3453,-0.2406,-0.010999
0.35223,-0.25326,-0.017134
0.36178,-0.26275,-0.022301
0.37125,-0.27205,-0.035956
0.37824,-0.28451,-0.057389
0.38273,-0.30011,-0.086054
0.3847,-0.31889,-0.12154
0.38411,-0.34085,-0.16351
0.38095,-0.36603,-0.21169
0.3904,-0.35378,-0.22886
0.39862,-0.34299,-0.24617
0.40562,-0.33365,-0.26345
0.41143,-0.32574,-0.28068
0.41607,-0.31925,-0.2977
0.41955,-0.31417,-0.31452
0.4219,-0.3105,-0.33103
0.42313,-0.30822,-0.34724
0.42326,-0.30734,-0.36304
0.42336,-0.30638,-0.37847
0.41202,-0.29903,-0.3914
0.40097,-0.29141,-0.40424
0.39004,-0.28378,-0.41683
0.37895,-0.27655,-0.42917
0.36769,-0.26974,-0.44112
0.35626,-0.26335,-0.45273
0.34467,-0.2574,-0.46387
0.33292,-0.25189,-0.47463
0.321,-0.24683,-0.48488
0.30892,-0.24225,-0.49472
0.30287,-0.23321,-0.5066
0.29668,-0.22491,-0.5185
0.29034,-0.21734,-0.53025
0.28384,-0.2105,-0.54187
0.27716,-0.20438,-0.55325
0.27031,-0.19896,-0.56444
0.26347,-0.19398,-0.57532
0.2572,-0.18863,-0.58596
0.25153,-0.18289,-0.59628
0.24646,-0.17673,-0.60633
0.22981,-0.16043,-0.63735
0.2145,-0.14393,-0.66755
0.20046,-0.12724,-0.69704
0.18763,-0.11036,-0.726
0.17595,-0.093308,-0.75445
0.16539,-0.076097,-0.78255
0.15589,-0.058733,-0.81022
0.14744,-0.041225,-0.83759
0.14001,-0.023579,-0.86457
0.13356,-0.0058055,-0.89127
0.12754,-0.010776,-0.91488
0.12195,-0.015424,-0.93672
0.11677,-0.019761,-0.95689
0.11196,-0.023803,-0.97575
0.10752,-0.027563,-0.9933
0.10342,-0.031054,-1.0098
0.099652,-0.034292,-1.0252
0.096198,-0.037289,-1.0397
0.093044,-0.040059,-1.0533
0.090175,-0.042613,-1.0661
0.12326,-0.040463,-0.9467
0.15949,-0.033335,-0.85073
0.19928,-0.021448,-0.77125
0.24294,-0.0049017,-0.70391
0.29075,0.01628,-0.64588
0.34291,0.042107,-0.59504
0.39961,0.072618,-0.55009
0.46101,0.10785,-0.50982
0.52723,0.14786,-0.4736
0.59838,0.19267,-0.44069
0.6217,0.17734,-0.43609
0.64603,0.16135,-0.42377
0.67122,0.1448,-0.4067
0.69718,0.12773,-0.38678
0.72383,0.11018,-0.3655
0.75113,0.092182,-0.34367
0.77904,0.073751,-0.32199
0.80756,0.054897,-0.30074
0.83666,0.035628,-0.28022
0.86633,0.015949,-0.26051
0.82841,0.026553,-0.2517
0.79229,0.037429,-0.24405
0.75789,0.048502,-0.23739
0.7251,0.059703,-0.23153
0.69384,0.070975,-0.2264
0.66404,0.082269,-0.22186
0.63563,0.093543,-0.21792
0.60855,0.10476,-0.21446
0.58273,0.11588,-0.21149
0.55814,0.12688,-0.20892
0.52582,0.095705,-0.16921
0.49491,0.066602,-0.1365
0.46543,0.039521,-0.1092
0.4374,0.014424,-0.086259
0.41083,-0.0087221,-0.06701
0.38571,-0.029943,-0.05094
0.36205,-0.04926,-0.037719
0.33983,-0.066695,-0.027053
0.31906,-0.082264,-0.018747
0.29972,-0.095983,-0.012612
0.3041,-0.12015,-0.0105
0.30982,-0.14324,-0.0090169
0.31688,-0.16529,-0.008016
0.32528,-0.18631,-0.0073832
0.33502,-0.20633,-0.0070397
0.3461,-0.22537,-0.0068978
0.35854,-0.24343,-0.0066593
0.37234,-0.26052,-0.0062788
0.38751,-0.27667,-0.005792
0.40404,-0.29186,-0.0052267
0.42617,-0.30404,-0.0071501
0.44991,-0.31491,-0.012856
0.4752,-0.32449,-0.023712
0.50206,-0.33278,-0.038799
0.53049,-0.33977,-0.057476
0.5605,-0.34547,-0.079294
0.59208,-0.34986,-0.10394
0.62525,-0.35295,-0.1312
0.65999,-0.35473,-0.16091
0.69633,-0.35519,-0.19296
0.68194,-0.37314,-0.13727
0.66921,-0.38901,-0.096523
0.65811,-0.40288,-0.066114
0.64857,-0.41483,-0.043429
0.64055,-0.42492,-0.026842
0.63398,-0.43321,-0.015356
0.62881,-0.43977,-0.0082809
0.62499,-0.44464,-0.005144
0.62249,-0.44784,-0.0042627
0.62135,-0.44933,-0.00071675
0.57863,-0.41785,4.7695e-05
0.53757,-0.38739,0.00087279
0.49813,-0.35797,0.0017425
0.46029,-0.3296,0.0026399
0.42405,-0.3023,0.0035565
0.38938,-0.27609,0.0044833
0.35628,-0.25097,0.0054158
0.32472,-0.22697,0.0063492
0.29471,-0.20408,0.0072808
0.26623,-0.18231,0.0082076
0.28398,-0.20062,-0.0018083
0.30359,-0.21806,-0.0043639
0.32482,-0.23476,-0.0094228
0.34693,-0.25168,-0.01959
0.36873,-0.27043,-0.033883
0.39022,-0.29102,-0.051577
0.4114,-0.31344,-0.072109
0.43227,-0.33767,-0.095044
0.45284,-0.3637,-0.12003
0.4731,-0.39154,-0.14679
0.46481,-0.37113,-0.18045
0.45524,-0.35284,-0.21752
0.44443,-0.33657,-0.2577
0.43243,-0.32225,-0.30079
0.41928,-0.30981,-0.34651
0.40503,-0.29917,-0.39474
0.3912,-0.28822,-0.44524
0.37871,-0.27567,-0.49795
0.36753,-0.26154,-0.5526
0.35765,-0.24586,-0.60915
0.35661,-0.25153,-0.57863
0.35602,-0.25608,-0.55603
0.35595,-0.25955,-0.53881
0.35642,-0.26196,-0.52557
0.35745,-0.26334,-0.51508
0.35874,-0.26411,-0.50672
0.35932,-0.26568,-0.49985
0.35915,-0.26812,-0.49418
0.35824,-0.27142,-0.48936
0.35662,-0.27558,-0.48527
0.37481,-0.2859,-0.44251
0.39323,-0.2966,-0.40301
0.41188,-0.30767,-0.36633
0.43078,-0.3191,-0.33221
0.44993,-0.33091,-0.30043
0.46932,-0.34307,-0.27084
0.48897,-0.3556,-0.24333
0.50887,-0.36847,-0.21777
0.52903,-0.3817,-0.19414
0.54944,-0.39527,-0.17232
0.52362,-0.37699,-0.218
0.49824,-0.35902,-0.26335
0.4733,-0.34136,-0.30833
0.44882,-0.32403,-0.35299
0.42479,-0.30703,-0.39753
0.40122,-0.29037,-0.44207
0.37811,-0.27405,-0.48674
0.35546,-0.25808,-0.53166
0.33328,-0.24246,-0.57684
0.31158,-0.2272,-0.62239
0.32215,-0.23104,-0.54514
0.33175,-0.23531,-0.48423
0.34053,-0.24006,-0.43471
0.34861,-0.24533,-0.39353
0.35655,-0.25049,-0.35856
0.36482,-0.25495,-0.32837
0.37344,-0.25874,-0.30193
0.38242,-0.2619,-0.27851
0.39176,-0.26447,-0.25758
0.40147,-0.26645,-0.2387
0.38615,-0.25056,-0.18641
0.37222,-0.23466,-0.1457
0.35962,-0.21872,-0.1136
0.3483,-0.20267,-0.08805
0.33819,-0.18646,-0.067692
0.32923,-0.17002,-0.051489
0.32138,-0.15331,-0.038727
0.31458,-0.13628,-0.028813
0.30879,-0.11888,-0.021324
0.30397,-0.10108,-0.015891
0.28119,-0.085363,-0.014603
0.2595,-0.07033,-0.013013
0.23891,-0.055982,-0.011285
0.2194,-0.042319,-0.0095362
0.20099,-0.029345,-0.0078689
0.18367,-0.017063,-0.0063474
0.16746,-0.0054759,-0.0050242
0.15234,0.0054118,-0.0039299
0.13832,0.015596,-0.0030876
0.12541,0.025068,-0.0023698
0.12318,-0.0024618,-0.0013162
0.12389,-0.027737,0.0022341
0.12754,-0.050802,0.0081994
0.13411,-0.071685,0.016516
0.14361,-0.090404,0.027108
0.15604,-0.10696,0.039917
0.17142,-0.12135,0.054855
0.18878,-0.13498,0.071838
0.20526,-0.15194,0.090716
0.22066,-0.1725,0.11142
0.23264,-0.17972,0.086283
0.24504,-0.1873,0.065294
0.25784,-0.19525,0.04771
0.27106,-0.20355,0.033007
0.2847,-0.21219,0.020761
0.29877,-0.22117,0.010663
0.31326,-0.23049,0.0024602
0.32817,-0.24015,-0.0040368
0.34352,-0.25014,-0.0089801
0.35931,-0.26047,-0.012489
0.36046,-0.25609,-0.014389
0.36054,-0.25325,-0.01506
0.35955,-0.25174,-0.018065
0.3589,-0.24957,-0.023091
0.3592,-0.24593,-0.029846
0.36043,-0.24083,-0.038117
0.36261,-0.23431,-0.047743
0.36572,-0.22637,-0.058602
0.36976,-0.21703,-0.070589
0.37474,-0.2063,-0.083628
0.37993,-0.2077,-0.054945
0.38505,-0.20897,-0.036111
0.39013,-0.21015,-0.024051
0.39521,-0.21128,-0.016767
0.40031,-0.21237,-0.012919
0.40546,-0.21345,-0.01159
0.41068,-0.21454,-0.010868
0.41602,-0.21568,-0.0087495
0.42146,-0.21685,-0.005538
0.42699,-0.21805,-0.0014794
0.412,-0.23282,0.0018268
0.39974,-0.2445,0.0063927
0.39013,-0.25311,0.012273
0.38305,-0.25869,0.019514
0.37843,-0.26125,0.028141
0.37606,-0.26097,0.038163
0.37295,-0.26207,0.049569
0.36781,-0.26632,0.062342
0.36061,-0.2737,0.076448
0.35132,-0.28415,0.091857
0.36672,-0.29039,0.074775
0.38224,-0.29694,0.059527
0.39788,-0.3038,0.045708
0.41363,-0.31096,0.033512
0.42951,-0.31843,0.022724
0.4455,-0.3262,0.013465
0.46162,-0.33428,0.0056278
0.47785,-0.34266,-0.00069505
0.4942,-0.35135,-0.0055418
0.51066,-0.36034,-0.0088672
0.54718,-0.39322,-0.011664
0.5839,-0.42882,-0.016704
0.6208,-0.46712,-0.025899
0.65788,-0.50813,-0.038045
0.69515,-0.55188,-0.052334
0.7326,-0.59836,-0.068227
0.77027,-0.64756,-0.085329
0.80816,-0.69948,-0.10339
0.84631,-0.75409,-0.12216
0.88473,-0.81136,-0.14149
0.7827,-0.71005,-0.1041
0.68888,-0.61777,-0.081952
0.60285,-0.53392,-0.067363
0.52419,-0.45799,-0.057044
0.45248,-0.38949,-0.049287
0.38736,-0.32797,-0.043243
0.32847,-0.27303,-0.038368
0.27548,-0.22429,-0.034389
0.22807,-0.1814,-0.031082
0.18593,-0.14404,-0.028341
0.18515,-0.13754,-0.03563
0.18379,-0.13182,-0.042785
0.18186,-0.12688,-0.049663
0.17938,-0.1227,-0.056234
0.17637,-0.11927,-0.062441
0.17292,-0.11647,-0.068315
0.16976,-0.11324,-0.073817
0.16709,-0.10929,-0.078994
0.1649,-0.10465,-0.083827
0.16319,-0.099312,-0.088374
0.17581,-0.10754,-0.086159
0.18889,-0.11602,-0.084593
0.20241,-0.12474,-0.083565
0.21639,-0.1337,-0.083049
0.23081,-0.14291,-0.082958
0.24569,-0.15237,-0.083274
0.26101,-0.16207,-0.083928
0.27677,-0.17202,-0.08491
0.29298,-0.18222,-0.086163
0.30964,-0.19267,-0.087683
0.32806,-0.19737,-0.1614
0.34764,-0.20133,-0.25259
0.36846,-0.20461,-0.35802
0.39059,-0.20732,-0.4752
0.41408,-0.2095,-0.6019
0.43897,-0.21121,-0.73678
0.46527,-0.21245,-0.87829
0.49297,-0.21325,-1.026
0.5221,-0.21361,-1.1785
0.55262,-0.21355,-1.3359
0.50721,-0.22359,-1.2996
0.46589,-0.22837,-1.2829
0.42849,-0.22853,-1.2766
0.39482,-0.22451,-1.2768
0.36473,-0.21664,-1.2803
0.33807,-0.2052,-1.2859
0.31436,-0.19094,-1.2924
0.28991,-0.17943,-1.2993
0.26387,-0.17198,-1.3062
0.23631,-0.16847,-1.3128
0.24235,-0.16733,-1.238
0.24794,-0.16657,-1.1774
0.25317,-0.16623,-1.1267
0.25808,-0.16634,-1.0833
0.26271,-0.16691,-1.0453
0.26708,-0.16794,-1.0114
0.27122,-0.16942,-0.98081
0.27513,-0.17135,-0.95282
0.27884,-0.17371,-0.9271
0.28247,-0.17633,-0.90312
0.24899,-0.15556,-0.75512
0.21855,-0.13621,-0.62763
0.191,-0.11821,-0.51713
0.1662,-0.10144,-0.42096
0.14402,-0.085799,-0.33705
0.12432,-0.071186,-0.26448
0.10698,-0.057487,-0.20211
0.091889,-0.044594,-0.14926
0.078917,-0.032403,-0.10529
0.067955,-0.02081,-0.069596
0.069814,-0.026177,-0.078835
0.071992,-0.031321,-0.088512
0.074489,-0.036241,-0.098675
0.077303,-0.040938,-0.10926
0.080435,-0.045412,-0.12027
0.083881,-0.049664,-0.13169
0.087643,-0.053694,-0.14351
0.091717,-0.057504,-0.15571
0.096105,-0.061096,-0.16829
0.1008,-0.064469,-0.18124
0.093349,-0.059538,-0.19984
0.086195,-0.054811,-0.21907
0.07933,-0.050281,-0.23891
0.072743,-0.045943,-0.2594
0.066426,-0.04179,-0.28052
0.060373,-0.037818,-0.30231
0.054577,-0.034023,-0.32474
0.049032,-0.0304,-0.34786
0.043731,-0.026947,-0.37162
0.038669,-0.023662,-0.3961
0.04752,-0.029479,-0.33938
0.057,-0.035642,-0.28823
0.067113,-0.04216,-0.24214
0.077862,-0.049038,-0.20074
0.089237,-0.056275,-0.16381
0.10123,-0.063868,-0.13105
0.11382,-0.071811,-0.10236
0.127,-0.080096,-0.077523
0.14075,-0.088715,-0.05648
0.15504,-0.097659,-0.039088
0.15153,-0.096547,-0.055591
0.14834,-0.094857,-0.073611
0.14465,-0.093948,-0.092784
0.1404,-0.093982,-0.11278
0.13561,-0.094975,-0.1334
0.13029,-0.096939,-0.15445
0.12447,-0.099884,-0.17582
0.11815,-0.10382,-0.19739
0.11135,-0.10874,-0.21908
0.10408,-0.11466,-0.24082
0.094468,-0.094021,-0.30546
0.084386,-0.076197,-0.37581
0.073886,-0.061152,-0.45157
0.063007,-0.048866,-0.53263
0.051779,-0.039332,-0.61865
0.040301,-0.032422,-0.70965
0.030344,-0.025343,-0.80518
0.022629,-0.016957,-0.90536
0.017177,-0.0072433,-1.0095
0.014004,0.0038241,-1.118
0.012445,0.0050305,-1.0195
0.010775,0.0059212,-0.94021
0.0090845,0.0065299,-0.8742
0.0074227,0.0068837,-0.81841
0.0058274,0.0070089,-0.77044
0.004328,0.0069299,-0.72857
0.0029423,0.0066677,-0.6917
0.0016896,0.006244,-0.65877
0.00057931,0.0056764,-0.62925
-0.00037446,0.0049847,-0.60243
0.0040367,0.0090818,-0.57461
0.0092841,0.013896,-0.55049
0.015376,0.01943,-0.52946
0.022323,0.025688,-0.51084
0.030133,0.03267,-0.49434
0.038816,0.04038,-0.47949
0.048378,0.048816,-0.46616
0.058828,0.057982,-0.45404
0.070173,0.067876,-0.44306
0.082422,0.078501,-0.43301
0.091337,0.083302,-0.38172
0.10059,0.088071,-0.33322
0.11018,0.092802,-0.2878
0.12011,0.097499,-0.24555
0.13039,0.10216,-0.20665
0.14103,0.1068,-0.17109
0.15204,0.11141,-0.13898
0.16341,0.116,-0.11027
0.17518,0.12059,-0.085029
0.18733,0.12516,-0.063183
0.21183,0.12495,-0.057456
0.23854,0.12396,-0.052075
0.26749,0.12217,-0.047064
0.29873,0.11957,-0.042371
0.33231,0.11614,-0.038009
0.36826,0.11187,-0.03394
0.40661,0.10675,-0.03017
0.4474,0.10075,-0.026668
0.49066,0.093863,-0.023435
0.53642,0.086083,-0.020446
0.45863,0.098614,-0.0061038
0.38898,0.10865,-0.0017439
0.32703,0.11635,0.0025071
0.27233,0.12187,0.013876
0.22447,0.12526,0.031607
0.18307,0.1266,0.05516
0.14777,0.12594,0.084111
0.11827,0.12333,0.11816
0.094274,0.11882,0.15703
0.075542,0.11244,0.20056
0.081718,0.11672,0.15409
0.088324,0.12103,0.11536
0.095362,0.12535,0.083296
0.10284,0.12968,0.05716
0.11076,0.13403,0.036373
0.11913,0.1384,0.020508
0.12796,0.14278,0.0092309
0.13727,0.14717,0.002277
0.14706,0.15157,-0.00055969
0.15735,0.15596,-0.0017289
0.14498,0.14419,-0.00056591
0.13307,0.13299,-0.00015836
0.12162,0.12235,0.0012419
0.11062,0.11226,0.0037654
0.1001,0.10269,0.0073955
0.090056,0.093636,0.012123
0.080496,0.085075,0.017945
0.07143,0.076991,0.024862
0.062866,0.06937,0.032876
0.054814,0.062196,0.041993
0.060121,0.047619,0.022338
0.068388,0.032172,0.0092453
0.079607,0.015822,0.0022242
0.093782,-0.0014617,0.00068694
0.11099,-0.019753,-0.0031369
0.1313,-0.039082,-0.012506
0.15472,-0.059449,-0.027408
0.18129,-0.080848,-0.047844
0.21105,-0.10327,-0.073799
0.24402,-0.1267,-0.10525
0.23738,-0.11859,-0.10099
0.23113,-0.11014,-0.096913
0.22529,-0.10134,-0.092944
0.21984,-0.092184,-0.089065
0.21478,-0.082684,-0.085236
0.21011,-0.072837,-0.081451
0.20583,-0.062643,-0.077694
0.20194,-0.052102,-0.073966
0.19843,-0.041213,-0.070263
0.19531,-0.029976,-0.066587
0.20091,-0.0158,-0.073474
0.20719,-0.00028786,-0.080474
0.21415,0.016575,-0.087583
0.22181,0.0348,-0.094793
0.23014,0.054399,-0.1021
0.23917,0.075382,-0.10949
0.2489,0.09776,-0.11696
0.25932,0.12154,-0.12451
0.27044,0.14673,-0.13212
0.28225,0.17334,-0.13978
0.26826,0.15688,-0.11077
0.25491,0.1412,-0.087796
0.24216,0.12631,-0.069268
0.22997,0.11216,-0.054137
0.21834,0.098747,-0.041697
0.20723,0.086047,-0.031444
0.19663,0.074043,-0.023028
0.18651,0.062721,-0.016181
0.17688,0.052065,-0.010711
0.1677,0.042062,-0.0064582
0.14946,0.053434,-0.016741
0.13292,0.064018,-0.029891
0.11809,0.073785,-0.045206
0.10501,0.082711,-0.062213
0.093707,0.090769,-0.080609
0.084191,0.09794,-0.10019
0.076481,0.1042,-0.12082
0.070587,0.10954,-0.1424
0.066517,0.11393,-0.16488
0.064271,0.11738,-0.18821
0.072663,0.12331,-0.22098
0.084189,0.1279,-0.25621
0.098839,0.13118,-0.29383
0.11661,0.13315,-0.33384
0.13749,0.13382,-0.37612
0.16147,0.1332,-0.42071
0.18856,0.13129,-0.46745
0.21875,0.12811,-0.5164
0.25205,0.12366,-0.56738
0.28845,0.11795,-0.62046
0.26888,0.13148,-0.51765
0.25086,0.14438,-0.43496
0.23435,0.15666,-0.36643
0.21927,0.16835,-0.30857
0.20558,0.17944,-0.25901
0.19324,0.18995,-0.21614
0.18222,0.19991,-0.1789
0.17248,0.20931,-0.14645
0.16398,0.21817,-0.11822
0.15669,0.22651,-0.093723
0.14762,0.21828,-0.088801
0.13879,0.2099,-0.083507
0.13021,0.20139,-0.078055
0.12189,0.19278,-0.072535
0.11383,0.18408,-0.067072
0.10605,0.17532,-0.061707
0.098538,0.16652,-0.056511
0.091317,0.1577,-0.051497
0.084388,0.14889,-0.046707
0.077759,0.1401,-0.042139
0.070483,0.12315,-0.045514
0.063936,0.10742,-0.049344
0.058075,0.092831,-0.053636
0.052861,0.079337,-0.058374
0.04826,0.066881,-0.063568
0.044238,0.055415,-0.06921
0.040766,0.044892,-0.075309
0.037819,0.03527,-0.081861
0.035373,0.026509,-0.088873
0.033409,0.018576,-0.096342
0.041316,0.01458,-0.069647
0.050347,0.010024,-0.048028
0.06052,0.0048956,-0.030952
0.07186,-0.00082042,-0.018052
0.084394,-0.0071391,-0.0090772
0.098152,-0.014076,-0.0038323
0.11316,-0.021644,-0.002158
0.12952,-0.02986,-0.0010792
0.14732,-0.038734,0.0031687
0.16659,-0.048277,0.010441
0.17124,-0.036485,0.018882
0.17678,-0.022668,0.029559
0.18318,-0.0068149,0.042521
0.19043,0.011081,0.057819
0.19851,0.031029,0.075463
0.20744,0.053032,0.095485
0.21719,0.077097,0.11787
0.22777,0.10323,0.14262
0.23918,0.13143,0.16968
0.25142,0.16171,0.19906
0.22571,0.13265,0.20578
0.20152,0.10574,0.21276
0.17889,0.081103,0.21983
0.15788,0.058843,0.22698
0.13852,0.039078,0.23409
0.12087,0.021912,0.24118
0.10495,0.0074476,0.24816
0.090796,-0.0042189,0.25506
0.07845,-0.012996,0.26181
0.067932,-0.018802,0.26842
0.077408,-0.013803,0.24113
0.088519,-0.0062775,0.21671
0.10128,0.0038079,0.19456
0.1157,0.016495,0.17431
0.13182,0.031834,0.15568
0.14966,0.049878,0.13849
0.16924,0.070679,0.12261
0.1906,0.094291,0.10793
0.21376,0.12076,0.094361
0.23873,0.15014,0.081832
0.21348,0.14389,0.084295
0.18976,0.13789,0.08458
0.16759,0.13209,0.083256
0.14699,0.12645,0.080751
0.12798,0.12091,0.077407
0.11058,0.11543,0.07347
0.094801,0.10997,0.069139
0.080658,0.10448,0.064551
0.068168,0.098937,0.059824
0.057343,0.09329,0.055034
0.054564,0.096751,0.032472
0.052386,0.10003,0.016394
0.050785,0.10313,0.0058765
0.049745,0.10606,0.00024204
0.049248,0.10881,-0.0011674
0.049202,0.11137,-0.0039424
0.049571,0.11374,-0.010473
0.05014,0.11602,-0.020556
0.050247,0.1185,-0.034024
0.04985,0.12119,-0.050765
0.041738,0.098356,-0.043159
0.033651,0.078647,-0.036146
0.02764,0.061004,-0.029712
0.023919,0.045166,-0.023868
0.022333,0.031043,-0.018622
0.022755,0.018542,-0.014003
0.025089,0.0075705,-0.010036
0.029288,-0.0019577,-0.0067506
0.035358,-0.010115,-0.0041655
0.043359,-0.016948,-0.0022906
0.038339,-0.015057,-0.0015492
0.033674,-0.01328,-0.0010021
0.029354,-0.011618,-0.0006131
0.025369,-0.010071,-0.0003537
0.021713,-0.0086402,-0.000201
0.018374,-0.0073243,-0.00013601
0.015347,-0.0061229,-6.9369e-05
0.012621,-0.005035,4.8209e-05
0.010189,-0.0040593,0.00020657
0.0080416,-0.0031942,0.00039682
0.0086314,-0.00095713,0.00021159
0.010354,0.0040759,4.0186e-05
0.013179,0.011876,-0.00010549
0.017078,0.022407,-0.00019666
0.022029,0.035635,-0.00042198
0.028014,0.051534,-0.00089119
0.035019,0.070081,-0.0016645
0.043033,0.091262,-0.0027879
0.052044,0.11507,-0.0042915
0.062045,0.14149,-0.0061889
0.053938,0.11651,-0.0049405
0.046896,0.093372,-0.0038834
0.040951,0.072176,-0.002981
0.036136,0.053044,-0.0022103
0.032482,0.03609,-0.0015571
0.030022,0.021432,-0.0010134
0.028786,0.0091828,-0.00057549
0.028808,-0.00055025,-0.00024184
0.030117,-0.0076751,-1.2279e-05
0.032737,-0.012128,0.00011373
0.030434,-0.0070102,-0.00035999
0.029733,0.0016095,-0.0015294
0.030658,0.013728,-0.0034038
0.033221,0.029352,-0.0060312
0.037417,0.048496,-0.0094703
0.043232,0.071181,-0.013771
0.050648,0.097434,-0.018964
0.059642,0.12728,-0.025063
0.070193,0.16075,-0.032063
0.082281,0.19788,-0.039948
0.07396,0.17495,-0.019557
0.066325,0.15341,-0.0073865
0.059362,0.13323,-0.0013552
0.053059,0.11441,9.3669e-05
0.047363,0.09697,0.0026278
0.042251,0.080897,0.0082043
0.037715,0.066182,0.016342
0.03375,0.052813,0.026658
0.030348,0.040781,0.039132
0.027501,0.030076,0.053403
0.030445,0.02807,0.046101
0.033706,0.025976,0.039502
0.037282,0.023793,0.033757
0.041177,0.021518,0.028575
0.045393,0.019149,0.024022
0.049931,0.016686,0.019944
0.054793,0.014128,0.016318
0.059983,0.011473,0.013122
0.065501,0.0087224,0.010302
0.071353,0.0058751,0.0078886
0.07,0.0079967,0.011602
0.068676,0.010134,0.015938
0.067379,0.012288,0.020789
0.066109,0.014459,0.026139
0.064865,0.016651,0.031893
0.063647,0.018862,0.038051
0.062455,0.021093,0.04453
0.061289,0.023347,0.051342
0.060149,0.025622,0.05841
0.059035,0.027919,0.065755
0.052998,0.025115,0.075651
0.047268,0.022485,0.086188
0.041844,0.020023,0.097299
0.036727,0.017724,0.10902
0.031917,0.015582,0.12127
0.027416,0.013594,0.13409
0.023224,0.011754,0.14741
0.01934,0.010061,0.16128
0.015766,0.0085102,0.17561
0.012501,0.0070998,0.19045
0.018122,0.011469,0.15033
0.024466,0.016907,0.1169
0.03157,0.023416,0.088784
0.039472,0.031002,0.06517
0.048215,0.039673,0.045566
0.057839,0.049442,0.02968
0.068387,0.060323,0.017363
0.0799,0.072328,0.0085049
0.092416,0.085472,0.0030244
0.10597,0.099768,0.00082029
0.10863,0.090011,0.00076864
0.11155,0.08048,0.00068465
0.11476,0.071178,0.0003449
0.11825,0.06211,-0.00031492
0.12201,0.05328,-0.0013507
0.12606,0.04469,-0.0028074
0.13039,0.036344,-0.0047256
0.135,0.028244,-0.0071347
0.1399,0.020393,-0.010064
0.14509,0.012793,-0.01353
0.14269,0.014205,-0.01188
0.14032,0.01565,-0.010302
0.13798,0.017129,-0.008806
0.13567,0.018642,-0.0073969
0.13339,0.020187,-0.006086
0.13115,0.021764,-0.0048765
0.12893,0.023373,-0.0037788
0.12674,0.025014,-0.0027964
0.12458,0.026686,-0.0019382
0.12245,0.028388,-0.0012084
0.14833,0.030833,0.00014387
0.17742,0.033366,0.00062327
0.20988,0.035994,0.0010191
0.24585,0.038722,0.0020061
0.28549,0.041553,0.0034223
0.32891,0.04449,0.0051124
0.37624,0.047536,0.0069345
0.42758,0.050692,0.0087733
0.48303,0.05396,0.010533
0.54269,0.057338,0.012147
0.50392,0.064151,0.0057478
0.46686,0.070356,0.0023882
0.43148,0.075981,0.00072948
0.39774,0.081046,5.2982e-05
0.36562,0.085573,-0.00018128
0.33507,0.089581,-0.00065241
0.30607,0.09309,-0.0013033
0.2786,0.096118,-0.0020507
0.25263,0.098681,-0.0028419
0.22814,0.1008,-0.0036419
0.23358,0.091064,-0.0060644
0.23932,0.081559,-0.0088174
0.24536,0.072277,-0.011912
0.25169,0.063212,-0.015185
0.25831,0.054362,-0.018634
0.26522,0.045723,-0.022172
0.27241,0.037291,-0.025794
0.27989,0.029063,-0.029453
0.28764,0.021037,-0.03314
0.29567,0.013211,-0.036831
0.31322,0.014727,-0.026208
0.33127,0.01633,-0.018533
0.34981,0.018023,-0.013091
0.36886,0.019807,-0.00935
0.38841,0.021686,-0.0069155
0.40846,0.023665,-0.0054927
0.42902,0.02575,-0.004861
0.45009,0.027944,-0.0048567
0.47167,0.030255,-0.005227
0.49377,0.032689,-0.0053355
0.48166,0.012524,-0.0059178
0.47031,-0.0058269,-0.0063348
0.45969,-0.022334,-0.0075197
0.44977,-0.036972,-0.0095283
0.44053,-0.049717,-0.0124
0.43195,-0.060546,-0.01618
0.42401,-0.069439,-0.020903
0.41667,-0.076378,-0.026612
0.40992,-0.081346,-0.03334
0.40372,-0.084329,-0.04113
0.36381,-0.073091,-0.034041
0.32621,-0.062068,-0.026443
0.29088,-0.051283,-0.019142
0.2578,-0.040761,-0.01278
0.22691,-0.030521,-0.0078527
0.1982,-0.020579,-0.0047554
0.17162,-0.010948,-0.0036205
0.14722,-0.0016366,-0.0012947
0.12501,0.007349,0.0036016
0.10499,0.016009,0.011233
0.11737,0.0085029,0.017555
0.13076,0.0011334,0.024663
0.14519,-0.006082,0.032371
0.16067,-0.013121,0.040516
0.17723,-0.019957,0.04895
0.19489,-0.026561,0.057549
0.21365,-0.032902,0.066197
0.23355,-0.038949,0.074804
0.25458,-0.04467,0.083284
0.27678,-0.050037,0.091579
0.23676,-0.043306,0.10607
0.20076,-0.036554,0.12063
0.16838,-0.030781,0.13524
0.1393,-0.026631,0.14988
0.11334,-0.024071,0.16452
0.090317,-0.023066,0.17917
0.070082,-0.023586,0.19379
0.052497,-0.0256,0.2084
0.037449,-0.02908,0.22296
0.024849,-0.034001,0.23751
0.034003,-0.027858,0.19352
0.044616,-0.023012,0.15663
0.056647,-0.019504,0.12529
0.070086,-0.017368,0.098433
0.084957,-0.016622,0.075332
0.1013,-0.017278,0.055475
0.11917,-0.019333,0.038575
0.13877,-0.022011,0.024409
0.1604,-0.023805,0.012874
0.18412,-0.024699,0.0038817
0.13831,-0.018171,0.0045279
0.10031,-0.012963,0.0050345
0.069466,-0.0089031,0.0054322
0.045172,-0.0058209,0.00573
0.026815,-0.0035507,0.005948
0.013784,-0.0019275,0.0060951
0.0054572,-0.00078668,0.0061896
0.0011372,-0.00033568,0.0062426
1.6664e-05,-0.00073356,0.0062645
-0.0021941,-0.0013499,0.0063252
-0.0025179,-0.0012852,0.0063002
-0.0028678,-0.0012203,0.0062768
-0.0032442,-0.0011552,0.0062573
-0.0036478,-0.00109,0.0062395
-0.0040792,-0.0010248,0.0062252
-0.0045391,-0.00095972,0.006212
-0.0050279,-0.00089474,0.0062009
-0.0055465,-0.00082998,0.0061894
-0.0060953,-0.00076549,0.0061782
-0.0066751,-0.00070135,0.0061646
-0.0039247,-0.0017281,0.014424
-0.0017731,-0.0027901,0.026248
-0.00021635,-0.003914,0.041972
0.00069998,-0.0051226,0.062024
0.0012744,-0.0064805,0.086782
0.0026901,-0.0081558,0.11649
0.0051273,-0.010187,0.15127
0.0086826,-0.012602,0.1911
0.013451,-0.015422,0.2358
0.019523,-0.018668,0.28516
0.017246,-0.0090315,0.28064
0.014883,-0.0031746,0.27806
0.012448,-0.0010013,0.27676
0.010322,0.00091422,0.27636
0.0089074,0.0063406,0.27646
0.0081831,0.015295,0.27683
0.0081348,0.027825,0.27721
0.0087508,0.044,0.27747
0.010022,0.063909,0.27747
0.011941,0.087649,0.27716
0.010504,0.069802,0.28545
0.010501,0.053776,0.294
0.011947,0.039611,0.30271
0.014855,0.027344,0.31154
0.019226,0.017004,0.32039
0.025057,0.0086179,0.32923
0.032336,0.002203,0.33795
0.041043,-0.0022282,0.34649
0.051155,-0.0046697,0.35477
0.062546,-0.0062614,0.36271
0.0636,-0.0061235,0.3642
0.064657,-0.006013,0.36488
0.065719,-0.0059297,0.3648
0.066785,-0.0058744,0.36403
0.067858,-0.0058472,0.36265
0.068938,-0.0058483,0.3607
0.070029,-0.0058379,0.35824
0.071134,-0.0057881,0.35532
0.072253,-0.0056982,0.35198
0.073386,-0.0055678,0.34824
0.082247,-0.0063162,0.31041
0.091632,-0.0070073,0.27801
0.10151,-0.008205,0.24991
0.11188,-0.0099053,0.22523
0.12276,-0.012105,0.20337
0.13415,-0.014801,0.18383
0.14607,-0.017996,0.16628
0.15851,-0.021689,0.1504
0.1715,-0.025882,0.136
0.18503,-0.030577,0.12286
0.17934,-0.026411,0.10499
0.17368,-0.022648,0.089586
0.16806,-0.019275,0.076292
0.16248,-0.016278,0.064758
0.15693,-0.013645,0.05476
0.15144,-0.011366,0.046065
0.146,-0.0094298,0.038525
0.14061,-0.0078279,0.031978
0.13528,-0.0065515,0.026323
0.13002,-0.0055929,0.021438
0.13533,-0.0053409,0.016576
0.14073,-0.0051625,0.012489
0.14624,-0.0045697,0.0091567
0.15187,-0.0035546,0.0065513
0.15761,-0.0021121,0.0046581
0.16347,-0.00023614,0.0034558
0.16944,0.0020807,0.0029329
0.17553,0.0048469,0.002839
0.18175,0.0080734,0.0021928
0.18811,0.011769,0.00089291
0.17272,0.013884,-0.0050478
0.15798,0.016028,-0.014268
0.14389,0.018205,-0.026618
0.13047,0.020416,-0.041984
0.11772,0.022664,-0.060256
0.10565,0.024949,-0.081363
0.094263,0.027275,-0.10523
0.083568,0.029642,-0.13181
0.073567,0.032051,-0.16106
0.064265,0.034503,-0.19298
0.083276,0.026457,-0.16506
0.10509,0.019473,-0.13962
0.12975,0.013573,-0.11647
0.15734,0.0087697,-0.095563
0.18793,0.0050736,-0.076801
0.22161,0.0024904,-0.060136
0.25846,0.0010241,-0.045506
0.29856,0.00067611,-0.032858
0.34201,0.00098741,-0.02214
0.38887,0.00057946,-0.013298
0.37942,0.00075248,-0.019584
0.37003,0.00087665,-0.026349
0.36071,0.00095856,-0.03352
0.35144,0.0010029,-0.041039
0.34224,0.0010151,-0.048867
0.3331,0.00099886,-0.05697
0.32403,0.00095871,-0.06532
0.31503,0.00089745,-0.073898
0.3061,0.00081883,-0.082678
0.29724,0.00072501,-0.091651
0.33115,0.0015888,-0.12414
0.36801,0.0026777,-0.15966
0.40792,0.0040081,-0.1976
0.451,0.0055935,-0.2375
0.49732,0.0074485,-0.27891
0.54697,0.0095844,-0.32158
0.60001,0.012015,-0.36519
0.65649,0.01475,-0.40963
0.71645,0.017803,-0.45464
0.77992,0.021184,-0.50016
0.83164,0.028161,-0.46634
0.88512,0.033638,-0.44416
0.94036,0.037728,-0.42971
0.99726,0.04281,-0.42063
1.0558,0.049877,-0.41519
1.1159,0.058937,-0.41236
1.1776,0.070007,-0.41133
1.2409,0.083096,-0.41164
1.3058,0.098221,-0.41292
1.3722,0.11539,-0.415
1.3969,0.11828,-0.28825
1.4213,0.12133,-0.19913
1.4455,0.12456,-0.13504
1.4695,0.12794,-0.089216
1.4933,0.13147,-0.057672
1.5169,0.13515,-0.037896
1.5403,0.13896,-0.028163
1.5636,0.14291,-0.027088
1.5869,0.147,-0.024787
1.6102,0.15125,-0.015866
1.5157,0.13752,0.00089298
1.4264,0.12527,0.020269
1.3417,0.11439,0.041284
1.2615,0.1048,0.063374
1.1854,0.096404,0.086113
1.1131,0.089148,0.10923
1.0445,0.08297,0.13246
0.97937,0.077813,0.15565
0.91746,0.073632,0.1786
0.85864,0.070073,0.20127
0.86665,0.070013,0.14403
0.87533,0.067877,0.10205
0.88453,0.063691,0.069898
0.89417,0.057481,0.044457
0.90419,0.049275,0.023793
0.91456,0.039097,0.0067116
0.92527,0.026974,-0.0075577
0.93629,0.012927,-0.019527
0.94762,-0.0030179,-0.029535
0.95927,-0.020841,-0.037829
0.92421,-0.012263,-0.041167
0.89021,-0.004258,-0.043563
0.85725,0.0031902,-0.045176
0.82527,0.010093,-0.046139
0.79424,0.016463,-0.04655
0.76412,0.022309,-0.046496
0.73489,0.027641,-0.046117
0.70649,0.032462,-0.045878
0.67888,0.03678,-0.045813
0.65205,0.040603,-0.045881
0.64033,0.032473,-0.046562
0.62884,0.02351,-0.046959
0.6176,0.013718,-0.047082
0.60661,0.0031038,-0.046965
0.59585,-0.00833,-0.046657
0.58534,-0.020578,-0.046204
0.57507,-0.033638,-0.045654
0.56504,-0.047504,-0.045049
0.55526,-0.062175,-0.044432
0.54571,-0.077644,-0.043839
0.54997,-0.063128,-0.04839
0.55411,-0.049434,-0.057047
0.55814,-0.036522,-0.069508
0.56205,-0.024353,-0.085524
0.56586,-0.012895,-0.1049
0.56955,-0.002119,-0.12746
0.57313,0.0079994,-0.15305
0.57663,0.017483,-0.18151
0.58005,0.026353,-0.21273
0.58342,0.034626,-0.24662
0.55517,0.037325,-0.22629
0.52775,0.039572,-0.21033
0.50122,0.041412,-0.19729
0.4756,0.042876,-0.18634
0.4509,0.043991,-0.17688
0.42712,0.04478,-0.16856
0.40425,0.045261,-0.16109
0.38227,0.04545,-0.15432
0.36114,0.045361,-0.1481
0.34087,0.045009,-0.14236
0.35613,0.045713,-0.1386
0.37186,0.046251,-0.13415
0.38803,0.046617,-0.1292
0.40463,0.046808,-0.12389
0.42166,0.04682,-0.11836
0.43909,0.046649,-0.11273
0.45693,0.046292,-0.10709
0.47517,0.045745,-0.10151
0.4938,0.045005,-0.096074
0.51283,0.044067,-0.090814
0.54363,0.052854,-0.11844
0.57543,0.061775,-0.14993
0.60825,0.070849,-0.18492
0.64216,0.080094,-0.22313
0.67717,0.089522,-0.26434
0.71332,0.099142,-0.30842
0.75062,0.10896,-0.35522
0.7891,0.11899,-0.40466
0.82877,0.12923,-0.45659
0.86964,0.1397,-0.51097
0.84277,0.13717,-0.53406
0.81668,0.13469,-0.55388
0.7913,0.13223,-0.57104
0.76658,0.12979,-0.58615
0.74248,0.12734,-0.59943
0.71898,0.1249,-0.61124
0.69604,0.12244,-0.62164
0.67365,0.11998,-0.63086
0.65179,0.1175,-0.6389
0.63045,0.11501,-0.64594
0.63144,0.11925,-0.67377
0.63283,0.12219,-0.70082
0.63461,0.12387,-0.72704
0.6365,0.12564,-0.75258
0.63823,0.1287,-0.77734
0.6398,0.13301,-0.80146
0.6412,0.13855,-0.82479
0.64244,0.1453,-0.84746
0.64349,0.15323,-0.86931
0.64436,0.16232,-0.89047
0.7072,0.18628,-0.7926
0.77119,0.21133,-0.71567
0.8367,0.23764,-0.65299
0.90396,0.26531,-0.60045
0.97311,0.29438,-0.55535
1.0443,0.32492,-0.51583
1.1175,0.35692,-0.48076
1.1928,0.39043,-0.44927
1.2702,0.42542,-0.4209
1.3498,0.46191,-0.39521
1.2373,0.46469,-0.35632
1.1285,0.46937,-0.31743
1.0233,0.47582,-0.28031
0.9218,0.48397,-0.24564
0.82408,0.49376,-0.21371
0.73019,0.50516,-0.18446
0.64018,0.51814,-0.15788
0.55409,0.53268,-0.1338
0.47198,0.54879,-0.11215
0.39387,0.56645,-0.092771
0.41831,0.52266,-0.072865
0.44223,0.48305,-0.059051
0.46576,0.44728,-0.049281
0.48897,0.41504,-0.042308
0.51193,0.38606,-0.037384
0.53468,0.36012,-0.033981
0.55725,0.33701,-0.031768
0.57967,0.31655,-0.030476
0.60197,0.29859,-0.029931
0.62416,0.283,-0.029963
0.56228,0.25995,-0.029218
0.50492,0.23929,-0.029636
0.45183,0.22078,-0.030458
0.40272,0.20423,-0.031364
0.35733,0.18947,-0.032241
0.31543,0.17636,-0.033037
0.2768,0.16477,-0.03375
0.24121,0.1546,-0.034374
0.20848,0.14576,-0.034926
0.17843,0.13816,-0.035405
0.22097,0.13404,-0.031967
0.26638,0.13244,-0.029886
0.31465,0.13338,-0.028861
0.36577,0.13689,-0.028661
0.41972,0.14299,-0.029127
0.47651,0.15171,-0.030129
0.53612,0.16306,-0.031579
0.59854,0.17707,-0.033401
0.66377,0.19376,-0.035548
0.7318,0.21315,-0.037979
0.65366,0.19122,-0.042114
0.5807,0.17064,-0.046659
0.51281,0.15127,-0.051095
0.44985,0.13305,-0.055256
0.39169,0.11594,-0.059109
0.33818,0.099885,-0.062666
0.28919,0.084841,-0.065953
0.2446,0.070761,-0.068995
0.20428,0.057603,-0.071812
0.1681,0.045321,-0.074423
0.18458,0.053958,-0.05354
0.20203,0.061595,-0.0374
0.22046,0.068251,-0.025417
0.23944,0.075334,-0.017149
0.25866,0.083862,-0.012235
0.27811,0.093852,-0.010361
0.29781,0.10534,-0.01036
0.31787,0.11841,-0.0083053
0.33826,0.13307,-0.0039452
0.35898,0.14935,0.0025453
0.39299,0.14912,-0.011303
0.4281,0.15179,-0.015047
0.4641,0.1572,-0.023191
0.5011,0.16537,-0.039385
0.53933,0.17638,-0.062723
0.57927,0.18941,-0.092528
0.62212,0.2014,-0.12827
0.66813,0.21213,-0.16957
0.71743,0.22168,-0.21612
0.77012,0.23008,-0.2677
0.73954,0.23022,-0.19609
0.71032,0.22883,-0.14444
0.68254,0.22591,-0.10597
0.65623,0.22145,-0.076913
0.63138,0.21541,-0.054944
0.60754,0.20896,-0.038639
0.58388,0.20445,-0.027052
0.5603,0.20195,-0.019538
0.53674,0.20147,-0.015604
0.51314,0.20305,-0.014314
0.46559,0.18707,-0.013407
0.42116,0.17155,-0.013166
0.37971,0.15651,-0.01355
0.34113,0.14196,-0.014243
0.30528,0.12793,-0.015082
0.27206,0.11446,-0.015974
0.24134,0.10157,-0.016875
0.213,0.089329,-0.017754
0.18694,0.077773,-0.018599
0.16303,0.066964,-0.019395
0.16176,0.074265,-0.016841
0.15966,0.083754,-0.014638
0.15673,0.095428,-0.01275
0.15297,0.10928,-0.011143
0.14836,0.12531,-0.0097909
0.14291,0.1435,-0.0086694
0.1366,0.16385,-0.0077589
0.12943,0.18636,-0.0070393
0.12139,0.21102,-0.0064951
0.11247,0.23783,-0.00611
0.12136,0.19605,-0.0069911
0.12886,0.16041,-0.0083891
0.13502,0.13055,-0.010161
0.13985,0.10612,-0.012218
0.14336,0.086825,-0.014501
0.14554,0.072403,-0.016975
0.14637,0.062627,-0.019619
0.1458,0.057311,-0.022419
0.14406,0.055578,-0.025369
0.14348,0.051121,-0.028448
0.13155,0.049673,-0.031034
0.12066,0.047122,-0.034135
0.11069,0.043711,-0.037735
0.10089,0.041278,-0.041835
0.091077,0.040213,-0.046427
0.081232,0.040493,-0.051508
0.071334,0.042101,-0.057073
0.061362,0.045026,-0.063122
0.051297,0.049262,-0.069649
0.04112,0.054811,-0.076662
0.06353,0.054787,-0.11165
0.088632,0.057036,-0.15305
0.11648,0.061646,-0.20068
0.14714,0.068714,-0.25425
0.18066,0.078345,-0.31325
0.21709,0.090639,-0.37717
0.25647,0.10569,-0.44536
0.299,0.12327,-0.51734
0.34552,0.14148,-0.59249
0.39624,0.16002,-0.67051
0.35199,0.14519,-0.58772
0.31033,0.12982,-0.52056
0.27129,0.11423,-0.46375
0.23425,0.10027,-0.41445
0.19913,0.088369,-0.37068
0.16601,0.078533,-0.33132
0.13498,0.070774,-0.29552
0.10611,0.065103,-0.26276
0.079445,0.061532,-0.23265
0.055054,0.060074,-0.2049
0.079326,0.067767,-0.17503
0.10687,0.077077,-0.14883
0.13775,0.088057,-0.12579
0.17204,0.10075,-0.1055
0.20982,0.11521,-0.087688
0.25116,0.13148,-0.072092
0.29614,0.1496,-0.05853
0.34482,0.16961,-0.046785
0.39728,0.19154,-0.036698
0.45357,0.21544,-0.028081
0.4113,0.19477,-0.02622
0.37184,0.17557,-0.023604
0.33504,0.15776,-0.020629
0.30079,0.14126,-0.017543
0.26898,0.126,-0.014531
0.23949,0.11192,-0.011693
0.21222,0.098959,-0.0091065
0.18706,0.087053,-0.0068066
0.16393,0.076151,-0.0048217
0.14273,0.0662,-0.0031587
0.14448,0.069707,-0.0023291
0.14568,0.074584,-0.0015475
0.14634,0.08084,-0.00083772
0.14649,0.088484,-0.00021833
0.14613,0.097526,0.0002956
0.14528,0.10797,0.00069255
0.14395,0.11983,0.00096407
0.14214,0.13311,0.0011019
0.13987,0.14781,0.0012716
0.13713,0.16395,0.0016018
0.138,0.15704,-0.00046401
0.13884,0.15016,-0.0082097
0.13962,0.14335,-0.021413
0.14032,0.13667,-0.039261
0.14092,0.13017,-0.061396
0.14143,0.12387,-0.087265
0.14181,0.11781,-0.11676
0.14208,0.11203,-0.14947
0.14221,0.10654,-0.18536
0.1422,0.10137,-0.22415
0.15967,0.1145,-0.21676
0.17845,0.12855,-0.21053
0.19858,0.14354,-0.2053
0.22011,0.1595,-0.20096
0.24308,0.17642,-0.19734
0.26752,0.19435,-0.19438
0.29347,0.21329,-0.19191
0.32094,0.23326,-0.1899
0.34996,0.25428,-0.1882
0.38054,0.27637,-0.18681
0.37653,0.25329,-0.20617
0.37175,0.23302,-0.22327
0.36619,0.21548,-0.23839
0.35984,0.20057,-0.25197
0.3527,0.18821,-0.26413
0.34476,0.17833,-0.27518
0.336,0.17086,-0.28513
0.3265,0.1656,-0.29422
0.31775,0.15948,-0.30242
0.31034,0.15131,-0.30992
0.29109,0.1448,-0.25413
0.27304,0.13795,-0.21101
0.2561,0.13079,-0.17672
0.24021,0.12336,-0.14894
0.22509,0.1161,-0.12603
0.21035,0.1097,-0.1069
0.19597,0.1041,-0.090739
0.18194,0.099258,-0.076987
0.16825,0.09514,-0.065205
0.1549,0.091707,-0.055064
0.17338,0.1056,-0.034735
0.19257,0.12055,-0.0197
0.21243,0.13652,-0.009456
0.23291,0.15347,-0.0035631
0.25398,0.17139,-0.0016185
0.27561,0.19026,-0.00054062
0.29781,0.21007,0.0036699
0.32055,0.23083,0.010743
0.34381,0.25252,0.020403
0.36759,0.27515,0.032393
0.33908,0.24465,0.026961
0.31126,0.21648,0.023062
0.28421,0.19053,0.020113
0.25798,0.16674,0.017763
0.23263,0.14504,0.015813
0.20819,0.12537,0.014126
0.18472,0.10765,0.01263
0.16227,0.091843,0.011265
0.14087,0.077884,0.010006
0.12057,0.065723,0.0088271
0.10562,0.057782,0.0028056
0.09207,0.050575,-0.00025528
0.079804,0.044046,-0.001246
0.068723,0.038139,-0.0015061
0.058728,0.032798,-0.0027151
0.049744,0.027984,-0.0046325
0.041704,0.023664,-0.0070257
0.034545,0.019807,-0.0097293
0.028207,0.01638,-0.012612
0.022632,0.013357,-0.015586
0.027915,0.017776,-0.024261
0.033606,0.023249,-0.035348
0.039692,0.029854,-0.048995
0.046162,0.037667,-0.065322
0.053005,0.046763,-0.084363
0.060212,0.057214,-0.10615
0.067773,0.069092,-0.1306
0.075683,0.082464,-0.1577
0.083933,0.097395,-0.18732
0.092525,0.11395,-0.21939
0.093543,0.10807,-0.19784
0.09447,0.10236,-0.17956
0.095298,0.096862,-0.16371
0.096019,0.091592,-0.1498
0.096627,0.086582,-0.13708
0.097111,0.081851,-0.12563
0.097461,0.077422,-0.11496
0.097666,0.073309,-0.10518
0.097718,0.069534,-0.096021
0.097604,0.066108,-0.087532
0.08599,0.058995,-0.078008
0.075082,0.052336,-0.069623
0.064885,0.04613,-0.06216
0.055399,0.040377,-0.055488
0.046626,0.035074,-0.04949
0.038563,0.030222,-0.044077
0.031211,0.02582,-0.039182
0.024567,0.021867,-0.034742
0.018628,0.018363,-0.030717
0.013391,0.015307,-0.02706
0.015323,0.018626,-0.043432
0.017322,0.022324,-0.064114
0.019382,0.02642,-0.089236
0.0215,0.030934,-0.11885
0.023672,0.035884,-0.15293
0.025896,0.041293,-0.19141
0.028171,0.047179,-0.23416
0.030497,0.053563,-0.28106
0.032873,0.060465,-0.33186
0.0353,0.067902,-0.38647
0.044492,0.072888,-0.33331
0.054023,0.078021,-0.28726
0.063914,0.08333,-0.24694
0.074181,0.08884,-0.21148
0.08484,0.094569,-0.18021
0.095907,0.10054,-0.15254
0.10739,0.10675,-0.1281
0.11931,0.11323,-0.1065
0.13168,0.11999,-0.087526
0.1445,0.12704,-0.070896
0.13992,0.12996,-0.084225
0.13517,0.13316,-0.097277
0.13025,0.13664,-0.10997
0.12516,0.1404,-0.1222
0.1199,0.14445,-0.13395
0.11447,0.14878,-0.1452
0.10886,0.15339,-0.15594
0.10309,0.15829,-0.16621
0.097148,0.16348,-0.17601
0.091036,0.16895,-0.18537
0.085496,0.1523,-0.13536
0.080073,0.136,-0.097845
0.074763,0.12019,-0.069453
0.069554,0.10503,-0.047938
0.064428,0.090622,-0.031774
0.059366,0.077085,-0.019832
0.054345,0.064519,-0.011313
0.04934,0.05302,-0.0055814
0.044324,0.042685,-0.002163
0.039269,0.033609,-0.00066291
0.044704,0.041534,-0.0029202
0.050308,0.050572,-0.0082168
0.056069,0.06077,-0.016663
0.061976,0.072175,-0.028276
0.068019,0.084835,-0.042995
0.074189,0.098793,-0.060666
0.080475,0.11409,-0.081074
0.086873,0.13077,-0.10396
0.093373,0.14886,-0.12902
0.099973,0.16839,-0.15599
0.071458,0.15334,-0.19862
0.045711,0.13992,-0.2449
0.022702,0.12815,-0.2946
0.0024008,0.11804,-0.34765
-0.015218,0.1096,-0.40384
-0.030175,0.10284,-0.4632
-0.042487,0.097791,-0.52552
-0.052169,0.094463,-0.59087
-0.059226,0.092882,-0.65899
-0.063664,0.093068,-0.73001
-0.062159,0.093584,-0.59607
-0.060358,0.094087,-0.48757
-0.058246,0.094641,-0.3978
-0.055812,0.09529,-0.32267
-0.053048,0.096063,-0.25937
-0.049948,0.096984,-0.20574
-0.046507,0.098071,-0.16041
-0.04272,0.099337,-0.12214
-0.038585,0.10079,-0.090198
-0.0341,0.10245,-0.063817
-0.048245,0.12223,-0.059842
-0.063943,0.14415,-0.055782
-0.081208,0.16825,-0.051688
-0.10005,0.19456,-0.047525
-0.12048,0.22308,-0.043348
-0.14251,0.25385,-0.039155
-0.16615,0.28689,-0.035008
-0.19139,0.32221,-0.030932
-0.21825,0.35982,-0.026988
-0.24672,0.39974,-0.023212
-0.24363,0.38224,-0.024646
-0.23919,0.36604,-0.02532
-0.23338,0.35116,-0.025395
-0.22618,0.33759,-0.024993
-0.21857,0.32467,-0.02423
-0.21265,0.31099,-0.023193
-0.20847,0.29649,-0.021958
-0.20605,0.28116,-0.020583
-0.20538,0.26498,-0.019117
-0.20648,0.24795,-0.017599
-0.18465,0.23087,-0.025894
-0.16484,0.21455,-0.035525
-0.14703,0.19884,-0.046404
-0.13118,0.18362,-0.058458
-0.11725,0.16878,-0.071634
-0.10522,0.1542,-0.08589
-0.094982,0.13985,-0.10119
-0.084777,0.12682,-0.1175
-0.073878,0.1155,-0.13479
-0.062232,0.10587,-0.15305
-0.071511,0.11596,-0.16403
-0.081021,0.12684,-0.17601
-0.09077,0.1385,-0.18901
-0.10076,0.15096,-0.20308
-0.11101,0.16421,-0.21821
-0.12151,0.17826,-0.23446
-0.13227,0.19311,-0.25181
-0.1433,0.20876,-0.2703
-0.15482,0.22506,-0.2899
-0.16702,0.24188,-0.31067
-0.15485,0.22186,-0.24665
-0.1437,0.20243,-0.19332
-0.13354,0.18359,-0.14873
-0.12435,0.16532,-0.11157
-0.11608,0.14763,-0.080892
-0.10872,0.13051,-0.055932
-0.10225,0.11395,-0.036158
-0.096629,0.09796,-0.021101
-0.091854,0.082525,-0.010424
-0.087907,0.067643,-0.0038215
-0.085732,0.082797,-0.0042322
-0.085517,0.097238,-0.0045573
-0.087273,0.11098,-0.0048138
-0.091016,0.12405,-0.0050086
-0.096765,0.13646,-0.0051581
-0.10444,0.1483,-0.0052687
-0.11179,0.16117,-0.005342
-0.1179,0.17577,-0.0053772
-0.12276,0.19212,-0.005384
-0.12639,0.21024,-0.005366
-0.13425,0.21061,-0.011045
-0.14119,0.21184,-0.01907
-0.1472,0.2139,-0.029046
-0.15228,0.21677,-0.040679
-0.15641,0.22042,-0.053754
-0.15987,0.22464,-0.068102
-0.16413,0.22837,-0.083601
-0.1694,0.23141,-0.10015
-0.17569,0.23376,-0.11766
-0.183,0.2354,-0.13607
-0.15698,0.19287,-0.15118
-0.13428,0.1543,-0.16802
-0.11476,0.11944,-0.18641
-0.098263,0.088087,-0.20626
-0.084675,0.060047,-0.22747
-0.073881,0.035155,-0.24998
-0.065788,0.01327,-0.27371
-0.06032,-0.0057227,-0.29867
-0.057421,-0.021908,-0.32476
-0.057056,-0.035343,-0.352
-0.054241,-0.023502,-0.36561
-0.053391,-0.010057,-0.37867
-0.054489,0.0049967,-0.39117
-0.057522,0.021655,-0.40324
-0.06248,0.039907,-0.41483
-0.069363,0.059734,-0.42602
-0.078171,0.081112,-0.43676
-0.088912,0.10401,-0.44711
-0.1016,0.12841,-0.457
-0.11625,0.15428,-0.46649
-0.10067,0.12986,-0.37614
-0.086296,0.10705,-0.30448
-0.073243,0.085921,-0.24651
-0.061615,0.06655,-0.19897
-0.051491,0.048985,-0.15968
-0.042939,0.033269,-0.12701
-0.036018,0.019436,-0.099843
-0.030781,0.0075174,-0.07724
-0.027269,-0.0024615,-0.058544
-0.02552,-0.010474,-0.043142
-0.024585,-0.0070578,-0.047549
-0.023953,-0.0034803,-0.051827
-0.023622,0.0002568,-0.056005
-0.02359,0.0041522,-0.060049
-0.023856,0.0082033,-0.06398
-0.024418,0.012407,-0.067772
-0.025275,0.016761,-0.071438
-0.026428,0.021261,-0.074953
-0.027875,0.025902,-0.078323
-0.029618,0.030682,-0.081526
-0.024596,0.030185,-0.070397
-0.021149,0.028632,-0.061528
-0.018905,0.02632,-0.054347
-0.015561,0.024983,-0.048384
-0.010745,0.024918,-0.043303
-0.0044647,0.026132,-0.038835
0.0032715,0.028633,-0.034796
0.012456,0.032423,-0.031053
0.023081,0.037504,-0.02754
0.035141,0.043874,-0.024221
0.042496,0.048695,-0.019377
0.05048,0.053959,-0.015082
0.059114,0.059687,-0.01133
0.068418,0.065896,-0.0081077
0.078413,0.072608,-0.0054076
0.089117,0.079843,-0.0032173
0.10055,0.087621,-0.0015285
0.11273,0.095964,-0.00032839
0.12568,0.10489,0.00039329
0.13941,0.11443,0.00065287
0.13218,0.11437,0.0011713
0.12441,0.11509,0.0028476
0.11609,0.11658,0.0056892
0.10727,0.11886,0.0096991
0.097936,0.12194,0.01487
0.08811,0.12582,0.021198
0.077792,0.13051,0.028666
0.066986,0.13603,0.037263
0.05569,0.14239,0.046968
0.0439,0.14961,0.057766
0.023606,0.16681,0.041777
0.0013089,0.18694,0.028883
-0.023057,0.21011,0.018553
-0.049571,0.23646,0.010393
-0.078322,0.26609,0.0040872
-0.1094,0.29912,-0.00061515
-0.14288,0.33564,-0.0039242
-0.17886,0.37575,-0.0060144
-0.21741,0.41953,-0.007143
-0.25858,0.467,-0.0088321
-0.27575,0.5002,-0.011913
-0.29356,0.53463,-0.016641
-0.31202,0.57028,-0.022913
-0.33111,0.60713,-0.030651
-0.35083,0.64517,-0.039766
-0.37115,0.68437,-0.050192
-0.39207,0.72472,-0.061851
-0.41355,0.76617,-0.074678
-0.43559,0.80871,-0.088596
-0.45816,0.85231,-0.10354
-0.47712,0.87489,-0.11829
-0.49597,0.89722,-0.13482
-0.5147,0.91928,-0.15292
-0.53328,0.94104,-0.17248
-0.55172,0.96249,-0.19333
-0.56997,0.98359,-0.21541
-0.58805,1.0043,-0.23861
-0.60592,1.0247,-0.26287
-0.62358,1.0446,-0.28811
-0.64101,1.0641,-0.31432
-0.61875,1.0574,-0.30241
-0.597,1.052,-0.29211
-0.57572,1.0479,-0.28275
-0.55485,1.0449,-0.27403
-0.53434,1.0431,-0.26571
-0.51416,1.0422,-0.25772
-0.49427,1.0423,-0.24995
-0.47464,1.0433,-0.2424
-0.45523,1.0452,-0.23503
-0.43602,1.0478,-0.22784
-0.38713,1.0133,-0.15374
-0.34013,0.98233,-0.10314
-0.29475,0.95454,-0.067802
-0.25074,0.92966,-0.043369
-0.20789,0.90745,-0.027356
-0.16602,0.88768,-0.018202
-0.12499,0.87018,-0.014865
-0.084675,0.85484,-0.012971
-0.04498,0.8416,-0.0067495
-0.005804,0.83034,0.0034118
-0.01159,0.83894,-0.0096755
-0.017504,0.84815,-0.015053
-0.023537,0.85788,-0.016512
-0.029674,0.86802,-0.018885
-0.035915,0.87855,-0.022792
-0.042259,0.88947,-0.027741
-0.048711,0.90078,-0.033449
-0.055271,0.91248,-0.039737
-0.06194,0.92456,-0.046483
-0.068719,0.93703,-0.05359
-0.057435,0.90563,-0.050947
-0.04697,0.87472,-0.0499
-0.037288,0.84432,-0.049772
-0.02835,0.81441,-0.050204
-0.020123,0.785,-0.050993
-0.012573,0.75609,-0.052022
-0.0056692,0.72768,-0.053218
0.00062133,0.69977,-0.054538
0.0063262,0.67236,-0.055954
0.011476,0.64544,-0.057449
0.041399,0.63699,-0.091593
0.071573,0.62872,-0.13081
0.10195,0.62071,-0.17367
0.1325,0.61301,-0.21941
0.16317,0.60567,-0.26761
0.19395,0.59873,-0.31805
0.2248,0.59222,-0.37052
0.25569,0.58616,-0.42491
0.2866,0.5806,-0.481
0.3175,0.57556,-0.53873
0.29802,0.5478,-0.48968
0.27873,0.52098,-0.45255
0.25967,0.49517,-0.42275
0.24086,0.47038,-0.39783
0.22235,0.44661,-0.37617
0.20415,0.42384,-0.35689
0.18632,0.40204,-0.33934
0.16886,0.3812,-0.32316
0.15181,0.36128,-0.30807
0.13519,0.34227,-0.29389
0.12798,0.33153,-0.28973
0.12121,0.32098,-0.28823
0.11484,0.31061,-0.28879
0.10886,0.30045,-0.29099
0.10323,0.29047,-0.29453
0.097938,0.28068,-0.29922
0.092952,0.27107,-0.30489
0.088258,0.26164,-0.31144
0.083839,0.25237,-0.3188
0.079677,0.24327,-0.3269
0.08037,0.23541,-0.30413
0.080931,0.22798,-0.28077
0.081372,0.22092,-0.25733
0.081704,0.21421,-0.23422
0.081936,0.2078,-0.21172
0.082075,0.20167,-0.19003
0.08213,0.1958,-0.16924
0.082107,0.19015,-0.14952
0.082008,0.18473,-0.13053
0.081844,0.1795,-0.11281
0.093469,0.20937,-0.12273
0.10602,0.24178,-0.13311
0.11952,0.27678,-0.14356
0.134,0.31439,-0.15447
0.14947,0.35464,-0.16564
0.16595,0.39754,-0.17725
0.18346,0.4431,-0.18939
0.20202,0.49135,-0.202
0.22165,0.54228,-0.21524
0.24235,0.59592,-0.22896
0.22656,0.54573,-0.16356
0.21127,0.49764,-0.11488
0.19647,0.45178,-0.078848
0.18216,0.40818,-0.052863
0.16834,0.36686,-0.035393
0.15501,0.32776,-0.025281
0.14218,0.2909,-0.021046
0.12982,0.25686,-0.013756
0.11794,0.22572,-0.0012706
0.10655,0.19738,0.016064
0.099863,0.21665,-0.0017174
0.091884,0.23821,-0.013336
0.082609,0.26201,-0.019564
0.07203,0.28791,-0.022813
0.060145,0.31538,-0.029935
0.046937,0.34444,-0.041169
0.032394,0.37512,-0.056188
0.016504,0.40745,-0.074705
-0.00074317,0.44146,-0.096511
-0.019358,0.47717,-0.12142
-0.0088928,0.47628,-0.14198
0.0017367,0.47539,-0.1625
0.012527,0.47452,-0.18291
0.023473,0.47369,-0.20319
0.03457,0.47289,-0.22333
0.045814,0.47214,-0.24335
0.057201,0.47145,-0.26322
0.068725,0.47082,-0.28297
0.080383,0.47025,-0.30256
0.09217,0.46977,-0.32199
0.065265,0.49062,-0.36486
0.037284,0.51292,-0.40713
0.0082485,0.53665,-0.44878
-0.021821,0.56177,-0.48991
-0.0529,0.58823,-0.53044
-0.084962,0.616,-0.57047
-0.11798,0.64504,-0.60984
-0.15192,0.6753,-0.64865
-0.18675,0.70675,-0.68666
-0.22245,0.73934,-0.72395
-0.28444,0.77775,-0.56193
-0.34667,0.8163,-0.44053
-0.40919,0.85586,-0.34602
-0.47204,0.89693,-0.27074
-0.53528,0.93976,-0.21058
-0.59893,0.98453,-0.1625
-0.66303,1.0314,-0.12492
-0.7276,1.0803,-0.096533
-0.79268,1.1315,-0.076593
-0.85826,1.185,-0.064411
-0.73328,1.0589,-0.058557
-0.61806,0.94593,-0.053485
-0.51171,0.84485,-0.049278
-0.41346,0.75467,-0.045937
-0.32266,0.67451,-0.043443
-0.23874,0.60363,-0.041766
-0.16119,0.54137,-0.040864
-0.089565,0.48718,-0.040691
-0.023482,0.44056,-0.041216
0.037409,0.40108,-0.042407
0.023615,0.40909,-0.091235
0.0093615,0.41662,-0.15986
-0.0052958,0.42394,-0.24395
-0.020318,0.43122,-0.34059
-0.035676,0.43857,-0.44762
-0.051348,0.44609,-0.5638
-0.067315,0.45384,-0.68775
-0.083563,0.46187,-0.81907
-0.10008,0.47022,-0.95651
-0.11684,0.47892,-1.1002
-0.098541,0.46249,-1.0552
-0.081344,0.44658,-1.0273
-0.065099,0.43135,-1.0104
-0.049683,0.41687,-1.0001
-0.035015,0.40316,-0.99421
-0.021023,0.39022,-0.99098
-0.0076559,0.37803,-0.98957
0.0051364,0.36656,-0.98927
0.017392,0.35578,-0.98972
0.029148,0.34566,-0.99062
0.069324,0.34091,-0.72987
0.10763,0.33671,-0.53508
0.1444,0.33362,-0.38578
0.17987,0.33192,-0.27007
0.21419,0.33175,-0.18106
0.2475,0.33323,-0.11365
0.27989,0.3364,-0.064845
0.31144,0.34132,-0.032153
0.34221,0.34802,-0.013987
0.37224,0.35655,-0.0088581
0.34603,0.33031,-0.0096944
0.32099,0.30547,-0.014245
0.29711,0.28197,-0.021101
0.27434,0.25976,-0.029425
0.25267,0.2388,-0.038793
0.23206,0.21902,-0.048959
0.21249,0.20038,-0.059801
0.19393,0.18284,-0.071251
0.17635,0.16634,-0.083268
0.15973,0.15086,-0.095839
0.1697,0.15637,-0.051136
0.1797,0.16202,-0.022462
0.18971,0.16789,-0.0066728
0.19975,0.17403,-0.0015755
0.20983,0.18053,0.002674
0.21997,0.18742,0.014797
0.23016,0.19468,0.033835
0.24041,0.20228,0.059025
0.25071,0.21019,0.089723
0.26106,0.21841,0.1254
0.22935,0.19327,0.072631
0.19892,0.17113,0.038283
0.16967,0.15192,0.016821
0.14151,0.1356,0.0049167
0.11436,0.12211,0.00045677
0.088155,0.11145,-0.0012339
0.062816,0.10363,-0.0077604
0.038295,0.098632,-0.018815
0.014557,0.09645,-0.033985
-0.0084239,0.097066,-0.053027
-0.012156,0.11803,-0.061445
-0.016714,0.1416,-0.070439
-0.022162,0.16787,-0.079898
-0.02856,0.19696,-0.089757
-0.035961,0.22895,-0.099908
-0.044411,0.26393,-0.1103
-0.053951,0.30195,-0.12085
-0.064612,0.34309,-0.13153
-0.076421,0.38739,-0.14226
-0.089392,0.43486,-0.15309
-0.089457,0.40515,-0.11231
-0.089095,0.37664,-0.082154
-0.088336,0.34928,-0.059276
-0.087203,0.32305,-0.041677
-0.08572,0.29793,-0.028067
-0.083911,0.2739,-0.017601
-0.081798,0.25097,-0.0097107
-0.079402,0.22911,-0.0039859
-0.076743,0.20833,-0.00013486
-0.073842,0.18861,0.002066
-0.063182,0.20071,0.002955
-0.051269,0.21422,0.0033427
-0.038087,0.22916,0.0034825
-0.023617,0.24555,0.0037849
-0.0078355,0.26344,0.0042034
0.0092843,0.28283,0.0046644
0.02777,0.30376,0.005115
0.047653,0.32622,0.0055138
0.068965,0.35023,0.0058341
0.091737,0.3758,0.006054
0.045383,0.40865,0.0056705
-0.0045257,0.44623,0.0056724
-0.057989,0.48854,0.0059253
-0.11501,0.53557,0.0063704
-0.17558,0.58734,0.0069967
-0.23971,0.64385,0.007801
-0.30741,0.70509,0.008793
-0.37868,0.77109,0.0099667
-0.45353,0.84186,0.011323
-0.53199,0.91741,0.012842
-0.42445,0.81742,0.0031674
-0.32513,0.72858,-0.0005099
-0.23339,0.65012,-0.00971
-0.14866,0.58137,-0.022716
-0.070478,0.52175,-0.038317
0.0015768,0.47076,-0.055801
0.067856,0.42797,-0.074695
0.12866,0.39303,-0.094705
0.18425,0.36562,-0.1156
0.23483,0.34548,-0.13725
0.23684,0.33519,-0.16854
0.23867,0.32525,-0.20299
0.24032,0.31564,-0.2404
0.24179,0.30632,-0.28068
0.24309,0.29726,-0.32359
0.24421,0.28844,-0.36909
0.24518,0.27983,-0.41691
0.24597,0.2714,-0.46706
0.2466,0.26315,-0.51926
0.24707,0.25505,-0.57355
0.24491,0.25659,-0.49748
0.24244,0.25782,-0.43573
0.23971,0.2588,-0.38415
0.23674,0.25959,-0.34027
0.23354,0.2602,-0.30228
0.23015,0.26065,-0.26895
0.22656,0.26098,-0.23944
0.2228,0.26117,-0.21306
0.21887,0.26126,-0.18939
0.21478,0.26124,-0.16801
0.22963,0.27909,-0.1995
0.24511,0.29772,-0.22883
0.26122,0.31715,-0.25569
0.27795,0.33739,-0.27995
0.2953,0.35845,-0.30168
0.31327,0.38032,-0.32104
0.33185,0.40299,-0.3382
0.35103,0.42646,-0.35337
0.37082,0.45073,-0.36672
0.39122,0.47579,-0.37843
0.40786,0.47384,-0.28919
0.42407,0.47203,-0.22413
0.43985,0.4706,-0.17499
0.45519,0.46966,-0.13692
0.47009,0.46929,-0.10696
0.48455,0.46953,-0.083158
0.49858,0.47041,-0.064276
0.51217,0.47194,-0.049393
0.52532,0.47414,-0.037903
0.53803,0.47701,-0.029309
0.52663,0.49013,-0.051108
0.51145,0.50747,-0.079891
0.49247,0.5291,-0.11404
0.46968,0.55505,-0.15259
0.44309,0.58537,-0.195
0.41267,0.62005,-0.24093
0.37841,0.65913,-0.29017
0.34031,0.7026,-0.34264
0.29833,0.75049,-0.39817
0.25247,0.80279,-0.45675
0.31386,0.79183,-0.38049
0.37392,0.78201,-0.32125
0.43254,0.77371,-0.27306
0.48966,0.76716,-0.23273
0.54519,0.76256,-0.19831
0.59907,0.76005,-0.16866
0.65124,0.75975,-0.14303
0.70165,0.76178,-0.1209
0.75027,0.76624,-0.10193
0.79705,0.77319,-0.085846
0.7382,0.74771,-0.080062
0.67988,0.72493,-0.074859
0.62206,0.70479,-0.070209
0.5647,0.68725,-0.066052
0.50775,0.67226,-0.062352
0.45119,0.65978,-0.059056
0.39499,0.64978,-0.056132
0.33911,0.64222,-0.053538
0.28353,0.63708,-0.051247
0.22822,0.63434,-0.049226
0.24011,0.63221,-0.081329
0.25197,0.63003,-0.12096
0.26379,0.62788,-0.16585
0.27558,0.62579,-0.21481
0.28734,0.62377,-0.26718
0.29907,0.62183,-0.3226
0.31076,0.61997,-0.38079
0.32241,0.61819,-0.4416
0.33403,0.61651,-0.50477
0.34561,0.61491,-0.57023
0.32487,0.56983,-0.47023
0.30492,0.52627,-0.39342
0.28579,0.48447,-0.33124
0.26745,0.44456,-0.27925
0.24987,0.40656,-0.23479
0.23304,0.37049,-0.19628
0.21691,0.33632,-0.16269
0.20146,0.30405,-0.13333
0.18666,0.27364,-0.10773
0.17248,0.24507,-0.085497
0.20312,0.27451,-0.10853
0.2363,0.30625,-0.13322
0.27206,0.34033,-0.1593
0.31046,0.3768,-0.18654
0.35153,0.41569,-0.21478
0.39531,0.45703,-0.24392
0.44182,0.50083,-0.27389
0.49109,0.54711,-0.30468
0.54313,0.59589,-0.33626
0.59796,0.64715,-0.36864
0.60022,0.69143,-0.34746
0.60041,0.73875,-0.32876
0.59852,0.78913,-0.3118
0.59457,0.84259,-0.29617
0.58857,0.89914,-0.28153
0.58052,0.95877,-0.26773
0.57043,1.0215,-0.25462
0.55829,1.0873,-0.24215
0.54411,1.1562,-0.23029
0.5279,1.2281,-0.21903
0.51948,1.2183,-0.20343
0.51125,1.208,-0.19442
0.50324,1.1974,-0.18926
0.49548,1.1866,-0.1866
0.48797,1.1756,-0.18567
0.48069,1.1644,-0.18607
0.47364,1.1531,-0.18756
0.4668,1.1416,-0.19003
0.46017,1.13,-0.19338
0.45374,1.1183,-0.19757
0.52537,1.1272,-0.17839
0.59725,1.1383,-0.16207
0.6694,1.1515,-0.14839
0.74185,1.1667,-0.13716
0.81462,1.1841,-0.12822
0.88771,1.2035,-0.12142
0.96114,1.2249,-0.11666
1.0349,1.2485,-0.11381
1.1091,1.2741,-0.11278
1.1836,1.3017,-0.11347
1.1199,1.2434,-0.10681
1.0573,1.187,-0.10098
0.99599,1.1324,-0.095905
0.93587,1.0795,-0.091514
0.87703,1.0284,-0.087732
0.81951,0.97902,-0.083807
0.76338,0.9314,-0.079368
0.70865,0.8855,-0.074456
0.65534,0.84132,-0.069097
0.60348,0.79883,-0.063322
0.56462,0.78596,-0.052569
0.52709,0.77442,-0.040209
0.49078,0.7641,-0.026949
0.4556,0.75491,-0.01312
0.42147,0.74678,0.0011003
0.38832,0.73966,0.01561
0.35609,0.73347,0.030318
0.32473,0.72818,0.045168
0.29419,0.72374,0.060081
0.26442,0.72009,0.075014
0.22213,0.6883,0.020813
0.18278,0.65974,-0.011531
0.14584,0.63384,-0.030096
0.111,0.61024,-0.039205
0.078048,0.5887,-0.041349
0.046726,0.56896,-0.039925
0.016511,0.55047,-0.042381
-0.012662,0.53316,-0.048782
-0.040814,0.51698,-0.058636
-0.067968,0.50191,-0.071569
-0.067678,0.47366,-0.065255
-0.067842,0.44682,-0.059987
-0.068368,0.42134,-0.055372
-0.069176,0.39715,-0.05117
-0.070204,0.3742,-0.047246
-0.071392,0.35244,-0.043509
-0.072694,0.3318,-0.039921
-0.074065,0.31225,-0.036464
-0.075469,0.29374,-0.033137
-0.076871,0.27622,-0.029939
-0.062789,0.27399,-0.050969
-0.048887,0.27189,-0.078154
-0.035081,0.26997,-0.11061
-0.021305,0.26829,-0.1477
-0.0075075,0.26688,-0.18892
0.0063582,0.26577,-0.23392
0.020329,0.265,-0.28237
0.034436,0.26459,-0.33409
0.048711,0.26457,-0.38883
0.063178,0.26496,-0.44647
0.055296,0.25057,-0.47653
0.047566,0.23651,-0.50787
0.040012,0.22281,-0.54012
0.03265,0.20947,-0.57326
0.025497,0.19649,-0.60697
0.018562,0.1839,-0.6413
0.011863,0.17169,-0.67597
0.0054039,0.15986,-0.71107
-0.00080066,0.14843,-0.74634
-0.006748,0.13739,-0.78192
-0.00023445,0.12425,-0.70145
0.0051044,0.11167,-0.63347
0.0095063,0.099788,-0.57443
0.013124,0.088667,-0.52236
0.016067,0.078343,-0.4757
0.018418,0.068828,-0.4335
0.020233,0.060116,-0.39503
0.021565,0.0522,-0.35972
0.022448,0.045059,-0.32723
0.022919,0.038676,-0.29716
0.016451,0.03745,-0.31964
0.010069,0.036675,-0.34121
0.0037656,0.036348,-0.36194
-0.0024542,0.036475,-0.38177
-0.0085966,0.03705,-0.40078
-0.01466,0.038088,-0.41894
-0.02065,0.039583,-0.4363
-0.026566,0.041539,-0.45288
-0.032413,0.043951,-0.46872
-0.038187,0.04682,-0.48386
-0.02034,0.036523,-0.39618
-0.0057463,0.028501,-0.3276
0.0059,0.022891,-0.27269
0.014824,0.019764,-0.22786
0.021193,0.019156,-0.19064
0.025236,0.020975,-0.1592
0.029965,0.021669,-0.13225
0.036801,0.019611,-0.1088
0.04579,0.014836,-0.088253
0.056983,0.0073575,-0.070138
0.071622,0.036128,-0.071618
0.094164,0.06676,-0.07292
0.12507,0.099569,-0.073965
0.16485,0.13488,-0.074633
0.21209,0.17538,-0.074853
0.26444,0.22493,-0.074469
0.32223,0.28399,-0.073405
0.38582,0.35299,-0.07153
0.45553,0.4323,-0.068765
0.53164,0.5223,-0.064996
0.48546,0.46991,-0.096576
0.44129,0.42057,-0.12433
0.39912,0.37426,-0.14829
0.35893,0.33096,-0.16892
0.32071,0.29069,-0.18676
0.28447,0.25343,-0.20226
0.2502,0.21918,-0.21577
0.21791,0.18793,-0.22758
0.18759,0.15967,-0.23787
0.15925,0.13441,-0.24682
0.14832,0.1262,-0.23066
0.13787,0.11869,-0.218
0.12785,0.11182,-0.20797
0.11823,0.10556,-0.19997
0.10897,0.099865,-0.19357
0.10006,0.094707,-0.18844
0.091452,0.090058,-0.18432
0.083137,0.08588,-0.18105
0.075091,0.082157,-0.17846
0.067292,0.078867,-0.17645
0.072129,0.073876,-0.18649
0.075845,0.070236,-0.19619
0.078448,0.06795,-0.2056
0.079937,0.067009,-0.21476
0.080737,0.066891,-0.22371
0.082471,0.065572,-0.23249
0.085299,0.06285,-0.2411
0.089212,0.058718,-0.24956
0.094213,0.053173,-0.25786
0.10028,0.046204,-0.26601
0.10533,0.047768,-0.25381
0.11056,0.049445,-0.24291
0.11598,0.051227,-0.23309
0.12158,0.053105,-0.2242
0.12738,0.055076,-0.21611
0.13336,0.057126,-0.20872
0.13952,0.059256,-0.20192
0.14586,0.061458,-0.19564
0.15238,0.063732,-0.18983
0.15907,0.066074,-0.18442
0.16242,0.085359,-0.15579
0.16789,0.10362,-0.13103
0.17543,0.12087,-0.10942
0.18499,0.13715,-0.09047
0.19654,0.15245,-0.073789
0.21008,0.16677,-0.059084
0.22558,0.18016,-0.046141
0.24143,0.1946,-0.0348
0.25674,0.2112,-0.02495
0.27151,0.22999,-0.016478
0.25546,0.2185,-0.0067598
0.23963,0.20717,0.00026833
0.22406,0.19602,0.004759
0.20877,0.18506,0.0068586
0.19377,0.1743,0.0067259
0.17902,0.16375,0.007069
0.16451,0.15342,0.0095756
0.15027,0.14335,0.014149
0.13635,0.13359,0.020697
0.1228,0.12415,0.029145
0.1131,0.11549,0.022237
0.10373,0.10712,0.016487
0.094683,0.099062,0.011736
0.085977,0.091317,0.0078728
0.077618,0.08389,0.0048109
0.069616,0.076788,0.0024894
0.061978,0.070018,0.0008592
0.054713,0.063584,-0.00011557
0.047827,0.057491,-0.00047533
0.041336,0.051731,-0.00094321
0.056854,0.062849,-0.0027179
0.074357,0.075548,-0.0058588
0.093864,0.089839,-0.010413
0.11539,0.10573,-0.016387
0.13895,0.12324,-0.023759
0.16455,0.14237,-0.032473
0.19222,0.16313,-0.042459
0.22195,0.18554,-0.053632
0.25376,0.20961,-0.065908
0.28767,0.23535,-0.07919
0.29949,0.24355,-0.070567
0.31147,0.25195,-0.063272
0.32361,0.26055,-0.057041
0.33591,0.26936,-0.051682
0.34837,0.27837,-0.047046
0.36099,0.28758,-0.04303
0.37377,0.297,-0.039545
0.38672,0.30662,-0.036526
0.39983,0.31643,-0.033923
0.41311,0.32645,-0.031697
0.355,0.28168,-0.022451
0.30131,0.24064,-0.01606
0.25201,0.20327,-0.011752
0.20706,0.1695,-0.0090518
0.16645,0.13925,-0.0072102
0.13017,0.11249,-0.0046656
0.098184,0.089143,-0.0014528
0.07044,0.06912,0.0022958
0.046896,0.052345,0.0064689
0.027499,0.038743,0.010974
0.043105,0.046038,0.0066409
0.060324,0.055439,0.0028066
0.079107,0.066903,-0.00050369
0.099406,0.080393,-0.0032518
0.12118,0.095871,-0.0054059
0.14439,0.1133,-0.0069363
0.16914,0.13245,-0.0083906
0.19599,0.15249,-0.010588
0.22495,0.17335,-0.013514
0.25602,0.195,-0.017135
0.27783,0.20845,-0.013129
0.30096,0.22202,-0.012696
0.32565,0.23589,-0.0086176
0.35196,0.25006,-0.00050217
0.3799,0.26454,0.011235
0.40948,0.27933,0.026252
0.44071,0.29443,0.044263
0.47361,0.30984,0.065033
0.50817,0.32557,0.088358
0.5444,0.3416,0.11407
0.54731,0.32598,0.0637
0.55112,0.30982,0.029554
0.55569,0.29311,0.0067663
0.56089,0.27584,-0.0076688
0.56667,0.25803,-0.015679
0.57296,0.23969,-0.018566
0.57963,0.22083,-0.019851
0.58653,0.20141,-0.024732
0.59363,0.18149,-0.032879
0.60093,0.16111,-0.043941
0.56127,0.11439,-0.045442
0.5247,0.069682,-0.047586
0.49113,0.026916,-0.050207
0.46051,-0.013948,-0.053196
0.43276,-0.052958,-0.056459
0.40782,-0.090153,-0.059939
0.38565,-0.12557,-0.063574
0.36618,-0.15924,-0.067339
0.34938,-0.19121,-0.071198
0.33521,-0.22148,-0.075137
0.34302,-0.21891,-0.068355
0.351,-0.21619,-0.063038
0.35915,-0.2133,-0.058792
0.36749,-0.21025,-0.055348
0.37602,-0.20703,-0.052506
0.38475,-0.20363,-0.050124
0.39369,-0.20006,-0.048096
0.40284,-0.1963,-0.046338
0.4122,-0.19237,-0.044795
0.42177,-0.18824,-0.043431
0.45569,-0.18834,-0.059625
0.49123,-0.18756,-0.077643
0.52843,-0.18589,-0.097196
0.56731,-0.18332,-0.1181
0.6079,-0.17985,-0.14024
0.65022,-0.17549,-0.16356
0.69429,-0.17024,-0.18799
0.74011,-0.16411,-0.21353
0.7877,-0.15713,-0.24013
0.83707,-0.1493,-0.26777
0.77335,-0.11449,-0.31276
0.71414,-0.082859,-0.36077
0.65904,-0.054087,-0.41177
0.60768,-0.027915,-0.46584
0.55975,-0.0041192,-0.52285
0.51494,0.017495,-0.58288
0.47303,0.037093,-0.64577
0.43378,0.054819,-0.71161
0.397,0.070793,-0.78019
0.36252,0.08512,-0.85167
0.15013,0.089539,-0.045561
0.16035,0.094148,-0.062051
0.17086,0.09886,-0.080614
0.18165,0.10367,-0.10106
0.19273,0.10859,-0.12328
0.2041,0.11362,-0.14706
0.21577,0.11875,-0.17231
0.22775,0.12398,-0.19887
0.24005,0.1293,-0.22668
0.25265,0.1347,-0.25564
0.24393,0.10651,-0.21776
0.23696,0.077623,-0.1888
0.23183,0.048008,-0.16613
0.22857,0.017642,-0.14801
0.2272,-0.013493,-0.13329
0.22775,-0.045416,-0.12114
0.23023,-0.078142,-0.111
0.23465,-0.11168,-0.10242
0.24103,-0.14605,-0.095116
0.24937,-0.18126,-0.088831
0.23953,-0.1386,-0.11433
0.2329,-0.097424,-0.13924
0.22941,-0.057635,-0.16328
0.229,-0.019155,-0.18633
0.23164,0.018087,-0.20841
0.23729,0.054148,-0.22956
0.24594,0.089076,-0.24982
0.25758,0.12291,-0.26927
0.27222,0.15567,-0.28792
0.28986,0.18739,-0.30581
0.30116,0.19088,-0.2388
0.31194,0.19464,-0.18793
0.32237,0.19863,-0.14856
0.33256,0.20278,-0.11766
0.3426,0.2071,-0.093147
0.35253,0.21154,-0.073571
0.36241,0.21612,-0.05789
0.37225,0.22081,-0.045324
0.38208,0.22561,-0.035314
0.3919,0.23051,-0.027408
0.40235,0.22317,-0.033587
0.41358,0.21485,-0.038523
0.42557,0.20556,-0.042153
0.4383,0.19532,-0.044548
0.45177,0.18414,-0.045867
0.46594,0.17205,-0.046274
0.48081,0.15905,-0.045942
0.49635,0.14518,-0.045017
0.51255,0.13043,-0.043638
0.52938,0.11484,-0.041906
0.52577,0.11488,-0.024905
0.52218,0.11516,-0.015435
0.51866,0.11564,-0.011116
0.51522,0.11631,-0.010147
0.51195,0.11717,-0.0078252
0.50885,0.1182,-0.0033742
0.50591,0.11941,0.0027936
0.50312,0.12079,0.010388
0.50046,0.12234,0.019193
0.49793,0.12403,0.029041
0.48331,0.10959,0.040168
0.46899,0.095198,0.051097
0.45498,0.080861,0.061722
0.4413,0.066595,0.072003
0.42796,0.052408,0.081899
0.41496,0.038313,0.091402
0.40232,0.024318,0.10048
0.39006,0.010434,0.10914
0.37817,-0.0033307,0.11735
0.36667,-0.016966,0.12512
0.34938,-0.028376,0.14378
0.33308,-0.039438,0.16279
0.31773,-0.050156,0.18206
0.30331,-0.060533,0.20157
0.28976,-0.070572,0.22124
0.27708,-0.080288,0.24104
0.26522,-0.089682,0.26091
0.25417,-0.09876,0.28083
0.2439,-0.10752,0.30072
0.23438,-0.11596,0.32062
0.26957,-0.11625,0.36423
0.3077,-0.11556,0.40955
0.34875,-0.11389,0.45637
0.39269,-0.11123,0.50463
0.43952,-0.10756,0.55411
0.48922,-0.10287,0.60479
0.54177,-0.097138,0.65641
0.59715,-0.09036,0.70895
0.65537,-0.082513,0.76209
0.7164,-0.07358,0.81586
0.73586,0.013331,0.72258
0.76177,0.098737,0.63983
0.79382,0.18296,0.56448
0.83182,0.26626,0.495
0.8756,0.34887,0.43036
0.92506,0.43099,0.37003
0.98012,0.51278,0.31369
1.0407,0.59437,0.26115
1.1069,0.67587,0.21238
1.1785,0.75737,0.1673
1.0985,0.69209,0.11543
1.0215,0.62939,0.084772
0.94733,0.56918,0.065639
0.87596,0.51145,0.053225
0.80739,0.45619,0.045158
0.74165,0.40342,0.040019
0.67875,0.35315,0.037054
0.61875,0.30539,0.03573
0.56168,0.26017,0.035772
0.50758,0.2175,0.036942
0.50609,0.20704,0.041656
0.50486,0.19651,0.043528
0.50391,0.18589,0.043202
0.50323,0.17519,0.041226
0.50285,0.16441,0.038102
0.50275,0.15354,0.034183
0.50295,0.14257,0.029778
0.50345,0.13151,0.025089
0.50423,0.12035,0.020299
0.5053,0.10909,0.015518
0.51575,0.1157,0.030566
0.52638,0.12245,0.048354
0.53719,0.12934,0.06881
0.54818,0.13636,0.091852
0.55936,0.14351,0.11744
0.57073,0.1508,0.14551
0.58229,0.15823,0.17603
0.59403,0.16578,0.20895
0.60597,0.17348,0.24424
0.6181,0.1813,0.28186
0.61391,0.20974,0.21255
0.61122,0.23704,0.15862
0.60988,0.26317,0.11556
0.6098,0.28813,0.080641
0.61091,0.3119,0.052106
0.61319,0.33449,0.028795
0.61661,0.35591,0.0099139
0.62115,0.37616,-0.0051225
0.62681,0.39523,-0.016733
0.63356,0.41314,-0.02526
0.58977,0.37038,-0.030241
0.54914,0.32849,-0.035108
0.51107,0.28724,-0.050985
0.47552,0.24658,-0.076039
0.44243,0.20645,-0.10902
0.41176,0.16681,-0.14906
0.38344,0.1276,-0.1955
0.35743,0.088806,-0.24784
0.3337,0.050381,-0.30564
0.3122,0.012303,-0.36861
0.33105,-0.01012,-0.33029
0.35072,-0.034329,-0.30004
0.37129,-0.060296,-0.27555
0.39283,-0.08799,-0.25539
0.41537,-0.1174,-0.23842
0.43894,-0.14849,-0.2239
0.46355,-0.18127,-0.21124
0.48922,-0.21571,-0.20002
0.51595,-0.25178,-0.18991
0.54373,-0.28949,-0.1807
0.54556,-0.24487,-0.11119
0.54823,-0.20231,-0.066502
0.5519,-0.16139,-0.04016
0.55661,-0.12184,-0.028224
0.56247,-0.083389,-0.026215
0.57023,-0.045669,-0.017707
0.57993,-0.0085307,-0.00034515
0.59145,0.028111,0.024976
0.60473,0.064325,0.057533
0.61967,0.10017,0.096773
0.60971,0.10784,0.036383
0.60047,0.11591,6.4563e-06
0.59163,0.12424,-0.020203
0.58304,0.1327,-0.028683
0.57453,0.14119,-0.030181
0.56554,0.14954,-0.037084
0.55608,0.15773,-0.050288
0.54623,0.16572,-0.069068
0.53607,0.17351,-0.092918
0.52564,0.18106,-0.12146
0.54494,0.18954,-0.11298
0.56455,0.19819,-0.10564
0.5845,0.20702,-0.099102
0.60479,0.21603,-0.093176
0.62545,0.22522,-0.087711
0.64647,0.2346,-0.082613
0.66786,0.24417,-0.07782
0.68964,0.25393,-0.073297
0.7118,0.26388,-0.069028
0.73436,0.27404,-0.065007
0.74187,0.31065,-0.086187
0.75086,0.34576,-0.10945
0.7613,0.37947,-0.13416
0.77317,0.41184,-0.15998
0.78643,0.44294,-0.1867
0.80106,0.47282,-0.21421
0.81703,0.50153,-0.24238
0.83432,0.52909,-0.27116
0.8529,0.55555,-0.3004
0.87274,0.58093,-0.33005
0.91143,0.60756,-0.34279
0.95082,0.63476,-0.35903
0.99095,0.66254,-0.3777
1.0318,0.69089,-0.39813
1.0735,0.71979,-0.41977
1.1159,0.74923,-0.44234
1.159,0.77921,-0.46551
1.2029,0.8097,-0.48922
1.2475,0.8407,-0.51325
1.2928,0.87218,-0.53766
1.1374,0.75928,-0.39101
0.99538,0.65675,-0.2879
0.86611,0.5638,-0.211
0.74888,0.4797,-0.15212
0.64297,0.40384,-0.10681
0.54766,0.33565,-0.07227
0.4623,0.27462,-0.046679
0.38626,0.22029,-0.028663
0.31896,0.17222,-0.017212
0.25987,0.13,-0.011501
0.28548,0.13574,-0.013252
0.31231,0.14098,-0.015551
0.34036,0.14571,-0.018278
0.36962,0.14994,-0.021328
0.40009,0.15365,-0.024632
0.43176,0.15684,-0.028127
0.46462,0.15953,-0.031786
0.49869,0.16171,-0.035568
0.53394,0.1634,-0.039468
0.57038,0.1646,-0.043456
0.51772,0.16247,-0.024167
0.46804,0.15883,-0.013303
0.42221,0.15426,0.01427
0.37992,0.1489,0.053918
0.34091,0.14288,0.10269
0.30501,0.13631,0.15872
0.27208,0.12928,0.22071
0.242,0.1219,0.28781
0.21468,0.11423,0.35927
0.19004,0.10634,0.4347
0.18309,0.091233,0.45457
0.17787,0.074926,0.47676
0.17433,0.057395,0.50063
0.17243,0.038621,0.52599
0.17213,0.018586,0.55237
0.17341,-0.0027214,0.57969
0.17625,-0.025313,0.60756
0.18064,-0.049195,0.63596
0.18656,-0.074374,0.66453
0.19401,-0.10085,0.69329
0.17025,-0.067996,0.5969
0.15104,-0.039244,0.52451
0.1357,-0.014303,0.468
0.12376,0.0071015,0.42261
0.11487,0.025217,0.38522
0.10875,0.040251,0.35376
0.10519,0.052382,0.32681
0.10399,0.061739,0.3033
0.10503,0.068432,0.28249
0.10819,0.072526,0.26378
0.095101,0.063797,0.23849
0.083001,0.055728,0.21501
0.071859,0.048306,0.1933
0.061643,0.041511,0.17323
0.052324,0.035328,0.15475
0.04387,0.029739,0.13773
0.036252,0.024729,0.12211
0.029437,0.02028,0.10779
0.023395,0.016376,0.094699
0.018096,0.013001,0.082743
0.016987,0.012467,0.076604
0.015902,0.011986,0.071206
0.014837,0.011559,0.066471
0.013789,0.011184,0.062285
0.012756,0.010862,0.058596
0.011735,0.010593,0.055319
0.010724,0.010378,0.052422
0.0097226,0.010215,0.049839
0.0087285,0.010106,0.047553
0.0077407,0.010051,0.045509
0.010219,0.009948,0.03198
0.012816,0.010324,0.020841
0.015541,0.011148,0.012056
0.018391,0.012398,0.0055806
0.021354,0.014059,0.0014023
0.024503,0.01599,-0.00048391
0.028021,0.017837,-0.0011819
0.031887,0.0195,-0.0039777
0.03612,0.020944,-0.0091028
0.040743,0.022135,-0.016587
0.034366,0.018148,-0.01356
0.028549,0.014598,-0.010894
0.023289,0.011475,-0.0085514
0.018577,0.0087676,-0.006514
0.01441,0.0064641,-0.0047618
0.010781,0.0045496,-0.0032875
0.0076856,0.0030069,-0.002083
0.005118,0.0018159,-0.0011481
0.0030742,0.00095247,-0.00048373
0.0015505,0.00038722,-9.7036e-05
0.0021526,0.0010674,-0.00046232
0.0029711,0.001791,-0.0010736
0.0040109,0.0025571,-0.0019135
0.0052685,0.0033786,-0.0029664
0.0066767,0.0043659,-0.0042184
0.0082219,0.0055478,-0.0056581
0.009905,0.0069305,-0.0072745
0.011727,0.00852,-0.0090608
0.01369,0.010322,-0.011011
0.015795,0.012344,-0.013125
0.019776,0.015006,-0.0105
0.024326,0.018099,-0.0080729
0.029503,0.021667,-0.0058554
0.035365,0.025758,-0.0038609
0.041972,0.030425,-0.0020999
0.049387,0.035724,-0.00057964
0.057672,0.041715,0.00069851
0.066887,0.048459,0.0017394
0.077096,0.056024,0.0025545
0.088359,0.064477,0.0031761
0.094192,0.063837,0.0037063
0.099263,0.064539,0.0044749
0.10361,0.066578,0.0055256
0.10824,0.068421,0.0069312
0.11385,0.069062,0.0087476
0.12045,0.068505,0.011001
0.12807,0.066746,0.013715
0.13674,0.063781,0.01691
0.1465,0.059602,0.020605
0.15737,0.054199,0.024818
0.15443,0.060941,0.047883
0.15145,0.067084,0.078659
0.14849,0.072624,0.11612
0.14559,0.077554,0.1595
0.14278,0.081872,0.20816
0.1401,0.085574,0.26162
0.13759,0.088657,0.31942
0.13528,0.091119,0.38125
0.13319,0.092958,0.44672
0.13134,0.094174,0.51565
0.14529,0.10079,0.4025
0.15763,0.10806,0.31261
0.16841,0.11646,0.24011
0.17786,0.12602,0.18135
0.18615,0.13672,0.13378
0.19342,0.14861,0.095644
0.19973,0.1617,0.065695
0.20517,0.17602,0.042989
0.20979,0.1916,0.02683
0.21362,0.20849,0.01666
0.22083,0.20729,0.013169
0.22778,0.20623,0.011721
0.23452,0.20533,0.011135
0.24119,0.20461,0.0087469
0.24778,0.20407,0.0045288
0.25428,0.20369,-0.0014494
0.2607,0.20348,-0.0091011
0.26703,0.20342,-0.018365
0.27326,0.20352,-0.02916
0.27938,0.20376,-0.041434
0.30498,0.22394,-0.041078
0.33167,0.24521,-0.040902
0.35947,0.26757,-0.040873
0.38835,0.29104,-0.040998
0.41833,0.31562,-0.041245
0.4494,0.34131,-0.04162
0.48155,0.36812,-0.042094
0.5148,0.39603,-0.042672
0.54914,0.42504,-0.04333
0.58458,0.45516,-0.044075
0.52892,0.40725,-0.047141
0.47666,0.36259,-0.050753
0.42768,0.32107,-0.054647
0.38184,0.28258,-0.058701
0.33903,0.24702,-0.062822
0.29914,0.21431,-0.066982
0.26205,0.18437,-0.071146
0.22768,0.15711,-0.07532
0.19591,0.13247,-0.079492
0.16666,0.11037,-0.083679
0.20631,0.13345,-0.066399
0.25075,0.15955,-0.051788
0.30017,0.18878,-0.039839
0.35475,0.22129,-0.03055
0.41465,0.25719,-0.023905
0.48003,0.2966,-0.019881
0.55104,0.33963,-0.018457
0.6278,0.38636,-0.019613
0.71043,0.43686,-0.023301
0.79925,0.49099,-0.0272
0.74901,0.46001,-0.028189
0.70083,0.4302,-0.028611
0.65454,0.40172,-0.028592
0.61005,0.37456,-0.028388
0.56732,0.34871,-0.0282
0.5263,0.32414,-0.028031
0.48693,0.30082,-0.027886
0.44918,0.27874,-0.02778
0.41302,0.25787,-0.027725
0.37839,0.23821,-0.027736
0.37369,0.2402,-0.02854
0.36837,0.24312,-0.029326
0.36245,0.24697,-0.030085
0.35592,0.25173,-0.030809
0.34879,0.25741,-0.031493
0.34108,0.26398,-0.032131
0.33279,0.27145,-0.032721
0.32393,0.27981,-0.033257
0.3145,0.28907,-0.03374
0.3045,0.29922,-0.034164
0.32583,0.30902,-0.033728
0.34762,0.31914,-0.034406
0.36985,0.32956,-0.036091
0.39254,0.34028,-0.038633
0.41578,0.35134,-0.040907
0.43961,0.36272,-0.042518
0.46403,0.37445,-0.043498
0.48904,0.3865,-0.04382
0.51465,0.39889,-0.04351
0.54086,0.41162,-0.042567
0.48796,0.36025,-0.018395
0.43764,0.3131,0.0098745
0.38994,0.27001,0.040888
0.3449,0.23084,0.0739
0.30259,0.19548,0.10843
0.26308,0.16384,0.14419
0.22644,0.13583,0.18093
0.19274,0.11138,0.21852
0.16205,0.090412,0.25679
0.13447,0.072793,0.2957
0.14255,0.082011,0.2472
0.14868,0.097479,0.20497
0.15262,0.11925,0.16776
0.15416,0.14737,0.13489
0.15311,0.18192,0.10585
0.14931,0.22304,0.080309
0.14255,0.27085,0.058018
0.1327,0.32551,0.038772
0.11959,0.38715,0.022382
0.1031,0.4559,0.0086711
0.14885,0.45251,-0.0055522
0.19623,0.45122,-0.016822
0.24522,0.45204,-0.025565
0.29578,0.45495,-0.032086
0.34791,0.45997,-0.036603
0.40155,0.46705,-0.04017
0.45655,0.47613,-0.045183
0.51294,0.48722,-0.051649
0.57074,0.50033,-0.05946
0.62998,0.51547,-0.068515
0.60576,0.51726,-0.059716
0.58119,0.51979,-0.05262
0.55629,0.52309,-0.046953
0.5311,0.52716,-0.042559
0.50561,0.532,-0.039364
0.47987,0.53765,-0.037036
0.45394,0.54414,-0.034029
0.42784,0.5515,-0.030114
0.40155,0.55973,-0.025293
0.37508,0.56882,-0.019561
0.36589,0.54802,-0.024987
0.35726,0.52809,-0.026283
0.34909,0.50894,-0.025361
0.34122,0.4904,-0.026732
0.33366,0.47242,-0.03055
0.3264,0.45497,-0.036564
0.31945,0.43804,-0.044588
0.31281,0.42161,-0.054482
0.30646,0.40564,-0.066129
0.30042,0.39013,-0.079438
0.28178,0.35895,-0.062552
0.26371,0.32897,-0.049592
0.24621,0.30024,-0.039343
0.2293,0.2728,-0.03107
0.21297,0.24666,-0.024302
0.19723,0.22184,-0.018725
0.18207,0.19836,-0.014127
0.16748,0.17623,-0.01035
0.15345,0.15547,-0.0072827
0.13999,0.13608,-0.0048327
0.14392,0.1517,-0.0040188
0.14757,0.16865,-0.0034528
0.15092,0.18694,-0.0031382
0.15399,0.20657,-0.0030763
0.15677,0.22756,-0.0032692
0.15925,0.24992,-0.0036127
0.16143,0.27368,-0.0038315
0.1633,0.29883,-0.0039202
0.16487,0.32538,-0.0038821
0.16613,0.35335,-0.0037361
0.15301,0.36243,-0.00096224
0.13976,0.37194,0.0024311
0.1264,0.38186,0.006054
0.11292,0.39219,0.0096781
0.099345,0.40293,0.013174
0.08566,0.41406,0.016467
0.071871,0.42558,0.019511
0.057979,0.4375,0.022285
0.043982,0.44982,0.02477
0.029881,0.46252,0.026963
0.023994,0.43806,0.030364
0.018627,0.41437,0.033905
0.013755,0.39142,0.037491
0.0093517,0.36921,0.04106
0.0053928,0.34772,0.044562
0.0018546,0.32695,0.047966
-0.0012861,0.30688,0.051244
-0.0040514,0.2875,0.054384
-0.0064629,0.26881,0.057371
-0.0085413,0.25079,0.060202
0.0038829,0.24168,0.070707
0.01613,0.23326,0.082027
0.028224,0.2255,0.094122
0.040186,0.21837,0.10697
0.052034,0.21184,0.12054
0.063785,0.20588,0.13481
0.075454,0.20047,0.14973
0.087055,0.19559,0.16531
0.098598,0.19122,0.18149
0.11009,0.18734,0.19827
0.10237,0.2037,0.22614
0.094053,0.2214,0.25545
0.08515,0.24043,0.2861
0.075655,0.26081,0.31808
0.065562,0.28254,0.35128
0.05487,0.30564,0.38572
0.043572,0.33009,0.42128
0.031664,0.3559,0.45798
0.01914,0.38308,0.49568
0.0059929,0.41161,0.53445
0.0061147,0.36207,0.55604
0.0061824,0.31659,0.57185
0.0062222,0.27496,0.58318
0.0062505,0.23701,0.59116
0.0062859,0.20256,0.59638
0.0063236,0.17144,0.59947
0.006377,0.14349,0.60068
0.0064211,0.11856,0.60039
0.0064838,0.096529,0.59873
0.0065675,0.077255,0.59594
0.00072368,0.077337,0.56702
-0.004786,0.077781,0.54269
-0.0099658,0.078555,0.52185
-0.014836,0.079638,0.50381
-0.019405,0.081013,0.48799
-0.023687,0.082664,0.47395
-0.027686,0.084582,0.46137
-0.031415,0.086757,0.44998
-0.034876,0.089184,0.43959
-0.038078,0.091854,0.43001
-0.047458,0.10763,0.41902
-0.057627,0.12485,0.40752
-0.068576,0.14354,0.39557
-0.080308,0.16368,0.3832
-0.092816,0.18531,0.37046
-0.1061,0.20841,0.35739
-0.12016,0.233,0.34404
-0.13501,0.2591,0.33044
-0.15062,0.2867,0.31665
-0.16702,0.31582,0.30268
-0.16421,0.30969,0.24859
-0.16076,0.30351,0.20682
-0.15677,0.29728,0.17394
-0.15232,0.29099,0.14759
-0.14745,0.28466,0.12621
-0.14223,0.27827,0.10863
-0.13668,0.27186,0.094075
-0.13084,0.26541,0.081906
-0.12474,0.25895,0.071707
-0.1184,0.25248,0.063087
-0.12674,0.27498,0.066361
-0.13526,0.29862,0.068174
-0.14397,0.32341,0.068624
-0.15285,0.34934,0.067805
-0.16189,0.37643,0.065898
-0.17107,0.40468,0.063051
-0.1804,0.43408,0.059462
-0.18986,0.46463,0.05528
-0.19945,0.49634,0.05068
-0.20915,0.5292,0.045782
-0.2057,0.52614,0.029502
-0.20227,0.52294,0.017254
-0.19886,0.5196,0.0081572
-0.19546,0.51612,0.0015904
-0.19208,0.5125,-0.0028593
-0.18873,0.50875,-0.0055194
-0.18539,0.50488,-0.006603
-0.18206,0.50088,-0.0070183
-0.17868,0.49675,-0.0086097
-0.17527,0.4925,-0.011357
-0.14676,0.47694,-0.0083834
-0.11712,0.46299,-0.0061813
-0.086335,0.4506,-0.0045516
-0.054411,0.43975,-0.0033774
-0.021345,0.43041,-0.0024058
0.01286,0.42255,-0.0011209
0.048217,0.41616,0.00047457
0.084741,0.41121,0.0023475
0.12244,0.4077,0.0044807
0.16134,0.40562,0.0068535
0.14734,0.38673,0.0030111
0.13382,0.36918,0.0011237
0.12079,0.35284,0.00027984
0.1083,0.33762,-0.001956
0.096337,0.32342,-0.0056832
0.084879,0.31017,-0.010835
0.073907,0.29779,-0.017354
0.063407,0.28623,-0.025204
0.05336,0.27542,-0.034348
0.043749,0.2653,-0.044765
0.035326,0.27226,-0.029547
0.027012,0.27933,-0.01837
0.018782,0.28649,-0.010601
0.010613,0.29376,-0.0057756
0.0024892,0.30114,-0.0035429
-0.0056092,0.30863,-0.0032728
-0.013729,0.31627,-0.0016517
-0.021872,0.32407,0.0019437
-0.030032,0.33202,0.0073839
-0.0382,0.34014,0.014564
-0.031311,0.36268,0.0069398
-0.023673,0.38617,0.0015709
-0.015263,0.4106,-0.0021512
-0.0060618,0.43596,-0.0046733
0.0039447,0.46226,-0.0063228
0.014768,0.48949,-0.0073408
0.026418,0.51765,-0.0081712
0.038899,0.54672,-0.0094495
0.052215,0.5767,-0.011114
0.06637,0.60759,-0.0131
0.05476,0.59508,-0.022375
0.043539,0.58263,-0.036372
0.032692,0.57025,-0.053834
0.022204,0.55795,-0.073986
0.012068,0.54574,-0.096315
0.0022761,0.53362,-0.12047
-0.007176,0.52159,-0.14616
-0.01629,0.50966,-0.17319
-0.025068,0.49783,-0.20137
-0.033505,0.4861,-0.23055
-0.014887,0.50879,-0.20338
0.0051073,0.53234,-0.1816
0.026509,0.55679,-0.16367
0.049348,0.58216,-0.14859
0.07364,0.60846,-0.13563
0.099397,0.63572,-0.1243
0.12663,0.66395,-0.11425
0.15533,0.69316,-0.10525
0.18551,0.72335,-0.09713
0.21717,0.75453,-0.08979
0.19883,0.67699,-0.077987
0.18191,0.60391,-0.070651
0.16628,0.53525,-0.066066
0.15183,0.47097,-0.063357
0.13845,0.41103,-0.062064
0.12604,0.35537,-0.061928
0.11449,0.30396,-0.062815
0.10372,0.25674,-0.06465
0.093623,0.21368,-0.067408
0.084126,0.17472,-0.07108
0.073199,0.19304,-0.063354
0.06136,0.21282,-0.055995
0.048607,0.23404,-0.049106
0.034942,0.2567,-0.042768
0.020367,0.2808,-0.037059
0.0048891,0.30634,-0.032037
-0.011485,0.33331,-0.027758
-0.028746,0.36172,-0.024261
-0.046883,0.39158,-0.021586
-0.065885,0.42289,-0.019758
-0.041846,0.4149,-0.018374
-0.016923,0.40777,-0.017334
0.0088923,0.40148,-0.016622
0.035606,0.39605,-0.01622
0.063223,0.39147,-0.016114
0.091751,0.38776,-0.016161
0.1212,0.38492,-0.015969
0.15157,0.38296,-0.015514
0.18286,0.38188,-0.014807
0.21509,0.38168,-0.013844
0.21928,0.40558,-0.011398
0.22364,0.43041,-0.0081757
0.22815,0.45617,-0.0044089
0.23282,0.48283,-0.00024529
0.23762,0.5104,0.0042087
0.24256,0.53886,0.0088815
0.24761,0.56821,0.013716
0.25276,0.59843,0.018657
0.25799,0.62952,0.023669
0.2633,0.66147,0.028717
0.29777,0.66207,0.02173
0.33286,0.66318,0.016761
0.36854,0.66478,0.013053
0.40482,0.66685,0.010144
0.44168,0.66937,0.0077455
0.47911,0.67234,0.0056699
0.51711,0.67576,0.003798
0.55567,0.67962,0.002045
0.59477,0.68391,0.00036124
0.63441,0.68865,-0.0013008
0.57244,0.64981,-0.020709
0.51342,0.61431,-0.026586
0.45726,0.58164,-0.027247
0.4038,0.55123,-0.033167
0.35298,0.52298,-0.043542
0.30473,0.49681,-0.057418
0.25901,0.47263,-0.074144
0.21576,0.45037,-0.093253
0.17493,0.42997,-0.11438
0.13647,0.41135,-0.13726
0.19237,0.42867,-0.079166
0.25242,0.44715,-0.045465
0.31674,0.46721,-0.028845
0.38547,0.48911,-0.024664
0.45882,0.51329,-0.023901
0.53702,0.54015,-0.016545
0.62016,0.5697,-0.0038633
0.70831,0.60189,0.013121
0.80151,0.6367,0.033657
0.89982,0.67411,0.057151
0.87492,0.66863,0.050129
0.85037,0.66337,0.045991
0.82612,0.6583,0.043314
0.80217,0.65337,0.041316
0.7785,0.64857,0.039555
0.7551,0.6439,0.037785
0.73196,0.63933,0.035872
0.70907,0.63488,0.033749
0.68644,0.63055,0.031393
0.66406,0.62632,0.028803
0.6858,0.66635,0.016222
0.70783,0.70788,0.0070685
0.73013,0.75086,2.7869e-05
0.75268,0.79523,-0.0057017
0.77548,0.84095,-0.010593
0.79853,0.888,-0.014959
0.82185,0.93633,-0.018965
0.84544,0.98593,-0.02274
0.86931,1.0368,-0.026341
0.89346,1.0888,-0.029825
0.83931,1.0466,-0.054536
0.78701,1.0071,-0.063758
0.73637,0.96997,-0.063958
0.68701,0.9346,-0.065243
0.63882,0.90078,-0.071052
0.59182,0.86845,-0.080343
0.54602,0.83755,-0.092373
0.50144,0.80803,-0.1066
0.4581,0.77981,-0.12257
0.416,0.75287,-0.13995
0.51367,0.74643,-0.14644
0.61488,0.74396,-0.15412
0.71964,0.74549,-0.16257
0.82802,0.75102,-0.17152
0.94002,0.76058,-0.18076
1.0557,0.77417,-0.19017
1.175,0.79179,-0.19963
1.2981,0.81347,-0.20911
1.4248,0.83919,-0.21853
1.5553,0.86898,-0.22792
1.4533,0.82115,-0.16622
1.3548,0.77392,-0.13126
1.2603,0.7278,-0.10971
1.1697,0.68297,-0.095949
1.0832,0.63953,-0.087191
1.0006,0.59755,-0.081045
0.92205,0.55719,-0.073252
0.84748,0.51842,-0.063927
0.77673,0.48123,-0.053534
0.70967,0.44556,-0.042425
0.68838,0.46124,-0.032714
0.66653,0.47912,-0.021939
0.64408,0.49918,-0.010349
0.621,0.52141,0.0018714
0.59727,0.54581,0.014553
0.57285,0.57236,0.027568
0.54772,0.60107,0.040767
0.52186,0.63192,0.054053
0.49525,0.66492,0.067294
0.46787,0.70006,0.080408
0.5011,0.7096,0.049787
0.53569,0.72012,0.027858
0.57145,0.73143,0.011149
0.60826,0.74344,-0.0022617
0.64606,0.75609,-0.013541
0.68481,0.76934,-0.023377
0.7245,0.78317,-0.03221
0.76512,0.79757,-0.040298
0.80667,0.81251,-0.047821
0.84915,0.82801,-0.054889
0.78986,0.82333,-0.071439
0.73266,0.82039,-0.079654
0.6773,0.81903,-0.082139
0.62362,0.81916,-0.080343
0.57125,0.82053,-0.078663
0.51997,0.82298,-0.080139
0.46973,0.82649,-0.084341
0.42054,0.83107,-0.090929
0.37236,0.83671,-0.099627
0.32518,0.8434,-0.1102
0.28822,0.84152,-0.095543
0.25234,0.83878,-0.084602
0.21763,0.83527,-0.07591
0.18415,0.83108,-0.068694
0.15192,0.82626,-0.062533
0.12095,0.82086,-0.057189
0.091241,0.81491,-0.052525
0.062805,0.80846,-0.048458
0.035636,0.80153,-0.044937
0.0097331,0.79418,-0.041929
0.066086,0.8005,-0.044181
0.12599,0.8088,-0.047257
0.18958,0.81914,-0.049302
0.25686,0.83148,-0.050728
0.32784,0.84579,-0.051776
0.40252,0.86205,-0.052586
0.48093,0.88024,-0.053252
0.56307,0.90036,-0.053837
0.64896,0.92239,-0.054396
0.73862,0.94633,-0.054974
0.64668,0.92336,-0.057882
0.55929,0.90274,-0.057423
0.47625,0.88432,-0.05553
0.39742,0.868,-0.053064
0.3227,0.85373,-0.050436
0.25201,0.84146,-0.047854
0.18527,0.83115,-0.045425
0.12241,0.82275,-0.043208
0.063358,0.81623,-0.041235
0.0080726,0.81157,-0.039522
0.008752,0.78339,-0.024939
0.010157,0.75624,-0.0047068
0.012132,0.72998,0.019014
0.01458,0.70454,0.04518
0.017426,0.67985,0.073242
0.020612,0.65591,0.1029
0.024085,0.63267,0.13393
0.027799,0.61013,0.16622
0.031713,0.58825,0.19961
0.035787,0.56703,0.23404
0.087089,0.56358,0.24412
0.14157,0.5621,0.25198
0.19927,0.56258,0.25784
0.26025,0.56503,0.26197
0.32456,0.56945,0.26447
0.39225,0.57586,0.26554
0.46338,0.58426,0.26522
0.53799,0.59466,0.26367
0.61612,0.60707,0.2609
0.69781,0.6215,0.25701
0.71015,0.64316,0.2194
0.72299,0.66598,0.19367
0.73624,0.6897,0.1752
0.74989,0.71418,0.16132
0.7639,0.73931,0.15044
0.77828,0.76504,0.14157
0.79303,0.79134,0.13411
0.80817,0.81818,0.12757
0.82369,0.84554,0.12175
0.83961,0.87341,0.11645
0.78223,0.85008,0.11058
0.7274,0.82673,0.10315
0.67501,0.80345,0.095183
0.62497,0.78028,0.087207
0.57718,0.75726,0.079499
0.53158,0.73442,0.072167
0.48809,0.7118,0.065283
0.44663,0.6894,0.058848
0.40714,0.66724,0.052876
0.36957,0.64536,0.047338
0.31196,0.63119,0.071004
0.25743,0.61961,0.094709
0.20586,0.61053,0.11865
0.15715,0.60383,0.14299
0.11121,0.59943,0.16782
0.067947,0.59722,0.19324
0.027293,0.59714,0.21927
-0.010822,0.59911,0.24592
-0.046457,0.60305,0.27318
-0.079666,0.60891,0.30102
-0.06563,0.61378,0.31163
-0.050949,0.61847,0.32218
-0.035641,0.62299,0.33257
-0.019731,0.62732,0.34278
-0.0032378,0.63147,0.35274
0.01381,0.63544,0.36246
0.031394,0.63922,0.37187
0.049468,0.64281,0.38103
0.068025,0.64622,0.38986
0.087043,0.64944,0.39841
0.018303,0.62115,0.32499
-0.040433,0.59744,0.26927
-0.089743,0.57781,0.22494
-0.13011,0.56191,0.18845
-0.16192,0.5495,0.15766
-0.18552,0.54038,0.13115
-0.20117,0.53443,0.10802
-0.2091,0.53154,0.087611
-0.2114,0.53086,0.069539
-0.21919,0.52796,0.053784
-0.20449,0.51573,0.081868
-0.19592,0.50261,0.11121
-0.18156,0.49301,0.14137
-0.15971,0.48729,0.17223
-0.13029,0.48524,0.20383
-0.093218,0.48667,0.23614
-0.048383,0.49145,0.26915
0.0043137,0.4995,0.30284
0.06498,0.51076,0.33717
0.13372,0.52522,0.37211
0.11195,0.4951,0.36891
0.091066,0.46669,0.36613
0.071133,0.4399,0.36355
0.05222,0.41466,0.3611
0.034392,0.39091,0.35868
0.017711,0.3686,0.35629
0.0022334,0.34767,0.35386
-0.011987,0.32808,0.3514
-0.0249,0.30978,0.34889
-0.03646,0.29274,0.34634
-0.023804,0.30974,0.36867
-0.0092185,0.32779,0.39028
0.0073402,0.34691,0.41117
0.025914,0.36709,0.43142
0.046546,0.38833,0.45103
0.069276,0.41063,0.47007
0.094143,0.43396,0.48853
0.12119,0.45833,0.50649
0.15044,0.4837,0.52391
0.18193,0.51007,0.54087
0.19763,0.51208,0.48582
0.2136,0.51487,0.44078
0.22989,0.5183,0.40271
0.24653,0.52227,0.36968
0.26352,0.52673,0.34045
0.28087,0.53162,0.31414
0.29857,0.53691,0.2902
0.31663,0.54259,0.26819
0.33502,0.54863,0.24786
0.35375,0.55502,0.22896
0.34182,0.59809,0.22956
0.32917,0.64324,0.22963
0.31581,0.69043,0.22944
0.30176,0.7396,0.22908
0.28702,0.7907,0.22871
0.27161,0.84366,0.22839
0.25555,0.89844,0.22822
0.23886,0.95496,0.22822
0.22154,1.0132,0.22847
0.20362,1.073,0.22896
0.18663,1.125,0.2748
0.16946,1.1777,0.31119
0.15209,1.2311,0.34055
0.13451,1.2851,0.36477
0.11672,1.3398,0.38517
0.098728,1.3951,0.40258
0.08054,1.4509,0.4175
0.062161,1.5073,0.43024
0.043596,1.5642,0.44095
0.024851,1.6217,0.4497
0.0229,1.5837,0.34861
0.020526,1.5476,0.28265
0.017817,1.513,0.23478
0.014832,1.4797,0.19738
0.011617,1.4476,0.16686
0.0082121,1.4165,0.14119
0.0046512,1.3862,0.11932
0.00096543,1.3569,0.10047
-0.0028179,1.3282,0.084216
-0.0066746,1.3003,0.07013
0.0029878,1.2311,0.041606
0.011419,1.1672,0.021218
0.018775,1.1079,0.0068645
0.025193,1.0528,-0.0027322
0.030789,1.0013,-0.0083715
0.035665,0.95325,-0.01065
0.039883,0.90822,-0.011562
0.043466,0.86591,-0.014888
0.046483,0.82607,-0.020493
0.048998,0.78849,-0.028142
0.045268,0.81583,-0.03774
0.041608,0.8431,-0.049007
0.038034,0.87027,-0.061821
0.034564,0.89728,-0.076097
0.031215,0.92412,-0.091709
0.028004,0.95074,-0.10858
0.024945,0.97711,-0.12659
0.022055,1.0032,-0.14568
0.019346,1.029,-0.16571
0.016832,1.0544,-0.18665
-0.011131,1.0946,-0.25468
-0.039188,1.1359,-0.32046
-0.067332,1.1785,-0.38373
-0.095562,1.2224,-0.44487
-0.12388,1.2675,-0.50408
-0.15229,1.314,-0.56169
-0.18079,1.3617,-0.61757
-0.20938,1.4108,-0.67183
-0.23807,1.4612,-0.7241
-0.26685,1.5129,-0.77442
-0.26081,1.4758,-0.66897
-0.25514,1.4373,-0.59661
-0.24967,1.3979,-0.54133
-0.24435,1.358,-0.49602
-0.23913,1.3176,-0.45702
-0.234,1.2771,-0.42247
-0.22894,1.2364,-0.39132
-0.22393,1.1957,-0.36292
-0.21898,1.155,-0.33689
-0.21408,1.1145,-0.31287
-0.21241,1.1113,-0.26803
-0.21066,1.1078,-0.23252
-0.20882,1.1041,-0.20358
-0.20688,1.1003,-0.17948
-0.20484,1.0963,-0.15922
-0.20269,1.0922,-0.1421
-0.20045,1.0881,-0.12767
-0.19809,1.0838,-0.11555
-0.19562,1.0794,-0.10548
-0.19305,1.075,-0.097236
-0.20685,1.0699,-0.095695
-0.22007,1.0654,-0.095215
-0.23271,1.0615,-0.095514
-0.24478,1.0583,-0.096399
-0.25629,1.0555,-0.097768
-0.26723,1.0534,-0.099539
-0.27761,1.0517,-0.10167
-0.28744,1.0505,-0.10413
-0.29673,1.0497,-0.10691
-0.30547,1.0494,-0.10999
-0.31966,1.0731,-0.1237
-0.33348,1.0966,-0.1375
-0.34691,1.1202,-0.15141
-0.35996,1.1436,-0.16552
-0.37263,1.1669,-0.17992
-0.3849,1.1901,-0.19469
-0.39679,1.2131,-0.20987
-0.40828,1.236,-0.22551
-0.41939,1.2588,-0.24163
-0.4301,1.2814,-0.25826
-0.40368,1.2105,-0.27231
-0.37868,1.144,-0.28009
-0.35499,1.0813,-0.28338
-0.33251,1.0222,-0.28343
-0.31115,0.96634,-0.28105
-0.29082,0.91346,-0.2768
-0.27148,0.86336,-0.27105
-0.25305,0.81585,-0.26409
-0.23548,0.77077,-0.25612
-0.21872,0.72797,-0.24733
-0.1816,0.64899,-0.21783
-0.14631,0.57795,-0.19472
-0.11261,0.51418,-0.1758
-0.080324,0.45703,-0.15978
-0.049249,0.40592,-0.14592
-0.019227,0.36031,-0.1337
0.0098922,0.31974,-0.12281
0.038238,0.28378,-0.113
0.065933,0.25208,-0.10413
0.093089,0.2243,-0.096047
0.083879,0.26174,-0.077215
0.073874,0.30134,-0.064912
0.063043,0.34325,-0.057869
0.051361,0.38759,-0.055086
0.038808,0.43446,-0.055808
0.025371,0.48393,-0.059411
0.011037,0.53609,-0.065323
-0.0042506,0.59126,-0.070918
-0.020506,0.64954,-0.075357
-0.037717,0.71089,-0.078852
-0.049971,0.68611,-0.080742
-0.061217,0.66159,-0.079408
-0.071423,0.63719,-0.076709
-0.08058,0.61289,-0.073475
-0.088681,0.5887,-0.070237
-0.095736,0.56466,-0.067016
-0.10175,0.54086,-0.06378
-0.10673,0.51733,-0.06052
-0.11067,0.49415,-0.057259
-0.11359,0.47134,-0.054014
-0.1055,0.45332,-0.048012
-0.097592,0.4364,-0.035376
-0.089806,0.42031,-0.018416
-0.082116,0.40485,0.0012302
-0.074503,0.38993,0.022541
-0.066956,0.37545,0.044887
-0.059466,0.36138,0.067834
-0.05203,0.34769,0.091125
-0.044646,0.33435,0.11454
-0.03731,0.32135,0.13798
-0.040375,0.35665,0.13587
-0.043615,0.39413,0.13536
-0.047028,0.4338,0.13624
-0.050608,0.47562,0.13841
-0.054353,0.51958,0.14168
-0.058255,0.56566,0.14595
-0.06231,0.61384,0.15106
-0.066511,0.6641,0.15691
-0.070852,0.71643,0.16335
-0.075327,0.77079,0.17035
-0.070113,0.71858,0.11594
-0.065365,0.66928,0.077944
-0.061001,0.62241,0.050556
-0.056966,0.57771,0.030492
-0.053221,0.53501,0.015749
-0.049735,0.4942,0.0050342
-0.046482,0.4552,-0.0025187
-0.043441,0.41797,-0.0075336
-0.040592,0.38245,-0.010463
-0.037915,0.34862,-0.01166
-0.041749,0.35574,-0.013775
-0.045629,0.36317,-0.019168
-0.049546,0.37075,-0.031875
-0.053509,0.37856,-0.050897
-0.057524,0.38664,-0.075464
-0.061599,0.39506,-0.10499
-0.065738,0.40385,-0.13896
-0.069944,0.41307,-0.17702
-0.07422,0.42276,-0.21877
-0.078568,0.43296,-0.26397
-0.072708,0.42385,-0.24171
-0.066699,0.41431,-0.22598
-0.060566,0.40447,-0.21475
-0.054324,0.39439,-0.20676
-0.047987,0.38414,-0.2011
-0.041569,0.37376,-0.19721
-0.035079,0.3633,-0.19464
-0.028526,0.35278,-0.19313
-0.02192,0.34223,-0.19243
-0.015268,0.33169,-0.1924
-0.03224,0.34363,-0.13606
-0.048221,0.35597,-0.092505
-0.063221,0.3688,-0.058699
-0.077248,0.38217,-0.032573
-0.090309,0.39612,-0.012678
-0.10241,0.4107,0.0020424
-0.11356,0.42594,0.01236
-0.12375,0.44186,0.018863
-0.133,0.45849,0.022025
-0.14132,0.47569,0.025489
-0.12949,0.46941,0.031752
-0.11195,0.46534,0.04213
-0.088636,0.46323,0.056636
-0.059446,0.46292,0.075186
-0.024245,0.46427,0.097735
0.017115,0.4672,0.12421
0.064804,0.47168,0.15453
0.11899,0.47771,0.18859
0.17985,0.48534,0.22629
0.24754,0.49461,0.26754
0.2336,0.50325,0.22066
0.2201,0.51063,0.18208
0.20703,0.51688,0.14965
0.19436,0.52211,0.12211
0.1821,0.52637,0.098637
0.17023,0.52972,0.078726
0.15875,0.53219,0.062053
0.14764,0.53382,0.048401
0.13691,0.53465,0.037637
0.12655,0.5347,0.02966
0.1358,0.52652,0.02818
0.145,0.51879,0.027084
0.15416,0.51148,0.026321
0.16328,0.50458,0.025863
0.17237,0.49804,0.025715
0.18145,0.49186,0.025878
0.19051,0.48602,0.026374
0.19956,0.48049,0.027211
0.20861,0.47526,0.028417
0.21766,0.47031,0.03
0.19206,0.45145,0.028467
0.16773,0.43378,0.026339
0.14464,0.41723,0.023857
0.12279,0.40172,0.021179
0.10216,0.38721,0.018426
0.082744,0.37363,0.015672
0.064528,0.36094,0.012976
0.047503,0.34908,0.010369
0.031657,0.33803,0.0078824
0.016983,0.32774,0.0055273
0.024122,0.32614,0.0012406
0.031493,0.3245,-0.0019929
0.039095,0.32283,-0.0044528
0.046927,0.32114,-0.0063369
0.054989,0.31944,-0.0077826
0.063281,0.31773,-0.0088899
0.071802,0.31601,-0.0098934
0.080552,0.31427,-0.011066
0.08953,0.31252,-0.01237
0.098738,0.31077,-0.013773
0.08944,0.29202,-0.013655
0.080648,0.27387,-0.013588
0.072353,0.25633,-0.013546
0.064541,0.2394,-0.013519
0.057202,0.22307,-0.013512
0.050324,0.20735,-0.013532
0.043898,0.19222,-0.013592
0.037913,0.17769,-0.013698
0.032359,0.16376,-0.013865
0.027227,0.15042,-0.0141
0.040537,0.12208,-0.012055
0.052824,0.098049,-0.010033
0.064169,0.078058,-0.0081431
0.074644,0.06186,-0.0064644
0.084309,0.049244,-0.0050678
0.093216,0.040035,-0.0040037
0.10141,0.034103,-0.0033135
0.1089,0.031361,-0.0030254
0.11573,0.031757,-0.0030436
0.12287,0.031751,-0.0028109
0.10504,0.028434,-0.0027
0.089164,0.024431,-0.0023729
0.074656,0.021466,-0.002199
0.061285,0.020037,-0.0024041
0.048981,0.020073,-0.0030075
0.037675,0.021515,-0.004021
0.027299,0.024321,-0.0054508
0.017794,0.02847,-0.0072979
0.0091075,0.03396,-0.0095593
0.001205,0.040813,-0.012229
-0.0038848,0.044114,-0.013739
-0.0082561,0.047882,-0.015335
-0.011907,0.052104,-0.017013
-0.014829,0.056766,-0.01877
-0.017005,0.061859,-0.0206
-0.018701,0.067296,-0.022492
-0.021144,0.072738,-0.024414
-0.024493,0.078129,-0.026359
-0.028772,0.083456,-0.028322
-0.03401,0.088704,-0.030297
-0.033444,0.085171,-0.021638
-0.032908,0.081748,-0.014945
-0.032395,0.07844,-0.0098692
-0.031899,0.075252,-0.0061407
-0.031415,0.072186,-0.0035465
-0.030942,0.069242,-0.001917
-0.030475,0.066421,-0.0011158
-0.03001,0.063729,-0.00069235
-0.029538,0.061172,0.00027532
-0.02906,0.058739,0.0017651
-0.027032,0.052964,-0.00036912
-0.02517,0.047472,-0.0042758
-0.023482,0.042275,-0.013151
-0.021944,0.037422,-0.026165
-0.020534,0.032952,-0.042758
-0.019236,0.028893,-0.062554
-0.018036,0.025272,-0.085292
-0.016921,0.022108,-0.11079
-0.015883,0.019421,-0.13891
-0.014913,0.017222,-0.16951
-0.012117,0.017067,-0.13039
-0.0097652,0.016934,-0.099393
-0.0078425,0.016834,-0.074682
-0.0063393,0.016774,-0.054973
-0.0052492,0.016754,-0.039293
-0.0045674,0.016772,-0.026914
-0.0042899,0.016822,-0.017283
-0.0042,0.016948,-0.0099809
-0.003792,0.017262,-0.0047038
-0.003036,0.017754,-0.0012437
-0.0038007,0.017416,-0.0023531
-0.0042167,0.017162,-0.0037027
-0.0042956,0.016997,-0.0052888
-0.0044689,0.016821,-0.0071081
-0.0049893,0.016581,-0.0091632
-0.0058606,0.016283,-0.01145
-0.0070871,0.015934,-0.013971
-0.0086737,0.01554,-0.016722
-0.010626,0.015106,-0.019703
-0.012948,0.014632,-0.022912
-0.0090395,0.018402,-0.02205
-0.0068394,0.021975,-0.020995
-0.0063049,0.025353,-0.019839
-0.0066475,0.028716,-0.018654
-0.0055336,0.032627,-0.017477
-0.0027401,0.037117,-0.016336
0.0018259,0.042187,-0.015239
0.0082714,0.047845,-0.014184
0.016711,0.054104,-0.013159
0.027265,0.060978,-0.012152
0.027168,0.059844,-0.011557
0.027044,0.058721,-0.0113
0.026893,0.057606,-0.011334
0.026718,0.056496,-0.011624
0.026519,0.055389,-0.012148
0.026298,0.054284,-0.012892
0.026055,0.053179,-0.013849
0.025793,0.052074,-0.015016
0.025512,0.050967,-0.016393
0.025213,0.049856,-0.017982
0.023312,0.039702,-0.021149
0.021433,0.030671,-0.024468
0.019561,0.022804,-0.027952
0.017682,0.01614,-0.031615
0.015783,0.010715,-0.035469
0.013849,0.0065655,-0.039524
0.011867,0.0037205,-0.043791
0.0098252,0.0022049,-0.048278
0.0079318,0.0011237,-0.052983
0.006581,-0.0011925,-0.057892
0.0084876,-0.00083698,-0.067055
0.010698,-0.0004733,-0.077035
0.013222,-9.8321e-05,-0.087816
0.016069,0.00029236,-0.099371
0.019251,0.00070338,-0.11166
0.022775,0.0011421,-0.12463
0.026651,0.001615,-0.13823
0.030889,0.0021434,-0.1524
0.035496,0.0027328,-0.16706
0.04048,0.003398,-0.18217
0.041752,0.0045805,-0.14941
0.043036,0.0057012,-0.12126
0.044333,0.0067514,-0.097049
0.045645,0.0077291,-0.07629
0.046976,0.0086307,-0.058585
0.048328,0.0094594,-0.043621
0.049702,0.010217,-0.031155
0.051102,0.010907,-0.020982
0.052531,0.011533,-0.012948
0.05399,0.012097,-0.0069186
0.058866,0.013664,-0.0048424
0.063763,0.016333,-0.0031323
0.06857,0.020697,-0.0018051
0.073289,0.026857,-0.00086203
0.077917,0.034936,-0.00030952
0.082447,0.04507,-0.00015239
0.086865,0.05741,-8.336e-05
0.091157,0.072115,0.00037637
0.095308,0.08934,0.0012477
0.099303,0.10924,0.0025514
0.092375,0.10712,0.0050554
0.085698,0.10492,0.0078942
0.079269,0.10263,0.010925
0.073089,0.10026,0.01405
0.067156,0.097818,0.017195
0.061469,0.095305,0.020312
0.056026,0.092729,0.023362
0.050826,0.090093,0.026321
0.045867,0.087403,0.029167
0.041148,0.084663,0.031892
0.021018,0.081287,0.032907
0.0052208,0.078643,0.034106
-0.006311,0.076745,0.03544
-0.013636,0.075618,0.036883
-0.016805,0.075299,0.038411
-0.018131,0.075332,0.039999
-0.023299,0.074523,0.041594
-0.032603,0.07287,0.04319
-0.04609,0.07042,0.044774
-0.063816,0.067209,0.046337
-0.046742,0.083163,0.056291
-0.035181,0.098622,0.066634
-0.029146,0.11367,0.077371
-0.028661,0.12843,0.088519
-0.029966,0.14382,0.1001
-0.026237,0.16145,0.11215
-0.01733,0.18143,0.12461
-0.003232,0.20385,0.13743
0.016078,0.22878,0.15051
0.040627,0.25628,0.1638
0.051221,0.24026,0.1873
0.061835,0.22499,0.21117
0.07247,0.21047,0.23533
0.083128,0.19671,0.25978
0.093812,0.18368,0.28444
0.10453,0.17141,0.30932
0.11527,0.15988,0.33434
0.12606,0.14909,0.35951
0.13688,0.13904,0.38475
0.14775,0.12973,0.41007
0.15433,0.14724,0.39509
0.16104,0.16599,0.38128
0.16791,0.18598,0.36829
0.17494,0.20721,0.35596
0.18215,0.2297,0.34407
0.18954,0.25345,0.33251
0.19713,0.27846,0.32112
0.20492,0.30472,0.30985
0.21292,0.33224,0.29859
0.22113,0.36101,0.28731
0.20486,0.36756,0.2732
0.189,0.37418,0.26208
0.17355,0.38086,0.25313
0.15852,0.38762,0.24576
0.1439,0.39443,0.23959
0.12969,0.40131,0.23432
0.11588,0.40825,0.22976
0.10247,0.41525,0.22577
0.089464,0.42231,0.22223
0.076851,0.42942,0.21907
0.085079,0.41951,0.26173
0.093294,0.41021,0.30347
0.1015,0.40147,0.34445
0.10971,0.39329,0.38481
0.11792,0.38563,0.42473
0.12615,0.37847,0.46438
0.13438,0.37178,0.50384
0.14264,0.36556,0.54325
0.15092,0.35978,0.58261
0.15923,0.35441,0.62204
0.15177,0.35253,0.65791
0.14454,0.35072,0.6963
0.13754,0.34896,0.73669
0.13076,0.34725,0.77891
0.12421,0.34558,0.82256
0.11787,0.34395,0.86764
0.11174,0.34236,0.91382
0.10582,0.3408,0.96119
0.10011,0.33927,1.0094
0.094611,0.33775,1.0587
0.087182,0.34828,0.97167
0.07994,0.3596,0.89668
0.072851,0.37162,0.8303
0.065891,0.38429,0.77057
0.059038,0.39757,0.71597
0.052276,0.41145,0.66556
0.045588,0.4259,0.61863
0.038962,0.44091,0.57467
0.032387,0.45649,0.53336
0.025854,0.47263,0.49435
0.027338,0.45644,0.50289
0.028693,0.44046,0.50924
0.02992,0.42471,0.51418
0.031027,0.40922,0.5181
0.032017,0.39399,0.52142
0.032895,0.37903,0.52431
0.033666,0.36435,0.52699
0.034335,0.34994,0.52953
0.034905,0.33581,0.53207
0.035382,0.32195,0.53461
0.031373,0.28813,0.5275
0.027711,0.2567,0.52137
0.024382,0.22755,0.51607
0.021371,0.2006,0.51144
0.018664,0.17574,0.50741
0.016248,0.1529,0.50387
0.014109,0.13201,0.50078
0.012236,0.11297,0.49806
0.010617,0.095747,0.49568
0.0092398,0.08026,0.49357
0.0072051,0.10235,0.41872
0.0048088,0.12832,0.35175
0.0020403,0.15826,0.29169
-0.0011121,0.19227,0.2378
-0.0046603,0.23046,0.18966
-0.0086162,0.27297,0.1469
-0.01299,0.31994,0.10938
-0.017789,0.37148,0.076899
-0.023021,0.42772,0.049404
-0.028687,0.48875,0.026787
-0.017606,0.45735,0.01852
-0.0067384,0.42735,0.012986
0.0038983,0.39867,0.009295
0.014293,0.37127,0.0068337
0.024436,0.3451,0.0052503
0.03432,0.32014,0.0042751
0.043941,0.29634,0.0037653
0.053294,0.2737,0.003599
0.062376,0.25217,0.0037233
0.071188,0.23174,0.0040848
0.07151,0.25079,-0.00011749
0.071767,0.27066,-0.0036
0.071966,0.29136,-0.0058728
0.072115,0.3129,-0.0067023
0.072168,0.33522,-0.0087448
0.072109,0.35832,-0.013185
0.071931,0.38219,-0.020312
0.07163,0.40683,-0.03038
0.071204,0.43223,-0.043586
0.070651,0.4584,-0.060118
0.055394,0.48518,-0.02022
0.03993,0.51267,-0.0086979
0.024739,0.54128,0.0020348
0.010163,0.57127,0.031371
-0.0038401,0.60257,0.07661
-0.017297,0.63515,0.13577
-0.030233,0.66898,0.20737
-0.042668,0.70405,0.29023
-0.05462,0.74036,0.38335
-0.066109,0.7779,0.48596
-0.04017,0.6887,0.45485
-0.014117,0.60658,0.44007
0.011994,0.53116,0.435
0.038154,0.46215,0.43625
0.064372,0.39931,0.44165
0.090666,0.34244,0.45006
0.11706,0.29137,0.46056
0.14356,0.24594,0.47271
0.17021,0.20604,0.48601
0.19703,0.17154,0.50026
0.18562,0.16819,0.47195
0.17457,0.16508,0.447
0.16385,0.1622,0.42461
0.15345,0.15952,0.40432
0.14338,0.15704,0.38571
0.13362,0.15473,0.36854
0.12417,0.1526,0.35256
0.11503,0.15064,0.33762
0.1062,0.14883,0.32359
0.097672,0.14717,0.31036
0.11562,0.16327,0.2631
0.13531,0.18052,0.22194
0.15669,0.19893,0.18589
0.17975,0.21849,0.15422
0.20447,0.2392,0.12637
0.23083,0.26107,0.10185
0.25883,0.2841,0.080318
0.28845,0.30828,0.061437
0.31968,0.3336,0.044984
0.35254,0.36007,0.030731
0.36854,0.34367,0.042556
0.38441,0.32756,0.051606
0.40014,0.31177,0.058164
0.41573,0.29635,0.062603
0.43117,0.28132,0.065352
0.44646,0.26673,0.066739
0.46159,0.25262,0.067072
0.47656,0.239,0.066558
0.49137,0.22592,0.065389
0.50601,0.2134,0.063686
0.47853,0.21862,0.02081
0.45207,0.22521,-0.0010802
0.42648,0.23299,-0.0087253
0.40162,0.24171,-0.011495
0.37734,0.25111,-0.021522
0.35362,0.26121,-0.037631
0.33046,0.27202,-0.058685
0.30782,0.28357,-0.083906
0.2857,0.29586,-0.11268
0.26408,0.30892,-0.14457
0.24672,0.25829,-0.13094
0.22969,0.21329,-0.12079
0.21304,0.1736,-0.11276
0.19679,0.1389,-0.10609
0.18096,0.10892,-0.1003
0.16558,0.083393,-0.095098
0.15067,0.062072,-0.090295
0.13622,0.044725,-0.085784
0.12228,0.031136,-0.081477
0.10883,0.021104,-0.077333
0.11143,0.026701,-0.080358
0.11384,0.033859,-0.083524
0.11607,0.042607,-0.086817
0.1181,0.052977,-0.090231
0.11993,0.065002,-0.093754
0.12156,0.078716,-0.097381
0.12298,0.094155,-0.1011
0.12419,0.11135,-0.10491
0.12518,0.13034,-0.10879
0.12596,0.15114,-0.11274
0.12772,0.14034,-0.081754
0.12929,0.12982,-0.058613
0.1307,0.11964,-0.041267
0.13196,0.10984,-0.028307
0.13309,0.10045,-0.018742
0.13408,0.0915,-0.011844
0.13495,0.083004,-0.007085
0.1357,0.074981,-0.0040557
0.13634,0.067446,-0.0024483
0.13686,0.06041,-0.0019834
0.16141,0.08004,-0.00059293
0.18852,0.1029,0.0037047
0.21828,0.12908,0.010807
0.25079,0.15862,0.02058
0.28616,0.19161,0.032862
0.32445,0.22808,0.047497
0.36576,0.26808,0.064319
0.41013,0.31165,0.083187
0.45764,0.35882,0.10394
0.50832,0.40962,0.12644
0.53835,0.41893,0.058711
0.56947,0.42844,0.020509
0.60159,0.43809,0.0004582
0.63469,0.44783,-0.0078614
0.66872,0.45762,-0.0097597
0.70358,0.46741,-0.015552
0.73926,0.47721,-0.025547
0.77578,0.48701,-0.038775
0.81314,0.4968,-0.054537
0.85134,0.5066,-0.072311
0.79612,0.43712,-0.043977
0.74397,0.37463,-0.029733
0.69472,0.31866,-0.021894
0.64816,0.26877,-0.017254
0.60412,0.22457,-0.014334
0.56244,0.18572,-0.012414
0.52295,0.15193,-0.011118
0.48551,0.12293,-0.010243
0.44998,0.098456,-0.0096769
0.41625,0.0783,-0.0093602
0.40067,0.078384,-0.0088275
0.3856,0.078808,-0.00812
0.37102,0.079581,-0.0073349
0.3569,0.080712,-0.0065482
0.34322,0.082209,-0.0058179
0.32995,0.084082,-0.0051867
0.31707,0.086339,-0.0046851
0.30456,0.08899,-0.0043344
0.29239,0.092043,-0.0041489
0.28054,0.095507,-0.004026
0.29465,0.081753,-0.0026438
0.30878,0.070221,0.00088375
0.32294,0.060909,0.0065819
0.33711,0.053817,0.014463
0.35132,0.048945,0.024531
0.36555,0.046293,0.036781
0.37983,0.045859,0.051202
0.39423,0.046934,0.067787
0.40914,0.046262,0.086528
0.42461,0.04344,0.10742
0.38536,0.041395,0.14621
0.3484,0.039063,0.18455
0.31367,0.036451,0.22202
0.2811,0.033565,0.25848
0.25065,0.030411,0.29389
0.22224,0.027309,0.32832
0.19574,0.024924,0.36174
0.17112,0.02326,0.39429
0.14833,0.022303,0.42593
0.12736,0.022041,0.4568
0.11451,0.018423,0.44229
0.10248,0.015376,0.4352
0.091258,0.01288,0.43367
0.080812,0.010917,0.43659
0.071133,0.0094736,0.44303
0.062239,0.0082934,0.45244
0.054182,0.0068329,0.46431
0.046959,0.0050727,0.47836
0.040563,0.0030134,0.49425
0.03499,0.00065403,0.51184
0.035284,0.0022674,0.47263
0.035698,0.0034447,0.43508
0.036227,0.0042278,0.39913
0.036871,0.0046534,0.36484
0.037627,0.0047557,0.33218
0.038458,0.0048945,0.30113
0.039336,0.00534,0.2717
0.040264,0.0060683,0.24385
0.041247,0.0070593,0.21758
0.042287,0.0082953,0.19285
0.044908,0.014724,0.13909
0.047668,0.024244,0.096363
0.050561,0.036872,0.062515
0.053597,0.052682,0.036273
0.056796,0.071792,0.017026
0.06018,0.094342,0.0044666
0.063771,0.12048,-0.0015259
0.067528,0.15036,-0.003381
0.071212,0.1841,-0.010528
0.074812,0.22184,-0.023769
0.055299,0.16704,-0.034274
0.038862,0.12063,-0.047953
0.025313,0.08227,-0.064619
0.014469,0.051609,-0.084066
0.0061492,0.028313,-0.10601
0.00017872,0.012064,-0.13024
-0.003595,0.0025809,-0.15661
-0.0052959,-0.00034606,-0.18522
-0.0075123,-0.0040673,-0.21612
-0.012035,-0.014453,-0.24944
-0.0081785,-0.011062,-0.18356
-0.0051456,-0.008344,-0.13225
-0.0029096,-0.0061998,-0.092361
-0.0014647,-0.0045474,-0.061718
-0.0007439,-0.0033079,-0.03865
0.00021208,-0.0023234,-0.021908
0.0017533,-0.0014995,-0.010451
0.0039331,-0.00077219,-0.0034531
0.0067609,-8.765e-05,-0.00039103
0.010246,0.00057961,0.00061923
0.011683,0.0012502,-0.00029529
0.013112,0.003154,-0.00073954
0.014391,0.0070751,-0.0023638
0.015499,0.013024,-0.0052545
0.016427,0.021013,-0.00944
0.01717,0.031057,-0.014935
0.017725,0.043171,-0.021744
0.018093,0.05737,-0.029856
0.018275,0.073669,-0.039252
0.018273,0.092082,-0.049904
0.013787,0.067695,-0.085029
0.0095804,0.047112,-0.12677
0.0056228,0.030291,-0.17442
0.0018831,0.017197,-0.22768
-0.0016628,0.0078094,-0.2865
-0.005025,0.0021205,-0.35102
-0.0081939,0.00013713,-0.42129
-0.010819,-0.0017774,-0.49739
-0.012533,-0.0073103,-0.57905
-0.013685,-0.016518,-0.66611
-0.014547,-0.0053732,-0.66915
-0.014924,-0.00029091,-0.67437
-0.015026,0.0013487,-0.68083
-0.015595,0.0082037,-0.68827
-0.016673,0.021005,-0.6961
-0.018255,0.039809,-0.70424
-0.020331,0.064701,-0.71231
-0.022901,0.095788,-0.7203
-0.025961,0.13319,-0.72791
-0.029512,0.17704,-0.7352
-0.027669,0.18844,-0.61807
-0.026339,0.20007,-0.52125
-0.025406,0.21194,-0.43964
-0.024792,0.22406,-0.36995
-0.024443,0.23644,-0.30991
-0.024317,0.24909,-0.2578
-0.024385,0.26202,-0.21251
-0.024623,0.27524,-0.17302
-0.025013,0.28875,-0.13875
-0.02554,0.30257,-0.10906
-0.021412,0.25407,-0.11215
-0.017457,0.21022,-0.11337
-0.013646,0.17089,-0.11327
-0.0099467,0.13596,-0.11219
-0.0063267,0.10531,-0.11043
-0.0027498,0.078831,-0.10816
0.00082031,0.056419,-0.10554
0.00442,0.037972,-0.10266
0.0080831,0.023393,-0.099598
0.011839,0.01259,-0.096396
0.0072045,0.015331,-0.11046
0.0034412,0.018491,-0.1256
0.00056085,0.022052,-0.1418
-0.001412,0.026001,-0.159
-0.0024437,0.030322,-0.1772
-0.0029213,0.034968,-0.19634
-0.0042806,0.03982,-0.21644
-0.0066777,0.044852,-0.23747
-0.010155,0.050051,-0.25943
-0.014753,0.055402,-0.28235
-0.016389,0.05584,-0.24198
-0.0182,0.056173,-0.20585
-0.02018,0.05641,-0.17353
-0.022323,0.056558,-0.14466
-0.024623,0.056624,-0.11898
-0.027075,0.056617,-0.09624
-0.029675,0.056543,-0.076267
-0.032416,0.05641,-0.058888
-0.035294,0.056227,-0.043984
-0.038302,0.055999,-0.031431
-0.039841,0.067703,-0.030904
-0.041373,0.080527,-0.030289
-0.042898,0.094479,-0.029594
-0.044413,0.10957,-0.028806
-0.045918,0.1258,-0.027938
-0.047413,0.14318,-0.026983
-0.048898,0.16172,-0.025959
-0.050372,0.18143,-0.024865
-0.051837,0.20231,-0.02372
-0.053292,0.22436,-0.022529
-0.036984,0.20505,-0.018832
-0.024337,0.1865,-0.015408
-0.015375,0.16868,-0.012314
-0.010119,0.1516,-0.0095828
-0.0080942,0.13528,-0.0072336
-0.003926,0.12005,-0.005159
0.0038736,0.106,-0.0033288
0.015321,0.093099,-0.0017373
0.030426,0.081355,-0.00038147
0.049194,0.070753,0.00074327
0.03236,0.072048,0.00065412
0.018536,0.073882,0.0010526
0.0078052,0.076219,0.0022085
0.00024629,0.079008,0.0039486
-0.0040856,0.082183,0.0061725
-0.0053643,0.085657,0.008827
-0.0080733,0.089089,0.011764
-0.014031,0.092305,0.014921
-0.023189,0.095254,0.018288
-0.03549,0.097897,0.021854
-0.02852,0.085148,0.0078871
-0.022435,0.073289,0.00083487
-0.017198,0.062319,-0.00085665
-0.012631,0.052216,-0.0032319
-0.0086508,0.04297,-0.009248
-0.0052802,0.034584,-0.018354
-0.0025386,0.027063,-0.03016
-0.000441,0.020408,-0.044416
0.001003,0.01462,-0.060992
0.0020011,0.0097125,-0.079869
0.001155,0.019626,-0.069904
0.00015549,0.033113,-0.060624
-0.0010076,0.050459,-0.052018
-0.0023462,0.071983,-0.044101
-0.0038716,0.098011,-0.036879
-0.0055948,0.12887,-0.030372
-0.0075244,0.16486,-0.024595
-0.0096685,0.20629,-0.019568
-0.012032,0.25343,-0.015307
-0.01462,0.30653,-0.011822
-0.01409,0.29998,-0.012779
-0.013571,0.29347,-0.013331
-0.013063,0.28699,-0.013511
-0.012566,0.28054,-0.013366
-0.01208,0.27413,-0.012945
-0.011605,0.26776,-0.012301
-0.011139,0.26143,-0.011482
-0.010684,0.25515,-0.010534
-0.010238,0.2489,-0.0095004
-0.0098021,0.24269,-0.008422
-0.0076173,0.19603,-0.016661
-0.0056126,0.15559,-0.028721
-0.0037762,0.12082,-0.044542
-0.0020984,0.091215,-0.064049
-0.00056918,0.066303,-0.087161
0.00081933,0.045671,-0.11381
0.0020735,0.028958,-0.14392
0.0031955,0.015877,-0.17746
0.0041836,0.0062264,-0.21438
0.0050307,-9.193e-05,-0.25468
0.0047907,-0.0014172,-0.276
0.0048792,-0.0024773,-0.29756
0.0047064,-0.0032876,-0.31927
0.0041063,-0.0038453,-0.34114
0.003099,-0.0042777,-0.36305
0.0017162,-0.0049974,-0.385
-2.5519e-05,-0.0060387,-0.40686
-0.0021112,-0.0074099,-0.42866
-0.0045257,-0.0091179,-0.45026
-0.0072567,-0.01117,-0.4717
-0.0035425,-0.0076457,-0.4629
-0.00064462,-0.005944,-0.45525
0.0014146,-0.0053759,-0.44833
0.0025474,-0.0034314,-0.44201
0.0027502,0.00013105,-0.43602
0.0024365,0.0053201,-0.43026
0.0028687,0.012188,-0.42456
0.0041373,0.020758,-0.41885
0.0062468,0.031059,-0.41301
0.0092024,0.043129,-0.40701
0.0097779,0.045512,-0.42278
0.010384,0.048005,-0.43992
0.01102,0.050612,-0.45836
0.011685,0.053343,-0.47805
0.012379,0.056199,-0.49892
0.013103,0.059189,-0.52095
0.013856,0.062314,-0.54404
0.014639,0.065577,-0.56819
0.015454,0.068972,-0.59331
0.016299,0.072501,-0.6194
0.017715,0.0931,-0.69169
0.019159,0.11616,-0.7645
0.020643,0.14167,-0.83718
0.022176,0.16964,-0.90944
0.023771,0.20006,-0.98084
0.025439,0.23294,-1.0514
0.027195,0.26827,-1.1209
0.029047,0.30607,-1.1896
0.03101,0.34635,-1.2571
0.033093,0.38912,-1.3238
0.043514,0.38104,-1.0357
0.053774,0.37334,-0.81199
0.064024,0.36609,-0.63254
0.07434,0.35926,-0.4862
0.084765,0.35281,-0.36615
0.095325,0.3467,-0.26769
0.10603,0.34089,-0.18795
0.11691,0.33531,-0.12451
0.12795,0.32994,-0.075924
0.13917,0.32472,-0.04082
0.12771,0.34719,-0.072976
0.11652,0.37039,-0.11087
0.10561,0.39435,-0.15283
0.095011,0.41909,-0.19762
0.084738,0.44463,-0.24458
0.074812,0.47096,-0.29318
0.065246,0.49806,-0.3432
0.056065,0.52593,-0.39441
0.047279,0.55452,-0.44676
0.038904,0.58383,-0.50017
0.039436,0.51942,-0.36401
0.038971,0.46014,-0.26385
0.03777,0.40567,-0.18809
0.036004,0.35569,-0.13013
0.033799,0.30992,-0.08597
0.031252,0.26812,-0.052928
0.028447,0.23005,-0.029213
0.025458,0.1955,-0.013467
0.022353,0.16429,-0.004703
0.019195,0.13624,-0.0020351
0.025734,0.16535,-0.0029003
0.033208,0.19801,-0.0049276
0.041624,0.23434,-0.0081361
0.050987,0.27448,-0.012453
0.061307,0.31852,-0.017824
0.072593,0.36655,-0.024182
0.084852,0.41864,-0.031488
0.098095,0.47485,-0.039689
0.11233,0.53521,-0.048768
0.12757,0.59976,-0.058698
0.10443,0.62633,-0.024596
0.083258,0.65367,-0.01107
0.064226,0.68188,-0.0075025
0.0476,0.71119,0.0066217
0.033374,0.74156,0.030983
0.021526,0.77294,0.064095
0.012039,0.80529,0.10484
0.0048996,0.83859,0.15236
9.6298e-05,0.87281,0.20592
-0.0023836,0.90795,0.26493
-0.002369,0.84436,0.12298
-0.0013514,0.78556,0.044533
0.00037056,0.73074,0.0045201
0.0026447,0.67938,-0.0097508
0.0052987,0.63098,-0.014153
0.0080984,0.58496,-0.031848
0.011075,0.54114,-0.061347
0.014259,0.4994,-0.10085
0.017675,0.45961,-0.14906
0.021342,0.42165,-0.20507
0.018471,0.41908,-0.18655
0.015857,0.41627,-0.17232
0.013494,0.41325,-0.16103
0.011371,0.41004,-0.15185
0.0094776,0.40667,-0.14415
0.0078029,0.40314,-0.13753
0.0063362,0.39948,-0.13169
0.0050658,0.3957,-0.12642
0.0039818,0.39179,-0.12156
0.0030728,0.38777,-0.11701
0.0021142,0.40829,-0.12043
0.0014044,0.42934,-0.1234
0.00093827,0.45093,-0.12594
0.00070942,0.47304,-0.12811
0.00071389,0.49567,-0.12992
0.00093672,0.51881,-0.13142
0.0011035,0.54245,-0.13263
0.0010905,0.56657,-0.13357
0.00090162,0.59118,-0.13425
0.00053807,0.61626,-0.13469
0.00016936,0.60575,-0.1485
-0.00027085,0.59567,-0.16258
-0.00078036,0.58599,-0.17695
-0.0013595,0.57668,-0.1916
-0.0020061,0.56773,-0.20651
-0.0027206,0.55911,-0.22168
-0.0035011,0.5508,-0.2371
-0.004348,0.54278,-0.25276
-0.0052594,0.53504,-0.26862
-0.0062354,0.52756,-0.2847
-0.0019474,0.53627,-0.2316
0.0013445,0.54425,-0.18818
0.0036875,0.55159,-0.15218
0.0051178,0.55837,-0.12215
0.005705,0.56463,-0.097083
0.0065903,0.57041,-0.076263
0.0082896,0.57573,-0.059186
0.010787,0.58062,-0.04547
0.014071,0.5851,-0.034842
0.018129,0.5892,-0.027076
0.019172,0.57835,-0.023522
0.020258,0.5677,-0.02116
0.021392,0.55725,-0.019623
0.022572,0.547,-0.018664
0.023801,0.53694,-0.018113
0.025079,0.52706,-0.017851
0.026408,0.51736,-0.017762
0.027787,0.50783,-0.017585
0.029218,0.49849,-0.017313
0.030701,0.4893,-0.01698
0.037621,0.50387,-0.019486
0.045378,0.51842,-0.026386
0.053981,0.53295,-0.037436
0.063434,0.54749,-0.051595
0.073743,0.56206,-0.068163
0.08491,0.57667,-0.086661
0.09694,0.59131,-0.10677
0.10984,0.606,-0.12825
0.1236,0.62071,-0.15094
0.13823,0.63544,-0.17473
0.17049,0.58391,-0.12251
0.20648,0.53559,-0.085195
0.24618,0.49014,-0.058259
0.2896,0.44726,-0.039071
0.33674,0.40668,-0.026002
0.38761,0.36818,-0.018017
0.44226,0.33157,-0.014419
0.50069,0.29688,-0.011026
0.56294,0.26415,-0.0041519
0.62906,0.23328,0.0059432
0.57434,0.19754,0.004165
0.52297,0.16578,0.0022592
0.47477,0.13768,0.0004427
0.4296,0.11294,-0.0010979
0.38732,0.091297,-0.0022012
0.34783,0.072501,-0.0027229
0.31098,0.056333,-0.0025342
0.27669,0.042548,-0.0023327
0.24485,0.030894,-0.0032408
0.21536,0.021185,-0.0053512
0.19408,0.022583,-0.0094663
0.17413,0.023832,-0.013689
0.15547,0.024952,-0.017647
0.13807,0.025955,-0.021146
0.12188,0.026847,-0.024094
0.10687,0.027631,-0.02646
0.092999,0.02831,-0.028249
0.080237,0.028885,-0.029486
0.06855,0.029357,-0.030208
0.057906,0.029727,-0.030459
0.064475,0.036816,-0.042297
0.071292,0.045051,-0.056018
0.078344,0.054538,-0.071501
0.085625,0.065381,-0.088607
0.093127,0.077678,-0.10717
0.10085,0.091521,-0.12704
0.10878,0.107,-0.14804
0.11692,0.12418,-0.17005
0.12526,0.14314,-0.1929
0.13382,0.16394,-0.21649
0.13269,0.18393,-0.14441
0.13154,0.20345,-0.093786
0.13039,0.22283,-0.058846
0.12925,0.24227,-0.035857
0.12814,0.26192,-0.022249
0.12705,0.28189,-0.016196
0.12599,0.30228,-0.015591
0.12502,0.32354,-0.012005
0.12414,0.34574,-0.0039799
0.12335,0.36882,0.0078978
0.14489,0.337,0.0039574
0.16841,0.30667,0.0016303
0.19389,0.27773,0.00030086
0.22135,0.25013,-0.00040028
0.25079,0.22382,-0.00071358
0.28222,0.19875,-0.00078877
0.31568,0.17488,-0.0007306
0.35119,0.15221,-0.00060584
0.3888,0.13069,-0.00046498
0.42853,0.11031,-0.00034076
0.38835,0.089679,0.0056277
0.3504,0.071756,0.01142
0.31464,0.056302,0.016878
0.28101,0.043104,0.021945
0.24948,0.031966,0.026601
0.22,0.022711,0.030857
0.19255,0.015176,0.03472
0.16707,0.00921,0.038211
0.14355,0.0046719,0.041339
0.12195,0.0014303,0.044128
0.11457,1.7601e-05,0.031099
0.10757,-0.0011158,0.021448
0.10092,-0.0020064,0.014318
0.094601,-0.0026808,0.0090963
0.088592,-0.0031591,0.0053325
0.082878,-0.0034563,0.002691
0.077441,-0.0035845,0.00091798
0.07227,-0.003553,-0.00018068
0.06735,-0.0033865,-0.00075447
0.062662,-0.0032989,-0.00091635
0.081553,-0.0043453,-0.0018766
0.10336,-0.005589,-0.0043694
0.12822,-0.0070341,-0.0084254
0.15624,-0.0086838,-0.01405
0.18756,-0.01054,-0.021232
0.22227,-0.012606,-0.02995
0.26049,-0.014882,-0.040176
0.30232,-0.017369,-0.051883
0.34784,-0.020071,-0.06504
0.39714,-0.022987,-0.079622
0.3252,-0.018312,-0.070127
0.26114,-0.014588,-0.064746
0.20474,-0.011088,-0.062146
0.15576,-0.0073254,-0.061599
0.11395,-0.0032275,-0.062674
0.079045,0.0012763,-0.065128
0.050804,0.006255,-0.068794
0.028978,0.011771,-0.073558
0.013342,0.017872,-0.079293
0.0037114,0.024573,-0.08585
0.011868,0.017706,-0.059707
0.024123,0.01157,-0.039046
0.040523,0.006104,-0.023171
0.061207,0.0012829,-0.011785
0.086365,-0.0028794,-0.0048795
0.1162,-0.0063406,-0.0025895
0.151,-0.0091117,-0.0015893
0.19103,-0.012171,0.0039838
0.2364,-0.016796,0.014224
0.28727,-0.023073,0.029084
0.27159,-0.019208,0.017083
0.2562,-0.016629,0.0086742
0.24112,-0.015237,0.0028803
0.22644,-0.013554,-0.00090298
0.21221,-0.010847,-0.0030967
0.19845,-0.0071516,-0.0040028
0.18517,-0.0024964,-0.0038838
0.17236,0.0031319,-0.0040466
0.16001,0.0097275,-0.004943
0.14816,0.017273,-0.0064853
0.1525,0.020696,-0.0044093
0.15693,0.0244,-0.0030438
0.16147,0.028385,-0.002272
0.1661,0.03265,-0.0019839
0.17086,0.037174,-0.0015716
0.17574,0.041947,-0.00077957
0.18074,0.046973,0.00033536
0.18588,0.052254,0.0017264
0.19113,0.057792,0.0033532
0.19652,0.063591,0.0051811
0.21373,0.063712,0.012656
0.23149,0.063815,0.022745
0.24977,0.063913,0.035136
0.26854,0.064016,0.049568
0.28778,0.064131,0.065813
0.30748,0.064261,0.083689
0.32764,0.064404,0.10303
0.34824,0.064562,0.1237
0.36928,0.06473,0.14557
0.39076,0.064904,0.16854
0.39087,0.079048,0.12317
0.39121,0.09333,0.08924
0.39175,0.10789,0.063586
0.39245,0.12284,0.044149
0.39329,0.13823,0.02951
0.39425,0.15412,0.018685
0.39532,0.17053,0.010975
0.39649,0.1875,0.0058663
0.39777,0.20504,0.0029867
0.39913,0.22316,0.0020467
0.3585,0.23877,0.0029767
0.32052,0.25504,0.0032794
0.28514,0.27197,0.0029193
0.25234,0.28954,0.0020228
0.22206,0.30773,0.00069268
0.19429,0.32653,-0.0010039
0.16898,0.34592,-0.0030044
0.14613,0.36589,-0.0052682
0.1257,0.38641,-0.0077537
0.10768,0.40747,-0.010438
0.10555,0.37113,0.0014479
0.10324,0.33603,0.0063776
0.1008,0.30221,0.0064806
0.09836,0.26961,0.0083513
0.095953,0.23829,0.013694
0.093589,0.2084,0.022014
0.091275,0.18004,0.032971
0.089021,0.15333,0.046318
0.086839,0.12838,0.061879
0.08474,0.10528,0.079514
0.09413,0.10026,0.071599
0.10415,0.095274,0.064634
0.11481,0.090303,0.058452
0.12612,0.085343,0.052928
0.13809,0.080386,0.047954
0.15073,0.075426,0.043453
0.16405,0.070459,0.039353
0.17807,0.06548,0.035604
0.19281,0.060488,0.032156
0.20826,0.05548,0.028976
0.23303,0.042219,0.013889
0.25954,0.029632,0.0037877
0.28776,0.01773,-0.0022518
0.31768,0.0065257,-0.0049295
0.34928,-0.0039761,-0.0060972
0.38249,-0.013797,-0.0094114
0.41732,-0.022937,-0.014746
0.45377,-0.031394,-0.021816
0.49185,-0.039162,-0.030384
0.53156,-0.046235,-0.040253
0.49705,-0.03965,-0.076131
0.46351,-0.031804,-0.123
0.43099,-0.02276,-0.17972
0.39954,-0.012564,-0.24548
0.36921,-0.0012531,-0.31958
0.34004,0.01115,-0.40155
0.31206,0.024633,-0.49085
0.2853,0.039192,-0.58715
0.25978,0.054836,-0.68992
0.23553,0.071581,-0.79894
0.22035,0.060543,-0.57519
0.20621,0.049578,-0.41672
0.19314,0.039149,-0.30013
0.18111,0.029498,-0.21269
0.17008,0.020755,-0.14655
0.15996,0.013002,-0.0967
0.15068,0.0062782,-0.059756
0.14217,0.00061135,-0.033289
0.13435,-0.0039802,-0.015576
0.12714,-0.0074802,-0.0052916
0.13893,-0.00852,-0.0033907
0.15112,-0.0096294,-0.0022641
0.16373,-0.010811,-0.0020055
0.17675,-0.01203,-0.0015726
0.19019,-0.013259,-8.5593e-05
0.20404,-0.014496,0.0025502
0.21829,-0.015739,0.0064164
0.23295,-0.016987,0.0116
0.24801,-0.018241,0.018165
0.26346,-0.019499,0.026187
0.26878,-0.016271,0.014964
0.27428,-0.011985,0.0067376
0.28,-0.0066593,0.0010349
0.28592,-0.00030431,-0.0024889
0.29207,0.0070712,-0.0041102
0.29845,0.015442,-0.0048702
0.30502,0.024753,-0.0070457
0.31181,0.035013,-0.010629
0.31881,0.046234,-0.015508
0.32605,0.058428,-0.02159
0.31987,0.060282,-0.045222
0.31374,0.06194,-0.077041
0.30764,0.063464,-0.11574
0.30155,0.064902,-0.16039
0.29548,0.066293,-0.21029
0.28942,0.067667,-0.26494
0.28336,0.069049,-0.32393
0.27731,0.070461,-0.38697
0.27125,0.071921,-0.45373
0.26521,0.073443,-0.52406
0.25395,0.091437,-0.37442
0.2425,0.10877,-0.26372
0.23103,0.12569,-0.18057
0.21968,0.14238,-0.11817
0.20853,0.15895,-0.072091
0.19765,0.17551,-0.039384
0.18709,0.19213,-0.017992
0.17687,0.20888,-0.006425
0.16704,0.22583,-0.003328
0.15775,0.24309,0.0021771
0.16214,0.1925,0.0017467
0.16756,0.14814,0.0016421
0.17396,0.10952,0.0017089
0.1813,0.076225,0.0018813
0.18955,0.047889,0.0021216
0.19868,0.024218,0.0024191
0.20868,0.0049728,0.0027649
0.21953,-0.010029,0.0031631
0.23122,-0.020917,0.0036129
0.24378,-0.027771,0.0041226
0.23856,-0.026861,0.0043388
0.23344,-0.025898,0.0043905
0.22839,-0.024879,0.0042964
0.22343,-0.023801,0.004082
0.21855,-0.022663,0.0037661
0.21375,-0.021463,0.0033718
0.20903,-0.020198,0.0029165
0.2044,-0.018866,0.0024202
0.19984,-0.017467,0.001898
0.19536,-0.015997,0.0013673
0.20769,-0.013868,0.0006902
0.22032,-0.011059,9.6698e-05
0.23326,-0.0075613,-0.00042494
0.2465,-0.0033654,-0.00088326
0.26003,0.0015357,-0.0012869
0.27386,0.0071496,-0.0016425
0.28798,0.013482,-0.0019562
0.30238,0.020538,-0.0022332
0.31708,0.028322,-0.0024777
0.33208,0.036839,-0.0026935
0.31898,0.05537,-0.002705
0.30634,0.075444,-0.002541
0.29421,0.097051,-0.0022859
0.28259,0.12018,-0.0019919
0.27153,0.14484,-0.0016832
0.26103,0.17102,-0.0013757
0.25112,0.19871,-0.0010739
0.24182,0.22793,-0.0007825
0.23313,0.25867,-0.00049913
0.22506,0.29094,-0.0002246
0.20108,0.2972,0.002571
0.1792,0.30315,0.0087203
0.1593,0.3088,0.01723
0.1413,0.31418,0.027483
0.1251,0.31931,0.039094
0.11065,0.32419,0.051807
0.097875,0.32884,0.065449
0.086727,0.33327,0.0799
0.077158,0.33749,0.095067
0.069129,0.3415,0.11089
0.079669,0.33724,0.050321
0.092764,0.33257,0.015873
0.10836,0.32754,0.00097102
0.12642,0.32216,-0.0028724
0.14677,0.31646,-0.016419
0.16948,0.31039,-0.040293
0.19462,0.30391,-0.072935
0.22228,0.29701,-0.11316
0.25253,0.28964,-0.15999
0.28544,0.28179,-0.21269
0.28672,0.27498,-0.24788
0.28795,0.26833,-0.28864
0.28915,0.26181,-0.33455
0.29031,0.25538,-0.38533
0.29144,0.24903,-0.44059
0.29254,0.24274,-0.5001
0.2936,0.23649,-0.56346
0.29464,0.23027,-0.63051
0.29566,0.22407,-0.70083
0.29665,0.21788,-0.77435
0.25753,0.19494,-0.59602
0.22197,0.17362,-0.46445
0.18981,0.15386,-0.36318
0.16085,0.1356,-0.28328
0.1349,0.11877,-0.2192
0.1118,0.10329,-0.1674
0.091361,0.089121,-0.12549
0.073434,0.076186,-0.091671
0.057864,0.064436,-0.064692
0.044503,0.053818,-0.0435
0.050777,0.051873,-0.042167
0.057576,0.04983,-0.040901
0.064904,0.047685,-0.039723
0.072765,0.045439,-0.038599
0.081163,0.043089,-0.037547
0.090101,0.040635,-0.036543
0.099584,0.038076,-0.0356
0.10961,0.035414,-0.0347
0.1202,0.032649,-0.033854
0.13134,0.029781,-0.03305
0.14009,0.033147,-0.037385
0.14924,0.036771,-0.041496
0.1588,0.040658,-0.045351
0.16877,0.044813,-0.048904
0.17917,0.049237,-0.052148
0.18999,0.053934,-0.05507
0.20123,0.058902,-0.057683
0.21291,0.064142,-0.059991
0.22502,0.069652,-0.06202
0.23757,0.07543,-0.063784
0.25803,0.090756,-0.076017
0.27946,0.10765,-0.087517
0.30187,0.12613,-0.098035
0.32526,0.14622,-0.10742
0.34965,0.16792,-0.11561
0.37504,0.19126,-0.1226
0.40143,0.21621,-0.12844
0.42882,0.24277,-0.13317
0.45721,0.27094,-0.13687
0.48662,0.30069,-0.13962
0.44281,0.30281,-0.12793
0.40118,0.30451,-0.1213
0.36177,0.30581,-0.11789
0.3246,0.30672,-0.11666
0.28968,0.30725,-0.11697
0.25703,0.3074,-0.11842
0.22667,0.30718,-0.12076
0.1986,0.30657,-0.12383
0.17283,0.30559,-0.12752
0.14938,0.30423,-0.13173
0.14712,0.34407,-0.10154
0.14556,0.38591,-0.077362
0.14471,0.4298,-0.058073
0.14459,0.47578,-0.042858
0.1452,0.52387,-0.031096
0.14657,0.57408,-0.022317
0.14871,0.62645,-0.016158
0.15164,0.68096,-0.01234
0.15537,0.73763,-0.010639
0.15993,0.79644,-0.010826
0.14164,0.69953,-0.010326
0.12469,0.61075,-0.011168
0.109,0.52961,-0.01281
0.094537,0.45565,-0.015002
0.081241,0.38848,-0.017629
0.06907,0.32773,-0.02064
0.057987,0.27306,-0.024012
0.047954,0.22418,-0.027733
0.03894,0.18081,-0.031797
0.030914,0.14268,-0.036199
0.045205,0.17757,-0.01945
0.06307,0.21551,-0.0090814
0.084496,0.25639,-0.0050626
0.10951,0.30017,-0.0043861
0.13819,0.34689,0.0014243
0.17056,0.39651,0.012602
0.2066,0.44899,0.02877
0.24632,0.50431,0.049566
0.28972,0.56244,0.074645
0.33682,0.62339,0.10372
0.30196,0.56811,0.079996
0.26972,0.51543,0.062017
0.23993,0.46533,0.047759
0.21247,0.41779,0.036138
0.18718,0.3728,0.026526
0.16397,0.33038,0.018559
0.14272,0.29051,0.012012
0.12334,0.2532,0.0067437
0.10573,0.21845,0.0026617
0.089802,0.18627,-0.00029842
0.082277,0.16818,0.00054472
0.074865,0.15127,0.0012179
0.067597,0.13551,0.0017388
0.060503,0.12083,0.0021249
0.053616,0.10721,0.0023941
0.046972,0.094609,0.0025616
0.040607,0.082981,0.0026423
0.034559,0.07229,0.0026484
0.028868,0.062498,0.0025913
0.02358,0.053567,0.0024806
0.028518,0.057101,0.003149
0.034148,0.060775,0.0039074
0.040504,0.064595,0.0047702
0.047617,0.068564,0.0057543
0.055521,0.072685,0.0068784
0.064247,0.076961,0.0081631
0.073827,0.081393,0.0096302
0.084293,0.085982,0.011305
0.095674,0.090729,0.013209
0.108,0.095634,0.015368
0.10973,0.1006,0.0095668
0.11152,0.10574,0.0049437
0.11334,0.11104,0.001358
0.11521,0.11649,-0.0013066
0.11712,0.1221,-0.0031477
0.11907,0.12787,-0.0042478
0.12105,0.13379,-0.0046791
0.12307,0.13984,-0.0051534
0.1251,0.14602,-0.0061864
0.12717,0.15233,-0.0077318
0.12791,0.15049,-0.0072043
0.12868,0.14881,-0.0068627
0.12946,0.14729,-0.0066524
0.13027,0.14592,-0.0065397
0.1311,0.14468,-0.0065046
0.13195,0.14359,-0.0065351
0.13282,0.14263,-0.0066247
0.1337,0.14179,-0.0067697
0.13461,0.14108,-0.0069687
0.13553,0.14048,-0.0072213
0.13501,0.11573,-0.0041337
0.13506,0.092811,-0.0025542
0.13572,0.071833,0.0019288
0.13699,0.052801,0.0092751
0.13885,0.035718,0.019334
0.1413,0.020589,0.031997
0.14432,0.0074178,0.047183
0.1479,-0.0037923,0.064836
0.15201,-0.013038,0.084909
0.15663,-0.020318,0.10738
0.1634,-0.010874,0.081768
0.1713,0.0033933,0.059875
0.18041,0.02259,0.041399
0.19083,0.046884,0.026145
0.20266,0.076487,0.01395
0.21599,0.11164,0.0046852
0.23091,0.15259,-0.0017623
0.2475,0.19958,-0.0054969
0.26583,0.25283,-0.0071223
0.28592,0.31251,-0.01059
0.29796,0.28786,-0.0083725
0.31052,0.26381,-0.0072615
0.32362,0.24036,-0.0067919
0.33725,0.2175,-0.0061298
0.35143,0.19524,-0.0052103
0.36613,0.17357,-0.0041297
0.38138,0.15248,-0.0029501
0.39715,0.13196,-0.0017138
0.41346,0.112,-0.00044905
0.43031,0.092613,0.00082309
0.45957,0.11488,0.025098
0.49019,0.13914,0.064314
0.52215,0.16535,0.11524
0.55545,0.19347,0.17551
0.59006,0.22348,0.24336
0.62597,0.25536,0.31753
0.66318,0.28909,0.39698
0.70167,0.32465,0.48101
0.74144,0.36202,0.56883
0.7825,0.4012,0.65991
0.71588,0.35802,0.645
0.653,0.31841,0.64354
0.59366,0.28204,0.649
0.5377,0.24865,0.65835
0.485,0.21802,0.66968
0.43545,0.18997,0.68223
0.38897,0.16434,0.69527
0.34548,0.141,0.70868
0.3049,0.1198,0.72212
0.26716,0.10064,0.73565
0.29932,0.08468,0.77197
0.33392,0.068438,0.80935
0.37098,0.051907,0.84741
0.41051,0.035082,0.88607
0.45252,0.01796,0.92498
0.49703,0.00053677,0.96413
0.54405,-0.01719,1.0032
0.59359,-0.035224,1.0422
0.64566,-0.053567,1.0809
0.70026,-0.072222,1.1193
0.72072,-0.070829,0.94563
0.7422,-0.068814,0.80105
0.76458,-0.066202,0.67724
0.78779,-0.063002,0.56944
0.81178,-0.059218,0.47466
0.83653,-0.054846,0.39086
0.86201,-0.049883,0.31683
0.88822,-0.044321,0.25154
0.91513,-0.038155,0.19444
0.94276,-0.031374,0.14488
0.93907,-0.04447,0.15979
0.93497,-0.057181,0.17134
0.93046,-0.069469,0.18073
0.92559,-0.081295,0.18862
0.92037,-0.092623,0.19562
0.91482,-0.10342,0.20201
0.90896,-0.11365,0.20807
0.90283,-0.12328,0.2139
0.89643,-0.13228,0.21965
0.88978,-0.14063,0.22533
0.91901,-0.1296,0.20195
0.94917,-0.11649,0.18377
0.98022,-0.10133,0.16915
1.0122,-0.084157,0.15698
1.045,-0.064999,0.14659
1.0786,-0.043884,0.13746
1.1131,-0.020848,0.12934
1.1484,0.0040796,0.12197
1.1845,0.030863,0.11526
1.2215,0.059472,0.10907
1.2347,0.071323,0.13227
1.2479,0.083192,0.14978
1.2611,0.095052,0.16328
1.2743,0.10689,0.17392
1.2875,0.11868,0.18256
1.3007,0.13041,0.18969
1.314,0.14208,0.19565
1.3273,0.15368,0.20063
1.3407,0.16519,0.20477
1.3541,0.17662,0.20812
1.3561,0.11076,0.14465
1.36,0.050659,0.10208
1.3656,-0.0041416,0.07104
1.3727,-0.05404,0.047057
1.381,-0.099385,0.027813
1.3905,-0.14048,0.011964
1.4012,-0.17758,-0.0012765
1.4129,-0.21092,-0.012472
1.4255,-0.24072,-0.021987
1.4391,-0.26715,-0.030132
1.2708,-0.2404,-0.02116
1.1168,-0.2149,-0.013667
0.97617,-0.19075,-0.0070643
0.84799,-0.16801,-0.0010247
0.73151,-0.14673,0.0046621
0.62604,-0.12693,0.010096
0.53092,-0.10864,0.015351
0.44555,-0.091842,0.020453
0.36937,-0.076544,0.025431
0.30186,-0.062729,0.030287
0.3218,-0.071572,0.037652
0.34275,-0.079548,0.04557
0.36473,-0.086662,0.05402
0.38774,-0.092914,0.062975
0.41157,-0.099252,0.072416
0.43593,-0.10684,0.082327
0.46083,-0.1157,0.092688
0.48628,-0.1258,0.10349
0.51227,-0.13716,0.1147
0.5388,-0.14978,0.12632
0.51842,-0.1363,0.13767
0.49806,-0.12542,0.14753
0.47775,-0.11694,0.1562
0.45751,-0.11074,0.16392
0.43771,-0.10519,0.17086
0.41893,-0.097886,0.17715
0.40115,-0.088896,0.18286
0.38432,-0.078298,0.18808
0.36841,-0.066162,0.19285
0.35341,-0.052548,0.19722
0.34943,-0.067502,0.13594
0.34737,-0.077942,0.088291
0.34702,-0.083993,0.051159
0.34819,-0.086025,0.022546
0.34934,-0.090001,0.0011438
0.34985,-0.098281,-0.013966
0.34968,-0.11083,-0.023436
0.34882,-0.12765,-0.027742
0.34707,-0.14871,-0.029632
0.34392,-0.17396,-0.035615
0.31427,-0.17214,-0.032528
0.28588,-0.17063,-0.029815
0.25874,-0.16942,-0.027355
0.23284,-0.16851,-0.02508
0.20815,-0.16788,-0.022943
0.18466,-0.16753,-0.02092
0.16235,-0.16745,-0.018991
0.14121,-0.16765,-0.017148
0.12121,-0.1681,-0.015384
0.10235,-0.16881,-0.013696
0.14582,-0.17257,-0.015838
0.19518,-0.17823,-0.019678
0.25072,-0.18588,-0.024738
0.31278,-0.19556,-0.029767
0.38159,-0.20733,-0.034791
0.45738,-0.22123,-0.039923
0.54033,-0.23728,-0.045262
0.63065,-0.25552,-0.050882
0.72849,-0.27597,-0.056852
0.83401,-0.29866,-0.063175
0.79458,-0.30674,-0.061032
0.75601,-0.31664,-0.057306
0.71821,-0.32833,-0.052482
0.68109,-0.34178,-0.046799
0.64461,-0.35696,-0.040374
0.60871,-0.37385,-0.033251
0.57336,-0.39243,-0.025448
0.53852,-0.41268,-0.016959
0.50417,-0.43459,-0.0077729
0.47027,-0.45815,0.0021378
0.52459,-0.44582,-0.033457
0.58225,-0.43575,-0.054939
0.64304,-0.42781,-0.064758
0.70573,-0.42173,-0.076265
0.76962,-0.41737,-0.097158
0.83483,-0.41467,-0.12663
0.90142,-0.41361,-0.16405
0.96947,-0.41418,-0.20893
1.039,-0.41634,-0.2608
1.1102,-0.4201,-0.31927
1.0347,-0.39375,-0.2507
0.96051,-0.36815,-0.2029
0.88844,-0.34341,-0.16705
0.81885,-0.31956,-0.13881
0.75193,-0.29662,-0.11584
0.68777,-0.27458,-0.096798
0.62644,-0.25345,-0.080848
0.56796,-0.23323,-0.067427
0.51235,-0.21392,-0.056146
0.45961,-0.19551,-0.046705
0.42351,-0.20649,-0.047505
0.38795,-0.22027,-0.048442
0.35288,-0.23686,-0.049385
0.31825,-0.25626,-0.05028
0.28402,-0.27846,-0.051125
0.25013,-0.30346,-0.051927
0.21657,-0.33126,-0.052708
0.18328,-0.36185,-0.053483
0.15026,-0.39523,-0.054274
0.11749,-0.43138,-0.055092
0.098154,-0.41906,-0.052655
0.079901,-0.40635,-0.050453
0.062744,-0.3933,-0.048441
0.046703,-0.37996,-0.046589
0.031791,-0.36638,-0.044877
0.018025,-0.35261,-0.043289
0.0054169,-0.33871,-0.041817
-0.0060187,-0.32471,-0.040451
-0.016271,-0.31068,-0.039187
-0.025326,-0.29666,-0.038018
-0.0051951,-0.32364,-0.052447
0.02013,-0.35285,-0.06897
0.050795,-0.38432,-0.087514
0.086947,-0.41809,-0.10801
0.12872,-0.45415,-0.13038
0.17626,-0.49253,-0.15456
0.22967,-0.53323,-0.18049
0.28908,-0.57626,-0.20811
0.35458,-0.62161,-0.23734
0.42628,-0.66928,-0.26814
0.42656,-0.60278,-0.22254
0.42466,-0.54166,-0.18284
0.42082,-0.48551,-0.14805
0.41524,-0.43398,-0.11767
0.4081,-0.38675,-0.091364
0.39956,-0.34353,-0.06894
0.38976,-0.30407,-0.050266
0.37884,-0.26814,-0.035242
0.36692,-0.23554,-0.023801
0.35412,-0.20609,-0.01588
0.3894,-0.22022,-0.020912
0.42647,-0.23487,-0.027664
0.46536,-0.25003,-0.03598
0.50611,-0.26573,-0.045728
0.54872,-0.28195,-0.056814
0.59323,-0.2987,-0.069152
0.63964,-0.31597,-0.082691
0.68798,-0.33378,-0.097372
0.73825,-0.35212,-0.11315
0.79047,-0.37098,-0.13
0.75978,-0.35986,-0.085917
0.7305,-0.34958,-0.054111
0.70255,-0.34007,-0.031366
0.67586,-0.33129,-0.015804
0.65036,-0.32318,-0.0062569
0.62599,-0.31567,-0.0019565
0.60266,-0.3088,0.00065281
0.58022,-0.30264,0.0072191
0.55859,-0.29716,0.017586
0.53768,-0.2923,0.031528
0.57287,-0.29533,0.040901
0.60898,-0.29882,0.050857
0.64602,-0.30281,0.061325
0.68398,-0.30728,0.072256
0.72287,-0.31225,0.083586
0.76269,-0.31773,0.095274
0.80343,-0.32373,0.10725
0.8451,-0.33025,0.11948
0.8877,-0.3373,0.13188
0.93124,-0.34489,0.14439
0.87089,-0.33205,0.17703
0.81299,-0.31971,0.20383
0.75748,-0.30787,0.22556
0.70431,-0.29652,0.24301
0.65341,-0.28567,0.25685
0.60471,-0.27533,0.26765
0.55813,-0.26548,0.27579
0.51363,-0.25614,0.28164
0.47115,-0.24728,0.2854
0.43063,-0.23892,0.28733
0.41769,-0.22652,0.27075
0.40429,-0.21479,0.26458
0.39058,-0.20364,0.26564
0.37667,-0.193,0.2721
0.36264,-0.18285,0.28279
0.34855,-0.17316,0.297
0.33444,-0.16392,0.31422
0.32037,-0.15512,0.33416
0.30636,-0.14675,0.35659
0.29245,-0.13882,0.38138
0.28289,-0.14516,0.34895
0.27319,-0.15281,0.31655
0.26331,-0.16175,0.28463
0.25322,-0.17196,0.2536
0.24289,-0.18345,0.2237
0.2323,-0.1962,0.19515
0.22141,-0.21019,0.1681
0.21022,-0.22544,0.14264
0.1987,-0.24193,0.11889
0.18685,-0.25965,0.096885
0.22943,-0.27744,0.064324
0.27581,-0.29673,0.038953
0.32611,-0.31748,0.019519
0.38043,-0.33968,0.0050262
0.43886,-0.36331,-0.0052669
0.5015,-0.38839,-0.011964
0.56841,-0.41489,-0.015524
0.63965,-0.44276,-0.018732
0.71522,-0.47188,-0.024901
0.79516,-0.50229,-0.033845
0.78523,-0.4689,-0.02277
0.77456,-0.43742,-0.020188
0.76333,-0.40824,-0.011689
0.75159,-0.38121,0.0014785
0.73938,-0.3562,0.018091
0.72674,-0.33312,0.037463
0.71371,-0.31189,0.059209
0.70033,-0.29244,0.083055
0.68663,-0.2747,0.10882
0.67264,-0.25864,0.13636
0.65713,-0.25028,0.14281
0.6421,-0.24225,0.14945
0.62754,-0.23453,0.15612
0.61342,-0.22711,0.16275
0.59971,-0.21998,0.16924
0.5864,-0.21313,0.17556
0.57345,-0.20656,0.18166
0.56086,-0.20025,0.18755
0.54861,-0.1942,0.19317
0.53668,-0.18841,0.19855
0.54276,-0.19004,0.1448
0.54917,-0.19206,0.10288
0.55584,-0.19438,0.069639
0.56272,-0.19694,0.043015
0.56978,-0.19967,0.021626
0.57699,-0.20256,0.0045056
0.58436,-0.20558,-0.0090148
0.59186,-0.20872,-0.019436
0.59949,-0.21196,-0.027116
0.60726,-0.21529,-0.032341
0.56848,-0.20109,-0.018954
0.53152,-0.18767,0.0019281
0.49628,-0.17495,0.028654
0.46273,-0.16291,0.060283
0.43082,-0.1515,0.096277
0.40052,-0.14071,0.1363
0.3718,-0.13051,0.18014
0.34464,-0.12089,0.22766
0.31901,-0.11184,0.27873
0.29488,-0.10334,0.33331
0.28804,-0.10102,0.26332
0.28213,-0.099262,0.20834
0.27693,-0.09793,0.1643
0.27229,-0.096951,0.12857
0.2681,-0.096273,0.099289
0.26428,-0.095857,0.075169
0.26076,-0.095677,0.05525
0.25749,-0.095713,0.038822
0.25444,-0.095951,0.025349
0.25157,-0.09638,0.014402
0.2246,-0.089567,0.0169
0.19968,-0.083476,0.018607
0.17669,-0.078058,0.019704
0.1555,-0.073268,0.020324
0.13602,-0.069062,0.020581
0.11813,-0.065401,0.020554
0.10174,-0.062246,0.020313
0.086737,-0.059563,0.019903
0.073046,-0.057318,0.019368
0.060577,-0.055482,0.018734
0.073756,-0.05652,0.010438
0.088007,-0.058078,0.0038612
0.10332,-0.060151,-0.001068
0.11968,-0.062738,-0.0044134
0.13708,-0.065839,-0.0062269
0.15548,-0.069448,-0.0072114
0.1748,-0.073551,-0.0094633
0.19504,-0.078158,-0.013089
0.21619,-0.08328,-0.018039
0.23826,-0.088931,-0.024265
0.22511,-0.081283,-0.017436
0.21195,-0.074491,-0.012385
0.19881,-0.068555,-0.0088054
0.18572,-0.063479,-0.0064847
0.17283,-0.058908,-0.0052742
0.16056,-0.053787,-0.0042434
0.14896,-0.048062,-0.0023916
0.13805,-0.041742,0.00022753
0.12784,-0.034837,0.003571
0.11834,-0.027356,0.0076083
0.11348,-0.020646,0.0030875
0.10905,-0.013338,0.00013359
0.10507,-0.0054445,-0.0014567
0.10151,0.0030319,-0.0018402
0.098365,0.012091,-0.0022562
0.095627,0.021737,-0.0037176
0.093309,0.031983,-0.0061447
0.091426,0.042846,-0.0094708
0.089992,0.054351,-0.013641
0.089024,0.066521,-0.018607
0.098637,0.072376,-0.014501
0.10882,0.078561,-0.011239
0.1196,0.085084,-0.008683
0.13099,0.091953,-0.0067134
0.143,0.099173,-0.0052229
0.15565,0.10675,-0.0041168
0.16894,0.11469,-0.0033149
0.1829,0.12299,-0.0027478
0.19752,0.13165,-0.0023589
0.21281,0.14068,-0.0021007
0.22968,0.11975,-0.0026703
0.24824,0.098848,-0.0036675
0.26852,0.077938,-0.0047876
0.2905,0.056982,-0.0058452
0.31422,0.035952,-0.0067297
0.33967,0.014824,-0.0073844
0.36688,-0.0064199,-0.0077791
0.39587,-0.027795,-0.0079213
0.42664,-0.049314,-0.0078151
0.45922,-0.070987,-0.0075106
0.4667,-0.063913,-0.015677
0.47436,-0.056501,-0.025808
0.4822,-0.048759,-0.037842
0.49021,-0.040693,-0.051718
0.49838,-0.032309,-0.067367
0.50671,-0.023613,-0.084743
0.51518,-0.014611,-0.10377
0.52378,-0.0053071,-0.12441
0.5325,0.0042941,-0.14658
0.54133,0.01419,-0.17025
0.55996,-0.026725,-0.16059
0.58043,-0.065009,-0.15353
0.6027,-0.10079,-0.14826
0.62674,-0.13417,-0.14431
0.65254,-0.16525,-0.14134
0.68006,-0.19411,-0.13912
0.70929,-0.22082,-0.13747
0.74022,-0.24545,-0.13631
0.77285,-0.26804,-0.13553
0.80716,-0.28866,-0.13511
0.78246,-0.27661,-0.097501
0.75813,-0.26467,-0.068745
0.73417,-0.25278,-0.04667
0.71057,-0.24092,-0.029927
0.68733,-0.22907,-0.017611
0.66445,-0.21724,-0.0091034
0.64193,-0.20541,-0.0039497
0.61976,-0.19359,-0.0018125
0.59796,-0.18177,-0.0020284
0.57656,-0.16987,-0.00065133
0.54628,-0.14525,-0.0039376
0.5177,-0.11925,-0.0053816
0.49077,-0.091943,-0.007925
0.4655,-0.063329,-0.011328
0.44191,-0.033406,-0.015267
0.42,-0.0021738,-0.019551
0.39978,0.030369,-0.024062
0.38127,0.064222,-0.028728
0.36448,0.099386,-0.033499
0.34942,0.13586,-0.038341
0.35479,0.12711,-0.040355
0.36033,0.1183,-0.043275
0.36603,0.10946,-0.047
0.3719,0.10057,-0.051466
0.37794,0.091663,-0.05663
0.38415,0.082727,-0.062462
0.39053,0.073769,-0.068939
0.39708,0.064794,-0.076044
0.40381,0.055805,-0.083762
0.41072,0.046805,-0.092084
0.42337,0.029408,-0.054244
0.43598,0.01198,-0.030722
0.44861,-0.005395,-0.01925
0.46135,-0.022644,-0.017153
0.47475,-0.03965,-0.010007
0.48897,-0.056391,0.0057036
0.50399,-0.072877,0.029367
0.51981,-0.089116,0.060528
0.53639,-0.10512,0.098802
0.55374,-0.12089,0.1439
0.55863,-0.1316,0.12216
0.56362,-0.14189,0.10345
0.56868,-0.15177,0.086946
0.57381,-0.16123,0.072188
0.579,-0.17029,0.058822
0.58425,-0.17893,0.046648
0.58956,-0.18717,0.035514
0.59492,-0.19499,0.025339
0.60034,-0.2024,0.016063
0.60582,-0.20941,0.0076578
0.62352,-0.19948,-0.0041149
0.64306,-0.1855,-0.01237
0.66435,-0.16743,-0.018263
0.68733,-0.14528,-0.022537
0.71198,-0.11904,-0.025674
0.73826,-0.088685,-0.028002
0.76617,-0.054216,-0.029733
0.79569,-0.015631,-0.031025
0.82682,0.02707,-0.031979
0.85954,0.073879,-0.03279
0.79826,0.05877,-0.030598
0.73967,0.046551,-0.028525
0.68367,0.036824,-0.026559
0.63017,0.029243,-0.024684
0.57911,0.023505,-0.022864
0.53041,0.019345,-0.021159
0.48404,0.01653,-0.019601
0.43994,0.014851,-0.018208
0.39807,0.014126,-0.016997
0.35842,0.01419,-0.015978
0.36497,-0.0087309,-0.034247
0.3717,-0.0303,-0.069017
0.37869,-0.050544,-0.11716
0.38601,-0.06949,-0.17653
0.39371,-0.087154,-0.24564
0.40183,-0.10355,-0.32343
0.41038,-0.11868,-0.40902
0.4194,-0.13256,-0.50182
0.4289,-0.14521,-0.60122
0.43892,-0.15662,-0.70687
0.46602,-0.15274,-0.64753
0.49459,-0.14446,-0.60145
0.52488,-0.13188,-0.56425
0.55706,-0.11508,-0.53346
0.59127,-0.094103,-0.50709
0.62758,-0.068973,-0.48402
0.66608,-0.03971,-0.46324
0.7068,-0.0063233,-0.44421
0.74979,0.031186,-0.42644
0.79507,0.072822,-0.40965
0.72192,0.10986,-0.43349
0.65425,0.14471,-0.44557
0.59177,0.17748,-0.44962
0.53424,0.20825,-0.4481
0.48148,0.2371,-0.44264
0.43333,0.2641,-0.4343
0.38964,0.28929,-0.42381
0.35031,0.31273,-0.41167
0.31522,0.33447,-0.39825
0.28428,0.35452,-0.38383
0.33126,0.30608,-0.33793
0.38754,0.2548,-0.3052
0.45331,0.20057,-0.28139
0.52876,0.14331,-0.2638
0.614,0.082931,-0.25075
0.70917,0.019381,-0.24099
0.81438,-0.047396,-0.23377
0.92972,-0.11745,-0.22848
1.0553,-0.19082,-0.22474
1.1912,-0.26754,-0.22227
1.1301,-0.23133,-0.20407
1.0708,-0.19597,-0.18069
1.0132,-0.16145,-0.15572
0.95726,-0.12778,-0.13121
0.90298,-0.094974,-0.10828
0.85038,-0.06305,-0.087526
0.79947,-0.032023,-0.069314
0.7503,-0.0019118,-0.053814
0.70289,0.027267,-0.041143
0.65727,0.055498,-0.031341
0.70957,0.042008,-0.0321
0.76417,0.027633,-0.033797
0.82108,0.01238,-0.036178
0.8803,-0.0037458,-0.039102
0.94184,-0.020735,-0.042508
1.0057,-0.038578,-0.046363
1.0719,-0.057263,-0.050664
1.1404,-0.07678,-0.05542
1.2112,-0.097116,-0.060649
1.2842,-0.11826,-0.066386
1.2582,-0.076056,-0.069926
1.2338,-0.034053,-0.071806
1.211,0.0077541,-0.072556
1.1895,0.049365,-0.072596
1.1695,0.090788,-0.072196
1.1506,0.13202,-0.071538
1.133,0.17308,-0.070722
1.1165,0.21397,-0.069825
1.1011,0.2547,-0.068886
1.0868,0.29526,-0.06794
0.20657,0.035488,-0.048612
0.20025,0.030161,-0.033351
0.19403,0.025196,-0.022529
0.18791,0.020563,-0.015273
0.1819,0.016237,-0.01095
0.17601,0.012196,-0.0090845
0.17027,0.0084259,-0.0083371
0.16482,0.0049218,-0.0059361
0.15966,0.0016689,-0.0019328
0.15475,-0.0013478,0.0035008
0.14937,-0.0017048,-1.5868e-05
0.14423,-0.0020232,-0.0024699
0.13933,-0.002307,-0.0041559
0.13463,-0.0025598,-0.0052675
0.13012,-0.0027846,-0.0059582
0.12579,-0.0029841,-0.0063339
0.12163,-0.0031608,-0.0064784
0.11764,-0.0033166,-0.0064523
0.11379,-0.0034536,-0.0063012
0.11008,-0.0035735,-0.0060834
0.10072,-0.0010649,-0.0059728
0.091954,0.0011509,-0.0064317
0.08376,0.0030942,-0.0074006
0.076104,0.0047841,-0.0088304
0.068957,0.0062388,-0.010683
0.062291,0.0074754,-0.012927
0.05608,0.0085104,-0.015536
0.050298,0.009359,-0.018487
0.044923,0.010036,-0.021762
0.039932,0.010556,-0.025345
0.040877,0.015895,-0.031596
0.04208,0.021775,-0.038487
0.043559,0.028223,-0.045983
0.045328,0.035265,-0.054052
0.047404,0.042927,-0.062651
0.049802,0.051233,-0.071745
0.052536,0.060207,-0.081288
0.05562,0.069872,-0.091244
0.059067,0.080249,-0.10156
0.06289,0.091356,-0.11222
0.066597,0.095267,-0.11127
0.07041,0.099255,-0.11064
0.074332,0.10332,-0.11027
0.078368,0.10747,-0.11014
0.082521,0.11169,-0.11019
0.086795,0.11598,-0.11043
0.091192,0.12036,-0.1108
0.095719,0.12481,-0.1113
0.10038,0.12933,-0.11188
0.10517,0.13393,-0.11254
0.11136,0.14182,-0.091695
0.11756,0.14987,-0.074018
0.12379,0.15809,-0.05902
0.13008,0.16649,-0.046331
0.13645,0.17509,-0.035647
0.1429,0.18387,-0.02673
0.14947,0.19285,-0.019385
0.15615,0.20203,-0.013452
0.16297,0.21141,-0.0088007
0.16992,0.22099,-0.0053224
0.15408,0.20715,-0.0051614
0.13964,0.19437,-0.0050351
0.12649,0.18256,-0.0049521
0.11454,0.1716,-0.0049137
0.10368,0.16143,-0.0049222
0.093852,0.15195,-0.0049764
0.084966,0.14311,-0.0050759
0.076957,0.13483,-0.0052179
0.069762,0.12708,-0.0054012
0.063324,0.11979,-0.0056225
0.063441,0.12342,-0.00070162
0.063731,0.12699,0.00050194
0.0641,0.13055,0.0030414
0.064505,0.13413,0.0084866
0.064942,0.13772,0.016472
0.06541,0.14133,0.026702
0.06591,0.14497,0.038923
0.066444,0.14862,0.052929
0.067016,0.1523,0.068531
0.067632,0.156,0.08558
0.075728,0.1718,0.062998
0.08415,0.1885,0.045269
0.092931,0.20615,0.031531
0.1021,0.22478,0.021114
0.11168,0.2444,0.013471
0.1217,0.26505,0.0081545
0.13217,0.28674,0.0047905
0.14311,0.30947,0.0030647
0.15454,0.33326,0.0027101
0.16651,0.35809,0.0021817
0.16373,0.35426,0.0038996
0.16105,0.35067,0.010458
0.15847,0.34729,0.021579
0.15601,0.34407,0.036166
0.15369,0.34099,0.053473
0.15154,0.33802,0.07298
0.14955,0.33516,0.094314
0.14766,0.33242,0.11721
0.1457,0.32988,0.14144
0.14367,0.32753,0.16688
0.13006,0.29752,0.18018
0.1174,0.26972,0.19397
0.10562,0.24396,0.20812
0.094671,0.2201,0.22259
0.084514,0.19801,0.23727
0.075135,0.17756,0.25216
0.066523,0.15863,0.26717
0.058635,0.14112,0.28233
0.05143,0.12496,0.29756
0.044873,0.11007,0.31288
0.046356,0.11117,0.26977
0.047808,0.11215,0.23335
0.048936,0.11317,0.20217
0.049684,0.11426,0.17521
0.050085,0.11543,0.15171
0.05017,0.11667,0.1311
0.049959,0.11797,0.11292
0.049471,0.11935,0.096841
0.048722,0.12079,0.082581
0.047723,0.12229,0.069913
0.053781,0.13026,0.059975
0.059716,0.13867,0.051028
0.065535,0.14752,0.042981
0.071242,0.15682,0.035738
0.076842,0.16657,0.029238
0.082337,0.17676,0.023411
0.08773,0.18741,0.018215
0.093068,0.19849,0.013599
0.098737,0.20982,0.0095295
0.10483,0.22136,0.0059643
0.099351,0.21053,0.0085433
0.094279,0.20014,0.010943
0.089594,0.19017,0.013155
0.085145,0.18065,0.015178
0.080742,0.17165,0.01703
0.076373,0.16314,0.018725
0.07203,0.1551,0.020283
0.067704,0.14749,0.021721
0.063389,0.14032,0.023056
0.059077,0.13354,0.024298
0.06067,0.13419,0.016731
0.062077,0.13492,0.010672
0.063302,0.13573,0.0059159
0.064349,0.13662,0.0022956
0.065218,0.13759,-0.00032133
0.065912,0.13865,-0.0020443
0.066546,0.13973,-0.0029643
0.067365,0.14072,-0.0031993
0.068358,0.14161,-0.0037011
0.069517,0.1424,-0.004811
0.06496,0.13397,-0.004307
0.06073,0.12594,-0.0038672
0.056807,0.11828,-0.0034787
0.053173,0.11098,-0.0031326
0.049811,0.10401,-0.0028219
0.046645,0.097402,-0.0025413
0.043559,0.091173,-0.0022861
0.040549,0.085308,-0.0020538
0.037614,0.079788,-0.0018429
0.034752,0.074595,-0.0016519
0.036879,0.082017,-0.0025482
0.038662,0.090061,-0.0041182
0.040079,0.09875,-0.0063433
0.041113,0.10811,-0.0092038
0.04174,0.11816,-0.012678
0.041941,0.12892,-0.016745
0.041691,0.14042,-0.02138
0.040969,0.15266,-0.02656
0.039753,0.16568,-0.032263
0.038021,0.17948,-0.038466
0.034168,0.1649,-0.029554
0.030485,0.15117,-0.022482
0.026973,0.13826,-0.016848
0.023635,0.12615,-0.012368
0.02047,0.11478,-0.0088317
0.017478,0.10413,-0.0060865
0.014656,0.094168,-0.0040147
0.012003,0.084868,-0.002527
0.009518,0.0762,-0.0015532
0.0071982,0.06814,-0.0010375
0.0061448,0.064619,-0.0010856
0.0051719,0.061255,-0.0011886
0.0042754,0.058041,-0.0013396
0.0034515,0.05497,-0.0015328
0.0026965,0.052037,-0.0017637
0.002007,0.049235,-0.0020282
0.0013797,0.046558,-0.0023237
0.0008114,0.044001,-0.0026477
0.00029906,0.041559,-0.0029985
-0.00016022,0.039227,-0.0033742
-0.0027812,0.035608,-0.0020949
-0.0052557,0.032322,-0.0012158
-0.0075917,0.02935,-0.00068062
-0.0097967,0.026676,-0.0004437
-0.011878,0.024287,-0.0003565
-0.013844,0.022174,-7.2882e-05
-0.015701,0.020325,0.00040837
-0.017454,0.018728,0.0010684
-0.019107,0.017374,0.001892
-0.020663,0.016255,0.0028674
-0.021555,0.015811,0.0026051
-0.022421,0.015437,0.0023548
-0.023263,0.015129,0.0021159
-0.024082,0.014885,0.0018883
-0.024878,0.014702,0.0016716
-0.025653,0.014579,0.0014659
-0.026407,0.014514,0.0012707
-0.02714,0.014507,0.0010869
-0.027854,0.014555,0.00091399
-0.028547,0.014659,0.00075199
-0.026975,0.013866,0.00015512
-0.02546,0.013102,-0.00020427
-0.024,0.012364,-0.00036018
-0.022594,0.011652,-0.00037556
-0.021238,0.010962,-0.00049674
-0.019931,0.010294,-0.00075043
-0.018673,0.0096476,-0.0011197
-0.017462,0.0090231,-0.0015893
-0.016299,0.0084202,-0.002147
-0.015181,0.0078389,-0.0027814
-0.01438,0.0072887,-0.0016222
-0.013559,0.0068353,-0.00082301
-0.012763,0.0063914,-0.00034666
-0.01203,0.0058819,-0.00016246
-0.011359,0.0053141,-4.5342e-05
-0.010751,0.0046945,0.00031609
-0.010204,0.004025,0.00091038
-0.0097162,0.0033062,0.0017263
-0.0092888,0.0025378,0.002755
-0.0089216,0.001718,0.0039918
-0.0098966,0.0025619,0.0039607
-0.010965,0.0034392,0.0039283
-0.012129,0.0043505,0.0038942
-0.013393,0.0052962,0.0038591
-0.014762,0.0062766,0.0038228
-0.016238,0.0072918,0.0037864
-0.017826,0.0083419,0.0037499
-0.019529,0.0094268,0.0037143
-0.021353,0.010546,0.0036799
-0.023301,0.0117,0.0036479
-0.023888,0.011807,0.0011506
-0.024507,0.011887,-3.7907e-05
-0.025161,0.011938,-0.00033716
-0.025847,0.011946,-0.0015774
-0.02657,0.01191,-0.0039829
-0.027335,0.011831,-0.0075292
-0.028146,0.011709,-0.012198
-0.029009,0.011544,-0.017973
-0.029927,0.011334,-0.02484
-0.030904,0.011079,-0.032782
-0.03454,0.011579,-0.02991
-0.038461,0.012026,-0.027215
-0.042681,0.01242,-0.02469
-0.047213,0.012763,-0.022331
-0.052069,0.013055,-0.020132
-0.057261,0.013296,-0.018089
-0.062802,0.013487,-0.016194
-0.068704,0.013628,-0.014448
-0.074977,0.01372,-0.012841
-0.081633,0.013763,-0.011372
-0.075116,0.0098809,-0.0071581
-0.069039,0.006262,-0.0040582
-0.063378,0.0028948,-0.0019159
-0.05811,-0.00023154,-0.00060829
-0.053214,-0.0031274,-3.661e-05
-0.048672,-0.0058029,0.00012259
-0.044465,-0.0082677,0.00078323
-0.040577,-0.010532,0.0019795
-0.036994,-0.012606,0.0036682
-0.033703,-0.014499,0.0058137
-0.029173,-0.013376,0.010265
-0.025137,-0.012348,0.01557
-0.021541,-0.0114,0.021569
-0.018338,-0.010521,0.02815
-0.015489,-0.0096988,0.035227
-0.012959,-0.0089241,0.042744
-0.010719,-0.0081885,0.050657
-0.0087473,-0.0074846,0.058944
-0.0070258,-0.0068061,0.067583
-0.005542,-0.0061474,0.076575
-0.0048595,-0.0048472,0.058649
-0.004271,-0.0037281,0.044419
-0.0037663,-0.0027707,0.033136
-0.0033367,-0.0019578,0.024237
-0.0029741,-0.0012742,0.017274
-0.0026714,-0.0007062,0.011894
-0.0024221,-0.00024128,0.0078107
-0.0022203,0.00013175,0.0047896
-0.0020607,0.00042306,0.0026397
-0.0019385,0.00064169,0.0012047
-0.0021424,0.00047092,0.0012579
-0.0023748,0.00023728,0.0013011
-0.0026353,-6.0173e-05,0.0013335
-0.0029237,-0.00042234,0.0013543
-0.0032398,-0.00085003,0.0013635
-0.0035837,-0.001344,0.0013612
-0.0039552,-0.001905,0.0013481
-0.0043547,-0.0025335,0.0013245
-0.0047822,-0.0032302,0.0012916
-0.0052379,-0.0039956,0.00125
-0.0050427,-0.0041373,0.0017782
-0.0048563,-0.0042723,0.0023816
-0.004679,-0.0044013,0.0030565
-0.0045109,-0.0045249,0.0037987
-0.0043522,-0.0046438,0.0046052
-0.0042031,-0.0047586,0.005473
-0.0040638,-0.00487,0.0064
-0.0039346,-0.0049784,0.0073839
-0.0038157,-0.0050844,0.008423
-0.0037072,-0.0051885,0.0095158
-0.0037634,-0.0045214,0.013411
-0.0039006,-0.0038336,0.018002
-0.0041273,-0.0031199,0.023323
-0.0044547,-0.0023763,0.02941
-0.004896,-0.0015998,0.036297
-0.0054667,-0.00078882,0.044016
-0.0061837,5.7574e-05,0.052586
-0.0070653,0.0009398,0.062028
-0.0081312,0.0018573,0.072343
-0.0094018,0.002811,0.083533
-0.010599,0.0041707,0.080733
-0.012097,0.0052517,0.078139
-0.013711,0.0064055,0.075707
-0.015264,0.0079694,0.073416
-0.016759,0.0099516,0.071236
-0.018199,0.012363,0.069152
-0.019585,0.015215,0.067146
-0.020918,0.018523,0.065211
-0.022199,0.0223,0.06334
-0.023427,0.026563,0.06153
-0.024689,0.02572,0.070684
-0.02593,0.024938,0.080163
-0.027151,0.024216,0.089923
-0.028352,0.023555,0.099929
-0.029533,0.022957,0.11014
-0.030694,0.022421,0.12053
-0.031836,0.021948,0.13105
-0.032958,0.021539,0.1417
-0.034062,0.021194,0.15244
-0.035146,0.020914,0.16325
-0.034831,0.020724,0.10401
-0.034514,0.02042,0.062079
-0.03419,0.020047,0.033179
-0.033855,0.019633,0.014444
-0.033505,0.019193,0.003914
-0.033135,0.018737,0.0002757
-0.032741,0.018333,-0.0021974
-0.032323,0.018058,-0.010201
-0.031875,0.017901,-0.023546
-0.031401,0.017841,-0.042181
-0.030625,0.017261,-0.042032
-0.029943,0.016561,-0.041896
-0.029351,0.015744,-0.041758
-0.028846,0.014811,-0.041625
-0.028425,0.013764,-0.041485
-0.028086,0.012602,-0.041344
-0.027828,0.011327,-0.041192
-0.027648,0.0099386,-0.041035
-0.027547,0.0084358,-0.040864
-0.027523,0.006818,-0.040685
-0.02842,0.0060161,-0.042474
-0.029362,0.0051367,-0.044362
-0.030351,0.0041779,-0.046342
-0.031386,0.0031378,-0.048423
-0.032469,0.0020146,-0.0506
-0.033601,0.00080636,-0.05288
-0.034782,-0.00048867,-0.055259
-0.036015,-0.0018724,-0.057744
-0.037299,-0.0033465,-0.060329
-0.038635,-0.0049128,-0.06302
-0.042031,-0.0067423,-0.074456
-0.045714,-0.0087768,-0.08671
-0.049696,-0.011027,-0.09972
-0.05399,-0.013503,-0.11343
-0.058607,-0.016215,-0.12778
-0.063556,-0.01917,-0.14271
-0.068847,-0.022376,-0.15816
-0.074489,-0.02584,-0.17408
-0.080489,-0.029568,-0.1904
-0.086855,-0.033564,-0.2071
-0.091216,-0.034034,-0.2169
-0.095707,-0.034493,-0.22695
-0.10033,-0.034939,-0.2372
-0.10508,-0.035374,-0.24765
-0.10997,-0.035797,-0.25824
-0.11499,-0.036207,-0.26898
-0.12014,-0.036604,-0.27981
-0.12542,-0.036988,-0.29074
-0.13083,-0.037358,-0.30171
-0.13637,-0.037715,-0.31272
-0.1371,-0.047506,-0.33796
-0.13807,-0.05762,-0.36326
-0.13927,-0.068054,-0.38855
-0.1407,-0.078804,-0.41385
-0.14237,-0.089864,-0.43909
-0.14429,-0.10123,-0.46429
-0.14645,-0.1129,-0.48937
-0.14886,-0.12486,-0.51437
-0.15152,-0.1371,-0.53918
-0.15443,-0.14963,-0.56386
-0.14825,-0.14863,-0.49954
-0.14251,-0.14785,-0.44742
-0.13717,-0.14725,-0.40409
-0.13221,-0.14681,-0.3674
-0.12758,-0.14649,-0.33579
-0.12328,-0.14628,-0.30818
-0.11928,-0.14616,-0.2838
-0.11557,-0.14611,-0.26205
-0.11214,-0.14612,-0.24251
-0.10896,-0.14619,-0.22479
-0.11061,-0.15473,-0.18133
-0.11251,-0.16325,-0.14511
-0.11467,-0.17174,-0.11482
-0.11707,-0.18023,-0.089438
-0.11972,-0.18873,-0.068258
-0.12262,-0.19724,-0.05066
-0.12575,-0.20577,-0.036214
-0.12914,-0.21432,-0.02453
-0.13276,-0.22291,-0.015331
-0.13663,-0.23152,-0.008359
-0.13282,-0.22788,-0.010295
-0.12976,-0.22395,-0.011858
-0.12725,-0.21986,-0.013072
-0.1243,-0.21616,-0.013955
-0.12078,-0.2129,-0.014558
-0.1167,-0.21009,-0.014913
-0.11208,-0.2077,-0.01507
-0.10693,-0.20572,-0.015055
-0.10124,-0.20414,-0.014905
-0.095037,-0.20295,-0.014641
-0.080845,-0.1849,-0.03356
-0.067333,-0.16848,-0.057401
-0.054417,-0.15355,-0.085048
-0.042026,-0.13997,-0.11574
-0.030101,-0.12762,-0.14895
-0.018593,-0.11643,-0.18432
-0.0074622,-0.10631,-0.22155
0.0033237,-0.097212,-0.26045
0.01379,-0.089096,-0.30081
0.023956,-0.081929,-0.34254
0.020526,-0.076136,-0.31149
0.017379,-0.070759,-0.28622
0.014492,-0.065758,-0.26527
0.011845,-0.061102,-0.24766
0.009422,-0.05676,-0.23266
0.0072077,-0.052711,-0.21975
0.0051897,-0.048933,-0.20851
0.0033567,-0.045407,-0.19865
0.0016988,-0.042117,-0.18993
0.0002067,-0.039048,-0.18216
0.00073994,-0.033249,-0.1782
0.0011898,-0.028015,-0.17433
0.001561,-0.023314,-0.17055
0.0018576,-0.019116,-0.16685
0.0020838,-0.015393,-0.16323
0.002243,-0.01212,-0.15969
0.0023387,-0.0092713,-0.15622
0.0023738,-0.0068257,-0.15282
0.0023511,-0.0047627,-0.14948
0.0022731,-0.0030638,-0.1462
0.0011305,-0.0039602,-0.1311
-7.6689e-05,-0.0051019,-0.11744
-0.0013509,-0.0064811,-0.10504
-0.0026944,-0.0080916,-0.09373
-0.0041094,-0.0099292,-0.083387
-0.0055985,-0.011992,-0.073896
-0.0071639,-0.014278,-0.06518
-0.0088081,-0.016788,-0.057158
-0.010534,-0.019525,-0.049785
-0.012342,-0.022492,-0.043007
-0.010772,-0.019595,-0.047913
-0.0093084,-0.016934,-0.05288
-0.0079418,-0.014497,-0.057914
-0.0066839,-0.012262,-0.063002
-0.0055596,-0.010202,-0.068153
-0.0045644,-0.0083077,-0.073358
-0.0036942,-0.0065729,-0.078625
-0.0029456,-0.0049918,-0.083946
-0.0023157,-0.0035601,-0.089326
-0.0018027,-0.0022752,-0.094762
-0.00098864,-0.0011708,-0.10869
-0.00028445,-0.00023084,-0.12348
0.00030816,0.00054156,-0.1391
0.00078682,0.0011424,-0.15554
0.0011492,0.001568,-0.17274
0.0013924,0.0018136,-0.19068
0.0016301,0.002086,-0.2093
0.0019668,0.0025758,-0.22857
0.0024081,0.0032839,-0.24841
0.0029803,0.0041938,-0.26881
0.002537,0.0034853,-0.2558
0.0021846,0.0029066,-0.24361
0.001903,0.0024658,-0.2321
0.0016833,0.0021637,-0.22122
0.0015247,0.001998,-0.21086
0.0013744,0.0018706,-0.201
0.0011515,0.0016324,-0.19159
0.00085606,0.0012818,-0.18257
0.00048921,0.00082017,-0.17393
5.1858e-05,0.00024752,-0.16562
0.00064074,0.00053462,-0.17556
0.00096261,0.00089104,-0.18566
0.0013745,0.0011217,-0.19591
0.0020168,0.0011481,-0.2063
0.0028944,0.00096663,-0.21682
0.0040124,0.00057238,-0.22746
0.0053767,-3.8246e-05,-0.23818
0.0070362,-0.00079173,-0.249
0.0090252,-0.0016405,-0.25987
0.011352,-0.0025868,-0.2708
0.012396,-0.0036424,-0.24853
0.013518,-0.0046432,-0.22841
0.014708,-0.005596,-0.21009
0.015958,-0.0065071,-0.19335
0.017242,-0.0074197,-0.17796
0.018542,-0.0083635,-0.16377
0.019858,-0.0093362,-0.15064
0.021189,-0.010337,-0.13846
0.022538,-0.011364,-0.12713
0.023903,-0.012417,-0.11657
0.027717,-0.014472,-0.1352
0.031875,-0.016729,-0.15503
0.036384,-0.019195,-0.17594
0.041251,-0.021877,-0.19776
0.046483,-0.024781,-0.22032
0.052087,-0.027912,-0.24349
0.058067,-0.031277,-0.26711
0.064428,-0.034878,-0.29106
0.071175,-0.038721,-0.31519
0.078312,-0.042807,-0.33944
0.078872,-0.041523,-0.32312
0.079174,-0.040691,-0.30857
0.079229,-0.040292,-0.29542
0.079098,-0.040213,-0.28345
0.079122,-0.039824,-0.27241
0.079354,-0.039024,-0.26218
0.079787,-0.037829,-0.25262
0.080416,-0.03625,-0.24362
0.081236,-0.034297,-0.23511
0.082244,-0.031979,-0.22701
0.087677,-0.03093,-0.19553
0.093499,-0.02939,-0.16812
0.099708,-0.027366,-0.14412
0.1063,-0.024859,-0.12299
0.11329,-0.021869,-0.10434
0.12067,-0.018392,-0.087853
0.12844,-0.014422,-0.07329
0.13661,-0.0099555,-0.060432
0.14519,-0.0049844,-0.049133
0.15418,0.00049786,-0.039241
0.15221,-0.0057389,-0.030982
0.15041,-0.011636,-0.02395
0.14875,-0.017209,-0.018029
0.14725,-0.022471,-0.013098
0.14588,-0.027435,-0.0090732
0.14464,-0.032111,-0.0058672
0.14354,-0.03651,-0.0034155
0.14256,-0.040642,-0.0016519
0.1417,-0.044515,-0.00052536
0.14096,-0.048136,1.4304e-05
0.13921,-0.045642,-0.0015773
0.1375,-0.043132,-0.0048172
0.13585,-0.040606,-0.0093396
0.13424,-0.038063,-0.014863
0.13267,-0.035502,-0.021183
0.13114,-0.032925,-0.028131
0.12965,-0.03033,-0.035588
0.12819,-0.027717,-0.043454
0.12677,-0.025086,-0.051656
0.12539,-0.022436,-0.060135
0.13625,-0.023269,-0.044857
0.14763,-0.024107,-0.032479
0.15954,-0.024962,-0.022606
0.17201,-0.025841,-0.014912
0.18504,-0.026751,-0.009127
0.19865,-0.027699,-0.0050197
0.21283,-0.028691,-0.0023947
0.22761,-0.029732,-0.0010826
0.24298,-0.030826,-0.00087093
0.25895,-0.031978,-0.00024756
0.25176,-0.033539,0.0062813
0.24472,-0.035063,0.018288
0.23783,-0.036541,0.034713
0.23109,-0.037966,0.054791
0.2245,-0.03933,0.07795
0.21806,-0.040629,0.10376
0.21177,-0.041859,0.13188
0.20564,-0.043013,0.16205
0.19965,-0.04409,0.19402
0.19382,-0.045085,0.22765
0.19144,-0.044426,0.1737
0.18934,-0.043782,0.13247
0.18747,-0.04315,0.10045
0.18578,-0.042527,0.075332
0.18426,-0.041912,0.055511
0.18288,-0.041302,0.039855
0.18161,-0.040697,0.027539
0.18046,-0.040095,0.017951
0.17939,-0.039495,0.010629
0.17841,-0.038896,0.0052158
0.18419,-0.042573,0.0020895
0.1901,-0.046314,-0.00018477
0.19614,-0.050121,-0.001692
0.2023,-0.053993,-0.0025076
0.2086,-0.057932,-0.0028256
0.21501,-0.061941,-0.0035583
0.22154,-0.066021,-0.0048302
0.22818,-0.07017,-0.0066001
0.23494,-0.074391,-0.0088285
0.24181,-0.078683,-0.011483
0.24863,-0.082378,-0.012418
0.25554,-0.08614,-0.013568
0.26254,-0.089969,-0.014925
0.26964,-0.093866,-0.016488
0.27682,-0.09783,-0.01825
0.28409,-0.10186,-0.02021
0.29145,-0.10596,-0.022362
0.2989,-0.11012,-0.024702
0.30643,-0.11436,-0.027223
0.31404,-0.11866,-0.02992
0.31208,-0.12259,-0.043407
0.31019,-0.1263,-0.058408
0.30837,-0.1298,-0.07452
0.30661,-0.13309,-0.09148
0.30493,-0.13618,-0.10909
0.30331,-0.13908,-0.12723
0.30175,-0.1418,-0.14577
0.30025,-0.14434,-0.16468
0.29881,-0.14671,-0.18385
0.29742,-0.14891,-0.20328
0.31434,-0.1622,-0.20176
0.33208,-0.17542,-0.20128
0.35066,-0.18859,-0.20157
0.37009,-0.2017,-0.20247
0.39038,-0.21476,-0.20382
0.41153,-0.22778,-0.20552
0.43356,-0.24076,-0.20743
0.45644,-0.25372,-0.20951
0.47989,-0.26723,-0.21164
0.50376,-0.28152,-0.21379
0.48587,-0.27302,-0.2599
0.46841,-0.26477,-0.30553
0.45137,-0.25674,-0.35061
0.43473,-0.24893,-0.39521
0.41847,-0.24134,-0.43938
0.40258,-0.23395,-0.48325
0.38704,-0.22676,-0.5268
0.37185,-0.21976,-0.57018
0.35699,-0.21293,-0.61328
0.34245,-0.20629,-0.65625
0.33475,-0.19594,-0.50692
0.32547,-0.18795,-0.39586
0.31634,-0.17967,-0.31031
0.30803,-0.17009,-0.2429
0.30056,-0.15931,-0.18898
0.29392,-0.14741,-0.14546
0.28808,-0.13446,-0.11029
0.28302,-0.1205,-0.081937
0.2787,-0.10557,-0.059372
0.27512,-0.089693,-0.041746
0.29152,-0.10742,-0.053683
0.30906,-0.12525,-0.065767
0.32776,-0.14318,-0.07775
0.34764,-0.16122,-0.089433
0.36874,-0.17938,-0.10075
0.39105,-0.19764,-0.11165
0.41459,-0.21603,-0.12214
0.43938,-0.23453,-0.13223
0.46541,-0.25314,-0.14196
0.4927,-0.27188,-0.15137
0.49091,-0.27298,-0.15681
0.48928,-0.27383,-0.1618
0.48779,-0.27444,-0.16644
0.48644,-0.27483,-0.17079
0.4852,-0.27501,-0.1749
0.48408,-0.275,-0.17882
0.48307,-0.2748,-0.18259
0.48211,-0.2745,-0.18621
0.48108,-0.27433,-0.1897
0.47997,-0.2743,-0.19307
0.47269,-0.27166,-0.18598
0.46527,-0.26974,-0.17954
0.4577,-0.26852,-0.17357
0.44999,-0.26799,-0.16797
0.44212,-0.26812,-0.16265
0.4341,-0.2689,-0.15755
0.42591,-0.27031,-0.15263
0.41756,-0.27234,-0.14786
0.40903,-0.27498,-0.14322
0.40034,-0.27821,-0.13868
0.41221,-0.2807,-0.10503
0.42374,-0.28334,-0.079813
0.43502,-0.28613,-0.060869
0.44611,-0.28907,-0.046717
0.45705,-0.29217,-0.036345
0.46787,-0.29542,-0.029019
0.4786,-0.29882,-0.02422
0.48924,-0.30236,-0.021546
0.49981,-0.30606,-0.020698
0.51035,-0.3099,-0.020742
0.49879,-0.31072,-0.021633
0.48682,-0.31239,-0.02544
0.47446,-0.31486,-0.031437
0.46175,-0.31811,-0.038802
0.44871,-0.32214,-0.047066
0.43535,-0.32691,-0.055943
0.42167,-0.33241,-0.065275
0.40769,-0.33861,-0.074955
0.39341,-0.3455,-0.084925
0.37884,-0.35306,-0.095135
0.39031,-0.34127,-0.0962
0.40101,-0.33069,-0.098264
0.41099,-0.32127,-0.10106
0.42029,-0.31293,-0.10441
0.42895,-0.30564,-0.10818
0.43699,-0.29934,-0.11229
0.44445,-0.29399,-0.11667
0.45135,-0.28956,-0.12127
0.45771,-0.28599,-0.12604
0.46356,-0.28328,-0.13098
0.46114,-0.2811,-0.13498
0.45874,-0.27897,-0.1385
0.45636,-0.2769,-0.14161
0.45399,-0.27487,-0.1444
0.45164,-0.27289,-0.1469
0.44931,-0.27094,-0.14918
0.44698,-0.26904,-0.15125
0.44467,-0.26718,-0.15314
0.44237,-0.26535,-0.15487
0.44008,-0.26356,-0.15646
0.44389,-0.2703,-0.13652
0.4472,-0.2776,-0.12016
0.45005,-0.28546,-0.10651
0.45248,-0.29388,-0.094944
0.4545,-0.30285,-0.085038
0.45614,-0.31236,-0.076477
0.4574,-0.32239,-0.069034
0.45831,-0.33295,-0.062536
0.45888,-0.34402,-0.056859
0.4591,-0.35558,-0.051903
0.46456,-0.35072,-0.036098
0.46963,-0.34615,-0.027517
0.47439,-0.34187,-0.024354
0.47893,-0.33795,-0.023299
0.48342,-0.33452,-0.019105
0.48784,-0.33155,-0.012103
0.4922,-0.32902,-0.0027258
0.49647,-0.3269,0.0087007
0.50066,-0.32517,0.021908
0.50477,-0.32382,0.036689
0.51925,-0.33342,0.0085924
0.53422,-0.34348,-0.0094766
0.54958,-0.35392,-0.020676
0.56528,-0.36466,-0.027006
0.58128,-0.37568,-0.029771
0.5975,-0.38688,-0.031697
0.61385,-0.39815,-0.035736
0.63035,-0.40951,-0.041532
0.64699,-0.42095,-0.0488
0.66379,-0.43248,-0.057334
0.65376,-0.43045,-0.049647
0.64373,-0.42847,-0.044493
0.63373,-0.42656,-0.040912
0.62378,-0.42473,-0.03835
0.61386,-0.423,-0.036476
0.60401,-0.42136,-0.035089
0.5942,-0.41982,-0.034062
0.58445,-0.41838,-0.033311
0.57475,-0.41703,-0.032781
0.5651,-0.41577,-0.032434
0.55405,-0.39458,-0.03311
0.54279,-0.37501,-0.036081
0.53133,-0.35699,-0.040501
0.51971,-0.34043,-0.045903
0.50793,-0.32525,-0.052021
0.49601,-0.31138,-0.058691
0.48395,-0.29874,-0.065808
0.47175,-0.28727,-0.073301
0.45943,-0.27692,-0.081113
0.44698,-0.26763,-0.089198
0.45926,-0.27695,-0.060428
0.47117,-0.28621,-0.042351
0.48279,-0.29555,-0.031989
0.4942,-0.30503,-0.027373
0.50543,-0.31473,-0.026897
0.51665,-0.32487,-0.02502
0.5279,-0.33551,-0.020345
0.53916,-0.34662,-0.013348
0.55043,-0.35819,-0.0043852
0.56171,-0.37018,0.006274
0.54645,-0.35475,0.020503
0.53139,-0.34044,0.035842
0.51649,-0.32718,0.052107
0.50177,-0.31491,0.069161
0.4872,-0.30358,0.086868
0.47279,-0.29311,0.10514
0.45851,-0.28347,0.12386
0.44437,-0.27461,0.14298
0.43038,-0.26646,0.16239
0.41689,-0.25838,0.18209
0.41007,-0.25122,0.10945
0.40453,-0.24442,0.059604
0.40001,-0.2377,0.025607
0.39635,-0.2309,0.003171
0.39343,-0.22391,-0.010496
0.39117,-0.21665,-0.017279
0.3895,-0.20909,-0.018644
0.38822,-0.20095,-0.021259
0.38723,-0.19216,-0.027781
0.38655,-0.18275,-0.037679
0.37479,-0.18944,-0.020794
0.36376,-0.19419,-0.01685
0.35378,-0.19763,-0.011291
0.3449,-0.20001,0.0004236
0.33702,-0.20133,0.01662
0.33006,-0.20159,0.036207
0.32396,-0.20081,0.05846
0.31869,-0.19901,0.082881
0.31369,-0.19701,0.10909
0.30816,-0.19609,0.13683
0.31169,-0.1975,0.12279
0.31526,-0.19911,0.11183
0.31888,-0.20089,0.10313
0.32251,-0.20282,0.096152
0.32615,-0.20489,0.09046
0.32978,-0.20708,0.085766
0.33341,-0.20939,0.081838
0.33708,-0.21173,0.078515
0.34083,-0.21401,0.075665
0.34465,-0.21625,0.073193
0.34759,-0.21861,0.082529
0.35055,-0.22085,0.091217
0.35354,-0.22296,0.099318
0.35648,-0.22507,0.1069
0.35933,-0.22725,0.11401
0.36209,-0.22948,0.12072
0.36477,-0.23179,0.12707
0.36737,-0.23415,0.13309
0.36988,-0.23659,0.13883
0.3723,-0.23908,0.1443
0.38327,-0.24494,0.12283
0.39435,-0.25116,0.10511
0.40551,-0.25771,0.090231
0.41675,-0.26457,0.077551
0.42806,-0.27172,0.066597
0.43948,-0.2791,0.057027
0.45114,-0.28647,0.048584
0.46304,-0.2938,0.041074
0.47518,-0.30111,0.034354
0.48755,-0.30838,0.028306
0.49389,-0.31209,0.035581
0.50029,-0.31578,0.042181
0.50675,-0.31945,0.048198
0.51327,-0.32311,0.053711
0.51986,-0.32675,0.058811
0.52652,-0.33039,0.063571
0.53326,-0.33403,0.068056
0.54007,-0.33765,0.072316
0.54695,-0.34128,0.076393
0.55391,-0.3449,0.080317
0.55115,-0.34448,0.093544
0.54837,-0.34393,0.10572
0.54556,-0.34326,0.11698
0.54273,-0.34247,0.12749
0.53989,-0.34156,0.13733
0.53704,-0.34055,0.14661
0.53417,-0.33944,0.15539
0.5313,-0.33823,0.16373
0.52841,-0.33692,0.17166
0.52552,-0.33552,0.17922
0.53351,-0.34212,0.13754
0.5419,-0.34866,0.10574
0.55058,-0.35514,0.080882
0.55952,-0.36156,0.061089
0.56856,-0.3681,0.045102
0.57766,-0.37478,0.032053
0.58681,-0.38159,0.021349
0.59599,-0.38854,0.012544
0.60521,-0.39561,0.0053341
0.61445,-0.40279,-0.0005497
0.59774,-0.39047,0.014028
0.58141,-0.37887,0.030108
0.56541,-0.36796,0.046779
0.54981,-0.35757,0.063616
0.53486,-0.34724,0.080456
0.52057,-0.33692,0.097241
0.50691,-0.32661,0.11397
0.49384,-0.31631,0.13066
0.48133,-0.30602,0.14732
0.46937,-0.29576,0.16396
0.45254,-0.28346,0.16724
0.43637,-0.27151,0.17127
0.42079,-0.25989,0.17581
0.4058,-0.2486,0.1807
0.39135,-0.23762,0.18581
0.37743,-0.22695,0.19108
0.364,-0.21657,0.19644
0.35105,-0.20649,0.20185
0.33855,-0.19669,0.20727
0.3265,-0.18716,0.21269
0.31284,-0.1785,0.15136
0.30021,-0.17016,0.10579
0.28842,-0.1621,0.071577
0.27736,-0.15431,0.04588
0.26692,-0.14676,0.026777
0.25705,-0.13944,0.012915
0.24769,-0.13234,0.0033257
0.2388,-0.12543,-0.0027164
0.23034,-0.1187,-0.005755
0.22228,-0.11216,-0.006333
0.22303,-0.10457,-0.0085655
0.2241,-0.096448,-0.013715
0.22548,-0.087775,-0.02145
0.22717,-0.078552,-0.031512
0.2292,-0.068776,-0.043672
0.23155,-0.058441,-0.057754
0.23424,-0.047545,-0.073586
0.23728,-0.036085,-0.091038
0.24066,-0.024057,-0.10997
0.24439,-0.011461,-0.13027
0.22466,-0.0044136,-0.15015
0.20603,0.0021571,-0.17114
0.18845,0.0082653,-0.19309
0.17187,0.013923,-0.21593
0.15625,0.019142,-0.23951
0.14155,0.023932,-0.2638
0.12775,0.0283,-0.28866
0.1148,0.032253,-0.31408
0.10268,0.035799,-0.33994
0.091372,0.038935,-0.36626
0.09601,0.044062,-0.3107
0.10051,0.049372,-0.26518
0.10495,0.054859,-0.22722
0.10935,0.060519,-0.1952
0.11375,0.066348,-0.16788
0.11817,0.072346,-0.1444
0.12262,0.078511,-0.12407
0.12712,0.084843,-0.10638
0.13169,0.091342,-0.090941
0.13631,0.098008,-0.077417
0.13446,0.1087,-0.11047
0.13299,0.11936,-0.14671
0.13193,0.13,-0.18537
0.13132,0.1406,-0.22583
0.13117,0.15116,-0.26762
0.1315,0.16167,-0.31038
0.13233,0.17211,-0.3538
0.13367,0.18248,-0.39771
0.13554,0.19276,-0.44189
0.13795,0.20295,-0.48629
0.13929,0.20229,-0.49987
0.14078,0.20164,-0.51378
0.14244,0.20099,-0.52777
0.14425,0.20033,-0.54184
0.14624,0.19968,-0.55578
0.14838,0.19903,-0.56962
0.15068,0.19837,-0.58318
0.15315,0.1977,-0.59652
0.15578,0.19704,-0.60948
0.15857,0.19637,-0.62211
0.15299,0.19202,-0.70013
0.14757,0.18766,-0.7764
0.14231,0.18329,-0.85087
0.13721,0.17892,-0.92379
0.13228,0.17454,-0.99508
0.12749,0.17015,-1.0651
0.12287,0.16575,-1.1337
0.11841,0.16135,-1.2012
0.1141,0.15695,-1.2673
0.10995,0.15254,-1.3324
0.11875,0.16577,-1.1091
0.12708,0.17884,-0.93792
0.13523,0.19178,-0.80109
0.14338,0.20459,-0.68868
0.15164,0.21729,-0.59438
0.16009,0.2299,-0.51381
0.16878,0.24243,-0.44431
0.17775,0.2549,-0.38359
0.18703,0.2673,-0.33037
0.19646,0.27978,-0.28332
0.21162,0.30052,-0.29606
0.22737,0.32211,-0.30502
0.24376,0.34449,-0.31077
0.26082,0.36762,-0.31363
0.27852,0.39149,-0.31415
0.29684,0.41606,-0.31265
0.31578,0.44134,-0.3096
0.33531,0.46729,-0.30525
0.35544,0.49391,-0.29993
0.37613,0.52118,-0.29382
0.36619,0.50733,-0.26019
0.35675,0.49417,-0.23282
0.34776,0.48162,-0.21002
0.3392,0.46965,-0.19061
0.33104,0.4582,-0.17387
0.32325,0.44724,-0.15919
0.31581,0.43673,-0.14626
0.30869,0.42664,-0.13472
0.30187,0.41694,-0.12441
0.29535,0.4076,-0.11511
0.28933,0.39835,-0.13705
0.28346,0.38949,-0.15752
0.2777,0.38103,-0.17667
0.27204,0.37296,-0.19465
0.26648,0.36525,-0.21166
0.26099,0.35788,-0.22784
0.25559,0.35084,-0.24336
0.25027,0.34411,-0.25832
0.24501,0.33767,-0.27282
0.23982,0.33152,-0.28694
0.21617,0.30095,-0.22306
0.19464,0.273,-0.17441
0.17499,0.24742,-0.13645
0.15701,0.22401,-0.10633
0.14056,0.20257,-0.082177
0.12549,0.18294,-0.062703
0.11168,0.16497,-0.047009
0.099027,0.14853,-0.034404
0.087442,0.13349,-0.024397
0.076839,0.11974,-0.01658
0.073346,0.11629,-0.013853
0.06989,0.11293,-0.011517
0.066469,0.10965,-0.0095349
0.063085,0.10645,-0.007859
0.059738,0.10334,-0.0064608
0.056427,0.1003,-0.005305
0.053152,0.097353,-0.0043683
0.049913,0.094484,-0.0036241
0.046711,0.091695,-0.003053
0.043545,0.088987,-0.0026348
0.049333,0.095278,-0.0018496
0.055294,0.10194,0.0014383
0.061417,0.10902,0.0080175
0.06771,0.1165,0.017667
0.074176,0.12438,0.030182
0.080823,0.13267,0.045378
0.087654,0.14135,0.063073
0.094673,0.15043,0.083107
0.10188,0.15989,0.10531
0.10929,0.16973,0.12956
0.1088,0.16428,0.14794
0.10775,0.15942,0.16756
0.10616,0.15512,0.1883
0.10404,0.15136,0.21014
0.1014,0.14813,0.23297
0.098583,0.14517,0.25679
0.096325,0.1419,0.28151
0.094652,0.1383,0.30712
0.093564,0.13436,0.33352
0.093061,0.13007,0.3607
0.10113,0.13418,0.33256
0.10957,0.1383,0.30851
0.1184,0.14241,0.28762
0.12765,0.1465,0.26933
0.13732,0.15055,0.25311
0.14742,0.15455,0.23861
0.15798,0.15848,0.2255
0.16898,0.16233,0.21356
0.18045,0.16611,0.20259
0.19238,0.16979,0.19244
0.19913,0.16826,0.15797
0.20587,0.16673,0.12922
0.21263,0.16517,0.10506
0.21942,0.16357,0.084648
0.22627,0.16189,0.067357
0.23318,0.16013,0.052691
0.24016,0.15827,0.040294
0.24722,0.1563,0.029854
0.25437,0.15422,0.02115
0.26161,0.15202,0.013978
0.25741,0.13434,0.020691
0.25382,0.11719,0.027121
0.25081,0.10051,0.033176
0.24835,0.084294,0.038815
0.24643,0.068494,0.044061
0.24501,0.053092,0.048932
0.24408,0.038062,0.053474
0.24362,0.023385,0.057713
0.24361,0.0090388,0.061692
0.24404,-0.0049934,0.065432
0.22674,-0.0090198,0.074914
0.21055,-0.012494,0.084524
0.19539,-0.015466,0.094283
0.18119,-0.017981,0.1042
0.16789,-0.020081,0.11428
0.15545,-0.021803,0.12454
0.1438,-0.02318,0.13497
0.13291,-0.024245,0.14559
0.12272,-0.025024,0.1564
0.11321,-0.025545,0.1674
0.12016,-0.02602,0.23768
0.12765,-0.026417,0.31693
0.13569,-0.026781,0.40362
0.14425,-0.027158,0.4963
0.15334,-0.027587,0.59355
0.16293,-0.028104,0.69432
0.173,-0.02874,0.79749
0.18353,-0.029519,0.90248
0.1945,-0.030462,1.0084
0.20589,-0.031586,1.1152
0.18996,-0.048518,0.874
0.17719,-0.062016,0.70181
0.16679,-0.072871,0.57214
0.15828,-0.081584,0.47105
0.15133,-0.088499,0.38999
0.14572,-0.09387,0.32369
0.14128,-0.097887,0.26863
0.13786,-0.1007,0.22233
0.13538,-0.10243,0.18313
0.13374,-0.10316,0.14968
0.11735,-0.089901,0.1625
0.10222,-0.078195,0.17351
0.088265,-0.067949,0.18306
0.075405,-0.059059,0.19136
0.063568,-0.051429,0.19867
0.052684,-0.044971,0.2051
0.042692,-0.039611,0.21085
0.033533,-0.035279,0.21599
0.025154,-0.031919,0.22063
0.017506,-0.02948,0.22481
0.013283,-0.032952,0.20656
0.0087086,-0.03685,0.18979
0.0037889,-0.041175,0.17434
-0.0014833,-0.045936,0.16
-0.0071078,-0.051142,0.14667
-0.013091,-0.056803,0.13423
-0.019439,-0.062933,0.12261
-0.026162,-0.069547,0.11172
-0.033273,-0.076661,0.10152
-0.040786,-0.084291,0.091932
-0.044509,-0.091863,0.086904
-0.048382,-0.099809,0.081968
-0.052408,-0.10814,0.077145
-0.056588,-0.11685,0.072419
-0.060922,-0.12595,0.067813
-0.065411,-0.13545,0.06331
-0.070055,-0.14534,0.058932
-0.074855,-0.15564,0.054666
-0.079809,-0.16634,0.05053
-0.084917,-0.17745,0.046513
-0.087607,-0.17604,0.034985
-0.090183,-0.17473,0.025773
-0.092659,-0.17353,0.01845
-0.095047,-0.17241,0.012673
-0.097356,-0.17139,0.0081909
-0.099592,-0.17045,0.0047897
-0.10176,-0.16958,0.0023102
-0.10387,-0.16879,0.00061513
-0.10592,-0.16808,-0.00040273
-0.10791,-0.16743,-0.00083482
-0.1019,-0.16894,-0.0011284
-0.09548,-0.17087,-0.001433
-0.088639,-0.17321,-0.001743
-0.081376,-0.17596,-0.0020484
-0.073686,-0.17912,-0.002369
-0.065562,-0.1827,-0.0027219
-0.057001,-0.1867,-0.0031188
-0.047995,-0.19112,-0.0035696
-0.03854,-0.19595,-0.0040831
-0.028628,-0.20122,-0.0046665
-0.034256,-0.21283,-0.0044225
-0.040128,-0.22483,-0.0043523
-0.046244,-0.23722,-0.0044299
-0.052602,-0.25,-0.0046319
-0.059201,-0.26318,-0.0048299
-0.066039,-0.27674,-0.0049714
-0.073116,-0.29069,-0.0050683
-0.080432,-0.30503,-0.0051297
-0.087985,-0.31975,-0.0051629
-0.095775,-0.33484,-0.0051742
-0.093474,-0.33882,-0.0065644
-0.091171,-0.3429,-0.0070095
-0.088862,-0.34705,-0.0082359
-0.08654,-0.35128,-0.010279
-0.084202,-0.35558,-0.012998
-0.081845,-0.35996,-0.016297
-0.079468,-0.36441,-0.020097
-0.077067,-0.36893,-0.024346
-0.074642,-0.37353,-0.028998
-0.072191,-0.3782,-0.034025
-0.069398,-0.34391,-0.022888
-0.066693,-0.3124,-0.015448
-0.064054,-0.28344,-0.010549
-0.061464,-0.25681,-0.0074845
-0.058909,-0.23234,-0.0058022
-0.056377,-0.20985,-0.0051365
-0.053889,-0.1892,-0.0041476
-0.05145,-0.17027,-0.0024811
-0.049053,-0.15292,-0.00024331
-0.046697,-0.13702,0.0024867
-0.043645,-0.12885,0.010206
-0.040815,-0.1211,0.020094
-0.038197,-0.11375,0.031772
-0.035779,-0.10676,0.04496
-0.033554,-0.10012,0.059436
-0.031513,-0.093811,0.075037
-0.029648,-0.087808,0.091621
-0.027953,-0.082098,0.10909
-0.02642,-0.07667,0.12735
-0.025042,-0.07151,0.14635
-0.02804,-0.066849,0.12631
-0.030706,-0.062751,0.10969
-0.033046,-0.059167,0.095692
-0.035066,-0.056053,0.083789
-0.036777,-0.053377,0.073553
-0.038191,-0.051107,0.064685
-0.03932,-0.049218,0.056935
-0.040171,-0.047688,0.050123
-0.040753,-0.046498,0.044096
-0.04107,-0.045632,0.038739
-0.043307,-0.047229,0.039937
-0.045424,-0.049031,0.041104
-0.048231,-0.050325,0.042223
-0.051771,-0.05109,0.04329
-0.056079,-0.051307,0.044303
-0.061194,-0.050956,0.04526
-0.067161,-0.050007,0.046157
-0.074028,-0.04843,0.046993
-0.081846,-0.046188,0.047762
-0.090667,-0.043242,0.048464
-0.088405,-0.041445,0.056396
-0.086216,-0.039728,0.064298
-0.084097,-0.038085,0.072137
-0.08204,-0.036512,0.079893
-0.080043,-0.035005,0.08755
-0.078101,-0.033561,0.095102
-0.076212,-0.032177,0.10254
-0.074372,-0.030849,0.10986
-0.072579,-0.029574,0.11707
-0.07083,-0.028351,0.12417
-0.068072,-0.020798,0.1723
-0.065833,-0.013617,0.22597
-0.064091,-0.0067835,0.28462
-0.062828,-0.00028183,0.34776
-0.062035,0.0058983,0.41485
-0.061704,0.011762,0.48548
-0.061831,0.017313,0.5591
-0.062412,0.022549,0.63538
-0.063448,0.027469,0.71379
-0.064926,0.03207,0.79413
-0.068694,0.036107,0.77362
-0.072774,0.040208,0.75926
-0.077136,0.0444,0.74938
-0.081761,0.048701,0.74321
-0.086637,0.053125,0.73977
-0.091752,0.057686,0.73865
-0.097101,0.062391,0.7392
-0.10268,0.067251,0.74122
-0.10849,0.07227,0.74426
-0.11453,0.077455,0.74818
-0.11912,0.080224,0.65155
-0.12419,0.082822,0.57118
-0.12966,0.085289,0.50295
-0.13548,0.087656,0.44415
-0.14163,0.089941,0.39287
-0.14807,0.092161,0.34767
-0.15479,0.094325,0.30758
-0.16177,0.096443,0.27173
-0.16899,0.098521,0.23961
-0.17646,0.10056,0.21067
-0.1724,0.10407,0.19819
-0.16863,0.10728,0.18613
-0.16512,0.11021,0.17461
-0.16185,0.11288,0.16359
-0.15882,0.11529,0.15314
-0.15599,0.11748,0.1432
-0.15337,0.11944,0.13382
-0.15094,0.12118,0.12492
-0.1487,0.12273,0.11654
-0.14661,0.12409,0.1086
-0.14705,0.11447,0.1308
-0.14875,0.10365,0.15317
-0.15172,0.091621,0.17557
-0.15598,0.078356,0.19783
-0.16155,0.063833,0.21991
-0.16844,0.048033,0.24169
-0.17669,0.030933,0.26317
-0.18631,0.012515,0.28427
-0.19734,-0.0072363,0.305
-0.2098,-0.028335,0.32532
-0.21612,-0.035091,0.31022
-0.22257,-0.042005,0.29692
-0.22915,-0.049077,0.28499
-0.23587,-0.056307,0.27416
-0.24273,-0.063694,0.2642
-0.24973,-0.071237,0.25493
-0.25687,-0.078936,0.24621
-0.26415,-0.086791,0.23793
-0.27156,-0.094798,0.23003
-0.27911,-0.10296,0.22242
-0.28734,-0.10047,0.19776
-0.29566,-0.097857,0.17651
-0.30406,-0.095132,0.15798
-0.31257,-0.092292,0.1416
-0.32119,-0.089335,0.12701
-0.32991,-0.086262,0.11387
-0.33874,-0.083073,0.10199
-0.34768,-0.079768,0.091165
-0.35673,-0.076347,0.081275
-0.36589,-0.07281,0.072191
-0.3281,-0.063398,0.086327
-0.29356,-0.0549,0.099566
-0.26203,-0.047225,0.11215
-0.23325,-0.040299,0.12424
-0.20701,-0.034052,0.13603
-0.18311,-0.028427,0.1476
-0.16138,-0.023368,0.15906
-0.14165,-0.018829,0.17047
-0.12377,-0.01477,0.18188
-0.10761,-0.011156,0.19332
-0.10533,-0.010653,0.17633
-0.1031,-0.010128,0.1613
-0.10091,-0.0095844,0.14787
-0.098776,-0.0090265,0.13579
-0.096681,-0.0084569,0.12486
-0.094628,-0.0078785,0.11489
-0.092616,-0.0072927,0.10578
-0.090642,-0.0067016,0.097399
-0.088708,-0.0061063,0.089674
-0.086812,-0.0055081,0.082525
-0.083124,-0.010673,0.070312
-0.079825,-0.015541,0.059847
-0.076892,-0.020133,0.050837
-0.074303,-0.024465,0.043044
-0.07204,-0.028551,0.036287
-0.070089,-0.032406,0.030411
-0.068436,-0.03604,0.025299
-0.067066,-0.039463,0.020844
-0.065969,-0.042684,0.016972
-0.065131,-0.04571,0.013608
-0.065238,-0.045903,0.019337
-0.065356,-0.046089,0.025634
-0.065483,-0.04627,0.032403
-0.065614,-0.046447,0.039551
-0.065749,-0.046621,0.047012
-0.065884,-0.046792,0.05472
-0.066019,-0.046961,0.06263
-0.066151,-0.047129,0.070695
-0.066281,-0.047297,0.078883
-0.066405,-0.047464,0.087166
-0.074016,-0.055653,0.060227
-0.082334,-0.064313,0.038907
-0.091385,-0.073494,0.022551
-0.1012,-0.083246,0.01068
-0.1118,-0.093612,0.0029235
-0.12323,-0.10464,-0.001022
-0.1355,-0.11636,-0.0020131
-0.14855,-0.12885,-0.0051684
-0.1624,-0.14213,-0.011435
-0.1771,-0.15622,-0.020617
-0.16251,-0.14001,-0.011633
-0.14915,-0.12495,-0.0060177
-0.13691,-0.11093,-0.0028305
-0.12572,-0.097867,-0.00145
-0.1155,-0.085677,-0.0010026
-0.10621,-0.074285,0.00031872
-0.097763,-0.063631,0.0024933
-0.090106,-0.053661,0.0053728
-0.083179,-0.044325,0.008849
-0.076931,-0.035579,0.012842
-0.078087,-0.027736,0.012588
-0.079819,-0.019446,0.012403
-0.082135,-0.010694,0.012276
-0.085043,-0.0014642,0.012201
-0.088554,0.0082597,0.012172
-0.092679,0.018497,0.012184
-0.097435,0.029266,0.012233
-0.10284,0.040588,0.012317
-0.1089,0.052483,0.012433
-0.11564,0.064971,0.01258
-0.1104,0.060138,0.024335
-0.10538,0.055448,0.038442
-0.10059,0.050895,0.054361
-0.095994,0.046475,0.071692
-0.091585,0.042185,0.090128
-0.087351,0.038023,0.10944
-0.083285,0.033986,0.12945
-0.079379,0.030074,0.15002
-0.075629,0.026285,0.17102
-0.072028,0.02262,0.19238
-0.07739,0.025426,0.17314
-0.082963,0.028382,0.15654
-0.08875,0.031491,0.14209
-0.094759,0.034756,0.12943
-0.10099,0.038182,0.11826
-0.10746,0.041771,0.10836
-0.11415,0.045527,0.099538
-0.12109,0.049453,0.091638
-0.12827,0.053554,0.084529
-0.13569,0.057832,0.078105
-0.13101,0.055994,0.061144
-0.12657,0.054235,0.04731
-0.12234,0.052551,0.036016
-0.11831,0.050935,0.026818
-0.11446,0.049384,0.019384
-0.11078,0.047893,0.013446
-0.10725,0.046457,0.0088017
-0.10387,0.045075,0.0052788
-0.10063,0.043741,0.0027458
-0.097516,0.042453,0.0010896
-0.097518,0.029915,0.0038556
-0.098355,0.017327,0.0080855
-0.10002,0.0046703,0.013523
-0.10253,-0.0080723,0.019969
-0.10589,-0.020917,0.027273
-0.11012,-0.033881,0.035307
-0.11523,-0.046977,0.043971
-0.12124,-0.06022,0.053175
-0.12817,-0.073618,0.062842
-0.13606,-0.087183,0.072907
-0.14299,-0.088361,0.061254
-0.15017,-0.089425,0.051211
-0.15759,-0.090373,0.042534
-0.16527,-0.091204,0.035028
-0.17319,-0.091914,0.028533
-0.18137,-0.092504,0.022917
-0.18981,-0.09297,0.018074
-0.19849,-0.093311,0.013911
-0.20743,-0.093524,0.010356
-0.21662,-0.093606,0.0073435
-0.21169,-0.090798,0.0005943
-0.20692,-0.088134,-0.0013756
-0.20228,-0.085579,-0.0031548
-0.19775,-0.083108,-0.0079562
-0.19333,-0.080718,-0.015231
-0.18899,-0.078402,-0.02457
-0.18474,-0.076158,-0.035654
-0.18056,-0.073981,-0.048238
-0.17646,-0.071867,-0.062122
-0.17243,-0.069815,-0.07715
-0.17501,-0.07283,-0.055087
-0.17757,-0.075819,-0.038526
-0.1801,-0.07879,-0.026164
-0.18263,-0.081748,-0.017075
-0.18514,-0.084697,-0.010574
-0.18765,-0.087639,-0.0061534
-0.19016,-0.090576,-0.0034278
-0.19268,-0.09351,-0.0021026
-0.19519,-0.096441,-0.0018557
-0.19773,-0.099376,-0.001142
-0.19209,-0.099801,-0.0019604
-0.18674,-0.10015,-0.0029353
-0.18164,-0.10042,-0.0052672
-0.17678,-0.10062,-0.0086424
-0.17214,-0.10075,-0.012837
-0.16772,-0.10081,-0.01769
-0.1635,-0.1008,-0.023083
-0.15946,-0.10072,-0.028927
-0.1556,-0.10058,-0.035156
-0.15192,-0.10038,-0.04172
-0.14871,-0.097222,-0.023444
-0.14556,-0.094139,-0.011556
-0.14246,-0.091126,-0.0046986
-0.13941,-0.08818,-0.0018929
-0.13642,-0.085297,-0.0010093
-0.13354,-0.082485,0.0023394
-0.13075,-0.079738,0.0080524
-0.12805,-0.07705,0.015806
-0.12543,-0.074418,0.025339
-0.12289,-0.071837,0.03645
-0.11929,-0.067242,0.038227
-0.11583,-0.06275,0.040166
-0.1125,-0.058358,0.042241
-0.10929,-0.054062,0.044435
-0.1062,-0.049861,0.046729
-0.10322,-0.045751,0.049111
-0.10036,-0.041731,0.051566
-0.097604,-0.037797,0.054084
-0.094956,-0.033947,0.056653
-0.09241,-0.03018,0.059267
-0.084782,-0.022697,0.085657
-0.077803,-0.015723,0.11534
-0.071434,-0.0092218,0.14797
-0.065647,-0.0031667,0.18329
-0.06042,0.0024632,0.22106
-0.055741,0.0076828,0.26112
-0.051602,0.012502,0.30327
-0.048,0.016925,0.3474
-0.044938,0.020955,0.39331
-0.042421,0.02459,0.44093
-0.044393,0.032606,0.42404
-0.047087,0.040822,0.4098
-0.05049,0.049257,0.39753
-0.054594,0.057926,0.38694
-0.059399,0.066847,0.37761
-0.064907,0.076034,0.36937
-0.071122,0.0855,0.36194
-0.078051,0.09526,0.35523
-0.085493,0.10549,0.34906
-0.093037,0.11651,0.34335
-0.090415,0.1145,0.2908
-0.087919,0.11251,0.24758
-0.085521,0.11053,0.21151
-0.083202,0.10858,0.18105
-0.080948,0.10665,0.15511
-0.078747,0.10474,0.13283
-0.076594,0.10286,0.1136
-0.074479,0.101,0.096916
-0.0724,0.099166,0.082409
-0.070351,0.097359,0.069748
-0.070629,0.10055,0.062171
-0.070691,0.10395,0.05504
-0.070538,0.10754,0.048373
-0.070171,0.11134,0.042147
-0.069589,0.11533,0.036376
-0.06879,0.11953,0.031041
-0.067774,0.12393,0.026151
-0.066539,0.12853,0.021689
-0.065083,0.13333,0.017663
-0.063404,0.13834,0.014056
-0.057226,0.14637,0.015417
-0.049957,0.15526,0.016598
-0.041564,0.16504,0.017598
-0.032013,0.17572,0.01841
-0.021272,0.18732,0.019042
-0.0093086,0.19987,0.019495
0.0039077,0.21338,0.019783
0.018405,0.22787,0.019912
0.034209,0.24335,0.019901
0.051343,0.25984,0.019757
0.047989,0.25552,0.011531
0.044752,0.25137,0.00603
0.041626,0.24738,0.0025891
0.038605,0.24352,0.00073361
0.035686,0.23981,0.00012495
0.032868,0.23622,-0.00036397
0.030151,0.23274,-0.0016586
0.027528,0.22938,-0.0036176
0.024993,0.22612,-0.0061284
0.02254,0.22297,-0.0091049
0.017396,0.22788,-0.0041374
0.012258,0.23295,-0.0014321
0.0071129,0.23817,-0.00040612
0.0019519,0.24356,-0.00018172
-0.0032363,0.2491,0.00086316
-0.008454,0.2548,0.002649
-0.013701,0.26065,0.0050181
-0.018979,0.26666,0.0078527
-0.024287,0.27282,0.011068
-0.029625,0.27913,0.014598
-0.026071,0.28012,0.012418
-0.022531,0.28114,0.010633
-0.019002,0.28219,0.0091471
-0.015485,0.28326,0.0078881
-0.011978,0.28437,0.0068048
-0.0084817,0.2855,0.0058577
-0.004995,0.28666,0.005019
-0.0015183,0.28784,0.0042663
0.0019491,0.28905,0.003584
0.0054068,0.29028,0.0029589
0.0012713,0.27248,0.0007503
-0.0023729,0.25566,-0.00058187
-0.0055713,0.23975,-0.0012625
-0.0083654,0.22471,-0.0014451
-0.010791,0.21047,-0.0016013
-0.012883,0.19698,-0.0020662
-0.01467,0.18422,-0.0027838
-0.01618,0.17212,-0.0037123
-0.017438,0.16067,-0.0048192
-0.018467,0.14982,-0.0060794
-0.010882,0.1363,-0.0076842
-0.0039982,0.12388,-0.0094485
0.0022321,0.1125,-0.011352
0.0078528,0.10207,-0.013378
0.012905,0.09254,-0.015512
0.017427,0.083848,-0.017745
0.021454,0.075939,-0.020065
0.025018,0.068761,-0.022466
0.028149,0.062268,-0.02494
0.030876,0.056415,-0.027482
0.030824,0.055837,-0.049457
0.030744,0.055144,-0.077179
0.030633,0.054329,-0.11028
0.030487,0.053386,-0.14843
0.030305,0.05231,-0.19129
0.030083,0.051101,-0.23855
0.029822,0.049756,-0.28985
0.02952,0.048278,-0.34491
0.029178,0.046668,-0.40335
0.028794,0.044927,-0.46496
0.029121,0.045484,-0.4394
0.029462,0.045982,-0.41813
0.029817,0.046435,-0.40006
0.030185,0.046849,-0.38462
0.030567,0.047234,-0.37118
0.030962,0.047592,-0.35944
0.031369,0.04793,-0.34901
0.031788,0.048251,-0.3397
0.03222,0.048556,-0.33127
0.032663,0.048849,-0.32361
0.036859,0.055619,-0.28557
0.041226,0.062594,-0.25229
0.045772,0.069793,-0.22291
0.050504,0.07723,-0.19683
0.055427,0.084921,-0.17356
0.060547,0.092877,-0.15271
0.065868,0.10111,-0.134
0.071395,0.10963,-0.11717
0.077131,0.11844,-0.10205
0.083081,0.12755,-0.088439
0.069652,0.12211,-0.069453
0.057214,0.11723,-0.053963
0.045689,0.11286,-0.041345
0.035009,0.10897,-0.031092
0.025113,0.10551,-0.022845
0.015947,0.10247,-0.016295
0.0074623,0.099821,-0.011217
-0.00038549,0.097531,-0.0074147
-0.0076351,0.095583,-0.0047402
-0.014322,0.093959,-0.0030602
-0.017651,0.08399,-0.0025041
-0.020231,0.075099,-0.0020352
-0.022125,0.067196,-0.0016636
-0.023389,0.060199,-0.0013916
-0.024076,0.05403,-0.0012098
-0.024231,0.048623,-0.0010059
-0.023894,0.043914,-0.00075111
-0.0231,0.039842,-0.0004464
-0.02188,0.036355,-9.5675e-05
-0.020274,0.033391,0.00029962
-0.019965,0.032931,-0.00067162
-0.019656,0.032479,-0.0011044
-0.019347,0.032002,-0.0027165
-0.019037,0.031505,-0.0054509
-0.018727,0.030991,-0.0092221
-0.018416,0.030463,-0.013957
-0.018105,0.029926,-0.019598
-0.017794,0.029382,-0.026094
-0.017481,0.028834,-0.033401
-0.017167,0.028284,-0.041479
-0.018535,0.030288,-0.040247
-0.019893,0.032389,-0.039077
-0.021239,0.034587,-0.037963
-0.022572,0.036884,-0.036902
-0.023917,0.039262,-0.035889
-0.025345,0.041681,-0.034921
-0.026859,0.044138,-0.033994
-0.028461,0.046632,-0.033106
-0.030149,0.049163,-0.032254
-0.031927,0.05173,-0.031437
-0.0305,0.047114,-0.03732
-0.029487,0.042483,-0.043454
-0.02888,0.037838,-0.049814
-0.02867,0.033179,-0.056382
-0.028856,0.028507,-0.06314
-0.029438,0.02382,-0.070078
-0.030417,0.019115,-0.077184
-0.031798,0.014389,-0.084451
-0.033587,0.0096382,-0.091865
-0.035794,0.0048595,-0.099423
-0.033233,0.0029916,-0.11284
-0.030811,0.0012546,-0.12663
-0.028521,-0.00035178,-0.14076
-0.026357,-0.0018274,-0.15521
-0.024316,-0.0031717,-0.16995
-0.022393,-0.0043836,-0.18495
-0.020585,-0.0054617,-0.20019
-0.018889,-0.0064045,-0.21566
-0.017303,-0.0072097,-0.23131
-0.015828,-0.0078752,-0.24717
-0.013247,-0.0052146,-0.20241
-0.011111,-0.0029233,-0.16588
-0.009361,-0.00093849,-0.13576
-0.007948,0.00078856,-0.11075
-0.0068312,0.0022968,-0.089878
-0.0059757,0.0036182,-0.072405
-0.0053515,0.0047793,-0.057758
-0.0049328,0.0058024,-0.045479
-0.0046978,0.0067063,-0.035211
-0.0046279,0.0075073,-0.026655
-0.0060002,0.0079558,-0.034926
-0.0081405,0.0081063,-0.044766
-0.011166,0.0079118,-0.056339
-0.015205,0.0073205,-0.06975
-0.020392,0.0062771,-0.085063
-0.026867,0.0047251,-0.10227
-0.034771,0.0026078,-0.12133
-0.044243,-0.00013048,-0.14209
-0.055419,-0.0035436,-0.1644
-0.068432,-0.0076826,-0.18805
-0.068299,-0.0068576,-0.18554
-0.068171,-0.0060454,-0.18368
-0.068049,-0.0052436,-0.18235
-0.06793,-0.0044503,-0.18148
-0.067815,-0.0036642,-0.18101
-0.067702,-0.0028839,-0.18088
-0.067592,-0.0021083,-0.18104
-0.067484,-0.0013367,-0.18145
-0.067377,-0.00056843,-0.18208
-0.067272,0.00019714,-0.18291
-0.06854,0.0045085,-0.18363
-0.069932,0.0090727,-0.18437
-0.071445,0.013892,-0.1851
-0.07308,0.018969,-0.18583
-0.074838,0.024306,-0.18653
-0.076719,0.029904,-0.18721
-0.078722,0.035766,-0.18786
-0.080848,0.041894,-0.18846
-0.083097,0.04829,-0.18902
-0.085469,0.054956,-0.18952
-0.07327,0.044625,-0.19238
-0.062316,0.035562,-0.19543
-0.052517,0.027688,-0.19864
-0.04379,0.020927,-0.20198
-0.036059,0.015212,-0.20543
-0.029257,0.010479,-0.20898
-0.023321,0.0066722,-0.21261
-0.018194,0.0037393,-0.2163
-0.013828,0.0016365,-0.22003
-0.01018,0.00032577,-0.22379
-0.0091136,0.0015853,-0.21531
-0.0081826,0.0028378,-0.20756
-0.0073806,0.0040855,-0.20045
-0.0067019,0.0053299,-0.19388
-0.0061415,0.006573,-0.1878
-0.0056952,0.007816,-0.18213
-0.005359,0.0090609,-0.17683
-0.0051296,0.010309,-0.17185
-0.005004,0.011561,-0.16716
-0.0049799,0.012818,-0.16273
-0.0059623,0.014602,-0.1231
-0.0070476,0.016597,-0.091363
-0.0082276,0.018791,-0.065949
-0.0094974,0.021174,-0.045702
-0.010854,0.023747,-0.029797
-0.012297,0.026513,-0.017617
-0.01383,0.029478,-0.008756
-0.015395,0.032679,-0.002941
-0.016954,0.036146,-2.1442e-05
-0.018513,0.039884,0.00071265
-0.017079,0.036965,-0.00014057
-0.015679,0.034223,-0.0033206
-0.014304,0.031651,-0.0090623
-0.012952,0.029231,-0.017082
-0.011621,0.026954,-0.027194
-0.01031,0.024808,-0.039259
-0.0090173,0.022786,-0.053192
-0.0077416,0.020884,-0.068923
-0.0064827,0.019096,-0.086404
-0.0052413,0.017422,-0.10558
-0.0066412,0.020404,-0.11506
-0.0080225,0.023818,-0.12483
-0.0097757,0.027514,-0.13485
-0.011977,0.031489,-0.14509
-0.014653,0.035764,-0.1555
-0.017831,0.040357,-0.16604
-0.021537,0.04529,-0.17666
-0.025801,0.050582,-0.18733
-0.030647,0.056252,-0.19798
-0.036098,0.06232,-0.2086
-0.034691,0.06168,-0.16905
-0.033376,0.061129,-0.13651
-0.032156,0.060645,-0.10952
-0.031032,0.060213,-0.087037
-0.030002,0.059819,-0.068274
-0.029064,0.059456,-0.052635
-0.028215,0.059113,-0.039658
-0.02745,0.058786,-0.028976
-0.026768,0.058468,-0.020304
-0.026164,0.058155,-0.013404
-0.025562,0.057489,-0.022517
-0.024932,0.056828,-0.033523
-0.024277,0.056163,-0.046248
-0.0236,0.055488,-0.060526
-0.022903,0.054798,-0.076224
-0.022188,0.054089,-0.093206
-0.021457,0.053359,-0.11136
-0.020714,0.052603,-0.13056
-0.01996,0.05182,-0.15072
-0.019199,0.051009,-0.17173
-0.019587,0.050964,-0.16837
-0.020032,0.050882,-0.16528
-0.020533,0.050764,-0.16242
-0.021092,0.050612,-0.15976
-0.021708,0.050424,-0.15727
-0.022383,0.050204,-0.15493
-0.023116,0.04995,-0.15271
-0.023907,0.049664,-0.1506
-0.024758,0.049346,-0.14858
-0.025669,0.048998,-0.14665
-0.020923,0.042656,-0.1079
-0.017021,0.037004,-0.078265
-0.013853,0.031965,-0.055593
-0.011324,0.027469,-0.038333
-0.0093462,0.023459,-0.02535
-0.0078418,0.019881,-0.01577
-0.0065185,0.016775,-0.0089324
-0.0051436,0.014164,-0.0043106
-0.0037329,0.011977,-0.0015042
-0.0022943,0.010151,-0.00020153
-0.0016079,0.011827,-0.0010329
-0.0005724,0.013742,-0.0026521
0.00084666,0.015912,-0.0051424
0.0026854,0.018357,-0.0085772
0.0049809,0.021092,-0.013024
0.00777,0.024135,-0.018525
0.011089,0.027502,-0.025111
0.014974,0.031209,-0.032778
0.019459,0.035271,-0.041508
0.024577,0.039703,-0.051252
0.025761,0.039062,-0.046542
0.026933,0.038435,-0.042203
0.028094,0.037821,-0.0382
0.029244,0.03722,-0.034505
0.030381,0.036631,-0.031091
0.031507,0.036056,-0.027937
0.032621,0.035493,-0.025023
0.033722,0.034942,-0.022332
0.034811,0.034403,-0.019849
0.035888,0.033877,-0.01756
0.039404,0.037368,-0.022235
0.043146,0.041108,-0.027375
0.047118,0.045107,-0.032943
0.051326,0.049372,-0.038898
0.055772,0.053913,-0.0452
0.060461,0.058736,-0.051809
0.065396,0.063848,-0.058686
0.070578,0.069256,-0.065796
0.076011,0.074965,-0.073102
0.081695,0.080981,-0.080579
0.085142,0.077766,-0.07686
0.088538,0.074735,-0.073535
0.091885,0.071886,-0.070535
0.095183,0.069217,-0.067813
0.098433,0.066724,-0.065323
0.10164,0.064405,-0.063035
0.1048,0.062257,-0.060918
0.10791,0.060279,-0.058951
0.11098,0.058467,-0.057112
0.11401,0.05682,-0.055388
0.1251,0.062251,-0.054814
0.13688,0.06799,-0.054265
0.14939,0.07404,-0.05374
0.16262,0.080406,-0.05324
0.1766,0.087089,-0.052766
0.19134,0.09409,-0.052317
0.20683,0.10141,-0.051893
0.22309,0.10905,-0.051492
0.24012,0.11701,-0.051116
0.25792,0.12528,-0.050763
0.23642,0.11889,-0.046165
0.21643,0.11307,-0.041961
0.19783,0.10778,-0.038101
0.18051,0.10299,-0.034545
0.16438,0.098643,-0.031263
0.14934,0.094721,-0.028228
0.13532,0.091188,-0.02542
0.12225,0.088018,-0.02282
0.11005,0.085185,-0.020413
0.098667,0.082667,-0.018185
0.097728,0.079483,-0.026939
0.096789,0.076392,-0.036854
0.095849,0.07339,-0.047718
0.094905,0.070475,-0.059367
0.093957,0.067646,-0.071672
0.093004,0.064899,-0.08454
0.092045,0.062233,-0.097888
0.091079,0.059647,-0.11166
0.090105,0.05714,-0.12581
0.089124,0.054709,-0.14029
0.084344,0.058103,-0.17602
0.079389,0.061965,-0.21421
0.074263,0.066319,-0.25447
0.068966,0.071187,-0.2965
0.063502,0.076589,-0.33997
0.057875,0.082543,-0.38467
0.05209,0.089068,-0.43031
0.046152,0.096178,-0.47677
0.040066,0.10389,-0.52378
0.033838,0.11221,-0.57133
0.020588,0.10383,-0.42756
0.00973,0.096348,-0.32312
0.0010007,0.089694,-0.24482
-0.0058412,0.08378,-0.18495
-0.011014,0.07853,-0.13855
-0.014706,0.073873,-0.10231
-0.017084,0.069747,-0.073966
-0.018286,0.066097,-0.051847
-0.018429,0.062874,-0.034774
-0.017662,0.060023,-0.021829
-0.016655,0.056953,-0.021022
-0.015613,0.054043,-0.020129
-0.014483,0.051299,-0.019188
-0.013263,0.048714,-0.018204
-0.011954,0.046281,-0.017206
-0.010555,0.043993,-0.016195
-0.0090665,0.041842,-0.015193
-0.0074866,0.039821,-0.014198
-0.0058151,0.037926,-0.013225
-0.0040509,0.036149,-0.012273
-0.0036959,0.033235,-0.010381
-0.003384,0.030514,-0.0086646
-0.0031111,0.027975,-0.0071253
-0.0028733,0.025609,-0.0057538
-0.0026667,0.023407,-0.0045479
-0.0024879,0.02136,-0.0034988
-0.0023333,0.01946,-0.0026026
-0.0021995,0.017699,-0.0018508
-0.0020835,0.016069,-0.0012387
-0.0019822,0.014563,-0.00075828
-0.0010771,0.015455,-0.0013613
9.763e-05,0.016433,-0.0021498
0.0015576,0.0175,-0.0031296
0.0033195,0.01866,-0.0043028
0.0054009,0.019916,-0.0056734
0.0078199,0.021274,-0.0072386
0.010595,0.022736,-0.0089975
0.013744,0.024306,-0.010942
0.017287,0.025987,-0.013065
0.02124,0.027784,-0.015353
0.017088,0.029079,-0.019578
0.013178,0.030551,-0.024177
0.0095043,0.032206,-0.029122
0.0060631,0.034047,-0.034389
0.0028514,0.036081,-0.039955
-0.00013322,0.038315,-0.045804
-0.0028917,0.040758,-0.051916
-0.0054242,0.043417,-0.058277
-0.00773,0.046302,-0.064867
-0.0098079,0.049422,-0.071673
-0.010563,0.051005,-0.072744
-0.011278,0.052623,-0.073902
-0.011953,0.054275,-0.075137
-0.012589,0.05596,-0.076448
-0.013183,0.057677,-0.077827
-0.013737,0.059426,-0.079274
-0.014249,0.061206,-0.080781
-0.014719,0.063018,-0.082349
-0.015147,0.064859,-0.08397
-0.015533,0.066731,-0.085645
-0.014866,0.064651,-0.062874
-0.014294,0.062602,-0.044793
-0.013839,0.060578,-0.030585
-0.013488,0.058578,-0.019636
-0.013229,0.056604,-0.011472
-0.013055,0.054653,-0.0057229
-0.012959,0.052726,-0.0020983
-0.012935,0.050822,-0.00036644
-0.012977,0.048941,4.4257e-05
-0.013082,0.04709,0.0015904
-0.011602,0.045538,0.0061032
-0.01038,0.043978,0.01311
-0.0094055,0.042409,0.022402
-0.0086754,0.040831,0.033841
-0.0081898,0.039243,0.047321
-0.0077453,0.037684,0.062776
-0.0070936,0.036207,0.080145
-0.0062256,0.034809,0.099392
-0.0051296,0.033493,0.12046
-0.0037923,0.032261,0.14331
-0.0024404,0.034004,0.14446
-0.00071987,0.03586,0.14592
0.0013758,0.03783,0.14765
0.0038533,0.039915,0.14966
0.0067201,0.042118,0.1519
0.0099839,0.044438,0.1544
0.013653,0.046879,0.1571
0.017735,0.049442,0.16004
0.022238,0.052127,0.16317
0.02717,0.054936,0.16651
0.023076,0.05755,0.15267
0.019181,0.060277,0.14067
0.015479,0.063116,0.13016
0.011964,0.066068,0.12088
0.00863,0.069131,0.11261
0.0054725,0.072307,0.10519
0.0024872,0.075597,0.098496
-0.00032945,0.079002,0.092411
-0.0029806,0.082524,0.086853
-0.0054692,0.086165,0.081747
-0.0081955,0.087691,0.075858
-0.010555,0.089316,0.070524
-0.012557,0.091036,0.065669
-0.014208,0.092848,0.061222
-0.015516,0.09475,0.057135
-0.016485,0.096739,0.053358
-0.01712,0.098812,0.049858
-0.01744,0.10096,0.0466
-0.01789,0.10312,0.043557
-0.018666,0.10525,0.040701
-0.019913,0.10966,0.041608
-0.021358,0.1142,0.042478
-0.023006,0.11888,0.043318
-0.024863,0.12369,0.044121
-0.026934,0.12864,0.044896
-0.029223,0.13374,0.045636
-0.031736,0.13899,0.046348
-0.034476,0.14438,0.04703
-0.03745,0.14994,0.047689
-0.04066,0.15566,0.04832
-0.042409,0.16422,0.065763
-0.044169,0.17302,0.084667
-0.045937,0.18205,0.10469
-0.04771,0.19131,0.12552
-0.049483,0.2008,0.14693
-0.051257,0.21051,0.16872
-0.053029,0.22045,0.19072
-0.054799,0.23061,0.21282
-0.056566,0.241,0.23492
-0.058331,0.25161,0.25697
-0.051539,0.24511,0.20924
-0.04572,0.2387,0.17179
-0.040775,0.23237,0.14175
-0.03663,0.22613,0.11727
-0.033223,0.21996,0.09704
-0.030504,0.21386,0.080151
-0.028429,0.20783,0.065941
-0.026964,0.20187,0.053916
-0.025619,0.19603,0.043714
-0.023824,0.19038,0.03505
-0.024517,0.18967,0.046887
-0.024587,0.18904,0.059368
-0.025469,0.18831,0.072309
-0.027306,0.18746,0.085566
-0.030092,0.18649,0.099049
-0.033824,0.1854,0.11268
-0.038505,0.18419,0.12641
-0.044136,0.18287,0.14019
-0.050723,0.18144,0.154
-0.058272,0.17989,0.1678
-0.054693,0.18847,0.14528
-0.051442,0.19715,0.1262
-0.048497,0.20593,0.10984
-0.045842,0.21481,0.095695
-0.043463,0.22381,0.083379
-0.04135,0.23293,0.072583
-0.039492,0.24217,0.063077
-0.037882,0.25155,0.054666
-0.036514,0.26105,0.047206
-0.035382,0.27069,0.040573
-0.033525,0.26674,0.030432
-0.031822,0.26286,0.022179
-0.030259,0.25906,0.015544
-0.028827,0.25532,0.01031
-0.027518,0.25164,0.0063103
-0.026323,0.24803,0.0034026
-0.025236,0.24447,0.0014774
-0.024251,0.24097,0.00043834
-0.023361,0.23752,0.00018361
-0.022556,0.23412,-0.00029741
-0.021614,0.22988,-2.0018e-05
-0.020707,0.22571,0.00013379
-0.019241,0.22165,0.00021245
-0.01723,0.2177,0.00024098
-0.01469,0.21384,0.00025432
-0.011632,0.21008,0.00028352
-0.0080673,0.2064,0.00032278
-0.0040047,0.20281,0.00036649
0.00054773,0.1993,0.00041184
0.005583,0.19587,0.00045612
0.0055538,0.20174,-0.0011187
0.0055434,0.2077,-0.0069147
0.0055493,0.21375,-0.016492
0.0055676,0.21989,-0.029243
0.0055958,0.22611,-0.044674
0.0056308,0.23241,-0.062393
0.005671,0.2388,-0.082066
0.0057141,0.24527,-0.10343
0.0057588,0.25181,-0.12626
0.0058033,0.25844,-0.15037
7.8202e-05,0.28582,-0.088393
-0.0053183,0.31464,-0.046385
-0.010432,0.34503,-0.019614
-0.01529,0.37711,-0.004882
-0.01991,0.41097,0.00012257
-0.024304,0.44669,0.0031456
-0.028475,0.48434,0.012737
-0.032413,0.52398,0.027921
-0.036101,0.56567,0.047863
-0.039526,0.60944,0.071899
-0.037387,0.5915,0.089218
-0.035248,0.57401,0.10819
-0.033106,0.55695,0.1286
-0.030961,0.54031,0.15029
-0.028809,0.52406,0.17306
-0.02665,0.5082,0.19677
-0.024482,0.49272,0.22126
-0.022305,0.4776,0.24643
-0.020117,0.46284,0.2721
-0.017919,0.44841,0.29823
-0.019169,0.41801,0.32143
-0.019394,0.38947,0.34535
-0.01866,0.36266,0.36973
-0.017113,0.33744,0.39453
-0.016161,0.31362,0.41955
-0.016229,0.29109,0.4448
-0.017265,0.26975,0.47011
-0.019226,0.24954,0.49552
-0.022071,0.23038,0.52087
-0.025769,0.21222,0.54623
-0.024467,0.22054,0.51054
-0.023237,0.22892,0.48109
-0.022076,0.23737,0.45627
-0.020982,0.24589,0.4351
-0.019953,0.25449,0.41671
-0.018989,0.26318,0.40057
-0.018086,0.27194,0.3862
-0.017244,0.28079,0.37327
-0.016461,0.28973,0.36152
-0.015736,0.29875,0.35074
-0.012786,0.3013,0.3326
-0.010837,0.30381,0.3156
-0.0098416,0.30628,0.29957
-0.0095153,0.30872,0.2844
-0.0085123,0.31119,0.26998
-0.0066602,0.31369,0.25623
-0.0039865,0.31621,0.2431
-0.000517,0.31874,0.2305
0.0037272,0.32129,0.21843
0.0087257,0.32386,0.20682
0.0098806,0.33533,0.19997
0.011082,0.34698,0.19276
0.012331,0.3588,0.18534
0.013626,0.3708,0.17774
0.01497,0.38297,0.17007
0.016362,0.39531,0.16235
0.017802,0.40781,0.15465
0.01929,0.42048,0.14699
0.020827,0.43331,0.1394
0.022412,0.44629,0.1319
0.015166,0.42408,0.098721
0.0092889,0.40326,0.07374
0.0046106,0.38367,0.054607
0.00098945,0.36519,0.039753
-0.0016921,0.34772,0.028154
-0.0035359,0.33117,0.019065
-0.0046279,0.31547,0.011978
-0.0050443,0.30056,0.0064926
-0.0048534,0.28636,0.0023257
-0.0047559,0.27283,-0.00075396
-0.0045947,0.2691,-0.0019325
-0.004458,0.26539,-0.0030534
-0.0043464,0.26172,-0.0040576
-0.0042612,0.25808,-0.0049078
-0.0042032,0.25447,-0.0055715
-0.0041739,0.25089,-0.0060303
-0.004174,0.24735,-0.0062695
-0.004206,0.24383,-0.0063997
-0.0042729,0.24034,-0.0067356
-0.0043765,0.23686,-0.0072951
-0.0030084,0.2417,-0.0071416
-0.002077,0.24655,-0.0071864
-0.0015753,0.25143,-0.0073727
-0.0012816,0.25634,-0.0076567
-0.00059092,0.26129,-0.0079259
0.00052783,0.26628,-0.0081586
0.0020713,0.2713,-0.0083697
0.0040353,0.27636,-0.0085701
0.0064173,0.28145,-0.0087673
0.0092138,0.28657,-0.0089667
0.0078228,0.28112,-0.0095921
0.0065994,0.27585,-0.0097066
0.0055307,0.27074,-0.010046
0.0046078,0.26577,-0.010722
0.0038245,0.26093,-0.011662
0.003174,0.25621,-0.012816
0.002651,0.25162,-0.014144
0.0022496,0.24714,-0.015616
0.0019652,0.24277,-0.017209
0.0017928,0.23851,-0.018904
0.0020579,0.24024,-0.020346
0.0023357,0.24195,-0.021857
0.0026265,0.24362,-0.023433
0.0029301,0.24526,-0.025071
0.0032468,0.24687,-0.026767
0.0035761,0.24845,-0.028516
0.0039186,0.24999,-0.030314
0.0042738,0.25151,-0.032158
0.0046421,0.25299,-0.034043
0.0050232,0.25445,-0.035967
0.0059536,0.26099,-0.04083
0.0070082,0.26761,-0.045699
0.0081872,0.2743,-0.050539
0.0094893,0.28107,-0.055326
0.010914,0.28792,-0.060044
0.012461,0.29485,-0.064679
0.014128,0.30186,-0.069224
0.015914,0.30895,-0.073672
0.017818,0.31611,-0.078016
0.019839,0.32336,-0.082254
0.021944,0.31886,-0.073932
0.024149,0.31432,-0.067201
0.026455,0.30976,-0.061662
0.028862,0.30518,-0.05703
0.031369,0.30059,-0.053105
0.033976,0.29601,-0.049731
0.03668,0.29144,-0.046796
0.039482,0.28687,-0.044213
0.042381,0.28232,-0.041916
0.045374,0.27779,-0.039853
0.056126,0.26333,-0.059935
0.068163,0.249,-0.083785
0.08149,0.23479,-0.11061
0.096116,0.22072,-0.13983
0.11205,0.20678,-0.17104
0.12932,0.19298,-0.20392
0.14792,0.17933,-0.23823
0.16788,0.16582,-0.27379
0.18921,0.15246,-0.31042
0.21191,0.13927,-0.34804
0.19691,0.14119,-0.36457
0.1829,0.14314,-0.38056
0.16981,0.14513,-0.39592
0.15759,0.14717,-0.41072
0.14617,0.14924,-0.42487
0.1355,0.15135,-0.43844
0.12553,0.15351,-0.45136
0.11622,0.15571,-0.46369
0.10752,0.15796,-0.47536
0.099408,0.16024,-0.48644
0.10711,0.16009,-0.45244
0.11496,0.15965,-0.42489
0.12297,0.159,-0.40211
0.13113,0.15819,-0.383
0.13946,0.15725,-0.36671
0.14795,0.15621,-0.35263
0.15659,0.15509,-0.34031
0.1654,0.1539,-0.32941
0.17435,0.15265,-0.31965
0.18346,0.15136,-0.31082
0.17664,0.15024,-0.24617
0.17018,0.14878,-0.19461
0.16406,0.14707,-0.15299
0.15823,0.1452,-0.11912
0.15267,0.14321,-0.091498
0.14735,0.14115,-0.068978
0.14227,0.13904,-0.050758
0.13739,0.13689,-0.036167
0.13271,0.13473,-0.024731
0.12821,0.13257,-0.016027
0.12915,0.11681,-0.023785
0.13009,0.10216,-0.032212
0.13103,0.088579,-0.04094
0.13197,0.076015,-0.049722
0.13291,0.064431,-0.058447
0.13385,0.053788,-0.06703
0.1348,0.044051,-0.075451
0.13575,0.035186,-0.083686
0.13671,0.027163,-0.091745
0.13768,0.019954,-0.099623
0.13869,0.022007,-0.11592
0.1397,0.024199,-0.13255
0.14072,0.026534,-0.14942
0.14174,0.029018,-0.16646
0.14277,0.031653,-0.1836
0.14381,0.034443,-0.20081
0.14485,0.037389,-0.21803
0.14589,0.040492,-0.23526
0.14695,0.043755,-0.25245
0.14801,0.047178,-0.26961
0.1497,0.043148,-0.20838
0.15146,0.039161,-0.16046
0.15329,0.035255,-0.12247
0.15517,0.031456,-0.092168
0.15711,0.027779,-0.067948
0.15908,0.024233,-0.048655
0.1611,0.020825,-0.033441
0.16315,0.01756,-0.021652
0.16524,0.01444,-0.012796
0.16736,0.01147,-0.0064757
0.16039,0.015389,-0.0092606
0.15365,0.019498,-0.012179
0.14712,0.023795,-0.015169
0.14081,0.028275,-0.01818
0.13471,0.032936,-0.021193
0.12881,0.037776,-0.024184
0.12311,0.042794,-0.027152
0.11761,0.04799,-0.030087
0.11229,0.053362,-0.032994
0.10717,0.05891,-0.035869
0.097082,0.06104,-0.034195
0.087824,0.0632,-0.032474
0.079334,0.065392,-0.030728
0.071553,0.067618,-0.028972
0.064427,0.069878,-0.027221
0.05791,0.072174,-0.025482
0.051957,0.074507,-0.023765
0.04653,0.076876,-0.022074
0.041593,0.079283,-0.020416
0.037116,0.081725,-0.018793
0.034136,0.081374,-0.0095848
0.031343,0.081009,-0.003373
0.02873,0.080633,0.00037139
0.026287,0.080249,0.0020557
0.024008,0.079845,0.0025077
0.021889,0.079361,0.0041346
0.019926,0.078795,0.0070421
0.018115,0.078158,0.011069
0.016452,0.077457,0.016082
0.014935,0.076698,0.021975
0.014141,0.076833,0.013785
0.013422,0.076903,0.0081603
0.012769,0.076918,0.0046242
0.012175,0.076884,0.0028135
0.011634,0.076809,0.0023803
0.01114,0.076749,0.0015009
0.010687,0.076721,-0.00042779
0.010275,0.076718,-0.0032598
0.0098988,0.076735,-0.0068748
0.0095583,0.076767,-0.011173
0.010229,0.074138,-0.01087
0.011069,0.07157,-0.010618
0.012076,0.069057,-0.010408
0.013243,0.066593,-0.010234
0.014569,0.064175,-0.01009
0.016051,0.061796,-0.0099719
0.017686,0.059453,-0.0098751
0.019473,0.057142,-0.0097969
0.021409,0.054858,-0.0097339
0.023495,0.052599,-0.0096842
0.0204,0.052234,-0.0080811
0.017621,0.051899,-0.0066966
0.015151,0.05159,-0.0054978
0.012982,0.0513,-0.0044589
0.011107,0.051027,-0.0035581
0.0095198,0.050763,-0.0027782
0.0082141,0.050506,-0.0021045
0.0071847,0.050249,-0.0015254
0.006427,0.049989,-0.0010308
0.0059369,0.049721,-0.00061297
0.0063493,0.047293,-0.00048045
0.0071613,0.044872,-0.00037527
0.0083625,0.042459,-0.00029258
0.0099459,0.040053,-0.00022902
0.011908,0.037654,-0.00018122
0.014249,0.035261,-0.0001469
0.01697,0.032874,-0.00012381
0.020079,0.030489,-0.00011049
0.023581,0.028107,-0.00010547
0.027489,0.025726,-0.00010789
0.031396,0.025472,-0.0012967
0.035663,0.025153,-0.0032924
0.04031,0.024762,-0.0060544
0.045356,0.024293,-0.0095418
0.050822,0.023739,-0.013712
0.056726,0.023094,-0.01852
0.063088,0.022353,-0.02392
0.069924,0.021512,-0.029867
0.077251,0.020564,-0.036311
0.085084,0.019507,-0.043207
0.090522,0.018699,-0.03068
0.096098,0.017886,-0.020884
0.10182,0.01706,-0.013397
0.10771,0.016216,-0.0078907
0.11376,0.015348,-0.004096
0.11999,0.014452,-0.0017918
0.12641,0.013524,-0.00079274
0.13302,0.012564,-0.00056371
0.13984,0.011575,0.00049951
0.14686,0.01056,0.0024627
0.14507,0.0062748,0.00060935
0.14344,0.0023869,-0.00039494
0.14197,-0.0011247,-0.00077043
0.14064,-0.0042794,-0.00086111
0.13944,-0.0070978,-0.0012594
0.13835,-0.009594,-0.0019247
0.13738,-0.011781,-0.0027939
0.13651,-0.013668,-0.0038197
0.13574,-0.015266,-0.0049662
0.13506,-0.016583,-0.0062063
0.12436,-0.015446,-0.0053175
0.1143,-0.014367,-0.0046397
0.10487,-0.013342,-0.0041215
0.096022,-0.01237,-0.0037261
0.087732,-0.011446,-0.0034268
0.079972,-0.01057,-0.0032042
0.072715,-0.0097384,-0.0030441
0.065939,-0.0089495,-0.0029361
0.059619,-0.0082017,-0.0028727
0.053734,-0.0074932,-0.0028484
0.055512,-0.0076419,-0.001049
0.057319,-0.0077949,-0.00032862
0.059163,-0.0079445,-3.0135e-05
0.061057,-0.0080752,0.0011493
0.063007,-0.0081878,0.0032005
0.065015,-0.0082832,0.0060709
0.067084,-0.0083623,0.0097123
0.069217,-0.0084258,0.014081
0.071416,-0.0084745,0.019136
0.073683,-0.0085089,0.024839
0.07878,-0.0095525,0.030433
0.084067,-0.010616,0.036539
0.089543,-0.011699,0.043138
0.095209,-0.012804,0.05022
0.10106,-0.013931,0.057764
0.10711,-0.015081,0.065761
0.11335,-0.016254,0.07419
0.11977,-0.017451,0.083045
0.12638,-0.018673,0.092302
0.13318,-0.019919,0.10196
0.12465,-0.018978,0.092744
0.1166,-0.018004,0.08475
0.10901,-0.017,0.077723
0.10183,-0.016001,0.071485
0.095036,-0.015111,0.065892
0.088595,-0.014336,0.06084
0.082489,-0.013672,0.056239
0.076701,-0.013116,0.052026
0.071213,-0.012664,0.048146
0.06601,-0.012312,0.044556
0.063703,-0.01274,0.04784
0.061423,-0.013321,0.051238
0.059169,-0.014054,0.054748
0.056937,-0.014937,0.058367
0.054725,-0.01597,0.062093
0.052531,-0.017152,0.065925
0.050352,-0.018484,0.06986
0.048188,-0.019965,0.073897
0.046035,-0.021596,0.078031
0.043892,-0.023377,0.082263
0.03557,-0.022865,0.077604
0.028225,-0.022531,0.073562
0.021781,-0.022361,0.070025
0.016172,-0.022348,0.066904
0.011338,-0.022481,0.064128
0.0072263,-0.022754,0.061639
0.003791,-0.02316,0.059388
0.00099256,-0.023693,0.057335
-0.0012012,-0.02435,0.055445
-0.0028163,-0.025126,0.053689
-0.0028755,-0.02397,0.051302
-0.0029047,-0.022834,0.048965
-0.0029066,-0.021717,0.046681
-0.0028836,-0.020621,0.04445
-0.0028383,-0.019545,0.042275
-0.002773,-0.018491,0.040155
-0.00269,-0.017458,0.038096
-0.0025914,-0.016448,0.036092
-0.0024793,-0.015461,0.034148
-0.0023557,-0.014497,0.032261
-0.0027489,-0.016562,0.032661
-0.003173,-0.018782,0.033047
-0.0036289,-0.021159,0.033421
-0.0041176,-0.023697,0.03378
-0.0046399,-0.026399,0.034125
-0.0051969,-0.029268,0.034455
-0.0057893,-0.032305,0.034769
-0.0064181,-0.035513,0.035067
-0.0070842,-0.038896,0.03535
-0.0077885,-0.042456,0.035615
-0.0072113,-0.039584,0.041717
-0.0066516,-0.036833,0.048017
-0.006109,-0.0342,0.054486
-0.0055836,-0.031682,0.061102
-0.0050751,-0.029274,0.067844
-0.0045835,-0.026973,0.074699
-0.0041088,-0.024777,0.08165
-0.003651,-0.022685,0.08869
-0.00321,-0.020695,0.095803
-0.0027861,-0.018803,0.10299
-0.0020147,-0.016448,0.10168
-0.0010055,-0.014332,0.10053
0.00022936,-0.012447,0.099502
0.0016809,-0.010787,0.098578
0.0033432,-0.0093474,0.097733
0.0052133,-0.008125,0.096956
0.0072909,-0.0071175,0.096225
0.0095782,-0.0063238,0.095535
0.01208,-0.0057445,0.094871
0.014803,-0.0053805,0.094226
0.014443,-0.0065876,0.098144
0.014013,-0.0080906,0.10209
0.013509,-0.009896,0.10606
0.012928,-0.012011,0.11006
0.012268,-0.014442,0.11407
0.011527,-0.017197,0.11809
0.010701,-0.020284,0.12211
0.0097881,-0.023712,0.12614
0.0087864,-0.027489,0.13016
0.0076932,-0.031623,0.13418
0.01172,-0.031863,0.14753
0.016313,-0.032224,0.16117
0.021493,-0.032713,0.17505
0.027279,-0.033335,0.18912
0.03369,-0.034094,0.20332
0.040745,-0.034997,0.21761
0.048462,-0.036048,0.23194
0.056856,-0.037253,0.24628
0.065942,-0.038616,0.26057
0.075735,-0.040143,0.27481
0.077123,-0.041159,0.25516
0.078464,-0.042172,0.23779
0.07976,-0.043182,0.22226
0.081012,-0.044188,0.2083
0.082222,-0.04519,0.19563
0.083392,-0.046188,0.18408
0.084522,-0.047183,0.17346
0.085613,-0.048173,0.16366
0.086667,-0.04916,0.15458
0.087684,-0.050143,0.14611
0.088001,-0.044893,0.14494
0.088288,-0.040241,0.14388
0.088542,-0.036153,0.14291
0.088761,-0.032599,0.14203
0.088945,-0.029554,0.14122
0.089089,-0.026994,0.14048
0.089192,-0.024897,0.13979
0.089251,-0.023246,0.13914
0.089264,-0.022024,0.13854
0.089228,-0.021218,0.13796
0.086565,-0.021228,0.12325
0.083932,-0.021469,0.11014
0.081324,-0.021926,0.098401
0.078738,-0.022586,0.087837
0.076171,-0.023443,0.078308
0.07362,-0.024488,0.069673
0.071081,-0.025716,0.06184
0.068553,-0.027121,0.054712
0.066033,-0.0287,0.048228
0.063517,-0.030449,0.042318
0.072213,-0.030421,0.042706
0.081454,-0.030655,0.043003
0.091256,-0.031165,0.043218
0.10164,-0.031961,0.043344
0.11261,-0.033059,0.043387
0.12419,-0.034471,0.043344
0.13639,-0.036211,0.043222
0.14923,-0.038294,0.043017
0.16271,-0.040733,0.042738
0.17684,-0.043543,0.042383
0.16059,-0.039338,0.028116
0.14577,-0.035563,0.017653
0.13225,-0.032176,0.010186
0.11989,-0.029139,0.0051189
0.10858,-0.026415,0.0020113
0.098248,-0.023898,0.00052316
0.088807,-0.021539,0.00017808
0.080182,-0.019312,-0.00089389
0.072302,-0.017203,-0.0029475
0.065098,-0.015201,-0.0058523
0.059779,-0.014304,-0.0048763
0.05482,-0.013357,-0.0040822
0.050199,-0.012367,-0.0034285
0.045894,-0.011356,-0.0028873
0.041852,-0.010465,-0.0024355
0.038052,-0.0097172,-0.0020572
0.034481,-0.009102,-0.0017379
0.031128,-0.0086082,-0.0014677
0.027983,-0.008226,-0.0012375
0.025034,-0.0079462,-0.0010414
0.02027,-0.007213,-0.0019024
0.016121,-0.0066745,-0.0029838
0.012521,-0.0063135,-0.0042772
0.0094124,-0.0061145,-0.0057761
0.0067419,-0.0060644,-0.0074751
0.0044646,-0.0061523,-0.0093711
0.0025436,-0.0063701,-0.011462
0.00095138,-0.0067129,-0.01375
-0.00032992,-0.0071784,-0.016236
-0.001308,-0.0077679,-0.018923
-0.00014208,-0.0086026,-0.014671
0.0017758,-0.0096458,-0.010975
0.0044952,-0.010921,-0.0078049
0.0080957,-0.012459,-0.0051556
0.01268,-0.014295,-0.0030353
0.018366,-0.016469,-0.0014628
0.025283,-0.01902,-0.00046225
0.033568,-0.021992,-5.8133e-05
0.04336,-0.02543,0.00018273
0.054798,-0.029385,0.0010469
0.055627,-0.0294,0.0028784
0.056454,-0.029425,0.0054784
0.057281,-0.029457,0.0087618
0.05811,-0.029497,0.012656
0.058942,-0.029544,0.017098
0.059778,-0.029597,0.022032
0.060619,-0.029657,0.027409
0.061466,-0.029723,0.033187
0.062319,-0.029794,0.039325
0.063179,-0.02987,0.045794
0.062362,-0.031706,0.048783
0.061505,-0.033682,0.051808
0.060607,-0.0358,0.05486
0.059667,-0.03806,0.057944
0.058684,-0.040464,0.061044
0.057659,-0.043014,0.064169
0.05659,-0.04571,0.067309
0.055477,-0.048555,0.070467
0.054319,-0.05155,0.073633
0.053116,-0.054696,0.076812
0.051597,-0.052926,0.076476
0.050167,-0.0512,0.076247
0.048821,-0.049515,0.076098
0.047553,-0.047872,0.076021
0.046359,-0.046269,0.075994
0.045235,-0.044706,0.076013
0.044177,-0.043181,0.076063
0.043181,-0.041694,0.07614
0.042245,-0.040244,0.076233
0.041364,-0.038831,0.076341
0.045803,-0.042521,0.093721
0.05068,-0.046488,0.11254
0.056016,-0.050741,0.13266
0.061831,-0.055288,0.15394
0.068141,-0.060135,0.17623
0.074961,-0.065289,0.19941
0.082304,-0.070755,0.22335
0.090179,-0.076537,0.24794
0.098594,-0.082639,0.27307
0.10755,-0.089063,0.29867
0.11512,-0.085446,0.22805
0.12259,-0.082376,0.17311
0.13,-0.079762,0.12982
0.13738,-0.077542,0.095531
0.14474,-0.075667,0.06838
0.15211,-0.074098,0.04703
0.15949,-0.072808,0.030503
0.16691,-0.071774,0.018051
0.17438,-0.070981,0.0091141
0.18189,-0.070413,0.0032384
0.1778,-0.064197,0.0066027
0.17376,-0.058837,0.010419
0.16977,-0.054288,0.014493
0.16581,-0.050511,0.018698
0.16187,-0.047473,0.022962
0.15793,-0.045142,0.027234
0.15398,-0.043495,0.031492
0.15006,-0.042294,0.035717
0.14643,-0.040627,0.039911
0.14308,-0.038396,0.044066
0.14419,-0.039012,0.035777
0.14531,-0.039614,0.028664
0.14643,-0.040201,0.022575
0.14756,-0.040774,0.017383
0.1487,-0.041333,0.012991
0.14984,-0.041876,0.00931
0.15099,-0.042404,0.0062742
0.15215,-0.042917,0.0038227
0.15331,-0.043415,0.0019083
0.15448,-0.043897,0.0004868
0.14496,-0.040474,0.00049906
0.13604,-0.036707,0.00049593
0.12768,-0.032614,0.00048288
0.11986,-0.028211,0.00046222
0.11254,-0.023512,0.00043751
0.1057,-0.018528,0.00040981
0.099331,-0.013268,0.00038132
0.093399,-0.0077391,0.00035232
0.087891,-0.0019456,0.00032415
0.082793,0.0041101,0.00029666
0.082201,0.0063348,-0.00028664
0.081638,0.0086222,-0.00058999
0.081102,0.010973,-0.00066828
0.080592,0.013387,-0.00082058
0.080106,0.015867,-0.0011426
0.079645,0.018413,-0.0016087
0.079208,0.021023,-0.0021969
0.078797,0.023699,-0.0028891
0.078411,0.02644,-0.0036691
0.07805,0.029247,-0.0045238
0.083815,0.030785,-0.0062566
0.089817,0.032411,-0.0082783
0.096058,0.034129,-0.010582
0.10254,0.03594,-0.013163
0.10926,0.037848,-0.016015
0.11622,0.039856,-0.01913
0.12342,0.041964,-0.022503
0.13087,0.044177,-0.026128
0.13856,0.046494,-0.029998
0.14649,0.048918,-0.034106
0.14044,0.048321,-0.04367
0.13457,0.047756,-0.054056
0.12887,0.047219,-0.065186
0.12333,0.046707,-0.077005
0.11795,0.046215,-0.089456
0.11272,0.045741,-0.10251
0.10763,0.045281,-0.11611
0.10268,0.044833,-0.13025
0.097867,0.044395,-0.14489
0.093178,0.043963,-0.16001
0.083671,0.04666,-0.15944
0.074975,0.049129,-0.15911
0.06704,0.051382,-0.15894
0.059823,0.053432,-0.1589
0.053282,0.055289,-0.15894
0.047381,0.056964,-0.15905
0.042087,0.058465,-0.15917
0.037368,0.059801,-0.15932
0.033196,0.060979,-0.15946
0.029548,0.062006,-0.15959
0.028861,0.058113,-0.13098
0.028127,0.054434,-0.10731
0.027359,0.050951,-0.087593
0.026567,0.047652,-0.071088
0.025759,0.044524,-0.057242
0.024941,0.041558,-0.045615
0.024117,0.038743,-0.035873
0.023291,0.036071,-0.027734
0.022466,0.033535,-0.020984
0.021644,0.031128,-0.015437
0.027117,0.029107,-0.019725
0.033866,0.026678,-0.024492
0.041986,0.023808,-0.029726
0.051581,0.020465,-0.03539
0.062753,0.016616,-0.041452
0.075609,0.012225,-0.047856
0.090255,0.0072595,-0.054552
0.10679,0.0016872,-0.061472
0.12532,-0.0045233,-0.068559
0.14593,-0.011401,-0.075742
0.15396,-0.015488,-0.092785
0.16233,-0.019688,-0.11069
0.17106,-0.024002,-0.1293
0.18015,-0.028427,-0.14847
0.1896,-0.032962,-0.16807
0.19941,-0.037604,-0.18802
0.20957,-0.042351,-0.20824
0.22009,-0.047199,-0.22868
0.23096,-0.052145,-0.24927
0.24217,-0.057184,-0.27
0.23594,-0.053617,-0.27232
0.22998,-0.050075,-0.27532
0.22427,-0.046553,-0.2788
0.21882,-0.043046,-0.28267
0.21359,-0.03955,-0.28678
0.20859,-0.036062,-0.2911
0.20381,-0.032578,-0.29552
0.19922,-0.029096,-0.30003
0.19483,-0.025612,-0.30457
0.19062,-0.022125,-0.30911
0.18629,-0.018992,-0.23731
0.18196,-0.016044,-0.1815
0.17769,-0.013246,-0.13758
0.17348,-0.010571,-0.10279
0.16934,-0.0080002,-0.075205
0.16529,-0.0055198,-0.053444
0.16131,-0.0031182,-0.036495
0.15742,-0.00078603,-0.023571
0.15361,0.001484,-0.014091
0.14987,0.0036984,-0.0075765
0.14357,0.0011681,-0.0066665
0.13754,-0.0011894,-0.0057099
0.13175,-0.0033791,-0.0047693
0.12619,-0.0054054,-0.0038825
0.12087,-0.0072729,-0.003086
0.11576,-0.0089856,-0.0024009
0.11086,-0.010548,-0.0018464
0.10617,-0.011962,-0.0014323
0.10166,-0.013234,-0.0011665
0.097344,-0.014366,-0.0010417
0.1004,-0.017337,-0.00089894
0.10356,-0.020216,-0.000581
0.10682,-0.023005,-9.9462e-05
0.1102,-0.025704,0.00053699
0.11368,-0.028311,0.0013182
0.11726,-0.030828,0.0022377
0.12095,-0.033254,0.0032863
0.12474,-0.035587,0.004459
0.12865,-0.037829,0.0057474
0.13265,-0.039977,0.0071474
0.13552,-0.040251,0.004914
0.13843,-0.040441,0.0031655
0.1414,-0.04055,0.0018156
0.14442,-0.040578,0.00079672
0.14749,-0.040524,5.1888e-05
0.15062,-0.040388,-0.0004642
0.15379,-0.04017,-0.00078948
0.15702,-0.03987,-0.00095453
0.1603,-0.039488,-0.00099046
0.16363,-0.039024,-0.0010646
0.15793,-0.036806,-0.0011316
0.15246,-0.034658,-0.0012499
0.1472,-0.032577,-0.0014123
0.14215,-0.03056,-0.0016126
0.1373,-0.028604,-0.0018464
0.13263,-0.026706,-0.0021099
0.12814,-0.024864,-0.0024
0.12381,-0.023075,-0.0027143
0.11965,-0.021337,-0.0030512
0.11565,-0.019648,-0.0034084
0.10075,-0.016357,-0.0032591
0.08738,-0.013386,-0.0031627
0.075407,-0.010712,-0.0031104
0.064719,-0.0083129,-0.003095
0.055212,-0.006169,-0.0031116
0.046788,-0.0042604,-0.003156
0.039359,-0.0025691,-0.0032251
0.03284,-0.0010776,-0.0033163
0.027153,0.00023026,-0.0034277
0.022226,0.0013703,-0.0035573
0.021643,0.0010478,-0.002753
0.021082,0.00073612,-0.0020519
0.020542,0.00043515,-0.0014541
0.020024,0.00014488,-0.00096
0.019525,-0.00013478,-0.00056979
0.019045,-0.00040384,-0.00028365
0.018583,-0.00066237,-0.00010177
0.018139,-0.00091035,-2.43e-05
0.017712,-0.0011475,1.6674e-05
0.0173,-0.0013732,0.00015777
0.016846,-0.0019707,-0.00036914
0.01641,-0.0025054,-0.002532
0.015995,-0.002984,-0.0065559
0.015603,-0.0034099,-0.01238
0.015236,-0.0037847,-0.019986
0.014896,-0.0041082,-0.02938
0.014587,-0.0043783,-0.040584
0.014311,-0.0045915,-0.053625
0.014071,-0.0047431,-0.068522
0.013869,-0.0048271,-0.08529
0.014914,-0.0051336,-0.056688
0.015862,-0.0055836,-0.035602
0.016711,-0.0062181,-0.020363
0.017481,-0.0070303,-0.0098422
0.018192,-0.0080199,-0.0032848
0.018866,-0.0091921,-0.00024276
0.019522,-0.010554,0.00059453
0.020171,-0.012111,0.0041109
0.020827,-0.013879,0.010945
0.021501,-0.015876,0.021222
0.020266,-0.012253,0.021854
0.018964,-0.0094073,0.022528
0.017596,-0.0072767,0.02323
0.016164,-0.0058069,0.023956
0.014663,-0.004953,0.024696
0.01324,-0.0042355,0.02545
0.01209,-0.0030294,0.026214
0.011202,-0.0013346,0.02699
0.010567,0.00085561,0.027777
0.010183,0.0035578,0.028577
0.012071,0.0039441,0.036924
0.014196,0.0043824,0.046549
0.016576,0.0048778,0.057467
0.019226,0.005436,0.06968
0.02216,0.0060625,0.083163
0.025395,0.0067633,0.097889
0.028943,0.0075444,0.1138
0.032819,0.0084116,0.13086
0.037035,0.0093712,0.14898
0.041604,0.010429,0.16811
0.04036,0.010145,0.12074
0.039173,0.0098699,0.084862
0.038038,0.0096035,0.05769
0.03695,0.0093439,0.037307
0.035904,0.0090892,0.022339
0.034894,0.0088376,0.011791
0.033915,0.0085869,0.004927
0.032962,0.0083351,0.0011972
0.03203,0.0080803,0.00016527
0.031126,0.0078372,-0.001244
0.0284,0.0086668,-0.00010956
0.025895,0.0094606,0.00017761
0.02359,0.010215,0.0006254
0.021468,0.010927,0.0016875
0.019516,0.0116,0.0032791
0.017723,0.012233,0.0053323
0.016078,0.012829,0.0077965
0.014573,0.013386,0.010628
0.0132,0.013905,0.013796
0.011954,0.014386,0.017273
0.011253,0.015218,0.01055
0.010613,0.016011,0.0056757
0.010034,0.016766,0.0024324
0.0095179,0.017486,0.00065239
0.0090664,0.018174,0.0001823
0.008687,0.018845,-0.00061079
0.0083844,0.01951,-0.0025873
0.0081591,0.020169,-0.0057068
0.0080118,0.020826,-0.0099439
0.0079429,0.021483,-0.015287
0.0090102,0.022549,-0.012624
0.010383,0.023569,-0.010246
0.012075,0.024545,-0.0081305
0.0141,0.025477,-0.0062662
0.016476,0.026367,-0.0046421
0.019223,0.027212,-0.0032518
0.022363,0.028011,-0.0020891
0.025917,0.028762,-0.0011497
0.02991,0.029461,-0.00042862
0.034365,0.030105,7.922e-05
0.035584,0.027362,-0.0022475
0.036915,0.024667,-0.0065729
0.038356,0.022014,-0.012752
0.039904,0.019401,-0.020668
0.041558,0.016824,-0.030224
0.043316,0.014281,-0.041338
0.045179,0.01177,-0.053931
0.047143,0.0092916,-0.067938
0.04921,0.006844,-0.083287
0.051378,0.0044273,-0.099919
0.045952,0.0045118,-0.093256
0.040947,0.0045991,-0.087562
0.036339,0.0046851,-0.082634
0.032103,0.004766,-0.078341
0.02822,0.004839,-0.074562
0.024668,0.0049014,-0.071216
0.021431,0.0049509,-0.068227
0.01849,0.0049855,-0.065542
0.015831,0.0050037,-0.063114
0.013437,0.0050037,-0.060906
0.01415,0.003913,-0.056762
0.014908,0.0028453,-0.052901
0.015711,0.0018003,-0.049292
0.01656,0.0007774,-0.045913
0.017454,-0.00022393,-0.042743
0.018394,-0.0012042,-0.039764
0.019379,-0.0021638,-0.03696
0.020411,-0.0031034,-0.034317
0.02149,-0.0040234,-0.031825
0.022615,-0.0049242,-0.029471
0.022821,-0.003317,-0.027012
0.023156,-0.001358,-0.024694
0.023623,0.00096161,-0.022506
0.024225,0.0036545,-0.020437
0.024969,0.0067363,-0.01848
0.025859,0.010226,-0.016628
0.026905,0.014144,-0.014878
0.028115,0.018515,-0.013224
0.029496,0.023364,-0.011666
0.03106,0.028718,-0.0102
0.028625,0.029826,-0.019168
0.026388,0.030878,-0.030418
0.024335,0.031871,-0.043756
0.022457,0.032806,-0.059021
0.02075,0.033678,-0.076083
0.019212,0.034485,-0.094827
0.017847,0.035221,-0.11514
0.016657,0.035883,-0.13693
0.015649,0.036465,-0.16007
0.014831,0.036962,-0.18449
0.015683,0.036658,-0.1582
0.016704,0.036296,-0.13568
0.017881,0.035878,-0.11622
0.019207,0.035406,-0.099308
0.020675,0.03488,-0.084528
0.022281,0.034304,-0.071572
0.024023,0.033677,-0.06019
0.025898,0.033001,-0.050184
0.027907,0.032275,-0.041398
0.030051,0.031502,-0.033698
0.028139,0.026769,-0.051037
0.026347,0.022386,-0.071218
0.024667,0.018325,-0.094057
0.023092,0.014568,-0.1194
0.02162,0.011105,-0.14714
0.020252,0.0079358,-0.17714
0.018989,0.0050656,-0.20929
0.017836,0.0025054,-0.2435
0.0168,0.00027115,-0.27961
0.015887,-0.0016179,-0.31752
0.019197,-0.0024665,-0.2765
0.022714,-0.0033639,-0.24171
0.026433,-0.0043118,-0.21178
0.030353,-0.0053121,-0.1858
0.034474,-0.0063664,-0.16302
0.0388,-0.007477,-0.14292
0.043337,-0.0086458,-0.12508
0.048093,-0.0098753,-0.10918
0.053076,-0.011168,-0.09496
0.058296,-0.012527,-0.082218
0.060765,-0.01156,-0.058936
0.063278,-0.010447,-0.040124
0.065844,-0.0091918,-0.02533
0.068469,-0.007799,-0.014187
0.071163,-0.0062713,-0.0064292
0.073931,-0.0046111,-0.0018345
0.076782,-0.0028204,-0.00023658
0.07973,-0.00089212,0.00098372
0.08279,0.0011853,0.0049308
0.08597,0.0034148,0.011522
0.089785,0.0011875,0.0072099
0.093709,-0.0010699,0.0040566
0.097746,-0.0033578,0.0018639
0.1019,-0.005676,0.00047619
0.10617,-0.0080248,-0.00023864
0.11055,-0.010405,-0.00041625
0.11505,-0.012819,-0.00077139
0.11967,-0.01527,-0.001526
0.1244,-0.017758,-0.0026179
0.12924,-0.020282,-0.0039937
0.12082,-0.017416,-0.015812
0.11277,-0.014756,-0.0344
0.10507,-0.01228,-0.058615
0.097683,-0.0099715,-0.087621
0.090575,-0.007817,-0.12079
0.083732,-0.0058063,-0.15765
0.07714,-0.0039317,-0.19778
0.070789,-0.0021875,-0.24088
0.064675,-0.0005695,-0.28663
0.058795,0.00092519,-0.33481
0.060649,-0.00064404,-0.28963
0.062468,-0.0021636,-0.25239
0.064261,-0.0036371,-0.22116
0.066036,-0.0050683,-0.19466
0.067798,-0.0064616,-0.1719
0.069549,-0.0078205,-0.15218
0.071294,-0.0091489,-0.13494
0.073034,-0.01045,-0.11977
0.074772,-0.011726,-0.10635
0.076509,-0.012981,-0.094414
0.076519,-0.012857,-0.068066
0.076604,-0.012836,-0.047294
0.076752,-0.012899,-0.031166
0.07695,-0.013036,-0.018974
0.077189,-0.013233,-0.010185
0.077459,-0.013482,-0.004374
0.077751,-0.013773,-0.0012139
0.078058,-0.014101,-0.00038523
0.078391,-0.014432,0.00099745
0.078753,-0.014752,0.0043751
