0.015309,0.017619,6.4447e-05
0.016595,0.013868,-0.00031558
0.018009,0.010529,-0.0018115
0.019553,0.0075713,-0.0044145
0.021227,0.0049717,-0.0080584
0.023035,0.0027165,-0.012671
0.024982,0.00080023,-0.018249
0.027073,-0.00077479,-0.024746
0.029313,-0.0019996,-0.032188
0.03171,-0.0028595,-0.040526
0.03427,-0.0033353,-0.049794
0.040159,-0.003719,-0.055622
0.046779,-0.0038772,-0.061772
0.054187,-0.0037975,-0.068167
0.062438,-0.0034669,-0.074838
0.07159,-0.0028726,-0.081698
0.081698,-0.0020017,-0.088778
0.092818,-0.00084174,-0.095985
0.10501,0.00061977,-0.10336
0.11831,0.0023945,-0.11079
0.1328,0.004494,-0.11834
0.12659,0.0062435,-0.11213
0.12064,0.0079728,-0.10728
0.11493,0.0096823,-0.10346
0.10945,0.011373,-0.10053
0.10418,0.013044,-0.098247
0.099123,0.014697,-0.096562
0.094264,0.016331,-0.095318
0.089596,0.017949,-0.094492
0.085112,0.019549,-0.093971
0.080805,0.021132,-0.093755
0.084403,0.014951,-0.097762
0.088159,0.0094906,-0.10195
0.092078,0.0047332,-0.10626
0.096168,0.00066539,-0.11072
0.10044,-0.0027236,-0.11527
0.10489,-0.0054408,-0.11996
0.10954,-0.0074911,-0.12471
0.11439,-0.0088761,-0.12958
0.11945,-0.0095962,-0.13449
0.12467,-0.010211,-0.1395
0.1278,-0.010408,-0.11504
0.13099,-0.0107,-0.093881
0.13428,-0.01056,-0.075535
0.13768,-0.0099915,-0.059682
0.14119,-0.009,-0.046017
0.14479,-0.0075891,-0.034347
0.14851,-0.0057605,-0.024476
0.15232,-0.0035136,-0.016279
0.15624,-0.00084629,-0.0096237
0.16026,0.0022446,-0.0044242
0.15534,0.0060704,-0.0078444
0.15055,0.01016,-0.011641
0.14591,0.01451,-0.01572
0.14141,0.019117,-0.020029
0.13703,0.02398,-0.024514
0.13278,0.029097,-0.029152
0.12865,0.034467,-0.033906
0.12465,0.04009,-0.038772
0.12076,0.045966,-0.043724
0.11698,0.052094,-0.048764
0.10832,0.040513,-0.057192
0.10029,0.030646,-0.065303
0.092829,0.02235,-0.073089
0.085904,0.015494,-0.080581
0.079475,0.009962,-0.087782
0.073505,0.0056523,-0.094731
0.067963,0.0024751,-0.10143
0.062818,0.00035307,-0.10791
0.058043,-0.00077972,-0.11419
0.053613,-0.00097729,-0.12028
0.056094,-0.0017588,-0.091133
0.0588,-0.0023665,-0.067435
0.061715,-0.002819,-0.04821
0.064826,-0.0031284,-0.032766
0.068125,-0.003303,-0.02057
0.071607,-0.0033477,-0.011235
0.07527,-0.0032653,-0.0044556
0.079113,-0.0030566,-3.4281e-07
0.083133,-0.0027215,0.0023209
0.087321,-0.0022698,0.0030146
0.087297,-0.0019347,0.003126
0.087272,-0.001589,0.003254
0.087246,-0.0012325,0.003401
0.087219,-0.00086525,0.0035689
0.087189,-0.00048727,0.00376
0.087159,-9.8507e-05,0.0039758
0.087127,0.00030108,0.0042183
0.087094,0.00071152,0.0044884
0.08706,0.0011329,0.0047875
0.087024,0.0015652,0.0051161
0.088151,0.00041574,0.0096796
0.089186,-0.00078585,0.016927
0.09013,-0.0020396,0.02669
0.090986,-0.0033458,0.038825
0.091756,-0.0047046,0.053208
0.092442,-0.0061164,0.069731
0.093045,-0.0075812,0.088293
0.093565,-0.0090992,0.10881
0.094003,-0.01067,0.13118
0.09436,-0.012294,0.15534
0.09593,-0.014503,0.18056
0.097522,-0.016386,0.20678
0.099137,-0.018021,0.23383
0.10074,-0.020037,0.26158
0.10233,-0.022556,0.28988
0.1039,-0.025586,0.31864
0.10548,-0.029131,0.34773
0.10705,-0.033199,0.37711
0.10862,-0.03779,0.40665
0.11021,-0.042911,0.43633
0.12208,-0.034815,0.3451
0.13304,-0.02855,0.2744
0.14336,-0.023766,0.21841
0.15324,-0.020234,0.17344
0.16282,-0.017793,0.13696
0.17218,-0.016334,0.10725
0.18143,-0.015065,0.083093
0.19065,-0.013396,0.063614
0.19989,-0.011302,0.048126
0.20916,-0.0087635,0.036111
0.20174,-0.0076512,0.040787
0.19449,-0.0064881,0.045173
0.18741,-0.0052741,0.049243
0.1805,-0.0040106,0.053003
0.17375,-0.0026997,0.056466
0.16716,-0.001344,0.059661
0.16072,5.4297e-05,0.062608
0.15445,0.0014923,0.06534
0.14832,0.0029679,0.067878
0.14234,0.0044785,0.07025
0.15526,0.0073054,0.060206
0.1687,0.010287,0.051556
0.18267,0.013435,0.0442
0.1972,0.016762,0.038064
0.21231,0.020279,0.033075
0.228,0.023994,0.029177
0.24429,0.027916,0.026313
0.26119,0.032054,0.02444
0.27872,0.036414,0.023515
0.29688,0.041002,0.023496
0.28976,0.047306,0.027003
0.28265,0.053725,0.032583
0.27556,0.060284,0.039846
0.26851,0.067003,0.048523
0.26149,0.073894,0.058418
0.25451,0.08097,0.06939
0.24759,0.088239,0.081333
0.2407,0.095708,0.094173
0.23387,0.10338,0.10785
0.22708,0.11126,0.12232
0.20583,0.10873,0.12551
0.18605,0.10616,0.1284
0.16768,0.10355,0.13102
0.15062,0.10092,0.13343
0.1348,0.098263,0.13565
0.12014,0.095584,0.1377
0.10658,0.092887,0.13961
0.094064,0.090177,0.1414
0.082522,0.087457,0.14307
0.071905,0.084731,0.14464
0.066411,0.073438,0.10239
0.061,0.063289,0.071468
0.055783,0.054237,0.048766
0.05082,0.046205,0.032212
0.046138,0.039108,0.020359
0.041748,0.032858,0.012168
0.037649,0.02737,0.0068742
0.033831,0.022562,0.0038993
0.030285,0.018363,0.0027756
0.027085,0.014809,0.0014567
0.031843,0.019135,0.0011461
0.037212,0.024219,0.00063581
0.04324,0.030127,-7.9218e-05
0.049971,0.03692,-0.0010075
0.057451,0.04466,-0.0021553
0.065725,0.053408,-0.003535
0.074838,0.063221,-0.0051554
0.084835,0.074156,-0.007034
0.095757,0.086267,-0.0091828
0.10765,0.099601,-0.011624
0.10513,0.097791,-0.0060324
0.10273,0.096094,-0.0018873
0.10042,0.094487,0.0011404
0.09819,0.092953,0.0032837
0.096026,0.091479,0.0047239
0.09392,0.090054,0.0055903
0.091864,0.08867,0.0059866
0.089853,0.087319,0.0059876
0.087881,0.085996,0.0056794
0.085935,0.084682,0.0055108
0.078973,0.073666,0.0038229
0.072491,0.063809,-0.00014548
0.066448,0.055003,-0.0063903
0.060798,0.04714,-0.014569
0.055501,0.040127,-0.024419
0.050522,0.03388,-0.035757
0.045827,0.028327,-0.04843
0.041389,0.023402,-0.062344
0.037178,0.01905,-0.077401
0.033173,0.015221,-0.093562
0.032217,0.012139,-0.065859
0.03147,0.0095552,-0.044947
0.03088,0.0073875,-0.029291
0.030408,0.0055753,-0.017814
0.030023,0.0040716,-0.0097022
0.029695,0.0028397,-0.0043682
0.029401,0.0018508,-0.0013651
0.029118,0.0010818,-0.00037099
0.028846,0.00051755,0.000281
0.028608,0.00016131,0.0025308
0.026311,0.00014167,0.00085166
0.024134,0.00012613,-0.00012102
0.022077,0.00011641,-0.00052821
0.020131,0.00011149,-0.00063719
0.018278,0.000103,-0.0010352
0.016514,8.8162e-05,-0.0017091
0.014834,6.5517e-05,-0.0025994
0.013238,3.3893e-05,-0.0036614
0.011722,-7.3829e-06,-0.0048545
0.010285,-5.8917e-05,-0.0061512
0.010472,2.3578e-05,-0.0036148
0.010631,9.136e-05,-0.0018873
0.010758,0.00014088,-0.00089667
0.010848,0.00016839,-0.00059281
0.010932,0.00019644,-0.00031251
0.011046,0.00025411,0.00059459
0.011193,0.00034617,0.0021163
0.011375,0.00047757,0.0042456
0.011597,0.00065366,0.0069839
0.011862,0.00087985,0.010332
0.011273,0.0010953,0.0097066
0.010689,0.0014963,0.0091047
0.010109,0.0020768,0.0085216
0.0095298,0.0028332,0.007951
0.0089511,0.0037647,0.0073887
0.0083712,0.0048727,0.0068299
0.0077889,0.0061611,0.0062706
0.0072031,0.0076353,0.0057073
0.0066129,0.0093027,0.005136
0.0060177,0.011172,0.0045539
0.0055461,0.011358,0.004824
0.0050972,0.011546,0.0051437
0.0046718,0.011735,0.0055111
0.0042711,0.011926,0.0059283
0.0038956,0.01212,0.0063933
0.0035466,0.012315,0.0069092
0.0032246,0.012514,0.0074732
0.0029308,0.012716,0.0080896
0.0026657,0.012922,0.0087545
0.0024303,0.013132,0.0094733
0.0028103,0.011805,0.0099449
0.0031896,0.010565,0.010401
0.003565,0.0094119,0.010835
0.0039348,0.0083464,0.011253
0.0042966,0.0073688,0.011647
0.0046492,0.0064802,0.012024
0.0049911,0.0056806,0.012378
0.0053218,0.0049712,0.012714
0.0056405,0.004352,0.013025
0.0059469,0.0038245,0.01332
0.006182,0.005063,0.015181
0.0064209,0.0065647,0.017182
0.0066616,0.0083463,0.019316
0.0069031,0.010427,0.021592
0.007143,0.012825,0.023997
0.0073793,0.015558,0.02654
0.0076079,0.018646,0.029201
0.0078261,0.022105,0.031985
0.0080287,0.025952,0.034868
0.0082126,0.030202,0.037858
0.0080062,0.024465,0.02699
0.0080602,0.019525,0.018247
0.0083302,0.015313,0.011339
0.0087824,0.011772,0.0060548
0.0093908,0.0088474,0.0022128
0.010138,0.0064929,-0.00031999
0.011013,0.0046689,-0.0016521
0.012005,0.003334,-0.0019212
0.012947,0.0022328,-0.0026935
0.013784,0.0012616,-0.0046068
0.014545,0.0025539,-0.0030394
0.015196,0.0041495,-0.0024092
0.015773,0.0061082,-0.0025109
0.016426,0.0086646,-0.0020162
0.017184,0.011897,-0.00065825
0.018051,0.015851,0.0016017
0.019027,0.020577,0.0047963
0.02011,0.026121,0.0089521
0.021296,0.03253,0.014079
0.02258,0.039848,0.020175
0.024775,0.039833,0.045147
0.027563,0.040875,0.077299
0.030891,0.042894,0.11647
0.034709,0.045823,0.16254
0.038964,0.049596,0.21536
0.043596,0.054138,0.27478
0.04854,0.059377,0.34055
0.053728,0.065229,0.4124
0.059089,0.071611,0.49001
0.064553,0.078438,0.57309
0.055239,0.065391,0.48244
0.047717,0.054859,0.40963
0.041526,0.046189,0.34982
0.036353,0.03895,0.29991
0.031987,0.032842,0.25767
0.02827,0.027651,0.22158
0.025088,0.023217,0.19046
0.022353,0.01942,0.16347
0.019995,0.016169,0.13996
0.017959,0.013389,0.1194
0.016474,0.012126,0.1124
0.015097,0.010979,0.10598
0.013819,0.0099395,0.10008
0.012631,0.0089928,0.094639
0.011529,0.0081315,0.089614
0.010505,0.0073452,0.084951
0.009553,0.0066281,0.080631
0.0086686,0.0059718,0.076607
0.0078476,0.0053717,0.072866
0.007085,0.0048212,0.069369
0.0072187,0.0047745,0.070925
0.0073516,0.0047357,0.072404
0.0074853,0.0047079,0.073818
0.0076203,0.0046915,0.075151
0.007758,0.0046896,0.076418
0.007899,0.0047031,0.077601
0.0080449,0.004735,0.078717
0.0081963,0.0047865,0.079749
0.0083547,0.0048606,0.080712
0.008521,0.0049586,0.081593
0.0066264,0.0034167,0.090011
0.0048591,0.002327,0.098415
0.0032107,0.0016785,0.10686
0.0017502,0.0008937,0.11536
0.00052489,-0.0004026,0.12396
-0.0004648,-0.0022086,0.13265
-0.0012153,-0.0045224,0.14145
-0.0017207,-0.0073427,0.15033
-0.0019786,-0.010668,0.15928
-0.0022784,-0.014538,0.16825
-0.0019345,-0.014516,0.14406
-0.0016764,-0.014368,0.12381
-0.0012486,-0.014089,0.1067
-0.00066745,-0.013701,0.092144
4.6328e-05,-0.013225,0.079664
0.00087681,-0.012676,0.068901
0.0018114,-0.012067,0.05957
0.002841,-0.01141,0.051444
0.0039589,-0.010714,0.044341
0.0051613,-0.0099856,0.038111
0.0065456,-0.010647,0.037807
0.0081044,-0.011305,0.037477
0.0098446,-0.01196,0.037122
0.011773,-0.01261,0.036741
0.013898,-0.013253,0.036332
0.016224,-0.013887,0.035898
0.018761,-0.014512,0.035436
0.021514,-0.015126,0.034948
0.02449,-0.015727,0.034432
0.027699,-0.016313,0.033888
0.027158,-0.017923,0.041465
0.026573,-0.019653,0.049719
0.025946,-0.021503,0.058617
0.025284,-0.023472,0.06814
0.024588,-0.025557,0.078258
0.02386,-0.027746,0.088959
0.023105,-0.030035,0.10021
0.022325,-0.032413,0.11201
0.021525,-0.034874,0.12432
0.020709,-0.037409,0.13714
0.019859,-0.02876,0.085869
0.018594,-0.022019,0.049304
0.017048,-0.016845,0.024397
0.01531,-0.012966,0.0089349
0.013441,-0.010161,0.0012538
0.011508,-0.0082028,-0.00042823
0.0099327,-0.0062352,-0.0049182
0.008792,-0.0040029,-0.014647
0.0080335,-0.0014978,-0.029484
0.0076277,0.0012958,-0.049575
0.0083167,0.0013873,-0.056672
0.0090266,0.0014593,-0.064316
0.0097549,0.0015067,-0.072499
0.010498,0.0015223,-0.081212
0.011253,0.0015004,-0.090444
0.012016,0.0014323,-0.10018
0.012785,0.0013119,-0.11041
0.013555,0.0011308,-0.12111
0.014324,0.0008833,-0.13226
0.015088,0.00056121,-0.14385
0.015774,-0.00079635,-0.11733
0.016841,-0.0017506,-0.09541
0.018237,-0.0023837,-0.07713
0.019924,-0.0027568,-0.061787
0.021874,-0.0029139,-0.048854
0.024067,-0.002889,-0.037945
0.026489,-0.0027071,-0.028762
0.02913,-0.0023881,-0.021084
0.031983,-0.0019474,-0.014742
0.035043,-0.0013974,-0.0096082
0.034122,-0.0027127,-0.0040545
0.033278,-0.0039214,-0.00081944
0.032497,-0.00505,0.00023691
0.031741,-0.0061948,0.00093418
0.030985,-0.0074791,0.003571
0.030247,-0.0089181,0.0080961
0.029551,-0.010532,0.014466
0.028921,-0.012346,0.022638
0.028384,-0.014387,0.03259
0.027966,-0.016684,0.044284
0.024305,-0.014509,0.045355
0.021024,-0.012673,0.046357
0.018099,-0.011142,0.047302
0.015511,-0.0098846,0.048171
0.013238,-0.0088721,0.048972
0.011262,-0.0080766,0.049691
0.0095647,-0.0074752,0.050332
0.0081303,-0.0070443,0.050888
0.0069437,-0.0067648,0.051356
0.0059907,-0.0066181,0.051739
0.0060771,-0.007125,0.051171
0.0061626,-0.007639,0.050542
0.0062458,-0.0081554,0.049837
0.0063246,-0.0086714,0.049078
0.0063975,-0.0091823,0.048243
0.0064623,-0.009686,0.047362
0.0065174,-0.010178,0.046405
0.0065514,-0.010652,0.045413
0.0065654,-0.011106,0.044345
0.0065599,-0.011541,0.043253
0.0071862,-0.013347,0.048777
0.0078967,-0.015288,0.054622
0.0086825,-0.017363,0.060714
0.0095377,-0.019578,0.067117
0.010461,-0.021934,0.073759
0.011448,-0.024447,0.080697
0.012498,-0.027129,0.08795
0.013604,-0.029986,0.095493
0.014717,-0.033039,0.10331
0.015831,-0.036296,0.11141
0.015132,-0.033513,0.11741
0.014372,-0.031064,0.12318
0.01368,-0.028885,0.12871
0.013078,-0.026948,0.13404
0.012566,-0.025238,0.13916
0.012145,-0.023735,0.14412
0.011818,-0.02243,0.1489
0.011587,-0.021309,0.15354
0.01146,-0.020367,0.15803
0.011441,-0.019592,0.16239
0.010314,-0.016722,0.14741
0.0093514,-0.013931,0.13439
0.008351,-0.010682,0.12298
0.0072812,-0.0069503,0.11283
0.0061235,-0.0027188,0.1037
0.0048596,0.0020412,0.095376
0.0034714,0.0073509,0.087696
0.0019384,0.013242,0.080545
0.00024205,0.019735,0.073867
-0.0016386,0.026862,0.067568
-0.0030172,0.032574,0.082183
-0.0047578,0.039232,0.098134
-0.0068986,0.046921,0.11538
-0.0094751,0.055728,0.13379
-0.012519,0.065726,0.1533
-0.01606,0.076992,0.17375
-0.020123,0.089586,0.19508
-0.024728,0.10357,0.21713
-0.029893,0.11899,0.23985
-0.035632,0.1359,0.26308
-0.040941,0.14064,0.22298
-0.045822,0.14478,0.18802
-0.05031,0.14842,0.15736
-0.054432,0.15163,0.13026
-0.05822,0.15449,0.10627
-0.061699,0.15704,0.08496
-0.064895,0.15933,0.066041
-0.06783,0.16141,0.049256
-0.070529,0.16331,0.034438
-0.073011,0.16507,0.021414
-0.073825,0.16938,0.014864
-0.074519,0.17365,0.0086092
-0.075101,0.17789,0.0026688
-0.075577,0.18211,-0.0029531
-0.075955,0.18632,-0.0082436
-0.076241,0.19053,-0.013194
-0.076445,0.19474,-0.017796
-0.076573,0.19896,-0.022033
-0.076635,0.20321,-0.025906
-0.076638,0.20749,-0.029409
-0.076512,0.20363,-0.032396
-0.076511,0.19989,-0.034255
-0.076606,0.19625,-0.035214
-0.076669,0.19263,-0.036139
-0.07663,0.18898,-0.037495
-0.076505,0.1853,-0.039178
-0.076309,0.18159,-0.041124
-0.076053,0.17788,-0.04326
-0.075748,0.17417,-0.045552
-0.075403,0.17047,-0.047914
-0.072447,0.15854,-0.039536
-0.069133,0.14705,-0.034045
-0.065594,0.13602,-0.030652
-0.062018,0.1256,-0.02812
-0.058663,0.11602,-0.024622
-0.0555,0.10722,-0.020337
-0.052497,0.099127,-0.015486
-0.049631,0.091671,-0.010218
-0.046884,0.0848,-0.0046654
-0.044241,0.078466,0.0010993
-0.041069,0.07099,0.0020781
-0.037837,0.064211,0.0030788
-0.034556,0.058077,0.0040625
-0.031472,0.052404,0.0050178
-0.028838,0.047004,0.0059167
-0.02662,0.041859,0.006768
-0.02479,0.036955,0.0075635
-0.02332,0.032277,0.0083064
-0.022187,0.027809,0.008994
-0.021373,0.023537,0.0096302
-0.022654,0.02539,0.012437
-0.023977,0.027337,0.0155
-0.02534,0.029377,0.018801
-0.02674,0.031506,0.02234
-0.028176,0.033724,0.026115
-0.029647,0.036029,0.030112
-0.031151,0.038419,0.034331
-0.032688,0.040894,0.038755
-0.034259,0.043452,0.043387
-0.035862,0.046092,0.048206
-0.034646,0.043677,0.036578
-0.03366,0.041682,0.027224
-0.032857,0.040032,0.019735
-0.0322,0.038668,0.013778
-0.031661,0.037543,0.0091071
-0.031215,0.036616,0.0055158
-0.030844,0.035856,0.0028492
-0.030532,0.035236,0.00097368
-0.030266,0.034734,-0.00021365
-0.030035,0.034331,-0.00080176
-0.027739,0.031998,0.0018977
-0.025475,0.029834,0.0064211
-0.02322,0.027806,0.012547
-0.020958,0.025886,0.020104
-0.018675,0.024053,0.02897
-0.016359,0.022288,0.039047
-0.014003,0.020574,0.050265
-0.011604,0.018898,0.062568
-0.0091605,0.017248,0.075911
-0.0066887,0.015612,0.090258
-0.006866,0.013477,0.071084
-0.0070325,0.01168,0.055331
-0.0071757,0.010155,0.042398
-0.0072904,0.0088512,0.031828
-0.0073717,0.0077246,0.023253
-0.0074184,0.0067406,0.016385
-0.0074294,0.00587,0.010985
-0.007405,0.0050885,0.0068659
-0.0073459,0.0043753,0.0038717
-0.0072536,0.0037131,0.0018814
-0.0074035,0.003007,0.0012567
-0.0075734,0.0023061,0.00083003
-0.0077611,0.0016053,0.00059871
-0.0079672,0.00090141,0.00053585
-0.0082087,0.00019788,0.00035756
-0.0084893,-0.00050533,-1.4365e-05
-0.008807,-0.00121,-0.00057952
-0.0091606,-0.0019177,-0.0013372
-0.0095487,-0.0026295,-0.0022884
-0.0099704,-0.0033464,-0.0034327
-0.0090575,-0.0032862,-0.0028204
-0.0081821,-0.0032064,-0.0022853
-0.0073456,-0.0031073,-0.0018209
-0.0065491,-0.0029894,-0.0014205
-0.0057942,-0.002853,-0.0010789
-0.0050825,-0.0026985,-0.0007909
-0.0044158,-0.0025262,-0.00055247
-0.0037958,-0.0023367,-0.00035956
-0.0032248,-0.0021303,-0.00020895
-0.002705,-0.0019076,-9.7452e-05
-0.0027963,-0.0020754,5.4009e-05
-0.0029048,-0.0022266,0.0001092
-0.0030209,-0.0023632,0.00034464
-0.0031426,-0.0024857,0.00077565
-0.0032489,-0.0026188,0.0013997
-0.0033337,-0.0027688,0.0022147
-0.003396,-0.0029353,0.0032183
-0.0034349,-0.0031183,0.0044085
-0.0034495,-0.0033178,0.0057831
-0.0034389,-0.0035342,0.0073403
-0.0030177,-0.0028094,0.005244
-0.0025907,-0.0022216,0.0035058
-0.0021637,-0.0017574,0.0021223
-0.0017472,-0.001397,0.0010889
-0.0014049,-0.001055,0.0004003
-0.0011495,-0.00070927,5.0344e-05
-0.00097509,-0.00036078,-3.6989e-05
-0.00087384,-1.3767e-05,-0.00035972
-0.00084142,0.00033204,-0.0010142
-0.00087805,0.00067916,-0.0020033
-0.00083247,0.00063527,-0.0029578
-0.00078444,0.00059215,-0.0041292
-0.00073395,0.00054981,-0.005539
-0.00068118,0.00050794,-0.0072103
-0.00062648,0.00046603,-0.0091682
-0.00057162,0.00042361,-0.011437
-0.00051778,0.00038031,-0.014044
-0.00046735,0.00033656,-0.01701
-0.00042252,0.00029291,-0.02036
-0.00038697,0.00025328,-0.024112
-0.00063826,0.00062146,-0.024197
-0.0009698,0.001019,-0.024284
-0.00132,0.0014975,-0.024377
-0.0016743,0.002073,-0.024479
-0.0020299,0.0027495,-0.024594
-0.0023847,0.0035326,-0.024722
-0.0027351,0.0044283,-0.024865
-0.0030782,0.0054449,-0.025022
-0.0034094,0.0065898,-0.025194
-0.0037249,0.0078737,-0.025377
-0.0017195,0.0068044,-0.038436
0.00036354,0.0058752,-0.054434
0.0025212,0.0051075,-0.073499
0.0047415,0.0045332,-0.095736
0.0070104,0.0041882,-0.12122
0.0093071,0.004115,-0.14997
0.011612,0.0043559,-0.18199
0.013901,0.0049563,-0.21723
0.016152,0.005958,-0.25561
0.018506,0.0072143,-0.29704
0.013819,0.0071077,-0.22579
0.0080618,0.0090416,-0.1707
0.0011927,0.012924,-0.12725
-0.00676,0.018598,-0.092515
-0.015857,0.026038,-0.064554
-0.026249,0.035352,-0.042187
-0.038158,0.046759,-0.024776
-0.051849,0.06056,-0.012074
-0.067611,0.07711,-0.0040733
-0.085739,0.096792,-0.00088065
-0.089325,0.10069,-0.00036335
-0.093012,0.1047,0.0012583
-0.096802,0.10882,0.0039691
-0.10069,0.11306,0.007648
-0.10469,0.11741,0.012194
-0.10879,0.12188,0.017508
-0.11299,0.12647,0.023514
-0.11729,0.13118,0.030139
-0.12171,0.13601,0.037321
-0.12623,0.14095,0.044999
-0.11718,0.13122,0.026308
-0.1085,0.12237,0.013754
-0.10016,0.11431,0.0057654
-0.092115,0.10695,0.0012584
-0.084348,0.10024,-0.00051898
-0.076839,0.09411,-0.0012242
-0.06957,0.088493,-0.0035857
-0.062518,0.083345,-0.0074333
-0.05566,0.078632,-0.01254
-0.048974,0.074322,-0.018735
-0.048208,0.070334,-0.0086071
-0.047408,0.066581,-0.0029681
-0.046563,0.063036,-0.0010815
-0.04567,0.059714,0.00019844
-0.044732,0.056654,0.0042725
-0.043752,0.053839,0.01085
-0.042729,0.051252,0.019695
-0.04166,0.04888,0.030626
-0.040545,0.046709,0.0435
-0.039379,0.044725,0.058207
-0.036578,0.041931,0.036628
-0.033899,0.039476,0.020981
-0.031326,0.037325,0.010137
-0.02884,0.035444,0.0032828
-0.026428,0.033804,-0.00018613
-0.024072,0.032376,-0.00094004
-0.021732,0.031067,-0.0029286
-0.019389,0.029843,-0.0073027
-0.017037,0.028702,-0.013897
-0.01467,0.02764,-0.022595
-0.018331,0.028975,-0.019791
-0.021965,0.030576,-0.017281
-0.025577,0.032448,-0.015031
-0.029171,0.034595,-0.013011
-0.032751,0.037025,-0.0112
-0.036319,0.039746,-0.0095789
-0.039876,0.042767,-0.0081324
-0.043422,0.046097,-0.0068468
-0.046974,0.049732,-0.0057114
-0.050785,0.053441,-0.0047139
-0.04617,0.04874,-0.0032968
-0.041913,0.04429,-0.0022199
-0.037953,0.040119,-0.0014249
-0.034198,0.036289,-0.00086499
-0.030634,0.032784,-0.00050294
-0.027252,0.029589,-0.00030802
-0.024041,0.02669,-0.00022345
-0.020994,0.024072,-6.3667e-05
-0.018101,0.021724,0.00018542
-0.015352,0.019631,0.0005121
-0.01351,0.016964,0.00084205
-0.011835,0.014569,0.0012043
-0.010315,0.012427,0.0015925
-0.0089364,0.010522,0.0020014
-0.0076891,0.0088362,0.0024262
-0.0065618,0.0073552,0.0028633
-0.0055439,0.0060638,0.0033093
-0.0046257,0.004948,0.0037613
-0.0037978,0.0039945,0.0042168
-0.0030516,0.0031904,0.0046742
-0.0036102,0.0036312,0.0030186
-0.0043322,0.0039916,0.0017201
-0.0052244,0.0042671,0.00077445
-0.0062971,0.0044501,0.00018964
-0.0075628,0.004531,-1.7625e-05
-0.0090357,0.0044969,-0.00021057
-0.010731,0.0043336,-0.00082622
-0.012666,0.0040274,-0.0018893
-0.014855,0.003564,-0.003423
-0.017318,0.0029289,-0.0054471
-0.018685,0.0042268,-0.0042638
-0.020147,0.0056354,-0.0032378
-0.021709,0.0071601,-0.0023644
-0.023375,0.0088063,-0.0016393
-0.025149,0.01058,-0.0010581
-0.027036,0.012485,-0.00061653
-0.029041,0.014528,-0.00031014
-0.031169,0.016715,-0.00013468
-0.033425,0.019049,-8.5265e-05
-0.035813,0.021537,-3.9767e-05
-0.035714,0.026168,0.00018341
-0.03614,0.030453,0.00059937
-0.037091,0.034403,0.0012088
-0.038575,0.038029,0.0020105
-0.040604,0.041333,0.0030047
-0.043189,0.044322,0.0041908
-0.045778,0.04755,0.0055663
-0.048015,0.05138,0.0071285
-0.049888,0.055843,0.0088768
-0.051379,0.060972,0.010809
-0.042037,0.054089,0.016298
-0.033319,0.048191,0.022365
-0.025165,0.043207,0.028885
-0.017523,0.039078,0.035776
-0.010344,0.035752,0.04298
-0.00359,0.033189,0.050465
0.0027736,0.031356,0.058209
0.0087735,0.030229,0.066202
0.01443,0.029798,0.074437
0.019758,0.030057,0.082913
0.018616,0.028339,0.090409
0.01751,0.026676,0.098365
0.01644,0.025068,0.10677
0.015405,0.023515,0.11564
0.014407,0.022015,0.12496
0.013445,0.020568,0.13473
0.012518,0.019174,0.14495
0.011628,0.017832,0.15562
0.010773,0.016542,0.16672
0.0099548,0.015302,0.17827
0.013458,0.020713,0.13607
0.017334,0.026989,0.10119
0.021616,0.03416,0.072404
0.026359,0.042291,0.048933
0.03163,0.051474,0.030276
0.037509,0.061817,0.016151
0.044083,0.073443,0.0064026
0.051441,0.086477,0.00094718
0.059674,0.10105,-0.00047953
0.068869,0.11727,-0.0035474
0.070086,0.11229,-0.0021504
0.071129,0.10766,-0.0012515
0.072005,0.10335,-0.00072355
0.07272,0.099334,-0.00047809
0.07328,0.095609,-0.00043497
0.073692,0.092158,-0.00032712
0.073961,0.088966,-8.8148e-05
0.074091,0.086023,0.00025665
0.074086,0.083315,0.00069009
0.073951,0.080833,0.0011979
0.074483,0.081794,0.0019861
0.075013,0.082762,0.0029129
0.075541,0.083738,0.0039729
0.076065,0.084721,0.00516
0.076588,0.08571,0.0064706
0.077109,0.086707,0.0079003
0.077627,0.087711,0.0094471
0.078144,0.088723,0.011108
0.078659,0.089741,0.012881
0.079172,0.090767,0.014764
0.081663,0.094724,0.014316
0.084181,0.0988,0.013781
0.086728,0.103,0.013169
0.089303,0.10731,0.012492
0.091906,0.11175,0.011759
0.094538,0.11631,0.010981
0.097198,0.12099,0.010168
0.099888,0.12579,0.0093273
0.10261,0.13071,0.0084699
0.10535,0.13576,0.0076022
0.10615,0.13944,0.0072762
0.10691,0.14321,0.0070104
0.10763,0.14707,0.0067969
0.10832,0.15101,0.0066264
0.10897,0.15504,0.0064938
0.10958,0.15915,0.0063922
0.11015,0.16335,0.0063183
0.11069,0.16763,0.0062669
0.11119,0.172,0.006236
0.11166,0.17645,0.0062212
0.11675,0.17812,0.0022805
0.12184,0.17991,-0.00030361
0.12693,0.18181,-0.0017527
0.13202,0.18381,-0.0022415
0.1371,0.18592,-0.0027346
0.14217,0.18811,-0.003952
0.14723,0.1904,-0.0058067
0.15229,0.19277,-0.0082314
0.15733,0.19523,-0.011168
0.16237,0.19778,-0.014572
0.1517,0.1889,-0.013101
0.1415,0.18048,-0.011803
0.13174,0.17249,-0.010638
0.1224,0.16492,-0.0095831
0.11347,0.15774,-0.0086163
0.10493,0.15093,-0.0077259
0.096745,0.14449,-0.0069015
0.088914,0.13838,-0.0061372
0.081416,0.13259,-0.0054281
0.074237,0.12711,-0.0047717
0.074587,0.13048,-0.00609
0.074917,0.1339,-0.0076177
0.075228,0.13739,-0.0093497
0.07552,0.14094,-0.011279
0.075794,0.14454,-0.013403
0.076051,0.14821,-0.015715
0.07629,0.15194,-0.018213
0.076513,0.15573,-0.02089
0.076719,0.15958,-0.023743
0.07691,0.16349,-0.02677
0.076458,0.15767,-0.020679
0.075932,0.15198,-0.015786
0.075337,0.14642,-0.011869
0.074676,0.141,-0.0087604
0.073953,0.1357,-0.006334
0.073171,0.13054,-0.004491
0.072332,0.1255,-0.0031554
0.07144,0.12059,-0.0022657
0.070495,0.1158,-0.0017741
0.069501,0.11114,-0.0016111
0.059893,0.11305,-0.0017799
0.049672,0.11572,-0.0025413
0.038821,0.11914,-0.003857
0.027326,0.12333,-0.0056711
0.015171,0.12827,-0.0079391
0.002343,0.13398,-0.010623
-0.011171,0.14045,-0.013691
-0.025381,0.1477,-0.017116
-0.040296,0.15574,-0.020875
-0.055925,0.16458,-0.024949
-0.037881,0.16605,-0.017884
-0.019504,0.16863,-0.012606
-0.00075059,0.17231,-0.0087263
0.018423,0.1771,-0.0059593
0.038059,0.183,-0.0040896
0.058197,0.19004,-0.0029537
0.078878,0.19822,-0.0024245
0.10014,0.20759,-0.0023998
0.12202,0.21818,-0.0023341
0.14455,0.23001,-0.0019226
0.16057,0.23835,-0.001973
0.17683,0.2473,-0.001947
0.19333,0.25685,-0.0018409
0.21009,0.26702,-0.0016505
0.22709,0.2778,-0.0013668
0.24435,0.2892,-0.0009857
0.26187,0.30122,-0.00049906
0.27965,0.31386,8.1933e-05
0.2977,0.32714,0.00076419
0.31602,0.34104,0.0015456
0.31009,0.33804,0.0025545
0.30416,0.3352,0.0036546
0.29822,0.33249,0.0048488
0.29229,0.32993,0.0061332
0.28634,0.32751,0.0075097
0.28039,0.32523,0.0089752
0.27443,0.32308,0.010531
0.26845,0.32106,0.012175
0.26247,0.31917,0.013909
0.25647,0.31741,0.01573
0.25081,0.30185,0.016785
0.24512,0.2873,0.017713
0.2394,0.27371,0.018537
0.23366,0.26103,0.019276
0.22787,0.24919,0.019943
0.22206,0.23816,0.02055
0.2162,0.22789,0.021105
0.2103,0.21835,0.021615
0.20435,0.20948,0.022085
0.19836,0.20126,0.022519
0.18825,0.19281,0.027086
0.1783,0.18482,0.031501
0.16851,0.17726,0.035758
0.15888,0.17012,0.039859
0.14942,0.16338,0.04381
0.14012,0.15702,0.04762
0.13099,0.15101,0.051294
0.12203,0.14535,0.054844
0.11324,0.14002,0.058273
0.10461,0.13501,0.06159
0.10696,0.13336,0.090144
0.10919,0.13192,0.12207
0.11129,0.13067,0.15685
0.11326,0.12961,0.19408
0.11509,0.12872,0.23343
0.11678,0.128,0.27462
0.11833,0.12743,0.31741
0.11973,0.12702,0.36163
0.12099,0.12676,0.40708
0.12209,0.12666,0.45366
0.12442,0.12869,0.50679
0.12674,0.13075,0.56042
0.12905,0.13282,0.61431
0.13135,0.13491,0.66841
0.13363,0.13701,0.72252
0.13589,0.13912,0.77665
0.13814,0.14125,0.83059
0.14037,0.14338,0.88439
0.14258,0.14552,0.93775
0.14477,0.14766,0.99081
0.13284,0.13588,0.91495
0.12112,0.12565,0.85807
0.10954,0.11679,0.81413
0.098079,0.10914,0.77952
0.086714,0.10261,0.75167
0.075432,0.097117,0.72898
0.064223,0.092587,0.71017
0.05308,0.08897,0.69444
0.041998,0.086223,0.68109
0.030969,0.084308,0.6697
0.032903,0.079723,0.65605
0.034597,0.075477,0.64221
0.036078,0.071552,0.62826
0.037363,0.067926,0.61436
0.038468,0.064584,0.60052
0.039405,0.061508,0.58684
0.040188,0.058684,0.57332
0.040827,0.056097,0.56002
0.041334,0.053734,0.54692
0.041716,0.051582,0.53407
0.037139,0.046299,0.4515
0.032985,0.041486,0.38424
0.029198,0.037083,0.3286
0.025735,0.033043,0.28201
0.022566,0.029332,0.24265
0.019665,0.025922,0.20912
0.017013,0.022792,0.18043
0.014594,0.019922,0.15574
0.012393,0.017298,0.13444
0.010397,0.014906,0.11601
0.0095044,0.013643,0.11238
0.008656,0.012456,0.10849
0.0078522,0.011344,0.10444
0.0070924,0.010303,0.10023
0.0063764,0.0093318,0.095949
0.0057032,0.0084275,0.091602
0.0050723,0.007588,0.087246
0.0044826,0.0068104,0.082888
0.0039334,0.0060927,0.078576
0.0034232,0.005432,0.074305
0.0054794,0.0063327,0.083635
0.0076037,0.0076777,0.093483
0.0098051,0.0094881,0.10385
0.012175,0.011703,0.11469
0.01503,0.014037,0.12596
0.018421,0.01647,0.13761
0.022369,0.019013,0.14959
0.026896,0.021673,0.16182
0.032023,0.024458,0.17424
0.03777,0.027378,0.18677
0.032913,0.025794,0.15588
0.028688,0.024122,0.13053
0.025034,0.02237,0.10955
0.021897,0.020548,0.092059
0.019231,0.018663,0.077395
0.016996,0.016723,0.065037
0.014964,0.014924,0.054589
0.012893,0.013483,0.045718
0.010784,0.012372,0.038172
0.0086393,0.011569,0.031725
0.01033,0.013084,0.024827
0.01215,0.014732,0.018808
0.014103,0.016516,0.013644
0.016192,0.01844,0.0093104
0.018423,0.020507,0.005799
0.0208,0.022723,0.0030991
0.023327,0.025091,0.0012119
0.02601,0.027617,0.0001364
0.028853,0.030306,-0.00015076
0.031858,0.033163,-0.00071206
0.035448,0.036537,-0.0002733
0.039309,0.040202,-0.00013504
0.043462,0.044177,1.8093e-05
0.047925,0.048479,0.00043917
0.052715,0.053128,0.0011081
0.05785,0.05814,0.0020016
0.063348,0.063534,0.0030976
0.069227,0.069328,0.0043702
0.075502,0.075539,0.0057971
0.082192,0.082185,0.0073517
0.078967,0.07898,0.0023635
0.075877,0.075899,0.00021425
0.072906,0.07293,-0.00036802
0.07004,0.070071,-0.0027708
0.06727,0.067314,-0.0070836
0.06459,0.06465,-0.013116
0.061993,0.062073,-0.020708
0.059475,0.059575,-0.029738
0.057029,0.057153,-0.040094
0.054653,0.054799,-0.051696
0.054031,0.054629,-0.063333
0.053124,0.054773,-0.075979
0.051934,0.055236,-0.089596
0.050458,0.056024,-0.10416
0.048695,0.057142,-0.11965
0.04664,0.058595,-0.13603
0.04429,0.06039,-0.15328
0.04164,0.062533,-0.17138
0.038686,0.065029,-0.19028
0.03542,0.067883,-0.20998
0.032329,0.067395,-0.19078
0.029258,0.067013,-0.17368
0.026202,0.066731,-0.15829
0.023159,0.066545,-0.14436
0.020126,0.066451,-0.13164
0.017101,0.066445,-0.11998
0.014082,0.066525,-0.10924
0.011066,0.066686,-0.0993
0.0080509,0.066927,-0.090078
0.0050361,0.067247,-0.081506
0.0037343,0.071983,-0.053302
0.0024005,0.0769,-0.03207
0.0010139,0.082006,-0.016766
-0.00044535,0.087311,-0.00663
-0.0019958,0.092826,-0.0010863
-0.0036548,0.098561,0.0003958
-0.0054562,0.10451,0.0027962
-0.0074239,0.11067,0.0086659
-0.0095688,0.11705,0.017739
-0.0119,0.12366,0.029782
-0.017508,0.11674,0.034534
-0.022703,0.11027,0.039561
-0.0275,0.10425,0.044833
-0.031912,0.098647,0.050324
-0.035953,0.093451,0.056006
-0.039633,0.088648,0.061859
-0.042963,0.084224,0.067858
-0.045953,0.080167,0.073989
-0.048612,0.076466,0.08023
-0.050949,0.073112,0.08657
-0.039093,0.064895,0.084332
-0.028306,0.057825,0.082797
-0.018512,0.051809,0.081799
-0.0096396,0.046767,0.081223
-0.0016264,0.04263,0.080975
0.0055855,0.039342,0.080989
0.012048,0.036856,0.081207
0.017807,0.035137,0.081591
0.022903,0.03416,0.0821
0.027371,0.033911,0.082712
0.025639,0.036182,0.079066
0.023416,0.038947,0.075662
0.020694,0.042215,0.072458
0.017461,0.045996,0.06943
0.013707,0.050303,0.066552
0.0094161,0.055151,0.063809
0.0045744,0.060556,0.061183
-0.00083437,0.066534,0.058666
-0.0068271,0.073102,0.056243
-0.013421,0.080278,0.053911
-0.0099016,0.075954,0.038256
-0.0066851,0.071932,0.02596
-0.0037417,0.068184,0.016499
-0.0010455,0.064687,0.009471
0.0014259,0.061418,0.0045641
0.0036926,0.058359,0.0015317
0.0057723,0.055493,0.0001775
0.007683,0.052803,-0.00020466
0.009448,0.050277,-0.0017607
0.011079,0.047902,-0.004604
0.009708,0.051663,-0.0050597
0.0081458,0.055662,-0.0055297
0.0063852,0.059908,-0.0060123
0.0044189,0.064406,-0.0065064
0.0022399,0.069164,-0.00701
-0.00015846,0.074188,-0.0075222
-0.0027825,0.079486,-0.0080411
-0.0056382,0.085061,-0.0085659
-0.0087313,0.09092,-0.0090947
-0.012067,0.097069,-0.0096267
-0.010086,0.099769,-0.011281
-0.0080463,0.10253,-0.013035
-0.0059468,0.10535,-0.014879
-0.0037877,0.10824,-0.01681
-0.0015691,0.11118,-0.01882
0.00070912,0.11419,-0.020905
0.003047,0.11726,-0.023057
0.0054447,0.12038,-0.025273
0.0079022,0.12357,-0.027546
0.01042,0.12681,-0.029872
0.00075332,0.11816,-0.014094
-0.0081206,0.11022,-0.0050568
-0.016245,0.10297,-0.00098307
-0.023656,0.096397,-0.00015822
-0.030398,0.09048,0.0023528
-0.036493,0.085205,0.0071313
-0.041961,0.080555,0.013727
-0.046815,0.076517,0.021807
-0.051068,0.073079,0.031123
-0.054731,0.070232,0.041487
-0.057588,0.074534,0.040734
-0.060531,0.078986,0.040347
-0.063561,0.083587,0.040297
-0.066679,0.088339,0.040566
-0.069885,0.093242,0.041136
-0.07318,0.098297,0.041993
-0.076565,0.1035,0.043125
-0.080039,0.10886,0.044524
-0.083602,0.11438,0.046181
-0.087255,0.12004,0.048091
-0.080352,0.11982,0.042671
-0.073235,0.11998,0.037707
-0.065903,0.1205,0.033148
-0.058354,0.12139,0.028957
-0.050586,0.12265,0.025102
-0.042595,0.12426,0.021558
-0.03438,0.12623,0.018304
-0.025937,0.12856,0.015325
-0.017261,0.13125,0.012608
-0.0083499,0.1343,0.010141
-0.0016631,0.14253,0.0056305
0.0055125,0.15127,0.0023518
0.013195,0.16054,0.00012058
0.021402,0.17036,-0.0012167
0.03015,0.18074,-0.0017883
0.039455,0.1917,-0.0021695
0.049335,0.20323,-0.0031259
0.059803,0.21536,-0.0045944
0.070872,0.22809,-0.0065113
0.082554,0.24144,-0.0088229
0.086658,0.24121,-0.0046651
0.090727,0.24104,-0.0029226
0.094761,0.24092,-0.0026081
0.09876,0.24088,-0.0015085
0.10273,0.24092,0.00047973
0.10666,0.24103,0.0031202
0.11057,0.24121,0.0062462
0.11444,0.24146,0.0097378
0.1183,0.24177,0.013509
0.12212,0.24214,0.017495
0.092805,0.21957,0.017083
0.065934,0.19954,0.017074
0.041353,0.1819,0.017352
0.018916,0.1665,0.01784
-0.0015066,0.15321,0.018486
-0.020036,0.14191,0.019253
-0.036782,0.13248,0.020116
-0.051841,0.12485,0.021053
-0.065299,0.11892,0.02205
-0.07723,0.11462,0.023093
-0.062301,0.10799,0.017073
-0.047882,0.1026,0.0124
-0.033911,0.098351,0.0087555
-0.02033,0.095183,0.0059104
-0.0070869,0.093037,0.0036953
0.0058653,0.091869,0.0019842
0.018569,0.091645,0.00068176
0.031063,0.092342,-0.00028441
0.04338,0.093946,-0.00097029
0.05555,0.096452,-0.0014195
0.05451,0.094741,-0.0016272
0.053466,0.093061,-0.0022507
0.052421,0.091403,-0.0036237
0.051375,0.089766,-0.0057208
0.050327,0.088147,-0.0085192
0.049279,0.086546,-0.011998
0.048232,0.084962,-0.016138
0.047185,0.083392,-0.020923
0.04614,0.081837,-0.026336
0.045096,0.080294,-0.032362
0.04745,0.087588,-0.036554
0.049849,0.09538,-0.040869
0.052294,0.10369,-0.045282
0.054782,0.11252,-0.049772
0.057314,0.1219,-0.054314
0.05989,0.13183,-0.058891
0.062509,0.14234,-0.063485
0.065171,0.15342,-0.068082
0.067878,0.16509,-0.072666
0.070631,0.17735,-0.077225
0.067748,0.19669,-0.073791
0.064027,0.21754,-0.070999
0.059442,0.23995,-0.068765
0.053973,0.26394,-0.067017
0.047599,0.28956,-0.065687
0.040306,0.31681,-0.064717
0.032082,0.34573,-0.064051
0.022918,0.37632,-0.063642
0.012809,0.40858,-0.063444
0.0017538,0.44253,-0.063422
-0.0035372,0.43459,-0.023861
-0.0086742,0.42639,-0.0083644
-0.013647,0.41813,-0.0043255
-0.018406,0.41018,0.01028
-0.022966,0.40252,0.034803
-0.02734,0.39511,0.067351
-0.031539,0.38793,0.10659
-0.035572,0.38096,0.15156
-0.039446,0.37417,0.20149
-0.043167,0.36756,0.25582
-0.047499,0.35915,0.24892
-0.051743,0.35123,0.24643
-0.055903,0.34375,0.24695
-0.059983,0.33665,0.24959
-0.063988,0.32992,0.25371
-0.067918,0.32351,0.25888
-0.071778,0.31741,0.26476
-0.075567,0.31161,0.27114
-0.079289,0.30607,0.27782
-0.082945,0.3008,0.28469
-0.075205,0.31201,0.2329
-0.067024,0.32381,0.19194
-0.058404,0.33615,0.15888
-0.049343,0.349,0.13176
-0.039841,0.36236,0.10919
-0.029896,0.3762,0.090199
-0.019506,0.39051,0.074059
-0.0086704,0.4053,0.060244
0.002612,0.42055,0.048358
0.014342,0.43626,0.038096
-0.031853,0.46047,0.034074
-0.080521,0.48757,0.029788
-0.13167,0.51756,0.025395
-0.1853,0.55046,0.021012
-0.24141,0.58626,0.016728
-0.29999,0.62496,0.012604
-0.36102,0.66657,0.008684
-0.42447,0.71107,0.0049866
-0.49031,0.75844,0.0015333
-0.55851,0.80867,-0.0016758
-0.52643,0.76703,-0.0013427
-0.4966,0.72813,-0.0015544
-0.4688,0.69171,-0.0020613
-0.44284,0.65756,-0.0027131
-0.41855,0.62548,-0.0034117
-0.39579,0.5953,-0.0041028
-0.37441,0.56687,-0.0047488
-0.35432,0.54005,-0.0053316
-0.33539,0.51471,-0.0058364
-0.31755,0.49074,-0.0062576
-0.30923,0.48935,-0.0058689
-0.30115,0.48821,-0.0056357
-0.2933,0.48731,-0.0055433
-0.28567,0.48663,-0.0055735
-0.27824,0.48615,-0.0057043
-0.27102,0.48587,-0.0059182
-0.26398,0.48579,-0.0061976
-0.25713,0.48587,-0.0065301
-0.25045,0.48613,-0.0069026
-0.24394,0.48654,-0.0073064
-0.23567,0.48742,-0.0069299
-0.22735,0.4884,-0.0063744
-0.219,0.48949,-0.0056366
-0.21062,0.4907,-0.0047158
-0.2022,0.492,-0.0036097
-0.19374,0.49341,-0.0023195
-0.18524,0.49493,-0.00084415
-0.1767,0.49654,0.0008139
-0.16812,0.49826,0.0026551
-0.1595,0.50007,0.0046769
-0.18543,0.488,0.012755
-0.20997,0.4772,0.0214
-0.23317,0.46761,0.030485
-0.25507,0.45921,0.039941
-0.27573,0.45194,0.049733
-0.29518,0.44579,0.059839
-0.31346,0.44072,0.070245
-0.33061,0.4367,0.080938
-0.34665,0.43372,0.091903
-0.36161,0.43174,0.10313
-0.36763,0.43913,0.074875
-0.37356,0.4466,0.052967
-0.37937,0.45412,0.035721
-0.38509,0.46167,0.02202
-0.39072,0.46922,0.011097
-0.39625,0.47676,0.0024177
-0.40168,0.4843,-0.0043955
-0.40703,0.49181,-0.0096205
-0.41227,0.4993,-0.013461
-0.41743,0.50677,-0.016078
-0.40871,0.49689,-0.010328
-0.4002,0.48731,-0.0015077
-0.39188,0.47799,0.0090478
-0.38373,0.46888,0.020617
-0.37576,0.45997,0.032811
-0.36796,0.45125,0.045413
-0.36031,0.4427,0.058297
-0.35281,0.43433,0.07139
-0.34546,0.42612,0.08464
-0.33825,0.41806,0.098011
-0.33808,0.41514,0.083439
-0.33812,0.41255,0.072297
-0.33835,0.41025,0.063522
-0.33874,0.4082,0.056424
-0.33929,0.40638,0.050535
-0.33998,0.40476,0.045538
-0.3408,0.40333,0.04121
-0.34175,0.40207,0.037394
-0.34282,0.40098,0.033977
-0.344,0.40006,0.030878
-0.33918,0.39875,0.00065833
-0.3345,0.39803,-0.015481
-0.32992,0.39779,-0.02067
-0.3253,0.39765,-0.024897
-0.32048,0.39728,-0.036522
-0.31546,0.3967,-0.054521
-0.31024,0.39593,-0.078132
-0.30482,0.395,-0.10679
-0.2992,0.39391,-0.14002
-0.29337,0.39267,-0.17749
-0.30532,0.3876,-0.11076
-0.3158,0.38256,-0.068146
-0.32496,0.37778,-0.042194
-0.33294,0.37338,-0.028418
-0.3398,0.36946,-0.023977
-0.34572,0.36628,-0.021553
-0.35093,0.36418,-0.013056
-0.35544,0.36311,0.00070532
-0.35924,0.36303,0.019083
-0.36235,0.36391,0.041591
-0.37099,0.37294,0.030136
-0.37969,0.38223,0.02124
-0.38842,0.39174,0.014139
-0.39717,0.40144,0.00832
-0.40594,0.41133,0.0034232
-0.41471,0.42138,-0.00079839
-0.42347,0.4316,-0.0045242
-0.43223,0.44197,-0.0078699
-0.44098,0.45248,-0.010931
-0.44971,0.46315,-0.013767
-0.4164,0.42388,-0.025253
-0.38478,0.38802,-0.029576
-0.35465,0.35525,-0.029081
-0.32573,0.32515,-0.028575
-0.2981,0.29718,-0.030834
-0.27264,0.27027,-0.035251
-0.24933,0.24426,-0.041411
-0.22806,0.21911,-0.049018
-0.20873,0.19476,-0.057851
-0.19124,0.17117,-0.067742
-0.17518,0.15934,-0.057983
-0.16049,0.14829,-0.050257
-0.14705,0.13794,-0.043992
-0.13478,0.12825,-0.03881
-0.12358,0.11916,-0.034445
-0.11337,0.11061,-0.030714
-0.10408,0.10256,-0.027484
-0.095648,0.094968,-0.024657
-0.088001,0.087789,-0.022161
-0.081076,0.080996,-0.019941
-0.072366,0.072567,-0.019668
-0.064125,0.064936,-0.01954
-0.056332,0.058053,-0.019549
-0.048968,0.051872,-0.019685
-0.042011,0.046351,-0.019944
-0.035444,0.04145,-0.020319
-0.029246,0.037132,-0.020807
-0.0234,0.033364,-0.021403
-0.017887,0.030114,-0.022103
-0.012691,0.027355,-0.022904
-0.016001,0.028761,-0.021731
-0.019371,0.030359,-0.020641
-0.022807,0.032154,-0.019628
-0.026312,0.034152,-0.018687
-0.029893,0.036358,-0.017814
-0.033554,0.038778,-0.017004
-0.0373,0.041417,-0.016255
-0.041138,0.04428,-0.015562
-0.045073,0.047374,-0.014925
-0.049109,0.050704,-0.014337
-0.045654,0.047887,-0.013608
-0.042332,0.045308,-0.012801
-0.039133,0.042954,-0.011935
-0.036045,0.040813,-0.011027
-0.03306,0.038873,-0.010094
-0.030167,0.037124,-0.0091495
-0.027359,0.035555,-0.0082077
-0.024627,0.034158,-0.00728
-0.021963,0.032923,-0.0063767
-0.01936,0.031842,-0.0055074
-0.019836,0.032841,-0.0078279
-0.020305,0.033868,-0.010649
-0.020768,0.034926,-0.013953
-0.021226,0.036019,-0.017723
-0.021683,0.037151,-0.021943
-0.02214,0.038325,-0.026598
-0.022598,0.039544,-0.031672
-0.023061,0.040811,-0.037152
-0.023529,0.042129,-0.04302
-0.024005,0.043502,-0.049267
-0.021328,0.044373,-0.050129
-0.018515,0.045419,-0.050995
-0.015565,0.046642,-0.05186
-0.012476,0.048043,-0.052724
-0.0092478,0.049623,-0.053584
-0.0058794,0.051384,-0.054441
-0.0023692,0.053327,-0.05529
0.0012841,0.055454,-0.056134
0.0050821,0.057765,-0.056967
0.0090261,0.060263,-0.057792
0.015679,0.055461,-0.054987
0.021491,0.051467,-0.052373
0.026519,0.048226,-0.049915
0.030816,0.045691,-0.047594
0.034426,0.043822,-0.045385
0.037389,0.042587,-0.043274
0.039738,0.041958,-0.041245
0.041498,0.041917,-0.039288
0.04269,0.042451,-0.037389
0.043706,0.043175,-0.035541
0.044585,0.043743,-0.041515
0.045527,0.04426,-0.047825
0.046529,0.044725,-0.054452
0.047593,0.045139,-0.061382
0.048716,0.045498,-0.068596
0.0499,0.045803,-0.076082
0.051143,0.046051,-0.083824
0.052445,0.046242,-0.091814
0.053807,0.046375,-0.10003
0.055227,0.046447,-0.10848
0.055387,0.043567,-0.077525
0.055739,0.040674,-0.053239
0.056259,0.037767,-0.034455
0.056928,0.034845,-0.020321
0.057733,0.031908,-0.010198
0.058663,0.028959,-0.0036036
0.059708,0.025999,-0.00016901
0.060864,0.023026,0.00053746
0.062151,0.019909,0.0022544
0.06359,0.016594,0.0064085
0.061689,0.015253,0.012742
0.059878,0.013867,0.020965
0.058154,0.012435,0.030894
0.056516,0.010955,0.042383
0.054963,0.009426,0.055304
0.053492,0.0078492,0.069555
0.052105,0.0062253,0.08504
0.050801,0.0045571,0.10169
0.049581,0.0028475,0.11941
0.048445,0.0011075,0.13816
0.050557,0.00032791,0.14862
0.052745,-0.0004617,0.15943
0.055009,-0.0012611,0.17054
0.057349,-0.0020678,0.18198
0.059764,-0.0028866,0.19369
0.062253,-0.0037154,0.2057
0.064815,-0.0045541,0.21797
0.067449,-0.0054001,0.2305
0.070154,-0.0062528,0.24325
0.072926,-0.0071097,0.25623
0.071548,0.0011598,0.22967
0.070676,0.0089618,0.2073
0.070262,0.016369,0.18817
0.070271,0.023439,0.17161
0.070675,0.030216,0.1571
0.071451,0.036737,0.14427
0.072584,0.043032,0.13281
0.074061,0.049127,0.1225
0.075873,0.055041,0.11316
0.078014,0.060794,0.10464
0.077851,0.062423,0.113
0.077865,0.063881,0.12103
0.078056,0.065169,0.12872
0.078416,0.066288,0.13609
0.078944,0.06724,0.14312
0.079638,0.068027,0.14985
0.080491,0.068657,0.15626
0.081248,0.069387,0.16239
0.081797,0.070326,0.16826
0.082139,0.071475,0.17388
0.077493,0.06911,0.14865
0.073124,0.066651,0.1278
0.068993,0.064131,0.11037
0.065069,0.06158,0.095681
0.061331,0.059015,0.083206
0.057761,0.056452,0.072541
0.054345,0.053901,0.063378
0.051072,0.051371,0.055464
0.047934,0.04887,0.048607
0.044923,0.046404,0.042643
0.049328,0.054358,0.045612
0.053627,0.063566,0.048565
0.0578,0.074122,0.051473
0.061822,0.086116,0.054293
0.065669,0.09964,0.056992
0.06932,0.11478,0.059531
0.07275,0.13163,0.06188
0.075939,0.15027,0.064003
0.078867,0.17077,0.065879
0.081517,0.19321,0.067483
0.088776,0.18167,0.055739
0.09507,0.17128,0.045822
0.10046,0.16196,0.037388
0.10501,0.15363,0.03018
0.10877,0.14624,0.024003
0.11178,0.13972,0.018703
0.11408,0.13402,0.014162
0.11571,0.12909,0.010282
0.11671,0.1249,0.0069858
0.11709,0.1214,0.0042069
0.11714,0.12059,0.010375
0.11716,0.11985,0.017605
0.11715,0.11918,0.025648
0.11708,0.11859,0.034306
0.11697,0.11807,0.043438
0.1168,0.11762,0.052929
0.11658,0.11724,0.062696
0.1163,0.11693,0.07267
0.11596,0.11668,0.082804
0.11556,0.1165,0.093059
0.11951,0.12067,0.10144
0.12368,0.12477,0.10971
0.12807,0.1288,0.11787
0.1327,0.13276,0.12589
0.13755,0.13665,0.13376
0.14265,0.14045,0.14149
0.14797,0.14417,0.14906
0.15354,0.1478,0.15647
0.15935,0.15134,0.16371
0.16541,0.15479,0.17078
0.16129,0.15573,0.19548
0.15747,0.15644,0.22014
0.15396,0.15691,0.2447
0.15073,0.15714,0.26914
0.14778,0.15714,0.29342
0.14509,0.15688,0.31754
0.14268,0.15637,0.34147
0.1405,0.15561,0.36522
0.13822,0.15496,0.38873
0.1357,0.15453,0.41201
0.1337,0.14818,0.29761
0.13177,0.14308,0.21312
0.12986,0.13886,0.14971
0.12796,0.13529,0.10184
0.12606,0.13224,0.065837
0.12415,0.12959,0.039166
0.12222,0.12726,0.020028
0.12027,0.12521,0.0070924
0.11831,0.12338,-0.00062507
0.11632,0.12174,-0.0038961
0.12213,0.12598,-0.0041315
0.12793,0.13049,-0.0042903
0.13374,0.13525,-0.0044093
0.13955,0.14028,-0.0046365
0.14536,0.14557,-0.0049883
0.15119,0.15113,-0.0054704
0.15707,0.15692,-0.0060842
0.16318,0.16275,-0.0068231
0.16957,0.16859,-0.0076843
0.17624,0.17445,-0.0086672
0.17741,0.17685,-0.0069867
0.17897,0.17887,-0.0059316
0.18059,0.18083,-0.0053056
0.18185,0.18316,-0.0049803
0.18276,0.18585,-0.0048554
0.18331,0.18892,-0.0047957
0.18352,0.19236,-0.0046675
0.18337,0.19617,-0.0044994
0.18287,0.20035,-0.0043113
0.18203,0.2049,-0.0041168
0.18344,0.20239,-0.0045287
0.18466,0.20011,-0.0044937
0.18569,0.19802,-0.0048376
0.18654,0.19612,-0.0056285
0.18721,0.1944,-0.0068133
0.18771,0.19286,-0.008352
0.18805,0.1915,-0.010211
0.18822,0.1903,-0.012367
0.18824,0.18928,-0.014796
0.1881,0.18841,-0.017482
0.17604,0.1763,-0.022807
0.16462,0.16485,-0.028677
0.15382,0.15401,-0.035003
0.14359,0.14376,-0.041726
0.1339,0.13407,-0.048797
0.12473,0.1249,-0.056183
0.11604,0.11624,-0.063852
0.1078,0.10805,-0.071785
0.10001,0.10031,-0.07996
0.092623,0.093005,-0.088365
0.088124,0.08872,-0.076525
0.083827,0.084628,-0.066525
0.079721,0.080724,-0.057991
0.075794,0.076998,-0.050654
0.072037,0.073445,-0.044298
0.06844,0.070058,-0.03876
0.064994,0.066828,-0.033908
0.061692,0.063751,-0.02964
0.058526,0.060819,-0.025871
0.05549,0.058027,-0.022534
0.049056,0.050535,-0.031806
0.042989,0.043857,-0.041939
0.037259,0.037937,-0.052762
0.031896,0.032665,-0.064164
0.02714,0.027729,-0.076069
0.022993,0.02307,-0.08843
0.019422,0.018666,-0.10122
0.01641,0.014497,-0.11441
0.013939,0.010548,-0.12801
0.011999,0.0068063,-0.142
0.009884,0.005827,-0.11995
0.0080335,0.0049256,-0.10135
0.0064257,0.0041035,-0.085548
0.0050416,0.0033615,-0.072081
0.0038624,0.0026996,-0.060566
0.002871,0.0021171,-0.050706
0.0020509,0.0016129,-0.042258
0.001387,0.0011851,-0.035024
0.00086467,0.000832,-0.028838
0.00047028,0.00055084,-0.023563
0.00066503,0.00098404,-0.029112
0.00094916,0.0014872,-0.035513
0.0013251,0.0020643,-0.042821
0.0017959,0.0027186,-0.051075
0.0023642,0.0034546,-0.060305
0.003021,0.0042875,-0.070524
0.0037565,0.0052333,-0.081728
0.0045753,0.0062922,-0.093905
0.0054818,0.0074657,-0.10702
0.0064804,0.0087536,-0.12105
0.0049967,0.0086942,-0.15821
0.003208,0.0090424,-0.20098
0.0010772,0.0098343,-0.24933
-0.0014322,0.011104,-0.30313
-0.0043568,0.012886,-0.36206
-0.0077306,0.015211,-0.42577
-0.011586,0.018109,-0.49375
-0.015953,0.021607,-0.56558
-0.020859,0.02573,-0.64069
-0.026327,0.030497,-0.7187
-0.024625,0.028058,-0.59849
-0.023133,0.025964,-0.50483
-0.021796,0.024132,-0.42972
-0.02058,0.022506,-0.3683
-0.019461,0.021048,-0.31717
-0.018422,0.019727,-0.27409
-0.017452,0.018524,-0.23738
-0.016541,0.01742,-0.20584
-0.015683,0.016403,-0.17856
-0.014872,0.015461,-0.15483
-0.012994,0.015056,-0.15129
-0.010666,0.015201,-0.14759
-0.0078937,0.015886,-0.14379
-0.0046761,0.017106,-0.13987
-0.0010082,0.018865,-0.13588
0.0031199,0.021169,-0.13182
0.0077226,0.024031,-0.1277
0.012818,0.027467,-0.12352
0.018429,0.031499,-0.11929
0.024579,0.036151,-0.11501
0.022526,0.033858,-0.081971
0.020604,0.031697,-0.05638
0.018807,0.029655,-0.036839
0.017127,0.027721,-0.022276
0.015557,0.025884,-0.011883
0.01409,0.024138,-0.0050168
0.012719,0.022474,-0.001188
0.011436,0.020886,-7.9217e-06
0.010231,0.019371,0.0011647
0.0090952,0.017928,0.0044756
0.0088115,0.019423,0.0072073
0.0084589,0.02102,0.010605
0.008037,0.02272,0.01467
0.007545,0.024525,0.01941
0.0069823,0.026435,0.024819
0.0063484,0.028452,0.030901
0.0056428,0.030576,0.037642
0.0048649,0.032809,0.045043
0.0040144,0.03515,0.053085
0.0030907,0.037601,0.061768
0.0042867,0.03815,0.057351
0.0054971,0.038721,0.053373
0.0067221,0.039314,0.049763
0.0079618,0.039928,0.04648
0.0092163,0.040564,0.043474
0.010486,0.041222,0.040718
0.01177,0.041902,0.038173
0.01307,0.042605,0.035821
0.014385,0.04333,0.033634
0.015715,0.044077,0.031599
0.016484,0.041637,0.022644
0.017105,0.039345,0.015703
0.017594,0.037189,0.010392
0.017965,0.035158,0.0064193
0.018229,0.033244,0.0035567
0.018395,0.031436,0.0016262
0.018473,0.029729,0.00048475
0.018472,0.028116,1.8437e-05
0.018399,0.026591,-0.00013611
0.018263,0.025146,-0.0007507
0.019284,0.026513,0.00020726
0.020336,0.027939,0.0030746
0.021422,0.029441,0.0092678
0.02255,0.031032,0.01874
0.023725,0.032722,0.031461
0.024954,0.034522,0.047403
0.026242,0.03644,0.066523
0.027595,0.038482,0.088762
0.029016,0.040656,0.11403
0.030511,0.042965,0.14222
0.02653,0.037985,0.15969
0.022847,0.033361,0.1775
0.01945,0.029076,0.19558
0.016324,0.025117,0.21394
0.013462,0.021473,0.23252
0.010854,0.018136,0.25134
0.0084963,0.015099,0.27035
0.0063838,0.012357,0.28955
0.0045148,0.0099084,0.3089
0.0028888,0.0077505,0.32842
0.00034749,0.0065182,0.31656
-0.0019027,0.0058091,0.30619
-0.0038718,0.0056064,0.29698
-0.0055681,0.0058961,0.28872
-0.0069984,0.0066688,0.28122
-0.0082959,0.0077898,0.27434
-0.010006,0.0087146,0.26795
-0.012189,0.0093838,0.26198
-0.014848,0.0097985,0.25632
-0.017987,0.0099583,0.25095
-0.02016,0.010776,0.2419
-0.022465,0.011618,0.2343
-0.024905,0.012484,0.22791
-0.027482,0.013373,0.22255
-0.0302,0.014285,0.21809
-0.033062,0.01522,0.21442
-0.036072,0.016176,0.21142
-0.039234,0.017153,0.20904
-0.042552,0.01815,0.2072
-0.046029,0.019166,0.20586
-0.045618,0.020763,0.20067
-0.045243,0.022301,0.19529
-0.044901,0.02378,0.18976
-0.044593,0.025202,0.18412
-0.044316,0.026568,0.17842
-0.04407,0.027878,0.17269
-0.043853,0.029133,0.16694
-0.043666,0.030335,0.1612
-0.043505,0.031485,0.15549
-0.043371,0.032583,0.14983
-0.040796,0.029138,0.14683
-0.038432,0.02586,0.14388
-0.036266,0.022739,0.14099
-0.03429,0.019763,0.13815
-0.032493,0.016923,0.13537
-0.030866,0.014209,0.13264
-0.029401,0.011613,0.12997
-0.02809,0.009126,0.12735
-0.026927,0.0067411,0.12478
-0.025904,0.0044513,0.12226
-0.023069,0.0022378,0.11199
-0.020538,0.00030403,0.10266
-0.018289,-0.0013708,0.094157
-0.016302,-0.002806,0.08637
-0.014557,-0.0040191,0.079228
-0.013036,-0.0050264,0.072652
-0.011724,-0.0058426,0.066592
-0.010606,-0.0064817,0.060988
-0.0096672,-0.0069559,0.05581
-0.0088962,-0.0072768,0.051004
-0.0098714,-0.007362,0.054706
-0.010969,-0.0073494,0.058492
-0.012195,-0.007233,0.062356
-0.013553,-0.0070067,0.066279
-0.015049,-0.0066645,0.070254
-0.016689,-0.0062003,0.074262
-0.018476,-0.0056081,0.078294
-0.020416,-0.0048823,0.082332
-0.022515,-0.0040171,0.086366
-0.024776,-0.003007,0.09038
-0.022487,-0.0011208,0.10812
-0.020362,0.00060327,0.12711
-0.018397,0.0021649,0.1473
-0.016595,0.0035623,0.16864
-0.014957,0.0047923,0.19108
-0.013487,0.0058511,0.21457
-0.012189,0.0067338,0.23907
-0.011069,0.0074347,0.26453
-0.010133,0.007948,0.29089
-0.0093861,0.008267,0.31812
-0.0072674,0.0063441,0.28443
-0.0054717,0.0047277,0.2544
-0.0039728,0.0033904,0.22743
-0.0027468,0.0023073,0.20309
-0.0017723,0.0014559,0.18102
-0.0010298,0.00081517,0.16095
-0.00050117,0.00036601,0.14266
-0.00016995,9.0643e-05,0.12597
-2.1047e-05,-2.7353e-05,0.11072
2.6455e-05,-6.0893e-05,0.096789
-9.1837e-05,-0.00012664,0.11344
-0.00043689,-0.00045131,0.1315
-0.001092,-0.00099971,0.15095
-0.0020815,-0.0017876,0.17174
-0.0034282,-0.0028326,0.1938
-0.0051548,-0.0041526,0.21705
-0.0072836,-0.0057649,0.2414
-0.0098364,-0.0076865,0.26674
-0.012834,-0.0099338,0.29298
-0.016297,-0.012523,0.32001
-0.018517,-0.013933,0.29183
-0.020853,-0.015403,0.2668
-0.023305,-0.016932,0.24437
-0.025872,-0.018522,0.22414
-0.028556,-0.020173,0.20574
-0.031356,-0.021885,0.18895
-0.034274,-0.023662,0.17353
-0.037312,-0.025502,0.15932
-0.040472,-0.027408,0.14619
-0.043755,-0.029382,0.134
-0.046033,-0.028701,0.11514
-0.048413,-0.027896,0.098477
-0.050895,-0.026972,0.083727
-0.053484,-0.025933,0.070657
-0.056184,-0.024781,0.059088
-0.058999,-0.023517,0.048861
-0.061935,-0.022143,0.039858
-0.064996,-0.02066,0.031967
-0.068187,-0.019067,0.025106
-0.071514,-0.017363,0.019196
-0.076125,-0.024025,0.0091336
-0.081104,-0.031024,0.0028823
-0.086462,-0.038378,0.00015687
-0.09221,-0.046101,-0.00075565
-0.09836,-0.054206,-0.004447
-0.10493,-0.062706,-0.011087
-0.11192,-0.071614,-0.020528
-0.11935,-0.08094,-0.032647
-0.12722,-0.090694,-0.047313
-0.13556,-0.10088,-0.06442
-0.13568,-0.096097,-0.048803
-0.13601,-0.09121,-0.0365
-0.13653,-0.086219,-0.026784
-0.13725,-0.08112,-0.019139
-0.13815,-0.075907,-0.013169
-0.13923,-0.07058,-0.0085849
-0.1405,-0.065134,-0.0051598
-0.14194,-0.059567,-0.0027229
-0.14356,-0.053877,-0.0011378
-0.14535,-0.048062,-0.00029979
-0.15438,-0.052295,-0.00070626
-0.16377,-0.056731,-0.0013033
-0.17351,-0.061374,-0.0020738
-0.18362,-0.066226,-0.0030039
-0.19409,-0.071292,-0.0040799
-0.20494,-0.076573,-0.0052919
-0.21614,-0.082072,-0.0066289
-0.22772,-0.087792,-0.0080837
-0.23966,-0.093734,-0.0096474
-0.25197,-0.0999,-0.011315
-0.24197,-0.10335,-0.012335
-0.23243,-0.10648,-0.013644
-0.22334,-0.1093,-0.015221
-0.21467,-0.11182,-0.01706
-0.20641,-0.11405,-0.019153
-0.19854,-0.11601,-0.0215
-0.19105,-0.11769,-0.024096
-0.18393,-0.11912,-0.026944
-0.17716,-0.12029,-0.030041
-0.17073,-0.12122,-0.033391
-0.16027,-0.11409,-0.018804
-0.1505,-0.10737,-0.0090343
-0.14135,-0.10102,-0.0032041
-0.13276,-0.095012,-0.00067691
-0.12469,-0.089324,3.1629e-05
-0.11709,-0.083938,0.0028225
-0.10993,-0.078833,0.0078043
-0.10318,-0.073988,0.01476
-0.096804,-0.069386,0.023516
-0.090769,-0.065009,0.033934
-0.097469,-0.069935,0.021181
-0.10445,-0.075068,0.011808
-0.11172,-0.080416,0.0053216
-0.11929,-0.085982,0.0013205
-0.12718,-0.091773,-0.00052919
-0.13538,-0.09779,-0.0010431
-0.1439,-0.10403,-0.00284
-0.15274,-0.1105,-0.0060615
-0.16191,-0.1172,-0.010526
-0.17141,-0.12413,-0.016076
-0.17044,-0.12283,-0.019126
-0.16947,-0.12153,-0.022475
-0.16851,-0.12023,-0.026114
-0.16754,-0.11893,-0.030036
-0.16658,-0.11764,-0.034229
-0.16561,-0.11634,-0.038685
-0.16464,-0.11505,-0.043392
-0.16368,-0.11375,-0.04834
-0.16271,-0.11246,-0.053518
-0.16174,-0.11117,-0.058916
-0.1665,-0.11995,-0.059016
-0.17152,-0.12882,-0.059241
-0.17679,-0.13777,-0.059564
-0.18231,-0.14681,-0.059969
-0.18809,-0.15593,-0.060437
-0.19412,-0.16514,-0.060955
-0.2004,-0.17443,-0.061509
-0.20694,-0.18381,-0.06209
-0.21373,-0.19328,-0.062685
-0.22077,-0.20284,-0.06329
-0.22256,-0.20487,-0.090465
-0.22432,-0.20691,-0.11993
-0.22607,-0.20894,-0.15101
-0.22781,-0.21098,-0.18323
-0.22952,-0.21302,-0.21625
-0.23123,-0.21506,-0.24981
-0.23291,-0.21711,-0.28373
-0.23458,-0.21915,-0.31789
-0.23623,-0.22119,-0.35215
-0.23786,-0.22322,-0.38648
-0.23675,-0.21026,-0.32176
-0.23732,-0.19636,-0.27194
-0.23947,-0.1815,-0.23242
-0.24312,-0.16566,-0.20035
-0.24821,-0.14881,-0.1738
-0.25467,-0.13092,-0.15146
-0.26248,-0.11197,-0.1324
-0.27159,-0.091945,-0.11596
-0.28199,-0.070811,-0.10164
-0.29366,-0.048554,-0.089091
-0.27009,-0.068075,-0.1373
-0.24878,-0.085169,-0.18824
-0.22961,-0.099995,-0.24039
-0.21247,-0.11268,-0.29295
-0.19727,-0.12334,-0.34546
-0.18393,-0.13206,-0.39774
-0.17238,-0.13891,-0.44963
-0.16259,-0.14395,-0.50111
-0.15449,-0.14723,-0.5521
-0.14806,-0.1488,-0.60262
-0.15692,-0.15459,-0.49264
-0.16556,-0.16005,-0.40812
-0.1741,-0.16523,-0.3413
-0.18264,-0.1702,-0.28739
-0.19122,-0.17499,-0.24314
-0.1999,-0.17963,-0.20635
-0.20871,-0.18414,-0.17543
-0.21766,-0.18853,-0.14923
-0.22677,-0.19282,-0.12691
-0.23607,-0.19701,-0.1078
-0.24624,-0.20634,-0.1064
-0.25666,-0.2159,-0.10397
-0.26733,-0.22569,-0.10075
-0.27823,-0.23571,-0.096937
-0.28937,-0.24594,-0.092718
-0.30073,-0.25639,-0.088233
-0.31232,-0.26706,-0.083622
-0.32413,-0.27794,-0.078973
-0.33615,-0.28902,-0.074379
-0.34838,-0.30032,-0.069891
-0.35219,-0.31125,-0.09196
-0.35632,-0.32198,-0.1143
-0.3608,-0.33252,-0.13653
-0.36561,-0.34285,-0.15844
-0.37077,-0.353,-0.17995
-0.37626,-0.36296,-0.20104
-0.38209,-0.37272,-0.22173
-0.38825,-0.38231,-0.24205
-0.39473,-0.39171,-0.26203
-0.40153,-0.40092,-0.2817
-0.38499,-0.38726,-0.33687
-0.36923,-0.37345,-0.39131
-0.35423,-0.35952,-0.445
-0.33955,-0.34586,-0.49801
-0.32479,-0.33287,-0.55038
-0.30996,-0.32051,-0.6022
-0.29508,-0.30875,-0.65346
-0.28014,-0.29756,-0.70424
-0.26518,-0.28693,-0.75445
-0.25019,-0.27683,-0.80418
-0.26282,-0.28579,-0.73351
-0.275,-0.29478,-0.6781
-0.28687,-0.30388,-0.63317
-0.29854,-0.31311,-0.59581
-0.31007,-0.3225,-0.5639
-0.32151,-0.33205,-0.53611
-0.33288,-0.34179,-0.51142
-0.34422,-0.35172,-0.48917
-0.35553,-0.36183,-0.46884
-0.36684,-0.37213,-0.45007
-0.34564,-0.34969,-0.4128
-0.32531,-0.32858,-0.38053
-0.30587,-0.30871,-0.35215
-0.28751,-0.28976,-0.32687
-0.27023,-0.27163,-0.30417
-0.25396,-0.25429,-0.28361
-0.23865,-0.23769,-0.26491
-0.22425,-0.22182,-0.2478
-0.2107,-0.20663,-0.23209
-0.19797,-0.1921,-0.21762
-0.20219,-0.19352,-0.19457
-0.20653,-0.19471,-0.17426
-0.21098,-0.19571,-0.15627
-0.21556,-0.19651,-0.14021
-0.22026,-0.19713,-0.12583
-0.22509,-0.19757,-0.11288
-0.23004,-0.19784,-0.10122
-0.23513,-0.19795,-0.090681
-0.24035,-0.19789,-0.081168
-0.2457,-0.19768,-0.072561
-0.232,-0.19789,-0.084363
-0.21981,-0.19699,-0.095508
-0.20902,-0.19506,-0.10606
-0.19955,-0.19215,-0.11606
-0.19131,-0.18833,-0.12562
-0.18424,-0.18363,-0.13477
-0.17822,-0.17816,-0.1436
-0.17194,-0.17321,-0.15215
-0.16489,-0.16926,-0.16046
-0.1571,-0.16628,-0.16857
-0.16622,-0.17319,-0.19519
-0.17551,-0.18051,-0.22188
-0.18497,-0.18826,-0.24847
-0.1946,-0.19643,-0.27484
-0.2044,-0.20504,-0.3009
-0.21437,-0.2141,-0.32659
-0.2245,-0.22361,-0.35188
-0.2348,-0.23357,-0.37675
-0.24536,-0.24388,-0.40118
-0.25635,-0.25436,-0.42518
-0.25776,-0.25465,-0.39205
-0.25932,-0.25442,-0.36489
-0.26106,-0.25373,-0.34205
-0.26299,-0.25265,-0.32246
-0.2651,-0.25122,-0.30531
-0.26741,-0.24946,-0.29006
-0.2699,-0.2474,-0.27629
-0.27258,-0.24507,-0.26371
-0.27544,-0.24249,-0.25209
-0.27847,-0.23967,-0.24125
-0.27691,-0.23855,-0.19759
-0.2753,-0.23727,-0.16243
-0.27368,-0.23588,-0.13372
-0.27207,-0.23442,-0.11
-0.27049,-0.2329,-0.090292
-0.26894,-0.23135,-0.073836
-0.26744,-0.22978,-0.060097
-0.26598,-0.22818,-0.048642
-0.26456,-0.22658,-0.039158
-0.26319,-0.22497,-0.031372
-0.25889,-0.22666,-0.038944
-0.25484,-0.22802,-0.046827
-0.25103,-0.22907,-0.054915
-0.24745,-0.22981,-0.063131
-0.24411,-0.23026,-0.071468
-0.241,-0.23043,-0.079914
-0.23812,-0.23031,-0.088494
-0.23545,-0.22993,-0.097214
-0.23301,-0.22928,-0.1061
-0.23077,-0.22837,-0.11517
-0.2377,-0.23653,-0.098152
-0.24503,-0.24435,-0.083652
-0.25246,-0.25217,-0.071238
-0.2596,-0.26039,-0.060571
-0.26649,-0.26901,-0.051398
-0.27312,-0.27803,-0.043511
-0.27951,-0.28745,-0.036761
-0.28566,-0.29727,-0.031014
-0.29159,-0.30749,-0.026177
-0.29729,-0.3181,-0.022161
-0.29789,-0.31559,-0.036956
-0.29834,-0.31315,-0.055845
-0.29866,-0.31079,-0.077654
-0.29887,-0.30854,-0.10162
-0.29898,-0.3064,-0.12724
-0.29899,-0.30437,-0.15421
-0.2989,-0.30245,-0.18229
-0.29874,-0.30065,-0.21135
-0.29848,-0.29897,-0.24127
-0.29815,-0.2974,-0.27198
-0.29861,-0.29919,-0.27756
-0.29891,-0.30122,-0.28221
-0.29905,-0.30348,-0.28595
-0.29904,-0.30597,-0.28889
-0.29888,-0.30867,-0.29101
-0.29858,-0.31159,-0.29241
-0.29813,-0.31471,-0.29309
-0.29755,-0.31803,-0.29311
-0.29683,-0.32155,-0.29248
-0.29599,-0.32525,-0.29123
-0.30714,-0.33303,-0.21003
-0.31787,-0.34059,-0.15126
-0.32828,-0.34805,-0.108
-0.33845,-0.3555,-0.075939
-0.34844,-0.36298,-0.05221
-0.35829,-0.37053,-0.034867
-0.36803,-0.37818,-0.022551
-0.37767,-0.38594,-0.014273
-0.38723,-0.39382,-0.0093108
-0.39673,-0.40183,-0.0071077
-0.3934,-0.39838,-0.0074762
-0.39017,-0.39503,-0.0079215
-0.38704,-0.39179,-0.00827
-0.38401,-0.38864,-0.0084705
-0.38108,-0.38558,-0.0085273
-0.37824,-0.38262,-0.0084671
-0.3755,-0.37974,-0.0083189
-0.37284,-0.37695,-0.0081191
-0.37026,-0.37424,-0.0078863
-0.36776,-0.37161,-0.0076334
-0.34258,-0.34825,-0.0075754
-0.31852,-0.32633,-0.0076123
-0.29552,-0.30578,-0.0077412
-0.27353,-0.28652,-0.0079612
-0.2525,-0.26849,-0.0082717
-0.23237,-0.25164,-0.0086726
-0.2131,-0.2359,-0.0091646
-0.19465,-0.22122,-0.0097476
-0.17697,-0.20756,-0.010423
-0.16003,-0.19487,-0.011192
-0.14782,-0.18505,-0.0084543
-0.13619,-0.17583,-0.0062865
-0.12513,-0.16716,-0.0046092
-0.1146,-0.159,-0.0033606
-0.10456,-0.15134,-0.0024933
-0.095002,-0.14414,-0.0019689
-0.085891,-0.13738,-0.0017528
-0.077209,-0.13104,-0.0014833
-0.068934,-0.12509,-0.00095423
-0.061045,-0.11951,-0.00018232
-0.06792,-0.12563,0.0015196
-0.075088,-0.13206,0.0039356
-0.082556,-0.13879,0.0070262
-0.090332,-0.14583,0.010758
-0.098422,-0.15319,0.0151
-0.10683,-0.16088,0.020026
-0.11557,-0.16889,0.025508
-0.12464,-0.17724,0.031527
-0.13404,-0.18592,0.03806
-0.14378,-0.19494,0.045089
-0.12617,-0.1946,0.046273
-0.10767,-0.19575,0.047238
-0.088274,-0.19836,0.048003
-0.067949,-0.20241,0.048588
-0.046682,-0.20787,0.049005
-0.024454,-0.21473,0.049269
-0.0012476,-0.223,0.049388
0.022954,-0.23266,0.049372
0.048165,-0.24372,0.049225
0.074396,-0.25619,0.048956
0.080943,-0.24513,0.044362
0.086869,-0.23466,0.041241
0.092209,-0.22474,0.039188
0.096993,-0.21536,0.037935
0.10125,-0.20647,0.037299
0.105,-0.19805,0.037154
0.10828,-0.19009,0.037411
0.1111,-0.18256,0.038006
0.11349,-0.17545,0.038893
0.11546,-0.16873,0.04004
0.12408,-0.17416,0.034218
0.13281,-0.17979,0.028711
0.14165,-0.18562,0.023575
0.1506,-0.19167,0.018856
0.15965,-0.19791,0.014595
0.16882,-0.20437,0.010821
0.17809,-0.21103,0.0075636
0.18747,-0.2179,0.0048423
0.19695,-0.22497,0.0026758
0.20653,-0.23225,0.0010771
0.1937,-0.22385,-0.00069738
0.18134,-0.21619,-0.0050009
0.1694,-0.20916,-0.013443
0.1578,-0.20272,-0.025158
0.14651,-0.19683,-0.039524
0.13547,-0.19144,-0.056096
0.12466,-0.18653,-0.074528
0.11403,-0.18206,-0.094574
0.10355,-0.17802,-0.11603
0.093217,-0.17438,-0.13873
0.086791,-0.16405,-0.12897
0.080658,-0.15417,-0.12101
0.074806,-0.14473,-0.11437
0.069219,-0.13572,-0.10873
0.063889,-0.12711,-0.10384
0.058803,-0.1189,-0.099534
0.053955,-0.11107,-0.095665
0.049335,-0.1036,-0.092148
0.044937,-0.096493,-0.088901
0.040755,-0.089723,-0.085876
0.037793,-0.083512,-0.062828
0.035161,-0.077704,-0.045325
0.032814,-0.072269,-0.032023
0.030711,-0.067177,-0.021964
0.028822,-0.062405,-0.014448
0.027119,-0.057931,-0.0089478
0.025578,-0.053734,-0.0050653
0.02418,-0.049797,-0.0024905
0.022907,-0.046103,-0.00098161
0.021743,-0.042638,-0.0003456
0.016747,-0.042941,-0.00046732
0.011544,-0.043633,-0.00064854
0.0061246,-0.044715,-0.00088062
0.00047914,-0.046189,-0.0011561
-0.0054023,-0.048059,-0.0014693
-0.01153,-0.05033,-0.0018149
-0.017913,-0.05301,-0.0021887
-0.02456,-0.056109,-0.0025863
-0.031482,-0.059638,-0.0030047
-0.038687,-0.063607,-0.0034399
-0.041023,-0.06089,-0.00069439
-0.043015,-0.058472,5.3931e-06
-0.044684,-0.056363,0.0026454
-0.046049,-0.054551,0.0076852
-0.047127,-0.053022,0.015003
-0.04793,-0.051769,0.024502
-0.048465,-0.050787,0.036107
-0.048737,-0.050074,0.049758
-0.048744,-0.049634,0.065401
-0.048503,-0.049454,0.082996
-0.048233,-0.049002,0.066933
-0.047946,-0.048554,0.05337
-0.047644,-0.048107,0.041919
-0.047327,-0.047661,0.032289
-0.046997,-0.047215,0.024242
-0.046654,-0.04677,0.017592
-0.046301,-0.046325,0.012186
-0.045937,-0.045881,0.0078985
-0.045563,-0.045437,0.0046275
-0.045181,-0.044995,0.0022874
-0.046227,-0.045548,0.0014602
-0.047411,-0.04597,0.0008553
-0.048733,-0.046259,0.00044856
-0.050192,-0.046411,0.00021903
-0.051787,-0.046424,0.00014867
-0.053519,-0.046294,0.0001318
-0.055388,-0.046018,-5.133e-06
-0.057396,-0.045593,-0.00025454
-0.059541,-0.045016,-0.00060537
-0.061825,-0.044286,-0.001048
-0.058245,-0.042395,-0.0010604
-0.054789,-0.040539,-0.0010883
-0.051456,-0.038719,-0.0011291
-0.048245,-0.036935,-0.0011811
-0.045155,-0.035185,-0.0012428
-0.042186,-0.033469,-0.001313
-0.039336,-0.031787,-0.0013906
-0.036605,-0.030139,-0.0014748
-0.033992,-0.028524,-0.0015647
-0.031496,-0.026942,-0.0016598
-0.03408,-0.029796,-0.0020597
-0.036822,-0.032799,-0.0024881
-0.039724,-0.035957,-0.0029401
-0.04279,-0.039271,-0.0034113
-0.046024,-0.042746,-0.0038959
-0.049429,-0.046385,-0.0043891
-0.053009,-0.05019,-0.0048856
-0.056766,-0.054166,-0.005381
-0.060704,-0.058313,-0.0058704
-0.064825,-0.062636,-0.0063501
-0.062397,-0.05921,-0.0042358
-0.060196,-0.055805,-0.0026638
-0.05821,-0.052416,-0.0015169
-0.05643,-0.049035,-0.00070557
-0.054847,-0.04566,-0.00015985
-0.053453,-0.042283,0.00017441
-0.052241,-0.038902,0.00034012
-0.051203,-0.035511,0.00037844
-0.050334,-0.032107,0.00046021
-0.049626,-0.028686,0.00063026
-0.046034,-0.027102,0.008022
-0.042537,-0.025608,0.024682
-0.0391,-0.024179,0.049698
-0.035698,-0.022797,0.082572
-0.032314,-0.021446,0.12302
-0.028941,-0.020118,0.17088
-0.02558,-0.018805,0.22594
-0.022243,-0.017504,0.28799
-0.018945,-0.016214,0.35669
-0.015706,-0.014934,0.43171
-0.013574,-0.015189,0.36087
-0.012086,-0.014799,0.30506
-0.011186,-0.013847,0.25997
-0.010169,-0.013051,0.22287
-0.0086202,-0.012837,0.1918
-0.0065971,-0.013153,0.16545
-0.0041438,-0.01396,0.1428
-0.0012921,-0.015231,0.12315
0.0019373,-0.016946,0.10594
0.0055326,-0.019095,0.090766
0.0084822,-0.019403,0.087874
0.011384,-0.019946,0.084887
0.014241,-0.020724,0.081829
0.017056,-0.021739,0.078713
0.019832,-0.022993,0.075558
0.022574,-0.02449,0.072372
0.025286,-0.026235,0.069171
0.027972,-0.028231,0.06596
0.030637,-0.030486,0.062754
0.033286,-0.033005,0.059555
0.030308,-0.030004,0.070223
0.027474,-0.027183,0.081482
0.024774,-0.024535,0.093311
0.022201,-0.022053,0.10568
0.019749,-0.019731,0.11858
0.017413,-0.017564,0.13199
0.015189,-0.015549,0.14588
0.013074,-0.013683,0.16024
0.011067,-0.011964,0.17505
0.0091667,-0.010391,0.1903
0.0066043,-0.0081753,0.18117
0.0044088,-0.0063421,0.17318
0.0025515,-0.0048633,0.16614
0.0010073,-0.0037147,0.15989
-0.00024515,-0.0028755,0.15429
-0.0012239,-0.0023283,0.14925
-0.0019438,-0.0020585,0.14465
-0.0024169,-0.0020542,0.14045
-0.002745,-0.0022139,0.13657
-0.0032852,-0.0021807,0.13296
-0.003775,-0.00253,0.15009
-0.0043379,-0.0029368,0.16815
-0.0049799,-0.0034068,0.18703
-0.0057063,-0.0039453,0.20664
-0.0065226,-0.004558,0.22686
-0.0074337,-0.0052503,0.2476
-0.0084442,-0.0060275,0.26874
-0.0095586,-0.0068946,0.2902
-0.010781,-0.0078567,0.31187
-0.012115,-0.0089182,0.33369
-0.012267,-0.0080952,0.31095
-0.012635,-0.0071171,0.29084
-0.013204,-0.0059937,0.27283
-0.013956,-0.0047325,0.25659
-0.014881,-0.0033392,0.24181
-0.015967,-0.0018181,0.22828
-0.017208,-0.00017237,0.2158
-0.018595,0.001596,0.20424
-0.020125,0.0034861,0.19346
-0.021793,0.0054974,0.18338
-0.023619,0.005184,0.16176
-0.025508,0.0048467,0.14267
-0.027462,0.004485,0.12573
-0.02948,0.0040982,0.11061
-0.031565,0.0036856,0.097073
-0.03372,0.0032464,0.084918
-0.035946,0.0027796,0.073988
-0.038246,0.0022843,0.06414
-0.040624,0.0017592,0.055276
-0.043083,0.0012031,0.04729
-0.041714,0.00051042,0.045281
-0.040382,-0.00013809,0.043028
-0.039088,-0.00074366,0.040594
-0.037829,-0.0013075,0.038018
-0.036605,-0.0018309,0.035352
-0.035415,-0.0023152,0.032626
-0.034258,-0.0027618,0.029884
-0.033133,-0.0031719,0.02715
-0.032039,-0.0035469,0.024457
-0.030976,-0.0038882,0.021824
-0.034093,-0.0023337,0.015587
-0.037442,-0.00056061,0.01045
-0.04103,0.0014462,0.0063525
-0.044866,0.0037024,0.0032438
-0.048961,0.0062236,0.0010861
-0.053324,0.0090253,-0.00015701
-0.057966,0.012122,-0.00053627
-0.062888,0.015523,-0.0011522
-0.068095,0.019237,-0.0025996
-0.073597,0.023279,-0.0048496
-0.074003,0.030279,-0.0044039
-0.074767,0.037167,-0.0040126
-0.075891,0.043948,-0.0036674
-0.077373,0.050629,-0.0033641
-0.079215,0.057215,-0.003097
-0.08142,0.063708,-0.0028634
-0.083992,0.070113,-0.0026597
-0.086934,0.076433,-0.002484
-0.090253,0.082668,-0.0023336
-0.093952,0.088821,-0.0022074
-0.09309,0.086258,-0.001568
-0.092392,0.083637,-0.0012682
-0.091852,0.080954,-0.0011913
-0.091467,0.078212,-0.0010365
-0.091232,0.075406,-0.00076583
-0.091143,0.072537,-0.00041957
-0.091196,0.069601,-2.7577e-05
-0.091387,0.066598,0.0003875
-0.091713,0.063525,0.00080934
-0.092172,0.06038,0.0012254
-0.091815,0.058936,-0.00014235
-0.091474,0.057501,-0.00085379
-0.091147,0.056075,-0.0010425
-0.090831,0.054653,-0.0012505
-0.090522,0.053234,-0.0017953
-0.090221,0.051818,-0.0026103
-0.089929,0.050405,-0.0036419
-0.089647,0.048996,-0.004847
-0.089374,0.04759,-0.0061903
-0.089111,0.046187,-0.0076436
-0.09546,0.044631,-0.0053729
-0.10224,0.042763,-0.0036681
-0.10946,0.040575,-0.0024587
-0.11714,0.038061,-0.0016829
-0.12528,0.035212,-0.0012854
-0.1339,0.03202,-0.0012134
-0.14302,0.028481,-0.0010919
-0.15263,0.024588,-0.00072517
-0.16276,0.020334,-0.00014625
-0.17342,0.015713,0.00061603
-0.15995,0.017591,0.0006115
-0.14733,0.019243,0.00063849
-0.13552,0.020677,0.00068831
-0.12447,0.021904,0.00075492
-0.11414,0.02293,0.0008341
-0.1045,0.023766,0.0009229
-0.095507,0.02442,0.0010192
-0.087126,0.024901,0.0011214
-0.079327,0.025217,0.0012285
-0.072082,0.025377,0.0013396
-0.069859,0.022307,0.00045297
-0.067765,0.019361,-0.00011979
-0.065793,0.016533,-0.00043515
-0.063937,0.013815,-0.00053803
-0.06219,0.011202,-0.00056504
-0.060545,0.0086874,-0.00073389
-0.058999,0.0062668,-0.0010285
-0.057546,0.0039358,-0.0014291
-0.056183,0.0016905,-0.0019195
-0.054906,-0.00047285,-0.002486
-0.054332,-0.003891,-0.0037258
-0.0539,-0.0072225,-0.0052181
-0.053607,-0.010475,-0.0069446
-0.053446,-0.013654,-0.0088893
-0.053413,-0.016767,-0.011039
-0.053504,-0.019817,-0.01338
-0.053718,-0.022809,-0.015904
-0.054051,-0.025748,-0.0186
-0.054501,-0.028635,-0.02146
-0.055068,-0.031474,-0.024477
-0.058966,-0.037367,-0.026298
-0.063312,-0.043482,-0.028143
-0.068125,-0.049831,-0.030008
-0.073422,-0.056428,-0.03189
-0.079222,-0.063285,-0.033783
-0.085542,-0.070415,-0.035685
-0.092401,-0.07783,-0.03759
-0.099815,-0.085542,-0.039496
-0.1078,-0.093562,-0.041398
-0.11638,-0.1019,-0.043294
-0.12465,-0.1092,-0.035072
-0.13327,-0.11676,-0.028223
-0.14224,-0.12458,-0.02253
-0.15159,-0.13267,-0.017818
-0.16131,-0.14103,-0.013937
-0.17142,-0.14966,-0.010764
-0.18191,-0.15857,-0.0081934
-0.1928,-0.16776,-0.0061379
-0.20409,-0.17723,-0.004523
-0.21578,-0.18699,-0.0032861
-0.21744,-0.18757,-0.0054034
-0.21921,-0.18803,-0.0077904
-0.22106,-0.18837,-0.010302
-0.22301,-0.18858,-0.012845
-0.22504,-0.18868,-0.015358
-0.22717,-0.18865,-0.017806
-0.22939,-0.18851,-0.020163
-0.23169,-0.18825,-0.022417
-0.23408,-0.18787,-0.024563
-0.23656,-0.18737,-0.026599
-0.22067,-0.17902,-0.012715
-0.2064,-0.17044,-0.0048794
-0.1936,-0.16162,-0.0014411
-0.18216,-0.15255,-0.00068809
-0.17151,-0.14378,0.0017928
-0.1608,-0.13623,0.0063075
-0.14998,-0.12984,0.012483
-0.13905,-0.12454,0.020047
-0.12798,-0.12028,0.028798
-0.11675,-0.11699,0.038582
-0.11907,-0.11599,0.025994
-0.1213,-0.11512,0.016572
-0.12345,-0.11439,0.0096577
-0.1255,-0.11379,0.004766
-0.12747,-0.11331,0.0015288
-0.12936,-0.11294,-0.00033496
-0.13116,-0.1127,-0.0010434
-0.13288,-0.11256,-0.0014254
-0.13451,-0.11253,-0.0026332
-0.13604,-0.11261,-0.0045813
-0.13347,-0.11298,-0.003799
-0.13043,-0.11394,-0.0031374
-0.12693,-0.11548,-0.0025869
-0.12298,-0.11759,-0.0021403
-0.11859,-0.12026,-0.0017921
-0.11375,-0.12349,-0.0015384
-0.10849,-0.12728,-0.0013763
-0.10279,-0.13164,-0.0013038
-0.09665,-0.13656,-0.0012993
-0.090083,-0.14205,-0.0012343
-0.096012,-0.14529,-0.0012818
-0.10204,-0.14861,-0.0013457
-0.10816,-0.15201,-0.0014317
-0.11438,-0.15548,-0.0015411
-0.1207,-0.15903,-0.0016726
-0.12711,-0.16266,-0.001823
-0.13362,-0.16636,-0.0019877
-0.14023,-0.17014,-0.002162
-0.14693,-0.174,-0.0023406
-0.15373,-0.17794,-0.0025183
-0.14484,-0.17546,-0.0022521
-0.13601,-0.17318,-0.0017698
-0.12723,-0.1711,-0.0010918
-0.11851,-0.16922,-0.00023474
-0.10984,-0.16753,0.00078751
-0.10123,-0.16603,0.0019632
-0.092689,-0.16472,0.0032824
-0.084205,-0.1636,0.0047364
-0.075785,-0.16267,0.0063175
-0.06743,-0.16193,0.008019
-0.063152,-0.16469,0.0087278
-0.058799,-0.16758,0.0094315
-0.054368,-0.17059,0.010129
-0.049859,-0.17372,0.010818
-0.045274,-0.17697,0.011498
-0.040611,-0.18035,0.012168
-0.03587,-0.18385,0.012826
-0.031052,-0.18747,0.013471
-0.026156,-0.19121,0.014102
-0.021182,-0.19508,0.014719
-0.036804,-0.16165,0.0064752
-0.048892,-0.13375,0.0016277
-0.057879,-0.11071,-0.00093117
-0.064131,-0.091993,-0.0019031
-0.067962,-0.077094,-0.0019734
-0.069625,-0.065586,-0.0026522
-0.069337,-0.057122,-0.0039928
-0.067266,-0.051426,-0.0058545
-0.063873,-0.047837,-0.0081408
-0.061806,-0.042791,-0.010757
-0.060778,-0.04305,-0.021254
-0.05983,-0.043083,-0.035311
-0.058959,-0.042888,-0.052765
-0.058166,-0.042462,-0.073487
-0.057449,-0.041804,-0.09736
-0.056795,-0.040931,-0.12428
-0.056037,-0.040062,-0.15415
-0.055129,-0.039258,-0.18688
-0.054073,-0.038521,-0.22235
-0.05287,-0.037851,-0.26049
-0.050418,-0.034177,-0.24421
-0.047395,-0.031558,-0.23053
-0.045139,-0.028185,-0.21876
-0.043856,-0.023761,-0.2085
-0.043514,-0.018311,-0.19937
-0.044089,-0.011847,-0.19115
-0.045567,-0.00437,-0.18364
-0.047943,0.0041265,-0.1767
-0.05122,0.013659,-0.17021
-0.055405,0.024248,-0.16409
-0.057897,0.024974,-0.17664
-0.060475,0.025717,-0.18908
-0.063136,0.026475,-0.20137
-0.06588,0.027245,-0.21349
-0.068706,0.02803,-0.22541
-0.071612,0.028825,-0.23714
-0.074599,0.029629,-0.24864
-0.077664,0.030441,-0.25992
-0.080806,0.031258,-0.27096
-0.084024,0.032076,-0.28179
-0.082462,0.028973,-0.32834
-0.080983,0.025925,-0.37602
-0.079593,0.022929,-0.42452
-0.078297,0.019983,-0.47365
-0.077099,0.017084,-0.52319
-0.076002,0.014233,-0.57306
-0.07501,0.011428,-0.62305
-0.074124,0.0086716,-0.67317
-0.073348,0.0059618,-0.72323
-0.072681,0.0033006,-0.7733
-0.072458,0.013107,-0.78163
-0.072873,0.023383,-0.79195
-0.073922,0.034119,-0.80358
-0.075601,0.045311,-0.81636
-0.077909,0.056952,-0.82979
-0.080844,0.06904,-0.8438
-0.084406,0.081569,-0.85801
-0.088596,0.094538,-0.87242
-0.093414,0.10794,-0.88671
-0.098862,0.12178,-0.90093
-0.087434,0.10847,-0.82166
-0.076952,0.096479,-0.75765
-0.067352,0.085621,-0.70452
-0.058573,0.075761,-0.65959
-0.050565,0.066794,-0.62092
-0.043279,0.058634,-0.58718
-0.036675,0.05121,-0.55744
-0.030712,0.044461,-0.53093
-0.025357,0.038337,-0.50716
-0.020579,0.032789,-0.48564
-0.021682,0.03183,-0.52002
-0.023053,0.030598,-0.55306
-0.024696,0.029094,-0.58476
-0.026613,0.027317,-0.61505
-0.028808,0.025269,-0.64395
-0.031282,0.022949,-0.6715
-0.034037,0.02036,-0.69775
-0.037073,0.017504,-0.72279
-0.04039,0.014382,-0.74665
-0.043988,0.010995,-0.76946
-0.04133,-0.00029621,-0.75655
-0.039931,-0.010093,-0.7462
-0.039743,-0.018484,-0.73774
-0.040728,-0.025546,-0.73077
-0.04286,-0.031335,-0.72489
-0.04612,-0.0359,-0.71986
-0.049941,-0.04002,-0.71541
-0.053,-0.045478,-0.7114
-0.055246,-0.052339,-0.70764
-0.056686,-0.060598,-0.70402
-0.045275,-0.051405,-0.68124
-0.035252,-0.04325,-0.66142
-0.026533,-0.036081,-0.64397
-0.019045,-0.029849,-0.62845
-0.012721,-0.024512,-0.61454
-0.0075007,-0.020029,-0.60193
-0.0033302,-0.016368,-0.59044
-0.00016185,-0.013497,-0.57986
0.0020469,-0.01139,-0.57008
0.0033319,-0.010024,-0.56092
0.0029153,-0.010502,-0.53524
0.0024523,-0.011012,-0.51055
0.0019413,-0.011559,-0.48681
0.0013804,-0.012144,-0.46394
0.00076806,-0.01277,-0.44195
0.0001028,-0.013441,-0.42074
-0.00061657,-0.014158,-0.40032
-0.0013916,-0.014925,-0.38061
-0.0022229,-0.015744,-0.36163
-0.0031118,-0.016617,-0.34329
-0.0060866,-0.018961,-0.3426
-0.0095303,-0.021699,-0.34237
-0.013454,-0.024843,-0.34257
-0.017872,-0.028401,-0.34309
-0.022797,-0.032389,-0.34393
-0.028248,-0.036819,-0.34498
-0.03424,-0.041707,-0.34626
-0.040793,-0.047067,-0.34769
-0.047924,-0.052918,-0.34926
-0.055654,-0.059275,-0.35092
-0.056045,-0.061167,-0.3331
-0.056304,-0.063214,-0.31552
-0.056433,-0.065416,-0.29827
-0.056433,-0.067774,-0.28137
-0.056304,-0.07029,-0.26488
-0.056048,-0.072963,-0.24879
-0.055666,-0.075794,-0.23316
-0.055157,-0.078784,-0.21798
-0.054523,-0.081935,-0.20328
-0.053764,-0.085238,-0.18904
-0.051792,-0.077374,-0.1829
-0.049798,-0.070137,-0.17735
-0.047775,-0.063504,-0.17235
-0.045717,-0.057448,-0.1678
-0.043618,-0.051945,-0.16367
-0.041471,-0.04697,-0.15989
-0.039272,-0.042502,-0.15643
-0.037014,-0.038518,-0.15325
-0.034692,-0.035001,-0.15032
-0.0323,-0.031931,-0.14761
-0.031398,-0.030072,-0.11257
-0.030536,-0.028473,-0.084287
-0.029712,-0.027089,-0.061537
-0.028924,-0.025886,-0.043366
-0.028168,-0.024835,-0.029071
-0.027442,-0.023913,-0.01807
-0.026742,-0.023102,-0.0099327
-0.026067,-0.022385,-0.0042985
-0.025412,-0.021749,-0.00089806
-0.024776,-0.021184,0.00048942
-0.024381,-0.020803,0.00030802
-0.024092,-0.020297,2.6707e-05
-0.023945,-0.019625,-0.00034926
-0.023941,-0.018789,-0.00081205
-0.024083,-0.017792,-0.0013581
-0.024374,-0.016633,-0.0019805
-0.024818,-0.01531,-0.0026772
-0.02542,-0.01382,-0.003442
-0.026187,-0.01216,-0.0042733
-0.027127,-0.010322,-0.0051651
-0.028376,-0.0097139,-0.0054831
-0.029677,-0.0090416,-0.0057674
-0.031032,-0.0083046,-0.0060169
-0.032439,-0.0075022,-0.0062271
-0.033901,-0.006634,-0.0063978
-0.035416,-0.0056995,-0.0065258
-0.036985,-0.0046981,-0.0066118
-0.038609,-0.0036293,-0.0066541
-0.040287,-0.0024929,-0.006654
-0.042021,-0.0012883,-0.0066113
-0.042335,-0.0058669,-0.0079434
-0.042897,-0.010376,-0.0093512
-0.043711,-0.014827,-0.010827
-0.04478,-0.019228,-0.012362
-0.04611,-0.023589,-0.013951
-0.047708,-0.027919,-0.015588
-0.049581,-0.032225,-0.017267
-0.05174,-0.036517,-0.018983
-0.054196,-0.040801,-0.020731
-0.056958,-0.045085,-0.022507
-0.058042,-0.045733,-0.01681
-0.059144,-0.046406,-0.012087
-0.060262,-0.047099,-0.0082459
-0.061396,-0.047809,-0.005208
-0.062542,-0.048529,-0.0029074
-0.063699,-0.049257,-0.0012875
-0.064866,-0.049988,-0.00029937
-0.066042,-0.050719,9.9446e-05
-0.067225,-0.051448,0.00022242
-0.068411,-0.052175,0.0008199
-0.06497,-0.047966,9.5688e-05
-0.061747,-0.043882,-9.1314e-05
-0.058733,-0.039909,-0.00071247
-0.055921,-0.036039,-0.0018657
-0.053303,-0.032266,-0.0034985
-0.050869,-0.028582,-0.0055691
-0.048613,-0.024981,-0.0080435
-0.046528,-0.021457,-0.010895
-0.044609,-0.018005,-0.0141
-0.04285,-0.014619,-0.01764
-0.044091,-0.015822,-0.020584
-0.045369,-0.017048,-0.023566
-0.046683,-0.018298,-0.026555
-0.048034,-0.019572,-0.029526
-0.04942,-0.020873,-0.032453
-0.050841,-0.0222,-0.035318
-0.052299,-0.023554,-0.038103
-0.053792,-0.024937,-0.040796
-0.05532,-0.02635,-0.043381
-0.056884,-0.027792,-0.045853
-0.056767,-0.023894,-0.023816
-0.056907,-0.01976,-0.009746
-0.057295,-0.015395,-0.0021569
-0.057924,-0.010799,2.6579e-06
-0.058775,-0.0060645,0.002819
-0.059839,-0.0012457,0.0099235
-0.061121,0.0036721,0.020957
-0.062627,0.0087037,0.035645
-0.064362,0.013862,0.053759
-0.066332,0.019161,0.075097
-0.065388,0.024901,0.047314
-0.064688,0.030216,0.027443
-0.06421,0.035179,0.013881
-0.063942,0.03985,0.0055093
-0.063875,0.044276,0.0015175
-0.064006,0.048507,0.0006768
-0.064346,0.052657,-0.0023368
-0.064897,0.056759,-0.0083517
-0.065662,0.060817,-0.017096
-0.066646,0.064837,-0.028348
-0.071398,0.069092,-0.031825
-0.076361,0.073513,-0.035461
-0.081537,0.0781,-0.039245
-0.086927,0.082854,-0.043175
-0.092534,0.087774,-0.04724
-0.098358,0.092861,-0.051437
-0.1044,0.098115,-0.055753
-0.11066,0.10353,-0.060189
-0.11714,0.10912,-0.064733
-0.12384,0.11487,-0.069385
-0.13023,0.12464,-0.081001
-0.13698,0.13471,-0.093187
-0.14411,0.14507,-0.10589
-0.15161,0.15573,-0.11907
-0.15948,0.16667,-0.13269
-0.16773,0.1779,-0.14672
-0.17636,0.18941,-0.16112
-0.18537,0.2012,-0.17588
-0.19476,0.21325,-0.19094
-0.20452,0.22557,-0.2063
-0.19338,0.21403,-0.22488
-0.18284,0.20307,-0.2427
-0.17287,0.19265,-0.2598
-0.16344,0.18274,-0.2763
-0.1545,0.17329,-0.2922
-0.14603,0.16428,-0.30759
-0.138,0.15567,-0.32246
-0.13039,0.14743,-0.3369
-0.12318,0.13955,-0.35086
-0.11633,0.132,-0.36442
-0.091574,0.10384,-0.29368
-0.071083,0.080568,-0.24001
-0.054236,0.061446,-0.19817
-0.04051,0.045869,-0.16494
-0.029463,0.033325,-0.13812
-0.020709,0.023375,-0.11624
-0.013916,0.015637,-0.098216
-0.0087892,0.0097769,-0.083263
-0.0050704,0.0055023,-0.07079
-0.002533,0.0025563,-0.060314
-0.0019031,0.0021606,-0.050026
-0.0014526,0.0017544,-0.041225
-0.00089786,0.0015701,-0.033701
-0.00024505,0.0015845,-0.027258
0.00049085,0.001769,-0.021751
0.001301,0.0021024,-0.01704
0.0021828,0.0025716,-0.013026
0.00314,0.0031714,-0.0096189
0.0041824,0.0039047,-0.0067621
0.0053251,0.0047818,-0.004413
0.0061139,0.0057693,-0.004716
0.0069174,0.006964,-0.0050253
0.0077371,0.0083843,-0.0053436
0.0085737,0.010049,-0.005667
0.0094279,0.011979,-0.0059977
0.0103,0.014194,-0.0063314
0.011191,0.016715,-0.0066696
0.0121,0.019562,-0.0070077
0.013028,0.022758,-0.0073465
0.013975,0.026325,-0.0076805
0.013812,0.026524,-0.0032092
0.013683,0.026707,-0.00077776
0.013579,0.026872,-0.00016862
0.013475,0.027045,0.0010912
0.013354,0.027238,0.0040685
0.01321,0.027448,0.008705
0.013035,0.027674,0.014954
0.012823,0.027915,0.022785
0.012569,0.028168,0.032167
0.012268,0.028434,0.043081
0.012125,0.024024,0.041248
0.011829,0.020172,0.039617
0.011388,0.016842,0.038132
0.01081,0.013999,0.036761
0.010102,0.011612,0.035471
0.0092683,0.0096521,0.034244
0.0083141,0.0080926,0.03306
0.0072427,0.0069091,0.031911
0.0062805,0.0058212,0.03079
0.0056342,0.0045726,0.029699
0.0041176,0.0033806,0.02348
0.0028711,0.0024198,0.01839
0.001876,0.0016604,0.014239
0.0011143,0.0010737,0.010875
0.00056944,0.0006315,0.0081695
0.00022172,0.00031026,0.0060151
-2.493e-06,0.00015118,0.0043156
-0.00014522,0.00016268,0.0029848
-0.00030434,0.0002666,0.0019442
-0.00062271,0.0003376,0.0011311
-0.00063111,0.00042004,0.00039128
-0.00064644,0.00050053,3.8639e-05
-0.00066884,0.00058107,-4.3082e-05
-0.00069514,0.00066107,-0.00034578
-0.0007267,0.0007434,-0.00099809
-0.00076606,0.00083146,-0.0020622
-0.0008157,0.00092829,-0.0036272
-0.00087818,0.0010367,-0.0058035
-0.00095619,0.0011594,-0.0087158
-0.0010524,0.0012995,-0.0125
-0.0007113,0.00098868,-0.0063714
-0.00034938,0.00084245,-0.0025537
2.7463e-05,0.00081898,-0.00055251
0.00042653,0.0008878,4.141e-06
0.00085725,0.0010474,0.00077073
0.0013377,0.0013181,0.0029486
0.001887,0.0017315,0.0068062
0.0025219,0.002321,0.012672
0.0033438,0.0030202,0.020883
0.0044225,0.0038007,0.031762
0.0039097,0.0028411,0.025098
0.0035383,0.0018947,0.01952
0.003295,0.00096471,0.01487
0.0031686,5.2704e-05,0.011022
0.0031504,-0.00084138,0.0078693
0.0032343,-0.0017196,0.0053267
0.0034172,-0.0025862,0.0033277
0.0036994,-0.0034474,0.0018243
0.0040847,-0.0043112,0.00078645
0.0045795,-0.0051867,0.00020105
0.0051076,-0.0058086,0.00023179
0.0056796,-0.0064848,0.00026959
0.0062976,-0.0072179,0.00031526
0.0069639,-0.0080108,0.00036945
0.0076808,-0.0088663,0.00043288
0.0084505,-0.0097871,0.00050601
0.0092754,-0.010776,0.00058934
0.010158,-0.011836,0.000683
0.0111,-0.012969,0.00078713
0.012104,-0.014179,0.00090146
0.011455,-0.013329,0.00014331
0.01084,-0.012513,-9.4512e-05
0.010263,-0.011725,-0.001011
0.0097231,-0.010962,-0.0026181
0.0092155,-0.010221,-0.0048553
0.008738,-0.0094982,-0.0076798
0.0082886,-0.0087909,-0.011062
0.0078659,-0.0080968,-0.014982
0.007469,-0.0074138,-0.019428
0.0070974,-0.0067402,-0.024394
0.0076468,-0.0071889,-0.031536
0.0082234,-0.0076418,-0.039744
0.008827,-0.0080973,-0.049035
0.0094576,-0.008554,-0.059418
0.010115,-0.0090103,-0.070881
0.010798,-0.0094648,-0.083411
0.011507,-0.0099163,-0.09697
0.012242,-0.010363,-0.11153
0.013001,-0.010805,-0.12702
0.013784,-0.01124,-0.14341
0.017058,-0.013593,-0.12835
0.020756,-0.016123,-0.11486
0.024888,-0.018838,-0.10268
0.029467,-0.021748,-0.091632
0.034506,-0.024864,-0.081552
0.040023,-0.028196,-0.072347
0.046036,-0.031756,-0.063929
0.052561,-0.035553,-0.056237
0.059618,-0.039598,-0.049219
0.067224,-0.0439,-0.042833
0.066979,-0.040978,-0.052738
0.066799,-0.038044,-0.062979
0.066685,-0.035099,-0.073446
0.066635,-0.032142,-0.084048
0.06665,-0.029173,-0.094708
0.06673,-0.026194,-0.10537
0.066875,-0.023204,-0.11598
0.067085,-0.020203,-0.1265
0.06736,-0.017192,-0.1369
0.0677,-0.014171,-0.14715
0.066295,-0.012623,-0.10584
0.065079,-0.011181,-0.074548
0.064016,-0.0098277,-0.050841
0.063076,-0.0085501,-0.033046
0.062237,-0.0073354,-0.019962
0.06148,-0.0061734,-0.010708
0.060788,-0.0050549,-0.0046297
0.060149,-0.0039726,-0.0012249
0.059552,-0.0029199,-0.00010743
0.058991,-0.0019,0.00073746
0.052897,0.0023493,0.0029436
0.047478,0.00592,0.0063015
0.042668,0.0088803,0.01066
0.038411,0.011289,0.015905
0.034655,0.013197,0.02194
0.03136,0.014647,0.028697
0.028488,0.015672,0.036118
0.026011,0.0163,0.044171
0.023906,0.016551,0.052821
0.022157,0.016438,0.062058
0.019736,0.015059,0.052773
0.017565,0.01367,0.044954
0.015631,0.012273,0.038315
0.013858,0.010947,0.032654
0.012128,0.0098255,0.027797
0.010436,0.0089014,0.023617
0.0087802,0.0081663,0.020005
0.007158,0.0076126,0.016875
0.0055663,0.0072335,0.014156
0.0040025,0.0070231,0.011789
0.0055564,0.0068712,0.010257
0.007012,0.0069635,0.0088741
0.0083762,0.0072914,0.0076186
0.0096514,0.0078514,0.0064735
0.010836,0.0086452,0.0054273
0.012074,0.009494,0.0044703
0.013534,0.010186,0.003596
0.015228,0.010706,0.0028025
0.017167,0.011038,0.0020903
0.019367,0.011163,0.0014606
0.017547,0.0095453,0.00054488
0.015876,0.0080254,3.0429e-05
0.014346,0.006599,-0.00014188
0.012948,0.0052624,-0.00025002
0.011673,0.0040125,-0.00060962
0.010516,0.0028449,-0.0011903
0.0094715,0.0017557,-0.0019654
0.008535,0.00074131,-0.0029139
0.0077025,-0.00020121,-0.0040189
0.00697,-0.0010745,-0.0052681
0.0057159,0.00019794,-0.0064954
0.0047058,0.001167,-0.0078858
0.0039201,0.0018572,-0.0094397
0.0033434,0.0022873,-0.011156
0.002966,0.0024695,-0.013033
0.0027581,0.0024409,-0.015065
0.0024328,0.002563,-0.017243
0.0019044,0.0029449,-0.019561
0.0011614,0.0036016,-0.022011
0.00018948,0.0045526,-0.02459
0.033152,0.034095,-0.046035
0.028162,0.028349,-0.033655
0.023641,0.023176,-0.023496
0.019564,0.018572,-0.015362
0.015907,0.014531,-0.0090923
0.012646,0.011049,-0.0045545
0.0097542,0.0081212,-0.0016341
0.0072046,0.0057446,-0.00023143
0.0049842,0.0039013,0.00014317
0.003293,0.0023235,0.0015675
0.0045169,0.0040528,0.0014691
0.0048147,0.0075267,0.0014019
0.0039301,0.012957,0.0013742
0.0018572,0.020275,0.0013843
-0.0014022,0.029426,0.0014282
-0.0058438,0.040365,0.0015022
-0.011463,0.053055,0.0016024
-0.018254,0.067467,0.0017255
-0.026212,0.083576,0.0018685
-0.035332,0.10136,0.0020282
-0.029885,0.098495,0.00082595
-0.024446,0.095762,0.00048701
-0.019033,0.093171,-0.0001049
-0.013652,0.090727,-0.0012749
-0.0083038,0.088431,-0.0029128
-0.0029886,0.086286,-0.0049321
0.002293,0.084295,-0.0072639
0.0075405,0.082461,-0.0098531
0.012753,0.080785,-0.012655
0.017932,0.07927,-0.015634
0.023038,0.080378,-0.017725
0.028269,0.081618,-0.01995
0.033629,0.082991,-0.022307
0.039121,0.084497,-0.024795
0.044748,0.086136,-0.02741
0.050515,0.087909,-0.030151
0.056422,0.089816,-0.033012
0.062473,0.09186,-0.035992
0.068671,0.09404,-0.039085
0.075018,0.096359,-0.04229
0.072701,0.099087,-0.040931
0.070273,0.10198,-0.040026
0.06774,0.10505,-0.039509
0.065105,0.10829,-0.039332
0.062372,0.11171,-0.039452
0.059544,0.1153,-0.039839
0.056625,0.11908,-0.040467
0.053616,0.12304,-0.041318
0.05052,0.12718,-0.042372
0.047338,0.13151,-0.043618
0.068656,0.13233,-0.030072
0.090439,0.13454,-0.019413
0.11269,0.13819,-0.011382
0.13544,0.14331,-0.0057825
0.15869,0.14993,-0.0024627
0.18249,0.15807,-0.0013014
0.20687,0.16773,-0.00062823
0.23187,0.17895,0.0019974
0.25754,0.19172,0.0065335
0.2839,0.20605,0.01292
0.26216,0.19546,0.011419
0.24058,0.18679,0.010829
0.21912,0.17999,0.010886
0.19771,0.17501,0.011446
0.17631,0.1718,0.012427
0.15488,0.17033,0.013788
0.13337,0.17055,0.015505
0.11174,0.17245,0.017573
0.089973,0.17599,0.019992
0.06803,0.18116,0.022767
0.081465,0.18439,0.014529
0.095266,0.18796,0.0077706
0.10944,0.1919,0.0027267
0.12398,0.19619,-0.00040774
0.13889,0.20085,-0.0014795
0.15419,0.20587,-0.0027871
0.16986,0.21123,-0.0063992
0.18592,0.21693,-0.0124
0.20237,0.22298,-0.020859
0.21921,0.22937,-0.031831
0.18754,0.22502,-0.0078383
0.15675,0.22264,-0.0018305
0.12667,0.22227,0.0069529
0.097177,0.2239,0.027831
0.06816,0.22749,0.059143
0.039531,0.23301,0.099708
0.011225,0.24043,0.14865
-0.016799,0.24976,0.20529
-0.044567,0.26102,0.26907
-0.072089,0.27424,0.33953
-0.067568,0.27039,0.33277
-0.063151,0.26674,0.32775
-0.058833,0.26329,0.32383
-0.054609,0.26001,0.32066
-0.050469,0.25689,0.31786
-0.04641,0.25392,0.31529
-0.042425,0.25109,0.31271
-0.038509,0.2484,0.31006
-0.034659,0.24584,0.30721
-0.03087,0.2434,0.30414
-0.038639,0.23975,0.39244
-0.046053,0.23647,0.48407
-0.053111,0.23354,0.57791
-0.059811,0.23094,0.67329
-0.066153,0.22868,0.76956
-0.072134,0.22676,0.8665
-0.077754,0.22515,0.96362
-0.08301,0.22387,1.0609
-0.087901,0.22289,1.158
-0.092427,0.22224,1.2549
-0.084303,0.20923,1.1028
-0.076315,0.19696,0.98795
-0.06849,0.18527,0.89719
-0.060846,0.17408,0.8233
-0.053399,0.16333,0.76138
-0.046163,0.15299,0.70848
-0.039149,0.14305,0.66244
-0.032367,0.13351,0.62184
-0.025828,0.12436,0.58562
-0.019538,0.11561,0.55301
-0.020819,0.13297,0.46729
-0.021947,0.15213,0.39546
-0.022931,0.17307,0.33438
-0.023777,0.19581,0.28179
-0.02449,0.22035,0.23621
-0.025074,0.24672,0.19642
-0.025529,0.27493,0.16164
-0.025854,0.30501,0.13113
-0.026046,0.33697,0.10446
-0.026099,0.37084,0.081121
-0.065857,0.38082,0.067927
-0.10413,0.39302,0.054525
-0.14089,0.40747,0.041578
-0.17614,0.42421,0.029463
-0.20985,0.44326,0.018487
-0.24204,0.46467,0.0087948
-0.27269,0.48844,0.00051827
-0.30181,0.51461,-0.0063145
-0.32941,0.54319,-0.011668
-0.35549,0.5742,-0.015559
-0.38335,0.62406,-0.014108
-0.41187,0.67616,-0.011733
-0.44106,0.7305,-0.0088447
-0.47094,0.7871,-0.0057038
-0.50151,0.84598,-0.0024274
-0.53279,0.90716,0.00090236
-0.5648,0.97066,0.0042836
-0.59756,1.0365,0.0076934
-0.63109,1.1048,0.011159
-0.66539,1.1755,0.014667
-0.58687,1.0498,0.01924
-0.51543,0.93495,0.022502
-0.45046,0.82995,0.024865
-0.39142,0.73401,0.026551
-0.33784,0.64641,0.027726
-0.28929,0.56652,0.028479
-0.24543,0.4938,0.028893
-0.20591,0.42775,0.029014
-0.17044,0.36794,0.028893
-0.13877,0.31397,0.028556
-0.14135,0.32627,0.011255
-0.14389,0.33904,-0.0008484
-0.14637,0.35225,-0.0086792
-0.14881,0.36587,-0.012927
-0.1512,0.37989,-0.01441
-0.15352,0.39415,-0.017318
-0.15577,0.40861,-0.022643
-0.15795,0.42328,-0.030154
-0.16005,0.43817,-0.039664
-0.16208,0.45326,-0.05103
-0.14723,0.43663,-0.045348
-0.13235,0.42021,-0.040596
-0.11746,0.40403,-0.036503
-0.10257,0.38814,-0.032901
-0.087715,0.37257,-0.029676
-0.072895,0.35736,-0.026758
-0.058128,0.34254,-0.024098
-0.043429,0.32814,-0.021667
-0.028809,0.31418,-0.019447
-0.01428,0.30069,-0.017427
-0.012507,0.29817,-0.014493
-0.010718,0.29561,-0.012931
-0.008916,0.29302,-0.01241
-0.0071077,0.29045,-0.012007
-0.0053,0.28792,-0.010948
-0.0034923,0.28543,-0.0093468
-0.0016851,0.28298,-0.0072926
0.00012216,0.28056,-0.0048473
0.0019287,0.27818,-0.0020626
0.0037351,0.27583,0.0010315
-0.026781,0.26414,0.0093819
-0.053586,0.25483,0.019082
-0.076809,0.24781,0.029964
-0.096558,0.24299,0.041921
-0.11292,0.24031,0.054864
-0.12597,0.23972,0.068736
-0.13576,0.24119,0.083476
-0.14231,0.24468,0.09905
-0.14619,0.24986,0.11541
-0.15226,0.25385,0.13259
-0.13775,0.23173,0.076461
-0.12465,0.21122,0.038004
-0.11285,0.19209,0.012932
-0.10222,0.17419,-0.0015379
-0.092124,0.15775,-0.0073133
-0.082267,0.14268,-0.0083673
-0.072494,0.12852,-0.014904
-0.06279,0.1152,-0.027231
-0.053147,0.10273,-0.044833
-0.043554,0.091093,-0.067339
-0.051984,0.10905,-0.075857
-0.061229,0.12878,-0.084971
-0.071302,0.15033,-0.094693
-0.08221,0.17372,-0.10506
-0.09396,0.19897,-0.11607
-0.10656,0.2261,-0.12777
-0.12001,0.25513,-0.14015
-0.13431,0.28608,-0.15324
-0.14947,0.31896,-0.16701
-0.16548,0.35379,-0.18147
-0.14475,0.32579,-0.14661
-0.12503,0.29937,-0.11748
-0.10629,0.27452,-0.092893
-0.088529,0.25118,-0.072094
-0.071714,0.22932,-0.054564
-0.055829,0.20888,-0.03995
-0.040852,0.18983,-0.028001
-0.026761,0.17212,-0.018533
-0.013533,0.15572,-0.011412
-0.0011453,0.14058,-0.0065313
0.011093,0.12673,-0.012963
0.02276,0.11414,-0.023689
0.033873,0.10278,-0.038143
0.044448,0.092629,-0.055913
0.054498,0.083674,-0.076709
0.064034,0.075898,-0.10031
0.073061,0.069294,-0.12654
0.081585,0.063857,-0.15527
0.089605,0.059588,-0.18638
0.097117,0.056492,-0.21978
0.079026,0.059854,-0.17782
0.060268,0.067071,-0.14381
0.040654,0.07806,-0.11576
0.020017,0.09279,-0.092388
-0.0017868,0.11129,-0.072815
-0.024873,0.13362,-0.056479
-0.049328,0.1599,-0.043
-0.075208,0.19026,-0.032116
-0.10255,0.22486,-0.02364
-0.13135,0.26385,-0.017415
-0.10645,0.21627,-0.011261
-0.084723,0.1742,-0.0067976
-0.065955,0.13737,-0.0039216
-0.049957,0.1055,-0.002505
-0.03657,0.078352,-0.0010934
-0.025626,0.055689,0.0012395
-0.016939,0.037264,0.0044121
-0.010318,0.022833,0.0083453
-0.0055712,0.012155,0.012953
-0.0025002,0.0049846,0.018158
-0.0011944,0.0039516,0.013241
0.00014277,0.003274,0.009307
0.0015311,0.0029203,0.0061975
0.0029869,0.0028645,0.0037955
0.0045217,0.0030885,0.0020192
0.0061413,0.0035838,0.00083167
0.0078456,0.0043518,0.00023249
0.009694,0.0052905,0.00010949
0.011844,0.0061497,-0.00049239
0.014315,0.0069041,-0.0018024
0.010035,0.0055917,-0.00013082
0.0058626,0.0053192,0.00016684
0.0011007,0.0075683,0.00094808
-0.0042074,0.012434,0.0028728
-0.010157,0.020083,0.0062136
-0.016923,0.030684,0.011325
-0.024748,0.044361,0.018518
-0.034481,0.060887,0.02801
-0.04638,0.080338,0.039925
-0.060464,0.1029,0.054298
-0.053645,0.095947,0.05686
-0.047603,0.088929,0.060091
-0.037755,0.084376,0.063949
-0.024088,0.082313,0.068343
-0.0065945,0.082758,0.073189
0.014744,0.085727,0.078439
0.03996,0.091242,0.084049
0.069093,0.099319,0.090005
0.10219,0.10998,0.09629
0.1393,0.12323,0.10291
0.11331,0.11201,0.076529
0.089671,0.102,0.056345
0.068316,0.093186,0.040803
0.049174,0.085518,0.028844
0.032173,0.078963,0.019713
0.017248,0.073485,0.012863
0.0043332,0.069053,0.0078897
-0.006632,0.065637,0.0044831
-0.015704,0.063209,0.0024105
-0.022931,0.061752,0.0014898
-0.029381,0.068328,0.0015601
-0.035751,0.07566,0.0014526
-0.04204,0.083773,0.0010228
-0.048244,0.092685,0.00026015
-0.054358,0.10242,-0.00084367
-0.060376,0.11299,-0.0023013
-0.066516,0.1243,-0.0041244
-0.073396,0.13604,-0.0063354
-0.081069,0.14819,-0.0089429
-0.089555,0.16075,-0.01196
-0.08052,0.14754,-0.0049804
-0.072567,0.13508,-0.00067989
-0.06564,0.12329,0.0016768
-0.05952,0.11217,0.0025973
-0.053406,0.10208,0.0025886
-0.047183,0.092945,0.0030806
-0.040829,0.084721,0.0042346
-0.034328,0.077355,0.00591
-0.027662,0.070802,0.0080035
-0.020815,0.065024,0.010437
-0.021986,0.063356,0.012841
-0.023049,0.061785,0.015392
-0.023996,0.06031,0.018061
-0.024825,0.058933,0.020824
-0.025529,0.057653,0.023659
-0.026103,0.056471,0.026552
-0.026545,0.055386,0.029486
-0.026849,0.054399,0.03245
-0.027013,0.053508,0.035433
-0.027033,0.052713,0.038428
-0.026279,0.053599,0.037344
-0.024939,0.054783,0.036643
-0.02301,0.056261,0.03626
-0.02049,0.058027,0.036148
-0.017378,0.060075,0.036272
-0.013672,0.0624,0.036607
-0.0093705,0.064998,0.037136
-0.0044742,0.067867,0.037846
0.0010181,0.071002,0.038731
0.0071064,0.074403,0.039786
0.0087144,0.064399,0.038586
0.010086,0.055154,0.038225
0.011219,0.046671,0.038584
0.012113,0.038954,0.039585
0.012766,0.032005,0.041172
0.013177,0.025827,0.043313
0.013347,0.020423,0.045983
0.013273,0.015792,0.049166
0.012956,0.011936,0.052846
0.012395,0.0088556,0.057007
0.021427,0.012672,0.057667
0.032654,0.017719,0.058596
0.046061,0.024006,0.05977
0.061627,0.031549,0.061134
0.079335,0.040363,0.0626
0.099174,0.050455,0.064077
0.12126,0.061582,0.065461
0.14566,0.073612,0.066665
0.17238,0.086522,0.067604
0.20143,0.10029,0.068215
0.1829,0.091346,0.053053
0.16549,0.082846,0.040695
0.14916,0.074796,0.030593
0.13386,0.067198,0.022353
0.11956,0.060051,0.015683
0.10622,0.05335,0.01036
0.093814,0.047092,0.0062123
0.08231,0.041268,0.0031045
0.071684,0.035871,0.00092838
0.061908,0.030891,-0.00040618
0.044082,0.02236,-0.00089941
0.028642,0.015848,-0.0014069
0.015414,0.01207,-0.0034288
0.0046069,0.011064,-0.0068144
-0.0035978,0.012889,-0.011491
-0.0091162,0.017614,-0.017504
-0.01395,0.024311,-0.024937
-0.022501,0.030862,-0.03382
-0.034819,0.03733,-0.044219
-0.05078,0.043851,-0.056162
-0.045147,0.054868,-0.054065
-0.041936,0.065118,-0.052267
-0.041162,0.074599,-0.050675
-0.042828,0.083313,-0.049235
-0.046189,0.091636,-0.047913
-0.047885,0.10125,-0.046746
-0.047518,0.11235,-0.045717
-0.0451,0.12493,-0.044817
-0.040646,0.13898,-0.044033
-0.03417,0.15449,-0.043363
-0.039038,0.13837,-0.041326
-0.04221,0.1236,-0.03928
-0.04373,0.11015,-0.037239
-0.043644,0.098021,-0.035216
-0.041995,0.087197,-0.03322
-0.038823,0.077671,-0.031262
-0.035107,0.068972,-0.029333
-0.033198,0.05995,-0.027407
-0.03319,0.050574,-0.025491
-0.035074,0.040862,-0.023596
-0.036301,0.046578,-0.041492
-0.037797,0.05241,-0.064348
-0.039545,0.058351,-0.09214
-0.04153,0.064399,-0.12483
-0.043734,0.070552,-0.16237
-0.04614,0.076812,-0.20471
-0.048731,0.083181,-0.25178
-0.051492,0.089661,-0.30353
-0.054407,0.096257,-0.35986
-0.057462,0.10297,-0.42077
-0.060686,0.11602,-0.28653
-0.064745,0.12859,-0.18364
-0.06957,0.14081,-0.10671
-0.074695,0.15304,-0.05231
-0.079616,0.16564,-0.018106
-0.084352,0.17873,-0.002511
-0.088892,0.19248,0.0018417
-0.09318,0.20719,0.020217
-0.097235,0.22297,0.054631
-0.10108,0.23989,0.10457
-0.093093,0.22501,0.090036
-0.085571,0.21123,0.079338
-0.078467,0.19842,0.07132
-0.071745,0.18652,0.065261
-0.065369,0.17544,0.060638
-0.059309,0.16511,0.05712
-0.053537,0.15547,0.054442
-0.048028,0.14648,0.052438
-0.042759,0.13808,0.05096
-0.03771,0.13024,0.049925
-0.040785,0.12416,0.04073
-0.043221,0.11856,0.032608
-0.045029,0.11344,0.02548
-0.046217,0.10876,0.019293
-0.046792,0.10451,0.013995
-0.046762,0.10069,0.0095493
-0.046133,0.097285,0.0059205
-0.044928,0.094263,0.0030813
-0.043963,0.091232,0.0010059
-0.043664,0.08798,-0.00032694
-0.039885,0.083164,-0.0011662
-0.036959,0.077906,-0.0037548
-0.033734,0.072806,-0.0090058
-0.029626,0.0682,-0.016621
-0.024652,0.064136,-0.026388
-0.018829,0.060655,-0.03816
-0.012172,0.057789,-0.051834
-0.0046926,0.055566,-0.067339
0.0035989,0.054,-0.084616
0.012695,0.053103,-0.10362
0.0062682,0.04037,-0.08479
0.0013281,0.029969,-0.069021
-0.0021093,0.0217,-0.055686
-0.0040345,0.015379,-0.044357
-0.0044425,0.010825,-0.034708
-0.0036176,0.007732,-0.026503
-0.0042055,0.0046924,-0.019574
-0.0067777,0.0012854,-0.013787
-0.011292,-0.002583,-0.0090492
-0.017771,-0.0069646,-0.005322
-0.016036,-0.0045819,-0.0074262
-0.014686,-0.0017959,-0.0099528
-0.013724,0.0013968,-0.012899
-0.013155,0.0050051,-0.016253
-0.012986,0.0090428,-0.019998
-0.013225,0.013527,-0.024114
-0.013879,0.018477,-0.028584
-0.014958,0.023912,-0.033394
-0.016467,0.029855,-0.038534
-0.018415,0.036325,-0.043999
-0.018053,0.03582,-0.03738
-0.017665,0.035261,-0.031609
-0.017252,0.034651,-0.026575
-0.01682,0.033995,-0.022189
-0.016369,0.033297,-0.018373
-0.015904,0.03256,-0.015062
-0.015426,0.031788,-0.0122
-0.014938,0.030983,-0.0097403
-0.014442,0.030148,-0.0076404
-0.01394,0.029286,-0.0058639
-0.019337,0.039593,-0.003638
-0.025705,0.05145,-0.0020629
-0.033061,0.064872,-0.0011281
-0.041418,0.079871,-0.00082631
-0.050795,0.096463,-0.00078297
-0.061212,0.11466,-0.00015901
-0.072678,0.13448,0.0010869
-0.085204,0.15593,0.0029705
-0.098797,0.17902,0.0055106
-0.11346,0.20376,0.0087298
-0.10795,0.19831,-0.00068211
-0.10279,0.19303,-0.0026669
-0.097849,0.18785,-0.009995
-0.093114,0.18273,-0.023659
-0.088583,0.17767,-0.04275
-0.084257,0.17266,-0.066595
-0.080138,0.16768,-0.094678
-0.076225,0.16273,-0.1266
-0.072519,0.1578,-0.16204
-0.06902,0.15289,-0.20075
-0.061115,0.13615,-0.22095
-0.053706,0.12043,-0.24242
-0.046781,0.10572,-0.265
-0.040329,0.091987,-0.28868
-0.034341,0.079233,-0.31332
-0.028807,0.067438,-0.33892
-0.02372,0.056593,-0.36536
-0.019073,0.046685,-0.39267
-0.01486,0.037708,-0.42071
-0.011076,0.029652,-0.44952
-0.014108,0.030906,-0.48141
-0.018949,0.031549,-0.51236
-0.025647,0.031573,-0.54213
-0.034249,0.030973,-0.57073
-0.044803,0.029737,-0.59792
-0.057355,0.027854,-0.62377
-0.071952,0.025314,-0.64805
-0.088638,0.022105,-0.67087
-0.10745,0.018214,-0.69204
-0.12844,0.01363,-0.71168
-0.13954,0.020521,-0.67272
-0.15107,0.027975,-0.64308
-0.16305,0.036007,-0.6203
-0.17548,0.044626,-0.60286
-0.18837,0.053843,-0.58951
-0.20171,0.063663,-0.57941
-0.21551,0.074092,-0.57184
-0.22977,0.085135,-0.5663
-0.24449,0.096795,-0.56237
-0.25967,0.10907,-0.55974
-0.22995,0.11522,-0.46042
-0.20204,0.12031,-0.37786
-0.17607,0.12434,-0.30838
-0.15217,0.12729,-0.24946
-0.13045,0.12914,-0.19943
-0.11102,0.1299,-0.15691
-0.093967,0.12954,-0.12099
-0.079406,0.12805,-0.090818
-0.067425,0.12543,-0.06582
-0.058119,0.12165,-0.045427
-0.078688,0.13697,-0.045413
-0.1079,0.15129,-0.045199
-0.1464,0.1646,-0.044802
-0.1948,0.17686,-0.044206
-0.25374,0.18802,-0.043475
-0.32382,0.19797,-0.042613
-0.40557,0.20663,-0.041679
-0.4995,0.21386,-0.040686
-0.60605,0.21956,-0.039686
-0.72559,0.2236,-0.038701
-0.69638,0.20997,-0.041761
-0.6684,0.19724,-0.042972
-0.64158,0.18534,-0.043021
-0.61583,0.17419,-0.04236
-0.59111,0.16373,-0.041304
-0.56734,0.15391,-0.040031
-0.54448,0.14468,-0.038672
-0.52248,0.13599,-0.037287
-0.50128,0.1278,-0.035927
-0.48085,0.12008,-0.03461
-0.45152,0.11937,-0.039426
-0.42388,0.11894,-0.043823
-0.39783,0.11874,-0.047906
-0.37327,0.11873,-0.05175
-0.35011,0.11888,-0.055419
-0.32826,0.11916,-0.058956
-0.30764,0.11955,-0.062396
-0.2882,0.12002,-0.065762
-0.26986,0.12055,-0.069073
-0.25257,0.12114,-0.072342
-0.24418,0.1188,-0.033936
-0.23632,0.11673,-0.012006
-0.22889,0.11488,-0.0026585
-0.22186,0.11322,-0.00034217
-0.21524,0.11179,0.0085565
-0.20897,0.11055,0.024428
-0.20302,0.10948,0.046352
-0.19734,0.10855,0.07365
-0.19191,0.10774,0.10578
-0.18669,0.10704,0.14235
-0.19228,0.11641,0.11782
-0.19801,0.12601,0.098879
-0.20386,0.13584,0.084027
-0.20983,0.14591,0.07226
-0.2159,0.15622,0.062819
-0.22206,0.16678,0.055171
-0.22832,0.17757,0.048906
-0.23467,0.1886,0.043725
-0.2411,0.19986,0.039398
-0.2476,0.21134,0.03575
-0.24075,0.21746,0.053422
-0.23419,0.22351,0.071232
-0.22792,0.2295,0.088668
-0.22192,0.23543,0.10548
-0.2162,0.2413,0.12154
-0.21075,0.2471,0.13684
-0.20557,0.25284,0.15137
-0.20066,0.25852,0.16518
-0.19601,0.26414,0.17828
-0.19163,0.2697,0.19074
-0.1935,0.26164,0.20823
-0.19543,0.25338,0.22646
-0.19741,0.24495,0.24531
-0.19945,0.23635,0.26475
-0.20155,0.2276,0.28467
-0.20371,0.21871,0.30505
-0.20593,0.2097,0.32578
-0.20822,0.20058,0.34688
-0.21058,0.19136,0.36823
-0.21301,0.18206,0.38985
-0.20128,0.21902,0.34461
-0.19273,0.25647,0.30794
-0.18726,0.29446,0.27737
-0.18482,0.33301,0.25136
-0.18539,0.37214,0.22875
-0.18895,0.41189,0.20879
-0.1955,0.45226,0.19089
-0.20506,0.49329,0.17464
-0.21765,0.53497,0.15973
-0.23322,0.57734,0.14592
-0.21051,0.51812,0.11871
-0.19324,0.46223,0.095053
-0.1812,0.40927,0.074573
-0.17417,0.35889,0.05692
-0.17192,0.31079,0.041844
-0.1743,0.2647,0.029103
-0.18116,0.22038,0.018527
-0.19238,0.17762,0.0099493
-0.20789,0.13623,0.0032565
-0.22762,0.096076,-0.0016619
-0.2129,0.10502,0.0070408
-0.19914,0.11394,0.018983
-0.18633,0.12281,0.033494
-0.17446,0.13161,0.050114
-0.16352,0.14032,0.06855
-0.1535,0.14892,0.088577
-0.14439,0.15741,0.11006
-0.1362,0.16577,0.13287
-0.12892,0.17398,0.15694
-0.12254,0.18204,0.18219
-0.1314,0.19959,0.17849
-0.14063,0.21806,0.17456
-0.15022,0.23745,0.17039
-0.16017,0.25777,0.16601
-0.17048,0.27901,0.1614
-0.18114,0.30117,0.15659
-0.19215,0.32424,0.15157
-0.2035,0.34821,0.14635
-0.21519,0.37306,0.14093
-0.22721,0.39879,0.13533
-0.23452,0.39066,0.1568
-0.24256,0.38259,0.18027
-0.25133,0.37456,0.20567
-0.26082,0.36655,0.23294
-0.27101,0.35856,0.26201
-0.28191,0.35058,0.29286
-0.2935,0.34259,0.32539
-0.30578,0.3346,0.3596
-0.31875,0.32659,0.39539
-0.33239,0.31857,0.43278
-0.32788,0.2784,0.35877
-0.32508,0.24089,0.29733
-0.32381,0.20574,0.24526
-0.32393,0.17273,0.2006
-0.32536,0.14168,0.16202
-0.328,0.11243,0.1286
-0.33179,0.084844,0.099715
-0.33668,0.058814,0.074864
-0.34262,0.034239,0.053707
-0.34956,0.011032,0.035947
-0.34785,0.0059806,0.051205
-0.34609,0.0010617,0.065764
-0.34427,-0.0037285,0.079433
-0.34239,-0.0083929,0.092138
-0.34045,-0.012929,0.10393
-0.33847,-0.017338,0.11485
-0.33643,-0.021615,0.12498
-0.33434,-0.025761,0.1344
-0.33221,-0.029771,0.14317
-0.33004,-0.033647,0.15135
-0.29701,-0.027313,0.14688
-0.26662,-0.021831,0.14489
-0.23865,-0.01712,0.14468
-0.21295,-0.013109,0.14582
-0.18935,-0.0097216,0.14798
-0.16773,-0.0068896,0.15097
-0.14795,-0.0045432,0.15464
-0.12989,-0.0026225,0.15887
-0.11345,-0.0010684,0.16359
-0.098529,0.00017099,0.16875
-0.11429,-0.0059094,0.17579
-0.13151,-0.012547,0.18216
-0.15019,-0.019748,0.1878
-0.17036,-0.027519,0.19271
-0.19204,-0.035864,0.19684
-0.21525,-0.044788,0.20021
-0.23999,-0.054294,0.20283
-0.2663,-0.064385,0.20471
-0.29418,-0.07506,0.20588
-0.32364,-0.086322,0.20638
-0.29857,-0.078807,0.18564
-0.27456,-0.071745,0.16815
-0.25158,-0.065134,0.15312
-0.22962,-0.058968,0.13998
-0.20868,-0.053233,0.12836
-0.18875,-0.047913,0.11796
-0.16982,-0.042991,0.10859
-0.15189,-0.038446,0.10007
-0.13496,-0.034257,0.092308
-0.11903,-0.030402,0.085185
-0.13197,-0.02912,0.070491
-0.14604,-0.026551,0.05777
-0.16123,-0.022685,0.046749
-0.17755,-0.017514,0.037199
-0.195,-0.011024,0.028947
-0.21359,-0.0032026,0.021829
-0.23332,0.0059624,0.015717
-0.25418,0.016483,0.010479
-0.27618,0.02837,0.0060116
-0.29931,0.041635,0.0022102
-0.28909,0.035073,0.0092716
-0.27907,0.028804,0.016482
-0.26924,0.022822,0.023508
-0.25962,0.017126,0.030194
-0.25019,0.011716,0.0365
-0.24097,0.0065932,0.042424
-0.23194,0.0017591,0.048
-0.22311,-0.0027854,0.05326
-0.21449,-0.0070384,0.058245
-0.20608,-0.010999,0.062989
-0.21125,0.015136,0.057878
-0.21814,0.046082,0.053316
-0.22676,0.081915,0.049208
-0.23712,0.12272,0.045483
-0.24925,0.16858,0.042093
-0.26317,0.21959,0.039003
-0.27888,0.2758,0.036187
-0.29641,0.3373,0.033626
-0.31576,0.40415,0.031308
-0.33694,0.47638,0.029223
-0.33421,0.44284,0.025011
-0.33245,0.41089,0.020641
-0.33161,0.38043,0.016361
-0.33166,0.35133,0.012333
-0.33257,0.32349,0.0086704
-0.3343,0.29682,0.0054442
-0.33681,0.27122,0.002708
-0.34009,0.24661,0.00049452
-0.34411,0.22293,-0.0011701
-0.34883,0.20012,-0.0022697
-0.32236,0.18902,-0.0024971
-0.29737,0.17835,-0.0032215
-0.27376,0.1681,-0.0052276
-0.2515,0.15824,-0.0081514
-0.23051,0.14876,-0.011757
-0.21074,0.13966,-0.015887
-0.19215,0.13091,-0.020429
-0.17468,0.12252,-0.025304
-0.15829,0.11446,-0.030449
-0.14293,0.10673,-0.035817
-0.1489,0.10345,-0.060619
-0.15516,0.10017,-0.089977
-0.16174,0.096874,-0.12311
-0.16867,0.093551,-0.15941
-0.17596,0.090191,-0.19834
-0.18361,0.086784,-0.23953
-0.19165,0.08332,-0.2826
-0.20007,0.079787,-0.32731
-0.20889,0.076178,-0.37336
-0.21809,0.072478,-0.42062
-0.24448,0.081044,-0.38571
-0.27225,0.090315,-0.35792
-0.30138,0.1003,-0.3355
-0.33189,0.11101,-0.31732
-0.36376,0.12245,-0.30237
-0.39698,0.13461,-0.28998
-0.43156,0.14749,-0.27955
-0.46748,0.16109,-0.27065
-0.50473,0.17538,-0.26292
-0.5433,0.19036,-0.25609
-0.49183,0.22098,-0.24331
-0.44454,0.25082,-0.22585
-0.40139,0.27993,-0.20572
-0.36231,0.30834,-0.18427
-0.32725,0.33607,-0.16242
-0.29617,0.36314,-0.14079
-0.26903,0.38955,-0.11984
-0.24578,0.41531,-0.099883
-0.22639,0.44043,-0.081193
-0.21084,0.46489,-0.063949
-0.20044,0.45234,-0.033977
-0.19049,0.44033,-0.016065
-0.18096,0.42874,-0.0056281
-0.17188,0.41752,6.774e-05
-0.16324,0.40661,0.002697
-0.15503,0.39598,0.00333
-0.14727,0.38557,0.0034652
-0.13995,0.37538,0.0044126
-0.13308,0.36537,0.0058721
-0.12666,0.35554,0.0076208
-0.12693,0.32496,0.0029399
-0.13063,0.29446,0.0014257
-0.1377,0.26406,-5.6277e-05
-0.14807,0.23381,-0.0031218
-0.16175,0.2037,-0.0074034
-0.17873,0.17374,-0.012662
-0.19904,0.14392,-0.018742
-0.22269,0.11423,-0.025535
-0.24975,0.084678,-0.032965
-0.28027,0.055235,-0.040974
-0.27448,0.063433,-0.056464
-0.26896,0.071646,-0.072219
-0.26369,0.079877,-0.087878
-0.25866,0.088131,-0.10323
-0.25386,0.09641,-0.11815
-0.2493,0.10472,-0.13259
-0.24495,0.11306,-0.1465
-0.24082,0.12144,-0.1599
-0.2369,0.12986,-0.17277
-0.23319,0.13831,-0.18512
-0.23092,0.14436,-0.15608
-0.22853,0.15013,-0.13253
-0.22604,0.15564,-0.11306
-0.22346,0.16089,-0.096714
-0.22079,0.1659,-0.082805
-0.21806,0.17065,-0.070848
-0.21525,0.17517,-0.060488
-0.21238,0.17944,-0.05146
-0.20945,0.18348,-0.04357
-0.20647,0.18728,-0.036667
-0.21384,0.18835,-0.031736
-0.22141,0.18948,-0.027699
-0.22916,0.19069,-0.024375
-0.23711,0.19196,-0.021617
-0.24525,0.1933,-0.019323
-0.25357,0.19471,-0.017405
-0.2621,0.19619,-0.015803
-0.27081,0.19774,-0.014463
-0.27972,0.19938,-0.013349
-0.28883,0.20109,-0.012425
-0.25736,0.21734,-0.018338
-0.22878,0.23269,-0.024873
-0.2031,0.24715,-0.031684
-0.18032,0.26072,-0.038591
-0.16045,0.27342,-0.04551
-0.14349,0.28525,-0.052396
-0.12944,0.29621,-0.059232
-0.1183,0.30631,-0.066009
-0.11009,0.31554,-0.07272
-0.10479,0.32393,-0.079364
-0.10841,0.33482,-0.090848
-0.11207,0.34588,-0.10274
-0.11578,0.35709,-0.11498
-0.11953,0.36846,-0.12757
-0.12332,0.37997,-0.14045
-0.12715,0.39163,-0.15361
-0.13102,0.40344,-0.16701
-0.13493,0.41538,-0.18064
-0.13887,0.42746,-0.19446
-0.14284,0.43966,-0.20847
-0.1262,0.38087,-0.17092
-0.11103,0.32681,-0.14467
-0.097288,0.27735,-0.12577
-0.08493,0.23233,-0.11191
-0.073908,0.1916,-0.10167
-0.064173,0.15501,-0.094133
-0.055675,0.12242,-0.088693
-0.04837,0.093696,-0.084941
-0.042212,0.068698,-0.082595
-0.037157,0.047306,-0.081447
-0.047473,0.056428,-0.08377
-0.059053,0.066223,-0.085937
-0.071893,0.076681,-0.08786
-0.085987,0.087798,-0.089456
-0.10133,0.099566,-0.090667
-0.11792,0.11198,-0.091449
-0.13575,0.12503,-0.091784
-0.15482,0.13873,-0.091667
-0.17512,0.15306,-0.091116
-0.19664,0.16802,-0.090158
-0.18433,0.18002,-0.095254
-0.1728,0.19159,-0.098733
-0.16204,0.2027,-0.10082
-0.15204,0.21336,-0.10174
-0.14281,0.22356,-0.10165
-0.13432,0.23329,-0.10074
-0.12658,0.24256,-0.099129
-0.11959,0.25137,-0.09694
-0.11334,0.25971,-0.094271
-0.10782,0.2676,-0.091206
-0.11481,0.28315,-0.080218
-0.12197,0.29907,-0.07166
-0.12929,0.31536,-0.064975
-0.13679,0.33205,-0.059743
-0.14446,0.34913,-0.055651
-0.15231,0.36663,-0.052454
-0.16033,0.38453,-0.049972
-0.16853,0.40284,-0.048058
-0.17691,0.42156,-0.046608
-0.18546,0.44068,-0.045534
-0.18612,0.463,-0.022666
-0.18696,0.48539,-0.014378
-0.18811,0.50807,-0.011433
-0.18978,0.53135,0.00031023
-0.19193,0.5552,0.019892
-0.19456,0.57959,0.046192
-0.19765,0.6045,0.078347
-0.20119,0.62991,0.11569
-0.20518,0.6558,0.15766
-0.2096,0.68216,0.20378
-0.20089,0.64188,0.11823
-0.19357,0.60437,0.064666
-0.18735,0.56912,0.030541
-0.18208,0.53577,0.0090515
-0.17764,0.5041,-0.0037641
-0.17395,0.47394,-0.010332
-0.17095,0.44516,-0.012208
-0.16857,0.41758,-0.01285
-0.1667,0.39106,-0.016392
-0.16534,0.36553,-0.02238
-0.15175,0.31873,-0.024754
-0.13954,0.2763,-0.028539
-0.12857,0.23788,-0.033738
-0.11876,0.20312,-0.040357
-0.11001,0.17173,-0.048386
-0.10222,0.14342,-0.057814
-0.095319,0.11796,-0.068617
-0.089241,0.095121,-0.080781
-0.08392,0.074709,-0.094273
-0.079296,0.056547,-0.10908
-0.08156,0.064032,-0.10903
-0.083928,0.071894,-0.10866
-0.086398,0.080133,-0.10797
-0.08897,0.08875,-0.10699
-0.091642,0.097745,-0.10575
-0.094414,0.10712,-0.10427
-0.097284,0.11687,-0.10256
-0.10025,0.12699,-0.10066
-0.10332,0.13749,-0.098579
-0.10648,0.14836,-0.096338
-0.11392,0.16267,-0.10994
-0.12178,0.17767,-0.12411
-0.13004,0.19337,-0.13879
-0.13873,0.20976,-0.15395
-0.14783,0.22686,-0.16954
-0.15734,0.24465,-0.18554
-0.16728,0.26314,-0.20189
-0.17763,0.28233,-0.21859
-0.18839,0.30222,-0.23557
-0.19956,0.3228,-0.25284
-0.20499,0.29339,-0.24586
-0.21133,0.26453,-0.24202
-0.21859,0.23628,-0.24047
-0.22681,0.20868,-0.24069
-0.236,0.18179,-0.24223
-0.24616,0.15564,-0.24487
-0.25732,0.13026,-0.24836
-0.26947,0.10569,-0.25258
-0.28262,0.081949,-0.25739
-0.29679,0.05907,-0.26273
-0.255,0.068048,-0.21144
-0.21704,0.075638,-0.16878
-0.18281,0.081938,-0.13305
-0.15218,0.087023,-0.10306
-0.12505,0.090964,-0.078006
-0.10132,0.093819,-0.057243
-0.080878,0.095645,-0.040311
-0.063638,0.096493,-0.026821
-0.049506,0.096412,-0.016483
-0.0384,0.095447,-0.009041
-0.042214,0.1069,-0.010058
-0.046234,0.11922,-0.011123
-0.050462,0.13245,-0.012245
-0.054901,0.14659,-0.013416
-0.059552,0.16168,-0.014647
-0.064417,0.17772,-0.01593
-0.069498,0.19473,-0.017273
-0.074794,0.21272,-0.01867
-0.080306,0.2317,-0.020127
-0.086034,0.25168,-0.021643
-0.077316,0.23572,-0.025557
-0.069421,0.22078,-0.029209
-0.062311,0.20678,-0.032581
-0.055954,0.19363,-0.035677
-0.050318,0.18127,-0.038519
-0.045377,0.16962,-0.041129
-0.041102,0.15863,-0.043535
-0.037471,0.14823,-0.045757
-0.03446,0.13839,-0.047818
-0.031946,0.12908,-0.049734
-0.027608,0.11205,-0.05656
-0.023726,0.096791,-0.063841
-0.020255,0.083137,-0.071567
-0.017152,0.070933,-0.079729
-0.014383,0.060043,-0.088315
-0.011914,0.050341,-0.097322
-0.0097157,0.041719,-0.10674
-0.0077711,0.034078,-0.11656
-0.0060596,0.027331,-0.12678
-0.004563,0.021407,-0.1374
-0.0061997,0.027717,-0.116
-0.0080034,0.034694,-0.096949
-0.0099325,0.042362,-0.079974
-0.011983,0.050734,-0.064901
-0.014157,0.059823,-0.051598
-0.016459,0.069643,-0.039969
-0.018892,0.080208,-0.029947
-0.021457,0.091531,-0.021476
-0.024158,0.10363,-0.014516
-0.026996,0.11651,-0.0090251
-0.024288,0.10189,-0.0044259
-0.021235,0.087987,-0.0016186
-0.018259,0.074781,-0.00043124
-0.016044,0.062215,0.00012027
-0.014665,0.050377,0.0019101
-0.014183,0.039352,0.0049077
-0.01465,0.029227,0.0090287
-0.01611,0.020087,0.014216
-0.01859,0.012015,0.020433
-0.022093,0.0050773,0.027677
-0.019896,0.012555,0.017976
-0.018504,0.021647,0.010649
-0.017881,0.03235,0.0053122
-0.018014,0.044652,0.0018327
-0.018906,0.058537,0.0002166
-0.020572,0.073986,-0.00023096
-0.023034,0.090987,-0.0023595
-0.026323,0.10952,-0.0064589
-0.030475,0.12959,-0.01249
-0.035338,0.1512,-0.020352
-0.032236,0.13844,-0.040646
-0.029294,0.12636,-0.067387
-0.026513,0.11494,-0.10038
-0.023896,0.10417,-0.13948
-0.021444,0.094054,-0.18453
-0.019161,0.084585,-0.23544
-0.017051,0.075763,-0.29207
-0.015119,0.067587,-0.35435
-0.01337,0.060059,-0.42211
-0.01181,0.053183,-0.49533
-0.013832,0.06181,-0.47371
-0.016005,0.071152,-0.45352
-0.018327,0.081208,-0.43435
-0.020798,0.091978,-0.41615
-0.023419,0.10346,-0.39864
-0.026189,0.11566,-0.3818
-0.029106,0.12857,-0.36545
-0.032171,0.14219,-0.34957
-0.035383,0.15652,-0.33405
-0.038741,0.17156,-0.31889
-0.038161,0.1731,-0.25636
-0.037326,0.17423,-0.20568
-0.03624,0.17499,-0.16412
-0.034908,0.17543,-0.1298
-0.033335,0.17558,-0.10137
-0.031527,0.17547,-0.077776
-0.029487,0.17514,-0.058276
-0.027221,0.17462,-0.04225
-0.024733,0.17392,-0.029253
-0.022027,0.17308,-0.018894
-0.027869,0.17533,-0.0050415
-0.032749,0.17806,0.0015705
-0.036653,0.18121,0.003109
-0.039497,0.18463,0.0084802
-0.041262,0.18829,0.018896
-0.042193,0.19211,0.03396
-0.043845,0.19575,0.05335
-0.046495,0.19913,0.076825
-0.050144,0.20224,0.10415
-0.054797,0.20507,0.13514
-0.053157,0.20477,0.15196
-0.051561,0.20439,0.17006
-0.050014,0.20392,0.18935
-0.048518,0.20337,0.20982
-0.047077,0.20275,0.23133
-0.045695,0.20206,0.2539
-0.044374,0.20131,0.27739
-0.043123,0.2005,0.30179
-0.041942,0.19964,0.32698
-0.040832,0.19872,0.35296
-0.041465,0.19445,0.28284
-0.04228,0.19033,0.22503
-0.043296,0.18634,0.17686
-0.044526,0.18246,0.1366
-0.045975,0.17868,0.10298
-0.047649,0.17499,0.075115
-0.049551,0.17136,0.052342
-0.051681,0.16778,0.034163
-0.05404,0.16425,0.020208
-0.056627,0.16075,0.010179
-0.05213,0.1579,0.012392
-0.048017,0.15515,0.014877
-0.044278,0.15249,0.017646
-0.040908,0.14991,0.020695
-0.037897,0.1474,0.024035
-0.035241,0.14496,0.027662
-0.032933,0.14256,0.031587
-0.030968,0.14021,0.035807
-0.029341,0.13789,0.040329
-0.028048,0.1356,0.045151
-0.024446,0.11565,0.057269
-0.0216,0.097832,0.070312
-0.019469,0.081916,0.084237
-0.018015,0.067717,0.099012
-0.017206,0.055068,0.11462
-0.017014,0.043829,0.13105
-0.017415,0.033882,0.14828
-0.018387,0.025136,0.16633
-0.019915,0.017526,0.18516
-0.021988,0.011008,0.20478
-0.021422,0.011834,0.21406
-0.02086,0.012674,0.22295
-0.020305,0.013526,0.23141
-0.019758,0.014386,0.23948
-0.019221,0.015253,0.24713
-0.018696,0.016125,0.2544
-0.018184,0.016999,0.26127
-0.017685,0.017872,0.26778
-0.017202,0.018744,0.2739
-0.016734,0.019611,0.27969
-0.0211,0.028083,0.29625
-0.026024,0.038232,0.31306
-0.031513,0.050094,0.33008
-0.037568,0.063702,0.3473
-0.044193,0.079088,0.36467
-0.051392,0.096281,0.38221
-0.059165,0.11531,0.39987
-0.067514,0.13619,0.41767
-0.076441,0.15896,0.43555
-0.085946,0.18363,0.45354
-0.074799,0.17894,0.49876
-0.064705,0.17418,0.54242
-0.055666,0.16935,0.58463
-0.04768,0.16444,0.62565
-0.040749,0.15947,0.66554
-0.034873,0.15443,0.70451
-0.030053,0.14932,0.74253
-0.026289,0.14416,0.77981
-0.023581,0.13893,0.81626
-0.021932,0.13364,0.85208
-0.022729,0.13836,0.90245
-0.023296,0.1432,0.95387
-0.023613,0.14815,1.006
-0.023682,0.1532,1.0591
-0.0235,0.15836,1.1127
-0.023069,0.16363,1.167
-0.022385,0.16902,1.2216
-0.021451,0.17452,1.2767
-0.020264,0.18015,1.332
-0.018825,0.18591,1.3876
-0.0214,0.16912,1.2445
-0.022789,0.15294,1.1136
-0.023056,0.13741,0.99266
-0.022261,0.12258,0.88078
-0.020463,0.1085,0.77704
-0.018554,0.095058,0.6809
-0.017688,0.082104,0.592
-0.01785,0.069697,0.50994
-0.019024,0.057902,0.43461
-0.021192,0.046775,0.36564
-0.022886,0.058092,0.3466
-0.024832,0.07086,0.3304
-0.02703,0.085089,0.31662
-0.029476,0.10079,0.30466
-0.032173,0.11798,0.29433
-0.03512,0.13668,0.28526
-0.038321,0.1569,0.27737
-0.041776,0.17865,0.27039
-0.045489,0.20197,0.26428
-0.049462,0.22685,0.25887
-0.039973,0.18901,0.28791
-0.031885,0.15467,0.31409
-0.025141,0.12385,0.33811
-0.019686,0.096564,0.36036
-0.015456,0.072828,0.3813
-0.01174,0.052771,0.40114
-0.0081841,0.036457,0.42014
-0.0048074,0.02388,0.43843
-0.0016192,0.015037,0.4561
0.0013828,0.0099274,0.4732
0.0011777,0.012969,0.36967
0.00027268,0.01904,0.28656
-0.0012672,0.028067,0.21887
-0.0033904,0.039997,0.16317
-0.0060581,0.054803,0.11723
-0.0092413,0.072467,0.079539
-0.012923,0.092984,0.049293
-0.017092,0.11635,0.02603
-0.021746,0.14258,0.0096252
-0.026885,0.17167,2.2693e-05
-0.025105,0.17515,0.0064745
-0.022618,0.17884,0.016173
-0.019409,0.18274,0.028552
-0.015458,0.18685,0.043111
-0.010748,0.19117,0.059487
-0.0052609,0.19571,0.077329
0.0010227,0.20045,0.096393
0.0081204,0.2054,0.11643
0.016049,0.21057,0.13729
0.024826,0.21594,0.15879
0.032863,0.18018,0.12847
0.040099,0.14903,0.10644
0.046638,0.12202,0.0901
0.052564,0.098755,0.077762
0.057944,0.078882,0.068326
0.062836,0.062113,0.061027
0.067287,0.048189,0.055341
0.071338,0.036892,0.050874
0.07502,0.028036,0.04735
0.078362,0.021467,0.044547
0.073896,0.024043,0.03056
0.069502,0.027263,0.019351
0.065154,0.031118,0.010802
0.060826,0.035601,0.0048071
0.056495,0.040708,0.0012868
0.052142,0.046437,0.00016271
0.047774,0.052772,-0.0012512
0.043397,0.059704,-0.0049831
0.038999,0.067239,-0.010999
0.034571,0.075386,-0.019278
0.027901,0.073741,-0.016351
0.021892,0.07224,-0.013844
0.016504,0.070875,-0.011673
0.011703,0.069638,-0.0097854
0.0074579,0.068522,-0.0081344
0.0037383,0.067519,-0.0066899
0.00051835,0.066623,-0.0054266
-0.0022257,0.065828,-0.0043271
-0.0045149,0.065128,-0.0033772
-0.0063679,0.064517,-0.002567
-0.0034926,0.056926,-0.00073914
-0.00043828,0.050117,-0.00022946
0.0027926,0.044017,0.00056005
0.0062046,0.038558,0.0023569
0.0098083,0.033676,0.0050618
0.013614,0.029319,0.008604
0.017631,0.025446,0.012935
0.02187,0.022025,0.018022
0.02634,0.019036,0.023842
0.031049,0.016467,0.030382
0.029777,0.018877,0.028933
0.028483,0.021563,0.027351
0.027167,0.024532,0.02566
0.025827,0.027794,0.023887
0.024463,0.031361,0.022056
0.023076,0.035247,0.020188
0.021663,0.039466,0.018305
0.020223,0.044033,0.016427
0.018755,0.048968,0.014571
0.017257,0.054286,0.012755
0.024319,0.051549,0.012581
0.032108,0.049041,0.012442
0.04062,0.046754,0.012329
0.049851,0.044681,0.012238
0.059796,0.042819,0.012164
0.070447,0.041167,0.012104
0.081799,0.039727,0.012055
0.093845,0.0385,0.012015
0.10658,0.03749,0.011982
0.11999,0.036703,0.011953
0.10797,0.031492,0.0089417
0.09653,0.026664,0.0064726
0.085682,0.022235,0.0044724
0.075431,0.018221,0.002885
0.065783,0.014639,0.0016674
0.056745,0.011505,0.00078605
0.048321,0.0088338,0.00021438
0.040519,0.006643,-6.8943e-05
0.033345,0.0049478,-0.00012529
0.026803,0.003764,-0.0003454
0.03167,0.0044338,-0.00011565
0.036856,0.0051456,0.00016278
0.042349,0.0058952,0.00099762
0.048133,0.0066807,0.0023846
0.054198,0.0075007,0.0043177
0.060531,0.0083534,0.0067894
0.067123,0.0092372,0.0097907
0.073965,0.010151,0.013313
0.081049,0.011092,0.017345
0.088369,0.012059,0.021878
0.067366,0.0091632,0.031527
0.049325,0.0067064,0.041695
0.034195,0.0047001,0.052127
0.021928,0.0031444,0.062659
0.012479,0.0020387,0.073201
0.0058058,0.0013807,0.083762
0.0018783,0.0011654,0.094421
0.00067768,0.0013835,0.10536
-0.00074354,0.00163,0.11679
-0.0049182,0.0015562,0.12889
-0.0017239,0.002135,0.12769
0.00017064,0.0025539,0.12706
0.00079333,0.0028159,0.12682
0.0014249,0.0030877,0.12687
0.0033151,0.0035298,0.12707
0.0064777,0.0041391,0.12735
0.010938,0.0049143,0.12764
0.016731,0.0058556,0.1279
0.023899,0.0069643,0.12809
0.032489,0.0082429,0.12821
0.030512,0.0095964,0.131
0.028555,0.011213,0.13381
0.026618,0.013093,0.13662
0.024705,0.015237,0.13943
0.022817,0.017647,0.14223
0.020954,0.020322,0.14503
0.019118,0.023263,0.14781
0.017309,0.026472,0.15057
0.015528,0.02995,0.1533
0.013771,0.033698,0.15601
0.015289,0.026679,0.13436
0.016833,0.020539,0.11577
0.018397,0.015298,0.099675
0.019978,0.010972,0.08565
0.021569,0.0075761,0.073358
0.023164,0.0051218,0.062527
0.024756,0.0036192,0.052942
0.026332,0.0030752,0.044422
0.02794,0.0029973,0.036833
0.029725,0.0020418,0.030056
0.030317,0.0019252,0.036433
0.030927,0.0017951,0.043253
0.031556,0.0016508,0.050481
0.032202,0.0014918,0.058065
0.032866,0.0013174,0.065968
0.033547,0.0011272,0.074138
0.034245,0.00092064,0.082535
0.034958,0.00069749,0.091115
0.035688,0.0004573,0.099836
0.036433,0.00019993,0.10866
0.018915,0.0018398,0.094274
0.0071089,0.0055636,0.083926
-0.00030914,0.017858,0.075603
-0.0042228,0.038823,0.067635
-0.012353,0.068355,0.059233
-0.027403,0.10713,0.050362
-0.05002,0.15606,0.041396
-0.080846,0.21601,0.032831
-0.12049,0.28775,0.02514
-0.16952,0.37201,0.018672
-0.1504,0.30537,0.023662
-0.13284,0.24566,0.028356
-0.11678,0.19274,0.032827
-0.10215,0.14643,0.037158
-0.088916,0.10661,0.04143
-0.077014,0.07311,0.045701
-0.066397,0.045809,0.050017
-0.057016,0.024571,0.054408
-0.048822,0.0092647,0.058894
-0.041766,-0.00023127,0.063486
-0.041654,0.003514,0.04576
-0.041646,0.0083053,0.031383
-0.041732,0.014142,0.019992
-0.041902,0.02101,0.011337
-0.042144,0.028881,0.0052583
-0.042448,0.037721,0.00165
-0.042804,0.047493,0.00044681
-0.043218,0.058165,-0.00064177
-0.043697,0.069709,-0.0040421
-0.044235,0.082089,-0.009718
-0.038367,0.083154,-0.0065723
-0.032978,0.084002,-0.0040917
-0.028084,0.084641,-0.0022053
-0.0237,0.085079,-0.00086298
-0.019843,0.085324,-2.4138e-05
-0.016525,0.085387,0.00034069
-0.01376,0.085278,0.00044204
-0.011557,0.085008,0.00092665
-0.0099287,0.084589,0.0018357
-0.0088844,0.084035,0.0031578
-0.0086632,0.082907,0.0035544
-0.0084418,0.081698,0.0039089
-0.0082212,0.080405,0.0042178
-0.0080026,0.079031,0.0044789
-0.0077872,0.077576,0.0046924
-0.0075763,0.076041,0.0048588
-0.0073715,0.074426,0.0049801
-0.0071734,0.072734,0.0050585
-0.0069626,0.070967,0.0050968
-0.006729,0.06913,0.0050979
-0.0071647,0.072669,0.012314
-0.0079695,0.076257,0.02249
-0.009209,0.079889,0.035465
-0.010865,0.083569,0.051083
-0.012919,0.0873,0.069181
-0.015351,0.091085,0.08959
-0.018141,0.094927,0.11212
-0.021271,0.098829,0.13659
-0.024723,0.10279,0.1628
-0.028482,0.10682,0.19058
-0.020509,0.098401,0.18112
-0.014478,0.090472,0.17491
-0.010292,0.082978,0.17111
-0.0078703,0.075864,0.16917
-0.0068466,0.069111,0.16865
-0.004801,0.062892,0.16927
-0.0012354,0.057206,0.17078
0.0038371,0.052013,0.17303
0.010417,0.04728,0.17586
0.018517,0.042982,0.17917
0.016922,0.046044,0.1679
0.015358,0.049234,0.15826
0.013826,0.05255,0.14998
0.012325,0.055993,0.14283
0.010856,0.059564,0.13664
0.0094173,0.063261,0.13128
0.0080103,0.067085,0.12663
0.0066345,0.071036,0.12261
0.00529,0.075114,0.11912
0.0039766,0.079319,0.11611
-0.0021293,0.09251,0.12852
-0.0070346,0.10704,0.14054
-0.010728,0.12296,0.1521
-0.013198,0.1403,0.16309
-0.0153,0.15904,0.17338
-0.018798,0.17906,0.18288
-0.023757,0.2004,0.19148
-0.030191,0.22307,0.19912
-0.038114,0.24711,0.20575
-0.047538,0.27254,0.21135
-0.042321,0.23377,0.19712
-0.037334,0.19794,0.18587
-0.032587,0.16508,0.17675
-0.028097,0.13518,0.16925
-0.023879,0.10825,0.16297
-0.019952,0.084311,0.15765
-0.016338,0.063359,0.15309
-0.013059,0.045408,0.14914
-0.010141,0.030465,0.14569
-0.0076107,0.018542,0.14264
-0.010154,0.033699,0.10954
-0.013327,0.053537,0.080897
-0.017095,0.078046,0.056329
-0.021428,0.10722,0.035836
-0.0263,0.14104,0.01959
-0.031683,0.1795,0.0077559
-0.037556,0.2226,0.00044668
-0.043894,0.27034,-0.002336
-0.050631,0.32267,-0.0050268
-0.057706,0.37957,-0.012125
-0.045681,0.33721,-0.011944
-0.035453,0.29823,-0.012181
-0.027013,0.26241,-0.012716
-0.020359,0.22955,-0.013481
-0.015485,0.19945,-0.014422
-0.012389,0.17195,-0.015509
-0.0099025,0.14696,-0.016697
-0.0060565,0.12447,-0.017953
-0.00079531,0.10433,-0.019254
0.0059027,0.086407,-0.020593
0.00051096,0.079771,-0.014031
-0.0028939,0.073336,-0.0091293
-0.004389,0.067135,-0.0055513
-0.0044284,0.061172,-0.0030629
-0.0057449,0.055296,-0.0015097
-0.0088357,0.04951,-0.0007705
-0.013689,0.043855,-0.00058829
-0.020321,0.038375,6.5726e-05
-0.028757,0.033097,0.0013295
-0.039039,0.028038,0.003186
-0.032103,0.034173,-0.00058062
-0.025999,0.040707,-0.0020149
-0.020682,0.047581,-0.0075043
-0.016158,0.054831,-0.017127
-0.012436,0.062502,-0.030735
-0.0095178,0.070641,-0.04824
-0.0074058,0.079296,-0.069571
-0.0060996,0.088511,-0.094653
-0.0055976,0.098326,-0.12338
-0.0058065,0.10879,-0.15563
-0.007371,0.12931,-0.14437
-0.0097387,0.15183,-0.13446
-0.012983,0.17646,-0.12573
-0.017082,0.20331,-0.11809
-0.022013,0.23247,-0.11144
-0.027752,0.26404,-0.10572
-0.034274,0.2981,-0.10084
-0.041555,0.33471,-0.096743
-0.049573,0.37394,-0.093348
-0.058304,0.41583,-0.090591
-0.05525,0.43864,-0.062567
-0.052459,0.46177,-0.04138
-0.049938,0.48522,-0.026199
-0.047694,0.50904,-0.016402
-0.045731,0.53322,-0.011515
-0.044059,0.5578,-0.010784
-0.042712,0.58289,-0.0080137
-0.041702,0.60853,-0.001296
-0.041025,0.63472,0.0091618
-0.04068,0.66146,0.023186
-0.04056,0.65505,0.024194
-0.040516,0.64927,0.025072
-0.040546,0.64407,0.025792
-0.040649,0.63942,0.026344
-0.040823,0.63528,0.026712
-0.041068,0.63164,0.026898
-0.041382,0.62845,0.026891
-0.041765,0.6257,0.026701
-0.042216,0.62337,0.026326
-0.042734,0.62144,0.025775
-0.049122,0.58742,0.033501
-0.058042,0.55503,0.042123
-0.069462,0.52411,0.051581
-0.083358,0.49454,0.061832
-0.09971,0.46619,0.072831
-0.1185,0.43897,0.084545
-0.13973,0.41278,0.09693
-0.16338,0.38755,0.10996
-0.18945,0.36321,0.1236
-0.21795,0.33972,0.13783
-0.20668,0.30164,0.11549
-0.19576,0.26637,0.096979
-0.18518,0.23375,0.081318
-0.17492,0.20367,0.067907
-0.16499,0.17602,0.056321
-0.15538,0.15068,0.046271
-0.14607,0.12758,0.037543
-0.13708,0.10663,0.02998
-0.12839,0.08774,0.02346
-0.12,0.07085,0.017885
-0.099597,0.067734,0.031913
-0.081306,0.064888,0.047746
-0.06505,0.062273,0.064836
-0.05076,0.059854,0.082826
-0.038375,0.057601,0.10148
-0.027839,0.055488,0.12067
-0.019107,0.053491,0.14027
-0.01214,0.051586,0.16026
-0.0069062,0.049755,0.18057
-0.0033856,0.047976,0.20122
-0.0043585,0.052057,0.21219
-0.0054966,0.056284,0.22322
-0.0067993,0.060656,0.23426
-0.0082659,0.065171,0.24534
-0.0098957,0.069826,0.2564
-0.011688,0.074615,0.26747
-0.013642,0.079538,0.27849
-0.015758,0.084595,0.28948
-0.018034,0.089791,0.3004
-0.020471,0.095126,0.31127
-0.022307,0.089392,0.30072
-0.024292,0.08392,0.29361
-0.026425,0.078688,0.28921
-0.028708,0.073682,0.28704
-0.03114,0.068892,0.2867
-0.033722,0.064308,0.28791
-0.036452,0.059925,0.29045
-0.039331,0.055739,0.29414
-0.042356,0.051744,0.29883
-0.045528,0.047938,0.30442
-0.040339,0.051242,0.25688
-0.035556,0.055067,0.21805
-0.031158,0.05935,0.18586
-0.027126,0.064047,0.15887
-0.023445,0.069126,0.13601
-0.020101,0.074562,0.11646
-0.017086,0.080337,0.099643
-0.014391,0.086437,0.085062
-0.012009,0.092851,0.072378
-0.0099359,0.09957,0.061284
-0.0077245,0.090917,0.03993
-0.0058341,0.082449,0.023284
-0.0042634,0.07421,0.011114
-0.0030112,0.066241,0.0031643
-0.0020762,0.058588,-0.00079293
-0.0014587,0.05128,-0.0015492
-0.0011569,0.04424,-0.0045337
-0.0007722,0.037507,-0.010932
-0.00010562,0.03115,-0.020603
0.00084157,0.025226,-0.033461
-2.0002e-05,0.029398,-0.033421
-0.00061984,0.033872,-0.033413
-0.00096459,0.038645,-0.033423
-0.001128,0.04371,-0.033465
-0.0014791,0.049055,-0.033526
-0.0020663,0.054675,-0.03362
-0.0028805,0.060569,-0.033739
-0.0039133,0.066733,-0.033897
-0.005156,0.073166,-0.034085
-0.0066007,0.079866,-0.034315
-0.003213,0.074427,-0.039231
-0.0015967,0.069229,-0.044534
-0.0010052,0.064262,-0.050202
0.001104,0.05955,-0.056238
0.0049448,0.055072,-0.062625
0.01052,0.050807,-0.069363
0.017836,0.046737,-0.076438
0.026906,0.04285,-0.083853
0.037743,0.039138,-0.091586
0.050364,0.035597,-0.099641
0.037808,0.03373,-0.10549
0.027108,0.032175,-0.11148
0.018215,0.030891,-0.11757
0.011083,0.029841,-0.12375
0.005674,0.028986,-0.12999
0.001957,0.028287,-0.1363
-8.9594e-05,0.027708,-0.14266
-0.00058447,0.027212,-0.14907
-0.0018111,0.026732,-0.15551
-0.0046974,0.026229,-0.162
-0.00084056,0.013559,-0.13442
0.00013944,0.0050912,-0.11089
0.0031414,0.00070077,-0.090541
0.0091883,-0.00020298,-0.072719
0.018364,-0.0032974,-0.056931
0.030814,-0.010329,-0.042913
0.046724,-0.02144,-0.030632
0.066288,-0.036794,-0.020196
0.089689,-0.056542,-0.011799
0.1171,-0.08082,-0.0056402
0.088525,-0.056602,-0.012716
0.064168,-0.037561,-0.022999
0.043904,-0.02303,-0.036613
0.027612,-0.012397,-0.053627
0.015173,-0.0051152,-0.07408
0.0064783,-0.00072103,-0.097969
0.0014431,0.0011046,-0.12527
-2.216e-05,0.0025292,-0.1559
-0.002238,0.0067006,-0.18974
-0.0081554,0.013937,-0.22663
-0.007782,0.014426,-0.1928
-0.0073354,0.014922,-0.16349
-0.0068276,0.015424,-0.13797
-0.0062703,0.015934,-0.11572
-0.0056758,0.016452,-0.096291
-0.0050566,0.016981,-0.07934
-0.0044252,0.017522,-0.064578
-0.0037941,0.018074,-0.051764
-0.0031759,0.018641,-0.040704
-0.0025831,0.019223,-0.031225
-0.004831,0.013492,-0.037164
-0.0078107,0.0088426,-0.043388
-0.011515,0.0053166,-0.049944
-0.015925,0.0029301,-0.056871
-0.021014,0.0016726,-0.064213
-0.026753,0.001485,-0.071988
-0.033112,0.0010316,-0.080231
-0.040064,-0.00038046,-0.088933
-0.047583,-0.0026973,-0.098062
-0.055648,-0.0058693,-0.10757
-0.053274,0.00032239,-0.081066
-0.050837,0.0015955,-0.059516
-0.048365,0.0049488,-0.04191
-0.045897,0.013565,-0.027571
-0.043475,0.027448,-0.016124
-0.041132,0.046626,-0.0073863
-0.038887,0.071147,-0.0013265
-0.036743,0.10107,0.0020135
-0.034697,0.13642,0.0035633
-0.032739,0.17716,0.0076694
-0.026346,0.21929,0.0094738
-0.020316,0.26678,0.011491
-0.014705,0.31989,0.013724
-0.0095701,0.37883,0.016175
-0.0049732,0.4438,0.018844
-0.0009775,0.51497,0.021727
0.0023558,0.5925,0.024819
0.0049643,0.67651,0.028108
0.0067907,0.76709,0.031577
0.008296,0.86431,0.035201
0.0078131,0.79652,0.035568
0.0073892,0.73153,0.036021
0.0070057,0.6693,0.036527
0.0065869,0.60983,0.037055
0.0061209,0.55311,0.037591
0.0056228,0.49913,0.038123
0.0051079,0.44788,0.038645
0.0045877,0.39938,0.039155
0.0040739,0.3536,0.039652
0.0035751,0.31057,0.040136
0.0030662,0.31294,0.028615
0.002275,0.31535,0.020294
0.0012102,0.3178,0.014301
-0.0001227,0.3203,0.010023
-0.0017181,0.32285,0.0070191
-0.0035727,0.32545,0.0049689
-0.0056821,0.32811,0.0036378
-0.0080442,0.33082,0.0028491
-0.010655,0.33358,0.0024489
-0.013513,0.33641,0.0019153
-0.018236,0.30403,-0.0064034
-0.023321,0.27394,-0.02434
-0.028767,0.24592,-0.050584
-0.034575,0.21979,-0.084217
-0.040746,0.19539,-0.12456
-0.047282,0.17257,-0.17114
-0.054187,0.15124,-0.22353
-0.061465,0.1313,-0.28148
-0.069121,0.11267,-0.34467
-0.077159,0.095308,-0.41294
-0.084939,0.10379,-0.32811
-0.093017,0.11269,-0.25959
-0.1014,0.122,-0.20353
-0.11011,0.13169,-0.15745
-0.11914,0.14174,-0.11953
-0.1285,0.15216,-0.08848
-0.1382,0.16293,-0.063338
-0.14823,0.17403,-0.043362
-0.15861,0.18547,-0.027979
-0.16933,0.19724,-0.016726
-0.15372,0.19757,-0.031955
-0.13886,0.19764,-0.050125
-0.12476,0.19749,-0.070208
-0.11141,0.19712,-0.09155
-0.098787,0.19656,-0.11375
-0.086897,0.19582,-0.13654
-0.07573,0.19491,-0.15976
-0.065283,0.19383,-0.18331
-0.055549,0.1926,-0.2071
-0.046525,0.19124,-0.23109
-0.041549,0.20134,-0.17577
-0.036845,0.21136,-0.13195
-0.03239,0.22134,-0.097172
-0.028164,0.23131,-0.069734
-0.024151,0.2413,-0.04842
-0.02034,0.25131,-0.032338
-0.01672,0.26137,-0.020827
-0.013284,0.27147,-0.013374
-0.010027,0.28163,-0.0095908
-0.0069452,0.29185,-0.0090235
-0.0059121,0.30175,-0.010124
-0.0048641,0.31179,-0.012835
-0.0038003,0.32199,-0.016972
-0.0027219,0.33235,-0.02229
-0.0016288,0.34287,-0.02861
-0.00052243,0.35356,-0.035793
0.00059745,0.36443,-0.043741
0.0017294,0.37548,-0.052373
0.0028735,0.38673,-0.061638
0.0040284,0.39818,-0.071488
0.0019417,0.35632,-0.071752
-5.4719e-05,0.31676,-0.072506
-0.0019531,0.2795,-0.073681
-0.0037476,0.24454,-0.075233
-0.0054315,0.21188,-0.077131
-0.0069994,0.18152,-0.079355
-0.0084456,0.15347,-0.081891
-0.0097656,0.12771,-0.084728
-0.010955,0.10426,-0.087862
-0.012009,0.083111,-0.091291
-0.012623,0.081986,-0.10267
-0.013248,0.080845,-0.11469
-0.013884,0.079687,-0.12732
-0.01453,0.078516,-0.14059
-0.015187,0.077331,-0.15446
-0.015855,0.076135,-0.16894
-0.016533,0.074928,-0.18402
-0.017222,0.073714,-0.1997
-0.017921,0.072492,-0.21595
-0.018631,0.071266,-0.2328
-0.026815,0.065791,-0.23464
-0.036183,0.060635,-0.23649
-0.046738,0.055778,-0.23831
-0.058488,0.05121,-0.2401
-0.071439,0.04692,-0.24183
-0.085598,0.042906,-0.24352
-0.10097,0.039165,-0.24512
-0.11758,0.0357,-0.24665
-0.13541,0.032514,-0.24808
-0.15449,0.029614,-0.24943
-0.12876,0.02651,-0.18596
-0.1058,0.02351,-0.13572
-0.085459,0.020666,-0.096005
-0.067609,0.01801,-0.064935
-0.052125,0.015558,-0.041138
-0.038887,0.013315,-0.023556
-0.027782,0.011284,-0.011368
-0.018695,0.0094626,-0.0038825
-0.011515,0.0078442,-0.00052648
-0.0061357,0.0064515,0.00041462
-0.008254,0.0099047,-0.0010051
-0.010546,0.013975,-0.0069877
-0.012945,0.018607,-0.019712
-0.015397,0.023784,-0.04007
-0.017856,0.029503,-0.068766
-0.020283,0.035769,-0.10622
-0.022645,0.042599,-0.15255
-0.024918,0.05002,-0.20761
-0.027082,0.058062,-0.27097
-0.029122,0.066763,-0.34205
-0.026643,0.074242,-0.32911
-0.024207,0.081991,-0.3178
-0.021813,0.09002,-0.30773
-0.019459,0.098337,-0.29873
-0.017145,0.10695,-0.29056
-0.014869,0.11587,-0.2831
-0.01263,0.12509,-0.2762
-0.01043,0.13462,-0.26977
-0.0082664,0.14447,-0.2637
-0.0061394,0.15464,-0.25794
-0.0089818,0.12589,-0.23873
-0.011534,0.099992,-0.22361
-0.013787,0.07701,-0.21158
-0.015733,0.056989,-0.20195
-0.017368,0.03997,-0.19422
-0.018691,0.025988,-0.18801
-0.019707,0.015072,-0.183
-0.020425,0.0072472,-0.17895
-0.020861,0.0025331,-0.17564
-0.021039,0.0009444,-0.17288
-0.023239,0.0012155,-0.17716
-0.025549,0.0014974,-0.18093
-0.027972,0.0017781,-0.18419
-0.030505,0.0020575,-0.18694
-0.03315,0.0023335,-0.18918
-0.035907,0.0026054,-0.19092
-0.038774,0.0028714,-0.19219
-0.041754,0.0031304,-0.19299
-0.044844,0.0033811,-0.19334
-0.048046,0.0036227,-0.19327
-0.04346,0.003693,-0.18328
-0.039184,0.0036895,-0.17439
-0.035202,0.003604,-0.16642
-0.031499,0.003444,-0.15924
-0.028052,0.0033598,-0.15273
-0.024845,0.0033966,-0.14679
-0.021864,0.0035615,-0.14134
-0.019099,0.0038608,-0.1363
-0.016538,0.0043007,-0.13164
-0.01417,0.0048862,-0.12728
-0.011644,0.005266,-0.13137
-0.0093493,0.0056746,-0.13486
-0.007285,0.0061091,-0.13779
-0.0054509,0.0065667,-0.14019
-0.0038467,0.0070456,-0.14209
-0.0024719,0.0075438,-0.14351
-0.001326,0.0080608,-0.14449
-0.00040871,0.0085947,-0.14506
0.00028035,0.0091465,-0.14524
0.00074144,0.0097117,-0.14505
0.0016784,0.021061,-0.11468
0.0029819,0.037959,-0.088223
0.0047022,0.060738,-0.064794
0.0069836,0.089869,-0.044205
0.0098891,0.1259,-0.026712
0.01347,0.16937,-0.012728
0.017778,0.22084,-0.0026786
0.022863,0.28082,0.0031276
0.02877,0.34976,0.0052298
0.035528,0.428,0.010266
0.032623,0.40272,0.0054644
0.030208,0.37873,0.0020803
0.028296,0.356,-0.0063889
0.026549,0.33443,-0.018594
0.024458,0.31398,-0.033684
0.022008,0.29457,-0.051098
0.019192,0.27613,-0.070472
0.016001,0.25859,-0.091545
0.01243,0.2419,-0.11414
0.0084722,0.22602,-0.13812
0.01164,0.21809,-0.118
0.013919,0.21025,-0.10168
0.015347,0.20251,-0.088214
0.015957,0.19487,-0.076944
0.015781,0.18733,-0.067394
0.015584,0.17986,-0.059214
0.016124,0.17238,-0.052141
0.01738,0.16492,-0.045974
0.019335,0.15748,-0.040558
0.021973,0.15007,-0.035772
0.021005,0.14992,-0.038989
0.020096,0.14977,-0.042724
0.019246,0.1496,-0.046985
0.018456,0.14942,-0.051776
0.017726,0.14923,-0.057107
0.017056,0.14902,-0.062986
0.016445,0.1488,-0.069426
0.015895,0.14856,-0.076438
0.015404,0.14831,-0.084031
0.014974,0.14803,-0.092219
0.013349,0.13559,-0.055584
0.011919,0.12384,-0.029249
0.010656,0.11274,-0.011927
0.0095369,0.10225,-0.0026375
0.0085417,0.092317,-0.00033012
0.0076483,0.082975,0.0043465
0.0068431,0.074227,0.015285
0.0060711,0.066065,0.032157
0.0053033,0.05848,0.054728
0.0045414,0.051463,0.082852
0.0045815,0.055494,0.074259
0.0044375,0.059685,0.066094
0.0041058,0.064036,0.058351
0.0035813,0.068544,0.05105
0.002858,0.073206,0.044188
0.0019289,0.07802,0.03778
0.00078635,0.082984,0.031826
-0.00057805,0.088098,0.026336
-0.002173,0.093358,0.021311
-0.0040079,0.098764,0.016761
-0.0074069,0.10301,0.0015264
-0.011271,0.10753,-0.0019661
-0.015605,0.11213,-0.011356
-0.020413,0.11673,-0.031269
-0.025695,0.12137,-0.060934
-0.031454,0.12604,-0.099662
-0.037689,0.13078,-0.14677
-0.044401,0.13559,-0.20157
-0.051588,0.14049,-0.26337
-0.059252,0.14549,-0.3315
-0.048542,0.12976,-0.23216
-0.039151,0.11509,-0.15616
-0.03097,0.10147,-0.098444
-0.023906,0.088852,-0.055876
-0.017873,0.077209,-0.026341
-0.01279,0.066494,-0.008392
-0.0085858,0.056661,-0.00099781
-0.0051841,0.047734,0.0021807
-0.0025073,0.039819,0.014098
-0.00050107,0.032858,0.034953
0.0013852,0.041634,0.02245
0.0032791,0.051586,0.012609
0.0051811,0.062719,0.0054166
0.0070892,0.075036,0.00086553
0.0089995,0.088542,-0.001066
0.010904,0.10322,-0.0021534
0.01279,0.11904,-0.005742
0.014707,0.13599,-0.011879
0.016901,0.15407,-0.02053
0.019408,0.17328,-0.03166
0.017273,0.15541,-0.048728
0.015294,0.13853,-0.068574
0.01347,0.12263,-0.090847
0.011801,0.10769,-0.1153
0.010244,0.093702,-0.14176
0.0087119,0.080669,-0.17008
0.0072009,0.068576,-0.20015
0.0057107,0.057414,-0.23191
0.0042413,0.047176,-0.26526
0.0027931,0.037856,-0.30019
0.0040144,0.041279,-0.23881
0.0047963,0.044413,-0.18872
0.005299,0.047289,-0.14749
0.0061541,0.049877,-0.11344
0.0074362,0.052211,-0.085318
0.0091604,0.054329,-0.062219
0.011338,0.05627,-0.043459
0.013976,0.058075,-0.028526
0.017077,0.059785,-0.017047
0.020641,0.061436,-0.0087346
0.015266,0.061742,-0.0079157
0.011261,0.06198,-0.0071199
0.0086453,0.06213,-0.0063593
0.0074339,0.062171,-0.0056356
0.0070725,0.062148,-0.0049536
0.0054913,0.062287,-0.0043086
0.0024982,0.062595,-0.0037031
-0.0019019,0.063055,-0.0031358
-0.007699,0.063654,-0.0026098
-0.014879,0.06438,-0.0021241
-0.016769,0.064049,-0.004712
-0.01874,0.063723,-0.0084374
-0.020794,0.063397,-0.013288
-0.022932,0.063069,-0.019248
-0.025158,0.062736,-0.026309
-0.027472,0.062396,-0.034457
-0.029878,0.062048,-0.043686
-0.032376,0.061691,-0.053986
-0.034969,0.061325,-0.065351
-0.037658,0.06095,-0.077777
-0.048601,0.048584,-0.094021
-0.060186,0.038213,-0.11028
-0.072432,0.029817,-0.12648
-0.085361,0.023391,-0.14262
-0.098995,0.018943,-0.15863
-0.11336,0.01649,-0.17449
-0.12846,0.016059,-0.19012
-0.14436,0.017521,-0.20548
-0.16142,0.018174,-0.22045
-0.17978,0.017015,-0.23497
-0.15058,0.015643,-0.24877
-0.12404,0.013871,-0.2617
-0.10016,0.011766,-0.27376
-0.078911,0.0093858,-0.28505
-0.06023,0.0072185,-0.29555
-0.044034,0.0058685,-0.30536
-0.03032,0.0053075,-0.31447
-0.019086,0.0055113,-0.32298
-0.010333,0.0064647,-0.33087
-0.0040583,0.0081614,-0.33823
-0.0036998,0.01695,-0.37784
-0.002985,0.028968,-0.41902
-0.0019048,0.044288,-0.46146
-0.00044917,0.062979,-0.50499
0.0013921,0.085107,-0.54926
0.0036286,0.11073,-0.59417
0.0062705,0.13992,-0.63941
0.0093268,0.17271,-0.68494
0.012807,0.20915,-0.73048
0.016721,0.24928,-0.77609
0.010825,0.23158,-0.74422
0.0045437,0.21417,-0.72453
-0.0020999,0.19714,-0.71339
-0.0090894,0.18058,-0.70873
-0.016409,0.16458,-0.70889
-0.024048,0.14921,-0.7129
-0.031993,0.13453,-0.71989
-0.040236,0.1206,-0.72937
-0.048767,0.10748,-0.74084
-0.057579,0.095199,-0.75404
-0.043214,0.093672,-0.69937
-0.030627,0.092752,-0.64961
-0.019731,0.092403,-0.60482
-0.010448,0.092592,-0.56338
-0.0027092,0.093288,-0.52544
0.0035456,0.094465,-0.48996
0.0083686,0.096099,-0.45707
0.011805,0.098166,-0.42606
0.013893,0.10064,-0.39702
0.014777,0.1035,-0.36949
0.015853,0.11145,-0.33303
0.016515,0.11964,-0.30016
0.016656,0.12811,-0.27045
0.016281,0.13686,-0.24334
0.015395,0.1459,-0.21859
0.014,0.15526,-0.19584
0.012099,0.16494,-0.17493
0.0096899,0.17496,-0.15565
0.0067745,0.18533,-0.13788
0.0033508,0.19605,-0.12149
0.0045479,0.23099,-0.096792
0.0058761,0.26935,-0.075338
0.007337,0.31125,-0.056951
0.0089308,0.35683,-0.041475
0.010659,0.4062,-0.028772
0.012522,0.45945,-0.018717
0.014521,0.51665,-0.011191
0.016654,0.57786,-0.0060891
0.018924,0.64313,-0.0033082
0.021329,0.71247,-0.0027422
0.015791,0.71114,-0.0027636
0.010079,0.70966,-0.0027302
0.004199,0.70804,-0.0026664
-0.0018496,0.70629,-0.0026006
-0.0080626,0.70439,-0.0025505
-0.014439,0.70237,-0.002537
-0.020975,0.70022,-0.0025683
-0.027671,0.69795,-0.0026564
-0.034522,0.69556,-0.0028001
-0.041528,0.69304,-0.0030033
-0.046083,0.61239,-0.0040805
-0.050205,0.53778,-0.006739
-0.053896,0.46894,-0.010567
-0.057161,0.40563,-0.014554
-0.060001,0.34763,-0.018245
-0.062419,0.29475,-0.021462
-0.064413,0.24682,-0.024122
-0.065984,0.20369,-0.026225
-0.067129,0.1652,-0.027769
-0.067849,0.13122,-0.028798
-0.059052,0.12945,-0.018881
-0.050884,0.12814,-0.011657
-0.043292,0.12726,-0.0066129
-0.03623,0.12674,-0.0033978
-0.029659,0.12657,-0.0017464
-0.023544,0.1267,-0.0013862
-0.01786,0.12713,-0.00052072
-0.012583,0.12783,0.0014521
-0.0076911,0.12878,0.0044505
-0.0031663,0.12996,0.0084059
0.010193,0.1407,9.6245e-05
0.02005,0.1527,-0.0021203
0.026441,0.16586,-0.0067654
0.029867,0.18002,-0.017357
0.035631,0.19432,-0.033697
0.045194,0.20848,-0.055649
0.058612,0.22249,-0.083062
0.075953,0.23631,-0.11583
0.097284,0.24991,-0.15377
0.12268,0.26327,-0.19679
0.096185,0.26541,-0.17458
0.075199,0.26663,-0.15461
0.059729,0.26691,-0.13638
0.049782,0.26625,-0.11969
0.045363,0.26466,-0.10432
0.043221,0.26267,-0.090203
0.035852,0.26155,-0.077292
0.022955,0.26136,-0.065545
0.0045308,0.2621,-0.054924
-0.019421,0.26377,-0.045411
-0.020125,0.27114,-0.015186
-0.020744,0.27835,-0.0061752
-0.021348,0.28572,0.0013106
-0.021997,0.29354,0.02295
-0.022681,0.30174,0.056845
-0.023395,0.31027,0.10132
-0.024131,0.31909,0.1554
-0.024886,0.32817,0.21792
-0.025653,0.3375,0.28821
-0.02643,0.34708,0.36548
-0.01542,0.33796,0.19982
-0.005664,0.33022,0.096526
0.0030175,0.32343,0.03451
0.01074,0.31736,0.0019077
0.017585,0.31187,-0.0084897
0.023667,0.3065,-0.015604
0.029089,0.30077,-0.037032
0.033864,0.29473,-0.070677
0.038002,0.28845,-0.11494
0.041511,0.28194,-0.16869
0.04146,0.27706,-0.12406
0.04135,0.27173,-0.09145
0.041175,0.26607,-0.067234
0.040935,0.26017,-0.049142
0.040629,0.25409,-0.035613
0.040258,0.24786,-0.025563
0.039825,0.24153,-0.018239
0.039332,0.23511,-0.013078
0.038779,0.22864,-0.0096823
0.03817,0.22212,-0.0077418
0.035202,0.20531,-0.0079133
0.032416,0.18943,-0.0083275
0.029805,0.17445,-0.0089774
0.027359,0.16031,-0.0098557
0.025072,0.14699,-0.010964
0.022935,0.13444,-0.012299
0.020943,0.12263,-0.013865
0.019086,0.11153,-0.015663
0.017358,0.10111,-0.017699
0.015751,0.091327,-0.01997
0.014303,0.078033,-0.021036
0.012458,0.065851,-0.021957
0.010589,0.054715,-0.022748
0.0093528,0.044503,-0.023416
0.0087247,0.035222,-0.023977
0.0086659,0.026877,-0.024444
0.0091432,0.019476,-0.024833
0.010131,0.013022,-0.025157
0.011613,0.0075183,-0.025435
0.013585,0.0029639,-0.025681
0.014168,0.014083,-0.02951
0.015835,0.03091,-0.033688
0.018649,0.053705,-0.038198
0.022697,0.082725,-0.043022
0.028073,0.11821,-0.048157
0.034873,0.16039,-0.053598
0.043189,0.20946,-0.059351
0.053111,0.26561,-0.065419
0.064722,0.32898,-0.071809
0.078103,0.39974,-0.078526
0.072262,0.36795,-0.059013
0.066864,0.33746,-0.043609
0.061908,0.30828,-0.031491
0.057391,0.2804,-0.02209
0.053311,0.25382,-0.015005
0.049667,0.22855,-0.0099342
0.046458,0.20456,-0.0066564
0.043685,0.18186,-0.0049934
0.041343,0.16046,-0.00383
0.039432,0.14039,-0.0014405
0.032737,0.12079,-0.0023755
0.026831,0.1028,-0.0025393
0.021666,0.086383,-0.0022223
0.017197,0.071481,-0.0022578
0.013381,0.058064,-0.0027302
0.010173,0.046104,-0.0035603
0.0075327,0.035573,-0.0046887
0.0054191,0.026444,-0.0060653
0.0037923,0.018688,-0.0076515
0.0024273,0.012312,-0.0094132
0.0037459,0.018447,-0.0075894
0.0052463,0.025768,-0.0059141
0.0070693,0.034233,-0.0044441
0.0092379,0.043825,-0.0032306
0.011758,0.05453,-0.0023182
0.014635,0.066339,-0.001738
0.017875,0.079242,-0.0015107
0.021483,0.093234,-0.0016063
0.025467,0.10832,-0.0015095
0.02983,0.12449,-0.0010614
0.028617,0.10948,-0.00053777
0.027958,0.095658,0.00013096
0.027839,0.082921,0.00097987
0.028245,0.071191,0.0020539
0.029165,0.060392,0.0033969
0.030586,0.050455,0.0050531
0.032496,0.041315,0.0070595
0.034885,0.032915,0.0094508
0.037744,0.025205,0.012252
0.041065,0.018142,0.015488
0.037569,0.017902,0.009624
0.034237,0.017606,0.0051752
0.031068,0.017256,0.0020953
0.028061,0.016855,0.00034633
0.025216,0.016406,-0.00012971
0.022531,0.015907,-0.00090614
0.020004,0.01536,-0.0029185
0.017635,0.014776,-0.006143
0.015423,0.014166,-0.01056
0.013368,0.013539,-0.016153
0.0094901,0.018244,-0.019262
0.0071431,0.023043,-0.0225
0.0063348,0.027938,-0.025922
0.0069524,0.032952,-0.029586
0.0070238,0.038513,-0.033529
0.0058235,0.044779,-0.037769
0.0034014,0.051748,-0.042301
-0.0001911,0.059411,-0.047107
-0.0049034,0.067765,-0.05215
-0.010688,0.076804,-0.05739
-0.020163,0.069155,-0.072821
-0.030445,0.062424,-0.089641
-0.04155,0.056614,-0.10778
-0.053498,0.051731,-0.12717
-0.06631,0.04778,-0.14774
-0.08001,0.04477,-0.16945
-0.094621,0.042709,-0.19219
-0.11017,0.041604,-0.21593
-0.12667,0.041466,-0.24054
-0.14416,0.042301,-0.266
-0.10143,0.033262,-0.29629
-0.066654,0.025956,-0.32915
-0.039472,0.020325,-0.36422
-0.019585,0.016324,-0.40135
-0.0067718,0.013923,-0.44024
-0.00090306,0.013112,-0.48081
0.00069374,0.013311,-0.52281
0.0082513,0.012244,-0.56623
0.022928,0.0096447,-0.61074
0.044925,0.0054537,-0.65628
0.034,0.0056535,-0.55516
0.024399,0.0059396,-0.47631
0.016227,0.0061977,-0.41322
0.0095707,0.0063372,-0.36185
0.0045083,0.0063079,-0.31939
0.0011086,0.0060609,-0.28374
-0.00056835,0.0055671,-0.25351
-0.00098833,0.0049147,-0.22743
-0.0028337,0.0047026,-0.20468
-0.006512,0.0050107,-0.18445
-0.0027726,0.0068292,-0.19753
0.00036188,0.012016,-0.21028
0.0029205,0.020695,-0.22301
0.0063037,0.032757,-0.23579
0.01185,0.048155,-0.24867
0.01963,0.067158,-0.26151
0.029715,0.090043,-0.27415
0.042177,0.11708,-0.28634
0.057086,0.14851,-0.29784
0.074505,0.18459,-0.30844
0.072749,0.18885,-0.3106
0.071129,0.19303,-0.31076
0.069642,0.19714,-0.30922
0.068286,0.20118,-0.30624
0.067057,0.20515,-0.30205
0.065953,0.20906,-0.29683
0.064971,0.21292,-0.29076
0.064108,0.21671,-0.28397
0.063361,0.22045,-0.27659
0.062729,0.22414,-0.26871
0.074137,0.23058,-0.30283
0.088498,0.23634,-0.33739
0.10585,0.24141,-0.37223
0.12622,0.24578,-0.40723
0.14965,0.24941,-0.44227
0.17618,0.25229,-0.47729
0.20584,0.25441,-0.51214
0.23866,0.25576,-0.54683
0.27468,0.25633,-0.5812
0.31393,0.25612,-0.61527
0.27573,0.21251,-0.68059
0.24016,0.17362,-0.74055
0.20716,0.1392,-0.79626
0.17669,0.109,-0.84873
0.14872,0.082813,-0.89836
0.12321,0.06044,-0.94579
0.10015,0.041707,-0.99105
0.079504,0.026463,-1.0346
0.061263,0.014572,-1.0763
0.045412,0.0059227,-1.1165
0.042949,0.010081,-1.0536
0.040746,0.014916,-1.0054
0.038814,0.02039,-0.96769
0.03716,0.026481,-0.93787
0.035788,0.033172,-0.914
0.034701,0.040452,-0.89474
0.0339,0.048311,-0.87914
0.033387,0.056744,-0.86639
0.033163,0.065747,-0.85599
0.033229,0.075316,-0.84743
0.037609,0.060775,-0.81695
0.043376,0.04702,-0.79092
0.050511,0.034031,-0.76842
0.059007,0.021792,-0.74865
0.068857,0.010288,-0.73114
0.080066,-0.00049293,-0.71535
0.092638,-0.010562,-0.70103
0.10659,-0.019927,-0.6878
0.12193,-0.028597,-0.67553
0.13867,-0.03658,-0.66394
0.14834,-0.031353,-0.61228
0.15907,-0.022577,-0.56306
0.17087,-0.010263,-0.51619
0.18377,0.0055831,-0.47146
0.1978,0.024949,-0.42889
0.21297,0.04783,-0.3883
0.22932,0.074215,-0.34975
0.24687,0.1041,-0.31312
0.26562,0.13748,-0.27852
0.2856,0.17435,-0.24586
0.27111,0.15617,-0.17898
0.25722,0.13858,-0.1275
0.24393,0.12166,-0.087881
0.23123,0.10546,-0.057661
0.2191,0.09005,-0.035191
0.20752,0.075454,-0.019189
0.19649,0.061712,-0.0087529
0.186,0.048855,-0.0031331
0.17603,0.036915,-0.0015994
0.1666,0.025982,0.0012038
0.17002,0.02976,0.0011478
0.17352,0.033677,0.0011342
0.17711,0.037733,0.0011478
0.18078,0.041931,0.0011929
0.18453,0.046271,0.0012564
0.18836,0.050756,0.0013412
0.19227,0.055386,0.0014361
0.19627,0.060166,0.0015434
0.20035,0.065095,0.0016533
0.20451,0.070176,0.0017674
0.19054,0.06342,-0.0032666
0.17717,0.056912,-0.016162
0.16429,0.050589,-0.041298
0.15191,0.044483,-0.076027
0.13999,0.038615,-0.11858
0.12852,0.032999,-0.16772
0.11748,0.027644,-0.22256
0.10687,0.02256,-0.28242
0.096673,0.017753,-0.34678
0.086883,0.01323,-0.41525
0.087833,0.010245,-0.39586
0.088943,0.0073358,-0.38092
0.090201,0.004504,-0.3693
0.091596,0.0017505,-0.36036
0.093122,-0.00092616,-0.35347
0.09477,-0.0035249,-0.34828
0.096534,-0.0060485,-0.34441
0.09841,-0.008498,-0.34166
0.10039,-0.010876,-0.33979
0.10248,-0.013185,-0.33867
0.086092,-0.012655,-0.25658
0.071205,-0.012146,-0.19225
0.057827,-0.011514,-0.14155
0.045966,-0.010638,-0.10166
0.035622,-0.0094084,-0.070534
0.026791,-0.0077231,-0.046621
0.01939,-0.0057721,-0.028723
0.012982,-0.005027,-0.015832
0.0074574,-0.0057485,-0.0071491
0.0027688,-0.007966,-0.0020039
0.0047292,-0.0038298,-0.0033366
0.0061106,-0.0019654,-0.0048423
0.0071181,-0.0016548,-0.0065589
0.0086864,0.0004327,-0.0085866
0.010961,0.0047632,-0.011016
0.013967,0.011384,-0.013892
0.017728,0.020349,-0.017249
0.022267,0.03171,-0.021076
0.027604,0.04552,-0.025356
0.03376,0.061828,-0.030036
0.041851,0.058214,-0.042926
0.051756,0.05404,-0.05789
0.063472,0.049302,-0.074815
0.076997,0.044002,-0.093561
0.092332,0.038141,-0.11398
0.10948,0.031722,-0.13593
0.12843,0.02475,-0.15923
0.1492,0.017229,-0.18375
0.17178,0.0091617,-0.20934
0.19618,0.00055233,-0.23587
0.16491,-0.011748,-0.188
0.13717,-0.020152,-0.15253
0.11292,-0.024606,-0.12559
0.092064,-0.025068,-0.10474
0.074481,-0.021694,-0.088303
0.058348,-0.020551,-0.075089
0.042742,-0.024534,-0.064204
0.027579,-0.033613,-0.05497
0.012786,-0.04777,-0.046878
-0.0016798,-0.066999,-0.039573
5.1666e-05,-0.053002,-0.031243
0.0015942,-0.040808,-0.024176
0.0029288,-0.030364,-0.018261
0.0040389,-0.021617,-0.013384
0.0049103,-0.014519,-0.0094451
0.0055306,-0.0090226,-0.0063392
0.0058881,-0.0050801,-0.0039715
0.0059693,-0.0026461,-0.0022436
0.0057523,-0.0016766,-0.0010644
0.0055315,-0.00098344,-0.00035321
0.0081019,-0.0016542,-0.00060185
0.011225,-0.0024381,-0.0010294
0.01492,-0.0033333,-0.0017058
0.019209,-0.0043349,-0.0027019
0.024114,-0.005436,-0.0040867
0.029654,-0.0066274,-0.0059159
0.035853,-0.0078982,-0.0082332
0.042731,-0.0092365,-0.011061
0.050311,-0.010629,-0.014402
0.058616,-0.012063,-0.018239
0.050702,-0.0089842,-0.015915
0.04345,-0.0060084,-0.014195
0.036857,-0.0031299,-0.012948
0.030919,-0.00034317,-0.012075
0.025633,0.0023567,-0.011507
0.020997,0.0049741,-0.011191
0.017005,0.0075123,-0.011087
0.013653,0.0099732,-0.011163
0.010938,0.012357,-0.011391
0.0088539,0.014661,-0.011747
0.0098342,0.0093267,-0.0086964
0.011574,0.0046755,-0.0061574
0.014063,0.00066412,-0.0040967
0.01729,-0.0027355,-0.0024897
0.021249,-0.0055326,-0.0013231
0.025936,-0.007718,-0.00059433
0.031263,-0.0095567,-0.0003083
0.036868,-0.012236,-0.00021519
0.042701,-0.015922,0.00034703
0.048742,-0.020651,0.0014194
0.037266,-0.01523,-0.00034997
0.027567,-0.010728,-0.0014564
0.019495,-0.0071024,-0.0045841
0.012931,-0.0043245,-0.009031
0.0077588,-0.0023676,-0.014227
0.0039052,-0.0010806,-0.019932
0.0014466,0.0001272,-0.026059
0.00034417,0.0013427,-0.032818
0.00033602,0.0026429,-0.040595
-0.00047317,0.0046017,-0.049722
0.00067422,0.0040649,-0.046949
0.00092855,0.0038264,-0.044546
0.0018827,0.0033865,-0.042446
0.0038985,0.0026216,-0.040477
0.0069892,0.0015166,-0.038604
0.011183,5.4383e-05,-0.036717
0.016517,-0.0017818,-0.034827
0.023035,-0.0040084,-0.032881
0.030785,-0.0066405,-0.030919
0.039815,-0.0096925,-0.028923
0.037562,-0.0082261,-0.045646
0.035403,-0.0066649,-0.065785
0.033344,-0.0049967,-0.089264
0.031391,-0.0032093,-0.11595
0.029553,-0.0012885,-0.14575
0.027836,0.00077922,-0.17852
0.026249,0.0030073,-0.21408
0.024799,0.0054087,-0.25227
0.023495,0.0079956,-0.29284
0.022345,0.010779,-0.33563
0.022774,0.011436,-0.32545
0.02317,0.012103,-0.31667
0.023538,0.012777,-0.30897
0.02388,0.013458,-0.30222
0.024198,0.014144,-0.2963
0.024496,0.014836,-0.29104
0.024775,0.015532,-0.28639
0.025037,0.016231,-0.28221
0.025282,0.016934,-0.27847
0.025513,0.017638,-0.27506
0.019589,0.013306,-0.31306
0.01448,0.0096856,-0.35212
0.01018,0.0067703,-0.39219
0.0066872,0.0045569,-0.43319
0.0040046,0.003044,-0.47495
0.0021381,0.0022311,-0.51748
0.0010963,0.002119,-0.56054
0.00070209,0.0021219,-0.60416
0.00040826,0.0011567,-0.64808
-0.00060852,-0.00055213,-0.69237
0.00027301,0.00071239,-0.62291
0.00088103,0.0015333,-0.56665
0.0012276,0.0018891,-0.52006
0.0013475,0.0018423,-0.48084
0.001545,0.0021636,-0.44754
0.0019743,0.0030253,-0.41869
0.0026351,0.0044263,-0.39354
0.0035249,0.0063655,-0.37122
0.0046424,0.0088429,-0.35134
0.0059865,0.011858,-0.33337
0.0073255,0.0156,-0.26975
0.0088328,0.01971,-0.21503
0.010494,0.024123,-0.16814
0.0123,0.028798,-0.12811
0.014251,0.033721,-0.094363
0.016351,0.038899,-0.066247
0.01861,0.044361,-0.043429
0.021043,0.050156,-0.025542
0.02367,0.056346,-0.012418
0.02651,0.063005,-0.0038942
0.023257,0.059692,-0.012188
0.020585,0.056337,-0.024283
0.018471,0.05295,-0.039866
0.016902,0.049538,-0.058693
0.015813,0.046123,-0.080594
0.014512,0.042938,-0.10544
0.012794,0.040052,-0.1331
0.010641,0.037471,-0.16348
0.0080301,0.035203,-0.19643
0.004932,0.033258,-0.23185
0.008141,0.04356,-0.20832
0.011871,0.055396,-0.18602
0.016138,0.068793,-0.16534
0.02095,0.083785,-0.14576
0.026325,0.10041,-0.12745
0.032276,0.1187,-0.11023
0.038819,0.1387,-0.094183
0.045971,0.16044,-0.079241
0.053745,0.18396,-0.065475
0.062158,0.2093,-0.052869
0.063047,0.20242,-0.053157
0.063399,0.19593,-0.054134
0.06321,0.18983,-0.05572
0.062472,0.1841,-0.057828
0.061184,0.17874,-0.060413
0.059786,0.17357,-0.063427
0.059027,0.16833,-0.066831
0.058914,0.16301,-0.070603
0.059445,0.1576,-0.07472
0.060618,0.15209,-0.079172
0.061349,0.16014,-0.065181
0.062404,0.16828,-0.053126
0.063783,0.17651,-0.042739
0.065485,0.18483,-0.033821
0.067511,0.19325,-0.026206
0.069859,0.20176,-0.019755
0.072527,0.21036,-0.014358
0.07549,0.21906,-0.0099186
0.078402,0.22799,-0.0063639
0.081154,0.23718,-0.0036254
0.083041,0.24044,0.00015019
0.084692,0.24389,0.001248
0.087243,0.24709,0.0058826
0.090713,0.25003,0.014374
0.095102,0.2527,0.02653
0.10041,0.25508,0.042195
0.10664,0.25715,0.061234
0.1138,0.25891,0.083536
0.12189,0.26036,0.10899
0.13091,0.26148,0.13752
0.13205,0.27351,0.10159
0.13323,0.28555,0.073548
0.1345,0.2976,0.051641
0.13587,0.30969,0.034649
0.13739,0.32181,0.021685
0.13905,0.33398,0.012082
0.14087,0.34619,0.0053556
0.14286,0.35846,0.0011215
0.14503,0.37079,-0.00090557
0.14739,0.38316,-0.0015827
0.15321,0.3842,-0.0014091
0.15993,0.38503,-0.0014722
0.16752,0.38564,-0.001452
0.17601,0.38603,-0.001376
0.18538,0.38619,-0.0012907
0.19564,0.38612,-0.0012241
0.20678,0.38581,-0.0011883
0.21881,0.38525,-0.001191
0.23172,0.38445,-0.0012321
0.24553,0.3834,-0.0013123
0.21163,0.32748,0.0039021
0.18071,0.27725,0.011641
0.15263,0.2323,0.02093
0.12726,0.19229,0.031188
0.10449,0.1569,0.042048
0.08423,0.12585,0.053261
0.066371,0.098873,0.064647
0.050826,0.075711,0.076074
0.037507,0.056133,0.087432
0.026335,0.039917,0.098645
0.025393,0.0401,0.10422
0.024496,0.040273,0.11004
0.023642,0.040436,0.11609
0.02283,0.040591,0.12237
0.02206,0.040737,0.12887
0.021332,0.040876,0.13558
0.020645,0.041008,0.1425
0.019999,0.041134,0.14962
0.019393,0.041253,0.15693
0.018828,0.041366,0.16443
0.021255,0.045322,0.16976
0.023837,0.049459,0.17535
0.026573,0.053776,0.1812
0.029462,0.058274,0.18731
0.032501,0.062954,0.19369
0.035692,0.067816,0.20035
0.039032,0.072861,0.20727
0.042521,0.078088,0.21446
0.046158,0.083498,0.2219
0.049943,0.089092,0.22961
0.053153,0.10974,0.24886
0.057687,0.13212,0.26817
0.063558,0.15627,0.28743
0.070776,0.18221,0.30658
0.07935,0.20999,0.32551
0.089287,0.23963,0.34419
0.10059,0.27115,0.36253
0.11308,0.30466,0.38052
0.12593,0.34045,0.3981
0.13908,0.37859,0.41529
0.13495,0.36605,0.32565
0.13108,0.35442,0.25515
0.12741,0.34352,0.19859
0.12393,0.33325,0.15262
0.12059,0.32351,0.11505
0.11739,0.31425,0.084244
0.11432,0.30541,0.059137
0.11135,0.29695,0.038841
0.10849,0.28885,0.022764
0.10573,0.28107,0.010373
0.099912,0.26481,0.016995
0.094568,0.24883,0.023127
0.089978,0.23303,0.028718
0.086168,0.21741,0.033743
0.083169,0.20196,0.038251
0.081006,0.18671,0.042267
0.079706,0.17163,0.045855
0.079292,0.15674,0.049048
0.079785,0.14204,0.051897
0.081203,0.12753,0.054432
0.081347,0.13083,0.049438
0.081501,0.13413,0.045266
0.081665,0.13742,0.041771
0.081839,0.14072,0.038836
0.082025,0.144,0.03637
0.082221,0.14728,0.034292
0.08243,0.15054,0.032547
0.08265,0.15379,0.031082
0.082882,0.15703,0.02986
0.083127,0.16025,0.028846
0.079689,0.15839,0.042759
0.076431,0.15647,0.057763
0.073357,0.15448,0.07362
0.070469,0.15242,0.090154
0.06777,0.15029,0.10724
0.065262,0.14808,0.12478
0.062948,0.1458,0.14271
0.060828,0.14345,0.16099
0.058905,0.14103,0.17956
0.057184,0.13854,0.19842
0.066304,0.16086,0.20261
0.076108,0.18489,0.2062
0.086593,0.21063,0.20913
0.097757,0.23808,0.21143
0.1096,0.26724,0.21306
0.12212,0.29811,0.21406
0.13533,0.3307,0.21443
0.14922,0.36501,0.2142
0.16379,0.40103,0.21338
0.17905,0.43879,0.21201
0.16752,0.41934,0.19229
0.15882,0.39995,0.17928
0.15007,0.38158,0.1709
0.13938,0.36487,0.16584
0.1268,0.34973,0.16324
0.11234,0.33607,0.16251
0.096018,0.32384,0.16327
0.077851,0.313,0.1652
0.057842,0.30349,0.16813
0.035989,0.29529,0.17188
0.040771,0.277,0.14195
0.044778,0.25949,0.11536
0.04804,0.24275,0.091907
0.050588,0.22675,0.071405
0.05245,0.21149,0.053701
0.053651,0.19694,0.03863
0.054219,0.1831,0.026074
0.054176,0.16996,0.015897
0.053545,0.15751,0.0080009
0.052348,0.14573,0.0022765
0.059283,0.15911,0.0018582
0.066328,0.17327,0.0014826
0.073482,0.18824,0.0011539
0.080747,0.204,0.00086664
0.088123,0.22058,0.00062499
0.095611,0.23797,0.00042544
0.10321,0.25618,0.00027223
0.11104,0.27516,0.00016284
0.11938,0.2948,0.00010009
0.12825,0.3151,8.3726e-05
0.11959,0.29576,0.01518
0.10988,0.27771,0.035329
0.097501,0.26156,0.059081
0.082424,0.24728,0.085524
0.06464,0.23488,0.11408
0.044143,0.22433,0.14437
0.020929,0.21564,0.17611
-0.0050037,0.20881,0.20912
-0.033654,0.20382,0.24321
-0.06502,0.20068,0.27828
-0.038232,0.22511,0.26475
-0.011087,0.25284,0.25293
0.016407,0.28388,0.24234
0.044247,0.31825,0.23272
0.072439,0.35596,0.2238
0.101,0.39703,0.21543
0.12993,0.44146,0.20744
0.15926,0.48927,0.19974
0.18901,0.54046,0.19222
0.21918,0.59503,0.18482
0.22591,0.58426,0.22194
0.23006,0.57458,0.25778
0.23169,0.56593,0.29251
0.23088,0.55832,0.3263
0.2289,0.5512,0.35926
0.22903,0.54323,0.39151
0.23143,0.53434,0.42309
0.23605,0.52455,0.45409
0.24286,0.51388,0.48445
0.25185,0.50234,0.51424
0.25573,0.53862,0.43393
0.26167,0.57559,0.37279
0.26964,0.61319,0.32456
0.27958,0.65136,0.28541
0.29149,0.69009,0.25284
0.30535,0.72936,0.22515
0.32114,0.76916,0.2012
0.33793,0.80987,0.18017
0.35385,0.85226,0.1615
0.36885,0.89636,0.14474
0.32793,0.78929,0.12412
0.28926,0.69116,0.10277
0.25267,0.60149,0.082365
0.21904,0.51943,0.063715
0.18951,0.44404,0.047278
0.16393,0.37498,0.033213
0.14215,0.31195,0.021607
0.12403,0.25467,0.012434
0.10945,0.20286,0.0056712
0.098296,0.15628,0.0012534
0.10192,0.18836,0.013049
0.10806,0.22217,0.03343
0.11672,0.25772,0.061608
0.12797,0.29501,0.096808
0.14184,0.33404,0.13832
0.15831,0.37481,0.18542
0.17523,0.41824,0.23749
0.19147,0.46483,0.29394
0.207,0.51456,0.35427
0.22181,0.56746,0.4181
0.20253,0.55651,0.33991
0.17949,0.5477,0.28118
0.15278,0.54089,0.23525
0.12244,0.53599,0.19819
0.088484,0.53297,0.16749
0.050938,0.5318,0.14153
0.0097952,0.53245,0.11923
-0.034953,0.53492,0.099828
-0.083325,0.53922,0.082813
-0.13534,0.54536,0.067791
-0.16042,0.53843,0.070295
-0.18584,0.5322,0.071615
-0.21162,0.52664,0.072128
-0.23777,0.52175,0.072078
-0.26429,0.51752,0.071673
-0.29119,0.51393,0.07103
-0.31848,0.51097,0.070258
-0.34615,0.50863,0.069403
-0.37423,0.50689,0.06852
-0.4027,0.50575,0.067616
-0.36064,0.47027,0.0358
-0.32094,0.43743,0.014521
-0.28353,0.40699,0.00089355
-0.24834,0.37877,-0.0068308
-0.21532,0.3526,-0.0097685
-0.18442,0.32832,-0.010395
-0.1556,0.30564,-0.014119
-0.12882,0.28448,-0.020933
-0.10401,0.26474,-0.030514
-0.081153,0.24637,-0.042617
-0.07483,0.24695,-0.040517
-0.068536,0.24754,-0.039264
-0.062276,0.24814,-0.038637
-0.056051,0.24876,-0.038495
-0.049864,0.24941,-0.038726
-0.043717,0.25009,-0.039261
-0.037614,0.2508,-0.040037
-0.031557,0.25154,-0.041018
-0.025547,0.25233,-0.042167
-0.019587,0.25315,-0.043464
-0.033251,0.23784,-0.039136
-0.046781,0.22319,-0.035828
-0.060156,0.20924,-0.033277
-0.073358,0.19605,-0.031304
-0.086369,0.18366,-0.029786
-0.099172,0.17209,-0.028633
-0.11175,0.16139,-0.027786
-0.1241,0.15159,-0.027205
-0.13619,0.14271,-0.02686
-0.14802,0.13478,-0.02673
-0.13844,0.15395,-0.027704
-0.12752,0.17601,-0.028023
-0.11526,0.20096,-0.027787
-0.10164,0.22883,-0.02711
-0.086635,0.25963,-0.02612
-0.070237,0.29337,-0.024945
-0.052432,0.33007,-0.023714
-0.033205,0.36973,-0.022553
-0.012545,0.41237,-0.021584
0.0095589,0.45799,-0.020917
-0.0031571,0.42728,-0.020178
-0.015745,0.39771,-0.019582
-0.028173,0.36931,-0.019105
-0.04041,0.34213,-0.018727
-0.052427,0.31621,-0.018432
-0.064196,0.29156,-0.018206
-0.075691,0.26824,-0.018039
-0.086887,0.24627,-0.01792
-0.09776,0.22567,-0.017843
-0.10829,0.20648,-0.017801
-0.098627,0.19731,-0.014098
-0.089376,0.18853,-0.01158
-0.080524,0.18013,-0.0098287
-0.072066,0.1721,-0.0085818
-0.063994,0.16443,-0.0076755
-0.056301,0.15712,-0.0070054
-0.048981,0.15014,-0.0065081
-0.042026,0.14349,-0.006143
-0.035432,0.13716,-0.0058881
-0.029191,0.13114,-0.0057301
-0.040865,0.12831,-0.010837
-0.052891,0.12593,-0.018002
-0.06527,0.12399,-0.026428
-0.078002,0.12251,-0.03553
-0.091083,0.12148,-0.044881
-0.10451,0.1209,-0.054168
-0.11828,0.12077,-0.063159
-0.13238,0.12111,-0.071689
-0.14682,0.12191,-0.079641
-0.16159,0.12318,-0.086938
-0.13928,0.1323,-0.052502
-0.11661,0.14372,-0.030515
-0.093548,0.15755,-0.016834
-0.070043,0.17385,-0.0088715
-0.046062,0.1927,-0.0049361
-0.02157,0.21417,-0.0038773
0.0034488,0.23834,-0.0030115
0.029012,0.26531,-0.00065623
0.055144,0.29512,0.0027564
0.081867,0.32781,0.0069001
0.069706,0.30887,0.0048693
0.057789,0.29056,0.0036367
0.046127,0.27291,0.0028888
0.03473,0.25591,0.0024417
0.023605,0.23959,0.0021792
0.012762,0.22394,0.0020304
0.0022084,0.20899,0.001948
-0.0080497,0.19473,0.0019026
-0.018006,0.18118,0.0018733
-0.027653,0.16835,0.0018477
-0.0045525,0.17068,0.0023886
0.016626,0.17451,0.0031087
0.03594,0.17981,0.0039967
0.053433,0.18657,0.005052
0.069135,0.19475,0.0062771
0.083062,0.20435,0.0076774
0.095219,0.21535,0.009257
0.1056,0.22776,0.011021
0.11418,0.24156,0.012972
0.12198,0.25628,0.015127
0.12862,0.27011,0.017607
0.13547,0.28435,0.020121
0.14253,0.29899,0.022657
0.1498,0.31404,0.025204
0.15727,0.32948,0.027756
0.16494,0.34532,0.030309
0.17281,0.36154,0.032859
0.18087,0.37814,0.035403
0.18913,0.3951,0.037938
0.19758,0.41243,0.040447
0.19295,0.40419,0.041454
0.18756,0.39655,0.042695
0.18019,0.3901,0.044118
0.17087,0.38478,0.045695
0.15963,0.38059,0.047401
0.14647,0.37748,0.049219
0.1314,0.37546,0.051131
0.11443,0.3745,0.053127
0.095551,0.37459,0.055195
0.074763,0.37574,0.057328
0.088691,0.36868,0.0573
0.10138,0.36241,0.056899
0.11286,0.3569,0.056206
0.12314,0.35214,0.055286
0.13225,0.3481,0.054186
0.14019,0.34476,0.052942
0.14699,0.34211,0.051583
0.15266,0.34011,0.050128
0.15721,0.33877,0.048596
0.16065,0.33806,0.046998
0.14676,0.31543,0.022231
0.13232,0.29408,0.0076513
0.11737,0.27402,0.00086615
0.10199,0.25523,-0.00072987
0.086249,0.23767,-0.0055818
0.070181,0.22132,-0.014734
0.053795,0.20618,-0.027623
0.037094,0.19225,-0.043837
0.02008,0.17952,-0.063061
0.0027496,0.16801,-0.085063
0.021515,0.19122,-0.09227
0.041282,0.21684,-0.10021
0.062046,0.24491,-0.10887
0.083799,0.27543,-0.11828
0.10653,0.30843,-0.12843
0.13022,0.34392,-0.13934
0.15487,0.38192,-0.15097
0.18044,0.42245,-0.16332
0.20693,0.46553,-0.17634
0.23432,0.51116,-0.19003
0.24811,0.52612,-0.18193
0.26092,0.54152,-0.1746
0.27275,0.55737,-0.1678
0.28361,0.57367,-0.16142
0.29348,0.59041,-0.15532
0.30248,0.60753,-0.14946
0.312,0.62435,-0.14376
0.32249,0.64063,-0.13819
0.33393,0.65637,-0.13272
0.34634,0.67156,-0.12736
0.35919,0.69989,-0.12603
0.37239,0.72864,-0.12592
0.38593,0.75782,-0.12671
0.39981,0.78742,-0.12821
0.41402,0.81744,-0.13025
0.42857,0.84788,-0.13273
0.44345,0.87873,-0.13558
0.45866,0.90998,-0.13874
0.47419,0.94164,-0.14217
0.49004,0.97369,-0.14586
0.47552,0.94238,-0.092246
0.46143,0.91113,-0.057082
0.44777,0.88002,-0.035437
0.43452,0.84907,-0.024439
0.42167,0.81831,-0.021834
0.4093,0.788,-0.016262
0.39742,0.75823,-0.003859
0.38604,0.72901,0.014738
0.37516,0.70034,0.039026
0.36478,0.67222,0.068606
0.38436,0.69605,0.035397
0.40501,0.72026,0.011856
0.4267,0.74478,-0.0050342
0.44943,0.76957,-0.017154
0.47318,0.79457,-0.025717
0.49794,0.81978,-0.031511
0.52373,0.84518,-0.035059
0.55051,0.87071,-0.038109
0.57825,0.89629,-0.042973
0.60694,0.92191,-0.049513
0.5997,0.93253,-0.04864
0.5933,0.94332,-0.04917
0.58771,0.95427,-0.050432
0.5829,0.96538,-0.052156
0.57886,0.97663,-0.054223
0.57557,0.98801,-0.056597
0.573,0.9995,-0.059264
0.57113,1.0111,-0.062234
0.56995,1.0228,-0.065517
0.56943,1.0345,-0.069135
0.56303,1.0273,-0.068907
0.55699,1.0204,-0.06801
0.55129,1.0137,-0.066946
0.54588,1.0073,-0.066072
0.54075,1.0011,-0.065617
0.53587,0.99514,-0.065746
0.53122,0.98932,-0.066528
0.52681,0.98369,-0.067016
0.52265,0.97828,-0.066688
0.51872,0.97308,-0.0655
0.49899,0.92215,-0.064485
0.48089,0.87268,-0.063506
0.46433,0.82461,-0.062407
0.44925,0.77788,-0.061094
0.43556,0.73243,-0.059503
0.4232,0.68823,-0.057613
0.4121,0.64518,-0.055857
0.40218,0.60324,-0.054466
0.39341,0.56237,-0.053451
0.38573,0.52252,-0.052825
0.39833,0.52516,-0.054601
0.41111,0.52718,-0.055934
0.42407,0.52858,-0.056942
0.43719,0.52933,-0.057745
0.45046,0.52942,-0.058461
0.46386,0.52883,-0.059184
0.47739,0.52755,-0.059999
0.49103,0.52558,-0.060972
0.50478,0.52292,-0.062074
0.51867,0.51961,-0.062825
0.48815,0.53074,-0.06079
0.46071,0.54118,-0.058286
0.43618,0.5509,-0.055869
0.41438,0.55987,-0.053724
0.39518,0.5681,-0.051913
0.37848,0.57559,-0.050438
0.36415,0.58234,-0.049285
0.35211,0.58836,-0.04842
0.34228,0.59364,-0.04782
0.33457,0.59819,-0.047455
0.55571,1.0065,-0.099445
0.52133,0.9383,-0.094549
0.48888,0.87371,-0.089253
0.45821,0.81249,-0.083753
0.42923,0.75448,-0.07818
0.40182,0.69944,-0.072714
0.37589,0.64722,-0.067844
0.35135,0.59765,-0.063573
0.32815,0.55062,-0.0599
0.30621,0.50599,-0.056791
0.28443,0.4729,-0.051134
0.26366,0.44128,-0.046596
0.24389,0.41107,-0.042827
0.22511,0.38224,-0.039551
0.20731,0.35477,-0.036284
0.19048,0.32861,-0.032978
0.17458,0.3037,-0.029694
0.15959,0.28001,-0.026465
0.14548,0.25748,-0.023316
0.13225,0.23609,-0.020263
0.14306,0.26072,-0.023956
0.15519,0.28642,-0.027226
0.16866,0.31318,-0.030038
0.18346,0.34103,-0.032604
0.19882,0.3703,-0.035769
0.2143,0.40124,-0.039616
0.2299,0.43384,-0.044165
0.24559,0.46813,-0.049441
0.26138,0.50409,-0.055457
0.27724,0.54171,-0.062247
0.29232,0.56797,-0.063957
0.30779,0.59492,-0.064678
0.32365,0.62253,-0.064681
0.33987,0.6508,-0.064258
0.35645,0.67969,-0.063646
0.37337,0.70922,-0.063064
0.39063,0.73935,-0.062678
0.40821,0.7701,-0.062632
0.42612,0.80145,-0.063039
0.44435,0.83341,-0.063994
0.44629,0.83264,-0.07037
0.44759,0.83182,-0.08792
0.44838,0.83104,-0.11419
0.44875,0.83038,-0.14769
0.44877,0.82986,-0.18741
0.44849,0.82952,-0.23267
0.44793,0.82937,-0.28289
0.44719,0.82939,-0.33772
0.44664,0.82941,-0.39665
0.44634,0.82941,-0.45948
0.48139,0.88776,-0.42144
0.51761,0.94687,-0.3935
0.55515,1.0069,-0.372
0.59412,1.0678,-0.35489
0.63458,1.1297,-0.34064
0.67654,1.1926,-0.32838
0.72001,1.2565,-0.31748
0.76499,1.3212,-0.30759
0.81146,1.3869,-0.29846
0.85938,1.4534,-0.29007
0.81992,1.3678,-0.27098
0.78295,1.2866,-0.25342
0.7483,1.2094,-0.23713
0.71579,1.1359,-0.22195
0.68525,1.066,-0.20773
0.65655,0.99921,-0.19439
0.62958,0.93549,-0.18185
0.60421,0.87461,-0.17003
0.58036,0.8164,-0.15888
0.55793,0.76071,-0.14835
0.55045,0.73458,-0.23398
0.54338,0.70842,-0.32776
0.53677,0.68231,-0.42615
0.53066,0.65626,-0.52767
0.52504,0.63027,-0.63148
0.5199,0.60431,-0.73744
0.51525,0.57839,-0.84495
0.51106,0.55248,-0.95411
0.50734,0.5266,-1.0641
0.50409,0.50073,-1.1752
0.49401,0.48007,-0.87716
0.48275,0.45694,-0.67292
0.4711,0.43276,-0.52269
0.45943,0.40823,-0.40738
0.44791,0.3837,-0.31598
0.43667,0.35936,-0.24273
0.42575,0.33532,-0.18358
0.41519,0.31164,-0.13598
0.40502,0.28836,-0.098101
0.39523,0.26551,-0.068524
0.3962,0.27951,-0.083855
0.39722,0.29337,-0.099643
0.39829,0.30709,-0.11598
0.39942,0.32066,-0.13291
0.40057,0.33406,-0.15059
0.40176,0.34729,-0.16912
0.40297,0.36033,-0.18862
0.4042,0.37318,-0.2092
0.40544,0.38584,-0.23097
0.40668,0.39829,-0.25403
0.40073,0.39848,-0.27135
0.3947,0.39839,-0.28705
0.38859,0.398,-0.30157
0.38241,0.39733,-0.3153
0.37615,0.39636,-0.32847
0.36982,0.39509,-0.34134
0.36341,0.39354,-0.354
0.35695,0.39171,-0.3666
0.35042,0.38961,-0.3792
0.34384,0.38725,-0.39186
0.34944,0.41098,-0.41606
0.35571,0.43547,-0.43502
0.36266,0.46068,-0.44962
0.37028,0.48661,-0.4607
0.37858,0.51324,-0.46885
0.38756,0.54057,-0.4746
0.39721,0.56859,-0.47832
0.40755,0.5973,-0.48032
0.41858,0.6267,-0.4808
0.4303,0.6568,-0.47996
0.40394,0.62951,-0.47447
0.37892,0.60237,-0.46984
0.35522,0.57542,-0.46557
0.33282,0.54868,-0.46137
0.31173,0.52217,-0.45709
0.29191,0.49591,-0.45261
0.27336,0.46992,-0.44791
0.25606,0.44421,-0.44294
0.23999,0.41879,-0.43773
0.22514,0.39369,-0.43226
0.20307,0.35522,-0.41608
0.18243,0.31917,-0.40582
0.16319,0.28543,-0.39985
0.14529,0.25391,-0.39705
0.12869,0.2245,-0.39675
0.11334,0.19713,-0.39842
0.09919,0.17169,-0.40175
0.086202,0.14812,-0.40645
0.074334,0.12633,-0.41237
0.063552,0.10626,-0.41933
0.079549,0.13341,-0.37479
0.096956,0.16299,-0.33427
0.11576,0.19497,-0.29735
0.13595,0.22932,-0.26365
0.1575,0.26603,-0.23296
0.18042,0.30506,-0.20497
0.20468,0.34639,-0.17957
0.23029,0.39002,-0.15652
0.25723,0.43593,-0.13574
0.28551,0.48411,-0.11705
0.27152,0.45434,-0.12864
0.2588,0.4251,-0.13805
0.24731,0.39641,-0.14579
0.237,0.36825,-0.15221
0.22784,0.34064,-0.15763
0.21979,0.31356,-0.16226
0.21282,0.28703,-0.16629
0.2069,0.26104,-0.16984
0.202,0.2356,-0.17302
0.19811,0.2107,-0.1759
0.20712,0.21118,-0.15671
0.21644,0.21145,-0.1395
0.22607,0.21152,-0.12398
0.23602,0.21139,-0.10991
0.2463,0.21107,-0.097121
0.2569,0.21055,-0.085465
0.26783,0.20983,-0.074854
0.2791,0.20892,-0.065179
0.29069,0.20781,-0.056393
0.30263,0.20651,-0.048421
0.28264,0.1592,-0.031054
0.26509,0.11628,-0.019494
0.24985,0.077517,-0.011866
0.23682,0.042675,-0.0069842
0.22588,0.011551,-0.0040858
0.21695,-0.016037,-0.002648
0.20995,-0.040256,-0.0021438
0.20482,-0.061244,-0.0012024
0.20152,-0.079132,0.00028047
0.19998,-0.094032,0.0021757
0.20487,-0.096909,0.00051742
0.20983,-0.099815,-0.00056144
0.21486,-0.10275,-0.0012401
0.21996,-0.10572,-0.001645
0.22514,-0.10873,-0.0018664
0.23038,-0.11176,-0.0019684
0.2357,-0.11483,-0.0020416
0.24108,-0.11793,-0.0021661
0.24653,-0.12107,-0.0023226
0.25206,-0.12424,-0.0024993
0.246,-0.11385,-0.0043112
0.24043,-0.10308,-0.0073695
0.23536,-0.09191,-0.011325
0.23077,-0.080361,-0.015933
0.22665,-0.068437,-0.021023
0.223,-0.05614,-0.026472
0.21981,-0.043474,-0.032191
0.21708,-0.030443,-0.038114
0.2148,-0.017049,-0.044192
0.21296,-0.0032938,-0.050388
0.2143,0.025618,-0.031729
0.21746,0.056576,-0.018439
0.22247,0.089594,-0.0093541
0.22938,0.12469,-0.0036336
0.2382,0.16189,-0.00065231
0.24898,0.20122,0.00037263
0.26176,0.24267,0.0026021
0.27654,0.28626,0.006558
0.29334,0.33201,0.012001
0.31218,0.37994,0.018738
0.30729,0.35972,0.013882
0.30287,0.33944,0.01023
0.29893,0.31912,0.0074736
0.29549,0.29878,0.0054149
0.29259,0.27842,0.00393
0.29022,0.25807,0.0029349
0.28842,0.23773,0.0023817
0.28719,0.21741,0.0020098
0.28656,0.19714,0.0012134
0.28652,0.17693,-2.9736e-05
0.28376,0.17849,0.0010469
0.28074,0.17987,0.0015618
0.27749,0.18109,0.0016976
0.27401,0.18212,0.0020828
0.27031,0.18296,0.0027945
0.2664,0.18363,0.0037953
0.26228,0.18412,0.005059
0.25797,0.18443,0.0065631
0.25347,0.18458,0.0082917
0.2488,0.18455,0.01023
0.25308,0.16281,0.0084075
0.25846,0.14125,0.0068266
0.26491,0.11983,0.0054361
0.27241,0.098509,0.0041978
0.28094,0.077252,0.0030889
0.29049,0.056025,0.0020912
0.30104,0.034796,0.001193
0.31259,0.01354,0.00038607
0.32514,-0.0077674,-0.0003346
0.33867,-0.029148,-0.00097206
0.34837,-0.045652,-0.0021891
0.35855,-0.062164,-0.0035198
0.36921,-0.078679,-0.0066081
0.38035,-0.095205,-0.011147
0.39198,-0.11175,-0.016919
0.4041,-0.12831,-0.023769
0.41673,-0.14491,-0.031582
0.42986,-0.16153,-0.040275
0.44351,-0.17819,-0.049782
0.45766,-0.19488,-0.060054
0.48409,-0.19765,-0.024754
0.51136,-0.19996,-0.0070652
0.53945,-0.20185,-0.0027919
0.56845,-0.20331,0.0041263
0.59838,-0.20434,0.020128
0.62924,-0.20491,0.043831
0.66102,-0.20502,0.074218
0.69371,-0.20467,0.11053
0.72732,-0.20385,0.15216
0.76184,-0.20257,0.19863
0.72257,-0.18451,0.15341
0.68406,-0.16736,0.12152
0.64631,-0.1511,0.097762
0.60937,-0.13569,0.079321
0.57324,-0.1211,0.064547
0.53798,-0.10732,0.052454
0.50359,-0.094318,0.042404
0.47012,-0.082078,0.033977
0.43758,-0.070583,0.026882
0.40602,-0.059813,0.020905
0.42671,-0.050056,0.02045
0.44798,-0.039394,0.019935
0.46984,-0.027831,0.019375
0.4923,-0.01537,0.018774
0.51536,-0.0020136,0.018146
0.53903,0.012234,0.017493
0.56333,0.027368,0.016825
0.58827,0.043385,0.016147
0.61386,0.060279,0.015464
0.64011,0.078048,0.014779
0.58907,0.089853,0.0023614
0.54087,0.099964,-0.003795
0.49538,0.10849,-0.0056059
0.45249,0.11553,-0.0062621
0.41206,0.12119,-0.0093187
0.37402,0.12556,-0.014352
0.33829,0.12871,-0.021008
0.30482,0.13074,-0.029025
0.27353,0.1317,-0.038196
0.24437,0.13167,-0.048362
0.23959,0.12824,-0.04595
0.23494,0.12497,-0.043557
0.23041,0.12185,-0.04116
0.22601,0.11887,-0.038757
0.22171,0.11603,-0.036343
0.21752,0.11332,-0.033931
0.21344,0.11072,-0.031524
0.20946,0.10824,-0.029134
0.20557,0.10586,-0.026768
0.20178,0.10359,-0.02444
0.18602,0.10108,-0.022685
0.17108,0.09837,-0.022103
0.15693,0.095468,-0.022421
0.14356,0.092395,-0.023491
0.13093,0.089166,-0.025235
0.11902,0.085801,-0.027617
0.10782,0.082314,-0.030627
0.097293,0.07872,-0.034269
0.087427,0.075036,-0.038553
0.078198,0.071275,-0.043499
0.077839,0.069769,-0.050521
0.077492,0.068271,-0.057429
0.07716,0.066782,-0.064169
0.076844,0.0653,-0.07071
0.076544,0.063825,-0.077028
0.076261,0.062359,-0.083114
0.075997,0.0609,-0.08896
0.075751,0.059449,-0.09457
0.075525,0.058006,-0.099944
0.075318,0.056571,-0.10509
0.085517,0.073326,-0.071102
0.096564,0.091657,-0.04484
0.10849,0.11157,-0.025586
0.12132,0.13309,-0.012798
0.13507,0.15623,-0.0060365
0.14977,0.181,-0.0047365
0.16566,0.20741,-0.0018562
0.18283,0.2355,0.0058507
0.20132,0.26528,0.018068
0.2211,0.29676,0.034508
0.21395,0.28264,0.035253
0.20716,0.26901,0.036336
0.20072,0.25586,0.037652
0.19461,0.24315,0.039142
0.18882,0.23087,0.040745
0.18332,0.21899,0.042429
0.17812,0.2075,0.044156
0.17319,0.19638,0.04591
0.16853,0.1856,0.047663
0.16412,0.17516,0.049411
0.16312,0.15581,0.024196
0.16371,0.13634,0.0069286
0.16587,0.11673,-0.0032545
0.16958,0.09699,-0.0069551
0.17463,0.07708,-0.0096243
0.18076,0.056958,-0.018063
0.18798,0.03662,-0.032093
0.19628,0.016062,-0.051555
0.20567,-0.0047196,-0.076346
0.21615,-0.025726,-0.1064
0.20136,0.011038,-0.089605
0.19034,0.0477,-0.073993
0.18297,0.084321,-0.059805
0.17915,0.12097,-0.047244
0.17883,0.15771,-0.036451
0.182,0.19461,-0.027539
0.18866,0.23173,-0.02059
0.19885,0.26913,-0.01566
0.21263,0.30685,-0.012791
0.23007,0.34492,-0.012008
0.22635,0.34236,-0.011932
0.223,0.33939,-0.01186
0.22004,0.33602,-0.011787
0.21744,0.33226,-0.011711
0.21466,0.32848,-0.011615
0.21139,0.3249,-0.01149
0.20761,0.32153,-0.011335
0.20335,0.31838,-0.011153
0.1986,0.31545,-0.010946
0.19338,0.31274,-0.010713
0.17226,0.2746,-0.015703
0.15228,0.23961,-0.026526
0.13334,0.20762,-0.04214
0.11534,0.17852,-0.061839
0.098196,0.15219,-0.085126
0.082219,0.12827,-0.11166
0.068248,0.10605,-0.1412
0.056281,0.0854,-0.17358
0.046288,0.066212,-0.20866
0.038237,0.04841,-0.24638
0.04292,0.056813,-0.22926
0.047898,0.065612,-0.21437
0.05319,0.074821,-0.20129
0.058814,0.084451,-0.18976
0.064784,0.094514,-0.17952
0.071114,0.10502,-0.17042
0.077813,0.11598,-0.16228
0.084891,0.12741,-0.15499
0.092357,0.13931,-0.14843
0.10022,0.15169,-0.14253
0.10211,0.155,-0.12143
0.10407,0.1582,-0.10295
0.10611,0.1613,-0.086749
0.10824,0.16431,-0.072532
0.11038,0.16727,-0.060083
0.11235,0.17032,-0.049215
0.11417,0.17346,-0.039786
0.11583,0.17669,-0.03167
0.11735,0.18001,-0.024771
0.11872,0.18342,-0.018997
0.12254,0.18919,-0.015188
0.1264,0.19503,-0.012268
0.13031,0.20095,-0.010055
0.13427,0.20696,-0.0083954
0.13829,0.21304,-0.0071761
0.14237,0.21921,-0.0062983
0.14652,0.22547,-0.0056883
0.15072,0.23182,-0.0052834
0.155,0.23825,-0.0050355
0.15933,0.24477,-0.0049033
0.15929,0.24151,-0.0070253
0.15886,0.23867,-0.011972
0.15807,0.23623,-0.018564
0.15698,0.23414,-0.026031
0.15629,0.23194,-0.033877
0.15614,0.22952,-0.041775
0.15653,0.22687,-0.049477
0.15744,0.22401,-0.056887
0.15887,0.2209,-0.063613
0.16083,0.21757,-0.069888
0.14983,0.20431,-0.085821
0.13952,0.19168,-0.10388
0.12988,0.17961,-0.12366
0.12089,0.16806,-0.14544
0.11252,0.15697,-0.16886
0.10476,0.14631,-0.19417
0.097608,0.13604,-0.2212
0.091038,0.12611,-0.25003
0.085041,0.1165,-0.28069
0.079605,0.10717,-0.31311
0.065492,0.085776,-0.31341
0.053183,0.067117,-0.31291
0.042555,0.050998,-0.31179
0.033488,0.037247,-0.31003
0.02588,0.0257,-0.30782
0.019632,0.016217,-0.3051
0.014662,0.0086663,-0.30204
0.010893,0.0029357,-0.29857
0.0082628,-0.0010735,-0.29484
0.0067172,-0.0034402,-0.29079
0.0069459,-0.0034366,-0.28921
0.0072412,-0.0034784,-0.28738
0.0076045,-0.0035672,-0.28538
0.0080326,-0.0037014,-0.28315
0.0085272,-0.0038823,-0.28078
0.009085,-0.0041086,-0.27821
0.009708,-0.0043813,-0.2755
0.010393,-0.0046994,-0.27262
0.011142,-0.0050637,-0.26963
0.01195,-0.0054733,-0.26648
0.0098314,-0.0052609,-0.23819
0.0082395,-0.0047335,-0.21394
0.0069621,-0.0041457,-0.19295
0.0055308,-0.0041276,-0.17452
0.0039112,-0.0046959,-0.15826
0.00208,-0.0058411,-0.1437
2.3604e-05,-0.0075573,-0.1306
-0.002273,-0.0098376,-0.11865
-0.0048163,-0.012677,-0.10772
-0.007613,-0.016072,-0.097599
-0.0040645,-0.013177,-0.12926
-0.00021862,-0.011163,-0.16526
0.003936,-0.010036,-0.20566
0.0084099,-0.0098077,-0.25044
0.013215,-0.010488,-0.29948
0.018363,-0.01209,-0.35274
0.023861,-0.014625,-0.40996
0.029729,-0.018095,-0.4711
0.036394,-0.021888,-0.53577
0.044108,-0.025664,-0.60398
0.043128,-0.026789,-0.56931
0.042645,-0.027302,-0.53547
0.041281,-0.02921,-0.5023
0.038967,-0.032617,-0.47001
0.035701,-0.037526,-0.43875
0.031474,-0.043939,-0.40838
0.026287,-0.051857,-0.37905
0.020131,-0.06128,-0.35063
0.013007,-0.072207,-0.32324
0.0049099,-0.084637,-0.29677
-0.0072225,-0.068858,-0.3107
-0.015258,-0.05607,-0.3246
-0.019303,-0.046255,-0.33856
-0.019452,-0.039404,-0.35253
-0.017592,-0.03427,-0.3665
-0.019497,-0.026926,-0.38058
-0.025609,-0.017097,-0.39471
-0.035977,-0.0047709,-0.40884
-0.050659,0.010086,-0.42286
-0.069724,0.027525,-0.43675
-0.056615,0.025581,-0.36483
-0.045123,0.023146,-0.30667
-0.035202,0.02032,-0.25889
-0.026803,0.017183,-0.21909
-0.019874,0.013802,-0.18575
-0.01434,0.010271,-0.15749
-0.0094722,0.0076215,-0.13347
-0.0049691,0.0062659,-0.11285
-0.00084531,0.0061555,-0.095089
0.0028904,0.0072545,-0.079639
0.00088943,0.0086058,-0.0647
-0.0017721,0.010375,-0.051688
-0.0050879,0.012581,-0.040607
-0.009062,0.015252,-0.030971
-0.013706,0.018417,-0.022747
-0.019039,0.022109,-0.015775
-0.025086,0.026361,-0.010061
-0.031876,0.031204,-0.0055725
-0.039439,0.036671,-0.0023339
-0.047807,0.042792,-0.00035223
-0.029562,0.032939,0.00010488
-0.014614,0.025807,0.0001628
-0.0027752,0.021287,0.00033099
0.0061245,0.019275,0.0007474
0.012213,0.019677,0.0013746
0.015639,0.022358,0.0022143
0.020221,0.024617,0.0032561
0.028007,0.024981,0.0045062
0.039101,0.023339,0.0059795
0.053632,0.019574,0.0076727
0.050981,0.017666,0.00038014
0.048408,0.015636,-0.0012891
0.045831,0.013621,-0.0074585
0.043252,0.011684,-0.018649
0.040685,0.0098657,-0.03419
0.038138,0.008199,-0.053623
0.035619,0.0067097,-0.076604
0.033129,0.0054164,-0.1029
0.030673,0.0043307,-0.13227
0.02825,0.0034586,-0.16457
0.022255,0.0078533,-0.18506
0.017229,0.011606,-0.20631
0.013181,0.014706,-0.22824
0.010123,0.017146,-0.25094
0.0080516,0.018921,-0.27431
0.0069632,0.020031,-0.29843
0.0064186,0.020774,-0.32319
0.0050144,0.02213,-0.34863
0.0026517,0.024167,-0.37462
-0.00065389,0.026873,-0.40124
0.0021365,0.023919,-0.43195
0.003275,0.022194,-0.46293
0.0028601,0.021632,-0.49403
0.0032096,0.020615,-0.52544
0.0053173,0.018443,-0.557
0.0092121,0.015099,-0.58882
0.014927,0.010554,-0.62071
0.022499,0.0047811,-0.65277
0.031967,-0.0022529,-0.68476
0.043374,-0.010581,-0.71681
0.046318,-0.0088521,-0.68522
0.04942,-0.0067542,-0.657
0.052683,-0.0043087,-0.63128
0.056114,-0.0015323,-0.60764
0.059715,0.0015633,-0.58562
0.063488,0.004964,-0.56492
0.067433,0.0086642,-0.54532
0.071553,0.012643,-0.52658
0.075847,0.016902,-0.5086
0.080316,0.021435,-0.49121
0.073398,0.028707,-0.49114
0.067321,0.035547,-0.49296
0.062052,0.04197,-0.49635
0.057563,0.047981,-0.50098
0.05383,0.053593,-0.50666
0.050833,0.058809,-0.51321
0.048555,0.063636,-0.52048
0.046981,0.068075,-0.52836
0.046098,0.07213,-0.53674
0.045898,0.075798,-0.54557
0.041137,0.070817,-0.62174
0.036616,0.066107,-0.6984
0.03234,0.061664,-0.77515
0.028314,0.057486,-0.85184
0.024543,0.053572,-0.92807
0.021028,0.049923,-1.004
0.017774,0.046536,-1.0792
0.01478,0.043415,-1.1541
0.012048,0.040557,-1.2281
0.0095778,0.037965,-1.3019
0.0055264,0.023921,-1.06
0.0036619,0.014083,-0.87552
0.0038747,0.0079003,-0.72929
0.0053417,0.0039843,-0.61028
0.0051796,-0.0018685,-0.51169
0.0031794,-0.010067,-0.42838
-0.00058959,-0.020597,-0.35732
-0.0060769,-0.033477,-0.29579
-0.013253,-0.048744,-0.24234
-0.022106,-0.066467,-0.19554
-0.028275,-0.074228,-0.20834
-0.03498,-0.08284,-0.21982
-0.042245,-0.092329,-0.23002
-0.050089,-0.10272,-0.23874
-0.058533,-0.11403,-0.24603
-0.067593,-0.12629,-0.25183
-0.077282,-0.13949,-0.25622
-0.087613,-0.15366,-0.25922
-0.098596,-0.1688,-0.26093
-0.11024,-0.18491,-0.26145
-0.096769,-0.1674,-0.24232
-0.084441,-0.15127,-0.22583
-0.073173,-0.13639,-0.21143
-0.06289,-0.12269,-0.19871
-0.053526,-0.11006,-0.18738
-0.045022,-0.098444,-0.1772
-0.037322,-0.08776,-0.16801
-0.030376,-0.07795,-0.15965
-0.024138,-0.068956,-0.15203
-0.018565,-0.060727,-0.14503
-0.0092402,-0.067123,-0.15394
0.0022384,-0.074862,-0.16264
0.015901,-0.083954,-0.17109
0.031777,-0.094416,-0.17924
0.049889,-0.10627,-0.18704
0.070262,-0.11953,-0.19444
0.092915,-0.13423,-0.2014
0.11787,-0.15039,-0.20791
0.14513,-0.16805,-0.21393
0.17472,-0.18723,-0.21947
0.14977,-0.18307,-0.22671
0.12504,-0.18025,-0.23374
0.10058,-0.17877,-0.24058
0.076404,-0.17864,-0.24727
0.052549,-0.17986,-0.2538
0.029035,-0.18244,-0.2602
0.0058803,-0.18639,-0.26644
-0.016905,-0.19172,-0.27255
-0.039309,-0.19843,-0.27851
-0.061322,-0.20655,-0.28431
-0.034684,-0.1865,-0.30432
-0.0093439,-0.16933,-0.32491
0.014792,-0.15491,-0.34603
0.037806,-0.14313,-0.36768
0.059767,-0.13388,-0.38978
0.080732,-0.12711,-0.41237
0.10075,-0.12275,-0.43532
0.11984,-0.12077,-0.45868
0.13805,-0.12113,-0.48232
0.15539,-0.12382,-0.50628
0.15008,-0.11689,-0.38364
0.14495,-0.11062,-0.28761
0.13996,-0.10495,-0.21159
0.13509,-0.099803,-0.1513
0.1303,-0.095142,-0.10381
0.12559,-0.090923,-0.066964
0.12093,-0.087111,-0.039261
0.11632,-0.083671,-0.019485
0.11194,-0.080301,-0.006768
0.10786,-0.076845,-0.00039116
0.12116,-0.086629,-0.0032356
0.13533,-0.097015,-0.0079067
0.15036,-0.10801,-0.014379
0.16628,-0.1196,-0.022603
0.18308,-0.13181,-0.032556
0.20078,-0.14463,-0.044195
0.21937,-0.15807,-0.057502
0.23884,-0.17218,-0.072449
0.25918,-0.18697,-0.089028
0.2804,-0.20244,-0.10723
0.28498,-0.20525,-0.082372
0.2903,-0.20713,-0.060858
0.29662,-0.20772,-0.042659
0.30393,-0.20703,-0.027737
0.31224,-0.20507,-0.016039
0.32152,-0.20184,-0.0075025
0.3318,-0.19734,-0.0020622
0.34306,-0.19156,0.00035475
0.35531,-0.1845,0.001056
0.36854,-0.17614,0.0042649
0.38429,-0.19598,0.003144
0.40084,-0.216,0.0023698
0.41822,-0.2362,0.0018125
0.43643,-0.25659,0.0013896
0.45546,-0.27717,0.0010495
0.47534,-0.29794,0.00075785
0.49605,-0.31891,0.00049363
0.5176,-0.34007,0.00024043
0.53999,-0.36143,-1.0755e-05
0.56323,-0.38299,-0.00026975
0.57362,-0.3967,0.015412
0.58461,-0.40996,0.044589
0.59623,-0.42278,0.083528
0.60846,-0.43517,0.12988
0.62132,-0.44716,0.18211
0.6348,-0.45876,0.23922
0.64889,-0.46997,0.30043
0.66351,-0.48093,0.36524
0.67806,-0.49248,0.43312
0.69245,-0.50474,0.50376
0.61097,-0.44411,0.42355
0.53557,-0.38868,0.36599
0.46595,-0.33807,0.32189
0.40225,-0.29148,0.28656
0.34431,-0.24857,0.25721
0.29186,-0.20922,0.23225
0.24467,-0.17332,0.21061
0.20252,-0.14077,0.19159
0.16519,-0.11147,0.17473
0.1325,-0.085331,0.15963
0.15493,-0.1023,0.12783
0.17944,-0.12077,0.10022
0.20607,-0.14078,0.07637
0.23487,-0.16235,0.055887
0.26587,-0.18552,0.0385
0.29913,-0.21032,0.023936
0.33469,-0.23676,0.011998
0.37257,-0.26489,0.0024801
0.41281,-0.29471,-0.0047743
0.45544,-0.32624,-0.0099228
0.44858,-0.32265,-0.0083875
0.4419,-0.31892,-0.0066919
0.43542,-0.31506,-0.0049805
0.42912,-0.31107,-0.0033183
0.42299,-0.30697,-0.0017104
0.41703,-0.30275,-0.00015533
0.4111,-0.29862,0.0013699
0.40511,-0.29468,0.0028771
0.39907,-0.29091,0.0043907
0.39298,-0.28732,0.0059208
0.38617,-0.28072,0.0077772
0.37881,-0.27502,0.0098977
0.37191,-0.26882,0.012285
0.36569,-0.26182,0.014931
0.3601,-0.2541,0.017836
0.3551,-0.24569,0.020996
0.35067,-0.23666,0.024413
0.34677,-0.22704,0.028084
0.34338,-0.21686,0.032012
0.34047,-0.20617,0.036195
0.34133,-0.22493,0.0060614
0.3453,-0.2406,-0.010999
0.35223,-0.25326,-0.017134
0.36178,-0.26275,-0.022301
0.37125,-0.27205,-0.035956
0.37824,-0.28451,-0.057389
0.38273,-0.30011,-0.086054
0.3847,-0.31889,-0.12154
0.38411,-0.34085,-0.16351
0.38095,-0.36603,-0.21169
0.3904,-0.35378,-0.22886
0.39862,-0.34299,-0.24617
0.40562,-0.33365,-0.26345
0.41143,-0.32574,-0.28068
0.41607,-0.31925,-0.2977
0.41955,-0.31417,-0.31452
0.4219,-0.3105,-0.33103
0.42313,-0.30822,-0.34724
0.42326,-0.30734,-0.36304
0.42336,-0.30638,-0.37847
0.41202,-0.29903,-0.3914
0.40097,-0.29141,-0.40424
0.39004,-0.28378,-0.41683
0.37895,-0.27655,-0.42917
0.36769,-0.26974,-0.44112
0.35626,-0.26335,-0.45273
0.34467,-0.2574,-0.46387
0.33292,-0.25189,-0.47463
0.321,-0.24683,-0.48488
0.30892,-0.24225,-0.49472
0.30287,-0.23321,-0.5066
0.29668,-0.22491,-0.5185
0.29034,-0.21734,-0.53025
0.28384,-0.2105,-0.54187
0.27716,-0.20438,-0.55325
0.27031,-0.19896,-0.56444
0.26347,-0.19398,-0.57532
0.2572,-0.18863,-0.58596
0.25153,-0.18289,-0.59628
0.24646,-0.17673,-0.60633
0.22981,-0.16043,-0.63735
0.2145,-0.14393,-0.66755
0.20046,-0.12724,-0.69704
0.18763,-0.11036,-0.726
0.17595,-0.093308,-0.75445
0.16539,-0.076097,-0.78255
0.15589,-0.058733,-0.81022
0.14744,-0.041225,-0.83759
0.14001,-0.023579,-0.86457
0.13356,-0.0058055,-0.89127
0.12754,-0.010776,-0.91488
0.12195,-0.015424,-0.93672
0.11677,-0.019761,-0.95689
0.11196,-0.023803,-0.97575
0.10752,-0.027563,-0.9933
0.10342,-0.031054,-1.0098
0.099652,-0.034292,-1.0252
0.096198,-0.037289,-1.0397
0.093044,-0.040059,-1.0533
0.090175,-0.042613,-1.0661
0.12326,-0.040463,-0.9467
0.15949,-0.033335,-0.85073
0.19928,-0.021448,-0.77125
0.24294,-0.0049017,-0.70391
0.29075,0.01628,-0.64588
0.34291,0.042107,-0.59504
0.39961,0.072618,-0.55009
0.46101,0.10785,-0.50982
0.52723,0.14786,-0.4736
0.59838,0.19267,-0.44069
0.6217,0.17734,-0.43609
0.64603,0.16135,-0.42377
0.67122,0.1448,-0.4067
0.69718,0.12773,-0.38678
0.72383,0.11018,-0.3655
0.75113,0.092182,-0.34367
0.77904,0.073751,-0.32199
0.80756,0.054897,-0.30074
0.83666,0.035628,-0.28022
0.86633,0.015949,-0.26051
0.82841,0.026553,-0.2517
0.79229,0.037429,-0.24405
0.75789,0.048502,-0.23739
0.7251,0.059703,-0.23153
0.69384,0.070975,-0.2264
0.66404,0.082269,-0.22186
0.63563,0.093543,-0.21792
0.60855,0.10476,-0.21446
0.58273,0.11588,-0.21149
0.55814,0.12688,-0.20892
0.52582,0.095705,-0.16921
0.49491,0.066602,-0.1365
0.46543,0.039521,-0.1092
0.4374,0.014424,-0.086259
0.41083,-0.0087221,-0.06701
0.38571,-0.029943,-0.05094
0.36205,-0.04926,-0.037719
0.33983,-0.066695,-0.027053
0.31906,-0.082264,-0.018747
0.29972,-0.095983,-0.012612
0.3041,-0.12015,-0.0105
0.30982,-0.14324,-0.0090169
0.31688,-0.16529,-0.008016
0.32528,-0.18631,-0.0073832
0.33502,-0.20633,-0.0070397
0.3461,-0.22537,-0.0068978
0.35854,-0.24343,-0.0066593
0.37234,-0.26052,-0.0062788
0.38751,-0.27667,-0.005792
0.40404,-0.29186,-0.0052267
0.42617,-0.30404,-0.0071501
0.44991,-0.31491,-0.012856
0.4752,-0.32449,-0.023712
0.50206,-0.33278,-0.038799
0.53049,-0.33977,-0.057476
0.5605,-0.34547,-0.079294
0.59208,-0.34986,-0.10394
0.62525,-0.35295,-0.1312
0.65999,-0.35473,-0.16091
0.69633,-0.35519,-0.19296
0.68194,-0.37314,-0.13727
0.66921,-0.38901,-0.096523
0.65811,-0.40288,-0.066114
0.64857,-0.41483,-0.043429
0.64055,-0.42492,-0.026842
0.63398,-0.43321,-0.015356
0.62881,-0.43977,-0.0082809
0.62499,-0.44464,-0.005144
0.62249,-0.44784,-0.0042627
0.62135,-0.44933,-0.00071675
0.57863,-0.41785,4.7695e-05
0.53757,-0.38739,0.00087279
0.49813,-0.35797,0.0017425
0.46029,-0.3296,0.0026399
0.42405,-0.3023,0.0035565
0.38938,-0.27609,0.0044833
0.35628,-0.25097,0.0054158
0.32472,-0.22697,0.0063492
0.29471,-0.20408,0.0072808
0.26623,-0.18231,0.0082076
0.28398,-0.20062,-0.0018083
0.30359,-0.21806,-0.0043639
0.32482,-0.23476,-0.0094228
0.34693,-0.25168,-0.01959
0.36873,-0.27043,-0.033883
0.39022,-0.29102,-0.051577
0.4114,-0.31344,-0.072109
0.43227,-0.33767,-0.095044
0.45284,-0.3637,-0.12003
0.4731,-0.39154,-0.14679
0.46481,-0.37113,-0.18045
0.45524,-0.35284,-0.21752
0.44443,-0.33657,-0.2577
0.43243,-0.32225,-0.30079
0.41928,-0.30981,-0.34651
0.40503,-0.29917,-0.39474
0.3912,-0.28822,-0.44524
0.37871,-0.27567,-0.49795
0.36753,-0.26154,-0.5526
0.35765,-0.24586,-0.60915
0.35661,-0.25153,-0.57863
0.35602,-0.25608,-0.55603
0.35595,-0.25955,-0.53881
0.35642,-0.26196,-0.52557
0.35745,-0.26334,-0.51508
0.35874,-0.26411,-0.50672
0.35932,-0.26568,-0.49985
0.35915,-0.26812,-0.49418
0.35824,-0.27142,-0.48936
0.35662,-0.27558,-0.48527
0.37481,-0.2859,-0.44251
0.39323,-0.2966,-0.40301
0.41188,-0.30767,-0.36633
0.43078,-0.3191,-0.33221
0.44993,-0.33091,-0.30043
0.46932,-0.34307,-0.27084
0.48897,-0.3556,-0.24333
0.50887,-0.36847,-0.21777
0.52903,-0.3817,-0.19414
0.54944,-0.39527,-0.17232
0.52362,-0.37699,-0.218
0.49824,-0.35902,-0.26335
0.4733,-0.34136,-0.30833
0.44882,-0.32403,-0.35299
0.42479,-0.30703,-0.39753
0.40122,-0.29037,-0.44207
0.37811,-0.27405,-0.48674
0.35546,-0.25808,-0.53166
0.33328,-0.24246,-0.57684
0.31158,-0.2272,-0.62239
0.32215,-0.23104,-0.54514
0.33175,-0.23531,-0.48423
0.34053,-0.24006,-0.43471
0.34861,-0.24533,-0.39353
0.35655,-0.25049,-0.35856
0.36482,-0.25495,-0.32837
0.37344,-0.25874,-0.30193
0.38242,-0.2619,-0.27851
0.39176,-0.26447,-0.25758
0.40147,-0.26645,-0.2387
0.38615,-0.25056,-0.18641
0.37222,-0.23466,-0.1457
0.35962,-0.21872,-0.1136
0.3483,-0.20267,-0.08805
0.33819,-0.18646,-0.067692
0.32923,-0.17002,-0.051489
0.32138,-0.15331,-0.038727
0.31458,-0.13628,-0.028813
0.30879,-0.11888,-0.021324
0.30397,-0.10108,-0.015891
0.28119,-0.085363,-0.014603
0.2595,-0.07033,-0.013013
0.23891,-0.055982,-0.011285
0.2194,-0.042319,-0.0095362
0.20099,-0.029345,-0.0078689
0.18367,-0.017063,-0.0063474
0.16746,-0.0054759,-0.0050242
0.15234,0.0054118,-0.0039299
0.13832,0.015596,-0.0030876
0.12541,0.025068,-0.0023698
0.12318,-0.0024618,-0.0013162
0.12389,-0.027737,0.0022341
0.12754,-0.050802,0.0081994
0.13411,-0.071685,0.016516
0.14361,-0.090404,0.027108
0.15604,-0.10696,0.039917
0.17142,-0.12135,0.054855
0.18878,-0.13498,0.071838
0.20526,-0.15194,0.090716
0.22066,-0.1725,0.11142
0.23264,-0.17972,0.086283
0.24504,-0.1873,0.065294
0.25784,-0.19525,0.04771
0.27106,-0.20355,0.033007
0.2847,-0.21219,0.020761
0.29877,-0.22117,0.010663
0.31326,-0.23049,0.0024602
0.32817,-0.24015,-0.0040368
0.34352,-0.25014,-0.0089801
0.35931,-0.26047,-0.012489
0.36046,-0.25609,-0.014389
0.36054,-0.25325,-0.01506
0.35955,-0.25174,-0.018065
0.3589,-0.24957,-0.023091
0.3592,-0.24593,-0.029846
0.36043,-0.24083,-0.038117
0.36261,-0.23431,-0.047743
0.36572,-0.22637,-0.058602
0.36976,-0.21703,-0.070589
0.37474,-0.2063,-0.083628
0.37993,-0.2077,-0.054945
0.38505,-0.20897,-0.036111
0.39013,-0.21015,-0.024051
0.39521,-0.21128,-0.016767
0.40031,-0.21237,-0.012919
0.40546,-0.21345,-0.01159
0.41068,-0.21454,-0.010868
0.41602,-0.21568,-0.0087495
0.42146,-0.21685,-0.005538
0.42699,-0.21805,-0.0014794
0.412,-0.23282,0.0018268
0.39974,-0.2445,0.0063927
0.39013,-0.25311,0.012273
0.38305,-0.25869,0.019514
0.37843,-0.26125,0.028141
0.37606,-0.26097,0.038163
0.37295,-0.26207,0.049569
0.36781,-0.26632,0.062342
0.36061,-0.2737,0.076448
0.35132,-0.28415,0.091857
0.36672,-0.29039,0.074775
0.38224,-0.29694,0.059527
0.39788,-0.3038,0.045708
0.41363,-0.31096,0.033512
0.42951,-0.31843,0.022724
0.4455,-0.3262,0.013465
0.46162,-0.33428,0.0056278
0.47785,-0.34266,-0.00069505
0.4942,-0.35135,-0.0055418
0.51066,-0.36034,-0.0088672
0.54718,-0.39322,-0.011664
0.5839,-0.42882,-0.016704
0.6208,-0.46712,-0.025899
0.65788,-0.50813,-0.038045
0.69515,-0.55188,-0.052334
0.7326,-0.59836,-0.068227
0.77027,-0.64756,-0.085329
0.80816,-0.69948,-0.10339
0.84631,-0.75409,-0.12216
0.88473,-0.81136,-0.14149
0.7827,-0.71005,-0.1041
0.68888,-0.61777,-0.081952
0.60285,-0.53392,-0.067363
0.52419,-0.45799,-0.057044
0.45248,-0.38949,-0.049287
0.38736,-0.32797,-0.043243
0.32847,-0.27303,-0.038368
0.27548,-0.22429,-0.034389
0.22807,-0.1814,-0.031082
0.18593,-0.14404,-0.028341
0.18515,-0.13754,-0.03563
0.18379,-0.13182,-0.042785
0.18186,-0.12688,-0.049663
0.17938,-0.1227,-0.056234
0.17637,-0.11927,-0.062441
0.17292,-0.11647,-0.068315
0.16976,-0.11324,-0.073817
0.16709,-0.10929,-0.078994
0.1649,-0.10465,-0.083827
0.16319,-0.099312,-0.088374
0.17581,-0.10754,-0.086159
0.18889,-0.11602,-0.084593
0.20241,-0.12474,-0.083565
0.21639,-0.1337,-0.083049
0.23081,-0.14291,-0.082958
0.24569,-0.15237,-0.083274
0.26101,-0.16207,-0.083928
0.27677,-0.17202,-0.08491
0.29298,-0.18222,-0.086163
0.30964,-0.19267,-0.087683
0.32806,-0.19737,-0.1614
0.34764,-0.20133,-0.25259
0.36846,-0.20461,-0.35802
0.39059,-0.20732,-0.4752
0.41408,-0.2095,-0.6019
0.43897,-0.21121,-0.73678
0.46527,-0.21245,-0.87829
0.49297,-0.21325,-1.026
0.5221,-0.21361,-1.1785
0.55262,-0.21355,-1.3359
0.50721,-0.22359,-1.2996
0.46589,-0.22837,-1.2829
0.42849,-0.22853,-1.2766
0.39482,-0.22451,-1.2768
0.36473,-0.21664,-1.2803
0.33807,-0.2052,-1.2859
0.31436,-0.19094,-1.2924
0.28991,-0.17943,-1.2993
0.26387,-0.17198,-1.3062
0.23631,-0.16847,-1.3128
0.24235,-0.16733,-1.238
0.24794,-0.16657,-1.1774
0.25317,-0.16623,-1.1267
0.25808,-0.16634,-1.0833
0.26271,-0.16691,-1.0453
0.26708,-0.16794,-1.0114
0.27122,-0.16942,-0.98081
0.27513,-0.17135,-0.95282
0.27884,-0.17371,-0.9271
0.28247,-0.17633,-0.90312
0.24899,-0.15556,-0.75512
0.21855,-0.13621,-0.62763
0.191,-0.11821,-0.51713
0.1662,-0.10144,-0.42096
0.14402,-0.085799,-0.33705
0.12432,-0.071186,-0.26448
0.10698,-0.057487,-0.20211
0.091889,-0.044594,-0.14926
0.078917,-0.032403,-0.10529
0.067955,-0.02081,-0.069596
0.069814,-0.026177,-0.078835
0.071992,-0.031321,-0.088512
0.074489,-0.036241,-0.098675
0.077303,-0.040938,-0.10926
0.080435,-0.045412,-0.12027
0.083881,-0.049664,-0.13169
0.087643,-0.053694,-0.14351
0.091717,-0.057504,-0.15571
0.096105,-0.061096,-0.16829
0.1008,-0.064469,-0.18124
0.093349,-0.059538,-0.19984
0.086195,-0.054811,-0.21907
0.07933,-0.050281,-0.23891
0.072743,-0.045943,-0.2594
0.066426,-0.04179,-0.28052
0.060373,-0.037818,-0.30231
0.054577,-0.034023,-0.32474
0.049032,-0.0304,-0.34786
0.043731,-0.026947,-0.37162
0.038669,-0.023662,-0.3961
0.04752,-0.029479,-0.33938
0.057,-0.035642,-0.28823
0.067113,-0.04216,-0.24214
0.077862,-0.049038,-0.20074
0.089237,-0.056275,-0.16381
0.10123,-0.063868,-0.13105
0.11382,-0.071811,-0.10236
0.127,-0.080096,-0.077523
0.14075,-0.088715,-0.05648
0.15504,-0.097659,-0.039088
0.15153,-0.096547,-0.055591
0.14834,-0.094857,-0.073611
0.14465,-0.093948,-0.092784
0.1404,-0.093982,-0.11278
0.13561,-0.094975,-0.1334
0.13029,-0.096939,-0.15445
0.12447,-0.099884,-0.17582
0.11815,-0.10382,-0.19739
0.11135,-0.10874,-0.21908
0.10408,-0.11466,-0.24082
0.094468,-0.094021,-0.30546
0.084386,-0.076197,-0.37581
0.073886,-0.061152,-0.45157
0.063007,-0.048866,-0.53263
0.051779,-0.039332,-0.61865
0.040301,-0.032422,-0.70965
0.030344,-0.025343,-0.80518
0.022629,-0.016957,-0.90536
0.017177,-0.0072433,-1.0095
0.014004,0.0038241,-1.118
0.012445,0.0050305,-1.0195
0.010775,0.0059212,-0.94021
0.0090845,0.0065299,-0.8742
0.0074227,0.0068837,-0.81841
0.0058274,0.0070089,-0.77044
0.004328,0.0069299,-0.72857
0.0029423,0.0066677,-0.6917
0.0016896,0.006244,-0.65877
0.00057931,0.0056764,-0.62925
-0.00037446,0.0049847,-0.60243
0.0040367,0.0090818,-0.57461
0.0092841,0.013896,-0.55049
0.015376,0.01943,-0.52946
0.022323,0.025688,-0.51084
0.030133,0.03267,-0.49434
0.038816,0.04038,-0.47949
0.048378,0.048816,-0.46616
0.058828,0.057982,-0.45404
0.070173,0.067876,-0.44306
0.082422,0.078501,-0.43301
0.091337,0.083302,-0.38172
0.10059,0.088071,-0.33322
0.11018,0.092802,-0.2878
0.12011,0.097499,-0.24555
0.13039,0.10216,-0.20665
0.14103,0.1068,-0.17109
0.15204,0.11141,-0.13898
0.16341,0.116,-0.11027
0.17518,0.12059,-0.085029
0.18733,0.12516,-0.063183
0.21183,0.12495,-0.057456
0.23854,0.12396,-0.052075
0.26749,0.12217,-0.047064
0.29873,0.11957,-0.042371
0.33231,0.11614,-0.038009
0.36826,0.11187,-0.03394
0.40661,0.10675,-0.03017
0.4474,0.10075,-0.026668
0.49066,0.093863,-0.023435
0.53642,0.086083,-0.020446
0.45863,0.098614,-0.0061038
0.38898,0.10865,-0.0017439
0.32703,0.11635,0.0025071
0.27233,0.12187,0.013876
0.22447,0.12526,0.031607
0.18307,0.1266,0.05516
0.14777,0.12594,0.084111
0.11827,0.12333,0.11816
0.094274,0.11882,0.15703
0.075542,0.11244,0.20056
0.081718,0.11672,0.15409
0.088324,0.12103,0.11536
0.095362,0.12535,0.083296
0.10284,0.12968,0.05716
0.11076,0.13403,0.036373
0.11913,0.1384,0.020508
0.12796,0.14278,0.0092309
0.13727,0.14717,0.002277
0.14706,0.15157,-0.00055969
0.15735,0.15596,-0.0017289
0.14498,0.14419,-0.00056591
0.13307,0.13299,-0.00015836
0.12162,0.12235,0.0012419
0.11062,0.11226,0.0037654
0.1001,0.10269,0.0073955
0.090056,0.093636,0.012123
0.080496,0.085075,0.017945
0.07143,0.076991,0.024862
0.062866,0.06937,0.032876
0.054814,0.062196,0.041993
0.060121,0.047619,0.022338
0.068388,0.032172,0.0092453
0.079607,0.015822,0.0022242
0.093782,-0.0014617,0.00068694
0.11099,-0.019753,-0.0031369
0.1313,-0.039082,-0.012506
0.15472,-0.059449,-0.027408
0.18129,-0.080848,-0.047844
0.21105,-0.10327,-0.073799
0.24402,-0.1267,-0.10525
0.23738,-0.11859,-0.10099
0.23113,-0.11014,-0.096913
0.22529,-0.10134,-0.092944
0.21984,-0.092184,-0.089065
0.21478,-0.082684,-0.085236
0.21011,-0.072837,-0.081451
0.20583,-0.062643,-0.077694
0.20194,-0.052102,-0.073966
0.19843,-0.041213,-0.070263
0.19531,-0.029976,-0.066587
0.20091,-0.0158,-0.073474
0.20719,-0.00028786,-0.080474
0.21415,0.016575,-0.087583
0.22181,0.0348,-0.094793
0.23014,0.054399,-0.1021
0.23917,0.075382,-0.10949
0.2489,0.09776,-0.11696
0.25932,0.12154,-0.12451
0.27044,0.14673,-0.13212
0.28225,0.17334,-0.13978
0.26826,0.15688,-0.11077
0.25491,0.1412,-0.087796
0.24216,0.12631,-0.069268
0.22997,0.11216,-0.054137
0.21834,0.098747,-0.041697
0.20723,0.086047,-0.031444
0.19663,0.074043,-0.023028
0.18651,0.062721,-0.016181
0.17688,0.052065,-0.010711
0.1677,0.042062,-0.0064582
0.14946,0.053434,-0.016741
0.13292,0.064018,-0.029891
0.11809,0.073785,-0.045206
0.10501,0.082711,-0.062213
0.093707,0.090769,-0.080609
0.084191,0.09794,-0.10019
0.076481,0.1042,-0.12082
0.070587,0.10954,-0.1424
0.066517,0.11393,-0.16488
0.064271,0.11738,-0.18821
0.072663,0.12331,-0.22098
0.084189,0.1279,-0.25621
0.098839,0.13118,-0.29383
0.11661,0.13315,-0.33384
0.13749,0.13382,-0.37612
0.16147,0.1332,-0.42071
0.18856,0.13129,-0.46745
0.21875,0.12811,-0.5164
0.25205,0.12366,-0.56738
0.28845,0.11795,-0.62046
0.26888,0.13148,-0.51765
0.25086,0.14438,-0.43496
0.23435,0.15666,-0.36643
0.21927,0.16835,-0.30857
0.20558,0.17944,-0.25901
0.19324,0.18995,-0.21614
0.18222,0.19991,-0.1789
0.17248,0.20931,-0.14645
0.16398,0.21817,-0.11822
0.15669,0.22651,-0.093723
0.14762,0.21828,-0.088801
0.13879,0.2099,-0.083507
0.13021,0.20139,-0.078055
0.12189,0.19278,-0.072535
0.11383,0.18408,-0.067072
0.10605,0.17532,-0.061707
0.098538,0.16652,-0.056511
0.091317,0.1577,-0.051497
0.084388,0.14889,-0.046707
0.077759,0.1401,-0.042139
0.070483,0.12315,-0.045514
0.063936,0.10742,-0.049344
0.058075,0.092831,-0.053636
0.052861,0.079337,-0.058374
0.04826,0.066881,-0.063568
0.044238,0.055415,-0.06921
0.040766,0.044892,-0.075309
0.037819,0.03527,-0.081861
0.035373,0.026509,-0.088873
0.033409,0.018576,-0.096342
0.041316,0.01458,-0.069647
0.050347,0.010024,-0.048028
0.06052,0.0048956,-0.030952
0.07186,-0.00082042,-0.018052
0.084394,-0.0071391,-0.0090772
0.098152,-0.014076,-0.0038323
0.11316,-0.021644,-0.002158
0.12952,-0.02986,-0.0010792
0.14732,-0.038734,0.0031687
0.16659,-0.048277,0.010441
0.17124,-0.036485,0.018882
0.17678,-0.022668,0.029559
0.18318,-0.0068149,0.042521
0.19043,0.011081,0.057819
0.19851,0.031029,0.075463
0.20744,0.053032,0.095485
0.21719,0.077097,0.11787
0.22777,0.10323,0.14262
0.23918,0.13143,0.16968
0.25142,0.16171,0.19906
0.22571,0.13265,0.20578
0.20152,0.10574,0.21276
0.17889,0.081103,0.21983
0.15788,0.058843,0.22698
0.13852,0.039078,0.23409
0.12087,0.021912,0.24118
0.10495,0.0074476,0.24816
0.090796,-0.0042189,0.25506
0.07845,-0.012996,0.26181
0.067932,-0.018802,0.26842
0.077408,-0.013803,0.24113
0.088519,-0.0062775,0.21671
0.10128,0.0038079,0.19456
0.1157,0.016495,0.17431
0.13182,0.031834,0.15568
0.14966,0.049878,0.13849
0.16924,0.070679,0.12261
0.1906,0.094291,0.10793
0.21376,0.12076,0.094361
0.23873,0.15014,0.081832
0.21348,0.14389,0.084295
0.18976,0.13789,0.08458
0.16759,0.13209,0.083256
0.14699,0.12645,0.080751
0.12798,0.12091,0.077407
0.11058,0.11543,0.07347
0.094801,0.10997,0.069139
0.080658,0.10448,0.064551
0.068168,0.098937,0.059824
0.057343,0.09329,0.055034
0.054564,0.096751,0.032472
0.052386,0.10003,0.016394
0.050785,0.10313,0.0058765
0.049745,0.10606,0.00024204
0.049248,0.10881,-0.0011674
0.049202,0.11137,-0.0039424
0.049571,0.11374,-0.010473
0.05014,0.11602,-0.020556
0.050247,0.1185,-0.034024
0.04985,0.12119,-0.050765
0.041738,0.098356,-0.043159
0.033651,0.078647,-0.036146
0.02764,0.061004,-0.029712
0.023919,0.045166,-0.023868
0.022333,0.031043,-0.018622
0.022755,0.018542,-0.014003
0.025089,0.0075705,-0.010036
0.029288,-0.0019577,-0.0067506
0.035358,-0.010115,-0.0041655
0.043359,-0.016948,-0.0022906
0.038339,-0.015057,-0.0015492
0.033674,-0.01328,-0.0010021
0.029354,-0.011618,-0.0006131
0.025369,-0.010071,-0.0003537
0.021713,-0.0086402,-0.000201
0.018374,-0.0073243,-0.00013601
0.015347,-0.0061229,-6.9369e-05
0.012621,-0.005035,4.8209e-05
0.010189,-0.0040593,0.00020657
0.0080416,-0.0031942,0.00039682
0.0086314,-0.00095713,0.00021159
0.010354,0.0040759,4.0186e-05
0.013179,0.011876,-0.00010549
0.017078,0.022407,-0.00019666
0.022029,0.035635,-0.00042198
0.028014,0.051534,-0.00089119
0.035019,0.070081,-0.0016645
0.043033,0.091262,-0.0027879
0.052044,0.11507,-0.0042915
0.062045,0.14149,-0.0061889
0.053938,0.11651,-0.0049405
0.046896,0.093372,-0.0038834
0.040951,0.072176,-0.002981
0.036136,0.053044,-0.0022103
0.032482,0.03609,-0.0015571
0.030022,0.021432,-0.0010134
0.028786,0.0091828,-0.00057549
0.028808,-0.00055025,-0.00024184
0.030117,-0.0076751,-1.2279e-05
0.032737,-0.012128,0.00011373
0.030434,-0.0070102,-0.00035999
0.029733,0.0016095,-0.0015294
0.030658,0.013728,-0.0034038
0.033221,0.029352,-0.0060312
0.037417,0.048496,-0.0094703
0.043232,0.071181,-0.013771
0.050648,0.097434,-0.018964
0.059642,0.12728,-0.025063
0.070193,0.16075,-0.032063
0.082281,0.19788,-0.039948
0.07396,0.17495,-0.019557
0.066325,0.15341,-0.0073865
0.059362,0.13323,-0.0013552
0.053059,0.11441,9.3669e-05
0.047363,0.09697,0.0026278
0.042251,0.080897,0.0082043
0.037715,0.066182,0.016342
0.03375,0.052813,0.026658
0.030348,0.040781,0.039132
0.027501,0.030076,0.053403
0.030445,0.02807,0.046101
0.033706,0.025976,0.039502
0.037282,0.023793,0.033757
0.041177,0.021518,0.028575
0.045393,0.019149,0.024022
0.049931,0.016686,0.019944
0.054793,0.014128,0.016318
0.059983,0.011473,0.013122
0.065501,0.0087224,0.010302
0.071353,0.0058751,0.0078886
0.07,0.0079967,0.011602
0.068676,0.010134,0.015938
0.067379,0.012288,0.020789
0.066109,0.014459,0.026139
0.064865,0.016651,0.031893
0.063647,0.018862,0.038051
0.062455,0.021093,0.04453
0.061289,0.023347,0.051342
0.060149,0.025622,0.05841
0.059035,0.027919,0.065755
0.052998,0.025115,0.075651
0.047268,0.022485,0.086188
0.041844,0.020023,0.097299
0.036727,0.017724,0.10902
0.031917,0.015582,0.12127
0.027416,0.013594,0.13409
0.023224,0.011754,0.14741
0.01934,0.010061,0.16128
0.015766,0.0085102,0.17561
0.012501,0.0070998,0.19045
0.018122,0.011469,0.15033
0.024466,0.016907,0.1169
0.03157,0.023416,0.088784
0.039472,0.031002,0.06517
0.048215,0.039673,0.045566
0.057839,0.049442,0.02968
0.068387,0.060323,0.017363
0.0799,0.072328,0.0085049
0.092416,0.085472,0.0030244
0.10597,0.099768,0.00082029
0.10863,0.090011,0.00076864
0.11155,0.08048,0.00068465
0.11476,0.071178,0.0003449
0.11825,0.06211,-0.00031492
0.12201,0.05328,-0.0013507
0.12606,0.04469,-0.0028074
0.13039,0.036344,-0.0047256
0.135,0.028244,-0.0071347
0.1399,0.020393,-0.010064
0.14509,0.012793,-0.01353
0.14269,0.014205,-0.01188
0.14032,0.01565,-0.010302
0.13798,0.017129,-0.008806
0.13567,0.018642,-0.0073969
0.13339,0.020187,-0.006086
0.13115,0.021764,-0.0048765
0.12893,0.023373,-0.0037788
0.12674,0.025014,-0.0027964
0.12458,0.026686,-0.0019382
0.12245,0.028388,-0.0012084
0.14833,0.030833,0.00014387
0.17742,0.033366,0.00062327
0.20988,0.035994,0.0010191
0.24585,0.038722,0.0020061
0.28549,0.041553,0.0034223
0.32891,0.04449,0.0051124
0.37624,0.047536,0.0069345
0.42758,0.050692,0.0087733
0.48303,0.05396,0.010533
0.54269,0.057338,0.012147
0.50392,0.064151,0.0057478
0.46686,0.070356,0.0023882
0.43148,0.075981,0.00072948
0.39774,0.081046,5.2982e-05
0.36562,0.085573,-0.00018128
0.33507,0.089581,-0.00065241
0.30607,0.09309,-0.0013033
0.2786,0.096118,-0.0020507
0.25263,0.098681,-0.0028419
0.22814,0.1008,-0.0036419
0.23358,0.091064,-0.0060644
0.23932,0.081559,-0.0088174
0.24536,0.072277,-0.011912
0.25169,0.063212,-0.015185
0.25831,0.054362,-0.018634
0.26522,0.045723,-0.022172
0.27241,0.037291,-0.025794
0.27989,0.029063,-0.029453
0.28764,0.021037,-0.03314
0.29567,0.013211,-0.036831
0.31322,0.014727,-0.026208
0.33127,0.01633,-0.018533
0.34981,0.018023,-0.013091
0.36886,0.019807,-0.00935
0.38841,0.021686,-0.0069155
0.40846,0.023665,-0.0054927
0.42902,0.02575,-0.004861
0.45009,0.027944,-0.0048567
0.47167,0.030255,-0.005227
0.49377,0.032689,-0.0053355
0.48166,0.012524,-0.0059178
0.47031,-0.0058269,-0.0063348
0.45969,-0.022334,-0.0075197
0.44977,-0.036972,-0.0095283
0.44053,-0.049717,-0.0124
0.43195,-0.060546,-0.01618
0.42401,-0.069439,-0.020903
0.41667,-0.076378,-0.026612
0.40992,-0.081346,-0.03334
0.40372,-0.084329,-0.04113
0.36381,-0.073091,-0.034041
0.32621,-0.062068,-0.026443
0.29088,-0.051283,-0.019142
0.2578,-0.040761,-0.01278
0.22691,-0.030521,-0.0078527
0.1982,-0.020579,-0.0047554
0.17162,-0.010948,-0.0036205
0.14722,-0.0016366,-0.0012947
0.12501,0.007349,0.0036016
0.10499,0.016009,0.011233
0.11737,0.0085029,0.017555
0.13076,0.0011334,0.024663
0.14519,-0.006082,0.032371
0.16067,-0.013121,0.040516
0.17723,-0.019957,0.04895
0.19489,-0.026561,0.057549
0.21365,-0.032902,0.066197
0.23355,-0.038949,0.074804
0.25458,-0.04467,0.083284
0.27678,-0.050037,0.091579
0.23676,-0.043306,0.10607
0.20076,-0.036554,0.12063
0.16838,-0.030781,0.13524
0.1393,-0.026631,0.14988
0.11334,-0.024071,0.16452
0.090317,-0.023066,0.17917
0.070082,-0.023586,0.19379
0.052497,-0.0256,0.2084
0.037449,-0.02908,0.22296
0.024849,-0.034001,0.23751
0.034003,-0.027858,0.19352
0.044616,-0.023012,0.15663
0.056647,-0.019504,0.12529
0.070086,-0.017368,0.098433
0.084957,-0.016622,0.075332
0.1013,-0.017278,0.055475
0.11917,-0.019333,0.038575
0.13877,-0.022011,0.024409
0.1604,-0.023805,0.012874
0.18412,-0.024699,0.0038817
0.13831,-0.018171,0.0045279
0.10031,-0.012963,0.0050345
0.069466,-0.0089031,0.0054322
0.045172,-0.0058209,0.00573
0.026815,-0.0035507,0.005948
0.013784,-0.0019275,0.0060951
0.0054572,-0.00078668,0.0061896
0.0011372,-0.00033568,0.0062426
1.6664e-05,-0.00073356,0.0062645
-0.0021941,-0.0013499,0.0063252
-0.0025179,-0.0012852,0.0063002
-0.0028678,-0.0012203,0.0062768
-0.0032442,-0.0011552,0.0062573
-0.0036478,-0.00109,0.0062395
-0.0040792,-0.0010248,0.0062252
-0.0045391,-0.00095972,0.006212
-0.0050279,-0.00089474,0.0062009
-0.0055465,-0.00082998,0.0061894
-0.0060953,-0.00076549,0.0061782
-0.0066751,-0.00070135,0.0061646
-0.0039247,-0.0017281,0.014424
-0.0017731,-0.0027901,0.026248
-0.00021635,-0.003914,0.041972
0.00069998,-0.0051226,0.062024
0.0012744,-0.0064805,0.086782
0.0026901,-0.0081558,0.11649
0.0051273,-0.010187,0.15127
0.0086826,-0.012602,0.1911
0.013451,-0.015422,0.2358
0.019523,-0.018668,0.28516
0.017246,-0.0090315,0.28064
0.014883,-0.0031746,0.27806
0.012448,-0.0010013,0.27676
0.010322,0.00091422,0.27636
0.0089074,0.0063406,0.27646
0.0081831,0.015295,0.27683
0.0081348,0.027825,0.27721
0.0087508,0.044,0.27747
0.010022,0.063909,0.27747
0.011941,0.087649,0.27716
0.010504,0.069802,0.28545
0.010501,0.053776,0.294
0.011947,0.039611,0.30271
0.014855,0.027344,0.31154
0.019226,0.017004,0.32039
0.025057,0.0086179,0.32923
0.032336,0.002203,0.33795
0.041043,-0.0022282,0.34649
0.051155,-0.0046697,0.35477
0.062546,-0.0062614,0.36271
0.0636,-0.0061235,0.3642
0.064657,-0.006013,0.36488
0.065719,-0.0059297,0.3648
0.066785,-0.0058744,0.36403
0.067858,-0.0058472,0.36265
0.068938,-0.0058483,0.3607
0.070029,-0.0058379,0.35824
0.071134,-0.0057881,0.35532
0.072253,-0.0056982,0.35198
0.073386,-0.0055678,0.34824
0.082247,-0.0063162,0.31041
0.091632,-0.0070073,0.27801
0.10151,-0.008205,0.24991
0.11188,-0.0099053,0.22523
0.12276,-0.012105,0.20337
0.13415,-0.014801,0.18383
0.14607,-0.017996,0.16628
0.15851,-0.021689,0.1504
0.1715,-0.025882,0.136
0.18503,-0.030577,0.12286
0.17934,-0.026411,0.10499
0.17368,-0.022648,0.089586
0.16806,-0.019275,0.076292
0.16248,-0.016278,0.064758
0.15693,-0.013645,0.05476
0.15144,-0.011366,0.046065
0.146,-0.0094298,0.038525
0.14061,-0.0078279,0.031978
0.13528,-0.0065515,0.026323
0.13002,-0.0055929,0.021438
0.13533,-0.0053409,0.016576
0.14073,-0.0051625,0.012489
0.14624,-0.0045697,0.0091567
0.15187,-0.0035546,0.0065513
0.15761,-0.0021121,0.0046581
0.16347,-0.00023614,0.0034558
0.16944,0.0020807,0.0029329
0.17553,0.0048469,0.002839
0.18175,0.0080734,0.0021928
0.18811,0.011769,0.00089291
0.17272,0.013884,-0.0050478
0.15798,0.016028,-0.014268
0.14389,0.018205,-0.026618
0.13047,0.020416,-0.041984
0.11772,0.022664,-0.060256
0.10565,0.024949,-0.081363
0.094263,0.027275,-0.10523
0.083568,0.029642,-0.13181
0.073567,0.032051,-0.16106
0.064265,0.034503,-0.19298
0.083276,0.026457,-0.16506
0.10509,0.019473,-0.13962
0.12975,0.013573,-0.11647
0.15734,0.0087697,-0.095563
0.18793,0.0050736,-0.076801
0.22161,0.0024904,-0.060136
0.25846,0.0010241,-0.045506
0.29856,0.00067611,-0.032858
0.34201,0.00098741,-0.02214
0.38887,0.00057946,-0.013298
0.37942,0.00075248,-0.019584
0.37003,0.00087665,-0.026349
0.36071,0.00095856,-0.03352
0.35144,0.0010029,-0.041039
0.34224,0.0010151,-0.048867
0.3331,0.00099886,-0.05697
0.32403,0.00095871,-0.06532
0.31503,0.00089745,-0.073898
0.3061,0.00081883,-0.082678
0.29724,0.00072501,-0.091651
0.33115,0.0015888,-0.12414
0.36801,0.0026777,-0.15966
0.40792,0.0040081,-0.1976
0.451,0.0055935,-0.2375
0.49732,0.0074485,-0.27891
0.54697,0.0095844,-0.32158
0.60001,0.012015,-0.36519
0.65649,0.01475,-0.40963
0.71645,0.017803,-0.45464
0.77992,0.021184,-0.50016
0.83164,0.028161,-0.46634
0.88512,0.033638,-0.44416
0.94036,0.037728,-0.42971
0.99726,0.04281,-0.42063
1.0558,0.049877,-0.41519
1.1159,0.058937,-0.41236
1.1776,0.070007,-0.41133
1.2409,0.083096,-0.41164
1.3058,0.098221,-0.41292
1.3722,0.11539,-0.415
1.3969,0.11828,-0.28825
1.4213,0.12133,-0.19913
1.4455,0.12456,-0.13504
1.4695,0.12794,-0.089216
1.4933,0.13147,-0.057672
1.5169,0.13515,-0.037896
1.5403,0.13896,-0.028163
1.5636,0.14291,-0.027088
1.5869,0.147,-0.024787
1.6102,0.15125,-0.015866
1.5157,0.13752,0.00089298
1.4264,0.12527,0.020269
1.3417,0.11439,0.041284
1.2615,0.1048,0.063374
1.1854,0.096404,0.086113
1.1131,0.089148,0.10923
1.0445,0.08297,0.13246
0.97937,0.077813,0.15565
0.91746,0.073632,0.1786
0.85864,0.070073,0.20127
0.86665,0.070013,0.14403
0.87533,0.067877,0.10205
0.88453,0.063691,0.069898
0.89417,0.057481,0.044457
0.90419,0.049275,0.023793
0.91456,0.039097,0.0067116
0.92527,0.026974,-0.0075577
0.93629,0.012927,-0.019527
0.94762,-0.0030179,-0.029535
0.95927,-0.020841,-0.037829
0.92421,-0.012263,-0.041167
0.89021,-0.004258,-0.043563
0.85725,0.0031902,-0.045176
0.82527,0.010093,-0.046139
0.79424,0.016463,-0.04655
0.76412,0.022309,-0.046496
0.73489,0.027641,-0.046117
0.70649,0.032462,-0.045878
0.67888,0.03678,-0.045813
0.65205,0.040603,-0.045881
0.64033,0.032473,-0.046562
0.62884,0.02351,-0.046959
0.6176,0.013718,-0.047082
0.60661,0.0031038,-0.046965
0.59585,-0.00833,-0.046657
0.58534,-0.020578,-0.046204
0.57507,-0.033638,-0.045654
0.56504,-0.047504,-0.045049
0.55526,-0.062175,-0.044432
0.54571,-0.077644,-0.043839
0.54997,-0.063128,-0.04839
0.55411,-0.049434,-0.057047
0.55814,-0.036522,-0.069508
0.56205,-0.024353,-0.085524
0.56586,-0.012895,-0.1049
0.56955,-0.002119,-0.12746
0.57313,0.0079994,-0.15305
0.57663,0.017483,-0.18151
0.58005,0.026353,-0.21273
0.58342,0.034626,-0.24662
0.55517,0.037325,-0.22629
0.52775,0.039572,-0.21033
0.50122,0.041412,-0.19729
0.4756,0.042876,-0.18634
0.4509,0.043991,-0.17688
0.42712,0.04478,-0.16856
0.40425,0.045261,-0.16109
0.38227,0.04545,-0.15432
0.36114,0.045361,-0.1481
0.34087,0.045009,-0.14236
0.35613,0.045713,-0.1386
0.37186,0.046251,-0.13415
0.38803,0.046617,-0.1292
0.40463,0.046808,-0.12389
0.42166,0.04682,-0.11836
0.43909,0.046649,-0.11273
0.45693,0.046292,-0.10709
0.47517,0.045745,-0.10151
0.4938,0.045005,-0.096074
0.51283,0.044067,-0.090814
0.54363,0.052854,-0.11844
0.57543,0.061775,-0.14993
0.60825,0.070849,-0.18492
0.64216,0.080094,-0.22313
0.67717,0.089522,-0.26434
0.71332,0.099142,-0.30842
0.75062,0.10896,-0.35522
0.7891,0.11899,-0.40466
0.82877,0.12923,-0.45659
0.86964,0.1397,-0.51097
0.84277,0.13717,-0.53406
0.81668,0.13469,-0.55388
0.7913,0.13223,-0.57104
0.76658,0.12979,-0.58615
0.74248,0.12734,-0.59943
0.71898,0.1249,-0.61124
0.69604,0.12244,-0.62164
0.67365,0.11998,-0.63086
0.65179,0.1175,-0.6389
0.63045,0.11501,-0.64594
0.63144,0.11925,-0.67377
0.63283,0.12219,-0.70082
0.63461,0.12387,-0.72704
0.6365,0.12564,-0.75258
0.63823,0.1287,-0.77734
0.6398,0.13301,-0.80146
0.6412,0.13855,-0.82479
0.64244,0.1453,-0.84746
0.64349,0.15323,-0.86931
0.64436,0.16232,-0.89047
0.7072,0.18628,-0.7926
0.77119,0.21133,-0.71567
0.8367,0.23764,-0.65299
0.90396,0.26531,-0.60045
0.97311,0.29438,-0.55535
1.0443,0.32492,-0.51583
1.1175,0.35692,-0.48076
1.1928,0.39043,-0.44927
1.2702,0.42542,-0.4209
1.3498,0.46191,-0.39521
1.2373,0.46469,-0.35632
1.1285,0.46937,-0.31743
1.0233,0.47582,-0.28031
0.9218,0.48397,-0.24564
0.82408,0.49376,-0.21371
0.73019,0.50516,-0.18446
0.64018,0.51814,-0.15788
0.55409,0.53268,-0.1338
0.47198,0.54879,-0.11215
0.39387,0.56645,-0.092771
0.41831,0.52266,-0.072865
0.44223,0.48305,-0.059051
0.46576,0.44728,-0.049281
0.48897,0.41504,-0.042308
0.51193,0.38606,-0.037384
0.53468,0.36012,-0.033981
0.55725,0.33701,-0.031768
0.57967,0.31655,-0.030476
0.60197,0.29859,-0.029931
0.62416,0.283,-0.029963
0.56228,0.25995,-0.029218
0.50492,0.23929,-0.029636
0.45183,0.22078,-0.030458
0.40272,0.20423,-0.031364
0.35733,0.18947,-0.032241
0.31543,0.17636,-0.033037
0.2768,0.16477,-0.03375
0.24121,0.1546,-0.034374
0.20848,0.14576,-0.034926
0.17843,0.13816,-0.035405
0.22097,0.13404,-0.031967
0.26638,0.13244,-0.029886
0.31465,0.13338,-0.028861
0.36577,0.13689,-0.028661
0.41972,0.14299,-0.029127
0.47651,0.15171,-0.030129
0.53612,0.16306,-0.031579
0.59854,0.17707,-0.033401
0.66377,0.19376,-0.035548
0.7318,0.21315,-0.037979
0.65366,0.19122,-0.042114
0.5807,0.17064,-0.046659
0.51281,0.15127,-0.051095
0.44985,0.13305,-0.055256
0.39169,0.11594,-0.059109
0.33818,0.099885,-0.062666
0.28919,0.084841,-0.065953
0.2446,0.070761,-0.068995
0.20428,0.057603,-0.071812
0.1681,0.045321,-0.074423
0.18458,0.053958,-0.05354
0.20203,0.061595,-0.0374
0.22046,0.068251,-0.025417
0.23944,0.075334,-0.017149
0.25866,0.083862,-0.012235
0.27811,0.093852,-0.010361
0.29781,0.10534,-0.01036
0.31787,0.11841,-0.0083053
0.33826,0.13307,-0.0039452
0.35898,0.14935,0.0025453
0.39299,0.14912,-0.011303
0.4281,0.15179,-0.015047
0.4641,0.1572,-0.023191
0.5011,0.16537,-0.039385
0.53933,0.17638,-0.062723
0.57927,0.18941,-0.092528
0.62212,0.2014,-0.12827
0.66813,0.21213,-0.16957
0.71743,0.22168,-0.21612
0.77012,0.23008,-0.2677
0.73954,0.23022,-0.19609
0.71032,0.22883,-0.14444
0.68254,0.22591,-0.10597
0.65623,0.22145,-0.076913
0.63138,0.21541,-0.054944
0.60754,0.20896,-0.038639
0.58388,0.20445,-0.027052
0.5603,0.20195,-0.019538
0.53674,0.20147,-0.015604
0.51314,0.20305,-0.014314
0.46559,0.18707,-0.013407
0.42116,0.17155,-0.013166
0.37971,0.15651,-0.01355
0.34113,0.14196,-0.014243
0.30528,0.12793,-0.015082
0.27206,0.11446,-0.015974
0.24134,0.10157,-0.016875
0.213,0.089329,-0.017754
0.18694,0.077773,-0.018599
0.16303,0.066964,-0.019395
0.16176,0.074265,-0.016841
0.15966,0.083754,-0.014638
0.15673,0.095428,-0.01275
0.15297,0.10928,-0.011143
0.14836,0.12531,-0.0097909
0.14291,0.1435,-0.0086694
0.1366,0.16385,-0.0077589
0.12943,0.18636,-0.0070393
0.12139,0.21102,-0.0064951
0.11247,0.23783,-0.00611
0.12136,0.19605,-0.0069911
0.12886,0.16041,-0.0083891
0.13502,0.13055,-0.010161
0.13985,0.10612,-0.012218
0.14336,0.086825,-0.014501
0.14554,0.072403,-0.016975
0.14637,0.062627,-0.019619
0.1458,0.057311,-0.022419
0.14406,0.055578,-0.025369
0.14348,0.051121,-0.028448
0.13155,0.049673,-0.031034
0.12066,0.047122,-0.034135
0.11069,0.043711,-0.037735
0.10089,0.041278,-0.041835
0.091077,0.040213,-0.046427
0.081232,0.040493,-0.051508
0.071334,0.042101,-0.057073
0.061362,0.045026,-0.063122
0.051297,0.049262,-0.069649
0.04112,0.054811,-0.076662
0.06353,0.054787,-0.11165
0.088632,0.057036,-0.15305
0.11648,0.061646,-0.20068
0.14714,0.068714,-0.25425
0.18066,0.078345,-0.31325
0.21709,0.090639,-0.37717
0.25647,0.10569,-0.44536
0.299,0.12327,-0.51734
0.34552,0.14148,-0.59249
0.39624,0.16002,-0.67051
0.35199,0.14519,-0.58772
0.31033,0.12982,-0.52056
0.27129,0.11423,-0.46375
0.23425,0.10027,-0.41445
0.19913,0.088369,-0.37068
0.16601,0.078533,-0.33132
0.13498,0.070774,-0.29552
0.10611,0.065103,-0.26276
0.079445,0.061532,-0.23265
0.055054,0.060074,-0.2049
0.079326,0.067767,-0.17503
0.10687,0.077077,-0.14883
0.13775,0.088057,-0.12579
0.17204,0.10075,-0.1055
0.20982,0.11521,-0.087688
0.25116,0.13148,-0.072092
0.29614,0.1496,-0.05853
0.34482,0.16961,-0.046785
0.39728,0.19154,-0.036698
0.45357,0.21544,-0.028081
0.4113,0.19477,-0.02622
0.37184,0.17557,-0.023604
0.33504,0.15776,-0.020629
0.30079,0.14126,-0.017543
0.26898,0.126,-0.014531
0.23949,0.11192,-0.011693
0.21222,0.098959,-0.0091065
0.18706,0.087053,-0.0068066
0.16393,0.076151,-0.0048217
0.14273,0.0662,-0.0031587
0.14448,0.069707,-0.0023291
0.14568,0.074584,-0.0015475
0.14634,0.08084,-0.00083772
0.14649,0.088484,-0.00021833
0.14613,0.097526,0.0002956
0.14528,0.10797,0.00069255
0.14395,0.11983,0.00096407
0.14214,0.13311,0.0011019
0.13987,0.14781,0.0012716
0.13713,0.16395,0.0016018
0.138,0.15704,-0.00046401
0.13884,0.15016,-0.0082097
0.13962,0.14335,-0.021413
0.14032,0.13667,-0.039261
0.14092,0.13017,-0.061396
0.14143,0.12387,-0.087265
0.14181,0.11781,-0.11676
0.14208,0.11203,-0.14947
0.14221,0.10654,-0.18536
0.1422,0.10137,-0.22415
0.15967,0.1145,-0.21676
0.17845,0.12855,-0.21053
0.19858,0.14354,-0.2053
0.22011,0.1595,-0.20096
0.24308,0.17642,-0.19734
0.26752,0.19435,-0.19438
0.29347,0.21329,-0.19191
0.32094,0.23326,-0.1899
0.34996,0.25428,-0.1882
0.38054,0.27637,-0.18681
0.37653,0.25329,-0.20617
0.37175,0.23302,-0.22327
0.36619,0.21548,-0.23839
0.35984,0.20057,-0.25197
0.3527,0.18821,-0.26413
0.34476,0.17833,-0.27518
0.336,0.17086,-0.28513
0.3265,0.1656,-0.29422
0.31775,0.15948,-0.30242
0.31034,0.15131,-0.30992
0.29109,0.1448,-0.25413
0.27304,0.13795,-0.21101
0.2561,0.13079,-0.17672
0.24021,0.12336,-0.14894
0.22509,0.1161,-0.12603
0.21035,0.1097,-0.1069
0.19597,0.1041,-0.090739
0.18194,0.099258,-0.076987
0.16825,0.09514,-0.065205
0.1549,0.091707,-0.055064
0.17338,0.1056,-0.034735
0.19257,0.12055,-0.0197
0.21243,0.13652,-0.009456
0.23291,0.15347,-0.0035631
0.25398,0.17139,-0.0016185
0.27561,0.19026,-0.00054062
0.29781,0.21007,0.0036699
0.32055,0.23083,0.010743
0.34381,0.25252,0.020403
0.36759,0.27515,0.032393
0.33908,0.24465,0.026961
0.31126,0.21648,0.023062
0.28421,0.19053,0.020113
0.25798,0.16674,0.017763
0.23263,0.14504,0.015813
0.20819,0.12537,0.014126
0.18472,0.10765,0.01263
0.16227,0.091843,0.011265
0.14087,0.077884,0.010006
0.12057,0.065723,0.0088271
0.10562,0.057782,0.0028056
0.09207,0.050575,-0.00025528
0.079804,0.044046,-0.001246
0.068723,0.038139,-0.0015061
0.058728,0.032798,-0.0027151
0.049744,0.027984,-0.0046325
0.041704,0.023664,-0.0070257
0.034545,0.019807,-0.0097293
0.028207,0.01638,-0.012612
0.022632,0.013357,-0.015586
0.027915,0.017776,-0.024261
0.033606,0.023249,-0.035348
0.039692,0.029854,-0.048995
0.046162,0.037667,-0.065322
0.053005,0.046763,-0.084363
0.060212,0.057214,-0.10615
0.067773,0.069092,-0.1306
0.075683,0.082464,-0.1577
0.083933,0.097395,-0.18732
0.092525,0.11395,-0.21939
0.093543,0.10807,-0.19784
0.09447,0.10236,-0.17956
0.095298,0.096862,-0.16371
0.096019,0.091592,-0.1498
0.096627,0.086582,-0.13708
0.097111,0.081851,-0.12563
0.097461,0.077422,-0.11496
0.097666,0.073309,-0.10518
0.097718,0.069534,-0.096021
0.097604,0.066108,-0.087532
0.08599,0.058995,-0.078008
0.075082,0.052336,-0.069623
0.064885,0.04613,-0.06216
0.055399,0.040377,-0.055488
0.046626,0.035074,-0.04949
0.038563,0.030222,-0.044077
0.031211,0.02582,-0.039182
0.024567,0.021867,-0.034742
0.018628,0.018363,-0.030717
0.013391,0.015307,-0.02706
0.015323,0.018626,-0.043432
0.017322,0.022324,-0.064114
0.019382,0.02642,-0.089236
0.0215,0.030934,-0.11885
0.023672,0.035884,-0.15293
0.025896,0.041293,-0.19141
0.028171,0.047179,-0.23416
0.030497,0.053563,-0.28106
0.032873,0.060465,-0.33186
0.0353,0.067902,-0.38647
0.044492,0.072888,-0.33331
0.054023,0.078021,-0.28726
0.063914,0.08333,-0.24694
0.074181,0.08884,-0.21148
0.08484,0.094569,-0.18021
0.095907,0.10054,-0.15254
0.10739,0.10675,-0.1281
0.11931,0.11323,-0.1065
0.13168,0.11999,-0.087526
0.1445,0.12704,-0.070896
0.13992,0.12996,-0.084225
0.13517,0.13316,-0.097277
0.13025,0.13664,-0.10997
0.12516,0.1404,-0.1222
0.1199,0.14445,-0.13395
0.11447,0.14878,-0.1452
0.10886,0.15339,-0.15594
0.10309,0.15829,-0.16621
0.097148,0.16348,-0.17601
0.091036,0.16895,-0.18537
0.085496,0.1523,-0.13536
0.080073,0.136,-0.097845
0.074763,0.12019,-0.069453
0.069554,0.10503,-0.047938
0.064428,0.090622,-0.031774
0.059366,0.077085,-0.019832
0.054345,0.064519,-0.011313
0.04934,0.05302,-0.0055814
0.044324,0.042685,-0.002163
0.039269,0.033609,-0.00066291
0.044704,0.041534,-0.0029202
0.050308,0.050572,-0.0082168
0.056069,0.06077,-0.016663
0.061976,0.072175,-0.028276
0.068019,0.084835,-0.042995
0.074189,0.098793,-0.060666
0.080475,0.11409,-0.081074
0.086873,0.13077,-0.10396
0.093373,0.14886,-0.12902
0.099973,0.16839,-0.15599
0.071458,0.15334,-0.19862
0.045711,0.13992,-0.2449
0.022702,0.12815,-0.2946
0.0024008,0.11804,-0.34765
-0.015218,0.1096,-0.40384
-0.030175,0.10284,-0.4632
-0.042487,0.097791,-0.52552
-0.052169,0.094463,-0.59087
-0.059226,0.092882,-0.65899
-0.063664,0.093068,-0.73001
-0.062159,0.093584,-0.59607
-0.060358,0.094087,-0.48757
-0.058246,0.094641,-0.3978
-0.055812,0.09529,-0.32267
-0.053048,0.096063,-0.25937
-0.049948,0.096984,-0.20574
-0.046507,0.098071,-0.16041
-0.04272,0.099337,-0.12214
-0.038585,0.10079,-0.090198
-0.0341,0.10245,-0.063817
-0.048245,0.12223,-0.059842
-0.063943,0.14415,-0.055782
-0.081208,0.16825,-0.051688
-0.10005,0.19456,-0.047525
-0.12048,0.22308,-0.043348
-0.14251,0.25385,-0.039155
-0.16615,0.28689,-0.035008
-0.19139,0.32221,-0.030932
-0.21825,0.35982,-0.026988
-0.24672,0.39974,-0.023212
-0.24363,0.38224,-0.024646
-0.23919,0.36604,-0.02532
-0.23338,0.35116,-0.025395
-0.22618,0.33759,-0.024993
-0.21857,0.32467,-0.02423
-0.21265,0.31099,-0.023193
-0.20847,0.29649,-0.021958
-0.20605,0.28116,-0.020583
-0.20538,0.26498,-0.019117
-0.20648,0.24795,-0.017599
-0.18465,0.23087,-0.025894
-0.16484,0.21455,-0.035525
-0.14703,0.19884,-0.046404
-0.13118,0.18362,-0.058458
-0.11725,0.16878,-0.071634
-0.10522,0.1542,-0.08589
-0.094982,0.13985,-0.10119
-0.084777,0.12682,-0.1175
-0.073878,0.1155,-0.13479
-0.062232,0.10587,-0.15305
-0.071511,0.11596,-0.16403
-0.081021,0.12684,-0.17601
-0.09077,0.1385,-0.18901
-0.10076,0.15096,-0.20308
-0.11101,0.16421,-0.21821
-0.12151,0.17826,-0.23446
-0.13227,0.19311,-0.25181
-0.1433,0.20876,-0.2703
-0.15482,0.22506,-0.2899
-0.16702,0.24188,-0.31067
-0.15485,0.22186,-0.24665
-0.1437,0.20243,-0.19332
-0.13354,0.18359,-0.14873
-0.12435,0.16532,-0.11157
-0.11608,0.14763,-0.080892
-0.10872,0.13051,-0.055932
-0.10225,0.11395,-0.036158
-0.096629,0.09796,-0.021101
-0.091854,0.082525,-0.010424
-0.087907,0.067643,-0.0038215
-0.085732,0.082797,-0.0042322
-0.085517,0.097238,-0.0045573
-0.087273,0.11098,-0.0048138
-0.091016,0.12405,-0.0050086
-0.096765,0.13646,-0.0051581
-0.10444,0.1483,-0.0052687
-0.11179,0.16117,-0.005342
-0.1179,0.17577,-0.0053772
-0.12276,0.19212,-0.005384
-0.12639,0.21024,-0.005366
-0.13425,0.21061,-0.011045
-0.14119,0.21184,-0.01907
-0.1472,0.2139,-0.029046
-0.15228,0.21677,-0.040679
-0.15641,0.22042,-0.053754
-0.15987,0.22464,-0.068102
-0.16413,0.22837,-0.083601
-0.1694,0.23141,-0.10015
-0.17569,0.23376,-0.11766
-0.183,0.2354,-0.13607
-0.15698,0.19287,-0.15118
-0.13428,0.1543,-0.16802
-0.11476,0.11944,-0.18641
-0.098263,0.088087,-0.20626
-0.084675,0.060047,-0.22747
-0.073881,0.035155,-0.24998
-0.065788,0.01327,-0.27371
-0.06032,-0.0057227,-0.29867
-0.057421,-0.021908,-0.32476
-0.057056,-0.035343,-0.352
-0.054241,-0.023502,-0.36561
-0.053391,-0.010057,-0.37867
-0.054489,0.0049967,-0.39117
-0.057522,0.021655,-0.40324
-0.06248,0.039907,-0.41483
-0.069363,0.059734,-0.42602
-0.078171,0.081112,-0.43676
-0.088912,0.10401,-0.44711
-0.1016,0.12841,-0.457
-0.11625,0.15428,-0.46649
-0.10067,0.12986,-0.37614
-0.086296,0.10705,-0.30448
-0.073243,0.085921,-0.24651
-0.061615,0.06655,-0.19897
-0.051491,0.048985,-0.15968
-0.042939,0.033269,-0.12701
-0.036018,0.019436,-0.099843
-0.030781,0.0075174,-0.07724
-0.027269,-0.0024615,-0.058544
-0.02552,-0.010474,-0.043142
-0.024585,-0.0070578,-0.047549
-0.023953,-0.0034803,-0.051827
-0.023622,0.0002568,-0.056005
-0.02359,0.0041522,-0.060049
-0.023856,0.0082033,-0.06398
-0.024418,0.012407,-0.067772
-0.025275,0.016761,-0.071438
-0.026428,0.021261,-0.074953
-0.027875,0.025902,-0.078323
-0.029618,0.030682,-0.081526
-0.024596,0.030185,-0.070397
-0.021149,0.028632,-0.061528
-0.018905,0.02632,-0.054347
-0.015561,0.024983,-0.048384
-0.010745,0.024918,-0.043303
-0.0044647,0.026132,-0.038835
0.0032715,0.028633,-0.034796
0.012456,0.032423,-0.031053
0.023081,0.037504,-0.02754
0.035141,0.043874,-0.024221
0.042496,0.048695,-0.019377
0.05048,0.053959,-0.015082
0.059114,0.059687,-0.01133
0.068418,0.065896,-0.0081077
0.078413,0.072608,-0.0054076
0.089117,0.079843,-0.0032173
0.10055,0.087621,-0.0015285
0.11273,0.095964,-0.00032839
0.12568,0.10489,0.00039329
0.13941,0.11443,0.00065287
0.13218,0.11437,0.0011713
0.12441,0.11509,0.0028476
0.11609,0.11658,0.0056892
0.10727,0.11886,0.0096991
0.097936,0.12194,0.01487
0.08811,0.12582,0.021198
0.077792,0.13051,0.028666
0.066986,0.13603,0.037263
0.05569,0.14239,0.046968
0.0439,0.14961,0.057766
0.023606,0.16681,0.041777
0.0013089,0.18694,0.028883
-0.023057,0.21011,0.018553
-0.049571,0.23646,0.010393
-0.078322,0.26609,0.0040872
-0.1094,0.29912,-0.00061515
-0.14288,0.33564,-0.0039242
-0.17886,0.37575,-0.0060144
-0.21741,0.41953,-0.007143
-0.25858,0.467,-0.0088321
-0.27575,0.5002,-0.011913
-0.29356,0.53463,-0.016641
-0.31202,0.57028,-0.022913
-0.33111,0.60713,-0.030651
-0.35083,0.64517,-0.039766
-0.37115,0.68437,-0.050192
-0.39207,0.72472,-0.061851
-0.41355,0.76617,-0.074678
-0.43559,0.80871,-0.088596
-0.45816,0.85231,-0.10354
-0.47712,0.87489,-0.11829
-0.49597,0.89722,-0.13482
-0.5147,0.91928,-0.15292
-0.53328,0.94104,-0.17248
-0.55172,0.96249,-0.19333
-0.56997,0.98359,-0.21541
-0.58805,1.0043,-0.23861
-0.60592,1.0247,-0.26287
-0.62358,1.0446,-0.28811
-0.64101,1.0641,-0.31432
-0.61875,1.0574,-0.30241
-0.597,1.052,-0.29211
-0.57572,1.0479,-0.28275
-0.55485,1.0449,-0.27403
-0.53434,1.0431,-0.26571
-0.51416,1.0422,-0.25772
-0.49427,1.0423,-0.24995
-0.47464,1.0433,-0.2424
-0.45523,1.0452,-0.23503
-0.43602,1.0478,-0.22784
-0.38713,1.0133,-0.15374
-0.34013,0.98233,-0.10314
-0.29475,0.95454,-0.067802
-0.25074,0.92966,-0.043369
-0.20789,0.90745,-0.027356
-0.16602,0.88768,-0.018202
-0.12499,0.87018,-0.014865
-0.084675,0.85484,-0.012971
-0.04498,0.8416,-0.0067495
-0.005804,0.83034,0.0034118
-0.01159,0.83894,-0.0096755
-0.017504,0.84815,-0.015053
-0.023537,0.85788,-0.016512
-0.029674,0.86802,-0.018885
-0.035915,0.87855,-0.022792
-0.042259,0.88947,-0.027741
-0.048711,0.90078,-0.033449
-0.055271,0.91248,-0.039737
-0.06194,0.92456,-0.046483
-0.068719,0.93703,-0.05359
-0.057435,0.90563,-0.050947
-0.04697,0.87472,-0.0499
-0.037288,0.84432,-0.049772
-0.02835,0.81441,-0.050204
-0.020123,0.785,-0.050993
-0.012573,0.75609,-0.052022
-0.0056692,0.72768,-0.053218
0.00062133,0.69977,-0.054538
0.0063262,0.67236,-0.055954
0.011476,0.64544,-0.057449
0.041399,0.63699,-0.091593
0.071573,0.62872,-0.13081
0.10195,0.62071,-0.17367
0.1325,0.61301,-0.21941
0.16317,0.60567,-0.26761
0.19395,0.59873,-0.31805
0.2248,0.59222,-0.37052
0.25569,0.58616,-0.42491
0.2866,0.5806,-0.481
0.3175,0.57556,-0.53873
0.29802,0.5478,-0.48968
0.27873,0.52098,-0.45255
0.25967,0.49517,-0.42275
0.24086,0.47038,-0.39783
0.22235,0.44661,-0.37617
0.20415,0.42384,-0.35689
0.18632,0.40204,-0.33934
0.16886,0.3812,-0.32316
0.15181,0.36128,-0.30807
0.13519,0.34227,-0.29389
0.12798,0.33153,-0.28973
0.12121,0.32098,-0.28823
0.11484,0.31061,-0.28879
0.10886,0.30045,-0.29099
0.10323,0.29047,-0.29453
0.097938,0.28068,-0.29922
0.092952,0.27107,-0.30489
0.088258,0.26164,-0.31144
0.083839,0.25237,-0.3188
0.079677,0.24327,-0.3269
0.08037,0.23541,-0.30413
0.080931,0.22798,-0.28077
0.081372,0.22092,-0.25733
0.081704,0.21421,-0.23422
0.081936,0.2078,-0.21172
0.082075,0.20167,-0.19003
0.08213,0.1958,-0.16924
0.082107,0.19015,-0.14952
0.082008,0.18473,-0.13053
0.081844,0.1795,-0.11281
0.093469,0.20937,-0.12273
0.10602,0.24178,-0.13311
0.11952,0.27678,-0.14356
0.134,0.31439,-0.15447
0.14947,0.35464,-0.16564
0.16595,0.39754,-0.17725
0.18346,0.4431,-0.18939
0.20202,0.49135,-0.202
0.22165,0.54228,-0.21524
0.24235,0.59592,-0.22896
0.22656,0.54573,-0.16356
0.21127,0.49764,-0.11488
0.19647,0.45178,-0.078848
0.18216,0.40818,-0.052863
0.16834,0.36686,-0.035393
0.15501,0.32776,-0.025281
0.14218,0.2909,-0.021046
0.12982,0.25686,-0.013756
0.11794,0.22572,-0.0012706
0.10655,0.19738,0.016064
0.099863,0.21665,-0.0017174
0.091884,0.23821,-0.013336
0.082609,0.26201,-0.019564
0.07203,0.28791,-0.022813
0.060145,0.31538,-0.029935
0.046937,0.34444,-0.041169
0.032394,0.37512,-0.056188
0.016504,0.40745,-0.074705
-0.00074317,0.44146,-0.096511
-0.019358,0.47717,-0.12142
-0.0088928,0.47628,-0.14198
0.0017367,0.47539,-0.1625
0.012527,0.47452,-0.18291
0.023473,0.47369,-0.20319
0.03457,0.47289,-0.22333
0.045814,0.47214,-0.24335
0.057201,0.47145,-0.26322
0.068725,0.47082,-0.28297
0.080383,0.47025,-0.30256
0.09217,0.46977,-0.32199
0.065265,0.49062,-0.36486
0.037284,0.51292,-0.40713
0.0082485,0.53665,-0.44878
-0.021821,0.56177,-0.48991
-0.0529,0.58823,-0.53044
-0.084962,0.616,-0.57047
-0.11798,0.64504,-0.60984
-0.15192,0.6753,-0.64865
-0.18675,0.70675,-0.68666
-0.22245,0.73934,-0.72395
-0.28444,0.77775,-0.56193
-0.34667,0.8163,-0.44053
-0.40919,0.85586,-0.34602
-0.47204,0.89693,-0.27074
-0.53528,0.93976,-0.21058
-0.59893,0.98453,-0.1625
-0.66303,1.0314,-0.12492
-0.7276,1.0803,-0.096533
-0.79268,1.1315,-0.076593
-0.85826,1.185,-0.064411
-0.73328,1.0589,-0.058557
-0.61806,0.94593,-0.053485
-0.51171,0.84485,-0.049278
-0.41346,0.75467,-0.045937
-0.32266,0.67451,-0.043443
-0.23874,0.60363,-0.041766
-0.16119,0.54137,-0.040864
-0.089565,0.48718,-0.040691
-0.023482,0.44056,-0.041216
0.037409,0.40108,-0.042407
0.023615,0.40909,-0.091235
0.0093615,0.41662,-0.15986
-0.0052958,0.42394,-0.24395
-0.020318,0.43122,-0.34059
-0.035676,0.43857,-0.44762
-0.051348,0.44609,-0.5638
-0.067315,0.45384,-0.68775
-0.083563,0.46187,-0.81907
-0.10008,0.47022,-0.95651
-0.11684,0.47892,-1.1002
-0.098541,0.46249,-1.0552
-0.081344,0.44658,-1.0273
-0.065099,0.43135,-1.0104
-0.049683,0.41687,-1.0001
-0.035015,0.40316,-0.99421
-0.021023,0.39022,-0.99098
-0.0076559,0.37803,-0.98957
0.0051364,0.36656,-0.98927
0.017392,0.35578,-0.98972
0.029148,0.34566,-0.99062
0.069324,0.34091,-0.72987
0.10763,0.33671,-0.53508
0.1444,0.33362,-0.38578
0.17987,0.33192,-0.27007
0.21419,0.33175,-0.18106
0.2475,0.33323,-0.11365
0.27989,0.3364,-0.064845
0.31144,0.34132,-0.032153
0.34221,0.34802,-0.013987
0.37224,0.35655,-0.0088581
0.34603,0.33031,-0.0096944
0.32099,0.30547,-0.014245
0.29711,0.28197,-0.021101
0.27434,0.25976,-0.029425
0.25267,0.2388,-0.038793
0.23206,0.21902,-0.048959
0.21249,0.20038,-0.059801
0.19393,0.18284,-0.071251
0.17635,0.16634,-0.083268
0.15973,0.15086,-0.095839
0.1697,0.15637,-0.051136
0.1797,0.16202,-0.022462
0.18971,0.16789,-0.0066728
0.19975,0.17403,-0.0015755
0.20983,0.18053,0.002674
0.21997,0.18742,0.014797
0.23016,0.19468,0.033835
0.24041,0.20228,0.059025
0.25071,0.21019,0.089723
0.26106,0.21841,0.1254
0.22935,0.19327,0.072631
0.19892,0.17113,0.038283
0.16967,0.15192,0.016821
0.14151,0.1356,0.0049167
0.11436,0.12211,0.00045677
0.088155,0.11145,-0.0012339
0.062816,0.10363,-0.0077604
0.038295,0.098632,-0.018815
0.014557,0.09645,-0.033985
-0.0084239,0.097066,-0.053027
-0.012156,0.11803,-0.061445
-0.016714,0.1416,-0.070439
-0.022162,0.16787,-0.079898
-0.02856,0.19696,-0.089757
-0.035961,0.22895,-0.099908
-0.044411,0.26393,-0.1103
-0.053951,0.30195,-0.12085
-0.064612,0.34309,-0.13153
-0.076421,0.38739,-0.14226
-0.089392,0.43486,-0.15309
-0.089457,0.40515,-0.11231
-0.089095,0.37664,-0.082154
-0.088336,0.34928,-0.059276
-0.087203,0.32305,-0.041677
-0.08572,0.29793,-0.028067
-0.083911,0.2739,-0.017601
-0.081798,0.25097,-0.0097107
-0.079402,0.22911,-0.0039859
-0.076743,0.20833,-0.00013486
-0.073842,0.18861,0.002066
-0.063182,0.20071,0.002955
-0.051269,0.21422,0.0033427
-0.038087,0.22916,0.0034825
-0.023617,0.24555,0.0037849
-0.0078355,0.26344,0.0042034
0.0092843,0.28283,0.0046644
0.02777,0.30376,0.005115
0.047653,0.32622,0.0055138
0.068965,0.35023,0.0058341
0.091737,0.3758,0.006054
0.045383,0.40865,0.0056705
-0.0045257,0.44623,0.0056724
-0.057989,0.48854,0.0059253
-0.11501,0.53557,0.0063704
-0.17558,0.58734,0.0069967
-0.23971,0.64385,0.007801
-0.30741,0.70509,0.008793
-0.37868,0.77109,0.0099667
-0.45353,0.84186,0.011323
-0.53199,0.91741,0.012842
-0.42445,0.81742,0.0031674
-0.32513,0.72858,-0.0005099
-0.23339,0.65012,-0.00971
-0.14866,0.58137,-0.022716
-0.070478,0.52175,-0.038317
0.0015768,0.47076,-0.055801
0.067856,0.42797,-0.074695
0.12866,0.39303,-0.094705
0.18425,0.36562,-0.1156
0.23483,0.34548,-0.13725
0.23684,0.33519,-0.16854
0.23867,0.32525,-0.20299
0.24032,0.31564,-0.2404
0.24179,0.30632,-0.28068
0.24309,0.29726,-0.32359
0.24421,0.28844,-0.36909
0.24518,0.27983,-0.41691
0.24597,0.2714,-0.46706
0.2466,0.26315,-0.51926
0.24707,0.25505,-0.57355
0.24491,0.25659,-0.49748
0.24244,0.25782,-0.43573
0.23971,0.2588,-0.38415
0.23674,0.25959,-0.34027
0.23354,0.2602,-0.30228
0.23015,0.26065,-0.26895
0.22656,0.26098,-0.23944
0.2228,0.26117,-0.21306
0.21887,0.26126,-0.18939
0.21478,0.26124,-0.16801
0.22963,0.27909,-0.1995
0.24511,0.29772,-0.22883
0.26122,0.31715,-0.25569
0.27795,0.33739,-0.27995
0.2953,0.35845,-0.30168
0.31327,0.38032,-0.32104
0.33185,0.40299,-0.3382
0.35103,0.42646,-0.35337
0.37082,0.45073,-0.36672
0.39122,0.47579,-0.37843
0.40786,0.47384,-0.28919
0.42407,0.47203,-0.22413
0.43985,0.4706,-0.17499
0.45519,0.46966,-0.13692
0.47009,0.46929,-0.10696
0.48455,0.46953,-0.083158
0.49858,0.47041,-0.064276
0.51217,0.47194,-0.049393
0.52532,0.47414,-0.037903
0.53803,0.47701,-0.029309
0.52663,0.49013,-0.051108
0.51145,0.50747,-0.079891
0.49247,0.5291,-0.11404
0.46968,0.55505,-0.15259
0.44309,0.58537,-0.195
0.41267,0.62005,-0.24093
0.37841,0.65913,-0.29017
0.34031,0.7026,-0.34264
0.29833,0.75049,-0.39817
0.25247,0.80279,-0.45675
0.31386,0.79183,-0.38049
0.37392,0.78201,-0.32125
0.43254,0.77371,-0.27306
0.48966,0.76716,-0.23273
0.54519,0.76256,-0.19831
0.59907,0.76005,-0.16866
0.65124,0.75975,-0.14303
0.70165,0.76178,-0.1209
0.75027,0.76624,-0.10193
0.79705,0.77319,-0.085846
0.7382,0.74771,-0.080062
0.67988,0.72493,-0.074859
0.62206,0.70479,-0.070209
0.5647,0.68725,-0.066052
0.50775,0.67226,-0.062352
0.45119,0.65978,-0.059056
0.39499,0.64978,-0.056132
0.33911,0.64222,-0.053538
0.28353,0.63708,-0.051247
0.22822,0.63434,-0.049226
0.24011,0.63221,-0.081329
0.25197,0.63003,-0.12096
0.26379,0.62788,-0.16585
0.27558,0.62579,-0.21481
0.28734,0.62377,-0.26718
0.29907,0.62183,-0.3226
0.31076,0.61997,-0.38079
0.32241,0.61819,-0.4416
0.33403,0.61651,-0.50477
0.34561,0.61491,-0.57023
0.32487,0.56983,-0.47023
0.30492,0.52627,-0.39342
0.28579,0.48447,-0.33124
0.26745,0.44456,-0.27925
0.24987,0.40656,-0.23479
0.23304,0.37049,-0.19628
0.21691,0.33632,-0.16269
0.20146,0.30405,-0.13333
0.18666,0.27364,-0.10773
0.17248,0.24507,-0.085497
0.20312,0.27451,-0.10853
0.2363,0.30625,-0.13322
0.27206,0.34033,-0.1593
0.31046,0.3768,-0.18654
0.35153,0.41569,-0.21478
0.39531,0.45703,-0.24392
0.44182,0.50083,-0.27389
0.49109,0.54711,-0.30468
0.54313,0.59589,-0.33626
0.59796,0.64715,-0.36864
0.60022,0.69143,-0.34746
0.60041,0.73875,-0.32876
0.59852,0.78913,-0.3118
0.59457,0.84259,-0.29617
0.58857,0.89914,-0.28153
0.58052,0.95877,-0.26773
0.57043,1.0215,-0.25462
0.55829,1.0873,-0.24215
0.54411,1.1562,-0.23029
0.5279,1.2281,-0.21903
0.51948,1.2183,-0.20343
0.51125,1.208,-0.19442
0.50324,1.1974,-0.18926
0.49548,1.1866,-0.1866
0.48797,1.1756,-0.18567
0.48069,1.1644,-0.18607
0.47364,1.1531,-0.18756
0.4668,1.1416,-0.19003
0.46017,1.13,-0.19338
0.45374,1.1183,-0.19757
0.52537,1.1272,-0.17839
0.59725,1.1383,-0.16207
0.6694,1.1515,-0.14839
0.74185,1.1667,-0.13716
0.81462,1.1841,-0.12822
0.88771,1.2035,-0.12142
0.96114,1.2249,-0.11666
1.0349,1.2485,-0.11381
1.1091,1.2741,-0.11278
1.1836,1.3017,-0.11347
1.1199,1.2434,-0.10681
1.0573,1.187,-0.10098
0.99599,1.1324,-0.095905
0.93587,1.0795,-0.091514
0.87703,1.0284,-0.087732
0.81951,0.97902,-0.083807
0.76338,0.9314,-0.079368
0.70865,0.8855,-0.074456
0.65534,0.84132,-0.069097
0.60348,0.79883,-0.063322
0.56462,0.78596,-0.052569
0.52709,0.77442,-0.040209
0.49078,0.7641,-0.026949
0.4556,0.75491,-0.01312
0.42147,0.74678,0.0011003
0.38832,0.73966,0.01561
0.35609,0.73347,0.030318
0.32473,0.72818,0.045168
0.29419,0.72374,0.060081
0.26442,0.72009,0.075014
0.22213,0.6883,0.020813
0.18278,0.65974,-0.011531
0.14584,0.63384,-0.030096
0.111,0.61024,-0.039205
0.078048,0.5887,-0.041349
0.046726,0.56896,-0.039925
0.016511,0.55047,-0.042381
-0.012662,0.53316,-0.048782
-0.040814,0.51698,-0.058636
-0.067968,0.50191,-0.071569
-0.067678,0.47366,-0.065255
-0.067842,0.44682,-0.059987
-0.068368,0.42134,-0.055372
-0.069176,0.39715,-0.05117
-0.070204,0.3742,-0.047246
-0.071392,0.35244,-0.043509
-0.072694,0.3318,-0.039921
-0.074065,0.31225,-0.036464
-0.075469,0.29374,-0.033137
-0.076871,0.27622,-0.029939
-0.062789,0.27399,-0.050969
-0.048887,0.27189,-0.078154
-0.035081,0.26997,-0.11061
-0.021305,0.26829,-0.1477
-0.0075075,0.26688,-0.18892
0.0063582,0.26577,-0.23392
0.020329,0.265,-0.28237
0.034436,0.26459,-0.33409
0.048711,0.26457,-0.38883
0.063178,0.26496,-0.44647
0.055296,0.25057,-0.47653
0.047566,0.23651,-0.50787
0.040012,0.22281,-0.54012
0.03265,0.20947,-0.57326
0.025497,0.19649,-0.60697
0.018562,0.1839,-0.6413
0.011863,0.17169,-0.67597
0.0054039,0.15986,-0.71107
-0.00080066,0.14843,-0.74634
-0.006748,0.13739,-0.78192
-0.00023445,0.12425,-0.70145
0.0051044,0.11167,-0.63347
0.0095063,0.099788,-0.57443
0.013124,0.088667,-0.52236
0.016067,0.078343,-0.4757
0.018418,0.068828,-0.4335
0.020233,0.060116,-0.39503
0.021565,0.0522,-0.35972
0.022448,0.045059,-0.32723
0.022919,0.038676,-0.29716
0.016451,0.03745,-0.31964
0.010069,0.036675,-0.34121
0.0037656,0.036348,-0.36194
-0.0024542,0.036475,-0.38177
-0.0085966,0.03705,-0.40078
-0.01466,0.038088,-0.41894
-0.02065,0.039583,-0.4363
-0.026566,0.041539,-0.45288
-0.032413,0.043951,-0.46872
-0.038187,0.04682,-0.48386
-0.02034,0.036523,-0.39618
-0.0057463,0.028501,-0.3276
0.0059,0.022891,-0.27269
0.014824,0.019764,-0.22786
0.021193,0.019156,-0.19064
0.025236,0.020975,-0.1592
0.029965,0.021669,-0.13225
0.036801,0.019611,-0.1088
0.04579,0.014836,-0.088253
0.056983,0.0073575,-0.070138
0.071622,0.036128,-0.071618
0.094164,0.06676,-0.07292
0.12507,0.099569,-0.073965
0.16485,0.13488,-0.074633
0.21209,0.17538,-0.074853
0.26444,0.22493,-0.074469
0.32223,0.28399,-0.073405
0.38582,0.35299,-0.07153
0.45553,0.4323,-0.068765
0.53164,0.5223,-0.064996
0.48546,0.46991,-0.096576
0.44129,0.42057,-0.12433
0.39912,0.37426,-0.14829
0.35893,0.33096,-0.16892
0.32071,0.29069,-0.18676
0.28447,0.25343,-0.20226
0.2502,0.21918,-0.21577
0.21791,0.18793,-0.22758
0.18759,0.15967,-0.23787
0.15925,0.13441,-0.24682
0.14832,0.1262,-0.23066
0.13787,0.11869,-0.218
0.12785,0.11182,-0.20797
0.11823,0.10556,-0.19997
0.10897,0.099865,-0.19357
0.10006,0.094707,-0.18844
0.091452,0.090058,-0.18432
0.083137,0.08588,-0.18105
0.075091,0.082157,-0.17846
0.067292,0.078867,-0.17645
0.072129,0.073876,-0.18649
0.075845,0.070236,-0.19619
0.078448,0.06795,-0.2056
0.079937,0.067009,-0.21476
0.080737,0.066891,-0.22371
0.082471,0.065572,-0.23249
0.085299,0.06285,-0.2411
0.089212,0.058718,-0.24956
0.094213,0.053173,-0.25786
0.10028,0.046204,-0.26601
0.10533,0.047768,-0.25381
0.11056,0.049445,-0.24291
0.11598,0.051227,-0.23309
0.12158,0.053105,-0.2242
0.12738,0.055076,-0.21611
0.13336,0.057126,-0.20872
0.13952,0.059256,-0.20192
0.14586,0.061458,-0.19564
0.15238,0.063732,-0.18983
0.15907,0.066074,-0.18442
0.16242,0.085359,-0.15579
0.16789,0.10362,-0.13103
0.17543,0.12087,-0.10942
0.18499,0.13715,-0.09047
0.19654,0.15245,-0.073789
0.21008,0.16677,-0.059084
0.22558,0.18016,-0.046141
0.24143,0.1946,-0.0348
0.25674,0.2112,-0.02495
0.27151,0.22999,-0.016478
0.25546,0.2185,-0.0067598
0.23963,0.20717,0.00026833
0.22406,0.19602,0.004759
0.20877,0.18506,0.0068586
0.19377,0.1743,0.0067259
0.17902,0.16375,0.007069
0.16451,0.15342,0.0095756
0.15027,0.14335,0.014149
0.13635,0.13359,0.020697
0.1228,0.12415,0.029145
0.1131,0.11549,0.022237
0.10373,0.10712,0.016487
0.094683,0.099062,0.011736
0.085977,0.091317,0.0078728
0.077618,0.08389,0.0048109
0.069616,0.076788,0.0024894
0.061978,0.070018,0.0008592
0.054713,0.063584,-0.00011557
0.047827,0.057491,-0.00047533
0.041336,0.051731,-0.00094321
0.056854,0.062849,-0.0027179
0.074357,0.075548,-0.0058588
0.093864,0.089839,-0.010413
0.11539,0.10573,-0.016387
0.13895,0.12324,-0.023759
0.16455,0.14237,-0.032473
0.19222,0.16313,-0.042459
0.22195,0.18554,-0.053632
0.25376,0.20961,-0.065908
0.28767,0.23535,-0.07919
0.29949,0.24355,-0.070567
0.31147,0.25195,-0.063272
0.32361,0.26055,-0.057041
0.33591,0.26936,-0.051682
0.34837,0.27837,-0.047046
0.36099,0.28758,-0.04303
0.37377,0.297,-0.039545
0.38672,0.30662,-0.036526
0.39983,0.31643,-0.033923
0.41311,0.32645,-0.031697
0.355,0.28168,-0.022451
0.30131,0.24064,-0.01606
0.25201,0.20327,-0.011752
0.20706,0.1695,-0.0090518
0.16645,0.13925,-0.0072102
0.13017,0.11249,-0.0046656
0.098184,0.089143,-0.0014528
0.07044,0.06912,0.0022958
0.046896,0.052345,0.0064689
0.027499,0.038743,0.010974
0.043105,0.046038,0.0066409
0.060324,0.055439,0.0028066
0.079107,0.066903,-0.00050369
0.099406,0.080393,-0.0032518
0.12118,0.095871,-0.0054059
0.14439,0.1133,-0.0069363
0.16914,0.13245,-0.0083906
0.19599,0.15249,-0.010588
0.22495,0.17335,-0.013514
0.25602,0.195,-0.017135
0.27783,0.20845,-0.013129
0.30096,0.22202,-0.012696
0.32565,0.23589,-0.0086176
0.35196,0.25006,-0.00050217
0.3799,0.26454,0.011235
0.40948,0.27933,0.026252
0.44071,0.29443,0.044263
0.47361,0.30984,0.065033
0.50817,0.32557,0.088358
0.5444,0.3416,0.11407
0.54731,0.32598,0.0637
0.55112,0.30982,0.029554
0.55569,0.29311,0.0067663
0.56089,0.27584,-0.0076688
0.56667,0.25803,-0.015679
0.57296,0.23969,-0.018566
0.57963,0.22083,-0.019851
0.58653,0.20141,-0.024732
0.59363,0.18149,-0.032879
0.60093,0.16111,-0.043941
0.56127,0.11439,-0.045442
0.5247,0.069682,-0.047586
0.49113,0.026916,-0.050207
0.46051,-0.013948,-0.053196
0.43276,-0.052958,-0.056459
0.40782,-0.090153,-0.059939
0.38565,-0.12557,-0.063574
0.36618,-0.15924,-0.067339
0.34938,-0.19121,-0.071198
0.33521,-0.22148,-0.075137
0.34302,-0.21891,-0.068355
0.351,-0.21619,-0.063038
0.35915,-0.2133,-0.058792
0.36749,-0.21025,-0.055348
0.37602,-0.20703,-0.052506
0.38475,-0.20363,-0.050124
0.39369,-0.20006,-0.048096
0.40284,-0.1963,-0.046338
0.4122,-0.19237,-0.044795
0.42177,-0.18824,-0.043431
0.45569,-0.18834,-0.059625
0.49123,-0.18756,-0.077643
0.52843,-0.18589,-0.097196
0.56731,-0.18332,-0.1181
0.6079,-0.17985,-0.14024
0.65022,-0.17549,-0.16356
0.69429,-0.17024,-0.18799
0.74011,-0.16411,-0.21353
0.7877,-0.15713,-0.24013
0.83707,-0.1493,-0.26777
0.77335,-0.11449,-0.31276
0.71414,-0.082859,-0.36077
0.65904,-0.054087,-0.41177
0.60768,-0.027915,-0.46584
0.55975,-0.0041192,-0.52285
0.51494,0.017495,-0.58288
0.47303,0.037093,-0.64577
0.43378,0.054819,-0.71161
0.397,0.070793,-0.78019
0.36252,0.08512,-0.85167
0.18701,0.14452,-0.046121
0.18081,0.14009,-0.062409
0.17483,0.13555,-0.080656
0.16907,0.13088,-0.1007
0.16354,0.1261,-0.12247
0.15822,0.12118,-0.14579
0.15314,0.11612,-0.17064
0.1483,0.11093,-0.19689
0.14369,0.10558,-0.2245
0.13933,0.10006,-0.2534
0.14789,0.10629,-0.22283
0.15651,0.11275,-0.19777
0.16523,0.11943,-0.17699
0.17408,0.12633,-0.15956
0.18309,0.13342,-0.14482
0.19227,0.14071,-0.13225
0.20164,0.14817,-0.12145
0.2112,0.1558,-0.11211
0.22098,0.16361,-0.10399
0.23096,0.17157,-0.096875
0.23104,0.17078,-0.12269
0.23123,0.16984,-0.14822
0.23157,0.16874,-0.17309
0.23204,0.16748,-0.19705
0.23267,0.16604,-0.21999
0.23344,0.16442,-0.24188
0.23435,0.16262,-0.26272
0.23542,0.16061,-0.28256
0.23662,0.15841,-0.30145
0.23797,0.15601,-0.31946
0.25935,0.16306,-0.25426
0.28109,0.17035,-0.20326
0.30333,0.17785,-0.16281
0.32617,0.18553,-0.13041
0.3497,0.19336,-0.10432
0.37396,0.20135,-0.083219
0.39899,0.20947,-0.066168
0.42484,0.21773,-0.052425
0.4515,0.22612,-0.041444
0.47902,0.23465,-0.03278
0.46592,0.21309,-0.039529
0.45324,0.19167,-0.044391
0.44098,0.17043,-0.047482
0.42913,0.14938,-0.049051
0.41766,0.12855,-0.049398
0.40658,0.10797,-0.048775
0.39588,0.087649,-0.047414
0.38555,0.067618,-0.045486
0.37559,0.047887,-0.043145
0.36601,0.028473,-0.040495
0.36823,0.01295,-0.023983
0.37073,-0.0028029,-0.013738
0.37351,-0.0188,-0.0080914
0.37658,-0.035051,-0.0059198
0.37998,-0.051541,-0.004746
0.38375,-0.068236,-0.0014386
0.38786,-0.08514,0.0036863
0.39232,-0.10225,0.010349
0.39711,-0.11958,0.018331
0.40221,-0.13711,0.027472
0.43823,-0.13279,0.036611
0.47608,-0.1275,0.04594
0.51577,-0.12124,0.055274
0.55729,-0.114,0.064492
0.60066,-0.10579,0.073497
0.64589,-0.096609,0.082207
0.69299,-0.086453,0.090556
0.74194,-0.075325,0.098492
0.79277,-0.063226,0.10596
0.84547,-0.05016,0.11289
0.80494,-0.056181,0.13221
0.76641,-0.062304,0.15196
0.72974,-0.068484,0.17198
0.69483,-0.074678,0.19214
0.66159,-0.080849,0.21235
0.62992,-0.086969,0.23255
0.59974,-0.093009,0.25266
0.57097,-0.098947,0.27267
0.54355,-0.10476,0.2925
0.51742,-0.11043,0.31217
0.5301,-0.098528,0.35471
0.54309,-0.086297,0.39933
0.55639,-0.073747,0.44583
0.57,-0.060884,0.49414
0.58393,-0.047714,0.54405
0.59819,-0.034244,0.59554
0.61277,-0.020479,0.64835
0.62768,-0.0064236,0.70251
0.64292,0.0079169,0.75776
0.65851,0.022537,0.81416
0.64421,0.076592,0.72531
0.63303,0.12634,0.64658
0.62468,0.17215,0.57516
0.61891,0.21434,0.50966
0.61553,0.25319,0.44909
0.61435,0.28893,0.39291
0.61526,0.32178,0.34076
0.61814,0.35192,0.29236
0.6229,0.37951,0.2476
0.62946,0.4047,0.20631
0.62156,0.38972,0.16354
0.61425,0.37443,0.13406
0.60743,0.35881,0.11317
0.60101,0.34288,0.097962
0.59494,0.32668,0.086757
0.5892,0.3102,0.078394
0.58375,0.29347,0.072213
0.57858,0.27651,0.067697
0.57367,0.25932,0.064576
0.56902,0.24193,0.062595
0.55633,0.23552,0.068183
0.54397,0.22938,0.06974
0.53195,0.2235,0.0684
0.5203,0.21785,0.065028
0.50902,0.21244,0.060331
0.4981,0.20724,0.054783
0.48753,0.20225,0.048773
0.47733,0.19745,0.042535
0.46747,0.19284,0.036272
0.45794,0.1884,0.030101
0.44855,0.19633,0.048533
0.43964,0.20366,0.069566
0.4312,0.21039,0.093175
0.42325,0.21653,0.11931
0.41579,0.22209,0.14796
0.40882,0.22706,0.17908
0.40236,0.23145,0.21267
0.3964,0.23528,0.2487
0.39096,0.23853,0.28714
0.38603,0.24123,0.32799
0.38684,0.24344,0.26074
0.38809,0.2456,0.20587
0.38969,0.24772,0.16042
0.39156,0.24979,0.12249
0.39364,0.25183,0.090691
0.39592,0.25384,0.064049
0.39836,0.25583,0.041851
0.40094,0.25779,0.023555
0.40366,0.25974,0.0087593
0.4065,0.26168,-0.0028667
0.38329,0.24218,-0.017284
0.36178,0.22347,-0.019556
0.34112,0.20534,-0.026798
0.32105,0.18767,-0.043289
0.30158,0.17045,-0.067871
0.28271,0.15363,-0.099712
0.26443,0.1372,-0.13815
0.24674,0.12112,-0.18271
0.22964,0.10537,-0.23296
0.21313,0.089947,-0.28861
0.23834,0.088783,-0.2616
0.26496,0.086457,-0.23932
0.29304,0.082969,-0.22071
0.32261,0.078319,-0.20509
0.35369,0.072512,-0.1918
0.3863,0.065551,-0.18044
0.42046,0.057445,-0.17058
0.45616,0.048204,-0.16195
0.49342,0.03784,-0.15428
0.53223,0.026372,-0.14739
0.52157,0.073823,-0.087458
0.51281,0.11687,-0.049993
0.506,0.15597,-0.029145
0.50112,0.19148,-0.021357
0.49838,0.22378,-0.018069
0.49813,0.25328,-0.0060409
0.50027,0.28012,0.014069
0.50469,0.30442,0.041474
0.51133,0.32626,0.075543
0.52011,0.34572,0.11581
0.52886,0.33101,0.055312
0.54182,0.31139,0.016367
0.55881,0.28685,-0.0070563
0.57971,0.2574,-0.018627
0.60446,0.22302,-0.021188
0.6327,0.18357,-0.026776
0.66435,0.139,-0.039235
0.69945,0.089327,-0.057808
0.73801,0.034576,-0.081947
0.78005,-0.025233,-0.11124
0.7437,0.0099957,-0.10124
0.7095,0.042894,-0.092995
0.67739,0.073522,-0.08578
0.64731,0.10193,-0.079216
0.61921,0.12817,-0.073084
0.59303,0.15227,-0.06728
0.56871,0.17427,-0.061742
0.54622,0.1942,-0.056455
0.5255,0.21208,-0.051408
0.50651,0.22794,-0.046622
0.52147,0.24202,-0.066707
0.53678,0.25621,-0.089116
0.55244,0.2705,-0.11322
0.56847,0.28492,-0.13863
0.58486,0.29946,-0.16508
0.60161,0.31411,-0.19242
0.61873,0.32889,-0.2205
0.63621,0.34379,-0.24922
0.65405,0.3588,-0.27847
0.67224,0.37393,-0.30819
0.71155,0.39659,-0.32282
0.75198,0.41999,-0.34031
0.79353,0.44413,-0.35993
0.83621,0.469,-0.38125
0.88002,0.49461,-0.40381
0.92493,0.52097,-0.42737
0.97095,0.54807,-0.45161
1.018,0.57591,-0.47645
1.0662,0.60447,-0.50166
1.1154,0.63376,-0.52722
0.98783,0.54584,-0.38568
0.87119,0.46606,-0.28482
0.76487,0.39386,-0.20909
0.66823,0.32872,-0.15083
0.58063,0.27014,-0.10577
0.50148,0.21768,-0.071235
0.43023,0.17092,-0.045466
0.36637,0.12948,-0.027144
0.30943,0.093012,-0.015307
0.25896,0.061179,-0.0091703
0.25476,0.074694,-0.010322
0.25125,0.087511,-0.011901
0.24842,0.099604,-0.013796
0.24629,0.11095,-0.015934
0.24487,0.12152,-0.018279
0.24415,0.1313,-0.0208
0.24414,0.14026,-0.023489
0.24484,0.14838,-0.026332
0.24625,0.15565,-0.029335
0.24837,0.16204,-0.032485
0.25406,0.1678,-0.014343
0.25951,0.17308,-0.010761
0.26558,0.17829,0.0024774
0.27237,0.18347,0.027616
0.2798,0.18859,0.06283
0.28781,0.19363,0.10676
0.29612,0.19892,0.15827
0.30455,0.20463,0.21652
0.31306,0.21079,0.28072
0.3216,0.21737,0.35028
0.30819,0.20619,0.36775
0.2951,0.19597,0.38872
0.28228,0.18668,0.41223
0.26995,0.17785,0.43781
0.25847,0.16887,0.46487
0.2478,0.15973,0.49319
0.2379,0.1504,0.52236
0.22875,0.14087,0.55228
0.22031,0.13113,0.58262
0.21257,0.12117,0.61339
0.19573,0.12233,0.52999
0.18317,0.11961,0.46586
0.17318,0.11492,0.41471
0.16153,0.11416,0.3728
0.14783,0.11758,0.33756
0.13205,0.12501,0.30732
0.11413,0.13638,0.28087
0.094001,0.15163,0.25737
0.071594,0.17077,0.23621
0.046832,0.19384,0.21693
0.045625,0.17202,0.19259
0.044328,0.15181,0.17015
0.042947,0.13317,0.14959
0.041482,0.11602,0.13081
0.039934,0.10033,0.11376
0.038301,0.08603,0.098302
0.036579,0.07309,0.084372
0.034764,0.061459,0.071839
0.032853,0.051097,0.060634
0.030839,0.041962,0.050641
0.031523,0.035462,0.044333
0.031628,0.029982,0.039178
0.031176,0.025493,0.034959
0.030184,0.02197,0.031475
0.028672,0.019392,0.02859
0.026689,0.017688,0.026168
0.025029,0.015666,0.024124
0.024012,0.01285,0.022363
0.023638,0.0092441,0.020829
0.023909,0.0048504,0.01945
0.022357,0.0029693,0.011079
0.020934,0.0012482,0.0050434
0.01963,-0.00032084,0.0013186
0.018434,-0.0017492,-0.00012877
0.017325,-0.0030753,-0.00088686
0.01628,-0.0043588,-0.0038245
0.015315,-0.0056172,-0.0089879
0.014444,-0.0068679,-0.016377
0.013687,-0.0081278,-0.02599
0.013061,-0.0094125,-0.037845
0.018182,-0.00979,-0.033219
0.024339,-0.0099908,-0.028884
0.031545,-0.010056,-0.024823
0.039812,-0.010024,-0.021043
0.049153,-0.0099305,-0.017535
0.059579,-0.0098101,-0.014304
0.071101,-0.0096923,-0.01134
0.083731,-0.0096045,-0.0086428
0.097479,-0.0095705,-0.0062024
0.11235,-0.0096115,-0.0040115
0.10741,-0.010637,-0.004534
0.10261,-0.011668,-0.0052871
0.097957,-0.012701,-0.0062719
0.093447,-0.013729,-0.0074949
0.089081,-0.014751,-0.008962
0.08486,-0.01576,-0.010681
0.080785,-0.016755,-0.012659
0.076854,-0.017731,-0.014903
0.073068,-0.018684,-0.017417
0.069427,-0.019612,-0.020208
0.068808,0.00213,-0.015735
0.071239,0.020948,-0.012013
0.076653,0.037098,-0.0088305
0.085096,0.050762,-0.0060426
0.096711,0.062047,-0.0035521
0.1108,0.07242,-0.0013358
0.12448,0.086731,0.00051528
0.1376,0.10567,0.0020043
0.15017,0.12959,0.0031451
0.16222,0.15887,0.0039465
0.18455,0.1596,0.0048379
0.20669,0.16215,0.0057084
0.22869,0.16652,0.0064992
0.25057,0.17274,0.0072477
0.27235,0.18081,0.0081412
0.29408,0.19076,0.0092384
0.31576,0.20261,0.010597
0.33765,0.21603,0.01227
0.36109,0.22898,0.014351
0.38632,0.24112,0.016877
0.36702,0.22405,0.03593
0.34872,0.20633,0.065229
0.3315,0.18794,0.10246
0.31543,0.16886,0.14615
0.30053,0.14907,0.1953
0.28685,0.12858,0.24924
0.27442,0.10738,0.30747
0.26327,0.085459,0.36965
0.25341,0.062822,0.43544
0.24489,0.039468,0.50466
0.22974,0.074411,0.3806
0.21865,0.10092,0.28749
0.21168,0.11941,0.21545
0.20884,0.13023,0.15876
0.20998,0.13388,0.11377
0.20923,0.13988,0.078137
0.20375,0.15293,0.050322
0.19364,0.17308,0.029349
0.17895,0.20042,0.014584
0.15968,0.2351,0.0055945
0.18577,0.23169,0.0028322
0.21169,0.2298,0.0019504
0.23748,0.22943,0.00051437
0.26316,0.23059,-0.0028534
0.28874,0.23326,-0.0080765
0.31425,0.23745,-0.015094
0.33969,0.24316,-0.023829
0.36508,0.25039,-0.034232
0.39043,0.25914,-0.046229
0.41574,0.26941,-0.059773
0.42101,0.28225,-0.06032
0.4247,0.29785,-0.061075
0.4268,0.3162,-0.061933
0.42731,0.3373,-0.06285
0.42624,0.36117,-0.06375
0.42357,0.38781,-0.064595
0.41931,0.41725,-0.065329
0.41344,0.44948,-0.065934
0.40597,0.48453,-0.066364
0.39689,0.5224,-0.066611
0.34049,0.47082,-0.066761
0.28863,0.42278,-0.067724
0.24115,0.37813,-0.069221
0.1979,0.33676,-0.071112
0.15874,0.29853,-0.073301
0.12353,0.26333,-0.07575
0.092156,0.23107,-0.078424
0.064483,0.20165,-0.081322
0.040393,0.17496,-0.08443
0.019772,0.15093,-0.087758
0.058676,0.16503,-0.070364
0.10355,0.18305,-0.055893
0.15462,0.20513,-0.04419
0.21216,0.2314,-0.035155
0.27641,0.26205,-0.028718
0.3476,0.29721,-0.024807
0.42596,0.33707,-0.023369
0.51172,0.38177,-0.024317
0.60507,0.43146,-0.027597
0.70626,0.48628,-0.031874
0.63457,0.45025,-0.029265
0.56636,0.41713,-0.026405
0.50151,0.38686,-0.023581
0.43992,0.35939,-0.021067
0.38151,0.33467,-0.018855
0.3262,0.31266,-0.016939
0.27391,0.29332,-0.015319
0.22456,0.2766,-0.013996
0.1781,0.26247,-0.012976
0.13447,0.25089,-0.012259
0.16646,0.24201,-0.013868
0.19821,0.23545,-0.015487
0.22969,0.23126,-0.017111
0.2609,0.22946,-0.018733
0.29181,0.23008,-0.02035
0.32242,0.23316,-0.021958
0.35273,0.23869,-0.023558
0.38274,0.2467,-0.025148
0.41245,0.25719,-0.02673
0.44187,0.27017,-0.028305
0.44306,0.27342,-0.024949
0.44369,0.27749,-0.022643
0.44377,0.28239,-0.021267
0.4433,0.2881,-0.020732
0.44233,0.29463,-0.020364
0.44089,0.30197,-0.019264
0.439,0.31012,-0.017468
0.43664,0.31909,-0.015011
0.43383,0.32885,-0.011923
0.43056,0.33943,-0.0082289
0.40725,0.32443,0.0097679
0.38451,0.31011,0.032308
0.36234,0.29642,0.058244
0.34071,0.28336,0.086875
0.31963,0.27092,0.11773
0.29908,0.25909,0.15052
0.27908,0.24786,0.185
0.25962,0.23722,0.22103
0.24071,0.22719,0.25842
0.22236,0.21774,0.29712
0.22967,0.21872,0.24061
0.23772,0.21988,0.19454
0.24638,0.22122,0.15631
0.25555,0.22272,0.12425
0.26517,0.22439,0.097127
0.27517,0.22624,0.074094
0.28552,0.22827,0.054524
0.29618,0.23049,0.03796
0.30713,0.2329,0.024057
0.31835,0.23552,0.012549
0.32821,0.25451,0.0024403
0.33778,0.27503,-0.0054143
0.34706,0.29708,-0.011227
0.35604,0.32067,-0.015176
0.36471,0.34579,-0.017403
0.37305,0.37243,-0.01876
0.38102,0.40053,-0.021559
0.38862,0.43008,-0.025888
0.39584,0.46109,-0.031675
0.40269,0.49357,-0.038858
0.41371,0.50254,-0.033323
0.4248,0.51156,-0.029362
0.43596,0.52065,-0.026728
0.4472,0.52981,-0.025279
0.45852,0.53902,-0.024929
0.46993,0.54832,-0.025104
0.48145,0.55776,-0.024343
0.49309,0.56732,-0.022574
0.50484,0.57702,-0.019792
0.5167,0.58686,-0.015994
0.46885,0.54106,-0.021527
0.42381,0.49785,-0.022854
0.38146,0.45708,-0.021711
0.34165,0.41848,-0.022707
0.30429,0.38197,-0.026192
0.26931,0.34746,-0.0319
0.23665,0.31489,-0.039639
0.20623,0.2842,-0.049269
0.17799,0.25533,-0.060674
0.15188,0.22822,-0.073768
0.1471,0.22593,-0.060999
0.14237,0.22357,-0.050689
0.13769,0.22117,-0.042261
0.13305,0.21874,-0.03531
0.12847,0.2163,-0.029544
0.12394,0.21383,-0.024748
0.11947,0.21137,-0.020769
0.11506,0.2089,-0.017485
0.1107,0.20644,-0.01481
0.10641,0.20398,-0.012677
0.13866,0.22103,-0.012607
0.17366,0.23975,-0.012866
0.21144,0.26012,-0.013449
0.25203,0.28215,-0.014349
0.29545,0.30586,-0.015561
0.34172,0.33124,-0.016957
0.39087,0.35831,-0.018208
0.44292,0.38706,-0.019296
0.49789,0.41751,-0.020223
0.55581,0.44966,-0.020992
0.51508,0.43733,-0.015465
0.4755,0.42603,-0.0093025
0.43703,0.41572,-0.0030695
0.39965,0.40638,0.002942
0.36333,0.39797,0.0086123
0.32807,0.39048,0.013886
0.29382,0.3839,0.018746
0.26059,0.3782,0.023183
0.22835,0.37337,0.027196
0.19709,0.36941,0.030792
0.16729,0.37204,0.03395
0.13808,0.37574,0.037144
0.10942,0.38048,0.040305
0.081307,0.38627,0.043396
0.053714,0.39309,0.046373
0.026628,0.40093,0.049214
3.3667e-05,0.40978,0.051884
-0.026082,0.41964,0.054372
-0.05173,0.43051,0.056651
-0.076922,0.44237,0.058713
-0.063947,0.42093,0.068573
-0.051584,0.40067,0.07947
-0.039791,0.3815,0.091305
-0.028534,0.36337,0.10402
-0.017781,0.34621,0.11754
-0.0075027,0.32995,0.13183
0.0023266,0.31456,0.14685
0.011731,0.29997,0.16258
0.020732,0.28616,0.17897
0.02935,0.27307,0.19602
0.032693,0.26939,0.2247
0.036046,0.26566,0.25492
0.039403,0.26191,0.28661
0.042759,0.25813,0.3198
0.046108,0.25434,0.35442
0.049443,0.25052,0.39049
0.052761,0.2467,0.42793
0.056056,0.24287,0.46679
0.059322,0.23904,0.50695
0.062554,0.23522,0.5485
0.059979,0.23592,0.56676
0.05733,0.23668,0.58051
0.054617,0.23751,0.59031
0.051849,0.23846,0.5969
0.049032,0.23952,0.60063
0.046171,0.24074,0.60203
0.043269,0.24211,0.60133
0.040329,0.24366,0.59891
0.037354,0.24538,0.59488
0.034343,0.24729,0.58952
0.034425,0.23739,0.54749
0.034678,0.22787,0.51408
0.035068,0.2187,0.48683
0.035567,0.20981,0.46416
0.036155,0.2012,0.44497
0.036817,0.19283,0.42846
0.037538,0.1847,0.41409
0.038309,0.1768,0.40141
0.039119,0.16911,0.39015
0.039959,0.16165,0.38004
0.0203,0.14347,0.37045
0.0037194,0.12715,0.36097
-0.0098475,0.11263,0.35171
-0.020464,0.099906,0.34268
-0.028191,0.088937,0.33392
-0.033085,0.0797,0.32538
-0.035196,0.072171,0.31707
-0.034568,0.066328,0.30891
-0.033311,0.061029,0.30092
-0.034836,0.054424,0.293
-0.036801,0.0598,0.26159
-0.038978,0.065394,0.23509
-0.041364,0.071199,0.21249
-0.043958,0.077214,0.193
-0.046761,0.083439,0.17608
-0.049777,0.089876,0.16124
-0.053009,0.096528,0.14817
-0.056461,0.1034,0.13657
-0.060138,0.11049,0.12626
-0.064043,0.1178,0.11703
-0.068161,0.12745,0.1177
-0.070893,0.13837,0.11732
-0.072235,0.15057,0.116
-0.072175,0.16409,0.11379
-0.070706,0.17894,0.11081
-0.067815,0.19515,0.10711
-0.063488,0.21273,0.1028
-0.057712,0.23171,0.097947
-0.050472,0.2521,0.092667
-0.041751,0.27391,0.087033
-0.053202,0.30257,0.067359
-0.065404,0.33293,0.050716
-0.078356,0.365,0.036781
-0.092055,0.3988,0.025267
-0.1065,0.43432,0.015965
-0.1217,0.47158,0.0086825
-0.13764,0.51057,0.0032811
-0.15432,0.55129,-0.00036844
-0.17175,0.59374,-0.002363
-0.18993,0.63792,-0.0028967
-0.13854,0.60796,-0.0017778
-0.085495,0.58145,-0.00034011
-0.030777,0.5583,0.0013797
0.025638,0.53847,0.0032957
0.083772,0.5219,0.0053913
0.14366,0.50856,0.0076539
0.20532,0.49843,0.010092
0.26881,0.49149,0.012693
0.33414,0.48773,0.015462
0.40136,0.48715,0.018384
0.35915,0.44396,0.011227
0.31943,0.40409,0.006547
0.28215,0.36729,0.0039979
0.24726,0.33336,0.0029347
0.21474,0.30209,0.00070481
0.18453,0.27332,-0.00305
0.15657,0.24688,-0.0082395
0.13082,0.22262,-0.014801
0.1072,0.20042,-0.022677
0.085661,0.18016,-0.031828
0.074335,0.19275,-0.019559
0.062627,0.20628,-0.010732
0.050522,0.22075,-0.0049173
0.038005,0.23616,-0.0017832
0.025065,0.25252,-0.0010589
0.011673,0.26984,-0.0002742
-0.0021919,0.28815,0.0025057
-0.016525,0.30745,0.0071347
-0.031324,0.32776,0.013492
-0.046583,0.34907,0.021475
-0.033441,0.32529,0.013052
-0.020971,0.30232,0.0074362
-0.0091708,0.28018,0.0036905
0.0019605,0.2589,0.0012217
0.01242,0.2385,-0.00035691
0.022206,0.219,-0.0013042
0.031315,0.20041,-0.0017972
0.039744,0.18276,-0.0019607
0.047489,0.16607,-0.0019242
0.054549,0.15035,-0.0020086
0.065333,0.17584,-0.0056235
0.076933,0.2033,-0.013031
0.089323,0.23274,-0.023927
0.10248,0.26415,-0.037987
0.1164,0.29753,-0.054885
0.13105,0.33287,-0.074319
0.14644,0.37018,-0.096013
0.16255,0.40946,-0.11973
0.17939,0.45069,-0.14526
0.19695,0.49389,-0.17242
0.21454,0.53638,-0.14949
0.23318,0.58067,-0.13175
0.25291,0.62679,-0.11768
0.27373,0.67476,-0.10628
0.29566,0.72463,-0.096806
0.31868,0.77642,-0.088792
0.34278,0.83014,-0.081895
0.36794,0.88582,-0.075905
0.39413,0.94348,-0.070676
0.42132,1.0031,-0.06613
0.38496,0.93998,-0.056592
0.35089,0.87922,-0.051069
0.31899,0.82079,-0.047754
0.28914,0.76467,-0.045814
0.26124,0.71082,-0.044835
0.2352,0.65918,-0.044608
0.21091,0.60972,-0.045025
0.1883,0.5624,-0.046037
0.16728,0.51719,-0.047625
0.14778,0.47404,-0.04979
0.11206,0.45699,-0.043684
0.079173,0.44156,-0.037571
0.048945,0.42764,-0.031754
0.021205,0.41511,-0.026422
-0.0042008,0.4039,-0.021695
-0.027412,0.39391,-0.017642
-0.048554,0.38508,-0.014305
-0.067744,0.37733,-0.011706
-0.085083,0.3706,-0.0098559
-0.10067,0.36484,-0.0087586
-0.10198,0.37882,-0.0092142
-0.10324,0.39308,-0.0097136
-0.10445,0.40761,-0.010015
-0.10561,0.42243,-0.010132
-0.10671,0.43753,-0.01007
-0.10776,0.4529,-0.0098366
-0.10876,0.46856,-0.009436
-0.1097,0.4845,-0.0088749
-0.11058,0.50072,-0.0081588
-0.11141,0.51723,-0.0072929
-0.069757,0.44786,-0.00093003
-0.031947,0.38421,0.0056805
0.0019866,0.3263,0.012381
0.032025,0.27415,0.019087
0.058161,0.22777,0.025743
0.080407,0.18721,0.032317
0.098787,0.15249,0.038775
0.11335,0.12365,0.045101
0.12416,0.10074,0.051268
0.13131,0.083814,0.057268
0.14467,0.098057,0.053157
0.15869,0.11405,0.049245
0.17341,0.13182,0.045516
0.18887,0.15139,0.041973
0.20511,0.17277,0.038597
0.22216,0.19598,0.03538
0.24005,0.22105,0.032294
0.2588,0.24798,0.029328
0.27845,0.27679,0.026455
0.29901,0.30749,0.023663
0.29815,0.27863,0.0022039
0.29673,0.25293,-0.0088257
0.29473,0.23007,-0.012468
0.29213,0.20972,-0.012793
0.28885,0.19148,-0.016985
0.28494,0.17522,-0.024755
0.28041,0.16087,-0.035503
0.27529,0.14837,-0.048791
0.26959,0.13764,-0.06429
0.26333,0.12863,-0.08175
0.28713,0.15507,-0.045681
0.30916,0.1894,-0.023846
0.32965,0.23199,-0.013589
0.34877,0.28321,-0.012578
0.36672,0.34374,-0.0092054
0.38357,0.41394,0.00034523
0.39937,0.49399,0.014934
0.41413,0.58401,0.033616
0.42788,0.68412,0.055637
0.44061,0.79438,0.080394
0.51829,0.78846,0.072677
0.59821,0.78505,0.067592
0.68035,0.78414,0.06385
0.76471,0.78571,0.060697
0.85129,0.7898,0.057672
0.9401,0.7964,0.054498
1.0311,0.80553,0.051011
1.1244,0.81722,0.047109
1.2199,0.83149,0.042748
1.3177,0.84835,0.037898
1.2064,0.82163,0.025836
1.0984,0.7976,0.01967
0.99366,0.77617,0.016541
0.8923,0.75726,0.015119
0.79431,0.74085,0.014769
0.69971,0.72691,0.015114
0.60853,0.71542,0.015988
0.52081,0.70638,0.017269
0.43657,0.69977,0.018914
0.35584,0.69561,0.020883
0.35844,0.67058,-0.0036507
0.36083,0.647,-0.016315
0.36299,0.62469,-0.021086
0.36491,0.60343,-0.022262
0.36651,0.58298,-0.027101
0.36779,0.56328,-0.035319
0.36877,0.54428,-0.046271
0.36947,0.52595,-0.059484
0.3699,0.50825,-0.074581
0.37008,0.49115,-0.091266
0.4514,0.51948,-0.096446
0.53862,0.55055,-0.10234
0.63179,0.58436,-0.1088
0.73094,0.62095,-0.11571
0.83611,0.66031,-0.12295
0.94732,0.70247,-0.13044
1.0646,0.74743,-0.13809
1.188,0.7952,-0.14584
1.3174,0.84579,-0.15362
1.453,0.89919,-0.16142
1.3671,0.8854,-0.11054
1.2831,0.87275,-0.084096
1.2011,0.86149,-0.069906
1.1211,0.85172,-0.062768
1.0433,0.84344,-0.060029
0.9676,0.83678,-0.056638
0.89402,0.83172,-0.051002
0.82251,0.82821,-0.043719
0.75299,0.8262,-0.035221
0.6854,0.82565,-0.025853
0.66351,0.83517,-0.014247
0.642,0.84537,-0.0017192
0.62085,0.85623,0.011459
0.60002,0.86773,0.025073
0.57949,0.87987,0.038925
0.55922,0.89262,0.052865
0.53921,0.90597,0.066735
0.51942,0.91991,0.080419
0.49983,0.93444,0.093789
0.48043,0.94954,0.10676
0.45051,0.8917,0.075674
0.4219,0.83677,0.056887
0.39438,0.78442,0.044732
0.36784,0.73444,0.036488
0.34224,0.68669,0.030718
0.31755,0.64106,0.026634
0.29377,0.59745,0.023757
0.27089,0.55579,0.021794
0.24892,0.516,0.020542
0.22786,0.47804,0.019863
0.2179,0.47221,-0.00096155
0.20858,0.46681,-0.015292
0.19981,0.46176,-0.024605
0.19152,0.45703,-0.029876
0.18367,0.45258,-0.031782
0.17614,0.44831,-0.032301
0.16867,0.44405,-0.035135
0.16127,0.4398,-0.040167
0.15394,0.43555,-0.047175
0.14669,0.4313,-0.055974
0.15553,0.44928,-0.050492
0.16456,0.46736,-0.046845
0.17381,0.48556,-0.044514
0.18331,0.50386,-0.043152
0.1931,0.52227,-0.042529
0.20318,0.54076,-0.042482
0.21357,0.55933,-0.042908
0.22429,0.57797,-0.04373
0.23534,0.59664,-0.044903
0.24674,0.61534,-0.046389
0.23778,0.63671,-0.045891
0.22851,0.65891,-0.044004
0.2189,0.68195,-0.041331
0.20891,0.7058,-0.038194
0.19854,0.73049,-0.034796
0.18776,0.75602,-0.031247
0.17656,0.7824,-0.027624
0.16494,0.80965,-0.023982
0.15288,0.83777,-0.020367
0.14038,0.86679,-0.016821
0.14115,0.91688,-0.02862
0.14202,0.96856,-0.037269
0.14291,1.0218,-0.044067
0.14378,1.0765,-0.049771
0.14464,1.1327,-0.054801
0.14547,1.1904,-0.059433
0.14629,1.2495,-0.063797
0.1471,1.3101,-0.068001
0.14791,1.3722,-0.0721
0.14873,1.4357,-0.076151
0.11519,1.3183,-0.052459
0.086224,1.2071,-0.023899
0.061322,1.1018,0.0069694
0.040095,1.0022,0.039348
0.022202,0.90815,0.072933
0.0073384,0.81953,0.10756
-0.0047805,0.73623,0.1431
-0.014415,0.65812,0.17946
-0.021808,0.58511,0.21653
-0.027187,0.51711,0.25428
-0.0075722,0.53561,0.26331
0.013695,0.55482,0.26996
0.03664,0.57475,0.27445
0.061284,0.59543,0.27708
0.087641,0.61688,0.27796
0.11572,0.63911,0.27731
0.14553,0.66212,0.27519
0.17707,0.68592,0.27176
0.21034,0.71052,0.26705
0.24533,0.73593,0.26117
0.20843,0.76287,0.22324
0.17196,0.79189,0.19683
0.13576,0.82272,0.17746
0.099777,0.85521,0.16257
0.063942,0.88927,0.15061
0.028227,0.92483,0.14061
-0.0073918,0.96185,0.13198
-0.042931,1.0003,0.12433
-0.078406,1.0402,0.11741
-0.11382,1.0814,0.11104
-0.13144,1.0986,0.10237
-0.14852,1.1152,0.092188
-0.16507,1.1313,0.081308
-0.18107,1.147,0.070205
-0.19656,1.1623,0.059184
-0.21153,1.1771,0.048391
-0.22601,1.1916,0.037938
-0.23999,1.2056,0.027852
-0.2535,1.2193,0.018177
-0.26655,1.2325,0.0089003
-0.24349,1.1504,0.036845
-0.22174,1.0735,0.064026
-0.20122,1.0014,0.090993
-0.18186,0.93389,0.11809
-0.16357,0.87054,0.14557
-0.1463,0.8111,0.17356
-0.13,0.75529,0.20215
-0.11462,0.7029,0.23141
-0.10011,0.65371,0.26135
-0.086441,0.60752,0.29201
-0.091728,0.66314,0.29952
-0.096882,0.72139,0.30615
-0.10187,0.78223,0.31185
-0.10667,0.84563,0.3167
-0.11124,0.91154,0.32065
-0.11557,0.97991,0.32377
-0.11962,1.0507,0.326
-0.12339,1.1238,0.3274
-0.12684,1.1993,0.32793
-0.12997,1.2769,0.32762
-0.13598,1.1834,0.2456
-0.13985,1.0947,0.18841
-0.14166,1.0103,0.14582
-0.1416,0.92971,0.11277
-0.13986,0.85283,0.086506
-0.13667,0.77951,0.065347
-0.13221,0.70966,0.048231
-0.12667,0.64321,0.034372
-0.12024,0.58012,0.023223
-0.11307,0.52036,0.014321
-0.11569,0.50868,0.038665
-0.11863,0.49817,0.064714
-0.1218,0.48873,0.09218
-0.12516,0.48028,0.12091
-0.12865,0.47275,0.15088
-0.13221,0.46608,0.18209
-0.13582,0.46021,0.21455
-0.13943,0.45512,0.24828
-0.143,0.45074,0.28329
-0.1465,0.44706,0.3196
-0.14205,0.45235,0.31805
-0.13722,0.45802,0.31616
-0.13201,0.46406,0.31391
-0.12643,0.47047,0.31135
-0.12046,0.47723,0.30846
-0.11412,0.48436,0.30529
-0.10741,0.49185,0.3018
-0.10033,0.49968,0.29805
-0.092873,0.50788,0.29401
-0.085048,0.51642,0.28971
-0.053282,0.51004,0.31247
-0.018788,0.50462,0.33456
0.018412,0.50022,0.3561
0.058306,0.49689,0.37716
0.10089,0.49467,0.39778
0.14615,0.49359,0.418
0.19409,0.49368,0.43781
0.24472,0.49499,0.45723
0.29805,0.49752,0.47621
0.35407,0.50131,0.49477
0.31198,0.46219,0.44296
0.27213,0.42588,0.40272
0.23459,0.39205,0.37009
0.19942,0.36048,0.34281
0.16666,0.33103,0.31945
0.13632,0.30357,0.2991
0.10841,0.27802,0.28115
0.082945,0.25429,0.26515
0.059928,0.23232,0.25078
0.039362,0.21204,0.2378
0.053175,0.24352,0.24268
0.068602,0.27785,0.24685
0.085659,0.31509,0.25034
0.10437,0.35528,0.25315
0.12474,0.39846,0.25535
0.1468,0.44465,0.25696
0.17057,0.49386,0.25805
0.19608,0.54608,0.25867
0.22335,0.60131,0.25887
0.25241,0.65951,0.25872
0.2174,0.68898,0.30024
0.18267,0.71915,0.33428
0.14821,0.75006,0.36235
0.11403,0.78176,0.38575
0.080122,0.81427,0.40547
0.046505,0.84759,0.42226
0.013181,0.88172,0.4366
-0.019843,0.91667,0.44889
-0.052558,0.95243,0.45931
-0.084957,0.98898,0.46808
-0.068738,1.0224,0.37688
-0.051465,1.058,0.3099
-0.03311,1.0955,0.25793
-0.013658,1.1345,0.21585
0.0069021,1.1749,0.18063
0.028579,1.2167,0.15045
0.051382,1.2598,0.12422
0.075316,1.3042,0.10117
0.10039,1.3498,0.080871
0.12661,1.3967,0.062933
0.12855,1.2822,0.03267
0.12901,1.1771,0.011731
0.12824,1.0803,-0.0025591
0.12645,0.99086,-0.011781
0.12381,0.90816,-0.016897
0.12048,0.83156,-0.018617
0.11658,0.76053,-0.017487
0.11218,0.69454,-0.01709
0.10738,0.63317,-0.019283
0.10224,0.57608,-0.023762
0.11217,0.63469,-0.03195
0.12244,0.69638,-0.041811
0.13308,0.76113,-0.053252
0.14412,0.82889,-0.066212
0.15558,0.89959,-0.080582
0.16749,0.97318,-0.096296
0.17989,1.0496,-0.11323
0.19282,1.1287,-0.13131
0.20632,1.2105,-0.1504
0.22043,1.2949,-0.17043
0.15517,1.2376,-0.23795
0.095339,1.1836,-0.30138
0.040725,1.1327,-0.36154
-0.0088577,1.0846,-0.41945
-0.053576,1.0392,-0.47549
-0.093563,0.99638,-0.53008
-0.12897,0.95596,-0.58312
-0.1599,0.91785,-0.6348
-0.18648,0.88196,-0.68489
-0.20881,0.8482,-0.73358
-0.21195,0.90321,-0.64878
-0.21485,0.9595,-0.58341
-0.21741,1.0171,-0.53028
-0.21958,1.0762,-0.48542
-0.22132,1.1366,-0.44617
-0.22262,1.1985,-0.41099
-0.22346,1.2617,-0.37889
-0.22381,1.3264,-0.34926
-0.22368,1.3924,-0.32177
-0.22306,1.4597,-0.29616
-0.24801,1.4224,-0.24359
-0.27053,1.3863,-0.20332
-0.29064,1.3514,-0.1711
-0.30836,1.3176,-0.14458
-0.32373,1.2849,-0.12248
-0.33678,1.2534,-0.10391
-0.34755,1.2229,-0.088323
-0.35607,1.1935,-0.075253
-0.36237,1.1651,-0.064385
-0.36647,1.1377,-0.055423
-0.37013,1.1486,-0.05395
-0.37389,1.16,-0.053456
-0.37774,1.1716,-0.053695
-0.38167,1.1836,-0.054503
-0.38569,1.196,-0.055789
-0.38979,1.2086,-0.057488
-0.39396,1.2216,-0.059566
-0.39821,1.2349,-0.061999
-0.40254,1.2485,-0.064777
-0.40693,1.2624,-0.067898
-0.41837,1.3003,-0.08081
-0.42977,1.3382,-0.09379
-0.4411,1.3761,-0.1069
-0.45237,1.414,-0.12026
-0.46357,1.4519,-0.13399
-0.47468,1.4897,-0.14818
-0.4857,1.5275,-0.16291
-0.49662,1.5651,-0.17821
-0.50743,1.6026,-0.19412
-0.51813,1.6401,-0.21065
-0.48688,1.5145,-0.22828
-0.45677,1.3972,-0.23825
-0.42752,1.2875,-0.24309
-0.39887,1.1851,-0.2444
-0.37059,1.0892,-0.24309
-0.34249,0.9997,-0.2398
-0.31439,0.9161,-0.2349
-0.28846,0.83734,-0.22868
-0.26618,0.7626,-0.22134
-0.24748,0.69162,-0.21309
-0.22855,0.65932,-0.19169
-0.21472,0.62874,-0.17545
-0.20329,0.60035,-0.16253
-0.189,0.57556,-0.15189
-0.17162,0.55407,-0.14282
-0.1511,0.53559,-0.1349
-0.12737,0.51986,-0.12783
-0.10037,0.50663,-0.12138
-0.070056,0.49573,-0.11543
-0.036358,0.48697,-0.10986
-0.042115,0.47831,-0.082685
-0.047321,0.46885,-0.065087
-0.052045,0.45886,-0.0539
-0.056337,0.44851,-0.047131
-0.060229,0.4379,-0.043496
-0.063749,0.42713,-0.04212
-0.066945,0.41636,-0.04125
-0.069872,0.40578,-0.039065
-0.072527,0.39538,-0.035864
-0.074913,0.38515,-0.031884
-0.08014,0.41051,-0.039352
-0.08558,0.43691,-0.04511
-0.091209,0.46427,-0.04988
-0.097012,0.49253,-0.054108
-0.10297,0.52166,-0.058086
-0.10909,0.55163,-0.061936
-0.11534,0.58242,-0.065761
-0.12173,0.61401,-0.069584
-0.12825,0.64638,-0.073407
-0.1349,0.67953,-0.077202
-0.13211,0.67664,-0.071281
-0.12946,0.6746,-0.056941
-0.12688,0.67302,-0.037785
-0.1243,0.67167,-0.015807
-0.1217,0.67044,0.0078448
-0.11906,0.66925,0.032518
-0.11636,0.66806,0.057783
-0.11362,0.66684,0.083394
-0.11081,0.66556,0.10912
-0.10794,0.66422,0.13485
-0.10363,0.69194,0.12646
-0.098838,0.72075,0.12247
-0.093527,0.7505,0.12157
-0.087671,0.78109,0.12293
-0.081247,0.81245,0.1259
-0.074238,0.84451,0.13006
-0.066627,0.87723,0.13504
-0.058401,0.91058,0.14063
-0.049548,0.94453,0.14663
-0.040058,0.97906,0.15294
-0.061392,0.93007,0.090311
-0.081154,0.88438,0.047291
-0.099117,0.84129,0.016571
-0.11514,0.8004,-0.0057667
-0.12912,0.7615,-0.022023
-0.14099,0.72445,-0.033631
-0.15067,0.68917,-0.041548
-0.15813,0.65558,-0.046452
-0.1633,0.62364,-0.048845
-0.16614,0.59332,-0.049116
-0.15809,0.56011,-0.048247
-0.15034,0.52861,-0.053779
-0.14285,0.49851,-0.067335
-0.13562,0.46974,-0.087517
-0.12863,0.44224,-0.11334
-0.12189,0.41594,-0.14408
-0.11538,0.39077,-0.17918
-0.1091,0.36667,-0.21824
-0.10303,0.3436,-0.26085
-0.097168,0.32149,-0.30678
-0.094264,0.31203,-0.28689
-0.091206,0.30197,-0.27248
-0.088034,0.29147,-0.26193
-0.08478,0.28065,-0.25428
-0.081467,0.26962,-0.24877
-0.078112,0.25843,-0.24492
-0.074732,0.24717,-0.24234
-0.071338,0.23586,-0.2408
-0.067944,0.22457,-0.24009
-0.064558,0.21333,-0.24006
-0.077977,0.25911,-0.18741
-0.092459,0.30838,-0.14416
-0.10806,0.36137,-0.10897
-0.12483,0.4183,-0.080801
-0.14282,0.47936,-0.058808
-0.16204,0.54469,-0.042254
-0.18253,0.61444,-0.030519
-0.20431,0.68871,-0.023048
-0.22738,0.76758,-0.019373
-0.25177,0.85113,-0.018147
-0.2222,0.78965,-0.010331
-0.18992,0.73438,0.001591
-0.15499,0.68462,0.017706
-0.11739,0.63979,0.037974
-0.07713,0.59938,0.062281
-0.034154,0.56296,0.09051
0.011594,0.53018,0.12251
0.060191,0.50075,0.15816
0.11173,0.47442,0.1973
0.1663,0.45102,0.23984
0.1732,0.4542,0.19594
0.18035,0.45688,0.15945
0.18777,0.45907,0.1287
0.19544,0.46077,0.1027
0.20335,0.46199,0.080732
0.21152,0.46273,0.06235
0.21992,0.46301,0.047239
0.22855,0.46282,0.03519
0.23741,0.46217,0.026062
0.24649,0.46107,0.019743
0.23949,0.44495,0.019878
0.23247,0.42959,0.020335
0.22545,0.41492,0.021059
0.21844,0.40091,0.021999
0.21145,0.38751,0.023178
0.2045,0.37469,0.024604
0.19758,0.36239,0.026319
0.19071,0.35059,0.028337
0.18389,0.33925,0.030717
0.17713,0.32836,0.033487
0.15343,0.33539,0.033223
0.13046,0.34332,0.032403
0.10819,0.35215,0.031185
0.086623,0.36185,0.029683
0.065745,0.37242,0.027994
0.045547,0.38385,0.026184
0.026023,0.39612,0.024309
0.0071672,0.40924,0.022405
-0.011025,0.42319,0.020506
-0.028556,0.43796,0.018628
-0.025705,0.41516,0.013781
-0.022797,0.39277,0.010289
-0.019849,0.37082,0.0077405
-0.016876,0.34935,0.0058657
-0.013894,0.32837,0.0044941
-0.010915,0.30792,0.0035045
-0.0079533,0.28802,0.002678
-0.0050207,0.26868,0.0017521
-0.002129,0.24993,0.00076562
0.00071192,0.23177,-0.00025108
0.017629,0.20173,-0.00082129
0.034319,0.17443,-0.0013898
0.05079,0.14989,-0.0019546
0.067048,0.12811,-0.0025268
0.083098,0.10908,-0.0031206
0.098941,0.092828,-0.0037541
0.11458,0.079337,-0.0044447
0.13,0.068613,-0.0052107
0.1452,0.060657,-0.0060694
0.16017,0.055469,-0.0070383
0.14754,0.062181,-0.0064318
0.13433,0.072219,-0.0058483
0.12053,0.085576,-0.0053541
0.10616,0.10222,-0.0050035
0.091242,0.12208,-0.0048415
0.0758,0.14509,-0.0049036
0.059861,0.17117,-0.0052201
0.043451,0.20023,-0.0058138
0.026598,0.2322,-0.0067041
0.0093284,0.26702,-0.0076687
0.012016,0.23845,-0.0071917
0.014776,0.21109,-0.0065939
0.017555,0.18504,-0.0060996
0.020302,0.1604,-0.0058047
0.022968,0.13727,-0.0057723
0.02551,0.11575,-0.0060489
0.027883,0.095936,-0.0066771
0.030045,0.077919,-0.0076894
0.031954,0.061791,-0.0091111
0.03357,0.047642,-0.01096
0.029393,0.056848,-0.012751
0.024859,0.06712,-0.014656
0.019981,0.07844,-0.016663
0.01477,0.090793,-0.018761
0.0092386,0.10417,-0.020941
0.003401,0.11855,-0.02319
-0.0027291,0.13393,-0.025496
-0.0091372,0.1503,-0.02785
-0.01581,0.16766,-0.030244
-0.022734,0.18601,-0.032668
-0.021009,0.15075,-0.021504
-0.018864,0.11972,-0.01371
-0.01641,0.092749,-0.0083289
-0.013757,0.069652,-0.0047106
-0.011012,0.050251,-0.0023963
-0.0082749,0.03436,-0.0010464
-0.0056472,0.02179,-0.00039973
-0.0032877,0.012326,-0.00014508
-0.0019025,0.005602,0.00023689
-0.001514,0.0014046,0.00068742
-0.0041207,0.0017529,6.1733e-05
-0.0079578,0.0020111,-0.0002837
-0.012928,0.0021834,-0.0022466
-0.018937,0.0022931,-0.0066996
-0.0259,0.0023677,-0.014349
-0.033739,0.0024382,-0.025775
-0.042383,0.0025386,-0.041396
-0.051764,0.0027082,-0.061449
-0.061824,0.0029868,-0.085981
-0.072505,0.0034164,-0.11488
-0.058235,0.0085679,-0.081055
-0.04582,0.013368,-0.055786
-0.035243,0.017858,-0.036941
-0.026496,0.022068,-0.023052
-0.019576,0.026019,-0.013058
-0.014481,0.029716,-0.0061991
-0.011208,0.033149,-0.0019336
-0.0097506,0.036295,9.7462e-05
-0.009927,0.039154,0.00067256
-0.0091873,0.0423,0.0027873
-0.0088226,0.035938,0.0015836
-0.0076744,0.030097,0.00081356
-0.0068497,0.024556,0.00042358
-0.0069898,0.019215,0.00029685
-0.008104,0.014145,-5.379e-05
-0.010201,0.009407,-0.00069018
-0.013292,0.0050479,-0.0015991
-0.01739,0.0010971,-0.0027778
-0.022508,-0.0024389,-0.0042316
-0.028655,-0.005575,-0.0059689
-0.020379,-0.0049796,-0.0058402
-0.013721,-0.0044388,-0.0054025
-0.0078036,-0.0066218,-0.0048368
-0.0024673,-0.011468,-0.0042798
0.0023828,-0.018987,-0.0038467
0.0067451,-0.029256,-0.0035904
0.010552,-0.042384,-0.0035119
0.01532,-0.058076,-0.0035845
0.022253,-0.076109,-0.0037761
0.031532,-0.096502,-0.0040533
0.026173,-0.080406,-0.0034692
0.021248,-0.065751,-0.003139
0.016778,-0.05254,-0.0030383
0.012786,-0.040776,-0.0031721
0.0092952,-0.030464,-0.003568
0.0063347,-0.02161,-0.0042662
0.0039357,-0.014222,-0.0053194
0.0021336,-0.0083124,-0.0067877
0.00095842,-0.0038998,-0.0087359
6.3271e-05,-0.0011027,-0.011215
0.00020221,-0.00078889,-0.013612
0.00022038,-0.00053224,-0.016241
0.00046866,-0.00024725,-0.019102
0.00096716,6.9801e-05,-0.022193
0.0017126,0.00041635,-0.02551
0.0027016,0.00078896,-0.029052
0.0039307,0.0011841,-0.032816
0.0053971,0.0015979,-0.0368
0.007098,0.0020265,-0.041
0.0090257,0.0024877,-0.045414
0.0059515,0.0017376,-0.053415
0.0035324,0.0011008,-0.061814
0.0017814,0.00055704,-0.070645
0.00070141,0.00010365,-0.07996
0.00029089,-0.00026459,-0.089805
0.00020418,-0.00063664,-0.10023
-0.00044527,-0.0012296,-0.11126
-0.0016887,-0.0020581,-0.12291
-0.0035093,-0.003125,-0.13517
-0.0058893,-0.0044329,-0.14803
-0.00084927,-0.003737,-0.12206
0.0011285,-0.003751,-0.10003
0.0023588,-0.0039358,-0.081109
0.0065619,-0.0034293,-0.064676
0.013792,-0.0022357,-0.05026
0.024069,-0.00036823,-0.037593
0.037425,0.0021636,-0.026588
0.053902,0.0053559,-0.017287
0.073542,0.009207,-0.0097991
0.09639,0.013718,-0.0042458
0.075687,0.012679,-0.0026379
0.057399,0.010959,-0.0014009
0.041561,0.0087907,-0.00053851
0.028214,0.0063906,-4.6967e-05
0.017392,0.0040311,7.9513e-05
0.0090175,0.0024685,0.00023676
0.0031874,0.001755,0.00075977
4.7756e-05,0.0017709,0.0016421
-0.00085355,0.0023569,0.0028763
-0.0037752,0.0027142,0.0044507
-0.0038409,0.0027681,0.0046757
-0.0039078,0.002826,0.004895
-0.0039759,0.0028879,0.0051064
-0.0040454,0.0029539,0.0053103
-0.0041161,0.0030242,0.0055048
-0.004188,0.0030988,0.0056902
-0.0042613,0.0031778,0.0058647
-0.0043358,0.0032612,0.0060286
-0.0044116,0.0033492,0.0061804
-0.0044887,0.0034418,0.0063204
-0.0041607,0.0033722,0.0069472
-0.003843,0.0032956,0.0075933
-0.0035361,0.0032126,0.0082561
-0.0032404,0.0031235,0.0089362
-0.0029567,0.003029,0.0096314
-0.0026855,0.0029292,0.010342
-0.0024274,0.0028248,0.011067
-0.0021827,0.0027162,0.011807
-0.0019522,0.002604,0.012559
-0.0017363,0.0024889,0.013325
-0.00095105,0.00219,0.016304
-0.00056618,0.0018348,0.019514
-0.00039615,0.001476,0.022995
0.00011618,0.0012421,0.0268
0.0010094,0.0011428,0.030978
0.0022874,0.0011759,0.035574
0.003955,0.0013365,0.040619
0.0060183,0.0016185,0.046135
0.0084833,0.0020159,0.052131
0.011356,0.0025236,0.058611
0.014859,0.0062076,0.068873
0.018439,0.013211,0.080377
0.022163,0.023569,0.093177
0.026095,0.037321,0.10725
0.030295,0.054503,0.12251
0.034818,0.075154,0.13884
0.039716,0.099308,0.15613
0.045038,0.127,0.17427
0.050831,0.15828,0.19313
0.057138,0.19316,0.21265
0.064287,0.18249,0.20409
0.07132,0.17199,0.19706
0.078228,0.16169,0.19112
0.085005,0.15161,0.186
0.09164,0.1418,0.18147
0.098126,0.13228,0.17737
0.10446,0.12308,0.17357
0.11062,0.11423,0.17
0.11662,0.10574,0.16656
0.12244,0.097659,0.16322
0.12349,0.10123,0.16103
0.12455,0.10485,0.15958
0.12562,0.10851,0.15875
0.12668,0.1122,0.15842
0.12776,0.11593,0.15851
0.12884,0.1197,0.15896
0.12993,0.1235,0.15969
0.13102,0.12734,0.16066
0.13213,0.13121,0.16183
0.13324,0.1351,0.16317
0.12155,0.14054,0.19796
0.11013,0.1464,0.2339
0.099007,0.15268,0.27079
0.088172,0.15939,0.3085
0.07763,0.16651,0.34689
0.067385,0.17405,0.38592
0.057437,0.18201,0.42549
0.047789,0.19039,0.46561
0.038441,0.19919,0.50615
0.029395,0.20841,0.54716
0.032825,0.1988,0.58771
0.03624,0.18948,0.63037
0.039638,0.18046,0.67485
0.043019,0.17175,0.72113
0.046383,0.16335,0.76894
0.049731,0.15526,0.81831
0.053061,0.14749,0.86897
0.056375,0.14004,0.921
0.059672,0.13291,0.97411
0.062953,0.12612,1.0284
0.058731,0.13603,0.95566
0.054514,0.14669,0.89165
0.050284,0.15808,0.83409
0.046028,0.17018,0.78174
0.041732,0.183,0.73344
0.037388,0.19651,0.68855
0.032986,0.21073,0.64646
0.028518,0.22565,0.60677
0.023977,0.24127,0.5692
0.019357,0.25759,0.53346
0.034889,0.26493,0.54285
0.052243,0.27262,0.55025
0.071429,0.28065,0.556
0.092457,0.28904,0.56026
0.11534,0.29779,0.56329
0.14008,0.30689,0.56521
0.16669,0.31636,0.56619
0.19518,0.32619,0.56631
0.22556,0.33639,0.56569
0.25785,0.34695,0.5644
0.21735,0.27927,0.55316
0.18059,0.21981,0.5445
0.14749,0.1683,0.53783
0.11797,0.12446,0.53273
0.091925,0.088053,0.52893
0.069284,0.058852,0.52614
0.049962,0.036648,0.52417
0.033879,0.021243,0.52279
0.020962,0.012474,0.52179
0.011338,0.0091536,0.52096
0.0087973,0.0094477,0.4493
0.005489,0.015524,0.3862
0.0012781,0.028177,0.32988
-0.0038101,0.047321,0.27904
-0.0097794,0.073028,0.23285
-0.016658,0.10549,0.19074
-0.024491,0.14499,0.1525
-0.033354,0.19184,0.11801
-0.043659,0.24632,0.087372
-0.055573,0.30874,0.06066
-0.056234,0.31622,0.051326
-0.057192,0.32382,0.04407
-0.057219,0.33174,0.038414
-0.056293,0.33999,0.033948
-0.054415,0.34854,0.030444
-0.051583,0.35741,0.027668
-0.047792,0.36657,0.025503
-0.043038,0.37603,0.023809
-0.037315,0.3858,0.02253
-0.030614,0.39585,0.021578
-0.021201,0.39285,0.01502
-0.010909,0.38997,0.0083224
0.00027414,0.38722,0.0023575
0.01236,0.38462,-0.0021971
0.025357,0.38217,-0.0047702
0.039266,0.37988,-0.0056058
0.054034,0.3777,-0.0086172
0.069651,0.37562,-0.014708
0.086112,0.37364,-0.024079
0.10342,0.37176,-0.036902
0.11341,0.3636,-0.0098966
0.1232,0.35551,-0.0042444
0.13331,0.34788,0.014637
0.1438,0.34073,0.050618
0.15464,0.334,0.10135
0.16583,0.32766,0.16513
0.17735,0.32168,0.24064
0.18919,0.31605,0.32691
0.20133,0.31074,0.42304
0.21378,0.30576,0.52841
0.2204,0.28977,0.50385
0.22707,0.27473,0.49032
0.23375,0.26056,0.48417
0.2404,0.24717,0.48331
0.24702,0.2345,0.48617
0.25361,0.22252,0.49185
0.26015,0.21117,0.49958
0.26664,0.20044,0.50894
0.27309,0.19029,0.5195
0.27949,0.1807,0.53108
0.27689,0.17163,0.49825
0.27432,0.16302,0.46959
0.27176,0.15481,0.44405
0.26921,0.14699,0.42101
0.26666,0.13952,0.39997
0.26411,0.13241,0.3806
0.26155,0.12561,0.36261
0.25898,0.11913,0.34582
0.25641,0.11295,0.33008
0.25383,0.10705,0.31527
0.23637,0.11316,0.26456
0.2195,0.12009,0.22284
0.20316,0.12778,0.18797
0.18732,0.1362,0.15847
0.17196,0.14532,0.13328
0.15706,0.15515,0.11159
0.14259,0.16565,0.092864
0.12854,0.17682,0.076601
0.11491,0.18866,0.062483
0.10168,0.20116,0.050206
0.12326,0.20052,0.058447
0.14646,0.20018,0.065225
0.17133,0.20013,0.070522
0.19788,0.20039,0.074351
0.22614,0.20094,0.076824
0.25614,0.20179,0.078039
0.2879,0.20294,0.078149
0.32145,0.20439,0.07727
0.3568,0.20614,0.075552
0.39399,0.20818,0.0731
0.37346,0.20526,0.028815
0.35391,0.20311,0.0043214
0.3352,0.20158,-0.0064659
0.31721,0.20055,-0.0084397
0.29973,0.1998,-0.014598
0.2827,0.19926,-0.026735
0.26611,0.19894,-0.043729
0.24996,0.19883,-0.064795
0.23424,0.19895,-0.089326
0.21894,0.19927,-0.11689
0.21733,0.15644,-0.10656
0.21496,0.12025,-0.098562
0.21186,0.090368,-0.092043
0.20808,0.06651,-0.086525
0.20364,0.048418,-0.08167
0.19858,0.03587,-0.077295
0.1929,0.028676,-0.073256
0.18669,0.026229,-0.069475
0.181,0.021246,-0.065801
0.17616,0.01128,-0.062181
0.17996,0.020022,-0.064628
0.18439,0.025022,-0.067306
0.18939,0.026705,-0.070171
0.19416,0.030393,-0.07325
0.19848,0.037788,-0.076532
0.20233,0.048915,-0.079993
0.2057,0.063819,-0.08361
0.2086,0.082552,-0.087368
0.211,0.10518,-0.091245
0.21292,0.13176,-0.095231
0.19347,0.11972,-0.066193
0.17477,0.10806,-0.045445
0.15688,0.096852,-0.030547
0.13984,0.08613,-0.019898
0.12367,0.075932,-0.01241
0.10841,0.066288,-0.0073125
0.09407,0.057221,-0.004052
0.080676,0.048754,-0.002212
0.068245,0.040906,-0.0014771
0.056804,0.033703,-0.00083767
0.062198,0.043995,0.0014957
0.068023,0.055965,0.0061662
0.074319,0.069657,0.013146
0.081117,0.085117,0.022385
0.08845,0.10239,0.0338
0.096346,0.1215,0.0473
0.10483,0.1425,0.062773
0.11393,0.16541,0.080117
0.12366,0.19026,0.099212
0.13404,0.21709,0.11997
0.1557,0.19552,0.069574
0.17834,0.17555,0.036701
0.20189,0.1572,0.015756
0.22632,0.14051,0.0032605
0.25162,0.12551,-0.0030582
0.27778,0.11222,-0.004803
0.30477,0.10064,-0.0072416
0.33258,0.090777,-0.012561
0.36125,0.082651,-0.020205
0.39081,0.076277,-0.029759
0.36261,0.069964,-0.020057
0.33598,0.064165,-0.014298
0.31083,0.058841,-0.01079
0.2871,0.053951,-0.0085979
0.26472,0.049461,-0.0071962
0.24364,0.045339,-0.0062897
0.22379,0.041557,-0.0057136
0.20511,0.038087,-0.0053798
0.18757,0.034906,-0.0052451
0.17109,0.031994,-0.0052931
0.1592,0.025254,-0.0044336
0.14782,0.020407,-0.0036206
0.13692,0.017329,-0.0028937
0.12649,0.015587,-0.0022815
0.11678,0.012889,-0.0018049
0.10779,0.0088542,-0.0014802
0.099461,0.0035325,-0.0013084
0.091754,-0.0030424,-0.0010738
0.08463,-0.010852,-0.00068677
0.078058,-0.019894,-0.00014563
0.091355,-0.015057,0.0027029
0.10585,-0.010296,0.0076955
0.12155,-0.0056096,0.014821
0.13845,-0.00099981,0.024067
0.15654,0.003534,0.035422
0.17584,0.0079917,0.048874
0.19632,0.012374,0.064411
0.21801,0.01668,0.082025
0.24089,0.020911,0.1017
0.26497,0.025066,0.12344
0.23466,0.022428,0.15847
0.20645,0.019881,0.19317
0.18027,0.017428,0.22724
0.15609,0.015067,0.26056
0.13385,0.0128,0.29305
0.11351,0.010625,0.32475
0.095043,0.0085416,0.35562
0.078409,0.0065484,0.38578
0.063577,0.0046442,0.41515
0.050513,0.0028987,0.44389
0.056301,0.002632,0.43717
0.062748,4.0618e-05,0.43402
0.069846,-0.0049465,0.43356
0.077583,-0.012334,0.43537
0.08595,-0.022128,0.43901
0.094941,-0.034338,0.4443
0.10455,-0.048971,0.45099
0.11477,-0.066038,0.45901
0.1256,-0.085545,0.46821
0.13703,-0.1075,0.47855
0.10897,-0.093529,0.43836
0.084423,-0.081145,0.4005
0.063297,-0.070155,0.36486
0.045519,-0.06039,0.3314
0.031016,-0.051695,0.30002
0.019718,-0.043929,0.27061
0.011557,-0.036968,0.24308
0.0064666,-0.030694,0.21732
0.0043682,-0.025002,0.19326
0.001955,-0.020141,0.1708
0.0018657,-0.007578,0.12511
0.0022703,-0.0013231,0.092062
0.0061197,0.00071516,0.067296
0.012459,0.0070698,0.047404
0.021177,0.019374,0.030499
0.032364,0.037964,0.016471
0.046123,0.063233,0.0062428
0.062554,0.095576,0.00088338
0.081735,0.13538,-0.00046235
0.10368,0.18307,-0.00668
0.084115,0.15683,-0.014381
0.066825,0.13312,-0.025105
0.0517,0.1118,-0.038824
0.038638,0.092726,-0.05547
0.027539,0.075788,-0.074899
0.018309,0.060867,-0.097006
0.010861,0.047853,-0.12164
0.0051192,0.036648,-0.14873
0.0010183,0.027161,-0.17817
-0.0014877,0.019322,-0.20998
-0.0027688,0.021271,-0.15231
-0.0031782,0.023332,-0.10682
-0.0051025,0.025265,-0.071098
-0.008687,0.027083,-0.043554
-0.013919,0.028841,-0.023106
-0.020812,0.03061,-0.0091466
-0.029403,0.032464,-0.001398
-0.039741,0.034472,0.00057689
-0.051847,0.036641,0.005347
-0.06577,0.039004,0.016484
-0.056218,0.029037,0.0094832
-0.047363,0.020465,0.0045827
-0.039224,0.013302,0.0015494
-0.031818,0.0075641,0.00020564
-0.025168,0.003267,-0.00025453
-0.019299,0.00043413,-0.0019579
-0.014234,-0.00092399,-0.004973
-0.0099855,-0.00095148,-0.009231
-0.006379,-0.0018659,-0.014708
-0.0033756,-0.0044028,-0.021421
-0.0036279,-0.0035863,-0.038326
-0.003918,-0.0028447,-0.060865
-0.0042516,-0.0021763,-0.089554
-0.0046321,-0.0015786,-0.12483
-0.0050607,-0.0010492,-0.16697
-0.005538,-0.0005866,-0.21614
-0.0060643,-0.00019027,-0.27232
-0.0066394,0.00013951,-0.33538
-0.0072638,0.00040155,-0.40503
-0.0079373,0.00059418,-0.48098
-0.0047669,0.0016754,-0.49037
-0.0024624,0.0052342,-0.50044
-0.0010329,0.011416,-0.51085
-0.00047761,0.02024,-0.52164
-0.0007998,0.031744,-0.53254
-0.0015806,0.046014,-0.54362
-0.001946,0.063185,-0.55466
-0.0018644,0.083323,-0.56573
-0.0013314,0.1065,-0.57664
-0.00034015,0.13277,-0.58748
-0.00085043,0.12869,-0.49248
-0.0013368,0.12456,-0.41434
-0.0018016,0.1204,-0.34887
-0.0022441,0.11621,-0.29336
-0.0026628,0.11201,-0.24586
-0.0030552,0.10779,-0.20493
-0.003418,0.10358,-0.16958
-0.0037479,0.099364,-0.13897
-0.0040413,0.095164,-0.11251
-0.0042946,0.090983,-0.089683
-0.0063378,0.098281,-0.090437
-0.0075777,0.10591,-0.090702
-0.0083753,0.11384,-0.090553
-0.0099359,0.12197,-0.089988
-0.012361,0.13028,-0.08907
-0.015659,0.13876,-0.087793
-0.019839,0.14742,-0.086213
-0.02491,0.15625,-0.084331
-0.030883,0.16524,-0.082197
-0.037766,0.17439,-0.079819
-0.040046,0.175,-0.089235
-0.042428,0.17562,-0.099712
-0.044915,0.17624,-0.11129
-0.047506,0.17686,-0.12397
-0.050206,0.17747,-0.13777
-0.053014,0.17808,-0.15271
-0.055932,0.17869,-0.1688
-0.058963,0.17929,-0.18604
-0.062108,0.17988,-0.20446
-0.065368,0.18046,-0.22405
-0.064384,0.14187,-0.18587
-0.06382,0.10735,-0.15305
-0.06369,0.077109,-0.12476
-0.064003,0.051319,-0.10039
-0.064767,0.030164,-0.07944
-0.065983,0.013816,-0.061535
-0.067648,0.00243,-0.04637
-0.069751,-0.0038593,-0.033676
-0.072242,-0.0054362,-0.023254
-0.074581,-0.0097353,-0.014869
-0.070099,-0.0051715,-0.014603
-0.065709,-0.0033673,-0.014189
-0.061835,0.0030745,-0.013757
-0.058434,0.014665,-0.013342
-0.055441,0.031427,-0.012974
-0.052817,0.053398,-0.012663
-0.050538,0.08062,-0.012421
-0.048601,0.11314,-0.012245
-0.047013,0.15101,-0.012138
-0.045789,0.19427,-0.012095
-0.041582,0.17767,-0.0099538
-0.037571,0.16182,-0.0079725
-0.033755,0.14673,-0.0061975
-0.030134,0.13238,-0.0046598
-0.02671,0.11879,-0.0033853
-0.023483,0.10594,-0.0023909
-0.020453,0.093824,-0.0016907
-0.017623,0.082453,-0.0012939
-0.014994,0.071822,-0.0010405
-0.012574,0.061935,-0.00050927
-0.011148,0.052778,0.00079778
-0.0098855,0.044577,0.0025644
-0.0087705,0.037266,0.0046168
-0.0077875,0.030781,0.006829
-0.0069232,0.025068,0.009106
-0.0061657,0.020071,0.011379
-0.005504,0.015742,0.013597
-0.0049281,0.012034,0.015724
-0.0044289,0.0089037,0.017734
-0.003998,0.0063115,0.019613
-0.0088579,0.010408,0.010425
-0.015828,0.015641,0.0037431
-0.02493,0.022017,-3.1851e-05
-0.036175,0.029536,-0.0011812
-0.049517,0.038123,-0.0052011
-0.064949,0.047764,-0.013499
-0.082474,0.058465,-0.026257
-0.10209,0.070234,-0.0435
-0.1238,0.083085,-0.065113
-0.1476,0.097031,-0.09088
-0.11607,0.096312,-0.078782
-0.088583,0.094567,-0.067974
-0.065062,0.091872,-0.058237
-0.045426,0.088312,-0.049442
-0.029599,0.083975,-0.041489
-0.017508,0.078958,-0.034321
-0.0090825,0.073371,-0.02789
-0.0042612,0.067333,-0.022171
-0.0028107,0.060989,-0.017144
3.5153e-05,0.05472,-0.012761
-0.00015487,0.063657,-0.012038
-0.00033753,0.073303,-0.011334
-0.00050985,0.083662,-0.010633
-0.00066846,0.094741,-0.0099273
-0.00081007,0.10654,-0.0092118
-0.00093096,0.11908,-0.0084864
-0.0010276,0.13234,-0.007756
-0.0010961,0.14634,-0.0070287
-0.0011328,0.16109,-0.0063172
-0.0011335,0.17658,-0.0056365
-0.0041977,0.16287,-0.012566
-0.0057743,0.15034,-0.023277
-0.0059042,0.13881,-0.037712
-0.0059441,0.12804,-0.055822
-0.0074239,0.11784,-0.077561
-0.010331,0.10809,-0.10288
-0.014665,0.098683,-0.13172
-0.020436,0.08955,-0.16404
-0.027665,0.080638,-0.19976
-0.03638,0.071914,-0.23886
-0.034168,0.070037,-0.26307
-0.03203,0.068206,-0.28722
-0.029965,0.066421,-0.3112
-0.027975,0.064682,-0.33503
-0.02606,0.062989,-0.35864
-0.024221,0.061341,-0.38206
-0.022458,0.059738,-0.40521
-0.020772,0.058181,-0.42816
-0.019163,0.05667,-0.4508
-0.017632,0.055204,-0.47322
-0.014874,0.057201,-0.46346
-0.012391,0.059088,-0.45482
-0.010182,0.060872,-0.44697
-0.0082444,0.062558,-0.43981
-0.0065781,0.06415,-0.43312
-0.0051812,0.065654,-0.42684
-0.0040523,0.067074,-0.42083
-0.0031901,0.068411,-0.41507
-0.0025933,0.069671,-0.40944
-0.0022606,0.070856,-0.40394
-0.00239,0.078409,-0.42015
-0.0024704,0.08649,-0.43752
-0.0021431,0.095144,-0.45595
-0.0013991,0.1044,-0.4754
-0.0002288,0.11428,-0.4958
0.001378,0.12481,-0.5171
0.0034317,0.13601,-0.53923
0.0059431,0.14791,-0.56216
0.0089233,0.16051,-0.58581
0.012384,0.17382,-0.61016
0.0057326,0.20122,-0.68405
4.2983e-05,0.23066,-0.75761
-0.004683,0.26213,-0.83037
-0.0084431,0.29565,-0.90223
-0.011236,0.33122,-0.97291
-0.01306,0.36883,-1.0426
-0.014887,0.40848,-1.111
-0.017766,0.45015,-1.1785
-0.021689,0.49385,-1.2448
-0.02665,0.5396,-1.3103
-0.021335,0.48835,-1.0173
-0.017014,0.44083,-0.79466
-0.013593,0.39678,-0.61853
-0.011011,0.35595,-0.47634
-0.0092255,0.31812,-0.36055
-0.0076029,0.28313,-0.26601
-0.0055362,0.25081,-0.18951
-0.0030298,0.221,-0.12836
-9.0871e-05,0.19356,-0.080837
0.0032761,0.16837,-0.045336
0.0021002,0.18845,-0.074446
0.00085423,0.21028,-0.10932
-0.00045173,0.23393,-0.1492
-0.0018044,0.25948,-0.19315
-0.0031911,0.28698,-0.24047
-0.0045969,0.31646,-0.29038
-0.0060092,0.34796,-0.34235
-0.0074137,0.38149,-0.39585
-0.0087991,0.41705,-0.45056
-0.010153,0.45464,-0.5062
-0.0067785,0.43355,-0.37762
-0.0026709,0.41393,-0.27901
0.0021639,0.3956,-0.20207
0.0077149,0.37838,-0.14174
0.013967,0.36214,-0.09476
0.020909,0.34677,-0.058915
0.028529,0.33215,-0.032699
0.036821,0.31821,-0.014971
0.045783,0.30485,-0.0049313
0.055416,0.29201,-0.0019234
0.057862,0.2905,-0.0023406
0.06035,0.28875,-0.003716
0.06288,0.28676,-0.0060642
0.065451,0.28454,-0.0093837
0.068063,0.2821,-0.013698
0.070716,0.27945,-0.01902
0.073409,0.27659,-0.025386
0.076142,0.27354,-0.032816
0.078914,0.27029,-0.041352
0.081725,0.26687,-0.051019
0.08383,0.28481,-0.020789
0.085866,0.30328,-0.0056655
0.087857,0.32227,-0.0023669
0.08992,0.34188,0.0056771
0.092091,0.36211,0.023184
0.094365,0.38295,0.049069
0.096737,0.40439,0.082448
0.099204,0.42644,0.12262
0.10176,0.44908,0.16895
0.10441,0.47233,0.22096
0.1077,0.47363,0.10684
0.11141,0.47599,0.04018
0.11543,0.47913,0.0058398
0.1197,0.48285,-0.0049726
0.12408,0.48691,-0.012583
0.12845,0.49109,-0.034623
0.13281,0.49536,-0.06871
0.13717,0.4997,-0.11315
0.14156,0.50409,-0.1667
0.14598,0.50852,-0.22844
0.10555,0.50491,-0.20516
0.071878,0.50091,-0.18853
0.044765,0.4966,-0.176
0.024042,0.49201,-0.16613
0.0095561,0.4872,-0.15799
0.0011826,0.48218,-0.15104
-0.0012087,0.477,-0.14488
-0.0043177,0.47168,-0.13924
-0.013306,0.46626,-0.1339
-0.028135,0.46077,-0.12877
-0.023411,0.45121,-0.13193
-0.019175,0.44144,-0.13447
-0.015408,0.43148,-0.13648
-0.012086,0.42134,-0.13805
-0.0091909,0.41105,-0.13922
-0.0067012,0.40062,-0.14007
-0.0045992,0.39006,-0.14062
-0.0028656,0.37941,-0.1409
-0.001484,0.36867,-0.14094
-0.00043648,0.35787,-0.14077
0.00056952,0.34038,-0.15513
0.0013301,0.32357,-0.16981
0.0039544,0.30738,-0.1848
0.0084545,0.29173,-0.20012
0.014833,0.27661,-0.21573
0.023093,0.26195,-0.23165
0.033239,0.24774,-0.24781
0.045274,0.23392,-0.26424
0.059201,0.22049,-0.28086
0.075026,0.2074,-0.29769
0.065064,0.20737,-0.24694
0.05559,0.20674,-0.20431
0.046683,0.20558,-0.16809
0.038416,0.20394,-0.13715
0.030855,0.20185,-0.11066
0.024061,0.19935,-0.087989
0.018093,0.19648,-0.068685
0.013003,0.19326,-0.052381
0.0088436,0.18973,-0.038809
0.005661,0.18591,-0.027737
0.0071059,0.2185,-0.025067
0.0087103,0.25359,-0.022866
0.010475,0.29118,-0.021155
0.012403,0.33125,-0.019918
0.014496,0.3738,-0.019147
0.016755,0.41881,-0.018813
0.019184,0.4663,-0.018894
0.021785,0.51625,-0.01936
0.024561,0.56867,-0.020189
0.027515,0.62357,-0.021357
0.037742,0.61387,-0.0299
0.050233,0.60378,-0.043034
0.064995,0.59337,-0.059173
0.082033,0.58268,-0.077393
0.10135,0.57176,-0.097158
0.12296,0.56063,-0.11814
0.14686,0.54929,-0.14015
0.17306,0.53778,-0.16306
0.20157,0.52609,-0.18676
0.2324,0.51424,-0.2112
0.21254,0.45575,-0.15005
0.19302,0.40296,-0.10609
0.17398,0.35537,-0.073727
0.15551,0.31251,-0.049769
0.13771,0.27393,-0.032281
0.12066,0.23924,-0.02001
0.10443,0.2081,-0.012105
0.089112,0.18016,-0.0079514
0.074769,0.15518,-0.0061946
0.061496,0.13307,-0.0023076
0.072733,0.13143,-0.0041834
0.084924,0.12972,-0.0053874
0.098057,0.12793,-0.0058612
0.11212,0.12604,-0.0062377
0.12709,0.12399,-0.0074313
0.14296,0.1218,-0.0094885
0.15972,0.11944,-0.012452
0.17737,0.11694,-0.016359
0.19588,0.11428,-0.021248
0.21525,0.11147,-0.027155
0.20867,0.11579,-0.036596
0.20227,0.1201,-0.045583
0.19603,0.12443,-0.053758
0.18997,0.12879,-0.06095
0.18407,0.13316,-0.067106
0.17834,0.13756,-0.072242
0.17277,0.14197,-0.076407
0.16737,0.14638,-0.079674
0.16211,0.15079,-0.082114
0.15701,0.15519,-0.083806
0.13001,0.17748,-0.1068
0.10585,0.20083,-0.13094
0.08452,0.22531,-0.156
0.066018,0.25099,-0.18182
0.050345,0.27796,-0.20825
0.037507,0.30629,-0.23518
0.027519,0.33605,-0.26248
0.020397,0.36732,-0.29006
0.016161,0.40016,-0.31777
0.014834,0.43464,-0.34555
0.017418,0.44859,-0.23858
0.021456,0.46139,-0.16326
0.026978,0.47342,-0.10979
0.034006,0.48492,-0.07224
0.042551,0.49604,-0.046761
0.052627,0.50686,-0.030781
0.064241,0.51747,-0.022518
0.077406,0.52792,-0.020554
0.092149,0.53849,-0.01729
0.10849,0.5493,-0.009249
0.10115,0.52994,-0.011969
0.093856,0.51145,-0.013183
0.086649,0.49375,-0.013577
0.079568,0.4768,-0.013509
0.07265,0.46052,-0.013181
0.065935,0.44489,-0.012703
0.059458,0.42986,-0.012142
0.053259,0.4154,-0.011535
0.047371,0.40148,-0.010907
0.041833,0.38806,-0.010271
0.043023,0.33002,-0.0054675
0.044732,0.27786,-0.00060894
0.046958,0.23117,0.0040862
0.049699,0.1896,0.0085128
0.052953,0.15282,0.012616
0.056719,0.12052,0.016379
0.060993,0.09244,0.019799
0.065773,0.068322,0.022889
0.071053,0.047945,0.025664
0.076826,0.031113,0.028151
0.077803,0.027858,0.018802
0.078853,0.024817,0.011928
0.079967,0.02197,0.0069778
0.081138,0.0193,0.0035417
0.08236,0.016796,0.0013051
0.08363,0.014447,2.5867e-05
0.084942,0.012247,-0.00048608
0.086293,0.010184,-0.0005792
0.087677,0.0082372,-0.0010873
0.089093,0.0064074,-0.0020054
0.09435,0.0088372,-0.0050195
0.099902,0.011537,-0.0094989
0.10577,0.014509,-0.015409
0.11196,0.017757,-0.022717
0.11851,0.021281,-0.031386
0.1254,0.025086,-0.041384
0.13267,0.029174,-0.052674
0.14033,0.033548,-0.065226
0.14837,0.038213,-0.078999
0.15682,0.043172,-0.093966
0.15464,0.048315,-0.088257
0.15252,0.053683,-0.084455
0.15048,0.059287,-0.082159
0.14849,0.065134,-0.081106
0.14656,0.071232,-0.081087
0.14468,0.077585,-0.08196
0.14284,0.084198,-0.083609
0.14104,0.091076,-0.085957
0.13928,0.098223,-0.088937
0.13756,0.10564,-0.092507
0.14468,0.089304,-0.058729
0.15185,0.074214,-0.033725
0.1591,0.06035,-0.016298
0.16644,0.04769,-0.0055727
0.1739,0.036216,-0.00089233
0.18151,0.025914,0.00059672
0.18933,0.016768,0.0065917
0.19739,0.008741,0.017393
0.20573,0.0018065,0.032758
0.21436,-0.0040598,0.052496
0.22872,-0.0064498,0.037597
0.24361,-0.0087509,0.025914
0.25902,-0.010968,0.016868
0.27497,-0.013107,0.010022
0.29146,-0.015173,0.0050224
0.30849,-0.017173,0.0015934
0.32608,-0.01911,-0.00048917
0.34423,-0.02099,-0.0014041
0.36293,-0.022811,-0.0018284
0.38219,-0.024562,-0.0031087
0.36061,-0.022599,-0.0018568
0.33947,-0.020342,-0.0015374
0.31878,-0.017815,-0.00097974
0.29857,-0.015035,7.2171e-05
0.27887,-0.01201,0.0014878
0.25969,-0.0087472,0.0031781
0.24107,-0.0052548,0.0050813
0.22301,-0.0015405,0.0071533
0.20556,0.0023894,0.0093618
0.18871,0.0065281,0.011683
0.1821,0.0048689,0.02139
0.17579,0.0031491,0.033244
0.16974,0.0013943,0.046979
0.16393,-0.00037236,0.062392
0.15835,-0.0021293,0.079319
0.15297,-0.0038566,0.097638
0.14779,-0.0055358,0.11724
0.14278,-0.0071475,0.13803
0.13793,-0.0086756,0.15995
0.13323,-0.010099,0.18293
0.15463,-0.0063116,0.14739
0.1778,-0.0010181,0.11707
0.20276,0.0057984,0.091247
0.22954,0.014158,0.069419
0.25814,0.024082,0.051171
0.28859,0.035587,0.036167
0.32091,0.048693,0.024107
0.35509,0.063415,0.014721
0.39117,0.07977,0.0077684
0.42915,0.09777,0.0030275
0.40128,0.078625,0.00044045
0.37471,0.061609,-0.00097713
0.34941,0.046603,-0.0015179
0.32531,0.033511,-0.0019992
0.30237,0.022239,-0.0029069
0.28055,0.012689,-0.0041318
0.25982,0.0047725,-0.0055875
0.24013,-0.0015925,-0.0072103
0.22146,-0.0064805,-0.0089462
0.20378,-0.0099606,-0.010757
0.20746,-0.0053856,-0.0040202
0.21127,0.0007396,-0.0018932
0.21525,0.0083365,9.6269e-05
0.21947,0.017351,0.0056627
0.22394,0.027811,0.014435
0.22866,0.039743,0.026109
0.23365,0.053174,0.040435
0.23892,0.06813,0.057203
0.24448,0.084636,0.076235
0.25033,0.10271,0.097384
0.26638,0.081954,0.086332
0.28302,0.062912,0.077035
0.30026,0.045522,0.06906
0.31813,0.02973,0.062115
0.33665,0.015491,0.055974
0.35583,0.0027657,0.05048
0.37571,-0.008476,0.045506
0.39631,-0.01826,0.040963
0.41765,-0.026605,0.036777
0.43976,-0.033529,0.032891
0.46441,-0.036016,0.01415
0.48983,-0.038652,0.0019145
0.51601,-0.041414,-0.0052652
0.54294,-0.044289,-0.0084531
0.57058,-0.047253,-0.0099335
0.59887,-0.050282,-0.013841
0.62781,-0.053379,-0.019965
0.65741,-0.056552,-0.027959
0.68766,-0.059805,-0.037541
0.71859,-0.063142,-0.048487
0.74735,-0.066553,-0.08829
0.77653,-0.070017,-0.13956
0.80615,-0.073554,-0.20096
0.83622,-0.077178,-0.27149
0.86675,-0.0809,-0.3503
0.89772,-0.084726,-0.43677
0.92914,-0.088662,-0.53019
0.961,-0.092708,-0.63012
0.9933,-0.096864,-0.73582
1.026,-0.10112,-0.84698
0.88736,-0.087382,-0.56284
0.76056,-0.074678,-0.38158
0.64544,-0.062941,-0.25768
0.54156,-0.052103,-0.17021
0.44843,-0.042103,-0.10787
0.36553,-0.032881,-0.063997
0.29239,-0.024379,-0.034287
0.22854,-0.01654,-0.015724
0.17351,-0.009305,-0.0061271
0.12689,-0.0026145,-0.0031746
0.13577,-0.0028523,-0.0025341
0.1449,-0.0030868,-0.0011556
0.15427,-0.0033169,0.0010502
0.16389,-0.0035423,0.0041821
0.17374,-0.003762,0.0083202
0.18384,-0.0039761,0.013557
0.19417,-0.0041839,0.019958
0.20476,-0.0043855,0.027604
0.21558,-0.0045806,0.036543
0.22665,-0.0047696,0.046843
0.24973,-0.0054694,0.029933
0.27425,-0.0062,0.016244
0.30023,-0.006962,0.0053613
0.3277,-0.0077573,-0.0030417
0.35667,-0.008587,-0.0092611
0.38717,-0.0094538,-0.013541
0.4192,-0.010359,-0.016092
0.45275,-0.011308,-0.018255
0.48775,-0.0123,-0.021984
0.52421,-0.013341,-0.027196
0.48333,-0.008197,-0.044074
0.44417,-0.0034018,-0.070166
0.40666,0.0010707,-0.10366
0.37075,0.0052415,-0.14339
0.33638,0.0091315,-0.1886
0.30348,0.012758,-0.23876
0.272,0.016141,-0.29345
0.24188,0.019293,-0.35241
0.21307,0.022232,-0.41535
0.18553,0.024969,-0.48212
0.16056,0.0431,-0.3494
0.13699,0.062254,-0.2502
0.11529,0.08231,-0.17476
0.095758,0.1032,-0.11724
0.078612,0.12488,-0.073815
0.064002,0.14739,-0.041976
0.052042,0.17078,-0.020029
0.042813,0.19515,-0.0068097
0.036376,0.22062,-0.0015349
0.033014,0.24732,0.001193
0.036374,0.23892,0.00071663
0.041197,0.23085,0.00032795
0.047471,0.22304,-1.5469e-05
0.055188,0.21539,-0.00033359
0.06434,0.20787,-0.00063968
0.074926,0.2004,-0.00093449
0.086941,0.19294,-0.0012203
0.10039,0.18545,-0.0014926
0.11526,0.17791,-0.0017507
0.13157,0.17027,-0.0019871
0.13123,0.15977,-0.0017019
0.13095,0.14963,-0.0015623
0.13074,0.13984,-0.0015538
0.13058,0.13041,-0.0016554
0.13047,0.12131,-0.0018502
0.13043,0.11255,-0.0021171
0.13045,0.10411,-0.0024404
0.13052,0.095996,-0.0028011
0.13066,0.08819,-0.0031849
0.13086,0.080691,-0.0035753
0.12369,0.073184,-0.0036247
0.11688,0.065899,-0.0036045
0.11041,0.058857,-0.0035379
0.10428,0.052078,-0.0034394
0.098467,0.045582,-0.0033203
0.092967,0.039388,-0.0031875
0.087766,0.033515,-0.0030468
0.082856,0.027983,-0.0029014
0.078226,0.022809,-0.0027541
0.073869,0.018011,-0.0026064
0.091896,0.022032,-0.0032796
0.1123,0.026549,-0.0040179
0.13519,0.03158,-0.0048141
0.16065,0.037139,-0.0056612
0.18878,0.043236,-0.0065544
0.21965,0.049883,-0.0074874
0.25336,0.057087,-0.0084554
0.28998,0.064852,-0.0094509
0.32958,0.073182,-0.010467
0.37222,0.082077,-0.011493
0.35782,0.095125,-0.007426
0.34419,0.10856,-0.00016613
0.33125,0.12238,0.0093973
0.31895,0.13659,0.020695
0.30723,0.15119,0.033349
0.29605,0.16619,0.047111
0.28539,0.18159,0.061803
0.27522,0.19739,0.077307
0.26551,0.21358,0.093522
0.25625,0.23019,0.11039
0.25633,0.22533,0.04446
0.25671,0.22083,0.0087499
0.25726,0.2166,-0.00539
0.25779,0.21254,-0.008932
0.258,0.20847,-0.023036
0.25795,0.20438,-0.047274
0.25775,0.20026,-0.079921
0.25744,0.19613,-0.11972
0.25709,0.19198,-0.16572
0.25674,0.18781,-0.21718
0.27015,0.2041,-0.2534
0.28403,0.22096,-0.29423
0.29839,0.23838,-0.33954
0.31324,0.25639,-0.38928
0.32861,0.27497,-0.44319
0.34451,0.29416,-0.50114
0.36094,0.31396,-0.56273
0.37792,0.33438,-0.62783
0.39547,0.35546,-0.69596
0.41358,0.37721,-0.76701
0.38147,0.304,-0.57442
0.35223,0.23845,-0.43717
0.32569,0.18048,-0.33398
0.30172,0.12993,-0.254
0.28017,0.086648,-0.19082
0.2609,0.050482,-0.14051
0.24378,0.021279,-0.10046
0.22868,-0.001103,-0.068791
0.21549,-0.016793,-0.044193
0.20406,-0.025904,-0.025616
0.18693,-0.020287,-0.024038
0.17066,-0.01384,-0.022668
0.15527,-0.0065362,-0.021516
0.14078,0.0016462,-0.020547
0.12722,0.010726,-0.01976
0.11459,0.020717,-0.019123
0.10291,0.03163,-0.01863
0.092205,0.04347,-0.018251
0.082478,0.056237,-0.017983
0.073741,0.069927,-0.017799
0.076079,0.064064,-0.020716
0.078475,0.058293,-0.023474
0.08093,0.052628,-0.026061
0.083443,0.047081,-0.028465
0.086017,0.041664,-0.030692
0.088651,0.036389,-0.032741
0.09135,0.031267,-0.034627
0.094113,0.026308,-0.036354
0.096944,0.021524,-0.03794
0.099845,0.016924,-0.03939
0.10978,0.032515,-0.045651
0.12062,0.051926,-0.052096
0.13237,0.075312,-0.058579
0.14507,0.10282,-0.064937
0.15875,0.1346,-0.071019
0.17342,0.17077,-0.076687
0.18912,0.21145,-0.081833
0.20586,0.25674,-0.086382
0.22366,0.30672,-0.090287
0.24254,0.36147,-0.093534
0.25016,0.37099,-0.087742
0.25792,0.38057,-0.084496
0.26581,0.39023,-0.08309
0.27383,0.39996,-0.083052
0.28197,0.40978,-0.084049
0.29024,0.41968,-0.085852
0.29863,0.42967,-0.088285
0.30714,0.43975,-0.091226
0.31576,0.44991,-0.09458
0.3245,0.46015,-0.098283
0.28718,0.46611,-0.069401
0.2532,0.47072,-0.04861
0.22246,0.47407,-0.0335
0.19486,0.47625,-0.022589
0.17029,0.47735,-0.014919
0.1487,0.47741,-0.0098396
0.12999,0.47651,-0.0068954
0.11413,0.47468,-0.0057524
0.10103,0.47201,-0.0053716
0.090658,0.46855,-0.0036958
0.093986,0.44094,-0.0052069
0.099213,0.41443,-0.0052677
0.10632,0.38886,-0.005872
0.11528,0.36413,-0.0073084
0.12607,0.34013,-0.0093967
0.13869,0.3168,-0.012022
0.15311,0.29405,-0.015113
0.16933,0.27182,-0.01862
0.18734,0.25006,-0.022513
0.20714,0.22871,-0.026767
0.19578,0.22711,-0.010972
0.18483,0.22559,-0.004119
0.17427,0.22418,-0.0025183
0.16412,0.22298,0.0037585
0.15439,0.22197,0.015231
0.14508,0.22114,0.031301
0.13619,0.22046,0.051527
0.12772,0.21991,0.075579
0.11968,0.21947,0.10319
0.11207,0.21912,0.13416
0.10337,0.23939,0.11042
0.095952,0.26027,0.089962
0.089784,0.28176,0.072204
0.084846,0.30384,0.056761
0.081128,0.32651,0.043326
0.078624,0.34978,0.031688
0.077334,0.37363,0.02168
0.077262,0.39808,0.013181
0.078416,0.42311,0.0060993
0.080807,0.44872,0.00036602
0.074876,0.38517,0.0019741
0.073356,0.32615,0.0032254
0.076008,0.27154,0.0041738
0.082634,0.22122,0.0048592
0.093076,0.17509,0.0053164
0.10722,0.13306,0.0055703
0.12502,0.095013,0.0056424
0.14645,0.060879,0.0055476
0.17158,0.030577,0.0052979
0.2005,0.0040468,0.0049002
0.20544,0.018843,0.0038638
0.21103,0.036191,0.0030899
0.21733,0.056119,0.0025179
0.22434,0.078659,0.0021097
0.23209,0.10384,0.0018456
0.24061,0.1317,0.0017156
0.2499,0.16226,0.0017198
0.25998,0.19555,0.0018616
0.27087,0.2316,0.0021499
0.28256,0.27044,0.002594
0.26636,0.24217,-0.0015202
0.25089,0.21566,-0.0041126
0.23613,0.19085,-0.0054835
0.22205,0.16768,-0.0058563
0.20863,0.1461,-0.0055139
0.19584,0.12605,-0.0056293
0.18365,0.10748,-0.0063931
0.17204,0.09035,-0.0077186
0.161,0.074635,-0.009533
0.15052,0.0603,-0.011776
0.15182,0.056123,-0.010911
0.15315,0.05213,-0.010322
0.15451,0.048313,-0.0099461
0.1559,0.044659,-0.0097381
0.15732,0.041159,-0.009667
0.15877,0.037804,-0.009711
0.16024,0.034585,-0.0098542
0.16174,0.031495,-0.010085
0.16327,0.028526,-0.010395
0.16482,0.025672,-0.010777
0.15691,0.021438,-0.0048286
0.14931,0.017371,-0.0024056
0.14202,0.013527,-0.0011155
0.1351,0.0099956,0.0030927
0.1285,0.0067806,0.010158
0.12223,0.0038834,0.019957
0.11625,0.0013059,0.032391
0.11056,-0.00095046,0.047386
0.10513,-0.0028838,0.064881
0.099954,-0.0044929,0.084834
0.11876,-0.0021511,0.063196
0.13963,0.0014252,0.044706
0.16266,0.0063635,0.029271
0.18797,0.012798,0.016815
0.21564,0.020864,0.0072535
0.24577,0.030696,0.00049751
0.27846,0.04242,-0.0035499
0.31378,0.056151,-0.0051089
0.35177,0.071927,-0.0076905
0.39248,0.089812,-0.012816
0.3664,0.08155,-0.0092611
0.34072,0.073814,-0.0070084
0.31551,0.066592,-0.0055948
0.29084,0.059865,-0.0047405
0.26675,0.053617,-0.004232
0.24331,0.047836,-0.0036257
0.22058,0.042502,-0.002875
0.19861,0.037594,-0.002034
0.17745,0.033093,-0.0011367
0.15716,0.028978,-0.00021101
0.18029,0.052121,0.012733
0.20579,0.080345,0.037512
0.23372,0.1137,0.073316
0.26409,0.15222,0.1191
0.29691,0.19594,0.17367
0.3322,0.24487,0.23588
0.36997,0.29901,0.3046
0.41021,0.35839,0.37896
0.45293,0.423,0.45811
0.49813,0.49285,0.54146
0.45274,0.42552,0.53552
0.4103,0.36419,0.5401
0.37063,0.30847,0.55036
0.33359,0.25807,0.56397
0.29906,0.2127,0.57932
0.26696,0.17217,0.59576
0.23719,0.13627,0.61263
0.20968,0.10483,0.62978
0.18436,0.077697,0.64687
0.16118,0.054735,0.66391
0.20262,0.05741,0.70405
0.24924,0.059549,0.74409
0.3011,0.061125,0.78383
0.35826,0.062114,0.82333
0.42077,0.062495,0.86235
0.48868,0.062252,0.90099
0.56204,0.061374,0.93896
0.64088,0.059849,0.97634
0.72524,0.057673,1.0128
0.81514,0.054843,1.0485
0.7404,0.026654,0.8763
0.67064,0.0034533,0.7401
0.60548,-0.015335,0.62752
0.54465,-0.030155,0.53209
0.48792,-0.041363,0.44996
0.43512,-0.04927,0.37858
0.3861,-0.054142,0.31635
0.34072,-0.056222,0.26192
0.29886,-0.055727,0.21446
0.26042,-0.05286,0.17309
0.28333,-0.055795,0.18933
0.30753,-0.058359,0.20448
0.33303,-0.060544,0.21857
0.35986,-0.062347,0.23149
0.38801,-0.06376,0.24336
0.41749,-0.064781,0.25413
0.44833,-0.065404,0.26394
0.48052,-0.065628,0.27279
0.51407,-0.06545,0.28081
0.54899,-0.06487,0.28802
0.55724,-0.058446,0.26675
0.56568,-0.051507,0.24997
0.57428,-0.044078,0.23649
0.58303,-0.036181,0.22542
0.59192,-0.027833,0.21622
0.60095,-0.019053,0.20842
0.6101,-0.0098567,0.20176
0.61937,-0.00026003,0.19598
0.62875,0.0097234,0.19097
0.63824,0.020078,0.18657
0.68387,0.0039721,0.20918
0.73119,-0.012518,0.22753
0.78019,-0.029398,0.24227
0.83089,-0.046678,0.25398
0.88331,-0.064361,0.26321
0.93745,-0.082454,0.2704
0.99332,-0.10096,0.27588
1.0509,-0.11988,0.2799
1.1103,-0.13923,0.28265
1.1714,-0.15899,0.28426
1.1439,-0.16598,0.21724
1.1174,-0.17167,0.17007
1.0916,-0.17621,0.13484
1.0664,-0.17973,0.10734
1.0417,-0.18236,0.085218
1.0175,-0.1842,0.067013
0.99366,-0.18533,0.051843
0.97026,-0.18583,0.039066
0.94724,-0.18578,0.028272
0.92457,-0.18524,0.019109
0.85351,-0.18423,0.025641
0.78819,-0.17938,0.030738
0.72814,-0.17096,0.034951
0.67288,-0.15951,0.038603
0.62076,-0.15062,0.041891
0.57101,-0.14614,0.044917
0.52342,-0.14583,0.04778
0.47778,-0.14946,0.050514
0.4339,-0.15686,0.053162
0.39161,-0.16785,0.055726
0.39357,-0.16725,0.064945
0.3955,-0.16668,0.074686
0.3974,-0.16612,0.084964
0.39927,-0.16559,0.095776
0.40112,-0.16508,0.10713
0.40293,-0.1646,0.11903
0.40473,-0.16415,0.13148
0.4065,-0.16372,0.14448
0.40826,-0.16332,0.15802
0.40999,-0.16294,0.17213
0.43025,-0.15096,0.18188
0.45014,-0.14184,0.19
0.46968,-0.13551,0.19671
0.48887,-0.1319,0.20223
0.50774,-0.13096,0.20672
0.52627,-0.13262,0.2103
0.54452,-0.13664,0.21306
0.56336,-0.13947,0.21515
0.58306,-0.13992,0.21662
0.60362,-0.13804,0.21754
0.55507,-0.13217,0.14715
0.50948,-0.1248,0.09532
0.4666,-0.11599,0.056801
0.4262,-0.10619,0.028407
0.38747,-0.098294,0.0080538
0.35027,-0.092746,-0.0056445
0.31458,-0.089429,-0.013642
0.28042,-0.088247,-0.016643
0.24773,-0.089083,-0.016275
0.2162,-0.091678,-0.019077
0.21694,-0.09883,-0.018713
0.21753,-0.1065,-0.018546
0.21795,-0.11469,-0.018523
0.21821,-0.12341,-0.018608
0.2183,-0.13264,-0.018773
0.21824,-0.14239,-0.018997
0.21802,-0.15265,-0.019267
0.21764,-0.16343,-0.019572
0.2171,-0.17472,-0.019902
0.2164,-0.18653,-0.020249
0.25381,-0.21891,-0.022288
0.29503,-0.25441,-0.025673
0.34031,-0.29314,-0.028911
0.38979,-0.33516,-0.031712
0.4436,-0.3805,-0.034217
0.50184,-0.42918,-0.036529
0.56459,-0.48123,-0.038733
0.63195,-0.53664,-0.04087
0.70396,-0.5954,-0.042989
0.78068,-0.65749,-0.045123
0.69879,-0.6261,-0.04177
0.62215,-0.59594,-0.036381
0.5505,-0.56693,-0.029877
0.48367,-0.53903,-0.022643
0.42148,-0.51221,-0.014838
0.36377,-0.48645,-0.0065151
0.31041,-0.46171,0.0023189
0.26128,-0.43798,0.011688
0.21624,-0.41525,0.021622
0.1752,-0.39349,0.032165
0.20223,-0.34851,0.0015755
0.22953,-0.30884,-0.016091
0.25704,-0.27406,-0.022873
0.28433,-0.24365,-0.027075
0.31078,-0.21706,-0.03986
0.33645,-0.19412,-0.060691
0.36141,-0.17471,-0.08905
0.3857,-0.15871,-0.12454
0.40935,-0.14607,-0.16682
0.43236,-0.13674,-0.21564
0.42039,-0.13526,-0.17201
0.40812,-0.13359,-0.13887
0.39573,-0.13182,-0.11304
0.38332,-0.13,-0.092507
0.37097,-0.12816,-0.075946
0.35873,-0.12633,-0.062458
0.34662,-0.12453,-0.051412
0.33466,-0.12276,-0.042358
0.32287,-0.12103,-0.03497
0.31125,-0.11935,-0.028997
0.32805,-0.13033,-0.033799
0.34509,-0.14188,-0.038679
0.36239,-0.15399,-0.043519
0.37996,-0.16667,-0.048242
0.39779,-0.17991,-0.052806
0.41591,-0.19372,-0.057189
0.4343,-0.20809,-0.061389
0.45299,-0.22302,-0.065409
0.47196,-0.23852,-0.06926
0.49124,-0.25458,-0.072951
0.48699,-0.26459,-0.071569
0.48261,-0.27481,-0.070282
0.4781,-0.28525,-0.069053
0.47346,-0.29586,-0.067857
0.46872,-0.30665,-0.066677
0.46386,-0.31759,-0.065497
0.4589,-0.32867,-0.064312
0.45384,-0.33987,-0.063112
0.44869,-0.35117,-0.061897
0.44344,-0.36257,-0.060662
0.44157,-0.38003,-0.07351
0.43947,-0.39799,-0.088069
0.43716,-0.41646,-0.10431
0.43464,-0.43543,-0.1222
0.43191,-0.45489,-0.14173
0.42898,-0.47485,-0.16287
0.42583,-0.49528,-0.18561
0.42249,-0.5162,-0.20994
0.41895,-0.53758,-0.23584
0.4152,-0.55944,-0.26329
0.44939,-0.54494,-0.21961
0.48344,-0.53184,-0.1813
0.5174,-0.52005,-0.14766
0.55134,-0.50945,-0.11833
0.58531,-0.49998,-0.09304
0.61934,-0.49156,-0.071632
0.65347,-0.48412,-0.054004
0.68775,-0.4776,-0.04008
0.72219,-0.47196,-0.029812
0.75683,-0.46714,-0.023158
0.76228,-0.45534,-0.02714
0.76748,-0.44386,-0.032887
0.77244,-0.43271,-0.040226
0.77716,-0.42188,-0.049063
0.78165,-0.41136,-0.059353
0.78592,-0.40116,-0.071063
0.78998,-0.39127,-0.084172
0.79382,-0.38169,-0.098674
0.79746,-0.37242,-0.11455
0.8009,-0.36344,-0.13179
0.84124,-0.36267,-0.089811
0.88242,-0.36301,-0.059585
0.92447,-0.3644,-0.03828
0.96738,-0.36681,-0.0242
1.0112,-0.3702,-0.016244
1.0559,-0.37455,-0.013749
1.1015,-0.37989,-0.012109
1.1481,-0.38624,-0.0061861
1.1957,-0.39359,0.0037905
1.2443,-0.40191,0.017572
1.166,-0.37841,0.02748
1.0898,-0.35532,0.037711
1.0157,-0.33267,0.048207
0.94387,-0.31052,0.058913
0.87428,-0.2889,0.069785
0.807,-0.26785,0.080792
0.74211,-0.24739,0.091898
0.67964,-0.22757,0.10309
0.61965,-0.20842,0.11433
0.5622,-0.18996,0.12563
0.51306,-0.17672,0.15383
0.46648,-0.16414,0.17756
0.42239,-0.15219,0.19725
0.38075,-0.14088,0.2134
0.34151,-0.1302,0.22642
0.30462,-0.12015,0.23676
0.27004,-0.1107,0.24468
0.23772,-0.10187,0.2505
0.20761,-0.093635,0.2544
0.17968,-0.085991,0.25664
0.20281,-0.097926,0.25578
0.22757,-0.11075,0.2578
0.25399,-0.12446,0.26242
0.2821,-0.13906,0.2695
0.31191,-0.15454,0.27885
0.34344,-0.17091,0.29034
0.37673,-0.18815,0.3038
0.41176,-0.20627,0.31911
0.44857,-0.22526,0.33611
0.48715,-0.24513,0.35472
0.45555,-0.24627,0.32173
0.42511,-0.24818,0.28904
0.39577,-0.25083,0.25725
0.3675,-0.25421,0.2268
0.34024,-0.25829,0.19793
0.31393,-0.26305,0.17081
0.28853,-0.26846,0.14554
0.264,-0.2745,0.12217
0.24028,-0.28116,0.10074
0.21735,-0.28842,0.081244
0.21777,-0.29212,0.050298
0.21826,-0.296,0.027539
0.21878,-0.30003,0.01105
0.21931,-0.30419,-0.00049515
0.21982,-0.30845,-0.0080291
0.22033,-0.3128,-0.012237
0.22081,-0.31724,-0.013624
0.22119,-0.32171,-0.014807
0.22138,-0.32618,-0.018093
0.22139,-0.33065,-0.023247
0.26336,-0.31129,-0.015625
0.30614,-0.29445,-0.014819
0.35016,-0.28028,-0.0089148
0.39545,-0.26875,0.0018297
0.44197,-0.25982,0.016326
0.48972,-0.25345,0.033837
0.53868,-0.24965,0.053865
0.58884,-0.24841,0.076045
0.64021,-0.24972,0.10011
0.69277,-0.25361,0.12585
0.69605,-0.25495,0.13263
0.69952,-0.25636,0.13953
0.70318,-0.25782,0.14639
0.70702,-0.25935,0.15313
0.71103,-0.26093,0.15966
0.71523,-0.26258,0.16592
0.71961,-0.26427,0.17187
0.72415,-0.26603,0.17747
0.72888,-0.26784,0.1827
0.73378,-0.2697,0.18753
0.6921,-0.25542,0.13298
0.65194,-0.24173,0.093387
0.61316,-0.22855,0.063809
0.57566,-0.21582,0.041328
0.5394,-0.20352,0.024169
0.50434,-0.19164,0.011166
0.47047,-0.18015,0.001548
0.43778,-0.16906,-0.0052567
0.40626,-0.15836,-0.0096598
0.37592,-0.14805,-0.011987
0.36042,-0.13754,-0.0013656
0.34542,-0.12796,0.016599
0.33087,-0.11926,0.040618
0.31673,-0.11141,0.069856
0.30298,-0.1044,0.10376
0.28959,-0.098206,0.14196
0.27654,-0.092812,0.18417
0.26381,-0.088208,0.2302
0.2514,-0.084365,0.27987
0.23955,-0.080495,0.3331
0.23762,-0.078994,0.26756
0.23627,-0.077648,0.2153
0.23537,-0.076408,0.17289
0.23484,-0.075242,0.1381
0.23461,-0.074128,0.10931
0.23463,-0.07305,0.085352
0.23487,-0.071997,0.065382
0.23529,-0.070959,0.048747
0.23587,-0.06993,0.034958
0.23659,-0.068906,0.023613
0.22378,-0.069857,0.024679
0.21228,-0.069355,0.025143
0.20202,-0.067416,0.025152
0.19261,-0.064885,0.024806
0.18324,-0.063983,0.024185
0.17381,-0.064789,0.023351
0.16425,-0.067262,0.022363
0.15451,-0.071369,0.021258
0.14453,-0.077082,0.020072
0.13427,-0.08438,0.018825
0.12961,-0.074046,0.010394
0.12487,-0.06489,0.0042528
0.12006,-0.056867,8.9977e-05
0.11517,-0.049934,-0.0023396
0.1102,-0.044054,-0.0032246
0.10514,-0.039184,-0.0033829
0.099939,-0.035269,-0.0047237
0.094605,-0.032284,-0.0072708
0.089158,-0.030156,-0.010945
0.084,-0.027693,-0.015682
0.072482,-0.023617,-0.010421
0.061734,-0.019765,-0.0064375
0.05178,-0.016151,-0.0035831
0.042647,-0.012786,-0.0017471
0.034356,-0.0096842,-0.00084141
0.02694,-0.0068609,-0.00041311
0.020441,-0.0043408,0.00068509
0.01488,-0.0021339,0.0024863
0.010276,-0.00024915,0.0049561
0.0066495,0.0013054,0.0080683
0.01343,0.0011818,0.0052299
0.022868,0.00099607,0.0027647
0.035078,0.00090172,0.00082528
0.050174,0.0010522,-0.00044408
0.068267,0.0016011,-0.00095621
0.08945,0.0027112,-0.0017982
0.11383,0.0045356,-0.0035727
0.1415,0.0072166,-0.0062873
0.17258,0.010889,-0.0099251
0.20717,0.015678,-0.01445
0.21298,0.016248,-0.0098005
0.21887,0.016818,-0.0065832
0.22483,0.017384,-0.0043846
0.23087,0.017943,-0.0029063
0.237,0.018492,-0.0019321
0.24321,0.019028,-0.0013054
0.24952,0.019551,-0.00091331
0.25591,0.020056,-0.00066672
0.26239,0.020543,-0.00037559
0.26896,0.021009,-9.8699e-06
0.24759,0.019987,-4.1557e-05
0.22699,0.019568,-0.00040605
0.20719,0.019658,-0.0011067
0.1882,0.020177,-0.0019092
0.17005,0.02105,-0.0026861
0.15276,0.022212,-0.0033711
0.13636,0.023604,-0.0039328
0.12087,0.02517,-0.0043601
0.10632,0.026861,-0.004653
0.09273,0.028631,-0.0048183
0.1127,0.024054,-0.010097
0.1352,0.018879,-0.017187
0.1603,0.013091,-0.026054
0.18807,0.0066707,-0.036657
0.21857,-0.00040044,-0.048954
0.25184,-0.0081416,-0.062901
0.28793,-0.016573,-0.078454
0.32689,-0.025714,-0.095577
0.36876,-0.035587,-0.11422
0.41357,-0.046209,-0.13436
0.42977,-0.072153,-0.12773
0.44731,-0.096286,-0.12285
0.46617,-0.11869,-0.11924
0.48633,-0.13942,-0.11662
0.5078,-0.15853,-0.11472
0.53057,-0.17608,-0.11341
0.55463,-0.19209,-0.11252
0.57999,-0.2066,-0.11198
0.60664,-0.21963,-0.1117
0.6346,-0.23122,-0.11164
0.63973,-0.23219,-0.077809
0.64548,-0.23174,-0.051413
0.65182,-0.22988,-0.030908
0.65873,-0.22663,-0.015277
0.6662,-0.222,-0.003806
0.67421,-0.21599,0.0040083
0.68277,-0.20861,0.0085396
0.69186,-0.19987,0.010066
0.70147,-0.18975,0.010356
0.71155,-0.17819,0.012946
0.69046,-0.18664,0.0089001
0.67,-0.19362,0.007698
0.65019,-0.19919,0.0057993
0.63106,-0.20334,0.0028572
0.6126,-0.20606,-0.00074155
0.59483,-0.20731,-0.004782
0.57774,-0.2071,-0.0091317
0.56134,-0.2054,-0.013713
0.54565,-0.20222,-0.018471
0.53064,-0.19759,-0.023369
0.53875,-0.20085,-0.02553
0.54696,-0.20419,-0.028631
0.55529,-0.20759,-0.032568
0.56374,-0.21103,-0.037277
0.57229,-0.21452,-0.042708
0.58096,-0.21805,-0.048837
0.58973,-0.22163,-0.055634
0.5986,-0.22525,-0.063088
0.60757,-0.22891,-0.071179
0.61665,-0.23262,-0.079906
0.57622,-0.21354,-0.041995
0.53781,-0.19316,-0.019096
0.50139,-0.17147,-0.0083293
0.46698,-0.14847,-0.0063042
0.43487,-0.12392,0.0014433
0.40514,-0.09784,0.017468
0.37783,-0.070267,0.041151
0.35295,-0.041244,0.072035
0.33055,-0.010799,0.10976
0.31065,0.021047,0.15406
0.314,0.015969,0.13334
0.31725,0.01098,0.11496
0.32043,0.006073,0.098444
0.32352,0.0012432,0.083498
0.32652,-0.0035124,0.069883
0.32944,-0.0081954,0.057455
0.33228,-0.012807,0.046094
0.33505,-0.017347,0.035733
0.33774,-0.021817,0.026318
0.34036,-0.026216,0.017819
0.37781,-0.018397,0.0063158
0.41729,-0.0087649,-0.0029973
0.45879,0.0027332,-0.010643
0.50229,0.016138,-0.017043
0.54776,0.031479,-0.022528
0.5952,0.048778,-0.027353
0.6446,0.068044,-0.031713
0.69595,0.089279,-0.035748
0.74925,0.11247,-0.039565
0.80449,0.13761,-0.043242
0.77714,0.095649,-0.042005
0.75126,0.058012,-0.040875
0.72671,0.024307,-0.039901
0.70339,-0.0058125,-0.039037
0.6812,-0.032654,-0.038221
0.66006,-0.056488,-0.037408
0.63988,-0.077554,-0.036682
0.62059,-0.096069,-0.036096
0.60215,-0.11222,-0.035661
0.58448,-0.12619,-0.035381
0.58393,-0.10721,-0.053892
0.5829,-0.086722,-0.090903
0.58162,-0.064671,-0.14223
0.58022,-0.041026,-0.20518
0.57881,-0.015765,-0.27796
0.57745,0.011137,-0.35938
0.57622,0.039695,-0.44851
0.57515,0.069926,-0.54472
0.57431,0.10184,-0.64734
0.57373,0.13545,-0.75599
0.56459,0.090565,-0.68121
0.55448,0.049082,-0.6282
0.54401,0.010969,-0.58809
0.53352,-0.023781,-0.55632
0.52325,-0.055166,-0.52994
0.51336,-0.083179,-0.50738
0.50396,-0.10781,-0.4875
0.49516,-0.12905,-0.46966
0.48703,-0.14689,-0.45335
0.47964,-0.16133,-0.43828
0.50661,-0.16943,-0.46039
0.5347,-0.17782,-0.47475
0.56386,-0.1865,-0.48259
0.59405,-0.19548,-0.48509
0.62522,-0.20476,-0.48326
0.65734,-0.21433,-0.47793
0.69039,-0.22421,-0.46979
0.72436,-0.23437,-0.45936
0.75923,-0.24484,-0.44708
0.79499,-0.25561,-0.43327
0.77478,-0.22523,-0.3692
0.75495,-0.19168,-0.32543
0.736,-0.15511,-0.29411
0.71823,-0.1156,-0.27079
0.70183,-0.073201,-0.25293
0.68694,-0.027938,-0.23888
0.67365,0.020168,-0.22766
0.66203,0.071108,-0.21854
0.65216,0.12488,-0.21114
0.64407,0.18147,-0.2051
0.66911,0.14931,-0.19037
0.69532,0.11685,-0.17192
0.72261,0.084172,-0.15197
0.75091,0.051336,-0.13202
0.7802,0.018398,-0.11312
0.81046,-0.014598,-0.095918
0.8417,-0.047613,-0.080908
0.87391,-0.080615,-0.068372
0.90711,-0.11358,-0.058541
0.9413,-0.14647,-0.051549
0.92555,-0.14873,-0.0485
0.90955,-0.15045,-0.046729
0.89335,-0.15168,-0.045715
0.87696,-0.15245,-0.045238
0.86041,-0.1528,-0.045211
0.8437,-0.15275,-0.04565
0.82684,-0.15233,-0.046548
0.80984,-0.15157,-0.047916
0.79272,-0.15047,-0.049761
0.77548,-0.14908,-0.052115
0.75376,-0.11407,-0.053878
0.73373,-0.078242,-0.054527
0.71532,-0.041604,-0.054314
0.69844,-0.004162,-0.053462
0.68303,0.034081,-0.052156
0.66904,0.073121,-0.050531
0.6564,0.11295,-0.048689
0.64507,0.15358,-0.046703
0.635,0.19499,-0.04463
0.62617,0.23718,-0.04251
0.18651,0.001254,-0.055172
0.18104,-0.0025688,-0.038266
0.17565,-0.0060261,-0.02587
0.17034,-0.0091584,-0.017109
0.16513,-0.011999,-0.011346
0.16002,-0.014574,-0.0080897
0.15501,-0.016909,-0.0069764
0.15019,-0.019047,-0.0058227
0.14561,-0.021022,-0.0030276
0.14125,-0.022839,0.0012293
0.13652,-0.022519,-0.0012022
0.132,-0.022202,-0.0028332
0.12767,-0.021888,-0.0038839
0.12353,-0.021574,-0.004509
0.11955,-0.021261,-0.0048233
0.11573,-0.020947,-0.0049087
0.11205,-0.020634,-0.0048271
0.10851,-0.020321,-0.0046571
0.10509,-0.020007,-0.0045651
0.1018,-0.019692,-0.0045463
0.092973,-0.016986,-0.0049719
0.08473,-0.014544,-0.0059258
0.077039,-0.012349,-0.0073535
0.069866,-0.010383,-0.0092096
0.063183,-0.0086311,-0.011459
0.056961,-0.0070767,-0.014072
0.051172,-0.0057052,-0.017025
0.045793,-0.0045024,-0.020296
0.040799,-0.0034547,-0.023869
0.036168,-0.0025493,-0.02773
0.036471,0.0012696,-0.034019
0.037013,0.0055746,-0.040895
0.037808,0.010387,-0.048331
0.03887,0.015731,-0.056304
0.040212,0.021629,-0.064783
0.04185,0.028104,-0.073739
0.043797,0.035181,-0.083133
0.046066,0.042882,-0.092936
0.04867,0.05123,-0.10311
0.051623,0.060244,-0.11362
0.054868,0.063367,-0.11304
0.058221,0.066573,-0.11269
0.061684,0.069859,-0.11255
0.06526,0.073227,-0.11259
0.068952,0.076674,-0.11278
0.072761,0.080202,-0.11311
0.076691,0.083808,-0.11356
0.080742,0.087493,-0.11412
0.084917,0.091256,-0.11476
0.089217,0.095097,-0.11547
0.094551,0.10155,-0.094957
0.099928,0.10816,-0.077382
0.10537,0.11495,-0.062324
0.11089,0.12192,-0.04946
0.1165,0.12907,-0.038523
0.12222,0.13641,-0.029298
0.12805,0.14393,-0.021612
0.13401,0.15165,-0.015316
0.1401,0.15957,-0.010292
0.14634,0.16767,-0.0064343
0.13222,0.15689,-0.0064871
0.11935,0.14695,-0.0065515
0.10763,0.13778,-0.0066379
0.096973,0.12931,-0.0067505
0.087298,0.12145,-0.0068943
0.078533,0.11415,-0.0070697
0.070614,0.10735,-0.0072791
0.06348,0.10101,-0.007521
0.057073,0.095076,-0.0077967
0.051342,0.089511,-0.0081039
0.051165,0.092561,-0.0024116
0.051138,0.095538,-0.00027389
0.051224,0.098482,0.00078068
0.051347,0.10145,0.0044448
0.051502,0.10445,0.0105
0.051688,0.10747,0.018697
0.051903,0.11054,0.028825
0.052149,0.11364,0.040708
0.052426,0.11677,0.054185
0.052736,0.11995,0.069125
0.059435,0.13284,0.050571
0.066455,0.14658,0.035812
0.073824,0.1612,0.024261
0.081567,0.17674,0.015461
0.089706,0.19322,0.0090217
0.098261,0.21067,0.0046127
0.10725,0.22911,0.0019483
0.11669,0.24855,0.00077774
0.12661,0.26901,0.00060987
0.13707,0.29046,-0.00033658
0.13475,0.28799,0.0013509
0.13253,0.2857,0.006356
0.13035,0.28359,0.01574
0.12824,0.28161,0.028564
0.12621,0.27974,0.044168
0.12429,0.27796,0.062068
0.12247,0.27626,0.081908
0.12077,0.27461,0.10342
0.11916,0.27303,0.1264
0.11746,0.27158,0.15068
0.10531,0.24561,0.16392
0.093984,0.2216,0.17756
0.08344,0.19942,0.1915
0.073678,0.17891,0.20571
0.064669,0.15995,0.22011
0.056369,0.14245,0.23469
0.048738,0.12631,0.2494
0.041741,0.11146,0.26424
0.035343,0.097823,0.27915
0.029517,0.085325,0.29416
0.030993,0.086006,0.2548
0.032435,0.086609,0.22136
0.033842,0.087143,0.19261
0.034961,0.087734,0.16765
0.035752,0.088409,0.14582
0.036244,0.089163,0.1266
0.036459,0.089991,0.10961
0.036416,0.09089,0.094525
0.036128,0.091859,0.08111
0.03561,0.092896,0.069152
0.040847,0.099741,0.059953
0.04596,0.10702,0.051626
0.050955,0.11475,0.044096
0.055837,0.12292,0.037281
0.060609,0.13153,0.031129
0.065275,0.14059,0.025581
0.06995,0.15006,0.020604
0.074992,0.15976,0.016156
0.080434,0.16968,0.012209
0.086281,0.17982,0.0087271
0.081345,0.17082,0.011156
0.076774,0.1622,0.013422
0.072553,0.15393,0.015524
0.068669,0.14599,0.017457
0.065102,0.13836,0.019234
0.061644,0.13111,0.020865
0.058202,0.12427,0.022368
0.054766,0.11781,0.023754
0.051332,0.11172,0.025041
0.047892,0.10599,0.026237
0.049095,0.10654,0.018911
0.050101,0.10716,0.012908
0.05092,0.10787,0.0080677
0.051559,0.10865,0.0042551
0.05204,0.10949,0.0013632
0.052607,0.1103,-0.000702
0.053347,0.11101,-0.0020164
0.054259,0.11165,-0.0026442
0.055338,0.1122,-0.0028859
0.056565,0.11265,-0.0036348
0.052492,0.10564,-0.003299
0.048712,0.098964,-0.0030018
0.045208,0.092616,-0.0027361
0.041965,0.086577,-0.0024966
0.038967,0.080832,-0.0022802
0.036201,0.075366,-0.0020824
0.033654,0.070167,-0.0019029
0.031292,0.065231,-0.0017399
0.029005,0.060595,-0.0015916
0.026777,0.05625,-0.0014575
0.028889,0.06232,-0.0019305
0.030677,0.06896,-0.0030233
0.03212,0.076197,-0.0047263
0.033198,0.084057,-0.007028
0.033889,0.092563,-0.009915
0.034171,0.10174,-0.013372
0.034021,0.11161,-0.017382
0.033415,0.1222,-0.021927
0.032331,0.13353,-0.026986
0.030746,0.14561,-0.032543
0.027275,0.13292,-0.024778
0.023957,0.12103,-0.018598
0.020796,0.10989,-0.013677
0.017797,0.099476,-0.0097802
0.014959,0.089754,-0.0067325
0.012285,0.080693,-0.0044035
0.0097741,0.072268,-0.002692
0.0074249,0.06445,-0.0015198
0.0052364,0.057216,-0.00082473
0.0032071,0.050542,-0.00055215
0.0024196,0.047759,-0.00051626
0.0016995,0.045107,-0.00052955
0.0010431,0.04258,-0.00059106
0.00044767,0.040173,-0.00069608
-9.0047e-05,0.03788,-0.00084071
-0.00057281,0.035696,-0.0010216
-0.0010035,0.033616,-0.0012361
-0.0013847,0.031635,-0.0014817
-0.0017191,0.029749,-0.0017565
-0.0020092,0.027953,-0.0020586
-0.0041708,0.025189,-0.0011098
-0.0062127,0.022717,-0.00048989
-0.0081411,0.020519,-0.00015596
-0.0099614,0.018583,-6.086e-05
-0.011677,0.016897,0.00011074
-0.013293,0.015449,0.00046973
-0.014814,0.01423,0.00099905
-0.016245,0.013231,0.0016854
-0.017589,0.012444,0.0025185
-0.01885,0.011864,0.0034908
-0.019607,0.011748,0.0032162
-0.020346,0.011681,0.0029504
-0.021066,0.011661,0.0026931
-0.021768,0.011689,0.0024444
-0.022452,0.011762,0.0022043
-0.023119,0.011881,0.0019729
-0.023767,0.012045,0.0017502
-0.024397,0.012254,0.0015364
-0.025009,0.012507,0.0013315
-0.025605,0.0128,0.0011358
-0.024149,0.01208,0.00046696
-0.022744,0.011385,2.4564e-05
-0.021388,0.010712,-0.00022262
-0.020081,0.010063,-0.00030058
-0.018821,0.0094353,-0.00035583
-0.017606,0.0088293,-0.00053466
-0.016434,0.0082443,-0.00082143
-0.015306,0.0076805,-0.0012022
-0.01422,0.0071374,-0.0016651
-0.013177,0.0066151,-0.0021998
-0.012429,0.0061028,-0.0012425
-0.011738,0.0055322,-0.0006089
-0.011102,0.0049084,-0.00027004
-0.01052,0.0042352,-0.00018143
-0.0099974,0.0035151,2.4558e-05
-0.0095354,0.0027491,0.00046668
-0.009134,0.0019369,0.0011336
-0.0087934,0.001077,0.0020177
-0.0085144,0.00016711,0.003114
-0.0082985,-0.00079631,0.00442
-0.0090973,0.00010321,0.0043821
-0.0099854,0.0010306,0.0043467
-0.010966,0.0019869,0.0043126
-0.012041,0.002973,0.00428
-0.013214,0.0039897,0.0042481
-0.01449,0.0050376,0.0042174
-0.015871,0.0061171,0.0041877
-0.017361,0.0072285,0.0041594
-0.018965,0.0083719,0.0041327
-0.020686,0.0095475,0.0041083
-0.021236,0.0095398,0.0014295
-0.021829,0.0094952,2.0348e-05
-0.022466,0.0094143,-0.0003069
-0.023127,0.009304,-0.0012711
-0.023813,0.0091667,-0.0033752
-0.02453,0.0090017,-0.006599
-0.025283,0.0088081,-0.010928
-0.026078,0.0085847,-0.016351
-0.026921,0.0083297,-0.022855
-0.027817,0.0080415,-0.030429
-0.031319,0.0082238,-0.027796
-0.035099,0.0083579,-0.025319
-0.039168,0.0084438,-0.022991
-0.04354,0.0084818,-0.020812
-0.048228,0.0084718,-0.018775
-0.053245,0.0084142,-0.016879
-0.058603,0.0083091,-0.015119
-0.064315,0.0081567,-0.01349
-0.070393,0.0079575,-0.011987
-0.076849,0.0077119,-0.010605
-0.070716,0.004003,-0.0066083
-0.065002,0.00056317,-0.0036977
-0.059684,-0.0026213,-0.0017238
-0.054744,-0.005563,-0.00056837
-0.050161,-0.008274,-0.00013661
-0.045921,-0.010769,0.00010675
-0.042006,-0.013064,0.00091541
-0.0384,-0.015169,0.002251
-0.035088,-0.017093,0.0040723
-0.032058,-0.018843,0.0063457
-0.027702,-0.017449,0.011009
-0.023821,-0.016165,0.016511
-0.020364,-0.014974,0.0227
-0.017283,-0.013859,0.029466
-0.014541,-0.012808,0.036727
-0.012104,-0.011808,0.044431
-0.0099466,-0.010849,0.052538
-0.0080467,-0.0099218,0.061026
-0.0063889,-0.009018,0.069879
-0.0049625,-0.0081306,0.079093
-0.00431,-0.006618,0.060655
-0.0037441,-0.0053179,0.046021
-0.0032546,-0.0042044,0.034418
-0.0028335,-0.0032553,0.025264
-0.0024726,-0.0024513,0.018097
-0.0021652,-0.0017755,0.012556
-0.0019056,-0.0012131,0.0083432
-0.0016888,-0.00075053,0.0052185
-0.0015101,-0.00037587,0.0029815
-0.0013652,-7.8224e-05,0.0014663
-0.0016054,-0.00034162,0.0015438
-0.0018754,-0.00066968,0.0016053
-0.0021751,-0.0010636,0.0016506
-0.0025044,-0.0015244,0.0016798
-0.0028633,-0.0020532,0.0016937
-0.0032522,-0.0026509,0.0016928
-0.003671,-0.0033181,0.0016787
-0.0041201,-0.0040558,0.0016523
-0.0045996,-0.0048647,0.0016153
-0.0051099,-0.0057452,0.0015688
-0.0049721,-0.005894,0.0021613
-0.0048436,-0.0060382,0.0028341
-0.0047247,-0.0061785,0.0035844
-0.0046159,-0.0063157,0.0044081
-0.0045176,-0.0064503,0.0053028
-0.0044302,-0.006583,0.0062657
-0.0043541,-0.0067143,0.0072948
-0.0042899,-0.0068447,0.0083881
-0.0042378,-0.0069748,0.0095436
-0.0041983,-0.0071051,0.01076
-0.0040936,-0.0063342,0.015045
-0.0040755,-0.0055398,0.020048
-0.0041503,-0.0047149,0.025794
-0.0043271,-0.003854,0.032311
-0.0046177,-0.0029527,0.039627
-0.0050358,-0.002008,0.047766
-0.0055971,-0.0010178,0.056746
-0.0063191,1.8819e-05,0.066581
-0.0072203,0.0011022,0.077268
-0.0083205,0.002232,0.088808
-0.0092785,0.0037752,0.085798
-0.010528,0.0050409,0.083037
-0.012065,0.006046,0.080467
-0.013657,0.0072288,0.078058
-0.015189,0.0088158,0.075774
-0.016662,0.010815,0.073596
-0.018079,0.013237,0.071502
-0.019441,0.016094,0.069482
-0.020749,0.019399,0.067524
-0.022003,0.023166,0.065625
-0.023172,0.022483,0.074843
-0.02432,0.021866,0.084374
-0.025449,0.021315,0.094178
-0.026556,0.02083,0.10422
-0.027644,0.02041,0.11447
-0.028711,0.020058,0.12489
-0.029757,0.019771,0.13544
-0.030783,0.01955,0.14612
-0.031787,0.019396,0.15688
-0.03277,0.019307,0.16772
-0.032213,0.018694,0.10811
-0.031697,0.018139,0.065656
-0.03121,0.017644,0.036094
-0.030742,0.017206,0.016548
-0.030283,0.016822,0.0050418
-0.029826,0.016489,0.00024084
-0.029357,0.01621,-0.0013534
-0.028881,0.015946,-0.0077692
-0.028425,0.015635,-0.019325
-0.027984,0.015269,-0.03599
-0.027387,0.01452,-0.035934
-0.026877,0.013656,-0.035877
-0.026452,0.01268,-0.035808
-0.026107,0.011592,-0.035733
-0.025843,0.010392,-0.035644
-0.025657,0.0090798,-0.035548
-0.025549,0.0076558,-0.035437
-0.025517,0.0061185,-0.035317
-0.025561,0.0044669,-0.035182
-0.025681,0.0026992,-0.035038
-0.026613,0.0017224,-0.036768
-0.027591,0.00066567,-0.038588
-0.028616,-0.00047293,-0.040494
-0.029691,-0.0016953,-0.042495
-0.030816,-0.0030035,-0.044586
-0.031991,-0.0043992,-0.046775
-0.033219,-0.0058844,-0.049059
-0.0345,-0.0074609,-0.051444
-0.035835,-0.0091304,-0.053927
-0.037225,-0.010895,-0.056514
-0.040597,-0.013117,-0.067356
-0.044257,-0.015557,-0.079033
-0.048216,-0.018225,-0.091486
-0.052488,-0.02113,-0.10467
-0.057083,-0.02428,-0.1185
-0.062011,-0.027683,-0.13295
-0.067282,-0.031344,-0.14795
-0.072904,-0.035271,-0.16344
-0.078884,-0.039467,-0.17937
-0.085229,-0.043936,-0.19571
-0.089489,-0.044661,-0.2054
-0.093879,-0.045373,-0.21536
-0.098398,-0.04607,-0.22552
-0.10305,-0.046752,-0.23589
-0.10783,-0.047418,-0.24643
-0.11273,-0.048067,-0.25712
-0.11777,-0.048699,-0.26793
-0.12294,-0.049313,-0.27884
-0.12824,-0.049907,-0.28981
-0.13366,-0.050482,-0.30084
-0.13471,-0.060548,-0.32579
-0.13599,-0.070929,-0.35084
-0.1375,-0.081621,-0.37592
-0.13924,-0.09262,-0.40105
-0.14123,-0.10392,-0.42615
-0.14346,-0.11552,-0.45124
-0.14593,-0.12741,-0.47623
-0.14865,-0.13958,-0.50118
-0.15162,-0.15204,-0.52595
-0.15483,-0.16476,-0.55062
-0.14887,-0.16332,-0.48722
-0.14334,-0.16215,-0.4359
-0.1382,-0.1612,-0.39328
-0.13343,-0.16043,-0.35722
-0.12899,-0.15981,-0.32617
-0.12487,-0.1593,-0.29908
-0.12105,-0.15891,-0.27517
-0.11752,-0.15859,-0.25384
-0.11426,-0.15836,-0.23469
-0.11125,-0.15818,-0.21735
-0.11333,-0.16683,-0.17458
-0.11566,-0.17547,-0.13902
-0.11823,-0.1841,-0.10937
-0.12104,-0.19273,-0.084618
-0.1241,-0.20136,-0.064043
-0.12739,-0.21001,-0.047039
-0.13093,-0.21869,-0.033179
-0.13471,-0.22738,-0.022077
-0.13874,-0.2361,-0.013455
-0.14301,-0.24485,-0.007056
-0.13955,-0.2407,-0.0088973
-0.1368,-0.2363,-0.0104
-0.13381,-0.2322,-0.011569
-0.13022,-0.22858,-0.01242
-0.12605,-0.22543,-0.013001
-0.12132,-0.22273,-0.013341
-0.11602,-0.22046,-0.013488
-0.11017,-0.21862,-0.013467
-0.10378,-0.21719,-0.013316
-0.096855,-0.21617,-0.013053
-0.081757,-0.19734,-0.031343
-0.067372,-0.18023,-0.054765
-0.053614,-0.16466,-0.082128
-0.040411,-0.15051,-0.11262
-0.027701,-0.13765,-0.14569
-0.015437,-0.126,-0.18096
-0.0035747,-0.11548,-0.21811
0.0079171,-0.10603,-0.25695
0.019066,-0.097603,-0.29727
0.02989,-0.090174,-0.33895
0.026046,-0.084004,-0.30731
0.02251,-0.078267,-0.28167
0.019256,-0.07292,-0.26049
0.016259,-0.067931,-0.24275
0.013503,-0.06327,-0.22768
0.01097,-0.058914,-0.21475
0.0086462,-0.05484,-0.2035
0.0065199,-0.051029,-0.19366
0.00458,-0.047466,-0.18497
0.0028161,-0.044134,-0.17724
0.0032001,-0.037939,-0.17342
0.0035034,-0.032328,-0.16967
0.003731,-0.027267,-0.16599
0.0038869,-0.022725,-0.16239
0.0039751,-0.018673,-0.15887
0.0039988,-0.015084,-0.15542
0.0039618,-0.011933,-0.15205
0.0038657,-0.0091969,-0.14873
0.0037144,-0.006853,-0.14548
0.00351,-0.004882,-0.14228
0.002148,-0.0058324,-0.12733
0.00072593,-0.0070324,-0.11382
-0.00075927,-0.0084743,-0.10155
-0.002311,-0.010152,-0.090375
-0.0039324,-0.012062,-0.08016
-0.0056266,-0.014202,-0.070798
-0.0073967,-0.016571,-0.062211
-0.0092458,-0.01917,-0.054323
-0.011177,-0.022001,-0.047088
-0.013192,-0.025068,-0.040453
-0.011619,-0.021951,-0.045311
-0.01016,-0.019079,-0.050229
-0.008807,-0.01644,-0.055212
-0.0075513,-0.01402,-0.060247
-0.0063858,-0.011808,-0.065341
-0.0053041,-0.0097963,-0.070485
-0.0043006,-0.0079753,-0.075687
-0.0033984,-0.0063231,-0.08094
-0.0026179,-0.0048208,-0.086249
-0.0019565,-0.003464,-0.091611
-0.0011758,-0.0021818,-0.10531
-0.00050811,-0.0010565,-0.11987
4.4632e-05,-9.024e-05,-0.13527
0.00048037,0.000714,-0.15148
0.00081545,0.0013426,-0.16847
0.0010616,0.0017842,-0.1862
0.0012284,0.0020549,-0.20462
0.0014743,0.0024407,-0.22371
0.0018524,0.003037,-0.24338
0.0023644,0.0038466,-0.26361
0.0019304,0.0033407,-0.25087
0.0015899,0.0029576,-0.23891
0.0013397,0.002695,-0.22762
0.001177,0.0025511,-0.21693
0.001058,0.0024485,-0.20676
0.00089092,0.0022218,-0.19707
0.0006725,0.0018673,-0.18781
0.00039453,0.0013912,-0.17895
4.4517e-05,0.0008019,-0.17045
-0.00037668,0.00010025,-0.16228
-2.5598e-05,0.0006757,-0.17213
0.0004581,0.0011076,-0.18216
0.0011661,0.001345,-0.19234
0.0021029,0.0013834,-0.20267
0.0032735,0.0012183,-0.21312
0.0046835,0.00084387,-0.22369
0.0063385,0.00025494,-0.23436
0.0082448,-0.00055567,-0.24511
0.010441,-0.0015334,-0.25593
0.012975,-0.0026119,-0.26681
0.014267,-0.0037861,-0.24466
0.015627,-0.0049009,-0.22464
0.017039,-0.0059768,-0.2064
0.018468,-0.0070758,-0.18973
0.01991,-0.008202,-0.17441
0.021366,-0.0093545,-0.16029
0.022837,-0.010532,-0.14722
0.024323,-0.011734,-0.1351
0.025825,-0.01296,-0.12384
0.027346,-0.014211,-0.11334
0.031381,-0.016327,-0.13201
0.035757,-0.018638,-0.15188
0.040483,-0.021151,-0.17282
0.045565,-0.023875,-0.19467
0.051011,-0.026817,-0.21726
0.056826,-0.029983,-0.24044
0.063015,-0.033381,-0.26406
0.069583,-0.037014,-0.288
0.076535,-0.040888,-0.31212
0.083875,-0.045007,-0.33634
0.084554,-0.043594,-0.31985
0.084959,-0.042639,-0.30519
0.085104,-0.042123,-0.29198
0.085002,-0.042027,-0.27997
0.084924,-0.041849,-0.26893
0.085059,-0.041243,-0.25871
0.085399,-0.040224,-0.24917
0.08594,-0.038807,-0.2402
0.086676,-0.037002,-0.23173
0.087603,-0.034821,-0.22367
0.093194,-0.03418,-0.19224
0.099165,-0.033007,-0.16494
0.10551,-0.031313,-0.14109
0.11224,-0.029105,-0.12013
0.11936,-0.026385,-0.10168
0.12686,-0.023152,-0.085404
0.13475,-0.019404,-0.071066
0.14304,-0.015138,-0.058441
0.15173,-0.010348,-0.047379
0.16082,-0.0050288,-0.037728
0.1589,-0.011237,-0.029741
0.15714,-0.017099,-0.022967
0.15552,-0.02263,-0.01729
0.15404,-0.027844,-0.012595
0.1527,-0.032754,-0.0087983
0.1515,-0.037372,-0.0058133
0.15041,-0.041708,-0.0035763
0.14945,-0.045773,-0.0020225
0.14861,-0.049576,-0.0011011
0.14789,-0.053125,-0.00076279
0.14596,-0.050552,-0.001994
0.14409,-0.047958,-0.0049441
0.14226,-0.045344,-0.009225
0.14047,-0.042712,-0.014541
0.13873,-0.040062,-0.020677
0.13702,-0.037395,-0.02746
0.13536,-0.034713,-0.034766
0.13373,-0.032015,-0.042491
0.13215,-0.029303,-0.050563
0.1306,-0.026575,-0.058918
0.14172,-0.027643,-0.043818
0.15337,-0.028704,-0.031664
0.16554,-0.029769,-0.022046
0.17825,-0.03085,-0.014627
0.19152,-0.031954,-0.0091287
0.20536,-0.033091,-0.0053127
0.21977,-0.034268,-0.0029784
0.23477,-0.03549,-0.0019527
0.25036,-0.036765,-0.0018613
0.26656,-0.038098,-0.0010788
0.25925,-0.039514,0.0060751
0.25211,-0.040901,0.018692
0.24515,-0.042244,0.035706
0.23835,-0.043534,0.05635
0.23172,-0.04476,0.08005
0.22525,-0.045917,0.10638
0.21894,-0.046995,0.13499
0.21279,-0.047992,0.16564
0.20679,-0.0489,0.19807
0.20096,-0.049716,0.23213
0.19822,-0.048991,0.177
0.19582,-0.048298,0.13494
0.1937,-0.047629,0.1023
0.1918,-0.046978,0.076705
0.19008,-0.046341,0.056506
0.18853,-0.045713,0.040545
0.18711,-0.045093,0.027978
0.18581,-0.044479,0.018179
0.18462,-0.043867,0.01068
0.18353,-0.043257,0.0051147
0.18942,-0.047019,0.0018768
0.19544,-0.050844,-0.00049651
0.20159,-0.054734,-0.0020907
0.20787,-0.058689,-0.0029819
0.21429,-0.06271,-0.0033062
0.22083,-0.066802,-0.0039627
0.22748,-0.070967,-0.0051654
0.23425,-0.075205,-0.0068723
0.24113,-0.079516,-0.0090436
0.24813,-0.0839,-0.011646
0.25505,-0.08766,-0.012551
0.26206,-0.091489,-0.01367
0.26916,-0.095386,-0.014995
0.27636,-0.099352,-0.016525
0.28364,-0.10339,-0.018254
0.29101,-0.10749,-0.020181
0.29848,-0.11166,-0.022299
0.30602,-0.1159,-0.024605
0.31366,-0.1202,-0.027091
0.32138,-0.12457,-0.029756
0.31941,-0.12852,-0.043201
0.31751,-0.13224,-0.058179
0.31569,-0.13575,-0.074279
0.31394,-0.13905,-0.091234
0.31226,-0.14215,-0.10884
0.31066,-0.14506,-0.12698
0.30913,-0.14778,-0.14553
0.30766,-0.15032,-0.16443
0.30626,-0.15269,-0.18361
0.30493,-0.15488,-0.20303
0.32227,-0.16823,-0.20139
0.34044,-0.18151,-0.20079
0.35947,-0.19475,-0.20097
0.37935,-0.20793,-0.20177
0.4001,-0.22106,-0.20302
0.42172,-0.23416,-0.2046
0.44423,-0.24721,-0.2064
0.46755,-0.26034,-0.20835
0.49136,-0.27419,-0.21034
0.51559,-0.28882,-0.21233
0.49752,-0.28028,-0.25859
0.47992,-0.27197,-0.30432
0.46276,-0.26388,-0.34945
0.44603,-0.25602,-0.3941
0.42972,-0.24836,-0.43829
0.4138,-0.24089,-0.48218
0.39826,-0.23362,-0.52574
0.38309,-0.22653,-0.56911
0.36829,-0.21962,-0.61221
0.35382,-0.21287,-0.65517
0.34567,-0.20186,-0.50503
0.33597,-0.19342,-0.39356
0.32626,-0.18513,-0.3078
0.31744,-0.17556,-0.24033
0.30952,-0.16479,-0.18641
0.30247,-0.1529,-0.14294
0.29626,-0.13995,-0.10785
0.29087,-0.12599,-0.079618
0.28626,-0.11105,-0.057182
0.28241,-0.095151,-0.039699
0.29936,-0.11306,-0.0515
0.31746,-0.13107,-0.06345
0.33674,-0.14919,-0.075295
0.35723,-0.16742,-0.086835
0.37893,-0.18576,-0.098005
0.40186,-0.20422,-0.10875
0.42603,-0.2228,-0.11908
0.45145,-0.2415,-0.12902
0.47812,-0.26032,-0.13861
0.50606,-0.27926,-0.14788
0.50437,-0.28031,-0.15335
0.50283,-0.2811,-0.15838
0.50144,-0.28166,-0.16305
0.50017,-0.28199,-0.16745
0.49901,-0.28212,-0.17161
0.49797,-0.28204,-0.17559
0.49702,-0.28179,-0.1794
0.49609,-0.2815,-0.18308
0.49507,-0.28137,-0.18663
0.49396,-0.28137,-0.19006
0.48644,-0.27873,-0.18307
0.47878,-0.27681,-0.17673
0.47098,-0.2756,-0.17088
0.46304,-0.27506,-0.1654
0.45496,-0.27518,-0.1602
0.44673,-0.27594,-0.15523
0.43834,-0.27734,-0.15044
0.42979,-0.27935,-0.14581
0.42107,-0.28197,-0.1413
0.41219,-0.28518,-0.1369
0.42411,-0.2878,-0.10331
0.43574,-0.29055,-0.078249
0.44713,-0.29344,-0.059509
0.45835,-0.29646,-0.045586
0.46944,-0.29963,-0.035456
0.48041,-0.30294,-0.02838
0.49129,-0.30639,-0.023834
0.50209,-0.30999,-0.021416
0.51283,-0.31372,-0.020826
0.52354,-0.31761,-0.020852
0.51179,-0.31836,-0.02184
0.49965,-0.31994,-0.025573
0.48713,-0.32231,-0.031553
0.47427,-0.32545,-0.038935
0.46107,-0.32935,-0.047238
0.44756,-0.33399,-0.056174
0.43374,-0.33935,-0.06558
0.41962,-0.3454,-0.075348
0.4052,-0.35214,-0.085417
0.39048,-0.35953,-0.095738
0.40208,-0.3476,-0.096744
0.41289,-0.3369,-0.098772
0.42297,-0.32736,-0.10155
0.43235,-0.31893,-0.10489
0.44107,-0.31156,-0.10867
0.44917,-0.3052,-0.11279
0.45667,-0.2998,-0.11718
0.46359,-0.29533,-0.1218
0.46997,-0.29174,-0.12661
0.47581,-0.28902,-0.13158
0.47329,-0.28674,-0.13566
0.47079,-0.28452,-0.13924
0.4683,-0.28235,-0.14241
0.46583,-0.28024,-0.14525
0.46336,-0.27817,-0.14781
0.46091,-0.27615,-0.15013
0.45848,-0.27418,-0.15224
0.45605,-0.27224,-0.15417
0.45363,-0.27035,-0.15593
0.45122,-0.2685,-0.15755
0.45509,-0.27529,-0.13767
0.45846,-0.28262,-0.12142
0.46138,-0.29049,-0.10789
0.46386,-0.2989,-0.09646
0.46595,-0.30785,-0.086689
0.46764,-0.31732,-0.078259
0.46897,-0.32731,-0.070943
0.46994,-0.33782,-0.064567
0.47056,-0.34882,-0.059003
0.47084,-0.36032,-0.054151
0.47621,-0.35551,-0.03847
0.48119,-0.35095,-0.030032
0.48585,-0.34667,-0.027013
0.4903,-0.34274,-0.025791
0.49469,-0.33934,-0.021345
0.49903,-0.33641,-0.014096
0.50329,-0.33393,-0.0044781
0.50748,-0.33187,0.0071838
0.51159,-0.33021,0.020621
0.51562,-0.32893,0.035627
0.5302,-0.33846,0.007107
0.54528,-0.34851,-0.011217
0.56077,-0.35896,-0.022575
0.5766,-0.36974,-0.028997
0.59273,-0.38081,-0.031809
0.60909,-0.39207,-0.033589
0.62559,-0.4034,-0.037457
0.64222,-0.41482,-0.043084
0.659,-0.42633,-0.050187
0.67592,-0.43795,-0.058557
0.6658,-0.4358,-0.050708
0.65568,-0.4337,-0.045407
0.64559,-0.43168,-0.041683
0.63555,-0.42975,-0.038979
0.62555,-0.42791,-0.036965
0.61561,-0.42618,-0.035446
0.60572,-0.42456,-0.034288
0.59589,-0.42303,-0.033411
0.58611,-0.4216,-0.032758
0.57639,-0.42028,-0.032291
0.56502,-0.39914,-0.032878
0.55343,-0.37965,-0.035793
0.54165,-0.36172,-0.040177
0.52971,-0.34526,-0.045556
0.51763,-0.33018,-0.051659
0.5054,-0.31643,-0.058321
0.49304,-0.30391,-0.065434
0.48055,-0.29257,-0.072926
0.46793,-0.28235,-0.08074
0.45519,-0.27319,-0.088833
0.46778,-0.28231,-0.059921
0.47995,-0.29146,-0.041812
0.49181,-0.30074,-0.031471
0.50343,-0.31022,-0.026899
0.51486,-0.31996,-0.026424
0.52629,-0.33014,-0.024413
0.53774,-0.3408,-0.019601
0.54921,-0.35192,-0.012463
0.5607,-0.36348,-0.0033572
0.57219,-0.37547,0.0074475
0.55671,-0.35988,0.021702
0.54143,-0.34541,0.03707
0.52634,-0.33199,0.053369
0.51142,-0.31954,0.070459
0.49667,-0.30802,0.088207
0.48208,-0.29736,0.10652
0.46764,-0.28752,0.12528
0.45335,-0.27846,0.14444
0.43923,-0.27007,0.1639
0.42568,-0.26165,0.18362
0.41855,-0.25498,0.11032
0.41278,-0.24848,0.060096
0.4081,-0.24193,0.025863
0.40432,-0.23521,0.0032814
0.40131,-0.22823,-0.010478
0.39899,-0.22093,-0.017317
0.39728,-0.21328,-0.018732
0.39595,-0.20507,-0.021477
0.3949,-0.19624,-0.028151
0.39414,-0.18682,-0.03822
0.38227,-0.1935,-0.021055
0.37109,-0.19833,-0.017005
0.36099,-0.20181,-0.011353
0.35202,-0.20416,0.00047426
0.34409,-0.20538,0.01678
0.3371,-0.20551,0.036468
0.331,-0.20457,0.058812
0.32574,-0.20257,0.083309
0.32077,-0.20035,0.10959
0.31526,-0.19922,0.1374
0.31877,-0.20078,0.12313
0.32235,-0.20251,0.11201
0.32597,-0.2044,0.10321
0.32962,-0.20641,0.096141
0.33328,-0.20856,0.090383
0.33694,-0.21082,0.085634
0.3406,-0.21319,0.081659
0.34429,-0.2156,0.078292
0.34806,-0.21795,0.075399
0.3519,-0.22026,0.072884
0.35493,-0.22261,0.08224
0.35799,-0.22483,0.090932
0.36106,-0.22694,0.099023
0.36406,-0.22908,0.10658
0.36697,-0.23129,0.11367
0.36978,-0.23357,0.12035
0.37251,-0.23591,0.12665
0.37515,-0.23833,0.13263
0.3777,-0.24082,0.13832
0.38016,-0.24337,0.14375
0.39122,-0.24941,0.12209
0.4024,-0.25579,0.10423
0.41367,-0.26248,0.089254
0.42503,-0.26947,0.076492
0.43647,-0.27675,0.06547
0.44799,-0.28427,0.055836
0.45974,-0.2918,0.047335
0.47173,-0.29928,0.039766
0.48396,-0.30674,0.032988
0.49643,-0.31415,0.026882
0.50278,-0.31787,0.034105
0.50918,-0.32157,0.040644
0.51563,-0.32527,0.046591
0.52215,-0.32895,0.05203
0.52873,-0.33262,0.057053
0.53538,-0.33629,0.061733
0.5421,-0.33995,0.066139
0.54889,-0.34361,0.07032
0.55576,-0.34726,0.074319
0.5627,-0.35092,0.078167
0.55993,-0.35046,0.091362
0.55713,-0.34989,0.10349
0.5543,-0.34919,0.11472
0.55145,-0.34838,0.12517
0.54858,-0.34746,0.13496
0.54569,-0.34644,0.1442
0.54279,-0.34531,0.15292
0.53987,-0.34409,0.16121
0.53694,-0.34278,0.16908
0.53399,-0.34137,0.17658
0.54195,-0.34792,0.13473
0.5503,-0.35441,0.10283
0.55899,-0.36083,0.077915
0.5679,-0.36724,0.05807
0.57691,-0.37378,0.042033
0.58598,-0.38047,0.02893
0.5951,-0.3873,0.01817
0.60425,-0.39425,0.0093172
0.61344,-0.40132,0.0020687
0.62265,-0.4085,-0.0038252
0.60572,-0.396,0.010731
0.58917,-0.38425,0.026831
0.57296,-0.37321,0.043534
0.55712,-0.36275,0.060413
0.54192,-0.35239,0.077302
0.52739,-0.34204,0.094142
0.51349,-0.3317,0.11093
0.50019,-0.32137,0.12769
0.48747,-0.31106,0.14442
0.4753,-0.30077,0.16114
0.45824,-0.28834,0.1645
0.44184,-0.27627,0.16862
0.42605,-0.26454,0.17326
0.41085,-0.25313,0.17824
0.39621,-0.24205,0.18345
0.38209,-0.23127,0.1888
0.36848,-0.2208,0.19424
0.35536,-0.21062,0.19972
0.34269,-0.20073,0.20522
0.33048,-0.19111,0.2107
0.31667,-0.18203,0.14944
0.3039,-0.17335,0.10399
0.29199,-0.16501,0.069931
0.2808,-0.15699,0.0444
0.27026,-0.14924,0.02547
0.26028,-0.14175,0.011781
0.25082,-0.13449,0.0023656
0.24182,-0.12746,-0.0035041
0.23326,-0.12063,-0.006372
0.2251,-0.11399,-0.0068456
0.22583,-0.10631,-0.009178
0.22689,-0.098069,-0.014425
0.22826,-0.08926,-0.022256
0.22996,-0.079884,-0.032408
0.232,-0.069937,-0.044654
0.23438,-0.059417,-0.058816
0.2371,-0.048321,-0.074722
0.24017,-0.036649,-0.092242
0.2436,-0.024398,-0.11123
0.2474,-0.01157,-0.13159
0.22755,-0.0043109,-0.15156
0.20881,0.0024679,-0.17265
0.19113,0.0087806,-0.1947
0.17447,0.014637,-0.21763
0.15877,0.020049,-0.2413
0.14402,0.025018,-0.26568
0.13016,0.029553,-0.29063
0.11717,0.033659,-0.31614
0.10503,0.03735,-0.34209
0.093694,0.040631,-0.3685
0.098291,0.045588,-0.31244
0.10277,0.050779,-0.26654
0.10719,0.056187,-0.22826
0.11158,0.061796,-0.19598
0.11598,0.0676,-0.16844
0.12041,0.073592,-0.14476
0.12488,0.079768,-0.12427
0.1294,0.086125,-0.10642
0.13399,0.092661,-0.090843
0.13865,0.099374,-0.077192
0.1369,0.11032,-0.11043
0.13557,0.12125,-0.14684
0.13466,0.13215,-0.18567
0.13423,0.14302,-0.22627
0.13427,0.15385,-0.26818
0.13482,0.16462,-0.31103
0.13588,0.17533,-0.35451
0.13748,0.18595,-0.39847
0.13963,0.19648,-0.44267
0.14233,0.2069,-0.48709
0.14386,0.20624,-0.50057
0.14554,0.20557,-0.5144
0.1474,0.2049,-0.52831
0.14942,0.20423,-0.54232
0.1516,0.20355,-0.55619
0.15396,0.20287,-0.56996
0.15647,0.20218,-0.58346
0.15915,0.20148,-0.59673
0.162,0.20077,-0.60961
0.16501,0.20006,-0.62216
0.15993,0.19576,-0.70037
0.15502,0.19143,-0.77678
0.15027,0.18708,-0.85136
0.14568,0.18269,-0.92435
0.14125,0.17828,-0.99568
0.13698,0.17385,-1.0657
0.13287,0.16938,-1.1343
0.12891,0.1649,-1.2018
0.12511,0.16039,-1.2679
0.12147,0.15587,-1.333
0.129,0.16912,-1.1089
0.13635,0.18228,-0.93708
0.14373,0.19534,-0.79985
0.15125,0.20831,-0.68714
0.15899,0.2212,-0.5926
0.16699,0.23402,-0.51184
0.1753,0.24677,-0.44219
0.18394,0.25947,-0.38134
0.19294,0.27212,-0.32802
0.20222,0.28479,-0.2809
0.21766,0.3058,-0.29363
0.23369,0.32766,-0.30254
0.25039,0.35029,-0.30821
0.26773,0.37367,-0.31096
0.28571,0.39779,-0.31137
0.3043,0.42263,-0.30976
0.3235,0.44817,-0.30659
0.34329,0.47439,-0.30213
0.36366,0.50129,-0.29671
0.3846,0.52883,-0.29051
0.37429,0.5149,-0.25691
0.36453,0.50165,-0.22962
0.35525,0.48903,-0.20692
0.34644,0.47698,-0.18762
0.33804,0.46546,-0.17099
0.33003,0.45443,-0.15644
0.32239,0.44385,-0.14362
0.31508,0.43369,-0.13221
0.30809,0.42393,-0.12202
0.30139,0.41453,-0.11285
0.29538,0.40513,-0.13484
0.28963,0.39605,-0.15534
0.28397,0.38736,-0.17453
0.27841,0.37907,-0.19255
0.27293,0.37114,-0.20959
0.26752,0.36356,-0.22582
0.26219,0.3563,-0.24139
0.25692,0.34936,-0.2564
0.2517,0.34271,-0.27095
0.24655,0.33634,-0.28513
0.22228,0.30558,-0.22136
0.20023,0.2774,-0.17289
0.18014,0.25158,-0.13511
0.16179,0.22792,-0.10518
0.14501,0.20623,-0.081217
0.12965,0.18634,-0.061926
0.11559,0.16812,-0.046404
0.10272,0.15143,-0.03396
0.09093,0.13614,-0.024101
0.080146,0.12216,-0.016421
0.076639,0.11861,-0.013783
0.073168,0.11515,-0.01153
0.069734,0.11176,-0.0096232
0.066335,0.10846,-0.0080171
0.062971,0.10524,-0.0066821
0.059642,0.1021,-0.0055834
0.056348,0.099037,-0.0046974
0.053088,0.096058,-0.0039977
0.049863,0.09316,-0.0034651
0.046672,0.090343,-0.0030792
0.052484,0.096728,-0.0023627
0.058476,0.10351,0.001085
0.064647,0.1107,0.0078262
0.071005,0.11831,0.017639
0.077559,0.12632,0.030316
0.084313,0.13475,0.045675
0.091275,0.14356,0.06353
0.09845,0.15277,0.083723
0.10584,0.16235,0.10608
0.11346,0.1723,0.13047
0.11289,0.1669,0.14899
0.11179,0.16209,0.16874
0.11017,0.15785,0.18961
0.10805,0.15415,0.21158
0.10544,0.15097,0.23454
0.10301,0.1478,0.2585
0.10119,0.14431,0.28335
0.099986,0.14048,0.3091
0.099386,0.13631,0.33562
0.099392,0.13179,0.3629
0.10742,0.13574,0.33429
0.11584,0.13973,0.30982
0.12467,0.14371,0.28857
0.13391,0.14768,0.26995
0.14358,0.15162,0.25341
0.15369,0.1555,0.23861
0.16424,0.15933,0.22521
0.17524,0.16308,0.21299
0.1867,0.16675,0.20174
0.19862,0.17034,0.19131
0.20494,0.1687,0.15644
0.21132,0.16708,0.12736
0.21776,0.16543,0.10292
0.22427,0.16375,0.082258
0.23086,0.16199,0.064748
0.23754,0.16016,0.049885
0.24432,0.15823,0.03731
0.2512,0.15621,0.026707
0.25818,0.15407,0.017853
0.26526,0.15182,0.010542
0.26099,0.13397,0.017365
0.25734,0.11665,0.023884
0.25426,0.099834,0.030007
0.25174,0.083484,0.035696
0.24974,0.06757,0.040978
0.24824,0.052068,0.045871
0.24723,0.036954,0.050425
0.24668,0.022204,0.054666
0.24658,0.0078006,0.058639
0.24691,-0.0062768,0.062367
0.22949,-0.010266,0.072111
0.21319,-0.013703,0.081967
0.19793,-0.016638,0.091953
0.18365,-0.019118,0.10208
0.17029,-0.021183,0.11236
0.15779,-0.022872,0.1228
0.1461,-0.024218,0.13341
0.13517,-0.025255,0.14419
0.12496,-0.026009,0.15514
0.11543,-0.026507,0.16628
0.12306,-0.027169,0.23658
0.13129,-0.027785,0.31584
0.14008,-0.0284,0.40251
0.14941,-0.029054,0.49516
0.15923,-0.029784,0.59239
0.16951,-0.03062,0.69311
0.1802,-0.03159,0.79624
0.19127,-0.032715,0.90118
0.20268,-0.034012,1.0071
0.21441,-0.035498,1.1138
0.19602,-0.051524,0.87285
0.18152,-0.064341,0.70081
0.16983,-0.074656,0.57128
0.16034,-0.082925,0.4703
0.15264,-0.089466,0.38934
0.14643,-0.094515,0.32312
0.14151,-0.098253,0.26815
0.13771,-0.10082,0.22194
0.13492,-0.10234,0.18283
0.13304,-0.10289,0.14947
0.1166,-0.089732,0.16245
0.10139,-0.078131,0.17358
0.087353,-0.067983,0.18323
0.074394,-0.059184,0.19161
0.062453,-0.051637,0.19898
0.05146,-0.045257,0.20546
0.041357,-0.039965,0.21123
0.032085,-0.035695,0.21637
0.023596,-0.032387,0.22101
0.01584,-0.029993,0.22517
0.011602,-0.033377,0.20689
0.0070487,-0.037187,0.19009
0.0021778,-0.041425,0.17459
-0.0030182,-0.046095,0.16019
-0.0085457,-0.051207,0.1468
-0.014416,-0.056772,0.13429
-0.020638,-0.062801,0.12259
-0.027226,-0.06931,0.11161
-0.034192,-0.076313,0.1013
-0.04155,-0.083826,0.091614
-0.04518,-0.091287,0.086524
-0.04895,-0.09912,0.081525
-0.052862,-0.10733,0.07664
-0.056918,-0.11592,0.071853
-0.061117,-0.1249,0.067184
-0.065462,-0.13427,0.06262
-0.069951,-0.14404,0.058182
-0.074586,-0.1542,0.053857
-0.079367,-0.16477,0.049663
-0.084293,-0.17575,0.045592
-0.086737,-0.17428,0.034043
-0.089095,-0.17291,0.024804
-0.091375,-0.17166,0.017451
-0.093586,-0.17049,0.011646
-0.095735,-0.16942,0.0071332
-0.097826,-0.16843,0.0037015
-0.099863,-0.16752,0.0011876
-0.10185,-0.16669,-0.0005455
-0.10379,-0.16593,-0.0016052
-0.10568,-0.16523,-0.0020834
-0.099573,-0.16675,-0.0022633
-0.093043,-0.1687,-0.0024531
-0.086086,-0.17106,-0.0026453
-0.078699,-0.17385,-0.0028263
-0.070876,-0.17706,-0.0030011
-0.062612,-0.18069,-0.0031978
-0.0539,-0.18474,-0.0034286
-0.044735,-0.18922,-0.0037042
-0.035112,-0.19413,-0.0040343
-0.025023,-0.19948,-0.0044268
-0.030403,-0.21099,-0.0042372
-0.036019,-0.2229,-0.0042196
-0.04187,-0.2352,-0.004348
-0.047956,-0.24788,-0.0045918
-0.054278,-0.26096,-0.0048106
-0.060835,-0.27442,-0.0049726
-0.067627,-0.28827,-0.0050892
-0.074654,-0.3025,-0.0051693
-0.081915,-0.31711,-0.0052197
-0.089409,-0.3321,-0.0052464
-0.086901,-0.3361,-0.0066065
-0.084406,-0.34021,-0.0069766
-0.081895,-0.3444,-0.0080951
-0.079365,-0.34866,-0.010036
-0.076813,-0.35301,-0.012661
-0.074241,-0.35742,-0.015877
-0.071646,-0.36192,-0.019605
-0.06903,-0.36649,-0.02379
-0.066393,-0.37113,-0.02838
-0.063735,-0.37585,-0.03334
-0.06132,-0.34165,-0.022313
-0.058959,-0.31024,-0.014951
-0.056642,-0.28138,-0.010111
-0.05436,-0.25485,-0.0070927
-0.052102,-0.23046,-0.005446
-0.049864,-0.20805,-0.0047996
-0.047673,-0.18749,-0.0038081
-0.045533,-0.16862,-0.0021405
-0.043436,-0.15134,9.7188e-05
-0.041379,-0.1355,0.0028257
-0.038479,-0.1274,0.010554
-0.035798,-0.11972,0.02044
-0.033318,-0.11243,0.032106
-0.03102,-0.1055,0.045277
-0.028892,-0.098917,0.059731
-0.02692,-0.09266,0.075307
-0.025096,-0.086712,0.091866
-0.02341,-0.081055,0.10931
-0.021855,-0.075678,0.12754
-0.020424,-0.070567,0.1465
-0.023627,-0.065828,0.12656
-0.026511,-0.061651,0.11002
-0.029078,-0.057988,0.096098
-0.031334,-0.054798,0.084263
-0.033285,-0.052047,0.074091
-0.034939,-0.049705,0.065278
-0.036305,-0.047747,0.057578
-0.03739,-0.046149,0.050809
-0.038199,-0.044894,0.044819
-0.038738,-0.043964,0.039493
-0.041115,-0.045362,0.040714
-0.043101,-0.047205,0.04191
-0.045655,-0.048648,0.043067
-0.048932,-0.049569,0.044182
-0.052968,-0.04995,0.045256
-0.057802,-0.049771,0.046284
-0.063476,-0.049006,0.047266
-0.07004,-0.047622,0.048198
-0.077543,-0.045586,0.049078
-0.08604,-0.042857,0.049904
-0.083858,-0.041143,0.05774
-0.081744,-0.039504,0.065551
-0.079693,-0.037933,0.073307
-0.0777,-0.036428,0.080987
-0.075764,-0.034985,0.088573
-0.07388,-0.033599,0.09606
-0.072045,-0.03227,0.10344
-0.070258,-0.030992,0.1107
-0.068517,-0.029764,0.11786
-0.066818,-0.028584,0.1249
-0.063567,-0.021184,0.17267
-0.060773,-0.014143,0.22597
-0.058424,-0.007439,0.28426
-0.056514,-0.0010557,0.34707
-0.055042,0.005015,0.41385
-0.054006,0.010777,0.48421
-0.053411,0.016232,0.55759
-0.053263,0.021378,0.63366
-0.05357,0.026212,0.71188
-0.05434,0.03073,0.79207
-0.058447,0.034687,0.77193
-0.062817,0.038713,0.75784
-0.067439,0.042832,0.74818
-0.072305,0.047062,0.74219
-0.077412,0.051418,0.73888
-0.082756,0.055912,0.73788
-0.088337,0.060551,0.73854
-0.094154,0.065345,0.74065
-0.10021,0.0703,0.74376
-0.10651,0.075421,0.74776
-0.11213,0.078184,0.65148
-0.11803,0.08078,0.57136
-0.12419,0.083247,0.50332
-0.1306,0.085616,0.44466
-0.13724,0.087904,0.39348
-0.14409,0.090128,0.34834
-0.15115,0.092297,0.30828
-0.15842,0.09442,0.27244
-0.16589,0.096503,0.24031
-0.17354,0.098551,0.21132
-0.16969,0.10205,0.19875
-0.16611,0.10526,0.18658
-0.16278,0.10818,0.17496
-0.15967,0.11084,0.16383
-0.15677,0.11325,0.15328
-0.15406,0.11543,0.14325
-0.15153,0.11738,0.13378
-0.14915,0.11911,0.12481
-0.14693,0.12064,0.11637
-0.14486,0.12198,0.10838
-0.14545,0.11244,0.1305
-0.1473,0.10171,0.15279
-0.15042,0.089777,0.17512
-0.15481,0.076619,0.19732
-0.1605,0.062214,0.21933
-0.16751,0.046543,0.24104
-0.17587,0.029585,0.26243
-0.18558,0.01132,0.28346
-0.19669,-0.0082658,0.30409
-0.2092,-0.029187,0.32431
-0.21533,-0.035881,0.30922
-0.22159,-0.042732,0.2959
-0.22798,-0.049739,0.28396
-0.23451,-0.056902,0.27311
-0.24117,-0.064218,0.26312
-0.24797,-0.071689,0.25382
-0.2549,-0.079312,0.24509
-0.26198,-0.087088,0.2368
-0.26918,-0.095014,0.22889
-0.27653,-0.10309,0.22129
-0.2844,-0.10061,0.19666
-0.29238,-0.09802,0.17545
-0.30047,-0.095317,0.15693
-0.30869,-0.092501,0.14058
-0.31703,-0.089572,0.12601
-0.32549,-0.08653,0.1129
-0.33408,-0.083375,0.10106
-0.34278,-0.080106,0.090268
-0.35161,-0.076723,0.080423
-0.36056,-0.073225,0.07139
-0.32318,-0.063817,0.085815
-0.28904,-0.055319,0.099313
-0.25786,-0.047641,0.11213
-0.22941,-0.040709,0.12443
-0.20347,-0.034452,0.13639
-0.17986,-0.028818,0.14812
-0.15838,-0.023751,0.15972
-0.13888,-0.019207,0.17124
-0.12122,-0.015141,0.18275
-0.10526,-0.01152,0.19427
-0.10292,-0.011,0.17736
-0.10066,-0.010459,0.16238
-0.098448,-0.0099024,0.14899
-0.096296,-0.0093332,0.13695
-0.094197,-0.0087537,0.12603
-0.092148,-0.0081668,0.11609
-0.090148,-0.0075737,0.10698
-0.088194,-0.0069764,0.098605
-0.086285,-0.0063757,0.090881
-0.084419,-0.0057732,0.08373
-0.080838,-0.010842,0.071514
-0.077643,-0.01562,0.061035
-0.074813,-0.020126,0.052003
-0.072326,-0.024378,0.044177
-0.070165,-0.028389,0.03738
-0.068314,-0.032173,0.031456
-0.066756,-0.035741,0.026291
-0.065478,-0.039102,0.021782
-0.064466,-0.042265,0.017852
-0.06371,-0.045238,0.014431
-0.063814,-0.04543,0.02022
-0.063928,-0.045617,0.026568
-0.064049,-0.045798,0.03338
-0.064174,-0.045975,0.040567
-0.064302,-0.046148,0.048063
-0.064431,-0.04632,0.055803
-0.064561,-0.046489,0.063742
-0.064689,-0.046658,0.071836
-0.064814,-0.046825,0.080049
-0.064937,-0.046992,0.088356
-0.072565,-0.055101,0.061349
-0.080876,-0.06368,0.039933
-0.089897,-0.072778,0.023456
-0.09966,-0.082442,0.011442
-0.1102,-0.092718,0.0035243
-0.12154,-0.10365,-0.00059496
-0.13372,-0.11528,-0.0016145
-0.14668,-0.12766,-0.0045596
-0.16045,-0.14084,-0.010617
-0.17506,-0.15482,-0.019592
-0.16057,-0.13878,-0.01088
-0.1473,-0.12387,-0.005479
-0.13516,-0.11,-0.0024651
-0.12405,-0.097076,-0.0012283
-0.11391,-0.085017,-0.00078433
-0.10469,-0.073748,0.00059069
-0.096313,-0.06321,0.0028117
-0.088716,-0.053351,0.0057322
-0.081843,-0.04412,0.0092451
-0.075645,-0.035473,0.013271
-0.076751,-0.02774,0.01301
-0.078431,-0.019563,0.012817
-0.08069,-0.010928,0.012682
-0.083536,-0.00182,0.012598
-0.08698,0.0077789,0.012557
-0.091035,0.017887,0.012557
-0.095715,0.028522,0.012592
-0.10104,0.039706,0.01266
-0.10701,0.051459,0.012759
-0.11367,0.0638,0.012886
-0.1085,0.05902,0.024705
-0.10357,0.054384,0.038848
-0.098848,0.049886,0.054783
-0.09433,0.04552,0.072119
-0.089998,0.041285,0.090552
-0.085841,0.037177,0.10986
-0.081852,0.033195,0.12986
-0.078023,0.029337,0.15041
-0.074349,0.025602,0.1714
-0.070824,0.021991,0.19275
-0.07609,0.024741,0.17358
-0.081565,0.027642,0.15702
-0.087254,0.030695,0.1426
-0.093162,0.033906,0.12995
-0.099293,0.037275,0.11879
-0.10565,0.040808,0.10889
-0.11225,0.044507,0.10005
-0.11907,0.048376,0.092134
-0.12614,0.052418,0.085007
-0.13345,0.056637,0.078562
-0.12881,0.054819,0.06158
-0.12441,0.053082,0.047714
-0.12022,0.051419,0.036384
-0.11624,0.049827,0.027147
-0.11243,0.048299,0.019671
-0.1088,0.046831,0.013687
-0.10532,0.04542,0.008994
-0.10199,0.044062,0.0054205
-0.098791,0.042752,0.002836
-0.095722,0.041489,0.0011265
-0.095724,0.029108,0.0039788
-0.096555,0.016677,0.0082736
-0.098216,0.0041789,0.013762
-0.10071,-0.0084035,0.020247
-0.10405,-0.021087,0.027584
-0.10825,-0.033889,0.035646
-0.11333,-0.046823,0.044335
-0.11931,-0.059902,0.053563
-0.12621,-0.073138,0.063253
-0.13405,-0.086539,0.073339
-0.14089,-0.087734,0.061698
-0.14798,-0.088813,0.051654
-0.15531,-0.089776,0.042964
-0.16289,-0.090622,0.035437
-0.17073,-0.091348,0.028915
-0.17881,-0.091952,0.023269
-0.18716,-0.092433,0.018393
-0.19575,-0.092789,0.014196
-0.2046,-0.093016,0.010608
-0.2137,-0.093113,0.0075651
-0.20881,-0.09033,0.00071044
-0.20409,-0.087691,-0.0013794
-0.19951,-0.08516,-0.0030199
-0.19504,-0.082711,-0.0076775
-0.19066,-0.08034,-0.014808
-0.18637,-0.078041,-0.024004
-0.18217,-0.075811,-0.034947
-0.17805,-0.073645,-0.047394
-0.17401,-0.071542,-0.061143
-0.17003,-0.069496,-0.07604
-0.17259,-0.072493,-0.05425
-0.17512,-0.075463,-0.037885
-0.17763,-0.078412,-0.025667
-0.18013,-0.081348,-0.016686
-0.18262,-0.084273,-0.010268
-0.18511,-0.08719,-0.0059124
-0.18761,-0.090102,-0.0032383
-0.1901,-0.09301,-0.0019544
-0.19261,-0.095915,-0.0017156
-0.19513,-0.098824,-0.00095769
-0.18958,-0.099224,-0.0018186
-0.18432,-0.09955,-0.0027317
-0.1793,-0.099799,-0.0050002
-0.17453,-0.099975,-0.0083134
-0.16997,-0.10008,-0.012449
-0.16563,-0.10012,-0.017247
-0.16148,-0.10008,-0.022588
-0.15752,-0.09999,-0.028384
-0.15374,-0.099831,-0.034569
-0.15012,-0.099612,-0.041092
-0.14692,-0.096491,-0.023008
-0.14379,-0.093442,-0.011253
-0.14071,-0.090459,-0.0044866
-0.13769,-0.087539,-0.0017426
-0.13474,-0.084682,-0.00084796
-0.13188,-0.081896,0.0025244
-0.12912,-0.079175,0.0082491
-0.12644,-0.076515,0.016005
-0.12383,-0.07391,0.025534
-0.1213,-0.071358,0.036634
-0.11773,-0.066809,0.038418
-0.11429,-0.062362,0.04036
-0.11098,-0.058013,0.042434
-0.10779,-0.053761,0.044627
-0.10472,-0.049602,0.046917
-0.10177,-0.045534,0.049294
-0.098925,-0.041554,0.051742
-0.096192,-0.03766,0.054252
-0.093563,-0.033849,0.056812
-0.091037,-0.03012,0.059416
-0.083462,-0.02272,0.08573
-0.076533,-0.015825,0.11533
-0.070213,-0.0093988,0.14787
-0.064474,-0.0034154,0.18309
-0.059297,0.0021462,0.22077
-0.05467,0.0073005,0.26075
-0.050586,0.012057,0.30281
-0.047045,0.01642,0.34686
-0.04405,0.020391,0.39269
-0.041605,0.023969,0.44024
-0.043605,0.031906,0.42344
-0.046321,0.04004,0.40927
-0.04974,0.048392,0.39706
-0.053854,0.056977,0.38652
-0.058664,0.065812,0.37722
-0.064175,0.074912,0.369
-0.070391,0.08429,0.3616
-0.077321,0.093959,0.35491
-0.084714,0.10413,0.34875
-0.0922,0.11511,0.34305
-0.08957,0.11313,0.29061
-0.087064,0.11116,0.24748
-0.084655,0.10921,0.21146
-0.082325,0.10728,0.18105
-0.080058,0.10538,0.15514
-0.077844,0.10349,0.13289
-0.075676,0.10163,0.11368
-0.073546,0.099789,0.097004
-0.071452,0.097974,0.082504
-0.069388,0.096184,0.069846
-0.069614,0.099377,0.062257
-0.069624,0.10277,0.055114
-0.069419,0.10636,0.048435
-0.068998,0.11016,0.042199
-0.068361,0.11415,0.036418
-0.067508,0.11834,0.031073
-0.066436,0.12274,0.026172
-0.065144,0.12733,0.0217
-0.063631,0.13213,0.017663
-0.061894,0.13714,0.014046
-0.055644,0.14518,0.015417
-0.048302,0.15408,0.016612
-0.039834,0.16387,0.017631
-0.030204,0.17456,0.018465
-0.019381,0.18619,0.019125
-0.0073311,0.19875,0.019608
0.0059761,0.21228,0.019932
0.020569,0.2268,0.0201
0.036475,0.2423,0.020133
0.053715,0.25881,0.020038
0.050407,0.2545,0.011778
0.047208,0.25036,0.006242
0.044113,0.24636,0.0027668
0.04112,0.24251,0.00087813
0.038223,0.2388,0.00023752
0.035427,0.23521,-0.00024538
0.032734,0.23173,-0.0015338
0.030137,0.22837,-0.0034879
0.027631,0.22511,-0.0059948
0.025208,0.22194,-0.0089682
0.020116,0.22681,-0.0040554
0.015036,0.23184,-0.0013978
0.0099582,0.23702,-0.00041449
0.0048671,0.24235,-0.00020982
-0.00025358,0.24785,0.00082288
-0.0054057,0.2535,0.0025936
-0.010589,0.2593,0.0049453
-0.015803,0.26525,0.0077602
-0.021049,0.27136,0.010954
-0.026325,0.27762,0.014461
-0.022713,0.27862,0.012285
-0.019115,0.27965,0.010504
-0.015529,0.28071,0.0090213
-0.011954,0.2818,0.0077658
-0.0083891,0.28292,0.006686
-0.0048344,0.28406,0.0057427
-0.0012889,0.28523,0.0049078
0.0022471,0.28643,0.0041591
0.0057744,0.28764,0.0034809
0.0092927,0.28888,0.0028601
0.0050833,0.27109,0.00063284
0.0013616,0.25429,-0.00071563
-0.0019172,0.23839,-0.0014103
-0.0047942,0.22336,-0.0016047
-0.0073037,0.20914,-0.0017599
-0.0094779,0.19567,-0.0022227
-0.011347,0.18292,-0.0029372
-0.012939,0.17084,-0.0038618
-0.014279,0.1594,-0.0049639
-0.01539,0.14856,-0.0062184
-0.007885,0.13517,-0.0077823
-0.0010778,0.12288,-0.0095093
0.0050792,0.11161,-0.011379
0.01063,0.10129,-0.013374
0.015614,0.091875,-0.015481
0.020071,0.08329,-0.017689
0.024034,0.075485,-0.019988
0.027536,0.068408,-0.02237
0.030607,0.062014,-0.024828
0.033274,0.056259,-0.027358
0.033313,0.055656,-0.049336
0.03334,0.054933,-0.077071
0.033349,0.054081,-0.11019
0.033335,0.053097,-0.14837
0.033293,0.051975,-0.19125
0.033216,0.050715,-0.23853
0.033102,0.049317,-0.28986
0.032946,0.04778,-0.34494
0.032745,0.046109,-0.40341
0.032495,0.044305,-0.46504
0.032724,0.044886,-0.43945
0.032981,0.045404,-0.41815
0.033261,0.045874,-0.40007
0.033562,0.046305,-0.38461
0.033882,0.046704,-0.37117
0.034219,0.047076,-0.35942
0.034571,0.047427,-0.34899
0.034938,0.047759,-0.33968
0.035318,0.048076,-0.33125
0.035712,0.048381,-0.32359
0.039957,0.055184,-0.28553
0.04439,0.062186,-0.25224
0.049015,0.069407,-0.22286
0.053837,0.076863,-0.19677
0.05886,0.084568,-0.17351
0.064088,0.092536,-0.15267
0.069524,0.10078,-0.13398
0.075172,0.1093,-0.11716
0.081035,0.11811,-0.10206
0.087114,0.12723,-0.088473
0.073539,0.12166,-0.069481
0.060965,0.11666,-0.05399
0.049312,0.11216,-0.041371
0.038512,0.10815,-0.031116
0.028503,0.10458,-0.022866
0.019227,0.10143,-0.016309
0.010637,0.098662,-0.011222
0.0026858,0.096264,-0.0074068
-0.0046648,0.094211,-0.0047157
-0.011451,0.092485,-0.0030148
-0.015011,0.082532,-0.0024399
-0.017813,0.073656,-0.001954
-0.019924,0.06577,-0.0015676
-0.0214,0.058789,-0.0012819
-0.022294,0.052638,-0.0010876
-0.022651,0.047249,-0.00087387
-0.022513,0.042557,-0.00061304
-0.021916,0.038502,-0.00030653
-0.02089,0.035029,4.2199e-05
-0.019462,0.032089,0.00043169
-0.019164,0.031646,-0.00052959
-0.018848,0.031221,-0.0009458
-0.018539,0.030774,-0.0025164
-0.018235,0.030307,-0.0051931
-0.017938,0.029825,-0.0088939
-0.017647,0.029331,-0.01355
-0.017362,0.028829,-0.019106
-0.017081,0.028321,-0.025513
-0.016803,0.027809,-0.03273
-0.016529,0.027297,-0.040716
-0.017914,0.029256,-0.039524
-0.01929,0.031313,-0.03839
-0.020655,0.033469,-0.037307
-0.022008,0.035724,-0.036275
-0.023348,0.038079,-0.035288
-0.024727,0.040501,-0.034343
-0.026194,0.042962,-0.033437
-0.027749,0.045461,-0.032567
-0.029393,0.047999,-0.031731
-0.031126,0.050574,-0.030927
-0.029686,0.046096,-0.036774
-0.028658,0.041602,-0.042871
-0.028033,0.037093,-0.049192
-0.027802,0.032569,-0.055718
-0.027964,0.028031,-0.062433
-0.028517,0.023477,-0.069329
-0.029463,0.018904,-0.076392
-0.030807,0.01431,-0.083617
-0.032555,0.0096902,-0.090989
-0.034716,0.0050417,-0.098506
-0.032303,0.0032264,-0.11183
-0.030023,0.0015397,-0.12554
-0.027867,-1.8626e-05,-0.1396
-0.025832,-0.0014482,-0.15398
-0.023911,-0.0027484,-0.16864
-0.022101,-0.0039182,-0.18358
-0.0204,-0.0049561,-0.19876
-0.018804,-0.0058604,-0.21417
-0.017312,-0.0066288,-0.22977
-0.015922,-0.0072591,-0.24558
-0.013249,-0.0047248,-0.20118
-0.011049,-0.0025418,-0.16494
-0.0092565,-0.00065087,-0.13503
-0.0078173,0.00099444,-0.11019
-0.0066867,0.0024311,-0.089456
-0.0058268,0.0036897,-0.072092
-0.0052056,0.0047953,-0.057531
-0.0047955,0.0057694,-0.045319
-0.0045734,0.0066301,-0.035103
-0.0045199,0.0073928,-0.026586
-0.0058142,0.0078937,-0.034795
-0.0078672,0.0081035,-0.044551
-0.010794,0.0079763,-0.056021
-0.014721,0.0074612,-0.06931
-0.019782,0.0065032,-0.084488
-0.026115,0.0050461,-0.10155
-0.033859,0.0030331,-0.12046
-0.043152,0.00040846,-0.14108
-0.054131,-0.0028823,-0.16325
-0.066925,-0.0068906,-0.18676
-0.066776,-0.0060858,-0.18436
-0.066633,-0.0052921,-0.1826
-0.066494,-0.0045078,-0.18135
-0.066359,-0.003731,-0.18055
-0.066227,-0.0029606,-0.18014
-0.066098,-0.0021952,-0.18007
-0.065969,-0.0014342,-0.18027
-0.065842,-0.00067666,-0.18073
-0.065715,7.7864e-05,-0.1814
-0.065589,0.00083002,-0.18226
-0.066832,0.0051031,-0.18302
-0.068196,0.0096288,-0.18378
-0.069682,0.014409,-0.18454
-0.071289,0.019447,-0.1853
-0.073018,0.024743,-0.18603
-0.074868,0.030301,-0.18673
-0.076841,0.036121,-0.18741
-0.078936,0.042208,-0.18804
-0.081154,0.048561,-0.18862
-0.083495,0.055183,-0.18916
-0.071406,0.044892,-0.19204
-0.060553,0.035863,-0.19511
-0.050847,0.028016,-0.19832
-0.042207,0.021276,-0.20168
-0.034557,0.015576,-0.20514
-0.027829,0.010853,-0.2087
-0.021962,0.0070507,-0.21233
-0.016901,0.0041172,-0.21602
-0.012596,0.0020091,-0.21976
-0.0090069,0.0006888,-0.22353
-0.0079835,0.0019025,-0.21509
-0.0070949,0.0031102,-0.20738
-0.006335,0.0043139,-0.2003
-0.0056985,0.005515,-0.19377
-0.0051806,0.0067154,-0.18771
-0.0047775,0.0079161,-0.18207
-0.0044851,0.0091191,-0.17679
-0.0043004,0.010325,-0.17183
-0.0042205,0.011536,-0.16716
-0.004243,0.012752,-0.16274
-0.0053569,0.014488,-0.12319
-0.006551,0.016437,-0.091506
-0.0078212,0.018587,-0.066126
-0.0091655,0.02093,-0.045897
-0.010583,0.023464,-0.029995
-0.012077,0.02619,-0.017803
-0.013623,0.029127,-0.0089184
-0.015153,0.032317,-0.0030665
-0.016668,0.035772,-9.961e-05
-0.018179,0.039497,0.00063476
-0.016751,0.036592,-0.0002165
-0.015353,0.033864,-0.0034338
-0.013978,0.031304,-0.0092002
-0.012625,0.028896,-0.017236
-0.011295,0.026629,-0.027357
-0.0099883,0.024493,-0.039427
-0.0087047,0.02248,-0.053365
-0.007445,0.020586,-0.069099
-0.0062097,0.018807,-0.086582
-0.0050006,0.017139,-0.10576
-0.0064929,0.020051,-0.11525
-0.0079062,0.02342,-0.12501
-0.0095967,0.027113,-0.13503
-0.011735,0.031083,-0.14526
-0.014348,0.035349,-0.15566
-0.017462,0.039932,-0.1662
-0.021103,0.044852,-0.17681
-0.025296,0.050127,-0.18747
-0.030067,0.055779,-0.19811
-0.03544,0.061826,-0.20872
-0.034045,0.061187,-0.16928
-0.032745,0.060635,-0.1368
-0.031544,0.060149,-0.10985
-0.030441,0.059713,-0.087377
-0.029435,0.059315,-0.068612
-0.028523,0.058946,-0.052959
-0.027702,0.058599,-0.039959
-0.026967,0.058266,-0.029246
-0.026316,0.057942,-0.020537
-0.025746,0.057622,-0.013595
-0.025183,0.056964,-0.022742
-0.0246,0.056309,-0.033772
-0.023998,0.055648,-0.046512
-0.02338,0.054978,-0.060802
-0.022747,0.054291,-0.076509
-0.022102,0.053586,-0.093499
-0.021446,0.052857,-0.11166
-0.020783,0.052103,-0.13087
-0.020115,0.051322,-0.15104
-0.019443,0.050512,-0.17206
-0.019801,0.050483,-0.1687
-0.020216,0.050417,-0.16562
-0.02069,0.050314,-0.16276
-0.021222,0.050175,-0.16011
-0.021812,0.050002,-0.15761
-0.022462,0.049794,-0.15527
-0.023172,0.049553,-0.15305
-0.023941,0.04928,-0.15095
-0.024771,0.048974,-0.14892
-0.025661,0.048637,-0.14699
-0.020877,0.042327,-0.10826
-0.016957,0.036702,-0.078628
-0.013787,0.031686,-0.055936
-0.011266,0.02721,-0.038643
-0.0093034,0.023217,-0.025618
-0.0078115,0.019657,-0.015991
-0.0064325,0.016595,-0.0091019
-0.0050141,0.014023,-0.0044288
-0.0035702,0.01187,-0.0015721
-0.0021067,0.010073,-0.00022103
-0.0013833,0.011758,-0.0010949
-0.00031459,0.013682,-0.0027609
0.0011336,0.015863,-0.0053031
0.0029971,0.018317,-0.0087955
0.0053127,0.021062,-0.013305
0.008117,0.024114,-0.018875
0.011446,0.027491,-0.025533
0.015336,0.031207,-0.033276
0.01982,0.035277,-0.042084
0.024932,0.039717,-0.051908
0.026122,0.039081,-0.047157
0.027299,0.038457,-0.042782
0.028463,0.037846,-0.038746
0.029613,0.037248,-0.035021
0.03075,0.036662,-0.031581
0.031874,0.036088,-0.028401
0.032984,0.035526,-0.025465
0.034081,0.034977,-0.022752
0.035165,0.034439,-0.020249
0.036235,0.033914,-0.017942
0.039736,0.037404,-0.02266
0.04346,0.041144,-0.027841
0.047413,0.045141,-0.033449
0.0516,0.049405,-0.039442
0.056025,0.053944,-0.04578
0.060692,0.058764,-0.052423
0.065604,0.063873,-0.059332
0.070764,0.069277,-0.066471
0.076175,0.074983,-0.073804
0.081839,0.080994,-0.081305
0.085286,0.077777,-0.077561
0.088681,0.074744,-0.074212
0.092026,0.071893,-0.071188
0.095322,0.069221,-0.068443
0.098571,0.066724,-0.06593
0.10177,0.064403,-0.063618
0.10493,0.062253,-0.061476
0.10804,0.060272,-0.059483
0.11112,0.058458,-0.057618
0.11415,0.05681,-0.055866
0.12524,0.062239,-0.055278
0.13704,0.067976,-0.054711
0.14956,0.074025,-0.054164
0.16282,0.080388,-0.053638
0.17681,0.087069,-0.053131
0.19157,0.094068,-0.052644
0.20708,0.10139,-0.052176
0.22336,0.10902,-0.051726
0.24042,0.11698,-0.051294
0.25824,0.12525,-0.050878
0.23674,0.11885,-0.046232
0.21676,0.11302,-0.041988
0.19816,0.10773,-0.038096
0.18084,0.10293,-0.034516
0.16471,0.098581,-0.031215
0.14968,0.094652,-0.028166
0.13566,0.091114,-0.025349
0.12259,0.087937,-0.022743
0.1104,0.085099,-0.020334
0.099021,0.082574,-0.018108
0.098127,0.079385,-0.026875
0.097239,0.076288,-0.036802
0.096357,0.07328,-0.047679
0.095477,0.070359,-0.059339
0.094599,0.067523,-0.071655
0.093721,0.06477,-0.084533
0.092843,0.062098,-0.097891
0.091962,0.059507,-0.11168
0.091079,0.056994,-0.12583
0.090191,0.054558,-0.14032
0.085597,0.05791,-0.17612
0.080846,0.061729,-0.21437
0.075937,0.066036,-0.2547
0.070871,0.070854,-0.29679
0.06565,0.076203,-0.34032
0.060276,0.082103,-0.38508
0.054751,0.088571,-0.43078
0.049079,0.095622,-0.47731
0.043263,0.10327,-0.52439
0.037308,0.11153,-0.57199
0.023338,0.10323,-0.42812
0.011935,0.095797,-0.32362
0.0027781,0.089175,-0.24528
-0.0044111,0.083281,-0.18538
-0.0098707,0.07804,-0.13895
-0.013804,0.073387,-0.10269
-0.016386,0.069258,-0.074322
-0.017764,0.065601,-0.052177
-0.018062,0.062369,-0.035077
-0.017402,0.059513,-0.0221
-0.016404,0.056452,-0.021281
-0.015338,0.05356,-0.020375
-0.014182,0.050835,-0.019422
-0.012936,0.048268,-0.018427
-0.011599,0.045854,-0.017418
-0.010171,0.043584,-0.016396
-0.0086513,0.041451,-0.015381
-0.0070389,0.039449,-0.014375
-0.0053333,0.037571,-0.01339
-0.0035334,0.035812,-0.012426
-0.0031984,0.032908,-0.010521
-0.0029063,0.030197,-0.0087928
-0.0026533,0.027667,-0.0072416
-0.0024354,0.025311,-0.0058586
-0.0022488,0.023118,-0.0046416
-0.0020899,0.02108,-0.0035817
-0.0019553,0.019189,-0.002675
-0.0018418,0.017437,-0.001913
-0.0017461,0.015816,-0.0012909
-0.0016653,0.014318,-0.00080087
-0.00069252,0.015216,-0.0014111
0.00055326,0.0162,-0.0022069
0.0020879,0.017273,-0.0031947
0.0039284,0.018441,-0.0043768
0.0060923,0.019706,-0.0057574
0.0085979,0.021073,-0.0073339
0.011464,0.022545,-0.0091053
0.014708,0.024126,-0.011063
0.018348,0.025819,-0.013201
0.022404,0.027628,-0.015505
0.018188,0.028888,-0.01977
0.014213,0.030325,-0.024407
0.010473,0.031944,-0.029386
0.0069657,0.033749,-0.034683
0.0036858,0.035746,-0.040277
0.00063168,0.037943,-0.046149
-0.0021982,0.040346,-0.052281
-0.004804,0.042966,-0.058659
-0.0071854,0.045809,-0.065263
-0.0093411,0.048886,-0.07208
-0.010134,0.050452,-0.073149
-0.010888,0.052053,-0.074305
-0.011604,0.053689,-0.075538
-0.012279,0.055358,-0.076848
-0.012915,0.05706,-0.078225
-0.013511,0.058795,-0.079671
-0.014066,0.060561,-0.081177
-0.01458,0.062359,-0.082744
-0.015052,0.064189,-0.084364
-0.015483,0.066048,-0.086039
-0.014823,0.063979,-0.063234
-0.014192,0.061955,-0.045115
-0.013679,0.059955,-0.030864
-0.013275,0.057979,-0.019869
-0.012969,0.056027,-0.011655
-0.012753,0.054099,-0.0058506
-0.012619,0.052195,-0.0021654
-0.012562,0.050313,-0.00036722
-0.012577,0.048454,4.8767e-05
-0.012652,0.046624,0.0015226
-0.011232,0.045071,0.0059138
-0.010055,0.043512,0.012787
-0.0091109,0.041945,0.021938
-0.0083955,0.040369,0.03323
-0.0079015,0.038785,0.04656
-0.007341,0.03725,0.061864
-0.0065642,0.035795,0.079082
-0.0055618,0.03442,0.098177
-0.004322,0.033124,0.11909
-0.002831,0.03191,0.1418
-0.0014126,0.033654,0.14297
0.00037181,0.03551,0.14445
0.0025284,0.03748,0.14619
0.0050639,0.039564,0.1482
0.0079857,0.041764,0.15045
0.011301,0.044083,0.15293
0.015019,0.046521,0.15563
0.019146,0.04908,0.15854
0.023691,0.051761,0.16165
0.028661,0.054565,0.16497
0.024452,0.057159,0.15124
0.020454,0.059867,0.13934
0.016656,0.062688,0.12892
0.013052,0.065621,0.11973
0.0096366,0.068667,0.11154
0.0064031,0.071826,0.1042
0.0033472,0.075099,0.097568
0.00046493,0.078488,0.091548
-0.0022473,0.081994,0.08605
-0.0047924,0.085619,0.081001
-0.0075844,0.087143,0.075174
-0.010003,0.088767,0.069897
-0.012059,0.090487,0.065092
-0.01376,0.0923,0.06069
-0.015112,0.094202,0.056644
-0.016121,0.096192,0.052903
-0.016791,0.098267,0.049435
-0.01714,0.10042,0.046206
-0.017606,0.10258,0.043191
-0.018399,0.10471,0.040361
-0.019647,0.10911,0.041273
-0.021094,0.11364,0.042148
-0.022747,0.1183,0.042994
-0.024609,0.12309,0.043804
-0.026686,0.12803,0.044585
-0.028983,0.13311,0.045333
-0.031505,0.13834,0.046051
-0.034256,0.14372,0.046738
-0.03724,0.14926,0.047401
-0.040461,0.15495,0.048034
-0.042209,0.1635,0.065392
-0.043977,0.17228,0.084216
-0.045762,0.18129,0.10416
-0.047562,0.19053,0.12493
-0.049373,0.2,0.14628
-0.051194,0.20969,0.16801
-0.053024,0.21961,0.18996
-0.054862,0.22975,0.21202
-0.056707,0.24012,0.23408
-0.058559,0.25071,0.25609
-0.051754,0.24425,0.20851
-0.045914,0.23786,0.17117
-0.040947,0.23156,0.14122
-0.036777,0.22534,0.11682
-0.033345,0.21919,0.096649
-0.030601,0.21311,0.079811
-0.028504,0.2071,0.065645
-0.027018,0.20115,0.053655
-0.02565,0.19533,0.043485
-0.02383,0.18969,0.034851
-0.024581,0.18898,0.046645
-0.024706,0.18835,0.05909
-0.025634,0.18762,0.071993
-0.027514,0.18676,0.08521
-0.030342,0.18579,0.098655
-0.034113,0.18471,0.11225
-0.038828,0.1835,0.12593
-0.044488,0.18219,0.13967
-0.0511,0.18076,0.15343
-0.058668,0.17922,0.16718
-0.054994,0.18778,0.14475
-0.051661,0.19643,0.12573
-0.048646,0.20519,0.10943
-0.045932,0.21406,0.095334
-0.043503,0.22303,0.083058
-0.041347,0.23213,0.072296
-0.039454,0.24135,0.06282
-0.037816,0.2507,0.054434
-0.036426,0.26018,0.046996
-0.035278,0.26979,0.040381
-0.033382,0.26585,0.030264
-0.031648,0.26198,0.02203
-0.030066,0.25818,0.015412
-0.028623,0.25445,0.010191
-0.027311,0.25078,0.0062011
-0.026121,0.24717,0.0033016
-0.025045,0.24362,0.0013825
-0.024076,0.24012,0.00034797
-0.02321,0.23667,9.6112e-05
-0.022427,0.23327,-0.0003827
-0.021555,0.22904,-0.00010373
-0.020576,0.22488,5.1065e-05
-0.019034,0.22083,0.00013335
-0.016942,0.21689,0.00017246
-0.014317,0.21305,0.0001999
-0.01117,0.2093,0.00024656
-0.0075112,0.20564,0.00030628
-0.0033504,0.20206,0.00037324
0.0013046,0.19856,0.0004445
0.0064475,0.19514,0.00051731
0.006454,0.201,-0.0010569
0.0065034,0.20694,-0.0068516
0.0065895,0.21298,-0.016428
0.0067055,0.2191,-0.029177
0.0068451,0.22531,-0.044607
0.0070036,0.2316,-0.062324
0.0071763,0.23798,-0.081997
0.0073601,0.24443,-0.10336
0.0075512,0.25097,-0.12619
0.0077474,0.25758,-0.15029
0.0016294,0.28489,-0.088342
-0.0040531,0.31365,-0.046363
-0.0093737,0.34397,-0.019621
-0.014378,0.37598,-0.0049145
-0.019097,0.40977,6.9522e-05
-0.023583,0.44542,0.0030725
-0.027882,0.48299,0.012642
-0.031975,0.52255,0.027805
-0.035844,0.56415,0.047725
-0.039469,0.60784,0.071739
-0.037352,0.58993,0.089064
-0.03524,0.57247,0.10804
-0.033129,0.55544,0.12846
-0.031015,0.53882,0.15015
-0.028897,0.52261,0.17292
-0.02677,0.50677,0.19664
-0.024633,0.49132,0.22113
-0.022482,0.47622,0.2463
-0.020318,0.46148,0.27197
-0.018136,0.44708,0.29811
-0.01966,0.41671,0.3213
-0.020155,0.38822,0.34522
-0.019685,0.36145,0.36961
-0.01831,0.33627,0.39441
-0.017171,0.31252,0.41944
-0.017042,0.29006,0.44469
-0.017871,0.26879,0.47001
-0.019612,0.24864,0.49543
-0.022226,0.22955,0.52079
-0.025679,0.21145,0.54616
-0.024261,0.21974,0.51058
-0.022938,0.22809,0.48122
-0.021701,0.23651,0.45647
-0.020545,0.24501,0.43534
-0.019466,0.25358,0.417
-0.01846,0.26223,0.40089
-0.017523,0.27097,0.38654
-0.016652,0.27979,0.37364
-0.015846,0.2887,0.36191
-0.015102,0.29769,0.35115
-0.012317,0.30023,0.33303
-0.010535,0.30273,0.31603
-0.0097089,0.30519,0.30001
-0.0092632,0.30764,0.28484
-0.0079931,0.31012,0.27042
-0.0058827,0.31262,0.25665
-0.0029603,0.31515,0.24351
0.00075029,0.31769,0.2309
0.0052272,0.32025,0.2188
0.010452,0.32282,0.20717
0.011676,0.33428,0.2003
0.012943,0.34592,0.19309
0.014251,0.35774,0.18565
0.015603,0.36973,0.17804
0.016998,0.38189,0.17035
0.018437,0.39422,0.16262
0.019921,0.40672,0.15491
0.021449,0.41938,0.14723
0.023021,0.43221,0.13963
0.024639,0.44518,0.13212
0.017064,0.423,0.098921
0.01089,0.4022,0.073933
0.0059413,0.38264,0.054797
0.002072,0.36419,0.039942
-0.00083951,0.34675,0.028343
-0.002896,0.33023,0.019253
-0.0041869,0.31457,0.012163
-0.0047887,0.29969,0.0066731
-0.0047688,0.28553,0.0024992
-0.0045515,0.27204,-0.00059053
-0.0043714,0.26832,-0.0017727
-0.0042154,0.26463,-0.0028972
-0.0040848,0.26097,-0.0039048
-0.0039798,0.25735,-0.0047588
-0.0039021,0.25375,-0.0054265
-0.0038522,0.25019,-0.0058894
-0.0038316,0.24665,-0.006133
-0.0038422,0.24315,-0.0062617
-0.0038894,0.23967,-0.0065932
-0.0039739,0.23621,-0.007148
-0.0027262,0.24104,-0.0069993
-0.001911,0.24589,-0.0070462
-0.0015226,0.25077,-0.0072323
-0.0011561,0.25568,-0.0075156
-0.00036169,0.26062,-0.0077827
0.00085775,0.26561,-0.0080151
0.0024979,0.27063,-0.0082275
0.0045558,0.27568,-0.0084309
0.007028,0.28077,-0.0086324
0.0099122,0.2859,-0.0088377
0.0084481,0.28046,-0.0094654
0.0071569,0.27521,-0.0095783
0.0060219,0.27011,-0.0099098
0.0050349,0.26515,-0.010578
0.0041886,0.26032,-0.011513
0.0034778,0.25563,-0.012662
0.0028961,0.25105,-0.013986
0.0024387,0.24659,-0.015454
0.0020999,0.24224,-0.017044
0.0018756,0.23799,-0.018737
0.002149,0.23972,-0.020177
0.0024355,0.24143,-0.021686
0.0027344,0.2431,-0.023261
0.0030464,0.24474,-0.024897
0.003371,0.24636,-0.026591
0.0037087,0.24794,-0.028339
0.0040591,0.24949,-0.030136
0.0044227,0.25101,-0.031979
0.004799,0.25249,-0.033864
0.0051886,0.25395,-0.035787
0.0061476,0.26049,-0.040645
0.0072314,0.26711,-0.045509
0.008439,0.27381,-0.050346
0.0097706,0.28058,-0.055131
0.011225,0.28743,-0.059846
0.012801,0.29436,-0.064481
0.014499,0.30136,-0.069025
0.016316,0.30845,-0.073474
0.018252,0.31562,-0.077819
0.020304,0.32286,-0.08206
0.02246,0.31837,-0.073754
0.024713,0.31383,-0.067038
0.027062,0.30927,-0.061513
0.029509,0.30469,-0.056893
0.032054,0.30011,-0.052977
0.034697,0.29554,-0.049611
0.037436,0.29096,-0.046683
0.040272,0.2864,-0.044105
0.043202,0.28186,-0.041814
0.046228,0.27733,-0.039755
0.057082,0.26288,-0.059835
0.069224,0.24855,-0.083686
0.082661,0.23435,-0.11051
0.097405,0.22028,-0.13974
0.11347,0.20634,-0.17094
0.13087,0.19254,-0.20382
0.14961,0.17888,-0.23812
0.16973,0.16537,-0.27368
0.19122,0.15201,-0.31029
0.2141,0.13882,-0.34789
0.19903,0.14074,-0.36441
0.18497,0.1427,-0.3804
0.17184,0.14469,-0.39575
0.15958,0.14673,-0.41054
0.14813,0.1488,-0.42469
0.13743,0.15091,-0.43827
0.12743,0.15307,-0.45118
0.11809,0.15527,-0.46352
0.10938,0.15751,-0.47519
0.10124,0.15979,-0.48628
0.10899,0.15963,-0.45223
0.1169,0.15919,-0.42464
0.12497,0.15854,-0.40183
0.1332,0.15772,-0.38269
0.14159,0.15678,-0.36636
0.15015,0.15574,-0.35226
0.15886,0.15461,-0.33991
0.16773,0.15341,-0.32897
0.17676,0.15216,-0.31918
0.18594,0.15085,-0.31033
0.17899,0.14974,-0.24564
0.17244,0.14828,-0.19408
0.16622,0.14657,-0.15247
0.16032,0.1447,-0.11862
0.15469,0.14272,-0.091021
0.14932,0.14065,-0.06853
0.14418,0.13854,-0.050341
0.13925,0.13639,-0.035786
0.13453,0.13423,-0.024388
0.12999,0.13207,-0.015728
0.13097,0.11631,-0.023473
0.13195,0.10166,-0.031895
0.13293,0.088074,-0.040622
0.1339,0.075511,-0.049405
0.13487,0.063929,-0.058132
0.13585,0.05329,-0.066717
0.13682,0.043558,-0.075142
0.1378,0.0347,-0.083378
0.13879,0.026686,-0.091439
0.13979,0.019488,-0.099319
0.14082,0.021526,-0.11563
0.14185,0.023703,-0.13227
0.14289,0.026021,-0.14915
0.14392,0.028488,-0.1662
0.14497,0.031105,-0.18334
0.14601,0.033876,-0.20056
0.14706,0.036802,-0.21779
0.14812,0.039886,-0.23502
0.14917,0.043129,-0.25222
0.15024,0.046532,-0.26938
0.15191,0.042534,-0.20807
0.15367,0.038574,-0.16011
0.1555,0.034692,-0.12211
0.15739,0.030912,-0.091807
0.15933,0.027251,-0.067606
0.16132,0.02372,-0.048341
0.16335,0.020325,-0.033164
0.16542,0.017071,-0.021416
0.16753,0.013963,-0.012607
0.16967,0.011001,-0.0063377
0.16263,0.014914,-0.0091163
0.15582,0.019017,-0.012031
0.14924,0.023308,-0.015017
0.14286,0.027784,-0.018026
0.1367,0.032441,-0.021035
0.13075,0.037277,-0.024022
0.12499,0.042292,-0.026986
0.11943,0.047484,-0.029917
0.11406,0.052853,-0.032819
0.10888,0.058399,-0.03569
0.098675,0.060523,-0.034022
0.089307,0.062677,-0.032307
0.080714,0.064862,-0.030569
0.072835,0.067081,-0.02882
0.065617,0.069335,-0.027077
0.059013,0.071624,-0.025346
0.052978,0.07395,-0.023637
0.047473,0.076313,-0.021954
0.042462,0.078712,-0.020305
0.037914,0.081148,-0.01869
0.034892,0.080807,-0.009524
0.032058,0.080449,-0.0033544
0.029401,0.080079,0.00034826
0.026915,0.0797,0.0019922
0.024593,0.079298,0.0024518
0.022433,0.078815,0.0041188
0.020429,0.078253,0.0070644
0.018579,0.077619,0.011128
0.016878,0.07692,0.016176
0.015325,0.076165,0.022101
0.0145,0.076295,0.013867
0.013752,0.076363,0.0082019
0.013072,0.076376,0.0046289
0.012453,0.076342,0.0027832
0.011889,0.076267,0.0023312
0.011372,0.076206,0.0014878
0.010896,0.076176,-0.00040566
0.010459,0.076172,-0.0032032
0.010057,0.076188,-0.0067842
0.0096892,0.076218,-0.011049
0.0104,0.073596,-0.010752
0.011279,0.071035,-0.010506
0.012322,0.068527,-0.010302
0.013526,0.066069,-0.010133
0.014888,0.063655,-0.0099947
0.016403,0.061281,-0.0098823
0.018071,0.058941,-0.0097915
0.01989,0.056632,-0.0097195
0.021857,0.054351,-0.0096631
0.023973,0.052094,-0.0096204
0.020824,0.051735,-0.0080224
0.017993,0.051406,-0.0066428
0.015473,0.051103,-0.0054487
0.013255,0.050821,-0.0044143
0.011332,0.050554,-0.0035179
0.009699,0.050298,-0.0027423
0.0083485,0.050048,-0.002073
0.0072758,0.049799,-0.0014983
0.0064761,0.049548,-0.0010082
0.0059453,0.049288,-0.00059485
0.0064066,0.046863,-0.00046686
0.0072639,0.044446,-0.00036686
0.0085073,0.042037,-0.00029008
0.01013,0.039635,-0.0002332
0.012129,0.037241,-0.00019296
0.014504,0.034853,-0.00016715
0.017259,0.03247,-0.00015357
0.020398,0.030091,-0.0001508
0.023931,0.027715,-0.00015744
0.027867,0.025339,-0.00017263
0.031792,0.025079,-0.0013537
0.036074,0.024754,-0.0033438
0.040733,0.024359,-0.0061025
0.045789,0.023885,-0.0095888
0.051261,0.023327,-0.01376
0.05717,0.022679,-0.018571
0.063533,0.021935,-0.023977
0.070368,0.021091,-0.02993
0.077692,0.020141,-0.036383
0.08552,0.019083,-0.043289
0.090994,0.018272,-0.030795
0.096596,0.017456,-0.021032
0.10234,0.016628,-0.01358
0.10824,0.015783,-0.0081088
0.1143,0.014915,-0.0043483
0.12053,0.014019,-0.0020776
0.12695,0.013092,-0.0011113
0.13355,0.012133,-0.00089214
0.14037,0.011146,0.00017489
0.14739,0.010132,0.0021407
0.14556,0.0058769,0.00027802
0.14391,0.0020182,-0.00073291
0.14241,-0.0014646,-0.0011131
0.14106,-0.0045908,-0.0011947
0.13983,-0.0073807,-0.0015788
0.13872,-0.0098486,-0.0022314
0.13773,-0.012007,-0.0030892
0.13683,-0.013866,-0.0041046
0.13604,-0.015436,-0.0052415
0.13534,-0.016725,-0.0064726
0.1246,-0.015577,-0.0055586
0.11452,-0.014488,-0.0048573
0.10505,-0.013454,-0.0043166
0.09618,-0.012471,-0.0039001
0.087866,-0.011539,-0.0035808
0.080083,-0.010653,-0.0033395
0.072807,-0.0098129,-0.0031622
0.066013,-0.0090156,-0.003038
0.059676,-0.0082597,-0.0029596
0.053777,-0.0075435,-0.0029214
0.055547,-0.0076978,-0.0011374
0.057342,-0.0078558,-0.00043208
0.059174,-0.0080099,-0.00012686
0.061059,-0.0081455,0.001065
0.062999,-0.0082632,0.0031282
0.064998,-0.0083641,0.0060101
0.06706,-0.008449,0.0096624
0.069186,-0.0085186,0.014042
0.071378,-0.0085735,0.019106
0.073638,-0.0086144,0.024819
0.078729,-0.0096526,0.030417
0.084009,-0.01071,0.036528
0.089478,-0.011789,0.043132
0.095137,-0.012888,0.050219
0.10098,-0.01401,0.057768
0.10702,-0.015154,0.065771
0.11325,-0.016321,0.074207
0.11966,-0.017512,0.083067
0.12626,-0.018727,0.092332
0.13305,-0.019968,0.10199
0.12451,-0.019008,0.092791
0.11646,-0.018018,0.084807
0.10885,-0.016998,0.077786
0.10167,-0.016,0.071555
0.094869,-0.015119,0.065968
0.088423,-0.014352,0.06092
0.082315,-0.013697,0.056323
0.076525,-0.01315,0.052112
0.071037,-0.012707,0.048234
0.065834,-0.012364,0.044644
0.063523,-0.012809,0.047936
0.06124,-0.013405,0.05134
0.058982,-0.014153,0.054856
0.056746,-0.015051,0.05848
0.054529,-0.016099,0.062212
0.05233,-0.017297,0.066048
0.050147,-0.018644,0.069987
0.047976,-0.02014,0.074027
0.045817,-0.021786,0.078164
0.043668,-0.023581,0.082399
0.035355,-0.023076,0.077728
0.028019,-0.022748,0.073676
0.021583,-0.022585,0.070127
0.015982,-0.022577,0.066996
0.011156,-0.022716,0.06421
0.0070514,-0.022995,0.06171
0.0036234,-0.023407,0.059449
0.00083235,-0.023946,0.057386
-0.0013539,-0.024608,0.055487
-0.002961,-0.025391,0.053723
-0.0030161,-0.024229,0.051335
-0.0030411,-0.023086,0.048996
-0.0030384,-0.021963,0.04671
-0.0030109,-0.020861,0.044477
-0.0029609,-0.019779,0.0423
-0.0028909,-0.018719,0.040178
-0.0028032,-0.01768,0.038117
-0.0026999,-0.016664,0.036111
-0.0025832,-0.015671,0.034165
-0.0024551,-0.014701,0.032276
-0.0028528,-0.016782,0.032675
-0.0032816,-0.019018,0.03306
-0.0037422,-0.021412,0.033433
-0.0042358,-0.023967,0.03379
-0.0047631,-0.026686,0.034134
-0.0053251,-0.029572,0.034462
-0.0059228,-0.032627,0.034775
-0.0065569,-0.035854,0.035071
-0.0072284,-0.039256,0.035352
-0.0079381,-0.042835,0.035616
-0.007371,-0.039941,0.04173
-0.0068221,-0.03717,0.048041
-0.0062913,-0.034517,0.054522
-0.0057784,-0.031977,0.061149
-0.0052834,-0.029549,0.067903
-0.0048063,-0.027229,0.074767
-0.004347,-0.025015,0.081728
-0.0039055,-0.022905,0.088776
-0.0034818,-0.020896,0.095898
-0.0030759,-0.018988,0.10309
-0.0022914,-0.016618,0.10178
-0.0012672,-0.014488,0.10062
-1.5421e-05,-0.012591,0.099584
0.001455,-0.010918,0.098656
0.0031384,-0.0094674,0.097807
0.0050318,-0.0082341,0.097028
0.007135,-0.0072164,0.096297
0.0094505,-0.0064133,0.095608
0.011983,-0.0058252,0.094946
0.014739,-0.0054533,0.094305
0.014366,-0.0066811,0.098224
0.013921,-0.0082055,0.10217
0.013401,-0.010033,0.10614
0.012804,-0.01217,0.11014
0.012128,-0.014625,0.11414
0.011369,-0.017405,0.11816
0.010525,-0.020518,0.12219
0.0095932,-0.023972,0.12621
0.0085721,-0.027775,0.13023
0.0074588,-0.031937,0.13424
0.011492,-0.032178,0.14762
0.016095,-0.032543,0.1613
0.021287,-0.033036,0.17522
0.02709,-0.033663,0.18933
0.033522,-0.03443,0.20356
0.040603,-0.035341,0.2179
0.04835,-0.036402,0.23226
0.05678,-0.037619,0.24665
0.065907,-0.038996,0.26098
0.075747,-0.040537,0.27527
0.07725,-0.041579,0.25556
0.0787,-0.042617,0.23814
0.080099,-0.043651,0.22258
0.081452,-0.044681,0.20859
0.082758,-0.045706,0.19589
0.084022,-0.046728,0.18432
0.085244,-0.047745,0.17369
0.086426,-0.048758,0.16387
0.087568,-0.049767,0.15477
0.088673,-0.050772,0.1463
0.089012,-0.045479,0.14512
0.08932,-0.040788,0.14405
0.089596,-0.036665,0.14308
0.089838,-0.033083,0.14218
0.090043,-0.030012,0.14137
0.09021,-0.027431,0.14061
0.090336,-0.025318,0.13991
0.090419,-0.023654,0.13925
0.090456,-0.022424,0.13863
0.090444,-0.021613,0.13804
0.087842,-0.021633,0.12328
0.085263,-0.021884,0.11013
0.082702,-0.022351,0.098357
0.080157,-0.023023,0.087766
0.077625,-0.023891,0.078213
0.075104,-0.024948,0.069559
0.07259,-0.026189,0.06171
0.070082,-0.027608,0.05457
0.067577,-0.029202,0.048077
0.065074,-0.030967,0.042159
0.073941,-0.030957,0.042574
0.08336,-0.031213,0.042897
0.093348,-0.03175,0.043137
0.10392,-0.032578,0.043285
0.1151,-0.033711,0.043351
0.12688,-0.035163,0.043328
0.1393,-0.036949,0.043225
0.15236,-0.039081,0.043037
0.16607,-0.041576,0.042774
0.18044,-0.044445,0.04243
0.16398,-0.040183,0.028114
0.14896,-0.036355,0.017637
0.13523,-0.032917,0.010182
0.12267,-0.029834,0.0051455
0.11118,-0.027065,0.0020827
0.10066,-0.0245,0.00065101
0.091049,-0.022095,0.00028405
0.082263,-0.019823,-0.00091034
0.074231,-0.017669,-0.0030867
0.066885,-0.015622,-0.0061143
0.061467,-0.014713,-0.0051081
0.056414,-0.013752,-0.0042892
0.051702,-0.012747,-0.0036149
0.047311,-0.011717,-0.0030563
0.043187,-0.010804,-0.0025899
0.039307,-0.010037,-0.002199
0.035659,-0.0094037,-0.0018686
0.032231,-0.0088945,-0.0015885
0.029012,-0.0084988,-0.0013495
0.025992,-0.0082073,-0.0011451
0.0211,-0.007442,-0.0020497
0.016834,-0.0068742,-0.0031746
0.013127,-0.0064863,-0.0045116
0.0099214,-0.006263,-0.0060543
0.0071627,-0.0061907,-0.0077972
0.0048056,-0.0062585,-0.0097375
0.0028123,-0.0064581,-0.011873
0.0011542,-0.0067839,-0.014205
-0.00018753,-0.0072338,-0.016735
-0.0012218,-0.0078084,-0.019466
2.3992e-05,-0.0086706,-0.015141
0.0020305,-0.009744,-0.011373
0.0048492,-0.011053,-0.0081347
0.0085614,-0.012628,-0.0054203
0.013271,-0.014505,-0.003239
0.019096,-0.016723,-0.0016098
0.026167,-0.019323,-0.000557
0.034621,-0.022346,-0.00010551
0.044598,-0.02584,9.0935e-05
0.056238,-0.029855,0.00088852
0.057088,-0.029871,0.0026632
0.057938,-0.029897,0.0052151
0.058787,-0.02993,0.0084568
0.059639,-0.029972,0.012315
0.060495,-0.030021,0.016724
0.061355,-0.030076,0.021628
0.062221,-0.030138,0.026978
0.063094,-0.030206,0.032731
0.063973,-0.03028,0.038847
0.06486,-0.030359,0.045293
0.064035,-0.0322,0.048263
0.06317,-0.034181,0.051271
0.062263,-0.036304,0.054307
0.061316,-0.03857,0.057375
0.060326,-0.040981,0.060461
0.059293,-0.043538,0.063573
0.058217,-0.046242,0.066702
0.057097,-0.049096,0.069849
0.055933,-0.0521,0.073006
0.054723,-0.055255,0.076176
0.05316,-0.05347,0.075839
0.051687,-0.051728,0.075611
0.050299,-0.05003,0.075464
0.048991,-0.048373,0.075389
0.047758,-0.046757,0.075366
0.046597,-0.045181,0.075389
0.045502,-0.043644,0.075442
0.044472,-0.042146,0.075524
0.0435,-0.040685,0.075622
0.042586,-0.039261,0.075734
0.047149,-0.042986,0.093086
0.05216,-0.04699,0.11188
0.05764,-0.051281,0.13196
0.063608,-0.055868,0.15321
0.070079,-0.060756,0.17546
0.077068,-0.065951,0.19861
0.084585,-0.07146,0.2225
0.092641,-0.077285,0.24704
0.10124,-0.083431,0.27211
0.11039,-0.089899,0.29765
0.11763,-0.086229,0.22692
0.12483,-0.083115,0.17191
0.13201,-0.080465,0.12859
0.1392,-0.078213,0.094277
0.14641,-0.07631,0.067115
0.15365,-0.074717,0.045761
0.16092,-0.073404,0.029235
0.16825,-0.07235,0.016787
0.17563,-0.071537,0.007854
0.18308,-0.070951,0.0019826
0.17892,-0.064687,0.0053315
0.17482,-0.05928,0.0091396
0.17077,-0.054687,0.013211
0.16676,-0.050868,0.017416
0.16276,-0.047788,0.021684
0.15878,-0.045417,0.025961
0.15478,-0.043729,0.030227
0.15082,-0.042506,0.034461
0.14713,-0.04083,0.038664
0.14374,-0.038592,0.042829
0.14474,-0.039183,0.034555
0.14575,-0.03976,0.027457
0.14677,-0.040323,0.021385
0.1478,-0.040871,0.016211
0.14885,-0.041404,0.011837
0.14991,-0.041922,0.0081747
0.15097,-0.042424,0.0051576
0.15205,-0.042911,0.0027252
0.15314,-0.043383,0.00082974
0.15424,-0.043839,-0.00057211
0.14467,-0.04042,-0.00048675
0.1357,-0.036661,-0.00042036
0.12729,-0.032579,-0.00036746
0.11942,-0.028192,-0.00032566
0.11206,-0.023512,-0.00029142
0.10519,-0.018551,-0.00026357
0.098786,-0.013318,-0.00023989
0.092825,-0.0078196,-0.00021998
0.087291,-0.0020609,-0.00020253
0.082169,0.0039561,-0.00018756
0.081534,0.0061695,-0.0007417
0.080931,0.0084441,-0.0010183
0.080359,0.01078,-0.0010761
0.079812,0.01318,-0.0012199
0.079291,0.015643,-0.0015317
0.078795,0.018169,-0.0019861
0.078326,0.02076,-0.0025615
0.077882,0.023415,-0.0032398
0.077466,0.026133,-0.0040052
0.077077,0.028916,-0.0048446
0.082767,0.030433,-0.0065866
0.088693,0.032036,-0.0086152
0.094856,0.033729,-0.010924
0.10126,0.035514,-0.013506
0.1079,0.037393,-0.016356
0.11479,0.03937,-0.019466
0.12192,0.041445,-0.022831
0.12929,0.043622,-0.026444
0.1369,0.045902,-0.030298
0.14476,0.048286,-0.034386
0.13874,0.04769,-0.043893
0.13291,0.047123,-0.054224
0.12726,0.046583,-0.065302
0.12177,0.046065,-0.077068
0.11645,0.045565,-0.089471
0.11129,0.045082,-0.10248
0.10627,0.04461,-0.11604
0.1014,0.044148,-0.13014
0.096676,0.043693,-0.14474
0.092083,0.043242,-0.15983
0.08271,0.045904,-0.15926
0.074142,0.048338,-0.15893
0.06633,0.050557,-0.15877
0.059229,0.052575,-0.15874
0.052799,0.054401,-0.15879
0.047003,0.056046,-0.1589
0.041807,0.057518,-0.15904
0.037181,0.058826,-0.15919
0.033097,0.059978,-0.15934
0.029529,0.060979,-0.15948
0.02879,0.057152,-0.13095
0.02801,0.053532,-0.10733
0.027203,0.050104,-0.087652
0.026378,0.046854,-0.071173
0.025543,0.043772,-0.057342
0.024703,0.040848,-0.045724
0.023861,0.038071,-0.035984
0.023023,0.035436,-0.027844
0.022189,0.032933,-0.021089
0.021363,0.030556,-0.015532
0.026816,0.028541,-0.019786
0.033548,0.026116,-0.024511
0.041654,0.023252,-0.029693
0.051237,0.019914,-0.035297
0.062402,0.016069,-0.041291
0.075255,0.011682,-0.047619
0.089902,0.0067209,-0.054231
0.10645,0.0011523,-0.06106
0.12498,-0.0050549,-0.068046
0.14561,-0.01193,-0.07512
0.15374,-0.016045,-0.092109
0.16222,-0.020277,-0.10996
0.17106,-0.024625,-0.12852
0.18027,-0.029087,-0.14763
0.18985,-0.03366,-0.16718
0.19979,-0.038342,-0.18708
0.21009,-0.043129,-0.20725
0.22075,-0.048018,-0.22763
0.23176,-0.053004,-0.24817
0.24312,-0.058085,-0.26883
0.23696,-0.054569,-0.27119
0.23108,-0.051078,-0.27424
0.22545,-0.047607,-0.27775
0.22007,-0.044149,-0.28164
0.21492,-0.040703,-0.28579
0.21,-0.037262,-0.29013
0.20528,-0.033825,-0.29458
0.20077,-0.030387,-0.29912
0.19646,-0.026947,-0.30367
0.19233,-0.0235,-0.30824
0.18771,-0.020263,-0.23646
0.18318,-0.017243,-0.18068
0.17874,-0.014397,-0.13677
0.17441,-0.011691,-0.10198
0.17019,-0.0091024,-0.074414
0.16607,-0.0066139,-0.052663
0.16205,-0.0042119,-0.035724
0.15814,-0.0018847,-0.022811
0.15431,0.00037581,-0.013342
0.15058,0.0025777,-0.0068377
0.14432,7.4794e-05,-0.0059517
0.13832,-0.0022543,-0.0050188
0.13256,-0.0044149,-0.0041017
0.12704,-0.0064115,-0.0032382
0.12174,-0.0082487,-0.0024646
0.11666,-0.0099306,-0.0018021
0.11179,-0.011462,-0.0012701
0.10712,-0.012845,-0.00087813
0.10265,-0.014085,-0.00063422
0.098354,-0.015185,-0.00053134
0.10148,-0.018147,-0.00037257
0.10471,-0.021018,-3.8263e-05
0.10805,-0.023798,0.00045996
0.1115,-0.026488,0.0011133
0.11505,-0.029088,0.0019116
0.11871,-0.031596,0.0028481
0.12247,-0.034014,0.0039138
0.12635,-0.03634,0.0051036
0.13032,-0.038573,0.0064088
0.13441,-0.040714,0.0078256
0.13735,-0.041025,0.0055844
0.14035,-0.041253,0.0038313
0.14339,-0.041397,0.002479
0.14649,-0.041458,0.0014586
0.14964,-0.041437,0.00071275
0.15284,-0.041333,0.00019538
0.15609,-0.041147,-0.00013179
0.15938,-0.040877,-0.00029974
0.16273,-0.040523,-0.00034014
0.16613,-0.040087,-0.00042168
0.1604,-0.037855,-0.00053208
0.1549,-0.035693,-0.00069243
0.14961,-0.033598,-0.00089528
0.14452,-0.031567,-0.0011348
0.13963,-0.029596,-0.0014063
0.13492,-0.027685,-0.0017061
0.13039,-0.025828,-0.0020311
0.12603,-0.024025,-0.0023789
0.12183,-0.022273,-0.0027478
0.11779,-0.020569,-0.0031357
0.10271,-0.017222,-0.0030374
0.08917,-0.014197,-0.0029844
0.077034,-0.011472,-0.0029683
0.066192,-0.0090235,-0.002983
0.05654,-0.0068323,-0.0030241
0.047978,-0.0048787,-0.003088
0.040419,-0.0031445,-0.0031724
0.033777,-0.0016123,-0.0032754
0.027976,-0.00026568,-0.0033954
0.022941,0.00091095,-0.0035313
0.022348,0.00059937,-0.0027325
0.021778,0.00029864,-0.0020365
0.021228,8.6857e-06,-0.0014436
0.020699,-0.00027049,-0.00095414
0.02019,-0.00053895,-0.00056828
0.019699,-0.00079667,-0.00028626
0.019226,-0.0010437,-0.00010827
0.018771,-0.00128,-3.4479e-05
0.018331,-0.0015055,3.6869e-06
0.017908,-0.0017198,0.00014228
0.01745,-0.0023034,-0.00039456
0.017008,-0.0028201,-0.0025873
0.016584,-0.0032755,-0.0066607
0.016179,-0.0036726,-0.012553
0.015795,-0.0040127,-0.020241
0.015434,-0.004295,-0.029733
0.015098,-0.0045173,-0.041045
0.014789,-0.0046756,-0.054203
0.01451,-0.0047647,-0.069222
0.014263,-0.0047786,-0.086115
0.01538,-0.0051742,-0.057213
0.016382,-0.0057131,-0.035907
0.017276,-0.0064198,-0.020517
0.018081,-0.0072904,-0.0099065
0.01882,-0.0083264,-0.003318
0.019513,-0.0095339,-0.00030012
0.020184,-0.010924,0.00055339
0.020856,-0.012519,0.0041772
0.021545,-0.014337,0.011161
0.022263,-0.016396,0.021622
0.020987,-0.012696,0.022255
0.019644,-0.0097866,0.022932
0.018237,-0.0076033,0.023639
0.016765,-0.0060914,0.024369
0.015225,-0.0052055,0.025114
0.013757,-0.0044836,0.025873
0.012567,-0.0032697,0.026644
0.011643,-0.0015614,0.02743
0.010976,0.00064757,0.028227
0.010565,0.0033732,0.029039
0.012507,0.0037333,0.037474
0.014693,0.0041422,0.047189
0.017137,0.0046054,0.058199
0.019857,0.0051287,0.070503
0.022867,0.0057183,0.084076
0.026181,0.0063806,0.098889
0.029814,0.0071221,0.11489
0.033778,0.0079495,0.13202
0.038086,0.0088697,0.15021
0.04275,0.0098895,0.16941
0.041298,0.0097967,0.12167
0.039946,0.0096679,0.085517
0.038679,0.0095128,0.058135
0.037485,0.0093375,0.037592
0.036355,0.0091456,0.022501
0.035278,0.0089396,0.011857
0.034248,0.0087204,0.0049211
0.033256,0.0084888,0.0011363
0.032296,0.0082448,7.0305e-05
0.031364,0.0080121,-0.0013044
0.028611,0.0088487,-0.00017558
0.026078,0.0096512,0.00010834
0.023748,0.010412,0.00059118
0.021607,0.011129,0.0016894
0.019641,0.011805,0.0033179
0.017837,0.01244,0.0054082
0.016186,0.013035,0.0079097
0.014678,0.013591,0.010779
0.013307,0.014109,0.013983
0.012064,0.014586,0.017495
0.011336,0.01544,0.010708
0.010676,0.016248,0.0057788
0.010085,0.017014,0.0024894
0.0095637,0.017741,0.00067022
0.0091125,0.018433,0.00017556
0.0087334,0.019108,-0.00059004
0.0084279,0.019776,-0.0025443
0.0081968,0.020438,-0.005646
0.0080408,0.021097,-0.0098691
0.0079607,0.021754,-0.015201
0.009024,0.02283,-0.012547
0.010391,0.023861,-0.01018
0.012073,0.024848,-0.008079
0.014086,0.025793,-0.0062313
0.016447,0.026694,-0.004626
0.019176,0.027551,-0.0032564
0.022295,0.028363,-0.0021155
0.025825,0.029126,-0.0011993
0.02979,0.029837,-0.00050233
0.034213,0.030494,-2.0002e-05
0.035396,0.027741,-0.0023137
0.036685,0.025035,-0.0066061
0.038078,0.022371,-0.012751
0.039574,0.019744,-0.020633
0.041172,0.017152,-0.030153
0.04287,0.014592,-0.041229
0.04467,0.012062,-0.053782
0.046569,0.0095624,-0.067749
0.048569,0.0070919,-0.083055
0.050668,0.0046507,-0.099645
0.045284,0.0047228,-0.092998
0.040319,0.0047975,-0.087316
0.035748,0.0048704,-0.082398
0.031548,0.004938,-0.078114
0.027698,0.0049973,-0.074341
0.02418,0.0050457,-0.071001
0.020975,0.0050811,-0.068017
0.018066,0.0051016,-0.065338
0.015437,0.0051054,-0.062913
0.013073,0.0050911,-0.060709
0.013776,0.0040035,-0.056581
0.014524,0.0029393,-0.052734
0.015316,0.001898,-0.04914
0.016152,0.00087913,-0.045774
0.017033,-0.00011785,-0.042617
0.017959,-0.0010934,-0.03965
0.018929,-0.002048,-0.036858
0.019945,-0.0029822,-0.034226
0.021007,-0.0038964,-0.031745
0.022115,-0.004791,-0.0294
0.022325,-0.003187,-0.026955
0.022662,-0.0012355,-0.024651
0.023129,0.0010723,-0.022478
0.02373,0.0037489,-0.020424
0.024471,0.0068099,-0.018482
0.025357,0.010274,-0.016646
0.026398,0.014163,-0.014913
0.027599,0.018499,-0.013278
0.028972,0.023307,-0.011739
0.030526,0.028616,-0.010296
0.028118,0.02967,-0.019225
0.025905,0.030659,-0.030427
0.023873,0.031583,-0.043708
0.022014,0.03244,-0.058913
0.020323,0.033228,-0.075912
0.018801,0.033942,-0.094593
0.017449,0.034578,-0.11484
0.016273,0.035131,-0.13657
0.015278,0.035597,-0.15966
0.014473,0.035971,-0.18402
0.015319,0.035738,-0.15785
0.016328,0.035436,-0.13543
0.017491,0.03507,-0.11605
0.018798,0.034642,-0.099207
0.020244,0.034156,-0.084487
0.021826,0.033612,-0.071581
0.023541,0.033014,-0.060242
0.025387,0.032362,-0.050272
0.027364,0.031657,-0.041513
0.029474,0.0309,-0.033835
0.02758,0.026135,-0.051091
0.025808,0.021704,-0.071179
0.024149,0.01758,-0.093919
0.0226,0.013746,-0.11916
0.021158,0.010193,-0.14679
0.019825,0.0069218,-0.1767
0.018602,0.0039376,-0.20876
0.017497,0.0012528,-0.24288
0.016515,-0.0011157,-0.27891
0.015664,-0.0031475,-0.31676
0.018941,-0.003824,-0.27589
0.022424,-0.0045755,-0.24123
0.026108,-0.0053982,-0.2114
0.029992,-0.00629,-0.1855
0.034076,-0.0072497,-0.16278
0.038364,-0.0082771,-0.14274
0.042863,-0.0093729,-0.12494
0.047581,-0.010538,-0.10907
0.052525,-0.011775,-0.094878
0.057705,-0.013084,-0.082149
0.060133,-0.012056,-0.058891
0.062608,-0.010904,-0.040091
0.065138,-0.0096327,-0.025294
0.067732,-0.0082427,-0.014137
0.070397,-0.0067361,-0.0063527
0.073142,-0.0051137,-0.0017212
0.075974,-0.0033763,-7.6476e-05
0.078904,-0.0015057,0.0011018
0.08194,0.00052297,0.0049925
0.08509,0.0027116,0.01152
0.088913,0.0004606,0.0072871
0.092845,-0.0018152,0.0041976
0.09689,-0.004117,0.0020582
0.10105,-0.0064457,0.00071608
0.10533,-0.0088024,4.1518e-05
0.10972,-0.011188,-0.00010584
0.11423,-0.01361,-0.00044909
0.11886,-0.016069,-0.0011905
0.12361,-0.018566,-0.0022685
0.12847,-0.021101,-0.0036301
0.12014,-0.018301,-0.015487
0.11221,-0.015717,-0.034086
0.10463,-0.013322,-0.058294
0.097371,-0.011095,-0.087284
0.090405,-0.0090189,-0.12043
0.083711,-0.0070784,-0.15726
0.077276,-0.0052638,-0.19737
0.071089,-0.0035677,-0.24044
0.065145,-0.0019852,-0.28617
0.059441,-0.00051177,-0.33433
0.061197,-0.0019613,-0.28928
0.06294,-0.0033844,-0.25215
0.064674,-0.0047794,-0.22098
0.066401,-0.0061461,-0.19452
0.068125,-0.0074859,-0.17178
0.069848,-0.0088001,-0.15208
0.07157,-0.010091,-0.13484
0.073293,-0.01136,-0.11968
0.075019,-0.01261,-0.10626
0.076749,-0.013841,-0.094319
0.076706,-0.013719,-0.067971
0.076754,-0.013701,-0.047188
0.076879,-0.01377,-0.031046
0.077067,-0.013911,-0.018834
0.077306,-0.014113,-0.010022
0.077586,-0.014365,-0.0041846
0.077896,-0.014657,-0.00099744
0.078228,-0.014982,-0.00014913
0.078583,-0.015313,0.0012048
0.078961,-0.015633,0.0045538
