0.014718,0.018028,0.00034174
0.015952,0.014609,-3.7034e-05
0.017225,0.011602,-0.00087678
0.018539,0.0089743,-0.002735
0.019896,0.0067009,-0.0055245
0.0213,0.0047645,-0.0091882
0.022753,0.0031552,-0.013691
0.02426,0.0018697,-0.019015
0.025823,0.00091094,-0.02515
0.027447,0.00028747,-0.032092
0.029134,1.2423e-05,-0.039838
0.033841,0.00014409,-0.046591
0.039119,0.00042934,-0.053894
0.045011,0.00088048,-0.06173
0.051563,0.0015099,-0.070078
0.05882,0.00233,-0.078914
0.066827,0.003353,-0.088211
0.075628,0.004591,-0.097942
0.085266,0.0060556,-0.10808
0.095787,0.0077581,-0.11859
0.10723,0.0097092,-0.12945
0.10214,0.010986,-0.11933
0.097252,0.012314,-0.11072
0.092565,0.013692,-0.10331
0.088066,0.015118,-0.096875
0.083744,0.016589,-0.091238
0.079589,0.018104,-0.08626
0.075594,0.019661,-0.081828
0.071752,0.02126,-0.077857
0.068055,0.022897,-0.074273
0.064498,0.024573,-0.07102
0.068235,0.020374,-0.065908
0.072036,0.016604,-0.061078
0.075904,0.013247,-0.056505
0.079845,0.010289,-0.05217
0.083862,0.0077196,-0.048056
0.087961,0.0055283,-0.044148
0.092148,0.0037083,-0.040435
0.096429,0.002254,-0.036907
0.10081,0.0011614,-0.033557
0.1053,0.00042819,-0.030378
0.10694,0.00088666,-0.025909
0.1086,0.0015066,-0.022113
0.11026,0.0022863,-0.018882
0.11194,0.0032245,-0.016123
0.11364,0.0043203,-0.013763
0.11534,0.0055733,-0.011741
0.11706,0.0069831,-0.010007
0.11879,0.0085495,-0.0085183
0.12053,0.010272,-0.0072397
0.12228,0.012152,-0.0061414
0.11967,0.014679,-0.008209
0.1171,0.017429,-0.010379
0.11456,0.020399,-0.012613
0.11206,0.02359,-0.01488
0.10959,0.026998,-0.017161
0.10715,0.030623,-0.019438
0.10474,0.034463,-0.021701
0.10235,0.038518,-0.023943
0.099996,0.042788,-0.026158
0.097667,0.047271,-0.028342
0.092221,0.036773,-0.033476
0.087087,0.027844,-0.03803
0.082241,0.020355,-0.042307
0.077661,0.014191,-0.046352
0.073326,0.0092493,-0.050178
0.069213,0.00544,-0.053796
0.065306,0.002685,-0.057221
0.061584,0.00091785,-0.060575
0.058032,8.3419e-05,-0.063552
0.054633,-0.00013753,-0.066434
0.05697,-6.6569e-05,-0.046724
0.059352,-2.1676e-05,-0.031218
0.06178,-1.4405e-06,-0.019363
0.064255,4.9433e-06,-0.010722
0.066777,3.1685e-05,-0.0047579
0.069347,8.1504e-05,-0.0012913
0.071967,0.00015452,-1.5163e-05
0.074637,0.00025108,0.00075681
0.077357,0.00037168,0.0033408
0.080128,0.00051695,0.0077129
0.079839,0.0005165,0.0085573
0.079543,0.00051615,0.0094499
0.079241,0.00051589,0.010489
0.078932,0.00051573,0.011609
0.078618,0.00051567,0.012796
0.078298,0.0005157,0.014021
0.077973,0.00051582,0.015488
0.077643,0.00051603,0.017089
0.077307,0.00051632,0.01854
0.076967,0.0005167,0.020213
0.079492,0.00043867,0.029682
0.082065,0.00036584,0.040881
0.084687,0.00029851,0.053436
0.087358,0.00023704,0.067413
0.09008,0.00018178,0.082296
0.092851,0.00013315,0.099067
0.095672,9.1494e-05,0.11665
0.098543,5.7199e-05,0.13541
0.10146,3.0624e-05,0.15512
0.10444,1.2109e-05,0.17529
0.10827,-0.00016814,0.20957
0.11221,-0.00087892,0.24551
0.11626,-0.0021671,0.2837
0.12042,-0.0040549,0.32314
0.1247,-0.0065626,0.36345
0.12908,-0.0097088,0.40486
0.13357,-0.01351,0.44993
0.13818,-0.017984,0.49426
0.14289,-0.023142,0.53896
0.14771,-0.028993,0.58454
0.1479,-0.022943,0.46524
0.148,-0.017831,0.37379
0.14802,-0.013533,0.30203
0.14796,-0.0099512,0.24436
0.14785,-0.0070092,0.19713
0.14768,-0.0046458,0.15863
0.14746,-0.0028102,0.12647
0.1472,-0.0014613,0.09992
0.1469,-0.0005645,0.077707
0.14656,-9.1594e-05,0.059286
0.14387,-2.6465e-05,0.065274
0.14121,-5.9202e-07,0.07096
0.13859,1.2639e-05,0.0761
0.136,6.1302e-05,0.081421
0.13345,0.00014535,0.08647
0.13094,0.0002636,0.090256
0.12846,0.00041484,0.094114
0.12602,0.00059799,0.09705
0.12361,0.00081187,0.099528
0.12125,0.0010556,0.10082
0.12785,0.0018691,0.08958
0.13464,0.0029131,0.078769
0.14163,0.0041888,0.068838
0.14883,0.0056974,0.059624
0.15625,0.0074437,0.050666
0.16388,0.0094269,0.042683
0.17173,0.01165,0.035715
0.17984,0.014121,0.028842
0.18817,0.016837,0.02301
0.19675,0.019805,0.017971
0.19347,0.021857,0.024067
0.19024,0.023992,0.030846
0.18712,0.026227,0.037005
0.18402,0.028536,0.043816
0.18096,0.030923,0.050974
0.17797,0.033401,0.057827
0.17502,0.035954,0.064911
0.17212,0.038586,0.072222
0.16925,0.041293,0.079661
0.16643,0.044079,0.086448
0.14792,0.045867,0.093259
0.13085,0.047677,0.099195
0.11513,0.049502,0.1049
0.10066,0.051333,0.111
0.087404,0.053184,0.11657
0.075315,0.055066,0.11996
0.06428,0.056952,0.12454
0.054268,0.058855,0.12925
0.045224,0.060773,0.13389
0.0371,0.062708,0.13905
0.033377,0.049443,0.098546
0.030134,0.038417,0.068544
0.027293,0.029311,0.04656
0.024819,0.021864,0.030402
0.022668,0.015847,0.018619
0.020767,0.011051,0.010693
0.019115,0.0073127,0.0052623
0.017654,0.004478,0.0019408
0.016379,0.0024253,0.00027255
0.015254,0.0010462,-0.0001145
0.016874,0.0020421,-0.00052109
0.018664,0.0034146,-0.0011583
0.020657,0.0052022,-0.0020758
0.022888,0.0074477,-0.0032626
0.025361,0.010192,-0.0046725
0.028106,0.013481,-0.0061378
0.031162,0.017361,-0.0078298
0.034526,0.021876,-0.0096178
0.038222,0.027071,-0.011624
0.042326,0.033,-0.013944
0.041361,0.032144,-0.011141
0.040433,0.031311,-0.0087552
0.039523,0.030497,-0.0068138
0.038619,0.029701,-0.005297
0.037767,0.028927,-0.0040887
0.036925,0.028169,-0.0030304
0.036108,0.02743,-0.0021926
0.035295,0.026705,-0.0016214
0.034509,0.025998,-0.0011809
0.033749,0.025306,-0.00089763
0.031429,0.021449,-0.0025261
0.029268,0.018023,-0.0049518
0.027243,0.014989,-0.0080666
0.025347,0.012311,-0.010966
0.023542,0.0099616,-0.014117
0.021861,0.0079142,-0.017097
0.020278,0.0061457,-0.020077
0.018774,0.0046351,-0.023469
0.017348,0.0033627,-0.027008
0.016017,0.002312,-0.030758
0.014864,0.0017564,-0.01762
0.013805,0.0012976,-0.0090285
0.012842,0.00092257,-0.0036552
0.01195,0.00062151,-0.00084477
0.011106,0.00038633,4.5615e-06
0.010315,0.00021016,0.0010264
0.0096016,8.7982e-05,0.0029987
0.0088938,1.8581e-05,0.0064212
0.0082123,-5.9697e-07,0.010994
0.0075442,-3.4834e-05,0.016944
0.0072377,-0.00014802,0.010873
0.0069635,-0.0003302,0.00616
0.0067145,-0.00057389,0.0028826
0.0064814,-0.00087495,0.00096297
0.0062564,-0.0012328,9.5457e-05
0.0060473,-0.0016494,-0.00016342
0.0058395,-0.0021292,-0.0012313
0.0056256,-0.0026791,-0.0031682
0.005405,-0.0033067,-0.0060334
0.0051774,-0.0040208,-0.0098322
0.0048476,-0.0035358,-0.0078261
0.0045446,-0.0030979,-0.0063205
0.0042593,-0.0027025,-0.0050905
0.0039878,-0.0023462,-0.0039889
0.0037331,-0.0020263,-0.0031135
0.0034887,-0.0017395,-0.0022955
0.0032641,-0.0014837,-0.0016869
0.0030473,-0.001256,-0.0011129
0.0028478,-0.0010545,-0.00069047
0.0026469,-0.00087641,-0.00036819
0.0023836,-0.00044876,-0.00013331
0.002142,-0.00017243,-1.4756e-05
0.0019504,-2.9391e-05,3.0421e-05
0.0017596,4.3258e-06,0.00019658
0.0015728,8.9666e-05,0.00048412
0.0013948,0.00028378,0.00087518
0.0012236,0.00059124,0.0013821
0.0010688,0.0010212,0.0020269
0.00091558,0.0015896,0.0027938
0.00077164,0.0023129,0.0037575
0.00066561,0.002113,0.0027192
0.00056546,0.0019276,0.0018776
0.00047982,0.0017541,0.0013091
0.0003994,0.0015932,0.0008478
0.00032728,0.0014437,0.00050582
0.0002615,0.0013051,0.00024233
0.00020425,0.0011766,8.5742e-05
0.00015486,0.0010573,1.186e-05
0.00011196,0.00094707,-6.8553e-06
7.6628e-05,0.00084486,-6.1592e-05
0.00019898,0.00084195,-3.5438e-05
0.00038174,0.00083855,-1.3267e-05
0.00063075,0.00083427,-1.7034e-06
0.00095313,0.00082887,2.5279e-06
0.0013554,0.00082232,1.5037e-05
0.0018496,0.00081425,5.1401e-05
0.0024441,0.00080465,0.00011523
0.003145,0.00079395,0.00016763
0.0039692,0.00078139,0.00027025
0.0049235,0.00076744,0.00038491
0.005296,0.0010475,0.001247
0.0056801,0.0013886,0.0024679
0.0060847,0.001796,0.0043791
0.0065024,0.0022831,0.0065944
0.0069364,0.002858,0.0092409
0.0073872,0.0035309,0.012209
0.0078578,0.0043084,0.015834
0.0083453,0.0052062,0.019622
0.0088511,0.0062327,0.023759
0.0093793,0.007392,0.028488
0.010382,0.0061913,0.024057
0.011408,0.0051159,0.019998
0.012457,0.0041569,0.01648
0.013531,0.0033092,0.013222
0.014634,0.0025639,0.010369
0.015763,0.0019207,0.0078264
0.016929,0.0013722,0.0055879
0.01813,0.00091734,0.0037129
0.019376,0.00055383,0.0021969
0.020669,0.00028125,0.0010762
0.021528,0.00061872,0.0027534
0.022427,0.0010987,0.0051302
0.023372,0.0017319,0.0081312
0.024367,0.0025304,0.011882
0.025415,0.0035083,0.016434
0.026521,0.0046804,0.021935
0.02769,0.0060631,0.028276
0.028927,0.0076727,0.03536
0.030234,0.0095266,0.043414
0.031616,0.011642,0.051773
0.033323,0.010491,0.070686
0.035094,0.0093782,0.092232
0.03693,0.0083078,0.11676
0.038835,0.0072822,0.14428
0.040811,0.0063054,0.17407
0.042858,0.005382,0.20708
0.044982,0.0045158,0.24221
0.047177,0.0037127,0.28
0.04945,0.0029763,0.31955
0.051801,0.0023116,0.361
0.04928,0.0027881,0.30956
0.046897,0.0033014,0.26781
0.044639,0.0038509,0.23377
0.04249,0.0044363,0.20606
0.040442,0.0050568,0.18285
0.038483,0.0057131,0.16323
0.036611,0.0064036,0.14635
0.034819,0.007128,0.13241
0.033107,0.0078842,0.11973
0.031451,0.0086782,0.10935
0.029633,0.0071586,0.09911
0.027895,0.0058172,0.089524
0.026236,0.0046419,0.080775
0.024654,0.0036223,0.072428
0.023144,0.0027493,0.064862
0.021704,0.0020134,0.057394
0.020328,0.0014067,0.050412
0.019023,0.00091899,0.044093
0.017778,0.00054368,0.038192
0.016597,0.00027161,0.033198
0.017254,0.00024915,0.034362
0.017925,0.00022738,0.035744
0.018605,0.00020682,0.037049
0.01929,0.00018779,0.03827
0.019993,0.00016903,0.03966
0.020699,0.00015186,0.041201
0.021414,0.00013571,0.04283
0.022138,0.00012061,0.044584
0.022879,0.00010592,0.04626
0.023612,9.3254e-05,0.048266
0.020764,8.7865e-05,0.060453
0.018087,8.2929e-05,0.074088
0.015583,7.7862e-05,0.088795
0.01325,7.257e-05,0.10419
0.011086,6.7389e-05,0.12067
0.0090986,6.183e-05,0.1386
0.0072822,5.6507e-05,0.15801
0.0056496,5.0866e-05,0.17875
0.0042041,4.5183e-05,0.20069
0.0029581,3.9201e-05,0.22317
0.0049085,-1.6809e-08,0.18442
0.0072291,-3.9454e-05,0.15316
0.0099059,-0.00015149,0.12574
0.012903,-0.00033114,0.10218
0.016209,-0.00057515,0.082062
0.019835,-0.00088257,0.064339
0.023775,-0.0012515,0.049342
0.028041,-0.0016821,0.036618
0.03268,-0.0021775,0.02585
0.037739,-0.0027415,0.016811
0.039892,-0.0029521,0.01781
0.042152,-0.003174,0.018481
0.044505,-0.0034059,0.019121
0.046939,-0.0036468,0.019446
0.049477,-0.0038984,0.019795
0.052113,-0.0041601,0.019969
0.054851,-0.0044324,0.020164
0.057674,-0.0047129,0.020213
0.060627,-0.0050076,0.020558
0.063654,-0.0053083,0.020649
0.060295,-0.0069097,0.021903
0.057038,-0.0087046,0.02317
0.053904,-0.010695,0.024489
0.050861,-0.012874,0.025987
0.04794,-0.015249,0.027488
0.04508,-0.017801,0.028505
0.042337,-0.020549,0.029578
0.039694,-0.02349,0.030822
0.03714,-0.026623,0.03208
0.034602,-0.029907,0.033124
0.032763,-0.025753,0.014434
0.031092,-0.022071,0.0038136
0.029558,-0.018794,4.7907e-05
0.028127,-0.015863,-0.0020924
0.026778,-0.013234,-0.0092849
0.025502,-0.010878,-0.020706
0.024223,-0.0087472,-0.036218
0.022995,-0.0068518,-0.055727
0.021769,-0.0051708,-0.079169
0.020538,-0.0037049,-0.1062
0.020492,-0.0046454,-0.12054
0.020442,-0.0057012,-0.13573
0.020324,-0.0068574,-0.1504
0.020243,-0.0081414,-0.16682
0.020162,-0.0095469,-0.18407
0.02007,-0.011072,-0.20164
0.019973,-0.01272,-0.21977
0.019895,-0.014502,-0.23924
0.019771,-0.016392,-0.25853
0.019675,-0.018421,-0.27885
0.020876,-0.01715,-0.22492
0.022062,-0.015972,-0.1819
0.023212,-0.014867,-0.14666
0.024241,-0.013794,-0.11694
0.025323,-0.012815,-0.09292
0.026352,-0.011882,-0.072419
0.027358,-0.011001,-0.055382
0.028339,-0.010167,-0.041288
0.029309,-0.0093796,-0.029833
0.030242,-0.0086278,-0.020498
0.030383,-0.010106,-0.014448
0.03054,-0.0117,-0.0096532
0.030698,-0.013408,-0.005885
0.030847,-0.015231,-0.0030411
0.030997,-0.017173,-0.0011481
0.031141,-0.019239,-0.0001733
0.031285,-0.021432,5.2104e-05
0.031441,-0.023762,0.00072718
0.031577,-0.026223,0.0021687
0.031679,-0.028813,0.0044314
0.02856,-0.023267,0.0059346
0.025709,-0.018482,0.0076853
0.023098,-0.014386,0.0096655
0.02072,-0.010919,0.011735
0.018543,-0.0080209,0.013994
0.016556,-0.0056402,0.016366
0.014751,-0.0037318,0.018827
0.013087,-0.0022508,0.021396
0.011575,-0.0011658,0.024033
0.010183,-0.00044573,0.026886
0.0087167,-0.00077344,0.028485
0.0073732,-0.0011865,0.030171
0.0061523,-0.0016845,0.031798
0.0050379,-0.0022654,0.0335
0.0040437,-0.0029322,0.035045
0.0031585,-0.0036847,0.036526
0.0023726,-0.0045224,0.038107
0.0017044,-0.0054526,0.039494
0.001143,-0.0064753,0.040912
0.00069193,-0.0075949,0.042494
0.00078383,-0.0096898,0.045378
0.00088347,-0.012127,0.048402
0.00098923,-0.014935,0.051556
0.0011028,-0.018141,0.054604
0.001222,-0.021773,0.057792
0.0013501,-0.02586,0.060854
0.0014819,-0.030427,0.06379
0.0016238,-0.035502,0.066712
0.0017716,-0.041111,0.069663
0.0019288,-0.047281,0.07288
0.0025841,-0.041174,0.082522
0.0033267,-0.035575,0.092289
0.0041506,-0.030455,0.10233
0.0050534,-0.025783,0.11274
0.0060407,-0.021532,0.12341
0.007117,-0.017682,0.13447
0.0082683,-0.014226,0.14629
0.0095184,-0.011141,0.15824
0.010861,-0.0084283,0.17065
0.012309,-0.0060824,0.18271
0.012635,-0.0043099,0.16039
0.012967,-0.0028945,0.14094
0.013312,-0.0017961,0.12406
0.013658,-0.00098464,0.10897
0.014008,-0.0004308,0.095403
0.014366,-0.00010948,0.084101
0.01473,-2.1202e-07,0.074077
0.015101,8.6448e-05,0.065258
0.015476,0.00035496,0.057363
0.015858,0.00079573,0.050091
0.017198,0.0019116,0.054415
0.018633,0.0035533,0.059098
0.020168,0.0057583,0.064091
0.021819,0.0085755,0.069222
0.023588,0.012046,0.074578
0.025486,0.016221,0.079802
0.027516,0.021142,0.085173
0.029691,0.026865,0.09084
0.032012,0.033424,0.09715
0.034494,0.040886,0.10346
0.033747,0.045129,0.092389
0.033011,0.04955,0.082621
0.032288,0.054173,0.073476
0.031574,0.058986,0.065078
0.030869,0.064002,0.05738
0.030166,0.069182,0.050552
0.029473,0.074587,0.044153
0.028784,0.080197,0.03804
0.0281,0.086006,0.032501
0.02742,0.092024,0.027249
0.027052,0.093763,0.026327
0.026687,0.095521,0.025349
0.026326,0.097287,0.024292
0.025967,0.099072,0.023242
0.025611,0.10087,0.022294
0.025258,0.10269,0.021457
0.024909,0.10451,0.020515
0.024561,0.10636,0.019895
0.024216,0.10822,0.01928
0.023876,0.11009,0.018636
0.023542,0.10751,0.010431
0.023203,0.10501,0.0049144
0.022863,0.10255,0.0015154
0.022521,0.10016,8.9242e-05
0.022175,0.097826,-0.00036636
0.021831,0.095532,-0.0022583
0.021488,0.093274,-0.0057398
0.021142,0.091074,-0.010645
0.020797,0.088916,-0.016877
0.020455,0.086777,-0.024467
0.017421,0.082672,-0.013834
0.014716,0.078846,-0.0065861
0.012311,0.075251,-0.002171
0.010178,0.071889,-0.00019789
0.0082926,0.068722,0.00028226
0.0066371,0.065718,0.0021849
0.0051928,0.062871,0.0056878
0.0039456,0.060161,0.010571
0.0028836,0.057567,0.016736
0.0019968,0.055088,0.023954
0.00078897,0.051748,0.023897
0.00013989,0.048567,0.023859
-1.7329e-05,0.045589,0.023869
-0.0003964,0.042769,0.023722
-0.0012568,0.040093,0.023604
-0.0025833,0.037543,0.023607
-0.0043668,0.03511,0.023667
-0.0066029,0.032778,0.02359
-0.0092912,0.030534,0.023428
-0.012438,0.028382,0.023532
-0.012162,0.028946,0.027423
-0.011884,0.029514,0.031252
-0.011605,0.030099,0.035333
-0.011326,0.030688,0.039731
-0.011045,0.031289,0.04432
-0.010764,0.031902,0.048846
-0.010484,0.032527,0.053558
-0.010202,0.03316,0.058468
-0.0099182,0.033788,0.063765
-0.0096358,0.034435,0.069449
-0.0093999,0.031992,0.052801
-0.009168,0.02972,0.039322
-0.0089401,0.027611,0.028505
-0.0087159,0.025646,0.020168
-0.0084955,0.023812,0.013659
-0.0082785,0.022099,0.0087333
-0.008065,0.020495,0.0050896
-0.0078544,0.018993,0.0024404
-0.0076479,0.017581,0.00082584
-0.0074437,0.016255,6.4929e-05
-0.0064846,0.015355,0.0011312
-0.0056126,0.014475,0.0033455
-0.004816,0.013623,0.0065846
-0.0040895,0.012794,0.010598
-0.003428,0.011991,0.015358
-0.0028249,0.011216,0.020897
-0.0022803,0.010466,0.026994
-0.0017916,0.009743,0.033619
-0.0013582,0.0090477,0.040902
-0.00097954,0.0083802,0.049145
-0.00089475,0.0076611,0.039343
-0.00081595,0.0070272,0.031126
-0.00073991,0.0064689,0.024536
-0.00066842,0.0059768,0.018911
-0.00059993,0.0055435,0.014418
-0.0005362,0.0051627,0.010749
-0.00047541,0.004827,0.0078536
-0.0004197,0.0045325,0.0055454
-0.0003676,0.0042731,0.0037589
-0.00031857,0.0040433,0.0023194
-0.00039316,0.0031965,0.0016587
-0.00047088,0.002476,0.0011859
-0.00055269,0.0018709,0.00080317
-0.00064491,0.0013748,0.00051211
-0.00073753,0.00096747,0.00029341
-0.00083334,0.00064207,0.0001499
-0.00093327,0.00039021,5.6727e-05
-0.0010354,0.00020403,8.8114e-06
-0.0011411,7.8941e-05,-2.5947e-06
-0.0012591,1.2723e-05,-3.6414e-05
-0.00147,4.2174e-05,-4.6418e-05
-0.0017045,8.9411e-05,-5.0819e-05
-0.0019615,0.00015465,-5.461e-05
-0.0022507,0.00023995,-4.7863e-05
-0.002552,0.0003415,-5.2475e-05
-0.0028856,0.00046359,-5.4421e-05
-0.0032431,0.00060436,-5.77e-05
-0.0036336,0.00076651,-5.3723e-05
-0.004044,0.00094599,-5.4943e-05
-0.004497,0.0011503,-5.1094e-05
-0.0038527,0.00085328,-0.00016398
-0.0032723,0.00060695,-0.00032601
-0.0027504,0.00040721,-0.00054011
-0.0022861,0.00025138,-0.0007839
-0.0018754,0.00013597,-0.0010561
-0.0015101,5.6931e-05,-0.0013984
-0.0011892,1.2349e-05,-0.0017867
-0.00091729,-1.2673e-07,-0.0021943
-0.00068064,-1.77e-05,-0.0026638
-0.00047925,-6.4768e-05,-0.0031529
-0.00043335,-2.3003e-05,-0.0024832
-0.00039096,-2.9784e-06,-0.0019205
-0.00035522,1.5689e-06,-0.0014132
-0.00032411,1.6931e-05,-0.0010001
-0.00029806,4.7751e-05,-0.00064948
-0.0002708,9.0425e-05,-0.00037816
-0.00024843,0.00014674,-0.00017191
-0.00022638,0.00021473,-4.4217e-05
-0.0002065,0.00029733,6.0723e-10
-0.0001853,0.00039338,3.9003e-05
-0.00016028,0.00056533,9.0675e-07
-0.00013477,0.00078164,-2.4708e-05
-0.00010806,0.0010494,-0.00013192
-8.2281e-05,0.0013836,-0.00033078
-5.6411e-05,0.0017886,-0.00066194
-3.48e-05,0.0022935,-0.0011358
-1.6228e-05,0.0028978,-0.001811
-3.9257e-06,0.0036256,-0.0027282
5.094e-08,0.0044989,-0.0039057
7.2103e-06,0.005526,-0.0053553
0.00014126,0.0062579,-0.0071364
0.00046001,0.007055,-0.009169
0.00098609,0.007922,-0.011507
0.0017462,0.0088602,-0.014238
0.0027634,0.0098848,-0.0173
0.0040731,0.010987,-0.020702
0.0057001,0.012181,-0.024449
0.0076706,0.013478,-0.028625
0.010033,0.01486,-0.033208
0.012813,0.016343,-0.038283
0.01303,0.01337,-0.050847
0.013271,0.010674,-0.064757
0.013524,0.0082662,-0.080051
0.013753,0.0061765,-0.096448
0.014021,0.0043611,-0.11436
0.01432,0.002838,-0.13359
0.014613,0.0016372,-0.15375
0.014943,0.00075106,-0.17556
0.015294,0.00020084,-0.19859
0.015681,4.8024e-07,-0.2231
0.012685,0.0013551,-0.1722
0.010147,0.0050307,-0.13257
0.0080039,0.010699,-0.10097
0.0061612,0.018232,-0.075167
0.0045834,0.027608,-0.054054
0.0032336,0.038957,-0.036874
0.0020916,0.052549,-0.023066
0.0011722,0.068655,-0.012384
0.00049371,0.08765,-0.0049372
9.4219e-05,0.10983,-0.00085037
0.00014263,0.11728,1.0478e-05
0.00020356,0.12498,0.0012268
0.00027652,0.13299,0.0043655
0.00035449,0.14151,0.0092899
0.00045207,0.15018,0.015839
0.00056079,0.15924,0.023875
0.0006852,0.1686,0.033343
0.00081587,0.17846,0.044248
0.00096671,0.18856,0.056421
0.0011291,0.19907,0.069704
0.0022931,0.18517,0.044502
0.0038149,0.17221,0.026891
0.005672,0.16005,0.01473
0.0078248,0.14874,0.0067423
0.01027,0.13808,0.0020868
0.012992,0.12803,0.00012962
0.015967,0.1186,-0.00043812
0.019206,0.10965,-0.0026214
0.022679,0.10123,-0.0064006
0.0264,0.093245,-0.011535
0.023885,0.089643,-0.0054123
0.021532,0.086261,-0.0018368
0.01935,0.08302,-0.00021347
0.01733,0.079907,0.00013761
0.015451,0.076939,0.0013153
0.013711,0.074083,0.0034794
0.012095,0.071353,0.006456
0.010605,0.068717,0.010062
0.0092322,0.066171,0.014209
0.0079562,0.063766,0.018744
0.0077603,0.058986,0.009638
0.0075723,0.054479,0.0039642
0.0073814,0.050261,0.00093328
0.0072004,0.046266,6.0875e-07
0.0070141,0.042527,-0.00072291
0.0068239,0.039021,-0.0027457
0.0066538,0.03566,-0.0058993
0.006478,0.032513,-0.0099952
0.0063175,0.029508,-0.014932
0.0061327,0.026748,-0.020553
0.0049809,0.030057,-0.018438
0.0039324,0.0336,-0.016577
0.0030012,0.037341,-0.014874
0.0021849,0.041305,-0.013222
0.0014931,0.045461,-0.011722
0.00092406,0.049851,-0.010381
0.00048312,0.054496,-0.0091856
0.0001813,0.05935,-0.0080917
2.2485e-05,0.064483,-0.0071083
-1.6422e-05,0.069809,-0.0062776
3.9416e-09,0.06441,-0.0049204
1.6617e-05,0.059345,-0.0038493
6.4346e-05,0.054575,-0.0029748
0.00014073,0.050109,-0.0022512
0.00024483,0.045906,-0.0016542
0.00037535,0.041955,-0.0011432
0.00053101,0.038245,-0.00074807
0.000711,0.034762,-0.00043986
0.00090895,0.031536,-0.00022102
0.0011283,0.028513,-8.7808e-05
0.00084332,0.025202,-2.2108e-05
0.00060608,0.02217,-4.3837e-07
0.00040974,0.019431,8.5243e-06
0.00025358,0.016958,3.4685e-05
0.00013599,0.014731,6.9953e-05
5.6734e-05,0.012712,0.0001309
1.2045e-05,0.010904,0.00020352
-2.3332e-07,0.0092809,0.00030539
-1.9406e-05,0.007847,0.00042077
-6.8259e-05,0.0065777,0.00052035
-0.00023293,0.0070507,0.00022743
-0.00050017,0.0075405,5.885e-05
-0.00087793,0.0080556,2.1288e-08
-0.0013729,0.0085919,-6.3817e-05
-0.0019911,0.0091433,-0.00026249
-0.0027424,0.0097147,-0.00058579
-0.0036441,0.010323,-0.001051
-0.0046954,0.010944,-0.0016922
-0.0059104,0.011586,-0.0024935
-0.0073003,0.012251,-0.0034025
-0.006449,0.01408,-0.0021886
-0.005652,0.016057,-0.0012378
-0.0048974,0.018166,-0.00056217
-0.0041912,0.020429,-0.00015827
-0.0035349,0.022858,-2.3356e-06
-0.0029283,0.025461,9.23e-05
-0.0023724,0.028248,0.0004289
-0.001869,0.031231,0.0010299
-0.0014206,0.034426,0.0018927
-0.0010269,0.037827,0.003019
-0.00047363,0.040401,0.0028741
-0.00012834,0.043076,0.0027227
-5.2618e-07,0.045858,0.0025715
0.00010056,0.04877,0.0024056
0.00043889,0.051816,0.0022243
0.0010315,0.054966,0.0020224
0.0018901,0.058261,0.0018161
0.0030324,0.061687,0.0016723
0.0044757,0.065252,0.0015337
0.0062319,0.068982,0.0014139
0.0075412,0.060981,0.0048445
0.0089538,0.053666,0.0099775
0.010474,0.046956,0.016638
0.0121,0.040801,0.024772
0.013833,0.035152,0.034204
0.015669,0.029978,0.044997
0.017616,0.025238,0.057015
0.019681,0.020907,0.069997
0.021869,0.016973,0.084033
0.024178,0.013431,0.098996
0.023361,0.012802,0.09998
0.022563,0.012187,0.10078
0.02178,0.011589,0.10173
0.021017,0.011004,0.10313
0.02027,0.010434,0.10463
0.019534,0.0098813,0.10646
0.018818,0.0093418,0.10832
0.018119,0.0088165,0.11003
0.017431,0.0083073,0.11182
0.016763,0.0078119,0.11348
0.023214,0.0098191,0.085833
0.030689,0.01205,0.06287
0.03929,0.014521,0.043911
0.049124,0.017259,0.02839
0.060322,0.020289,0.016314
0.073033,0.023641,0.0076771
0.087401,0.027343,0.0022691
0.10359,0.03142,6.3888e-05
0.12175,0.035901,-0.00099063
0.14204,0.04081,-0.0050213
0.13346,0.035662,-0.0034552
0.12529,0.030972,-0.0023665
0.11751,0.02671,-0.0015974
0.11011,0.022851,-0.0010298
0.10308,0.019371,-0.00063341
0.096384,0.016246,-0.00034857
0.090017,0.013455,-0.00016233
0.083961,0.010979,-4.7843e-05
0.078225,0.0088029,-4.3985e-06
0.072778,0.0069065,5.5699e-06
0.077913,0.0071575,1.9776e-05
0.083292,0.0074198,3.5076e-05
0.088913,0.0076923,5.1865e-05
0.094772,0.0079733,6.7028e-05
0.10088,0.0082643,8.2216e-05
0.10722,0.0085626,8.7271e-05
0.11382,0.0088702,8.9355e-05
0.12067,0.0091883,8.8035e-05
0.12778,0.0095147,8.3927e-05
0.13514,0.0098499,8.9947e-05
0.13988,0.011314,0.00033288
0.14472,0.012881,0.00072648
0.14966,0.014558,0.0012414
0.15471,0.016344,0.0018378
0.15986,0.018236,0.0025131
0.16512,0.020241,0.0032223
0.17048,0.022353,0.0039798
0.17595,0.02458,0.0048569
0.18152,0.026908,0.0057915
0.1872,0.029353,0.0068038
0.19337,0.030306,0.005585
0.19966,0.03128,0.004481
0.20606,0.032269,0.0035334
0.21256,0.033266,0.0026751
0.21917,0.034276,0.0019499
0.22588,0.035296,0.0013309
0.23271,0.03633,0.0008426
0.23963,0.037375,0.00049719
0.24667,0.038435,0.0002474
0.25381,0.039502,9.1151e-05
0.24786,0.037935,-0.00012284
0.24201,0.036425,-0.00089575
0.23627,0.034983,-0.0022336
0.23063,0.033612,-0.0040188
0.22509,0.032276,-0.0061764
0.21965,0.031014,-0.0086476
0.21429,0.029786,-0.011448
0.20904,0.028615,-0.014293
0.20387,0.02749,-0.017285
0.19879,0.026401,-0.020327
0.18779,0.027776,-0.020079
0.17731,0.029148,-0.020004
0.16734,0.03053,-0.020007
0.15784,0.031913,-0.019941
0.14879,0.033309,-0.019933
0.14018,0.034703,-0.019881
0.13197,0.036091,-0.019804
0.12415,0.037496,-0.019875
0.1167,0.038891,-0.01994
0.1096,0.040286,-0.019919
0.11429,0.042085,-0.022622
0.11908,0.043919,-0.025505
0.124,0.045808,-0.02856
0.12904,0.047748,-0.031667
0.1342,0.04973,-0.034877
0.13948,0.051764,-0.038333
0.14487,0.053857,-0.041953
0.15039,0.055983,-0.045733
0.15602,0.058146,-0.049676
0.16177,0.060362,-0.053679
0.16227,0.060253,-0.045275
0.16276,0.060141,-0.03797
0.16325,0.060055,-0.031741
0.16374,0.059975,-0.026467
0.16423,0.059923,-0.021941
0.16472,0.059875,-0.0181
0.16521,0.05984,-0.014789
0.1657,0.059813,-0.011879
0.16618,0.059807,-0.0093775
0.16667,0.059804,-0.0071973
0.15278,0.067042,-0.0086762
0.13964,0.074575,-0.010086
0.1272,0.08241,-0.011413
0.11545,0.090539,-0.012668
0.10435,0.098948,-0.013838
0.093879,0.10765,-0.014959
0.08402,0.11664,-0.015988
0.07475,0.12592,-0.016862
0.066052,0.13548,-0.01762
0.057917,0.14534,-0.018202
0.071414,0.13372,-0.01125
0.086253,0.1227,-0.0063779
0.10246,0.11221,-0.0030699
0.12005,0.10216,-0.0010417
0.13909,0.092597,-0.00011271
0.15964,0.083515,9.7734e-05
0.18175,0.074861,0.00086527
0.20549,0.066655,0.0023027
0.2309,0.058884,0.004328
0.25807,0.051551,0.0069298
0.27044,0.047674,0.0058337
0.28309,0.043955,0.0050433
0.29604,0.040388,0.0045183
0.30928,0.036996,0.0040318
0.32282,0.033764,0.0036531
0.33665,0.030686,0.0033415
0.35078,0.027767,0.0030905
0.36521,0.025005,0.0028489
0.37993,0.022396,0.0026424
0.39495,0.019935,0.0024892
0.39165,0.020865,0.0028352
0.38842,0.021806,0.0031755
0.38525,0.022765,0.0035614
0.38214,0.023734,0.0040118
0.37909,0.02472,0.0045104
0.37609,0.025713,0.0051196
0.37315,0.026726,0.0057395
0.37027,0.027752,0.0063545
0.36743,0.02879,0.0070069
0.36465,0.029845,0.0076652
0.34946,0.024789,0.0073429
0.33499,0.020298,0.0069123
0.32121,0.016338,0.0064485
0.30807,0.012873,0.0060001
0.29554,0.0098786,0.0055386
0.28357,0.0073258,0.0051239
0.27214,0.0051909,0.0047161
0.26122,0.0034517,0.0042498
0.25078,0.0020871,0.0037978
0.24078,0.0010787,0.0033679
0.23471,0.0022709,0.0069605
0.22878,0.0038758,0.011461
0.223,0.005877,0.016856
0.21735,0.0082617,0.022951
0.21182,0.011018,0.029734
0.2064,0.014136,0.036988
0.20109,0.017607,0.044811
0.19588,0.021424,0.053268
0.19077,0.025581,0.062243
0.18574,0.030072,0.071528
0.18184,0.027351,0.098183
0.178,0.024777,0.12712
0.17421,0.022346,0.15773
0.17046,0.020053,0.1897
0.16677,0.017895,0.22276
0.16311,0.015868,0.25683
0.15949,0.013971,0.29147
0.15592,0.012203,0.32688
0.15239,0.01056,0.36315
0.1489,0.009042,0.39952
0.15065,0.0079453,0.46154
0.15239,0.0069142,0.52532
0.15411,0.0059497,0.59066
0.15584,0.0050543,0.65802
0.15755,0.0042294,0.72691
0.15926,0.0034759,0.79623
0.16097,0.0027955,0.86668
0.16267,0.0021882,0.9375
0.16436,0.0016551,1.009
0.16605,0.0011962,1.0813
0.15525,0.0035456,0.97794
0.14505,0.0070105,0.89626
0.13542,0.011503,0.8297
0.12628,0.016952,0.77448
0.1176,0.023302,0.72725
0.10935,0.030506,0.68572
0.1015,0.03853,0.64871
0.094026,0.047336,0.61592
0.08691,0.056905,0.58623
0.08013,0.067213,0.55942
0.075232,0.057619,0.56143
0.070574,0.048926,0.56342
0.066145,0.041086,0.56556
0.061934,0.034051,0.56768
0.057921,0.027775,0.56937
0.054105,0.022224,0.57084
0.050472,0.017361,0.57232
0.047013,0.013155,0.5734
0.043722,0.0095774,0.57455
0.040588,0.0066017,0.5762
0.038593,0.0067191,0.48035
0.03672,0.0068477,0.40155
0.034948,0.0069838,0.33616
0.033281,0.0071318,0.28145
0.031698,0.0072868,0.23521
0.030201,0.0074522,0.1962
0.028782,0.0076265,0.16298
0.027433,0.0078082,0.13427
0.026152,0.0079996,0.10974
0.024934,0.0081988,0.088577
0.022663,0.0070372,0.09245
0.020522,0.0059774,0.096236
0.018507,0.0050156,0.099954
0.016608,0.004146,0.10349
0.014827,0.0033671,0.1069
0.013161,0.0026761,0.11013
0.011604,0.0020695,0.11317
0.010152,0.0015444,0.11593
0.0088071,0.0011,0.11866
0.007565,0.00073334,0.12144
0.0091859,0.00042929,0.12698
0.010989,0.00020465,0.13222
0.012978,6.1413e-05,0.13728
0.015162,1.7312e-06,0.14199
0.017545,-2.7655e-05,0.14647
0.020136,-0.00014121,0.15096
0.022938,-0.00034462,0.15522
0.02596,-0.00063981,0.15888
0.029208,-0.0010287,0.16226
0.032687,-0.0015131,0.1655
0.03039,-0.00079197,0.13216
0.028273,-0.00032014,0.10515
0.026317,-6.5715e-05,0.082924
0.024507,1.568e-06,0.064581
0.022832,0.00010451,0.049418
0.021278,0.0003548,0.03709
0.01983,0.00073576,0.027032
0.018482,0.001234,0.01903
0.017217,0.0018383,0.012657
0.016034,0.0025412,0.0077603
0.016364,0.0024169,0.0062171
0.016694,0.0022962,0.0048585
0.017026,0.0021795,0.0036828
0.017363,0.0020663,0.0026065
0.017687,0.0019556,0.0017676
0.018013,0.0018482,0.0010987
0.018344,0.0017441,0.00058437
0.018677,0.0016431,0.00025194
0.019015,0.0015451,6.0628e-05
0.019357,0.00145,-4.6295e-08
0.023624,0.001352,4.291e-05
0.028496,0.0012557,0.00017391
0.034017,0.0011613,0.0003998
0.040233,0.0010692,0.00074034
0.047198,0.00097946,0.0011941
0.054963,0.00089254,0.0017242
0.063566,0.0008087,0.0023454
0.073065,0.0007281,0.0030885
0.083505,0.00065095,0.0039115
0.094936,0.00057748,0.0047435
0.090021,0.00079241,0.0012369
0.085322,0.0010374,1.2478e-05
0.080819,0.0013117,-0.0007144
0.076502,0.0016143,-0.0031365
0.072351,0.0019449,-0.0070969
0.06836,0.0023028,-0.012496
0.064517,0.0026877,-0.019199
0.06081,0.0030996,-0.026926
0.057232,0.0035385,-0.035711
0.053777,0.0040043,-0.045414
0.05604,0.0050646,-0.053328
0.058369,0.0062696,-0.061962
0.060784,0.0076221,-0.071099
0.063276,0.0091288,-0.080597
0.065844,0.010795,-0.090631
0.068495,0.012625,-0.10129
0.071223,0.014623,-0.11244
0.074036,0.016794,-0.12425
0.076934,0.019142,-0.13655
0.079915,0.02167,-0.14897
0.074991,0.02212,-0.14169
0.070268,0.022557,-0.13597
0.065738,0.022981,-0.13118
0.0614,0.023391,-0.12691
0.057246,0.023788,-0.12324
0.053268,0.024174,-0.11992
0.04946,0.024549,-0.11714
0.045828,0.02491,-0.1147
0.042352,0.025263,-0.11273
0.039042,0.025603,-0.11084
0.038724,0.029956,-0.079123
0.038421,0.034558,-0.054266
0.038122,0.039429,-0.035055
0.037835,0.044569,-0.020507
0.037545,0.05001,-0.010181
0.037257,0.055763,-0.0036116
0.036966,0.061852,-0.00041846
0.03667,0.068298,0.00034137
0.036366,0.075125,0.0031914
0.036051,0.082353,0.0087329
0.033406,0.082414,0.012905
0.030886,0.082483,0.017874
0.028484,0.082563,0.023558
0.026199,0.082646,0.029833
0.024024,0.082736,0.036728
0.021952,0.082835,0.044332
0.019985,0.082935,0.052558
0.018115,0.083043,0.061181
0.01634,0.083157,0.070338
0.014663,0.083271,0.08014
0.017932,0.072535,0.07792
0.021433,0.06278,0.076342
0.025161,0.053919,0.075377
0.029102,0.04589,0.074573
0.033255,0.038628,0.074078
0.037621,0.032084,0.073909
0.042201,0.026214,0.073885
0.047005,0.020983,0.073905
0.052041,0.016362,0.074027
0.057322,0.012331,0.074436
0.057205,0.015175,0.070511
0.057085,0.018309,0.066795
0.056962,0.021735,0.063357
0.056851,0.025453,0.060328
0.056735,0.029472,0.057489
0.056619,0.033796,0.054722
0.056502,0.038429,0.052127
0.056389,0.043374,0.04983
0.056278,0.048638,0.047706
0.056164,0.054229,0.045589
0.055802,0.047945,0.03291
0.055452,0.042205,0.022947
0.055115,0.036966,0.015178
0.054795,0.032187,0.0092812
0.054482,0.027838,0.0049879
0.054182,0.023886,0.0021402
0.053891,0.020305,0.00052156
0.053606,0.017072,-1.0843e-09
0.053332,0.014164,-0.00048945
0.053063,0.011565,-0.0018807
0.054699,0.014527,-0.0021956
0.056358,0.01787,-0.0025555
0.058043,0.021607,-0.0029324
0.059751,0.025752,-0.0033069
0.061483,0.030317,-0.0037001
0.063239,0.035317,-0.0041429
0.065017,0.040763,-0.0046004
0.066824,0.046669,-0.0050275
0.068651,0.053044,-0.0054774
0.070503,0.059902,-0.0059583
0.068746,0.063514,-0.0083141
0.067006,0.067228,-0.011086
0.065289,0.071047,-0.01424
0.063591,0.074969,-0.017656
0.061915,0.078996,-0.021384
0.060257,0.083127,-0.025333
0.058619,0.087362,-0.029554
0.057001,0.0917,-0.034139
0.055403,0.096144,-0.038999
0.053825,0.10069,-0.044027
0.048988,0.10011,-0.0215
0.044467,0.099502,-0.0078805
0.040235,0.098878,-0.0012389
0.036269,0.09824,0.00021663
0.032548,0.097591,0.0038163
0.029057,0.096934,0.011382
0.025784,0.09627,0.022391
0.022719,0.095601,0.036508
0.019855,0.094929,0.053338
0.017184,0.094256,0.072499
0.017418,0.097615,0.063469
0.017654,0.10101,0.055572
0.017891,0.10446,0.048735
0.018129,0.10794,0.042836
0.018369,0.11147,0.037709
0.018609,0.11505,0.033116
0.018851,0.11867,0.029064
0.019093,0.12234,0.025553
0.019337,0.12606,0.022448
0.019584,0.12983,0.019692
0.022177,0.12877,0.020517
0.024928,0.12773,0.021439
0.027829,0.1267,0.022363
0.030891,0.12569,0.023459
0.03411,0.12468,0.024635
0.037486,0.12369,0.025945
0.041021,0.12271,0.027337
0.044712,0.12173,0.028739
0.048564,0.12077,0.030226
0.052574,0.11982,0.031883
0.062269,0.12261,0.022471
0.072873,0.12544,0.014958
0.08441,0.12831,0.0091773
0.096923,0.13122,0.0049906
0.11044,0.13416,0.0021566
0.12499,0.13714,0.00051947
0.1406,0.14016,-1.6765e-08
0.15732,0.14322,-0.00048031
0.17516,0.14632,-0.0018517
0.19414,0.14946,-0.0040996
0.19383,0.1468,-0.00063641
0.19352,0.14422,8.7438e-05
0.19322,0.14171,0.0016373
0.19294,0.13927,0.0047896
0.19266,0.13689,0.0091624
0.1924,0.13457,0.014564
0.19214,0.13231,0.020758
0.19189,0.13011,0.027499
0.19164,0.12796,0.034746
0.19141,0.12586,0.042578
0.1671,0.12721,0.039192
0.14497,0.1285,0.036329
0.12486,0.12973,0.033933
0.10665,0.13091,0.032005
0.090222,0.13204,0.030325
0.075448,0.13311,0.028761
0.062249,0.13414,0.027355
0.050525,0.13513,0.026176
0.040193,0.13607,0.025099
0.03118,0.13698,0.024146
0.036417,0.12425,0.016623
0.041957,0.11245,0.010912
0.047798,0.10148,0.0066772
0.053934,0.091284,0.0036665
0.060366,0.081795,0.0016489
0.067095,0.07296,0.00046299
0.074113,0.064728,1.0497e-05
0.081446,0.057072,-0.00021053
0.089093,0.049954,-0.00099756
0.097065,0.043349,-0.0022787
0.096309,0.039995,-0.0032344
0.095568,0.036809,-0.0043387
0.094848,0.033788,-0.0055511
0.094132,0.030921,-0.0068546
0.093426,0.028206,-0.0082423
0.092739,0.025642,-0.0097663
0.092064,0.023221,-0.011373
0.091394,0.020937,-0.012979
0.090736,0.018791,-0.01463
0.090093,0.016777,-0.016318
0.096637,0.021558,-0.02113
0.10357,0.027042,-0.026605
0.11091,0.033257,-0.032613
0.11867,0.040235,-0.039175
0.12685,0.047999,-0.046262
0.13547,0.056579,-0.053653
0.14454,0.065998,-0.061399
0.15409,0.076279,-0.069378
0.16409,0.087436,-0.077593
0.17458,0.099488,-0.086225
0.18155,0.1144,-0.082161
0.18873,0.13047,-0.079136
0.19611,0.14772,-0.076746
0.2037,0.16614,-0.074837
0.2115,0.18576,-0.073364
0.21952,0.20658,-0.072433
0.22774,0.22861,-0.071797
0.23618,0.25183,-0.071511
0.24482,0.27625,-0.071522
0.25366,0.30185,-0.071527
0.25062,0.30809,-0.026322
0.24767,0.31435,-0.0046473
0.24479,0.32062,0.00029495
0.24194,0.32692,0.0092134
0.23914,0.33325,0.028706
0.23638,0.3396,0.056727
0.23363,0.34598,0.091962
0.23091,0.3524,0.13352
0.22819,0.35884,0.18057
0.22551,0.36531,0.23199
0.21442,0.35681,0.22703
0.20382,0.34871,0.22646
0.19367,0.34098,0.22898
0.18396,0.33359,0.23369
0.17466,0.32651,0.23981
0.16574,0.31973,0.24701
0.15719,0.31321,0.25476
0.14899,0.30695,0.26343
0.14113,0.30093,0.27247
0.13359,0.29514,0.28195
0.14467,0.30005,0.23095
0.1561,0.30498,0.19078
0.1679,0.30992,0.15851
0.18007,0.31488,0.13241
0.19262,0.31986,0.11083
0.20554,0.32486,0.092999
0.21885,0.32987,0.077931
0.23254,0.3349,0.065059
0.24661,0.33994,0.054039
0.26108,0.345,0.044471
0.24909,0.39181,0.037576
0.23731,0.4415,0.030971
0.22574,0.49405,0.024796
0.21439,0.54945,0.01919
0.20325,0.60767,0.01422
0.19235,0.66867,0.0099098
0.18166,0.73243,0.006371
0.17122,0.79887,0.0036504
0.16103,0.86796,0.0016936
0.1511,0.93963,0.0004719
0.14241,0.89086,0.00067469
0.13418,0.84547,0.00075623
0.12638,0.80313,0.00075835
0.11899,0.76357,0.00073356
0.11197,0.72652,0.00067971
0.10532,0.69176,0.0005945
0.099001,0.65913,0.00049919
0.093,0.62842,0.00042148
0.087298,0.59949,0.00035059
0.081883,0.5722,0.00027591
0.089412,0.55373,0.0011115
0.097172,0.53595,0.0023618
0.10516,0.5188,0.0039104
0.11337,0.50225,0.0056406
0.12179,0.48628,0.0075459
0.13042,0.47082,0.0096553
0.13925,0.45589,0.011909
0.14828,0.44142,0.0142
0.15751,0.42741,0.016591
0.16693,0.41383,0.019101
0.1678,0.4145,0.018883
0.16867,0.41517,0.018909
0.16952,0.41588,0.019106
0.17034,0.41662,0.019545
0.17115,0.41739,0.020112
0.17194,0.41818,0.020807
0.17272,0.41898,0.021562
0.17347,0.41982,0.022447
0.17422,0.42067,0.023367
0.17494,0.42155,0.024314
0.16088,0.43322,0.02972
0.14755,0.44487,0.034656
0.13493,0.45654,0.03925
0.123,0.46823,0.043456
0.11172,0.47991,0.047391
0.10108,0.49162,0.051189
0.09107,0.50332,0.054774
0.081659,0.51503,0.058015
0.072834,0.52675,0.061064
0.064579,0.53849,0.064083
0.064033,0.55293,0.046259
0.063492,0.56736,0.033086
0.062956,0.58179,0.023208
0.062421,0.59625,0.015776
0.061889,0.61071,0.010194
0.061362,0.62516,0.0060788
0.060837,0.63961,0.0031822
0.060315,0.65405,0.0013286
0.059797,0.66847,0.00030615
0.059281,0.68287,-1.1443e-07
0.058326,0.67764,0.0032848
0.05738,0.6726,0.011428
0.056447,0.66769,0.02265
0.055524,0.66291,0.036105
0.054612,0.65826,0.051131
0.05371,0.65373,0.067249
0.052818,0.64931,0.084355
0.051936,0.64501,0.10246
0.051065,0.6408,0.12129
0.050203,0.63669,0.14064
0.048673,0.61834,0.11985
0.047173,0.60076,0.10418
0.045703,0.5839,0.091758
0.044263,0.5677,0.081467
0.042851,0.55212,0.072826
0.041467,0.53713,0.065372
0.040111,0.52268,0.058836
0.038783,0.50874,0.053203
0.037482,0.4953,0.048185
0.036208,0.48231,0.043545
0.038866,0.48345,0.021274
0.041598,0.48459,0.0080701
0.044407,0.48574,0.0015131
0.047291,0.48688,-6.7692e-05
0.050252,0.48803,-0.0027102
0.053291,0.48917,-0.0086199
0.056405,0.4903,-0.01724
0.059596,0.49142,-0.028268
0.062861,0.49253,-0.041308
0.0662,0.49363,-0.055932
0.056923,0.49919,-0.023057
0.048444,0.50475,-0.0062667
0.04073,0.51029,-0.00023497
0.033741,0.51583,0.0017863
0.02745,0.52135,0.008944
0.021846,0.52686,0.020448
0.016903,0.53235,0.035316
0.012614,0.53783,0.05289
0.008966,0.54329,0.072729
0.0059494,0.54874,0.094713
0.0055976,0.55289,0.080343
0.0052591,0.55699,0.069397
0.004936,0.56101,0.060909
0.0046234,0.56498,0.05401
0.0043242,0.56889,0.048348
0.0040379,0.57273,0.043693
0.0037634,0.57651,0.039706
0.0035004,0.58024,0.036082
0.0032495,0.58391,0.032855
0.0030091,0.58753,0.029925
0.0014186,0.56117,0.014377
0.00043212,0.53626,0.005406
1.7661e-05,0.51265,0.0010387
-0.00014701,0.49024,-2.2715e-05
-0.00079514,0.46891,-0.0014965
-0.0019394,0.44859,-0.0048896
-0.0035609,0.42922,-0.0097942
-0.0056394,0.4107,-0.015871
-0.0081604,0.39299,-0.022921
-0.011109,0.37603,-0.030862
-0.0088179,0.33857,-0.025275
-0.0068591,0.30429,-0.021313
-0.0052037,0.27294,-0.01852
-0.0038234,0.24428,-0.016571
-0.0026913,0.21808,-0.015196
-0.0017849,0.19415,-0.014264
-0.0010871,0.17235,-0.013546
-0.00057555,0.15247,-0.013025
-0.00023478,0.1344,-0.012642
-4.8413e-05,0.118,-0.01235
1.1936e-05,0.10782,-0.011997
0.00018414,0.098318,-0.011782
0.00054805,0.08945,-0.011625
0.0010882,0.081181,-0.011466
0.0017916,0.073469,-0.011275
0.0026431,0.066296,-0.011146
0.0036316,0.059627,-0.011058
0.0047478,0.053427,-0.010959
0.0059825,0.047672,-0.01087
0.0073249,0.042344,-0.010874
0.0065786,0.047949,-0.0091
0.0058682,0.053972,-0.0075369
0.0051986,0.060413,-0.0061205
0.0045665,0.067298,-0.0049101
0.0039737,0.074635,-0.0038396
0.0034196,0.082441,-0.0028812
0.002904,0.090739,-0.0020657
0.0024289,0.099528,-0.0013902
0.002,0.10877,-0.00081724
0.0016086,0.11855,-0.00041764
0.0022376,0.10887,-0.00078185
0.002963,0.099781,-0.0011855
0.0037777,0.091293,-0.0016244
0.0046819,0.083343,-0.0020909
0.0056698,0.07592,-0.0025682
0.0067411,0.06898,-0.0030805
0.0078936,0.062498,-0.0036009
0.0091234,0.056456,-0.004083
0.010431,0.050818,-0.0045583
0.011811,0.04558,-0.0050296
0.012564,0.045686,-0.0076672
0.013342,0.045801,-0.01083
0.014151,0.04592,-0.014475
0.014988,0.046044,-0.018532
0.015857,0.046174,-0.023014
0.01676,0.046302,-0.027951
0.017697,0.046432,-0.033302
0.018666,0.046574,-0.038948
0.019671,0.046719,-0.044952
0.020709,0.046874,-0.051193
0.022115,0.047966,-0.051385
0.023573,0.049068,-0.051617
0.025083,0.050185,-0.051845
0.026643,0.051317,-0.051932
0.028252,0.052467,-0.052052
0.02992,0.053617,-0.052229
0.031637,0.054786,-0.052437
0.033408,0.055968,-0.052705
0.035228,0.057167,-0.052943
0.03711,0.058367,-0.053086
0.038437,0.0485,-0.052555
0.039751,0.039748,-0.052232
0.041046,0.03204,-0.051994
0.042322,0.025303,-0.051687
0.043583,0.019471,-0.051434
0.044832,0.014487,-0.05138
0.046068,0.010301,-0.051324
0.047307,0.0068673,-0.051299
0.048541,0.0041557,-0.051265
0.049769,0.0021385,-0.051237
0.050647,0.0012042,-0.055902
0.051518,0.00053727,-0.060468
0.052399,0.00013533,-0.065081
0.053279,5.2087e-09,-0.069829
0.054163,-0.00013273,-0.074614
0.055058,-0.00053662,-0.079321
0.055946,-0.001214,-0.084022
0.056835,-0.0021685,-0.088836
0.057728,-0.0034051,-0.093717
0.058629,-0.0049289,-0.09842
0.059289,-0.0059531,-0.07315
0.059927,-0.0070596,-0.053035
0.06054,-0.0082464,-0.037012
0.061142,-0.0095151,-0.02439
0.061731,-0.010865,-0.014777
0.062318,-0.012299,-0.0078192
0.062909,-0.013818,-0.0032076
0.063494,-0.015421,-0.00065048
0.064084,-0.017113,2.2574e-05
0.064678,-0.018894,0.0011618
0.058877,-0.019481,0.004833
0.05342,-0.020089,0.010756
0.048282,-0.020717,0.018672
0.043445,-0.021363,0.028311
0.038888,-0.022025,0.039592
0.034602,-0.022701,0.052493
0.030574,-0.023391,0.066886
0.026788,-0.024092,0.082509
0.023245,-0.024803,0.099421
0.019952,-0.025522,0.11787
0.021652,-0.027228,0.12708
0.023438,-0.029001,0.13638
0.025314,-0.030841,0.14592
0.027277,-0.032749,0.1559
0.029329,-0.034726,0.16612
0.031473,-0.036772,0.17656
0.033718,-0.038878,0.18684
0.036052,-0.041055,0.19734
0.038479,-0.0433,0.20802
0.041,-0.045614,0.2191
0.045221,-0.040485,0.19356
0.049563,-0.035785,0.17206
0.054026,-0.031475,0.15364
0.058613,-0.02752,0.13782
0.063329,-0.023894,0.12397
0.068182,-0.020568,0.11179
0.073167,-0.017532,0.10084
0.078293,-0.014767,0.090908
0.083569,-0.012258,0.08185
0.088992,-0.010001,0.073715
0.088318,-0.0089925,0.085982
0.087645,-0.0080422,0.098899
0.086972,-0.0071486,0.11222
0.086299,-0.0063103,0.12574
0.085627,-0.0055265,0.13971
0.084956,-0.0047952,0.15404
0.084283,-0.0041185,0.16861
0.083609,-0.0034948,0.18317
0.082934,-0.0029244,0.19797
0.08226,-0.0024054,0.21313
0.080679,-0.0014692,0.18234
0.079122,-0.0007755,0.15629
0.07759,-0.00030861,0.13424
0.076081,-5.5587e-05,0.11556
0.074594,6.219e-06,0.099492
0.073127,0.00015114,0.085425
0.07168,0.00048238,0.073192
0.070251,0.00099306,0.062658
0.06884,0.0016781,0.053476
0.067445,0.0025326,0.045324
0.075125,0.0045719,0.045926
0.083418,0.0072936,0.046275
0.092362,0.010748,0.046483
0.10199,0.01499,0.046599
0.11233,0.020076,0.046547
0.12343,0.026059,0.046252
0.13531,0.032994,0.045758
0.14801,0.040931,0.045036
0.16156,0.049922,0.044137
0.17598,0.060016,0.043099
0.17281,0.050053,0.035606
0.16974,0.041231,0.029396
0.16677,0.033463,0.02417
0.1639,0.026669,0.019717
0.16111,0.020781,0.015945
0.1584,0.015735,0.012793
0.15577,0.011475,0.010124
0.1532,0.0079524,0.0079021
0.15071,0.0051194,0.0060254
0.14827,0.0029412,0.0044639
0.14915,0.0023692,0.0087676
0.15004,0.001857,0.014045
0.15094,0.0014091,0.020101
0.15183,0.0010237,0.026673
0.15273,0.00070045,0.033679
0.15364,0.00043856,0.041043
0.15453,0.00023866,0.048725
0.15542,9.9488e-05,0.056496
0.15632,2.0259e-05,0.06437
0.15723,-9.2993e-07,0.072413
0.16348,-0.00010221,0.082435
0.16989,-0.00037253,0.092769
0.17646,-0.00081376,0.10331
0.18317,-0.0014271,0.11391
0.19005,-0.0022155,0.12457
0.19706,-0.003177,0.13516
0.20423,-0.0043154,0.14576
0.21156,-0.0056313,0.15666
0.21903,-0.0071224,0.16767
0.22665,-0.0087919,0.17831
0.21792,-0.0065526,0.20902
0.20943,-0.0046665,0.24057
0.20116,-0.0031169,0.2728
0.19313,-0.0018944,0.30569
0.1853,-0.00098236,0.3392
0.17768,-0.00037248,0.37312
0.17025,-5.4427e-05,0.40739
0.16302,1.9547e-05,0.44174
0.15597,0.0002601,0.47642
0.14908,0.00076985,0.51093
0.15002,0.00098028,0.37807
0.15093,0.0012031,0.27867
0.15182,0.0014362,0.20273
0.15269,0.0016802,0.144
0.15354,0.0019339,0.098785
0.15437,0.0021981,0.064436
0.15518,0.0024742,0.038821
0.15599,0.0027579,0.020442
0.15679,0.0030546,0.0083496
0.15758,0.0033629,0.001782
0.16269,0.0029596,0.00059166
0.16789,0.002584,4.0372e-05
0.17319,0.0022336,-0.00014028
0.17857,0.0019127,-0.00092289
0.18409,0.0016116,-0.0024191
0.18969,0.0013392,-0.0046618
0.19538,0.0010942,-0.0076787
0.20121,0.00087122,-0.011356
0.20712,0.00067555,-0.015741
0.21315,0.00050459,-0.020778
0.21583,0.001074,-0.015445
0.2185,0.0018541,-0.011362
0.22119,0.0028405,-0.0082362
0.22389,0.0040314,-0.0059077
0.22661,0.0054237,-0.0041309
0.22933,0.0070202,-0.002811
0.23206,0.0088128,-0.0018223
0.2348,0.010808,-0.0010915
0.23755,0.012998,-0.00057971
0.24031,0.015384,-0.0002386
0.24131,0.012969,-0.00057245
0.24231,0.010784,-0.00097884
0.24332,0.0088151,-0.0014446
0.24435,0.0070564,-0.0019685
0.24536,0.0055092,-0.0025178
0.24638,0.0041657,-0.003117
0.24742,0.0030145,-0.0037295
0.24844,0.0020588,-0.0043196
0.24947,0.0012897,-0.0049026
0.25051,0.00070264,-0.0055186
0.23281,0.00075319,-0.0090763
0.21617,0.00080009,-0.01313
0.2005,0.00084523,-0.017645
0.18577,0.00088753,-0.022544
0.17188,0.00093194,-0.027725
0.15876,0.00097937,-0.033194
0.14646,0.001022,-0.038973
0.1349,0.0010612,-0.044961
0.12401,0.0011024,-0.05112
0.1138,0.0011399,-0.057584
0.10858,0.0012697,-0.048622
0.10363,0.0014012,-0.041056
0.098866,0.0015459,-0.034653
0.094359,0.0016872,-0.029264
0.090045,0.0018355,-0.024654
0.085924,0.0019878,-0.020758
0.081984,0.0021448,-0.017424
0.078236,0.002301,-0.014489
0.07463,0.0024671,-0.011941
0.071189,0.0026349,-0.0098151
0.062107,0.0017649,-0.015592
0.053852,0.0010874,-0.022138
0.046387,0.0005814,-0.029239
0.03962,0.00024039,-0.03682
0.033506,5.0575e-05,-0.044778
0.028012,-1.3509e-06,-0.052914
0.023084,-8.6153e-05,-0.061301
0.018686,-0.00029882,-0.069762
0.014795,-0.00063712,-0.078465
0.011368,-0.001092,-0.087454
0.010401,-0.00069087,-0.075071
0.0095166,-0.00039238,-0.064643
0.0087122,-0.00018623,-0.055667
0.0079704,-5.911e-05,-0.047859
0.0072946,-4.007e-06,-0.041084
0.0066723,1.2187e-05,-0.035299
0.0061113,7.534e-05,-0.030241
0.005585,0.0001902,-0.025791
0.005108,0.00034799,-0.021887
0.0046726,0.00054369,-0.018429
0.0047684,0.00059674,-0.023213
0.0048792,0.00064761,-0.028749
0.0050001,0.00069878,-0.034987
0.0051316,0.0007501,-0.041891
0.005273,0.00080209,-0.049495
0.0054223,0.00085597,-0.05789
0.0055856,0.0009084,-0.067044
0.0057681,0.00095615,-0.077026
0.0059547,0.0010085,-0.087799
0.0061536,0.0010607,-0.099154
0.0062937,0.0019608,-0.13126
0.0064398,0.0032179,-0.16906
0.0065881,0.0048894,-0.2125
0.0067385,0.0070306,-0.26133
0.0068943,0.0096896,-0.31531
0.0070525,0.012922,-0.37384
0.0072108,0.01678,-0.43637
0.0073742,0.021297,-0.50249
0.0075443,0.026505,-0.57187
0.0077209,0.03244,-0.6444
0.0060239,0.030462,-0.53626
0.0045931,0.028589,-0.45277
0.0033942,0.026826,-0.38624
0.0024061,0.025161,-0.33184
0.0016102,0.023583,-0.28697
0.00098763,0.022098,-0.24945
0.00052519,0.020705,-0.21768
0.00021466,0.019375,-0.19018
4.3522e-05,0.018109,-0.16643
-1.5119e-06,0.016898,-0.14574
0.00029199,0.016357,-0.14478
0.0012516,0.015814,-0.14395
0.0028706,0.015298,-0.14295
0.0051561,0.014786,-0.14211
0.0081219,0.014275,-0.14109
0.011779,0.013771,-0.14006
0.016148,0.013274,-0.13896
0.021255,0.01278,-0.13764
0.02712,0.012296,-0.13622
0.033799,0.011805,-0.1344
0.03147,0.012977,-0.095496
0.029295,0.014171,-0.065347
0.027254,0.01539,-0.042223
0.025317,0.016647,-0.024893
0.023502,0.01792,-0.012603
0.021768,0.019237,-0.0047316
0.020126,0.02058,-0.00071193
0.018563,0.021956,0.00021294
0.017064,0.023376,0.0030329
0.015622,0.024844,0.0090626
0.015759,0.024931,0.013767
0.015899,0.025019,0.019327
0.016043,0.025107,0.025769
0.016188,0.025199,0.032986
0.016335,0.025293,0.041019
0.016483,0.025392,0.049752
0.016645,0.025483,0.059345
0.016789,0.025596,0.069604
0.016949,0.025701,0.080702
0.017115,0.025805,0.092472
0.017242,0.025895,0.091085
0.017381,0.025977,0.090238
0.017505,0.026071,0.089579
0.017641,0.026158,0.089463
0.01777,0.026251,0.089614
0.017902,0.026342,0.090116
0.018041,0.026429,0.090762
0.018177,0.026518,0.091527
0.01831,0.02661,0.092454
0.018446,0.026699,0.09361
0.018923,0.023421,0.073919
0.019395,0.020459,0.057627
0.019864,0.017786,0.044225
0.020322,0.015377,0.033278
0.020765,0.013209,0.024386
0.021215,0.011257,0.017089
0.021661,0.0095045,0.011316
0.022106,0.0079358,0.0068692
0.022532,0.0065378,0.0035822
0.02297,0.0052953,0.0014395
0.025003,0.006269,0.004426
0.027161,0.0073455,0.0091385
0.029478,0.0085292,0.015566
0.031947,0.0098272,0.023713
0.03458,0.011245,0.033573
0.037387,0.012788,0.04519
0.040381,0.014462,0.058451
0.043558,0.01627,0.073187
0.046938,0.01822,0.089377
0.050518,0.020314,0.10707
0.042269,0.019172,0.13249
0.034802,0.018066,0.15963
0.028098,0.016999,0.18874
0.022107,0.015961,0.2194
0.01683,0.014959,0.25191
0.012251,0.013987,0.2862
0.0083745,0.013046,0.32216
0.0052083,0.012134,0.36003
0.0027702,0.011254,0.39949
0.0010798,0.010402,0.44015
0.00040447,0.011944,0.41925
5.6609e-05,0.013562,0.40105
-2.4225e-05,0.015255,0.38474
-0.00029747,0.017025,0.36952
-0.00086891,0.018866,0.35554
-0.0017321,0.020783,0.34243
-0.0028829,0.022772,0.33019
-0.0043176,0.024838,0.31899
-0.0060358,0.026977,0.30842
-0.0080372,0.02919,0.29872
-0.010512,0.031827,0.27825
-0.013306,0.034538,0.26003
-0.016413,0.037352,0.24382
-0.01984,0.040257,0.22949
-0.023594,0.043258,0.21663
-0.027678,0.046366,0.20469
-0.032096,0.049593,0.19381
-0.036866,0.052909,0.18352
-0.041983,0.056359,0.17412
-0.047462,0.059918,0.16542
-0.046259,0.063472,0.16083
-0.045078,0.067108,0.15604
-0.043918,0.070831,0.15103
-0.042782,0.074628,0.14612
-0.041664,0.07852,0.14105
-0.040569,0.08248,0.13604
-0.039491,0.086536,0.13086
-0.038434,0.090663,0.12557
-0.037397,0.094856,0.12024
-0.036377,0.099144,0.11472
-0.035327,0.09208,0.11566
-0.034308,0.085436,0.11687
-0.033318,0.079193,0.11814
-0.032355,0.073332,0.11932
-0.031418,0.067828,0.12055
-0.030506,0.062651,0.12208
-0.029618,0.057796,0.12362
-0.028754,0.05323,0.12513
-0.027912,0.048947,0.12668
-0.027091,0.044923,0.12838
-0.026481,0.038709,0.11506
-0.025895,0.033107,0.10302
-0.025332,0.028082,0.092165
-0.02479,0.023594,0.082308
-0.024267,0.019601,0.073371
-0.023762,0.016062,0.065289
-0.023274,0.01295,0.057947
-0.022803,0.010245,0.051236
-0.022345,0.0079059,0.045072
-0.021901,0.0059186,0.039567
-0.022022,0.0068832,0.044021
-0.022136,0.0079411,0.048754
-0.022245,0.0090948,0.053612
-0.022347,0.010349,0.058501
-0.022443,0.011703,0.063496
-0.022533,0.013166,0.068629
-0.022615,0.014733,0.073865
-0.022693,0.016419,0.079008
-0.022762,0.018211,0.084151
-0.022828,0.02013,0.089159
-0.020345,0.02051,0.099618
-0.018002,0.020888,0.1103
-0.015798,0.021273,0.12118
-0.013734,0.021661,0.1325
-0.011809,0.022058,0.1439
-0.010022,0.022453,0.15521
-0.0083754,0.022848,0.16655
-0.0068718,0.023255,0.17813
-0.0055104,0.023661,0.18979
-0.004293,0.024066,0.20122
-0.0043692,0.020435,0.18744
-0.0044407,0.017188,0.17554
-0.0045057,0.014284,0.16497
-0.0045651,0.011705,0.15528
-0.0046202,0.0094352,0.14655
-0.0046699,0.00745,0.13893
-0.0047153,0.005733,0.13197
-0.0047559,0.0042668,0.12571
-0.0047921,0.0030375,0.11995
-0.0048238,0.0020317,0.11454
-0.0065238,0.0022789,0.13004
-0.0085423,0.0025514,0.14624
-0.010898,0.0028486,0.16325
-0.013611,0.0031719,0.18131
-0.016704,0.0035248,0.2001
-0.020195,0.0039075,0.21935
-0.024103,0.0043219,0.23908
-0.028444,0.0047684,0.25902
-0.033229,0.0052445,0.27906
-0.038482,0.0057572,0.29966
-0.041364,0.0064414,0.26899
-0.044312,0.0071497,0.24223
-0.047322,0.0078788,0.21815
-0.0504,0.0086299,0.19648
-0.053551,0.0094056,0.17702
-0.056772,0.010204,0.15969
-0.06007,0.011027,0.14389
-0.063443,0.011872,0.1293
-0.066899,0.012744,0.11596
-0.070433,0.013639,0.1039
-0.074925,0.016618,0.086786
-0.079557,0.019884,0.071611
-0.084343,0.023449,0.058307
-0.089288,0.027319,0.046846
-0.094402,0.031502,0.036885
-0.09969,0.036007,0.028264
-0.10516,0.040842,0.02094
-0.11082,0.046021,0.014769
-0.11667,0.051548,0.0097308
-0.12271,0.057431,0.0057794
-0.12879,0.055376,0.0011713
-0.135,0.053368,-3.3138e-05
-0.14137,0.051407,-0.001929
-0.14789,0.049486,-0.0065073
-0.15457,0.047604,-0.013471
-0.16143,0.045758,-0.022499
-0.16846,0.043949,-0.033437
-0.17567,0.042173,-0.046273
-0.18307,0.040431,-0.060747
-0.19065,0.038723,-0.076557
-0.18754,0.041176,-0.063823
-0.18449,0.043681,-0.053922
-0.18152,0.046237,-0.046092
-0.1786,0.048845,-0.039724
-0.17575,0.051503,-0.034581
-0.17295,0.054213,-0.030331
-0.17019,0.056974,-0.026964
-0.16749,0.059784,-0.024122
-0.16483,0.062647,-0.021736
-0.16222,0.065557,-0.019697
-0.17411,0.069474,-0.02299
-0.18654,0.073537,-0.026286
-0.19949,0.077745,-0.029676
-0.21298,0.082097,-0.033106
-0.227,0.086595,-0.036576
-0.24156,0.091239,-0.040127
-0.25666,0.096024,-0.043736
-0.2723,0.10094,-0.047455
-0.28848,0.106,-0.051227
-0.30519,0.1112,-0.055072
-0.30557,0.10477,-0.049546
-0.306,0.09864,-0.044924
-0.30649,0.092794,-0.040913
-0.30701,0.087225,-0.037481
-0.30759,0.081907,-0.034385
-0.30821,0.076833,-0.031534
-0.30887,0.071987,-0.028911
-0.30957,0.067375,-0.026514
-0.31031,0.062974,-0.024326
-0.31109,0.058778,-0.022305
-0.28861,0.053223,-0.011037
-0.26759,0.048129,-0.0042138
-0.24793,0.043454,-0.00078706
-0.22952,0.039149,3.6283e-05
-0.21227,0.035199,0.0014298
-0.19611,0.031569,0.0046311
-0.18097,0.028231,0.0093586
-0.16677,0.025166,0.015348
-0.15346,0.022355,0.022457
-0.14098,0.019782,0.030651
-0.14909,0.021316,0.016835
-0.15745,0.022914,0.0075449
-0.16608,0.024568,0.0021519
-0.17498,0.026303,6.5921e-05
-0.18416,0.028102,-0.00079626
-0.19363,0.029967,-0.003945
-0.2034,0.031927,-0.0091398
-0.21348,0.033954,-0.01622
-0.22386,0.03606,-0.024918
-0.23455,0.038248,-0.034983
-0.23356,0.039075,-0.036193
-0.23257,0.039908,-0.037589
-0.23158,0.040739,-0.039065
-0.2306,0.041598,-0.040502
-0.22962,0.042451,-0.041998
-0.22864,0.043317,-0.043593
-0.22767,0.04419,-0.045219
-0.22669,0.04507,-0.04676
-0.22573,0.045963,-0.048254
-0.22476,0.046861,-0.049883
-0.23298,0.044233,-0.052685
-0.24135,0.041693,-0.055565
-0.24986,0.03924,-0.058637
-0.2585,0.036869,-0.062019
-0.26729,0.034585,-0.065572
-0.27621,0.032382,-0.06942
-0.28527,0.030262,-0.073422
-0.29446,0.02822,-0.077445
-0.3038,0.02625,-0.081548
-0.31327,0.024361,-0.085755
-0.32604,0.025385,-0.11739
-0.33913,0.026415,-0.15099
-0.35251,0.027465,-0.18576
-0.3662,0.028541,-0.22098
-0.38017,0.02963,-0.25658
-0.39444,0.030752,-0.29228
-0.40899,0.03189,-0.32793
-0.42381,0.03304,-0.36315
-0.43891,0.034214,-0.39793
-0.45427,0.035405,-0.4327
-0.4241,0.046688,-0.35048
-0.39585,0.059107,-0.28903
-0.36928,0.072583,-0.24153
-0.34423,0.087055,-0.20397
-0.32054,0.10248,-0.17335
-0.29811,0.11882,-0.14769
-0.27684,0.13604,-0.12602
-0.25663,0.15411,-0.10769
-0.23743,0.17301,-0.091888
-0.21917,0.19274,-0.078286
-0.22431,0.16667,-0.12991
-0.22947,0.14285,-0.18645
-0.23466,0.12114,-0.24611
-0.23988,0.10143,-0.30725
-0.24514,0.083627,-0.36952
-0.25043,0.06767,-0.43273
-0.25576,0.053494,-0.49638
-0.26114,0.041057,-0.55969
-0.26655,0.030315,-0.62318
-0.27201,0.021241,-0.68694
-0.2817,0.023136,-0.54509
-0.29134,0.025039,-0.43721
-0.30095,0.026959,-0.35282
-0.31056,0.028901,-0.28568
-0.32021,0.030867,-0.23111
-0.3299,0.032862,-0.18644
-0.33965,0.034885,-0.14921
-0.34947,0.03694,-0.11821
-0.35935,0.039027,-0.092341
-0.36933,0.041147,-0.070791
-0.38473,0.042036,-0.070539
-0.40045,0.042932,-0.069084
-0.41648,0.043834,-0.066745
-0.43282,0.044743,-0.063828
-0.44946,0.045658,-0.060387
-0.46638,0.046578,-0.056633
-0.48361,0.047504,-0.052703
-0.50113,0.048437,-0.048641
-0.51891,0.04937,-0.0445
-0.53699,0.050312,-0.040594
-0.54021,0.04705,-0.059213
-0.54341,0.043938,-0.078283
-0.5466,0.040976,-0.097179
-0.54976,0.038152,-0.11566
-0.55289,0.035463,-0.13364
-0.556,0.032907,-0.15139
-0.55909,0.030478,-0.1688
-0.56215,0.02817,-0.18556
-0.56519,0.025982,-0.20207
-0.56824,0.023914,-0.21835
-0.56154,0.016466,-0.27416
-0.55501,0.01047,-0.33058
-0.54862,0.0058711,-0.38735
-0.54234,0.0026208,-0.44466
-0.53616,0.00067667,-0.50235
-0.53008,1.1545e-06,-0.56046
-0.52409,-0.00055836,-0.61855
-0.51819,-0.0023153,-0.67643
-0.51236,-0.0052421,-0.73376
-0.5066,-0.0093108,-0.79075
-0.51512,-0.0071851,-0.71643
-0.52363,-0.0053824,-0.65939
-0.53215,-0.0038734,-0.61424
-0.54066,-0.002638,-0.57762
-0.54915,-0.0016598,-0.54696
-0.55765,-0.000919,-0.52016
-0.56618,-0.00040304,-0.49668
-0.57468,-0.00010082,-0.47602
-0.58321,-2.7974e-08,-0.4573
-0.59173,9.0928e-05,-0.44043
-0.56021,0.00051257,-0.40333
-0.53035,0.0012462,-0.37102
-0.50204,0.0022622,-0.34258
-0.47516,0.0035315,-0.3175
-0.44964,0.0050326,-0.29493
-0.42538,0.006742,-0.2742
-0.4023,0.0086412,-0.25524
-0.38036,0.010718,-0.23772
-0.35948,0.012955,-0.22166
-0.33959,0.015334,-0.20665
-0.34256,0.019207,-0.1816
-0.34554,0.023461,-0.15969
-0.34853,0.02809,-0.14039
-0.35153,0.03309,-0.12337
-0.35455,0.038457,-0.10821
-0.35758,0.044175,-0.094553
-0.3606,0.050234,-0.082245
-0.36364,0.05665,-0.071397
-0.36667,0.063385,-0.061762
-0.36972,0.070465,-0.053057
-0.35888,0.054686,-0.065327
-0.34834,0.041209,-0.07682
-0.33816,0.029908,-0.08749
-0.32826,0.0206,-0.097675
-0.31866,0.013174,-0.10729
-0.30931,0.0074971,-0.11625
-0.30021,0.0034733,-0.12484
-0.29134,0.0010082,-0.13298
-0.28269,2.5166e-05,-0.14086
-0.27424,-0.00045456,-0.1487
-0.28627,-0.00028214,-0.18
-0.29865,-0.0001494,-0.21248
-0.31138,-5.7566e-05,-0.24559
-0.32445,-8.5022e-06,-0.27938
-0.33785,3.1772e-06,-0.31353
-0.35159,4.2485e-05,-0.34765
-0.36566,0.00012703,-0.38191
-0.38004,0.00025668,-0.41642
-0.39474,0.00043214,-0.45092
-0.40973,0.00065217,-0.48523
-0.41675,0.0024573,-0.44631
-0.42382,0.0053667,-0.41385
-0.43092,0.0093389,-0.38641
-0.43805,0.014332,-0.36292
-0.44522,0.020324,-0.34228
-0.45242,0.027286,-0.32345
-0.45966,0.035194,-0.30628
-0.46694,0.044029,-0.29076
-0.47424,0.053763,-0.2763
-0.48158,0.064385,-0.26232
-0.47016,0.061644,-0.20741
-0.45913,0.059072,-0.16412
-0.4485,0.056666,-0.12943
-0.43821,0.054406,-0.10119
-0.42826,0.052283,-0.078125
-0.4186,0.05028,-0.05934
-0.40924,0.048395,-0.044
-0.40015,0.046611,-0.031492
-0.3913,0.044916,-0.021491
-0.38269,0.043309,-0.013741
-0.39091,0.039665,-0.017699
-0.39917,0.03621,-0.021261
-0.40748,0.032947,-0.024451
-0.41583,0.029862,-0.027364
-0.42423,0.026956,-0.029945
-0.43267,0.024222,-0.032104
-0.44116,0.021665,-0.034032
-0.44969,0.019269,-0.035747
-0.45824,0.017028,-0.037278
-0.46683,0.014944,-0.038609
-0.47522,0.0099221,-0.030208
-0.48363,0.0059642,-0.023722
-0.49207,0.0030362,-0.018559
-0.50053,0.0011006,-0.014451
-0.509,0.00013087,-0.011159
-0.51751,-0.00010204,-0.008455
-0.52604,-0.00099114,-0.0062692
-0.53461,-0.0027749,-0.0045262
-0.54322,-0.0054347,-0.0031434
-0.55183,-0.0089564,-0.0020588
-0.55174,-0.0079265,-0.0096854
-0.5517,-0.0069786,-0.020965
-0.55169,-0.0061072,-0.034516
-0.55171,-0.0053089,-0.049423
-0.55176,-0.0045788,-0.06525
-0.55182,-0.0039166,-0.08151
-0.55191,-0.0033152,-0.098217
-0.55203,-0.0027725,-0.11539
-0.55217,-0.0022865,-0.1328
-0.55232,-0.001855,-0.15066
-0.54819,-0.0030991,-0.16845
-0.54411,-0.0046418,-0.18629
-0.54008,-0.0064725,-0.20421
-0.53609,-0.0085827,-0.22184
-0.53216,-0.010963,-0.23943
-0.52827,-0.013604,-0.25677
-0.52442,-0.0165,-0.27398
-0.52062,-0.019641,-0.29116
-0.51685,-0.023021,-0.30815
-0.51312,-0.026633,-0.32478
-0.52888,-0.020861,-0.22851
-0.54461,-0.015896,-0.15935
-0.56036,-0.011675,-0.10895
-0.57617,-0.0081523,-0.072023
-0.59206,-0.0052929,-0.045088
-0.60804,-0.00307,-0.025919
-0.62412,-0.0014613,-0.012823
-0.64032,-0.00044937,-0.0046637
-0.65664,-1.8489e-05,-0.00066539
-0.67308,0.00015543,0.00020384
-0.66204,7.0122e-05,-2.6823e-05
-0.65128,1.8635e-05,-0.00035607
-0.6408,9.5814e-08,-0.00081621
-0.63058,-1.3444e-05,-0.0012818
-0.62061,-5.7726e-05,-0.0016848
-0.61089,-0.0001321,-0.002025
-0.6014,-0.00023611,-0.0022906
-0.59215,-0.00036811,-0.0024908
-0.58311,-0.00052731,-0.0026316
-0.57429,-0.00071401,-0.00277
-0.55018,-0.001146,-0.0020899
-0.52718,-0.0016676,-0.0015107
-0.50521,-0.0022732,-0.0010458
-0.48422,-0.0029577,-0.00069558
-0.46415,-0.003717,-0.00042544
-0.44497,-0.0045459,-0.00021975
-0.42661,-0.0054421,-8.4503e-05
-0.40905,-0.006397,-1.5839e-05
-0.39223,-0.0074164,1.2409e-06
-0.37612,-0.0084861,3.9786e-05
-0.34852,-0.01055,0.00027496
-0.32253,-0.012795,0.00065956
-0.29807,-0.015205,0.0011653
-0.27507,-0.017758,0.0017764
-0.25342,-0.020465,0.0024551
-0.23305,-0.023319,0.0031649
-0.21392,-0.026293,0.0039048
-0.19594,-0.029392,0.0047149
-0.17906,-0.032614,0.0055618
-0.16321,-0.035945,0.0063969
-0.17544,-0.035694,0.0081825
-0.18823,-0.035449,0.010176
-0.20161,-0.035191,0.012314
-0.21556,-0.034944,0.014483
-0.23011,-0.034685,0.016734
-0.24526,-0.034432,0.019129
-0.261,-0.034174,0.0216
-0.27735,-0.033918,0.024029
-0.29431,-0.033658,0.026496
-0.31188,-0.033389,0.029077
-0.2922,-0.043238,0.033699
-0.27342,-0.054185,0.038334
-0.25546,-0.06622,0.043025
-0.23828,-0.079306,0.047925
-0.22183,-0.093423,0.052938
-0.20606,-0.10859,0.058036
-0.19096,-0.12476,0.063182
-0.17651,-0.14188,0.068343
-0.16265,-0.16004,0.073541
-0.14938,-0.17917,0.078955
-0.13501,-0.18118,0.066747
-0.12158,-0.18317,0.056879
-0.10905,-0.18514,0.048795
-0.097386,-0.18705,0.041946
-0.086529,-0.18895,0.036178
-0.076446,-0.19084,0.031255
-0.067101,-0.19272,0.02705
-0.058477,-0.19454,0.023404
-0.050549,-0.19629,0.020227
-0.043264,-0.19807,0.017438
-0.041814,-0.20941,0.017247
-0.040379,-0.22106,0.017016
-0.03896,-0.23303,0.016702
-0.037554,-0.24533,0.016292
-0.03617,-0.2579,0.015863
-0.034814,-0.27074,0.01543
-0.033472,-0.2839,0.014951
-0.032151,-0.29734,0.014483
-0.03085,-0.31107,0.013991
-0.029565,-0.32512,0.013429
-0.032768,-0.29821,0.0036026
-0.036027,-0.27325,9.1251e-05
-0.039352,-0.25,-0.0013341
-0.042725,-0.22837,-0.0061982
-0.046145,-0.20822,-0.013921
-0.049639,-0.18933,-0.024043
-0.053171,-0.17174,-0.036107
-0.05676,-0.15529,-0.049709
-0.060396,-0.13993,-0.064712
-0.064088,-0.12558,-0.081089
-0.06166,-0.12319,-0.080359
-0.059302,-0.1209,-0.080177
-0.057022,-0.11869,-0.080625
-0.054811,-0.11656,-0.081488
-0.052667,-0.11451,-0.082784
-0.050581,-0.11255,-0.084583
-0.048564,-0.11065,-0.086792
-0.046618,-0.10878,-0.089475
-0.044722,-0.107,-0.092299
-0.042881,-0.10528,-0.095105
-0.042117,-0.094426,-0.061269
-0.041381,-0.084524,-0.036814
-0.040664,-0.075485,-0.019738
-0.039959,-0.06723,-0.0086289
-0.039277,-0.059663,-0.0023174
-0.038604,-0.052741,-3.2592e-05
-0.037947,-0.046392,0.0012069
-0.037302,-0.040571,0.0053549
-0.036666,-0.035237,0.012135
-0.036042,-0.030349,0.021367
-0.040009,-0.027652,0.01919
-0.044172,-0.025095,0.017165
-0.048546,-0.022662,0.015344
-0.053129,-0.020354,0.013728
-0.057931,-0.018168,0.012268
-0.062958,-0.0161,0.010889
-0.068209,-0.014154,0.0096316
-0.073695,-0.012328,0.0084914
-0.079442,-0.010612,0.0073503
-0.085429,-0.00902,0.0063875
-0.088046,-0.0064696,0.011015
-0.0907,-0.0043457,0.016787
-0.093399,-0.002642,0.023582
-0.096139,-0.0013581,0.031354
-0.098926,-0.00049504,0.040031
-0.10177,-5.7114e-05,0.049609
-0.10466,5.208e-05,0.059891
-0.10761,0.00048821,0.070699
-0.1106,0.0013751,0.082232
-0.11365,0.002724,0.094402
-0.11369,0.0031525,0.076522
-0.11368,0.0036098,0.061853
-0.11367,0.0040971,0.049664
-0.11363,0.0046135,0.039455
-0.11357,0.0051593,0.030886
-0.11349,0.0057345,0.023747
-0.1134,0.0063389,0.017876
-0.11329,0.0069729,0.012956
-0.11317,0.0076359,0.0089871
-0.11305,0.0083285,0.0057997
-0.11039,0.0094053,0.0038577
-0.10779,0.010533,0.0023494
-0.10526,0.011711,0.001262
-0.10279,0.012938,0.00054512
-0.10037,0.014212,0.00013632
-0.098003,0.015532,4.4004e-07
-0.095685,0.0169,-9.928e-05
-0.093417,0.018311,-0.00041767
-0.091194,0.019765,-0.00093618
-0.089012,0.021265,-0.0016107
-0.087491,0.021015,-0.0012747
-0.085988,0.020768,-0.0010151
-0.084501,0.020528,-0.00079613
-0.083032,0.020288,-0.00059757
-0.081579,0.020056,-0.0004382
-0.080143,0.019822,-0.00031218
-0.078723,0.019591,-0.00021404
-0.07732,0.019365,-0.00013017
-0.075932,0.01914,-6.7874e-05
-0.074561,0.01892,-2.9539e-05
-0.076807,0.019254,-0.00043331
-0.0791,0.019593,-0.0012946
-0.08144,0.019936,-0.0025708
-0.08383,0.020282,-0.0042359
-0.086269,0.020631,-0.0062519
-0.08876,0.020984,-0.0085644
-0.0913,0.021335,-0.011179
-0.093897,0.0217,-0.013987
-0.096546,0.022068,-0.017027
-0.099236,0.022412,-0.020201
-0.093368,0.022973,-0.014771
-0.087785,0.023509,-0.010581
-0.082474,0.024033,-0.0073528
-0.077422,0.024547,-0.0048532
-0.072611,0.025039,-0.0029806
-0.068035,0.025523,-0.0016691
-0.063674,0.025984,-0.00077145
-0.059523,0.026432,-0.00023475
-0.055574,0.026869,-1.2716e-05
-0.051814,0.027291,5.384e-05
-0.048162,0.025371,0.0071666
-0.044698,0.02356,0.025161
-0.041365,0.021814,0.053007
-0.038138,0.020134,0.090029
-0.034985,0.018487,0.136
-0.031899,0.016883,0.1903
-0.028873,0.015305,0.25293
-0.025914,0.013768,0.32303
-0.023029,0.012266,0.40053
-0.02023,0.010805,0.48524
-0.020822,0.0072094,0.40116
-0.021431,0.0044825,0.33525
-0.022052,0.0024884,0.28229
-0.022689,0.0011317,0.23858
-0.023339,0.00032678,0.20219
-0.024004,9.8621e-06,0.17151
-0.024681,-0.00012721,0.14538
-0.025373,-0.00063578,0.12275
-0.026074,-0.0015044,0.10319
-0.026791,-0.0027042,0.085958
-0.024913,-0.0041216,0.088907
-0.023107,-0.0058267,0.091744
-0.021367,-0.0078252,0.094462
-0.019691,-0.010124,0.097154
-0.018081,-0.012717,0.099815
-0.016533,-0.015619,0.10257
-0.015052,-0.018821,0.10523
-0.013631,-0.022349,0.10766
-0.012276,-0.02619,0.11001
-0.010983,-0.030372,0.11214
-0.010577,-0.028218,0.12309
-0.010178,-0.026147,0.13434
-0.0097894,-0.024152,0.14578
-0.009408,-0.022237,0.15748
-0.0090281,-0.02043,0.16946
-0.0086587,-0.018683,0.18126
-0.008297,-0.017012,0.19315
-0.0079413,-0.015423,0.2049
-0.0075913,-0.013916,0.2166
-0.0072496,-0.012482,0.2283
-0.0070628,-0.0089438,0.21112
-0.0068799,-0.0060678,0.19609
-0.0066996,-0.0038042,0.1826
-0.0065222,-0.002104,0.17054
-0.0063489,-0.00092515,0.1596
-0.0061795,-0.00023344,0.14956
-0.0060086,-2.5975e-07,0.14023
-0.0058436,0.00019753,0.13171
-0.0056809,0.00080627,0.12376
-0.0055203,0.0018101,0.11658
-0.0072733,0.0015095,0.13374
-0.0093452,0.001237,0.15183
-0.011758,0.00099041,0.17095
-0.014536,0.00076952,0.19113
-0.017701,0.00057447,0.21227
-0.021284,0.00040859,0.23377
-0.025299,0.00026993,0.25588
-0.029777,0.00016059,0.27863
-0.03473,7.8894e-05,0.30175
-0.040186,2.6113e-05,0.32479
-0.037463,0.00063528,0.30537
-0.034919,0.0020275,0.28878
-0.032514,0.0041614,0.27411
-0.030242,0.0070156,0.2614
-0.028086,0.01057,0.25007
-0.026033,0.014809,0.2402
-0.024074,0.019732,0.23125
-0.0222,0.025339,0.22283
-0.020403,0.031625,0.21504
-0.01868,0.038603,0.20797
-0.020466,0.039619,0.17956
-0.022291,0.040614,0.15458
-0.024157,0.041593,0.13269
-0.026066,0.042562,0.11362
-0.028018,0.043519,0.09681
-0.030015,0.044465,0.081731
-0.032061,0.04541,0.068442
-0.034158,0.046355,0.056691
-0.036306,0.047296,0.046351
-0.038506,0.048232,0.037377
-0.039397,0.046566,0.04014
-0.040294,0.044947,0.042754
-0.041201,0.043378,0.045124
-0.042113,0.041849,0.047341
-0.043027,0.040356,0.049454
-0.043953,0.038914,0.051211
-0.044887,0.037516,0.052755
-0.045823,0.036151,0.054124
-0.046767,0.034828,0.05528
-0.047719,0.033545,0.056103
-0.044175,0.039933,0.043208
-0.040781,0.046829,0.032407
-0.037527,0.054242,0.023467
-0.034409,0.062192,0.016275
-0.031416,0.07069,0.010544
-0.028549,0.079761,0.0061298
-0.025804,0.089428,0.0029726
-0.02318,0.099709,0.00098656
-0.020677,0.11063,7.7405e-05
-0.018297,0.12221,-0.00017154
-0.016564,0.12797,-0.00025916
-0.014912,0.13386,-0.00037786
-0.013336,0.1399,-0.00052427
-0.011842,0.14607,-0.00072056
-0.01043,0.15239,-0.00096284
-0.0090989,0.15885,-0.0012756
-0.0078526,0.16544,-0.0016415
-0.0066911,0.17218,-0.0020894
-0.0056167,0.17906,-0.0025955
-0.0046308,0.18608,-0.0031449
-0.0066497,0.17987,-0.00087763
-0.0090028,0.17388,-2.7238e-05
-0.011681,0.1681,0.00030399
-0.014678,0.16251,0.0015085
-0.017989,0.15709,0.0034812
-0.021609,0.15184,0.0060913
-0.025537,0.14673,0.0092682
-0.02977,0.14176,0.01297
-0.034309,0.13694,0.01716
-0.039152,0.13223,0.0218
-0.040247,0.13407,0.014786
-0.041353,0.13594,0.0094318
-0.04247,0.13784,0.0054827
-0.043596,0.13974,0.0027065
-0.044735,0.14166,0.0009692
-0.045888,0.14361,0.00013033
-0.047051,0.14556,-5.3963e-05
-0.048228,0.14754,-0.00065442
-0.049416,0.14953,-0.001853
-0.050618,0.15154,-0.0035588
-0.055931,0.15371,-0.0019601
-0.061528,0.15589,-0.00089819
-0.067416,0.15809,-0.00028527
-0.073597,0.16031,-2.2653e-05
-0.080077,0.16256,4.2112e-05
-0.086853,0.16482,0.00027654
-0.093928,0.16707,0.0006722
-0.10131,0.16936,0.0011856
-0.109,0.17168,0.0017776
-0.117,0.17401,0.0024707
-0.10793,0.16821,0.0019742
-0.099391,0.16269,0.0015512
-0.091374,0.15744,0.0012048
-0.083846,0.15244,0.00093262
-0.076781,0.14768,0.00070709
-0.070168,0.14318,0.00051518
-0.063962,0.13885,0.00035585
-0.058157,0.13472,0.00023803
-0.052729,0.13079,0.00014776
-0.04766,0.12702,7.2658e-05
-0.048369,0.12157,-2.6808e-05
-0.04908,0.11637,-0.00030393
-0.049791,0.11139,-0.00081837
-0.050495,0.1066,-0.001514
-0.051206,0.10203,-0.0023233
-0.05191,0.097617,-0.0032751
-0.052613,0.093381,-0.0043135
-0.053317,0.089319,-0.0054655
-0.054013,0.085391,-0.0066705
-0.054721,0.081656,-0.0079834
-0.056985,0.070952,-0.010636
-0.059256,0.061192,-0.013501
-0.061528,0.0523,-0.016583
-0.063813,0.044247,-0.019932
-0.066102,0.036963,-0.023473
-0.068408,0.030426,-0.027175
-0.070721,0.024578,-0.03103
-0.073053,0.019409,-0.035097
-0.075411,0.014891,-0.039358
-0.077786,0.01099,-0.043591
-0.0881,0.010364,-0.046509
-0.09927,0.0097536,-0.049365
-0.11132,0.0091569,-0.052263
-0.1243,0.0085802,-0.055234
-0.13823,0.0080167,-0.058228
-0.15315,0.0074749,-0.061369
-0.16907,0.0069473,-0.0645
-0.18605,0.0064403,-0.067519
-0.2041,0.0059564,-0.070489
-0.22323,0.0054838,-0.073564
-0.23231,0.0061225,-0.057784
-0.24158,0.0067967,-0.045019
-0.25101,0.0074983,-0.034551
-0.26063,0.0082373,-0.026003
-0.27044,0.0090098,-0.01908
-0.28043,0.009812,-0.013535
-0.2906,0.010643,-0.009143
-0.30098,0.011516,-0.0057564
-0.31157,0.012424,-0.003245
-0.32233,0.013357,-0.0015134
-0.32869,0.014871,-0.0044219
-0.33509,0.016455,-0.0083369
-0.34155,0.01812,-0.012991
-0.34804,0.01985,-0.018203
-0.3546,0.021665,-0.023845
-0.3612,0.023552,-0.029703
-0.36785,0.025512,-0.035765
-0.37455,0.02754,-0.042092
-0.38129,0.029639,-0.048569
-0.38808,0.031809,-0.055037
-0.36056,0.023073,-0.031029
-0.33496,0.015971,-0.01563
-0.31109,0.010332,-0.0063146
-0.28878,0.0060255,-0.0014903
-0.26791,0.0029452,-1.5497e-06
-0.24836,0.00099394,0.0011288
-0.23001,8.6636e-05,0.0043613
-0.21277,-0.0001543,0.0092924
-0.19657,-0.0011333,0.015668
-0.18131,-0.0029723,0.023311
-0.18186,-0.0019564,0.014052
-0.18242,-0.0011577,0.0076054
-0.18298,-0.00057254,0.0033904
-0.18355,-0.00019349,0.00099191
-0.18412,-1.5802e-05,4.2444e-05
-0.18469,3.4813e-05,-0.00029675
-0.18526,0.00024679,-0.0015702
-0.18583,0.00064855,-0.0036793
-0.1864,0.0012366,-0.0065147
-0.18696,0.0020106,-0.010039
-0.18805,0.00047064,-0.0093474
-0.18912,-1.6372e-06,-0.00866
-0.1902,-0.00057927,-0.0079872
-0.19127,-0.0021857,-0.00738
-0.19234,-0.0048056,-0.0068
-0.19341,-0.0084298,-0.0062889
-0.19447,-0.013058,-0.0058168
-0.19554,-0.018686,-0.0053378
-0.1966,-0.025318,-0.0048949
-0.19766,-0.032948,-0.0044764
-0.19481,-0.034344,-0.002955
-0.192,-0.035784,-0.0018333
-0.18924,-0.037259,-0.0010304
-0.18652,-0.038774,-0.00049999
-0.18384,-0.040336,-0.00017724
-0.1812,-0.041933,-2.1805e-05
-0.1786,-0.043571,1.2207e-05
-0.17604,-0.045249,0.00012159
-0.17352,-0.04697,0.00032954
-0.17103,-0.048736,0.00062922
-0.17184,-0.05022,0.00095115
-0.17264,-0.051718,0.0012874
-0.17345,-0.053223,0.0016503
-0.17424,-0.054742,0.0020329
-0.17505,-0.056259,0.0024116
-0.17585,-0.057789,0.0028348
-0.17664,-0.059327,0.0032723
-0.17744,-0.060868,0.0037496
-0.17823,-0.062414,0.0042534
-0.17902,-0.063966,0.0047155
-0.17928,-0.065434,0.0051379
-0.17954,-0.066928,0.0055894
-0.17981,-0.068444,0.006043
-0.18008,-0.06999,0.0064626
-0.18037,-0.071554,0.0068703
-0.18066,-0.073149,0.0073086
-0.18095,-0.074768,0.0077478
-0.18126,-0.07641,0.0081362
-0.18157,-0.078081,0.0085166
-0.18189,-0.079775,0.0089167
-0.17295,-0.057884,0.003333
-0.1645,-0.040219,0.00064284
-0.1565,-0.026281,-1.1335e-05
-0.14891,-0.01565,-0.00084218
-0.14168,-0.0079808,-0.0027399
-0.13477,-0.0029858,-0.0054825
-0.12816,-0.00043428,-0.0089031
-0.12181,0.00014989,-0.012795
-0.11568,0.0020041,-0.017108
-0.10975,0.0059133,-0.021794
-0.10904,0.0056435,-0.034539
-0.10833,0.0053798,-0.049564
-0.10761,0.0051237,-0.066759
-0.1069,0.0048747,-0.086015
-0.10618,0.0046325,-0.10716
-0.10545,0.004397,-0.13016
-0.10472,0.0041686,-0.15484
-0.10398,0.0039455,-0.1812
-0.10324,0.0037299,-0.20909
-0.10248,0.0035197,-0.2381
-0.097964,0.0061955,-0.22303
-0.093607,0.0095615,-0.21023
-0.089392,0.013591,-0.19937
-0.08531,0.018266,-0.18998
-0.081358,0.023576,-0.18178
-0.077513,0.029505,-0.17479
-0.073783,0.036058,-0.16858
-0.070159,0.043233,-0.1629
-0.066621,0.051019,-0.15784
-0.063173,0.059426,-0.1535
-0.064354,0.066012,-0.16517
-0.065541,0.072986,-0.17668
-0.066733,0.080347,-0.1878
-0.067952,0.088131,-0.1988
-0.069167,0.096295,-0.20927
-0.070412,0.10489,-0.21941
-0.071653,0.11387,-0.22903
-0.072917,0.12327,-0.23822
-0.074182,0.13306,-0.24698
-0.075465,0.14326,-0.25518
-0.078318,0.13443,-0.30344
-0.081256,0.12596,-0.35216
-0.08423,0.11777,-0.40151
-0.087256,0.10988,-0.4511
-0.090336,0.10228,-0.5009
-0.093478,0.094997,-0.55081
-0.096672,0.088005,-0.60076
-0.099908,0.08129,-0.65099
-0.10321,0.074888,-0.70102
-0.10655,0.068753,-0.75118
-0.098302,0.074042,-0.75829
-0.090439,0.079456,-0.76849
-0.082951,0.084998,-0.78059
-0.075822,0.090663,-0.79362
-0.069048,0.096453,-0.80769
-0.062623,0.10237,-0.82296
-0.056546,0.10844,-0.83894
-0.050777,0.11457,-0.85533
-0.045352,0.12087,-0.87186
-0.040251,0.12729,-0.88829
-0.038326,0.11742,-0.80928
-0.036484,0.10836,-0.74433
-0.034739,0.10005,-0.68985
-0.033061,0.092365,-0.64391
-0.031441,0.085224,-0.60412
-0.029918,0.078678,-0.56972
-0.028429,0.07254,-0.53897
-0.027025,0.066896,-0.51172
-0.025664,0.061621,-0.48696
-0.024363,0.05673,-0.46471
-0.02682,0.054613,-0.49592
-0.0294,0.052514,-0.52479
-0.032104,0.050445,-0.55169
-0.034959,0.048457,-0.57653
-0.037946,0.046519,-0.59949
-0.041032,0.04458,-0.62121
-0.044266,0.042721,-0.6416
-0.047628,0.040914,-0.66102
-0.051091,0.039119,-0.67902
-0.054678,0.037376,-0.69577
-0.05903,0.028712,-0.67528
-0.06348,0.021323,-0.65758
-0.068025,0.015127,-0.6419
-0.072712,0.010086,-0.62743
-0.077463,0.0060948,-0.6142
-0.082348,0.0031425,-0.60229
-0.087367,0.001179,-0.59142
-0.092504,0.00016446,-0.58088
-0.097756,-7.2566e-05,-0.57077
-0.10315,-0.00088026,-0.5605
-0.089822,-0.00083528,-0.54296
-0.077742,-0.000784,-0.52766
-0.066735,-0.00073931,-0.51445
-0.056778,-0.00069433,-0.50258
-0.047798,-0.00065081,-0.49204
-0.03973,-0.0006099,-0.48289
-0.032526,-0.00057108,-0.47469
-0.026145,-0.00053343,-0.46709
-0.020555,-0.00049462,-0.46013
-0.015695,-0.00045956,-0.45425
-0.015028,-0.00035345,-0.44434
-0.014375,-0.00026574,-0.435
-0.013744,-0.00019247,-0.42602
-0.013137,-0.00013248,-0.41721
-0.012556,-8.4314e-05,-0.40869
-0.01199,-4.8369e-05,-0.40064
-0.011438,-2.3393e-05,-0.3928
-0.010901,-7.855e-06,-0.38482
-0.010395,-5.6877e-07,-0.37704
-0.0098978,1.3728e-06,-0.36934
-0.015141,1.9123e-05,-0.35576
-0.021492,5.7608e-05,-0.34283
-0.028949,0.00011569,-0.33072
-0.037555,0.00019492,-0.31922
-0.047357,0.00029788,-0.30817
-0.058362,0.00042218,-0.29788
-0.070611,0.00056822,-0.28792
-0.084159,0.00073804,-0.27792
-0.09903,0.00092977,-0.26817
-0.11535,0.0011534,-0.25884
-0.11412,0.00077847,-0.25551
-0.11292,0.00048236,-0.25196
-0.11173,0.00025867,-0.24826
-0.11056,0.0001057,-0.24477
-0.10934,1.9873e-05,-0.24124
-0.10815,-1.6205e-06,-0.23749
-0.10696,-4.8242e-05,-0.23372
-0.10574,-0.00015943,-0.23024
-0.10455,-0.00033125,-0.22687
-0.10334,-0.00056531,-0.22324
-0.098059,-0.00027108,-0.22112
-0.093034,-8.5024e-05,-0.21957
-0.08823,-4.302e-06,-0.21848
-0.083619,2.4437e-05,-0.21782
-0.0792,0.00014066,-0.21746
-0.074966,0.00034915,-0.21712
-0.070909,0.00064632,-0.21698
-0.06703,0.0010302,-0.21687
-0.063302,0.0014955,-0.21694
-0.059729,0.0020408,-0.21704
-0.057764,0.0023943,-0.16376
-0.055885,0.0027453,-0.12117
-0.054121,0.0031007,-0.087065
-0.052421,0.0034494,-0.060187
-0.050802,0.0037969,-0.039241
-0.049287,0.0041527,-0.023321
-0.047801,0.0044984,-0.011897
-0.046354,0.0048395,-0.0045065
-0.044976,0.0051891,-0.00069893
-0.04361,0.0055338,0.00018393
-0.045536,0.0080394,0.00023276
-0.047533,0.011064,0.00028109
-0.049581,0.014622,0.00034512
-0.051753,0.018777,0.00041423
-0.053979,0.02352,0.00050536
-0.056293,0.028895,0.00062876
-0.058695,0.034932,0.00078023
-0.061203,0.041671,0.00098187
-0.06381,0.049134,0.001231
-0.066496,0.057332,0.0015068
-0.066318,0.05615,0.0004435
-0.066193,0.055011,2.1252e-05
-0.06604,0.053851,-0.00011971
-0.065894,0.0527,-0.00067364
-0.065772,0.051569,-0.0016225
-0.065649,0.050441,-0.002934
-0.065534,0.049323,-0.0045569
-0.065417,0.04821,-0.0064227
-0.065313,0.047112,-0.0085293
-0.065216,0.046024,-0.010889
-0.07338,0.042678,-0.011545
-0.082099,0.039439,-0.012113
-0.091445,0.036327,-0.01264
-0.10126,0.033267,-0.013107
-0.11177,0.030345,-0.013566
-0.1229,0.027523,-0.013898
-0.13464,0.0248,-0.014178
-0.14707,0.0222,-0.014471
-0.1602,0.019717,-0.014723
-0.174,0.01735,-0.014885
-0.16715,0.020238,-0.010094
-0.1605,0.02329,-0.0064902
-0.15402,0.026496,-0.0038412
-0.1478,0.02987,-0.0019774
-0.14173,0.033391,-0.00078223
-0.13585,0.03706,-0.00015648
-0.13012,0.040871,4.8319e-06
-0.12457,0.044823,0.00027427
-0.11919,0.048921,0.00092085
-0.11392,0.053143,0.0019085
-0.10945,0.054447,0.00078971
-0.10508,0.05573,0.0001811
-0.10088,0.057014,-1.0439e-08
-0.096844,0.058296,-0.00016995
-0.092904,0.059565,-0.00063286
-0.089094,0.060828,-0.0013162
-0.085418,0.062087,-0.0021892
-0.08188,0.063343,-0.0032548
-0.078427,0.064588,-0.0044679
-0.075092,0.065828,-0.0058382
-0.076562,0.067426,-0.011781
-0.078079,0.069042,-0.019509
-0.079634,0.070675,-0.028837
-0.081216,0.072324,-0.039652
-0.082798,0.073994,-0.051709
-0.084446,0.075677,-0.064957
-0.086131,0.077372,-0.079253
-0.087799,0.079098,-0.094337
-0.089521,0.080834,-0.11032
-0.091237,0.082601,-0.12692
-0.089837,0.087039,-0.071776
-0.088437,0.091535,-0.035053
-0.087089,0.096076,-0.012592
-0.085761,0.10069,-0.0017206
-0.084451,0.10538,0.00065789
-0.083169,0.11016,0.0081161
-0.081894,0.11502,0.02313
-0.080603,0.12001,0.044805
-0.079282,0.12513,0.072537
-0.078016,0.13032,0.10596
-0.068839,0.13553,0.06642
-0.060418,0.14067,0.038925
-0.052714,0.14571,0.020387
-0.045626,0.15073,0.0086076
-0.039125,0.15573,0.0021681
-0.033189,0.16069,1.1164e-05
-0.027764,0.16568,-0.0013806
-0.022849,0.17066,-0.0056635
-0.018416,0.17571,-0.012402
-0.014472,0.18075,-0.021141
-0.015526,0.18877,-0.024743
-0.016625,0.19698,-0.028613
-0.01778,0.20533,-0.032783
-0.018965,0.21394,-0.037367
-0.020203,0.22271,-0.042269
-0.021493,0.23162,-0.047546
-0.022805,0.24084,-0.053179
-0.024186,0.25012,-0.059249
-0.025603,0.25963,-0.065664
-0.02707,0.2693,-0.072455
-0.024785,0.29199,-0.083678
-0.022562,0.31577,-0.095103
-0.020408,0.34062,-0.10679
-0.018346,0.36643,-0.11856
-0.016364,0.39332,-0.13049
-0.014488,0.42109,-0.1428
-0.012691,0.45005,-0.15522
-0.011001,0.47996,-0.16767
-0.0094273,0.51071,-0.18017
-0.0079636,0.5424,-0.19241
-0.0074652,0.50521,-0.21234
-0.0069774,0.47046,-0.23145
-0.0065093,0.43782,-0.24966
-0.0060551,0.40723,-0.26736
-0.0056116,0.37863,-0.28439
-0.0051908,0.35162,-0.30068
-0.0047901,0.32615,-0.31633
-0.0044009,0.3023,-0.33189
-0.0040282,0.27987,-0.34703
-0.0036688,0.25883,-0.3614
-0.0036003,0.21126,-0.28537
-0.0035422,0.1711,-0.229
-0.0034958,0.13724,-0.18578
-0.0034598,0.10883,-0.15161
-0.0034314,0.08518,-0.1244
-0.0034115,0.065621,-0.1026
-0.0034036,0.049542,-0.084852
-0.0034068,0.036488,-0.070135
-0.0034163,0.0261,-0.057996
-0.0034337,0.017967,-0.047865
-0.0021697,0.015553,-0.039273
-0.0012485,0.013389,-0.032086
-0.0006174,0.011439,-0.026102
-0.00022875,0.0096583,-0.021144
-3.651e-05,0.0081184,-0.016974
5.7977e-06,0.0067738,-0.013425
0.00010401,0.0055607,-0.010522
0.00030396,0.0045201,-0.0081283
0.00058195,0.0036051,-0.0061633
0.0009209,0.0028238,-0.0045217
0.001537,0.0036949,-0.0046677
0.0023426,0.0047237,-0.0047779
0.0033584,0.0059402,-0.0048894
0.0046039,0.0073579,-0.0050207
0.0060996,0.0089948,-0.0051513
0.0078662,0.010871,-0.0053179
0.0099273,0.013029,-0.0054835
0.012295,0.015414,-0.0056083
0.014999,0.018118,-0.0057273
0.018054,0.021123,-0.0058381
0.016231,0.02314,-0.0022533
0.014515,0.025217,-0.00036943
0.012901,0.027372,7.1779e-05
0.011382,0.029642,0.0012765
0.0099501,0.031931,0.0039191
0.0086095,0.034395,0.0079362
0.0073528,0.03692,0.013293
0.0061831,0.039572,0.020083
0.0051016,0.042366,0.028212
0.0041095,0.045247,0.037763
0.0030079,0.03912,0.038644
0.0021029,0.033615,0.039665
0.0013773,0.028557,0.040906
0.00081869,0.024026,0.042154
0.00041383,0.019961,0.043523
0.00015096,0.016334,0.045106
1.9595e-05,0.013134,0.046767
-1.0639e-05,0.010302,0.048608
-0.00011655,0.0078616,0.050487
-0.0003314,0.0057574,0.052374
-0.00070814,0.0054555,0.043938
-0.0012093,0.0051804,0.036666
-0.0018258,0.0049364,0.030334
-0.0025509,0.0047054,0.024794
-0.00338,0.004482,0.019981
-0.0043112,0.0042869,0.015823
-0.0053441,0.0040812,0.012245
-0.0064821,0.0039146,0.0091094
-0.0077276,0.0037233,0.0064701
-0.0090872,0.0035451,0.0043507
-0.0080019,0.0041329,0.0013638
-0.0069947,0.0047347,8.8129e-05
-0.0060598,0.0053514,-0.00029431
-0.0051947,0.0060259,-0.0018848
-0.0043935,0.0067208,-0.0048084
-0.0036551,0.0074621,-0.009129
-0.0029812,0.0083258,-0.014892
-0.0023654,0.0091625,-0.022247
-0.0018165,0.010164,-0.031217
-0.001333,0.011257,-0.041826
-0.00088593,0.0087353,-0.031619
-0.00055813,0.006635,-0.023723
-0.00032678,0.0049105,-0.017677
-0.00017193,0.0035236,-0.013129
-7.565e-05,0.0024109,-0.009703
-2.3512e-05,0.0015659,-0.0071923
-2.3269e-06,0.00093203,-0.0053435
1.6352e-06,0.00048711,-0.0039587
1.2901e-05,0.00019838,-0.0029552
2.9539e-05,4.5208e-05,-0.0022669
3.429e-05,1.4692e-05,-0.0021773
3.9636e-05,1.247e-06,-0.0020476
4.5824e-05,-2.5431e-06,-0.0019096
5.2875e-05,-1.8728e-05,-0.0017875
6.0366e-05,-4.7816e-05,-0.0016638
6.8604e-05,-9.2769e-05,-0.0015178
7.7174e-05,-0.00015129,-0.0013773
8.5981e-05,-0.00022476,-0.0012682
9.4616e-05,-0.00031277,-0.0011689
0.0001034,-0.00042616,-0.0010613
8.5978e-05,-0.00056334,-0.00058044
7.0521e-05,-0.00072395,-0.00024046
5.6452e-05,-0.00090776,-4.6911e-05
4.3662e-05,-0.001123,3.1631e-06
3.1993e-05,-0.0013714,0.00011246
2.1443e-05,-0.0016485,0.00037804
1.2663e-05,-0.001979,0.00081868
5.7323e-06,-0.0023452,0.001484
1.3704e-06,-0.0027766,0.0023845
-1.2466e-08,-0.003286,0.0035734
6.3023e-06,-0.002887,0.001714
2.5017e-05,-0.0025586,0.00058654
5.4189e-05,-0.002267,6.2838e-05
9.1763e-05,-0.0019793,-6.3545e-05
0.00013774,-0.0017205,-0.00054702
0.0001925,-0.0014817,-0.0014633
0.00025728,-0.0012593,-0.002828
0.00033397,-0.0010512,-0.0047204
0.00042437,-0.00085078,-0.0071742
0.00053215,-0.00066894,-0.010209
0.00069829,-0.00094809,-0.014808
0.00090256,-0.0012959,-0.020742
0.0011441,-0.0016758,-0.02812
0.001429,-0.0021017,-0.03711
0.0017592,-0.0025581,-0.047721
0.0021449,-0.0030855,-0.060024
0.0025818,-0.0036289,-0.074034
0.0030878,-0.0042786,-0.089631
0.0036507,-0.0049305,-0.10693
0.0042832,-0.0056415,-0.12612
0.0050412,-0.0075669,-0.11222
0.0058592,-0.0097934,-0.099613
0.0067301,-0.012265,-0.088275
0.0076553,-0.014976,-0.078128
0.0086492,-0.018011,-0.068896
0.0097044,-0.021304,-0.060422
0.01083,-0.024903,-0.0527
0.012017,-0.028722,-0.045802
0.013283,-0.03288,-0.039518
0.014653,-0.037534,-0.033921
0.014923,-0.03713,-0.04285
0.015202,-0.036726,-0.052342
0.015485,-0.036287,-0.062436
0.01578,-0.035879,-0.073223
0.016088,-0.035494,-0.084535
0.0164,-0.035066,-0.096302
0.016729,-0.034691,-0.1085
0.017056,-0.034233,-0.1208
0.017394,-0.033786,-0.13336
0.017753,-0.033414,-0.14599
0.018189,-0.031653,-0.10528
0.018644,-0.030024,-0.074242
0.019127,-0.028575,-0.050523
0.019633,-0.027262,-0.032458
0.020151,-0.026013,-0.019155
0.020701,-0.024925,-0.0098269
0.021263,-0.023891,-0.0038177
0.021841,-0.022919,-0.00068739
0.022417,-0.021928,6.8373e-05
0.023019,-0.021042,0.0017337
0.022373,-0.016787,0.0044894
0.021751,-0.013089,0.0084156
0.021148,-0.0099056,0.013358
0.020588,-0.0072762,0.019197
0.020037,-0.0050633,0.025882
0.019491,-0.0032509,0.033335
0.01896,-0.0018535,0.041533
0.018436,-0.00084657,0.050563
0.017912,-0.00022496,0.060397
0.017387,-5.5777e-07,0.071166
0.015628,3.3153e-05,0.060089
0.014007,0.00014314,0.05056
0.012512,0.00032053,0.042292
0.011128,0.00056618,0.035127
0.0098485,0.00087732,0.028963
0.0086719,0.0012446,0.023669
0.0075904,0.0016662,0.019114
0.0065957,0.0021484,0.015305
0.005688,0.0026717,0.012047
0.0048571,0.0032529,0.0092983
0.0051316,0.0020136,0.008493
0.0054122,0.0010978,0.0077214
0.0057014,0.00046785,0.0070359
0.0059967,0.00010753,0.0064579
0.0063018,-7.914e-07,0.0059395
0.0066129,-0.0001462,0.005403
0.0069316,-0.00054708,0.0048865
0.0072561,-0.0012104,0.0044389
0.0075877,-0.0021557,0.004015
0.0079246,-0.0033999,0.0036163
0.0069396,-0.0031439,0.0023879
0.0060421,-0.0029101,0.00145
0.0052258,-0.0026903,0.00077452
0.0044865,-0.0024897,0.00033497
0.0038193,-0.0023059,8.7165e-05
0.0032188,-0.0021304,3.4501e-07
0.0026818,-0.0019714,-6.0286e-05
0.0022036,-0.0018189,-0.00025575
0.0017806,-0.0016781,-0.00057019
0.0014094,-0.0015489,-0.00097718
0.0014487,-0.00090193,-0.001005
0.0014881,-0.00044292,-0.001048
0.0015275,-0.0001516,-0.0010959
0.0015671,-1.4071e-05,-0.0011617
0.001607,2.2822e-05,-0.0012256
0.0016471,0.00017816,-0.0012797
0.0016878,0.00048755,-0.00133
0.0017286,0.00096224,-0.0013625
0.0017696,0.0016199,-0.0013885
0.0018117,0.0024839,-0.0014361
0.027106,0.028978,-0.0053837
0.0269,0.029638,-0.0037279
0.026701,0.030305,-0.0024067
0.0265,0.030966,-0.0014137
0.026306,0.031635,-0.00069917
0.02611,0.032303,-0.00024099
0.025921,0.032983,-2.2002e-05
0.02573,0.033664,3.3027e-05
0.025542,0.034353,0.00025584
0.025352,0.035048,0.00066787
0.022223,0.03477,0.00062188
0.019333,0.034516,0.0005799
0.016678,0.034281,0.00054129
0.014242,0.034067,0.00050284
0.012023,0.033872,0.00046511
0.010011,0.033695,0.00043718
0.0081992,0.033536,0.00040959
0.0065834,0.033391,0.00038995
0.0051566,0.033262,0.00036896
0.0039141,0.033144,0.00034327
0.0042937,0.033738,8.3833e-06
0.0046937,0.034337,-0.0001606
0.0051136,0.034945,-0.00077434
0.0055527,0.035565,-0.0018276
0.0060067,0.036211,-0.0033061
0.0064867,0.036855,-0.005125
0.006986,0.037516,-0.0072862
0.007506,0.038192,-0.0097137
0.0080447,0.038891,-0.012395
0.0086095,0.039592,-0.015398
0.010007,0.034436,-0.018329
0.011496,0.029707,-0.021441
0.013065,0.025401,-0.024743
0.014721,0.021478,-0.028347
0.016462,0.017921,-0.032152
0.018295,0.014706,-0.03605
0.020222,0.011818,-0.040157
0.022236,0.0092589,-0.044558
0.024355,0.007007,-0.049175
0.026583,0.0050596,-0.054049
0.030544,0.0053181,-0.048469
0.034846,0.0055822,-0.043162
0.039499,0.0058594,-0.038242
0.044525,0.006151,-0.033812
0.049978,0.0064395,-0.029671
0.055857,0.0067409,-0.025855
0.062111,0.0071009,-0.022266
0.068886,0.0074475,-0.019054
0.076178,0.0077993,-0.016125
0.083965,0.0081848,-0.013438
0.089748,0.010461,-0.010517
0.095805,0.013043,-0.0080867
0.10213,0.015953,-0.0060355
0.10874,0.019191,-0.0043017
0.11563,0.02278,-0.0029002
0.12282,0.026728,-0.0017979
0.13031,0.031037,-0.000982
0.13813,0.0357,-0.00043301
0.1462,0.040824,-0.00011112
0.15462,0.046294,-2.1419e-07
0.14411,0.049622,-0.00049196
0.13413,0.053024,-0.0017591
0.12461,0.056572,-0.0035794
0.11557,0.060175,-0.0058249
0.10698,0.063873,-0.0083671
0.098809,0.067675,-0.01105
0.091028,0.071594,-0.013848
0.083648,0.075578,-0.016718
0.076642,0.079646,-0.019655
0.069981,0.083848,-0.022643
0.072943,0.082906,-0.020301
0.075961,0.081964,-0.018336
0.07904,0.081015,-0.016623
0.082167,0.080091,-0.015122
0.08537,0.079119,-0.013797
0.08861,0.078211,-0.012655
0.091904,0.077318,-0.011648
0.09527,0.076388,-0.010685
0.098693,0.075461,-0.0098178
0.10218,0.074522,-0.0090754
0.090865,0.080905,-0.0010106
0.080394,0.087367,0.00076248
0.070672,0.093976,0.0069644
0.061627,0.10079,0.018517
0.053214,0.10786,0.034656
0.045426,0.11507,0.05493
0.03823,0.12251,0.078848
0.031619,0.1302,0.10625
0.025579,0.13824,0.1368
0.020138,0.14651,0.17016
0.018039,0.14219,0.18571
0.016058,0.13803,0.20231
0.014204,0.13388,0.21945
0.012467,0.12985,0.23741
0.010826,0.12618,0.25669
0.0093159,0.12243,0.27637
0.0079221,0.11875,0.29669
0.0066422,0.11518,0.31787
0.0054783,0.11166,0.33951
0.0044266,0.10824,0.36163
0.004916,0.10964,0.45228
0.0054284,0.11108,0.54875
0.0059639,0.11254,0.65023
0.0065225,0.11403,0.7555
0.0071013,0.1156,0.86375
0.0077048,0.11714,0.97498
0.0083268,0.1188,1.0882
0.0089727,0.12043,1.202
0.0096442,0.12201,1.3171
0.010338,0.12361,1.4328
0.011255,0.13064,1.2761
0.012198,0.13767,1.1547
0.013169,0.1447,1.0574
0.014166,0.15181,0.97753
0.015191,0.15899,0.90977
0.016244,0.16624,0.85048
0.017325,0.17358,0.79808
0.018431,0.1811,0.7515
0.019569,0.18863,0.70941
0.020735,0.19626,0.67033
0.022983,0.21146,0.53831
0.025303,0.22687,0.43223
0.027702,0.24248,0.34531
0.030183,0.25841,0.27361
0.032751,0.27458,0.21388
0.035412,0.29107,0.16385
0.038169,0.30797,0.12233
0.041024,0.32517,0.088146
0.043983,0.34274,0.060519
0.047049,0.3608,0.038776
0.050445,0.38422,0.033341
0.053982,0.40847,0.027647
0.05766,0.43351,0.022043
0.061478,0.4593,0.016833
0.065437,0.4858,0.012137
0.069539,0.51309,0.0081534
0.07378,0.541,0.0048935
0.078166,0.56976,0.0024215
0.082691,0.59909,0.00080096
0.08736,0.62918,5.9598e-05
0.081973,0.61827,0.00063104
0.076808,0.60785,0.0014235
0.071862,0.59796,0.0022103
0.06712,0.58838,0.002917
0.062575,0.5791,0.0035007
0.058237,0.57034,0.003945
0.054079,0.56175,0.0042833
0.050115,0.5536,0.0045053
0.046329,0.5457,0.0046576
0.042718,0.53806,0.0047874
0.046118,0.49369,0.0071908
0.049568,0.45276,0.0098551
0.053064,0.41496,0.012707
0.056591,0.37992,0.015632
0.060152,0.34746,0.018669
0.063759,0.31747,0.021862
0.067389,0.28961,0.025148
0.07104,0.26373,0.02841
0.074733,0.23979,0.031721
0.07843,0.21748,0.035199
0.077617,0.21417,0.025511
0.076822,0.21094,0.018133
0.076048,0.2078,0.012565
0.075288,0.20472,0.008456
0.074548,0.20173,0.0054194
0.073817,0.19878,0.0032345
0.073112,0.19594,0.0017218
0.072413,0.19313,0.00072684
0.071728,0.19038,0.00017892
0.07106,0.1877,1.2146e-07
0.068355,0.19348,-2.4896e-06
0.065709,0.19929,-1.477e-05
0.063125,0.20513,-4.4214e-05
0.060598,0.211,-0.0001034
0.058125,0.21689,-0.00019657
0.055735,0.22289,-0.00032817
0.053388,0.22887,-0.00050099
0.051104,0.2349,-0.00073544
0.048871,0.24094,-0.0010229
0.046719,0.24709,-0.001361
0.046881,0.24647,-0.00023382
0.047071,0.24592,1.7299e-05
0.047261,0.24535,0.00048587
0.047462,0.24479,0.0015021
0.047658,0.24421,0.0029512
0.047878,0.24368,0.004787
0.048098,0.24313,0.0069298
0.048332,0.2426,0.0092876
0.048566,0.24206,0.011837
0.048807,0.24152,0.014632
0.040153,0.24264,0.021735
0.032417,0.24376,0.029837
0.025554,0.24485,0.038708
0.019572,0.24602,0.048369
0.014407,0.24713,0.058591
0.010055,0.24825,0.069292
0.0065114,0.24942,0.080621
0.0037384,0.25055,0.092448
0.0017353,0.25167,0.10473
0.00049602,0.25282,0.11728
0.0010066,0.24934,0.078654
0.0016796,0.24604,0.050518
0.0025101,0.24291,0.03019
0.0034962,0.23995,0.016021
0.0046253,0.23708,0.0068105
0.0059028,0.23432,0.0017078
0.0073169,0.23163,5.1662e-06
0.008876,0.22903,-0.0012319
0.010568,0.22648,-0.0050202
0.012409,0.22402,-0.011129
0.012512,0.22782,-0.012314
0.012608,0.23161,-0.013673
0.01271,0.23539,-0.015228
0.012822,0.23918,-0.016935
0.012928,0.24295,-0.018765
0.013031,0.2467,-0.020692
0.013136,0.25044,-0.022754
0.013239,0.25415,-0.024993
0.013347,0.25786,-0.027365
0.013448,0.26154,-0.029719
0.01674,0.25501,-0.026356
0.020357,0.24869,-0.023639
0.02429,0.24256,-0.021454
0.028527,0.23661,-0.019738
0.033072,0.23083,-0.01833
0.03791,0.2252,-0.017257
0.043044,0.21972,-0.016373
0.048497,0.2144,-0.015711
0.054207,0.20919,-0.015112
0.060243,0.20412,-0.01464
0.059057,0.19197,-0.024232
0.057886,0.18036,-0.034923
0.056765,0.16927,-0.04644
0.055648,0.15868,-0.058735
0.054541,0.14855,-0.071468
0.053479,0.13887,-0.084708
0.05241,0.12963,-0.098131
0.051391,0.1208,-0.11175
0.050367,0.11237,-0.12543
0.049365,0.10432,-0.13903
0.040223,0.11513,-0.10824
0.03215,0.12626,-0.083719
0.025066,0.13773,-0.063951
0.018884,0.14959,-0.047864
0.013606,0.16185,-0.034865
0.0091868,0.17453,-0.02457
0.0056253,0.18769,-0.016455
0.0029287,0.20131,-0.010181
0.0010934,0.21546,-0.0055685
0.00013965,0.23014,-0.0024663
0.00037858,0.21279,-0.0011845
0.00071884,0.19659,-0.00037752
0.0011575,0.18141,-1.9602e-05
0.0016703,0.16726,0.00010147
0.0022557,0.15402,0.00058697
0.0029093,0.14163,0.0014369
0.0036245,0.13005,0.0026098
0.0043962,0.11921,0.0041436
0.0052006,0.1091,0.005967
0.0060538,0.099641,0.0080609
0.0065802,0.093313,0.0039318
0.0071322,0.087337,0.001401
0.0077178,0.081676,0.00018358
0.0083109,0.076339,-7.2845e-05
0.0089297,0.071282,-0.00086404
0.0095701,0.06649,-0.0024525
0.010221,0.061959,-0.0047136
0.01091,0.057641,-0.0075616
0.011604,0.053559,-0.010908
0.012333,0.049667,-0.014771
0.014088,0.054889,-0.0070253
0.015995,0.060446,-0.0021822
0.018078,0.066362,-0.00010713
0.020345,0.072679,0.00063305
0.02282,0.079417,0.0036038
0.025514,0.086608,0.0089422
0.028454,0.094267,0.016504
0.031646,0.10243,0.026063
0.035104,0.1111,0.037532
0.038859,0.1203,0.050879
0.040263,0.12157,0.046693
0.041678,0.12283,0.043101
0.04312,0.12409,0.040065
0.0446,0.12531,0.037576
0.046094,0.12653,0.035475
0.047598,0.12777,0.033595
0.049124,0.12899,0.031976
0.05068,0.1302,0.030642
0.052271,0.13138,0.029515
0.05386,0.13258,0.028445
0.048835,0.13781,0.01696
0.044124,0.14306,0.0089941
0.039658,0.1484,0.003822
0.035468,0.15379,0.00093525
0.031519,0.15926,1.1438e-06
0.027821,0.16479,-0.00071139
0.02436,0.1704,-0.0028193
0.02113,0.17608,-0.0061838
0.018129,0.18185,-0.010633
0.015353,0.18771,-0.015986
0.013197,0.19452,-0.015979
0.011197,0.20145,-0.01625
0.0093655,0.20846,-0.016713
0.0076946,0.21557,-0.017249
0.0061835,0.2228,-0.017935
0.0048349,0.23013,-0.018822
0.0036552,0.23752,-0.01984
0.0026359,0.24503,-0.020888
0.0017813,0.25265,-0.02204
0.0010936,0.26035,-0.023353
0.0015218,0.24075,-0.011955
0.0020052,0.22243,-0.0048722
0.0025376,0.20531,-0.0011434
0.0031247,0.18921,-2.2151e-07
0.0037527,0.17416,0.0009309
0.0044213,0.16005,0.0035111
0.0051281,0.14682,0.0074551
0.0058729,0.13441,0.012497
0.0066538,0.12276,0.018478
0.0074617,0.11187,0.025385
0.008923,0.10904,0.031771
0.010533,0.10618,0.038791
0.012258,0.10343,0.04621
0.014108,0.10073,0.053938
0.016081,0.098105,0.061997
0.01819,0.095497,0.070253
0.020429,0.092933,0.07873
0.022795,0.090418,0.087358
0.025289,0.08795,0.096225
0.027917,0.085516,0.10536
0.02735,0.080974,0.09121
0.026792,0.076647,0.079586
0.02625,0.072505,0.069891
0.025717,0.068552,0.061854
0.025195,0.064772,0.055067
0.024679,0.061167,0.04943
0.024171,0.057724,0.044595
0.023677,0.054421,0.040363
0.02319,0.051267,0.036669
0.022714,0.048244,0.033551
0.022109,0.046625,0.025156
0.021521,0.045021,0.018387
0.02094,0.043462,0.01289
0.020376,0.041914,0.0085551
0.01982,0.040403,0.0052187
0.019275,0.038921,0.0028057
0.018739,0.037471,0.0011807
0.018216,0.036042,0.00026676
0.0177,0.034651,-1.4644e-06
0.017193,0.033287,-0.0003436
0.017094,0.03092,-4.2838e-06
0.017002,0.028674,0.00018293
0.016913,0.026555,0.00079398
0.016824,0.024561,0.0017439
0.016741,0.022664,0.0030022
0.016661,0.020871,0.0045207
0.016581,0.019187,0.0062381
0.016507,0.017579,0.0081035
0.016433,0.016069,0.010101
0.016361,0.014642,0.012276
0.015034,0.017467,0.010558
0.013756,0.020554,0.0089476
0.012527,0.023911,0.0075009
0.011345,0.027549,0.0062528
0.01021,0.031487,0.0051313
0.0091224,0.035729,0.0041114
0.0080831,0.040279,0.0031939
0.0070935,0.045185,0.0024022
0.0061553,0.050431,0.0017161
0.005271,0.056045,0.0011714
0.0069924,0.058761,0.00043056
0.0089774,0.061556,5.2493e-05
0.011235,0.064447,-3.8242e-05
0.013774,0.067449,-0.00036644
0.016602,0.07055,-0.0010219
0.019733,0.07377,-0.0019957
0.02317,0.077088,-0.0032634
0.026928,0.080528,-0.0048073
0.031014,0.084084,-0.0066201
0.035436,0.087753,-0.0086315
0.03296,0.08628,-0.007525
0.030596,0.08483,-0.0066534
0.028336,0.083386,-0.0059327
0.026177,0.081951,-0.005309
0.024116,0.08052,-0.0047791
0.022154,0.079101,-0.0043842
0.020289,0.077696,-0.0040491
0.018516,0.076294,-0.0037865
0.016836,0.074909,-0.0035599
0.015244,0.073527,-0.003359
0.014506,0.074305,-0.0038495
0.013789,0.075078,-0.0043394
0.013095,0.075853,-0.0048422
0.012423,0.076629,-0.0053914
0.01177,0.077399,-0.0059609
0.01114,0.078174,-0.0065
0.010529,0.078941,-0.0070445
0.0099413,0.079718,-0.0075912
0.0093739,0.080494,-0.0081453
0.0088131,0.081235,-0.0086468
0.006958,0.078502,-0.010613
0.0053407,0.075858,-0.012742
0.0039468,0.073277,-0.014965
0.0027781,0.070789,-0.017195
0.0018208,0.068364,-0.019473
0.0010707,0.066006,-0.021865
0.00052267,0.063716,-0.024302
0.00017066,0.061481,-0.026853
1.118e-05,0.059309,-0.02944
-4.0047e-05,0.057188,-0.032018
2.34e-06,0.063872,-0.017409
8.891e-05,0.070946,-0.0073894
0.00030407,0.078462,-0.0016839
0.00065565,0.086471,8.1968e-06
0.0011538,0.095016,0.0021277
0.0018099,0.10414,0.0078852
0.0026287,0.11383,0.017208
0.003634,0.12419,0.029785
0.0048412,0.13525,0.045538
0.006252,0.14697,0.064349
0.0057685,0.13191,0.050843
0.0053226,0.11817,0.04013
0.0049123,0.10563,0.0316
0.004534,0.094206,0.024835
0.0041897,0.08381,0.019363
0.0038707,0.074341,0.014886
0.0035756,0.065731,0.011231
0.0033082,0.057933,0.0083401
0.0030633,0.050874,0.006018
0.0028393,0.044495,0.0041988
0.002224,0.04324,0.0031669
0.0016898,0.042034,0.0022819
0.0012328,0.040868,0.0015604
0.00085033,0.039736,0.00097062
0.00054205,0.038649,0.00052981
0.00030358,0.037585,0.00023153
0.00013452,0.036549,6.0693e-05
3.4003e-05,0.03555,2.4895e-09
1.1319e-08,0.034581,-5.6778e-05
-3.1306e-05,0.033634,-0.00023166
-5.4494e-05,0.037029,-0.0015973
-8.5587e-05,0.040664,-0.0041908
-0.00012428,0.044586,-0.0079827
-0.00017128,0.048809,-0.012917
-0.00022761,0.053338,-0.018999
-0.00029352,0.0582,-0.026156
-0.0003693,0.063416,-0.03443
-0.00045583,0.068994,-0.043786
-0.00055449,0.074931,-0.054252
-0.00066497,0.081258,-0.065774
-0.00089609,0.071174,-0.06055
-0.0011489,0.062108,-0.056055
-0.0014199,0.053965,-0.052247
-0.0017056,0.046665,-0.049115
-0.0020027,0.040135,-0.046417
-0.0023088,0.034304,-0.043908
-0.0026207,0.02912,-0.041723
-0.0029362,0.024524,-0.039927
-0.0032538,0.020463,-0.038326
-0.0035726,0.016883,-0.036992
-0.0040941,0.017931,-0.034416
-0.0046515,0.019016,-0.031907
-0.0052455,0.020134,-0.029571
-0.0058753,0.021294,-0.027446
-0.006542,0.02249,-0.025465
-0.0072446,0.023734,-0.023545
-0.0079844,0.025016,-0.021749
-0.0087606,0.026347,-0.02009
-0.0095743,0.027719,-0.018551
-0.010425,0.029129,-0.017071
-0.010474,0.031947,-0.013202
-0.010526,0.034911,-0.0098339
-0.010581,0.03802,-0.007003
-0.01064,0.04129,-0.0047195
-0.010704,0.044743,-0.0029161
-0.010772,0.048322,-0.0015868
-0.010845,0.052105,-0.00067005
-0.010923,0.056064,-0.00014396
-0.011008,0.060224,2.8515e-06
-0.011098,0.064564,0.0002244
-0.011874,0.064185,0.00010588
-0.012675,0.063835,3.7968e-05
-0.013501,0.063459,4.8278e-06
-0.01435,0.063075,-2.9588e-06
-0.015225,0.062706,-2.8876e-05
-0.016124,0.062329,-7.3627e-05
-0.017049,0.061971,-0.0001354
-0.017994,0.061566,-0.00020291
-0.018967,0.061198,-0.00028281
-0.01996,0.06079,-0.00036986
-0.02124,0.058905,-0.0034179
-0.022556,0.057034,-0.0092183
-0.023911,0.055205,-0.017433
-0.025305,0.053401,-0.027707
-0.026737,0.051616,-0.039825
-0.028208,0.049857,-0.05374
-0.029718,0.048119,-0.069206
-0.031271,0.046414,-0.085936
-0.032853,0.04469,-0.10378
-0.034479,0.043007,-0.12302
-0.030182,0.041005,-0.13607
-0.026199,0.039083,-0.14959
-0.022515,0.037212,-0.1636
-0.019125,0.035406,-0.17785
-0.016023,0.033653,-0.19248
-0.013205,0.031962,-0.2072
-0.010665,0.03032,-0.22224
-0.0084019,0.028739,-0.23778
-0.0064099,0.027204,-0.25363
-0.0046858,0.025701,-0.27002
-0.0069667,0.029453,-0.31091
-0.0097943,0.033635,-0.35392
-0.013202,0.038243,-0.39879
-0.017227,0.043296,-0.44495
-0.021902,0.048819,-0.49222
-0.027252,0.054795,-0.54003
-0.033309,0.061258,-0.58843
-0.040102,0.068229,-0.63763
-0.047646,0.075682,-0.6872
-0.055965,0.083635,-0.73635
-0.054737,0.088038,-0.67624
-0.053562,0.092467,-0.62762
-0.052424,0.096903,-0.58741
-0.051336,0.10141,-0.55374
-0.050279,0.10596,-0.52493
-0.04925,0.11054,-0.50014
-0.048247,0.11516,-0.47844
-0.047277,0.11986,-0.45955
-0.046326,0.1246,-0.44259
-0.045399,0.12939,-0.4275
-0.051308,0.1349,-0.38001
-0.057521,0.1404,-0.33807
-0.064068,0.14603,-0.30099
-0.070939,0.15172,-0.26779
-0.078139,0.15749,-0.23801
-0.08566,0.16331,-0.21124
-0.09352,0.16923,-0.18704
-0.10171,0.17521,-0.16493
-0.11025,0.18131,-0.14489
-0.11911,0.18745,-0.12668
-0.14483,0.21069,-0.10559
-0.1737,0.23576,-0.086709
-0.20583,0.26262,-0.069866
-0.24143,0.29142,-0.055197
-0.28063,0.32219,-0.042433
-0.32355,0.35492,-0.031438
-0.37027,0.3896,-0.022171
-0.4209,0.42622,-0.014676
-0.47556,0.46486,-0.008802
-0.53425,0.50538,-0.0044305
-0.5257,0.49012,-0.0061259
-0.51747,0.47568,-0.0073115
-0.50958,0.46206,-0.0080636
-0.50199,0.44915,-0.0084508
-0.49471,0.43695,-0.0086367
-0.48772,0.4254,-0.0087365
-0.48097,0.4144,-0.0087583
-0.47447,0.40395,-0.0087892
-0.46821,0.39401,-0.0087844
-0.46218,0.38457,-0.0087218
-0.43965,0.35536,-0.011366
-0.41835,0.32811,-0.013765
-0.39827,0.30278,-0.015992
-0.37932,0.27921,-0.018153
-0.36139,0.25722,-0.020223
-0.34445,0.23673,-0.022281
-0.3284,0.2176,-0.024283
-0.3132,0.19976,-0.026192
-0.29876,0.18308,-0.028065
-0.28508,0.16752,-0.029955
-0.26699,0.15146,-0.00974
-0.25001,0.13672,-0.0011111
-0.23405,0.1232,0.0006301
-0.21901,0.11076,0.0060714
-0.20484,0.099327,0.016001
-0.19145,0.088808,0.029531
-0.17879,0.079124,0.045935
-0.16681,0.070214,0.064599
-0.15545,0.062018,0.085203
-0.14468,0.054494,0.10775
-0.14019,0.062467,0.08189
-0.13584,0.07086,0.061681
-0.13163,0.079678,0.04577
-0.12752,0.088925,0.033162
-0.12351,0.098605,0.023289
-0.11957,0.10873,0.015571
-0.11571,0.1193,0.0097427
-0.11189,0.1303,0.005499
-0.10813,0.14175,0.0025906
-0.10442,0.15367,0.00081757
-0.10092,0.1527,0.0056024
-0.097521,0.15178,0.013863
-0.094197,0.15086,0.024845
-0.090957,0.14997,0.037934
-0.087791,0.14911,0.052785
-0.084683,0.14824,0.069171
-0.081653,0.14739,0.086866
-0.078679,0.14655,0.10549
-0.075777,0.14573,0.12503
-0.072936,0.14492,0.14567
-0.078458,0.15916,0.15658
-0.084275,0.17425,0.16734
-0.090395,0.19021,0.17822
-0.096794,0.20698,0.18928
-0.1035,0.22462,0.20043
-0.11052,0.24312,0.2114
-0.11782,0.26244,0.22225
-0.12543,0.2826,0.23332
-0.13335,0.30359,0.24435
-0.14155,0.32537,0.25501
-0.1306,0.34033,0.2092
-0.12023,0.35537,0.17318
-0.11041,0.37048,0.14403
-0.1011,0.38566,0.12016
-0.092286,0.40093,0.10023
-0.083929,0.41627,0.08336
-0.076038,0.43177,0.068877
-0.068583,0.44737,0.056467
-0.061531,0.46295,0.04604
-0.054909,0.47872,0.03682
-0.061773,0.44652,0.031635
-0.068927,0.41638,0.02726
-0.076352,0.3881,0.0235
-0.084043,0.36155,0.020268
-0.091988,0.33659,0.017465
-0.10019,0.31312,0.014963
-0.10862,0.291,0.012808
-0.1173,0.27016,0.010851
-0.12621,0.25051,0.0091517
-0.13535,0.23196,0.0076285
-0.13579,0.21952,0.01494
-0.13624,0.20768,0.023429
-0.13668,0.19638,0.032635
-0.13713,0.18562,0.042434
-0.13758,0.17536,0.052565
-0.13803,0.16555,0.063026
-0.13848,0.1562,0.073676
-0.13894,0.14726,0.084367
-0.13939,0.13873,0.095132
-0.13984,0.13058,0.10592
-0.13792,0.14675,0.11189
-0.13598,0.16391,0.11792
-0.13403,0.18205,0.12399
-0.13207,0.2012,0.13017
-0.1301,0.22135,0.13639
-0.12812,0.24246,0.14238
-0.12613,0.26457,0.1484
-0.12414,0.28765,0.15449
-0.12213,0.3117,0.16051
-0.12012,0.33671,0.16631
-0.12656,0.31781,0.1654
-0.13308,0.29983,0.16533
-0.13967,0.28273,0.1657
-0.14632,0.26644,0.16624
-0.15305,0.25092,0.16699
-0.15985,0.23613,0.1682
-0.16671,0.22203,0.16952
-0.17364,0.2086,0.17079
-0.18064,0.19578,0.1721
-0.1877,0.18352,0.17388
-0.19103,0.16322,0.14944
-0.19439,0.14458,0.12933
-0.19778,0.12747,0.1125
-0.20118,0.11178,0.098359
-0.2046,0.097424,0.086153
-0.20804,0.084299,0.075389
-0.21151,0.07234,0.065939
-0.21499,0.061479,0.057544
-0.21849,0.051654,0.050093
-0.22201,0.042811,0.043537
-0.22831,0.042747,0.060392
-0.23473,0.042676,0.078444
-0.24124,0.042607,0.097155
-0.24787,0.042531,0.11616
-0.2546,0.042451,0.13529
-0.26143,0.04237,0.1547
-0.26836,0.042282,0.17411
-0.27539,0.042198,0.19323
-0.28251,0.042108,0.21219
-0.28972,0.042015,0.23121
-0.26528,0.043787,0.2171
-0.24261,0.045508,0.20605
-0.22156,0.04718,0.19713
-0.20202,0.048804,0.18963
-0.18388,0.050383,0.18331
-0.16703,0.05192,0.1777
-0.1514,0.053413,0.17284
-0.13689,0.05487,0.16874
-0.12345,0.056281,0.16502
-0.111,0.057659,0.16163
-0.11665,0.055042,0.17915
-0.12246,0.052487,0.19667
-0.12844,0.049987,0.214
-0.13457,0.047549,0.2308
-0.14086,0.045166,0.24728
-0.14731,0.042845,0.26384
-0.15391,0.040584,0.28013
-0.16067,0.038383,0.29611
-0.16758,0.036237,0.3119
-0.17465,0.034152,0.32785
-0.17486,0.040509,0.3175
-0.17507,0.047347,0.3088
-0.17528,0.054663,0.30135
-0.17548,0.062451,0.29478
-0.17567,0.0707,0.28909
-0.17586,0.079413,0.28421
-0.17605,0.088577,0.27993
-0.17622,0.098192,0.27576
-0.17639,0.10825,0.27196
-0.17654,0.11874,0.26879
-0.17977,0.12531,0.20617
-0.18299,0.13197,0.15621
-0.18622,0.13874,0.11624
-0.18946,0.14561,0.084371
-0.19271,0.15259,0.059073
-0.19597,0.15968,0.03919
-0.19924,0.1669,0.023998
-0.20253,0.17424,0.012987
-0.20583,0.1817,0.0055655
-0.20915,0.18929,0.0013152
-0.20994,0.1926,0.0045868
-0.21071,0.19593,0.0088832
-0.21148,0.19929,0.013711
-0.21224,0.20267,0.018766
-0.21298,0.20607,0.023854
-0.21372,0.20949,0.028982
-0.21444,0.21295,0.03398
-0.21515,0.21642,0.038927
-0.21585,0.21991,0.043701
-0.21653,0.22343,0.04831
-0.21875,0.24059,0.041399
-0.22096,0.25831,0.035753
-0.22317,0.27662,0.030968
-0.22537,0.29546,0.026868
-0.22756,0.31485,0.023316
-0.22974,0.33479,0.020195
-0.23191,0.35523,0.017447
-0.23406,0.37619,0.015008
-0.23621,0.39764,0.012877
-0.23834,0.41956,0.010989
-0.23449,0.39118,0.011916
-0.23082,0.36461,0.012551
-0.22731,0.3397,0.012942
-0.22399,0.31637,0.013289
-0.22082,0.29448,0.013531
-0.21776,0.27387,0.013641
-0.21485,0.25455,0.013742
-0.21208,0.23639,0.013885
-0.20943,0.21932,0.013997
-0.20689,0.20328,0.014032
-0.19391,0.19772,0.0086972
-0.18157,0.19243,0.0051099
-0.16983,0.18735,0.0027273
-0.15865,0.18249,0.0012351
-0.14804,0.17784,0.00038233
-0.13794,0.17336,2.8727e-05
-0.12835,0.16907,-6.1284e-05
-0.11922,0.16493,-0.00038756
-0.11057,0.16097,-0.00095791
-0.10237,0.15716,-0.0017365
-0.11636,0.16183,-0.011351
-0.13143,0.16659,-0.028493
-0.14765,0.17147,-0.052188
-0.165,0.17642,-0.081459
-0.18361,0.18151,-0.11577
-0.20346,0.1867,-0.1546
-0.22455,0.19196,-0.19747
-0.24694,0.19733,-0.24357
-0.27064,0.20279,-0.29268
-0.29566,0.20833,-0.34411
-0.29093,0.22081,-0.3007
-0.28629,0.23339,-0.26789
-0.28174,0.24609,-0.24241
-0.27729,0.25892,-0.22239
-0.27294,0.2719,-0.20621
-0.26864,0.28498,-0.19255
-0.26439,0.29818,-0.1808
-0.26022,0.3115,-0.17082
-0.25611,0.32494,-0.16199
-0.25206,0.33849,-0.15399
-0.24369,0.33333,-0.18107
-0.23555,0.32843,-0.20682
-0.22754,0.3237,-0.23137
-0.21979,0.31923,-0.25494
-0.21222,0.31496,-0.27764
-0.20485,0.31089,-0.2994
-0.19769,0.30702,-0.32064
-0.1907,0.30333,-0.34165
-0.18385,0.29977,-0.36258
-0.1772,0.29639,-0.38269
-0.18436,0.28375,-0.26901
-0.19158,0.27168,-0.18653
-0.19885,0.26009,-0.12573
-0.2062,0.24896,-0.080668
-0.21363,0.23825,-0.047935
-0.22111,0.2279,-0.025111
-0.22869,0.2179,-0.010307
-0.23638,0.20824,-0.0022502
-0.24409,0.19886,1.6592e-05
-0.25193,0.18979,0.0028697
-0.27377,0.18952,0.00044571
-0.2966,0.18925,-4.6218e-05
-0.32044,0.18897,-0.00094946
-0.34526,0.18867,-0.0026498
-0.37108,0.18835,-0.0048343
-0.39789,0.18802,-0.007344
-0.42574,0.18769,-0.010014
-0.45454,0.18733,-0.012769
-0.48432,0.18695,-0.015568
-0.51511,0.18657,-0.018423
-0.47093,0.18408,-0.036336
-0.42981,0.18165,-0.056863
-0.39146,0.17925,-0.079148
-0.35575,0.17689,-0.10275
-0.32249,0.17458,-0.12729
-0.2915,0.17229,-0.15232
-0.26269,0.17004,-0.17797
-0.23586,0.16782,-0.20397
-0.21096,0.16564,-0.23045
-0.18788,0.1635,-0.2575
-0.19294,0.18321,-0.23018
-0.19786,0.20387,-0.20744
-0.20301,0.22568,-0.18812
-0.20817,0.24853,-0.17148
-0.21341,0.27245,-0.15706
-0.21873,0.29744,-0.14437
-0.22408,0.32346,-0.13302
-0.22948,0.3505,-0.12295
-0.23496,0.37859,-0.11381
-0.24048,0.40767,-0.10527
-0.22649,0.38242,-0.089385
-0.21331,0.3589,-0.07664
-0.20084,0.33693,-0.066056
-0.18901,0.31635,-0.057243
-0.17783,0.29708,-0.0497
-0.16726,0.27905,-0.043117
-0.15725,0.26212,-0.037396
-0.14766,0.24613,-0.032564
-0.1386,0.23113,-0.028276
-0.13006,0.21707,-0.024423
-0.13296,0.21645,-0.034907
-0.13589,0.21583,-0.045773
-0.13885,0.21518,-0.056829
-0.14186,0.21455,-0.068041
-0.14484,0.21386,-0.079186
-0.14787,0.21318,-0.090126
-0.15096,0.21251,-0.10099
-0.15404,0.2118,-0.11179
-0.15714,0.21107,-0.12248
-0.16028,0.21034,-0.13289
-0.1496,0.21843,-0.14428
-0.13935,0.2266,-0.15593
-0.12949,0.23483,-0.16758
-0.12003,0.24312,-0.17935
-0.11096,0.25148,-0.19113
-0.10227,0.25991,-0.20273
-0.093986,0.26842,-0.21421
-0.086052,0.27698,-0.22543
-0.078487,0.2856,-0.2365
-0.071272,0.29425,-0.24796
-0.073628,0.28108,-0.18803
-0.075973,0.26864,-0.14212
-0.078303,0.25684,-0.10647
-0.080635,0.24564,-0.078674
-0.082993,0.235,-0.0568
-0.085352,0.22485,-0.039575
-0.087711,0.21514,-0.026241
-0.090109,0.20588,-0.016208
-0.092479,0.19698,-0.0089341
-0.094903,0.18848,-0.0039605
-0.092421,0.18306,-0.0064859
-0.089947,0.17777,-0.0091699
-0.087537,0.17264,-0.011864
-0.085145,0.16763,-0.014446
-0.082776,0.16274,-0.016878
-0.080462,0.158,-0.019262
-0.078167,0.15336,-0.021538
-0.075916,0.14886,-0.023623
-0.073687,0.14445,-0.025594
-0.071503,0.14017,-0.027586
-0.070692,0.15931,-0.03698
-0.06984,0.17996,-0.047051
-0.068942,0.20214,-0.057683
-0.067998,0.22588,-0.068645
-0.067024,0.25123,-0.079893
-0.066005,0.27818,-0.091434
-0.064948,0.30674,-0.10311
-0.063879,0.33695,-0.11468
-0.062745,0.36873,-0.12631
-0.061603,0.40215,-0.13794
-0.059914,0.41353,-0.10857
-0.058263,0.42496,-0.085573
-0.056646,0.43641,-0.067375
-0.055064,0.44792,-0.052985
-0.053511,0.45947,-0.041348
-0.051992,0.47109,-0.031772
-0.050498,0.48274,-0.023964
-0.049028,0.49443,-0.017688
-0.047597,0.5062,-0.012614
-0.046172,0.51796,-0.0085338
-0.042334,0.5155,-0.00028188
-0.038703,0.51315,0.0026408
-0.035262,0.51087,0.012932
-0.032006,0.50866,0.029278
-0.028932,0.50653,0.050444
-0.026027,0.50444,0.075391
-0.023287,0.50238,0.1035
-0.020717,0.5004,0.13427
-0.018304,0.49843,0.16725
-0.016048,0.49649,0.20239
-0.018466,0.47659,0.12222
-0.020982,0.45793,0.070255
-0.023585,0.44025,0.036734
-0.026285,0.4235,0.015914
-0.029074,0.40754,0.0044733
-0.031953,0.3923,0.00015093
-0.034925,0.37774,-0.0014649
-0.037976,0.36372,-0.0073421
-0.041111,0.35025,-0.016998
-0.044331,0.33728,-0.029783
-0.040617,0.29837,-0.027135
-0.037158,0.2632,-0.025459
-0.033943,0.23145,-0.024331
-0.030957,0.20283,-0.023511
-0.028181,0.17704,-0.022929
-0.025601,0.15385,-0.022589
-0.023211,0.13305,-0.022367
-0.020998,0.11444,-0.022257
-0.018948,0.097838,-0.022171
-0.017054,0.083067,-0.022099
-0.01837,0.084679,-0.027864
-0.019737,0.086308,-0.034066
-0.021158,0.087964,-0.040745
-0.022632,0.08965,-0.048011
-0.02416,0.091367,-0.055697
-0.025738,0.093091,-0.063767
-0.027367,0.094818,-0.07211
-0.029051,0.096585,-0.080981
-0.030789,0.098377,-0.090195
-0.032578,0.10018,-0.099552
-0.037413,0.10259,-0.10357
-0.042628,0.10503,-0.1075
-0.048234,0.10753,-0.11131
-0.054237,0.11006,-0.11481
-0.060644,0.11264,-0.11821
-0.067459,0.11523,-0.12154
-0.074693,0.11788,-0.12476
-0.08235,0.12056,-0.12762
-0.090434,0.12327,-0.13032
-0.098951,0.12603,-0.13311
-0.099136,0.13115,-0.12333
-0.099322,0.13635,-0.1148
-0.099508,0.14162,-0.1074
-0.099694,0.14693,-0.10108
-0.099878,0.15231,-0.095477
-0.10006,0.15775,-0.090327
-0.10024,0.16325,-0.08566
-0.10042,0.16881,-0.08157
-0.1006,0.17443,-0.07783
-0.10077,0.1801,-0.07423
-0.094245,0.18555,-0.063142
-0.087998,0.191,-0.054023
-0.082018,0.19646,-0.046408
-0.076295,0.20197,-0.039856
-0.070823,0.20747,-0.03429
-0.065589,0.21301,-0.029358
-0.06059,0.21858,-0.025111
-0.055817,0.22417,-0.021488
-0.051267,0.22978,-0.018357
-0.046933,0.23541,-0.015548
-0.044332,0.25344,-0.013314
-0.041778,0.27219,-0.011349
-0.039276,0.29164,-0.009579
-0.036827,0.31178,-0.007939
-0.034434,0.33263,-0.0064719
-0.032099,0.35419,-0.0051634
-0.029826,0.37642,-0.0040155
-0.027619,0.39933,-0.0030404
-0.025477,0.42292,-0.0022251
-0.023407,0.44716,-0.001574
-0.021443,0.41617,-0.0033296
-0.019603,0.38725,-0.0051967
-0.017881,0.36028,-0.0070409
-0.016269,0.33509,-0.0088304
-0.014762,0.31155,-0.010508
-0.013355,0.28952,-0.012155
-0.012043,0.26895,-0.013608
-0.010822,0.2497,-0.014943
-0.0096867,0.23164,-0.016122
-0.0086333,0.21477,-0.017184
-0.0076634,0.18758,-0.018459
-0.0067841,0.16328,-0.01983
-0.0059883,0.14157,-0.021234
-0.0052692,0.12223,-0.022702
-0.0046207,0.10503,-0.024196
-0.0040369,0.089773,-0.025629
-0.0035125,0.076276,-0.02707
-0.0030428,0.064375,-0.028409
-0.002623,0.053925,-0.02976
-0.002249,0.044776,-0.031181
-0.0020739,0.045394,-0.024569
-0.0019065,0.045995,-0.019066
-0.0017465,0.04659,-0.014433
-0.0015937,0.047175,-0.01056
-0.0014481,0.047751,-0.0073951
-0.0013096,0.048322,-0.0048392
-0.001178,0.048887,-0.0028743
-0.0010535,0.049456,-0.0014744
-0.00093591,0.050019,-0.00055923
-0.00082469,0.050572,-8.1867e-05
-0.00037681,0.055358,1.474e-05
-9.9097e-05,0.060451,0.00026705
-1.126e-07,0.065867,0.0008257
8.9309e-05,0.071624,0.0017027
0.00037693,0.077733,0.0028498
0.00087325,0.084216,0.004274
0.0015897,0.091083,0.0059621
0.0025364,0.098355,0.0079047
0.0037264,0.10604,0.010074
0.0051709,0.11414,0.012505
0.0067358,0.11272,0.00253
0.0084904,0.11131,-4.9457e-05
0.010437,0.10993,-0.0037564
0.012589,0.10855,-0.012775
0.014946,0.10719,-0.026448
0.017525,0.10582,-0.044228
0.020335,0.10445,-0.065581
0.023384,0.10307,-0.090326
0.026683,0.1017,-0.11805
0.030245,0.10031,-0.14864
0.027803,0.097569,-0.16914
0.025471,0.094873,-0.19046
0.02325,0.092222,-0.21273
0.021132,0.089619,-0.23605
0.019124,0.087055,-0.26037
0.017215,0.084536,-0.28517
0.01541,0.082056,-0.31073
0.013705,0.079619,-0.3367
0.012101,0.07722,-0.3633
0.010598,0.07486,-0.39081
0.0091727,0.072811,-0.39139
0.007867,0.070823,-0.39268
0.0066723,0.068895,-0.39484
0.0055847,0.067024,-0.39759
0.0046007,0.065208,-0.40105
0.0037199,0.063442,-0.40519
0.0029384,0.061723,-0.40976
0.0022543,0.060048,-0.41439
0.0016639,0.058418,-0.41932
0.0011661,0.056829,-0.42466
0.00083343,0.067778,-0.3603
0.00056046,0.079395,-0.3062
0.00034379,0.091699,-0.25988
0.00018053,0.10472,-0.21961
6.9337e-05,0.1185,-0.18458
1.0586e-05,0.13307,-0.15374
-3.3408e-06,0.14848,-0.1267
-4.8474e-05,0.16478,-0.10329
-0.00014592,0.182,-0.082851
-0.00029769,0.2002,-0.065297
-0.00045944,0.19615,-0.040794
-0.00065155,0.1923,-0.022968
-0.00087389,0.18863,-0.010827
-0.0011231,0.1851,-0.0034626
-0.0014013,0.18172,-0.00024865
-0.0017057,0.17845,0.00065949
-0.0020389,0.17528,0.0042822
-0.0023962,0.1722,0.010752
-0.0027805,0.1692,0.019789
-0.0031913,0.16627,0.031057
-0.0048138,0.17541,0.039121
-0.0068005,0.1849,0.048247
-0.0091437,0.19469,0.05828
-0.011886,0.20484,0.069281
-0.015029,0.21532,0.081257
-0.01857,0.22614,0.094272
-0.022528,0.23728,0.10832
-0.026925,0.24877,0.12302
-0.031773,0.26059,0.13864
-0.03706,0.27274,0.15513
-0.037325,0.26414,0.12607
-0.037583,0.25593,0.10341
-0.03783,0.24806,0.08543
-0.038101,0.24053,0.070764
-0.038367,0.23329,0.058705
-0.038629,0.22633,0.048583
-0.038904,0.21963,0.040038
-0.039171,0.21317,0.032733
-0.039436,0.20695,0.026513
-0.039707,0.20094,0.021302
-0.037879,0.19067,0.020971
-0.036102,0.18087,0.020553
-0.034413,0.17153,0.020116
-0.032798,0.16263,0.019735
-0.031239,0.15413,0.019367
-0.029751,0.14603,0.018921
-0.028331,0.1383,0.018488
-0.026941,0.13091,0.018133
-0.025629,0.12387,0.017792
-0.024363,0.11715,0.017524
-0.023606,0.098411,0.022514
-0.022888,0.081936,0.027688
-0.022203,0.067501,0.033067
-0.021551,0.054914,0.038523
-0.020933,0.044,0.044123
-0.020333,0.034596,0.049985
-0.019764,0.026563,0.056018
-0.019213,0.019775,0.062128
-0.01868,0.014124,0.068359
-0.018169,0.0095164,0.074541
-0.015442,0.010846,0.082681
-0.012919,0.012262,0.090861
-0.010607,0.013766,0.099103
-0.0085136,0.015364,0.10761
-0.0066396,0.017057,0.11628
-0.0049867,0.01885,0.12517
-0.003555,0.020743,0.13414
-0.0023568,0.022743,0.14316
-0.001393,0.024849,0.1522
-0.0006746,0.027067,0.16146
-0.0006038,0.027681,0.16488
-0.00053838,0.028304,0.16819
-0.00047661,0.028933,0.1715
-0.00041845,0.029568,0.175
-0.00036328,0.030207,0.17851
-0.00031182,0.030851,0.18182
-0.00026498,0.031501,0.18513
-0.00022156,0.032156,0.18867
-0.00018163,0.032813,0.19223
-0.00014569,0.033476,0.19543
-0.00015948,0.033598,0.22166
-0.00017362,0.033719,0.24899
-0.00018753,0.033837,0.27713
-0.00020204,0.033955,0.30574
-0.0002171,0.034073,0.33496
-0.00023283,0.034191,0.36484
-0.00024685,0.034302,0.395
-0.00026367,0.03442,0.42597
-0.000278,0.03453,0.45742
-0.00029408,0.034643,0.48846
-0.00027546,0.031027,0.51155
-0.0002573,0.027618,0.53536
-0.00024075,0.024417,0.55941
-0.00022348,0.021417,0.58348
-0.00020603,0.018617,0.60747
-0.00018945,0.016019,0.63213
-0.00017455,0.013623,0.65686
-0.00015916,0.011422,0.68194
-0.00014525,0.0094194,0.70694
-0.00013085,0.007611,0.7318
-0.00029138,0.0093627,0.74108
-0.00051585,0.011288,0.75126
-0.00080446,0.013385,0.76187
-0.0011521,0.015649,0.77264
-0.0015665,0.018084,0.78352
-0.0020438,0.020684,0.79516
-0.0025868,0.023451,0.80681
-0.003194,0.026382,0.81833
-0.00386,0.029471,0.82985
-0.0045913,0.03272,0.84158
-0.0038563,0.036185,0.74116
-0.003205,0.039672,0.65764
-0.002629,0.04318,0.58682
-0.0021268,0.046717,0.52515
-0.0016894,0.050279,0.47118
-0.001311,0.053866,0.42314
-0.00098569,0.057474,0.38037
-0.00071352,0.061114,0.34232
-0.00048847,0.06478,0.30803
-0.00030891,0.068476,0.27656
-6.9562e-06,0.069895,0.30147
0.0001546,0.071325,0.3252
0.00076293,0.072766,0.34788
0.0018406,0.074221,0.36969
0.0033982,0.075686,0.39037
0.0054472,0.07716,0.41033
0.007992,0.078647,0.42923
0.01104,0.080147,0.44676
0.014601,0.081656,0.46325
0.018681,0.083177,0.47836
0.021103,0.082821,0.37816
0.023579,0.082452,0.29889
0.026106,0.082074,0.23503
0.028698,0.08168,0.1832
0.03134,0.081283,0.14083
0.034051,0.080873,0.10629
0.036821,0.08046,0.078117
0.039661,0.080038,0.055292
0.042567,0.079616,0.037112
0.045541,0.079197,0.022942
0.048488,0.083044,0.034415
0.051586,0.087034,0.04756
0.054847,0.091165,0.061898
0.058275,0.095439,0.076963
0.061871,0.099857,0.092621
0.065651,0.10441,0.10847
0.069604,0.1091,0.12443
0.073733,0.11393,0.14054
0.078033,0.1189,0.15658
0.082523,0.124,0.17228
0.082647,0.10407,0.12672
0.082815,0.086661,0.092002
0.083028,0.07147,0.065396
0.083283,0.058247,0.045115
0.083568,0.046785,0.029737
0.083882,0.036899,0.018357
0.084229,0.028432,0.010177
0.084595,0.021258,0.0046061
0.084974,0.015264,0.0013303
0.085376,0.010355,4.5797e-05
0.0793,0.01072,-0.00013966
0.073555,0.011075,-0.00091023
0.068133,0.011418,-0.0023108
0.063004,0.011752,-0.0043024
0.05816,0.012075,-0.0068465
0.05358,0.01239,-0.0099202
0.049249,0.012697,-0.013439
0.045161,0.012995,-0.017412
0.041301,0.013284,-0.02181
0.037654,0.013568,-0.02653
0.033468,0.012518,-0.02617
0.029645,0.011527,-0.025983
0.02616,0.010589,-0.025933
0.022991,0.0097033,-0.026068
0.02011,0.0088704,-0.02617
0.017502,0.0080849,-0.026318
0.015146,0.0073471,-0.026488
0.013026,0.0066526,-0.026675
0.011119,0.0060037,-0.026858
0.0094143,0.0053963,-0.027067
0.0099159,0.0037923,-0.023819
0.010415,0.0025071,-0.020856
0.010915,0.0015108,-0.018252
0.011418,0.00077909,-0.016041
0.011925,0.00029418,-0.014052
0.012438,4.2451e-05,-0.012257
0.012957,-1.6209e-05,-0.010619
0.013486,-0.00021142,-0.0091383
0.014032,-0.00063068,-0.0078732
0.01459,-0.0012783,-0.0066377
0.015523,-0.0004337,-0.0039856
0.016475,-3.7075e-05,-0.0020322
0.017454,7.3991e-05,-0.00074645
0.018468,0.00054738,-9.8774e-05
0.019523,0.0014765,5.4935e-05
0.020629,0.0028931,0.00062663
0.021793,0.0048424,0.0018297
0.023019,0.0073796,0.003649
0.024315,0.010567,0.0061171
0.025689,0.014467,0.0092107
0.024936,0.012218,0.0091947
0.024214,0.010197,0.0092047
0.02352,0.0083927,0.0092297
0.022853,0.0067931,0.0093193
0.022211,0.0053855,0.0094156
0.021594,0.0041613,0.0094305
0.020998,0.0031126,0.0094524
0.020424,0.0022276,0.009437
0.019873,0.001499,0.0093809
0.019336,0.00092346,0.0093699
0.019198,0.0013697,0.0087282
0.019059,0.0019037,0.0081554
0.018925,0.0025239,0.0076027
0.018788,0.0032337,0.0071231
0.018654,0.0040313,0.0066687
0.018522,0.0049179,0.0062679
0.018392,0.0058937,0.0058899
0.018262,0.0069607,0.0055337
0.018136,0.0081178,0.0052093
0.018012,0.0093673,0.0048702
0.016563,0.0095294,0.0062137
0.015188,0.0096827,0.0076625
0.013886,0.0098268,0.0092512
0.012653,0.0099623,0.011028
0.011486,0.01009,0.012945
0.010382,0.010213,0.014924
0.0093401,0.01033,0.01703
0.0083587,0.010441,0.01918
0.0074352,0.010548,0.021445
0.006567,0.010654,0.023931
0.0056948,0.0094806,0.030498
0.0048842,0.0083816,0.037699
0.0041361,0.0073493,0.045495
0.0034479,0.0063845,0.053735
0.0028208,0.0054826,0.062516
0.002254,0.004645,0.071679
0.0017487,0.0038701,0.081243
0.0013043,0.0031612,0.09141
0.00092309,0.0025168,0.10206
0.00060527,0.0019404,0.11304
0.0011731,0.0018404,0.11272
0.0019269,0.0017439,0.11281
0.0028707,0.0016487,0.11308
0.0040056,0.0015558,0.11333
0.0053355,0.0014646,0.11371
0.0068641,0.0013749,0.11448
0.008597,0.0012866,0.11534
0.01054,0.0011995,0.11636
0.012702,0.0011127,0.11747
0.01509,0.0010266,0.11862
0.016466,0.00092478,0.12302
0.017911,0.00082993,0.12751
0.019436,0.0007398,0.13213
0.021031,0.00065652,0.13656
0.022708,0.00057815,0.14104
0.024458,0.00050597,0.14562
0.026292,0.0004386,0.1503
0.02821,0.00037615,0.15518
0.030208,0.00031929,0.16004
0.03228,0.00026817,0.16466
0.029914,0.00038336,0.14408
0.027705,0.00051672,0.12585
0.025659,0.00066524,0.10982
0.023759,0.00082812,0.095616
0.021997,0.0010041,0.083031
0.020357,0.0011932,0.071884
0.018838,0.0013932,0.061948
0.017423,0.0016047,0.053214
0.016114,0.0018256,0.045443
0.014895,0.0020565,0.038427
0.01528,0.001496,0.047797
0.015673,0.001019,0.058285
0.016082,0.00062777,0.069761
0.016503,0.00032709,0.081981
0.016938,0.00012124,0.095084
0.017394,1.4597e-05,0.10912
0.017855,-1.1978e-05,0.12398
0.018331,-0.00011762,0.13958
0.018842,-0.00033703,0.15622
0.019351,-0.00067313,0.17327
0.01484,-5.3368e-05,0.15386
0.011057,0.0001084,0.13736
0.0079302,0.00074574,0.12337
0.0054007,0.0018909,0.11141
0.0034101,0.0034882,0.10103
0.0018991,0.0055064,0.091942
0.00084084,0.007926,0.083841
0.00021195,0.010745,0.076404
1.5981e-08,0.01398,0.06954
-0.00020623,0.017656,0.063283
-0.0001915,0.017266,0.065167
-0.00017736,0.016884,0.066769
-0.00016341,0.016507,0.068246
-0.00015064,0.016142,0.069749
-0.00013807,0.015782,0.071157
-0.00012647,0.015432,0.072323
-0.00011528,0.015089,0.073387
-0.0001045,0.014754,0.07454
-9.4626e-05,0.014428,0.075573
-8.5321e-05,0.014109,0.076448
-2.1266e-05,0.011341,0.063167
-2.4562e-08,0.008972,0.05179
1.7512e-05,0.0069622,0.042161
7.0082e-05,0.0052786,0.034009
0.00015455,0.0038871,0.027146
0.00026736,0.0027576,0.02138
0.00040452,0.0018616,0.016635
0.00056546,0.0011707,0.01271
0.00074728,0.00066064,0.0094954
0.00094537,0.00030944,0.0069465
0.00076939,0.00055436,0.0070155
0.00061155,0.00087157,0.0071101
0.00047083,0.0012645,0.0072123
0.00034493,0.0017393,0.0072374
0.00023562,0.0023012,0.0072666
0.00014591,0.0029556,0.0072574
7.5301e-05,0.0037121,0.0072566
2.6917e-05,0.0045776,0.0073042
2.3611e-06,0.0055641,0.007351
-4.9277e-06,0.0066793,0.0074273
-0.0001007,0.0079794,0.0078912
-0.00032725,0.0094728,0.0083443
-0.00070078,0.011188,0.0088259
-0.0012361,0.013152,0.0093147
-0.0019527,0.015394,0.0098513
-0.0028633,0.017942,0.010455
-0.0039952,0.020832,0.011115
-0.0053619,0.024094,0.011762
-0.0069836,0.027762,0.012395
-0.0088893,0.031872,0.013154
-0.0072146,0.033885,0.02359
-0.0056853,0.03596,0.036952
-0.0043213,0.038106,0.05306
-0.0031195,0.040319,0.071821
-0.002096,0.042604,0.093131
-0.0012542,0.044954,0.11709
-0.0006181,0.04738,0.14334
-0.00019771,0.049879,0.17166
-9.2271e-06,0.052452,0.20198
6.7951e-05,0.055096,0.23428
0.00041523,0.049336,0.21576
0.0010337,0.044032,0.19998
0.0019034,0.039145,0.18648
0.0030013,0.034647,0.17495
0.0043152,0.030507,0.16491
0.0058352,0.0267,0.15589
0.0075374,0.023208,0.14784
0.0094293,0.020009,0.14076
0.011496,0.017087,0.1344
0.013737,0.014426,0.12835
0.013325,0.01457,0.11272
0.012926,0.01472,0.099247
0.012537,0.014875,0.087449
0.012166,0.015034,0.07691
0.011798,0.015199,0.067612
0.011436,0.015369,0.059495
0.011085,0.015543,0.052284
0.010746,0.01572,0.045718
0.010408,0.015903,0.039885
0.010084,0.016089,0.034618
0.0098374,0.017597,0.040916
0.0095846,0.019215,0.047771
0.0093135,0.020949,0.055014
0.0090414,0.022801,0.062707
0.0087638,0.024778,0.070731
0.0084723,0.026885,0.078815
0.0081824,0.029122,0.087055
0.0078814,0.031497,0.095347
0.0075803,0.034008,0.10367
0.0072736,0.036662,0.11191
0.0055494,0.037494,0.10903
0.0040713,0.038327,0.10645
0.0028292,0.039164,0.10414
0.0018163,0.040006,0.102
0.0010315,0.040852,0.099997
0.00046857,0.041703,0.09828
0.00012562,0.042559,0.096681
6.2067e-07,0.043422,0.095121
-9.222e-05,0.044291,0.093621
-0.00040025,0.045168,0.092196
-0.00015238,0.04417,0.07028
-2.3335e-05,0.043191,0.052734
6.5893e-06,0.042228,0.038633
9.7199e-05,0.04128,0.027477
0.00029028,0.040349,0.018661
0.0005843,0.039428,0.011877
0.00097763,0.038517,0.0068383
0.0014664,0.037621,0.0032676
0.0020505,0.036735,0.0010543
0.0027291,0.035861,7.7813e-05
0.0024234,0.032724,3.5023e-05
0.0021398,0.029825,7.8776e-06
0.0018788,0.027147,-8.6708e-08
0.001639,0.024676,-1.1436e-05
0.0014193,0.022398,-4.1247e-05
0.001216,0.020306,-8.1718e-05
0.0010327,0.018379,-0.00013259
0.00086747,0.016609,-0.00019851
0.00071827,0.014987,-0.00027656
0.00058518,0.013502,-0.00035429
0.00020282,0.014192,-1.5769e-05
1.84e-05,0.014901,0.00010734
-3.3072e-05,0.015638,0.00060744
-0.00025092,0.016403,0.0015267
-0.00067937,0.017207,0.0028683
-0.0013289,0.018056,0.0046068
-0.0022094,0.018954,0.0067605
-0.0033326,0.019904,0.0093807
-0.004712,0.020912,0.012477
-0.0063675,0.021987,0.015957
-0.0064281,0.024813,0.0081084
-0.006492,0.027813,0.0029636
-0.0065605,0.031009,0.00036692
-0.0066318,0.034419,-0.00025603
-0.006711,0.038069,-0.0026088
-0.0067995,0.041983,-0.0073879
-0.0068951,0.046179,-0.014572
-0.007004,0.050683,-0.024252
-0.0071206,0.055508,-0.036363
-0.007249,0.060677,-0.050982
-0.0063563,0.070741,-0.040228
-0.0055097,0.081718,-0.030933
-0.0047069,0.09366,-0.023073
-0.0039508,0.10663,-0.016596
-0.0032454,0.12068,-0.011313
-0.0025946,0.13589,-0.0070854
-0.0020029,0.15229,-0.0039182
-0.0014745,0.16994,-0.0017141
-0.0010169,0.1889,-0.00043169
-0.0006359,0.20919,-9.2656e-07
-0.00083184,0.22391,0.00056773
-0.0010545,0.23923,0.0022633
-0.0013051,0.25518,0.0049131
-0.0015815,0.27173,0.0083532
-0.0018865,0.2889,0.012465
-0.0022181,0.30669,0.017206
-0.0025767,0.32508,0.022404
-0.0029623,0.34408,0.028005
-0.0033758,0.36369,0.033974
-0.0038152,0.38389,0.040369
-0.0031696,0.36943,0.047916
-0.0025904,0.35565,0.055807
-0.0020756,0.34251,0.06412
-0.0016218,0.32995,0.072958
-0.0012286,0.31796,0.082137
-0.00089183,0.30646,0.091552
-0.00061247,0.29546,0.10127
-0.0003868,0.28491,0.11135
-0.00021382,0.27477,0.12182
-9.2638e-05,0.26504,0.13232
-0.00032196,0.24832,0.12884
-0.00068037,0.23255,0.12584
-0.0011628,0.21771,0.1231
-0.0017632,0.20374,0.12038
-0.0024749,0.19057,0.11779
-0.0032878,0.17812,0.11536
-0.0042024,0.16639,0.11308
-0.0052143,0.15532,0.11067
-0.0063156,0.14487,0.10827
-0.0075027,0.13499,0.10571
-0.0080329,0.12566,0.098698
-0.0085705,0.11683,0.092689
-0.0091171,0.10848,0.087448
-0.00967,0.10058,0.08265
-0.010233,0.093126,0.078454
-0.010799,0.086074,0.07454
-0.011373,0.079416,0.071024
-0.011955,0.073133,0.067988
-0.012539,0.067201,0.065158
-0.01313,0.061611,0.062699
-0.011551,0.057895,0.085932
-0.010073,0.054301,0.11195
-0.008692,0.050818,0.1403
-0.0074035,0.047435,0.17065
-0.0062074,0.044147,0.20282
-0.0051032,0.040949,0.2368
-0.0040987,0.03785,0.27244
-0.0031954,0.034848,0.30965
-0.0023939,0.031941,0.34807
-0.0017014,0.029137,0.38753
-0.0015899,0.026476,0.40495
-0.0014837,0.023948,0.42263
-0.0013789,0.021543,0.44078
-0.0012801,0.019272,0.45867
-0.0011836,0.017125,0.47676
-0.0010898,0.015104,0.4952
-0.00099931,0.01321,0.51389
-0.00091366,0.011445,0.53222
-0.00083141,0.009807,0.55061
-0.00075259,0.0082954,0.56942
-0.00047184,0.0089233,0.52228
-0.00026134,0.0095737,0.48144
-0.00011598,0.010248,0.44581
-3.0255e-05,0.010946,0.41471
-1.3203e-07,0.011669,0.38698
2.177e-05,0.012415,0.36226
9.2033e-05,0.013185,0.33989
0.00020812,0.013979,0.31932
0.00036779,0.014798,0.30044
0.00056876,0.015641,0.28327
0.00083026,0.015315,0.22826
0.0011238,0.015011,0.18346
0.0014399,0.01473,0.1466
0.0017807,0.014465,0.11638
0.0021354,0.01422,0.091353
0.0025025,0.013991,0.070626
0.0028803,0.013777,0.053587
0.0032662,0.013578,0.039743
0.0036593,0.013391,0.02852
0.0040567,0.013216,0.019488
0.0040879,0.014837,0.01497
0.0041316,0.016547,0.01101
0.0041652,0.018363,0.0077338
0.0042031,0.020284,0.0050717
0.0042426,0.02232,0.0029864
0.0042787,0.024482,0.0014443
0.004322,0.026771,0.00045311
0.0043624,0.029202,2.3898e-05
0.0044067,0.031779,-0.00013187
0.004451,0.034514,-0.00079193
0.005496,0.034377,-0.0014728
0.0066519,0.034239,-0.0023888
0.0079291,0.034095,-0.0035654
0.0093212,0.033948,-0.0050033
0.010835,0.033795,-0.0067167
0.012477,0.033636,-0.0086896
0.014241,0.033472,-0.010924
0.016132,0.033302,-0.013402
0.018157,0.033124,-0.016191
0.020321,0.032939,-0.019306
0.020887,0.030387,-0.02145
0.021451,0.027959,-0.023622
0.022018,0.025649,-0.025888
0.022578,0.023456,-0.028274
0.023137,0.021375,-0.030737
0.023714,0.019402,-0.033238
0.024283,0.017536,-0.035789
0.024853,0.015774,-0.038488
0.025428,0.014114,-0.041266
0.026014,0.012552,-0.044034
0.023604,0.0092446,-0.048354
0.021365,0.0065057,-0.052918
0.019273,0.0042919,-0.057581
0.017319,0.0025671,-0.062231
0.015496,0.0013011,-0.06698
0.013797,0.00046981,-0.071969
0.012207,5.508e-05,-0.077073
0.010721,-4.5464e-05,-0.082121
0.0093343,-0.00043533,-0.087272
0.0080414,-0.0012245,-0.092389
0.010217,-0.0020222,-0.087845
0.012677,-0.0030242,-0.083551
0.015415,-0.0042363,-0.079498
0.018446,-0.005665,-0.075545
0.021787,-0.0073177,-0.071735
0.025438,-0.0092026,-0.068202
0.029425,-0.011328,-0.064798
0.033761,-0.013703,-0.061437
0.038439,-0.016337,-0.058256
0.043501,-0.019236,-0.055082
0.041366,-0.013837,-0.056761
0.039328,-0.0094525,-0.058831
0.037384,-0.00599,-0.060976
0.03553,-0.0033721,-0.063197
0.033741,-0.0015352,-0.065444
0.032039,-0.00042628,-0.06761
0.030382,-5.7943e-06,-0.06984
0.028796,0.00024403,-0.072247
0.027255,0.0011227,-0.074669
0.025758,0.0026337,-0.076979
0.021063,0.0030409,-0.063374
0.016996,0.0034636,-0.052137
0.013502,0.0039006,-0.042725
0.01052,0.00435,-0.034695
0.008003,0.0048109,-0.027943
0.005902,0.0052821,-0.022348
0.0041799,0.0057638,-0.017651
0.0027995,0.0062559,-0.01365
0.0017222,0.0067577,-0.010311
0.00092524,0.007271,-0.0075008
0.0010488,0.0084232,-0.0098619
0.0011907,0.0097155,-0.012613
0.0013526,0.011159,-0.015746
0.0015342,0.012764,-0.019247
0.0017403,0.014542,-0.023119
0.0019704,0.016504,-0.027448
0.0022248,0.018659,-0.032185
0.0025137,0.021023,-0.037225
0.0028299,0.023602,-0.042658
0.0031821,0.026409,-0.048517
0.0024212,0.026929,-0.038288
0.0017725,0.027437,-0.029554
0.0012314,0.027933,-0.0222
0.0007924,0.028418,-0.016144
0.0004531,0.028897,-0.011146
0.00020963,0.02937,-0.0071569
5.9267e-05,0.029839,-0.0041116
8.9205e-07,0.030305,-0.0019655
-3.3677e-05,0.03077,-0.00061939
-0.0001567,0.03124,-2.8945e-05
3.5552e-06,0.038003,1.2998e-05
0.0002813,0.045747,0.00015597
0.0010304,0.054563,0.0004626
0.0023001,0.064557,0.00092585
0.0041318,0.075821,0.0015629
0.0065758,0.088452,0.0023948
0.0096818,0.10255,0.0034082
0.013509,0.1182,0.0045748
0.018102,0.13549,0.0059008
0.023508,0.1545,0.007449
0.018984,0.15597,0.0097312
0.014993,0.15745,0.012237
0.011476,0.15891,0.014996
0.0084481,0.16036,0.018051
0.0058951,0.16181,0.02136
0.0038061,0.16324,0.024804
0.0021756,0.16467,0.028463
0.0010027,0.1661,0.032407
0.00027876,0.16752,0.036556
3.1173e-06,0.16895,0.040757
-0.00021549,0.16668,0.026777
-0.00095464,0.16449,0.016626
-0.0022053,0.16238,0.0093813
-0.0039512,0.16033,0.004463
-0.0061863,0.15834,0.0014913
-0.0089026,0.15639,0.00015152
-0.012102,0.15447,-0.00015986
-0.015783,0.15259,-0.0013438
-0.019943,0.15073,-0.0035547
-0.024585,0.14889,-0.0066191
-0.027026,0.13927,-0.018154
-0.029555,0.13012,-0.03457
-0.032198,0.12139,-0.055252
-0.034942,0.11304,-0.07962
-0.037786,0.10503,-0.10738
-0.040749,0.097352,-0.13831
-0.043836,0.089967,-0.17219
-0.04703,0.082873,-0.20875
-0.050329,0.076063,-0.24777
-0.053761,0.069521,-0.28953
-0.054582,0.06865,-0.23633
-0.055405,0.067748,-0.19333
-0.056184,0.066836,-0.15813
-0.056949,0.065908,-0.12895
-0.057687,0.064972,-0.10463
-0.058418,0.064024,-0.084402
-0.059119,0.063074,-0.067376
-0.059822,0.062113,-0.053065
-0.060507,0.061151,-0.041054
-0.061177,0.060187,-0.031078
-0.060382,0.064867,-0.044603
-0.059572,0.069761,-0.059595
-0.058748,0.074871,-0.075803
-0.057917,0.0802,-0.093162
-0.057079,0.085748,-0.11132
-0.056223,0.091522,-0.13021
-0.055347,0.097526,-0.14961
-0.054467,0.10375,-0.16904
-0.053573,0.1102,-0.18864
-0.052678,0.11687,-0.2086
-0.048685,0.12026,-0.17172
-0.044928,0.12362,-0.14143
-0.041399,0.12694,-0.11634
-0.038067,0.13024,-0.095522
-0.034934,0.13352,-0.077986
-0.031964,0.1368,-0.063092
-0.029172,0.14005,-0.050479
-0.026529,0.14331,-0.039906
-0.024044,0.14655,-0.030984
-0.021694,0.1498,-0.023465
-0.018628,0.14235,-0.029239
-0.01584,0.13527,-0.035131
-0.013316,0.12855,-0.041099
-0.011044,0.12216,-0.04699
-0.0090174,0.11607,-0.052822
-0.0072123,0.11028,-0.058731
-0.0056356,0.10476,-0.06464
-0.0042701,0.099482,-0.070618
-0.003106,0.094449,-0.076635
-0.0021376,0.089638,-0.082561
-0.0030196,0.089096,-0.081654
-0.0040522,0.088555,-0.080686
-0.005235,0.088014,-0.079721
-0.0065652,0.087477,-0.078734
-0.0080314,0.086956,-0.07753
-0.009656,0.086423,-0.07643
-0.011419,0.085899,-0.07524
-0.01333,0.085375,-0.074021
-0.015387,0.084852,-0.072812
-0.017586,0.084333,-0.071625
-0.017521,0.082293,-0.074014
-0.017462,0.080297,-0.076552
-0.0174,0.078349,-0.079131
-0.017341,0.076445,-0.081979
-0.017282,0.074583,-0.084871
-0.017227,0.072762,-0.087842
-0.017165,0.070985,-0.09101
-0.01711,0.069244,-0.093975
-0.017052,0.067543,-0.097007
-0.016995,0.065878,-0.099925
-0.018405,0.058289,-0.098923
-0.01985,0.051304,-0.098137
-0.021329,0.044886,-0.097402
-0.022843,0.039003,-0.09654
-0.024385,0.033624,-0.095688
-0.025956,0.028722,-0.095005
-0.027556,0.024271,-0.094403
-0.02919,0.020248,-0.093612
-0.030856,0.016634,-0.092841
-0.032555,0.01341,-0.092215
-0.028972,0.011145,-0.078742
-0.025707,0.0091487,-0.067504
-0.022731,0.0074004,-0.057977
-0.02002,0.0058813,-0.050068
-0.017557,0.004574,-0.043413
-0.015327,0.0034625,-0.037802
-0.013304,0.0025315,-0.033107
-0.011482,0.0017671,-0.029014
-0.0098444,0.0011565,-0.025515
-0.0083764,0.00068735,-0.022439
-0.0076342,0.00064143,-0.033236
-0.0068905,0.00059511,-0.046549
-0.006144,0.0005483,-0.062469
-0.0053979,0.0005011,-0.080978
-0.0046597,0.000454,-0.10233
-0.0039363,0.00040722,-0.12677
-0.0032373,0.00036113,-0.15413
-0.0025744,0.00031625,-0.18412
-0.0019597,0.000273,-0.21685
-0.0014059,0.00023182,-0.25237
-0.0010875,0.00039299,-0.25361
-0.00081057,0.00059549,-0.25494
-0.00057427,0.00083857,-0.25651
-0.00037892,0.0011222,-0.2587
-0.00022433,0.0014466,-0.26107
-0.00010986,0.0018106,-0.26346
-3.5838e-05,0.0022147,-0.26597
-2.2137e-06,0.0026586,-0.26904
9.053e-06,0.0031429,-0.27222
5.6429e-05,0.0036671,-0.2753
-9.9091e-06,0.0034571,-0.25937
-0.00018524,0.0032493,-0.2456
-0.00057145,0.0030452,-0.23333
-0.001159,0.0028445,-0.22214
-0.0019402,0.0026483,-0.21201
-0.0029086,0.0024572,-0.20304
-0.00406,0.0022719,-0.19485
-0.0053898,0.0020918,-0.18708
-0.0068961,0.0019184,-0.17988
-0.0085767,0.0017515,-0.17325
-0.0094194,0.0013801,-0.18412
-0.010302,0.0010488,-0.19478
-0.011225,0.00075985,-0.20536
-0.012187,0.00051476,-0.21595
-0.013189,0.00031555,-0.22638
-0.014231,0.0001637,-0.23663
-0.015313,6.0485e-05,-0.24667
-0.016434,7.4204e-06,-0.25647
-0.017595,-5.5926e-06,-0.26602
-0.018796,-5.5976e-05,-0.27561
-0.015804,-0.00029263,-0.262
-0.013112,-0.00070564,-0.25008
-0.010706,-0.0012856,-0.23921
-0.0085717,-0.002025,-0.2291
-0.0066966,-0.0029173,-0.2198
-0.0050699,-0.0039563,-0.211
-0.0036825,-0.0051375,-0.2028
-0.0025259,-0.006458,-0.19535
-0.0015929,-0.0079142,-0.18832
-0.00087795,-0.0095046,-0.18155
-0.00087201,-0.0064497,-0.20475
-0.00086502,-0.0039618,-0.22878
-0.00085687,-0.0020574,-0.25353
-0.00084742,-0.00075784,-0.27872
-0.00083651,-8.8937e-05,-0.30438
-0.00082425,7.9733e-05,-0.3302
-0.00081031,0.00076097,-0.35634
-0.00079484,0.002164,-0.38241
-0.00077777,0.0043213,-0.40859
-0.00075914,0.0072666,-0.43485
-0.00074682,0.012341,-0.36351
-0.00073496,0.018484,-0.30472
-0.00072339,0.025617,-0.2553
-0.00071206,0.033703,-0.21342
-0.00070092,0.042735,-0.17741
-0.00068965,0.052725,-0.14599
-0.00067856,0.063723,-0.11877
-0.00066732,0.075778,-0.095094
-0.00065596,0.088959,-0.074553
-0.00064436,0.10334,-0.056998
-0.00066028,0.095126,-0.074173
-0.00067724,0.087337,-0.0919
-0.00069504,0.07995,-0.10992
-0.00071372,0.072955,-0.12831
-0.00073339,0.066337,-0.14674
-0.00075375,0.060078,-0.16491
-0.00077495,0.054172,-0.18297
-0.00079644,0.0486,-0.20106
-0.00081869,0.043362,-0.21896
-0.00084118,0.038444,-0.23638
-0.00026389,0.040953,-0.21761
-1.3049e-05,0.043514,-0.20056
7.9374e-05,0.046131,-0.18517
0.00045588,0.048803,-0.17126
0.0011374,0.051535,-0.15854
0.0021213,0.05433,-0.14673
0.0034071,0.057186,-0.13574
0.0049934,0.060111,-0.1257
0.0068844,0.063102,-0.11632
0.0090807,0.066167,-0.10744
0.0095405,0.066836,-0.098034
0.010007,0.067517,-0.08968
0.010484,0.068206,-0.082111
0.010971,0.068904,-0.075146
0.011471,0.06961,-0.068733
0.011976,0.070326,-0.063093
0.012491,0.071051,-0.057904
0.013015,0.071784,-0.052991
0.013548,0.072524,-0.048476
0.014094,0.073273,-0.044316
0.011214,0.06904,-0.031908
0.0087296,0.065009,-0.022239
0.0066168,0.061171,-0.014713
0.0048361,0.05751,-0.009049
0.0033713,0.054018,-0.0049458
0.0021953,0.050686,-0.0022199
0.0012894,0.047504,-0.00062533
0.00063463,0.044465,-1.3062e-05
0.00021576,0.041561,0.00028447
1.9093e-05,0.038784,0.0013142
-3.1447e-05,0.038151,0.00216
-0.00024097,0.037537,0.0031829
-0.00064615,0.036936,0.0043946
-0.0012458,0.036346,0.0058069
-0.0020395,0.035763,0.0074041
-0.0030318,0.035183,0.0092463
-0.0042259,0.034604,0.011274
-0.0056268,0.034021,0.013447
-0.0072338,0.033439,0.015802
-0.0090662,0.032846,0.018361
-0.0097711,0.033793,0.006068
-0.010502,0.034747,0.00051321
-0.01126,0.035712,-0.00095085
-0.012042,0.036696,-0.0068732
-0.012855,0.037699,-0.018014
-0.0137,0.038724,-0.034347
-0.014576,0.039775,-0.055738
-0.01548,0.040857,-0.082231
-0.016413,0.04197,-0.11366
-0.017386,0.043107,-0.14963
-0.014704,0.039232,-0.13245
-0.012305,0.035631,-0.11771
-0.010182,0.032277,-0.10501
-0.0083067,0.029161,-0.094119
-0.0066622,0.026271,-0.084652
-0.0052379,0.023586,-0.076143
-0.0040156,0.0211,-0.068605
-0.0029812,0.018801,-0.061796
-0.0021211,0.01668,-0.055696
-0.0014252,0.014725,-0.050307
-0.0011783,0.015046,-0.052331
-0.0009555,0.015367,-0.05436
-0.00075496,0.015693,-0.056407
-0.00057614,0.016026,-0.058535
-0.00042244,0.016357,-0.060729
-0.00029132,0.016694,-0.063094
-0.00018382,0.017037,-0.065556
-0.00010146,0.017377,-0.06803
-4.2092e-05,0.017734,-0.070767
-8.6484e-06,0.018085,-0.073274
-3.6057e-05,0.016172,-0.086117
-8.1496e-05,0.014364,-0.099577
-0.00014566,0.012652,-0.11374
-0.00022735,0.011044,-0.12879
-0.00032729,0.0095345,-0.14451
-0.00044317,0.008133,-0.16082
-0.0005769,0.0068333,-0.17764
-0.00072725,0.0056405,-0.19467
-0.00089274,0.0045582,-0.21214
-0.0010774,0.0035824,-0.23021
-0.0011177,0.0062307,-0.18638
-0.0011399,0.0094832,-0.14993
-0.0011493,0.013292,-0.11948
-0.0011479,0.017633,-0.094017
-0.0011351,0.022513,-0.072734
-0.0011226,0.027923,-0.054694
-0.001107,0.033903,-0.039562
-0.001094,0.040482,-0.027058
-0.0010861,0.0477,-0.01702
-0.0010832,0.055618,-0.0093777
-0.00088875,0.051058,-0.0089362
-0.00071985,0.046767,-0.0084795
-0.00057441,0.042734,-0.0080469
-0.00045107,0.038944,-0.0076596
-0.00034567,0.035399,-0.0073119
-0.00025813,0.032078,-0.0069194
-0.00018714,0.02897,-0.006556
-0.00012994,0.026072,-0.0061963
-8.4493e-05,0.023381,-0.0058503
-5.1008e-05,0.020873,-0.0055745
-0.00013664,0.019356,-0.0047499
-0.00026031,0.017948,-0.0039668
-0.00042248,0.01663,-0.0032549
-0.00061927,0.015405,-0.0026335
-0.00085177,0.014257,-0.0020863
-0.0011172,0.013186,-0.0015829
-0.0014147,0.012184,-0.0011457
-0.0017442,0.011246,-0.00079802
-0.0021064,0.010363,-0.00051341
-0.0024983,0.0095351,-0.00028176
-0.0028794,0.0082036,-0.0022551
-0.0032857,0.0069798,-0.0060588
-0.0037205,0.0058511,-0.011655
-0.0041921,0.004807,-0.019169
-0.0047098,0.0038432,-0.028633
-0.0052788,0.0029632,-0.04011
-0.0059045,0.0021742,-0.053754
-0.0066019,0.0014842,-0.069703
-0.0073705,0.000908,-0.087999
-0.008225,0.00045909,-0.10843
-0.008449,0.00089171,-0.12431
-0.0086764,0.0014848,-0.14111
-0.0088999,0.0022514,-0.15879
-0.0091326,0.0032005,-0.17757
-0.0093641,0.0043456,-0.19716
-0.0095971,0.0056969,-0.21763
-0.0098147,0.0072702,-0.23908
-0.010047,0.0090668,-0.26116
-0.010285,0.011098,-0.28363
-0.010506,0.01338,-0.30671
-0.011108,0.015505,-0.34
-0.011747,0.017822,-0.37454
-0.012414,0.02034,-0.41013
-0.01313,0.023053,-0.44604
-0.013879,0.025973,-0.48263
-0.014655,0.029103,-0.51972
-0.015481,0.032435,-0.55701
-0.016333,0.035981,-0.59429
-0.017218,0.039738,-0.63156
-0.018139,0.043704,-0.66966
-0.019063,0.050801,-0.62568
-0.020011,0.058323,-0.58827
-0.020967,0.066275,-0.55629
-0.021948,0.074653,-0.52864
-0.022936,0.083464,-0.50409
-0.023973,0.092694,-0.48206
-0.025027,0.10236,-0.46212
-0.02609,0.11246,-0.44407
-0.02718,0.12299,-0.42755
-0.028294,0.13396,-0.41207
-0.023594,0.12058,-0.38945
-0.019444,0.10829,-0.37014
-0.015803,0.096994,-0.35311
-0.012614,0.08663,-0.33824
-0.0098656,0.077112,-0.32476
-0.0075107,0.068385,-0.31242
-0.0055262,0.060389,-0.30115
-0.0038851,0.053072,-0.29047
-0.0025623,0.04639,-0.28061
-0.0015346,0.0403,-0.27132
-0.0020398,0.044775,-0.24821
-0.0026113,0.049432,-0.22726
-0.003251,0.054272,-0.20815
-0.0039566,0.059303,-0.19042
-0.004729,0.064526,-0.17405
-0.0055678,0.069948,-0.15899
-0.0064749,0.075572,-0.14503
-0.0074533,0.081402,-0.13218
-0.0085,0.087447,-0.12017
-0.0096206,0.093707,-0.10893
-0.012536,0.10838,-0.088297
-0.015879,0.12434,-0.070403
-0.019676,0.14166,-0.054744
-0.023947,0.16042,-0.041225
-0.028717,0.18069,-0.029737
-0.034002,0.20254,-0.020187
-0.039839,0.22603,-0.012536
-0.04624,0.2512,-0.0067695
-0.053216,0.27813,-0.0028121
-0.060807,0.30683,-0.00056597
-0.062546,0.32023,1.4237e-05
-0.064305,0.33391,0.00094058
-0.066114,0.34784,0.0032776
-0.067917,0.36206,0.0069514
-0.069764,0.37653,0.01192
-0.071634,0.39127,0.01803
-0.073536,0.40625,0.025269
-0.075467,0.42149,0.033512
-0.077415,0.43697,0.042679
-0.079379,0.45271,0.052767
-0.077669,0.43713,0.027304
-0.076044,0.42228,0.012108
-0.074509,0.40807,0.0038151
-0.073047,0.39445,0.00035637
-0.071643,0.38138,-0.0003965
-0.070299,0.36881,-0.0030448
-0.069018,0.35671,-0.0077274
-0.067791,0.34505,-0.014078
-0.066608,0.3338,-0.021784
-0.06547,0.32294,-0.030578
-0.054025,0.29599,-0.023076
-0.04403,0.27135,-0.017856
-0.035356,0.24881,-0.014058
-0.027876,0.22815,-0.011152
-0.021496,0.2092,-0.0089484
-0.016109,0.1918,-0.007275
-0.011638,0.17582,-0.0059664
-0.0079988,0.16112,-0.0048748
-0.0051228,0.14759,-0.0039927
-0.0029448,0.13513,-0.0032882
-0.0021222,0.1372,-0.0055856
-0.0014352,0.13929,-0.0083154
-0.0008812,0.1414,-0.011415
-0.00046173,0.14352,-0.014749
-0.00017659,0.14565,-0.018324
-2.5792e-05,0.14779,-0.022172
9.8437e-06,0.14995,-0.026205
0.00012943,0.15212,-0.030307
0.00038431,0.1543,-0.034532
0.00077618,0.1565,-0.038926
0.00079787,0.15377,-0.038755
0.0008204,0.15106,-0.038603
0.00084165,0.14836,-0.038565
0.00086582,0.14567,-0.038515
0.00088894,0.143,-0.038572
0.00091211,0.14035,-0.038805
0.00093674,0.13772,-0.039118
0.00096166,0.1351,-0.039552
0.00098635,0.1325,-0.04001
0.001011,0.12992,-0.040426
0.0013247,0.1233,-0.016159
0.0016699,0.11714,-0.0034525
0.0020462,0.11135,2.5449e-05
0.0024532,0.10587,0.0042126
0.0028906,0.10064,0.014833
0.0033631,0.095611,0.03096
0.0038676,0.090746,0.052061
0.0044103,0.086016,0.077691
0.0049893,0.081399,0.10753
0.0056104,0.076877,0.14108
0.0063125,0.078456,0.08535
0.0070176,0.07998,0.047254
0.0077332,0.081467,0.0222
0.0084621,0.082933,0.0073156
0.0092127,0.084392,0.00066202
0.00999,0.085855,-0.00098682
0.010804,0.087329,-0.0074338
0.011663,0.08882,-0.019298
0.012568,0.09034,-0.036105
0.01353,0.091887,-0.057422
0.015091,0.094232,-0.043954
0.016734,0.096584,-0.033116
0.018457,0.09895,-0.024501
0.020268,0.10133,-0.0177
0.022161,0.10373,-0.01237
0.024142,0.10616,-0.0082209
0.026212,0.10861,-0.0050938
0.028371,0.11109,-0.0028781
0.030619,0.1136,-0.0013642
0.032955,0.11613,-0.00043651
0.029366,0.10814,-0.00027484
0.026048,0.10063,-0.00016241
0.022988,0.09356,-8.0439e-05
0.02017,0.086919,-2.9085e-05
0.017589,0.080677,-4.0776e-06
0.015227,0.074813,2.3931e-06
0.01308,0.069305,2.3086e-05
0.01113,0.064136,6.5638e-05
0.009368,0.059288,0.00013125
0.0077935,0.054737,0.00021373
0.010151,0.055083,1.6432e-05
0.01284,0.05543,-4.0454e-05
0.015873,0.055775,-0.00027532
0.01926,0.05612,-0.00069224
0.023018,0.056462,-0.0012701
0.027142,0.05681,-0.0020045
0.031662,0.057156,-0.0028737
0.036583,0.057502,-0.0039086
0.041922,0.057847,-0.0050753
0.047691,0.058192,-0.0063153
0.04282,0.064623,-0.0066306
0.038211,0.071377,-0.006937
0.033855,0.078464,-0.0073022
0.029754,0.085886,-0.0076631
0.025916,0.093646,-0.0079584
0.022318,0.10176,-0.008382
0.018973,0.11023,-0.0088362
0.015891,0.11907,-0.0092363
0.013068,0.12827,-0.0096468
0.0105,0.13786,-0.010165
0.011376,0.13383,-0.0063595
0.01229,0.12988,-0.0035787
0.013256,0.12601,-0.0015476
0.014249,0.12223,-0.0004465
0.015282,0.11852,-1.2574e-05
0.016349,0.11489,0.00017324
0.017455,0.11133,0.00085798
0.018605,0.10784,0.0020499
0.019793,0.10442,0.003673
0.02102,0.10107,0.0056792
0.017829,0.099728,0.0039247
0.014936,0.098451,0.0025661
0.012345,0.097231,0.0016329
0.010023,0.096064,0.00094515
0.0079647,0.094944,0.0004625
0.006165,0.093871,0.00017943
0.0046108,0.092839,3.3302e-05
0.0032935,0.091844,-1.8125e-06
0.0022073,0.090886,-6.117e-05
0.0013445,0.08996,-0.00019713
0.0012612,0.087553,5.9313e-05
0.0011775,0.085192,0.00080108
0.0010946,0.082878,0.0023072
0.0010147,0.080611,0.0046005
0.00093583,0.078387,0.0075277
0.00085845,0.076205,0.010975
0.00078299,0.074062,0.014899
0.00071081,0.071963,0.019444
0.00064103,0.0699,0.024406
0.00057347,0.067873,0.0296
0.00061387,0.060012,0.024307
0.00065657,0.052879,0.01982
0.00070361,0.046426,0.01625
0.00075429,0.040596,0.013354
0.00080751,0.035337,0.010861
0.00086617,0.030613,0.0088865
0.0009275,0.026375,0.0071607
0.00099212,0.022588,0.0056999
0.0010609,0.019217,0.0044886
0.0011402,0.016237,0.0037635
0.00079403,0.017964,0.0034816
0.0005095,0.019798,0.0031882
0.00028654,0.021741,0.0028594
0.00012744,0.023803,0.0025865
3.1714e-05,0.025985,0.0023246
-7.4513e-09,0.028286,0.0020018
-3.355e-05,0.030721,0.0017497
-0.00013261,0.03329,0.0015391
-0.00029804,0.035997,0.0013439
-0.0005309,0.038843,0.0011677
-0.00015881,0.037611,8.2939e-05
-5.0477e-06,0.0364,-0.0002236
6.4349e-05,0.035206,-0.0014885
0.00033294,0.034032,-0.0038105
0.00080906,0.032877,-0.0071404
0.0014942,0.031743,-0.011337
0.00239,0.030629,-0.016423
0.0034998,0.029533,-0.022448
0.0048335,0.028462,-0.029183
0.006392,0.027408,-0.03679
0.0055988,0.027011,-0.045248
0.004856,0.026617,-0.054151
0.0041602,0.026222,-0.063773
0.0035107,0.025822,-0.074323
0.0029167,0.025431,-0.084935
0.0023699,0.025033,-0.096527
0.0018718,0.024628,-0.10903
0.0014278,0.024222,-0.12209
0.0010481,0.023835,-0.13396
0.00071976,0.023434,-0.1474
0.0015439,0.025074,-0.15576
0.002701,0.026793,-0.16436
0.0042054,0.02859,-0.17324
0.0060747,0.03047,-0.1825
0.0083325,0.032442,-0.19168
0.01099,0.034499,-0.20187
0.014069,0.036647,-0.21219
0.017591,0.038892,-0.22264
0.021573,0.041231,-0.23319
0.026042,0.043675,-0.24345
0.028557,0.043692,-0.18327
0.031108,0.043708,-0.13647
0.033686,0.043711,-0.099582
0.036327,0.043725,-0.07077
0.039006,0.043727,-0.048158
0.041741,0.043725,-0.030674
0.044548,0.043725,-0.017678
0.047419,0.043718,-0.008507
0.050384,0.043718,-0.0028088
0.053433,0.043712,-0.00023412
0.053144,0.054763,-0.0017516
0.05287,0.067332,-0.0046209
0.052592,0.0815,-0.0086711
0.052323,0.097373,-0.013761
0.052056,0.11504,-0.019746
0.051788,0.13457,-0.02656
0.051526,0.15608,-0.034045
0.051275,0.17963,-0.04203
0.051013,0.20526,-0.050291
0.050767,0.23308,-0.059065
0.047925,0.23921,-0.073079
0.045176,0.24541,-0.087954
0.042503,0.25165,-0.10327
0.039912,0.25796,-0.11886
0.037406,0.26432,-0.13486
0.034974,0.27071,-0.15116
0.032634,0.27718,-0.168
0.030363,0.28367,-0.18462
0.028178,0.29021,-0.20151
0.026095,0.29685,-0.21932
0.029297,0.28877,-0.24236
0.032675,0.28092,-0.26542
0.036219,0.27326,-0.28811
0.039926,0.26578,-0.31018
0.043798,0.25849,-0.33197
0.047835,0.25138,-0.35338
0.052029,0.24444,-0.37436
0.05638,0.23766,-0.39477
0.060889,0.23104,-0.41484
0.065548,0.22457,-0.43484
0.067571,0.20601,-0.50087
0.069619,0.18842,-0.56622
0.071697,0.17177,-0.6309
0.073795,0.15602,-0.69426
0.075928,0.14117,-0.75703
0.078089,0.12716,-0.81865
0.080271,0.11399,-0.87922
0.082485,0.10163,-0.93871
0.084727,0.090061,-0.99735
0.086994,0.079264,-1.0555
0.087322,0.079472,-0.96583
0.087702,0.079677,-0.89571
0.088134,0.079885,-0.8394
0.088579,0.080068,-0.79183
0.089087,0.08027,-0.7524
0.089629,0.080472,-0.71885
0.090194,0.080666,-0.68952
0.090774,0.080849,-0.6631
0.091378,0.081028,-0.63946
0.09202,0.081215,-0.61864
0.098218,0.079319,-0.57044
0.10451,0.077513,-0.52778
0.11085,0.075759,-0.48852
0.11725,0.074053,-0.45196
0.12378,0.072448,-0.41916
0.13034,0.070861,-0.38802
0.13697,0.069327,-0.35915
0.1437,0.067851,-0.33249
0.15051,0.066417,-0.30759
0.15738,0.065019,-0.28436
0.16436,0.06438,-0.27172
0.1715,0.063765,-0.25981
0.17873,0.063137,-0.24788
0.18608,0.062516,-0.23659
0.19357,0.061899,-0.22571
0.20118,0.061291,-0.21514
0.2089,0.060679,-0.20483
0.21675,0.060077,-0.19513
0.22473,0.059483,-0.1859
0.23282,0.058887,-0.17679
0.22967,0.060389,-0.1402
0.22671,0.061896,-0.11071
0.22385,0.063376,-0.086516
0.22112,0.064859,-0.066729
0.21849,0.066327,-0.050512
0.21597,0.067797,-0.037293
0.21351,0.069254,-0.026619
0.21114,0.070703,-0.018165
0.20884,0.072154,-0.011614
0.20663,0.073609,-0.0067455
0.21717,0.066899,-0.0040648
0.22798,0.060561,-0.0020324
0.239,0.054553,-0.00066857
0.25026,0.04888,-4.1854e-05
0.26175,0.043533,0.00017495
0.2735,0.038515,0.0010929
0.28551,0.033817,0.002807
0.2978,0.029439,0.0053331
0.31031,0.025367,0.0086873
0.3231,0.021605,0.012817
0.31859,0.020075,0.00011986
0.3143,0.01863,-0.0067433
0.31008,0.017245,-0.028105
0.30593,0.015921,-0.06105
0.30182,0.014654,-0.10347
0.29777,0.013449,-0.15402
0.29371,0.012292,-0.21127
0.28972,0.011199,-0.27438
0.28566,0.010144,-0.34241
0.28164,0.0091497,-0.41528
0.25903,0.0070719,-0.37531
0.23802,0.0053267,-0.34459
0.21847,0.0038786,-0.32045
0.20022,0.0026947,-0.30106
0.18322,0.0017558,-0.28517
0.16738,0.0010384,-0.27197
0.15261,0.00052185,-0.26066
0.13884,0.00018898,-0.25065
0.12602,2.43e-05,-0.24185
0.11409,-1.3152e-05,-0.23415
0.11001,4.8799e-06,-0.18735
0.10607,5.9281e-05,-0.14922
0.10229,0.00016675,-0.11815
0.098645,0.00031897,-0.09272
0.095118,0.00050923,-0.071763
0.0917,0.00073144,-0.054438
0.088396,0.00098205,-0.040301
0.085189,0.0012561,-0.02888
0.082084,0.0015521,-0.019798
0.079072,0.001867,-0.012685
0.080174,0.0024089,-0.018431
0.081293,0.0030219,-0.024929
0.08243,0.0037069,-0.032114
0.083581,0.0044634,-0.039908
0.084752,0.0052939,-0.048237
0.085951,0.0062022,-0.057177
0.087155,0.0071803,-0.066412
0.08839,0.008239,-0.076213
0.089641,0.0093734,-0.08634
0.090909,0.010584,-0.096617
0.092261,0.0084187,-0.10608
0.093616,0.0065006,-0.11513
0.094978,0.0048311,-0.12394
0.096352,0.0034108,-0.13236
0.097736,0.0022383,-0.14056
0.099122,0.0013112,-0.14859
0.10053,0.00063214,-0.15626
0.10194,0.00019789,-0.16366
0.10335,9.0204e-06,-0.17082
0.10478,-6.4875e-05,-0.17795
0.10027,-2.9022e-05,-0.13616
0.096007,-7.2916e-06,-0.10299
0.091997,5.7964e-09,-0.076594
0.088171,7.9862e-06,-0.055624
0.084527,3.1233e-05,-0.039037
0.081051,7.0064e-05,-0.026152
0.077732,0.00012492,-0.016386
0.074558,0.00019637,-0.0092569
0.071506,0.00028374,-0.0042967
0.068578,0.00038821,-0.0013092
0.061548,0.00054423,-0.00041958
0.05507,0.0007218,-3.2622e-05
0.049088,0.00091569,7.653e-05
0.043587,0.0011263,0.00052502
0.038529,0.0013501,0.0013383
0.03389,0.0015863,0.0024956
0.029646,0.001834,0.0039592
0.025767,0.0020909,0.0056567
0.022238,0.002358,0.0075943
0.019028,0.0026326,0.0096711
0.020377,0.0038062,0.0042805
0.021778,0.0052047,0.0010854
0.023243,0.0068503,4.2887e-07
0.02478,0.0087689,-0.0010072
0.026399,0.010991,-0.0041214
0.028106,0.013549,-0.0093204
0.029912,0.016479,-0.016648
0.031827,0.019819,-0.026111
0.033849,0.023599,-0.037636
0.03599,0.027859,-0.051187
0.035484,0.02536,-0.037565
0.034997,0.02303,-0.026762
0.034527,0.020859,-0.018265
0.034072,0.018832,-0.011636
0.033633,0.016944,-0.0067054
0.033206,0.015183,-0.0032122
0.032791,0.013543,-0.0010512
0.032388,0.012017,-8.6685e-05
0.031994,0.010599,0.0001709
0.031607,0.0092819,0.0012314
0.030223,0.0080444,0.0015702
0.028879,0.0069197,0.0019043
0.027571,0.0059005,0.0022546
0.026306,0.0049833,0.0026554
0.025072,0.0041591,0.0030511
0.023876,0.0034249,0.0034337
0.022717,0.0027755,0.0038156
0.021594,0.0022059,0.0041639
0.020504,0.0017115,0.0045177
0.019447,0.0012879,0.0049078
0.017364,0.0012637,0.00145
0.015479,0.0012425,6.4246e-05
0.013765,0.0012238,-0.00041722
0.012196,0.0012069,-0.0022421
0.01075,0.0011911,-0.0053524
0.0094122,0.0011762,-0.0096793
0.0081652,0.0011615,-0.01515
0.006999,0.0011464,-0.021694
0.0059101,0.0011308,-0.029446
0.0048941,0.0011142,-0.038416
0.0059207,0.00071692,-0.033949
0.007033,0.00040946,-0.029936
0.0082345,0.00018871,-0.026302
0.0095258,5.2694e-05,-0.022868
0.010913,6.1256e-07,-0.019749
0.012401,-3.2631e-05,-0.016797
0.013994,-0.00014987,-0.014107
0.015701,-0.00035436,-0.011719
0.017527,-0.00064895,-0.0095576
0.019481,-0.0010371,-0.0075645
0.019117,-0.00047496,-0.015909
0.018762,-0.00012662,-0.027343
0.018399,-2.2873e-07,-0.041886
0.018039,0.00011232,-0.059814
0.017674,0.0004857,-0.081106
0.017304,0.001148,-0.10569
0.016932,0.0021295,-0.13372
0.016558,0.0034624,-0.16509
0.016184,0.0051793,-0.19978
0.015807,0.0073136,-0.23738
0.018127,0.0085582,-0.24209
0.020632,0.0099124,-0.24741
0.023336,0.011378,-0.25316
0.026245,0.012958,-0.259
0.029362,0.014656,-0.26518
0.032699,0.016472,-0.272
0.036258,0.018412,-0.2791
0.040054,0.020476,-0.28629
0.044091,0.022665,-0.29372
0.048369,0.024985,-0.3017
0.04569,0.022956,-0.33609
0.04307,0.021013,-0.37021
0.040523,0.019153,-0.40428
0.038043,0.017378,-0.43806
0.035626,0.015692,-0.47186
0.03328,0.014091,-0.50569
0.031014,0.012575,-0.53921
0.028815,0.011148,-0.5732
0.026691,0.009807,-0.60697
0.024637,0.0085547,-0.64022
0.027858,0.0081651,-0.55199
0.031159,0.0077915,-0.4796
0.034539,0.0074318,-0.41878
0.038003,0.0070842,-0.36655
0.041547,0.0067486,-0.32143
0.045166,0.0064251,-0.2824
0.048874,0.0061111,-0.24813
0.052659,0.0058085,-0.21788
0.056533,0.005515,-0.191
0.060492,0.0052312,-0.16677
0.057043,0.0095301,-0.14842
0.053748,0.015001,-0.13207
0.050576,0.021617,-0.1175
0.047512,0.02937,-0.10436
0.044554,0.038267,-0.092482
0.041689,0.048332,-0.081551
0.0389,0.059607,-0.071655
0.036194,0.072135,-0.062631
0.033558,0.085976,-0.054394
0.030993,0.10119,-0.047026
0.024586,0.10239,-0.059917
0.018954,0.1036,-0.073115
0.01407,0.10481,-0.086315
0.0099243,0.10602,-0.099248
0.0065056,0.10724,-0.11195
0.0038105,0.10847,-0.12452
0.0018302,0.1097,-0.13672
0.00056808,0.11094,-0.1487
2.4078e-05,0.11219,-0.16061
-0.00019885,0.11344,-0.17181
-0.0001861,0.12461,-0.17346
-0.00017367,0.13638,-0.17509
-0.00016221,0.14877,-0.17673
-0.00015021,0.16178,-0.17822
-0.00013826,0.17541,-0.17962
-0.0001269,0.18966,-0.18097
-0.00011655,0.20454,-0.18252
-0.00010593,0.22005,-0.18412
-9.5411e-05,0.23619,-0.18573
-8.5728e-05,0.25295,-0.1875
-8.9144e-05,0.24295,-0.17031
-9.3183e-05,0.23333,-0.15523
-9.7709e-05,0.22407,-0.14201
-0.00010186,0.21516,-0.13038
-0.00010675,0.20657,-0.12005
-0.00011233,0.19829,-0.11088
-0.00011711,0.19031,-0.10277
-0.00012312,0.1826,-0.095264
-0.0001291,0.17515,-0.088455
-0.00013531,0.16797,-0.082091
-2.1971e-05,0.17173,-0.06712
4.8899e-06,0.17551,-0.05409
8.2025e-05,0.1793,-0.042965
0.00025287,0.18314,-0.033417
0.00051723,0.18702,-0.025301
0.00087347,0.19092,-0.018629
0.0013209,0.19484,-0.013139
0.0018607,0.1988,-0.0087814
0.0024904,0.20279,-0.0053696
0.0032124,0.20681,-0.0028256
0.0035277,0.20111,-0.0008295
0.0038516,0.19561,-2.9845e-05
0.0041854,0.1903,0.00028333
0.0045234,0.18514,0.0014262
0.0048697,0.18014,0.0033439
0.0052356,0.17537,0.0058967
0.0056036,0.1707,0.0090322
0.0059804,0.16618,0.01278
0.0063625,0.16177,0.017027
0.0067567,0.15752,0.021806
0.0085647,0.17008,0.013568
0.010627,0.18327,0.0075955
0.012941,0.19702,0.0035311
0.015526,0.21139,0.0011199
0.018396,0.22639,8.1613e-05
0.021549,0.24198,-0.00020814
0.025015,0.25825,-0.0013607
0.028798,0.27516,-0.0033983
0.032894,0.29266,-0.0061533
0.037335,0.31085,-0.0096119
0.037865,0.30021,-0.0062845
0.038394,0.28997,-0.0039665
0.038916,0.28008,-0.0023434
0.039441,0.27057,-0.0012739
0.039961,0.26137,-0.00058196
0.040478,0.25249,-0.00018661
0.04099,0.24389,-1.5539e-05
0.041497,0.23558,2.7868e-05
0.042013,0.22758,0.0001817
0.042518,0.21981,0.00046959
0.042203,0.20186,0.0040186
0.041895,0.18512,0.010321
0.041588,0.16949,0.018831
0.041297,0.15491,0.028942
0.041021,0.14133,0.040258
0.04074,0.1286,0.052878
0.040474,0.11673,0.066238
0.040208,0.10562,0.080474
0.039949,0.095258,0.095329
0.039695,0.085581,0.11066
0.033724,0.086395,0.11481
0.028305,0.08724,0.11859
0.023401,0.088051,0.12317
0.018999,0.088857,0.12815
0.015088,0.089674,0.13316
0.011647,0.090481,0.13866
0.0086687,0.091292,0.14424
0.006139,0.092087,0.15003
0.0040535,0.092894,0.15573
0.0024032,0.093686,0.16167
0.0020213,0.095198,0.15352
0.0016756,0.096745,0.14582
0.0013632,0.098287,0.13902
0.0010837,0.099825,0.13305
0.00083763,0.10138,0.12738
0.0006252,0.10299,0.12179
0.00044388,0.10458,0.11682
0.00029388,0.10618,0.11205
0.00017499,0.10779,0.10759
8.7326e-05,0.10943,0.10315
5.7763e-05,0.11651,0.11361
3.4813e-05,0.12392,0.12401
1.7801e-05,0.1316,0.13462
6.5854e-06,0.13958,0.14507
8.7433e-07,0.14784,0.15556
-4.5849e-07,0.15638,0.16624
-5.0247e-06,0.16526,0.17628
-1.4274e-05,0.17443,0.18604
-2.8207e-05,0.18385,0.19608
-4.6535e-05,0.19355,0.20619
-9.113e-06,0.18661,0.16214
4.5808e-07,0.17999,0.12676
1.8281e-05,0.17367,0.098143
6.028e-05,0.16757,0.075168
0.00012492,0.16172,0.056435
0.00021012,0.15606,0.041587
0.00031558,0.15064,0.029481
0.00043928,0.1454,0.019914
0.00058072,0.14034,0.01251
0.00073832,0.13543,0.0071096
0.00029372,0.13877,0.010247
4.9805e-05,0.14212,0.013742
-9.2141e-06,0.14556,0.017251
-0.00017333,0.14904,0.020883
-0.00054584,0.1525,0.02471
-0.0011263,0.15608,0.028139
-0.00192,0.15965,0.031618
-0.0029284,0.16326,0.034919
-0.0041551,0.1669,0.038199
-0.0055988,0.1706,0.041223
-0.0041273,0.17848,0.032891
-0.0028797,0.18648,0.025852
-0.0018551,0.19463,0.020016
-0.0010508,0.20301,0.014959
-0.00047426,0.21144,0.011078
-0.00012258,0.2201,0.0077333
-1.0519e-07,0.22892,0.0050864
0.00010966,0.2379,0.0030772
0.00045475,0.24708,0.0016009
0.0010382,0.2564,0.000651
0.0019081,0.26694,0.0029373
0.0030472,0.27769,0.0065453
0.0044599,0.28865,0.011143
0.0061531,0.29985,0.01655
0.0081289,0.31126,0.022552
0.010391,0.32287,0.029164
0.012944,0.33467,0.03612
0.0158,0.34677,0.043515
0.018949,0.359,0.051044
0.022406,0.37148,0.058705
0.018361,0.37021,0.07018
0.01474,0.36895,0.081886
0.011537,0.3677,0.094004
0.0087413,0.36647,0.10673
0.0063429,0.3652,0.11969
0.0043445,0.36405,0.13332
0.0027281,0.36286,0.14711
0.0014924,0.3617,0.16145
0.00062989,0.36054,0.17605
0.0001349,0.35937,0.19061
-0.00011665,0.35581,0.15825
-0.0010837,0.35246,0.13237
-0.0030005,0.34933,0.11142
-0.0058406,0.34634,0.09427
-0.0095845,0.34348,0.079804
-0.014199,0.34082,0.067984
-0.019684,0.33824,0.05775
-0.026024,0.33576,0.049068
-0.03321,0.33337,0.041506
-0.041235,0.33105,0.034885
-0.037828,0.33149,0.028831
-0.034593,0.33193,0.023575
-0.031533,0.33235,0.018957
-0.028642,0.33274,0.015012
-0.025916,0.33311,0.011601
-0.02335,0.33345,0.0087199
-0.020936,0.33378,0.0063419
-0.018676,0.33408,0.0043216
-0.016555,0.33438,0.0027764
-0.014582,0.33464,0.0015704
-0.014484,0.34375,0.00030156
-0.014386,0.35293,-1.6201e-05
-0.014285,0.36217,-0.00060359
-0.014187,0.37147,-0.002011
-0.014086,0.38084,-0.0041508
-0.013984,0.39027,-0.0070029
-0.013883,0.39975,-0.010512
-0.013779,0.40929,-0.014534
-0.013678,0.41888,-0.019161
-0.013572,0.42853,-0.024249
-0.013445,0.43036,-0.0077278
-0.013326,0.4322,-0.00075617
-0.01321,0.43406,0.00073913
-0.013099,0.43592,0.0059265
-0.012984,0.43781,0.015238
-0.012873,0.43969,0.027702
-0.012765,0.44158,0.042723
-0.012657,0.44347,0.059786
-0.012548,0.44536,0.0787
-0.012443,0.44724,0.099217
-0.01618,0.45825,0.097275
-0.020403,0.46932,0.09667
-0.025112,0.48043,0.09701
-0.030304,0.49159,0.098136
-0.035978,0.5028,0.099803
-0.042134,0.51406,0.10176
-0.048774,0.52535,0.10387
-0.055883,0.53667,0.10642
-0.063465,0.54803,0.10914
-0.071518,0.55941,0.11201
-0.054565,0.56285,0.14401
-0.040037,0.56631,0.17619
-0.027852,0.56977,0.20849
-0.017941,0.57325,0.24104
-0.010242,0.57672,0.27422
-0.0047181,0.5802,0.30677
-0.0013202,0.58367,0.33961
-1.7101e-05,0.58713,0.37217
0.00077969,0.5906,0.40449
0.0035869,0.59404,0.43691
0.002545,0.59165,0.35359
0.0016959,0.58945,0.29085
0.0010278,0.58741,0.24196
0.00053136,0.58551,0.20285
0.00020091,0.58372,0.17099
2.9115e-05,0.58204,0.14448
-1.0774e-05,0.58045,0.12214
-0.00014065,0.57895,0.10307
-0.00041496,0.57754,0.08649
-0.00082779,0.57619,0.072277
-0.00069526,0.54688,0.07366
-0.00057715,0.51909,0.074043
-0.00047319,0.49275,0.073561
-0.00038211,0.46774,0.072569
-0.00030252,0.44399,0.07133
-0.00023392,0.42143,0.06982
-0.00017574,0.39997,0.068162
-0.00012717,0.37956,0.066349
-8.7515e-05,0.36014,0.064518
-5.5652e-05,0.34164,0.062917
-0.00031284,0.35067,0.089686
-0.0007817,0.3598,0.11823
-0.0014629,0.36901,0.14806
-0.0023587,0.37831,0.17863
-0.0034726,0.38771,0.20924
-0.004804,0.39718,0.23988
-0.0063474,0.40672,0.27099
-0.008117,0.41635,0.30111
-0.0101,0.42604,0.3313
-0.012304,0.4358,0.36083
-0.018514,0.43875,0.29899
-0.025891,0.44173,0.25131
-0.034414,0.44473,0.21337
-0.044066,0.44775,0.18241
-0.054835,0.45077,0.15674
-0.066714,0.45379,0.13522
-0.079699,0.45682,0.1168
-0.09378,0.45984,0.10084
-0.10896,0.46285,0.086918
-0.12523,0.46587,0.074594
-0.12907,0.44577,0.075401
-0.13297,0.42644,0.07546
-0.1369,0.40783,0.075072
-0.14088,0.38992,0.074179
-0.14489,0.37266,0.073116
-0.14896,0.35604,0.071854
-0.15306,0.34002,0.070528
-0.15721,0.32458,0.069315
-0.16139,0.3097,0.068151
-0.16561,0.29535,0.067125
-0.15773,0.2759,0.04869
-0.15027,0.25771,0.034811
-0.14321,0.24066,0.024296
-0.13649,0.22468,0.016513
-0.13011,0.20968,0.010657
-0.12405,0.19559,0.0063727
-0.11829,0.18235,0.0033445
-0.11278,0.16992,0.001423
-0.10755,0.15822,0.00034635
-0.10256,0.14722,2.6551e-07
-0.106,0.14412,0.00010697
-0.10948,0.14106,0.00034075
-0.113,0.13804,0.00064067
-0.11656,0.13506,0.00095566
-0.12015,0.13211,0.0012692
-0.12377,0.12921,0.001598
-0.12743,0.12634,0.0019062
-0.13113,0.12352,0.0021827
-0.13486,0.12072,0.0024309
-0.13862,0.11797,0.0026776
-0.14339,0.12419,0.0046647
-0.14823,0.13058,0.0069054
-0.15315,0.13712,0.00931
-0.15815,0.14383,0.01187
-0.16323,0.15068,0.014459
-0.16838,0.15769,0.017017
-0.1736,0.16484,0.019538
-0.1789,0.17213,0.022033
-0.18427,0.17957,0.024474
-0.18972,0.18714,0.026796
-0.18804,0.19552,0.014573
-0.18639,0.20397,0.0067641
-0.18474,0.21256,0.0022737
-0.18309,0.22125,0.00025372
-0.18146,0.23002,-0.00017636
-0.17982,0.23892,-0.0016064
-0.17819,0.24792,-0.0042344
-0.17657,0.25702,-0.0078628
-0.17495,0.2662,-0.012319
-0.17332,0.27551,-0.017414
-0.16222,0.28316,-0.020611
-0.15158,0.29081,-0.024193
-0.1414,0.29846,-0.02808
-0.13165,0.3061,-0.032176
-0.12232,0.31378,-0.036472
-0.1134,0.32146,-0.041055
-0.10489,0.32913,-0.045851
-0.096764,0.33681,-0.050764
-0.089018,0.34451,-0.055807
-0.081643,0.35218,-0.060955
-0.077258,0.34342,-0.041373
-0.073067,0.33503,-0.027226
-0.069057,0.32699,-0.016987
-0.065219,0.31924,-0.0097617
-0.061544,0.31174,-0.0048546
-0.058024,0.30452,-0.0018271
-0.05465,0.29758,-0.00029548
-0.051416,0.29091,5.0826e-05
-0.048318,0.28442,0.00091969
-0.045351,0.27814,0.0027852
-0.043795,0.25424,-0.0010912
-0.042379,0.23197,-0.01198
-0.041077,0.2112,-0.031899
-0.039873,0.19177,-0.058711
-0.03875,0.17361,-0.090833
-0.037696,0.15658,-0.12744
-0.036696,0.14067,-0.16772
-0.035743,0.12575,-0.21068
-0.034829,0.11177,-0.25628
-0.033945,0.098729,-0.30387
-0.029886,0.11166,-0.20751
-0.026157,0.12503,-0.13721
-0.02272,0.13883,-0.085937
-0.019548,0.15318,-0.049172
-0.016622,0.16811,-0.024003
-0.013928,0.18377,-0.0083538
-0.011464,0.20009,-0.00096029
-0.0092239,0.21721,0.00071896
-0.0072112,0.23515,0.0067864
-0.0054296,0.25394,0.018549
-0.0061797,0.25919,0.018172
-0.0069774,0.26444,0.01818
-0.0078222,0.26974,0.018562
-0.0087137,0.27509,0.019284
-0.0096517,0.28047,0.020285
-0.010636,0.28586,0.021434
-0.011667,0.29128,0.022794
-0.012744,0.29672,0.024256
-0.013865,0.30215,0.025892
-0.015032,0.30765,0.027746
-0.011715,0.30121,0.023559
-0.0088595,0.29485,0.020244
-0.0064407,0.28877,0.017568
-0.0044378,0.28278,0.015506
-0.0028303,0.27688,0.013813
-0.0015994,0.27112,0.01237
-0.00072782,0.26553,0.011129
-0.00020027,0.26007,0.010136
-2.2634e-06,0.25469,0.0092885
0.0001204,0.24938,0.0085781
0.00043655,0.26421,0.010129
0.00095381,0.27946,0.011637
0.0016764,0.2952,0.013146
0.0026085,0.31144,0.014564
0.0037538,0.32816,0.015956
0.0051157,0.34532,0.017386
0.0066977,0.36291,0.018789
0.0085035,0.38099,0.020119
0.010537,0.39956,0.021379
0.012799,0.41851,0.022718
0.0085073,0.41084,0.02208
0.0051279,0.40333,0.021553
0.0026257,0.39602,0.021166
0.00096826,0.3889,0.020947
0.00012597,0.382,0.020847
-7.1655e-05,0.37521,0.02072
-0.00078154,0.36857,0.020647
-0.0022338,0.36206,0.020704
-0.004409,0.35567,0.020793
-0.0072889,0.34944,0.020995
-0.0058891,0.34558,0.02301
-0.0046518,0.34186,0.024959
-0.0035721,0.33821,0.026769
-0.0026434,0.33475,0.028526
-0.0018622,0.33136,0.030163
-0.0012236,0.32805,0.031617
-0.00072291,0.32487,0.033008
-0.00035623,0.32177,0.034287
-0.00011963,0.31876,0.035513
-9.4561e-06,0.31584,0.036841
-0.0002549,0.31454,0.017996
-0.00082419,0.3132,0.0066061
-0.0017082,0.31185,0.0010382
-0.0028987,0.31055,-0.00018756
-0.0043924,0.30918,-0.0032581
-0.0061844,0.30781,-0.0096258
-0.0082714,0.30644,-0.018819
-0.010652,0.30507,-0.03055
-0.013323,0.30371,-0.044493
-0.016286,0.30232,-0.060369
-0.012921,0.30922,-0.060932
-0.0099546,0.31611,-0.062217
-0.0073792,0.32305,-0.06398
-0.0051935,0.32999,-0.066038
-0.0033942,0.33694,-0.068433
-0.0019786,0.34389,-0.071057
-0.00094286,0.35092,-0.073739
-0.00028769,0.35792,-0.076793
-1.0415e-05,0.36495,-0.079962
0.00011005,0.37199,-0.083463
0.00026136,0.40199,-0.082338
0.00047885,0.4333,-0.081481
0.00076385,0.4659,-0.08072
0.0011177,0.49978,-0.079924
0.0015416,0.53493,-0.079169
0.0020364,0.5713,-0.078498
0.0026043,0.60891,-0.077858
0.0032446,0.64766,-0.077052
0.0039604,0.6876,-0.076216
0.0047505,0.72862,-0.075214
0.0044918,0.74745,-0.068941
0.0042398,0.76638,-0.063853
0.0039961,0.78545,-0.059584
0.003758,0.80458,-0.055902
0.0035275,0.82384,-0.052674
0.0033068,0.84325,-0.049793
0.0030912,0.86272,-0.047264
0.0028834,0.8823,-0.045094
0.0026827,0.90198,-0.043103
0.0024882,0.92172,-0.04115
0.0034626,0.92796,-0.02168
0.0045886,0.93419,-0.0097683
0.0058628,0.94039,-0.0031324
0.0072828,0.94658,-0.00030603
0.0088455,0.95273,0.00031638
0.010552,0.95889,0.0025855
0.012397,0.96501,0.0066846
0.014378,0.9711,0.012255
0.016492,0.97716,0.019066
0.018743,0.98321,0.026819
0.022846,0.99405,0.013934
0.027329,1.005,0.0067896
0.032178,1.016,0.0028866
0.03739,1.027,0.00088818
0.042956,1.0381,8.9419e-05
0.048878,1.0493,-7.2533e-05
0.055143,1.0605,-0.00059993
0.061746,1.0718,-0.0014998
0.068687,1.0831,-0.0026785
0.075955,1.0944,-0.004005
0.07333,1.0779,-0.00085656
0.070834,1.062,-7.0259e-06
0.068463,1.0469,0.00036096
0.066207,1.0325,0.0013706
0.06406,1.0186,0.0027655
0.062014,1.0053,0.0043719
0.060059,0.9926,0.0061343
0.0582,0.98036,0.008056
0.05642,0.96859,0.010063
0.054719,0.95726,0.012074
0.048226,0.93978,0.0088726
0.042229,0.92286,0.0068639
0.036713,0.90646,0.0055102
0.031658,0.89056,0.0045173
0.027039,0.87513,0.0037888
0.02284,0.86013,0.0032677
0.019046,0.84555,0.0028654
0.01564,0.83136,0.0025749
0.012606,0.81754,0.0023433
0.0099303,0.80407,0.002145
0.013843,0.78658,0.0024383
0.018341,0.76971,0.0025733
0.023389,0.75339,0.0026153
0.028978,0.73761,0.0025565
0.035081,0.72233,0.0024532
0.041682,0.70752,0.0023336
0.048764,0.69315,0.0021901
0.056315,0.6792,0.002015
0.064315,0.66565,0.0018354
0.072758,0.65248,0.0016657
0.077651,0.70441,0.00017525
0.082749,0.75835,-0.00012721
0.08805,0.81425,-0.0011016
0.093557,0.87203,-0.002779
0.099268,0.93162,-0.0049673
0.10518,0.99293,-0.0075248
0.11129,1.0559,-0.010379
0.1176,1.1204,-0.013559
0.12409,1.1863,-0.01693
0.13078,1.2536,-0.020395
0.10851,1.2124,-0.0086049
0.088783,1.1733,-0.002875
0.071435,1.1362,-0.00043712
0.056289,1.101,5.4262e-05
0.043213,1.0673,0.0010609
0.03208,1.0352,0.0030555
0.022772,1.0045,0.0058043
0.015184,0.97499,0.0092197
0.009225,0.9467,0.013161
0.0048076,0.91949,0.017593
-0.00057317,0.67404,0.0092837
-0.00060349,0.64726,0.0093783
-0.0006367,0.62167,0.0096868
-0.00067241,0.59722,0.010142
-0.00070931,0.57387,0.010647
-0.00074999,0.55148,0.011295
-0.00079298,0.53005,0.011969
-0.00083915,0.5095,0.012751
-0.00088827,0.48979,0.013599
-0.00093989,0.47088,0.014474
-0.00090613,0.45581,0.021212
-0.00087264,0.44123,0.028498
-0.00083947,0.42713,0.036094
-0.00080687,0.41347,0.043794
-0.0007744,0.40025,0.051602
-0.00074242,0.38744,0.059703
-0.00071095,0.37502,0.067906
-0.00067985,0.363,0.076307
-0.00064938,0.35132,0.084769
-0.00061923,0.34,0.093189
-0.0013192,0.3665,0.097926
-0.0022907,0.39413,0.10271
-0.0035401,0.42288,0.10746
-0.0050732,0.45274,0.11198
-0.0068959,0.48365,0.11634
-0.0090121,0.51565,0.12035
-0.011426,0.54864,0.12432
-0.014141,0.58261,0.12826
-0.017159,0.61762,0.13201
-0.020482,0.65351,0.13582
-0.022061,0.65024,0.1125
-0.02368,0.64701,0.094331
-0.025338,0.64378,0.079932
-0.027033,0.64055,0.068221
-0.028769,0.63742,0.058404
-0.030539,0.63426,0.050289
-0.032346,0.63111,0.043366
-0.034187,0.62798,0.037603
-0.036061,0.62485,0.032584
-0.03797,0.62175,0.028234
-0.034612,0.61406,0.011424
-0.031474,0.6067,0.0026421
-0.028544,0.5997,3.7315e-07
-0.025804,0.59296,-0.0022005
-0.023247,0.58653,-0.008374
-0.02086,0.58033,-0.017912
-0.018635,0.57437,-0.03032
-0.016565,0.56863,-0.045107
-0.014642,0.56307,-0.062036
-0.012858,0.55768,-0.080747
-0.006797,0.58033,-0.064459
-0.0026608,0.60314,-0.052079
-0.00043176,0.62612,-0.04236
9.9755e-05,0.64933,-0.034485
0.0016599,0.67272,-0.028047
0.0051117,0.69631,-0.022765
0.010458,0.72009,-0.018322
0.017703,0.74403,-0.014516
0.026852,0.76815,-0.011277
0.037908,0.79248,-0.0085625
0.042652,0.75721,-0.0087023
0.047575,0.72372,-0.0088865
0.052672,0.69182,-0.0091441
0.057932,0.66142,-0.0095399
0.063345,0.63244,-0.0099989
0.068905,0.60473,-0.010543
0.074608,0.57821,-0.011116
0.080428,0.55298,-0.011768
0.086387,0.5287,-0.012415
0.092463,0.50545,-0.013032
0.087895,0.49386,-0.044106
0.083526,0.48257,-0.087193
0.079314,0.47172,-0.13858
0.075268,0.46112,-0.19622
0.071365,0.45082,-0.25854
0.067604,0.44076,-0.32456
0.063979,0.43091,-0.39373
0.060479,0.42131,-0.46525
0.057098,0.41195,-0.53872
0.05384,0.40277,-0.61438
0.051517,0.39109,-0.45251
0.04932,0.37998,-0.33776
0.047238,0.3693,-0.25318
0.045252,0.35906,-0.18912
0.043333,0.34936,-0.14013
0.041501,0.33992,-0.10204
0.039747,0.33076,-0.072294
0.038054,0.32194,-0.049392
0.036432,0.31333,-0.031784
0.034865,0.305,-0.018746
0.033072,0.32027,-0.01576
0.031325,0.33584,-0.012699
0.029625,0.35169,-0.0097717
0.027971,0.3678,-0.0070575
0.026359,0.38425,-0.004693
0.024796,0.40092,-0.0028035
0.023276,0.4179,-0.0013818
0.021805,0.4351,-0.00044937
0.02038,0.45256,-2.6524e-05
0.019003,0.47025,0.00012757
0.018847,0.48778,-1.3559e-08
0.018693,0.50551,-9.4257e-05
0.018539,0.52344,-0.00032648
0.018388,0.54151,-0.0006665
0.018239,0.55973,-0.0010749
0.018088,0.57816,-0.0015492
0.017941,0.59667,-0.0020635
0.017794,0.61534,-0.0025994
0.017651,0.63408,-0.003163
0.017506,0.65297,-0.003729
0.017477,0.63792,-0.0085835
0.017459,0.62354,-0.014286
0.017451,0.60983,-0.020397
0.017451,0.59674,-0.026606
0.017464,0.58416,-0.032899
0.017482,0.5722,-0.039172
0.01751,0.56072,-0.045441
0.017548,0.54968,-0.051756
0.017593,0.5391,-0.057998
0.017646,0.52893,-0.064003
0.01494,0.53013,-0.071254
0.012474,0.53128,-0.0791
0.010241,0.53244,-0.087379
0.0082407,0.53347,-0.095855
0.0064651,0.53457,-0.10456
0.004913,0.5356,-0.11377
0.0035803,0.53658,-0.12319
0.0024637,0.53747,-0.13263
0.0015585,0.53842,-0.14227
0.0008631,0.53927,-0.15212
0.00076075,0.51229,-0.12994
0.00066664,0.48679,-0.11219
0.00058092,0.46251,-0.097784
0.00050273,0.43944,-0.085629
0.0004317,0.41751,-0.075317
0.00036749,0.39661,-0.06651
0.0003096,0.37674,-0.058804
0.00025776,0.35778,-0.051939
0.00021161,0.33971,-0.045862
0.00017085,0.32245,-0.04044
7.8839e-05,0.30785,-0.030019
2.2922e-05,0.29396,-0.021775
6.2962e-07,0.28071,-0.015355
-9.6599e-06,0.26804,-0.010365
-4.788e-05,0.2559,-0.0066415
-0.00011339,0.24434,-0.0038083
-0.00020436,0.23329,-0.0018442
-0.00031911,0.22269,-0.00064316
-0.00045607,0.21253,-7.6241e-05
-0.00061383,0.20282,5.2482e-05
-0.00013229,0.20092,-4.1773e-05
2.7906e-06,0.19903,-0.00036398
0.00021751,0.19719,-0.00090329
0.0007696,0.19538,-0.0016068
0.001653,0.1936,-0.0024091
0.0028626,0.19184,-0.0032501
0.0043938,0.19009,-0.00416
0.0062427,0.18836,-0.0050552
0.0084058,0.18666,-0.0059167
0.010881,0.18499,-0.0067192
0.011747,0.18057,-0.0049814
0.012634,0.17619,-0.0036245
0.013541,0.17188,-0.0025457
0.014466,0.16765,-0.0016591
0.015409,0.16346,-0.0010099
0.016368,0.15934,-0.00054449
0.017344,0.15525,-0.00023942
0.018335,0.15125,-5.813e-05
0.01934,0.1473,-3.4373e-08
0.02036,0.14343,5.6374e-05
0.022346,0.13256,0.0026767
0.024389,0.12238,0.0087332
0.026492,0.11281,0.017538
0.028655,0.10381,0.028813
0.030881,0.095318,0.04213
0.033172,0.087287,0.057003
0.035531,0.079693,0.073454
0.037961,0.072501,0.091017
0.040465,0.0657,0.10994
0.043045,0.05926,0.12996
0.04268,0.055022,0.12378
0.042329,0.051014,0.11856
0.04199,0.047226,0.11432
0.041663,0.043653,0.11137
0.041347,0.040271,0.10879
0.041043,0.037088,0.10766
0.040746,0.034068,0.10604
0.04046,0.031223,0.10509
0.040182,0.02854,0.1044
0.039912,0.02601,0.10377
0.038951,0.02804,0.088591
0.038016,0.03009,0.075636
0.037104,0.032162,0.064503
0.036212,0.034252,0.054404
0.03534,0.036366,0.045711
0.034485,0.038504,0.038033
0.033648,0.04067,0.031399
0.032826,0.042861,0.025477
0.032018,0.045081,0.020325
0.031224,0.047332,0.015863
0.033286,0.050056,0.024863
0.035449,0.052906,0.035735
0.037716,0.055881,0.048151
0.040092,0.05899,0.061965
0.042577,0.062229,0.07694
0.045181,0.065611,0.093207
0.047897,0.069125,0.11029
0.050733,0.072781,0.12857
0.053686,0.07657,0.14741
0.056759,0.080496,0.16714
0.050659,0.082041,0.17079
0.044956,0.083552,0.17443
0.039642,0.085039,0.17858
0.034703,0.086502,0.18299
0.030122,0.087931,0.18724
0.025895,0.089337,0.19162
0.022017,0.090735,0.19647
0.01847,0.092101,0.20073
0.015251,0.093445,0.20515
0.012355,0.094776,0.20933
0.016371,0.10583,0.21516
0.021043,0.11766,0.22026
0.0264,0.13027,0.22511
0.032474,0.14367,0.22954
0.039291,0.15787,0.23391
0.046881,0.17289,0.23803
0.055272,0.18873,0.24178
0.06449,0.20539,0.24491
0.074558,0.22289,0.2475
0.085497,0.24122,0.24953
0.093699,0.22187,0.24805
0.10217,0.2037,0.24764
0.11089,0.18661,0.24805
0.11988,0.17055,0.24895
0.12912,0.15545,0.25046
0.13861,0.14125,0.25225
0.14837,0.12792,0.25384
0.15838,0.11541,0.25504
0.16864,0.10367,0.25696
0.17916,0.092684,0.25917
0.19385,0.091226,0.23074
0.20909,0.089779,0.20514
0.22486,0.088327,0.18299
0.24119,0.086882,0.16325
0.25808,0.085439,0.14559
0.27554,0.083998,0.1299
0.29357,0.08256,0.11569
0.31218,0.081125,0.10266
0.33139,0.079698,0.090611
0.35118,0.078269,0.079892
0.34773,0.074163,0.11708
0.34432,0.0702,0.15615
0.34093,0.066372,0.19608
0.3376,0.062693,0.23549
0.3343,0.059141,0.27489
0.33102,0.055719,0.31372
0.32779,0.052422,0.35225
0.32458,0.049254,0.39031
0.32142,0.046208,0.4279
0.31828,0.043279,0.46505
0.32803,0.049109,0.42303
0.33789,0.055227,0.3898
0.34787,0.061632,0.36255
0.35797,0.068319,0.33983
0.36821,0.075296,0.31963
0.37858,0.082542,0.30275
0.38907,0.090059,0.28781
0.39968,0.097832,0.27456
0.41042,0.10587,0.26199
0.42129,0.11416,0.25094
0.39259,0.11181,0.23659
0.3656,0.10949,0.22357
0.34023,0.1072,0.21165
0.31637,0.10492,0.20078
0.29392,0.10267,0.19078
0.27282,0.10045,0.18114
0.25298,0.098253,0.17228
0.23432,0.096082,0.16385
0.21678,0.093938,0.15585
0.2003,0.091819,0.1483
0.18813,0.096169,0.1253
0.17656,0.10053,0.10643
0.16555,0.10491,0.090623
0.15506,0.10931,0.077136
0.14506,0.11372,0.065709
0.13553,0.11816,0.055958
0.12645,0.1226,0.047593
0.11779,0.12708,0.040346
0.10953,0.13156,0.034159
0.10167,0.1361,0.02855
0.099521,0.13138,0.021901
0.097414,0.12684,0.016241
0.095343,0.12249,0.011441
0.093306,0.11829,0.0075238
0.091303,0.11425,0.004443
0.089334,0.11034,0.0022375
0.087397,0.10658,0.00078258
0.085491,0.10296,8.3792e-05
0.083616,0.099449,-8.7234e-05
0.081771,0.096067,-0.00075704
0.075819,0.096651,2.8683e-05
0.070161,0.097225,0.0012652
0.06478,0.097791,0.0040735
0.059664,0.098367,0.0080818
0.054802,0.098932,0.013133
0.050184,0.099484,0.019132
0.045801,0.10005,0.02582
0.041647,0.10059,0.033293
0.037713,0.10114,0.04136
0.033993,0.10169,0.049833
0.03252,0.09766,0.039899
0.031108,0.093805,0.031688
0.029754,0.090104,0.024919
0.028455,0.086534,0.019406
0.027208,0.083107,0.014843
0.026011,0.079807,0.011051
0.024861,0.076632,0.0079637
0.023757,0.073561,0.0055381
0.022696,0.070608,0.0036244
0.021676,0.067771,0.0021735
0.022758,0.069962,0.0061593
0.023871,0.072203,0.011879
0.025017,0.074487,0.01918
0.026196,0.07684,0.027848
0.02741,0.079249,0.037774
0.028659,0.0817,0.048928
0.029944,0.084209,0.061089
0.031265,0.086769,0.074078
0.032623,0.089384,0.087846
0.034018,0.092056,0.10239
0.033632,0.086081,0.10971
0.033247,0.080364,0.11724
0.03286,0.074915,0.12501
0.032473,0.06972,0.13286
0.032086,0.064768,0.14094
0.031698,0.06005,0.14934
0.03131,0.055554,0.15797
0.030918,0.051292,0.16654
0.030531,0.047218,0.17551
0.030142,0.043353,0.18473
0.029472,0.04199,0.1708
0.028826,0.040655,0.1586
0.028197,0.039368,0.14769
0.027589,0.038106,0.13781
0.026997,0.036884,0.12879
0.026427,0.035678,0.12054
0.025873,0.034502,0.11298
0.025335,0.033357,0.10597
0.02481,0.032246,0.099413
0.024301,0.031161,0.093271
0.019546,0.036235,0.088417
0.01533,0.04165,0.083966
0.011637,0.047408,0.079864
0.0084473,0.053556,0.075956
0.0057657,0.060057,0.072429
0.0035866,0.066945,0.069077
0.0019132,0.074243,0.065863
0.00075482,0.081952,0.06275
0.00012199,0.090113,0.059719
-3.0869e-05,0.098731,0.056905
-6.4022e-05,0.1027,0.051608
-0.00010911,0.10674,0.046601
-0.00016684,0.11089,0.041851
-0.00023631,0.11507,0.037552
-0.00031838,0.11935,0.033537
-0.00041219,0.12367,0.029762
-0.00051983,0.12812,0.02623
-0.00063925,0.13261,0.023007
-0.00077138,0.13717,0.02003
-0.00091632,0.1418,0.017257
-0.0016595,0.13321,0.0090578
-0.0026036,0.12511,0.0037202
-0.0037395,0.11745,0.00081718
-0.0050592,0.1102,-4.6708e-06
-0.0065551,0.1033,-0.00098855
-0.0082251,0.096756,-0.0035407
-0.010061,0.090499,-0.0074741
-0.012064,0.084535,-0.012653
-0.014235,0.078853,-0.018979
-0.01657,0.073415,-0.026242
-0.015923,0.079691,-0.020914
-0.015282,0.086236,-0.01651
-0.014649,0.093061,-0.012835
-0.014029,0.10021,-0.0097524
-0.013418,0.10766,-0.0072172
-0.012812,0.11539,-0.0052164
-0.012215,0.12344,-0.0036243
-0.011626,0.13181,-0.0023572
-0.011046,0.14049,-0.001409
-0.010477,0.1495,-0.00075697
-0.012351,0.15379,-2.2364e-05
-0.014386,0.15816,0.00028392
-0.016581,0.16259,0.0014107
-0.018934,0.16705,0.0033309
-0.021457,0.17161,0.0059345
-0.02414,0.17621,0.0091881
-0.026987,0.18085,0.013014
-0.03,0.18556,0.017406
-0.033182,0.19033,0.022285
-0.03653,0.19515,0.027537
-0.030949,0.19551,0.039107
-0.025859,0.19585,0.051938
-0.021251,0.1962,0.065703
-0.017111,0.19652,0.080085
-0.013434,0.19684,0.095075
-0.01021,0.19714,0.11048
-0.0074358,0.19744,0.12629
-0.0051037,0.1977,0.14246
-0.0032157,0.19801,0.15869
-0.0017629,0.19829,0.17538
-0.0019003,0.18551,0.128
-0.0020485,0.17353,0.092534
-0.0022037,0.16221,0.065799
-0.0023681,0.15154,0.045736
-0.0025402,0.14143,0.030596
-0.0027188,0.13184,0.019274
-0.0029088,0.12282,0.011075
-0.0031063,0.11425,0.0055083
-0.003309,0.1061,0.0020276
-0.0035229,0.098414,0.00029829
-0.0030326,0.092673,3.0635e-05
-0.0025904,0.087262,-3.328e-05
-0.0021931,0.082159,-0.00028662
-0.0018389,0.077365,-0.00079632
-0.0015234,0.072838,-0.0015535
-0.0012444,0.068564,-0.0025366
-0.00099862,0.064515,-0.0037328
-0.00078622,0.060725,-0.005119
-0.00060228,0.057117,-0.0066897
-0.00044662,0.053719,-0.008485
-0.00046643,0.04526,-0.01045
-0.00048941,0.037816,-0.012425
-0.00051572,0.031295,-0.014448
-0.00054499,0.025602,-0.016564
-0.0005775,0.020665,-0.018699
-0.00061352,0.016414,-0.020917
-0.00065266,0.012776,-0.023137
-0.00069421,0.0096822,-0.025264
-0.00073892,0.0070939,-0.027379
-0.00078881,0.0049829,-0.029594
-0.00052816,0.0040411,-0.034083
-0.00031913,0.0031934,-0.038797
-0.00016226,0.0024443,-0.043794
-5.7526e-05,0.0017886,-0.049129
-5.7638e-06,0.0012297,-0.054774
7.9863e-06,0.00076875,-0.060569
6.5714e-05,0.00040925,-0.066663
0.00018045,0.00015923,-0.072891
0.00035327,2.4427e-05,-0.079236
0.00058826,-9.3309e-06,-0.086163
0.00028441,-2.0295e-05,-0.071153
9.6844e-05,-3.5396e-05,-0.058569
1.008e-05,-5.5059e-05,-0.047916
-9.8445e-06,-8.0092e-05,-0.038896
-8.328e-05,-0.0001098,-0.03128
-0.00021876,-0.00014556,-0.024745
-0.00040627,-0.00018664,-0.019249
-0.00063734,-0.00023291,-0.014565
-0.00090464,-0.00028481,-0.010687
-0.001203,-0.00034298,-0.0075779
-0.0011561,-0.00034626,-0.009076
-0.0011063,-0.00035028,-0.010767
-0.0010539,-0.00035485,-0.012638
-0.00099877,-0.00036068,-0.014626
-0.0009414,-0.00036748,-0.016775
-0.00088226,-0.00037438,-0.019085
-0.00082147,-0.00038234,-0.021551
-0.00075953,-0.00039087,-0.024069
-0.00069693,-0.00040019,-0.026726
-0.00063407,-0.00041073,-0.029513
-0.00069478,-0.00043098,-0.032258
-0.00075981,-0.0004518,-0.035171
-0.00082932,-0.00047386,-0.038226
-0.00090346,-0.000497,-0.04157
-0.00098248,-0.00052147,-0.045045
-0.0010665,-0.00054654,-0.048513
-0.0011557,-0.00057399,-0.052126
-0.0012502,-0.0006019,-0.055896
-0.0013496,-0.00062884,-0.059867
-0.0014551,-0.00065939,-0.063829
-0.0018988,-0.0011615,-0.06732
-0.0024149,-0.0018177,-0.071083
-0.0030084,-0.0026325,-0.07498
-0.0036853,-0.0036156,-0.079019
-0.0044512,-0.0047746,-0.083125
-0.0053116,-0.0061164,-0.087223
-0.0062719,-0.0076476,-0.091402
-0.007339,-0.0093792,-0.095692
-0.0085184,-0.011317,-0.10005
-0.0098161,-0.013468,-0.10459
-0.0096448,-0.011713,-0.083045
-0.0094992,-0.010151,-0.06533
-0.0093759,-0.0087586,-0.050852
-0.0092754,-0.0075225,-0.038877
-0.0091937,-0.0064231,-0.029132
-0.0091233,-0.0054395,-0.021232
-0.0090721,-0.0045725,-0.014996
-0.0090341,-0.0038051,-0.010035
-0.0090082,-0.0031285,-0.0062358
-0.008995,-0.0025353,-0.0034638
-0.0099493,-0.0016658,-0.0014341
-0.010939,-0.00098535,-0.00029949
-0.011973,-0.00048331,8.3359e-06
-0.013065,-0.00015689,0.00053843
-0.014224,-8.5954e-06,0.0018948
-0.015467,4.6902e-05,0.0041444
-0.016805,0.00028493,0.0073086
-0.01825,0.00074006,0.011382
-0.019818,0.0014322,0.016435
-0.021511,0.0023859,0.022368
-0.019218,0.0017505,0.028797
-0.017072,0.0012163,0.035883
-0.01506,0.00078125,0.043562
-0.013182,0.00044232,0.051997
-0.011429,0.00019907,0.061044
-0.0097925,5.1582e-05,0.070554
-0.0082733,5.4029e-08,0.080643
-0.0068692,-4.5479e-05,0.091495
-0.0055827,-0.00018939,0.10281
-0.0044131,-0.00043333,0.11465
-0.0052424,-4.4718e-05,0.079722
-0.0060707,4.2115e-05,0.053733
-0.0068924,0.0003558,0.034536
-0.0077083,0.00093625,0.02059
-0.0085261,0.0017546,0.010727
-0.0093625,0.0028017,0.0042416
-0.010235,0.004089,0.00074415
-0.011168,0.0056429,-0.00010701
-0.012176,0.0075055,-0.0023669
-0.013288,0.0097211,-0.0077671
-0.012596,0.0087657,-0.010772
-0.011936,0.0078658,-0.014081
-0.011299,0.0070203,-0.017707
-0.010678,0.0062279,-0.021691
-0.010083,0.005485,-0.025976
-0.0095059,0.0047909,-0.030426
-0.0089475,0.0041447,-0.035121
-0.0084045,0.0035457,-0.040159
-0.0078804,0.0029925,-0.045393
-0.0073647,0.0024861,-0.050808
-0.0062429,0.0029917,-0.062166
-0.0051857,0.0035527,-0.074852
-0.0041987,0.0041721,-0.088753
-0.0032918,0.0048522,-0.10386
-0.0024697,0.0055975,-0.12036
-0.0017467,0.0064094,-0.13806
-0.001132,0.0072916,-0.15701
-0.00063792,0.0082467,-0.17693
-0.00027663,0.0092773,-0.19791
-6.0524e-05,0.010385,-0.21999
-2.5885e-05,0.011832,-0.22429
-5.6072e-06,0.013381,-0.22903
1.4083e-07,0.015034,-0.23386
9.9425e-06,0.016793,-0.23889
3.5376e-05,0.018657,-0.24381
7.7198e-05,0.020632,-0.2495
0.00013581,0.022717,-0.25542
0.00021179,0.024916,-0.26168
0.00030567,0.027228,-0.2681
0.00041804,0.029657,-0.27487
2.2157e-05,0.026917,-0.26688
-0.00011651,0.024351,-0.26047
-0.00068171,0.021945,-0.25423
-0.0017011,0.019694,-0.24921
-0.0031635,0.017585,-0.24414
-0.0050587,0.015613,-0.23975
-0.0073805,0.013773,-0.23591
-0.010126,0.012058,-0.23275
-0.013294,0.010465,-0.22985
-0.01689,0.0089866,-0.22642
-0.017709,0.008072,-0.26221
-0.018578,0.0071814,-0.30095
-0.0195,0.0063166,-0.34063
-0.020476,0.0054855,-0.38103
-0.021502,0.0046965,-0.42301
-0.022582,0.0039542,-0.46564
-0.023713,0.0032629,-0.50855
-0.024897,0.0026286,-0.55232
-0.026131,0.0020557,-0.59682
-0.027416,0.0015465,-0.64076
-0.022969,0.00048382,-0.51061
-0.019152,3.121e-05,-0.41044
-0.015874,-9.9859e-05,-0.33181
-0.01306,-0.00061583,-0.26944
-0.010646,-0.0015181,-0.21882
-0.008582,-0.0027552,-0.1776
-0.006822,-0.0042848,-0.14348
-0.0053292,-0.0060701,-0.1152
-0.0040705,-0.0080853,-0.091495
-0.0030189,-0.010307,-0.071715
-0.0026831,-0.016727,-0.081557
-0.002345,-0.025146,-0.092441
-0.0020082,-0.035835,-0.10428
-0.0016767,-0.049074,-0.11694
-0.0013561,-0.065149,-0.13013
-0.0010529,-0.084332,-0.1438
-0.00077401,-0.10689,-0.15809
-0.00052595,-0.13309,-0.17234
-0.00031707,-0.16317,-0.18711
-0.00015442,-0.19737,-0.20096
4.2272e-06,-0.18259,-0.18503
0.00026085,-0.16884,-0.17089
0.00089359,-0.15605,-0.15786
0.001873,-0.14411,-0.14683
0.0031763,-0.13299,-0.13626
0.0047771,-0.12258,-0.12715
0.0066591,-0.11286,-0.11842
0.0088032,-0.10377,-0.11046
0.011197,-0.095283,-0.10272
0.01382,-0.087317,-0.095947
0.014873,-0.079221,-0.1062
0.015949,-0.071635,-0.11644
0.017048,-0.064531,-0.12667
0.018169,-0.057889,-0.13702
0.019317,-0.051689,-0.14713
0.020493,-0.045917,-0.15662
0.021684,-0.040523,-0.16688
0.022905,-0.03552,-0.17652
0.024151,-0.030886,-0.18611
0.025424,-0.026606,-0.19594
0.027947,-0.032022,-0.20569
0.030639,-0.038006,-0.21601
0.033513,-0.044588,-0.22596
0.036571,-0.051778,-0.23552
0.03982,-0.059587,-0.24484
0.043256,-0.068012,-0.25468
0.046894,-0.07708,-0.26414
0.050735,-0.086792,-0.27315
0.054779,-0.09715,-0.2821
0.059038,-0.10817,-0.29039
0.062803,-0.096919,-0.29765
0.066637,-0.086422,-0.30531
0.070574,-0.076702,-0.31234
0.074587,-0.067673,-0.32003
0.0787,-0.05933,-0.32737
0.082907,-0.051636,-0.33429
0.087206,-0.044555,-0.34113
0.091582,-0.038049,-0.34768
0.096068,-0.032127,-0.35382
0.10063,-0.026739,-0.35934
0.097085,-0.02433,-0.28612
0.093733,-0.022127,-0.2277
0.090527,-0.020088,-0.18037
0.087487,-0.01822,-0.14185
0.084561,-0.016482,-0.11004
0.081779,-0.014889,-0.084196
0.079108,-0.013414,-0.063059
0.076526,-0.012042,-0.045832
0.074042,-0.010774,-0.032065
0.071666,-0.0096101,-0.02138
0.073082,-0.011422,-0.016415
0.074517,-0.013391,-0.012056
0.075974,-0.015518,-0.0083639
0.07745,-0.017804,-0.0053888
0.078948,-0.02025,-0.003067
0.080482,-0.022866,-0.0014062
0.082024,-0.025635,-0.00037127
0.083578,-0.028561,-5.2828e-07
0.085164,-0.031658,0.00031252
0.086804,-0.034941,0.0012775
0.087707,-0.032426,0.0026686
0.088614,-0.030028,0.0045591
0.089511,-0.027734,0.0069684
0.090425,-0.025557,0.0097482
0.091349,-0.023487,0.01292
0.092267,-0.021513,0.016478
0.093194,-0.019639,0.020385
0.094116,-0.017857,0.024643
0.09505,-0.016172,0.029197
0.095981,-0.014575,0.034151
0.10365,-0.01418,0.029777
0.11169,-0.013792,0.025827
0.12011,-0.013405,0.022296
0.12891,-0.013017,0.019116
0.13811,-0.012628,0.016299
0.14771,-0.012242,0.013751
0.15771,-0.011852,0.011526
0.16812,-0.011459,0.0095464
0.17895,-0.011067,0.0078152
0.19022,-0.01068,0.0063338
0.19876,-0.011804,0.020862
0.20752,-0.012992,0.042674
0.21655,-0.014254,0.070738
0.22583,-0.015591,0.10433
0.23538,-0.017007,0.14267
0.24519,-0.018502,0.1852
0.25526,-0.020071,0.23152
0.26562,-0.021727,0.28052
0.27626,-0.023464,0.33205
0.28715,-0.025278,0.38572
0.26997,-0.021263,0.35932
0.25371,-0.017696,0.34112
0.23831,-0.014543,0.32848
0.22372,-0.011773,0.31939
0.20988,-0.0093554,0.31322
0.19673,-0.0072622,0.30912
0.18426,-0.0054764,0.30656
0.1724,-0.0039704,0.30531
0.16113,-0.0027311,0.30508
0.15042,-0.001741,0.30594
0.15736,-0.0024893,0.25693
0.16437,-0.0033595,0.21557
0.17146,-0.0043504,0.18011
0.17861,-0.0054527,0.14998
0.18587,-0.0066715,0.12391
0.19324,-0.0080053,0.10121
0.20072,-0.009449,0.081705
0.20834,-0.011006,0.064775
0.21608,-0.012676,0.050285
0.22397,-0.014457,0.03791
0.22671,-0.016585,0.041999
0.22944,-0.018845,0.04576
0.23219,-0.021244,0.049073
0.23497,-0.023781,0.052
0.23777,-0.026458,0.054478
0.24057,-0.029264,0.056594
0.24338,-0.032196,0.05845
0.24624,-0.03527,0.059923
0.24908,-0.038455,0.061378
0.25195,-0.041779,0.062394
0.25003,-0.029149,0.06347
0.24811,-0.018985,0.06474
0.2462,-0.011126,0.066117
0.24427,-0.0054321,0.06769
0.24235,-0.0017996,0.0693
0.24045,-0.0001338,0.071003
0.23855,0.00035838,0.07275
0.23665,0.0024162,0.074711
0.23475,0.0062655,0.076805
0.23287,0.01187,0.078726
0.23436,0.0075403,0.05493
0.23586,0.0042524,0.036831
0.23739,0.0019313,0.023138
0.23895,0.00052897,0.013168
0.24053,5.4101e-06,0.0063098
0.24212,-0.00032878,0.002077
0.24372,-0.001474,0.00017617
0.24533,-0.003425,-0.00032687
0.24696,-0.0061712,-0.0023498
0.24858,-0.0096929,-0.006035
0.25507,-0.0083574,-0.010738
0.26165,-0.0071219,-0.016632
0.26832,-0.0059858,-0.023636
0.27508,-0.004951,-0.031649
0.28192,-0.004014,-0.040601
0.28886,-0.003178,-0.050482
0.29589,-0.0024372,-0.061054
0.30301,-0.001797,-0.072616
0.31023,-0.0012555,-0.08502
0.31753,-0.00080956,-0.097894
0.32188,-0.00073056,-0.10853
0.32627,-0.00065716,-0.11971
0.33067,-0.00058919,-0.13138
0.33511,-0.00052408,-0.14317
0.33956,-0.00046493,-0.15548
0.34404,-0.00040983,-0.16787
0.34854,-0.00035903,-0.18044
0.35307,-0.00031264,-0.19317
0.35761,-0.00027016,-0.20605
0.36218,-0.00023122,-0.2192
0.35041,-0.00016813,-0.23189
0.339,-0.00011538,-0.24495
0.32797,-7.2504e-05,-0.25819
0.31728,-3.9691e-05,-0.27183
0.30691,-1.6805e-05,-0.28567
0.29687,-3.5713e-06,-0.29995
0.28713,9.1496e-08,-0.31434
0.27769,6.2794e-06,-0.32875
0.26852,2.2035e-05,-0.3432
0.25961,4.7165e-05,-0.35778
0.24604,0.0009742,-0.37708
0.233,0.0030448,-0.39536
0.22047,0.0062098,-0.41291
0.2084,0.010426,-0.42971
0.19678,0.015656,-0.44594
0.1856,0.021873,-0.46146
0.17482,0.029046,-0.47659
0.16442,0.03715,-0.49165
0.15439,0.046175,-0.50615
0.14471,0.056094,-0.52062
0.14349,0.049155,-0.54659
0.14229,0.04276,-0.57146
0.14108,0.036885,-0.59567
0.1399,0.031516,-0.61945
0.13873,0.026629,-0.64279
0.13756,0.022204,-0.66605
0.13641,0.018226,-0.68885
0.13526,0.01468,-0.71044
0.13412,0.01155,-0.73158
0.13299,0.0088244,-0.75186
0.14039,0.014822,-0.62455
0.14778,0.022129,-0.52187
0.1552,0.030676,-0.43717
0.16269,0.040428,-0.36594
0.17026,0.051366,-0.3054
0.17794,0.063485,-0.25364
0.18579,0.076802,-0.20889
0.19379,0.091319,-0.17006
0.20198,0.10706,-0.13646
0.21036,0.12405,-0.10748
0.22266,0.12672,-0.11193
0.23535,0.12942,-0.1152
0.24843,0.13216,-0.11717
0.26191,0.13492,-0.11825
0.27577,0.13771,-0.11845
0.29,0.14051,-0.11795
0.30462,0.14335,-0.11672
0.31963,0.14623,-0.11489
0.335,0.14912,-0.11286
0.35073,0.15203,-0.11066
0.34319,0.14112,-0.1014
0.3359,0.13095,-0.092711
0.32879,0.12144,-0.084684
0.32189,0.11256,-0.077092
0.31517,0.10426,-0.07003
0.30862,0.096493,-0.063541
0.30226,0.089231,-0.057511
0.29604,0.082431,-0.051878
0.29,0.076073,-0.04657
0.2841,0.070123,-0.041723
0.28904,0.069762,-0.034588
0.29401,0.069422,-0.028663
0.29903,0.069103,-0.023717
0.30409,0.068805,-0.019617
0.30919,0.068527,-0.016174
0.31433,0.068267,-0.013228
0.31951,0.068022,-0.01075
0.32474,0.067798,-0.0086072
0.32999,0.067588,-0.0068096
0.33529,0.067395,-0.0053274
0.3463,0.062668,-0.001889
0.35746,0.058162,-0.00024123
0.36875,0.053865,0.00012253
0.38017,0.049765,0.0013361
0.39174,0.045861,0.0037299
0.40347,0.042152,0.0071523
0.41532,0.038619,0.011494
0.42731,0.035268,0.016696
0.43945,0.032094,0.022699
0.45176,0.029103,0.0294
0.44178,0.024408,0.016946
0.43205,0.020181,0.0089613
0.42258,0.016404,0.0040065
0.41335,0.013063,0.0012338
0.40433,0.010135,9.1498e-05
0.39552,0.0076043,-0.00018612
0.3869,0.005458,-0.0012367
0.37848,0.0036837,-0.0030329
0.37023,0.0022692,-0.0054569
0.36216,0.0012048,-0.0083784
0.35962,0.00027626,-0.0025705
0.35713,-1.4268e-06,-0.00019808
0.3547,-0.00035246,0.00037084
0.35231,-0.0013045,0.0025256
0.34997,-0.0028378,0.0062384
0.34765,-0.0049299,0.011261
0.34537,-0.0075688,0.017308
0.34311,-0.010738,0.024256
0.34087,-0.014428,0.031877
0.33866,-0.018625,0.040132
0.33923,-0.01605,0.044515
0.33978,-0.013688,0.048968
0.34035,-0.01155,0.053563
0.34093,-0.0096237,0.058452
0.34152,-0.0078968,0.063428
0.3421,-0.0063584,0.068605
0.3427,-0.0050046,0.073855
0.3433,-0.0038267,0.079076
0.3439,-0.0028199,0.084301
0.34451,-0.0019751,0.089737
0.34163,-0.0025783,0.050079
0.33881,-0.0032433,0.024082
0.33607,-0.0039705,0.0085085
0.33337,-0.0047522,0.0011303
0.33072,-0.0055937,-0.00045274
0.32799,-0.0064638,-0.0054256
0.32542,-0.0074166,-0.015077
0.32288,-0.0084232,-0.028804
0.32036,-0.0094818,-0.046103
0.31783,-0.010585,-0.066452
0.31692,-0.0083215,-0.075696
0.31601,-0.0063536,-0.0854
0.31512,-0.0046752,-0.095392
0.31422,-0.0032675,-0.1057
0.31331,-0.0021213,-0.1163
0.31244,-0.0012341,-0.1267
0.31156,-0.00059134,-0.13714
0.31069,-0.00018553,-0.14784
0.30983,-9.3718e-06,-0.15853
0.30896,5.4774e-05,-0.169
0.31546,-3.0741e-05,-0.15442
0.32202,-0.0003396,-0.14286
0.3286,-0.00097404,-0.13325
0.3352,-0.0019271,-0.12521
0.34185,-0.0031954,-0.11849
0.34851,-0.0047676,-0.1126
0.35524,-0.0066486,-0.1076
0.36201,-0.0088308,-0.10346
0.36884,-0.011311,-0.099807
0.37567,-0.014075,-0.09643
0.37417,-0.013978,-0.089829
0.37269,-0.013876,-0.084185
0.37126,-0.013779,-0.079177
0.36987,-0.013681,-0.074525
0.36848,-0.013579,-0.070288
0.36714,-0.013478,-0.066522
0.36584,-0.013382,-0.063081
0.36452,-0.013274,-0.059782
0.36324,-0.013169,-0.056734
0.36199,-0.013065,-0.054064
0.36985,-0.012547,-0.078071
0.37778,-0.01204,-0.10379
0.38581,-0.011546,-0.13085
0.39389,-0.011059,-0.15873
0.40209,-0.010591,-0.18743
0.41034,-0.01013,-0.21669
0.41863,-0.0096738,-0.24636
0.42704,-0.0092374,-0.27634
0.43546,-0.0088037,-0.30647
0.44403,-0.0083952,-0.33721
0.45242,-0.0055499,-0.26941
0.4608,-0.0033366,-0.2166
0.46914,-0.0017074,-0.17427
0.47751,-0.00063427,-0.13978
0.4859,-8.65e-05,-0.11138
0.49427,4.078e-05,-0.087922
0.50266,0.00047881,-0.068405
0.51108,0.0013823,-0.052009
0.51953,0.0027362,-0.038448
0.52802,0.0045247,-0.027413
0.48233,0.0033589,-0.010496
0.44005,0.0024122,-0.0021216
0.40096,0.0016527,2.3887e-05
0.36474,0.0010623,0.0026336
0.33124,0.00061761,0.0088731
0.30017,0.00030515,0.018082
0.27143,0.00010712,0.029645
0.2448,1.2447e-05,0.043127
0.22013,-9.0718e-06,0.058223
0.19734,-8.7482e-05,0.074692
0.19765,-0.0003631,0.074681
0.19797,-0.00082595,0.07518
0.19829,-0.0014736,0.076219
0.19862,-0.0023048,0.077569
0.19893,-0.0033165,0.079295
0.19924,-0.0045074,0.081465
0.19956,-0.0058782,0.083923
0.19985,-0.007421,0.086396
0.20014,-0.0091408,0.089074
0.20044,-0.011034,0.091918
0.20222,-0.012175,0.10132
0.20401,-0.013368,0.11112
0.2058,-0.014607,0.12115
0.20759,-0.015892,0.13124
0.20939,-0.017223,0.14153
0.21122,-0.018608,0.15225
0.21301,-0.020025,0.16306
0.21484,-0.021493,0.17431
0.21665,-0.022997,0.18574
0.21848,-0.024546,0.19705
0.23923,-0.024596,0.17478
0.26106,-0.024647,0.15566
0.28398,-0.024695,0.13891
0.30797,-0.024726,0.12399
0.33309,-0.024748,0.1107
0.3594,-0.024772,0.099016
0.38688,-0.024788,0.088513
0.41553,-0.024791,0.078838
0.44543,-0.024797,0.070094
0.47648,-0.024782,0.062259
0.48361,-0.019999,0.047242
0.49073,-0.015778,0.035527
0.49789,-0.012107,0.026259
0.50501,-0.0089489,0.018905
0.51217,-0.006296,0.013121
0.51936,-0.004131,0.0086125
0.52661,-0.0024387,0.0052416
0.53376,-0.0011938,0.0028044
0.54099,-0.00039621,0.0011976
0.54825,-2.9027e-05,0.00028758
0.53526,-5.3066e-06,0.008106
0.52268,4.9431e-07,0.023617
0.51039,1.3669e-05,0.044073
0.49848,4.3639e-05,0.067938
0.48673,9.1417e-05,0.094022
0.47532,0.00015471,0.12206
0.46418,0.00023361,0.15144
0.45322,0.00032904,0.18172
0.44254,0.00043873,0.21281
0.43207,0.00056354,0.24481
0.41236,0.00013819,0.23432
0.39356,3.4865e-09,0.22717
0.37555,-0.00012846,0.22226
0.35834,-0.00050576,0.21868
0.34175,-0.0011094,0.21638
0.32591,-0.0019305,0.21491
0.31067,-0.0029484,0.21419
0.29607,-0.0041562,0.21364
0.28204,-0.0055391,0.21343
0.26857,-0.0070891,0.21358
0.28499,-0.0073921,0.21657
0.30201,-0.0077025,0.2195
0.31964,-0.0080219,0.22252
0.33787,-0.0083468,0.22563
0.35658,-0.0086607,0.2292
0.37586,-0.0089784,0.23245
0.39582,-0.0093135,0.23565
0.41634,-0.0096496,0.23909
0.43741,-0.0099866,0.24254
0.45906,-0.010328,0.24618
0.45025,-0.016487,0.17913
0.44162,-0.023889,0.12849
0.43319,-0.032476,0.08989
0.42492,-0.042198,0.060309
0.41678,-0.053013,0.038066
0.40879,-0.064899,0.021764
0.40091,-0.077817,0.010491
0.39312,-0.091745,0.0035553
0.38547,-0.10669,0.00034877
0.37785,-0.1226,-0.00043849
0.34617,-0.11727,0.00062902
0.31675,-0.11229,0.0040326
0.28939,-0.10762,0.0092352
0.26396,-0.10322,0.015385
0.24034,-0.099095,0.022101
0.21836,-0.095179,0.029223
0.19797,-0.091485,0.036556
0.17906,-0.088,0.043898
0.16152,-0.084691,0.051289
0.14529,-0.08157,0.058815
0.14914,-0.07725,0.045245
0.15293,-0.073074,0.034535
0.15678,-0.069128,0.025801
0.16064,-0.06537,0.018877
0.16454,-0.061784,0.013367
0.16841,-0.058329,0.0091251
0.17233,-0.055039,0.0058323
0.17628,-0.051892,0.0033514
0.18023,-0.04887,0.001623
0.18422,-0.04598,0.00053105
0.1827,-0.035135,0.0014115
0.18129,-0.025927,0.0025926
0.17993,-0.018239,0.0039626
0.17861,-0.011986,0.0054527
0.17738,-0.0071102,0.0070596
0.17619,-0.0035398,0.0087238
0.17504,-0.0012211,0.010442
0.17393,-0.00011331,0.012262
0.17284,0.00018119,0.01413
0.17178,0.0013988,0.01613
0.18159,0.0017174,0.001978
0.19172,0.0020682,-0.0011687
0.20224,0.0024561,-0.011977
0.2132,0.0028858,-0.032948
0.22465,0.0033613,-0.062979
0.23665,0.0038831,-0.10134
0.2492,0.0044594,-0.1471
0.26233,0.0050911,-0.19922
0.27608,0.0057755,-0.25729
0.29042,0.0065272,-0.32079
0.29102,0.0031643,-0.31703
0.29164,0.0010308,-0.31644
0.29225,6.9026e-05,-0.31798
0.29287,-0.00023042,-0.32102
0.29348,-0.0014732,-0.32524
0.29409,-0.0037611,-0.33018
0.2947,-0.0070649,-0.33561
0.29532,-0.011359,-0.34107
0.29593,-0.016619,-0.34677
0.29654,-0.022819,-0.35278
0.28663,-0.019461,-0.32057
0.27706,-0.016445,-0.29419
0.26783,-0.013758,-0.27244
0.2589,-0.011369,-0.25425
0.25025,-0.0092516,-0.23861
0.24188,-0.0073944,-0.22488
0.23378,-0.0057793,-0.21276
0.22592,-0.004391,-0.20212
0.2183,-0.0032148,-0.19255
0.21092,-0.0022408,-0.18375
0.19522,-0.0035265,-0.16284
0.18053,-0.0050592,-0.14522
0.16678,-0.0068228,-0.13007
0.15391,-0.0088008,-0.1171
0.14185,-0.010983,-0.10569
0.13055,-0.013353,-0.09553
0.11995,-0.015898,-0.086508
0.11002,-0.018615,-0.078522
0.10072,-0.021495,-0.071344
0.09199,-0.024525,-0.064915
0.091061,-0.023814,-0.063104
0.090141,-0.023115,-0.061245
0.089232,-0.02243,-0.05935
0.088335,-0.021765,-0.057419
0.087449,-0.021114,-0.055471
0.086572,-0.020473,-0.053377
0.085707,-0.019849,-0.051297
0.084852,-0.019239,-0.049337
0.084009,-0.018642,-0.047405
0.083175,-0.018059,-0.045425
0.077337,-0.019442,-0.046696
0.071787,-0.020869,-0.047991
0.066513,-0.022334,-0.049206
0.061503,-0.023843,-0.050261
0.056746,-0.025389,-0.05123
0.052232,-0.026977,-0.052306
0.047952,-0.028605,-0.05336
0.043894,-0.030271,-0.054318
0.040052,-0.031974,-0.055216
0.036418,-0.033719,-0.056208
0.031941,-0.034991,-0.050729
0.027818,-0.036264,-0.045969
0.024032,-0.037545,-0.041665
0.020566,-0.038826,-0.037789
0.017408,-0.040114,-0.034271
0.014545,-0.041407,-0.031119
0.011964,-0.042706,-0.028259
0.0096554,-0.044009,-0.025605
0.0076111,-0.045324,-0.023161
0.0058218,-0.046645,-0.020839
0.0071425,-0.04487,-0.028982
0.0086087,-0.043117,-0.038136
0.010232,-0.041402,-0.048194
0.012014,-0.039702,-0.058895
0.013967,-0.038034,-0.070286
0.016098,-0.036392,-0.082415
0.018416,-0.034775,-0.095073
0.020929,-0.033183,-0.10792
0.023644,-0.031615,-0.12109
0.02657,-0.030076,-0.13444
0.027472,-0.028297,-0.15797
0.028391,-0.026541,-0.18273
0.02933,-0.024816,-0.20859
0.030289,-0.023124,-0.23556
0.031266,-0.021467,-0.26335
0.032266,-0.019854,-0.29175
0.033282,-0.018279,-0.32049
0.03432,-0.016755,-0.34977
0.035378,-0.015282,-0.37949
0.036451,-0.013859,-0.40879
0.032987,-0.010019,-0.36228
0.029777,-0.0069123,-0.32412
0.0268,-0.0044601,-0.29207
0.02404,-0.0025986,-0.2646
0.021484,-0.0012731,-0.24116
0.019118,-0.00043429,-0.22076
0.016926,-4.1001e-05,-0.20242
0.014906,5.8226e-05,-0.18665
0.013042,0.00045482,-0.17238
0.011328,0.0012047,-0.15966
0.011955,0.0013342,-0.13944
0.012579,0.0014699,-0.12168
0.013198,0.0016132,-0.10586
0.013816,0.0017621,-0.092177
0.014434,0.0019172,-0.080121
0.015046,0.0020802,-0.06917
0.015659,0.002249,-0.059535
0.016276,0.0024227,-0.051082
0.016893,0.0026032,-0.043519
0.017509,0.0027915,-0.036665
0.017618,0.0036488,-0.030718
0.017731,0.0046094,-0.025377
0.017842,0.0056758,-0.020474
0.017955,0.0068453,-0.016161
0.018074,0.0081166,-0.012546
0.018181,0.0095053,-0.0091178
0.018298,0.010997,-0.0064526
0.01841,0.012607,-0.004169
0.018523,0.014334,-0.002397
0.018635,0.016185,-0.0011269
0.020438,0.016913,-0.00048727
0.022353,0.017673,-0.00010817
0.024381,0.01847,3.081e-06
0.026535,0.019298,0.00017999
0.028819,0.020162,0.00062237
0.031235,0.021065,0.0013263
0.033791,0.022005,0.0022832
0.036483,0.022991,0.0035265
0.039331,0.024014,0.0049936
0.042334,0.025078,0.0067414
0.03618,0.023867,0.011161
0.03063,0.022745,0.016459
0.02564,0.021702,0.022527
0.021175,0.020726,0.029313
0.017201,0.019805,0.036564
0.013689,0.018933,0.044153
0.010604,0.018113,0.052516
0.0079402,0.017321,0.060945
0.0056774,0.016558,0.069562
0.0037927,0.015831,0.079116
0.0044897,0.016209,0.0777
0.0052444,0.016595,0.076648
0.0060604,0.016986,0.075838
0.0069369,0.017384,0.075501
0.0078818,0.017784,0.075144
0.0088856,0.018197,0.075241
0.0099568,0.018617,0.075459
0.011096,0.019044,0.075743
0.012305,0.019481,0.076203
0.013582,0.019928,0.077018
0.014674,0.019739,0.080586
0.015819,0.019548,0.084248
0.017017,0.019356,0.088027
0.018264,0.019167,0.092031
0.019561,0.018978,0.09615
0.020924,0.018785,0.10019
0.022329,0.018596,0.10484
0.023802,0.018403,0.10915
0.025335,0.01821,0.11355
0.026928,0.018016,0.11794
0.028191,0.016851,0.10157
0.029461,0.015749,0.087354
0.03076,0.0147,0.074605
0.032071,0.013705,0.063287
0.033404,0.012758,0.053266
0.03477,0.011854,0.044168
0.036123,0.011,0.036104
0.03752,0.010183,0.029023
0.03894,0.0094043,0.022884
0.04037,0.0086645,0.017616
0.040437,0.0091376,0.015882
0.04052,0.0096195,0.014233
0.040587,0.010115,0.012636
0.040667,0.010619,0.011227
0.040743,0.011136,0.0099086
0.040811,0.011664,0.008711
0.040889,0.012203,0.0076165
0.040961,0.012753,0.0065428
0.041037,0.013314,0.0055622
0.041118,0.013886,0.0046565
0.038765,0.015888,0.0034446
0.036484,0.018011,0.0024463
0.034279,0.020255,0.0016356
0.032153,0.02262,0.00098696
0.030092,0.025107,0.0005017
0.028104,0.027717,0.00018071
0.026183,0.030452,2.1273e-05
0.024334,0.033313,-1.7153e-05
0.022544,0.036304,-0.00017006
0.020817,0.039428,-0.00046861
0.020399,0.038315,-4.5062e-05
0.019985,0.037234,5.4108e-05
0.019583,0.036178,0.00043009
0.01919,0.035149,0.0011061
0.018801,0.034146,0.0020277
0.018412,0.033169,0.0030954
0.01804,0.032213,0.0043612
0.017672,0.03128,0.0057779
0.017313,0.030367,0.0073264
0.016958,0.029477,0.0089209
0.018397,0.028099,0.0053043
0.019882,0.026768,0.0027326
0.021431,0.025477,0.0010918
0.023022,0.024227,0.00019756
0.02466,0.023014,-2.0475e-05
0.026361,0.021834,-0.00048757
0.02812,0.020686,-0.0015258
0.029938,0.019569,-0.0030622
0.03181,0.018482,-0.0050828
0.033753,0.017422,-0.0075541
0.03245,0.016874,-0.01126
0.031179,0.016336,-0.015616
0.029922,0.015809,-0.020695
0.028705,0.015291,-0.026238
0.027514,0.014783,-0.032351
0.026333,0.014286,-0.039226
0.025198,0.013795,-0.046455
0.024073,0.013316,-0.054331
0.022971,0.012847,-0.062745
0.021907,0.012384,-0.071545
0.020198,0.011712,-0.058337
0.018616,0.011074,-0.047269
0.017146,0.010469,-0.037993
0.015771,0.0098974,-0.030267
0.014505,0.0093524,-0.023668
0.013316,0.008837,-0.018242
0.012217,0.0083461,-0.013696
0.0112,0.0078787,-0.0099169
0.010256,0.0074341,-0.0068753
0.009367,0.0070134,-0.004497
0.0085233,0.0080853,-0.0043411
0.0077077,0.0092366,-0.0042503
0.0069339,0.010466,-0.0041722
0.0062018,0.011776,-0.0041121
0.0055031,0.01317,-0.0040903
0.0048525,0.014648,-0.0040023
0.0042399,0.016214,-0.003923
0.0036642,0.017873,-0.0038819
0.0031308,0.019625,-0.0038235
0.0026381,0.021474,-0.0037394
0.0033683,0.019703,-0.0028551
0.0041873,0.018041,-0.0020747
0.0050918,0.016479,-0.0014317
0.0060794,0.015012,-0.0009199
0.0071301,0.013641,-0.00053713
0.008261,0.012348,-0.00027097
0.0094843,0.011125,-9.4443e-05
0.010786,0.0099724,-9.3376e-06
0.012174,0.0088838,1.2564e-05
0.01366,0.0078532,0.0001051
0.013936,0.0072354,0.0020489
0.014203,0.0066462,0.0062943
0.014491,0.0060775,0.012825
0.014797,0.0055303,0.021579
0.015125,0.0050042,0.032589
0.015481,0.0044989,0.045959
0.015871,0.0040141,0.061711
0.016303,0.0035499,0.079985
0.016772,0.0031085,0.10067
0.01729,0.00269,0.12389
0.01548,0.0025799,0.13035
0.013778,0.0024724,0.13679
0.012174,0.0023684,0.1433
0.010684,0.0022655,0.1501
0.0092752,0.0021679,0.15664
0.0079764,0.0020712,0.16366
0.0067727,0.0019775,0.17078
0.0056693,0.0018855,0.17821
0.0046585,0.0017967,0.18571
0.0037483,0.0017092,0.19315
0.0034134,0.002236,0.20541
0.003093,0.0028409,0.21777
0.0027866,0.0035265,0.23029
0.002497,0.0042935,0.24337
0.0022211,0.0051461,0.25661
0.0019597,0.0060859,0.26977
0.0017159,0.0071122,0.28328
0.0014864,0.0082297,0.29703
0.0012732,0.0094385,0.31098
0.0010761,0.010741,0.32483
0.0012693,0.01303,0.29003
0.0014738,0.01548,0.26014
0.0016892,0.018087,0.23402
0.0019135,0.020849,0.21096
0.0021484,0.023762,0.19046
0.0023946,0.026824,0.17198
0.0026517,0.030034,0.15533
0.002918,0.0334,0.14026
0.0031958,0.03692,0.12656
0.003486,0.040593,0.11394
0.0040835,0.037466,0.13036
0.0047316,0.034457,0.14754
0.005429,0.03157,0.16524
0.0061793,0.028798,0.18355
0.006983,0.026142,0.20234
0.0078359,0.023614,0.22152
0.0087472,0.021199,0.24114
0.0097137,0.018905,0.26131
0.010736,0.016736,0.28185
0.011818,0.014688,0.30233
0.010736,0.015519,0.26412
0.0097157,0.016378,0.23102
0.0087574,0.017261,0.2022
0.0078603,0.018163,0.17725
0.0070201,0.019088,0.15529
0.0062349,0.020037,0.13567
0.0055035,0.021007,0.1183
0.0048235,0.022,0.10269
0.0041944,0.023009,0.088932
0.0036125,0.024047,0.076529
0.0052186,0.021363,0.072435
0.0070951,0.018877,0.06859
0.0092365,0.016576,0.064862
0.011639,0.014449,0.06126
0.014304,0.012484,0.05777
0.017231,0.010674,0.054276
0.020427,0.00901,0.050901
0.023896,0.0074893,0.047679
0.027648,0.0061052,0.044593
0.031692,0.0048604,0.041415
0.030146,0.0032499,0.048266
0.028647,0.0019701,0.055366
0.027193,0.0010123,0.062787
0.025781,0.00037175,0.070687
0.024407,4.5757e-05,0.07888
0.023069,-3.3085e-05,0.087139
0.021765,-0.00033418,0.095619
0.020494,-0.00095061,0.10414
0.019256,-0.0018857,0.11295
0.018048,-0.0031431,0.12186
0.017737,-0.0027846,0.10318
0.017442,-0.0024407,0.087017
0.017162,-0.0021132,0.072923
0.016897,-0.0018034,0.06071
0.016644,-0.0015132,0.050054
0.016404,-0.0012442,0.040924
0.016176,-0.00099782,0.033002
0.015959,-0.00077522,0.026119
0.015753,-0.00057834,0.020202
0.015555,-0.00040833,0.015116
0.015371,-0.00034255,0.014581
0.015186,-0.00028392,0.014095
0.015,-0.00023224,0.01361
0.014814,-0.00018666,0.013044
0.014626,-0.00014755,0.012527
0.014438,-0.00011359,0.012037
0.014249,-8.5011e-05,0.011562
0.014059,-6.1212e-05,0.011141
0.013869,-4.1734e-05,0.010728
0.013678,-2.6466e-05,0.010246
0.014045,-5.3597e-06,0.0081388
0.014413,2.626e-07,0.0063496
0.014781,1.1159e-05,0.0048084
0.015152,3.7935e-05,0.0034746
0.015526,8.0674e-05,0.0023689
0.015905,0.00013933,0.0015023
0.01629,0.00021375,0.00083567
0.016682,0.00030486,0.00035747
0.017081,0.00041122,8.4658e-05
0.017491,0.00053435,-6.502e-08
0.017552,0.00030153,0.00088205
0.017614,0.000135,0.0034634
0.017669,3.4268e-05,0.0077001
0.017718,8.2109e-09,0.013619
0.017753,-3.2586e-05,0.021218
0.017772,-0.00013317,0.030412
0.017774,-0.00030277,0.041283
0.017757,-0.00054281,0.053929
0.017719,-0.00085505,0.068327
0.017661,-0.0012396,0.084328
0.018469,-0.0010813,0.082637
0.019294,-0.00093371,0.08114
0.020137,-0.00079606,0.079681
0.020996,-0.00066931,0.07818
0.021874,-0.00055365,0.076776
0.022768,-0.00044813,0.075466
0.023681,-0.00035352,0.07425
0.024611,-0.00027027,0.072943
0.025559,-0.00019796,0.071655
0.026525,-0.00013672,0.070304
0.024477,-0.00012785,0.080262
0.022508,-0.0001192,0.090742
0.020614,-0.00011056,0.10159
0.018798,-0.00010203,0.11279
0.017058,-9.3664e-05,0.1244
0.015394,-8.524e-05,0.13632
0.013807,-7.6588e-05,0.14868
0.012295,-6.7499e-05,0.16127
0.010863,-5.8856e-05,0.17401
0.0095135,-5.0556e-05,0.18691
0.010386,-5.8949e-05,0.19917
0.011301,-6.8664e-05,0.21173
0.012257,-7.9688e-05,0.2245
0.013256,-9.207e-05,0.23727
0.014297,-0.00010586,0.25019
0.01538,-0.00012098,0.26339
0.016506,-0.00013773,0.27681
0.017673,-0.00015596,0.29009
0.018884,-0.00017578,0.30348
0.020141,-0.00019746,0.31723
0.021519,-8.4233e-05,0.24858
0.022801,-2.0366e-05,0.19356
0.023996,-2.5996e-09,0.14929
0.025105,1.8034e-05,0.11353
0.026137,7.0388e-05,0.084624
0.0271,0.00015373,0.061451
0.027993,0.00026599,0.042947
0.028838,0.00040471,0.028237
0.029637,0.000569,0.016994
0.030402,0.00075815,0.0087848
0.031969,0.00068984,0.0088955
0.033579,0.00062596,0.0089636
0.035249,0.00056534,0.0090278
0.036975,0.00050819,0.0091263
0.038753,0.00045471,0.0091992
0.040594,0.00040442,0.0091717
0.042491,0.00035747,0.0091163
0.044449,0.00031375,0.0090911
0.046464,0.00027329,0.0090493
0.04853,0.00023612,0.0090206
0.04917,0.00013515,0.0093766
0.04981,6.232e-05,0.0097011
0.050458,1.7374e-05,0.01002
0.051117,1.9682e-07,0.01029
0.051765,-1.0632e-05,0.01054
0.052427,-4.8535e-05,0.010872
0.053102,-0.00011399,0.011199
0.053758,-0.0002062,0.011482
0.054422,-0.00032556,0.011759
0.055104,-0.00047238,0.012091
0.063002,-0.00018196,0.019383
0.071746,-2.4632e-05,0.028315
0.081359,1.5004e-05,0.038832
0.091938,0.00016884,0.051059
0.10353,0.00050184,0.064743
0.11619,0.00103,0.079644
0.12997,0.0017688,0.09569
0.14492,0.0027333,0.11254
0.16109,0.0039374,0.13022
0.17853,0.0053955,0.1486
0.17443,0.0056834,0.12661
0.17048,0.0059679,0.10805
0.16664,0.0062503,0.092277
0.16289,0.0065315,0.078825
0.15927,0.0068087,0.067236
0.15569,0.0070867,0.057005
0.15221,0.0073618,0.048078
0.14883,0.0076342,0.040262
0.14553,0.0079046,0.033426
0.1423,0.0081734,0.027488
0.1351,0.0074027,0.021637
0.12822,0.006686,0.016916
0.12162,0.0060205,0.013064
0.11527,0.0054052,0.010003
0.1092,0.0048339,0.0075207
0.1034,0.0043049,0.0055259
0.097842,0.0038167,0.0039362
0.092482,0.0033688,0.0026877
0.087363,0.0029562,0.0017205
0.082474,0.0025772,0.0010063
0.084967,0.0019663,0.0029269
0.087514,0.0014367,0.0056513
0.090087,0.00098966,0.0090889
0.092702,0.00062481,0.013096
0.095357,0.00034282,0.017616
0.098058,0.00014431,0.02254
0.10078,3.0243e-05,0.027796
0.10356,-1.0838e-06,0.033449
0.10638,-5.7723e-05,0.039372
0.10923,-0.00020073,0.045558
0.10511,-0.00016962,0.05158
0.1011,-0.00014129,0.057904
0.097182,-0.00011568,0.064398
0.093391,-9.3128e-05,0.071033
0.089672,-7.2883e-05,0.077796
0.086044,-5.5197e-05,0.084652
0.08253,-4.0266e-05,0.091569
0.079112,-2.7821e-05,0.098476
0.075758,-1.7584e-05,0.10549
0.072531,-9.9248e-06,0.11263
0.070755,3.5812e-05,0.09875
0.069026,0.00022298,0.086394
0.067356,0.00056157,0.075501
0.065729,0.0010436,0.065765
0.064159,0.0016608,0.057173
0.06263,0.0024075,0.049538
0.061051,0.0032861,0.042603
0.059572,0.0042797,0.036643
0.058103,0.0053922,0.031328
0.056684,0.0066157,0.026494
0.05883,0.0039935,0.036274
0.061041,0.0020226,0.047317
0.063319,0.0007083,0.059422
0.065678,6.4995e-05,0.072379
0.068127,-0.00011497,0.086228
0.070663,-0.00088598,0.10075
0.073297,-0.0024102,0.11596
0.076028,-0.0047224,0.1316
0.078876,-0.0078608,0.14781
0.081851,-0.011865,0.16466
0.07368,-0.012488,0.18871
0.065927,-0.013123,0.21305
0.058662,-0.013781,0.23846
0.051843,-0.014458,0.26455
0.04545,-0.015152,0.29129
0.039475,-0.015863,0.31883
0.033932,-0.016594,0.34745
0.028779,-0.017336,0.37636
0.024036,-0.018094,0.4059
0.019717,-0.01887,0.43619
0.023164,-0.021063,0.37718
0.026807,-0.023315,0.32677
0.03066,-0.02563,0.28369
0.034713,-0.02801,0.24632
0.038994,-0.030463,0.21408
0.043488,-0.032988,0.18561
0.048135,-0.035569,0.15864
0.053047,-0.038241,0.13571
0.058169,-0.040988,0.11489
0.063537,-0.043825,0.096757
0.050881,-0.040821,0.091407
0.040017,-0.038066,0.08633
0.030787,-0.035537,0.081521
0.023031,-0.033211,0.07696
0.016617,-0.03107,0.072655
0.011415,-0.029092,0.068373
0.0073141,-0.027265,0.064312
0.0042116,-0.02557,0.060373
0.0020152,-0.023994,0.056546
0.00064839,-0.022523,0.053098
0.00038587,-0.024296,0.06326
0.00018903,-0.026165,0.074386
6.0288e-05,-0.02813,0.086223
2.9533e-06,-0.030196,0.098758
-1.9334e-05,-0.032362,0.11198
-0.00011271,-0.034629,0.1256
-0.00028481,-0.037,0.13997
-0.00054053,-0.039471,0.1541
-0.00087874,-0.042048,0.16895
-0.0013017,-0.04473,0.18414
-0.00047323,-0.048695,0.21864
-4.9046e-05,-0.052898,0.25547
6.708e-05,-0.057346,0.29453
0.00056525,-0.062039,0.33449
0.0015827,-0.066982,0.37629
0.0031529,-0.072175,0.41882
0.0053123,-0.077617,0.46224
0.0080993,-0.083311,0.50667
0.011527,-0.08925,0.54968
0.015645,-0.095436,0.59384
0.016054,-0.086429,0.5642
0.016459,-0.078071,0.53935
0.016875,-0.070316,0.51978
0.017297,-0.063116,0.50408
0.017719,-0.056434,0.49066
0.018159,-0.050237,0.48066
0.018598,-0.044496,0.47172
0.019052,-0.039185,0.46475
0.019511,-0.034282,0.4588
0.019964,-0.029769,0.45287
0.016999,-0.029019,0.4586
0.01429,-0.028291,0.46464
0.011822,-0.027587,0.46994
0.0096028,-0.026903,0.47504
0.0076175,-0.02624,0.47928
0.0058689,-0.025596,0.48343
0.0043518,-0.024972,0.48712
0.0030632,-0.024366,0.49048
0.0020066,-0.023776,0.49427
0.0011733,-0.023202,0.49713
0.0017882,-0.024771,0.51794
0.0025388,-0.026393,0.53755
0.003426,-0.028068,0.55603
0.0044539,-0.029793,0.57422
0.0056235,-0.03157,0.59163
0.0069362,-0.033396,0.60862
0.0084002,-0.035269,0.62558
0.0099971,-0.037197,0.64086
0.011749,-0.039168,0.65633
0.013649,-0.041186,0.67161
0.014996,-0.046006,0.60159
0.016392,-0.050997,0.54342
0.017834,-0.056163,0.49368
0.019321,-0.061504,0.45133
0.020865,-0.067018,0.41406
0.022444,-0.072718,0.38128
0.024075,-0.078597,0.35192
0.025763,-0.084655,0.32559
0.027486,-0.090902,0.30197
0.029269,-0.097332,0.28006
0.030311,-0.093053,0.24767
0.031354,-0.088957,0.21895
0.032399,-0.085032,0.19329
0.03346,-0.081263,0.16995
0.034528,-0.077643,0.14894
0.035606,-0.074164,0.1301
0.036665,-0.070825,0.11342
0.037764,-0.067604,0.098166
0.038862,-0.064504,0.084533
0.039943,-0.061525,0.072381
0.040502,-0.055804,0.0646
0.041069,-0.050521,0.057467
0.041603,-0.045653,0.051194
0.042138,-0.041159,0.045348
0.042663,-0.037014,0.040042
0.043166,-0.033196,0.035234
0.043674,-0.029675,0.030806
0.044164,-0.026436,0.026919
0.044647,-0.023455,0.023402
0.045131,-0.020715,0.020122
0.045684,-0.020282,0.017745
0.046236,-0.019847,0.015526
0.046791,-0.019411,0.013508
0.047337,-0.018975,0.01165
0.04791,-0.018536,0.0099527
0.048482,-0.018097,0.0084296
0.048981,-0.017668,0.0072429
0.049522,-0.017235,0.0061493
0.050084,-0.0168,0.0051137
0.05063,-0.016369,0.0042137
0.054562,-0.016802,0.0038436
0.058712,-0.017229,0.0034149
0.06306,-0.017652,0.0029979
0.067637,-0.01807,0.0025902
0.072418,-0.018484,0.0022081
0.077439,-0.018892,0.0018072
0.082673,-0.019295,0.001442
0.088157,-0.019691,0.0011079
0.093863,-0.020083,0.00081824
0.099837,-0.020467,0.00054554
0.10178,-0.023528,0.000188
0.10378,-0.026813,1.5745e-05
0.10581,-0.030325,-3.0177e-05
0.10785,-0.034065,-0.00020519
0.10996,-0.038037,-0.00054077
0.11205,-0.042241,-0.0009963
0.11422,-0.04668,-0.001612
0.11638,-0.051355,-0.0023291
0.1186,-0.056266,-0.0031805
0.12084,-0.061415,-0.0041011
0.14406,-0.054187,-0.012089
0.16984,-0.047292,-0.023914
0.19838,-0.040737,-0.039276
0.22985,-0.034543,-0.057592
0.26447,-0.028739,-0.078848
0.30241,-0.023357,-0.10255
0.34386,-0.018434,-0.12861
0.38896,-0.01401,-0.15678
0.4379,-0.010123,-0.18699
0.49077,-0.0068135,-0.21887
0.49901,-0.0060909,-0.19872
0.50731,-0.0054098,-0.18403
0.51568,-0.0047699,-0.17351
0.52405,-0.0041704,-0.16562
0.53251,-0.0036119,-0.16005
0.54101,-0.0030936,-0.15578
0.54956,-0.0026156,-0.15266
0.55817,-0.0021779,-0.15056
0.56681,-0.00178,-0.14901
0.57553,-0.0014224,-0.14821
0.59716,-0.0025929,-0.093371
0.6191,-0.0040982,-0.054744
0.64138,-0.0059322,-0.028349
0.66397,-0.0080877,-0.011509
0.68694,-0.010563,-0.0024958
0.71025,-0.01335,2.1006e-05
0.73393,-0.016446,0.0031997
0.75796,-0.019844,0.011291
0.78237,-0.023543,0.02369
0.80714,-0.027535,0.040014
0.77293,-0.032411,0.068773
0.74017,-0.037558,0.10214
0.70876,-0.042961,0.13929
0.67859,-0.048599,0.18002
0.64962,-0.05447,0.22319
0.62174,-0.060557,0.26875
0.59489,-0.066851,0.31637
0.56902,-0.073339,0.36558
0.54408,-0.080023,0.41585
0.52,-0.086879,0.46754
0.51575,-0.093837,0.40398
0.5116,-0.10089,0.35624
0.50753,-0.10803,0.31916
0.50355,-0.11526,0.28925
0.49963,-0.12257,0.26449
0.49578,-0.12997,0.2437
0.49197,-0.13744,0.22588
0.48823,-0.14499,0.21005
0.48454,-0.1526,0.19581
0.48089,-0.16027,0.18334
0.46846,-0.16503,0.17183
0.45638,-0.16988,0.16126
0.44462,-0.17483,0.15167
0.43317,-0.17986,0.14272
0.42201,-0.18499,0.13451
0.41115,-0.19021,0.12706
0.40055,-0.19552,0.12017
0.39023,-0.20091,0.1137
0.38015,-0.20639,0.10767
0.37032,-0.21195,0.10214
0.36996,-0.21706,0.080002
0.36963,-0.2222,0.061851
0.36933,-0.22734,0.04699
0.36904,-0.23251,0.034895
0.36877,-0.23767,0.025115
0.36852,-0.24285,0.017191
0.36829,-0.24805,0.010982
0.36807,-0.25327,0.0063254
0.36787,-0.25848,0.0030483
0.36768,-0.26371,0.00098777
0.35768,-0.25128,8.3864e-05
0.34804,-0.23952,-0.00013284
0.33874,-0.22838,-0.00094958
0.32977,-0.21783,-0.0024351
0.32111,-0.20783,-0.0044827
0.31273,-0.19832,-0.0069709
0.30463,-0.1893,-0.0098651
0.2968,-0.18071,-0.013061
0.28921,-0.17253,-0.016553
0.28187,-0.16475,-0.020362
0.26864,-0.15904,-0.015514
0.25595,-0.15355,-0.012015
0.24376,-0.14827,-0.0094112
0.23207,-0.14318,-0.0074363
0.22084,-0.13829,-0.0059096
0.21006,-0.13357,-0.0047368
0.1997,-0.12902,-0.0038023
0.18976,-0.12462,-0.0030105
0.18022,-0.12038,-0.0023672
0.17106,-0.11628,-0.0018557
0.1833,-0.10773,-0.0029311
0.19594,-0.099567,-0.0041096
0.20897,-0.091779,-0.0053782
0.2224,-0.084337,-0.0067206
0.23624,-0.077249,-0.0081099
0.25049,-0.070504,-0.0094931
0.26515,-0.064085,-0.010874
0.28023,-0.057989,-0.012232
0.29572,-0.052215,-0.013594
0.31164,-0.04676,-0.01501
0.32509,-0.047129,-0.020572
0.33887,-0.047493,-0.026528
0.35297,-0.047845,-0.032709
0.36739,-0.048184,-0.038984
0.38213,-0.048511,-0.045348
0.39718,-0.048829,-0.051856
0.41254,-0.049134,-0.058394
0.42821,-0.049427,-0.065067
0.44417,-0.049703,-0.071781
0.46042,-0.049963,-0.078364
0.45807,-0.049699,-0.096805
0.45573,-0.049431,-0.11569
0.45342,-0.049153,-0.13499
0.45113,-0.048872,-0.15468
0.44886,-0.048586,-0.17473
0.4466,-0.04829,-0.19512
0.44438,-0.047995,-0.216
0.44215,-0.047686,-0.23669
0.43996,-0.047378,-0.25793
0.43776,-0.047058,-0.27913
0.43675,-0.04098,-0.29617
0.43574,-0.035399,-0.31316
0.43474,-0.030292,-0.32994
0.43376,-0.025646,-0.34683
0.43278,-0.02144,-0.36348
0.43181,-0.017655,-0.37957
0.43084,-0.014277,-0.39533
0.42989,-0.011292,-0.4105
0.42893,-0.0086858,-0.42534
0.42799,-0.006446,-0.44015
0.44189,-0.0029535,-0.37581
0.45591,-0.00083023,-0.32399
0.47006,-1.3071e-05,-0.28129
0.48433,0.00045396,-0.24506
0.4988,0.0021138,-0.21439
0.51343,0.0049621,-0.18779
0.52811,0.0089779,-0.16374
0.54298,0.014137,-0.14275
0.55806,0.020419,-0.12431
0.57332,0.027809,-0.108
0.57799,0.037227,-0.10242
0.58265,0.047931,-0.096547
0.58726,0.059897,-0.090482
0.59188,0.073098,-0.084223
0.59648,0.087511,-0.078038
0.6011,0.10311,-0.07214
0.60561,0.11989,-0.066342
0.61017,0.13782,-0.060815
0.61471,0.15687,-0.055548
0.61918,0.17705,-0.050593
0.60307,0.1518,-0.029805
0.58763,0.12933,-0.015947
0.57287,0.10935,-0.0071451
0.55867,0.091614,-0.0021369
0.54502,0.075927,-0.00011468
0.5319,0.062108,0.00052023
0.51926,0.050002,0.0029595
0.50701,0.039475,0.0071235
0.49519,0.030406,0.01276
0.48374,0.02269,0.019609
0.44268,0.012476,0.0094473
0.40488,0.0055196,0.0036997
0.37002,0.0014656,0.00082601
0.3378,1.2433e-05,-2.1211e-07
0.308,-0.00090613,-0.00074629
0.28039,-0.0039336,-0.0027185
0.25472,-0.0089184,-0.0056936
0.23089,-0.015716,-0.009566
0.20868,-0.024213,-0.014213
0.18798,-0.034322,-0.01956
0.18496,-0.036108,-0.0094632
0.18201,-0.037908,-0.0033386
0.1791,-0.039724,-0.00042187
0.17622,-0.041557,0.00022632
0.17337,-0.043409,0.0024088
0.17054,-0.04528,0.0066432
0.16774,-0.04717,0.012692
0.16498,-0.04908,0.020463
0.16224,-0.05101,0.029767
0.15952,-0.052962,0.040537
0.15107,-0.050045,0.030911
0.14308,-0.047315,0.023362
0.13547,-0.044759,0.017492
0.12825,-0.042362,0.012825
0.12139,-0.040112,0.0091767
0.11485,-0.038,0.0063135
0.10864,-0.036013,0.0041333
0.10274,-0.034142,0.0025446
0.097117,-0.032382,0.0014044
0.091776,-0.030722,0.00064508
0.087292,-0.027983,0.0023208
0.082977,-0.025414,0.0047466
0.07882,-0.023007,0.0077612
0.074782,-0.020759,0.011291
0.070888,-0.018658,0.015211
0.067142,-0.016697,0.019446
0.063507,-0.014872,0.023991
0.060005,-0.013175,0.028669
0.056625,-0.011601,0.033505
0.05337,-0.010145,0.038398
0.068751,-0.010531,0.03063
0.086736,-0.010916,0.023626
0.10759,-0.011296,0.017507
0.13161,-0.011671,0.012395
0.15907,-0.012037,0.0081917
0.19025,-0.012395,0.0049156
0.22541,-0.012742,0.0025185
0.26485,-0.013078,0.00093015
0.30881,-0.013401,0.00012917
0.3576,-0.013707,-5.3334e-05
0.34435,-0.015679,0.00098891
0.3316,-0.017743,0.0042567
0.31927,-0.019897,0.0090065
0.30733,-0.022139,0.014645
0.29579,-0.024463,0.020857
0.28464,-0.026864,0.027508
0.27377,-0.02935,0.034435
0.2633,-0.031903,0.041531
0.25316,-0.034526,0.048673
0.24325,-0.037227,0.055891
0.2281,-0.024759,0.046689
0.21386,-0.015151,0.039782
0.2005,-0.0081023,0.034409
0.18793,-0.003365,0.030091
0.17603,-0.00072798,0.026618
0.16483,1.0276e-05,0.023778
0.15422,0.0010659,0.021398
0.14416,0.0037762,0.019292
0.13456,0.0080453,0.017477
0.12543,0.013806,0.015851
0.1263,0.012555,0.01648
0.12718,0.011369,0.017016
0.12804,0.010245,0.017472
0.12892,0.0091849,0.017943
0.1298,0.0081861,0.018361
0.13066,0.0072478,0.018666
0.13156,0.0063715,0.018968
0.13242,0.0055528,0.019226
0.13328,0.004793,0.019467
0.13417,0.0040925,0.019664
0.12213,0.0025184,0.017184
0.11098,0.0013661,0.0152
0.10065,0.00058935,0.013552
0.091086,0.00014642,0.012102
0.082263,1.7605e-07,0.010888
0.074085,-0.00011684,0.0098597
0.066534,-0.00046651,0.0089879
0.059576,-0.0010221,0.008307
0.053168,-0.0017597,0.007717
0.047265,-0.0026585,0.0071789
0.045042,-0.0024749,0.0076976
0.042902,-0.0023056,0.0082056
0.04084,-0.0021497,0.0086806
0.03886,-0.002006,0.0091428
0.036946,-0.0018743,0.0095948
0.03513,-0.0017519,0.0099477
0.033376,-0.0016397,0.010256
0.031685,-0.0015371,0.010472
0.03006,-0.001443,0.010638
0.028502,-0.0013568,0.01084
0.029001,-0.0015283,0.0043189
0.02949,-0.0017032,0.00080161
0.029971,-0.0018843,-6.7404e-05
0.030465,-0.0020743,-0.001911
0.030963,-0.0022776,-0.0061812
0.031491,-0.0024965,-0.012816
0.032044,-0.0027354,-0.021798
0.0326,-0.003,-0.033031
0.033211,-0.0032901,-0.046624
0.033854,-0.0036109,-0.062666
0.035439,-0.0038482,-0.058808
0.037055,-0.0040936,-0.055165
0.03871,-0.0043464,-0.051802
0.040397,-0.0046071,-0.048834
0.042139,-0.0048737,-0.046052
0.043907,-0.0051481,-0.043362
0.045715,-0.0054294,-0.040862
0.047569,-0.0057169,-0.038647
0.049464,-0.0060109,-0.036582
0.051385,-0.0063121,-0.034526
0.053921,-0.0057329,-0.021294
0.056483,-0.0051883,-0.01167
0.05908,-0.0046751,-0.005126
0.061721,-0.0041905,-0.0012938
0.064431,-0.003732,-1.8609e-06
0.067227,-0.0032983,0.0010462
0.070069,-0.0028896,0.0042821
0.073027,-0.0025045,0.0095377
0.076079,-0.0021435,0.016719
0.079247,-0.0018068,0.025762
0.071432,-0.0025632,0.026844
0.064184,-0.0034275,0.027919
0.057462,-0.0043914,0.029059
0.051221,-0.0054481,0.030148
0.045459,-0.0065906,0.031288
0.040123,-0.0078143,0.03258
0.035212,-0.0091143,0.033914
0.03069,-0.010487,0.035196
0.026526,-0.011931,0.036467
0.022718,-0.013443,0.037904
0.026173,-0.013993,0.036661
0.029931,-0.014557,0.035347
0.034003,-0.015136,0.034092
0.038406,-0.01573,0.033001
0.043155,-0.016337,0.031952
0.048258,-0.01696,0.030841
0.05374,-0.017597,0.029797
0.059598,-0.018248,0.028855
0.065843,-0.018912,0.027914
0.072511,-0.019591,0.027
0.075541,-0.014471,0.015443
0.078593,-0.010204,0.0075279
0.081662,-0.0067274,0.0026048
0.084764,-0.0039973,0.00028753
0.087913,-0.0019841,-0.00025418
0.09112,-0.00067074,-0.0023045
0.094401,-5.2232e-05,-0.0062886
0.097728,0.0001334,-0.011996
0.10118,0.0009271,-0.019425
0.10471,0.0024538,-0.028517
0.11547,0.0015745,-0.026771
0.12695,0.00088131,-0.025228
0.13917,0.00038258,-0.023848
0.15218,8.6408e-05,-0.022662
0.166,-1.2224e-06,-0.021608
0.18068,-0.00013557,-0.020594
0.19623,-0.00049775,-0.019688
0.21269,-0.0010959,-0.018888
0.23011,-0.0019382,-0.018135
0.24843,-0.0030298,-0.017482
0.24067,-0.0047397,-0.02635
0.2331,-0.0068053,-0.03646
0.22572,-0.0092164,-0.047589
0.21852,-0.011965,-0.059487
0.21149,-0.015045,-0.072133
0.2046,-0.018445,-0.085582
0.19787,-0.022164,-0.099623
0.19128,-0.026195,-0.1141
0.18483,-0.030534,-0.12905
0.17849,-0.035174,-0.14465
0.17079,-0.029388,-0.10925
0.16341,-0.024267,-0.081794
0.15637,-0.01976,-0.060381
0.14963,-0.015815,-0.043748
0.14316,-0.012389,-0.03069
0.13695,-0.0094448,-0.020593
0.131,-0.0069514,-0.012951
0.12527,-0.0048785,-0.0073878
0.11974,-0.0032005,-0.0035593
0.11443,-0.0018961,-0.0011716
0.10911,-0.0027974,0.00036802
0.10399,-0.0038639,0.0049008
0.099088,-0.0050961,0.01415
0.094323,-0.0064922,0.027557
0.089682,-0.0080532,0.044762
0.08516,-0.0097808,0.065699
0.080727,-0.011676,0.090021
0.07638,-0.013742,0.11774
0.072091,-0.01598,0.14861
0.067875,-0.018393,0.18211
0.06707,-0.0211,0.1828
0.066268,-0.02398,0.18415
0.065474,-0.027033,0.18578
0.064678,-0.030257,0.1874
0.063885,-0.033653,0.18917
0.063097,-0.03722,0.1912
0.062315,-0.040956,0.19341
0.061539,-0.044863,0.19593
0.060778,-0.048939,0.19849
0.059998,-0.053183,0.20149
0.051783,-0.051564,0.16514
0.044454,-0.050051,0.13642
0.037918,-0.048629,0.1134
0.032106,-0.047288,0.09466
0.026947,-0.046022,0.079271
0.022386,-0.044821,0.066374
0.018372,-0.04368,0.055587
0.014853,-0.042593,0.046504
0.011796,-0.041556,0.038798
0.0091638,-0.040564,0.032201
0.010366,-0.038172,0.022266
0.011612,-0.035948,0.01457
0.012916,-0.033864,0.0086797
0.014272,-0.031903,0.0044016
0.015679,-0.03005,0.0016296
0.017145,-0.028286,0.000218
0.018667,-0.026601,-0.00010507
0.020248,-0.024982,-0.0011835
0.021896,-0.02342,-0.0033811
0.023609,-0.021908,-0.0066933
0.023196,-0.019048,-0.0064747
0.022791,-0.01643,-0.0063321
0.022398,-0.014043,-0.0062581
0.022018,-0.011873,-0.0063164
0.021655,-0.0099124,-0.006445
0.021299,-0.0081523,-0.0065844
0.020955,-0.0065838,-0.0067791
0.020624,-0.0051985,-0.0070764
0.020303,-0.0039897,-0.0074233
0.019987,-0.0029515,-0.007764
0.019042,-0.0037357,-0.0065691
0.018123,-0.0046065,-0.0055786
0.017232,-0.0055631,-0.0047017
0.016359,-0.0066076,-0.003924
0.015506,-0.0077403,-0.0032376
0.014681,-0.008959,-0.0026032
0.013879,-0.010266,-0.0020566
0.013097,-0.011663,-0.0015976
0.012333,-0.013154,-0.0012059
0.011595,-0.014735,-0.00086943
0.011826,-0.013331,-0.001529
0.012051,-0.012011,-0.0023526
0.012281,-0.010769,-0.0033048
0.012511,-0.0096027,-0.0043225
0.012737,-0.0085132,-0.0054035
0.012969,-0.0074933,-0.0066031
0.013199,-0.0065442,-0.0078661
0.013428,-0.0056649,-0.0091256
0.013664,-0.0048494,-0.01044
0.013894,-0.0041022,-0.011835
0.014582,-0.0042276,-0.0096581
0.015283,-0.0043562,-0.0077121
0.016004,-0.0044855,-0.0060377
0.016742,-0.0046179,-0.0046621
0.017502,-0.0047515,-0.0034981
0.018283,-0.004887,-0.0024902
0.019089,-0.0050237,-0.0016733
0.019915,-0.0051636,-0.0010506
0.020769,-0.0053046,-0.0005828
0.021652,-0.005446,-0.00024881
0.018383,-0.0050559,-0.00076142
0.015461,-0.0046931,-0.0015084
0.012871,-0.0043504,-0.0024326
0.010575,-0.0040339,-0.0034809
0.0085497,-0.0037426,-0.004593
0.0067927,-0.0034656,-0.0057836
0.0052748,-0.0032065,-0.007027
0.0039757,-0.0029658,-0.0082952
0.0028877,-0.0027359,-0.0096217
0.0019883,-0.002521,-0.010984
0.002398,-0.0020068,-0.0067835
0.0028368,-0.0015768,-0.0037997
0.0033108,-0.0012125,-0.0017519
0.0038142,-0.00090604,-0.00050803
0.0043522,-0.00064687,-1.2629e-05
0.004928,-0.00042973,0.00022856
0.0055414,-0.00025371,0.0011506
0.0062019,-0.00011941,0.0028446
0.006903,-3.2813e-05,0.0053587
0.0076572,-5.8105e-08,0.0087485
0.0078912,2.3778e-05,0.0052225
0.0081272,9.7718e-05,0.0026966
0.00836,0.00021903,0.0010287
0.0085902,0.00038653,0.00015174
0.0088292,0.00060308,-5.1753e-05
0.0090737,0.00087082,-0.00069864
0.0093259,0.001194,-0.0020936
0.0095897,0.0015787,-0.0042775
0.0098585,0.0020282,-0.0072753
0.010143,0.002553,-0.011035
0.0091205,0.0035577,-0.014997
0.0081443,0.0047401,-0.019613
0.0072138,0.0061086,-0.024866
0.0063243,0.0076677,-0.030677
0.005488,0.0094372,-0.037137
0.0046964,0.011417,-0.044355
0.0039586,0.013628,-0.05226
0.0032764,0.016081,-0.060893
0.0026431,0.018767,-0.070248
0.0020729,0.02172,-0.080182
0.0019877,0.021747,-0.061507
0.0019082,0.021756,-0.046212
0.0018313,0.021743,-0.033844
0.0017587,0.021714,-0.024066
0.0016889,0.02167,-0.016345
0.0016229,0.021615,-0.010402
0.0015607,0.021554,-0.0059502
0.0015,0.021482,-0.0028172
0.0014399,0.021398,-0.00088725
0.0013839,0.021317,-5.1517e-05
0.0009047,0.021482,-7.0266e-05
0.00052945,0.021646,-8.7188e-05
0.00025338,0.021791,-9.7729e-05
7.8619e-05,0.021937,-0.00010713
3.4118e-06,0.022086,-0.0001182
-2.6816e-05,0.022229,-0.00013501
-0.0001495,0.022368,-0.0001521
-0.00037137,0.02251,-0.00016347
-0.00069099,0.022667,-0.00017862
-0.0011138,0.022816,-0.00019808
-0.00093931,0.024439,-0.00042998
-0.00077913,0.026121,-0.00076201
-0.00063094,0.027875,-0.0011742
-0.00049833,0.029686,-0.0016564
-0.00037966,0.031567,-0.0022057
-0.00027637,0.033511,-0.0028021
-0.00018855,0.035523,-0.003451
-0.00011764,0.037592,-0.004186
-6.1939e-05,0.039746,-0.0049812
-2.4346e-05,0.041949,-0.0058127
-0.00015437,0.038773,-0.0069871
-0.00039247,0.035789,-0.0082347
-0.00073543,0.032979,-0.0095127
-0.0011796,0.030334,-0.01072
-0.0017208,0.027847,-0.011937
-0.0023572,0.025504,-0.01321
-0.0030862,0.023297,-0.014483
-0.0039098,0.021212,-0.015689
-0.0048229,0.019248,-0.016886
-0.0058243,0.0174,-0.018158
-0.0053928,0.01826,-0.01657
-0.0049755,0.019139,-0.015049
-0.0045779,0.020032,-0.013628
-0.0041948,0.020944,-0.012398
-0.0038301,0.021873,-0.011273
-0.0034795,0.022825,-0.010259
-0.0031459,0.023796,-0.0093251
-0.0028311,0.024785,-0.008454
-0.002533,0.025796,-0.0076337
-0.0022493,0.026832,-0.0068292
-0.0028968,0.027367,-0.0041768
-0.0036272,0.027908,-0.0022201
-0.0044439,0.028453,-0.00090039
-0.0053448,0.029006,-0.00016683
-0.0063372,0.029561,1.5389e-05
-0.0074201,0.030124,0.00040518
-0.0086017,0.030688,0.0012975
-0.0098803,0.031257,0.0027176
-0.011262,0.03183,0.0046303
-0.012752,0.032405,0.0070515
-0.013008,0.034977,0.0060221
-0.013266,0.037673,0.0050829
-0.013519,0.0405,0.004236
-0.013771,0.043458,0.0034948
-0.014038,0.046542,0.0028887
-0.014285,0.049773,0.0023032
-0.014532,0.053144,0.0017988
-0.014783,0.056654,0.0013915
-0.01503,0.06031,0.0010429
-0.015277,0.064112,0.00074054
-0.018089,0.060023,1.44e-05
-0.021122,0.056125,-0.00033377
-0.024375,0.052398,-0.0015433
-0.027846,0.048828,-0.0035742
-0.031548,0.045401,-0.0063277
-0.035485,0.042108,-0.0097967
-0.039655,0.038938,-0.013859
-0.044075,0.035886,-0.018415
-0.048743,0.032948,-0.023456
-0.053675,0.030121,-0.028855
-0.053717,0.025002,-0.030236
-0.05375,0.020434,-0.031813
-0.05379,0.016388,-0.033469
-0.053828,0.012838,-0.035029
-0.053868,0.0097598,-0.036573
-0.0539,0.0071324,-0.038133
-0.053938,0.0049391,-0.039743
-0.053969,0.0031624,-0.04143
-0.054006,0.0017906,-0.043107
-0.05404,0.00081171,-0.044709
-0.050742,0.00047294,-0.051494
-0.047594,0.00022742,-0.058553
-0.044577,7.1761e-05,-0.065926
-0.041689,3.6891e-06,-0.073723
-0.038917,-2.105e-05,-0.081829
-0.036252,-0.00012239,-0.090277
-0.033694,-0.00030648,-0.099
-0.031235,-0.0005725,-0.10785
-0.02887,-0.00092004,-0.11689
-0.0266,-0.0013485,-0.12622
-0.025034,-0.0012944,-0.10144
-0.023581,-0.0012464,-0.080894
-0.022228,-0.0012042,-0.063902
-0.020969,-0.0011663,-0.049763
-0.019796,-0.0011326,-0.038084
-0.018696,-0.0011032,-0.028623
-0.017667,-0.0010769,-0.020912
-0.016699,-0.001054,-0.014646
-0.015791,-0.0010336,-0.0097027
-0.014934,-0.0010159,-0.0059695
-0.013525,-0.001272,-0.009213
-0.012188,-0.0015558,-0.012997
-0.010919,-0.0018684,-0.017373
-0.0097198,-0.0022099,-0.022371
-0.0085853,-0.0025823,-0.027957
-0.0075176,-0.0029865,-0.034001
-0.0065129,-0.003425,-0.0406
-0.0055738,-0.0038988,-0.047875
-0.0047006,-0.0044101,-0.055715
-0.0038936,-0.0049612,-0.063978
-0.0044007,-0.0048836,-0.049494
-0.0049367,-0.004809,-0.037652
-0.0054966,-0.0047384,-0.027952
-0.0060833,-0.0046703,-0.020133
-0.0066943,-0.0046049,-0.013811
-0.0073329,-0.0045408,-0.0088295
-0.0079987,-0.004478,-0.0050698
-0.0086918,-0.0044163,-0.0024004
-0.0094123,-0.0043556,-0.00073587
-0.010162,-0.0042954,-2.658e-05
-0.0090534,-0.00559,5.8046e-05
-0.0080083,-0.0070559,0.00042059
-0.0070172,-0.0087009,0.0011059
-0.0060797,-0.010534,0.0020929
-0.0051945,-0.012564,0.0033812
-0.0043592,-0.014805,0.0050075
-0.0035787,-0.017267,0.0069629
-0.0028557,-0.019965,0.0092333
-0.0021961,-0.022909,0.011828
-0.0016107,-0.026117,0.014845
-0.0011033,-0.022693,0.018422
-0.0007006,-0.019579,0.022246
-0.00039474,-0.016752,0.026344
-0.0001791,-0.014189,0.030681
-4.9101e-05,-0.011873,0.035256
-5.0883e-07,-0.0097873,0.040162
3.0644e-05,-0.0079177,0.045366
0.00013792,-0.0062545,0.050758
0.00032202,-0.0047895,0.05642
0.00058489,-0.0035166,0.062481
0.0010544,-0.0016959,0.052482
0.0016329,-0.00057441,0.043915
0.0023071,-5.6438e-05,0.036522
0.0030713,7.0048e-05,0.030202
0.0039298,0.00057194,0.02468
0.0048865,0.0015476,0.019858
0.0059525,0.0030102,0.015602
0.0071506,0.0050012,0.011746
0.0084943,0.0075764,0.0083869
0.010005,0.010811,0.005518
0.0095562,0.012841,0.0037874
0.0091161,0.015071,0.0024162
0.0086841,0.017516,0.0013577
0.0082623,0.020195,0.00059919
0.0078484,0.023121,0.0001476
0.0074436,0.026315,1.4662e-08
0.0070461,0.029793,-0.00014062
0.0066598,0.033582,-0.00057683
0.0062811,0.037693,-0.0013083
0.0059078,0.042142,-0.0023221
0.0066154,0.052121,-0.0025357
0.0074073,0.063602,-0.0027344
0.0082921,0.076702,-0.0029464
0.0092786,0.091535,-0.0032007
0.010372,0.1082,-0.0034647
0.011578,0.1268,-0.0037018
0.012905,0.14743,-0.0039391
0.014363,0.17019,-0.0042125
0.01595,0.19513,-0.0044894
0.017683,0.22237,-0.0047821
0.022022,0.21954,-0.0054016
0.026822,0.21678,-0.0060602
0.032077,0.21406,-0.0067929
0.037792,0.2114,-0.007616
0.043967,0.20879,-0.0085018
0.050586,0.20619,-0.0094333
0.057666,0.20365,-0.010415
0.065207,0.20115,-0.011398
0.073207,0.19869,-0.012432
0.081649,0.19624,-0.013536
0.078868,0.17885,-0.0044089
0.076183,0.16278,-0.00043624
0.073599,0.14795,0.00043604
0.071098,0.13421,0.0035174
0.068688,0.12149,0.0090708
0.066359,0.10972,0.016694
0.064073,0.098772,0.026
0.061878,0.088653,0.036778
0.059748,0.079275,0.048845
0.057674,0.070584,0.062183
0.055633,0.067321,0.046938
0.053701,0.064231,0.034798
0.051871,0.061303,0.025244
0.050128,0.058515,0.017826
0.048461,0.055852,0.012092
0.046861,0.053303,0.0076959
0.045346,0.050885,0.0044475
0.043875,0.04855,0.0022094
0.042481,0.046333,0.00079808
0.041141,0.044208,0.00010278
0.044915,0.042527,0.00012402
0.048889,0.040903,0.00014753
0.053011,0.039277,0.00016275
0.057348,0.037712,0.00018589
0.061861,0.036167,0.00020663
0.06653,0.034624,0.00022506
0.071414,0.033132,0.00024311
0.076492,0.03167,0.00025906
0.081767,0.030236,0.00027288
0.087247,0.028835,0.0002786
0.0888,0.032711,-0.00033154
0.090389,0.036855,-0.0026562
0.091994,0.041261,-0.0069927
0.093628,0.045943,-0.013064
0.095313,0.050925,-0.020736
0.097043,0.056208,-0.029905
0.098798,0.061782,-0.040367
0.10058,0.067651,-0.051901
0.10241,0.073845,-0.064482
0.10427,0.080339,-0.078095
0.10502,0.070807,-0.074586
0.10577,0.062032,-0.072008
0.1065,0.053955,-0.070313
0.1072,0.046542,-0.069281
0.10794,0.039792,-0.068738
0.10863,0.033629,-0.068767
0.10934,0.028066,-0.069093
0.11004,0.02306,-0.069745
0.11073,0.018585,-0.070697
0.11141,0.01463,-0.071753
0.10208,0.014993,-0.062166
0.093329,0.015355,-0.053976
0.085119,0.015709,-0.046912
0.07745,0.016069,-0.040608
0.07027,0.016422,-0.03509
0.063558,0.016771,-0.030121
0.057316,0.017127,-0.025746
0.051472,0.017464,-0.021802
0.046064,0.017815,-0.018362
0.041035,0.018158,-0.015352
0.041253,0.016488,-0.01729
0.041472,0.014909,-0.01923
0.04171,0.013428,-0.021236
0.041942,0.012029,-0.023349
0.042186,0.010719,-0.025529
0.042437,0.0094949,-0.027845
0.042688,0.0083486,-0.030236
0.042944,0.0072831,-0.032602
0.043202,0.0062943,-0.035008
0.043468,0.0053837,-0.037341
0.046504,0.0056333,-0.035863
0.04966,0.0058893,-0.034437
0.052938,0.0061516,-0.033052
0.056353,0.0064245,-0.031808
0.059921,0.0067126,-0.030551
0.063609,0.0070048,-0.029304
0.06745,0.0073108,-0.028047
0.071428,0.0076247,-0.02686
0.075557,0.0079508,-0.025698
0.079822,0.0082842,-0.024514
0.077747,0.0072381,-0.016556
0.07574,0.0062851,-0.010393
0.0738,0.0054194,-0.0058658
0.071924,0.0046351,-0.0027654
0.07009,0.0039236,-0.00087456
0.068308,0.0032828,-5.1329e-05
0.066581,0.0027096,0.00020679
0.06489,0.0021979,0.0012322
0.063221,0.0017433,0.0030476
0.061607,0.0013479,0.0056117
0.063177,0.0016174,0.0034227
0.064768,0.0019116,0.0018184
0.066372,0.0022293,0.00075377
0.068008,0.0025737,0.00015606
0.069657,0.0029423,-3.8111e-06
0.071339,0.0033384,-0.00024448
0.073053,0.0037624,-0.00083117
0.07477,0.0042098,-0.0017013
0.076528,0.0046873,-0.0028389
0.0783,0.0051907,-0.0042429
0.077746,0.0065526,-0.0083475
0.077201,0.0080755,-0.01366
0.076646,0.0097576,-0.020076
0.076096,0.011604,-0.027388
0.075555,0.013617,-0.035602
0.075011,0.015797,-0.044528
0.074477,0.01815,-0.054231
0.073942,0.020675,-0.064684
0.073402,0.023373,-0.075793
0.072875,0.026253,-0.087721
0.075366,0.032681,-0.10651
0.077984,0.040002,-0.12673
0.080715,0.048258,-0.14833
0.083588,0.057506,-0.17101
0.086592,0.067786,-0.19466
0.089706,0.079129,-0.21927
0.09297,0.091585,-0.24439
0.096357,0.10518,-0.26996
0.099882,0.11993,-0.29602
0.10354,0.13587,-0.32224
0.094919,0.14415,-0.26901
0.086847,0.15251,-0.22655
0.079269,0.16098,-0.19175
0.072128,0.16955,-0.16256
0.065406,0.17823,-0.13786
0.059092,0.18703,-0.117
0.053148,0.19595,-0.099058
0.047563,0.205,-0.083823
0.042331,0.21418,-0.070511
0.037424,0.22349,-0.059067
0.041066,0.20141,-0.054382
0.044767,0.18111,-0.050039
0.048529,0.16245,-0.045979
0.052353,0.14529,-0.042046
0.056231,0.12952,-0.038403
0.060159,0.11504,-0.035007
0.064135,0.10173,-0.031841
0.068125,0.089539,-0.028906
0.072166,0.078365,-0.026207
0.076265,0.068139,-0.023676
0.077338,0.070449,-0.048123
0.07843,0.072816,-0.07941
0.079548,0.075245,-0.11665
0.080699,0.077735,-0.15925
0.081876,0.080291,-0.2063
0.083084,0.082912,-0.25753
0.084325,0.085596,-0.31204
0.085579,0.08835,-0.36909
0.086871,0.091163,-0.42829
0.088186,0.094037,-0.48949
0.088536,0.084675,-0.47992
0.088915,0.075976,-0.47347
0.089295,0.067909,-0.46974
0.089687,0.060427,-0.46856
0.090083,0.0535,-0.46896
0.090484,0.047096,-0.47004
0.090893,0.041186,-0.47204
0.091299,0.035753,-0.47442
0.091719,0.030766,-0.47745
0.092139,0.026213,-0.48109
0.093806,0.0212,-0.37316
0.095486,0.016868,-0.28921
0.09717,0.013147,-0.22287
0.098864,0.0099739,-0.16977
0.10057,0.0073021,-0.12715
0.10228,0.0050916,-0.093051
0.104,0.0033097,-0.065816
0.10573,0.0019297,-0.044397
0.10747,0.00093192,-0.027849
0.10923,0.00029775,-0.015573
0.1035,2.6343e-05,-0.022908
0.098001,-4.6371e-05,-0.031063
0.092702,-0.00034487,-0.039812
0.087605,-0.00091186,-0.049154
0.082695,-0.0017396,-0.058864
0.077944,-0.0028183,-0.068892
0.073362,-0.0041458,-0.079152
0.068939,-0.0057185,-0.089717
0.064663,-0.0075328,-0.1005
0.060531,-0.0095878,-0.11131
0.060069,-0.0082624,-0.071321
0.059621,-0.0070945,-0.042281
0.059202,-0.0060668,-0.021909
0.058798,-0.0051546,-0.0086764
0.058409,-0.0043421,-0.0016621
0.058027,-0.0036148,8.8214e-05
0.057651,-0.0029629,0.0033656
0.05728,-0.0023799,0.011171
0.056907,-0.0018593,0.023252
0.056535,-0.0014001,0.039288
0.054777,-0.0018743,0.026447
0.053097,-0.0024105,0.016865
0.051481,-0.0030074,0.0098159
0.049916,-0.0036613,0.0048796
0.048401,-0.0043739,0.0017611
0.046926,-0.0051437,0.00022595
0.045493,-0.0059739,-0.00011503
0.044085,-0.0068588,-0.0012702
0.042709,-0.0078046,-0.0035565
0.041354,-0.0088092,-0.0069087
0.04224,-0.005913,-0.0092685
0.043124,-0.0036115,-0.011756
0.044009,-0.0018841,-0.014378
0.044899,-0.00071738,-0.01716
0.045798,-0.00010361,-0.020047
0.046711,4.1544e-05,-0.022954
0.047643,0.00053467,-0.025933
0.048589,0.0015926,-0.029054
0.049564,0.003227,-0.032216
0.050558,0.0054568,-0.035371
0.048781,0.0056568,-0.029847
0.047062,0.0058532,-0.025232
0.045388,0.0060479,-0.02136
0.043769,0.0062387,-0.018061
0.042193,0.0064275,-0.015284
0.040663,0.0066134,-0.012869
0.039176,0.0067968,-0.010802
0.037734,0.0069772,-0.0090332
0.036329,0.0071556,-0.0075437
0.034964,0.0073312,-0.0061974
0.038615,0.012383,-0.0018246
0.042573,0.018983,-3.9293e-05
0.046885,0.02732,0.00092637
0.051576,0.037603,0.0045647
0.056706,0.050056,0.010979
0.062291,0.064902,0.020262
0.068367,0.082369,0.032405
0.074985,0.10269,0.047175
0.082158,0.12606,0.064563
0.089878,0.15267,0.08428
0.092226,0.15314,0.076949
0.094601,0.15362,0.071396
0.096996,0.1541,0.067087
0.099418,0.15457,0.063477
0.10187,0.15505,0.060697
0.10434,0.15553,0.058463
0.10684,0.156,0.056701
0.10936,0.15647,0.055423
0.11191,0.15695,0.054488
0.11448,0.15742,0.053775
0.11395,0.14018,0.030626
0.11344,0.12444,0.015321
0.11293,0.11003,0.0058936
0.11241,0.096835,0.0010991
0.1119,0.084778,-5.7402e-05
0.11138,0.073751,-0.0020963
0.11087,0.063696,-0.0067245
0.11036,0.054545,-0.013555
0.10985,0.04623,-0.022306
0.10934,0.03871,-0.032878
0.10511,0.035645,-0.042077
0.10103,0.032761,-0.05207
0.097082,0.030046,-0.06295
0.093254,0.027479,-0.074664
0.089551,0.025065,-0.087192
0.085955,0.022787,-0.1003
0.082467,0.020645,-0.1141
0.079082,0.018632,-0.12868
0.075789,0.016739,-0.1439
0.072584,0.014961,-0.16
0.077004,0.014561,-0.13343
0.08149,0.01417,-0.11064
0.086042,0.01378,-0.091146
0.09068,0.013402,-0.074555
0.095397,0.013022,-0.06034
0.10021,0.01265,-0.048004
0.10513,0.012287,-0.037492
0.11016,0.011921,-0.02869
0.11531,0.011575,-0.021272
0.12059,0.011233,-0.015135
0.12663,0.011222,-0.026658
0.13292,0.011234,-0.040784
0.13945,0.011249,-0.057178
0.14623,0.011269,-0.075689
0.15326,0.011296,-0.095934
0.16053,0.011323,-0.11748
0.16806,0.011349,-0.14017
0.17584,0.011383,-0.16407
0.18389,0.01142,-0.18887
0.19219,0.011459,-0.2143
0.19245,0.011003,-0.1716
0.19277,0.01058,-0.13783
0.19313,0.010179,-0.11062
0.19351,0.0097866,-0.088297
0.19393,0.0094254,-0.07007
0.19437,0.0090696,-0.055177
0.19485,0.0087433,-0.042929
0.19533,0.0084199,-0.032923
0.19583,0.0081069,-0.024734
0.19636,0.0078127,-0.017953
0.19721,0.0069698,-0.026209
0.19804,0.0061722,-0.035076
0.19888,0.0054326,-0.044437
0.19971,0.0047357,-0.054161
0.20054,0.0040925,-0.064108
0.20136,0.0034952,-0.074053
0.20218,0.0029466,-0.084054
0.203,0.0024488,-0.094288
0.20382,0.0019973,-0.10454
0.20462,0.0015925,-0.11497
0.22372,0.0026857,-0.099455
0.24384,0.0040676,-0.085869
0.26502,0.0057396,-0.073947
0.28734,0.0077237,-0.063292
0.31077,0.010012,-0.053913
0.3354,0.012624,-0.045826
0.36123,0.015561,-0.038702
0.38828,0.018828,-0.032456
0.41653,0.022405,-0.027017
0.44605,0.026325,-0.022142
0.43953,0.027056,-0.017621
0.43317,0.027771,-0.013802
0.42694,0.028452,-0.010575
0.42087,0.029132,-0.007806
0.41489,0.02976,-0.0055072
0.40907,0.030391,-0.0036558
0.40335,0.030985,-0.0022112
0.39777,0.031575,-0.0011707
0.39229,0.032138,-0.00047257
0.38695,0.03269,-9.7561e-05
0.37758,0.031698,-0.0035347
0.36849,0.030746,-0.010661
0.35964,0.029824,-0.020317
0.35103,0.028937,-0.031672
0.34264,0.028078,-0.044281
0.33448,0.027264,-0.057721
0.32646,0.026433,-0.071569
0.31868,0.025659,-0.086066
0.31109,0.02491,-0.10097
0.30364,0.024162,-0.11618
0.29882,0.024154,-0.097877
0.29415,0.02415,-0.083661
0.28963,0.024166,-0.072288
0.28523,0.024182,-0.062925
0.28094,0.024201,-0.055149
0.27679,0.02424,-0.048622
0.27273,0.024279,-0.043048
0.26879,0.024331,-0.038409
0.26494,0.024388,-0.034395
0.26118,0.024448,-0.031014
0.27712,0.026474,-0.037946
0.29371,0.028611,-0.044841
0.31091,0.030826,-0.051713
0.32876,0.033154,-0.058622
0.34724,0.035569,-0.06546
0.36637,0.038088,-0.072033
0.3861,0.040682,-0.078264
0.4065,0.04339,-0.084445
0.42751,0.046183,-0.090449
0.44913,0.049062,-0.09639
0.44782,0.05207,-0.093326
0.44651,0.055113,-0.090999
0.44525,0.058216,-0.089117
0.44398,0.061344,-0.087452
0.44275,0.064525,-0.086055
0.44156,0.067765,-0.084968
0.44035,0.071013,-0.08403
0.43918,0.074311,-0.083156
0.43802,0.077641,-0.082377
0.43689,0.081015,-0.081721
0.43838,0.088259,-0.062072
0.43989,0.095766,-0.046256
0.44141,0.10353,-0.033645
0.44292,0.11153,-0.023557
0.44446,0.11979,-0.015676
0.44598,0.12828,-0.0096662
0.44751,0.13702,-0.0052632
0.44906,0.146,-0.0023022
0.45061,0.15522,-0.00058424
0.4521,0.16463,-6.5297e-07
0.45193,0.16317,4.7024e-05
0.45176,0.16175,0.00019545
0.45155,0.16034,0.00042627
0.45134,0.15899,0.00069314
0.45112,0.15767,0.00098919
0.45091,0.15638,0.0012845
0.45069,0.15513,0.0015811
0.45043,0.15391,0.0018975
0.45019,0.15272,0.002204
0.44995,0.15156,0.0025066
0.45589,0.14382,0.0040595
0.46187,0.13641,0.0058811
0.46788,0.12932,0.0079547
0.47394,0.12253,0.0103
0.47999,0.11603,0.0129
0.48612,0.10981,0.015599
0.49225,0.10385,0.018442
0.49842,0.098137,0.021343
0.50464,0.092672,0.024378
0.51088,0.08744,0.027516
0.47258,0.092691,0.04513
0.43655,0.097936,0.065021
0.40261,0.10317,0.086551
0.37064,0.1084,0.10959
0.34051,0.11361,0.13381
0.31214,0.11882,0.15882
0.28542,0.12402,0.1847
0.26024,0.12922,0.21155
0.23655,0.13442,0.23917
0.21428,0.13961,0.26767
0.19653,0.13638,0.20998
0.18,0.13336,0.1657
0.1646,0.13054,0.13096
0.15025,0.1279,0.10342
0.13685,0.12541,0.081271
0.12437,0.12306,0.063078
0.11272,0.12084,0.048214
0.10188,0.11874,0.036011
0.091784,0.11675,0.026133
0.082393,0.11486,0.018164
0.082079,0.10513,0.018256
0.081796,0.096035,0.018286
0.081526,0.087541,0.018194
0.081292,0.07961,0.018132
0.081065,0.072212,0.018009
0.080863,0.065314,0.017958
0.080685,0.058889,0.017883
0.080535,0.052909,0.01782
0.080396,0.047352,0.017771
0.080267,0.042197,0.0177
0.080106,0.039823,0.0084806
0.07992,0.037572,0.0027796
0.079713,0.035431,0.00022513
0.079495,0.033389,-0.00044278
0.079252,0.031439,-0.0031143
0.079004,0.029571,-0.0080663
0.078748,0.027778,-0.015096
0.07849,0.026054,-0.024112
0.07823,0.024396,-0.034935
0.077963,0.0228,-0.047462
0.07759,0.019796,-0.05596
0.077261,0.017008,-0.064796
0.076941,0.01444,-0.074099
0.076627,0.012088,-0.083845
0.07626,0.0099571,-0.093745
0.075939,0.0080319,-0.10434
0.075618,0.0063161,-0.11531
0.075287,0.0048095,-0.12645
0.074972,0.0035079,-0.13796
0.074649,0.0024126,-0.14963
0.070435,0.0015508,-0.13775
0.066433,0.00089126,-0.12789
0.062598,0.00042226,-0.11935
0.058937,0.00013088,-0.11196
0.055432,6.3766e-06,-0.10534
0.052084,-3.8627e-05,-0.09947
0.04889,-0.00021886,-0.094319
0.045842,-0.00053927,-0.089882
0.042925,-0.00099239,-0.085877
0.040131,-0.0015713,-0.082158
0.036254,-0.0019909,-0.094786
0.032574,-0.0024578,-0.10792
0.029105,-0.0029747,-0.12158
0.025824,-0.0035405,-0.13561
0.022713,-0.004153,-0.14971
0.019793,-0.0048155,-0.16429
0.017069,-0.0055306,-0.17928
0.01453,-0.0062968,-0.1944
0.012184,-0.0071168,-0.2098
0.010026,-0.0079892,-0.22567
0.010444,-0.0095156,-0.17572
0.010846,-0.011112,-0.1356
0.011231,-0.01277,-0.10311
0.011603,-0.014488,-0.07652
0.011967,-0.016266,-0.055046
0.012319,-0.018102,-0.037787
0.012671,-0.020004,-0.024278
0.013021,-0.021976,-0.014084
0.013371,-0.024027,-0.0068044
0.013723,-0.026165,-0.0021932
0.017393,-0.025449,-0.0012471
0.021564,-0.024732,-0.00058544
0.026272,-0.024012,-0.00017149
0.031543,-0.023286,-4.5667e-06
0.037428,-0.022554,7.8523e-05
0.043946,-0.021813,0.00038392
0.05115,-0.021064,0.00091478
0.059089,-0.020309,0.0016916
0.067803,-0.019546,0.0027046
0.07734,-0.018776,0.003967
0.078577,-0.020583,0.00088458
0.079833,-0.022474,-1.7018e-06
0.081093,-0.024448,-0.00093385
0.082374,-0.026509,-0.0033716
0.083652,-0.028655,-0.0070543
0.084943,-0.030887,-0.011833
0.086258,-0.033207,-0.017522
0.08757,-0.035615,-0.024048
0.088904,-0.03811,-0.031224
0.090244,-0.040694,-0.038969
0.083093,-0.038994,-0.038071
0.076392,-0.037343,-0.037583
0.070075,-0.035744,-0.037646
0.064159,-0.03419,-0.03806
0.058601,-0.032683,-0.038843
0.05339,-0.031219,-0.039865
0.048516,-0.029797,-0.041142
0.043953,-0.028417,-0.04274
0.03968,-0.02708,-0.044598
0.035709,-0.025776,-0.04656
0.034846,-0.029247,-0.047565
0.033994,-0.032946,-0.048534
0.033149,-0.036875,-0.049383
0.032317,-0.041032,-0.049993
0.031498,-0.04542,-0.050493
0.030683,-0.050045,-0.051005
0.029877,-0.054905,-0.051448
0.029083,-0.06,-0.051705
0.028297,-0.065335,-0.05188
0.027528,-0.0709,-0.051969
0.027939,-0.06821,-0.046898
0.028359,-0.065598,-0.042356
0.028779,-0.063075,-0.03834
0.02921,-0.060621,-0.034821
0.029649,-0.058235,-0.031655
0.030088,-0.05593,-0.02873
0.030537,-0.053685,-0.026079
0.030989,-0.05151,-0.023782
0.031455,-0.049386,-0.021678
0.031916,-0.047342,-0.019755
0.03168,-0.043699,-0.013211
0.031413,-0.040328,-0.0082565
0.031128,-0.037191,-0.0046322
0.03082,-0.034276,-0.0021257
0.030502,-0.031548,-0.00062562
0.030168,-0.029003,-2.0286e-05
0.029821,-0.026624,0.00023402
0.029462,-0.024402,0.0011765
0.0291,-0.02231,0.0027703
0.028725,-0.020359,0.0049398
0.0329,-0.018613,0.0069659
0.037399,-0.016932,0.0093529
0.042237,-0.015314,0.012061
0.047423,-0.013763,0.015035
0.052972,-0.01228,0.018306
0.058894,-0.01087,0.021936
0.065203,-0.0095324,0.025852
0.071917,-0.0082668,0.029966
0.079035,-0.0070861,0.03431
0.086586,-0.0059803,0.039019
0.08679,-0.0070638,0.039237
0.086997,-0.008234,0.039514
0.087207,-0.009491,0.039943
0.087414,-0.010839,0.040532
0.087609,-0.01229,0.041238
0.087802,-0.013834,0.041965
0.088006,-0.015455,0.042827
0.088211,-0.017167,0.04389
0.088409,-0.018976,0.045039
0.088616,-0.020863,0.046154
0.09139,-0.020301,0.035693
0.094197,-0.019746,0.027174
0.097031,-0.019207,0.020197
0.099903,-0.018673,0.014465
0.1028,-0.018157,0.0098874
0.10575,-0.017641,0.0063708
0.10873,-0.017134,0.0037235
0.11175,-0.016638,0.001819
0.11481,-0.016147,0.00062147
0.11791,-0.015673,6.3019e-05
0.11515,-0.018199,0.00015723
0.11242,-0.020902,0.00028591
0.10972,-0.023785,0.00043955
0.10706,-0.026828,0.00059124
0.10444,-0.030035,0.00074626
0.10186,-0.033415,0.0008901
0.099307,-0.036956,0.0010291
0.096791,-0.04066,0.0011805
0.094313,-0.044516,0.0013253
0.091865,-0.04854,0.0014478
0.08931,-0.043661,0.0040298
0.08684,-0.039118,0.0076071
0.084446,-0.034902,0.012022
0.082123,-0.030988,0.017196
0.079865,-0.027369,0.022991
0.077667,-0.024032,0.029239
0.075532,-0.02094,0.035991
0.073448,-0.018108,0.043192
0.071419,-0.015504,0.050808
0.069437,-0.01313,0.058888
0.065763,-0.013309,0.052898
0.062249,-0.013474,0.047595
0.058884,-0.013634,0.042878
0.055649,-0.013816,0.038696
0.052555,-0.013983,0.03491
0.04959,-0.014153,0.03156
0.04675,-0.014325,0.028537
0.04403,-0.014496,0.025739
0.04143,-0.014656,0.023188
0.038932,-0.014843,0.02094
0.043518,-0.01617,0.027754
0.048492,-0.017595,0.035387
0.053874,-0.019112,0.043838
0.059666,-0.020769,0.053162
0.065906,-0.022514,0.06318
0.072598,-0.024382,0.07375
0.079759,-0.026369,0.08486
0.087404,-0.028472,0.096635
0.095556,-0.030676,0.10881
0.10421,-0.033029,0.12125
0.11093,-0.048249,0.094572
0.11792,-0.06657,0.072384
0.12524,-0.088139,0.053932
0.1329,-0.11318,0.038689
0.14093,-0.14187,0.026387
0.14934,-0.17439,0.016834
0.15815,-0.21094,0.0096559
0.16739,-0.25164,0.0045797
0.17705,-0.29664,0.0014596
0.18714,-0.34607,9.9602e-05
0.17468,-0.35802,-4.7956e-06
0.16271,-0.37015,-0.00021586
0.15123,-0.38238,-0.00074153
0.14023,-0.39473,-0.0015576
0.1297,-0.40728,-0.0026543
0.11962,-0.41992,-0.0040575
0.10999,-0.43272,-0.0057249
0.1008,-0.44563,-0.0075935
0.092046,-0.45875,-0.0096525
0.083719,-0.47196,-0.011972
0.076082,-0.48151,-0.0094303
0.068869,-0.4912,-0.0076653
0.062069,-0.50098,-0.0063949
0.055671,-0.51081,-0.0054111
0.049664,-0.52073,-0.0046673
0.044041,-0.53068,-0.0041121
0.038791,-0.54071,-0.0036785
0.033905,-0.55086,-0.0033285
0.029377,-0.56105,-0.0030372
0.025199,-0.57131,-0.0027867
0.03222,-0.56082,-0.0057489
0.040021,-0.5507,-0.0092899
0.048581,-0.54104,-0.013227
0.057885,-0.53175,-0.017415
0.067916,-0.52288,-0.021804
0.078664,-0.51425,-0.026217
0.090115,-0.50591,-0.030743
0.10226,-0.49788,-0.035465
0.11509,-0.49006,-0.040273
0.12858,-0.48251,-0.045079
0.11602,-0.44643,-0.050005
0.10444,-0.413,-0.054926
0.093771,-0.38199,-0.059708
0.083952,-0.35323,-0.064253
0.074923,-0.32654,-0.068665
0.066632,-0.30171,-0.073145
0.059028,-0.27862,-0.077542
0.052064,-0.25715,-0.08204
0.045701,-0.23713,-0.086441
0.039898,-0.21849,-0.090887
0.11343,-0.10691,-0.126
0.11105,-0.10497,-0.14044
0.1087,-0.10302,-0.15446
0.10638,-0.10115,-0.16812
0.1041,-0.099296,-0.18141
0.10185,-0.097481,-0.19421
0.099633,-0.095702,-0.2067
0.097447,-0.093954,-0.2188
0.095292,-0.092243,-0.23059
0.09317,-0.090576,-0.24217
0.092786,-0.095257,-0.20223
0.092426,-0.1,-0.16971
0.092084,-0.10477,-0.14273
0.091758,-0.10961,-0.12031
0.091444,-0.11448,-0.10124
0.09114,-0.11944,-0.085027
0.090844,-0.12444,-0.071067
0.090554,-0.12949,-0.058937
0.09027,-0.1346,-0.04848
0.089991,-0.13976,-0.039508
0.094349,-0.13193,-0.061004
0.098797,-0.12445,-0.084723
0.10334,-0.11718,-0.11049
0.10799,-0.11015,-0.13786
0.11273,-0.10338,-0.16655
0.11758,-0.096829,-0.19606
0.12254,-0.090497,-0.22617
0.1276,-0.084407,-0.25683
0.13277,-0.07853,-0.28775
0.13805,-0.072864,-0.31868
0.1422,-0.080439,-0.24217
0.14631,-0.088194,-0.18193
0.15039,-0.096158,-0.13413
0.15448,-0.10435,-0.09624
0.15859,-0.11278,-0.066415
0.16273,-0.12145,-0.043442
0.16691,-0.13038,-0.026082
0.17115,-0.13958,-0.013652
0.17545,-0.14905,-0.0054519
0.17983,-0.1588,-0.0010454
0.18546,-0.17757,-0.0040649
0.19122,-0.19749,-0.008312
0.19712,-0.21855,-0.01332
0.20316,-0.24074,-0.01882
0.20932,-0.26408,-0.024535
0.21561,-0.28852,-0.030188
0.22203,-0.31407,-0.035736
0.22857,-0.3407,-0.041029
0.23524,-0.36838,-0.046121
0.24202,-0.3971,-0.051112
0.22923,-0.40956,-0.030021
0.21695,-0.42209,-0.016146
0.20514,-0.4347,-0.0074274
0.19378,-0.44738,-0.0024162
0.18284,-0.46013,-0.0002353
0.17231,-0.47295,0.00024941
0.16217,-0.48583,0.0020216
0.15243,-0.49879,0.0052079
0.14304,-0.5118,0.0096121
0.13402,-0.52488,0.015057
0.13835,-0.5213,0.026719
0.14269,-0.51785,0.040447
0.14706,-0.5145,0.055887
0.15144,-0.51126,0.07283
0.15583,-0.50811,0.091045
0.16024,-0.50505,0.11003
0.16467,-0.50207,0.12985
0.16911,-0.49918,0.15024
0.17356,-0.49637,0.17121
0.17803,-0.49363,0.19284
0.16799,-0.47593,0.21438
0.15839,-0.45909,0.23637
0.14924,-0.44306,0.25844
0.1405,-0.42777,0.28062
0.13214,-0.41316,0.30295
0.12416,-0.3992,0.32489
0.11655,-0.38585,0.34667
0.10927,-0.37306,0.36796
0.10233,-0.3608,0.38899
0.095687,-0.34902,0.41012
0.095312,-0.35794,0.42585
0.094924,-0.36686,0.44104
0.094546,-0.37579,0.45597
0.094153,-0.38471,0.47081
0.093776,-0.39364,0.48526
0.093395,-0.40257,0.49911
0.092999,-0.41147,0.51253
0.092611,-0.42037,0.52571
0.092235,-0.42926,0.53832
0.091847,-0.43812,0.54997
0.10434,-0.39431,0.55012
0.11737,-0.35397,0.55373
0.13094,-0.31681,0.5596
0.14499,-0.28252,0.56667
0.15957,-0.25091,0.57501
0.17464,-0.22176,0.58453
0.19019,-0.19491,0.59463
0.20625,-0.1702,0.60484
0.2228,-0.14751,0.61536
0.23983,-0.12672,0.6263
0.2449,-0.13895,0.50919
0.24993,-0.15147,0.41499
0.25498,-0.16431,0.33803
0.26001,-0.17745,0.27434
0.26504,-0.19091,0.22105
0.27011,-0.2047,0.17594
0.27518,-0.21881,0.13786
0.2803,-0.23324,0.10599
0.28542,-0.24797,0.079371
0.29058,-0.26302,0.0572
0.27286,-0.26056,0.071348
0.25593,-0.25818,0.083977
0.2398,-0.25591,0.095145
0.22441,-0.25372,0.10507
0.20968,-0.25158,0.11375
0.19567,-0.24954,0.12193
0.18234,-0.24758,0.12949
0.16963,-0.24569,0.1364
0.15754,-0.24386,0.1429
0.14604,-0.24209,0.14935
0.14944,-0.24473,0.15318
0.15286,-0.24736,0.15633
0.15631,-0.24997,0.15913
0.15978,-0.25258,0.16182
0.16327,-0.25517,0.16424
0.16679,-0.25775,0.1662
0.17033,-0.26032,0.16794
0.17387,-0.26288,0.16974
0.17745,-0.26542,0.17132
0.18102,-0.26796,0.1727
0.18856,-0.26363,0.13507
0.19616,-0.25939,0.10545
0.20388,-0.25522,0.081699
0.21169,-0.25112,0.062625
0.2196,-0.24707,0.047165
0.22762,-0.24307,0.034541
0.23573,-0.23914,0.024461
0.24394,-0.23524,0.016388
0.25226,-0.23139,0.010173
0.26069,-0.22757,0.0056223
0.24815,-0.2324,0.00033098
0.23607,-0.23724,-0.001156
0.22443,-0.24209,-0.0067549
0.21321,-0.24695,-0.016141
0.20238,-0.25183,-0.028607
0.19192,-0.25672,-0.043635
0.18182,-0.26161,-0.060785
0.17205,-0.26655,-0.079657
0.16262,-0.27147,-0.10002
0.15352,-0.27639,-0.12184
0.15371,-0.28938,-0.10453
0.15391,-0.30254,-0.0913
0.15411,-0.31585,-0.08109
0.15431,-0.32934,-0.073189
0.15451,-0.343,-0.066944
0.15471,-0.3568,-0.061861
0.15492,-0.37072,-0.057685
0.15512,-0.3848,-0.054286
0.15532,-0.39901,-0.051433
0.15553,-0.41332,-0.048868
0.16131,-0.37559,-0.023338
0.16698,-0.34082,-0.0086074
0.17256,-0.30878,-0.0015232
0.17806,-0.27918,9.3354e-05
0.18348,-0.25179,0.0029698
0.18882,-0.22647,0.0092961
0.19411,-0.20303,0.018459
0.19935,-0.18132,0.029993
0.20454,-0.16123,0.043588
0.20969,-0.14265,0.058813
0.21988,-0.15746,0.037008
0.23037,-0.17296,0.0218
0.24116,-0.18921,0.011593
0.25227,-0.20615,0.0051858
0.26371,-0.22381,0.0015839
0.27547,-0.24221,0.00011584
0.28757,-0.2613,-0.00024839
0.29999,-0.28109,-0.0016055
0.31274,-0.30151,-0.0039244
0.32581,-0.32257,-0.0070349
0.31904,-0.31404,-0.0089683
0.31245,-0.30578,-0.01143
0.30605,-0.29774,-0.014336
0.29981,-0.28991,-0.017677
0.29375,-0.28233,-0.021447
0.28784,-0.27499,-0.025547
0.28208,-0.26785,-0.029946
0.27647,-0.26089,-0.03458
0.271,-0.25418,-0.039413
0.26567,-0.2476,-0.044503
0.27825,-0.22542,-0.061986
0.29103,-0.2046,-0.080287
0.30402,-0.1851,-0.098963
0.31723,-0.16684,-0.11802
0.33064,-0.14972,-0.13719
0.34426,-0.13373,-0.15619
0.35811,-0.11881,-0.17515
0.37216,-0.10488,-0.19423
0.38643,-0.091976,-0.21329
0.40092,-0.080008,-0.23192
0.41543,-0.081135,-0.23706
0.43018,-0.082269,-0.24374
0.44516,-0.083396,-0.25167
0.46038,-0.084458,-0.26009
0.47582,-0.085482,-0.26915
0.49148,-0.086498,-0.27838
0.50736,-0.087461,-0.28798
0.52345,-0.088395,-0.29807
0.53973,-0.089309,-0.30835
0.55621,-0.090171,-0.31905
0.50718,-0.095133,-0.25102
0.46207,-0.10008,-0.20011
0.42051,-0.10497,-0.16075
0.38216,-0.10988,-0.1294
0.34675,-0.1148,-0.10398
0.31403,-0.11969,-0.083345
0.28379,-0.12452,-0.066348
0.25584,-0.12941,-0.052123
0.23001,-0.13425,-0.040383
0.20614,-0.13912,-0.030567
0.1956,-0.14576,-0.030767
0.18542,-0.15246,-0.030382
0.17559,-0.15921,-0.029534
0.1661,-0.16607,-0.028327
0.15695,-0.1729,-0.026937
0.14813,-0.17989,-0.025441
0.13962,-0.18684,-0.023829
0.13142,-0.19388,-0.022123
0.12352,-0.20092,-0.020378
0.11591,-0.2081,-0.018736
0.11358,-0.19439,-0.0013004
0.1113,-0.18159,0.0031238
0.10907,-0.16956,0.019863
0.10687,-0.15818,0.048714
0.1047,-0.14733,0.087636
0.10257,-0.13703,0.1349
0.10046,-0.12712,0.18969
0.098365,-0.11765,0.25115
0.096295,-0.10858,0.3186
0.094242,-0.099878,0.39129
0.086469,-0.1014,0.40537
0.079084,-0.10293,0.42139
0.072074,-0.10445,0.43898
0.065429,-0.10595,0.45751
0.059137,-0.10745,0.47689
0.053191,-0.10894,0.49737
0.047584,-0.11041,0.51846
0.042307,-0.1119,0.5396
0.037359,-0.11336,0.56101
0.032735,-0.11479,0.58302
0.029634,-0.094423,0.49545
0.026869,-0.076875,0.42685
0.024397,-0.061818,0.37186
0.022183,-0.048972,0.32706
0.020199,-0.038052,0.28969
0.018418,-0.028893,0.25777
0.016823,-0.021264,0.23044
0.015389,-0.015043,0.20705
0.014104,-0.010054,0.18658
0.012945,-0.0062027,0.16833
0.010505,-0.0069812,0.15886
0.0083422,-0.0077838,0.15015
0.0064459,-0.0086187,0.14196
0.0048086,-0.0094778,0.13403
0.0034224,-0.010362,0.12654
0.0022801,-0.011269,0.11966
0.0013748,-0.0122,0.11313
0.0007007,-0.013162,0.10674
0.00025389,-0.014139,0.10067
2.9627e-05,-0.015147,0.095019
5.6295e-05,-0.016761,0.081617
9.0676e-05,-0.018439,0.069578
0.00013282,-0.020162,0.0589
0.00018196,-0.021957,0.04927
0.00023876,-0.023794,0.040817
0.00030228,-0.025707,0.033358
0.00037328,-0.027675,0.026827
0.00045183,-0.029704,0.021194
0.00053679,-0.031826,0.016348
0.00063067,-0.033994,0.01213
0.00048431,-0.03932,0.010117
0.0003544,-0.045161,0.0082747
0.00024223,-0.051551,0.0066
0.00014967,-0.058504,0.0050454
7.7866e-05,-0.066062,0.0036844
2.8123e-05,-0.074288,0.0025265
3.0414e-06,-0.083128,0.0015814
-3.5439e-06,-0.092638,0.00084838
-3.1381e-05,-0.10288,0.00033469
-8.7988e-05,-0.11382,5.8035e-05
-0.00010985,-0.12398,1.1652e-05
-0.00013511,-0.13469,-1.9331e-06
-0.00016399,-0.14595,-4.1588e-05
-0.00019708,-0.15779,-0.00013303
-0.00023465,-0.17022,-0.00028528
-0.00027688,-0.18322,-0.00052365
-0.00032388,-0.1968,-0.00084964
-0.00037595,-0.21096,-0.0012797
-0.00043397,-0.22573,-0.001833
-0.00049727,-0.24106,-0.0024686
-0.00064889,-0.23667,-0.0016502
-0.00082216,-0.23241,-0.0010497
-0.0010175,-0.22827,-0.00063194
-0.0012368,-0.22428,-0.00035691
-0.0014785,-0.22039,-0.00017795
-0.0017435,-0.21661,-7.2747e-05
-0.0020327,-0.21294,-1.7713e-05
-0.0023468,-0.20937,-1.2865e-08
-0.0026845,-0.20589,1.3701e-05
-0.0030489,-0.20252,4.9408e-05
-0.0008904,-0.17297,0.00080899
-3.1902e-05,-0.14696,0.0022818
0.0003048,-0.12409,0.0042659
0.0015655,-0.104,0.0066481
0.0036923,-0.086379,0.0093089
0.0065825,-0.070968,0.012142
0.010155,-0.057523,0.015126
0.014356,-0.045819,0.018183
0.019146,-0.035686,0.021341
0.024514,-0.026969,0.024663
0.028252,-0.030581,0.021444
0.032334,-0.034483,0.01845
0.036774,-0.038688,0.015722
0.041598,-0.043198,0.013314
0.046802,-0.048046,0.011139
0.05242,-0.053222,0.0091665
0.058466,-0.058736,0.0074381
0.064958,-0.064594,0.00597
0.071891,-0.070822,0.0046681
0.0793,-0.077406,0.003558
0.076798,-0.076671,0.01126
0.074343,-0.075937,0.022481
0.071925,-0.075209,0.036582
0.069551,-0.07448,0.052971
0.067215,-0.073754,0.071332
0.064927,-0.073019,0.091599
0.06267,-0.072291,0.1134
0.060456,-0.071556,0.13658
0.058277,-0.070824,0.16095
0.056142,-0.070081,0.18611
0.060111,-0.061626,0.14474
0.064122,-0.053947,0.11234
0.068163,-0.046981,0.086579
0.072251,-0.040648,0.065944
0.076388,-0.034894,0.049394
0.080585,-0.02967,0.036198
0.084844,-0.024941,0.025682
0.089166,-0.020679,0.017325
0.093567,-0.016853,0.010895
0.098046,-0.013446,0.0061994
0.10312,-0.015782,0.0032796
0.10838,-0.018319,0.0012976
0.11384,-0.021051,0.00022719
0.11949,-0.023989,-2.8624e-05
0.12535,-0.027129,-0.00064492
0.13143,-0.030469,-0.002074
0.13773,-0.034015,-0.0042799
0.14425,-0.03777,-0.0072006
0.15101,-0.04173,-0.010819
0.158,-0.045894,-0.015161
0.16002,-0.036864,-0.016748
0.16202,-0.028939,-0.018343
0.16403,-0.022058,-0.02004
0.16603,-0.016186,-0.02189
0.16803,-0.011268,-0.023831
0.17003,-0.0072757,-0.025779
0.17203,-0.0041746,-0.027779
0.17404,-0.0019445,-0.029919
0.17605,-0.00056155,-0.032089
0.17807,-1.1539e-05,-0.03418
0.16733,-2.9768e-06,-0.034333
0.15711,-3.2739e-09,-0.034726
0.14737,2.6018e-06,-0.035259
0.13811,1.0673e-05,-0.035776
0.12931,2.4309e-05,-0.036384
0.12093,4.347e-05,-0.037113
0.11297,6.7835e-05,-0.037888
0.10541,9.7663e-05,-0.038837
0.098223,0.0001332,-0.039809
0.091406,0.00017418,-0.040805
0.10215,2.3138e-05,-0.035896
0.11372,-1.3256e-05,-0.031402
0.12615,-0.00015114,-0.027475
0.13948,-0.00044137,-0.023716
0.15377,-0.00088985,-0.020333
0.16905,-0.001505,-0.017235
0.18536,-0.0022901,-0.014479
0.20275,-0.0032534,-0.012094
0.22124,-0.0043966,-0.0099818
0.24088,-0.0057286,-0.0081612
0.23833,-0.0063286,-0.0080852
0.23586,-0.006951,-0.0078904
0.23344,-0.0075939,-0.0076384
0.2311,-0.0082592,-0.0073821
0.22881,-0.0089435,-0.0070906
0.22658,-0.0096473,-0.0067248
0.22441,-0.010363,-0.006347
0.22228,-0.011097,-0.0059592
0.22024,-0.011863,-0.0054876
0.21824,-0.012644,-0.0050677
0.22072,-0.010197,-0.004923
0.22321,-0.0080288,-0.0047834
0.22571,-0.006131,-0.00466
0.22822,-0.0044986,-0.004602
0.23072,-0.0031213,-0.0045483
0.23326,-0.0020062,-0.0044756
0.2358,-0.0011388,-0.0044037
0.23834,-0.00051745,-0.0043875
0.24089,-0.00013912,-0.0043762
0.24346,-7.959e-07,-0.0043473
0.24557,5.1626e-05,-0.0039139
0.2477,0.00023071,-0.0035816
0.24983,0.0005348,-0.0033562
0.25195,0.00096557,-0.0031551
0.25408,0.0015156,-0.0030239
0.2562,0.0021872,-0.0028969
0.25833,0.0029764,-0.0028034
0.26046,0.0038834,-0.0027401
0.26258,0.0049081,-0.0026916
0.26472,0.0060432,-0.0026555
0.26768,0.0040602,-0.0001152
0.27065,0.002482,0.00072518
0.27364,0.0012993,0.0038457
0.27663,0.00050083,0.0090823
0.27963,7.758e-05,0.016082
0.28263,-2.1625e-05,0.024607
0.28565,-0.00032621,0.034449
0.28868,-0.00098432,0.045232
0.29173,-0.0019931,0.05693
0.29478,-0.0033426,0.069339
0.28352,-0.0013128,0.055003
0.2727,-0.00022858,0.044294
0.26232,3.0511e-05,0.036029
0.25235,0.00066128,0.029593
0.24272,0.0020765,0.024454
0.23344,0.0042337,0.020248
0.22448,0.0070971,0.01679
0.21579,0.010644,0.013979
0.2074,0.014836,0.011662
0.19927,0.019654,0.0096576
0.19931,0.019951,0.0065507
0.19935,0.020245,0.0041321
0.19937,0.020555,0.0023567
0.1994,0.020853,0.0011408
0.19942,0.021165,0.00038938
0.19943,0.021489,3.6318e-05
0.19943,0.021811,-5.2149e-05
0.19945,0.022133,-0.0003914
0.19945,0.022464,-0.0010156
0.19943,0.02281,-0.001914
0.20517,0.022372,-0.0020667
0.21096,0.02196,-0.0022226
0.21687,0.021537,-0.0024056
0.22282,0.021141,-0.0026086
0.22882,0.020762,-0.0028499
0.23491,0.020391,-0.003121
0.24119,0.01997,-0.0034008
0.24745,0.019601,-0.0037067
0.25381,0.01923,-0.0040256
0.26023,0.018876,-0.0044021
0.2501,0.018259,-0.0081658
0.24036,0.01766,-0.012719
0.23093,0.017097,-0.018008
0.22182,0.01656,-0.023724
0.21301,0.016054,-0.029895
0.2045,0.015566,-0.036441
0.19627,0.015104,-0.043341
0.18831,0.014662,-0.050644
0.18061,0.014243,-0.058243
0.17318,0.013834,-0.066001
0.17057,0.014017,-0.058034
0.16803,0.014178,-0.051344
0.1655,0.01435,-0.045666
0.16299,0.014521,-0.040705
0.16053,0.014679,-0.036368
0.15808,0.014841,-0.03269
0.15564,0.015007,-0.029446
0.15327,0.015155,-0.02667
0.1509,0.01531,-0.024175
0.14854,0.015466,-0.021882
0.15258,0.017354,-0.019995
0.15661,0.019388,-0.018223
0.16074,0.021516,-0.01662
0.16491,0.023766,-0.015075
0.16915,0.026124,-0.013645
0.17344,0.028599,-0.012258
0.17781,0.031182,-0.010958
0.18225,0.033874,-0.0097872
0.1867,0.036702,-0.0087167
0.19126,0.039618,-0.0076869
0.18635,0.042363,-0.0024935
0.18156,0.045166,-0.00020972
0.17687,0.048046,0.00035329
0.17227,0.050994,0.002513
0.16778,0.053998,0.0063929
0.16335,0.05708,0.011715
0.15902,0.060227,0.018319
0.15475,0.063449,0.026082
0.15056,0.066747,0.034853
0.14644,0.070108,0.04445
0.13822,0.071403,0.051242
0.13034,0.072669,0.058483
0.12274,0.073947,0.066051
0.11543,0.075225,0.073769
0.10839,0.076516,0.081755
0.10164,0.07778,0.090123
0.095132,0.079063,0.098715
0.088891,0.080337,0.1073
0.082887,0.081631,0.11607
0.077144,0.082901,0.12508
0.077763,0.075424,0.13243
0.078393,0.068412,0.14003
0.079034,0.06184,0.148
0.079703,0.055666,0.15614
0.080373,0.049902,0.16464
0.081084,0.044487,0.17336
0.081786,0.039456,0.18246
0.082497,0.034776,0.19168
0.08323,0.030421,0.20101
0.083964,0.026399,0.21077
0.083429,0.029425,0.21278
0.082886,0.032612,0.21492
0.082348,0.035948,0.21692
0.081806,0.039442,0.21847
0.081264,0.043087,0.21987
0.080728,0.046876,0.22141
0.080182,0.050827,0.22274
0.079638,0.054923,0.22385
0.079111,0.059148,0.22492
0.07858,0.063523,0.22591
0.071433,0.057836,0.26607
0.064656,0.052485,0.30728
0.058247,0.047439,0.34964
0.052185,0.042694,0.3928
0.046467,0.038234,0.43694
0.041081,0.034051,0.48224
0.036032,0.030126,0.52814
0.031312,0.026454,0.57463
0.026919,0.023034,0.62183
0.02285,0.01986,0.66995
0.020462,0.020201,0.62623
0.01825,0.020536,0.58865
0.016204,0.020859,0.5557
0.014314,0.021173,0.52704
0.012571,0.021478,0.50131
0.010967,0.021774,0.47747
0.0094952,0.022066,0.45576
0.0081512,0.022342,0.43594
0.0069262,0.022616,0.41762
0.005816,0.022884,0.40025
0.0050541,0.023588,0.40493
0.0043478,0.024299,0.4093
0.0036969,0.025018,0.41333
0.0031,0.025749,0.41711
0.0025571,0.02649,0.42085
0.0020679,0.02724,0.42449
0.0016321,0.027997,0.42785
0.0012487,0.028764,0.43146
0.00091734,0.029541,0.43504
0.00063761,0.030327,0.43892
0.0013352,0.035477,0.36874
0.002252,0.040857,0.3103
0.0033724,0.046478,0.26031
0.0046856,0.052337,0.21739
0.0061857,0.058443,0.1803
0.0078707,0.064804,0.14808
0.0097419,0.071434,0.12008
0.011805,0.078355,0.09564
0.014064,0.08558,0.074551
0.016528,0.093117,0.056545
0.01759,0.098405,0.064306
0.018701,0.1039,0.072056
0.01986,0.10961,0.07959
0.021068,0.11551,0.086832
0.022325,0.12163,0.093723
0.023629,0.12794,0.10047
0.024985,0.13446,0.10683
0.02639,0.14118,0.11276
0.027846,0.1481,0.11832
0.029353,0.15522,0.12332
0.031053,0.16058,0.1094
0.032798,0.16601,0.096969
0.034587,0.1715,0.08581
0.03642,0.17706,0.075881
0.038301,0.1827,0.066961
0.040222,0.1884,0.058771
0.042195,0.19417,0.051421
0.044213,0.20001,0.044845
0.04628,0.20592,0.038896
0.048393,0.2119,0.033453
0.05526,0.20915,0.033761
0.062561,0.20645,0.033817
0.070309,0.20379,0.033627
0.078502,0.20118,0.033086
0.087134,0.19861,0.032343
0.096208,0.19608,0.031552
0.10573,0.19358,0.030632
0.11569,0.19113,0.029516
0.1261,0.18871,0.028335
0.13695,0.18633,0.027156
0.12691,0.17103,0.023628
0.1175,0.15691,0.020662
0.10868,0.14387,0.018118
0.10044,0.13182,0.015823
0.092723,0.1207,0.013806
0.085501,0.11042,0.012066
0.078753,0.10092,0.010523
0.072441,0.092149,0.0091173
0.066551,0.084048,0.0078582
0.061055,0.076569,0.0067676
0.059841,0.080893,0.010792
0.058653,0.085333,0.015459
0.05746,0.089902,0.020727
0.05627,0.094598,0.026583
0.055087,0.09942,0.032896
0.053912,0.10437,0.039506
0.05274,0.10944,0.046461
0.05157,0.11465,0.053531
0.050411,0.11998,0.060862
0.049256,0.12544,0.06832
0.052504,0.12917,0.053907
0.055851,0.13294,0.042092
0.059283,0.13677,0.032332
0.062837,0.14063,0.024411
0.066494,0.14455,0.017946
0.070263,0.14851,0.012658
0.074146,0.15253,0.0084752
0.078138,0.1566,0.0053006
0.082254,0.16072,0.0029546
0.086485,0.16489,0.0013271
0.084261,0.16756,-7.1301e-05
0.082091,0.17023,-0.0025339
0.079945,0.1729,-0.0080835
0.077847,0.17556,-0.01632
0.075779,0.17823,-0.026851
0.073736,0.18091,-0.039266
0.071734,0.18358,-0.053417
0.069757,0.18627,-0.068998
0.067809,0.18896,-0.085909
0.065882,0.19165,-0.10405
0.07945,0.18571,-0.09684
0.09427,0.17991,-0.091273
0.11037,0.17422,-0.086747
0.12775,0.16865,-0.08299
0.14644,0.16318,-0.079885
0.16648,0.15781,-0.077427
0.18788,0.15253,-0.075398
0.21067,0.14733,-0.073574
0.23485,0.14222,-0.071969
0.26049,0.1372,-0.070456
0.25014,0.13625,-0.056877
0.24018,0.13531,-0.04641
0.23056,0.13438,-0.038115
0.22132,0.13347,-0.031477
0.2124,0.13256,-0.026071
0.2038,0.13167,-0.021682
0.19548,0.13078,-0.018054
0.18746,0.1299,-0.014984
0.17972,0.12902,-0.01242
0.17224,0.12816,-0.010329
0.14863,0.12586,-0.010215
0.12732,0.12368,-0.0099819
0.10813,0.12158,-0.0096926
0.090946,0.11957,-0.0092605
0.075615,0.11765,-0.0088038
0.062012,0.1158,-0.0083031
0.050021,0.11401,-0.0077911
0.039548,0.1123,-0.0073369
0.030478,0.11064,-0.0068754
0.022737,0.10904,-0.0064928
0.021808,0.1069,-0.0056983
0.020906,0.10479,-0.0049265
0.020037,0.1027,-0.0042185
0.019197,0.10065,-0.0036061
0.018385,0.098619,-0.0030505
0.017601,0.09662,-0.0025221
0.016843,0.094647,-0.0020512
0.016114,0.092707,-0.0016565
0.015408,0.090788,-0.0013106
0.014726,0.088895,-0.00098967
0.020744,0.090129,-4.8087e-05
0.027888,0.091376,0.00028515
0.036213,0.092627,0.0016222
0.045772,0.093865,0.0039649
0.056649,0.095122,0.0072851
0.068911,0.096387,0.011512
0.082623,0.09765,0.01658
0.097869,0.098927,0.02257
0.11471,0.1002,0.029339
0.13322,0.10147,0.036969
0.1431,0.10286,0.031325
0.15337,0.10425,0.02643
0.16404,0.10563,0.022177
0.17512,0.10704,0.018524
0.18662,0.10846,0.015422
0.19853,0.10988,0.012667
0.21086,0.11131,0.010286
0.22361,0.11275,0.0081746
0.23679,0.11419,0.0063653
0.25039,0.11564,0.004836
0.2427,0.10257,0.000155
0.23531,0.090587,-0.0014731
0.22821,0.079615,-0.0071529
0.22135,0.069554,-0.016068
0.21474,0.060378,-0.027564
0.20835,0.051997,-0.04112
0.20216,0.04437,-0.05638
0.19616,0.037468,-0.072984
0.19033,0.031223,-0.090677
0.18467,0.025648,-0.1096
0.20411,0.030365,-0.066935
0.22465,0.035484,-0.036721
0.24638,0.041049,-0.016659
0.26939,0.047071,-0.0049236
0.29378,0.053581,-0.00021429
0.3196,0.060604,0.0014101
0.34691,0.068156,0.0075601
0.37576,0.076241,0.017836
0.40618,0.084893,0.031639
0.43822,0.09407,0.048543
0.4417,0.09871,0.056183
0.44519,0.10342,0.064899
0.44869,0.10819,0.074608
0.4522,0.11305,0.085454
0.45571,0.11799,0.097196
0.45921,0.123,0.10956
0.46271,0.12811,0.12264
0.4662,0.1333,0.13643
0.46969,0.13857,0.15082
0.47325,0.14379,0.16566
0.47852,0.15008,0.14462
0.48379,0.15638,0.1284
0.48907,0.16267,0.11541
0.49434,0.169,0.10459
0.49963,0.17531,0.095461
0.50496,0.18157,0.087797
0.51027,0.18786,0.081139
0.51559,0.19414,0.075083
0.52092,0.2004,0.069628
0.52624,0.20667,0.06464
0.52377,0.19697,0.034977
0.52139,0.18782,0.016373
0.51912,0.17911,0.0055917
0.51693,0.17084,0.00069977
0.51481,0.16297,-0.00033457
0.51279,0.15544,-0.0036291
0.5108,0.14829,-0.0099713
0.5089,0.14143,-0.018832
0.50703,0.13489,-0.029874
0.50523,0.12862,-0.042956
0.52848,0.12914,-0.051118
0.55229,0.12964,-0.060329
0.57659,0.13017,-0.070392
0.60141,0.13069,-0.081147
0.62673,0.13123,-0.09259
0.65256,0.13177,-0.10475
0.67884,0.13235,-0.11737
0.70566,0.13289,-0.13032
0.73292,0.13348,-0.14355
0.76065,0.13407,-0.15718
0.74054,0.14399,-0.098377
0.72104,0.15399,-0.059787
0.70211,0.16409,-0.034286
0.68375,0.17421,-0.017589
0.66588,0.1844,-0.0072783
0.64843,0.1947,-0.0017831
0.63143,0.20504,-5.1925e-06
0.61486,0.21544,0.001245
0.59866,0.22592,0.0049881
0.58286,0.23643,0.010808
0.55972,0.23728,0.021127
0.53742,0.2382,0.034098
0.516,0.23908,0.049476
0.49532,0.24003,0.066786
0.4754,0.24099,0.085857
0.45616,0.242,0.1063
0.4376,0.24301,0.12806
0.41968,0.24404,0.1509
0.40236,0.24511,0.17468
0.38567,0.24613,0.199
0.37987,0.23786,0.16581
0.37426,0.22989,0.14085
0.36878,0.22225,0.12132
0.36343,0.21492,0.10535
0.35821,0.20786,0.092125
0.35311,0.20106,0.081034
0.34814,0.19449,0.07151
0.34324,0.18819,0.063313
0.33849,0.18206,0.056165
0.33381,0.17617,0.049689
0.32156,0.17583,0.032369
0.30977,0.17549,0.019705
0.29836,0.17521,0.010791
0.28741,0.17489,0.0048466
0.27679,0.17464,0.0014137
0.26655,0.17439,4.9513e-05
0.25664,0.17415,-0.00048956
0.24704,0.17394,-0.0024854
0.2378,0.17369,-0.0058746
0.22877,0.17355,-0.0105
0.23273,0.19281,-0.0073343
0.23676,0.21305,-0.0049879
0.24082,0.23433,-0.0032598
0.24484,0.25672,-0.0020268
0.2489,0.28014,-0.0011581
0.25314,0.30437,-0.00057704
0.25727,0.32977,-0.00021041
0.26149,0.35607,-3.3746e-05
0.2657,0.38338,5.9692e-06
0.26995,0.4116,0.00011427
0.27551,0.39827,0.0020528
0.28109,0.38543,0.0056981
0.28659,0.37315,0.010482
0.29206,0.36135,0.016009
0.29747,0.35004,0.022121
0.30285,0.33916,0.028698
0.30821,0.32867,0.035653
0.31356,0.31853,0.042859
0.31893,0.30871,0.050201
0.3242,0.29931,0.057973
0.31582,0.29832,0.04536
0.30771,0.2973,0.035777
0.29984,0.29626,0.028396
0.29221,0.2952,0.022639
0.28479,0.29412,0.018022
0.27761,0.29299,0.01422
0.27061,0.29188,0.01111
0.26384,0.2907,0.0086009
0.25726,0.28952,0.0065405
0.25085,0.28832,0.0048626
0.22369,0.29325,0.014762
0.19847,0.29823,0.027813
0.17508,0.30323,0.042948
0.15343,0.30826,0.05938
0.13342,0.31335,0.076845
0.11503,0.31842,0.095197
0.098155,0.32356,0.11419
0.082761,0.32869,0.13382
0.068777,0.33389,0.15386
0.056181,0.33909,0.17409
0.076148,0.32903,0.20025
0.099214,0.31911,0.22687
0.12543,0.30934,0.25367
0.15484,0.29973,0.2803
0.18752,0.29024,0.30695
0.22354,0.2809,0.33383
0.26298,0.27165,0.36058
0.30588,0.26256,0.38647
0.35234,0.25357,0.41191
0.40239,0.24471,0.43693
0.38664,0.24877,0.38504
0.37147,0.25277,0.3458
0.35689,0.25666,0.31475
0.34282,0.2605,0.28979
0.32925,0.26427,0.26898
0.31613,0.26799,0.25125
0.30349,0.27162,0.23596
0.29124,0.27524,0.22213
0.27941,0.27877,0.20979
0.26797,0.28227,0.19865
0.2587,0.30094,0.20612
0.24965,0.31997,0.21291
0.24081,0.33936,0.21922
0.23216,0.35912,0.22485
0.22368,0.37927,0.22995
0.21538,0.39977,0.23459
0.20727,0.4206,0.239
0.19934,0.44175,0.24294
0.19161,0.46318,0.24663
0.18404,0.48494,0.25061
0.16432,0.45653,0.2697
0.14612,0.42996,0.28614
0.12936,0.40505,0.30078
0.11393,0.38173,0.31401
0.099785,0.35976,0.32595
0.08683,0.33913,0.3371
0.075001,0.31972,0.3477
0.064242,0.30142,0.35797
0.054489,0.28417,0.36788
0.045695,0.26786,0.37761
0.054013,0.28453,0.3878
0.063104,0.30177,0.39719
0.072985,0.31955,0.40598
0.083666,0.33786,0.41457
0.095153,0.35669,0.42266
0.10746,0.37601,0.43063
0.12058,0.39585,0.43801
0.13453,0.41617,0.44449
0.14931,0.43689,0.45032
0.16491,0.45807,0.45554
0.1398,0.46971,0.38999
0.1172,0.48124,0.33847
0.096948,0.49264,0.29666
0.078887,0.50407,0.26161
0.06291,0.51542,0.23161
0.048911,0.52676,0.2058
0.036808,0.53807,0.18316
0.026525,0.5493,0.16291
0.017998,0.56056,0.14492
0.011172,0.57183,0.12892
0.014594,0.52483,0.14776
0.018371,0.48129,0.16469
0.022474,0.44103,0.17975
0.026882,0.40371,0.19344
0.031573,0.3691,0.20619
0.03653,0.33696,0.2184
0.041737,0.30711,0.23018
0.047182,0.27937,0.24165
0.052854,0.25359,0.25277
0.058742,0.2296,0.26392
0.060373,0.20961,0.26825
0.061978,0.19085,0.27222
0.063559,0.17326,0.27615
0.065114,0.15678,0.28041
0.066647,0.14135,0.28455
0.068156,0.12693,0.28835
0.069644,0.11348,0.29208
0.071107,0.10094,0.2961
0.072552,0.089278,0.30008
0.073978,0.078466,0.30377
0.080593,0.089472,0.31605
0.087624,0.10134,0.32781
0.09507,0.11405,0.33864
0.10294,0.12765,0.34872
0.11125,0.1421,0.35809
0.12,0.15745,0.36675
0.12919,0.17366,0.3747
0.13883,0.19075,0.38233
0.14893,0.20871,0.3894
0.15947,0.22751,0.39597
0.15828,0.22055,0.3598
0.15712,0.21386,0.32994
0.15601,0.20746,0.30463
0.15495,0.2013,0.28276
0.15392,0.19539,0.26361
0.15292,0.18969,0.24682
0.15197,0.18421,0.23177
0.15105,0.17893,0.21792
0.15014,0.17382,0.20557
0.14928,0.1689,0.19418
0.15568,0.18851,0.19171
0.16226,0.2093,0.18888
0.16904,0.23127,0.18577
0.17601,0.25443,0.18222
0.18316,0.27874,0.1785
0.1905,0.30422,0.1749
0.19805,0.33084,0.17116
0.20577,0.35859,0.16724
0.21366,0.38743,0.16318
0.22173,0.41735,0.15894
0.22415,0.45124,0.19607
0.22655,0.48645,0.23116
0.22899,0.52295,0.26429
0.23141,0.56067,0.29504
0.23386,0.5996,0.32399
0.2363,0.63966,0.35129
0.23874,0.68082,0.37704
0.24119,0.72303,0.40131
0.24365,0.76624,0.42429
0.24611,0.8104,0.44627
0.24638,0.81322,0.36578
0.24662,0.81631,0.30804
0.2469,0.81965,0.26378
0.24715,0.82319,0.22848
0.24741,0.82693,0.19944
0.24763,0.83084,0.17517
0.24787,0.83492,0.15431
0.24811,0.83916,0.13618
0.24832,0.84354,0.12042
0.24852,0.84804,0.10646
0.24314,0.78705,0.07945
0.23808,0.73071,0.058613
0.23331,0.67857,0.04236
0.22883,0.63021,0.029594
0.22456,0.58529,0.019703
0.22055,0.5435,0.012311
0.21673,0.50456,0.0069215
0.21313,0.46824,0.0032111
0.20972,0.43434,0.00098694
0.20646,0.40265,5.0357e-05
0.20308,0.43033,-0.00011518
0.19972,0.45875,-0.00078597
0.19637,0.48788,-0.0020141
0.19305,0.51771,-0.0037686
0.18976,0.54821,-0.0059857
0.18649,0.57934,-0.0086194
0.18324,0.61108,-0.011628
0.17999,0.64339,-0.015039
0.17679,0.67626,-0.018745
0.1736,0.70964,-0.022643
0.15699,0.69924,-0.052528
0.14146,0.68913,-0.089214
0.12695,0.67927,-0.13048
0.1134,0.66963,-0.17527
0.10078,0.66022,-0.22259
0.089042,0.65101,-0.27176
0.078156,0.64198,-0.32265
0.06809,0.63312,-0.3745
0.058814,0.62444,-0.42746
0.050298,0.61589,-0.48157
0.054067,0.64065,-0.43933
0.05795,0.66569,-0.4082
0.061947,0.69099,-0.38442
0.066059,0.71656,-0.36543
0.070285,0.74237,-0.34987
0.074626,0.76845,-0.33639
0.079077,0.79477,-0.3246
0.083638,0.82132,-0.31401
0.088305,0.84806,-0.30406
0.093077,0.87502,-0.29508
0.087734,0.88074,-0.25642
0.082632,0.88647,-0.22545
0.077755,0.89221,-0.19955
0.073095,0.89795,-0.17712
0.068639,0.90372,-0.15762
0.064385,0.90944,-0.14057
0.060317,0.91519,-0.12542
0.056436,0.92091,-0.11167
0.052729,0.92664,-0.099309
0.04919,0.93237,-0.088331
0.044238,0.91605,-0.070851
0.039608,0.90036,-0.056471
0.035292,0.88523,-0.044516
0.031272,0.87066,-0.034526
0.027543,0.85656,-0.02625
0.024094,0.8429,-0.019379
0.020909,0.82969,-0.013749
0.017979,0.81692,-0.0091949
0.015308,0.80445,-0.0057166
0.012868,0.79241,-0.0031315
0.011218,0.82253,-0.0046632
0.0096808,0.85298,-0.0060521
0.0082608,0.88371,-0.0072764
0.0069494,0.91477,-0.0083501
0.0057538,0.94607,-0.0092906
0.0046768,0.97758,-0.010143
0.0037097,1.0093,-0.01084
0.0028564,1.0413,-0.011504
0.0021159,1.0735,-0.012117
0.0014873,1.1058,-0.012616
0.0023417,1.0557,-0.027945
0.0033609,1.0082,-0.045806
0.0045418,0.96323,-0.065169
0.0058698,0.92052,-0.085868
0.0073344,0.87993,-0.10746
0.0089363,0.84126,-0.12968
0.010658,0.80443,-0.15255
0.0125,0.76928,-0.17617
0.014461,0.73566,-0.20039
0.016527,0.70354,-0.22475
0.019527,0.62666,-0.20401
0.022644,0.55745,-0.18912
0.025869,0.49503,-0.17798
0.029174,0.43873,-0.16967
0.032548,0.38791,-0.16314
0.035979,0.34203,-0.15809
0.039477,0.30058,-0.15406
0.043001,0.26319,-0.1505
0.046575,0.22945,-0.14748
0.050168,0.19907,-0.14477
0.048156,0.19642,-0.10288
0.046246,0.19368,-0.071038
0.044337,0.19098,-0.047107
0.042513,0.18822,-0.029403
0.04073,0.18545,-0.016635
0.038992,0.18267,-0.0078896
0.03731,0.17988,-0.002586
0.03566,0.17709,-0.00022391
0.034061,0.1743,0.00037067
0.03252,0.17148,0.0027416
0.033679,0.17988,0.00038538
0.034876,0.18846,-0.00010109
0.036095,0.19726,-0.0013915
0.037337,0.20627,-0.0038861
0.03861,0.21548,-0.0072906
0.039906,0.22491,-0.011435
0.041237,0.23452,-0.016111
0.042592,0.24434,-0.021285
0.043966,0.25437,-0.026781
0.045382,0.26456,-0.032565
0.043706,0.262,-0.011731
0.042067,0.25945,-0.0017895
0.040493,0.25687,0.0003424
0.038981,0.25425,0.0056676
0.037501,0.25164,0.016515
0.036052,0.24902,0.031878
0.03466,0.24638,0.051109
0.033265,0.24378,0.073546
0.031953,0.24109,0.098911
0.03065,0.23844,0.12689
0.030318,0.24658,0.1245
0.029995,0.25481,0.12326
0.02966,0.26315,0.12312
0.029351,0.27155,0.12365
0.029012,0.28008,0.12504
0.0287,0.28867,0.12697
0.028391,0.29733,0.12942
0.028077,0.30609,0.13253
0.02775,0.31496,0.13592
0.027424,0.32391,0.13951
0.028524,0.32241,0.10585
0.02968,0.32079,0.080036
0.030819,0.3192,0.059797
0.031954,0.3176,0.043779
0.033086,0.31599,0.031212
0.034218,0.31438,0.021493
0.03538,0.31272,0.014061
0.036537,0.31106,0.0084308
0.037702,0.30939,0.0044139
0.038864,0.30772,0.0017592
0.031425,0.28103,-0.00021189
0.024935,0.2565,-0.0043399
0.019348,0.23385,-0.012838
0.014581,0.21295,-0.024764
0.010576,0.19362,-0.039503
0.0072733,0.17575,-0.056685
0.0046457,0.15914,-0.075937
0.0026311,0.14375,-0.096763
0.0012078,0.12944,-0.11907
0.00033834,0.11617,-0.14293
0.0004251,0.12192,-0.13614
0.00052341,0.12779,-0.13045
0.00062949,0.1338,-0.12582
0.00074936,0.1399,-0.12232
0.00087519,0.14617,-0.11957
0.0010142,0.15255,-0.11727
0.0011588,0.1591,-0.11556
0.0013172,0.16574,-0.11421
0.0014905,0.1725,-0.11314
0.0016682,0.17941,-0.11271
0.0016475,0.1975,-0.0799
0.0016306,0.21645,-0.054102
0.0016133,0.23632,-0.034328
0.001599,0.25716,-0.019741
0.0015858,0.27899,-0.0095633
0.001571,0.30188,-0.0032386
0.0015628,0.32579,-0.00030848
0.0015601,0.35072,0.00040583
0.001555,0.37677,0.0031785
0.001553,0.40388,0.0083681
0.0048333,0.36305,0.011815
0.0097458,0.32571,0.015794
0.016132,0.29157,0.020282
0.02387,0.26029,0.025286
0.032867,0.23159,0.030701
0.043056,0.20523,0.036569
0.054375,0.18099,0.042775
0.066771,0.15872,0.049156
0.080258,0.13823,0.055829
0.094815,0.1194,0.062566
0.096831,0.13484,0.059918
0.098854,0.15137,0.057937
0.10092,0.16899,0.056414
0.10299,0.18774,0.055128
0.10506,0.20765,0.054224
0.10714,0.2287,0.053604
0.10932,0.25082,0.053194
0.11149,0.27411,0.052953
0.11366,0.29857,0.052914
0.11587,0.32415,0.053156
0.1158,0.30942,0.044971
0.11573,0.29537,0.038269
0.11568,0.28195,0.032765
0.11563,0.26913,0.02825
0.11559,0.25686,0.024449
0.11557,0.2451,0.021277
0.11554,0.23387,0.018504
0.11553,0.2231,0.016104
0.11551,0.21278,0.013917
0.11551,0.20289,0.011981
0.11112,0.19042,0.013869
0.10688,0.17864,0.015556
0.10279,0.16751,0.017097
0.098845,0.15698,0.018565
0.09504,0.14704,0.019919
0.091382,0.13761,0.021123
0.087846,0.12871,0.022242
0.084438,0.12028,0.023398
0.081142,0.11233,0.024482
0.077964,0.1048,0.025431
0.074639,0.10611,0.017866
0.071429,0.1074,0.011987
0.068329,0.10866,0.0074833
0.065327,0.10992,0.0041172
0.062423,0.11116,0.0018234
0.059614,0.11238,0.00049826
0.056894,0.11359,7.0843e-06
0.054259,0.11478,-0.0002639
0.051706,0.11597,-0.0012007
0.049233,0.11714,-0.0027816
0.046088,0.11496,-0.0018985
0.04307,0.11281,-0.0012292
0.040178,0.11068,-0.00073377
0.037406,0.10859,-0.00040558
0.034752,0.10653,-0.00018752
0.032215,0.10451,-6.0037e-05
0.029791,0.1025,-4.8458e-06
0.027478,0.10053,8.3201e-06
0.025275,0.098591,5.9405e-05
0.023178,0.096677,0.00015539
0.023301,0.08558,-1.4938e-06
0.023428,0.075495,-0.00018708
0.023558,0.066344,-0.00064327
0.023691,0.058031,-0.0012986
0.023826,0.050517,-0.0021362
0.023965,0.043724,-0.003133
0.024107,0.037601,-0.004264
0.024251,0.032093,-0.0055532
0.024399,0.027161,-0.0069398
0.024548,0.022744,-0.00848
0.022148,0.023583,-0.007221
0.019903,0.024402,-0.0060826
0.017807,0.025205,-0.0050628
0.015852,0.025989,-0.0041229
0.014033,0.026761,-0.0033032
0.012344,0.027515,-0.0026097
0.010779,0.028252,-0.0020176
0.0093335,0.028975,-0.0014869
0.0080048,0.029691,-0.0010449
0.0067864,0.030389,-0.00067151
0.0050937,0.028222,-0.00095821
0.0036761,0.026199,-0.001297
0.0025143,0.024306,-0.0016709
0.0015919,0.022538,-0.0021174
0.00089329,0.020887,-0.0025944
0.00040328,0.019339,-0.0030775
0.00010958,0.017887,-0.0035772
1.0549e-06,0.016524,-0.0040775
-6.8237e-05,0.015242,-0.0045919
-0.00030313,0.014037,-0.0051743
-0.00080259,0.012821,-0.0024896
-0.0015169,0.011699,-0.00082225
-0.0024394,0.010644,-5.7468e-05
-0.0035687,0.0096529,0.00016413
-0.0049133,0.0087144,0.0010782
-0.0064945,0.0078065,0.0028144
-0.0083333,0.0069318,0.0053661
-0.010461,0.0060824,0.0088022
-0.012911,0.00526,0.013124
-0.015719,0.0044665,0.018315
-0.014063,0.0041116,0.0062784
-0.012601,0.0037733,0.00072577
-0.011288,0.0034535,-0.0005035
-0.010084,0.0031495,-0.0048639
-0.0089537,0.0028589,-0.013504
-0.00787,0.0025824,-0.026578
-0.0068173,0.0023184,-0.044325
-0.0057929,0.0020644,-0.067012
-0.004797,0.001825,-0.095093
-0.0038428,0.0015983,-0.12909
-0.0045541,0.00089463,-0.10371
-0.0053175,0.0004112,-0.082736
-0.0061308,0.00012216,-0.065431
-0.0069926,4.7905e-06,-0.051294
-0.0079011,-4.0366e-05,-0.039512
-0.0088577,-0.00021441,-0.029737
-0.0098685,-0.00051971,-0.021571
-0.010927,-0.00094876,-0.014881
-0.012035,-0.0014981,-0.0095775
-0.013197,-0.0021733,-0.0055101
-0.012903,-0.0016928,-0.0056217
-0.012606,-0.0012781,-0.0056923
-0.012307,-0.00092784,-0.0057359
-0.012006,-0.00063829,-0.0058123
-0.011703,-0.00040578,-0.0058807
-0.0114,-0.00022839,-0.0059741
-0.011096,-0.00010263,-0.0060283
-0.010792,-2.712e-05,-0.0060507
-0.010489,-1.1769e-07,-0.0060527
-0.010187,1.9337e-05,-0.0059832
-0.0086278,-1.8041e-06,-0.008866
-0.0072215,-4.9045e-05,-0.012267
-0.0059516,-0.00015975,-0.016098
-0.0048059,-0.00033326,-0.020392
-0.0037759,-0.00057264,-0.025099
-0.0028588,-0.00087727,-0.030277
-0.002055,-0.0012505,-0.035985
-0.0013684,-0.0016983,-0.042213
-0.00080754,-0.0022226,-0.049035
-0.00038296,-0.0028302,-0.056513
-0.00027601,-0.0027261,-0.050578
-0.00019044,-0.0026192,-0.045148
-0.00012392,-0.0025079,-0.040297
-7.3954e-05,-0.0023943,-0.036057
-3.8417e-05,-0.0022781,-0.032242
-1.5356e-05,-0.002161,-0.028715
-3.1271e-06,-0.0020414,-0.025544
7.0131e-08,-0.0019217,-0.022758
4.7694e-06,-0.0018018,-0.02026
1.5905e-05,-0.001681,-0.017909
5.4387e-06,-0.0019366,-0.017719
4.5849e-07,-0.0022114,-0.017561
-9.8892e-07,-0.0025011,-0.017418
-7.1181e-06,-0.0028091,-0.017349
-1.9016e-05,-0.0031309,-0.017264
-3.6625e-05,-0.0034713,-0.017157
-6.024e-05,-0.0038253,-0.017032
-8.9866e-05,-0.0041948,-0.01695
-0.00012583,-0.0045774,-0.016855
-0.00016786,-0.0049766,-0.016813
-9.7218e-05,-0.0053504,-0.018953
-4.4783e-05,-0.0057558,-0.021229
-1.2064e-05,-0.0061896,-0.023614
-3.3469e-08,-0.0066581,-0.026118
1.0018e-05,-0.0071599,-0.028751
4.3369e-05,-0.0077,-0.031571
0.00010145,-0.0082787,-0.034522
0.00018523,-0.0088946,-0.037481
0.0002971,-0.0095572,-0.040532
0.00043776,-0.010262,-0.043849
0.00055704,-0.010917,-0.040014
0.00069038,-0.011589,-0.03647
0.000838,-0.012278,-0.033248
0.00099951,-0.012984,-0.030217
0.0011745,-0.013706,-0.02745
0.0013665,-0.014453,-0.024973
0.0015697,-0.015212,-0.022724
0.0017903,-0.015998,-0.020719
0.0020228,-0.016798,-0.018844
0.0022706,-0.017621,-0.017078
0.0024205,-0.014172,-0.016194
0.0025565,-0.011233,-0.015392
0.0026836,-0.0087564,-0.014634
0.0027966,-0.0066798,-0.013849
0.0028956,-0.0049586,-0.013108
0.0029873,-0.0035579,-0.01243
0.0030696,-0.0024354,-0.011813
0.0031412,-0.0015567,-0.01126
0.0032036,-0.00089471,-0.010724
0.0032587,-0.00042723,-0.010161
0.0032597,-0.00030978,-0.0082166
0.003259,-0.0002158,-0.0065693
0.0032612,-0.0001428,-0.0051767
0.0032681,-8.7835e-05,-0.0040289
0.0032737,-4.7641e-05,-0.0030556
0.0032841,-2.0784e-05,-0.0022769
0.0032921,-5.2268e-06,-0.0016191
0.003301,-7.9332e-09,-0.001077
0.0033104,4.1884e-06,-0.00065444
0.0033205,1.7102e-05,-0.00033672
0.0033258,0.00010025,-9.7222e-05
0.0033291,0.00025276,-1.4844e-06
0.0033302,0.00047617,5.5192e-05
0.0033294,0.00077315,0.00027099
0.0033206,0.0011493,0.00065258
0.0033075,0.0016089,0.001218
0.0032806,0.0021617,0.0019531
0.0032478,0.0028119,0.0028929
0.0032088,0.0035669,0.0040494
0.0031525,0.0044415,0.0053548
0.0029119,0.0057892,0.0067601
0.0026831,0.0073655,0.0083564
0.002463,0.0091932,0.010165
0.0022643,0.011282,0.012279
0.0020709,0.013668,0.014624
0.0018884,0.01637,0.017188
0.0017187,0.019406,0.020023
0.001563,0.022795,0.023183
0.0014128,0.026575,0.02658
0.0012771,0.030751,0.030159
0.0015707,0.030248,0.037694
0.0018988,0.029755,0.046061
0.0022678,0.029265,0.05518
0.0026761,0.028784,0.064892
0.0031287,0.028309,0.075245
0.0036251,0.027842,0.086047
0.0041635,0.027389,0.097471
0.0047565,0.026937,0.10954
0.0053998,0.026495,0.12217
0.0061041,0.026055,0.13507
0.0084341,0.030422,0.14487
0.011225,0.035227,0.15504
0.014497,0.040499,0.16556
0.01829,0.04625,0.17628
0.022643,0.052496,0.18735
0.027538,0.059276,0.19901
0.033051,0.066587,0.21102
0.039211,0.074444,0.22354
0.046017,0.082875,0.23638
0.053533,0.091877,0.24944
0.054068,0.099088,0.23805
0.05458,0.10655,0.22826
0.055107,0.11426,0.2196
0.055631,0.12222,0.212
0.056145,0.13043,0.20508
0.056691,0.13887,0.19872
0.057208,0.14757,0.19277
0.057751,0.15652,0.18701
0.058275,0.16571,0.18162
0.058802,0.17515,0.17677
0.061041,0.15978,0.20468
0.063338,0.14531,0.23226
0.065612,0.1317,0.25969
0.067985,0.1189,0.28714
0.070326,0.10689,0.31445
0.072726,0.095627,0.34137
0.075166,0.085085,0.36806
0.077596,0.075253,0.39492
0.080101,0.066086,0.42176
0.082619,0.05758,0.44802
0.079025,0.05948,0.45718
0.075486,0.061397,0.46687
0.072053,0.063322,0.47673
0.068727,0.065254,0.48631
0.065454,0.067203,0.49597
0.062339,0.069148,0.50592
0.059274,0.071109,0.51584
0.05629,0.07308,0.52531
0.0534,0.075059,0.53465
0.050601,0.077044,0.5435
0.044513,0.075853,0.51696
0.038934,0.074716,0.49472
0.033813,0.073633,0.47579
0.029124,0.0726,0.4593
0.024858,0.071609,0.44479
0.020978,0.070662,0.43185
0.017478,0.069751,0.42023
0.014342,0.068873,0.40998
0.011543,0.06803,0.40079
0.0090816,0.067215,0.39269
0.010202,0.067492,0.39838
0.0114,0.06776,0.40303
0.012659,0.068028,0.40703
0.01397,0.068299,0.41078
0.01535,0.068564,0.41404
0.016798,0.068825,0.41709
0.018309,0.069084,0.4198
0.019877,0.069342,0.42185
0.021503,0.069599,0.42355
0.023192,0.069853,0.42515
0.019873,0.064924,0.42906
0.016836,0.060252,0.43266
0.014067,0.055828,0.43644
0.011574,0.051634,0.44078
0.0093334,0.047664,0.44517
0.0073569,0.043899,0.44959
0.0056228,0.040338,0.45402
0.0041304,0.036969,0.45803
0.002875,0.033785,0.46211
0.0018518,0.030778,0.46648
0.0022863,0.039159,0.43045
0.0027612,0.048453,0.39836
0.0032814,0.058659,0.36929
0.0038421,0.069795,0.34247
0.0044581,0.081857,0.31735
0.0051112,0.094886,0.29409
0.0058101,0.10889,0.27242
0.0065623,0.12389,0.25219
0.0073628,0.13992,0.23327
0.008211,0.157,0.21577
0.011038,0.15388,0.17787
0.014214,0.15086,0.14582
0.017728,0.14793,0.11873
0.021576,0.14507,0.095904
0.025736,0.14228,0.076494
0.030214,0.13956,0.060113
0.035003,0.1369,0.046282
0.040105,0.13428,0.034653
0.045524,0.13171,0.024919
0.051248,0.12918,0.017027
0.052429,0.13288,0.021655
0.053622,0.13663,0.02628
0.054821,0.14043,0.030745
0.056035,0.14428,0.034869
0.057263,0.14817,0.038673
0.058496,0.15212,0.042257
0.059744,0.15611,0.04552
0.061002,0.16016,0.048658
0.062274,0.16424,0.051538
0.063558,0.16837,0.054199
0.063709,0.15962,0.093991
0.063858,0.15114,0.14075
0.064006,0.14291,0.19316
0.064156,0.13492,0.24982
0.064306,0.12717,0.31019
0.06446,0.11964,0.37392
0.064616,0.11234,0.44025
0.064777,0.10526,0.50834
0.06494,0.098405,0.57823
0.065106,0.091781,0.65003
0.0653,0.08493,0.62119
0.06549,0.078496,0.59919
0.065676,0.072446,0.58266
0.065861,0.066744,0.57077
0.066043,0.061374,0.56204
0.066222,0.056318,0.55569
0.066398,0.051553,0.55121
0.066572,0.04706,0.54816
0.066744,0.042836,0.54613
0.066913,0.038859,0.54533
0.066998,0.036567,0.51759
0.067087,0.034397,0.49239
0.067182,0.03235,0.46953
0.067282,0.030416,0.44843
0.067384,0.028581,0.42887
0.067494,0.026851,0.41111
0.067603,0.025204,0.39452
0.067719,0.023649,0.3787
0.067839,0.022177,0.36384
0.06796,0.020778,0.34994
0.065487,0.021443,0.30643
0.06311,0.022068,0.2691
0.060818,0.02265,0.2369
0.058605,0.023189,0.20914
0.056468,0.023694,0.18491
0.054405,0.024165,0.16368
0.052411,0.024607,0.14483
0.050479,0.025013,0.12802
0.048603,0.025385,0.11289
0.046786,0.025729,0.099266
0.052072,0.02831,0.11729
0.057801,0.031086,0.13629
0.063975,0.034048,0.15587
0.070622,0.037212,0.17577
0.077746,0.040572,0.1958
0.085358,0.044131,0.21609
0.09348,0.047899,0.23628
0.10211,0.051869,0.25627
0.11126,0.056041,0.27595
0.12095,0.060423,0.29515
0.11644,0.054448,0.21535
0.11222,0.049022,0.15457
0.10825,0.044068,0.10805
0.10451,0.039549,0.072337
0.10096,0.035405,0.045485
0.097595,0.031604,0.025828
0.094393,0.028122,0.01233
0.091331,0.024921,0.0040791
0.088392,0.021978,0.00034951
0.085565,0.019272,-0.00062337
0.082534,0.015246,-0.0006975
0.079589,0.011771,-0.00077703
0.076727,0.0088114,-0.00087817
0.073945,0.0063315,-0.00098547
0.071244,0.0043026,-0.001113
0.068613,0.0026932,-0.0012649
0.066061,0.0014821,-0.0014368
0.06357,0.00064143,-0.0016509
0.06115,0.00015388,-0.0018771
0.058791,-9.7798e-08,-0.0021333
0.05922,6.1297e-05,-0.0020143
0.059653,0.00025442,-0.0018947
0.060086,0.00057836,-0.0017933
0.06053,0.0010345,-0.0016986
0.060958,0.0016171,-0.0016262
0.061397,0.0023317,-0.0015525
0.061834,0.0031761,-0.0014893
0.06227,0.0041501,-0.0014482
0.062707,0.0052554,-0.0014137
0.06315,0.0064964,-0.0013673
0.064073,0.0069937,-1.147e-06
0.06501,0.0075138,0.0011032
0.065957,0.008052,0.0043796
0.066917,0.0086109,0.0096548
0.067888,0.0091873,0.016712
0.068876,0.0097874,0.025314
0.069883,0.010411,0.035368
0.070907,0.011057,0.046659
0.071943,0.011722,0.059038
0.073001,0.012414,0.072606
0.078443,0.013579,0.088852
0.084225,0.014821,0.10634
0.090366,0.016149,0.12497
0.096871,0.017561,0.14485
0.10375,0.01906,0.16564
0.11102,0.02065,0.18706
0.11868,0.022332,0.20914
0.12674,0.024106,0.23195
0.1352,0.025971,0.25528
0.14407,0.027927,0.27874
0.1545,0.030812,0.19755
0.16515,0.033759,0.13637
0.17608,0.036808,0.090181
0.1873,0.039939,0.055732
0.19887,0.04319,0.0309
0.2108,0.04657,0.01417
0.22312,0.050077,0.0042368
0.23586,0.053722,0.00017848
0.24902,0.057498,-0.0013048
0.26263,0.06143,-0.0070016
0.24477,0.052016,-0.00088128
0.22804,0.043625,0.00030119
0.21233,0.036181,0.0034719
0.19756,0.029599,0.0092574
0.18367,0.023816,0.016965
0.17059,0.018784,0.026063
0.15828,0.014439,0.036293
0.14666,0.010743,0.047306
0.13571,0.0076526,0.059019
0.12538,0.0051253,0.071497
0.11863,0.0025881,0.071706
0.11222,0.00093595,0.072174
0.10612,0.00011535,0.072788
0.10032,-7.6723e-05,0.0734
0.09477,-0.00077962,0.07414
0.089468,-0.0021899,0.074913
0.084395,-0.0042814,0.075702
0.079519,-0.0070292,0.076728
0.074832,-0.010419,0.077809
0.070323,-0.014443,0.078828
0.069225,-0.015477,0.07738
0.068135,-0.016539,0.076385
0.06705,-0.017627,0.075401
0.065991,-0.018751,0.074558
0.064934,-0.0199,0.0737
0.063888,-0.021076,0.07293
0.062866,-0.022284,0.072293
0.061844,-0.023517,0.071517
0.060833,-0.024778,0.070763
0.059837,-0.026067,0.069836
0.055059,-0.026283,0.09943
0.05047,-0.026499,0.13281
0.046046,-0.026709,0.16981
0.041791,-0.026914,0.21025
0.037703,-0.02711,0.25371
0.033793,-0.0273,0.30021
0.030055,-0.02748,0.34924
0.026507,-0.027652,0.40018
0.023143,-0.027812,0.45313
0.019975,-0.027961,0.50822
0.020318,-0.030195,0.45365
0.020684,-0.032482,0.40827
0.02105,-0.034817,0.36931
0.021438,-0.037207,0.33552
0.021837,-0.039648,0.30585
0.022242,-0.04214,0.27929
0.022662,-0.044686,0.25553
0.023087,-0.047284,0.23401
0.023524,-0.049935,0.21451
0.02396,-0.052637,0.19696
0.022463,-0.045564,0.19148
0.021028,-0.039177,0.1866
0.01969,-0.03343,0.1818
0.018412,-0.028274,0.17724
0.017202,-0.023668,0.1729
0.016065,-0.019573,0.16906
0.01498,-0.015951,0.16541
0.013964,-0.012773,0.16213
0.012994,-0.010007,0.15892
0.012072,-0.0076263,0.15567
0.012886,-0.0058157,0.11114
0.013678,-0.0043472,0.077166
0.014418,-0.0031644,0.051541
0.015129,-0.0022225,0.032425
0.015801,-0.0014831,0.018631
0.016457,-0.00091617,0.0090819
0.017099,-0.00049786,0.0031486
0.01775,-0.00021144,0.0003304
0.01839,-4.669e-05,-0.00035077
0.019052,8.2232e-07,-0.0030298
0.017119,-1.4869e-05,-0.0057666
0.015317,-7.2454e-05,-0.0092703
0.013636,-0.00017146,-0.013536
0.012068,-0.00031101,-0.018636
0.010593,-0.00049143,-0.024516
0.0092015,-0.00071415,-0.031086
0.0078956,-0.00098142,-0.038422
0.006682,-0.0012963,-0.046428
0.0055517,-0.0016625,-0.055174
0.0045038,-0.0020843,-0.064659
0.0036728,-0.0013057,-0.047118
0.0029756,-0.00075031,-0.033475
0.0023796,-0.00037661,-0.023109
0.0018835,-0.00014766,-0.015314
0.0014715,-3.1456e-05,-0.0095632
0.0011325,5.6933e-08,-0.0055028
0.00086026,2.9335e-05,-0.0027575
0.0006411,9.9216e-05,-0.0010348
0.00046608,0.00019433,-0.00017731
0.00032752,0.00030707,1.8608e-05
0.00032394,0.00027118,-2.0326e-05
0.00032235,0.00023744,-0.00017093
0.0003178,0.00020592,-0.00047017
0.00031197,0.00017677,-0.00092042
0.00031349,0.00015033,-0.0015495
0.00030534,0.00012616,-0.0023155
0.00029366,0.00010436,-0.0032482
0.00027974,8.4915e-05,-0.0043489
0.00026971,6.7904e-05,-0.0057132
0.0002541,5.3017e-05,-0.0072539
0.00016046,3.0065e-05,-0.0096207
8.4849e-05,1.3155e-05,-0.012473
3.0129e-05,2.8987e-06,-0.015914
2.3919e-06,-8.352e-08,-0.019955
-6.9964e-06,-5.5275e-06,-0.024716
-5.124e-05,-2.0171e-05,-0.030368
-0.00014113,-4.4885e-05,-0.03702
-0.00028567,-8.0735e-05,-0.044708
-0.00049131,-0.00012864,-0.053481
-0.00077042,-0.00018975,-0.063227
-0.00080665,-1.8893e-05,-0.072344
-0.00084753,2.8261e-05,-0.08202
-0.00088767,0.00023186,-0.092291
-0.00092249,0.0006449,-0.10296
-0.00096031,0.0012821,-0.11429
-0.0010011,0.0021589,-0.12642
-0.0010372,0.0032922,-0.1391
-0.0010798,0.004697,-0.15267
-0.0011141,0.0063916,-0.16673
-0.0011532,0.0083901,-0.18135
-0.00098068,0.0092347,-0.15197
-0.00082749,0.010084,-0.1273
-0.00069285,0.010937,-0.10636
-0.0005748,0.011794,-0.088291
-0.00047104,0.012653,-0.072634
-0.00038096,0.013514,-0.059175
-0.00030287,0.014378,-0.047614
-0.00023527,0.015246,-0.037779
-0.00017787,0.016119,-0.029388
-0.00012989,0.016998,-0.022359
-0.00037694,0.015711,-0.024782
-0.00075212,0.014481,-0.027188
-0.0012566,0.013304,-0.029672
-0.0018877,0.01218,-0.032303
-0.0026439,0.011106,-0.034937
-0.003533,0.010079,-0.037606
-0.0045545,0.0090987,-0.040343
-0.005714,0.0081636,-0.043095
-0.0070051,0.0072754,-0.045846
-0.0084405,0.006432,-0.048621
-0.010358,0.0057549,-0.044529
-0.012473,0.005117,-0.040821
-0.01479,0.0045163,-0.037353
-0.017307,0.0039517,-0.03418
-0.020047,0.0034218,-0.031198
-0.023007,0.0029265,-0.028317
-0.026209,0.0024655,-0.025597
-0.02966,0.0020395,-0.023125
-0.033388,0.001649,-0.020776
-0.037373,0.0012955,-0.018661
-0.035585,0.0019536,-0.015488
-0.033853,0.0027354,-0.012691
-0.032168,0.0036373,-0.010283
-0.030533,0.0046559,-0.00817
-0.028946,0.0057891,-0.0063629
-0.027398,0.007035,-0.0047996
-0.025906,0.0083925,-0.0035084
-0.024454,0.0098613,-0.0024558
-0.023042,0.011441,-0.0016101
-0.021678,0.013133,-0.00095308
-0.021673,0.013199,-0.0011661
-0.021669,0.013264,-0.0013914
-0.021649,0.013327,-0.0016451
-0.021638,0.013389,-0.0018893
-0.021627,0.013449,-0.0021282
-0.021625,0.013509,-0.002412
-0.021624,0.013567,-0.0027054
-0.021624,0.013624,-0.0029797
-0.021626,0.013679,-0.0032597
-0.021633,0.013734,-0.0035719
-0.022408,0.014325,-0.0033838
-0.0232,0.014928,-0.0031667
-0.024009,0.015542,-0.0029434
-0.02484,0.016169,-0.0027524
-0.025687,0.016807,-0.0025628
-0.026557,0.017458,-0.0023394
-0.027443,0.01812,-0.0021157
-0.028349,0.018795,-0.0018896
-0.029276,0.019482,-0.0016717
-0.030218,0.02018,-0.0014791
-0.027938,0.016743,-0.0001047
-0.025819,0.013726,0.00025816
-0.023844,0.011087,0.0016801
-0.022001,0.0087933,0.004174
-0.020273,0.0068129,0.0075816
-0.018653,0.0051218,0.011877
-0.017128,0.0036964,0.016939
-0.015685,0.0025174,0.022719
-0.014322,0.001574,0.029224
-0.013025,0.00085409,0.03633
-0.013096,0.00081045,0.02776
-0.013157,0.00076705,0.020812
-0.013211,0.0007255,0.015172
-0.013259,0.00068545,0.010657
-0.013301,0.00064625,0.007096
-0.013338,0.00060824,0.0043779
-0.013371,0.00057165,0.0023664
-0.013402,0.00053653,0.00098762
-0.01343,0.0005022,0.0002169
-0.013456,0.00046902,-3.7981e-06
-0.013456,0.001144,-0.00010695
-0.01345,0.0021281,-0.00034535
-0.013434,0.0034377,-0.00071827
-0.013405,0.0050952,-0.0012088
-0.013361,0.0071315,-0.0018351
-0.013299,0.0095757,-0.0025994
-0.013218,0.012468,-0.0035131
-0.013117,0.015836,-0.0045908
-0.012993,0.019731,-0.0058307
-0.012845,0.024196,-0.0071873
-0.011548,0.024217,-0.011568
-0.010322,0.02424,-0.016803
-0.0091646,0.024259,-0.02285
-0.0080737,0.024281,-0.029761
-0.0070481,0.024304,-0.037438
-0.0060875,0.024328,-0.045775
-0.0051914,0.024358,-0.054809
-0.0043604,0.024395,-0.064692
-0.0035954,0.024436,-0.075256
-0.002898,0.02448,-0.086589
-0.0041347,0.019038,-0.092239
-0.0055706,0.014356,-0.09769
-0.0072042,0.01038,-0.10312
-0.0090371,0.0070728,-0.1087
-0.011075,0.0044041,-0.11433
-0.013327,0.0023615,-0.11991
-0.015802,0.00094514,-0.12546
-0.018511,0.00016215,-0.13111
-0.021471,-3.0205e-05,-0.13679
-0.024697,-0.00057714,-0.14246
-0.020717,-0.0011706,-0.1587
-0.017076,-0.0019713,-0.17539
-0.013773,-0.0029854,-0.19256
-0.010806,-0.0042153,-0.2098
-0.0081772,-0.0056647,-0.22733
-0.0058939,-0.0073402,-0.24524
-0.0039656,-0.0092556,-0.26356
-0.0024015,-0.011413,-0.2818
-0.0012155,-0.013824,-0.30014
-0.00042159,-0.01649,-0.3184
-0.00035687,-0.013166,-0.32793
-0.00029772,-0.010228,-0.33834
-0.00024419,-0.0076769,-0.34917
-0.00019606,-0.0055001,-0.36021
-0.00015319,-0.0036886,-0.37173
-0.0001156,-0.0022432,-0.38386
-8.319e-05,-0.0011558,-0.39637
-5.5999e-05,-0.00042563,-0.40944
-3.4062e-05,-5.2831e-05,-0.42285
-1.7454e-05,3.7363e-05,-0.43624
5.4739e-06,0.001322,-0.42655
7.745e-05,0.0043944,-0.41787
0.00023222,0.0092292,-0.41017
0.00047051,0.015823,-0.40343
0.00079444,0.024211,-0.39733
0.0012078,0.034432,-0.39202
0.0017153,0.046562,-0.38703
0.0023224,0.06068,-0.3823
0.003036,0.076869,-0.37773
0.0038637,0.095212,-0.37318
0.0038873,0.093746,-0.40656
0.0039118,0.092286,-0.43914
0.0039393,0.090804,-0.4703
0.0039659,0.089363,-0.50077
0.0039937,0.087931,-0.53039
0.0040217,0.086522,-0.55957
0.0040488,0.085145,-0.58808
0.0040764,0.083786,-0.6159
0.0041098,0.082404,-0.64235
0.0041411,0.081066,-0.66823
0.0049512,0.073307,-0.57213
0.0058146,0.066242,-0.49522
0.0067295,0.059787,-0.43206
0.0076978,0.053862,-0.37956
0.0087122,0.048437,-0.33507
0.009775,0.043454,-0.29707
0.010884,0.038876,-0.264
0.012041,0.034665,-0.2351
0.013237,0.030807,-0.20958
0.014483,0.027257,-0.18676
0.012185,0.034265,-0.21828
0.01004,0.04231,-0.25144
0.008057,0.051468,-0.2858
0.0062569,0.061793,-0.32123
0.0046571,0.073337,-0.35745
0.0032653,0.086171,-0.39377
0.0021007,0.10033,-0.42985
0.0011796,0.11586,-0.4654
0.00051452,0.13279,-0.50025
0.00011719,0.15115,-0.53369
0.00048178,0.14107,-0.45369
0.0010663,0.13182,-0.38835
0.0018453,0.12329,-0.33413
0.0027988,0.11541,-0.28826
0.0039106,0.10809,-0.24906
0.0051642,0.10129,-0.21545
0.0065501,0.094957,-0.18619
0.0080538,0.089041,-0.16049
0.0096638,0.083511,-0.13796
0.011381,0.078324,-0.11813
0.011448,0.087948,-0.11101
0.011521,0.098216,-0.10428
0.011596,0.10915,-0.097772
0.011671,0.12077,-0.091183
0.011744,0.13308,-0.084804
0.011825,0.14611,-0.078801
0.011905,0.15987,-0.073
0.011988,0.17436,-0.067265
0.012069,0.18961,-0.061741
0.012153,0.20562,-0.056554
0.01211,0.19962,-0.026723
0.012066,0.1939,-0.0088967
0.012011,0.18842,-0.00084285
0.011968,0.18315,0.0010827
0.011919,0.17805,0.0084948
0.011869,0.17309,0.022323
0.011828,0.16826,0.041916
0.011778,0.16355,0.066801
0.011733,0.15892,0.096554
0.011692,0.15438,0.13064
0.011671,0.14443,0.074227
0.011663,0.13527,0.03737
0.011657,0.12677,0.014838
0.011664,0.11884,0.0031792
0.011667,0.1114,-1.8627e-05
0.011675,0.10437,-0.0037813
0.011684,0.097708,-0.013363
0.011703,0.091367,-0.027876
0.011716,0.085305,-0.046758
0.011729,0.079494,-0.069673
0.0088641,0.083443,-0.068864
0.0063999,0.087476,-0.068126
0.0043461,0.091605,-0.067581
0.0026829,0.095819,-0.067358
0.0014173,0.10013,-0.067284
0.00055175,0.10453,-0.067192
8.5547e-05,0.10903,-0.067214
-2.5166e-05,0.11363,-0.067455
-0.00037283,0.11834,-0.067839
-0.0011371,0.12314,-0.068111
-0.00046898,0.12916,-0.073914
-8.9019e-05,0.13537,-0.07997
8.1809e-06,0.14175,-0.086141
0.00023291,0.14831,-0.092213
0.00076982,0.15505,-0.098365
0.001629,0.16197,-0.10474
0.0028198,0.16908,-0.11121
0.0043444,0.17636,-0.11746
0.0062119,0.18382,-0.12374
0.0084385,0.19148,-0.13028
0.0078662,0.18217,-0.14212
0.0073125,0.17323,-0.15406
0.0067795,0.16465,-0.16629
0.0062717,0.15641,-0.17859
0.0057919,0.14852,-0.19135
0.0053238,0.14091,-0.20441
0.0048782,0.13361,-0.2177
0.0044523,0.12658,-0.2314
0.0040512,0.11984,-0.24544
0.003674,0.11336,-0.25955
0.0060991,0.1237,-0.23492
0.0091602,0.1345,-0.21315
0.012832,0.14572,-0.1934
0.01718,0.15747,-0.17539
0.022175,0.16968,-0.15888
0.027849,0.1824,-0.14363
0.034221,0.19564,-0.12965
0.041308,0.20941,-0.11698
0.049126,0.22372,-0.1053
0.057688,0.23856,-0.09468
0.056121,0.23707,-0.077457
0.054649,0.23571,-0.063364
0.053129,0.23435,-0.051312
0.051665,0.23308,-0.041064
0.050237,0.23188,-0.032425
0.048852,0.23075,-0.025176
0.047482,0.22965,-0.019133
0.046132,0.22861,-0.014199
0.044826,0.22762,-0.01017
0.043524,0.22666,-0.00688
0.047234,0.23692,-0.01389
0.051134,0.24745,-0.022423
0.055212,0.25825,-0.031954
0.059467,0.2693,-0.041977
0.063898,0.2806,-0.052295
0.068588,0.29222,-0.062517
0.073382,0.30401,-0.072815
0.078389,0.31606,-0.08303
0.083568,0.32833,-0.09307
0.088971,0.34085,-0.10305
0.097716,0.30116,-0.08073
0.10665,0.26516,-0.064117
0.1158,0.23251,-0.051511
0.12508,0.20285,-0.041798
0.13455,0.17593,-0.034126
0.14422,0.15155,-0.028065
0.15404,0.12946,-0.023154
0.16408,0.10952,-0.019061
0.17427,0.091566,-0.01566
0.18467,0.075475,-0.012883
0.17529,0.06246,-0.0082014
0.16637,0.051026,-0.0047039
0.15798,0.041059,-0.0022714
0.14998,0.032417,-0.00077866
0.14242,0.025006,-8.5116e-05
0.13521,0.018719,7.5982e-05
0.12841,0.013479,0.00067576
0.12188,0.0091918,0.001841
0.11567,0.0057987,0.0035075
0.10974,0.003234,0.0056214
0.10362,0.0043501,0.0010061
0.097794,0.0056026,-7.3294e-05
0.09221,0.0069857,-0.0021583
0.086814,0.0084919,-0.0067469
0.081659,0.010127,-0.013504
0.076706,0.011889,-0.022191
0.071942,0.01378,-0.032502
0.06734,0.015798,-0.044269
0.06288,0.017944,-0.057409
0.058558,0.020221,-0.071948
0.055227,0.028227,-0.093624
0.051925,0.037757,-0.11753
0.048677,0.048922,-0.14355
0.045433,0.061807,-0.17191
0.042246,0.076537,-0.20221
0.039079,0.093193,-0.23401
0.035985,0.11189,-0.2673
0.032947,0.13271,-0.30215
0.029977,0.15573,-0.33813
0.027097,0.18104,-0.3754
0.027472,0.17767,-0.27572
0.027856,0.17445,-0.20133
0.028213,0.17132,-0.14473
0.02857,0.16828,-0.10132
0.028922,0.16533,-0.068205
0.029267,0.16244,-0.043419
0.029602,0.15962,-0.025243
0.029936,0.15685,-0.012514
0.030259,0.15413,-0.004518
0.030596,0.15146,-0.00058892
0.037153,0.14609,-0.0010107
0.04432,0.14085,-0.0014492
0.052105,0.13574,-0.0018575
0.060512,0.13073,-0.0021976
0.069554,0.12584,-0.0024807
0.079228,0.12106,-0.0027018
0.089553,0.11637,-0.0028526
0.10051,0.11178,-0.0029418
0.11214,0.10727,-0.0029691
0.12444,0.10286,-0.0029595
0.12356,0.088439,-0.00087497
0.12273,0.075425,-4.8137e-05
0.12197,0.063719,0.00018958
0.12128,0.05323,0.001085
0.12061,0.043875,0.0026062
0.12002,0.035581,0.0045862
0.11946,0.028282,0.0069941
0.11893,0.021923,0.0098047
0.11845,0.01645,0.012923
0.11798,0.011823,0.016418
0.11137,0.011513,0.0068715
0.10506,0.011218,0.001675
0.09901,0.010936,3.842e-06
0.093212,0.010667,-0.0011744
0.087673,0.010407,-0.0046729
0.082344,0.010158,-0.010188
0.077227,0.0099173,-0.017403
0.072314,0.0096844,-0.026015
0.067603,0.0094577,-0.035941
0.063057,0.0092395,-0.047033
0.068834,0.0086966,-0.051351
0.074949,0.0081685,-0.055619
0.081435,0.0076527,-0.05999
0.088286,0.0071517,-0.064182
0.095512,0.0066657,-0.068423
0.10311,0.006196,-0.072773
0.11112,0.0057413,-0.077129
0.11953,0.0053015,-0.081618
0.12836,0.0048778,-0.086146
0.1376,0.0044705,-0.090394
0.12924,0.0032442,-0.074128
0.12134,0.0022373,-0.060994
0.11389,0.0014341,-0.050313
0.10685,0.00082075,-0.041607
0.1002,0.00038539,-0.034406
0.093898,0.00011704,-0.02839
0.087948,4.7148e-06,-0.023307
0.08231,-3.9562e-05,-0.019171
0.076975,-0.00021289,-0.015695
0.071921,-0.00051667,-0.012809
0.075933,-0.0011177,-0.0077387
0.080099,-0.0019528,-0.0040252
0.084418,-0.0030233,-0.0015607
0.088915,-0.0043365,-0.00025044
0.093588,-0.0058929,5.0271e-05
0.098464,-0.0077043,0.00087018
0.10354,-0.0097714,0.0026342
0.10884,-0.012104,0.0052532
0.11437,-0.014705,0.0086754
0.12013,-0.017581,0.012917
0.1269,-0.014822,0.0095513
0.13387,-0.012301,0.0069032
0.14103,-0.010018,0.0048589
0.14839,-0.0079674,0.0033007
0.15595,-0.0061522,0.0021256
0.16371,-0.0045671,0.0013082
0.17167,-0.0032165,0.0007352
0.17985,-0.0021001,0.00036303
0.18823,-0.0012194,0.00013816
0.19682,-0.00057505,2.3056e-05
0.20181,-0.00051875,0.0005468
0.20687,-0.0004651,0.001655
0.212,-0.00041537,0.0032169
0.2172,-0.00036829,0.0052064
0.22248,-0.00032454,0.0075263
0.22783,-0.0002835,0.010158
0.23326,-0.0002456,0.013033
0.23876,-0.00021052,0.01604
0.24433,-0.00017848,0.019192
0.24997,-0.00014929,0.022392
0.23484,0.00014525,0.033276
0.22048,0.0012848,0.045479
0.20684,0.0035061,0.058722
0.19384,0.0067596,0.073047
0.18143,0.011006,0.088202
0.16956,0.016217,0.10414
0.1582,0.022368,0.12076
0.14729,0.02945,0.13779
0.13682,0.037448,0.15537
0.12676,0.046364,0.17355
0.12817,0.047379,0.14502
0.12957,0.048379,0.12166
0.13097,0.049366,0.10236
0.13235,0.050349,0.086284
0.13373,0.051322,0.072809
0.13511,0.052287,0.061346
0.13649,0.053245,0.051591
0.13786,0.054204,0.043287
0.13923,0.055155,0.036202
0.1406,0.056107,0.030043
0.13516,0.050115,0.019609
0.12993,0.044617,0.011711
0.1249,0.039567,0.006022
0.12007,0.03493,0.002336
0.11542,0.030684,0.00040303
0.11094,0.026794,-5.0374e-05
0.10661,0.023251,-0.0011443
0.10244,0.02002,-0.003617
0.098403,0.017087,-0.0073758
0.094512,0.014428,-0.012278
0.098906,0.016485,-0.0063332
0.10343,0.018686,-0.0024343
0.10809,0.021039,-0.00040349
0.11287,0.023555,6.0522e-05
0.11779,0.026236,0.0012
0.12286,0.029084,0.0036678
0.12807,0.032106,0.0073363
0.13343,0.035306,0.012107
0.13894,0.038687,0.017887
0.14461,0.042252,0.024492
0.15894,0.036163,0.022296
0.17401,0.030538,0.02033
0.18986,0.025376,0.018653
0.2065,0.020674,0.017255
0.22398,0.016436,0.016039
0.2423,0.012666,0.014945
0.26151,0.0093704,0.013943
0.28161,0.0065567,0.013064
0.30265,0.0042322,0.01221
0.32463,0.002406,0.011477
0.32165,0.0012807,0.0021312
0.31873,0.00051441,-0.00010589
0.31583,9.4243e-05,-0.0039674
0.31298,-9.9205e-06,-0.012684
0.31015,-0.00025309,-0.025504
0.30733,-0.00081694,-0.041769
0.30456,-0.0016958,-0.06111
0.3018,-0.002885,-0.083422
0.29905,-0.0043807,-0.10827
0.29631,-0.0061795,-0.13529
0.30399,-0.0044555,-0.17264
0.31182,-0.0030103,-0.21245
0.31978,-0.0018457,-0.25414
0.32788,-0.00096333,-0.29724
0.33611,-0.00036471,-0.34163
0.34445,-5.1105e-05,-0.38716
0.35294,2.3116e-05,-0.43363
0.36154,0.000281,-0.48022
0.3703,0.00082474,-0.52723
0.37915,0.0016532,-0.57507
0.3512,0.0011163,-0.40965
0.32562,0.00069983,-0.29394
0.30207,0.00039011,-0.21038
0.28029,0.00017605,-0.14894
0.26009,4.8836e-05,-0.1031
0.24133,8.0478e-07,-0.069023
0.22386,-2.5266e-05,-0.043801
0.20755,-0.0001166,-0.025514
0.19235,-0.00026928,-0.012836
0.17811,-0.00047957,-0.0048583
0.17081,-0.00037514,-0.0046837
0.16376,-0.00028534,-0.00435
0.15698,-0.00020907,-0.0038847
0.15042,-0.00014587,-0.0033049
0.14408,-9.5074e-05,-0.0026975
0.13798,-5.5698e-05,-0.0020828
0.13211,-2.7026e-05,-0.0014935
0.12644,-8.933e-06,-0.00099858
0.12098,-6.6426e-07,-0.00058747
0.1157,1.7175e-06,-0.00027461
0.12359,1.1876e-05,-0.0014587
0.13185,3.2164e-05,-0.0034588
0.14045,6.3511e-05,-0.0061978
0.14943,0.00010743,-0.0095958
0.15877,0.00016456,-0.013594
0.16848,0.00023615,-0.018065
0.17858,0.00032325,-0.022971
0.18903,0.00042582,-0.028361
0.19986,0.0005455,-0.034101
0.2111,0.00068371,-0.04014
0.19897,0.0014627,-0.061288
0.1872,0.0025099,-0.085295
0.17595,0.0038264,-0.11131
0.16511,0.0054009,-0.13931
0.15465,0.0072261,-0.16868
0.14461,0.0093062,-0.19906
0.13494,0.011633,-0.23035
0.12563,0.014206,-0.26239
0.11665,0.017022,-0.29518
0.10801,0.020078,-0.32879
0.11084,0.027016,-0.25345
0.11363,0.034764,-0.19392
0.11644,0.043333,-0.14626
0.11925,0.052721,-0.10819
0.12209,0.062952,-0.077669
0.12495,0.074043,-0.053342
0.12785,0.086036,-0.03439
0.13081,0.098959,-0.020195
0.13382,0.11285,-0.010094
0.13688,0.12773,-0.0036634
0.13637,0.11044,-0.0037507
0.13583,0.094896,-0.0035932
0.13527,0.080939,-0.0032903
0.13469,0.068457,-0.0028774
0.13412,0.057338,-0.0024066
0.13351,0.047449,-0.0019202
0.13285,0.038705,-0.0014634
0.13224,0.031051,-0.0010176
0.13159,0.024377,-0.00064677
0.13092,0.018627,-0.00035907
0.1294,0.017038,-1.1545e-05
0.1279,0.015533,0.00012708
0.12643,0.014112,0.00064152
0.12498,0.012769,0.0014856
0.12355,0.011504,0.0026299
0.12213,0.01031,0.0040726
0.12074,0.0091928,0.005775
0.11937,0.0081455,0.0076533
0.11801,0.0071668,0.0097312
0.11669,0.0062594,0.011926
0.10828,0.0072998,0.010979
0.10033,0.0083959,0.010164
0.092766,0.0095361,0.0094462
0.085639,0.010731,0.0087476
0.078868,0.01196,0.0081289
0.072491,0.013237,0.0076295
0.066457,0.014548,0.0071806
0.060748,0.015889,0.0067495
0.055375,0.017267,0.0063525
0.050304,0.018673,0.0059304
0.055989,0.020826,0.0038281
0.062072,0.023132,0.0021853
0.068575,0.025601,0.0010183
0.075546,0.028252,0.00030276
0.082952,0.031069,1.0639e-05
0.090874,0.034087,-0.00011808
0.099251,0.037276,-0.00060335
0.10815,0.040667,-0.0014287
0.11755,0.044242,-0.0025695
0.12749,0.048021,-0.0040172
0.11525,0.049991,-0.00078629
0.10382,0.051942,2.742e-05
0.093226,0.053913,0.0013269
0.083367,0.055886,0.0043205
0.074195,0.05786,0.0087727
0.065696,0.059854,0.014496
0.057844,0.061879,0.021396
0.050551,0.063904,0.029239
0.043826,0.065956,0.037941
0.037621,0.068017,0.047442
0.04316,0.067194,0.021069
0.049015,0.066385,0.0059268
0.055199,0.065568,0.00015268
0.0618,0.064766,-0.0024603
0.068872,0.063979,-0.011963
0.07642,0.063181,-0.027998
0.084504,0.06238,-0.049984
0.093187,0.061584,-0.077239
0.10249,0.060786,-0.1094
0.11246,0.059987,-0.14633
0.11795,0.055374,-0.1662
0.1236,0.050952,-0.18733
0.12938,0.046714,-0.20984
0.1353,0.042659,-0.23395
0.14136,0.038786,-0.25934
0.14757,0.035095,-0.28571
0.15391,0.031585,-0.31327
0.16043,0.028263,-0.34241
0.16707,0.02512,-0.37256
0.17388,0.022163,-0.4041
0.1592,0.020079,-0.31823
0.14573,0.018225,-0.25218
0.13333,0.01657,-0.2004
0.12189,0.015087,-0.15883
0.11133,0.013757,-0.12529
0.1016,0.012562,-0.098238
0.092588,0.011487,-0.076152
0.08429,0.010521,-0.057986
0.076618,0.0096503,-0.043181
0.069526,0.0088663,-0.031281
0.07087,0.0073889,-0.024864
0.072224,0.0060616,-0.019392
0.073577,0.0048773,-0.014714
0.074925,0.0038308,-0.010721
0.076297,0.0029178,-0.0074269
0.077651,0.0021338,-0.0047849
0.07903,0.0014759,-0.0027655
0.080415,0.00094124,-0.0013347
0.08179,0.00052775,-0.0004182
0.083192,0.00023377,-2.2134e-05
0.086198,0.0007298,-0.00029055
0.08931,0.0015065,-0.00082316
0.092505,0.0025702,-0.0015702
0.09579,0.0039282,-0.0024735
0.099169,0.0055881,-0.0035239
0.10267,0.0075573,-0.0047138
0.10627,0.0098443,-0.0060143
0.10998,0.012457,-0.0073383
0.1138,0.015406,-0.0087259
0.11774,0.018698,-0.010185
0.11838,0.022759,-0.019723
0.11901,0.027254,-0.031708
0.11965,0.032196,-0.045814
0.12028,0.037602,-0.061881
0.12091,0.043488,-0.079568
0.12155,0.049861,-0.098852
0.12219,0.056737,-0.11935
0.12283,0.064125,-0.14108
0.12347,0.072037,-0.16364
0.12411,0.080476,-0.18689
0.12489,0.082815,-0.17282
0.12567,0.08517,-0.16058
0.12644,0.08754,-0.15002
0.1272,0.089929,-0.14065
0.12797,0.092326,-0.13231
0.12874,0.094741,-0.12503
0.1295,0.097172,-0.11847
0.13027,0.09962,-0.11275
0.13104,0.10207,-0.10756
0.1318,0.10456,-0.10261
0.12233,0.11483,-0.08094
0.11331,0.12545,-0.063165
0.1047,0.13641,-0.048715
0.096495,0.14772,-0.036848
0.088675,0.15938,-0.027157
0.081208,0.1714,-0.019441
0.074098,0.18377,-0.01329
0.067318,0.19653,-0.0085591
0.060877,0.20965,-0.0049993
0.054759,0.22315,-0.0024443
0.055211,0.207,-0.0048424
0.055646,0.19181,-0.0077121
0.056063,0.17752,-0.010913
0.056451,0.16409,-0.014312
0.056823,0.15145,-0.017886
0.057177,0.13955,-0.021598
0.057512,0.12837,-0.025419
0.057824,0.11786,-0.02924
0.058118,0.10798,-0.033155
0.058396,0.098695,-0.037158
0.059185,0.095835,-0.023677
0.059987,0.093091,-0.013752
0.060787,0.090475,-0.0068496
0.061588,0.087966,-0.0024972
0.0624,0.085541,-0.00034551
0.063232,0.08318,0.00013612
0.064063,0.080902,0.0016461
0.064894,0.078699,0.0046613
0.065741,0.076545,0.0090574
0.066587,0.074455,0.014734
0.05899,0.072032,0.015551
0.051992,0.069674,0.016572
0.045569,0.06737,0.01784
0.039681,0.065128,0.019338
0.034301,0.062945,0.021029
0.029405,0.060813,0.022867
0.024969,0.05873,0.024858
0.020965,0.056698,0.027112
0.01737,0.054716,0.029566
0.014164,0.052781,0.032061
0.017608,0.050881,0.03359
0.021443,0.049009,0.035162
0.025676,0.047167,0.036661
0.030319,0.045348,0.037978
0.035381,0.043554,0.03922
0.040876,0.041782,0.040313
0.046814,0.040033,0.041359
0.053204,0.038309,0.042432
0.060079,0.0366,0.043431
0.067439,0.034914,0.044269
0.074547,0.03878,0.036011
0.082099,0.042897,0.028995
0.090136,0.047268,0.023005
0.09867,0.051903,0.01786
0.10772,0.056812,0.01354
0.1173,0.061999,0.010037
0.12744,0.067473,0.007179
0.13813,0.07324,0.0048482
0.14942,0.079302,0.0030441
0.16128,0.085666,0.0017292
0.15674,0.080767,0.00030832
0.1523,0.076094,-2.4883e-05
0.14798,0.071636,-0.00069849
0.14378,0.067377,-0.0022238
0.13969,0.063312,-0.0044997
0.13569,0.059431,-0.0074766
0.13181,0.055724,-0.011074
0.12802,0.052186,-0.015135
0.12433,0.048807,-0.019688
0.12071,0.045583,-0.024757
0.12191,0.038668,-0.021827
0.12309,0.032431,-0.019378
0.12423,0.026834,-0.017332
0.12541,0.021841,-0.01569
0.12654,0.017424,-0.014276
0.12766,0.013556,-0.013029
0.12878,0.010211,-0.01195
0.12991,0.0073707,-0.010932
0.131,0.0050143,-0.01005
0.1321,0.0031264,-0.0093005
0.12683,0.0027886,-0.0074112
0.12175,0.0024704,-0.0058541
0.11685,0.0021719,-0.0045867
0.11211,0.0018929,-0.0035823
0.10756,0.0016343,-0.0027661
0.10318,0.0013952,-0.0020813
0.098946,0.0011755,-0.0015274
0.094871,0.00097513,-0.0011044
0.090927,0.00079347,-0.00077022
0.087137,0.00063128,-0.00051812
0.094967,0.0027348,-0.00082041
0.10325,0.0064036,-0.0011523
0.11204,0.011745,-0.0015211
0.12135,0.018877,-0.0019415
0.13121,0.027918,-0.002377
0.14169,0.039013,-0.002804
0.15276,0.052276,-0.0032206
0.16448,0.06784,-0.0036062
0.17685,0.085832,-0.003972
0.18989,0.10636,-0.004353
0.19983,0.10571,-0.002135
0.2101,0.10509,-0.00081725
0.22061,0.10445,-0.00015609
0.2314,0.10383,6.263e-06
0.24247,0.10322,0.00026748
0.25381,0.1026,0.00084017
0.26542,0.102,0.0016593
0.27732,0.1014,0.0026564
0.2895,0.10081,0.0037879
0.30196,0.10023,0.005079
0.30675,0.10556,0.026668
0.3116,0.11102,0.062095
0.31651,0.11663,0.10883
0.32157,0.12242,0.16482
0.32663,0.12832,0.22856
0.33177,0.13438,0.29882
0.33698,0.14059,0.37485
0.34225,0.14693,0.45624
0.34757,0.1534,0.54213
0.35299,0.16004,0.63163
0.35019,0.14632,0.62802
0.34756,0.13349,0.63057
0.34503,0.12147,0.637
0.3426,0.1102,0.6456
0.34033,0.099691,0.6555
0.33814,0.089857,0.66704
0.33601,0.080655,0.67894
0.33398,0.07209,0.69048
0.33202,0.064106,0.70195
0.33018,0.05671,0.71355
0.34233,0.052736,0.71967
0.35464,0.048938,0.72765
0.36713,0.045321,0.73677
0.3798,0.041877,0.74638
0.39264,0.038602,0.75639
0.4056,0.03547,0.76661
0.41874,0.032506,0.77653
0.43206,0.029705,0.78618
0.44549,0.027037,0.79572
0.45908,0.024524,0.80463
0.45424,0.017614,0.72581
0.44966,0.011991,0.66192
0.44527,0.007543,0.60835
0.4411,0.0041918,0.56199
0.43708,0.0018586,0.52137
0.43323,0.00048053,0.4858
0.4295,1.2711e-06,0.45375
0.42592,-0.00037175,0.42484
0.42244,-0.0015489,0.39833
0.41912,-0.0034879,0.37375
0.43705,-0.0027375,0.39362
0.45548,-0.0020716,0.41015
0.47427,-0.0015052,0.42405
0.49344,-0.0010321,0.43613
0.51305,-0.00064766,0.44612
0.53297,-0.00035638,0.45464
0.55324,-0.00015312,0.46195
0.57393,-3.434e-05,0.46854
0.59492,3.0639e-07,0.47435
0.61625,4.7629e-05,0.47905
0.62516,0.00053023,0.4343
0.63406,0.0015038,0.39751
0.64295,0.0029369,0.36617
0.65189,0.0048083,0.33863
0.66079,0.0070844,0.31422
0.66971,0.0097501,0.29206
0.67862,0.012778,0.27198
0.68755,0.016158,0.25371
0.69643,0.019853,0.23698
0.70542,0.023887,0.22174
0.70984,0.029357,0.24863
0.71427,0.035337,0.27152
0.71868,0.041799,0.29094
0.72316,0.048755,0.30755
0.72758,0.056147,0.32183
0.73203,0.06399,0.33408
0.73647,0.072256,0.34484
0.74095,0.080946,0.35485
0.74539,0.090019,0.36384
0.74985,0.099482,0.37156
0.75786,0.082642,0.30513
0.76594,0.067813,0.25563
0.77402,0.05478,0.21687
0.78216,0.043424,0.1855
0.79032,0.033603,0.15948
0.79856,0.025228,0.13764
0.80677,0.018177,0.11889
0.81502,0.012388,0.10256
0.82336,0.0077922,0.08843
0.83168,0.0043071,0.076063
0.76721,0.00085833,0.081186
0.70712,-3.4968e-05,0.084488
0.65118,-0.0015999,0.086694
0.59896,-0.0053485,0.088099
0.55025,-0.011097,0.08905
0.50473,-0.018694,0.0897
0.46222,-0.027993,0.090149
0.4224,-0.038911,0.09076
0.38516,-0.051324,0.091297
0.35032,-0.065138,0.091987
0.35885,-0.06684,0.09058
0.36745,-0.068571,0.088932
0.37616,-0.070306,0.087162
0.38494,-0.072073,0.085514
0.3938,-0.073864,0.083813
0.40274,-0.075678,0.081899
0.41174,-0.077521,0.079971
0.42083,-0.079374,0.078165
0.42998,-0.081262,0.076342
0.43921,-0.083165,0.074366
0.43159,-0.069429,0.087708
0.42422,-0.057221,0.10103
0.41705,-0.046447,0.11427
0.41006,-0.037003,0.12726
0.40328,-0.028794,0.14022
0.39664,-0.021755,0.15346
0.39016,-0.015809,0.16675
0.38384,-0.010892,0.17984
0.37766,-0.00695,0.193
0.37159,-0.0039356,0.20645
0.36957,-0.0069361,0.16482
0.36758,-0.010704,0.13155
0.36556,-0.015215,0.10473
0.36352,-0.020444,0.082982
0.3615,-0.026363,0.065131
0.35948,-0.032955,0.050291
0.35743,-0.040209,0.03807
0.35543,-0.048096,0.028117
0.3534,-0.056621,0.020038
0.35138,-0.065758,0.013636
0.34281,-0.071124,0.014776
0.3344,-0.076631,0.015509
0.32618,-0.082265,0.015965
0.31815,-0.08802,0.016271
0.31027,-0.093899,0.016392
0.30256,-0.099894,0.016344
0.29499,-0.106,0.016194
0.28759,-0.11222,0.016007
0.28035,-0.11853,0.015793
0.27325,-0.12495,0.015484
0.30005,-0.14052,0.019296
0.32865,-0.15714,0.023136
0.3591,-0.1748,0.026906
0.3914,-0.1935,0.030458
0.42559,-0.21323,0.033847
0.46169,-0.23397,0.037144
0.4997,-0.25572,0.040265
0.53964,-0.27845,0.043129
0.5815,-0.30215,0.045822
0.62529,-0.32679,0.048454
0.60454,-0.34026,0.033586
0.5845,-0.35385,0.023062
0.56507,-0.36756,0.015499
0.5463,-0.38138,0.0099396
0.52808,-0.39531,0.0059575
0.51044,-0.40935,0.0031524
0.49333,-0.4235,0.0013287
0.47673,-0.43774,0.00032385
0.46063,-0.45208,2.1825e-07
0.44502,-0.46652,-0.00025675
0.43971,-0.43776,-0.004661
0.43462,-0.41102,-0.013146
0.42972,-0.3861,-0.024602
0.42499,-0.36283,-0.03842
0.42042,-0.34107,-0.054146
0.41602,-0.32068,-0.071381
0.41178,-0.30156,-0.089893
0.40765,-0.28359,-0.10975
0.40364,-0.26669,-0.13063
0.39979,-0.25079,-0.15272
0.39048,-0.24937,-0.11156
0.38139,-0.24799,-0.081895
0.37248,-0.24662,-0.05988
0.36379,-0.24529,-0.04325
0.35523,-0.24396,-0.030462
0.34685,-0.24264,-0.020636
0.33863,-0.24133,-0.013214
0.33057,-0.24003,-0.0077065
0.32267,-0.23875,-0.0038444
0.3149,-0.23746,-0.0014191
0.30497,-0.23595,-0.0037268
0.29539,-0.23459,-0.0066034
0.28615,-0.23336,-0.0097525
0.27723,-0.23226,-0.013002
0.26862,-0.23128,-0.016316
0.26031,-0.23043,-0.01972
0.25228,-0.22968,-0.023139
0.24452,-0.22905,-0.026516
0.23701,-0.2285,-0.029898
0.22975,-0.22806,-0.033419
0.23171,-0.24923,-0.032806
0.23367,-0.27127,-0.032101
0.23567,-0.29417,-0.03142
0.23776,-0.31801,-0.030611
0.23986,-0.34267,-0.029825
0.24193,-0.36806,-0.029162
0.24403,-0.39424,-0.028493
0.24615,-0.42118,-0.02776
0.2483,-0.4489,-0.026951
0.25046,-0.47732,-0.026196
0.26908,-0.48626,-0.028206
0.28837,-0.49521,-0.030214
0.3083,-0.50411,-0.032169
0.32887,-0.51299,-0.033975
0.35008,-0.52181,-0.035731
0.37191,-0.53062,-0.037551
0.39435,-0.53935,-0.039325
0.41739,-0.54805,-0.040968
0.44103,-0.55669,-0.042554
0.46524,-0.56528,-0.043996
0.48101,-0.53238,-0.040244
0.49675,-0.5014,-0.037238
0.51249,-0.47222,-0.034659
0.52825,-0.44473,-0.032343
0.54398,-0.41874,-0.030391
0.55971,-0.39417,-0.02864
0.57543,-0.37092,-0.02705
0.59116,-0.34892,-0.025663
0.60688,-0.32807,-0.024379
0.62262,-0.30831,-0.023103
0.63767,-0.30591,-0.026263
0.65281,-0.30351,-0.029149
0.66804,-0.30111,-0.031721
0.68334,-0.29871,-0.034046
0.69875,-0.29632,-0.036266
0.71422,-0.29391,-0.038315
0.72975,-0.29151,-0.040229
0.74537,-0.28911,-0.042016
0.76105,-0.2867,-0.043691
0.77681,-0.2843,-0.045377
0.73077,-0.26018,-0.027576
0.68756,-0.23812,-0.015882
0.64696,-0.21791,-0.0082593
0.60877,-0.19937,-0.0034986
0.57281,-0.18233,-0.00089797
0.53892,-0.16666,-9.0762e-06
0.50697,-0.15224,0.00049959
0.47683,-0.13895,0.0021851
0.44838,-0.12671,0.004899
0.4215,-0.11543,0.0084814
0.43067,-0.1194,0.010863
0.43991,-0.12337,0.013364
0.44922,-0.12733,0.015918
0.4586,-0.13128,0.018434
0.46805,-0.13521,0.020949
0.47756,-0.13911,0.023373
0.48714,-0.143,0.02577
0.49677,-0.14685,0.028151
0.50646,-0.15068,0.03048
0.51621,-0.15446,0.032868
0.4984,-0.15947,0.067233
0.48104,-0.16448,0.10858
0.46411,-0.1695,0.15517
0.44764,-0.17448,0.20575
0.43154,-0.17948,0.25971
0.41582,-0.18448,0.31682
0.40048,-0.18947,0.37652
0.38548,-0.19448,0.43797
0.37085,-0.19947,0.50127
0.35656,-0.20446,0.56631
0.37588,-0.20284,0.48091
0.39552,-0.20128,0.41512
0.41554,-0.19973,0.36288
0.43592,-0.19823,0.32036
0.45667,-0.19675,0.28465
0.47782,-0.19526,0.25382
0.49936,-0.19378,0.22682
0.52127,-0.19232,0.2027
0.54354,-0.19088,0.18123
0.56622,-0.18942,0.16196
0.53253,-0.19877,0.16313
0.50045,-0.20809,0.16304
0.46989,-0.21739,0.16202
0.44082,-0.22664,0.16061
0.41311,-0.23591,0.15867
0.38673,-0.24512,0.15652
0.36161,-0.2543,0.15419
0.33771,-0.26342,0.15148
0.31493,-0.27256,0.14877
0.29326,-0.28165,0.14604
0.31229,-0.27965,0.11119
0.33181,-0.27763,0.084393
0.35178,-0.27573,0.063569
0.37225,-0.27381,0.047124
0.3932,-0.27192,0.034151
0.41464,-0.27007,0.024045
0.43657,-0.26822,0.016186
0.45899,-0.26639,0.010165
0.48189,-0.26457,0.0057448
0.50528,-0.26273,0.0027291
0.51327,-0.24961,0.012242
0.52127,-0.23701,0.025039
0.52926,-0.22493,0.039246
0.53726,-0.21331,0.054095
0.54526,-0.20214,0.06904
0.55326,-0.19144,0.083921
0.56126,-0.18115,0.098611
0.56926,-0.17126,0.11293
0.57726,-0.16176,0.12701
0.58525,-0.15266,0.14089
0.56042,-0.15242,0.15801
0.53645,-0.1522,0.17598
0.51335,-0.15197,0.19485
0.491,-0.15181,0.21431
0.46945,-0.15164,0.2345
0.44862,-0.15149,0.25485
0.42848,-0.15139,0.27558
0.40905,-0.15128,0.29654
0.39028,-0.15117,0.31762
0.37215,-0.15107,0.33915
0.37496,-0.15054,0.28096
0.37779,-0.14996,0.23462
0.3806,-0.1494,0.19698
0.38341,-0.14884,0.16595
0.38622,-0.14826,0.13981
0.38902,-0.14767,0.11742
0.39184,-0.14706,0.09815
0.39463,-0.14647,0.081699
0.39742,-0.14587,0.067433
0.40025,-0.14519,0.055218
0.3968,-0.14282,0.077763
0.39342,-0.14047,0.10053
0.3901,-0.13813,0.12311
0.38682,-0.13587,0.14509
0.38359,-0.13365,0.16668
0.3804,-0.13148,0.18785
0.37732,-0.12926,0.20846
0.37422,-0.12717,0.22919
0.3712,-0.12508,0.24964
0.36823,-0.12302,0.26979
0.35816,-0.10875,0.20402
0.34852,-0.095804,0.15569
0.33927,-0.084053,0.11909
0.3304,-0.073347,0.090708
0.32183,-0.06366,0.068548
0.31353,-0.054903,0.051187
0.30554,-0.04697,0.037468
0.29786,-0.039778,0.026584
0.29038,-0.033358,0.018123
0.28313,-0.02762,0.011657
0.25601,-0.031398,0.01319
0.2309,-0.035312,0.014316
0.20767,-0.039347,0.015103
0.18617,-0.043506,0.015685
0.16633,-0.047753,0.015998
0.14801,-0.052101,0.016133
0.13112,-0.056532,0.016135
0.11557,-0.061066,0.016089
0.10128,-0.065689,0.015969
0.088172,-0.070375,0.01585
0.08604,-0.066587,0.010581
0.083953,-0.062978,0.0064994
0.081915,-0.05953,0.003521
0.079908,-0.056261,0.0015143
0.077946,-0.053138,0.00037044
0.076035,-0.050138,1.1068e-07
0.074157,-0.047285,-0.00032026
0.072316,-0.04456,-0.001277
0.070503,-0.041967,-0.0028096
0.068738,-0.039474,-0.0048661
0.06966,-0.038054,-0.0037693
0.070571,-0.036672,-0.0029062
0.071475,-0.03532,-0.0022125
0.072371,-0.034001,-0.0016357
0.073267,-0.032706,-0.0011785
0.074155,-0.031443,-0.00080366
0.075031,-0.030215,-0.00052124
0.075916,-0.029003,-0.00030148
0.076792,-0.027824,-0.00015015
0.077656,-0.026677,-5.8466e-05
0.079974,-0.019697,-0.00084427
0.082301,-0.013861,-0.0024421
0.084636,-0.0091046,-0.0047506
0.086986,-0.0053772,-0.0076926
0.08935,-0.0026421,-0.011219
0.091766,-0.00087071,-0.015319
0.094196,-5.8694e-05,-0.019943
0.096684,0.00020343,-0.025121
0.0992,0.0013148,-0.030736
0.10178,0.0034128,-0.036658
0.10319,0.0049066,-0.026779
0.1046,0.0066631,-0.018955
0.10602,0.008679,-0.01281
0.10746,0.010957,-0.0081269
0.10889,0.013495,-0.0046379
0.11035,0.0163,-0.0022042
0.11181,0.019371,-0.00070826
0.11331,0.022717,-4.6258e-05
0.11484,0.026339,0.00015261
0.11638,0.03024,0.00092905
0.12392,0.024052,3.0406e-05
0.13167,0.018599,-0.0003017
0.13966,0.013864,-0.0014986
0.14788,0.0098283,-0.0034807
0.15637,0.0064848,-0.0061057
0.16516,0.0038316,-0.0092123
0.17422,0.0018673,-0.012744
0.18357,0.00059775,-0.016704
0.19323,3.1362e-05,-0.02098
0.20322,-0.00017796,-0.025418
0.21002,1.0832e-05,-0.03099
0.21696,0.00039809,-0.037111
0.22406,0.0013435,-0.043648
0.23131,0.0028511,-0.050624
0.23874,0.0049267,-0.058014
0.24633,0.007575,-0.065632
0.25407,0.0108,-0.07356
0.262,0.014609,-0.081692
0.2701,0.019006,-0.09003
0.2784,0.023996,-0.098668
0.29008,0.017918,-0.090705
0.30194,0.01277,-0.08412
0.314,0.0085232,-0.078409
0.32629,0.0051536,-0.073335
0.3388,0.0026405,-0.068812
0.35155,0.00096737,-0.064868
0.36451,0.00011925,-0.061268
0.37771,-8.4029e-05,-0.057799
0.39114,-0.00085071,-0.054604
0.40481,-0.0024092,-0.051722
0.40945,-0.0018336,-0.036113
0.41404,-0.0013405,-0.024137
0.41862,-0.00092746,-0.015118
0.42318,-0.00059242,-0.008497
0.42771,-0.00033362,-0.0039695
0.43228,-0.00014955,-0.001214
0.43683,-3.8785e-05,-5.9805e-05
0.44137,-6.7019e-08,0.00033036
0.44588,3.2256e-05,0.0018662
0.45039,0.00013429,0.0045723
0.45503,0.00020233,0.00075293
0.45963,0.0002842,-7.7128e-05
0.46424,0.00037985,-0.0017241
0.46887,0.00048923,-0.0051792
0.47348,0.00061243,-0.010023
0.47812,0.00074929,-0.015994
0.48277,0.00089982,-0.022888
0.48739,0.0010643,-0.030465
0.49206,0.0012422,-0.038686
0.49672,0.0014338,-0.047605
0.4804,0.0015528,-0.042293
0.46461,0.001671,-0.03813
0.44936,0.0017876,-0.034878
0.43465,0.0019022,-0.032329
0.42041,0.002015,-0.030246
0.40665,0.0021252,-0.028465
0.39336,0.0022325,-0.026941
0.38052,0.0023365,-0.025718
0.36808,0.0024379,-0.02467
0.35602,0.0025365,-0.02377
0.35644,0.0034176,-0.014009
0.35685,0.004417,-0.007343
0.35722,0.0055319,-0.0030984
0.35761,0.0067575,-0.00077538
0.35801,0.0080914,-3.1004e-06
0.3584,0.0095307,0.00050277
0.35875,0.011075,0.0020422
0.35913,0.012719,0.004485
0.35945,0.014464,0.007683
0.35981,0.016304,0.01159
0.37354,0.01759,0.012746
0.38758,0.018927,0.014255
0.40187,0.020319,0.015996
0.41649,0.021759,0.018048
0.43142,0.02325,0.020367
0.44663,0.024793,0.022901
0.46213,0.026387,0.025669
0.4779,0.028032,0.028527
0.49394,0.02973,0.031591
0.51026,0.031477,0.034921
0.49706,0.041944,0.019912
0.48425,0.053727,0.010208
0.47181,0.066784,0.004253
0.45966,0.081087,0.0010528
0.44783,0.096601,5.467e-06
0.43626,0.11331,-0.00065141
0.42489,0.13118,-0.0026764
0.41379,0.15021,-0.0058708
0.40286,0.17037,-0.010066
0.39214,0.19166,-0.01508
0.39542,0.16723,-0.011269
0.39857,0.14509,-0.0086894
0.40166,0.12505,-0.0068536
0.40467,0.10695,-0.0054834
0.40764,0.090648,-0.0044298
0.41051,0.076021,-0.0036539
0.41333,0.062953,-0.0030397
0.41608,0.051346,-0.0025713
0.41878,0.041112,-0.0021892
0.42139,0.03217,-0.001846
0.41187,0.032212,-0.013912
0.40256,0.032245,-0.034273
0.39347,0.03227,-0.060737
0.38459,0.032289,-0.091873
0.37589,0.032302,-0.12665
0.36739,0.03231,-0.16451
0.35904,0.032314,-0.20488
0.35085,0.032314,-0.247
0.34279,0.032309,-0.29085
0.33488,0.032302,-0.33647
0.35644,0.034397,-0.30392
0.37867,0.036556,-0.2781
0.40159,0.038779,-0.25708
0.42522,0.041067,-0.23946
0.44954,0.043419,-0.22453
0.4746,0.045839,-0.21191
0.50035,0.048323,-0.20082
0.52684,0.050873,-0.19113
0.55409,0.053494,-0.18256
0.582,0.056175,-0.1744
0.55967,0.05728,-0.21653
0.53801,0.05837,-0.25652
0.51703,0.05945,-0.29469
0.49674,0.060524,-0.33148
0.47705,0.061585,-0.36691
0.45795,0.062626,-0.40089
0.43948,0.063665,-0.43388
0.42162,0.064701,-0.46634
0.40428,0.065718,-0.49807
0.3875,0.066726,-0.52871
0.40097,0.067027,-0.44727
0.4145,0.067356,-0.38404
0.42819,0.067734,-0.33361
0.44195,0.068124,-0.2918
0.45582,0.068538,-0.25676
0.46985,0.068982,-0.22718
0.48395,0.06943,-0.20157
0.49824,0.069916,-0.17909
0.51266,0.070423,-0.15917
0.52719,0.070943,-0.1417
0.53467,0.076901,-0.15381
0.54218,0.083044,-0.16331
0.54971,0.089359,-0.17056
0.55726,0.095844,-0.17587
0.56482,0.10249,-0.17972
0.57238,0.10927,-0.1826
0.57994,0.1162,-0.1846
0.58752,0.12326,-0.18575
0.59507,0.13042,-0.18633
0.60264,0.13772,-0.18658
0.6267,0.13362,-0.15675
0.65106,0.12967,-0.13261
0.67574,0.12586,-0.11277
0.70071,0.12218,-0.096235
0.72604,0.11866,-0.082219
0.75166,0.11526,-0.069939
0.7776,0.11197,-0.059273
0.80383,0.1088,-0.049895
0.83042,0.10579,-0.041571
0.85725,0.10285,-0.034419
0.82286,0.11558,-0.044234
0.78982,0.12873,-0.053008
0.75813,0.14236,-0.060818
0.72759,0.15628,-0.068227
0.6982,0.17055,-0.075184
0.66991,0.18515,-0.081937
0.64265,0.20005,-0.088471
0.61635,0.2152,-0.09465
0.59103,0.2307,-0.10066
0.56657,0.24641,-0.10659
0.23062,0.057786,-0.043733
0.22424,0.051785,-0.029772
0.21805,0.046252,-0.019484
0.21203,0.041143,-0.011919
0.20618,0.036432,-0.0065977
0.20048,0.032103,-0.0030413
0.19494,0.028138,-0.00094123
0.18952,0.024486,-6.5386e-05
0.18425,0.021152,0.00017419
0.17909,0.018104,0.0010933
0.17302,0.016335,0.00029058
0.16715,0.014673,1.3709e-05
0.16151,0.013142,-5.7664e-05
0.15605,0.011714,-0.00030352
0.15081,0.010413,-0.00067414
0.14573,0.0091918,-0.0010955
0.14083,0.0080681,-0.0015383
0.13609,0.0070282,-0.0020118
0.13152,0.0060895,-0.002509
0.1271,0.0052204,-0.0029735
0.11711,0.006087,-0.0049011
0.10774,0.0069986,-0.0071608
0.098962,0.0079576,-0.0097403
0.090735,0.0089603,-0.012591
0.083028,0.010007,-0.015703
0.075805,0.01109,-0.019052
0.069036,0.012207,-0.02262
0.062701,0.013373,-0.026474
0.056766,0.014566,-0.030518
0.051214,0.015801,-0.034627
0.051453,0.018975,-0.040642
0.051704,0.022477,-0.046926
0.051971,0.026342,-0.053434
0.052251,0.030558,-0.060348
0.052543,0.035139,-0.067464
0.052852,0.040125,-0.074868
0.053175,0.0455,-0.08241
0.053511,0.05127,-0.089856
0.053861,0.057457,-0.097377
0.054227,0.064082,-0.10476
0.058139,0.06803,-0.10549
0.062219,0.072127,-0.10653
0.066469,0.076353,-0.10779
0.070894,0.080728,-0.10952
0.075493,0.085219,-0.11142
0.080268,0.089842,-0.11358
0.085224,0.09461,-0.11594
0.09036,0.099512,-0.11832
0.095677,0.10454,-0.12081
0.10117,0.10967,-0.12341
0.10089,0.12092,-0.10178
0.10061,0.13267,-0.083373
0.10033,0.14505,-0.067515
0.10004,0.15786,-0.053898
0.09976,0.17121,-0.042274
0.099472,0.18505,-0.032449
0.099186,0.19947,-0.024118
0.098897,0.21439,-0.017319
0.098608,0.22985,-0.011784
0.098317,0.24581,-0.0074509
0.087824,0.22181,-0.0071547
0.078214,0.1999,-0.0067995
0.069428,0.17996,-0.0064372
0.061409,0.16179,-0.0060815
0.054102,0.14525,-0.0057305
0.047457,0.13017,-0.0053751
0.04143,0.11645,-0.0050421
0.035977,0.10396,-0.0047684
0.031059,0.092597,-0.0045185
0.026637,0.082295,-0.0043264
0.024149,0.084653,-0.00067011
0.021799,0.087001,0.00014672
0.019579,0.089376,0.0023343
0.017481,0.091738,0.0068617
0.015502,0.094117,0.013447
0.013639,0.096596,0.02177
0.011888,0.09905,0.031812
0.01025,0.10155,0.043473
0.0087248,0.10408,0.056519
0.0073125,0.10663,0.070692
0.0078056,0.12319,0.05431
0.0083275,0.14115,0.040883
0.0088814,0.16057,0.029933
0.0094693,0.18149,0.021165
0.010094,0.204,0.014305
0.010757,0.2281,0.0089965
0.011461,0.25387,0.0051203
0.012207,0.28133,0.002477
0.012996,0.31049,0.00085483
0.01383,0.34137,0.00010068
0.01276,0.32682,0.0035451
0.011757,0.31294,0.010696
0.010817,0.29964,0.020313
0.0099333,0.28688,0.031564
0.0091041,0.27463,0.043993
0.0083263,0.26287,0.057108
0.0075966,0.25155,0.070833
0.0069131,0.24068,0.085009
0.0062728,0.2302,0.099546
0.005674,0.22011,0.11419
0.0061314,0.20223,0.12818
0.0065835,0.18554,0.1429
0.0070289,0.16992,0.15818
0.0074676,0.15531,0.17409
0.0078994,0.14166,0.1905
0.0083238,0.12887,0.20694
0.0087412,0.11691,0.22375
0.0091512,0.10572,0.24118
0.0095557,0.095272,0.25905
0.009954,0.0855,0.27691
0.0077699,0.090493,0.23946
0.0058863,0.095553,0.20791
0.004286,0.1007,0.1808
0.0029535,0.10592,0.15702
0.0018777,0.11123,0.13628
0.0010506,0.11664,0.11807
0.00046458,0.12214,0.10203
0.0001153,0.12774,0.087999
-2.5905e-09,0.13344,0.075526
-0.00011711,0.13925,0.064386
-4.2339e-05,0.14306,0.053968
-4.8877e-06,0.1469,0.044915
4.2415e-06,0.15076,0.036962
3.9944e-05,0.15465,0.029934
0.00011158,0.15856,0.023824
0.00021909,0.1625,0.01862
0.00036253,0.16648,0.014195
0.0005415,0.17048,0.010477
0.00075634,0.17451,0.0074004
0.0010064,0.17857,0.0048661
0.0010101,0.16824,0.0076037
0.0010172,0.15842,0.010561
0.0010279,0.14911,0.013722
0.0010426,0.14026,0.017128
0.0010603,0.13186,0.020639
0.0010827,0.12387,0.024275
0.0011087,0.11629,0.027987
0.001138,0.10907,0.031797
0.0011718,0.10222,0.03565
0.0012085,0.095704,0.039544
0.001721,0.097895,0.029363
0.00232,0.10009,0.021007
0.0030056,0.1023,0.014232
0.0037781,0.10451,0.0088335
0.0046391,0.10674,0.0047958
0.0055864,0.10899,0.0020517
0.0066274,0.11125,0.00048333
0.0077583,0.11353,-1.5248e-06
0.0089835,0.11583,-0.00057889
0.010302,0.11816,-0.0021499
0.0087145,0.11208,-0.0022132
0.007296,0.1063,-0.0023262
0.0060248,0.10082,-0.0024614
0.0048969,0.095631,-0.0025883
0.0039048,0.090701,-0.0027332
0.0030416,0.086021,-0.0029283
0.0022994,0.081576,-0.0031395
0.0016715,0.077353,-0.0033728
0.0011531,0.073339,-0.0036248
0.00073809,0.069521,-0.0038617
0.00016483,0.07173,-0.004722
-2.3204e-06,0.073976,-0.0056642
-0.00025415,0.076265,-0.0066611
-0.00092698,0.078601,-0.007651
-0.0020276,0.080988,-0.0086686
-0.003566,0.083428,-0.0097295
-0.00555,0.085925,-0.010826
-0.0079945,0.088483,-0.011874
-0.010907,0.091103,-0.012929
-0.014303,0.09379,-0.014039
-0.012368,0.091453,-0.012586
-0.010598,0.089225,-0.011361
-0.0089877,0.087097,-0.010401
-0.0075243,0.085066,-0.0096976
-0.0062111,0.083121,-0.0091474
-0.0050369,0.081258,-0.0086953
-0.0039953,0.079475,-0.008396
-0.0030837,0.077765,-0.0082148
-0.0022985,0.076121,-0.0081042
-0.0016345,0.074542,-0.0080828
-0.0017643,0.069761,-0.0074337
-0.0018963,0.065228,-0.0067388
-0.0020289,0.060935,-0.0060558
-0.0021631,0.056867,-0.0054004
-0.0022973,0.053017,-0.0047693
-0.002431,0.049377,-0.0041381
-0.0025653,0.045932,-0.0035367
-0.0026995,0.042675,-0.0029882
-0.0028324,0.039599,-0.0024792
-0.0029653,0.036693,-0.0019872
-0.0032409,0.032894,-0.00095407
-0.00353,0.029383,-0.00032715
-0.0038326,0.026142,-3.4041e-05
-0.004146,0.023161,3.6672e-05
-0.004473,0.020415,0.00030641
-0.0048105,0.017898,0.00079497
-0.0051634,0.015584,0.0014923
-0.0055277,0.01347,0.0023515
-0.005904,0.011542,0.0033658
-0.0062926,0.0097885,0.0045529
-0.0060268,0.0080193,0.0038318
-0.005772,0.0064881,0.003151
-0.0055266,0.0051741,0.0025317
-0.0052911,0.0040543,0.0019981
-0.0050622,0.0031136,0.0015209
-0.004843,0.0023272,0.0011342
-0.004631,0.001682,0.00080386
-0.0044268,0.0011611,0.00052224
-0.0042293,0.00075202,0.00030036
-0.0040382,0.00044223,0.00014309
-0.0042708,0.00068409,7.5157e-05
-0.0045063,0.00098071,2.5078e-05
-0.0047449,0.0013326,1.5202e-06
-0.0049867,0.0017394,-5.8246e-06
-0.0052302,0.0022039,-3.7665e-05
-0.0054755,0.0027267,-9.5778e-05
-0.0057231,0.0033058,-0.00018635
-0.0059697,0.0039515,-0.00030535
-0.0062182,0.0046547,-0.00046465
-0.0064679,0.0054175,-0.00065899
-0.0062209,0.0038384,-0.00028686
-0.0059816,0.0025629,-8.3559e-05
-0.0057477,0.0015718,-3.3485e-06
-0.0055213,0.00083543,2.34e-05
-0.0052983,0.00034179,0.00011805
-0.0050818,6.7789e-05,0.00028566
-0.0048706,-3.5683e-06,0.00051664
-0.0046641,-0.00014237,0.00079917
-0.0044622,-0.00048227,0.001136
-0.004265,-0.0010289,0.0015525
-0.0046502,-0.00079943,0.0015356
-0.0050548,-0.00059929,0.0015087
-0.0054798,-0.00042768,0.001487
-0.0059263,-0.00028411,0.001478
-0.0063952,-0.00016746,0.0014593
-0.006888,-8.0422e-05,0.0014302
-0.007406,-2.4811e-05,0.0014087
-0.0079507,-9.0991e-07,0.0014057
-0.0085235,9.8587e-06,0.001402
-0.0091256,5.3702e-05,0.0014183
-0.0097841,2.1399e-05,0.00038035
-0.010469,3.6381e-06,1.682e-06
-0.011183,-7.5212e-07,-0.0002864
-0.01193,-1.3459e-05,-0.0012231
-0.012713,-4.3527e-05,-0.00283
-0.013535,-9.2451e-05,-0.0051454
-0.014398,-0.00016238,-0.0081729
-0.015306,-0.00025595,-0.011893
-0.01626,-0.00037633,-0.016356
-0.017263,-0.00052206,-0.021445
-0.019618,-0.00090919,-0.018407
-0.022158,-0.0014115,-0.015694
-0.024897,-0.0020294,-0.013189
-0.027844,-0.0027712,-0.010983
-0.031013,-0.0036458,-0.0089733
-0.034416,-0.0046456,-0.0071364
-0.038063,-0.0057896,-0.0055062
-0.041966,-0.0070817,-0.0041258
-0.046135,-0.0085328,-0.0029428
-0.050585,-0.010129,-0.0019527
-0.045769,-0.011516,-0.0011352
-0.041262,-0.012969,-0.00058729
-0.037046,-0.01449,-0.00023879
-0.033107,-0.01608,-4.8523e-05
-0.029434,-0.017719,1.1312e-06
-0.026011,-0.019425,7.8244e-05
-0.02283,-0.02119,0.00026342
-0.019879,-0.023013,0.00053386
-0.017149,-0.024909,0.00087721
-0.014633,-0.026872,0.0012894
-0.011508,-0.022936,0.0048867
-0.0088642,-0.019462,0.01041
-0.0066407,-0.016404,0.01761
-0.0047881,-0.013681,0.026252
-0.0032663,-0.011259,0.036276
-0.0020466,-0.0090985,0.047765
-0.0011115,-0.0071742,0.060618
-0.00045558,-0.0054652,0.075002
-8.3751e-05,-0.0039654,0.09089
1.1065e-05,-0.0026833,0.1083
1.3297e-05,-0.0020496,0.086623
1.5726e-05,-0.0015333,0.068898
1.8316e-05,-0.0011142,0.054506
2.1124e-05,-0.00078261,0.042619
2.4126e-05,-0.00052414,0.032975
2.7331e-05,-0.00032835,0.025113
3.0842e-05,-0.00018796,0.018836
3.4496e-05,-9.072e-05,0.013883
3.8577e-05,-3.2797e-05,0.010008
4.2818e-05,-4.5149e-06,0.0070484
8.3957e-05,-3.0979e-06,0.0056387
0.00013641,-1.9614e-06,0.0043869
0.00019848,-9.7341e-07,0.003323
0.00026891,-2.7449e-07,0.0024582
0.00034731,-9.5122e-09,0.001735
0.00043279,1.3931e-07,0.0011379
0.0005249,8.6257e-07,0.00066116
0.00062467,2.1183e-06,0.00031257
0.00073289,3.9496e-06,9.2686e-05
0.00085122,6.2424e-06,3.0992e-06
0.0007385,-2.6747e-06,4.3504e-05
0.00063254,-3.1608e-05,0.00012242
0.00053453,-9.1682e-05,0.0002388
0.00044491,-0.00018349,0.00040161
0.0003639,-0.0003089,0.00060983
0.00029107,-0.00046713,0.00085492
0.00022752,-0.00066941,0.0011604
0.00017234,-0.00091532,0.0015436
0.00012568,-0.0012154,0.0020069
8.7048e-05,-0.0015743,0.0025328
2.5417e-05,-0.0011125,0.0043757
5.3442e-07,-0.00072713,0.0067147
-1.3946e-05,-0.00041894,0.00962
-7.1951e-05,-0.00018845,0.013142
-0.00018513,-4.3785e-05,0.017379
-0.00036701,7.3456e-07,0.022541
-0.00063426,7.637e-05,0.028648
-0.0010062,0.00029361,0.035869
-0.0015029,0.00067263,0.044185
-0.0021477,0.001245,0.053615
-0.0026298,0.0015704,0.049423
-0.0031571,0.0019295,0.045565
-0.0037301,0.0023247,0.041967
-0.0043492,0.0027546,0.038445
-0.0050144,0.0032161,0.035125
-0.005727,0.0037127,0.032082
-0.0064885,0.0042456,0.029195
-0.0073003,0.0048152,0.026382
-0.0081636,0.005421,0.023735
-0.0090813,0.006072,0.021306
-0.0091448,0.0065533,0.029224
-0.0092157,0.0070523,0.038404
-0.0092949,0.0075781,0.048881
-0.0093828,0.0081336,0.060742
-0.0094795,0.0087202,0.073931
-0.0095847,0.0093349,0.088173
-0.0096983,0.0099787,0.10363
-0.0098202,0.010654,0.12022
-0.0099501,0.011362,0.13791
-0.010088,0.012097,0.15683
-0.0098865,0.0106,0.10719
-0.0097135,0.0092613,0.071005
-0.0095648,0.0080734,0.044749
-0.0094369,0.0070147,0.02619
-0.0093265,0.0060715,0.013538
-0.0092304,0.0052352,0.0055075
-0.0091451,0.0044789,0.0012155
-0.0090673,0.0038002,-4.9662e-06
-0.0089938,0.003185,-0.0014425
-0.0089216,0.0026263,-0.0053754
-0.0087885,0.0020817,-0.0071439
-0.0086582,0.0016062,-0.0091206
-0.0085294,0.0011936,-0.011293
-0.0084011,0.00084147,-0.013768
-0.0082719,0.00054874,-0.016462
-0.0081399,0.00031743,-0.019456
-0.0080045,0.00014719,-0.022655
-0.0078638,4.097e-05,-0.026083
-0.0077173,3.5563e-07,-0.029733
-0.0075651,-2.8264e-05,-0.033498
-0.0078278,-0.00019194,-0.036155
-0.0080944,-0.00050505,-0.038999
-0.0083638,-0.0009712,-0.041991
-0.008637,-0.0015968,-0.044955
-0.008914,-0.0023875,-0.048045
-0.0091947,-0.0033491,-0.051362
-0.0094786,-0.0044875,-0.054794
-0.0097649,-0.0058074,-0.05821
-0.010056,-0.0073186,-0.061757
-0.010348,-0.0090205,-0.065517
-0.011779,-0.011113,-0.074335
-0.013366,-0.013509,-0.083561
-0.015117,-0.016225,-0.093309
-0.017043,-0.019283,-0.10371
-0.019155,-0.022704,-0.1146
-0.021458,-0.026501,-0.12618
-0.023968,-0.0307,-0.13814
-0.026691,-0.035312,-0.15037
-0.029635,-0.040353,-0.16292
-0.032805,-0.045834,-0.17593
-0.034082,-0.047881,-0.18205
-0.035395,-0.049981,-0.18802
-0.036748,-0.052134,-0.1941
-0.038123,-0.054327,-0.20047
-0.039542,-0.056577,-0.20689
-0.040992,-0.058875,-0.21318
-0.042478,-0.061222,-0.21946
-0.043997,-0.063618,-0.22603
-0.045552,-0.066064,-0.23262
-0.047142,-0.068558,-0.23887
-0.043566,-0.074266,-0.26017
-0.040101,-0.080224,-0.28205
-0.036756,-0.086436,-0.30422
-0.033524,-0.0929,-0.3264
-0.030415,-0.099618,-0.34879
-0.027437,-0.10659,-0.3717
-0.024593,-0.11382,-0.39476
-0.021876,-0.1213,-0.41835
-0.019301,-0.12904,-0.44204
-0.016873,-0.13703,-0.46559
-0.015543,-0.13412,-0.41704
-0.014304,-0.13145,-0.37696
-0.013136,-0.12901,-0.34344
-0.012048,-0.12677,-0.31453
-0.011029,-0.1247,-0.2895
-0.010075,-0.12279,-0.26743
-0.0091807,-0.12102,-0.2479
-0.0083458,-0.11939,-0.23045
-0.0075613,-0.11787,-0.21474
-0.0068256,-0.11646,-0.2005
-0.0054566,-0.12408,-0.16053
-0.0042588,-0.13185,-0.12721
-0.0032191,-0.13978,-0.099196
-0.0023309,-0.14789,-0.075591
-0.0015897,-0.15617,-0.055984
-0.00099122,-0.16465,-0.039923
-0.00053254,-0.17333,-0.026954
-0.00021608,-0.18222,-0.016861
-3.9627e-05,-0.19133,-0.0093021
4.9634e-06,-0.20068,-0.0041878
0.00060632,-0.19701,-0.0054577
0.0021937,-0.19343,-0.0065839
0.0047469,-0.18993,-0.0075611
0.0082485,-0.18649,-0.0083479
0.012697,-0.18312,-0.009003
0.01808,-0.17981,-0.0095292
0.024396,-0.17654,-0.0099146
0.031653,-0.17332,-0.010074
0.03985,-0.17014,-0.010139
0.048995,-0.16699,-0.010123
0.051748,-0.1492,-0.026051
0.05453,-0.1328,-0.047356
0.057367,-0.11766,-0.073022
0.060256,-0.10367,-0.10226
0.063204,-0.090722,-0.13449
0.066205,-0.078753,-0.16907
0.069274,-0.067706,-0.20585
0.072411,-0.057539,-0.24474
0.075617,-0.048221,-0.28538
0.078896,-0.039732,-0.3273
0.073191,-0.036571,-0.29543
0.067874,-0.033637,-0.26959
0.062896,-0.030908,-0.24812
0.058236,-0.028368,-0.22973
0.053868,-0.026003,-0.21401
0.04978,-0.023799,-0.20021
0.045948,-0.021745,-0.18811
0.04236,-0.019831,-0.17755
0.03899,-0.01805,-0.16824
0.03584,-0.016391,-0.16015
0.03289,-0.013184,-0.16113
0.030116,-0.010372,-0.16201
0.027515,-0.0079354,-0.1629
0.025068,-0.005856,-0.16397
0.022772,-0.0041155,-0.16507
0.020616,-0.0026988,-0.16592
0.018605,-0.0015909,-0.1665
0.016708,-0.00078391,-0.16735
0.014932,-0.00026375,-0.1682
0.013275,-2.1078e-05,-0.16922
0.011714,-0.00010713,-0.1537
0.010286,-0.00025431,-0.13963
0.0089847,-0.00045703,-0.12697
0.0078014,-0.00071034,-0.11559
0.0067271,-0.0010102,-0.10532
0.0057547,-0.0013527,-0.095868
0.0048795,-0.0017336,-0.0872
0.0040931,-0.0021507,-0.079411
0.00339,-0.0026014,-0.072288
0.002765,-0.0030837,-0.065918
0.0031088,-0.0019662,-0.07127
0.0034724,-0.0010968,-0.07677
0.003859,-0.00047558,-0.082407
0.0042668,-0.00010853,-0.088004
0.0047019,1.2696e-06,-0.093837
0.0051592,0.00016319,-0.0997
0.0056427,0.00060396,-0.10565
0.006152,0.0013337,-0.11152
0.0066898,0.0023661,-0.11742
0.007255,0.0037107,-0.12315
0.0072332,0.0040046,-0.13481
0.0072148,0.0043136,-0.14681
0.0072028,0.0046452,-0.15889
0.0071934,0.0049915,-0.17144
0.0071885,0.0053575,-0.18416
0.0071884,0.0057454,-0.1973
0.0071912,0.0061488,-0.21058
0.0071972,0.00657,-0.22374
0.0072084,0.0070166,-0.2369
0.0072217,0.0074776,-0.25038
0.0066651,0.0073907,-0.24649
0.0061358,0.0073103,-0.24325
0.0056329,0.0072364,-0.24047
0.005155,0.0071672,-0.23784
0.0047003,0.0070972,-0.23543
0.0042701,0.007034,-0.23338
0.0038645,0.0069817,-0.23175
0.003481,0.0069315,-0.23002
0.0031194,0.006884,-0.22841
0.0027789,0.0068352,-0.22681
0.0035104,0.0076246,-0.22831
0.0043304,0.0084591,-0.22996
0.00524,0.0093382,-0.23145
0.0062403,0.01026,-0.23251
0.007332,0.01122,-0.23345
0.0085169,0.012242,-0.23449
0.0097959,0.013297,-0.23536
0.01117,0.014401,-0.23605
0.012642,0.015555,-0.23657
0.014211,0.01676,-0.23658
0.018284,0.0144,-0.22135
0.022824,0.012268,-0.20727
0.027829,0.010319,-0.19468
0.033303,0.0085591,-0.18323
0.039253,0.0069746,-0.1727
0.045691,0.0055481,-0.16313
0.052627,0.0042929,-0.15421
0.060081,0.0031928,-0.14601
0.068068,0.0022529,-0.1383
0.076608,0.0014719,-0.13084
0.080312,0.0011499,-0.15153
0.084164,0.00086473,-0.17294
0.088162,0.000619,-0.19479
0.092309,0.0004122,-0.21669
0.096602,0.00024676,-0.23871
0.10104,0.00012294,-0.26096
0.10563,4.14e-05,-0.28312
0.11036,3.1806e-06,-0.3048
0.11524,-8.376e-06,-0.32623
0.12026,-5.7713e-05,-0.34769
0.1218,5.2947e-05,-0.33587
0.12333,0.00048523,-0.32541
0.12486,0.0013378,-0.31625
0.12639,0.0025985,-0.30862
0.12791,0.0042601,-0.30193
0.12945,0.006306,-0.296
0.13099,0.0087284,-0.29061
0.13252,0.011537,-0.28604
0.13407,0.014705,-0.28173
0.13561,0.018252,-0.27779
0.13943,0.022887,-0.23701
0.14329,0.027985,-0.20186
0.1472,0.033553,-0.17152
0.15114,0.039596,-0.14495
0.15513,0.046103,-0.12176
0.15917,0.053084,-0.10141
0.16326,0.060535,-0.083641
0.1674,0.06844,-0.068261
0.1716,0.076839,-0.054846
0.17585,0.085711,-0.043302
0.17912,0.081785,-0.03257
0.18241,0.078007,-0.023563
0.1857,0.074427,-0.016142
0.189,0.070965,-0.010301
0.19232,0.067633,-0.0058514
0.19564,0.06443,-0.0027389
0.19898,0.061361,-0.0008242
0.20233,0.058401,-3.2389e-05
0.2057,0.055546,0.00028703
0.20907,0.052806,0.0015423
0.2084,0.054021,1.6398e-07
0.20774,0.055249,-0.0011996
0.20711,0.056489,-0.0044572
0.2065,0.057737,-0.0092651
0.20589,0.059014,-0.015279
0.2053,0.060273,-0.022339
0.20471,0.061578,-0.030199
0.20414,0.062871,-0.038635
0.20357,0.064198,-0.047567
0.20302,0.065526,-0.057103
0.2131,0.0662,-0.03857
0.22341,0.066863,-0.024769
0.23396,0.067543,-0.014702
0.24475,0.068228,-0.0076114
0.25581,0.068891,-0.0030517
0.26711,0.069592,-0.00063959
0.2787,0.070261,1.0298e-05
0.29055,0.070947,0.00090831
0.30267,0.071628,0.0031279
0.31506,0.07231,0.0065366
0.31407,0.075893,0.019903
0.31308,0.079561,0.039045
0.31209,0.08329,0.062878
0.31109,0.087111,0.090782
0.3101,0.090981,0.122
0.30909,0.094933,0.15601
0.30809,0.098953,0.19251
0.30706,0.10306,0.23091
0.30604,0.10722,0.27124
0.305,0.11147,0.31345
0.29313,0.10678,0.23328
0.28186,0.10239,0.17434
0.27114,0.09823,0.13012
0.26088,0.094361,0.096431
0.25108,0.090649,0.070432
0.24167,0.087147,0.050267
0.23265,0.083787,0.03458
0.22398,0.080596,0.022563
0.21561,0.0776,0.013585
0.20759,0.074665,0.0071567
0.21692,0.075086,0.0042581
0.22644,0.075598,0.0021873
0.2362,0.076045,0.00081278
0.24617,0.076519,0.00012138
0.25637,0.076979,-3.608e-05
0.2668,0.077426,-0.00052098
0.27744,0.077888,-0.0015358
0.2883,0.078333,-0.0030271
0.29939,0.078784,-0.0049603
0.31068,0.079246,-0.0073543
0.31682,0.079502,-0.0062614
0.32301,0.079739,-0.0053774
0.32923,0.079951,-0.0046915
0.33549,0.080161,-0.0041083
0.34179,0.080337,-0.0036469
0.34813,0.080502,-0.0032838
0.35451,0.080636,-0.002986
0.36093,0.08076,-0.0027502
0.36739,0.080868,-0.0025508
0.37388,0.080951,-0.0023448
0.3785,0.074157,-0.0097694
0.38314,0.067767,-0.021282
0.38781,0.061734,-0.036071
0.39251,0.056047,-0.053506
0.39723,0.050712,-0.07326
0.40198,0.045689,-0.095133
0.40676,0.040975,-0.11881
0.41155,0.036561,-0.14425
0.41637,0.032438,-0.17122
0.42121,0.028593,-0.19932
0.44817,0.024192,-0.19636
0.47601,0.02017,-0.19447
0.50473,0.016521,-0.1935
0.53435,0.013235,-0.19352
0.56485,0.010317,-0.19403
0.59624,0.0077676,-0.1947
0.62851,0.0055831,-0.19554
0.66166,0.0037619,-0.19631
0.69569,0.0023025,-0.19706
0.73057,0.0012022,-0.19802
0.70479,0.00095942,-0.24687
0.67985,0.00074837,-0.295
0.65571,0.00056675,-0.34223
0.63235,0.00041315,-0.38825
0.60973,0.00028575,-0.43372
0.58783,0.00018366,-0.47911
0.5666,0.00010515,-0.52419
0.54604,4.9237e-05,-0.5686
0.5261,1.4669e-05,-0.61276
0.50677,4.901e-07,-0.65713
0.49605,0.0012655,-0.5012
0.48592,0.0047773,-0.38597
0.47626,0.010317,-0.29785
0.46699,0.017721,-0.22864
0.45806,0.026861,-0.17353
0.44942,0.037641,-0.12952
0.44102,0.049982,-0.094157
0.43282,0.063827,-0.065876
0.4248,0.079129,-0.043644
0.41694,0.095849,-0.026622
0.44039,0.087737,-0.037668
0.46448,0.080019,-0.048527
0.48923,0.072688,-0.058807
0.51461,0.065742,-0.068422
0.54063,0.059174,-0.077418
0.56729,0.052985,-0.085565
0.59457,0.047165,-0.093153
0.62248,0.041714,-0.10009
0.65099,0.036626,-0.10654
0.68011,0.031897,-0.11272
0.6858,0.024965,-0.11791
0.69155,0.018956,-0.12327
0.69732,0.013842,-0.12813
0.7031,0.009584,-0.13264
0.7089,0.0061469,-0.13692
0.71472,0.0034998,-0.14084
0.72056,0.0016117,-0.14465
0.72646,0.00045512,-0.14826
0.73236,7.5646e-06,-0.15161
0.73826,-0.00024387,-0.15497
0.72035,-0.00060558,-0.15078
0.70299,-0.0011167,-0.14712
0.68617,-0.0017696,-0.14398
0.66986,-0.0025558,-0.14098
0.65403,-0.0034681,-0.13823
0.63866,-0.0044991,-0.13585
0.62375,-0.0056451,-0.13362
0.60925,-0.0068964,-0.13142
0.59515,-0.0082495,-0.12933
0.58145,-0.0097007,-0.12749
0.58915,-0.0087926,-0.092207
0.59683,-0.0079474,-0.065921
0.60448,-0.0071592,-0.046046
0.61216,-0.0064292,-0.030985
0.61983,-0.0057516,-0.019705
0.62751,-0.0051235,-0.011457
0.6352,-0.0045424,-0.0057291
0.64283,-0.0040009,-0.0021426
0.65049,-0.0035043,-0.0003417
0.65819,-0.0030505,6.1004e-05
0.65334,-0.0061786,-0.0018895
0.6486,-0.010341,-0.0075526
0.64397,-0.015507,-0.015523
0.63942,-0.021646,-0.024916
0.63495,-0.028729,-0.035223
0.63056,-0.036736,-0.046121
0.62624,-0.045644,-0.057468
0.62197,-0.055426,-0.069009
0.61772,-0.066052,-0.080881
0.61356,-0.077527,-0.093017
0.61926,-0.066962,-0.092418
0.62491,-0.057362,-0.092803
0.63051,-0.048666,-0.094046
0.63609,-0.040834,-0.095753
0.64163,-0.033814,-0.097893
0.64719,-0.02757,-0.10037
0.65268,-0.022049,-0.10315
0.65814,-0.017219,-0.10606
0.66361,-0.013054,-0.10903
0.66902,-0.0095137,-0.11224
0.66219,-0.0082865,-0.11739
0.65546,-0.0071645,-0.12184
0.64878,-0.0061383,-0.12588
0.64216,-0.0052047,-0.12973
0.63563,-0.0043617,-0.13329
0.62913,-0.003602,-0.13654
0.62272,-0.0029257,-0.13956
0.61638,-0.0023278,-0.14256
0.61012,-0.0018059,-0.14546
0.6039,-0.0013551,-0.14802
0.62372,-0.0032484,-0.12585
0.64382,-0.0059305,-0.10784
0.6642,-0.009384,-0.092795
0.68484,-0.013591,-0.080063
0.70575,-0.018535,-0.069081
0.72693,-0.024202,-0.059402
0.74835,-0.030572,-0.050893
0.77005,-0.037638,-0.043455
0.792,-0.045378,-0.036863
0.81421,-0.053783,-0.030949
0.80297,-0.046872,-0.012656
0.792,-0.040584,-0.0031906
0.78124,-0.034871,-3.2931e-05
0.77072,-0.029703,0.0016867
0.76042,-0.025042,0.0071785
0.7503,-0.020852,0.015792
0.74033,-0.017107,0.027072
0.73056,-0.013793,0.040783
0.72092,-0.010876,0.056515
0.71146,-0.0083467,0.074181
0.72695,-0.0090012,0.04385
0.74249,-0.0096751,0.024372
0.75809,-0.010369,0.012145
0.77379,-0.011087,0.0048352
0.78956,-0.011827,0.0010898
0.80539,-0.012584,-1.2537e-10
0.82129,-0.01336,-0.00092857
0.83727,-0.014162,-0.0035015
0.85329,-0.014975,-0.0074095
0.86942,-0.01582,-0.012463
0.864,-0.018033,-0.007456
0.85868,-0.020356,-0.0044586
0.85345,-0.022786,-0.0026167
0.84831,-0.025318,-0.0014381
0.84324,-0.027944,-0.00071244
0.83826,-0.030666,-0.00027905
0.83334,-0.033472,-6.178e-05
0.82851,-0.036367,1.5985e-07
0.82374,-0.039343,6.4068e-05
0.81905,-0.04241,0.00022746
0.79876,-0.033309,-0.00065484
0.77921,-0.025497,-0.003602
0.76036,-0.018885,-0.0081557
0.74214,-0.013378,-0.013776
0.72451,-0.0089048,-0.020142
0.70744,-0.0054024,-0.027095
0.6909,-0.0028167,-0.034547
0.67486,-0.0010898,-0.042268
0.65928,-0.00017741,-0.050292
0.64415,3.644e-05,-0.058509
0.65682,-5.2582e-05,-0.030828
0.6695,-0.00041644,-0.01409
0.68222,-0.0011128,-0.0047082
0.69496,-0.0021307,-0.00056142
0.70774,-0.0034629,0.00028945
0.72056,-0.0051001,0.003
0.73341,-0.0070298,0.0080576
0.74629,-0.0092433,0.014938
0.7592,-0.011739,0.02334
0.77215,-0.014499,0.032955
0.75282,-0.010655,0.046401
0.73408,-0.0074742,0.061371
0.71592,-0.0049086,0.077639
0.69828,-0.0029196,0.09491
0.68115,-0.0014691,0.11314
0.66449,-0.0005272,0.1323
0.64829,-6.2037e-05,0.15221
0.63252,4.8219e-05,0.17293
0.61715,0.00046104,0.19428
0.60217,0.0012777,0.21625
0.59073,0.0034817,0.13601
0.57968,0.0066841,0.082021
0.56894,0.010827,0.045858
0.55849,0.01588,0.022214
0.54827,0.021795,0.0080043
0.53828,0.028553,0.0011831
0.52846,0.036102,-0.00029407
0.51883,0.044459,-0.0042988
0.50935,0.053598,-0.012427
0.50001,0.063484,-0.024166
0.49381,0.05071,-0.0046511
0.48778,0.039657,4.2896e-05
0.48187,0.030168,0.0051597
0.47607,0.022127,0.016947
0.47038,0.015448,0.033476
0.46478,0.010046,0.053558
0.45925,0.0058591,0.076381
0.45379,0.0028309,0.10139
0.44839,0.00090809,0.12835
0.44305,5.4229e-05,0.15692
0.44546,5.6731e-05,0.13885
0.44787,5.9654e-05,0.12466
0.45027,6.2916e-05,0.11337
0.45266,6.6186e-05,0.10408
0.45505,6.974e-05,0.096316
0.45744,7.3933e-05,0.089971
0.45982,7.8695e-05,0.08448
0.46219,8.3389e-05,0.079591
0.46455,8.8577e-05,0.075193
0.46691,9.4197e-05,0.071359
0.47693,7.7867e-05,0.083518
0.48702,6.3523e-05,0.095237
0.49719,5.1192e-05,0.10669
0.50743,4.0202e-05,0.11783
0.51774,3.0138e-05,0.12857
0.52811,2.1814e-05,0.13921
0.53854,1.5118e-05,0.14971
0.54903,9.5129e-06,0.16039
0.55958,5.4929e-06,0.17083
0.57017,2.559e-06,0.18132
0.58655,0.00015964,0.15089
0.60305,0.00055254,0.12605
0.61967,0.0011736,0.10535
0.63643,0.0020173,0.087799
0.65331,0.0030719,0.072923
0.67031,0.00433,0.060203
0.68746,0.0057914,0.049172
0.70471,0.0074432,0.039536
0.7221,0.0092856,0.031226
0.7396,0.011304,0.024189
0.73943,0.011133,0.03286
0.7393,0.010965,0.041414
0.73922,0.010807,0.049963
0.73918,0.010653,0.058551
0.73917,0.010502,0.067167
0.73922,0.010359,0.075796
0.73928,0.010215,0.084496
0.73939,0.01008,0.093573
0.73955,0.0099528,0.10279
0.73973,0.0098259,0.11232
0.75215,0.0092375,0.12598
0.76461,0.0086813,0.13806
0.7771,0.0081516,0.14893
0.78965,0.0076532,0.1585
0.8022,0.0071764,0.16712
0.8148,0.0067283,0.17494
0.82741,0.0063012,0.18201
0.84006,0.0058997,0.18871
0.85274,0.0055195,0.19487
0.86541,0.0051582,0.20036
0.86539,0.003432,0.14971
0.86527,0.002084,0.11277
0.86507,0.0010894,0.084896
0.8648,0.0004259,0.063506
0.86441,7.1962e-05,0.046807
0.86397,-1.1715e-05,0.033481
0.86344,-0.00022875,0.023016
0.86285,-0.00070783,0.014914
0.86217,-0.0014369,0.0088202
0.86143,-0.0024018,0.0045259
0.83459,-0.0012608,0.014329
0.80872,-0.00049981,0.026606
0.78369,-9.1949e-05,0.040088
0.75954,8.2656e-06,0.053965
0.73617,0.00022569,0.068077
0.71358,0.00072353,0.082253
0.69169,0.001481,0.096406
0.67051,0.0024824,0.11064
0.64998,0.0037104,0.12487
0.63009,0.0051526,0.13934
0.6085,0.0069663,0.14449
0.58766,0.0090077,0.15072
0.56749,0.01126,0.15757
0.54798,0.013712,0.16465
0.5291,0.016351,0.17209
0.51081,0.019165,0.17986
0.4931,0.022147,0.18785
0.47594,0.025286,0.19625
0.45928,0.028572,0.20484
0.44315,0.032004,0.21316
0.42558,0.031417,0.15219
0.40882,0.03087,0.10761
0.39281,0.030364,0.074685
0.37745,0.029886,0.050218
0.36271,0.029434,0.032163
0.34856,0.029012,0.019038
0.33494,0.028611,0.0098926
0.32184,0.028231,0.0040469
0.30922,0.027872,0.00089188
0.29705,0.02753,-5.3083e-06
0.29482,0.035087,-0.0024471
0.29259,0.043503,-0.0089761
0.29037,0.052781,-0.019162
0.28814,0.062923,-0.032627
0.2859,0.073925,-0.049108
0.28364,0.085792,-0.068476
0.28137,0.098524,-0.090468
0.27908,0.11213,-0.11479
0.27676,0.1266,-0.14133
0.27443,0.14194,-0.16991
0.25782,0.13997,-0.19082
0.24196,0.13813,-0.21258
0.2268,0.1364,-0.23487
0.21231,0.13476,-0.25789
0.19847,0.13322,-0.2813
0.18525,0.13176,-0.30473
0.17263,0.13039,-0.32842
0.16058,0.12908,-0.35193
0.14908,0.12784,-0.37548
0.13811,0.12667,-0.3992
0.13343,0.13281,-0.33231
0.1289,0.13899,-0.27922
0.1245,0.14523,-0.23609
0.12024,0.15152,-0.20082
0.11608,0.15788,-0.17131
0.11203,0.16429,-0.14652
0.10807,0.17077,-0.12542
0.10422,0.17732,-0.10699
0.10046,0.18394,-0.091033
0.096784,0.19062,-0.077284
0.085805,0.20368,-0.10963
0.075458,0.21717,-0.14354
0.065735,0.23106,-0.17828
0.056649,0.24539,-0.21366
0.048207,0.26013,-0.24894
0.04041,0.2753,-0.28368
0.033273,0.29088,-0.31787
0.026803,0.30688,-0.35115
0.02101,0.32328,-0.38371
0.015904,0.34008,-0.41582
0.019699,0.32934,-0.43667
0.023868,0.31897,-0.45832
0.028399,0.30894,-0.48058
0.033296,0.29924,-0.50361
0.03855,0.28985,-0.5271
0.044149,0.28074,-0.55048
0.0501,0.27191,-0.57421
0.056396,0.26335,-0.59835
0.063028,0.25504,-0.62251
0.070001,0.24696,-0.6471
0.066104,0.2463,-0.72844
0.062306,0.24562,-0.80714
0.058613,0.24495,-0.8834
0.055031,0.24427,-0.95718
0.051553,0.24359,-1.0286
0.048191,0.24291,-1.0989
0.044938,0.24224,-1.1676
0.0418,0.24158,-1.2345
0.038778,0.24092,-1.3
0.03587,0.24027,-1.3637
0.031409,0.25561,-1.1093
0.02733,0.27088,-0.91641
0.023599,0.28615,-0.76352
0.020189,0.30144,-0.63927
0.01708,0.31679,-0.53567
0.01426,0.33222,-0.44771
0.011716,0.34775,-0.37244
0.0094343,0.3634,-0.30789
0.0074118,0.37917,-0.25206
0.0056417,0.39508,-0.20354
0.0062224,0.41874,-0.22384
0.0068369,0.44311,-0.24084
0.0074857,0.46816,-0.25513
0.0081677,0.49388,-0.26708
0.0088801,0.52024,-0.27693
0.0096275,0.5472,-0.28514
0.010406,0.57474,-0.29188
0.011215,0.60284,-0.29719
0.012055,0.63148,-0.30144
0.012926,0.66063,-0.30522
0.011989,0.64608,-0.26421
0.011095,0.63239,-0.23022
0.010241,0.61948,-0.20163
0.0094276,0.60728,-0.17742
0.0086516,0.59573,-0.15641
0.0079148,0.58477,-0.13777
0.0072137,0.57436,-0.12127
0.0065503,0.56447,-0.10674
0.0059215,0.55504,-0.093793
0.0053278,0.54605,-0.082018
0.0036442,0.5289,-0.10212
0.0022941,0.51243,-0.12124
0.0012653,0.4966,-0.13922
0.00054569,0.48138,-0.15616
0.00012795,0.46673,-0.17237
-3.7415e-07,0.45261,-0.18776
-0.00015432,0.43901,-0.2025
-0.00058063,0.42588,-0.21709
-0.0012719,0.4132,-0.23131
-0.0022189,0.40095,-0.24518
-0.0024382,0.36609,-0.19265
-0.0026703,0.33424,-0.15302
-0.0029129,0.30508,-0.12225
-0.0031706,0.27834,-0.097679
-0.0034391,0.25379,-0.077937
-0.0037185,0.23122,-0.062017
-0.0040091,0.21047,-0.049009
-0.0043109,0.19138,-0.038474
-0.0046223,0.17381,-0.029815
-0.0049477,0.15765,-0.022832
-0.0054453,0.15388,-0.017029
-0.0059657,0.15017,-0.012281
-0.0065048,0.14651,-0.0083812
-0.007064,0.14291,-0.0052799
-0.0076436,0.13937,-0.0029448
-0.0082408,0.13589,-0.0013007
-0.0088569,0.13245,-0.00033312
-0.0094931,0.12907,-9.3186e-07
-0.010147,0.12574,0.00025804
-0.010817,0.12246,0.001094
-0.0098741,0.12715,0.0054173
-0.0089695,0.13193,0.012613
-0.0081002,0.1368,0.022443
-0.0072694,0.14175,0.034684
-0.0064791,0.1468,0.049103
-0.0057277,0.15193,0.065358
-0.0050135,0.15715,0.083442
-0.0043409,0.16245,0.10314
-0.003717,0.16785,0.12456
-0.0031329,0.17333,0.14697
-0.0012648,0.16834,0.16415
-0.00023507,0.16347,0.18197
2.2909e-05,0.1587,0.20077
0.0006152,0.15403,0.22045
0.0020036,0.14945,0.24097
0.0041837,0.14495,0.2623
0.0071537,0.14053,0.28429
0.010919,0.13617,0.30724
0.015486,0.13189,0.33074
0.020857,0.12767,0.35476
0.024239,0.13674,0.32214
0.027864,0.14604,0.29411
0.031736,0.15559,0.2696
0.035862,0.16539,0.24768
0.040242,0.17545,0.22806
0.044882,0.18578,0.21062
0.049789,0.19637,0.1948
0.054969,0.20722,0.18012
0.060419,0.21835,0.16659
0.066146,0.22974,0.15391
0.070846,0.2402,0.12406
0.075699,0.2508,0.09944
0.080706,0.26157,0.078894
0.085875,0.2725,0.061718
0.091206,0.28359,0.047431
0.096702,0.29485,0.035619
0.10236,0.30628,0.025929
0.10819,0.31786,0.018042
0.11419,0.32961,0.011779
0.12036,0.3415,0.007039
0.12755,0.32187,0.012885
0.13487,0.30322,0.019379
0.14231,0.28548,0.026179
0.14986,0.26861,0.033225
0.15754,0.25254,0.040261
0.16533,0.23724,0.047406
0.17324,0.22265,0.054468
0.18127,0.20876,0.061456
0.18942,0.1955,0.068434
0.19768,0.18286,0.075573
0.18901,0.16389,0.081109
0.18077,0.14645,0.086156
0.17293,0.13041,0.090877
0.16546,0.11568,0.09527
0.15835,0.10217,0.099489
0.15157,0.089806,0.10363
0.1451,0.078507,0.10762
0.13893,0.068199,0.11164
0.13304,0.058831,0.1156
0.1274,0.050333,0.11923
0.12978,0.054835,0.18673
0.13225,0.059643,0.26597
0.13481,0.064775,0.35512
0.13746,0.070236,0.45215
0.14019,0.07603,0.55576
0.14301,0.082158,0.66506
0.1459,0.088611,0.77864
0.14886,0.09538,0.89504
0.1519,0.10246,1.0139
0.15499,0.10983,1.1352
0.15657,0.088458,0.88333
0.15824,0.070422,0.70413
0.16,0.055185,0.57009
0.16181,0.042351,0.46637
0.16368,0.031622,0.38367
0.16561,0.022755,0.31599
0.16757,0.015558,0.26006
0.16959,0.0098744,0.21359
0.17163,0.0055729,0.17442
0.1737,0.0025492,0.14115
0.15154,0.0010939,0.15047
0.13146,0.00025992,0.15746
0.11333,-1.4818e-07,0.1628
0.097003,-0.00027127,0.16693
0.082337,-0.0010343,0.16996
0.069201,-0.0022547,0.17201
0.057492,-0.0039018,0.17329
0.047103,-0.0059493,0.17426
0.03793,-0.0083766,0.17476
0.029888,-0.011167,0.17493
0.029269,-0.015543,0.16579
0.028655,-0.020629,0.15722
0.028048,-0.02643,0.14923
0.027453,-0.032961,0.1419
0.026868,-0.040238,0.135
0.026298,-0.04828,0.12839
0.025743,-0.057109,0.1221
0.025199,-0.066749,0.11621
0.024671,-0.077224,0.11059
0.024159,-0.088558,0.10499
0.026652,-0.094378,0.098087
0.029279,-0.10041,0.091304
0.032034,-0.10665,0.084819
0.034923,-0.11311,0.078673
0.037955,-0.11979,0.072688
0.041131,-0.12668,0.066872
0.044436,-0.1338,0.061377
0.047884,-0.14113,0.056131
0.051505,-0.14868,0.051056
0.05525,-0.15646,0.046248
0.055698,-0.16132,0.033904
0.056171,-0.16626,0.023903
0.056627,-0.17131,0.016101
0.057095,-0.17644,0.010106
0.057562,-0.18167,0.0056892
0.058034,-0.18699,0.0026755
0.058495,-0.1924,0.00083962
0.058964,-0.19791,5.3364e-05
0.059435,-0.2035,-0.00018205
0.059906,-0.20918,-0.0011378
0.066886,-0.20535,-0.00072103
0.074238,-0.20161,-0.00045735
0.081951,-0.19794,-0.00029694
0.090026,-0.19436,-0.00020953
0.098469,-0.19085,-0.00015968
0.10726,-0.18741,-0.00012747
0.11643,-0.18404,-0.00010926
0.12596,-0.18073,-0.0001028
0.13584,-0.17749,-0.00010613
0.1461,-0.1743,-0.00011453
0.14858,-0.17905,-8.144e-05
0.15107,-0.18384,-6.8656e-05
0.15359,-0.18866,-6.7392e-05
0.1561,-0.19353,-7.4535e-05
0.15863,-0.19842,-9.1997e-05
0.16118,-0.20334,-0.00011296
0.16373,-0.2083,-0.00014231
0.16629,-0.21329,-0.00018392
0.16885,-0.2183,-0.00023457
0.17143,-0.22334,-0.00029581
0.18091,-0.22587,-0.0012161
0.19064,-0.22843,-0.0025903
0.20062,-0.23103,-0.0042842
0.21085,-0.23367,-0.0061357
0.22133,-0.23634,-0.0081124
0.23206,-0.23905,-0.010158
0.24302,-0.24181,-0.012274
0.25425,-0.24458,-0.014423
0.26571,-0.24741,-0.016639
0.2774,-0.2503,-0.018911
0.25153,-0.22911,-0.010965
0.22765,-0.20976,-0.0058697
0.20564,-0.19204,-0.0027275
0.18535,-0.17581,-0.00095259
0.16665,-0.16092,-0.000136
0.14945,-0.14724,3.679e-05
0.13362,-0.13468,0.00050185
0.11908,-0.12313,0.0014326
0.10575,-0.11251,0.0027422
0.093548,-0.10274,0.0043229
0.088166,-0.097336,0.011339
0.08301,-0.092175,0.020916
0.078067,-0.087244,0.032637
0.073323,-0.08253,0.046146
0.068772,-0.078011,0.061189
0.064403,-0.073685,0.077799
0.06021,-0.069534,0.095671
0.056186,-0.06554,0.11453
0.052323,-0.061711,0.13448
0.048618,-0.058027,0.15543
0.043336,-0.057535,0.13184
0.038499,-0.057118,0.11244
0.034067,-0.056791,0.096166
0.030009,-0.056532,0.08227
0.026297,-0.056346,0.070378
0.022908,-0.05621,0.06025
0.019819,-0.056133,0.051475
0.017009,-0.056107,0.043724
0.014463,-0.056132,0.036967
0.012164,-0.056193,0.031144
0.0077003,-0.058434,0.031625
0.00428,-0.060664,0.031966
0.001869,-0.062896,0.032245
0.00044569,-0.065145,0.032584
-1.0266e-06,-0.067425,0.032875
-0.00053887,-0.069745,0.03297
-0.002074,-0.07213,0.033061
-0.0046325,-0.074586,0.033217
-0.008251,-0.077122,0.033352
-0.012973,-0.079757,0.033474
-0.012099,-0.074702,0.04208
-0.011263,-0.069885,0.051147
-0.010458,-0.065311,0.060652
-0.0096872,-0.060953,0.070527
-0.0089514,-0.056792,0.080606
-0.0082462,-0.052832,0.09095
-0.0075717,-0.049059,0.10163
-0.0069282,-0.045462,0.11264
-0.0063145,-0.042034,0.12394
-0.0057307,-0.038766,0.13555
-0.0079024,-0.036144,0.18163
-0.010472,-0.033495,0.23423
-0.01346,-0.030832,0.29273
-0.016887,-0.028168,0.35648
-0.020773,-0.02552,0.42509
-0.025132,-0.022914,0.49816
-0.029982,-0.020364,0.57506
-0.035335,-0.017894,0.65461
-0.041204,-0.015524,0.73675
-0.047598,-0.013271,0.8215
-0.053083,-0.014044,0.79347
-0.058824,-0.014825,0.77154
-0.064823,-0.015616,0.75472
-0.071086,-0.016415,0.74216
-0.077617,-0.017224,0.73271
-0.084418,-0.018044,0.72515
-0.091493,-0.018874,0.71938
-0.098842,-0.019715,0.71556
-0.10647,-0.020568,0.71281
-0.11437,-0.021431,0.71053
-0.11413,-0.024648,0.62157
-0.11392,-0.027986,0.54833
-0.11373,-0.031437,0.48667
-0.11355,-0.035,0.43398
-0.11339,-0.038671,0.38812
-0.11324,-0.042447,0.34778
-0.11311,-0.046327,0.31196
-0.11298,-0.050307,0.28009
-0.11285,-0.054387,0.25148
-0.11274,-0.058566,0.22546
-0.115,-0.05344,0.20966
-0.11728,-0.048646,0.19428
-0.11956,-0.044169,0.17966
-0.12185,-0.039988,0.16589
-0.12415,-0.036086,0.15287
-0.12646,-0.03245,0.14039
-0.12878,-0.029065,0.12863
-0.1311,-0.025917,0.11769
-0.13344,-0.022995,0.10741
-0.13578,-0.020288,0.097624
-0.13046,-0.029433,0.11633
-0.12518,-0.040325,0.13532
-0.11992,-0.05301,0.15428
-0.11468,-0.067532,0.17291
-0.10946,-0.083938,0.19124
-0.10425,-0.10228,0.20946
-0.099067,-0.1226,0.22725
-0.093905,-0.14495,0.24489
-0.088774,-0.16937,0.26191
-0.083682,-0.1959,0.27835
-0.083132,-0.20111,0.27
-0.08258,-0.20635,0.26321
-0.082026,-0.21163,0.25734
-0.081473,-0.21695,0.25238
-0.080917,-0.22231,0.24796
-0.08036,-0.2277,0.24378
-0.079803,-0.23314,0.23999
-0.079243,-0.2386,0.23652
-0.078683,-0.2441,0.23321
-0.07812,-0.24964,0.23046
-0.086014,-0.2511,0.20891
-0.094261,-0.25257,0.19054
-0.10286,-0.25406,0.17452
-0.11182,-0.25555,0.16014
-0.12114,-0.25704,0.14732
-0.13081,-0.25855,0.13554
-0.14083,-0.26006,0.12495
-0.15121,-0.26157,0.11536
-0.16194,-0.26308,0.10659
-0.17302,-0.26459,0.098425
-0.15526,-0.2407,0.11156
-0.13897,-0.2188,0.12345
-0.12403,-0.1987,0.13425
-0.11034,-0.18025,0.14409
-0.097818,-0.16332,0.15322
-0.086371,-0.14775,0.16203
-0.075925,-0.13347,0.17038
-0.066407,-0.12034,0.17836
-0.057753,-0.10827,0.18603
-0.049902,-0.097188,0.19372
-0.04786,-0.095122,0.18013
-0.045893,-0.093095,0.16813
-0.043996,-0.091114,0.15761
-0.042166,-0.089192,0.14838
-0.0404,-0.087298,0.14005
-0.038695,-0.085437,0.13239
-0.03705,-0.083618,0.12543
-0.03546,-0.081847,0.11906
-0.033925,-0.080101,0.11326
-0.032443,-0.078386,0.10785
-0.027754,-0.076248,0.093141
-0.023525,-0.074211,0.080679
-0.019725,-0.072273,0.069944
-0.016328,-0.07042,0.060419
-0.013311,-0.068644,0.052137
-0.01065,-0.066951,0.04492
-0.008327,-0.065323,0.038601
-0.006322,-0.063766,0.03295
-0.0046198,-0.062266,0.027992
-0.0032049,-0.060821,0.023702
-0.0033279,-0.060526,0.029848
-0.0034538,-0.060225,0.036323
-0.0035816,-0.059927,0.043079
-0.0037121,-0.059626,0.050225
-0.0038447,-0.059327,0.057591
-0.0039797,-0.059027,0.064967
-0.0041167,-0.058728,0.072415
-0.0042556,-0.05843,0.080066
-0.0043973,-0.058129,0.08777
-0.0045418,-0.057826,0.095385
-0.0044086,-0.068039,0.070106
-0.004275,-0.079102,0.04946
-0.0041417,-0.091059,0.032874
-0.0040073,-0.10398,0.019867
-0.0038707,-0.11791,0.010285
-0.0037316,-0.13293,0.0039453
-0.003588,-0.14911,0.00061112
-0.0034427,-0.16646,-0.0001617
-0.0032939,-0.18506,-0.0024545
-0.0031431,-0.20494,-0.007302
-0.0039919,-0.18503,-0.0028684
-0.0049119,-0.1667,-0.00065396
-0.0058926,-0.14984,-4.1859e-07
-0.0069261,-0.13436,0.00048417
-0.0080074,-0.12013,0.0018189
-0.0091296,-0.10707,0.0038328
-0.010289,-0.095081,0.0063629
-0.011482,-0.084079,0.0092561
-0.012705,-0.074,0.01247
-0.013954,-0.064779,0.016016
-0.01797,-0.063502,0.016324
-0.022516,-0.062231,0.01668
-0.027601,-0.060979,0.017126
-0.033242,-0.059718,0.017604
-0.039452,-0.058456,0.01812
-0.046248,-0.057195,0.018728
-0.053647,-0.055931,0.01935
-0.061667,-0.054665,0.019971
-0.070325,-0.053397,0.020617
-0.079639,-0.052127,0.021269
-0.074246,-0.048072,0.036888
-0.069095,-0.044237,0.05546
-0.064168,-0.04061,0.076496
-0.059454,-0.03717,0.099409
-0.054942,-0.03391,0.12404
-0.050623,-0.030819,0.15027
-0.04649,-0.027889,0.17781
-0.042536,-0.025115,0.20629
-0.038758,-0.022492,0.23568
-0.035154,-0.020016,0.26579
-0.039714,-0.023016,0.23773
-0.04453,-0.026199,0.21316
-0.049611,-0.029569,0.19136
-0.054964,-0.03313,0.17172
-0.060597,-0.036887,0.15406
-0.066519,-0.040845,0.13828
-0.072738,-0.045009,0.12397
-0.079262,-0.049386,0.11083
-0.0861,-0.053978,0.098798
-0.093259,-0.05879,0.088004
-0.089277,-0.056059,0.069396
-0.085517,-0.053462,0.053954
-0.08196,-0.050989,0.041258
-0.078592,-0.04863,0.030894
-0.075397,-0.046379,0.022466
-0.072362,-0.044227,0.015643
-0.069477,-0.04217,0.010285
-0.06673,-0.040201,0.0062391
-0.064112,-0.038314,0.0032998
-0.061614,-0.036506,0.0013185
-0.057308,-0.043947,0.0041808
-0.053133,-0.052106,0.0084031
-0.049082,-0.061015,0.013864
-0.045151,-0.070701,0.02045
-0.04134,-0.081192,0.028026
-0.03765,-0.092524,0.036589
-0.034084,-0.10473,0.045973
-0.030647,-0.11782,0.056159
-0.027347,-0.13185,0.06702
-0.024187,-0.14683,0.078289
-0.025516,-0.151,0.068643
-0.02688,-0.15521,0.060296
-0.028277,-0.15944,0.053012
-0.029707,-0.1637,0.046499
-0.031172,-0.16799,0.04075
-0.032671,-0.17232,0.035675
-0.034204,-0.17667,0.031181
-0.035773,-0.18105,0.02711
-0.037376,-0.18546,0.023487
-0.039013,-0.18989,0.02035
-0.039099,-0.1868,0.0076842
-0.039188,-0.18384,0.0013174
-0.039279,-0.18098,-0.00014859
-0.039373,-0.17821,-0.0034096
-0.039469,-0.17551,-0.010536
-0.039566,-0.17288,-0.020972
-0.039664,-0.17031,-0.034389
-0.03976,-0.16779,-0.050412
-0.039858,-0.16531,-0.068832
-0.039956,-0.16287,-0.089634
-0.04019,-0.16643,-0.062909
-0.040416,-0.16998,-0.042433
-0.040636,-0.17354,-0.02708
-0.040849,-0.1771,-0.015938
-0.041061,-0.18066,-0.0081603
-0.041268,-0.18424,-0.0031906
-0.041477,-0.18782,-0.00059521
-0.041682,-0.19142,4.1887e-05
-0.041886,-0.19503,0.0012983
-0.04209,-0.19866,0.0041257
-0.038119,-0.19236,0.0012012
-0.034428,-0.18631,6.6655e-05
-0.031,-0.18048,-0.00025575
-0.027816,-0.17488,-0.0014611
-0.024862,-0.16948,-0.0034636
-0.022132,-0.16427,-0.0060905
-0.019603,-0.15924,-0.0092367
-0.017271,-0.15437,-0.012748
-0.015121,-0.14967,-0.016619
-0.013149,-0.14511,-0.020834
-0.012558,-0.14284,-0.0099549
-0.011983,-0.14064,-0.0034758
-0.011424,-0.13852,-0.00044409
-0.010884,-0.13646,0.00021048
-0.010357,-0.13445,0.0023027
-0.0098444,-0.1325,0.0063624
-0.0093469,-0.13058,0.012087
-0.0088625,-0.1287,0.019158
-0.0083908,-0.12687,0.02742
-0.0079343,-0.12505,0.036634
-0.0092893,-0.12109,0.039196
-0.010742,-0.11723,0.042046
-0.012289,-0.11346,0.045076
-0.01393,-0.10978,0.048357
-0.015662,-0.1062,0.051736
-0.017485,-0.1027,0.055172
-0.019399,-0.099283,0.058724
-0.021404,-0.095941,0.062459
-0.023496,-0.092683,0.066238
-0.025677,-0.089499,0.070039
-0.027252,-0.079933,0.097195
-0.028868,-0.070968,0.12751
-0.030529,-0.062563,0.16059
-0.032237,-0.054697,0.19596
-0.033995,-0.047348,0.23359
-0.035807,-0.040507,0.27305
-0.037674,-0.034171,0.31418
-0.039597,-0.028346,0.35725
-0.041581,-0.023029,0.40184
-0.043625,-0.018235,0.44754
-0.048688,-0.014088,0.43109
-0.053971,-0.010511,0.41789
-0.059481,-0.0074794,0.40693
-0.065222,-0.0049788,0.39779
-0.071203,-0.002994,0.39004
-0.077425,-0.0015169,0.38386
-0.083902,-0.00053898,0.37863
-0.090637,-5.6507e-05,0.37446
-0.09764,6.6683e-05,0.3709
-0.10492,0.00056839,0.36798
-0.10611,0.00057291,0.30997
-0.10731,0.00057578,0.26135
-0.10852,0.00057731,0.22035
-0.10975,0.00057773,0.18556
-0.11099,0.0005769,0.15571
-0.11224,0.00057486,0.12983
-0.1135,0.0005722,0.10763
-0.11476,0.0005685,0.088393
-0.11604,0.00056403,0.07176
-0.11732,0.00055874,0.057302
-0.11663,0.0015381,0.051265
-0.11593,0.0029916,0.045658
-0.11523,0.0049114,0.040393
-0.11452,0.0072917,0.035412
-0.11381,0.010128,0.030801
-0.1131,0.013417,0.026633
-0.11239,0.017158,0.022776
-0.11168,0.021349,0.019209
-0.11096,0.025991,0.015946
-0.11025,0.031086,0.012949
-0.11638,0.040738,0.015195
-0.12273,0.051912,0.017482
-0.12929,0.064676,0.019748
-0.13608,0.079098,0.021912
-0.14308,0.095242,0.023952
-0.15031,0.11316,0.025959
-0.15777,0.13291,0.027843
-0.16545,0.15454,0.029656
-0.17335,0.17808,0.031373
-0.18147,0.20357,0.032802
-0.17738,0.20113,0.021488
-0.17338,0.19885,0.013304
-0.16948,0.19672,0.0075601
-0.16565,0.19473,0.0037335
-0.1619,0.19287,0.0013815
-0.15823,0.19113,0.00022872
-0.15463,0.18949,-3.1671e-05
-0.15109,0.18796,-0.00063614
-0.14763,0.18652,-0.0019244
-0.14423,0.18517,-0.0037721
-0.14986,0.17631,-0.0014187
-0.15557,0.16782,-0.00031823
-0.16135,0.15967,-9.6331e-07
-0.1672,0.15184,0.00017344
-0.17313,0.14432,0.00064051
-0.17912,0.13709,0.0012877
-0.1852,0.13014,0.0020379
-0.19134,0.12346,0.0028133
-0.19756,0.11703,0.0035939
-0.20386,0.11085,0.0044048
-0.19896,0.11648,0.0046501
-0.19415,0.12222,0.0050589
-0.18943,0.12807,0.005584
-0.18479,0.13404,0.0062018
-0.18023,0.14012,0.0069191
-0.17575,0.14631,0.0078111
-0.17136,0.15262,0.0088223
-0.16704,0.15903,0.0099079
-0.16279,0.16555,0.011107
-0.15861,0.17218,0.012352
-0.15489,0.15845,0.0070284
-0.15135,0.14564,0.0034242
-0.14797,0.13368,0.0011984
-0.14475,0.1225,0.00013832
-0.14167,0.11206,-0.00010411
-0.13873,0.10231,-0.00096539
-0.13591,0.093195,-0.0026266
-0.13321,0.084684,-0.0050429
-0.13062,0.076739,-0.0081516
-0.12813,0.069324,-0.011823
-0.11031,0.068008,-0.013679
-0.094241,0.066769,-0.015484
-0.07979,0.065599,-0.017295
-0.066854,0.064495,-0.019121
-0.055329,0.063449,-0.020944
-0.045124,0.062457,-0.022702
-0.036151,0.061515,-0.0244
-0.02833,0.060617,-0.026167
-0.021588,0.059758,-0.027911
-0.015863,0.058938,-0.029743
-0.015056,0.058028,-0.048549
-0.014262,0.057118,-0.071071
-0.013479,0.056205,-0.097071
-0.012705,0.055287,-0.1264
-0.01194,0.054361,-0.1587
-0.011184,0.053429,-0.19345
-0.01044,0.052489,-0.23059
-0.0097082,0.05154,-0.26983
-0.0089901,0.050584,-0.31102
-0.0082877,0.049623,-0.35418
-0.0087469,0.049781,-0.3388
-0.009211,0.049948,-0.32633
-0.0096799,0.050122,-0.31581
-0.010155,0.050306,-0.30693
-0.010635,0.050497,-0.29942
-0.011123,0.050696,-0.2933
-0.011616,0.0509,-0.28812
-0.012115,0.051109,-0.28349
-0.012621,0.051324,-0.27954
-0.013134,0.051543,-0.27632
-0.014939,0.055619,-0.24929
-0.016846,0.059801,-0.22564
-0.018855,0.064095,-0.20481
-0.020975,0.068507,-0.18651
-0.023198,0.073039,-0.17015
-0.025532,0.077698,-0.15523
-0.027978,0.082485,-0.14174
-0.030532,0.087404,-0.12964
-0.033202,0.092459,-0.11862
-0.036004,0.097656,-0.10873
-0.039101,0.087582,-0.086711
-0.042267,0.078347,-0.068397
-0.045503,0.069875,-0.053146
-0.04881,0.062098,-0.040379
-0.052173,0.054952,-0.029824
-0.055609,0.04839,-0.021133
-0.059117,0.042365,-0.014166
-0.062692,0.036836,-0.0088212
-0.066345,0.031771,-0.0048497
-0.070071,0.027136,-0.0021331
-0.064351,0.021451,-0.0017232
-0.059068,0.016602,-0.0013256
-0.054196,0.012514,-0.00097706
-0.04972,0.0091221,-0.00070485
-0.04558,0.0063539,-0.00046835
-0.041762,0.0041547,-0.00027131
-0.03824,0.0024719,-0.00012964
-0.034991,0.0012576,-3.8044e-05
-0.031982,0.00046849,-1.4991e-06
-0.029208,6.8063e-05,1.3047e-05
-0.029566,0.00012695,-0.00046073
-0.029929,0.00020422,-0.0021345
-0.030297,0.00030028,-0.0049668
-0.030673,0.00041575,-0.008836
-0.03106,0.00055157,-0.013736
-0.031452,0.0007079,-0.01968
-0.031855,0.0008861,-0.026597
-0.032279,0.0010882,-0.034378
-0.03271,0.0013137,-0.043034
-0.033155,0.0015641,-0.0525
-0.032235,0.0010163,-0.047898
-0.03133,0.00058988,-0.043738
-0.030451,0.00028193,-0.039831
-0.029589,8.7808e-05,-0.036131
-0.028746,4.1187e-06,-0.032658
-0.027921,-2.7474e-05,-0.029375
-0.027112,-0.00015498,-0.02634
-0.026323,-0.00038354,-0.023509
-0.025549,-0.00071113,-0.020897
-0.024791,-0.0011351,-0.018557
-0.024685,-0.0018537,-0.023776
-0.024567,-0.0027641,-0.029652
-0.024433,-0.0038782,-0.036107
-0.024288,-0.005207,-0.043114
-0.02413,-0.0067626,-0.050675
-0.023953,-0.0085614,-0.058818
-0.023759,-0.010616,-0.067473
-0.023548,-0.012941,-0.076527
-0.023321,-0.015549,-0.086044
-0.023078,-0.018454,-0.096093
-0.019917,-0.017167,-0.10883
-0.016996,-0.015943,-0.12168
-0.01432,-0.014773,-0.13482
-0.011874,-0.013658,-0.14836
-0.0096595,-0.012591,-0.16216
-0.007674,-0.011569,-0.17601
-0.0059128,-0.010594,-0.19004
-0.0043788,-0.009661,-0.20442
-0.0030698,-0.0087714,-0.21896
-0.0019888,-0.0079229,-0.23363
-0.0024283,-0.0056935,-0.18953
-0.0028955,-0.0039149,-0.15385
-0.0033916,-0.0025259,-0.12452
-0.0039151,-0.0014801,-0.10009
-0.0044631,-0.00073902,-0.079815
-0.005035,-0.00026721,-0.063081
-0.0056301,-3.4912e-05,-0.04915
-0.0062494,1.7564e-05,-0.037463
-0.0068896,0.0001952,-0.027807
-0.0075538,0.00055312,-0.019947
-0.0078345,6.1857e-05,-0.02965
-0.0081472,-7.1584e-05,-0.041454
-0.0084966,-0.00065765,-0.0556
-0.0088894,-0.0019183,-0.07238
-0.0093322,-0.0039671,-0.091882
-0.0098338,-0.0069232,-0.11388
-0.010392,-0.010923,-0.13871
-0.011012,-0.016099,-0.16614
-0.011699,-0.022585,-0.19606
-0.012454,-0.030511,-0.22859
-0.013354,-0.031,-0.22602
-0.014281,-0.031496,-0.22419
-0.015237,-0.031998,-0.22279
-0.016223,-0.032507,-0.22147
-0.017236,-0.033025,-0.22048
-0.018279,-0.033548,-0.22001
-0.019351,-0.034079,-0.21979
-0.020453,-0.034617,-0.21995
-0.021585,-0.035161,-0.22031
-0.022745,-0.035713,-0.2206
-0.024391,-0.034476,-0.22005
-0.026087,-0.033269,-0.21962
-0.027834,-0.032088,-0.21931
-0.029631,-0.030935,-0.21885
-0.031478,-0.029809,-0.21842
-0.033374,-0.028707,-0.21821
-0.03532,-0.027633,-0.21794
-0.037316,-0.026582,-0.2174
-0.03936,-0.025557,-0.21684
-0.041454,-0.024556,-0.21607
-0.0341,-0.022082,-0.21974
-0.027592,-0.019804,-0.22375
-0.021876,-0.017706,-0.22786
-0.016907,-0.015772,-0.23172
-0.012642,-0.01399,-0.23573
-0.0090458,-0.012349,-0.23987
-0.0060852,-0.010838,-0.24408
-0.0037327,-0.0094477,-0.24811
-0.0019671,-0.0081714,-0.25227
-0.0007691,-0.0070011,-0.25647
-0.0011341,-0.0059139,-0.24942
-0.0015654,-0.0049335,-0.24299
-0.0020608,-0.0040545,-0.23707
-0.0026198,-0.0032721,-0.23216
-0.003242,-0.0025815,-0.22765
-0.0039244,-0.0019791,-0.22357
-0.0046674,-0.0014617,-0.21972
-0.0054725,-0.0010261,-0.21605
-0.0063363,-0.00067024,-0.21257
-0.0072612,-0.00039162,-0.20954
-0.0081714,-7.1477e-05,-0.16
-0.00908,5.4667e-06,-0.12059
-0.0099823,0.00015978,-0.088936
-0.010879,0.00050687,-0.063785
-0.01177,0.0010249,-0.043956
-0.012658,0.0016983,-0.028489
-0.013547,0.0025176,-0.016807
-0.014448,0.0034799,-0.0084725
-0.015368,0.0045883,-0.0030487
-0.016319,0.0058518,-0.00036447
-0.015928,0.0051649,-0.0025746
-0.015549,0.0045249,-0.0066347
-0.015174,0.0039269,-0.012439
-0.014795,0.0033685,-0.019903
-0.014412,0.0028488,-0.028993
-0.014019,0.0023671,-0.03967
-0.013619,0.0019252,-0.051926
-0.013202,0.0015222,-0.065643
-0.012759,0.0011585,-0.080519
-0.012323,0.00084307,-0.097253
-0.015626,0.00037527,-0.10682
-0.01942,8.9374e-05,-0.11672
-0.023745,-5.0054e-07,-0.12698
-0.028636,-0.00012359,-0.13753
-0.034117,-0.0004749,-0.14832
-0.040236,-0.0010699,-0.15924
-0.047019,-0.001925,-0.17018
-0.054517,-0.0030534,-0.18159
-0.062756,-0.0044715,-0.19306
-0.071778,-0.0061923,-0.20465
-0.067563,-0.0049269,-0.16711
-0.063553,-0.0038449,-0.13623
-0.059747,-0.0029262,-0.11065
-0.056109,-0.0021593,-0.089502
-0.052655,-0.0015265,-0.071789
-0.049363,-0.0010178,-0.056899
-0.046222,-0.00062299,-0.044476
-0.043234,-0.00033165,-0.034181
-0.040386,-0.00013581,-0.025665
-0.037675,-2.7751e-05,-0.018645
-0.036387,-3.3779e-05,-0.027313
-0.035114,-4.0401e-05,-0.037339
-0.033822,-4.8671e-05,-0.048352
-0.032564,-5.6926e-05,-0.060736
-0.031316,-6.581e-05,-0.074215
-0.030073,-7.5489e-05,-0.088617
-0.028837,-8.6021e-05,-0.10392
-0.027616,-9.6887e-05,-0.12027
-0.026394,-0.00010898,-0.13743
-0.025183,-0.00012186,-0.15553
-0.026911,-0.00016196,-0.15719
-0.0287,-0.00020833,-0.15881
-0.030557,-0.00026064,-0.16046
-0.032482,-0.0003189,-0.16226
-0.034472,-0.00038354,-0.16411
-0.036528,-0.00045481,-0.16575
-0.038651,-0.00053245,-0.16741
-0.040851,-0.00061576,-0.16933
-0.043116,-0.00070599,-0.17131
-0.045445,-0.00080383,-0.17318
-0.038818,-0.00026189,-0.13314
-0.033045,-2.4741e-05,-0.10187
-0.028014,2.8385e-05,-0.077126
-0.023644,0.0002191,-0.057603
-0.019858,0.00055304,-0.042235
-0.016575,0.00099054,-0.030281
-0.013743,0.0015034,-0.021005
-0.011309,0.0020684,-0.013851
-0.0092093,0.0026595,-0.0085068
-0.0074156,0.0032708,-0.0046498
-0.008013,0.0046474,-0.0064097
-0.0086485,0.0063218,-0.0085214
-0.0093287,0.008324,-0.011057
-0.010057,0.010683,-0.01409
-0.010826,0.013415,-0.01755
-0.011647,0.016559,-0.021517
-0.012519,0.020136,-0.025953
-0.013447,0.024179,-0.03088
-0.014424,0.028701,-0.036204
-0.015461,0.033739,-0.041908
-0.014733,0.035308,-0.038639
-0.014021,0.0369,-0.035608
-0.013328,0.038521,-0.032801
-0.012652,0.040168,-0.030136
-0.011995,0.041846,-0.02765
-0.011357,0.043553,-0.025383
-0.010737,0.04529,-0.023259
-0.010134,0.047054,-0.021372
-0.0095503,0.048854,-0.019586
-0.0089822,0.050677,-0.017852
-0.010501,0.054121,-0.021613
-0.012171,0.057745,-0.02572
-0.013999,0.061561,-0.030059
-0.015988,0.065558,-0.034508
-0.018146,0.069752,-0.039097
-0.02048,0.074146,-0.043787
-0.022996,0.078742,-0.048612
-0.025696,0.083533,-0.053544
-0.028585,0.088525,-0.058567
-0.03167,0.093719,-0.063561
-0.030513,0.094152,-0.060895
-0.029391,0.094593,-0.058701
-0.0283,0.095034,-0.056732
-0.027241,0.095477,-0.055036
-0.026212,0.095919,-0.053525
-0.025212,0.096366,-0.052057
-0.024241,0.096813,-0.050722
-0.023298,0.097267,-0.049517
-0.022381,0.097717,-0.048441
-0.021491,0.098174,-0.047344
-0.022453,0.11191,-0.045902
-0.023452,0.12679,-0.044512
-0.024488,0.14285,-0.043141
-0.025564,0.16011,-0.041622
-0.026677,0.1786,-0.040117
-0.02783,0.19835,-0.038738
-0.029022,0.21937,-0.03738
-0.030252,0.24168,-0.036112
-0.031522,0.26529,-0.034861
-0.032831,0.29022,-0.033521
-0.032492,0.26852,-0.031545
-0.032159,0.24839,-0.029665
-0.031835,0.2297,-0.028006
-0.031517,0.21233,-0.026609
-0.031206,0.19618,-0.025321
-0.0309,0.18116,-0.024224
-0.030601,0.16718,-0.023202
-0.030306,0.15417,-0.022183
-0.030017,0.14206,-0.02124
-0.029733,0.13078,-0.020304
-0.027628,0.12785,-0.029336
-0.025614,0.12499,-0.0394
-0.023688,0.12222,-0.050217
-0.021848,0.11952,-0.061513
-0.020092,0.11687,-0.073332
-0.018417,0.1143,-0.085647
-0.016822,0.11178,-0.098322
-0.015306,0.10933,-0.11149
-0.013866,0.10693,-0.12489
-0.012502,0.10458,-0.13824
-0.015836,0.10302,-0.17184
-0.019619,0.10145,-0.2073
-0.023869,0.099855,-0.24447
-0.028601,0.098241,-0.28339
-0.033831,0.096602,-0.32349
-0.039582,0.094966,-0.36488
-0.045857,0.093304,-0.40698
-0.052675,0.09163,-0.44939
-0.060048,0.089952,-0.49223
-0.067979,0.088259,-0.53558
-0.066398,0.070002,-0.39801
-0.064966,0.054793,-0.29791
-0.063658,0.042153,-0.22311
-0.062458,0.031711,-0.16624
-0.061352,0.023163,-0.1224
-0.060325,0.016257,-0.088254
-0.059375,0.010797,-0.061813
-0.058484,0.006601,-0.041425
-0.057646,0.0035277,-0.026035
-0.056851,0.001461,-0.014867
-0.055192,0.0016536,-0.015183
-0.053593,0.0018579,-0.015477
-0.052047,0.0020721,-0.015724
-0.050546,0.0022932,-0.01585
-0.049094,0.0025237,-0.01593
-0.047695,0.0027652,-0.016027
-0.046334,0.0030119,-0.016064
-0.045022,0.0032689,-0.016036
-0.043749,0.0035329,-0.015973
-0.042516,0.0038039,-0.015937
-0.037849,0.0040543,-0.013745
-0.033548,0.0043103,-0.011696
-0.029591,0.0045701,-0.0098284
-0.025964,0.0048356,-0.0080957
-0.022643,0.0051032,-0.0065629
-0.019613,0.0053736,-0.0052365
-0.01686,0.0056485,-0.0040769
-0.014367,0.0059259,-0.0030642
-0.012119,0.0062068,-0.0022092
-0.010104,0.0064917,-0.0015159
-0.011181,0.0077991,-0.0028008
-0.012316,0.0092751,-0.0044836
-0.013513,0.010939,-0.0065798
-0.014769,0.012796,-0.0091706
-0.016085,0.014862,-0.012202
-0.017466,0.017154,-0.01572
-0.018909,0.019681,-0.019675
-0.020412,0.022451,-0.023974
-0.02198,0.025483,-0.028662
-0.023614,0.028787,-0.033805
-0.026117,0.027025,-0.039922
-0.028777,0.025314,-0.046288
-0.031589,0.023642,-0.052905
-0.034566,0.022018,-0.059861
-0.037708,0.020437,-0.067028
-0.041027,0.018905,-0.074264
-0.044524,0.01742,-0.081644
-0.048201,0.01598,-0.08929
-0.052075,0.014597,-0.097104
-0.05613,0.013255,-0.10482
-0.053545,0.010739,-0.10209
-0.051099,0.0085366,-0.099543
-0.048723,0.0065952,-0.097451
-0.046435,0.004921,-0.095543
-0.044246,0.0035102,-0.093804
-0.042126,0.0023445,-0.092248
-0.040092,0.001423,-0.090762
-0.038149,0.00073866,-0.089249
-0.036261,0.00027825,-0.087948
-0.034441,3.936e-05,-0.086848
-0.033492,2.3976e-07,-0.067105
-0.032573,-2.588e-05,-0.05088
-0.031689,-0.0001092,-0.037641
-0.030826,-0.00024505,-0.027059
-0.02999,-0.00042834,-0.018617
-0.029169,-0.00065668,-0.012045
-0.028387,-0.00092266,-0.0071302
-0.027609,-0.0012301,-0.0035621
-0.026851,-0.0015745,-0.0012766
-0.026108,-0.0019556,-0.00014694
-0.025887,-0.00097699,0.0004444
-0.025667,-0.00034067,0.0027977
-0.025443,-3.2815e-05,0.0070649
-0.025233,5.0368e-05,0.013112
-0.025004,0.00039961,0.021007
-0.024785,0.0010978,0.030638
-0.024551,0.0021613,0.042154
-0.02431,0.003618,0.055516
-0.024056,0.0054942,0.07079
-0.023797,0.0078246,0.088139
-0.024804,0.0096009,0.088986
-0.025838,0.011572,0.090039
-0.026898,0.01374,0.091181
-0.028004,0.016123,0.092711
-0.029131,0.01871,0.094225
-0.030296,0.021515,0.095854
-0.031494,0.02454,0.097591
-0.032727,0.027789,0.09926
-0.033993,0.031264,0.10103
-0.035299,0.034976,0.10308
-0.0385,0.032333,0.097396
-0.041813,0.029806,0.09243
-0.045237,0.027391,0.088226
-0.048781,0.025088,0.084593
-0.052453,0.022896,0.081356
-0.056243,0.020808,0.078686
-0.06016,0.018824,0.07643
-0.064203,0.016941,0.074462
-0.068377,0.015158,0.072772
-0.072691,0.013476,0.071406
-0.07345,0.011653,0.064324
-0.074216,0.0099863,0.057851
-0.074984,0.0084677,0.052017
-0.075761,0.007092,0.046807
-0.07654,0.0058519,0.042078
-0.077334,0.0047442,0.037843
-0.078126,0.0037614,0.033943
-0.078922,0.0029002,0.030277
-0.07972,0.0021568,0.026916
-0.080526,0.0015284,0.023915
-0.086835,0.00048348,0.024079
-0.093457,2.2344e-05,0.024178
-0.10041,-0.00016156,0.024264
-0.10772,-0.00092061,0.024352
-0.11539,-0.0023212,0.024403
-0.12345,-0.0043871,0.024386
-0.13191,-0.0071436,0.024348
-0.14078,-0.010615,0.024322
-0.1501,-0.014829,0.024277
-0.15985,-0.019811,0.024097
-0.16173,-0.017742,0.038994
-0.1636,-0.015793,0.056279
-0.16548,-0.013964,0.075454
-0.16737,-0.012249,0.096167
-0.16926,-0.010647,0.11826
-0.17116,-0.0091585,0.14162
-0.17306,-0.0077827,0.16595
-0.17496,-0.0065199,0.19148
-0.17687,-0.0053675,0.21769
-0.17878,-0.0043298,0.24484
-0.17802,-0.002775,0.20285
-0.17733,-0.0015929,0.16869
-0.17668,-0.00075357,0.14052
-0.17607,-0.00023371,0.11693
-0.17551,-1.117e-05,0.097066
-0.17498,7.0145e-05,0.080092
-0.17447,0.00039626,0.065667
-0.17399,0.00097767,0.053446
-0.17354,0.0018048,0.043028
-0.17309,0.002865,0.034051
-0.17271,0.0010694,0.04398
-0.17234,0.0001445,0.054362
-0.17196,-7.3299e-05,0.064996
-0.17159,-0.00084266,0.075837
-0.17121,-0.0024446,0.086781
-0.17083,-0.0048734,0.097582
-0.17044,-0.008126,0.10833
-0.17003,-0.012202,0.11918
-0.16964,-0.017098,0.12992
-0.1692,-0.022833,0.14042
-0.17302,-0.021169,0.12136
-0.17682,-0.019607,0.10542
-0.18062,-0.018139,0.091806
-0.18444,-0.016751,0.079845
-0.18823,-0.01545,0.069423
-0.19204,-0.014219,0.060496
-0.19586,-0.013056,0.052634
-0.19968,-0.011965,0.045592
-0.20352,-0.010934,0.039359
-0.20736,-0.0099642,0.033943
-0.20675,-0.0075895,0.026242
-0.20616,-0.0055625,0.01983
-0.2056,-0.0038662,0.014534
-0.2051,-0.002485,0.010301
-0.20461,-0.0014167,0.006931
-0.20416,-0.00065067,0.0042819
-0.20373,-0.00018123,0.0023292
-0.20332,-2.2693e-06,0.0010226
-0.20292,0.00010762,0.00026539
-0.20255,0.00049261,1.6866e-06
-0.20013,0.00094657,2.9026e-05
-0.19774,0.0015365,6.6566e-05
-0.19539,0.0022557,0.00010076
-0.19304,0.0030951,0.00011887
-0.19074,0.0040543,0.00012512
-0.18846,0.0051254,0.00012562
-0.18622,0.0063068,0.00011904
-0.18401,0.0075919,0.0001054
-0.18175,0.0089546,9.2763e-05
-0.17957,0.010424,7.5814e-05
-0.18095,0.011718,-0.0016358
-0.18234,0.013085,-0.0074961
-0.18371,0.01452,-0.016899
-0.1851,0.016036,-0.029426
-0.18648,0.017625,-0.044558
-0.18786,0.019288,-0.062015
-0.18924,0.021028,-0.081443
-0.19062,0.022842,-0.10254
-0.192,0.024734,-0.12516
-0.19337,0.026695,-0.14917
-0.21439,0.023724,-0.089679
-0.2364,0.020958,-0.04849
-0.25948,0.01837,-0.021568
-0.28374,0.015943,-0.0061279
-0.30932,0.013686,-0.00019323
-0.3362,0.011572,0.002231
-0.36453,0.0096232,0.01107
-0.39435,0.0078357,0.02568
-0.4257,0.0062175,0.045296
-0.45864,0.004775,0.069165
-0.44915,0.0047666,0.086705
-0.43983,0.004751,0.10584
-0.43074,0.0047355,0.12643
-0.42181,0.0047153,0.14814
-0.41309,0.0046946,0.171
-0.40451,0.004668,0.19496
-0.39613,0.0046424,0.21984
-0.38787,0.0046103,0.24521
-0.37978,0.0045772,0.27122
-0.37184,0.0045434,0.29807
-0.34285,0.0022579,0.31636
-0.31569,0.00079235,0.33526
-0.29025,8.5758e-05,0.35456
-0.26645,-8.3344e-05,0.37359
-0.2441,-0.00073741,0.39261
-0.22317,-0.0020043,0.41192
-0.20354,-0.0038474,0.43112
-0.18511,-0.0062375,0.44984
-0.16786,-0.0091401,0.46839
-0.15165,-0.012544,0.48705
-0.15869,-0.011818,0.46097
-0.16583,-0.011126,0.43917
-0.17307,-0.010466,0.42103
-0.18042,-0.0098348,0.40558
-0.18787,-0.0092345,0.39229
-0.19544,-0.0086628,0.38112
-0.20313,-0.0081111,0.37156
-0.21093,-0.0075868,0.36349
-0.21886,-0.0070847,0.35647
-0.2269,-0.0066058,0.3499
-0.22772,-0.0033827,0.33115
-0.22853,-0.0012545,0.31366
-0.22933,-0.00016985,0.29749
-0.23014,8.2327e-05,0.28189
-0.23095,0.00095525,0.26712
-0.23176,0.0027567,0.25299
-0.23257,0.0054558,0.23939
-0.23337,0.0090294,0.22656
-0.23418,0.013459,0.21437
-0.23498,0.018719,0.20257
-0.24531,0.020024,0.20825
-0.2559,0.021369,0.21383
-0.26674,0.022759,0.21916
-0.27783,0.024193,0.22405
-0.28917,0.025669,0.22872
-0.30076,0.027188,0.23334
-0.3126,0.028746,0.23786
-0.32467,0.030346,0.24194
-0.33697,0.031983,0.24586
-0.34951,0.033659,0.25003
-0.33025,0.023695,0.19375
-0.3123,0.015766,0.14944
-0.29552,0.0096551,0.11413
-0.27979,0.0051696,0.085664
-0.26502,0.0021528,0.062774
-0.2511,0.00046974,0.044591
-0.23797,-5.5492e-06,0.030219
-0.22554,-0.0006635,0.019074
-0.21375,-0.002362,0.010814
-0.20253,-0.0050337,0.0050708
-0.2014,-0.0041899,0.0045588
-0.20029,-0.0034307,0.0039949
-0.19919,-0.0027541,0.003423
-0.19811,-0.0021575,0.0028261
-0.19704,-0.0016385,0.0022604
-0.19598,-0.0011947,0.0017265
-0.19494,-0.00082422,0.0012548
-0.19392,-0.00052464,0.00086366
-0.19291,-0.00029419,0.00054993
-0.1919,-0.00013118,0.00031004
-0.19542,-3.7999e-07,0.00093217
-0.19899,0.00010376,0.0017917
-0.20258,0.00043893,0.0028287
-0.2062,0.0010036,0.0039749
-0.20984,0.0017954,0.0052307
-0.21351,0.0028128,0.0066083
-0.21722,0.0040541,0.0080574
-0.22097,0.0055179,0.0096105
-0.22474,0.0072023,0.011219
-0.22854,0.0091046,0.012818
-0.22245,0.0078641,0.0081093
-0.2166,0.0067426,0.0046171
-0.21092,0.0057284,0.002216
-0.20547,0.0048192,0.0007454
-0.20017,0.004004,7.1188e-05
-0.1951,0.0032827,-8.9634e-05
-0.19015,0.0026432,-0.00071974
-0.18534,0.0020829,-0.0019333
-0.18071,0.0015998,-0.0036866
-0.17619,0.0011863,-0.0059435
-0.18154,0.0010948,-0.0061608
-0.18701,0.0010075,-0.0063329
-0.19254,0.00092297,-0.006493
-0.19821,0.00084396,-0.0066089
-0.20396,0.00076784,-0.0067228
-0.20978,0.00069477,-0.0068857
-0.21568,0.00062512,-0.0070392
-0.22171,0.00056003,-0.0071309
-0.22782,0.00049825,-0.007209
-0.23396,0.00043889,-0.0073144
-0.23482,0.0010341,-0.01072
-0.23573,0.0018773,-0.01449
-0.2366,0.0029619,-0.018586
-0.23748,0.004286,-0.023076
-0.23835,0.005845,-0.027832
-0.2392,0.0076354,-0.032871
-0.24006,0.0096575,-0.038141
-0.24091,0.011904,-0.043474
-0.24174,0.014374,-0.048951
-0.24265,0.017075,-0.054387
-0.2454,0.018186,-0.046952
-0.2482,0.019326,-0.040731
-0.25102,0.020493,-0.035509
-0.25382,0.021681,-0.031184
-0.25666,0.022896,-0.027486
-0.25954,0.024141,-0.02438
-0.26236,0.025399,-0.021665
-0.26527,0.026694,-0.019368
-0.26816,0.028006,-0.017334
-0.27103,0.029335,-0.015477
-0.25624,0.041457,-0.031069
-0.24187,0.055534,-0.050094
-0.22794,0.071577,-0.071882
-0.21441,0.089595,-0.095744
-0.20116,0.10957,-0.12153
-0.18828,0.13156,-0.14883
-0.17598,0.15569,-0.17674
-0.1638,0.1818,-0.20632
-0.15204,0.21005,-0.23666
-0.1406,0.24041,-0.26765
-0.14293,0.21651,-0.29055
-0.14526,0.19438,-0.31383
-0.14757,0.17388,-0.33722
-0.14989,0.15491,-0.36093
-0.15224,0.13739,-0.38489
-0.15465,0.12123,-0.40897
-0.157,0.1063,-0.43277
-0.15937,0.092569,-0.45629
-0.16181,0.079994,-0.47967
-0.1642,0.068479,-0.50235
-0.16208,0.077192,-0.46645
-0.16004,0.086334,-0.43721
-0.15798,0.095864,-0.41277
-0.15595,0.1058,-0.39165
-0.15384,0.1161,-0.37351
-0.15175,0.12679,-0.35764
-0.14994,0.13798,-0.34279
-0.14799,0.14949,-0.33004
-0.14601,0.16137,-0.31855
-0.14409,0.17365,-0.30832
-0.13915,0.16684,-0.24161
-0.13445,0.16043,-0.18826
-0.13001,0.15439,-0.1452
-0.1257,0.14863,-0.11031
-0.12158,0.14316,-0.082046
-0.11754,0.13792,-0.05937
-0.11374,0.13294,-0.041234
-0.10999,0.12814,-0.027029
-0.10642,0.12356,-0.016246
-0.10298,0.11917,-0.0084722
-0.091239,0.12476,-0.016227
-0.080247,0.13041,-0.025327
-0.070034,0.13615,-0.035383
-0.060571,0.14197,-0.046114
-0.051977,0.14797,-0.057333
-0.043991,0.15401,-0.068878
-0.036708,0.16016,-0.080676
-0.030065,0.16638,-0.092633
-0.024082,0.17269,-0.10464
-0.018823,0.17917,-0.11679
-0.021016,0.17772,-0.13399
-0.023345,0.17629,-0.15103
-0.025799,0.17486,-0.16798
-0.028386,0.17345,-0.18506
-0.031079,0.17202,-0.20202
-0.033896,0.1706,-0.21876
-0.036842,0.16918,-0.23534
-0.039932,0.16778,-0.252
-0.043105,0.16636,-0.26842
-0.046447,0.16497,-0.2845
-0.043171,0.16636,-0.22259
-0.040117,0.16781,-0.17386
-0.037239,0.16929,-0.1351
-0.034504,0.17079,-0.10439
-0.031896,0.1723,-0.079596
-0.029455,0.17384,-0.059622
-0.027124,0.1754,-0.043528
-0.024905,0.17697,-0.030617
-0.022817,0.17856,-0.02048
-0.020828,0.18015,-0.012776
-0.026227,0.17481,-0.014779
-0.032224,0.16959,-0.016473
-0.038775,0.16445,-0.01788
-0.046015,0.15945,-0.019102
-0.053797,0.15453,-0.020055
-0.062175,0.1497,-0.020736
-0.071129,0.14495,-0.021211
-0.080725,0.14029,-0.021418
-0.090915,0.13572,-0.021465
-0.10169,0.13121,-0.021336
-0.096041,0.11637,-0.022158
-0.090628,0.1029,-0.023023
-0.085518,0.09072,-0.023851
-0.080676,0.079705,-0.024748
-0.076031,0.069751,-0.025654
-0.071764,0.0608,-0.026671
-0.067583,0.052723,-0.027649
-0.0637,0.045482,-0.028603
-0.05994,0.038985,-0.029544
-0.056397,0.033186,-0.030414
-0.059891,0.030834,-0.018673
-0.063413,0.028586,-0.010215
-0.067038,0.026439,-0.0045015
-0.070722,0.024384,-0.0011811
-0.074509,0.022417,-7.9729e-06
-0.078409,0.020536,0.00074544
-0.082414,0.018735,0.0031859
-0.086491,0.017011,0.0071623
-0.090752,0.015368,0.01252
-0.09507,0.0138,0.019182
-0.095026,0.010923,0.0090641
-0.095007,0.0084193,0.00304
-0.094959,0.0062667,0.00031015
-0.09498,0.0044501,-0.00031272
-0.095049,0.0029551,-0.0025894
-0.095107,0.0017709,-0.0068175
-0.095102,0.0008908,-0.012787
-0.095116,0.00031126,-0.02037
-0.095173,2.9745e-05,-0.029384
-0.095126,-4.5584e-05,-0.039729
-0.089641,7.0639e-07,-0.036677
-0.084356,6.7652e-05,-0.033845
-0.07934,0.00023769,-0.031237
-0.074543,0.00050283,-0.028733
-0.06999,0.00085585,-0.026404
-0.065656,0.0012901,-0.024316
-0.061504,0.0017993,-0.02236
-0.057596,0.0023782,-0.02047
-0.053888,0.0030216,-0.018683
-0.050327,0.0037249,-0.017097
-0.047125,0.0032009,-0.014667
-0.044087,0.0027281,-0.012505
-0.041197,0.0023034,-0.010601
-0.038465,0.0019239,-0.0088721
-0.035861,0.0015868,-0.0073584
-0.033443,0.001289,-0.0060427
-0.031116,0.0010288,-0.0049071
-0.028924,0.00080325,-0.0039614
-0.026807,0.00061074,-0.0031232
-0.024809,0.00044863,-0.0024048
-0.025231,0.0010565,-0.0025732
-0.025608,0.0019283,-0.0027665
-0.025968,0.0030712,-0.0029691
-0.02635,0.0044924,-0.0031371
-0.02669,0.0062057,-0.0033204
-0.027035,0.00822,-0.0035306
-0.027408,0.010545,-0.0037556
-0.027766,0.013199,-0.0039497
-0.028118,0.016195,-0.0041514
-0.028464,0.019547,-0.0044005
-0.027827,0.023445,-0.0068385
-0.027165,0.027767,-0.0097376
-0.026482,0.032536,-0.013059
-0.025801,0.037767,-0.016792
-0.025148,0.04347,-0.020927
-0.024451,0.049692,-0.025233
-0.023744,0.056441,-0.029819
-0.023028,0.063737,-0.034585
-0.022289,0.071606,-0.039596
-0.021571,0.08004,-0.044823
-0.022346,0.08732,-0.032625
-0.023138,0.094937,-0.022909
-0.023943,0.10291,-0.015247
-0.024797,0.11122,-0.0093836
-0.02566,0.11992,-0.0050867
-0.026541,0.129,-0.0022076
-0.027435,0.1385,-0.0005559
-0.028378,0.14836,-2.1143e-06
-0.02933,0.15865,0.00039728
-0.030315,0.16934,0.0016486
-0.024401,0.16189,0.00023024
-0.019242,0.15478,-5.5306e-05
-0.014783,0.14801,-0.00078474
-0.01099,0.14152,-0.0021714
-0.0078119,0.13532,-0.0040734
-0.0052175,0.12939,-0.0063706
-0.003175,0.12371,-0.0090033
-0.0016598,0.11825,-0.011989
-0.00064495,0.11298,-0.015273
-0.00010471,0.10793,-0.018764
-6.7918e-05,0.10197,-0.015259
-3.9276e-05,0.096336,-0.012325
-1.8924e-05,0.090986,-0.0098696
-5.8803e-06,0.085944,-0.0077352
-3.0834e-07,0.081151,-0.0059455
1.4867e-06,0.076566,-0.0044164
9.0104e-06,0.072243,-0.0031711
2.2775e-05,0.068156,-0.0021985
4.2085e-05,0.064261,-0.0014301
6.711e-05,0.060578,-0.00085659
6.5022e-05,0.064143,-4.9549e-05
6.18e-05,0.067807,0.00021996
5.843e-05,0.071627,0.0013202
5.4654e-05,0.075598,0.0032599
5.0106e-05,0.079694,0.0059809
4.5454e-05,0.08397,0.0095164
4.0087e-05,0.088367,0.013786
3.4576e-05,0.092928,0.01878
2.9e-05,0.097656,0.024405
2.3499e-05,0.10255,0.030555
6.5009e-06,0.10382,0.036372
6.2602e-08,0.10508,0.042693
-4.1303e-06,0.10636,0.049418
-1.8596e-05,0.10764,0.056429
-4.3204e-05,0.10895,0.063806
-7.8158e-05,0.11023,0.071673
-0.00012325,0.11151,0.079963
-0.00017792,0.11284,0.088452
-0.00024296,0.11411,0.097316
-0.00031741,0.11542,0.10621
-0.00013109,0.11023,0.098401
-2.6346e-05,0.10528,0.091452
1.2934e-06,0.10059,0.085337
5.4169e-05,0.096107,0.07993
0.00018332,0.091842,0.07509
0.00038718,0.087776,0.070596
0.00066431,0.083909,0.066548
0.0010131,0.08019,0.062793
0.0014326,0.076677,0.059452
0.0019211,0.073259,0.056255
0.0024608,0.070336,0.058131
0.003063,0.067507,0.060221
0.0037267,0.064747,0.062449
0.0044511,0.062062,0.064763
0.0052355,0.059463,0.06708
0.0060794,0.056932,0.069394
0.0069821,0.054471,0.071734
0.0079428,0.052085,0.07403
0.0089609,0.049772,0.07635
0.010036,0.047528,0.07854
0.010237,0.040209,0.072772
0.01044,0.033701,0.06785
0.010643,0.027945,0.063521
0.010848,0.022871,0.059731
0.011052,0.018441,0.056293
0.011257,0.014589,0.053119
0.011463,0.01127,0.050237
0.011667,0.0084568,0.047647
0.011872,0.0060946,0.045307
0.012077,0.0041605,0.043038
0.012527,0.0032255,0.042769
0.012983,0.0024127,0.042396
0.013445,0.0017209,0.041985
0.013913,0.0011494,0.041659
0.014384,0.00069729,0.041355
0.014864,0.00035689,0.041199
0.015351,0.00013018,0.041018
0.015847,1.5496e-05,0.040715
0.016352,-1.2614e-05,0.040404
0.016865,-0.00012179,0.040183
0.017398,-8.7023e-05,0.040113
0.017944,-5.8372e-05,0.039954
0.018498,-3.5188e-05,0.039781
0.019067,-1.8139e-05,0.039704
0.019643,-6.4799e-06,0.03962
0.020234,-7.3934e-07,0.039436
0.020832,7.4517e-07,0.039248
0.021446,6.4816e-06,0.039152
0.022069,1.8072e-05,0.039062
0.022705,3.5427e-05,0.038791
0.021716,3.7402e-05,0.044119
0.020746,3.9367e-05,0.049532
0.019795,4.132e-05,0.05509
0.018859,4.3608e-05,0.060941
0.017946,4.5556e-05,0.066916
0.017045,4.8111e-05,0.073156
0.016165,5.0443e-05,0.079538
0.015301,5.3102e-05,0.085842
0.014454,5.609e-05,0.092246
0.013629,5.8816e-05,0.098812
0.01275,0.00038143,0.096422
0.011913,0.00097434,0.094331
0.011105,0.0018344,0.09229
0.010332,0.0029524,0.090305
0.0095848,0.0043324,0.088326
0.0088736,0.0059612,0.086285
0.0081847,0.0078535,0.084292
0.0075259,0.0099999,0.082492
0.0068897,0.012417,0.080743
0.00628,0.015101,0.078856
0.007989,0.014397,0.083369
0.0099185,0.013702,0.087926
0.012075,0.013014,0.092415
0.014462,0.012337,0.097009
0.017089,0.011666,0.10159
0.01996,0.011008,0.10644
0.023081,0.01036,0.11136
0.026456,0.0097257,0.11654
0.030104,0.0090961,0.12185
0.034015,0.0084867,0.12696
0.033284,0.011034,0.13731
0.032547,0.013952,0.1477
0.031814,0.017245,0.158
0.031081,0.020926,0.16846
0.030352,0.025002,0.17882
0.029621,0.029489,0.18939
0.028896,0.034387,0.19992
0.028171,0.039715,0.21049
0.027447,0.045479,0.22096
0.026727,0.051685,0.23115
0.029014,0.056997,0.222
0.0314,0.062576,0.21403
0.033889,0.068423,0.20703
0.036482,0.07454,0.2007
0.03918,0.080934,0.19496
0.041986,0.087607,0.18954
0.044899,0.094563,0.18466
0.047923,0.1018,0.1804
0.051059,0.10932,0.17659
0.054307,0.11713,0.17297
0.044868,0.11252,0.1674
0.036522,0.10816,0.16228
0.029197,0.10404,0.15765
0.022826,0.10014,0.15306
0.017349,0.096435,0.14872
0.012711,0.092917,0.14481
0.0088617,0.089568,0.1411
0.0057567,0.086376,0.13772
0.0033544,0.083325,0.1344
0.0016199,0.080404,0.13102
0.0024829,0.080033,0.12047
0.0035182,0.079682,0.11082
0.0047224,0.079351,0.1021
0.0060923,0.07904,0.094377
0.0076257,0.078743,0.087356
0.0093206,0.078461,0.081047
0.011176,0.078189,0.075216
0.013192,0.077921,0.069718
0.015365,0.077674,0.064687
0.017699,0.077428,0.059872
0.014842,0.084733,0.060684
0.012221,0.092394,0.06147
0.0098377,0.10043,0.062153
0.007695,0.10887,0.062627
0.0058008,0.11769,0.062978
0.0041604,0.12693,0.063328
0.0027798,0.13659,0.063691
0.0016677,0.14666,0.063925
0.00083121,0.15718,0.064088
0.00027924,0.16813,0.063986
0.00011698,0.15281,0.043662
2.6069e-05,0.1389,0.028266
-1.8529e-07,0.12626,0.016919
-3.3779e-05,0.11476,0.0089173
-0.00012202,0.10428,0.0036919
-0.00026075,0.094712,0.00081414
-0.00044567,0.085942,-4.5134e-06
-0.00067506,0.077937,-0.00099285
-0.00094457,0.07057,-0.0035651
-0.0012534,0.063809,-0.0076044
-0.00058519,0.058486,-0.0069058
-0.00017582,0.053517,-0.006314
-6.6686e-06,0.048865,-0.0058397
6.1526e-05,0.044521,-0.0054254
0.00032533,0.040461,-0.0050886
0.00078335,0.036691,-0.0047366
0.0014257,0.03315,-0.0045031
0.0022401,0.029855,-0.0042982
0.0032183,0.026781,-0.0041304
0.0043535,0.023913,-0.0040243
0.0046992,0.019258,-0.0040631
0.0050471,0.015251,-0.004119
0.0053957,0.011836,-0.004155
0.0057442,0.0089551,-0.0041727
0.006091,0.006564,-0.0041314
0.0064394,0.0045969,-0.0040931
0.0067841,0.0030355,-0.0040628
0.0071324,0.0018182,-0.0039828
0.0074838,0.00092515,-0.0039025
0.0078379,0.00033867,-0.0038504
0.0084817,0.0011719,-0.0033817
0.0091689,0.0025501,-0.0029302
0.009905,0.0045408,-0.0025031
0.010698,0.0072166,-0.0020658
0.011553,0.010675,-0.0016512
0.012478,0.015001,-0.0012781
0.013477,0.020309,-0.00093946
0.014556,0.026702,-0.00062465
0.015719,0.034299,-0.00036661
0.016972,0.043213,-0.00016648
0.016836,0.04521,5.5803e-05
0.016699,0.047249,0.00073178
0.016559,0.049358,0.0021236
0.016418,0.051516,0.0041883
0.016275,0.053734,0.0068778
0.016129,0.056005,0.010067
0.015981,0.058324,0.013753
0.01583,0.060727,0.017811
0.015677,0.063174,0.022297
0.01552,0.065678,0.02721
0.017229,0.064758,0.030264
0.019029,0.063853,0.033509
0.020922,0.062949,0.036888
0.022907,0.062067,0.040482
0.024987,0.061177,0.044162
0.027162,0.060292,0.047843
0.029435,0.059402,0.051598
0.031803,0.058537,0.05559
0.034269,0.05767,0.059674
0.036835,0.056798,0.063839
0.037843,0.052667,0.064454
0.03886,0.048749,0.065064
0.039888,0.045028,0.06571
0.040926,0.041498,0.066271
0.041974,0.038154,0.066876
0.04303,0.035003,0.067375
0.044098,0.032004,0.067947
0.045175,0.029178,0.0686
0.04626,0.026525,0.069373
0.047357,0.024011,0.070186
0.049383,0.029526,0.087683
0.051519,0.035792,0.10671
0.053764,0.042885,0.12722
0.056123,0.050824,0.1493
0.058597,0.059654,0.17256
0.061186,0.069408,0.19655
0.063892,0.080112,0.22155
0.066715,0.091805,0.24735
0.069652,0.10459,0.27329
0.072709,0.11836,0.29996
0.064323,0.12287,0.22398
0.05672,0.12732,0.16582
0.049806,0.13171,0.12082
0.043505,0.1361,0.085566
0.03776,0.14044,0.05832
0.03252,0.14475,0.037611
0.027747,0.14906,0.022207
0.023409,0.15338,0.011304
0.019478,0.1577,0.0042893
0.015936,0.16203,0.00070768
0.011686,0.15733,0.0026403
0.0081442,0.15285,0.0053883
0.0052768,0.1486,0.008743
0.0030548,0.14456,0.012613
0.0014507,0.14067,0.016829
0.00044518,0.13697,0.021302
1.8122e-05,0.13339,0.025963
-0.0001551,0.12994,0.0309
-0.00084392,0.12661,0.036016
-0.0020753,0.12337,0.041155
-0.0017252,0.1229,0.033738
-0.0014102,0.12243,0.027274
-0.001129,0.12196,0.021706
-0.00088181,0.12147,0.017019
-0.00066639,0.12099,0.013032
-0.0004823,0.12051,0.0097457
-0.00032925,0.12002,0.0070095
-0.00020572,0.11953,0.0048217
-0.00011182,0.11904,0.0030751
-4.6609e-05,0.11855,0.0017351
-0.00039292,0.11483,0.0020998
-0.0010676,0.11124,0.0024533
-0.00206,0.10778,0.0028202
-0.0033597,0.10443,0.0032282
-0.0049625,0.10119,0.0036492
-0.0068593,0.098039,0.004113
-0.0090466,0.094982,0.0046049
-0.01152,0.092008,0.0051007
-0.014283,0.089105,0.0055895
-0.01733,0.086273,0.0060948
-0.018893,0.086219,0.0034664
-0.020528,0.086158,0.0015882
-0.02223,0.086095,0.00045835
-0.023999,0.086031,1.3315e-05
-0.025834,0.085966,-0.00018454
-0.02774,0.085898,-0.00094374
-0.029715,0.085829,-0.0022547
-0.031762,0.085757,-0.0040936
-0.033881,0.085682,-0.0064132
-0.036071,0.085605,-0.0091637
-0.040017,0.088145,-0.012689
-0.044211,0.090734,-0.016816
-0.04866,0.09337,-0.021513
-0.053367,0.096053,-0.026662
-0.058339,0.098784,-0.032331
-0.063581,0.10156,-0.038618
-0.069096,0.10438,-0.045419
-0.074892,0.10725,-0.052654
-0.080971,0.11017,-0.060307
-0.087341,0.11312,-0.068301
-0.083046,0.10878,-0.074869
-0.078928,0.1046,-0.081345
-0.074977,0.10057,-0.087609
-0.071191,0.096678,-0.093759
-0.067563,0.09292,-0.099766
-0.064079,0.089295,-0.10537
-0.060737,0.085795,-0.11077
-0.057541,0.082413,-0.11577
-0.054469,0.079149,-0.12063
-0.051526,0.075995,-0.12546
-0.051325,0.0667,-0.12677
-0.051145,0.058195,-0.12812
-0.050968,0.05043,-0.12959
-0.050795,0.043361,-0.13118
-0.050629,0.036946,-0.13283
-0.050472,0.031146,-0.13467
-0.05032,0.025929,-0.13655
-0.050177,0.021262,-0.13826
-0.050039,0.017118,-0.13997
-0.049897,0.013471,-0.14187
-0.048117,0.013767,-0.11897
-0.046428,0.014046,-0.099624
-0.044821,0.01431,-0.083298
-0.043296,0.014561,-0.069582
-0.041837,0.0148,-0.057927
-0.04043,0.015026,-0.048021
-0.039094,0.015242,-0.039594
-0.037804,0.015448,-0.032409
-0.036558,0.015644,-0.026234
-0.035382,0.015833,-0.021018
-0.034789,0.022414,-0.026565
-0.034195,0.030332,-0.032654
-0.033598,0.039683,-0.039281
-0.03299,0.05057,-0.046232
-0.032365,0.063091,-0.053611
-0.031743,0.077354,-0.06141
-0.031112,0.093456,-0.069527
-0.030471,0.11149,-0.077715
-0.029805,0.13154,-0.086082
-0.029153,0.15371,-0.094674
-0.027776,0.16539,-0.11088
-0.026416,0.17761,-0.12746
-0.025075,0.19037,-0.1442
-0.02376,0.20367,-0.16075
-0.022454,0.21749,-0.17721
-0.021174,0.23185,-0.19375
-0.01993,0.24673,-0.21023
-0.018703,0.26211,-0.22629
-0.017499,0.278,-0.2421
-0.016342,0.2944,-0.25739
-0.016899,0.28288,-0.25823
-0.017442,0.27186,-0.26021
-0.017989,0.2613,-0.26279
-0.018531,0.25119,-0.26561
-0.01907,0.24148,-0.26875
-0.019606,0.23216,-0.27254
-0.020136,0.22321,-0.27647
-0.020666,0.2146,-0.2807
-0.021185,0.20632,-0.28493
-0.021713,0.19836,-0.28916
-0.023073,0.19498,-0.22062
-0.024441,0.1918,-0.16728
-0.025871,0.18881,-0.12522
-0.027317,0.18596,-0.092191
-0.028814,0.18325,-0.066069
-0.030325,0.18064,-0.045465
-0.031874,0.17812,-0.029564
-0.033468,0.1757,-0.017662
-0.035097,0.17335,-0.0091615
-0.036743,0.17106,-0.0036126
-0.034622,0.16382,-0.003432
-0.032592,0.15682,-0.0031728
-0.030646,0.15008,-0.0028454
-0.028812,0.14359,-0.0024614
-0.027059,0.13733,-0.0020665
-0.025376,0.13128,-0.0016953
-0.023801,0.12547,-0.0013471
-0.022312,0.11987,-0.0010149
-0.020877,0.11446,-0.00072585
-0.019522,0.10925,-0.00049287
-0.017366,0.11326,-8.7485e-05
-0.015346,0.11734,1.2342e-05
-0.013451,0.12149,0.00026116
-0.011674,0.1257,0.00080252
-0.010024,0.12999,0.0016241
-0.0084961,0.13434,0.00274
-0.0070903,0.13875,0.0041224
-0.0058145,0.14324,0.0057322
-0.0046609,0.14779,0.007568
-0.003633,0.15241,0.009597
-0.0044866,0.15219,0.00709
-0.0054113,0.15191,0.0051446
-0.0064255,0.15162,0.0036311
-0.0075233,0.1513,0.0024983
-0.0086994,0.15095,0.0016355
-0.0099533,0.15057,0.00098186
-0.011284,0.15017,0.00052165
-0.012709,0.14975,0.00022886
-0.01421,0.14931,6.2191e-05
-0.015783,0.14884,5.194e-07
-0.016525,0.14464,-3.7349e-05
-0.017301,0.14061,-0.00015956
-0.018083,0.13671,-0.00035654
-0.018863,0.13295,-0.00062074
-0.019672,0.12932,-0.00094611
-0.020475,0.12581,-0.001313
-0.021297,0.12242,-0.001725
-0.022155,0.11916,-0.0022087
-0.023006,0.11599,-0.0027499
-0.023834,0.11291,-0.0033349
-0.020667,0.099198,-0.0028962
-0.017826,0.086858,-0.0025068
-0.015288,0.075777,-0.0021738
-0.013031,0.065852,-0.0018997
-0.011039,0.056987,-0.001666
-0.0092796,0.049086,-0.0014343
-0.0077352,0.042067,-0.001231
-0.0063895,0.035854,-0.0010409
-0.0052124,0.030371,-0.00087842
-0.0042078,0.025562,-0.00074804
-0.0044448,0.023549,-0.00083476
-0.0046826,0.021632,-0.00090681
-0.0049308,0.019815,-0.00098099
-0.0052062,0.018099,-0.0010673
-0.005476,0.01647,-0.0011619
-0.0057578,0.014931,-0.0012771
-0.0060521,0.013481,-0.0014005
-0.0063493,0.012114,-0.0015344
-0.0066668,0.010831,-0.0016866
-0.0069888,0.0096282,-0.0018254
-0.0055404,0.0094742,-0.004502
-0.0042749,0.0093192,-0.0082205
-0.0031705,0.0091626,-0.012907
-0.0022411,0.0090093,-0.018476
-0.0014624,0.0088566,-0.024962
-0.00084802,0.0087084,-0.032311
-0.00039506,0.0085642,-0.040619
-0.00011133,0.008426,-0.049931
-1.3122e-06,0.0082946,-0.060254
7.2194e-05,0.0081683,-0.071785
0.00012561,0.0096121,-0.047878
0.00018873,0.011099,-0.030082
0.00026242,0.01263,-0.017209
0.00033901,0.014218,-0.008334
0.00042718,0.015876,-0.0027846
0.00052284,0.017623,-0.0002109
0.00063491,0.019479,0.00055131
0.000761,0.021468,0.0037943
0.00090389,0.023609,0.010052
0.0010692,0.025924,0.019412
0.00031324,0.024347,0.019122
8.573e-06,0.022861,0.018783
-0.00013282,0.021455,0.018506
-0.00066608,0.02012,0.018242
-0.0015996,0.018845,0.017978
-0.00293,0.017621,0.017684
-0.00466,0.016441,0.017361
-0.0067854,0.0153,0.017104
-0.0093251,0.014193,0.016848
-0.012307,0.013112,0.016683
-0.01412,0.014624,0.024084
-0.016133,0.01628,0.032998
-0.018378,0.018088,0.04347
-0.020834,0.020062,0.055245
-0.023539,0.022205,0.068455
-0.026509,0.024526,0.082877
-0.029737,0.027033,0.098626
-0.033254,0.029732,0.11566
-0.03706,0.032629,0.1339
-0.041168,0.035731,0.15356
-0.039906,0.03425,0.10522
-0.038712,0.03286,0.069511
-0.037578,0.03155,0.043299
-0.036522,0.030298,0.024574
-0.035498,0.02911,0.01181
-0.034526,0.027968,0.0039771
-0.033579,0.026872,0.00038739
-0.032666,0.025812,-0.00046723
-0.031774,0.024784,-0.0037673
-0.030897,0.023785,-0.0099422
-0.029445,0.020512,-0.0052764
-0.028093,0.01756,-0.00225
-0.026821,0.014908,-0.000565
-0.02562,0.012533,-1.6387e-06
-0.024491,0.010409,0.00040775
-0.023423,0.0085214,0.0016351
-0.022402,0.0068563,0.0035788
-0.021439,0.0053905,0.0062096
-0.02051,0.0041212,0.0094236
-0.019622,0.0030317,0.013164
-0.019605,0.0030462,0.0070091
-0.019574,0.0030627,0.0029064
-0.019536,0.0030783,0.00062345
-0.01949,0.0030967,-1.2499e-05
-0.019449,0.0031087,-0.00098567
-0.019402,0.0031257,-0.0034675
-0.019357,0.0031427,-0.0074137
-0.01932,0.003156,-0.012807
-0.019288,0.003169,-0.019659
-0.01926,0.0031864,-0.028036
-0.020083,0.0049687,-0.023312
-0.02093,0.0071637,-0.019071
-0.021811,0.0097822,-0.015307
-0.022731,0.01284,-0.011964
-0.023695,0.01637,-0.0090337
-0.02471,0.020387,-0.0064982
-0.02578,0.024926,-0.0043866
-0.026909,0.030014,-0.0027396
-0.028103,0.035686,-0.0014811
-0.029366,0.041974,-0.00061551
-0.029562,0.041076,-0.0027259
-0.029763,0.040203,-0.006139
-0.029966,0.039337,-0.010722
-0.030168,0.038467,-0.016327
-0.030371,0.037618,-0.022844
-0.030573,0.03678,-0.030101
-0.030771,0.03594,-0.038063
-0.030967,0.035114,-0.046807
-0.031159,0.034303,-0.056177
-0.031347,0.033494,-0.066003
-0.028534,0.030089,-0.062121
-0.025922,0.026929,-0.058892
-0.023502,0.024029,-0.056258
-0.021259,0.021356,-0.054201
-0.019184,0.018904,-0.052477
-0.017262,0.01664,-0.051035
-0.015488,0.014574,-0.049796
-0.013852,0.012688,-0.048857
-0.012344,0.010971,-0.048086
-0.010957,0.0094102,-0.047328
-0.010284,0.010399,-0.043442
-0.0096321,0.01142,-0.039959
-0.0090041,0.012487,-0.036716
-0.0083982,0.013593,-0.033596
-0.0078135,0.014733,-0.030681
-0.0072508,0.015915,-0.0281
-0.0067095,0.017137,-0.025686
-0.0061902,0.018404,-0.023346
-0.0056908,0.019704,-0.021162
-0.0052124,0.021046,-0.019176
-0.0076634,0.021164,-0.018616
-0.010628,0.021266,-0.018035
-0.014138,0.021372,-0.017442
-0.018221,0.021461,-0.016789
-0.022915,0.021555,-0.016156
-0.028254,0.021642,-0.01557
-0.034277,0.02172,-0.014992
-0.041024,0.021795,-0.014363
-0.048539,0.021868,-0.013764
-0.056852,0.021921,-0.013189
-0.055232,0.017466,-0.024861
-0.053651,0.013562,-0.039457
-0.052095,0.010171,-0.056621
-0.05057,0.0072818,-0.076119
-0.049062,0.0048728,-0.097773
-0.047569,0.0029407,-0.1213
-0.046093,0.001489,-0.14661
-0.04463,0.00052158,-0.17375
-0.043174,4.8158e-05,-0.20257
-0.041733,-8.2605e-05,-0.23259
-0.043211,1.177e-05,-0.20644
-0.0447,0.0002473,-0.18427
-0.046195,0.00077303,-0.16511
-0.047705,0.0015787,-0.14811
-0.049218,0.0026506,-0.13308
-0.050751,0.0039873,-0.11967
-0.052303,0.0055838,-0.10771
-0.053866,0.0074322,-0.097093
-0.055448,0.0095344,-0.087554
-0.057053,0.011893,-0.079035
-0.048422,0.011585,-0.095537
-0.040597,0.011277,-0.112
-0.033545,0.010975,-0.12846
-0.027213,0.010666,-0.14509
-0.02159,0.010367,-0.16158
-0.016642,0.010068,-0.17782
-0.012349,0.0097699,-0.19391
-0.0087053,0.0094784,-0.20993
-0.0056961,0.0091878,-0.22583
-0.0033219,0.008905,-0.24133
-0.0040959,0.011562,-0.21056
-0.0049375,0.014498,-0.18397
-0.0058425,0.017697,-0.16088
-0.0068147,0.021166,-0.14062
-0.007856,0.024909,-0.12286
-0.0089652,0.028925,-0.1071
-0.010142,0.033218,-0.092992
-0.011398,0.037815,-0.080569
-0.01273,0.042718,-0.069427
-0.014143,0.047944,-0.059533
-0.014619,0.050282,-0.043535
-0.015096,0.052648,-0.03044
-0.015572,0.055039,-0.01998
-0.016054,0.057475,-0.011992
-0.016543,0.059953,-0.0061722
-0.01704,0.062484,-0.0023616
-0.017546,0.065066,-0.00037228
-0.018065,0.067711,9.369e-05
-0.018593,0.070412,0.0014506
-0.019136,0.073183,0.0044043
-0.020083,0.076152,0.002188
-0.021056,0.079184,0.00079488
-0.022058,0.082286,0.00011143
-0.023093,0.085466,-4.0721e-05
-0.024155,0.088714,-0.00050732
-0.02525,0.092037,-0.0014163
-0.026379,0.095439,-0.0026982
-0.027537,0.098909,-0.004323
-0.028733,0.10246,-0.006201
-0.029954,0.10608,-0.0083009
-0.030327,0.10193,-0.024555
-0.030704,0.097905,-0.048024
-0.031083,0.093965,-0.077737
-0.031468,0.090088,-0.11281
-0.03185,0.086251,-0.15269
-0.032242,0.082459,-0.1967
-0.032635,0.078699,-0.24444
-0.033034,0.074974,-0.2955
-0.033441,0.071288,-0.34977
-0.033845,0.067638,-0.40652
-0.030128,0.071382,-0.35042
-0.02671,0.075128,-0.30454
-0.023568,0.078882,-0.26655
-0.020675,0.082652,-0.23471
-0.018018,0.086439,-0.20756
-0.015578,0.09025,-0.18386
-0.013346,0.094084,-0.16327
-0.011307,0.097951,-0.14519
-0.0094554,0.10185,-0.12923
-0.0077835,0.10578,-0.11523
-0.0084799,0.098553,-0.088277
-0.0091902,0.091775,-0.066722
-0.0099136,0.085408,-0.049508
-0.01065,0.079419,-0.035748
-0.0114,0.073779,-0.0249
-0.012163,0.068458,-0.016569
-0.012938,0.063441,-0.010269
-0.013726,0.058704,-0.0056386
-0.014526,0.054229,-0.0025094
-0.015339,0.05,-0.00067946
