0.015309,0.017619,6.4447e-05
0.016595,0.013868,-0.00031558
0.018009,0.010529,-0.0018115
0.019553,0.0075713,-0.0044145
0.021227,0.0049717,-0.0080584
0.023035,0.0027165,-0.012671
0.024982,0.00080023,-0.018249
0.027073,-0.00077479,-0.024746
0.029313,-0.0019996,-0.032188
0.03171,-0.0028595,-0.040526
0.03427,-0.0033353,-0.049794
0.040159,-0.003719,-0.055622
0.046779,-0.0038772,-0.061772
0.054187,-0.0037975,-0.068167
0.062438,-0.0034669,-0.074838
0.07159,-0.0028726,-0.081698
0.081698,-0.0020017,-0.088778
0.092818,-0.00084174,-0.095985
0.10501,0.00061977,-0.10336
0.11831,0.0023945,-0.11079
0.1328,0.004494,-0.11834
0.12659,0.0062435,-0.11213
0.12064,0.0079728,-0.10728
0.11493,0.0096823,-0.10346
0.10945,0.011373,-0.10053
0.10418,0.013044,-0.098247
0.099123,0.014697,-0.096562
0.094264,0.016331,-0.095318
0.089596,0.017949,-0.094492
0.085112,0.019549,-0.093971
0.080805,0.021132,-0.093755
0.084403,0.014951,-0.097762
0.088159,0.0094906,-0.10195
0.092078,0.0047332,-0.10626
0.096168,0.00066539,-0.11072
0.10044,-0.0027236,-0.11527
0.10489,-0.0054408,-0.11996
0.10954,-0.0074911,-0.12471
0.11439,-0.0088761,-0.12958
0.11945,-0.0095962,-0.13449
0.12467,-0.010211,-0.1395
0.1278,-0.010408,-0.11504
0.13099,-0.0107,-0.093881
0.13428,-0.01056,-0.075535
0.13768,-0.0099915,-0.059682
0.14119,-0.009,-0.046017
0.14479,-0.0075891,-0.034347
0.14851,-0.0057605,-0.024476
0.15232,-0.0035136,-0.016279
0.15624,-0.00084629,-0.0096237
0.16026,0.0022446,-0.0044242
0.15534,0.0060704,-0.0078444
0.15055,0.01016,-0.011641
0.14591,0.01451,-0.01572
0.14141,0.019117,-0.020029
0.13703,0.02398,-0.024514
0.13278,0.029097,-0.029152
0.12865,0.034467,-0.033906
0.12465,0.04009,-0.038772
0.12076,0.045966,-0.043724
0.11698,0.052094,-0.048764
0.10832,0.040513,-0.057192
0.10029,0.030646,-0.065303
0.092829,0.02235,-0.073089
0.085904,0.015494,-0.080581
0.079475,0.009962,-0.087782
0.073505,0.0056523,-0.094731
0.067963,0.0024751,-0.10143
0.062818,0.00035307,-0.10791
0.058043,-0.00077972,-0.11419
0.053613,-0.00097729,-0.12028
0.056094,-0.0017588,-0.091133
0.0588,-0.0023665,-0.067435
0.061715,-0.002819,-0.04821
0.064826,-0.0031284,-0.032766
0.068125,-0.003303,-0.02057
0.071607,-0.0033477,-0.011235
0.07527,-0.0032653,-0.0044556
0.079113,-0.0030566,-3.4281e-07
0.083133,-0.0027215,0.0023209
0.087321,-0.0022698,0.0030146
0.087297,-0.0019347,0.003126
0.087272,-0.001589,0.003254
0.087246,-0.0012325,0.003401
0.087219,-0.00086525,0.0035689
0.087189,-0.00048727,0.00376
0.087159,-9.8507e-05,0.0039758
0.087127,0.00030108,0.0042183
0.087094,0.00071152,0.0044884
0.08706,0.0011329,0.0047875
0.087024,0.0015652,0.0051161
0.088151,0.00041574,0.0096796
0.089186,-0.00078585,0.016927
0.09013,-0.0020396,0.02669
0.090986,-0.0033458,0.038825
0.091756,-0.0047046,0.053208
0.092442,-0.0061164,0.069731
0.093045,-0.0075812,0.088293
0.093565,-0.0090992,0.10881
0.094003,-0.01067,0.13118
0.09436,-0.012294,0.15534
0.09593,-0.014503,0.18056
0.097522,-0.016386,0.20678
0.099137,-0.018021,0.23383
0.10074,-0.020037,0.26158
0.10233,-0.022556,0.28988
0.1039,-0.025586,0.31864
0.10548,-0.029131,0.34773
0.10705,-0.033199,0.37711
0.10862,-0.03779,0.40665
0.11021,-0.042911,0.43633
0.12208,-0.034815,0.3451
0.13304,-0.02855,0.2744
0.14336,-0.023766,0.21841
0.15324,-0.020234,0.17344
0.16282,-0.017793,0.13696
0.17218,-0.016334,0.10725
0.18143,-0.015065,0.083093
0.19065,-0.013396,0.063614
0.19989,-0.011302,0.048126
0.20916,-0.0087635,0.036111
0.20174,-0.0076512,0.040787
0.19449,-0.0064881,0.045173
0.18741,-0.0052741,0.049243
0.1805,-0.0040106,0.053003
0.17375,-0.0026997,0.056466
0.16716,-0.001344,0.059661
0.16072,5.4297e-05,0.062608
0.15445,0.0014923,0.06534
0.14832,0.0029679,0.067878
0.14234,0.0044785,0.07025
0.15526,0.0073054,0.060206
0.1687,0.010287,0.051556
0.18267,0.013435,0.0442
0.1972,0.016762,0.038064
0.21231,0.020279,0.033075
0.228,0.023994,0.029177
0.24429,0.027916,0.026313
0.26119,0.032054,0.02444
0.27872,0.036414,0.023515
0.29688,0.041002,0.023496
0.28976,0.047306,0.027003
0.28265,0.053725,0.032583
0.27556,0.060284,0.039846
0.26851,0.067003,0.048523
0.26149,0.073894,0.058418
0.25451,0.08097,0.06939
0.24759,0.088239,0.081333
0.2407,0.095708,0.094173
0.23387,0.10338,0.10785
0.22708,0.11126,0.12232
0.20583,0.10873,0.12551
0.18605,0.10616,0.1284
0.16768,0.10355,0.13102
0.15062,0.10092,0.13343
0.1348,0.098263,0.13565
0.12014,0.095584,0.1377
0.10658,0.092887,0.13961
0.094064,0.090177,0.1414
0.082522,0.087457,0.14307
0.071905,0.084731,0.14464
0.066411,0.073438,0.10239
0.061,0.063289,0.071468
0.055783,0.054237,0.048766
0.05082,0.046205,0.032212
0.046138,0.039108,0.020359
0.041748,0.032858,0.012168
0.037649,0.02737,0.0068742
0.033831,0.022562,0.0038993
0.030285,0.018363,0.0027756
0.027085,0.014809,0.0014567
0.031843,0.019135,0.0011461
0.037212,0.024219,0.00063581
0.04324,0.030127,-7.9218e-05
0.049971,0.03692,-0.0010075
0.057451,0.04466,-0.0021553
0.065725,0.053408,-0.003535
0.074838,0.063221,-0.0051554
0.084835,0.074156,-0.007034
0.095757,0.086267,-0.0091828
0.10765,0.099601,-0.011624
0.10513,0.097791,-0.0060324
0.10273,0.096094,-0.0018873
0.10042,0.094487,0.0011404
0.09819,0.092953,0.0032837
0.096026,0.091479,0.0047239
0.09392,0.090054,0.0055903
0.091864,0.08867,0.0059866
0.089853,0.087319,0.0059876
0.087881,0.085996,0.0056794
0.085935,0.084682,0.0055108
0.078973,0.073666,0.0038229
0.072491,0.063809,-0.00014548
0.066448,0.055003,-0.0063903
0.060798,0.04714,-0.014569
0.055501,0.040127,-0.024419
0.050522,0.03388,-0.035757
0.045827,0.028327,-0.04843
0.041389,0.023402,-0.062344
0.037178,0.01905,-0.077401
0.033173,0.015221,-0.093562
0.032217,0.012139,-0.065859
0.03147,0.0095552,-0.044947
0.03088,0.0073875,-0.029291
0.030408,0.0055753,-0.017814
0.030023,0.0040716,-0.0097022
0.029695,0.0028397,-0.0043682
0.029401,0.0018508,-0.0013651
0.029118,0.0010818,-0.00037099
0.028846,0.00051755,0.000281
0.028608,0.00016131,0.0025308
0.026311,0.00014167,0.00085166
0.024134,0.00012613,-0.00012102
0.022077,0.00011641,-0.00052821
0.020131,0.00011149,-0.00063719
0.018278,0.000103,-0.0010352
0.016514,8.8162e-05,-0.0017091
0.014834,6.5517e-05,-0.0025994
0.013238,3.3893e-05,-0.0036614
0.011722,-7.3829e-06,-0.0048545
0.010285,-5.8917e-05,-0.0061512
0.010472,2.3578e-05,-0.0036148
0.010631,9.136e-05,-0.0018873
0.010758,0.00014088,-0.00089667
0.010848,0.00016839,-0.00059281
0.010932,0.00019644,-0.00031251
0.011046,0.00025411,0.00059459
0.011193,0.00034617,0.0021163
0.011375,0.00047757,0.0042456
0.011597,0.00065366,0.0069839
0.011862,0.00087985,0.010332
0.011273,0.0010953,0.0097066
0.010689,0.0014963,0.0091047
0.010109,0.0020768,0.0085216
0.0095298,0.0028332,0.007951
0.0089511,0.0037647,0.0073887
0.0083712,0.0048727,0.0068299
0.0077889,0.0061611,0.0062706
0.0072031,0.0076353,0.0057073
0.0066129,0.0093027,0.005136
0.0060177,0.011172,0.0045539
0.0055461,0.011358,0.004824
0.0050972,0.011546,0.0051437
0.0046718,0.011735,0.0055111
0.0042711,0.011926,0.0059283
0.0038956,0.01212,0.0063933
0.0035466,0.012315,0.0069092
0.0032246,0.012514,0.0074732
0.0029308,0.012716,0.0080896
0.0026657,0.012922,0.0087545
0.0024303,0.013132,0.0094733
0.0028103,0.011805,0.0099449
0.0031896,0.010565,0.010401
0.003565,0.0094119,0.010835
0.0039348,0.0083464,0.011253
0.0042966,0.0073688,0.011647
0.0046492,0.0064802,0.012024
0.0049911,0.0056806,0.012378
0.0053218,0.0049712,0.012714
0.0056405,0.004352,0.013025
0.0059469,0.0038245,0.01332
0.006182,0.005063,0.015181
0.0064209,0.0065647,0.017182
0.0066616,0.0083463,0.019316
0.0069031,0.010427,0.021592
0.007143,0.012825,0.023997
0.0073793,0.015558,0.02654
0.0076079,0.018646,0.029201
0.0078261,0.022105,0.031985
0.0080287,0.025952,0.034868
0.0082126,0.030202,0.037858
0.0080062,0.024465,0.02699
0.0080602,0.019525,0.018247
0.0083302,0.015313,0.011339
0.0087824,0.011772,0.0060548
0.0093908,0.0088474,0.0022128
0.010138,0.0064929,-0.00031999
0.011013,0.0046689,-0.0016521
0.012005,0.003334,-0.0019212
0.012947,0.0022328,-0.0026935
0.013784,0.0012616,-0.0046068
0.014545,0.0025539,-0.0030394
0.015196,0.0041495,-0.0024092
0.015773,0.0061082,-0.0025109
0.016426,0.0086646,-0.0020162
0.017184,0.011897,-0.00065825
0.018051,0.015851,0.0016017
0.019027,0.020577,0.0047963
0.02011,0.026121,0.0089521
0.021296,0.03253,0.014079
0.02258,0.039848,0.020175
0.024775,0.039833,0.045147
0.027563,0.040875,0.077299
0.030891,0.042894,0.11647
0.034709,0.045823,0.16254
0.038964,0.049596,0.21536
0.043596,0.054138,0.27478
0.04854,0.059377,0.34055
0.053728,0.065229,0.4124
0.059089,0.071611,0.49001
0.064553,0.078438,0.57309
0.055239,0.065391,0.48244
0.047717,0.054859,0.40963
0.041526,0.046189,0.34982
0.036353,0.03895,0.29991
0.031987,0.032842,0.25767
0.02827,0.027651,0.22158
0.025088,0.023217,0.19046
0.022353,0.01942,0.16347
0.019995,0.016169,0.13996
0.017959,0.013389,0.1194
0.016474,0.012126,0.1124
0.015097,0.010979,0.10598
0.013819,0.0099395,0.10008
0.012631,0.0089928,0.094639
0.011529,0.0081315,0.089614
0.010505,0.0073452,0.084951
0.009553,0.0066281,0.080631
0.0086686,0.0059718,0.076607
0.0078476,0.0053717,0.072866
0.007085,0.0048212,0.069369
0.0072187,0.0047745,0.070925
0.0073516,0.0047357,0.072404
0.0074853,0.0047079,0.073818
0.0076203,0.0046915,0.075151
0.007758,0.0046896,0.076418
0.007899,0.0047031,0.077601
0.0080449,0.004735,0.078717
0.0081963,0.0047865,0.079749
0.0083547,0.0048606,0.080712
0.008521,0.0049586,0.081593
0.0066264,0.0034167,0.090011
0.0048591,0.002327,0.098415
0.0032107,0.0016785,0.10686
0.0017502,0.0008937,0.11536
0.00052489,-0.0004026,0.12396
-0.0004648,-0.0022086,0.13265
-0.0012153,-0.0045224,0.14145
-0.0017207,-0.0073427,0.15033
-0.0019786,-0.010668,0.15928
-0.0022784,-0.014538,0.16825
-0.0019345,-0.014516,0.14406
-0.0016764,-0.014368,0.12381
-0.0012486,-0.014089,0.1067
-0.00066745,-0.013701,0.092144
4.6328e-05,-0.013225,0.079664
0.00087681,-0.012676,0.068901
0.0018114,-0.012067,0.05957
0.002841,-0.01141,0.051444
0.0039589,-0.010714,0.044341
0.0051613,-0.0099856,0.038111
0.0065456,-0.010647,0.037807
0.0081044,-0.011305,0.037477
0.0098446,-0.01196,0.037122
0.011773,-0.01261,0.036741
0.013898,-0.013253,0.036332
0.016224,-0.013887,0.035898
0.018761,-0.014512,0.035436
0.021514,-0.015126,0.034948
0.02449,-0.015727,0.034432
0.027699,-0.016313,0.033888
0.027158,-0.017923,0.041465
0.026573,-0.019653,0.049719
0.025946,-0.021503,0.058617
0.025284,-0.023472,0.06814
0.024588,-0.025557,0.078258
0.02386,-0.027746,0.088959
0.023105,-0.030035,0.10021
0.022325,-0.032413,0.11201
0.021525,-0.034874,0.12432
0.020709,-0.037409,0.13714
0.019859,-0.02876,0.085869
0.018594,-0.022019,0.049304
0.017048,-0.016845,0.024397
0.01531,-0.012966,0.0089349
0.013441,-0.010161,0.0012538
0.011508,-0.0082028,-0.00042823
0.0099327,-0.0062352,-0.0049182
0.008792,-0.0040029,-0.014647
0.0080335,-0.0014978,-0.029484
0.0076277,0.0012958,-0.049575
0.0083167,0.0013873,-0.056672
0.0090266,0.0014593,-0.064316
0.0097549,0.0015067,-0.072499
0.010498,0.0015223,-0.081212
0.011253,0.0015004,-0.090444
0.012016,0.0014323,-0.10018
0.012785,0.0013119,-0.11041
0.013555,0.0011308,-0.12111
0.014324,0.0008833,-0.13226
0.015088,0.00056121,-0.14385
0.015774,-0.00079635,-0.11733
0.016841,-0.0017506,-0.09541
0.018237,-0.0023837,-0.07713
0.019924,-0.0027568,-0.061787
0.021874,-0.0029139,-0.048854
0.024067,-0.002889,-0.037945
0.026489,-0.0027071,-0.028762
0.02913,-0.0023881,-0.021084
0.031983,-0.0019474,-0.014742
0.035043,-0.0013974,-0.0096082
0.034122,-0.0027127,-0.0040545
0.033278,-0.0039214,-0.00081944
0.032497,-0.00505,0.00023691
0.031741,-0.0061948,0.00093418
0.030985,-0.0074791,0.003571
0.030247,-0.0089181,0.0080961
0.029551,-0.010532,0.014466
0.028921,-0.012346,0.022638
0.028384,-0.014387,0.03259
0.027966,-0.016684,0.044284
0.024305,-0.014509,0.045355
0.021024,-0.012673,0.046357
0.018099,-0.011142,0.047302
0.015511,-0.0098846,0.048171
0.013238,-0.0088721,0.048972
0.011262,-0.0080766,0.049691
0.0095647,-0.0074752,0.050332
0.0081303,-0.0070443,0.050888
0.0069437,-0.0067648,0.051356
0.0059907,-0.0066181,0.051739
0.0060771,-0.007125,0.051171
0.0061626,-0.007639,0.050542
0.0062458,-0.0081554,0.049837
0.0063246,-0.0086714,0.049078
0.0063975,-0.0091823,0.048243
0.0064623,-0.009686,0.047362
0.0065174,-0.010178,0.046405
0.0065514,-0.010652,0.045413
0.0065654,-0.011106,0.044345
0.0065599,-0.011541,0.043253
0.0071862,-0.013347,0.048777
0.0078967,-0.015288,0.054622
0.0086825,-0.017363,0.060714
0.0095377,-0.019578,0.067117
0.010461,-0.021934,0.073759
0.011448,-0.024447,0.080697
0.012498,-0.027129,0.08795
0.013604,-0.029986,0.095493
0.014717,-0.033039,0.10331
0.015831,-0.036296,0.11141
0.015132,-0.033513,0.11741
0.014372,-0.031064,0.12318
0.01368,-0.028885,0.12871
0.013078,-0.026948,0.13404
0.012566,-0.025238,0.13916
0.012145,-0.023735,0.14412
0.011818,-0.02243,0.1489
0.011587,-0.021309,0.15354
0.01146,-0.020367,0.15803
0.011441,-0.019592,0.16239
0.010314,-0.016722,0.14741
0.0093514,-0.013931,0.13439
0.008351,-0.010682,0.12298
0.0072812,-0.0069503,0.11283
0.0061235,-0.0027188,0.1037
0.0048596,0.0020412,0.095376
0.0034714,0.0073509,0.087696
0.0019384,0.013242,0.080545
0.00024205,0.019735,0.073867
-0.0016386,0.026862,0.067568
-0.0030172,0.032574,0.082183
-0.0047578,0.039232,0.098134
-0.0068986,0.046921,0.11538
-0.0094751,0.055728,0.13379
-0.012519,0.065726,0.1533
-0.01606,0.076992,0.17375
-0.020123,0.089586,0.19508
-0.024728,0.10357,0.21713
-0.029893,0.11899,0.23985
-0.035632,0.1359,0.26308
-0.040941,0.14064,0.22298
-0.045822,0.14478,0.18802
-0.05031,0.14842,0.15736
-0.054432,0.15163,0.13026
-0.05822,0.15449,0.10627
-0.061699,0.15704,0.08496
-0.064895,0.15933,0.066041
-0.06783,0.16141,0.049256
-0.070529,0.16331,0.034438
-0.073011,0.16507,0.021414
-0.073825,0.16938,0.014864
-0.074519,0.17365,0.0086092
-0.075101,0.17789,0.0026688
-0.075577,0.18211,-0.0029531
-0.075955,0.18632,-0.0082436
-0.076241,0.19053,-0.013194
-0.076445,0.19474,-0.017796
-0.076573,0.19896,-0.022033
-0.076635,0.20321,-0.025906
-0.076638,0.20749,-0.029409
-0.076512,0.20363,-0.032396
-0.076511,0.19989,-0.034255
-0.076606,0.19625,-0.035214
-0.076669,0.19263,-0.036139
-0.07663,0.18898,-0.037495
-0.076505,0.1853,-0.039178
-0.076309,0.18159,-0.041124
-0.076053,0.17788,-0.04326
-0.075748,0.17417,-0.045552
-0.075403,0.17047,-0.047914
-0.072447,0.15854,-0.039536
-0.069133,0.14705,-0.034045
-0.065594,0.13602,-0.030652
-0.062018,0.1256,-0.02812
-0.058663,0.11602,-0.024622
-0.0555,0.10722,-0.020337
-0.052497,0.099127,-0.015486
-0.049631,0.091671,-0.010218
-0.046884,0.0848,-0.0046654
-0.044241,0.078466,0.0010993
-0.041069,0.07099,0.0020781
-0.037837,0.064211,0.0030788
-0.034556,0.058077,0.0040625
-0.031472,0.052404,0.0050178
-0.028838,0.047004,0.0059167
-0.02662,0.041859,0.006768
-0.02479,0.036955,0.0075635
-0.02332,0.032277,0.0083064
-0.022187,0.027809,0.008994
-0.021373,0.023537,0.0096302
-0.022654,0.02539,0.012437
-0.023977,0.027337,0.0155
-0.02534,0.029377,0.018801
-0.02674,0.031506,0.02234
-0.028176,0.033724,0.026115
-0.029647,0.036029,0.030112
-0.031151,0.038419,0.034331
-0.032688,0.040894,0.038755
-0.034259,0.043452,0.043387
-0.035862,0.046092,0.048206
-0.034646,0.043677,0.036578
-0.03366,0.041682,0.027224
-0.032857,0.040032,0.019735
-0.0322,0.038668,0.013778
-0.031661,0.037543,0.0091071
-0.031215,0.036616,0.0055158
-0.030844,0.035856,0.0028492
-0.030532,0.035236,0.00097368
-0.030266,0.034734,-0.00021365
-0.030035,0.034331,-0.00080176
-0.027739,0.031998,0.0018977
-0.025475,0.029834,0.0064211
-0.02322,0.027806,0.012547
-0.020958,0.025886,0.020104
-0.018675,0.024053,0.02897
-0.016359,0.022288,0.039047
-0.014003,0.020574,0.050265
-0.011604,0.018898,0.062568
-0.0091605,0.017248,0.075911
-0.0066887,0.015612,0.090258
-0.006866,0.013477,0.071084
-0.0070325,0.01168,0.055331
-0.0071757,0.010155,0.042398
-0.0072904,0.0088512,0.031828
-0.0073717,0.0077246,0.023253
-0.0074184,0.0067406,0.016385
-0.0074294,0.00587,0.010985
-0.007405,0.0050885,0.0068659
-0.0073459,0.0043753,0.0038717
-0.0072536,0.0037131,0.0018814
-0.0074035,0.003007,0.0012567
-0.0075734,0.0023061,0.00083003
-0.0077611,0.0016053,0.00059871
-0.0079672,0.00090141,0.00053585
-0.0082087,0.00019788,0.00035756
-0.0084893,-0.00050533,-1.4365e-05
-0.008807,-0.00121,-0.00057952
-0.0091606,-0.0019177,-0.0013372
-0.0095487,-0.0026295,-0.0022884
-0.0099704,-0.0033464,-0.0034327
-0.0090575,-0.0032862,-0.0028204
-0.0081821,-0.0032064,-0.0022853
-0.0073456,-0.0031073,-0.0018209
-0.0065491,-0.0029894,-0.0014205
-0.0057942,-0.002853,-0.0010789
-0.0050825,-0.0026985,-0.0007909
-0.0044158,-0.0025262,-0.00055247
-0.0037958,-0.0023367,-0.00035956
-0.0032248,-0.0021303,-0.00020895
-0.002705,-0.0019076,-9.7452e-05
-0.0027963,-0.0020754,5.4009e-05
-0.0029048,-0.0022266,0.0001092
-0.0030209,-0.0023632,0.00034464
-0.0031426,-0.0024857,0.00077565
-0.0032489,-0.0026188,0.0013997
-0.0033337,-0.0027688,0.0022147
-0.003396,-0.0029353,0.0032183
-0.0034349,-0.0031183,0.0044085
-0.0034495,-0.0033178,0.0057831
-0.0034389,-0.0035342,0.0073403
-0.0030177,-0.0028094,0.005244
-0.0025907,-0.0022216,0.0035058
-0.0021637,-0.0017574,0.0021223
-0.0017472,-0.001397,0.0010889
-0.0014049,-0.001055,0.0004003
-0.0011495,-0.00070927,5.0344e-05
-0.00097509,-0.00036078,-3.6989e-05
-0.00087384,-1.3767e-05,-0.00035972
-0.00084142,0.00033204,-0.0010142
-0.00087805,0.00067916,-0.0020033
-0.00083247,0.00063527,-0.0029578
-0.00078444,0.00059215,-0.0041292
-0.00073395,0.00054981,-0.005539
-0.00068118,0.00050794,-0.0072103
-0.00062648,0.00046603,-0.0091682
-0.00057162,0.00042361,-0.011437
-0.00051778,0.00038031,-0.014044
-0.00046735,0.00033656,-0.01701
-0.00042252,0.00029291,-0.02036
-0.00038697,0.00025328,-0.024112
-0.00063826,0.00062146,-0.024197
-0.0009698,0.001019,-0.024284
-0.00132,0.0014975,-0.024377
-0.0016743,0.002073,-0.024479
-0.0020299,0.0027495,-0.024594
-0.0023847,0.0035326,-0.024722
-0.0027351,0.0044283,-0.024865
-0.0030782,0.0054449,-0.025022
-0.0034094,0.0065898,-0.025194
-0.0037249,0.0078737,-0.025377
-0.0017195,0.0068044,-0.038436
0.00036354,0.0058752,-0.054434
0.0025212,0.0051075,-0.073499
0.0047415,0.0045332,-0.095736
0.0070104,0.0041882,-0.12122
0.0093071,0.004115,-0.14997
0.011612,0.0043559,-0.18199
0.013901,0.0049563,-0.21723
0.016152,0.005958,-0.25561
0.018506,0.0072143,-0.29704
0.013819,0.0071077,-0.22579
0.0080618,0.0090416,-0.1707
0.0011927,0.012924,-0.12725
-0.00676,0.018598,-0.092515
-0.015857,0.026038,-0.064554
-0.026249,0.035352,-0.042187
-0.038158,0.046759,-0.024776
-0.051849,0.06056,-0.012074
-0.067611,0.07711,-0.0040733
-0.085739,0.096792,-0.00088065
-0.089325,0.10069,-0.00036335
-0.093012,0.1047,0.0012583
-0.096802,0.10882,0.0039691
-0.10069,0.11306,0.007648
-0.10469,0.11741,0.012194
-0.10879,0.12188,0.017508
-0.11299,0.12647,0.023514
-0.11729,0.13118,0.030139
-0.12171,0.13601,0.037321
-0.12623,0.14095,0.044999
-0.11718,0.13122,0.026308
-0.1085,0.12237,0.013754
-0.10016,0.11431,0.0057654
-0.092115,0.10695,0.0012584
-0.084348,0.10024,-0.00051898
-0.076839,0.09411,-0.0012242
-0.06957,0.088493,-0.0035857
-0.062518,0.083345,-0.0074333
-0.05566,0.078632,-0.01254
-0.048974,0.074322,-0.018735
-0.048208,0.070334,-0.0086071
-0.047408,0.066581,-0.0029681
-0.046563,0.063036,-0.0010815
-0.04567,0.059714,0.00019844
-0.044732,0.056654,0.0042725
-0.043752,0.053839,0.01085
-0.042729,0.051252,0.019695
-0.04166,0.04888,0.030626
-0.040545,0.046709,0.0435
-0.039379,0.044725,0.058207
-0.036578,0.041931,0.036628
-0.033899,0.039476,0.020981
-0.031326,0.037325,0.010137
-0.02884,0.035444,0.0032828
-0.026428,0.033804,-0.00018613
-0.024072,0.032376,-0.00094004
-0.021732,0.031067,-0.0029286
-0.019389,0.029843,-0.0073027
-0.017037,0.028702,-0.013897
-0.01467,0.02764,-0.022595
-0.018331,0.028975,-0.019791
-0.021965,0.030576,-0.017281
-0.025577,0.032448,-0.015031
-0.029171,0.034595,-0.013011
-0.032751,0.037025,-0.0112
-0.036319,0.039746,-0.0095789
-0.039876,0.042767,-0.0081324
-0.043422,0.046097,-0.0068468
-0.046974,0.049732,-0.0057114
-0.050785,0.053441,-0.0047139
-0.04617,0.04874,-0.0032968
-0.041913,0.04429,-0.0022199
-0.037953,0.040119,-0.0014249
-0.034198,0.036289,-0.00086499
-0.030634,0.032784,-0.00050294
-0.027252,0.029589,-0.00030802
-0.024041,0.02669,-0.00022345
-0.020994,0.024072,-6.3667e-05
-0.018101,0.021724,0.00018542
-0.015352,0.019631,0.0005121
-0.01351,0.016964,0.00084205
-0.011835,0.014569,0.0012043
-0.010315,0.012427,0.0015925
-0.0089364,0.010522,0.0020014
-0.0076891,0.0088362,0.0024262
-0.0065618,0.0073552,0.0028633
-0.0055439,0.0060638,0.0033093
-0.0046257,0.004948,0.0037613
-0.0037978,0.0039945,0.0042168
-0.0030516,0.0031904,0.0046742
-0.0036102,0.0036312,0.0030186
-0.0043322,0.0039916,0.0017201
-0.0052244,0.0042671,0.00077445
-0.0062971,0.0044501,0.00018964
-0.0075628,0.004531,-1.7625e-05
-0.0090357,0.0044969,-0.00021057
-0.010731,0.0043336,-0.00082622
-0.012666,0.0040274,-0.0018893
-0.014855,0.003564,-0.003423
-0.017318,0.0029289,-0.0054471
-0.018685,0.0042268,-0.0042638
-0.020147,0.0056354,-0.0032378
-0.021709,0.0071601,-0.0023644
-0.023375,0.0088063,-0.0016393
-0.025149,0.01058,-0.0010581
-0.027036,0.012485,-0.00061653
-0.029041,0.014528,-0.00031014
-0.031169,0.016715,-0.00013468
-0.033425,0.019049,-8.5265e-05
-0.035813,0.021537,-3.9767e-05
-0.035714,0.026168,0.00018341
-0.03614,0.030453,0.00059937
-0.037091,0.034403,0.0012088
-0.038575,0.038029,0.0020105
-0.040604,0.041333,0.0030047
-0.043189,0.044322,0.0041908
-0.045778,0.04755,0.0055663
-0.048015,0.05138,0.0071285
-0.049888,0.055843,0.0088768
-0.051379,0.060972,0.010809
-0.042037,0.054089,0.016298
-0.033319,0.048191,0.022365
-0.025165,0.043207,0.028885
-0.017523,0.039078,0.035776
-0.010344,0.035752,0.04298
-0.00359,0.033189,0.050465
0.0027736,0.031356,0.058209
0.0087735,0.030229,0.066202
0.01443,0.029798,0.074437
0.019758,0.030057,0.082913
0.018616,0.028339,0.090409
0.01751,0.026676,0.098365
0.01644,0.025068,0.10677
0.015405,0.023515,0.11564
0.014407,0.022015,0.12496
0.013445,0.020568,0.13473
0.012518,0.019174,0.14495
0.011628,0.017832,0.15562
0.010773,0.016542,0.16672
0.0099548,0.015302,0.17827
0.013458,0.020713,0.13607
0.017334,0.026989,0.10119
0.021616,0.03416,0.072404
0.026359,0.042291,0.048933
0.03163,0.051474,0.030276
0.037509,0.061817,0.016151
0.044083,0.073443,0.0064026
0.051441,0.086477,0.00094718
0.059674,0.10105,-0.00047953
0.068869,0.11727,-0.0035474
0.070086,0.11229,-0.0021504
0.071129,0.10766,-0.0012515
0.072005,0.10335,-0.00072355
0.07272,0.099334,-0.00047809
0.07328,0.095609,-0.00043497
0.073692,0.092158,-0.00032712
0.073961,0.088966,-8.8148e-05
0.074091,0.086023,0.00025665
0.074086,0.083315,0.00069009
0.073951,0.080833,0.0011979
0.074483,0.081794,0.0019861
0.075013,0.082762,0.0029129
0.075541,0.083738,0.0039729
0.076065,0.084721,0.00516
0.076588,0.08571,0.0064706
0.077109,0.086707,0.0079003
0.077627,0.087711,0.0094471
0.078144,0.088723,0.011108
0.078659,0.089741,0.012881
0.079172,0.090767,0.014764
0.081663,0.094724,0.014316
0.084181,0.0988,0.013781
0.086728,0.103,0.013169
0.089303,0.10731,0.012492
0.091906,0.11175,0.011759
0.094538,0.11631,0.010981
0.097198,0.12099,0.010168
0.099888,0.12579,0.0093273
0.10261,0.13071,0.0084699
0.10535,0.13576,0.0076022
0.10615,0.13944,0.0072762
0.10691,0.14321,0.0070104
0.10763,0.14707,0.0067969
0.10832,0.15101,0.0066264
0.10897,0.15504,0.0064938
0.10958,0.15915,0.0063922
0.11015,0.16335,0.0063183
0.11069,0.16763,0.0062669
0.11119,0.172,0.006236
0.11166,0.17645,0.0062212
0.11675,0.17812,0.0022805
0.12184,0.17991,-0.00030361
0.12693,0.18181,-0.0017527
0.13202,0.18381,-0.0022415
0.1371,0.18592,-0.0027346
0.14217,0.18811,-0.003952
0.14723,0.1904,-0.0058067
0.15229,0.19277,-0.0082314
0.15733,0.19523,-0.011168
0.16237,0.19778,-0.014572
0.1517,0.1889,-0.013101
0.1415,0.18048,-0.011803
0.13174,0.17249,-0.010638
0.1224,0.16492,-0.0095831
0.11347,0.15774,-0.0086163
0.10493,0.15093,-0.0077259
0.096745,0.14449,-0.0069015
0.088914,0.13838,-0.0061372
0.081416,0.13259,-0.0054281
0.074237,0.12711,-0.0047717
0.074587,0.13048,-0.00609
0.074917,0.1339,-0.0076177
0.075228,0.13739,-0.0093497
0.07552,0.14094,-0.011279
0.075794,0.14454,-0.013403
0.076051,0.14821,-0.015715
0.07629,0.15194,-0.018213
0.076513,0.15573,-0.02089
0.076719,0.15958,-0.023743
0.07691,0.16349,-0.02677
0.076458,0.15767,-0.020679
0.075932,0.15198,-0.015786
0.075337,0.14642,-0.011869
0.074676,0.141,-0.0087604
0.073953,0.1357,-0.006334
0.073171,0.13054,-0.004491
0.072332,0.1255,-0.0031554
0.07144,0.12059,-0.0022657
0.070495,0.1158,-0.0017741
0.069501,0.11114,-0.0016111
0.059893,0.11305,-0.0017799
0.049672,0.11572,-0.0025413
0.038821,0.11914,-0.003857
0.027326,0.12333,-0.0056711
0.015171,0.12827,-0.0079391
0.002343,0.13398,-0.010623
-0.011171,0.14045,-0.013691
-0.025381,0.1477,-0.017116
-0.040296,0.15574,-0.020875
-0.055925,0.16458,-0.024949
-0.037881,0.16605,-0.017884
-0.019504,0.16863,-0.012606
-0.00075059,0.17231,-0.0087263
0.018423,0.1771,-0.0059593
0.038059,0.183,-0.0040896
0.058197,0.19004,-0.0029537
0.078878,0.19822,-0.0024245
0.10014,0.20759,-0.0023998
0.12202,0.21818,-0.0023341
0.14455,0.23001,-0.0019226
0.16057,0.23835,-0.001973
0.17683,0.2473,-0.001947
0.19333,0.25685,-0.0018409
0.21009,0.26702,-0.0016505
0.22709,0.2778,-0.0013668
0.24435,0.2892,-0.0009857
0.26187,0.30122,-0.00049906
0.27965,0.31386,8.1933e-05
0.2977,0.32714,0.00076419
0.31602,0.34104,0.0015456
0.31009,0.33804,0.0025545
0.30416,0.3352,0.0036546
0.29822,0.33249,0.0048488
0.29229,0.32993,0.0061332
0.28634,0.32751,0.0075097
0.28039,0.32523,0.0089752
0.27443,0.32308,0.010531
0.26845,0.32106,0.012175
0.26247,0.31917,0.013909
0.25647,0.31741,0.01573
0.25081,0.30185,0.016785
0.24512,0.2873,0.017713
0.2394,0.27371,0.018537
0.23366,0.26103,0.019276
0.22787,0.24919,0.019943
0.22206,0.23816,0.02055
0.2162,0.22789,0.021105
0.2103,0.21835,0.021615
0.20435,0.20948,0.022085
0.19836,0.20126,0.022519
0.18825,0.19281,0.027086
0.1783,0.18482,0.031501
0.16851,0.17726,0.035758
0.15888,0.17012,0.039859
0.14942,0.16338,0.04381
0.14012,0.15702,0.04762
0.13099,0.15101,0.051294
0.12203,0.14535,0.054844
0.11324,0.14002,0.058273
0.10461,0.13501,0.06159
0.10696,0.13336,0.090144
0.10919,0.13192,0.12207
0.11129,0.13067,0.15685
0.11326,0.12961,0.19408
0.11509,0.12872,0.23343
0.11678,0.128,0.27462
0.11833,0.12743,0.31741
0.11973,0.12702,0.36163
0.12099,0.12676,0.40708
0.12209,0.12666,0.45366
0.12442,0.12869,0.50679
0.12674,0.13075,0.56042
0.12905,0.13282,0.61431
0.13135,0.13491,0.66841
0.13363,0.13701,0.72252
0.13589,0.13912,0.77665
0.13814,0.14125,0.83059
0.14037,0.14338,0.88439
0.14258,0.14552,0.93775
0.14477,0.14766,0.99081
0.13284,0.13588,0.91495
0.12112,0.12565,0.85807
0.10954,0.11679,0.81413
0.098079,0.10914,0.77952
0.086714,0.10261,0.75167
0.075432,0.097117,0.72898
0.064223,0.092587,0.71017
0.05308,0.08897,0.69444
0.041998,0.086223,0.68109
0.030969,0.084308,0.6697
0.032903,0.079723,0.65605
0.034597,0.075477,0.64221
0.036078,0.071552,0.62826
0.037363,0.067926,0.61436
0.038468,0.064584,0.60052
0.039405,0.061508,0.58684
0.040188,0.058684,0.57332
0.040827,0.056097,0.56002
0.041334,0.053734,0.54692
0.041716,0.051582,0.53407
0.037139,0.046299,0.4515
0.032985,0.041486,0.38424
0.029198,0.037083,0.3286
0.025735,0.033043,0.28201
0.022566,0.029332,0.24265
0.019665,0.025922,0.20912
0.017013,0.022792,0.18043
0.014594,0.019922,0.15574
0.012393,0.017298,0.13444
0.010397,0.014906,0.11601
0.0095044,0.013643,0.11238
0.008656,0.012456,0.10849
0.0078522,0.011344,0.10444
0.0070924,0.010303,0.10023
0.0063764,0.0093318,0.095949
0.0057032,0.0084275,0.091602
0.0050723,0.007588,0.087246
0.0044826,0.0068104,0.082888
0.0039334,0.0060927,0.078576
0.0034232,0.005432,0.074305
0.0054794,0.0063327,0.083635
0.0076037,0.0076777,0.093483
0.0098051,0.0094881,0.10385
0.012175,0.011703,0.11469
0.01503,0.014037,0.12596
0.018421,0.01647,0.13761
0.022369,0.019013,0.14959
0.026896,0.021673,0.16182
0.032023,0.024458,0.17424
0.03777,0.027378,0.18677
0.032913,0.025794,0.15588
0.028688,0.024122,0.13053
0.025034,0.02237,0.10955
0.021897,0.020548,0.092059
0.019231,0.018663,0.077395
0.016996,0.016723,0.065037
0.014964,0.014924,0.054589
0.012893,0.013483,0.045718
0.010784,0.012372,0.038172
0.0086393,0.011569,0.031725
0.01033,0.013084,0.024827
0.01215,0.014732,0.018808
0.014103,0.016516,0.013644
0.016192,0.01844,0.0093104
0.018423,0.020507,0.005799
0.0208,0.022723,0.0030991
0.023327,0.025091,0.0012119
0.02601,0.027617,0.0001364
0.028853,0.030306,-0.00015076
0.031858,0.033163,-0.00071206
0.035448,0.036537,-0.0002733
0.039309,0.040202,-0.00013504
0.043462,0.044177,1.8093e-05
0.047925,0.048479,0.00043917
0.052715,0.053128,0.0011081
0.05785,0.05814,0.0020016
0.063348,0.063534,0.0030976
0.069227,0.069328,0.0043702
0.075502,0.075539,0.0057971
0.082192,0.082185,0.0073517
0.078967,0.07898,0.0023635
0.075877,0.075899,0.00021425
0.072906,0.07293,-0.00036802
0.07004,0.070071,-0.0027708
0.06727,0.067314,-0.0070836
0.06459,0.06465,-0.013116
0.061993,0.062073,-0.020708
0.059475,0.059575,-0.029738
0.057029,0.057153,-0.040094
0.054653,0.054799,-0.051696
0.054031,0.054629,-0.063333
0.053124,0.054773,-0.075979
0.051934,0.055236,-0.089596
0.050458,0.056024,-0.10416
0.048695,0.057142,-0.11965
0.04664,0.058595,-0.13603
0.04429,0.06039,-0.15328
0.04164,0.062533,-0.17138
0.038686,0.065029,-0.19028
0.03542,0.067883,-0.20998
0.032329,0.067395,-0.19078
0.029258,0.067013,-0.17368
0.026202,0.066731,-0.15829
0.023159,0.066545,-0.14436
0.020126,0.066451,-0.13164
0.017101,0.066445,-0.11998
0.014082,0.066525,-0.10924
0.011066,0.066686,-0.0993
0.0080509,0.066927,-0.090078
0.0050361,0.067247,-0.081506
0.0037343,0.071983,-0.053302
0.0024005,0.0769,-0.03207
0.0010139,0.082006,-0.016766
-0.00044535,0.087311,-0.00663
-0.0019958,0.092826,-0.0010863
-0.0036548,0.098561,0.0003958
-0.0054562,0.10451,0.0027962
-0.0074239,0.11067,0.0086659
-0.0095688,0.11705,0.017739
-0.0119,0.12366,0.029782
-0.017508,0.11674,0.034534
-0.022703,0.11027,0.039561
-0.0275,0.10425,0.044833
-0.031912,0.098647,0.050324
-0.035953,0.093451,0.056006
-0.039633,0.088648,0.061859
-0.042963,0.084224,0.067858
-0.045953,0.080167,0.073989
-0.048612,0.076466,0.08023
-0.050949,0.073112,0.08657
-0.039093,0.064895,0.084332
-0.028306,0.057825,0.082797
-0.018512,0.051809,0.081799
-0.0096396,0.046767,0.081223
-0.0016264,0.04263,0.080975
0.0055855,0.039342,0.080989
0.012048,0.036856,0.081207
0.017807,0.035137,0.081591
0.022903,0.03416,0.0821
0.027371,0.033911,0.082712
0.025639,0.036182,0.079066
0.023416,0.038947,0.075662
0.020694,0.042215,0.072458
0.017461,0.045996,0.06943
0.013707,0.050303,0.066552
0.0094161,0.055151,0.063809
0.0045744,0.060556,0.061183
-0.00083437,0.066534,0.058666
-0.0068271,0.073102,0.056243
-0.013421,0.080278,0.053911
-0.0099016,0.075954,0.038256
-0.0066851,0.071932,0.02596
-0.0037417,0.068184,0.016499
-0.0010455,0.064687,0.009471
0.0014259,0.061418,0.0045641
0.0036926,0.058359,0.0015317
0.0057723,0.055493,0.0001775
0.007683,0.052803,-0.00020466
0.009448,0.050277,-0.0017607
0.011079,0.047902,-0.004604
0.009708,0.051663,-0.0050597
0.0081458,0.055662,-0.0055297
0.0063852,0.059908,-0.0060123
0.0044189,0.064406,-0.0065064
0.0022399,0.069164,-0.00701
-0.00015846,0.074188,-0.0075222
-0.0027825,0.079486,-0.0080411
-0.0056382,0.085061,-0.0085659
-0.0087313,0.09092,-0.0090947
-0.012067,0.097069,-0.0096267
-0.010086,0.099769,-0.011281
-0.0080463,0.10253,-0.013035
-0.0059468,0.10535,-0.014879
-0.0037877,0.10824,-0.01681
-0.0015691,0.11118,-0.01882
0.00070912,0.11419,-0.020905
0.003047,0.11726,-0.023057
0.0054447,0.12038,-0.025273
0.0079022,0.12357,-0.027546
0.01042,0.12681,-0.029872
0.00075332,0.11816,-0.014094
-0.0081206,0.11022,-0.0050568
-0.016245,0.10297,-0.00098307
-0.023656,0.096397,-0.00015822
-0.030398,0.09048,0.0023528
-0.036493,0.085205,0.0071313
-0.041961,0.080555,0.013727
-0.046815,0.076517,0.021807
-0.051068,0.073079,0.031123
-0.054731,0.070232,0.041487
-0.057588,0.074534,0.040734
-0.060531,0.078986,0.040347
-0.063561,0.083587,0.040297
-0.066679,0.088339,0.040566
-0.069885,0.093242,0.041136
-0.07318,0.098297,0.041993
-0.076565,0.1035,0.043125
-0.080039,0.10886,0.044524
-0.083602,0.11438,0.046181
-0.087255,0.12004,0.048091
-0.080352,0.11982,0.042671
-0.073235,0.11998,0.037707
-0.065903,0.1205,0.033148
-0.058354,0.12139,0.028957
-0.050586,0.12265,0.025102
-0.042595,0.12426,0.021558
-0.03438,0.12623,0.018304
-0.025937,0.12856,0.015325
-0.017261,0.13125,0.012608
-0.0083499,0.1343,0.010141
-0.0016631,0.14253,0.0056305
0.0055125,0.15127,0.0023518
0.013195,0.16054,0.00012058
0.021402,0.17036,-0.0012167
0.03015,0.18074,-0.0017883
0.039455,0.1917,-0.0021695
0.049335,0.20323,-0.0031259
0.059803,0.21536,-0.0045944
0.070872,0.22809,-0.0065113
0.082554,0.24144,-0.0088229
0.086658,0.24121,-0.0046651
0.090727,0.24104,-0.0029226
0.094761,0.24092,-0.0026081
0.09876,0.24088,-0.0015085
0.10273,0.24092,0.00047973
0.10666,0.24103,0.0031202
0.11057,0.24121,0.0062462
0.11444,0.24146,0.0097378
0.1183,0.24177,0.013509
0.12212,0.24214,0.017495
0.092805,0.21957,0.017083
0.065934,0.19954,0.017074
0.041353,0.1819,0.017352
0.018916,0.1665,0.01784
-0.0015066,0.15321,0.018486
-0.020036,0.14191,0.019253
-0.036782,0.13248,0.020116
-0.051841,0.12485,0.021053
-0.065299,0.11892,0.02205
-0.07723,0.11462,0.023093
-0.062301,0.10799,0.017073
-0.047882,0.1026,0.0124
-0.033911,0.098351,0.0087555
-0.02033,0.095183,0.0059104
-0.0070869,0.093037,0.0036953
0.0058653,0.091869,0.0019842
0.018569,0.091645,0.00068176
0.031063,0.092342,-0.00028441
0.04338,0.093946,-0.00097029
0.05555,0.096452,-0.0014195
0.05451,0.094741,-0.0016272
0.053466,0.093061,-0.0022507
0.052421,0.091403,-0.0036237
0.051375,0.089766,-0.0057208
0.050327,0.088147,-0.0085192
0.049279,0.086546,-0.011998
0.048232,0.084962,-0.016138
0.047185,0.083392,-0.020923
0.04614,0.081837,-0.026336
0.045096,0.080294,-0.032362
0.04745,0.087588,-0.036554
0.049849,0.09538,-0.040869
0.052294,0.10369,-0.045282
0.054782,0.11252,-0.049772
0.057314,0.1219,-0.054314
0.05989,0.13183,-0.058891
0.062509,0.14234,-0.063485
0.065171,0.15342,-0.068082
0.067878,0.16509,-0.072666
0.070631,0.17735,-0.077225
0.067748,0.19669,-0.073791
0.064027,0.21754,-0.070999
0.059442,0.23995,-0.068765
0.053973,0.26394,-0.067017
0.047599,0.28956,-0.065687
0.040306,0.31681,-0.064717
0.032082,0.34573,-0.064051
0.022918,0.37632,-0.063642
0.012809,0.40858,-0.063444
0.0017538,0.44253,-0.063422
-0.0035372,0.43459,-0.023861
-0.0086742,0.42639,-0.0083644
-0.013647,0.41813,-0.0043255
-0.018406,0.41018,0.01028
-0.022966,0.40252,0.034803
-0.02734,0.39511,0.067351
-0.031539,0.38793,0.10659
-0.035572,0.38096,0.15156
-0.039446,0.37417,0.20149
-0.043167,0.36756,0.25582
-0.047499,0.35915,0.24892
-0.051743,0.35123,0.24643
-0.055903,0.34375,0.24695
-0.059983,0.33665,0.24959
-0.063988,0.32992,0.25371
-0.067918,0.32351,0.25888
-0.071778,0.31741,0.26476
-0.075567,0.31161,0.27114
-0.079289,0.30607,0.27782
-0.082945,0.3008,0.28469
-0.075205,0.31201,0.2329
-0.067024,0.32381,0.19194
-0.058404,0.33615,0.15888
-0.049343,0.349,0.13176
-0.039841,0.36236,0.10919
-0.029896,0.3762,0.090199
-0.019506,0.39051,0.074059
-0.0086704,0.4053,0.060244
0.002612,0.42055,0.048358
0.014342,0.43626,0.038096
-0.031853,0.46047,0.034074
-0.080521,0.48757,0.029788
-0.13167,0.51756,0.025395
-0.1853,0.55046,0.021012
-0.24141,0.58626,0.016728
-0.29999,0.62496,0.012604
-0.36102,0.66657,0.008684
-0.42447,0.71107,0.0049866
-0.49031,0.75844,0.0015333
-0.55851,0.80867,-0.0016758
-0.52643,0.76703,-0.0013427
-0.4966,0.72813,-0.0015544
-0.4688,0.69171,-0.0020613
-0.44284,0.65756,-0.0027131
-0.41855,0.62548,-0.0034117
-0.39579,0.5953,-0.0041028
-0.37441,0.56687,-0.0047488
-0.35432,0.54005,-0.0053316
-0.33539,0.51471,-0.0058364
-0.31755,0.49074,-0.0062576
-0.30923,0.48935,-0.0058689
-0.30115,0.48821,-0.0056357
-0.2933,0.48731,-0.0055433
-0.28567,0.48663,-0.0055735
-0.27824,0.48615,-0.0057043
-0.27102,0.48587,-0.0059182
-0.26398,0.48579,-0.0061976
-0.25713,0.48587,-0.0065301
-0.25045,0.48613,-0.0069026
-0.24394,0.48654,-0.0073064
-0.23567,0.48742,-0.0069299
-0.22735,0.4884,-0.0063744
-0.219,0.48949,-0.0056366
-0.21062,0.4907,-0.0047158
-0.2022,0.492,-0.0036097
-0.19374,0.49341,-0.0023195
-0.18524,0.49493,-0.00084415
-0.1767,0.49654,0.0008139
-0.16812,0.49826,0.0026551
-0.1595,0.50007,0.0046769
-0.18543,0.488,0.012755
-0.20997,0.4772,0.0214
-0.23317,0.46761,0.030485
-0.25507,0.45921,0.039941
-0.27573,0.45194,0.049733
-0.29518,0.44579,0.059839
-0.31346,0.44072,0.070245
-0.33061,0.4367,0.080938
-0.34665,0.43372,0.091903
-0.36161,0.43174,0.10313
-0.36763,0.43913,0.074875
-0.37356,0.4466,0.052967
-0.37937,0.45412,0.035721
-0.38509,0.46167,0.02202
-0.39072,0.46922,0.011097
-0.39625,0.47676,0.0024177
-0.40168,0.4843,-0.0043955
-0.40703,0.49181,-0.0096205
-0.41227,0.4993,-0.013461
-0.41743,0.50677,-0.016078
-0.40871,0.49689,-0.010328
-0.4002,0.48731,-0.0015077
-0.39188,0.47799,0.0090478
-0.38373,0.46888,0.020617
-0.37576,0.45997,0.032811
-0.36796,0.45125,0.045413
-0.36031,0.4427,0.058297
-0.35281,0.43433,0.07139
-0.34546,0.42612,0.08464
-0.33825,0.41806,0.098011
-0.33808,0.41514,0.083439
-0.33812,0.41255,0.072297
-0.33835,0.41025,0.063522
-0.33874,0.4082,0.056424
-0.33929,0.40638,0.050535
-0.33998,0.40476,0.045538
-0.3408,0.40333,0.04121
-0.34175,0.40207,0.037394
-0.34282,0.40098,0.033977
-0.344,0.40006,0.030878
-0.33918,0.39875,0.00065833
-0.3345,0.39803,-0.015481
-0.32992,0.39779,-0.02067
-0.3253,0.39765,-0.024897
-0.32048,0.39728,-0.036522
-0.31546,0.3967,-0.054521
-0.31024,0.39593,-0.078132
-0.30482,0.395,-0.10679
-0.2992,0.39391,-0.14002
-0.29337,0.39267,-0.17749
-0.30532,0.3876,-0.11076
-0.3158,0.38256,-0.068146
-0.32496,0.37778,-0.042194
-0.33294,0.37338,-0.028418
-0.3398,0.36946,-0.023977
-0.34572,0.36628,-0.021553
-0.35093,0.36418,-0.013056
-0.35544,0.36311,0.00070532
-0.35924,0.36303,0.019083
-0.36235,0.36391,0.041591
-0.37099,0.37294,0.030136
-0.37969,0.38223,0.02124
-0.38842,0.39174,0.014139
-0.39717,0.40144,0.00832
-0.40594,0.41133,0.0034232
-0.41471,0.42138,-0.00079839
-0.42347,0.4316,-0.0045242
-0.43223,0.44197,-0.0078699
-0.44098,0.45248,-0.010931
-0.44971,0.46315,-0.013767
-0.4164,0.42388,-0.025253
-0.38478,0.38802,-0.029576
-0.35465,0.35525,-0.029081
-0.32573,0.32515,-0.028575
-0.2981,0.29718,-0.030834
-0.27264,0.27027,-0.035251
-0.24933,0.24426,-0.041411
-0.22806,0.21911,-0.049018
-0.20873,0.19476,-0.057851
-0.19124,0.17117,-0.067742
-0.17518,0.15934,-0.057983
-0.16049,0.14829,-0.050257
-0.14705,0.13794,-0.043992
-0.13478,0.12825,-0.03881
-0.12358,0.11916,-0.034445
-0.11337,0.11061,-0.030714
-0.10408,0.10256,-0.027484
-0.095648,0.094968,-0.024657
-0.088001,0.087789,-0.022161
-0.081076,0.080996,-0.019941
-0.072366,0.072567,-0.019668
-0.064125,0.064936,-0.01954
-0.056332,0.058053,-0.019549
-0.048968,0.051872,-0.019685
-0.042011,0.046351,-0.019944
-0.035444,0.04145,-0.020319
-0.029246,0.037132,-0.020807
-0.0234,0.033364,-0.021403
-0.017887,0.030114,-0.022103
-0.012691,0.027355,-0.022904
-0.016001,0.028761,-0.021731
-0.019371,0.030359,-0.020641
-0.022807,0.032154,-0.019628
-0.026312,0.034152,-0.018687
-0.029893,0.036358,-0.017814
-0.033554,0.038778,-0.017004
-0.0373,0.041417,-0.016255
-0.041138,0.04428,-0.015562
-0.045073,0.047374,-0.014925
-0.049109,0.050704,-0.014337
-0.045654,0.047887,-0.013608
-0.042332,0.045308,-0.012801
-0.039133,0.042954,-0.011935
-0.036045,0.040813,-0.011027
-0.03306,0.038873,-0.010094
-0.030167,0.037124,-0.0091495
-0.027359,0.035555,-0.0082077
-0.024627,0.034158,-0.00728
-0.021963,0.032923,-0.0063767
-0.01936,0.031842,-0.0055074
-0.019836,0.032841,-0.0078279
-0.020305,0.033868,-0.010649
-0.020768,0.034926,-0.013953
-0.021226,0.036019,-0.017723
-0.021683,0.037151,-0.021943
-0.02214,0.038325,-0.026598
-0.022598,0.039544,-0.031672
-0.023061,0.040811,-0.037152
-0.023529,0.042129,-0.04302
-0.024005,0.043502,-0.049267
-0.021328,0.044373,-0.050129
-0.018515,0.045419,-0.050995
-0.015565,0.046642,-0.05186
-0.012476,0.048043,-0.052724
-0.0092478,0.049623,-0.053584
-0.0058794,0.051384,-0.054441
-0.0023692,0.053327,-0.05529
0.0012841,0.055454,-0.056134
0.0050821,0.057765,-0.056967
0.0090261,0.060263,-0.057792
0.015679,0.055461,-0.054987
0.021491,0.051467,-0.052373
0.026519,0.048226,-0.049915
0.030816,0.045691,-0.047594
0.034426,0.043822,-0.045385
0.037389,0.042587,-0.043274
0.039738,0.041958,-0.041245
0.041498,0.041917,-0.039288
0.04269,0.042451,-0.037389
0.043706,0.043175,-0.035541
0.044585,0.043743,-0.041515
0.045527,0.04426,-0.047825
0.046529,0.044725,-0.054452
0.047593,0.045139,-0.061382
0.048716,0.045498,-0.068596
0.0499,0.045803,-0.076082
0.051143,0.046051,-0.083824
0.052445,0.046242,-0.091814
0.053807,0.046375,-0.10003
0.055227,0.046447,-0.10848
0.055387,0.043567,-0.077525
0.055739,0.040674,-0.053239
0.056259,0.037767,-0.034455
0.056928,0.034845,-0.020321
0.057733,0.031908,-0.010198
0.058663,0.028959,-0.0036036
0.059708,0.025999,-0.00016901
0.060864,0.023026,0.00053746
0.062151,0.019909,0.0022544
0.06359,0.016594,0.0064085
0.061689,0.015253,0.012742
0.059878,0.013867,0.020965
0.058154,0.012435,0.030894
0.056516,0.010955,0.042383
0.054963,0.009426,0.055304
0.053492,0.0078492,0.069555
0.052105,0.0062253,0.08504
0.050801,0.0045571,0.10169
0.049581,0.0028475,0.11941
0.048445,0.0011075,0.13816
0.050557,0.00032791,0.14862
0.052745,-0.0004617,0.15943
0.055009,-0.0012611,0.17054
0.057349,-0.0020678,0.18198
0.059764,-0.0028866,0.19369
0.062253,-0.0037154,0.2057
0.064815,-0.0045541,0.21797
0.067449,-0.0054001,0.2305
0.070154,-0.0062528,0.24325
0.072926,-0.0071097,0.25623
0.071548,0.0011598,0.22967
0.070676,0.0089618,0.2073
0.070262,0.016369,0.18817
0.070271,0.023439,0.17161
0.070675,0.030216,0.1571
0.071451,0.036737,0.14427
0.072584,0.043032,0.13281
0.074061,0.049127,0.1225
0.075873,0.055041,0.11316
0.078014,0.060794,0.10464
0.077851,0.062423,0.113
0.077865,0.063881,0.12103
0.078056,0.065169,0.12872
0.078416,0.066288,0.13609
0.078944,0.06724,0.14312
0.079638,0.068027,0.14985
0.080491,0.068657,0.15626
0.081248,0.069387,0.16239
0.081797,0.070326,0.16826
0.082139,0.071475,0.17388
0.077493,0.06911,0.14865
0.073124,0.066651,0.1278
0.068993,0.064131,0.11037
0.065069,0.06158,0.095681
0.061331,0.059015,0.083206
0.057761,0.056452,0.072541
0.054345,0.053901,0.063378
0.051072,0.051371,0.055464
0.047934,0.04887,0.048607
0.044923,0.046404,0.042643
0.049328,0.054358,0.045612
0.053627,0.063566,0.048565
0.0578,0.074122,0.051473
0.061822,0.086116,0.054293
0.065669,0.09964,0.056992
0.06932,0.11478,0.059531
0.07275,0.13163,0.06188
0.075939,0.15027,0.064003
0.078867,0.17077,0.065879
0.081517,0.19321,0.067483
0.088776,0.18167,0.055739
0.09507,0.17128,0.045822
0.10046,0.16196,0.037388
0.10501,0.15363,0.03018
0.10877,0.14624,0.024003
0.11178,0.13972,0.018703
0.11408,0.13402,0.014162
0.11571,0.12909,0.010282
0.11671,0.1249,0.0069858
0.11709,0.1214,0.0042069
0.11714,0.12059,0.010375
0.11716,0.11985,0.017605
0.11715,0.11918,0.025648
0.11708,0.11859,0.034306
0.11697,0.11807,0.043438
0.1168,0.11762,0.052929
0.11658,0.11724,0.062696
0.1163,0.11693,0.07267
0.11596,0.11668,0.082804
0.11556,0.1165,0.093059
0.11951,0.12067,0.10144
0.12368,0.12477,0.10971
0.12807,0.1288,0.11787
0.1327,0.13276,0.12589
0.13755,0.13665,0.13376
0.14265,0.14045,0.14149
0.14797,0.14417,0.14906
0.15354,0.1478,0.15647
0.15935,0.15134,0.16371
0.16541,0.15479,0.17078
0.16129,0.15573,0.19548
0.15747,0.15644,0.22014
0.15396,0.15691,0.2447
0.15073,0.15714,0.26914
0.14778,0.15714,0.29342
0.14509,0.15688,0.31754
0.14268,0.15637,0.34147
0.1405,0.15561,0.36522
0.13822,0.15496,0.38873
0.1357,0.15453,0.41201
0.1337,0.14818,0.29761
0.13177,0.14308,0.21312
0.12986,0.13886,0.14971
0.12796,0.13529,0.10184
0.12606,0.13224,0.065837
0.12415,0.12959,0.039166
0.12222,0.12726,0.020028
0.12027,0.12521,0.0070924
0.11831,0.12338,-0.00062507
0.11632,0.12174,-0.0038961
0.12213,0.12598,-0.0041315
0.12793,0.13049,-0.0042903
0.13374,0.13525,-0.0044093
0.13955,0.14028,-0.0046365
0.14536,0.14557,-0.0049883
0.15119,0.15113,-0.0054704
0.15707,0.15692,-0.0060842
0.16318,0.16275,-0.0068231
0.16957,0.16859,-0.0076843
0.17624,0.17445,-0.0086672
0.17741,0.17685,-0.0069867
0.17897,0.17887,-0.0059316
0.18059,0.18083,-0.0053056
0.18185,0.18316,-0.0049803
0.18276,0.18585,-0.0048554
0.18331,0.18892,-0.0047957
0.18352,0.19236,-0.0046675
0.18337,0.19617,-0.0044994
0.18287,0.20035,-0.0043113
0.18203,0.2049,-0.0041168
0.18344,0.20239,-0.0045287
0.18466,0.20011,-0.0044937
0.18569,0.19802,-0.0048376
0.18654,0.19612,-0.0056285
0.18721,0.1944,-0.0068133
0.18771,0.19286,-0.008352
0.18805,0.1915,-0.010211
0.18822,0.1903,-0.012367
0.18824,0.18928,-0.014796
0.1881,0.18841,-0.017482
0.17604,0.1763,-0.022807
0.16462,0.16485,-0.028677
0.15382,0.15401,-0.035003
0.14359,0.14376,-0.041726
0.1339,0.13407,-0.048797
0.12473,0.1249,-0.056183
0.11604,0.11624,-0.063852
0.1078,0.10805,-0.071785
0.10001,0.10031,-0.07996
0.092623,0.093005,-0.088365
0.088124,0.08872,-0.076525
0.083827,0.084628,-0.066525
0.079721,0.080724,-0.057991
0.075794,0.076998,-0.050654
0.072037,0.073445,-0.044298
0.06844,0.070058,-0.03876
0.064994,0.066828,-0.033908
0.061692,0.063751,-0.02964
0.058526,0.060819,-0.025871
0.05549,0.058027,-0.022534
0.049056,0.050535,-0.031806
0.042989,0.043857,-0.041939
0.037259,0.037937,-0.052762
0.031896,0.032665,-0.064164
0.02714,0.027729,-0.076069
0.022993,0.02307,-0.08843
0.019422,0.018666,-0.10122
0.01641,0.014497,-0.11441
0.013939,0.010548,-0.12801
0.011999,0.0068063,-0.142
0.009884,0.005827,-0.11995
0.0080335,0.0049256,-0.10135
0.0064257,0.0041035,-0.085548
0.0050416,0.0033615,-0.072081
0.0038624,0.0026996,-0.060566
0.002871,0.0021171,-0.050706
0.0020509,0.0016129,-0.042258
0.001387,0.0011851,-0.035024
0.00086467,0.000832,-0.028838
0.00047028,0.00055084,-0.023563
0.00066503,0.00098404,-0.029112
0.00094916,0.0014872,-0.035513
0.0013251,0.0020643,-0.042821
0.0017959,0.0027186,-0.051075
0.0023642,0.0034546,-0.060305
0.003021,0.0042875,-0.070524
0.0037565,0.0052333,-0.081728
0.0045753,0.0062922,-0.093905
0.0054818,0.0074657,-0.10702
0.0064804,0.0087536,-0.12105
0.0049967,0.0086942,-0.15821
0.003208,0.0090424,-0.20098
0.0010772,0.0098343,-0.24933
-0.0014322,0.011104,-0.30313
-0.0043568,0.012886,-0.36206
-0.0077306,0.015211,-0.42577
-0.011586,0.018109,-0.49375
-0.015953,0.021607,-0.56558
-0.020859,0.02573,-0.64069
-0.026327,0.030497,-0.7187
-0.024625,0.028058,-0.59849
-0.023133,0.025964,-0.50483
-0.021796,0.024132,-0.42972
-0.02058,0.022506,-0.3683
-0.019461,0.021048,-0.31717
-0.018422,0.019727,-0.27409
-0.017452,0.018524,-0.23738
-0.016541,0.01742,-0.20584
-0.015683,0.016403,-0.17856
-0.014872,0.015461,-0.15483
-0.012994,0.015056,-0.15129
-0.010666,0.015201,-0.14759
-0.0078937,0.015886,-0.14379
-0.0046761,0.017106,-0.13987
-0.0010082,0.018865,-0.13588
0.0031199,0.021169,-0.13182
0.0077226,0.024031,-0.1277
0.012818,0.027467,-0.12352
0.018429,0.031499,-0.11929
0.024579,0.036151,-0.11501
0.022526,0.033858,-0.081971
0.020604,0.031697,-0.05638
0.018807,0.029655,-0.036839
0.017127,0.027721,-0.022276
0.015557,0.025884,-0.011883
0.01409,0.024138,-0.0050168
0.012719,0.022474,-0.001188
0.011436,0.020886,-7.9217e-06
0.010231,0.019371,0.0011647
0.0090952,0.017928,0.0044756
0.0088115,0.019423,0.0072073
0.0084589,0.02102,0.010605
0.008037,0.02272,0.01467
0.007545,0.024525,0.01941
0.0069823,0.026435,0.024819
0.0063484,0.028452,0.030901
0.0056428,0.030576,0.037642
0.0048649,0.032809,0.045043
0.0040144,0.03515,0.053085
0.0030907,0.037601,0.061768
0.0042867,0.03815,0.057351
0.0054971,0.038721,0.053373
0.0067221,0.039314,0.049763
0.0079618,0.039928,0.04648
0.0092163,0.040564,0.043474
0.010486,0.041222,0.040718
0.01177,0.041902,0.038173
0.01307,0.042605,0.035821
0.014385,0.04333,0.033634
0.015715,0.044077,0.031599
0.016484,0.041637,0.022644
0.017105,0.039345,0.015703
0.017594,0.037189,0.010392
0.017965,0.035158,0.0064193
0.018229,0.033244,0.0035567
0.018395,0.031436,0.0016262
0.018473,0.029729,0.00048475
0.018472,0.028116,1.8437e-05
0.018399,0.026591,-0.00013611
0.018263,0.025146,-0.0007507
0.019284,0.026513,0.00020726
0.020336,0.027939,0.0030746
0.021422,0.029441,0.0092678
0.02255,0.031032,0.01874
0.023725,0.032722,0.031461
0.024954,0.034522,0.047403
0.026242,0.03644,0.066523
0.027595,0.038482,0.088762
0.029016,0.040656,0.11403
0.030511,0.042965,0.14222
0.02653,0.037985,0.15969
0.022847,0.033361,0.1775
0.01945,0.029076,0.19558
0.016324,0.025117,0.21394
0.013462,0.021473,0.23252
0.010854,0.018136,0.25134
0.0084963,0.015099,0.27035
0.0063838,0.012357,0.28955
0.0045148,0.0099084,0.3089
0.0028888,0.0077505,0.32842
0.00034749,0.0065182,0.31656
-0.0019027,0.0058091,0.30619
-0.0038718,0.0056064,0.29698
-0.0055681,0.0058961,0.28872
-0.0069984,0.0066688,0.28122
-0.0082959,0.0077898,0.27434
-0.010006,0.0087146,0.26795
-0.012189,0.0093838,0.26198
-0.014848,0.0097985,0.25632
-0.017987,0.0099583,0.25095
-0.02016,0.010776,0.2419
-0.022465,0.011618,0.2343
-0.024905,0.012484,0.22791
-0.027482,0.013373,0.22255
-0.0302,0.014285,0.21809
-0.033062,0.01522,0.21442
-0.036072,0.016176,0.21142
-0.039234,0.017153,0.20904
-0.042552,0.01815,0.2072
-0.046029,0.019166,0.20586
-0.045618,0.020763,0.20067
-0.045243,0.022301,0.19529
-0.044901,0.02378,0.18976
-0.044593,0.025202,0.18412
-0.044316,0.026568,0.17842
-0.04407,0.027878,0.17269
-0.043853,0.029133,0.16694
-0.043666,0.030335,0.1612
-0.043505,0.031485,0.15549
-0.043371,0.032583,0.14983
-0.040796,0.029138,0.14683
-0.038432,0.02586,0.14388
-0.036266,0.022739,0.14099
-0.03429,0.019763,0.13815
-0.032493,0.016923,0.13537
-0.030866,0.014209,0.13264
-0.029401,0.011613,0.12997
-0.02809,0.009126,0.12735
-0.026927,0.0067411,0.12478
-0.025904,0.0044513,0.12226
-0.023069,0.0022378,0.11199
-0.020538,0.00030403,0.10266
-0.018289,-0.0013708,0.094157
-0.016302,-0.002806,0.08637
-0.014557,-0.0040191,0.079228
-0.013036,-0.0050264,0.072652
-0.011724,-0.0058426,0.066592
-0.010606,-0.0064817,0.060988
-0.0096672,-0.0069559,0.05581
-0.0088962,-0.0072768,0.051004
-0.0098714,-0.007362,0.054706
-0.010969,-0.0073494,0.058492
-0.012195,-0.007233,0.062356
-0.013553,-0.0070067,0.066279
-0.015049,-0.0066645,0.070254
-0.016689,-0.0062003,0.074262
-0.018476,-0.0056081,0.078294
-0.020416,-0.0048823,0.082332
-0.022515,-0.0040171,0.086366
-0.024776,-0.003007,0.09038
-0.022487,-0.0011208,0.10812
-0.020362,0.00060327,0.12711
-0.018397,0.0021649,0.1473
-0.016595,0.0035623,0.16864
-0.014957,0.0047923,0.19108
-0.013487,0.0058511,0.21457
-0.012189,0.0067338,0.23907
-0.011069,0.0074347,0.26453
-0.010133,0.007948,0.29089
-0.0093861,0.008267,0.31812
-0.0072674,0.0063441,0.28443
-0.0054717,0.0047277,0.2544
-0.0039728,0.0033904,0.22743
-0.0027468,0.0023073,0.20309
-0.0017723,0.0014559,0.18102
-0.0010298,0.00081517,0.16095
-0.00050117,0.00036601,0.14266
-0.00016995,9.0643e-05,0.12597
-2.1047e-05,-2.7353e-05,0.11072
2.6455e-05,-6.0893e-05,0.096789
-9.1837e-05,-0.00012664,0.11344
-0.00043689,-0.00045131,0.1315
-0.001092,-0.00099971,0.15095
-0.0020815,-0.0017876,0.17174
-0.0034282,-0.0028326,0.1938
-0.0051548,-0.0041526,0.21705
-0.0072836,-0.0057649,0.2414
-0.0098364,-0.0076865,0.26674
-0.012834,-0.0099338,0.29298
-0.016297,-0.012523,0.32001
-0.018517,-0.013933,0.29183
-0.020853,-0.015403,0.2668
-0.023305,-0.016932,0.24437
-0.025872,-0.018522,0.22414
-0.028556,-0.020173,0.20574
-0.031356,-0.021885,0.18895
-0.034274,-0.023662,0.17353
-0.037312,-0.025502,0.15932
-0.040472,-0.027408,0.14619
-0.043755,-0.029382,0.134
-0.046033,-0.028701,0.11514
-0.048413,-0.027896,0.098477
-0.050895,-0.026972,0.083727
-0.053484,-0.025933,0.070657
-0.056184,-0.024781,0.059088
-0.058999,-0.023517,0.048861
-0.061935,-0.022143,0.039858
-0.064996,-0.02066,0.031967
-0.068187,-0.019067,0.025106
-0.071514,-0.017363,0.019196
-0.076125,-0.024025,0.0091336
-0.081104,-0.031024,0.0028823
-0.086462,-0.038378,0.00015687
-0.09221,-0.046101,-0.00075565
-0.09836,-0.054206,-0.004447
-0.10493,-0.062706,-0.011087
-0.11192,-0.071614,-0.020528
-0.11935,-0.08094,-0.032647
-0.12722,-0.090694,-0.047313
-0.13556,-0.10088,-0.06442
-0.13568,-0.096097,-0.048803
-0.13601,-0.09121,-0.0365
-0.13653,-0.086219,-0.026784
-0.13725,-0.08112,-0.019139
-0.13815,-0.075907,-0.013169
-0.13923,-0.07058,-0.0085849
-0.1405,-0.065134,-0.0051598
-0.14194,-0.059567,-0.0027229
-0.14356,-0.053877,-0.0011378
-0.14535,-0.048062,-0.00029979
-0.15438,-0.052295,-0.00070626
-0.16377,-0.056731,-0.0013033
-0.17351,-0.061374,-0.0020738
-0.18362,-0.066226,-0.0030039
-0.19409,-0.071292,-0.0040799
-0.20494,-0.076573,-0.0052919
-0.21614,-0.082072,-0.0066289
-0.22772,-0.087792,-0.0080837
-0.23966,-0.093734,-0.0096474
-0.25197,-0.0999,-0.011315
-0.24197,-0.10335,-0.012335
-0.23243,-0.10648,-0.013644
-0.22334,-0.1093,-0.015221
-0.21467,-0.11182,-0.01706
-0.20641,-0.11405,-0.019153
-0.19854,-0.11601,-0.0215
-0.19105,-0.11769,-0.024096
-0.18393,-0.11912,-0.026944
-0.17716,-0.12029,-0.030041
-0.17073,-0.12122,-0.033391
-0.16027,-0.11409,-0.018804
-0.1505,-0.10737,-0.0090343
-0.14135,-0.10102,-0.0032041
-0.13276,-0.095012,-0.00067691
-0.12469,-0.089324,3.1629e-05
-0.11709,-0.083938,0.0028225
-0.10993,-0.078833,0.0078043
-0.10318,-0.073988,0.01476
-0.096804,-0.069386,0.023516
-0.090769,-0.065009,0.033934
-0.097469,-0.069935,0.021181
-0.10445,-0.075068,0.011808
-0.11172,-0.080416,0.0053216
-0.11929,-0.085982,0.0013205
-0.12718,-0.091773,-0.00052919
-0.13538,-0.09779,-0.0010431
-0.1439,-0.10403,-0.00284
-0.15274,-0.1105,-0.0060615
-0.16191,-0.1172,-0.010526
-0.17141,-0.12413,-0.016076
-0.17044,-0.12283,-0.019126
-0.16947,-0.12153,-0.022475
-0.16851,-0.12023,-0.026114
-0.16754,-0.11893,-0.030036
-0.16658,-0.11764,-0.034229
-0.16561,-0.11634,-0.038685
-0.16464,-0.11505,-0.043392
-0.16368,-0.11375,-0.04834
-0.16271,-0.11246,-0.053518
-0.16174,-0.11117,-0.058916
-0.1665,-0.11995,-0.059016
-0.17152,-0.12882,-0.059241
-0.17679,-0.13777,-0.059564
-0.18231,-0.14681,-0.059969
-0.18809,-0.15593,-0.060437
-0.19412,-0.16514,-0.060955
-0.2004,-0.17443,-0.061509
-0.20694,-0.18381,-0.06209
-0.21373,-0.19328,-0.062685
-0.22077,-0.20284,-0.06329
-0.22256,-0.20487,-0.090465
-0.22432,-0.20691,-0.11993
-0.22607,-0.20894,-0.15101
-0.22781,-0.21098,-0.18323
-0.22952,-0.21302,-0.21625
-0.23123,-0.21506,-0.24981
-0.23291,-0.21711,-0.28373
-0.23458,-0.21915,-0.31789
-0.23623,-0.22119,-0.35215
-0.23786,-0.22322,-0.38648
-0.23675,-0.21026,-0.32176
-0.23732,-0.19636,-0.27194
-0.23947,-0.1815,-0.23242
-0.24312,-0.16566,-0.20035
-0.24821,-0.14881,-0.1738
-0.25467,-0.13092,-0.15146
-0.26248,-0.11197,-0.1324
-0.27159,-0.091945,-0.11596
-0.28199,-0.070811,-0.10164
-0.29366,-0.048554,-0.089091
-0.27009,-0.068075,-0.1373
-0.24878,-0.085169,-0.18824
-0.22961,-0.099995,-0.24039
-0.21247,-0.11268,-0.29295
-0.19727,-0.12334,-0.34546
-0.18393,-0.13206,-0.39774
-0.17238,-0.13891,-0.44963
-0.16259,-0.14395,-0.50111
-0.15449,-0.14723,-0.5521
-0.14806,-0.1488,-0.60262
-0.15692,-0.15459,-0.49264
-0.16556,-0.16005,-0.40812
-0.1741,-0.16523,-0.3413
-0.18264,-0.1702,-0.28739
-0.19122,-0.17499,-0.24314
-0.1999,-0.17963,-0.20635
-0.20871,-0.18414,-0.17543
-0.21766,-0.18853,-0.14923
-0.22677,-0.19282,-0.12691
-0.23607,-0.19701,-0.1078
-0.24624,-0.20634,-0.1064
-0.25666,-0.2159,-0.10397
-0.26733,-0.22569,-0.10075
-0.27823,-0.23571,-0.096937
-0.28937,-0.24594,-0.092718
-0.30073,-0.25639,-0.088233
-0.31232,-0.26706,-0.083622
-0.32413,-0.27794,-0.078973
-0.33615,-0.28902,-0.074379
-0.34838,-0.30032,-0.069891
-0.35219,-0.31125,-0.09196
-0.35632,-0.32198,-0.1143
-0.3608,-0.33252,-0.13653
-0.36561,-0.34285,-0.15844
-0.37077,-0.353,-0.17995
-0.37626,-0.36296,-0.20104
-0.38209,-0.37272,-0.22173
-0.38825,-0.38231,-0.24205
-0.39473,-0.39171,-0.26203
-0.40153,-0.40092,-0.2817
-0.38499,-0.38726,-0.33687
-0.36923,-0.37345,-0.39131
-0.35423,-0.35952,-0.445
-0.33955,-0.34586,-0.49801
-0.32479,-0.33287,-0.55038
-0.30996,-0.32051,-0.6022
-0.29508,-0.30875,-0.65346
-0.28014,-0.29756,-0.70424
-0.26518,-0.28693,-0.75445
-0.25019,-0.27683,-0.80418
-0.26282,-0.28579,-0.73351
-0.275,-0.29478,-0.6781
-0.28687,-0.30388,-0.63317
-0.29854,-0.31311,-0.59581
-0.31007,-0.3225,-0.5639
-0.32151,-0.33205,-0.53611
-0.33288,-0.34179,-0.51142
-0.34422,-0.35172,-0.48917
-0.35553,-0.36183,-0.46884
-0.36684,-0.37213,-0.45007
-0.34564,-0.34969,-0.4128
-0.32531,-0.32858,-0.38053
-0.30587,-0.30871,-0.35215
-0.28751,-0.28976,-0.32687
-0.27023,-0.27163,-0.30417
-0.25396,-0.25429,-0.28361
-0.23865,-0.23769,-0.26491
-0.22425,-0.22182,-0.2478
-0.2107,-0.20663,-0.23209
-0.19797,-0.1921,-0.21762
-0.20219,-0.19352,-0.19457
-0.20653,-0.19471,-0.17426
-0.21098,-0.19571,-0.15627
-0.21556,-0.19651,-0.14021
-0.22026,-0.19713,-0.12583
-0.22509,-0.19757,-0.11288
-0.23004,-0.19784,-0.10122
-0.23513,-0.19795,-0.090681
-0.24035,-0.19789,-0.081168
-0.2457,-0.19768,-0.072561
-0.232,-0.19789,-0.084363
-0.21981,-0.19699,-0.095508
-0.20902,-0.19506,-0.10606
-0.19955,-0.19215,-0.11606
-0.19131,-0.18833,-0.12562
-0.18424,-0.18363,-0.13477
-0.17822,-0.17816,-0.1436
-0.17194,-0.17321,-0.15215
-0.16489,-0.16926,-0.16046
-0.1571,-0.16628,-0.16857
-0.16622,-0.17319,-0.19519
-0.17551,-0.18051,-0.22188
-0.18497,-0.18826,-0.24847
-0.1946,-0.19643,-0.27484
-0.2044,-0.20504,-0.3009
-0.21437,-0.2141,-0.32659
-0.2245,-0.22361,-0.35188
-0.2348,-0.23357,-0.37675
-0.24536,-0.24388,-0.40118
-0.25635,-0.25436,-0.42518
-0.25776,-0.25465,-0.39205
-0.25932,-0.25442,-0.36489
-0.26106,-0.25373,-0.34205
-0.26299,-0.25265,-0.32246
-0.2651,-0.25122,-0.30531
-0.26741,-0.24946,-0.29006
-0.2699,-0.2474,-0.27629
-0.27258,-0.24507,-0.26371
-0.27544,-0.24249,-0.25209
-0.27847,-0.23967,-0.24125
-0.27691,-0.23855,-0.19759
-0.2753,-0.23727,-0.16243
-0.27368,-0.23588,-0.13372
-0.27207,-0.23442,-0.11
-0.27049,-0.2329,-0.090292
-0.26894,-0.23135,-0.073836
-0.26744,-0.22978,-0.060097
-0.26598,-0.22818,-0.048642
-0.26456,-0.22658,-0.039158
-0.26319,-0.22497,-0.031372
-0.25889,-0.22666,-0.038944
-0.25484,-0.22802,-0.046827
-0.25103,-0.22907,-0.054915
-0.24745,-0.22981,-0.063131
-0.24411,-0.23026,-0.071468
-0.241,-0.23043,-0.079914
-0.23812,-0.23031,-0.088494
-0.23545,-0.22993,-0.097214
-0.23301,-0.22928,-0.1061
-0.23077,-0.22837,-0.11517
-0.2377,-0.23653,-0.098152
-0.24503,-0.24435,-0.083652
-0.25246,-0.25217,-0.071238
-0.2596,-0.26039,-0.060571
-0.26649,-0.26901,-0.051398
-0.27312,-0.27803,-0.043511
-0.27951,-0.28745,-0.036761
-0.28566,-0.29727,-0.031014
-0.29159,-0.30749,-0.026177
-0.29729,-0.3181,-0.022161
-0.29789,-0.31559,-0.036956
-0.29834,-0.31315,-0.055845
-0.29866,-0.31079,-0.077654
-0.29887,-0.30854,-0.10162
-0.29898,-0.3064,-0.12724
-0.29899,-0.30437,-0.15421
-0.2989,-0.30245,-0.18229
-0.29874,-0.30065,-0.21135
-0.29848,-0.29897,-0.24127
-0.29815,-0.2974,-0.27198
-0.29861,-0.29919,-0.27756
-0.29891,-0.30122,-0.28221
-0.29905,-0.30348,-0.28595
-0.29904,-0.30597,-0.28889
-0.29888,-0.30867,-0.29101
-0.29858,-0.31159,-0.29241
-0.29813,-0.31471,-0.29309
-0.29755,-0.31803,-0.29311
-0.29683,-0.32155,-0.29248
-0.29599,-0.32525,-0.29123
-0.30714,-0.33303,-0.21003
-0.31787,-0.34059,-0.15126
-0.32828,-0.34805,-0.108
-0.33845,-0.3555,-0.075939
-0.34844,-0.36298,-0.05221
-0.35829,-0.37053,-0.034867
-0.36803,-0.37818,-0.022551
-0.37767,-0.38594,-0.014273
-0.38723,-0.39382,-0.0093108
-0.39673,-0.40183,-0.0071077
-0.3934,-0.39838,-0.0074762
-0.39017,-0.39503,-0.0079215
-0.38704,-0.39179,-0.00827
-0.38401,-0.38864,-0.0084705
-0.38108,-0.38558,-0.0085273
-0.37824,-0.38262,-0.0084671
-0.3755,-0.37974,-0.0083189
-0.37284,-0.37695,-0.0081191
-0.37026,-0.37424,-0.0078863
-0.36776,-0.37161,-0.0076334
-0.34258,-0.34825,-0.0075754
-0.31852,-0.32633,-0.0076123
-0.29552,-0.30578,-0.0077412
-0.27353,-0.28652,-0.0079612
-0.2525,-0.26849,-0.0082717
-0.23237,-0.25164,-0.0086726
-0.2131,-0.2359,-0.0091646
-0.19465,-0.22122,-0.0097476
-0.17697,-0.20756,-0.010423
-0.16003,-0.19487,-0.011192
-0.14782,-0.18505,-0.0084543
-0.13619,-0.17583,-0.0062865
-0.12513,-0.16716,-0.0046092
-0.1146,-0.159,-0.0033606
-0.10456,-0.15134,-0.0024933
-0.095002,-0.14414,-0.0019689
-0.085891,-0.13738,-0.0017528
-0.077209,-0.13104,-0.0014833
-0.068934,-0.12509,-0.00095423
-0.061045,-0.11951,-0.00018232
-0.06792,-0.12563,0.0015196
-0.075088,-0.13206,0.0039356
-0.082556,-0.13879,0.0070262
-0.090332,-0.14583,0.010758
-0.098422,-0.15319,0.0151
-0.10683,-0.16088,0.020026
-0.11557,-0.16889,0.025508
-0.12464,-0.17724,0.031527
-0.13404,-0.18592,0.03806
-0.14378,-0.19494,0.045089
-0.12617,-0.1946,0.046273
-0.10767,-0.19575,0.047238
-0.088274,-0.19836,0.048003
-0.067949,-0.20241,0.048588
-0.046682,-0.20787,0.049005
-0.024454,-0.21473,0.049269
-0.0012476,-0.223,0.049388
0.022954,-0.23266,0.049372
0.048165,-0.24372,0.049225
0.074396,-0.25619,0.048956
0.080943,-0.24513,0.044362
0.086869,-0.23466,0.041241
0.092209,-0.22474,0.039188
0.096993,-0.21536,0.037935
0.10125,-0.20647,0.037299
0.105,-0.19805,0.037154
0.10828,-0.19009,0.037411
0.1111,-0.18256,0.038006
0.11349,-0.17545,0.038893
0.11546,-0.16873,0.04004
0.12408,-0.17416,0.034218
0.13281,-0.17979,0.028711
0.14165,-0.18562,0.023575
0.1506,-0.19167,0.018856
0.15965,-0.19791,0.014595
0.16882,-0.20437,0.010821
0.17809,-0.21103,0.0075636
0.18747,-0.2179,0.0048423
0.19695,-0.22497,0.0026758
0.20653,-0.23225,0.0010771
0.1937,-0.22385,-0.00069738
0.18134,-0.21619,-0.0050009
0.1694,-0.20916,-0.013443
0.1578,-0.20272,-0.025158
0.14651,-0.19683,-0.039524
0.13547,-0.19144,-0.056096
0.12466,-0.18653,-0.074528
0.11403,-0.18206,-0.094574
0.10355,-0.17802,-0.11603
0.093217,-0.17438,-0.13873
0.086791,-0.16405,-0.12897
0.080658,-0.15417,-0.12101
0.074806,-0.14473,-0.11437
0.069219,-0.13572,-0.10873
0.063889,-0.12711,-0.10384
0.058803,-0.1189,-0.099534
0.053955,-0.11107,-0.095665
0.049335,-0.1036,-0.092148
0.044937,-0.096493,-0.088901
0.040755,-0.089723,-0.085876
0.037793,-0.083512,-0.062828
0.035161,-0.077704,-0.045325
0.032814,-0.072269,-0.032023
0.030711,-0.067177,-0.021964
0.028822,-0.062405,-0.014448
0.027119,-0.057931,-0.0089478
0.025578,-0.053734,-0.0050653
0.02418,-0.049797,-0.0024905
0.022907,-0.046103,-0.00098161
0.021743,-0.042638,-0.0003456
0.016747,-0.042941,-0.00046732
0.011544,-0.043633,-0.00064854
0.0061246,-0.044715,-0.00088062
0.00047914,-0.046189,-0.0011561
-0.0054023,-0.048059,-0.0014693
-0.01153,-0.05033,-0.0018149
-0.017913,-0.05301,-0.0021887
-0.02456,-0.056109,-0.0025863
-0.031482,-0.059638,-0.0030047
-0.038687,-0.063607,-0.0034399
-0.041023,-0.06089,-0.00069439
-0.043015,-0.058472,5.3931e-06
-0.044684,-0.056363,0.0026454
-0.046049,-0.054551,0.0076852
-0.047127,-0.053022,0.015003
-0.04793,-0.051769,0.024502
-0.048465,-0.050787,0.036107
-0.048737,-0.050074,0.049758
-0.048744,-0.049634,0.065401
-0.048503,-0.049454,0.082996
-0.048233,-0.049002,0.066933
-0.047946,-0.048554,0.05337
-0.047644,-0.048107,0.041919
-0.047327,-0.047661,0.032289
-0.046997,-0.047215,0.024242
-0.046654,-0.04677,0.017592
-0.046301,-0.046325,0.012186
-0.045937,-0.045881,0.0078985
-0.045563,-0.045437,0.0046275
-0.045181,-0.044995,0.0022874
-0.046227,-0.045548,0.0014602
-0.047411,-0.04597,0.0008553
-0.048733,-0.046259,0.00044856
-0.050192,-0.046411,0.00021903
-0.051787,-0.046424,0.00014867
-0.053519,-0.046294,0.0001318
-0.055388,-0.046018,-5.133e-06
-0.057396,-0.045593,-0.00025454
-0.059541,-0.045016,-0.00060537
-0.061825,-0.044286,-0.001048
-0.058245,-0.042395,-0.0010604
-0.054789,-0.040539,-0.0010883
-0.051456,-0.038719,-0.0011291
-0.048245,-0.036935,-0.0011811
-0.045155,-0.035185,-0.0012428
-0.042186,-0.033469,-0.001313
-0.039336,-0.031787,-0.0013906
-0.036605,-0.030139,-0.0014748
-0.033992,-0.028524,-0.0015647
-0.031496,-0.026942,-0.0016598
-0.03408,-0.029796,-0.0020597
-0.036822,-0.032799,-0.0024881
-0.039724,-0.035957,-0.0029401
-0.04279,-0.039271,-0.0034113
-0.046024,-0.042746,-0.0038959
-0.049429,-0.046385,-0.0043891
-0.053009,-0.05019,-0.0048856
-0.056766,-0.054166,-0.005381
-0.060704,-0.058313,-0.0058704
-0.064825,-0.062636,-0.0063501
-0.062397,-0.05921,-0.0042358
-0.060196,-0.055805,-0.0026638
-0.05821,-0.052416,-0.0015169
-0.05643,-0.049035,-0.00070557
-0.054847,-0.04566,-0.00015985
-0.053453,-0.042283,0.00017441
-0.052241,-0.038902,0.00034012
-0.051203,-0.035511,0.00037844
-0.050334,-0.032107,0.00046021
-0.049626,-0.028686,0.00063026
-0.046034,-0.027102,0.008022
-0.042537,-0.025608,0.024682
-0.0391,-0.024179,0.049698
-0.035698,-0.022797,0.082572
-0.032314,-0.021446,0.12302
-0.028941,-0.020118,0.17088
-0.02558,-0.018805,0.22594
-0.022243,-0.017504,0.28799
-0.018945,-0.016214,0.35669
-0.015706,-0.014934,0.43171
-0.013574,-0.015189,0.36087
-0.012086,-0.014799,0.30506
-0.011186,-0.013847,0.25997
-0.010169,-0.013051,0.22287
-0.0086202,-0.012837,0.1918
-0.0065971,-0.013153,0.16545
-0.0041438,-0.01396,0.1428
-0.0012921,-0.015231,0.12315
0.0019373,-0.016946,0.10594
0.0055326,-0.019095,0.090766
0.0084822,-0.019403,0.087874
0.011384,-0.019946,0.084887
0.014241,-0.020724,0.081829
0.017056,-0.021739,0.078713
0.019832,-0.022993,0.075558
0.022574,-0.02449,0.072372
0.025286,-0.026235,0.069171
0.027972,-0.028231,0.06596
0.030637,-0.030486,0.062754
0.033286,-0.033005,0.059555
0.030308,-0.030004,0.070223
0.027474,-0.027183,0.081482
0.024774,-0.024535,0.093311
0.022201,-0.022053,0.10568
0.019749,-0.019731,0.11858
0.017413,-0.017564,0.13199
0.015189,-0.015549,0.14588
0.013074,-0.013683,0.16024
0.011067,-0.011964,0.17505
0.0091667,-0.010391,0.1903
0.0066043,-0.0081753,0.18117
0.0044088,-0.0063421,0.17318
0.0025515,-0.0048633,0.16614
0.0010073,-0.0037147,0.15989
-0.00024515,-0.0028755,0.15429
-0.0012239,-0.0023283,0.14925
-0.0019438,-0.0020585,0.14465
-0.0024169,-0.0020542,0.14045
-0.002745,-0.0022139,0.13657
-0.0032852,-0.0021807,0.13296
-0.003775,-0.00253,0.15009
-0.0043379,-0.0029368,0.16815
-0.0049799,-0.0034068,0.18703
-0.0057063,-0.0039453,0.20664
-0.0065226,-0.004558,0.22686
-0.0074337,-0.0052503,0.2476
-0.0084442,-0.0060275,0.26874
-0.0095586,-0.0068946,0.2902
-0.010781,-0.0078567,0.31187
-0.012115,-0.0089182,0.33369
-0.012267,-0.0080952,0.31095
-0.012635,-0.0071171,0.29084
-0.013204,-0.0059937,0.27283
-0.013956,-0.0047325,0.25659
-0.014881,-0.0033392,0.24181
-0.015967,-0.0018181,0.22828
-0.017208,-0.00017237,0.2158
-0.018595,0.001596,0.20424
-0.020125,0.0034861,0.19346
-0.021793,0.0054974,0.18338
-0.023619,0.005184,0.16176
-0.025508,0.0048467,0.14267
-0.027462,0.004485,0.12573
-0.02948,0.0040982,0.11061
-0.031565,0.0036856,0.097073
-0.03372,0.0032464,0.084918
-0.035946,0.0027796,0.073988
-0.038246,0.0022843,0.06414
-0.040624,0.0017592,0.055276
-0.043083,0.0012031,0.04729
-0.041714,0.00051042,0.045281
-0.040382,-0.00013809,0.043028
-0.039088,-0.00074366,0.040594
-0.037829,-0.0013075,0.038018
-0.036605,-0.0018309,0.035352
-0.035415,-0.0023152,0.032626
-0.034258,-0.0027618,0.029884
-0.033133,-0.0031719,0.02715
-0.032039,-0.0035469,0.024457
-0.030976,-0.0038882,0.021824
-0.034093,-0.0023337,0.015587
-0.037442,-0.00056061,0.01045
-0.04103,0.0014462,0.0063525
-0.044866,0.0037024,0.0032438
-0.048961,0.0062236,0.0010861
-0.053324,0.0090253,-0.00015701
-0.057966,0.012122,-0.00053627
-0.062888,0.015523,-0.0011522
-0.068095,0.019237,-0.0025996
-0.073597,0.023279,-0.0048496
-0.074003,0.030279,-0.0044039
-0.074767,0.037167,-0.0040126
-0.075891,0.043948,-0.0036674
-0.077373,0.050629,-0.0033641
-0.079215,0.057215,-0.003097
-0.08142,0.063708,-0.0028634
-0.083992,0.070113,-0.0026597
-0.086934,0.076433,-0.002484
-0.090253,0.082668,-0.0023336
-0.093952,0.088821,-0.0022074
-0.09309,0.086258,-0.001568
-0.092392,0.083637,-0.0012682
-0.091852,0.080954,-0.0011913
-0.091467,0.078212,-0.0010365
-0.091232,0.075406,-0.00076583
-0.091143,0.072537,-0.00041957
-0.091196,0.069601,-2.7577e-05
-0.091387,0.066598,0.0003875
-0.091713,0.063525,0.00080934
-0.092172,0.06038,0.0012254
-0.091815,0.058936,-0.00014235
-0.091474,0.057501,-0.00085379
-0.091147,0.056075,-0.0010425
-0.090831,0.054653,-0.0012505
-0.090522,0.053234,-0.0017953
-0.090221,0.051818,-0.0026103
-0.089929,0.050405,-0.0036419
-0.089647,0.048996,-0.004847
-0.089374,0.04759,-0.0061903
-0.089111,0.046187,-0.0076436
-0.09546,0.044631,-0.0053729
-0.10224,0.042763,-0.0036681
-0.10946,0.040575,-0.0024587
-0.11714,0.038061,-0.0016829
-0.12528,0.035212,-0.0012854
-0.1339,0.03202,-0.0012134
-0.14302,0.028481,-0.0010919
-0.15263,0.024588,-0.00072517
-0.16276,0.020334,-0.00014625
-0.17342,0.015713,0.00061603
-0.15995,0.017591,0.0006115
-0.14733,0.019243,0.00063849
-0.13552,0.020677,0.00068831
-0.12447,0.021904,0.00075492
-0.11414,0.02293,0.0008341
-0.1045,0.023766,0.0009229
-0.095507,0.02442,0.0010192
-0.087126,0.024901,0.0011214
-0.079327,0.025217,0.0012285
-0.072082,0.025377,0.0013396
-0.069859,0.022307,0.00045297
-0.067765,0.019361,-0.00011979
-0.065793,0.016533,-0.00043515
-0.063937,0.013815,-0.00053803
-0.06219,0.011202,-0.00056504
-0.060545,0.0086874,-0.00073389
-0.058999,0.0062668,-0.0010285
-0.057546,0.0039358,-0.0014291
-0.056183,0.0016905,-0.0019195
-0.054906,-0.00047285,-0.002486
-0.054332,-0.003891,-0.0037258
-0.0539,-0.0072225,-0.0052181
-0.053607,-0.010475,-0.0069446
-0.053446,-0.013654,-0.0088893
-0.053413,-0.016767,-0.011039
-0.053504,-0.019817,-0.01338
-0.053718,-0.022809,-0.015904
-0.054051,-0.025748,-0.0186
-0.054501,-0.028635,-0.02146
-0.055068,-0.031474,-0.024477
-0.058966,-0.037367,-0.026298
-0.063312,-0.043482,-0.028143
-0.068125,-0.049831,-0.030008
-0.073422,-0.056428,-0.03189
-0.079222,-0.063285,-0.033783
-0.085542,-0.070415,-0.035685
-0.092401,-0.07783,-0.03759
-0.099815,-0.085542,-0.039496
-0.1078,-0.093562,-0.041398
-0.11638,-0.1019,-0.043294
-0.12465,-0.1092,-0.035072
-0.13327,-0.11676,-0.028223
-0.14224,-0.12458,-0.02253
-0.15159,-0.13267,-0.017818
-0.16131,-0.14103,-0.013937
-0.17142,-0.14966,-0.010764
-0.18191,-0.15857,-0.0081934
-0.1928,-0.16776,-0.0061379
-0.20409,-0.17723,-0.004523
-0.21578,-0.18699,-0.0032861
-0.21744,-0.18757,-0.0054034
-0.21921,-0.18803,-0.0077904
-0.22106,-0.18837,-0.010302
-0.22301,-0.18858,-0.012845
-0.22504,-0.18868,-0.015358
-0.22717,-0.18865,-0.017806
-0.22939,-0.18851,-0.020163
-0.23169,-0.18825,-0.022417
-0.23408,-0.18787,-0.024563
-0.23656,-0.18737,-0.026599
-0.22067,-0.17902,-0.012715
-0.2064,-0.17044,-0.0048794
-0.1936,-0.16162,-0.0014411
-0.18216,-0.15255,-0.00068809
-0.17151,-0.14378,0.0017928
-0.1608,-0.13623,0.0063075
-0.14998,-0.12984,0.012483
-0.13905,-0.12454,0.020047
-0.12798,-0.12028,0.028798
-0.11675,-0.11699,0.038582
-0.11907,-0.11599,0.025994
-0.1213,-0.11512,0.016572
-0.12345,-0.11439,0.0096577
-0.1255,-0.11379,0.004766
-0.12747,-0.11331,0.0015288
-0.12936,-0.11294,-0.00033496
-0.13116,-0.1127,-0.0010434
-0.13288,-0.11256,-0.0014254
-0.13451,-0.11253,-0.0026332
-0.13604,-0.11261,-0.0045813
-0.13347,-0.11298,-0.003799
-0.13043,-0.11394,-0.0031374
-0.12693,-0.11548,-0.0025869
-0.12298,-0.11759,-0.0021403
-0.11859,-0.12026,-0.0017921
-0.11375,-0.12349,-0.0015384
-0.10849,-0.12728,-0.0013763
-0.10279,-0.13164,-0.0013038
-0.09665,-0.13656,-0.0012993
-0.090083,-0.14205,-0.0012343
-0.096012,-0.14529,-0.0012818
-0.10204,-0.14861,-0.0013457
-0.10816,-0.15201,-0.0014317
-0.11438,-0.15548,-0.0015411
-0.1207,-0.15903,-0.0016726
-0.12711,-0.16266,-0.001823
-0.13362,-0.16636,-0.0019877
-0.14023,-0.17014,-0.002162
-0.14693,-0.174,-0.0023406
-0.15373,-0.17794,-0.0025183
-0.14484,-0.17546,-0.0022521
-0.13601,-0.17318,-0.0017698
-0.12723,-0.1711,-0.0010918
-0.11851,-0.16922,-0.00023474
-0.10984,-0.16753,0.00078751
-0.10123,-0.16603,0.0019632
-0.092689,-0.16472,0.0032824
-0.084205,-0.1636,0.0047364
-0.075785,-0.16267,0.0063175
-0.06743,-0.16193,0.008019
-0.063152,-0.16469,0.0087278
-0.058799,-0.16758,0.0094315
-0.054368,-0.17059,0.010129
-0.049859,-0.17372,0.010818
-0.045274,-0.17697,0.011498
-0.040611,-0.18035,0.012168
-0.03587,-0.18385,0.012826
-0.031052,-0.18747,0.013471
-0.026156,-0.19121,0.014102
-0.021182,-0.19508,0.014719
-0.036804,-0.16165,0.0064752
-0.048892,-0.13375,0.0016277
-0.057879,-0.11071,-0.00093117
-0.064131,-0.091993,-0.0019031
-0.067962,-0.077094,-0.0019734
-0.069625,-0.065586,-0.0026522
-0.069337,-0.057122,-0.0039928
-0.067266,-0.051426,-0.0058545
-0.063873,-0.047837,-0.0081408
-0.061806,-0.042791,-0.010757
-0.060778,-0.04305,-0.021254
-0.05983,-0.043083,-0.035311
-0.058959,-0.042888,-0.052765
-0.058166,-0.042462,-0.073487
-0.057449,-0.041804,-0.09736
-0.056795,-0.040931,-0.12428
-0.056037,-0.040062,-0.15415
-0.055129,-0.039258,-0.18688
-0.054073,-0.038521,-0.22235
-0.05287,-0.037851,-0.26049
-0.050418,-0.034177,-0.24421
-0.047395,-0.031558,-0.23053
-0.045139,-0.028185,-0.21876
-0.043856,-0.023761,-0.2085
-0.043514,-0.018311,-0.19937
-0.044089,-0.011847,-0.19115
-0.045567,-0.00437,-0.18364
-0.047943,0.0041265,-0.1767
-0.05122,0.013659,-0.17021
-0.055405,0.024248,-0.16409
-0.057897,0.024974,-0.17664
-0.060475,0.025717,-0.18908
-0.063136,0.026475,-0.20137
-0.06588,0.027245,-0.21349
-0.068706,0.02803,-0.22541
-0.071612,0.028825,-0.23714
-0.074599,0.029629,-0.24864
-0.077664,0.030441,-0.25992
-0.080806,0.031258,-0.27096
-0.084024,0.032076,-0.28179
-0.082462,0.028973,-0.32834
-0.080983,0.025925,-0.37602
-0.079593,0.022929,-0.42452
-0.078297,0.019983,-0.47365
-0.077099,0.017084,-0.52319
-0.076002,0.014233,-0.57306
-0.07501,0.011428,-0.62305
-0.074124,0.0086716,-0.67317
-0.073348,0.0059618,-0.72323
-0.072681,0.0033006,-0.7733
-0.072458,0.013107,-0.78163
-0.072873,0.023383,-0.79195
-0.073922,0.034119,-0.80358
-0.075601,0.045311,-0.81636
-0.077909,0.056952,-0.82979
-0.080844,0.06904,-0.8438
-0.084406,0.081569,-0.85801
-0.088596,0.094538,-0.87242
-0.093414,0.10794,-0.88671
-0.098862,0.12178,-0.90093
-0.087434,0.10847,-0.82166
-0.076952,0.096479,-0.75765
-0.067352,0.085621,-0.70452
-0.058573,0.075761,-0.65959
-0.050565,0.066794,-0.62092
-0.043279,0.058634,-0.58718
-0.036675,0.05121,-0.55744
-0.030712,0.044461,-0.53093
-0.025357,0.038337,-0.50716
-0.020579,0.032789,-0.48564
-0.021682,0.03183,-0.52002
-0.023053,0.030598,-0.55306
-0.024696,0.029094,-0.58476
-0.026613,0.027317,-0.61505
-0.028808,0.025269,-0.64395
-0.031282,0.022949,-0.6715
-0.034037,0.02036,-0.69775
-0.037073,0.017504,-0.72279
-0.04039,0.014382,-0.74665
-0.043988,0.010995,-0.76946
-0.04133,-0.00029621,-0.75655
-0.039931,-0.010093,-0.7462
-0.039743,-0.018484,-0.73774
-0.040728,-0.025546,-0.73077
-0.04286,-0.031335,-0.72489
-0.04612,-0.0359,-0.71986
-0.049941,-0.04002,-0.71541
-0.053,-0.045478,-0.7114
-0.055246,-0.052339,-0.70764
-0.056686,-0.060598,-0.70402
-0.045275,-0.051405,-0.68124
-0.035252,-0.04325,-0.66142
-0.026533,-0.036081,-0.64397
-0.019045,-0.029849,-0.62845
-0.012721,-0.024512,-0.61454
-0.0075007,-0.020029,-0.60193
-0.0033302,-0.016368,-0.59044
-0.00016185,-0.013497,-0.57986
0.0020469,-0.01139,-0.57008
0.0033319,-0.010024,-0.56092
0.0029153,-0.010502,-0.53524
0.0024523,-0.011012,-0.51055
0.0019413,-0.011559,-0.48681
0.0013804,-0.012144,-0.46394
0.00076806,-0.01277,-0.44195
0.0001028,-0.013441,-0.42074
-0.00061657,-0.014158,-0.40032
-0.0013916,-0.014925,-0.38061
-0.0022229,-0.015744,-0.36163
-0.0031118,-0.016617,-0.34329
-0.0060866,-0.018961,-0.3426
-0.0095303,-0.021699,-0.34237
-0.013454,-0.024843,-0.34257
-0.017872,-0.028401,-0.34309
-0.022797,-0.032389,-0.34393
-0.028248,-0.036819,-0.34498
-0.03424,-0.041707,-0.34626
-0.040793,-0.047067,-0.34769
-0.047924,-0.052918,-0.34926
-0.055654,-0.059275,-0.35092
-0.056045,-0.061167,-0.3331
-0.056304,-0.063214,-0.31552
-0.056433,-0.065416,-0.29827
-0.056433,-0.067774,-0.28137
-0.056304,-0.07029,-0.26488
-0.056048,-0.072963,-0.24879
-0.055666,-0.075794,-0.23316
-0.055157,-0.078784,-0.21798
-0.054523,-0.081935,-0.20328
-0.053764,-0.085238,-0.18904
-0.051792,-0.077374,-0.1829
-0.049798,-0.070137,-0.17735
-0.047775,-0.063504,-0.17235
-0.045717,-0.057448,-0.1678
-0.043618,-0.051945,-0.16367
-0.041471,-0.04697,-0.15989
-0.039272,-0.042502,-0.15643
-0.037014,-0.038518,-0.15325
-0.034692,-0.035001,-0.15032
-0.0323,-0.031931,-0.14761
-0.031398,-0.030072,-0.11257
-0.030536,-0.028473,-0.084287
-0.029712,-0.027089,-0.061537
-0.028924,-0.025886,-0.043366
-0.028168,-0.024835,-0.029071
-0.027442,-0.023913,-0.01807
-0.026742,-0.023102,-0.0099327
-0.026067,-0.022385,-0.0042985
-0.025412,-0.021749,-0.00089806
-0.024776,-0.021184,0.00048942
-0.024381,-0.020803,0.00030802
-0.024092,-0.020297,2.6707e-05
-0.023945,-0.019625,-0.00034926
-0.023941,-0.018789,-0.00081205
-0.024083,-0.017792,-0.0013581
-0.024374,-0.016633,-0.0019805
-0.024818,-0.01531,-0.0026772
-0.02542,-0.01382,-0.003442
-0.026187,-0.01216,-0.0042733
-0.027127,-0.010322,-0.0051651
-0.028376,-0.0097139,-0.0054831
-0.029677,-0.0090416,-0.0057674
-0.031032,-0.0083046,-0.0060169
-0.032439,-0.0075022,-0.0062271
-0.033901,-0.006634,-0.0063978
-0.035416,-0.0056995,-0.0065258
-0.036985,-0.0046981,-0.0066118
-0.038609,-0.0036293,-0.0066541
-0.040287,-0.0024929,-0.006654
-0.042021,-0.0012883,-0.0066113
-0.042335,-0.0058669,-0.0079434
-0.042897,-0.010376,-0.0093512
-0.043711,-0.014827,-0.010827
-0.04478,-0.019228,-0.012362
-0.04611,-0.023589,-0.013951
-0.047708,-0.027919,-0.015588
-0.049581,-0.032225,-0.017267
-0.05174,-0.036517,-0.018983
-0.054196,-0.040801,-0.020731
-0.056958,-0.045085,-0.022507
-0.058042,-0.045733,-0.01681
-0.059144,-0.046406,-0.012087
-0.060262,-0.047099,-0.0082459
-0.061396,-0.047809,-0.005208
-0.062542,-0.048529,-0.0029074
-0.063699,-0.049257,-0.0012875
-0.064866,-0.049988,-0.00029937
-0.066042,-0.050719,9.9446e-05
-0.067225,-0.051448,0.00022242
-0.068411,-0.052175,0.0008199
-0.06497,-0.047966,9.5688e-05
-0.061747,-0.043882,-9.1314e-05
-0.058733,-0.039909,-0.00071247
-0.055921,-0.036039,-0.0018657
-0.053303,-0.032266,-0.0034985
-0.050869,-0.028582,-0.0055691
-0.048613,-0.024981,-0.0080435
-0.046528,-0.021457,-0.010895
-0.044609,-0.018005,-0.0141
-0.04285,-0.014619,-0.01764
-0.044091,-0.015822,-0.020584
-0.045369,-0.017048,-0.023566
-0.046683,-0.018298,-0.026555
-0.048034,-0.019572,-0.029526
-0.04942,-0.020873,-0.032453
-0.050841,-0.0222,-0.035318
-0.052299,-0.023554,-0.038103
-0.053792,-0.024937,-0.040796
-0.05532,-0.02635,-0.043381
-0.056884,-0.027792,-0.045853
-0.056767,-0.023894,-0.023816
-0.056907,-0.01976,-0.009746
-0.057295,-0.015395,-0.0021569
-0.057924,-0.010799,2.6579e-06
-0.058775,-0.0060645,0.002819
-0.059839,-0.0012457,0.0099235
-0.061121,0.0036721,0.020957
-0.062627,0.0087037,0.035645
-0.064362,0.013862,0.053759
-0.066332,0.019161,0.075097
-0.065388,0.024901,0.047314
-0.064688,0.030216,0.027443
-0.06421,0.035179,0.013881
-0.063942,0.03985,0.0055093
-0.063875,0.044276,0.0015175
-0.064006,0.048507,0.0006768
-0.064346,0.052657,-0.0023368
-0.064897,0.056759,-0.0083517
-0.065662,0.060817,-0.017096
-0.066646,0.064837,-0.028348
-0.071398,0.069092,-0.031825
-0.076361,0.073513,-0.035461
-0.081537,0.0781,-0.039245
-0.086927,0.082854,-0.043175
-0.092534,0.087774,-0.04724
-0.098358,0.092861,-0.051437
-0.1044,0.098115,-0.055753
-0.11066,0.10353,-0.060189
-0.11714,0.10912,-0.064733
-0.12384,0.11487,-0.069385
-0.13023,0.12464,-0.081001
-0.13698,0.13471,-0.093187
-0.14411,0.14507,-0.10589
-0.15161,0.15573,-0.11907
-0.15948,0.16667,-0.13269
-0.16773,0.1779,-0.14672
-0.17636,0.18941,-0.16112
-0.18537,0.2012,-0.17588
-0.19476,0.21325,-0.19094
-0.20452,0.22557,-0.2063
-0.19338,0.21403,-0.22488
-0.18284,0.20307,-0.2427
-0.17287,0.19265,-0.2598
-0.16344,0.18274,-0.2763
-0.1545,0.17329,-0.2922
-0.14603,0.16428,-0.30759
-0.138,0.15567,-0.32246
-0.13039,0.14743,-0.3369
-0.12318,0.13955,-0.35086
-0.11633,0.132,-0.36442
-0.091574,0.10384,-0.29368
-0.071083,0.080568,-0.24001
-0.054236,0.061446,-0.19817
-0.04051,0.045869,-0.16494
-0.029463,0.033325,-0.13812
-0.020709,0.023375,-0.11624
-0.013916,0.015637,-0.098216
-0.0087892,0.0097769,-0.083263
-0.0050704,0.0055023,-0.07079
-0.002533,0.0025563,-0.060314
-0.0019031,0.0021606,-0.050026
-0.0014526,0.0017544,-0.041225
-0.00089786,0.0015701,-0.033701
-0.00024505,0.0015845,-0.027258
0.00049085,0.001769,-0.021751
0.001301,0.0021024,-0.01704
0.0021828,0.0025716,-0.013026
0.00314,0.0031714,-0.0096189
0.0041824,0.0039047,-0.0067621
0.0053251,0.0047818,-0.004413
0.0061139,0.0057693,-0.004716
0.0069174,0.006964,-0.0050253
0.0077371,0.0083843,-0.0053436
0.0085737,0.010049,-0.005667
0.0094279,0.011979,-0.0059977
0.0103,0.014194,-0.0063314
0.011191,0.016715,-0.0066696
0.0121,0.019562,-0.0070077
0.013028,0.022758,-0.0073465
0.013975,0.026325,-0.0076805
0.013812,0.026524,-0.0032092
0.013683,0.026707,-0.00077776
0.013579,0.026872,-0.00016862
0.013475,0.027045,0.0010912
0.013354,0.027238,0.0040685
0.01321,0.027448,0.008705
0.013035,0.027674,0.014954
0.012823,0.027915,0.022785
0.012569,0.028168,0.032167
0.012268,0.028434,0.043081
0.012125,0.024024,0.041248
0.011829,0.020172,0.039617
0.011388,0.016842,0.038132
0.01081,0.013999,0.036761
0.010102,0.011612,0.035471
0.0092683,0.0096521,0.034244
0.0083141,0.0080926,0.03306
0.0072427,0.0069091,0.031911
0.0062805,0.0058212,0.03079
0.0056342,0.0045726,0.029699
0.0041176,0.0033806,0.02348
0.0028711,0.0024198,0.01839
0.001876,0.0016604,0.014239
0.0011143,0.0010737,0.010875
0.00056944,0.0006315,0.0081695
0.00022172,0.00031026,0.0060151
-2.493e-06,0.00015118,0.0043156
-0.00014522,0.00016268,0.0029848
-0.00030434,0.0002666,0.0019442
-0.00062271,0.0003376,0.0011311
-0.00063111,0.00042004,0.00039128
-0.00064644,0.00050053,3.8639e-05
-0.00066884,0.00058107,-4.3082e-05
-0.00069514,0.00066107,-0.00034578
-0.0007267,0.0007434,-0.00099809
-0.00076606,0.00083146,-0.0020622
-0.0008157,0.00092829,-0.0036272
-0.00087818,0.0010367,-0.0058035
-0.00095619,0.0011594,-0.0087158
-0.0010524,0.0012995,-0.0125
-0.0007113,0.00098868,-0.0063714
-0.00034938,0.00084245,-0.0025537
2.7463e-05,0.00081898,-0.00055251
0.00042653,0.0008878,4.141e-06
0.00085725,0.0010474,0.00077073
0.0013377,0.0013181,0.0029486
0.001887,0.0017315,0.0068062
0.0025219,0.002321,0.012672
0.0033438,0.0030202,0.020883
0.0044225,0.0038007,0.031762
0.0039097,0.0028411,0.025098
0.0035383,0.0018947,0.01952
0.003295,0.00096471,0.01487
0.0031686,5.2704e-05,0.011022
0.0031504,-0.00084138,0.0078693
0.0032343,-0.0017196,0.0053267
0.0034172,-0.0025862,0.0033277
0.0036994,-0.0034474,0.0018243
0.0040847,-0.0043112,0.00078645
0.0045795,-0.0051867,0.00020105
0.0051076,-0.0058086,0.00023179
0.0056796,-0.0064848,0.00026959
0.0062976,-0.0072179,0.00031526
0.0069639,-0.0080108,0.00036945
0.0076808,-0.0088663,0.00043288
0.0084505,-0.0097871,0.00050601
0.0092754,-0.010776,0.00058934
0.010158,-0.011836,0.000683
0.0111,-0.012969,0.00078713
0.012104,-0.014179,0.00090146
0.011455,-0.013329,0.00014331
0.01084,-0.012513,-9.4512e-05
0.010263,-0.011725,-0.001011
0.0097231,-0.010962,-0.0026181
0.0092155,-0.010221,-0.0048553
0.008738,-0.0094982,-0.0076798
0.0082886,-0.0087909,-0.011062
0.0078659,-0.0080968,-0.014982
0.007469,-0.0074138,-0.019428
0.0070974,-0.0067402,-0.024394
0.0076468,-0.0071889,-0.031536
0.0082234,-0.0076418,-0.039744
0.008827,-0.0080973,-0.049035
0.0094576,-0.008554,-0.059418
0.010115,-0.0090103,-0.070881
0.010798,-0.0094648,-0.083411
0.011507,-0.0099163,-0.09697
0.012242,-0.010363,-0.11153
0.013001,-0.010805,-0.12702
0.013784,-0.01124,-0.14341
0.017058,-0.013593,-0.12835
0.020756,-0.016123,-0.11486
0.024888,-0.018838,-0.10268
0.029467,-0.021748,-0.091632
0.034506,-0.024864,-0.081552
0.040023,-0.028196,-0.072347
0.046036,-0.031756,-0.063929
0.052561,-0.035553,-0.056237
0.059618,-0.039598,-0.049219
0.067224,-0.0439,-0.042833
0.066979,-0.040978,-0.052738
0.066799,-0.038044,-0.062979
0.066685,-0.035099,-0.073446
0.066635,-0.032142,-0.084048
0.06665,-0.029173,-0.094708
0.06673,-0.026194,-0.10537
0.066875,-0.023204,-0.11598
0.067085,-0.020203,-0.1265
0.06736,-0.017192,-0.1369
0.0677,-0.014171,-0.14715
0.066295,-0.012623,-0.10584
0.065079,-0.011181,-0.074548
0.064016,-0.0098277,-0.050841
0.063076,-0.0085501,-0.033046
0.062237,-0.0073354,-0.019962
0.06148,-0.0061734,-0.010708
0.060788,-0.0050549,-0.0046297
0.060149,-0.0039726,-0.0012249
0.059552,-0.0029199,-0.00010743
0.058991,-0.0019,0.00073746
0.052897,0.0023493,0.0029436
0.047478,0.00592,0.0063015
0.042668,0.0088803,0.01066
0.038411,0.011289,0.015905
0.034655,0.013197,0.02194
0.03136,0.014647,0.028697
0.028488,0.015672,0.036118
0.026011,0.0163,0.044171
0.023906,0.016551,0.052821
0.022157,0.016438,0.062058
0.019736,0.015059,0.052773
0.017565,0.01367,0.044954
0.015631,0.012273,0.038315
0.013858,0.010947,0.032654
0.012128,0.0098255,0.027797
0.010436,0.0089014,0.023617
0.0087802,0.0081663,0.020005
0.007158,0.0076126,0.016875
0.0055663,0.0072335,0.014156
0.0040025,0.0070231,0.011789
0.0055564,0.0068712,0.010257
0.007012,0.0069635,0.0088741
0.0083762,0.0072914,0.0076186
0.0096514,0.0078514,0.0064735
0.010836,0.0086452,0.0054273
0.012074,0.009494,0.0044703
0.013534,0.010186,0.003596
0.015228,0.010706,0.0028025
0.017167,0.011038,0.0020903
0.019367,0.011163,0.0014606
0.017547,0.0095453,0.00054488
0.015876,0.0080254,3.0429e-05
0.014346,0.006599,-0.00014188
0.012948,0.0052624,-0.00025002
0.011673,0.0040125,-0.00060962
0.010516,0.0028449,-0.0011903
0.0094715,0.0017557,-0.0019654
0.008535,0.00074131,-0.0029139
0.0077025,-0.00020121,-0.0040189
0.00697,-0.0010745,-0.0052681
0.0057159,0.00019794,-0.0064954
0.0047058,0.001167,-0.0078858
0.0039201,0.0018572,-0.0094397
0.0033434,0.0022873,-0.011156
0.002966,0.0024695,-0.013033
0.0027581,0.0024409,-0.015065
0.0024328,0.002563,-0.017243
0.0019044,0.0029449,-0.019561
0.0011614,0.0036016,-0.022011
0.00018948,0.0045526,-0.02459
0.033152,0.034095,-0.046035
0.028162,0.028349,-0.033655
0.023641,0.023176,-0.023496
0.019564,0.018572,-0.015362
0.015907,0.014531,-0.0090923
0.012646,0.011049,-0.0045545
0.0097542,0.0081212,-0.0016341
0.0072046,0.0057446,-0.00023143
0.0049842,0.0039013,0.00014317
0.003293,0.0023235,0.0015675
0.0045169,0.0040528,0.0014691
0.0048147,0.0075267,0.0014019
0.0039301,0.012957,0.0013742
0.0018572,0.020275,0.0013843
-0.0014022,0.029426,0.0014282
-0.0058438,0.040365,0.0015022
-0.011463,0.053055,0.0016024
-0.018254,0.067467,0.0017255
-0.026212,0.083576,0.0018685
-0.035332,0.10136,0.0020282
-0.029885,0.098495,0.00082595
-0.024446,0.095762,0.00048701
-0.019033,0.093171,-0.0001049
-0.013652,0.090727,-0.0012749
-0.0083038,0.088431,-0.0029128
-0.0029886,0.086286,-0.0049321
0.002293,0.084295,-0.0072639
0.0075405,0.082461,-0.0098531
0.012753,0.080785,-0.012655
0.017932,0.07927,-0.015634
0.023038,0.080378,-0.017725
0.028269,0.081618,-0.01995
0.033629,0.082991,-0.022307
0.039121,0.084497,-0.024795
0.044748,0.086136,-0.02741
0.050515,0.087909,-0.030151
0.056422,0.089816,-0.033012
0.062473,0.09186,-0.035992
0.068671,0.09404,-0.039085
0.075018,0.096359,-0.04229
0.072701,0.099087,-0.040931
0.070273,0.10198,-0.040026
0.06774,0.10505,-0.039509
0.065105,0.10829,-0.039332
0.062372,0.11171,-0.039452
0.059544,0.1153,-0.039839
0.056625,0.11908,-0.040467
0.053616,0.12304,-0.041318
0.05052,0.12718,-0.042372
0.047338,0.13151,-0.043618
0.068656,0.13233,-0.030072
0.090439,0.13454,-0.019413
0.11269,0.13819,-0.011382
0.13544,0.14331,-0.0057825
0.15869,0.14993,-0.0024627
0.18249,0.15807,-0.0013014
0.20687,0.16773,-0.00062823
0.23187,0.17895,0.0019974
0.25754,0.19172,0.0065335
0.2839,0.20605,0.01292
0.26216,0.19546,0.011419
0.24058,0.18679,0.010829
0.21912,0.17999,0.010886
0.19771,0.17501,0.011446
0.17631,0.1718,0.012427
0.15488,0.17033,0.013788
0.13337,0.17055,0.015505
0.11174,0.17245,0.017573
0.089973,0.17599,0.019992
0.06803,0.18116,0.022767
0.081465,0.18439,0.014529
0.095266,0.18796,0.0077706
0.10944,0.1919,0.0027267
0.12398,0.19619,-0.00040774
0.13889,0.20085,-0.0014795
0.15419,0.20587,-0.0027871
0.16986,0.21123,-0.0063992
0.18592,0.21693,-0.0124
0.20237,0.22298,-0.020859
0.21921,0.22937,-0.031831
0.18754,0.22502,-0.0078383
0.15675,0.22264,-0.0018305
0.12667,0.22227,0.0069529
0.097177,0.2239,0.027831
0.06816,0.22749,0.059143
0.039531,0.23301,0.099708
0.011225,0.24043,0.14865
-0.016799,0.24976,0.20529
-0.044567,0.26102,0.26907
-0.072089,0.27424,0.33953
-0.067568,0.27039,0.33277
-0.063151,0.26674,0.32775
-0.058833,0.26329,0.32383
-0.054609,0.26001,0.32066
-0.050469,0.25689,0.31786
-0.04641,0.25392,0.31529
-0.042425,0.25109,0.31271
-0.038509,0.2484,0.31006
-0.034659,0.24584,0.30721
-0.03087,0.2434,0.30414
-0.038639,0.23975,0.39244
-0.046053,0.23647,0.48407
-0.053111,0.23354,0.57791
-0.059811,0.23094,0.67329
-0.066153,0.22868,0.76956
-0.072134,0.22676,0.8665
-0.077754,0.22515,0.96362
-0.08301,0.22387,1.0609
-0.087901,0.22289,1.158
-0.092427,0.22224,1.2549
-0.084303,0.20923,1.1028
-0.076315,0.19696,0.98795
-0.06849,0.18527,0.89719
-0.060846,0.17408,0.8233
-0.053399,0.16333,0.76138
-0.046163,0.15299,0.70848
-0.039149,0.14305,0.66244
-0.032367,0.13351,0.62184
-0.025828,0.12436,0.58562
-0.019538,0.11561,0.55301
-0.020819,0.13297,0.46729
-0.021947,0.15213,0.39546
-0.022931,0.17307,0.33438
-0.023777,0.19581,0.28179
-0.02449,0.22035,0.23621
-0.025074,0.24672,0.19642
-0.025529,0.27493,0.16164
-0.025854,0.30501,0.13113
-0.026046,0.33697,0.10446
-0.026099,0.37084,0.081121
-0.065857,0.38082,0.067927
-0.10413,0.39302,0.054525
-0.14089,0.40747,0.041578
-0.17614,0.42421,0.029463
-0.20985,0.44326,0.018487
-0.24204,0.46467,0.0087948
-0.27269,0.48844,0.00051827
-0.30181,0.51461,-0.0063145
-0.32941,0.54319,-0.011668
-0.35549,0.5742,-0.015559
-0.38335,0.62406,-0.014108
-0.41187,0.67616,-0.011733
-0.44106,0.7305,-0.0088447
-0.47094,0.7871,-0.0057038
-0.50151,0.84598,-0.0024274
-0.53279,0.90716,0.00090236
-0.5648,0.97066,0.0042836
-0.59756,1.0365,0.0076934
-0.63109,1.1048,0.011159
-0.66539,1.1755,0.014667
-0.58687,1.0498,0.01924
-0.51543,0.93495,0.022502
-0.45046,0.82995,0.024865
-0.39142,0.73401,0.026551
-0.33784,0.64641,0.027726
-0.28929,0.56652,0.028479
-0.24543,0.4938,0.028893
-0.20591,0.42775,0.029014
-0.17044,0.36794,0.028893
-0.13877,0.31397,0.028556
-0.14135,0.32627,0.011255
-0.14389,0.33904,-0.0008484
-0.14637,0.35225,-0.0086792
-0.14881,0.36587,-0.012927
-0.1512,0.37989,-0.01441
-0.15352,0.39415,-0.017318
-0.15577,0.40861,-0.022643
-0.15795,0.42328,-0.030154
-0.16005,0.43817,-0.039664
-0.16208,0.45326,-0.05103
-0.14723,0.43663,-0.045348
-0.13235,0.42021,-0.040596
-0.11746,0.40403,-0.036503
-0.10257,0.38814,-0.032901
-0.087715,0.37257,-0.029676
-0.072895,0.35736,-0.026758
-0.058128,0.34254,-0.024098
-0.043429,0.32814,-0.021667
-0.028809,0.31418,-0.019447
-0.01428,0.30069,-0.017427
-0.012507,0.29817,-0.014493
-0.010718,0.29561,-0.012931
-0.008916,0.29302,-0.01241
-0.0071077,0.29045,-0.012007
-0.0053,0.28792,-0.010948
-0.0034923,0.28543,-0.0093468
-0.0016851,0.28298,-0.0072926
0.00012216,0.28056,-0.0048473
0.0019287,0.27818,-0.0020626
0.0037351,0.27583,0.0010315
-0.026781,0.26414,0.0093819
-0.053586,0.25483,0.019082
-0.076809,0.24781,0.029964
-0.096558,0.24299,0.041921
-0.11292,0.24031,0.054864
-0.12597,0.23972,0.068736
-0.13576,0.24119,0.083476
-0.14231,0.24468,0.09905
-0.14619,0.24986,0.11541
-0.15226,0.25385,0.13259
-0.13775,0.23173,0.076461
-0.12465,0.21122,0.038004
-0.11285,0.19209,0.012932
-0.10222,0.17419,-0.0015379
-0.092124,0.15775,-0.0073133
-0.082267,0.14268,-0.0083673
-0.072494,0.12852,-0.014904
-0.06279,0.1152,-0.027231
-0.053147,0.10273,-0.044833
-0.043554,0.091093,-0.067339
-0.051984,0.10905,-0.075857
-0.061229,0.12878,-0.084971
-0.071302,0.15033,-0.094693
-0.08221,0.17372,-0.10506
-0.09396,0.19897,-0.11607
-0.10656,0.2261,-0.12777
-0.12001,0.25513,-0.14015
-0.13431,0.28608,-0.15324
-0.14947,0.31896,-0.16701
-0.16548,0.35379,-0.18147
-0.14475,0.32579,-0.14661
-0.12503,0.29937,-0.11748
-0.10629,0.27452,-0.092893
-0.088529,0.25118,-0.072094
-0.071714,0.22932,-0.054564
-0.055829,0.20888,-0.03995
-0.040852,0.18983,-0.028001
-0.026761,0.17212,-0.018533
-0.013533,0.15572,-0.011412
-0.0011453,0.14058,-0.0065313
0.011093,0.12673,-0.012963
0.02276,0.11414,-0.023689
0.033873,0.10278,-0.038143
0.044448,0.092629,-0.055913
0.054498,0.083674,-0.076709
0.064034,0.075898,-0.10031
0.073061,0.069294,-0.12654
0.081585,0.063857,-0.15527
0.089605,0.059588,-0.18638
0.097117,0.056492,-0.21978
0.079026,0.059854,-0.17782
0.060268,0.067071,-0.14381
0.040654,0.07806,-0.11576
0.020017,0.09279,-0.092388
-0.0017868,0.11129,-0.072815
-0.024873,0.13362,-0.056479
-0.049328,0.1599,-0.043
-0.075208,0.19026,-0.032116
-0.10255,0.22486,-0.02364
-0.13135,0.26385,-0.017415
-0.10645,0.21627,-0.011261
-0.084723,0.1742,-0.0067976
-0.065955,0.13737,-0.0039216
-0.049957,0.1055,-0.002505
-0.03657,0.078352,-0.0010934
-0.025626,0.055689,0.0012395
-0.016939,0.037264,0.0044121
-0.010318,0.022833,0.0083453
-0.0055712,0.012155,0.012953
-0.0025002,0.0049846,0.018158
-0.0011944,0.0039516,0.013241
0.00014277,0.003274,0.009307
0.0015311,0.0029203,0.0061975
0.0029869,0.0028645,0.0037955
0.0045217,0.0030885,0.0020192
0.0061413,0.0035838,0.00083167
0.0078456,0.0043518,0.00023249
0.009694,0.0052905,0.00010949
0.011844,0.0061497,-0.00049239
0.014315,0.0069041,-0.0018024
0.010035,0.0055917,-0.00013082
0.0058626,0.0053192,0.00016684
0.0011007,0.0075683,0.00094808
-0.0042074,0.012434,0.0028728
-0.010157,0.020083,0.0062136
-0.016923,0.030684,0.011325
-0.024748,0.044361,0.018518
-0.034481,0.060887,0.02801
-0.04638,0.080338,0.039925
-0.060464,0.1029,0.054298
-0.053645,0.095947,0.05686
-0.047603,0.088929,0.060091
-0.037755,0.084376,0.063949
-0.024088,0.082313,0.068343
-0.0065945,0.082758,0.073189
0.014744,0.085727,0.078439
0.03996,0.091242,0.084049
0.069093,0.099319,0.090005
0.10219,0.10998,0.09629
0.1393,0.12323,0.10291
0.11331,0.11201,0.076529
0.089671,0.102,0.056345
0.068316,0.093186,0.040803
0.049174,0.085518,0.028844
0.032173,0.078963,0.019713
0.017248,0.073485,0.012863
0.0043332,0.069053,0.0078897
-0.006632,0.065637,0.0044831
-0.015704,0.063209,0.0024105
-0.022931,0.061752,0.0014898
-0.029381,0.068328,0.0015601
-0.035751,0.07566,0.0014526
-0.04204,0.083773,0.0010228
-0.048244,0.092685,0.00026015
-0.054358,0.10242,-0.00084367
-0.060376,0.11299,-0.0023013
-0.066516,0.1243,-0.0041244
-0.073396,0.13604,-0.0063354
-0.081069,0.14819,-0.0089429
-0.089555,0.16075,-0.01196
-0.08052,0.14754,-0.0049804
-0.072567,0.13508,-0.00067989
-0.06564,0.12329,0.0016768
-0.05952,0.11217,0.0025973
-0.053406,0.10208,0.0025886
-0.047183,0.092945,0.0030806
-0.040829,0.084721,0.0042346
-0.034328,0.077355,0.00591
-0.027662,0.070802,0.0080035
-0.020815,0.065024,0.010437
-0.021986,0.063356,0.012841
-0.023049,0.061785,0.015392
-0.023996,0.06031,0.018061
-0.024825,0.058933,0.020824
-0.025529,0.057653,0.023659
-0.026103,0.056471,0.026552
-0.026545,0.055386,0.029486
-0.026849,0.054399,0.03245
-0.027013,0.053508,0.035433
-0.027033,0.052713,0.038428
-0.026279,0.053599,0.037344
-0.024939,0.054783,0.036643
-0.02301,0.056261,0.03626
-0.02049,0.058027,0.036148
-0.017378,0.060075,0.036272
-0.013672,0.0624,0.036607
-0.0093705,0.064998,0.037136
-0.0044742,0.067867,0.037846
0.0010181,0.071002,0.038731
0.0071064,0.074403,0.039786
0.0087144,0.064399,0.038586
0.010086,0.055154,0.038225
0.011219,0.046671,0.038584
0.012113,0.038954,0.039585
0.012766,0.032005,0.041172
0.013177,0.025827,0.043313
0.013347,0.020423,0.045983
0.013273,0.015792,0.049166
0.012956,0.011936,0.052846
0.012395,0.0088556,0.057007
0.021427,0.012672,0.057667
0.032654,0.017719,0.058596
0.046061,0.024006,0.05977
0.061627,0.031549,0.061134
0.079335,0.040363,0.0626
0.099174,0.050455,0.064077
0.12126,0.061582,0.065461
0.14566,0.073612,0.066665
0.17238,0.086522,0.067604
0.20143,0.10029,0.068215
0.1829,0.091346,0.053053
0.16549,0.082846,0.040695
0.14916,0.074796,0.030593
0.13386,0.067198,0.022353
0.11956,0.060051,0.015683
0.10622,0.05335,0.01036
0.093814,0.047092,0.0062123
0.08231,0.041268,0.0031045
0.071684,0.035871,0.00092838
0.061908,0.030891,-0.00040618
0.044082,0.02236,-0.00089941
0.028642,0.015848,-0.0014069
0.015414,0.01207,-0.0034288
0.0046069,0.011064,-0.0068144
-0.0035978,0.012889,-0.011491
-0.0091162,0.017614,-0.017504
-0.01395,0.024311,-0.024937
-0.022501,0.030862,-0.03382
-0.034819,0.03733,-0.044219
-0.05078,0.043851,-0.056162
-0.045147,0.054868,-0.054065
-0.041936,0.065118,-0.052267
-0.041162,0.074599,-0.050675
-0.042828,0.083313,-0.049235
-0.046189,0.091636,-0.047913
-0.047885,0.10125,-0.046746
-0.047518,0.11235,-0.045717
-0.0451,0.12493,-0.044817
-0.040646,0.13898,-0.044033
-0.03417,0.15449,-0.043363
-0.039038,0.13837,-0.041326
-0.04221,0.1236,-0.03928
-0.04373,0.11015,-0.037239
-0.043644,0.098021,-0.035216
-0.041995,0.087197,-0.03322
-0.038823,0.077671,-0.031262
-0.035107,0.068972,-0.029333
-0.033198,0.05995,-0.027407
-0.03319,0.050574,-0.025491
-0.035074,0.040862,-0.023596
-0.036301,0.046578,-0.041492
-0.037797,0.05241,-0.064348
-0.039545,0.058351,-0.09214
-0.04153,0.064399,-0.12483
-0.043734,0.070552,-0.16237
-0.04614,0.076812,-0.20471
-0.048731,0.083181,-0.25178
-0.051492,0.089661,-0.30353
-0.054407,0.096257,-0.35986
-0.057462,0.10297,-0.42077
-0.060686,0.11602,-0.28653
-0.064745,0.12859,-0.18364
-0.06957,0.14081,-0.10671
-0.074695,0.15304,-0.05231
-0.079616,0.16564,-0.018106
-0.084352,0.17873,-0.002511
-0.088892,0.19248,0.0018417
-0.09318,0.20719,0.020217
-0.097235,0.22297,0.054631
-0.10108,0.23989,0.10457
-0.093093,0.22501,0.090036
-0.085571,0.21123,0.079338
-0.078467,0.19842,0.07132
-0.071745,0.18652,0.065261
-0.065369,0.17544,0.060638
-0.059309,0.16511,0.05712
-0.053537,0.15547,0.054442
-0.048028,0.14648,0.052438
-0.042759,0.13808,0.05096
-0.03771,0.13024,0.049925
-0.040785,0.12416,0.04073
-0.043221,0.11856,0.032608
-0.045029,0.11344,0.02548
-0.046217,0.10876,0.019293
-0.046792,0.10451,0.013995
-0.046762,0.10069,0.0095493
-0.046133,0.097285,0.0059205
-0.044928,0.094263,0.0030813
-0.043963,0.091232,0.0010059
-0.043664,0.08798,-0.00032694
-0.039885,0.083164,-0.0011662
-0.036959,0.077906,-0.0037548
-0.033734,0.072806,-0.0090058
-0.029626,0.0682,-0.016621
-0.024652,0.064136,-0.026388
-0.018829,0.060655,-0.03816
-0.012172,0.057789,-0.051834
-0.0046926,0.055566,-0.067339
0.0035989,0.054,-0.084616
0.012695,0.053103,-0.10362
0.0062682,0.04037,-0.08479
0.0013281,0.029969,-0.069021
-0.0021093,0.0217,-0.055686
-0.0040345,0.015379,-0.044357
-0.0044425,0.010825,-0.034708
-0.0036176,0.007732,-0.026503
-0.0042055,0.0046924,-0.019574
-0.0067777,0.0012854,-0.013787
-0.011292,-0.002583,-0.0090492
-0.017771,-0.0069646,-0.005322
-0.016036,-0.0045819,-0.0074262
-0.014686,-0.0017959,-0.0099528
-0.013724,0.0013968,-0.012899
-0.013155,0.0050051,-0.016253
-0.012986,0.0090428,-0.019998
-0.013225,0.013527,-0.024114
-0.013879,0.018477,-0.028584
-0.014958,0.023912,-0.033394
-0.016467,0.029855,-0.038534
-0.018415,0.036325,-0.043999
-0.018053,0.03582,-0.03738
-0.017665,0.035261,-0.031609
-0.017252,0.034651,-0.026575
-0.01682,0.033995,-0.022189
-0.016369,0.033297,-0.018373
-0.015904,0.03256,-0.015062
-0.015426,0.031788,-0.0122
-0.014938,0.030983,-0.0097403
-0.014442,0.030148,-0.0076404
-0.01394,0.029286,-0.0058639
-0.019337,0.039593,-0.003638
-0.025705,0.05145,-0.0020629
-0.033061,0.064872,-0.0011281
-0.041418,0.079871,-0.00082631
-0.050795,0.096463,-0.00078297
-0.061212,0.11466,-0.00015901
-0.072678,0.13448,0.0010869
-0.085204,0.15593,0.0029705
-0.098797,0.17902,0.0055106
-0.11346,0.20376,0.0087298
-0.10795,0.19831,-0.00068211
-0.10279,0.19303,-0.0026669
-0.097849,0.18785,-0.009995
-0.093114,0.18273,-0.023659
-0.088583,0.17767,-0.04275
-0.084257,0.17266,-0.066595
-0.080138,0.16768,-0.094678
-0.076225,0.16273,-0.1266
-0.072519,0.1578,-0.16204
-0.06902,0.15289,-0.20075
-0.061115,0.13615,-0.22095
-0.053706,0.12043,-0.24242
-0.046781,0.10572,-0.265
-0.040329,0.091987,-0.28868
-0.034341,0.079233,-0.31332
-0.028807,0.067438,-0.33892
-0.02372,0.056593,-0.36536
-0.019073,0.046685,-0.39267
-0.01486,0.037708,-0.42071
-0.011076,0.029652,-0.44952
-0.014108,0.030906,-0.48141
-0.018949,0.031549,-0.51236
-0.025647,0.031573,-0.54213
-0.034249,0.030973,-0.57073
-0.044803,0.029737,-0.59792
-0.057355,0.027854,-0.62377
-0.071952,0.025314,-0.64805
-0.088638,0.022105,-0.67087
-0.10745,0.018214,-0.69204
-0.12844,0.01363,-0.71168
-0.13954,0.020521,-0.67272
-0.15107,0.027975,-0.64308
-0.16305,0.036007,-0.6203
-0.17548,0.044626,-0.60286
-0.18837,0.053843,-0.58951
-0.20171,0.063663,-0.57941
-0.21551,0.074092,-0.57184
-0.22977,0.085135,-0.5663
-0.24449,0.096795,-0.56237
-0.25967,0.10907,-0.55974
-0.22995,0.11522,-0.46042
-0.20204,0.12031,-0.37786
-0.17607,0.12434,-0.30838
-0.15217,0.12729,-0.24946
-0.13045,0.12914,-0.19943
-0.11102,0.1299,-0.15691
-0.093967,0.12954,-0.12099
-0.079406,0.12805,-0.090818
-0.067425,0.12543,-0.06582
-0.058119,0.12165,-0.045427
-0.078688,0.13697,-0.045413
-0.1079,0.15129,-0.045199
-0.1464,0.1646,-0.044802
-0.1948,0.17686,-0.044206
-0.25374,0.18802,-0.043475
-0.32382,0.19797,-0.042613
-0.40557,0.20663,-0.041679
-0.4995,0.21386,-0.040686
-0.60605,0.21956,-0.039686
-0.72559,0.2236,-0.038701
-0.69638,0.20997,-0.041761
-0.6684,0.19724,-0.042972
-0.64158,0.18534,-0.043021
-0.61583,0.17419,-0.04236
-0.59111,0.16373,-0.041304
-0.56734,0.15391,-0.040031
-0.54448,0.14468,-0.038672
-0.52248,0.13599,-0.037287
-0.50128,0.1278,-0.035927
-0.48085,0.12008,-0.03461
-0.45152,0.11937,-0.039426
-0.42388,0.11894,-0.043823
-0.39783,0.11874,-0.047906
-0.37327,0.11873,-0.05175
-0.35011,0.11888,-0.055419
-0.32826,0.11916,-0.058956
-0.30764,0.11955,-0.062396
-0.2882,0.12002,-0.065762
-0.26986,0.12055,-0.069073
-0.25257,0.12114,-0.072342
-0.24418,0.1188,-0.033936
-0.23632,0.11673,-0.012006
-0.22889,0.11488,-0.0026585
-0.22186,0.11322,-0.00034217
-0.21524,0.11179,0.0085565
-0.20897,0.11055,0.024428
-0.20302,0.10948,0.046352
-0.19734,0.10855,0.07365
-0.19191,0.10774,0.10578
-0.18669,0.10704,0.14235
-0.19228,0.11641,0.11782
-0.19801,0.12601,0.098879
-0.20386,0.13584,0.084027
-0.20983,0.14591,0.07226
-0.2159,0.15622,0.062819
-0.22206,0.16678,0.055171
-0.22832,0.17757,0.048906
-0.23467,0.1886,0.043725
-0.2411,0.19986,0.039398
-0.2476,0.21134,0.03575
-0.24075,0.21746,0.053422
-0.23419,0.22351,0.071232
-0.22792,0.2295,0.088668
-0.22192,0.23543,0.10548
-0.2162,0.2413,0.12154
-0.21075,0.2471,0.13684
-0.20557,0.25284,0.15137
-0.20066,0.25852,0.16518
-0.19601,0.26414,0.17828
-0.19163,0.2697,0.19074
-0.1935,0.26164,0.20823
-0.19543,0.25338,0.22646
-0.19741,0.24495,0.24531
-0.19945,0.23635,0.26475
-0.20155,0.2276,0.28467
-0.20371,0.21871,0.30505
-0.20593,0.2097,0.32578
-0.20822,0.20058,0.34688
-0.21058,0.19136,0.36823
-0.21301,0.18206,0.38985
-0.20128,0.21902,0.34461
-0.19273,0.25647,0.30794
-0.18726,0.29446,0.27737
-0.18482,0.33301,0.25136
-0.18539,0.37214,0.22875
-0.18895,0.41189,0.20879
-0.1955,0.45226,0.19089
-0.20506,0.49329,0.17464
-0.21765,0.53497,0.15973
-0.23322,0.57734,0.14592
-0.21051,0.51812,0.11871
-0.19324,0.46223,0.095053
-0.1812,0.40927,0.074573
-0.17417,0.35889,0.05692
-0.17192,0.31079,0.041844
-0.1743,0.2647,0.029103
-0.18116,0.22038,0.018527
-0.19238,0.17762,0.0099493
-0.20789,0.13623,0.0032565
-0.22762,0.096076,-0.0016619
-0.2129,0.10502,0.0070408
-0.19914,0.11394,0.018983
-0.18633,0.12281,0.033494
-0.17446,0.13161,0.050114
-0.16352,0.14032,0.06855
-0.1535,0.14892,0.088577
-0.14439,0.15741,0.11006
-0.1362,0.16577,0.13287
-0.12892,0.17398,0.15694
-0.12254,0.18204,0.18219
-0.1314,0.19959,0.17849
-0.14063,0.21806,0.17456
-0.15022,0.23745,0.17039
-0.16017,0.25777,0.16601
-0.17048,0.27901,0.1614
-0.18114,0.30117,0.15659
-0.19215,0.32424,0.15157
-0.2035,0.34821,0.14635
-0.21519,0.37306,0.14093
-0.22721,0.39879,0.13533
-0.23452,0.39066,0.1568
-0.24256,0.38259,0.18027
-0.25133,0.37456,0.20567
-0.26082,0.36655,0.23294
-0.27101,0.35856,0.26201
-0.28191,0.35058,0.29286
-0.2935,0.34259,0.32539
-0.30578,0.3346,0.3596
-0.31875,0.32659,0.39539
-0.33239,0.31857,0.43278
-0.32788,0.2784,0.35877
-0.32508,0.24089,0.29733
-0.32381,0.20574,0.24526
-0.32393,0.17273,0.2006
-0.32536,0.14168,0.16202
-0.328,0.11243,0.1286
-0.33179,0.084844,0.099715
-0.33668,0.058814,0.074864
-0.34262,0.034239,0.053707
-0.34956,0.011032,0.035947
-0.34785,0.0059806,0.051205
-0.34609,0.0010617,0.065764
-0.34427,-0.0037285,0.079433
-0.34239,-0.0083929,0.092138
-0.34045,-0.012929,0.10393
-0.33847,-0.017338,0.11485
-0.33643,-0.021615,0.12498
-0.33434,-0.025761,0.1344
-0.33221,-0.029771,0.14317
-0.33004,-0.033647,0.15135
-0.29701,-0.027313,0.14688
-0.26662,-0.021831,0.14489
-0.23865,-0.01712,0.14468
-0.21295,-0.013109,0.14582
-0.18935,-0.0097216,0.14798
-0.16773,-0.0068896,0.15097
-0.14795,-0.0045432,0.15464
-0.12989,-0.0026225,0.15887
-0.11345,-0.0010684,0.16359
-0.098529,0.00017099,0.16875
-0.11429,-0.0059094,0.17579
-0.13151,-0.012547,0.18216
-0.15019,-0.019748,0.1878
-0.17036,-0.027519,0.19271
-0.19204,-0.035864,0.19684
-0.21525,-0.044788,0.20021
-0.23999,-0.054294,0.20283
-0.2663,-0.064385,0.20471
-0.29418,-0.07506,0.20588
-0.32364,-0.086322,0.20638
-0.29857,-0.078807,0.18564
-0.27456,-0.071745,0.16815
-0.25158,-0.065134,0.15312
-0.22962,-0.058968,0.13998
-0.20868,-0.053233,0.12836
-0.18875,-0.047913,0.11796
-0.16982,-0.042991,0.10859
-0.15189,-0.038446,0.10007
-0.13496,-0.034257,0.092308
-0.11903,-0.030402,0.085185
-0.13197,-0.02912,0.070491
-0.14604,-0.026551,0.05777
-0.16123,-0.022685,0.046749
-0.17755,-0.017514,0.037199
-0.195,-0.011024,0.028947
-0.21359,-0.0032026,0.021829
-0.23332,0.0059624,0.015717
-0.25418,0.016483,0.010479
-0.27618,0.02837,0.0060116
-0.29931,0.041635,0.0022102
-0.28909,0.035073,0.0092716
-0.27907,0.028804,0.016482
-0.26924,0.022822,0.023508
-0.25962,0.017126,0.030194
-0.25019,0.011716,0.0365
-0.24097,0.0065932,0.042424
-0.23194,0.0017591,0.048
-0.22311,-0.0027854,0.05326
-0.21449,-0.0070384,0.058245
-0.20608,-0.010999,0.062989
-0.21125,0.015136,0.057878
-0.21814,0.046082,0.053316
-0.22676,0.081915,0.049208
-0.23712,0.12272,0.045483
-0.24925,0.16858,0.042093
-0.26317,0.21959,0.039003
-0.27888,0.2758,0.036187
-0.29641,0.3373,0.033626
-0.31576,0.40415,0.031308
-0.33694,0.47638,0.029223
-0.33421,0.44284,0.025011
-0.33245,0.41089,0.020641
-0.33161,0.38043,0.016361
-0.33166,0.35133,0.012333
-0.33257,0.32349,0.0086704
-0.3343,0.29682,0.0054442
-0.33681,0.27122,0.002708
-0.34009,0.24661,0.00049452
-0.34411,0.22293,-0.0011701
-0.34883,0.20012,-0.0022697
-0.32236,0.18902,-0.0024971
-0.29737,0.17835,-0.0032215
-0.27376,0.1681,-0.0052276
-0.2515,0.15824,-0.0081514
-0.23051,0.14876,-0.011757
-0.21074,0.13966,-0.015887
-0.19215,0.13091,-0.020429
-0.17468,0.12252,-0.025304
-0.15829,0.11446,-0.030449
-0.14293,0.10673,-0.035817
-0.1489,0.10345,-0.060619
-0.15516,0.10017,-0.089977
-0.16174,0.096874,-0.12311
-0.16867,0.093551,-0.15941
-0.17596,0.090191,-0.19834
-0.18361,0.086784,-0.23953
-0.19165,0.08332,-0.2826
-0.20007,0.079787,-0.32731
-0.20889,0.076178,-0.37336
-0.21809,0.072478,-0.42062
-0.24448,0.081044,-0.38571
-0.27225,0.090315,-0.35792
-0.30138,0.1003,-0.3355
-0.33189,0.11101,-0.31732
-0.36376,0.12245,-0.30237
-0.39698,0.13461,-0.28998
-0.43156,0.14749,-0.27955
-0.46748,0.16109,-0.27065
-0.50473,0.17538,-0.26292
-0.5433,0.19036,-0.25609
-0.49183,0.22098,-0.24331
-0.44454,0.25082,-0.22585
-0.40139,0.27993,-0.20572
-0.36231,0.30834,-0.18427
-0.32725,0.33607,-0.16242
-0.29617,0.36314,-0.14079
-0.26903,0.38955,-0.11984
-0.24578,0.41531,-0.099883
-0.22639,0.44043,-0.081193
-0.21084,0.46489,-0.063949
-0.20044,0.45234,-0.033977
-0.19049,0.44033,-0.016065
-0.18096,0.42874,-0.0056281
-0.17188,0.41752,6.774e-05
-0.16324,0.40661,0.002697
-0.15503,0.39598,0.00333
-0.14727,0.38557,0.0034652
-0.13995,0.37538,0.0044126
-0.13308,0.36537,0.0058721
-0.12666,0.35554,0.0076208
-0.12693,0.32496,0.0029399
-0.13063,0.29446,0.0014257
-0.1377,0.26406,-5.6277e-05
-0.14807,0.23381,-0.0031218
-0.16175,0.2037,-0.0074034
-0.17873,0.17374,-0.012662
-0.19904,0.14392,-0.018742
-0.22269,0.11423,-0.025535
-0.24975,0.084678,-0.032965
-0.28027,0.055235,-0.040974
-0.27448,0.063433,-0.056464
-0.26896,0.071646,-0.072219
-0.26369,0.079877,-0.087878
-0.25866,0.088131,-0.10323
-0.25386,0.09641,-0.11815
-0.2493,0.10472,-0.13259
-0.24495,0.11306,-0.1465
-0.24082,0.12144,-0.1599
-0.2369,0.12986,-0.17277
-0.23319,0.13831,-0.18512
-0.23092,0.14436,-0.15608
-0.22853,0.15013,-0.13253
-0.22604,0.15564,-0.11306
-0.22346,0.16089,-0.096714
-0.22079,0.1659,-0.082805
-0.21806,0.17065,-0.070848
-0.21525,0.17517,-0.060488
-0.21238,0.17944,-0.05146
-0.20945,0.18348,-0.04357
-0.20647,0.18728,-0.036667
-0.21384,0.18835,-0.031736
-0.22141,0.18948,-0.027699
-0.22916,0.19069,-0.024375
-0.23711,0.19196,-0.021617
-0.24525,0.1933,-0.019323
-0.25357,0.19471,-0.017405
-0.2621,0.19619,-0.015803
-0.27081,0.19774,-0.014463
-0.27972,0.19938,-0.013349
-0.28883,0.20109,-0.012425
-0.25736,0.21734,-0.018338
-0.22878,0.23269,-0.024873
-0.2031,0.24715,-0.031684
-0.18032,0.26072,-0.038591
-0.16045,0.27342,-0.04551
-0.14349,0.28525,-0.052396
-0.12944,0.29621,-0.059232
-0.1183,0.30631,-0.066009
-0.11009,0.31554,-0.07272
-0.10479,0.32393,-0.079364
-0.10841,0.33482,-0.090848
-0.11207,0.34588,-0.10274
-0.11578,0.35709,-0.11498
-0.11953,0.36846,-0.12757
-0.12332,0.37997,-0.14045
-0.12715,0.39163,-0.15361
-0.13102,0.40344,-0.16701
-0.13493,0.41538,-0.18064
-0.13887,0.42746,-0.19446
-0.14284,0.43966,-0.20847
-0.1262,0.38087,-0.17092
-0.11103,0.32681,-0.14467
-0.097288,0.27735,-0.12577
-0.08493,0.23233,-0.11191
-0.073908,0.1916,-0.10167
-0.064173,0.15501,-0.094133
-0.055675,0.12242,-0.088693
-0.04837,0.093696,-0.084941
-0.042212,0.068698,-0.082595
-0.037157,0.047306,-0.081447
-0.047473,0.056428,-0.08377
-0.059053,0.066223,-0.085937
-0.071893,0.076681,-0.08786
-0.085987,0.087798,-0.089456
-0.10133,0.099566,-0.090667
-0.11792,0.11198,-0.091449
-0.13575,0.12503,-0.091784
-0.15482,0.13873,-0.091667
-0.17512,0.15306,-0.091116
-0.19664,0.16802,-0.090158
-0.18433,0.18002,-0.095254
-0.1728,0.19159,-0.098733
-0.16204,0.2027,-0.10082
-0.15204,0.21336,-0.10174
-0.14281,0.22356,-0.10165
-0.13432,0.23329,-0.10074
-0.12658,0.24256,-0.099129
-0.11959,0.25137,-0.09694
-0.11334,0.25971,-0.094271
-0.10782,0.2676,-0.091206
-0.11481,0.28315,-0.080218
-0.12197,0.29907,-0.07166
-0.12929,0.31536,-0.064975
-0.13679,0.33205,-0.059743
-0.14446,0.34913,-0.055651
-0.15231,0.36663,-0.052454
-0.16033,0.38453,-0.049972
-0.16853,0.40284,-0.048058
-0.17691,0.42156,-0.046608
-0.18546,0.44068,-0.045534
-0.18612,0.463,-0.022666
-0.18696,0.48539,-0.014378
-0.18811,0.50807,-0.011433
-0.18978,0.53135,0.00031023
-0.19193,0.5552,0.019892
-0.19456,0.57959,0.046192
-0.19765,0.6045,0.078347
-0.20119,0.62991,0.11569
-0.20518,0.6558,0.15766
-0.2096,0.68216,0.20378
-0.20089,0.64188,0.11823
-0.19357,0.60437,0.064666
-0.18735,0.56912,0.030541
-0.18208,0.53577,0.0090515
-0.17764,0.5041,-0.0037641
-0.17395,0.47394,-0.010332
-0.17095,0.44516,-0.012208
-0.16857,0.41758,-0.01285
-0.1667,0.39106,-0.016392
-0.16534,0.36553,-0.02238
-0.15175,0.31873,-0.024754
-0.13954,0.2763,-0.028539
-0.12857,0.23788,-0.033738
-0.11876,0.20312,-0.040357
-0.11001,0.17173,-0.048386
-0.10222,0.14342,-0.057814
-0.095319,0.11796,-0.068617
-0.089241,0.095121,-0.080781
-0.08392,0.074709,-0.094273
-0.079296,0.056547,-0.10908
-0.08156,0.064032,-0.10903
-0.083928,0.071894,-0.10866
-0.086398,0.080133,-0.10797
-0.08897,0.08875,-0.10699
-0.091642,0.097745,-0.10575
-0.094414,0.10712,-0.10427
-0.097284,0.11687,-0.10256
-0.10025,0.12699,-0.10066
-0.10332,0.13749,-0.098579
-0.10648,0.14836,-0.096338
-0.11392,0.16267,-0.10994
-0.12178,0.17767,-0.12411
-0.13004,0.19337,-0.13879
-0.13873,0.20976,-0.15395
-0.14783,0.22686,-0.16954
-0.15734,0.24465,-0.18554
-0.16728,0.26314,-0.20189
-0.17763,0.28233,-0.21859
-0.18839,0.30222,-0.23557
-0.19956,0.3228,-0.25284
-0.20499,0.29339,-0.24586
-0.21133,0.26453,-0.24202
-0.21859,0.23628,-0.24047
-0.22681,0.20868,-0.24069
-0.236,0.18179,-0.24223
-0.24616,0.15564,-0.24487
-0.25732,0.13026,-0.24836
-0.26947,0.10569,-0.25258
-0.28262,0.081949,-0.25739
-0.29679,0.05907,-0.26273
-0.255,0.068048,-0.21144
-0.21704,0.075638,-0.16878
-0.18281,0.081938,-0.13305
-0.15218,0.087023,-0.10306
-0.12505,0.090964,-0.078006
-0.10132,0.093819,-0.057243
-0.080878,0.095645,-0.040311
-0.063638,0.096493,-0.026821
-0.049506,0.096412,-0.016483
-0.0384,0.095447,-0.009041
-0.042214,0.1069,-0.010058
-0.046234,0.11922,-0.011123
-0.050462,0.13245,-0.012245
-0.054901,0.14659,-0.013416
-0.059552,0.16168,-0.014647
-0.064417,0.17772,-0.01593
-0.069498,0.19473,-0.017273
-0.074794,0.21272,-0.01867
-0.080306,0.2317,-0.020127
-0.086034,0.25168,-0.021643
-0.077316,0.23572,-0.025557
-0.069421,0.22078,-0.029209
-0.062311,0.20678,-0.032581
-0.055954,0.19363,-0.035677
-0.050318,0.18127,-0.038519
-0.045377,0.16962,-0.041129
-0.041102,0.15863,-0.043535
-0.037471,0.14823,-0.045757
-0.03446,0.13839,-0.047818
-0.031946,0.12908,-0.049734
-0.027608,0.11205,-0.05656
-0.023726,0.096791,-0.063841
-0.020255,0.083137,-0.071567
-0.017152,0.070933,-0.079729
-0.014383,0.060043,-0.088315
-0.011914,0.050341,-0.097322
-0.0097157,0.041719,-0.10674
-0.0077711,0.034078,-0.11656
-0.0060596,0.027331,-0.12678
-0.004563,0.021407,-0.1374
-0.0061997,0.027717,-0.116
-0.0080034,0.034694,-0.096949
-0.0099325,0.042362,-0.079974
-0.011983,0.050734,-0.064901
-0.014157,0.059823,-0.051598
-0.016459,0.069643,-0.039969
-0.018892,0.080208,-0.029947
-0.021457,0.091531,-0.021476
-0.024158,0.10363,-0.014516
-0.026996,0.11651,-0.0090251
-0.024288,0.10189,-0.0044259
-0.021235,0.087987,-0.0016186
-0.018259,0.074781,-0.00043124
-0.016044,0.062215,0.00012027
-0.014665,0.050377,0.0019101
-0.014183,0.039352,0.0049077
-0.01465,0.029227,0.0090287
-0.01611,0.020087,0.014216
-0.01859,0.012015,0.020433
-0.022093,0.0050773,0.027677
-0.019896,0.012555,0.017976
-0.018504,0.021647,0.010649
-0.017881,0.03235,0.0053122
-0.018014,0.044652,0.0018327
-0.018906,0.058537,0.0002166
-0.020572,0.073986,-0.00023096
-0.023034,0.090987,-0.0023595
-0.026323,0.10952,-0.0064589
-0.030475,0.12959,-0.01249
-0.035338,0.1512,-0.020352
-0.032236,0.13844,-0.040646
-0.029294,0.12636,-0.067387
-0.026513,0.11494,-0.10038
-0.023896,0.10417,-0.13948
-0.021444,0.094054,-0.18453
-0.019161,0.084585,-0.23544
-0.017051,0.075763,-0.29207
-0.015119,0.067587,-0.35435
-0.01337,0.060059,-0.42211
-0.01181,0.053183,-0.49533
-0.013832,0.06181,-0.47371
-0.016005,0.071152,-0.45352
-0.018327,0.081208,-0.43435
-0.020798,0.091978,-0.41615
-0.023419,0.10346,-0.39864
-0.026189,0.11566,-0.3818
-0.029106,0.12857,-0.36545
-0.032171,0.14219,-0.34957
-0.035383,0.15652,-0.33405
-0.038741,0.17156,-0.31889
-0.038161,0.1731,-0.25636
-0.037326,0.17423,-0.20568
-0.03624,0.17499,-0.16412
-0.034908,0.17543,-0.1298
-0.033335,0.17558,-0.10137
-0.031527,0.17547,-0.077776
-0.029487,0.17514,-0.058276
-0.027221,0.17462,-0.04225
-0.024733,0.17392,-0.029253
-0.022027,0.17308,-0.018894
-0.027869,0.17533,-0.0050415
-0.032749,0.17806,0.0015705
-0.036653,0.18121,0.003109
-0.039497,0.18463,0.0084802
-0.041262,0.18829,0.018896
-0.042193,0.19211,0.03396
-0.043845,0.19575,0.05335
-0.046495,0.19913,0.076825
-0.050144,0.20224,0.10415
-0.054797,0.20507,0.13514
-0.053157,0.20477,0.15196
-0.051561,0.20439,0.17006
-0.050014,0.20392,0.18935
-0.048518,0.20337,0.20982
-0.047077,0.20275,0.23133
-0.045695,0.20206,0.2539
-0.044374,0.20131,0.27739
-0.043123,0.2005,0.30179
-0.041942,0.19964,0.32698
-0.040832,0.19872,0.35296
-0.041465,0.19445,0.28284
-0.04228,0.19033,0.22503
-0.043296,0.18634,0.17686
-0.044526,0.18246,0.1366
-0.045975,0.17868,0.10298
-0.047649,0.17499,0.075115
-0.049551,0.17136,0.052342
-0.051681,0.16778,0.034163
-0.05404,0.16425,0.020208
-0.056627,0.16075,0.010179
-0.05213,0.1579,0.012392
-0.048017,0.15515,0.014877
-0.044278,0.15249,0.017646
-0.040908,0.14991,0.020695
-0.037897,0.1474,0.024035
-0.035241,0.14496,0.027662
-0.032933,0.14256,0.031587
-0.030968,0.14021,0.035807
-0.029341,0.13789,0.040329
-0.028048,0.1356,0.045151
-0.024446,0.11565,0.057269
-0.0216,0.097832,0.070312
-0.019469,0.081916,0.084237
-0.018015,0.067717,0.099012
-0.017206,0.055068,0.11462
-0.017014,0.043829,0.13105
-0.017415,0.033882,0.14828
-0.018387,0.025136,0.16633
-0.019915,0.017526,0.18516
-0.021988,0.011008,0.20478
-0.021422,0.011834,0.21406
-0.02086,0.012674,0.22295
-0.020305,0.013526,0.23141
-0.019758,0.014386,0.23948
-0.019221,0.015253,0.24713
-0.018696,0.016125,0.2544
-0.018184,0.016999,0.26127
-0.017685,0.017872,0.26778
-0.017202,0.018744,0.2739
-0.016734,0.019611,0.27969
-0.0211,0.028083,0.29625
-0.026024,0.038232,0.31306
-0.031513,0.050094,0.33008
-0.037568,0.063702,0.3473
-0.044193,0.079088,0.36467
-0.051392,0.096281,0.38221
-0.059165,0.11531,0.39987
-0.067514,0.13619,0.41767
-0.076441,0.15896,0.43555
-0.085946,0.18363,0.45354
-0.074799,0.17894,0.49876
-0.064705,0.17418,0.54242
-0.055666,0.16935,0.58463
-0.04768,0.16444,0.62565
-0.040749,0.15947,0.66554
-0.034873,0.15443,0.70451
-0.030053,0.14932,0.74253
-0.026289,0.14416,0.77981
-0.023581,0.13893,0.81626
-0.021932,0.13364,0.85208
-0.022729,0.13836,0.90245
-0.023296,0.1432,0.95387
-0.023613,0.14815,1.006
-0.023682,0.1532,1.0591
-0.0235,0.15836,1.1127
-0.023069,0.16363,1.167
-0.022385,0.16902,1.2216
-0.021451,0.17452,1.2767
-0.020264,0.18015,1.332
-0.018825,0.18591,1.3876
-0.0214,0.16912,1.2445
-0.022789,0.15294,1.1136
-0.023056,0.13741,0.99266
-0.022261,0.12258,0.88078
-0.020463,0.1085,0.77704
-0.018554,0.095058,0.6809
-0.017688,0.082104,0.592
-0.01785,0.069697,0.50994
-0.019024,0.057902,0.43461
-0.021192,0.046775,0.36564
-0.022886,0.058092,0.3466
-0.024832,0.07086,0.3304
-0.02703,0.085089,0.31662
-0.029476,0.10079,0.30466
-0.032173,0.11798,0.29433
-0.03512,0.13668,0.28526
-0.038321,0.1569,0.27737
-0.041776,0.17865,0.27039
-0.045489,0.20197,0.26428
-0.049462,0.22685,0.25887
-0.039973,0.18901,0.28791
-0.031885,0.15467,0.31409
-0.025141,0.12385,0.33811
-0.019686,0.096564,0.36036
-0.015456,0.072828,0.3813
-0.01174,0.052771,0.40114
-0.0081841,0.036457,0.42014
-0.0048074,0.02388,0.43843
-0.0016192,0.015037,0.4561
0.0013828,0.0099274,0.4732
0.0011777,0.012969,0.36967
0.00027268,0.01904,0.28656
-0.0012672,0.028067,0.21887
-0.0033904,0.039997,0.16317
-0.0060581,0.054803,0.11723
-0.0092413,0.072467,0.079539
-0.012923,0.092984,0.049293
-0.017092,0.11635,0.02603
-0.021746,0.14258,0.0096252
-0.026885,0.17167,2.2693e-05
-0.025105,0.17515,0.0064745
-0.022618,0.17884,0.016173
-0.019409,0.18274,0.028552
-0.015458,0.18685,0.043111
-0.010748,0.19117,0.059487
-0.0052609,0.19571,0.077329
0.0010227,0.20045,0.096393
0.0081204,0.2054,0.11643
0.016049,0.21057,0.13729
0.024826,0.21594,0.15879
0.032863,0.18018,0.12847
0.040099,0.14903,0.10644
0.046638,0.12202,0.0901
0.052564,0.098755,0.077762
0.057944,0.078882,0.068326
0.062836,0.062113,0.061027
0.067287,0.048189,0.055341
0.071338,0.036892,0.050874
0.07502,0.028036,0.04735
0.078362,0.021467,0.044547
0.073896,0.024043,0.03056
0.069502,0.027263,0.019351
0.065154,0.031118,0.010802
0.060826,0.035601,0.0048071
0.056495,0.040708,0.0012868
0.052142,0.046437,0.00016271
0.047774,0.052772,-0.0012512
0.043397,0.059704,-0.0049831
0.038999,0.067239,-0.010999
0.034571,0.075386,-0.019278
0.027901,0.073741,-0.016351
0.021892,0.07224,-0.013844
0.016504,0.070875,-0.011673
0.011703,0.069638,-0.0097854
0.0074579,0.068522,-0.0081344
0.0037383,0.067519,-0.0066899
0.00051835,0.066623,-0.0054266
-0.0022257,0.065828,-0.0043271
-0.0045149,0.065128,-0.0033772
-0.0063679,0.064517,-0.002567
-0.0034926,0.056926,-0.00073914
-0.00043828,0.050117,-0.00022946
0.0027926,0.044017,0.00056005
0.0062046,0.038558,0.0023569
0.0098083,0.033676,0.0050618
0.013614,0.029319,0.008604
0.017631,0.025446,0.012935
0.02187,0.022025,0.018022
0.02634,0.019036,0.023842
0.031049,0.016467,0.030382
0.029777,0.018877,0.028933
0.028483,0.021563,0.027351
0.027167,0.024532,0.02566
0.025827,0.027794,0.023887
0.024463,0.031361,0.022056
0.023076,0.035247,0.020188
0.021663,0.039466,0.018305
0.020223,0.044033,0.016427
0.018755,0.048968,0.014571
0.017257,0.054286,0.012755
0.024319,0.051549,0.012581
0.032108,0.049041,0.012442
0.04062,0.046754,0.012329
0.049851,0.044681,0.012238
0.059796,0.042819,0.012164
0.070447,0.041167,0.012104
0.081799,0.039727,0.012055
0.093845,0.0385,0.012015
0.10658,0.03749,0.011982
0.11999,0.036703,0.011953
0.10797,0.031492,0.0089417
0.09653,0.026664,0.0064726
0.085682,0.022235,0.0044724
0.075431,0.018221,0.002885
0.065783,0.014639,0.0016674
0.056745,0.011505,0.00078605
0.048321,0.0088338,0.00021438
0.040519,0.006643,-6.8943e-05
0.033345,0.0049478,-0.00012529
0.026803,0.003764,-0.0003454
0.03167,0.0044338,-0.00011565
0.036856,0.0051456,0.00016278
0.042349,0.0058952,0.00099762
0.048133,0.0066807,0.0023846
0.054198,0.0075007,0.0043177
0.060531,0.0083534,0.0067894
0.067123,0.0092372,0.0097907
0.073965,0.010151,0.013313
0.081049,0.011092,0.017345
0.088369,0.012059,0.021878
0.067366,0.0091632,0.031527
0.049325,0.0067064,0.041695
0.034195,0.0047001,0.052127
0.021928,0.0031444,0.062659
0.012479,0.0020387,0.073201
0.0058058,0.0013807,0.083762
0.0018783,0.0011654,0.094421
0.00067768,0.0013835,0.10536
-0.00074354,0.00163,0.11679
-0.0049182,0.0015562,0.12889
-0.0017239,0.002135,0.12769
0.00017064,0.0025539,0.12706
0.00079333,0.0028159,0.12682
0.0014249,0.0030877,0.12687
0.0033151,0.0035298,0.12707
0.0064777,0.0041391,0.12735
0.010938,0.0049143,0.12764
0.016731,0.0058556,0.1279
0.023899,0.0069643,0.12809
0.032489,0.0082429,0.12821
0.030512,0.0095964,0.131
0.028555,0.011213,0.13381
0.026618,0.013093,0.13662
0.024705,0.015237,0.13943
0.022817,0.017647,0.14223
0.020954,0.020322,0.14503
0.019118,0.023263,0.14781
0.017309,0.026472,0.15057
0.015528,0.02995,0.1533
0.013771,0.033698,0.15601
0.015289,0.026679,0.13436
0.016833,0.020539,0.11577
0.018397,0.015298,0.099675
0.019978,0.010972,0.08565
0.021569,0.0075761,0.073358
0.023164,0.0051218,0.062527
0.024756,0.0036192,0.052942
0.026332,0.0030752,0.044422
0.02794,0.0029973,0.036833
0.029725,0.0020418,0.030056
0.030317,0.0019252,0.036433
0.030927,0.0017951,0.043253
0.031556,0.0016508,0.050481
0.032202,0.0014918,0.058065
0.032866,0.0013174,0.065968
0.033547,0.0011272,0.074138
0.034245,0.00092064,0.082535
0.034958,0.00069749,0.091115
0.035688,0.0004573,0.099836
0.036433,0.00019993,0.10866
0.018915,0.0018398,0.094274
0.0071089,0.0055636,0.083926
-0.00030914,0.017858,0.075603
-0.0042228,0.038823,0.067635
-0.012353,0.068355,0.059233
-0.027403,0.10713,0.050362
-0.05002,0.15606,0.041396
-0.080846,0.21601,0.032831
-0.12049,0.28775,0.02514
-0.16952,0.37201,0.018672
-0.1504,0.30537,0.023662
-0.13284,0.24566,0.028356
-0.11678,0.19274,0.032827
-0.10215,0.14643,0.037158
-0.088916,0.10661,0.04143
-0.077014,0.07311,0.045701
-0.066397,0.045809,0.050017
-0.057016,0.024571,0.054408
-0.048822,0.0092647,0.058894
-0.041766,-0.00023127,0.063486
-0.041654,0.003514,0.04576
-0.041646,0.0083053,0.031383
-0.041732,0.014142,0.019992
-0.041902,0.02101,0.011337
-0.042144,0.028881,0.0052583
-0.042448,0.037721,0.00165
-0.042804,0.047493,0.00044681
-0.043218,0.058165,-0.00064177
-0.043697,0.069709,-0.0040421
-0.044235,0.082089,-0.009718
-0.038367,0.083154,-0.0065723
-0.032978,0.084002,-0.0040917
-0.028084,0.084641,-0.0022053
-0.0237,0.085079,-0.00086298
-0.019843,0.085324,-2.4138e-05
-0.016525,0.085387,0.00034069
-0.01376,0.085278,0.00044204
-0.011557,0.085008,0.00092665
-0.0099287,0.084589,0.0018357
-0.0088844,0.084035,0.0031578
-0.0086632,0.082907,0.0035544
-0.0084418,0.081698,0.0039089
-0.0082212,0.080405,0.0042178
-0.0080026,0.079031,0.0044789
-0.0077872,0.077576,0.0046924
-0.0075763,0.076041,0.0048588
-0.0073715,0.074426,0.0049801
-0.0071734,0.072734,0.0050585
-0.0069626,0.070967,0.0050968
-0.006729,0.06913,0.0050979
-0.0071647,0.072669,0.012314
-0.0079695,0.076257,0.02249
-0.009209,0.079889,0.035465
-0.010865,0.083569,0.051083
-0.012919,0.0873,0.069181
-0.015351,0.091085,0.08959
-0.018141,0.094927,0.11212
-0.021271,0.098829,0.13659
-0.024723,0.10279,0.1628
-0.028482,0.10682,0.19058
-0.020509,0.098401,0.18112
-0.014478,0.090472,0.17491
-0.010292,0.082978,0.17111
-0.0078703,0.075864,0.16917
-0.0068466,0.069111,0.16865
-0.004801,0.062892,0.16927
-0.0012354,0.057206,0.17078
0.0038371,0.052013,0.17303
0.010417,0.04728,0.17586
0.018517,0.042982,0.17917
0.016922,0.046044,0.1679
0.015358,0.049234,0.15826
0.013826,0.05255,0.14998
0.012325,0.055993,0.14283
0.010856,0.059564,0.13664
0.0094173,0.063261,0.13128
0.0080103,0.067085,0.12663
0.0066345,0.071036,0.12261
0.00529,0.075114,0.11912
0.0039766,0.079319,0.11611
-0.0021293,0.09251,0.12852
-0.0070346,0.10704,0.14054
-0.010728,0.12296,0.1521
-0.013198,0.1403,0.16309
-0.0153,0.15904,0.17338
-0.018798,0.17906,0.18288
-0.023757,0.2004,0.19148
-0.030191,0.22307,0.19912
-0.038114,0.24711,0.20575
-0.047538,0.27254,0.21135
-0.042321,0.23377,0.19712
-0.037334,0.19794,0.18587
-0.032587,0.16508,0.17675
-0.028097,0.13518,0.16925
-0.023879,0.10825,0.16297
-0.019952,0.084311,0.15765
-0.016338,0.063359,0.15309
-0.013059,0.045408,0.14914
-0.010141,0.030465,0.14569
-0.0076107,0.018542,0.14264
-0.010154,0.033699,0.10954
-0.013327,0.053537,0.080897
-0.017095,0.078046,0.056329
-0.021428,0.10722,0.035836
-0.0263,0.14104,0.01959
-0.031683,0.1795,0.0077559
-0.037556,0.2226,0.00044668
-0.043894,0.27034,-0.002336
-0.050631,0.32267,-0.0050268
-0.057706,0.37957,-0.012125
-0.045681,0.33721,-0.011944
-0.035453,0.29823,-0.012181
-0.027013,0.26241,-0.012716
-0.020359,0.22955,-0.013481
-0.015485,0.19945,-0.014422
-0.012389,0.17195,-0.015509
-0.0099025,0.14696,-0.016697
-0.0060565,0.12447,-0.017953
-0.00079531,0.10433,-0.019254
0.0059027,0.086407,-0.020593
0.00051096,0.079771,-0.014031
-0.0028939,0.073336,-0.0091293
-0.004389,0.067135,-0.0055513
-0.0044284,0.061172,-0.0030629
-0.0057449,0.055296,-0.0015097
-0.0088357,0.04951,-0.0007705
-0.013689,0.043855,-0.00058829
-0.020321,0.038375,6.5726e-05
-0.028757,0.033097,0.0013295
-0.039039,0.028038,0.003186
-0.032103,0.034173,-0.00058062
-0.025999,0.040707,-0.0020149
-0.020682,0.047581,-0.0075043
-0.016158,0.054831,-0.017127
-0.012436,0.062502,-0.030735
-0.0095178,0.070641,-0.04824
-0.0074058,0.079296,-0.069571
-0.0060996,0.088511,-0.094653
-0.0055976,0.098326,-0.12338
-0.0058065,0.10879,-0.15563
-0.007371,0.12931,-0.14437
-0.0097387,0.15183,-0.13446
-0.012983,0.17646,-0.12573
-0.017082,0.20331,-0.11809
-0.022013,0.23247,-0.11144
-0.027752,0.26404,-0.10572
-0.034274,0.2981,-0.10084
-0.041555,0.33471,-0.096743
-0.049573,0.37394,-0.093348
-0.058304,0.41583,-0.090591
-0.05525,0.43864,-0.062567
-0.052459,0.46177,-0.04138
-0.049938,0.48522,-0.026199
-0.047694,0.50904,-0.016402
-0.045731,0.53322,-0.011515
-0.044059,0.5578,-0.010784
-0.042712,0.58289,-0.0080137
-0.041702,0.60853,-0.001296
-0.041025,0.63472,0.0091618
-0.04068,0.66146,0.023186
-0.04056,0.65505,0.024194
-0.040516,0.64927,0.025072
-0.040546,0.64407,0.025792
-0.040649,0.63942,0.026344
-0.040823,0.63528,0.026712
-0.041068,0.63164,0.026898
-0.041382,0.62845,0.026891
-0.041765,0.6257,0.026701
-0.042216,0.62337,0.026326
-0.042734,0.62144,0.025775
-0.049122,0.58742,0.033501
-0.058042,0.55503,0.042123
-0.069462,0.52411,0.051581
-0.083358,0.49454,0.061832
-0.09971,0.46619,0.072831
-0.1185,0.43897,0.084545
-0.13973,0.41278,0.09693
-0.16338,0.38755,0.10996
-0.18945,0.36321,0.1236
-0.21795,0.33972,0.13783
-0.20668,0.30164,0.11549
-0.19576,0.26637,0.096979
-0.18518,0.23375,0.081318
-0.17492,0.20367,0.067907
-0.16499,0.17602,0.056321
-0.15538,0.15068,0.046271
-0.14607,0.12758,0.037543
-0.13708,0.10663,0.02998
-0.12839,0.08774,0.02346
-0.12,0.07085,0.017885
-0.099597,0.067734,0.031913
-0.081306,0.064888,0.047746
-0.06505,0.062273,0.064836
-0.05076,0.059854,0.082826
-0.038375,0.057601,0.10148
-0.027839,0.055488,0.12067
-0.019107,0.053491,0.14027
-0.01214,0.051586,0.16026
-0.0069062,0.049755,0.18057
-0.0033856,0.047976,0.20122
-0.0043585,0.052057,0.21219
-0.0054966,0.056284,0.22322
-0.0067993,0.060656,0.23426
-0.0082659,0.065171,0.24534
-0.0098957,0.069826,0.2564
-0.011688,0.074615,0.26747
-0.013642,0.079538,0.27849
-0.015758,0.084595,0.28948
-0.018034,0.089791,0.3004
-0.020471,0.095126,0.31127
-0.022307,0.089392,0.30072
-0.024292,0.08392,0.29361
-0.026425,0.078688,0.28921
-0.028708,0.073682,0.28704
-0.03114,0.068892,0.2867
-0.033722,0.064308,0.28791
-0.036452,0.059925,0.29045
-0.039331,0.055739,0.29414
-0.042356,0.051744,0.29883
-0.045528,0.047938,0.30442
-0.040339,0.051242,0.25688
-0.035556,0.055067,0.21805
-0.031158,0.05935,0.18586
-0.027126,0.064047,0.15887
-0.023445,0.069126,0.13601
-0.020101,0.074562,0.11646
-0.017086,0.080337,0.099643
-0.014391,0.086437,0.085062
-0.012009,0.092851,0.072378
-0.0099359,0.09957,0.061284
-0.0077245,0.090917,0.03993
-0.0058341,0.082449,0.023284
-0.0042634,0.07421,0.011114
-0.0030112,0.066241,0.0031643
-0.0020762,0.058588,-0.00079293
-0.0014587,0.05128,-0.0015492
-0.0011569,0.04424,-0.0045337
-0.0007722,0.037507,-0.010932
-0.00010562,0.03115,-0.020603
0.00084157,0.025226,-0.033461
-2.0002e-05,0.029398,-0.033421
-0.00061984,0.033872,-0.033413
-0.00096459,0.038645,-0.033423
-0.001128,0.04371,-0.033465
-0.0014791,0.049055,-0.033526
-0.0020663,0.054675,-0.03362
-0.0028805,0.060569,-0.033739
-0.0039133,0.066733,-0.033897
-0.005156,0.073166,-0.034085
-0.0066007,0.079866,-0.034315
-0.003213,0.074427,-0.039231
-0.0015967,0.069229,-0.044534
-0.0010052,0.064262,-0.050202
0.001104,0.05955,-0.056238
0.0049448,0.055072,-0.062625
0.01052,0.050807,-0.069363
0.017836,0.046737,-0.076438
0.026906,0.04285,-0.083853
0.037743,0.039138,-0.091586
0.050364,0.035597,-0.099641
0.037808,0.03373,-0.10549
0.027108,0.032175,-0.11148
0.018215,0.030891,-0.11757
0.011083,0.029841,-0.12375
0.005674,0.028986,-0.12999
0.001957,0.028287,-0.1363
-8.9594e-05,0.027708,-0.14266
-0.00058447,0.027212,-0.14907
-0.0018111,0.026732,-0.15551
-0.0046974,0.026229,-0.162
-0.00084056,0.013559,-0.13442
0.00013944,0.0050912,-0.11089
0.0031414,0.00070077,-0.090541
0.0091883,-0.00020298,-0.072719
0.018364,-0.0032974,-0.056931
0.030814,-0.010329,-0.042913
0.046724,-0.02144,-0.030632
0.066288,-0.036794,-0.020196
0.089689,-0.056542,-0.011799
0.1171,-0.08082,-0.0056402
0.088525,-0.056602,-0.012716
0.064168,-0.037561,-0.022999
0.043904,-0.02303,-0.036613
0.027612,-0.012397,-0.053627
0.015173,-0.0051152,-0.07408
0.0064783,-0.00072103,-0.097969
0.0014431,0.0011046,-0.12527
-2.216e-05,0.0025292,-0.1559
-0.002238,0.0067006,-0.18974
-0.0081554,0.013937,-0.22663
-0.007782,0.014426,-0.1928
-0.0073354,0.014922,-0.16349
-0.0068276,0.015424,-0.13797
-0.0062703,0.015934,-0.11572
-0.0056758,0.016452,-0.096291
-0.0050566,0.016981,-0.07934
-0.0044252,0.017522,-0.064578
-0.0037941,0.018074,-0.051764
-0.0031759,0.018641,-0.040704
-0.0025831,0.019223,-0.031225
-0.004831,0.013492,-0.037164
-0.0078107,0.0088426,-0.043388
-0.011515,0.0053166,-0.049944
-0.015925,0.0029301,-0.056871
-0.021014,0.0016726,-0.064213
-0.026753,0.001485,-0.071988
-0.033112,0.0010316,-0.080231
-0.040064,-0.00038046,-0.088933
-0.047583,-0.0026973,-0.098062
-0.055648,-0.0058693,-0.10757
-0.053274,0.00032239,-0.081066
-0.050837,0.0015955,-0.059516
-0.048365,0.0049488,-0.04191
-0.045897,0.013565,-0.027571
-0.043475,0.027448,-0.016124
-0.041132,0.046626,-0.0073863
-0.038887,0.071147,-0.0013265
-0.036743,0.10107,0.0020135
-0.034697,0.13642,0.0035633
-0.032739,0.17716,0.0076694
-0.026346,0.21929,0.0094738
-0.020316,0.26678,0.011491
-0.014705,0.31989,0.013724
-0.0095701,0.37883,0.016175
-0.0049732,0.4438,0.018844
-0.0009775,0.51497,0.021727
0.0023558,0.5925,0.024819
0.0049643,0.67651,0.028108
0.0067907,0.76709,0.031577
0.008296,0.86431,0.035201
0.0078131,0.79652,0.035568
0.0073892,0.73153,0.036021
0.0070057,0.6693,0.036527
0.0065869,0.60983,0.037055
0.0061209,0.55311,0.037591
0.0056228,0.49913,0.038123
0.0051079,0.44788,0.038645
0.0045877,0.39938,0.039155
0.0040739,0.3536,0.039652
0.0035751,0.31057,0.040136
0.0030662,0.31294,0.028615
0.002275,0.31535,0.020294
0.0012102,0.3178,0.014301
-0.0001227,0.3203,0.010023
-0.0017181,0.32285,0.0070191
-0.0035727,0.32545,0.0049689
-0.0056821,0.32811,0.0036378
-0.0080442,0.33082,0.0028491
-0.010655,0.33358,0.0024489
-0.013513,0.33641,0.0019153
-0.018236,0.30403,-0.0064034
-0.023321,0.27394,-0.02434
-0.028767,0.24592,-0.050584
-0.034575,0.21979,-0.084217
-0.040746,0.19539,-0.12456
-0.047282,0.17257,-0.17114
-0.054187,0.15124,-0.22353
-0.061465,0.1313,-0.28148
-0.069121,0.11267,-0.34467
-0.077159,0.095308,-0.41294
-0.084939,0.10379,-0.32811
-0.093017,0.11269,-0.25959
-0.1014,0.122,-0.20353
-0.11011,0.13169,-0.15745
-0.11914,0.14174,-0.11953
-0.1285,0.15216,-0.08848
-0.1382,0.16293,-0.063338
-0.14823,0.17403,-0.043362
-0.15861,0.18547,-0.027979
-0.16933,0.19724,-0.016726
-0.15372,0.19757,-0.031955
-0.13886,0.19764,-0.050125
-0.12476,0.19749,-0.070208
-0.11141,0.19712,-0.09155
-0.098787,0.19656,-0.11375
-0.086897,0.19582,-0.13654
-0.07573,0.19491,-0.15976
-0.065283,0.19383,-0.18331
-0.055549,0.1926,-0.2071
-0.046525,0.19124,-0.23109
-0.041549,0.20134,-0.17577
-0.036845,0.21136,-0.13195
-0.03239,0.22134,-0.097172
-0.028164,0.23131,-0.069734
-0.024151,0.2413,-0.04842
-0.02034,0.25131,-0.032338
-0.01672,0.26137,-0.020827
-0.013284,0.27147,-0.013374
-0.010027,0.28163,-0.0095908
-0.0069452,0.29185,-0.0090235
-0.0059121,0.30175,-0.010124
-0.0048641,0.31179,-0.012835
-0.0038003,0.32199,-0.016972
-0.0027219,0.33235,-0.02229
-0.0016288,0.34287,-0.02861
-0.00052243,0.35356,-0.035793
0.00059745,0.36443,-0.043741
0.0017294,0.37548,-0.052373
0.0028735,0.38673,-0.061638
0.0040284,0.39818,-0.071488
0.0019417,0.35632,-0.071752
-5.4719e-05,0.31676,-0.072506
-0.0019531,0.2795,-0.073681
-0.0037476,0.24454,-0.075233
-0.0054315,0.21188,-0.077131
-0.0069994,0.18152,-0.079355
-0.0084456,0.15347,-0.081891
-0.0097656,0.12771,-0.084728
-0.010955,0.10426,-0.087862
-0.012009,0.083111,-0.091291
-0.012623,0.081986,-0.10267
-0.013248,0.080845,-0.11469
-0.013884,0.079687,-0.12732
-0.01453,0.078516,-0.14059
-0.015187,0.077331,-0.15446
-0.015855,0.076135,-0.16894
-0.016533,0.074928,-0.18402
-0.017222,0.073714,-0.1997
-0.017921,0.072492,-0.21595
-0.018631,0.071266,-0.2328
-0.026815,0.065791,-0.23464
-0.036183,0.060635,-0.23649
-0.046738,0.055778,-0.23831
-0.058488,0.05121,-0.2401
-0.071439,0.04692,-0.24183
-0.085598,0.042906,-0.24352
-0.10097,0.039165,-0.24512
-0.11758,0.0357,-0.24665
-0.13541,0.032514,-0.24808
-0.15449,0.029614,-0.24943
-0.12876,0.02651,-0.18596
-0.1058,0.02351,-0.13572
-0.085459,0.020666,-0.096005
-0.067609,0.01801,-0.064935
-0.052125,0.015558,-0.041138
-0.038887,0.013315,-0.023556
-0.027782,0.011284,-0.011368
-0.018695,0.0094626,-0.0038825
-0.011515,0.0078442,-0.00052648
-0.0061357,0.0064515,0.00041462
-0.008254,0.0099047,-0.0010051
-0.010546,0.013975,-0.0069877
-0.012945,0.018607,-0.019712
-0.015397,0.023784,-0.04007
-0.017856,0.029503,-0.068766
-0.020283,0.035769,-0.10622
-0.022645,0.042599,-0.15255
-0.024918,0.05002,-0.20761
-0.027082,0.058062,-0.27097
-0.029122,0.066763,-0.34205
-0.026643,0.074242,-0.32911
-0.024207,0.081991,-0.3178
-0.021813,0.09002,-0.30773
-0.019459,0.098337,-0.29873
-0.017145,0.10695,-0.29056
-0.014869,0.11587,-0.2831
-0.01263,0.12509,-0.2762
-0.01043,0.13462,-0.26977
-0.0082664,0.14447,-0.2637
-0.0061394,0.15464,-0.25794
-0.0089818,0.12589,-0.23873
-0.011534,0.099992,-0.22361
-0.013787,0.07701,-0.21158
-0.015733,0.056989,-0.20195
-0.017368,0.03997,-0.19422
-0.018691,0.025988,-0.18801
-0.019707,0.015072,-0.183
-0.020425,0.0072472,-0.17895
-0.020861,0.0025331,-0.17564
-0.021039,0.0009444,-0.17288
-0.023239,0.0012155,-0.17716
-0.025549,0.0014974,-0.18093
-0.027972,0.0017781,-0.18419
-0.030505,0.0020575,-0.18694
-0.03315,0.0023335,-0.18918
-0.035907,0.0026054,-0.19092
-0.038774,0.0028714,-0.19219
-0.041754,0.0031304,-0.19299
-0.044844,0.0033811,-0.19334
-0.048046,0.0036227,-0.19327
-0.04346,0.003693,-0.18328
-0.039184,0.0036895,-0.17439
-0.035202,0.003604,-0.16642
-0.031499,0.003444,-0.15924
-0.028052,0.0033598,-0.15273
-0.024845,0.0033966,-0.14679
-0.021864,0.0035615,-0.14134
-0.019099,0.0038608,-0.1363
-0.016538,0.0043007,-0.13164
-0.01417,0.0048862,-0.12728
-0.011644,0.005266,-0.13137
-0.0093493,0.0056746,-0.13486
-0.007285,0.0061091,-0.13779
-0.0054509,0.0065667,-0.14019
-0.0038467,0.0070456,-0.14209
-0.0024719,0.0075438,-0.14351
-0.001326,0.0080608,-0.14449
-0.00040871,0.0085947,-0.14506
0.00028035,0.0091465,-0.14524
0.00074144,0.0097117,-0.14505
0.0016784,0.021061,-0.11468
0.0029819,0.037959,-0.088223
0.0047022,0.060738,-0.064794
0.0069836,0.089869,-0.044205
0.0098891,0.1259,-0.026712
0.01347,0.16937,-0.012728
0.017778,0.22084,-0.0026786
0.022863,0.28082,0.0031276
0.02877,0.34976,0.0052298
0.035528,0.428,0.010266
0.032623,0.40272,0.0054644
0.030208,0.37873,0.0020803
0.028296,0.356,-0.0063889
0.026549,0.33443,-0.018594
0.024458,0.31398,-0.033684
0.022008,0.29457,-0.051098
0.019192,0.27613,-0.070472
0.016001,0.25859,-0.091545
0.01243,0.2419,-0.11414
0.0084722,0.22602,-0.13812
0.01164,0.21809,-0.118
0.013919,0.21025,-0.10168
0.015347,0.20251,-0.088214
0.015957,0.19487,-0.076944
0.015781,0.18733,-0.067394
0.015584,0.17986,-0.059214
0.016124,0.17238,-0.052141
0.01738,0.16492,-0.045974
0.019335,0.15748,-0.040558
0.021973,0.15007,-0.035772
0.021005,0.14992,-0.038989
0.020096,0.14977,-0.042724
0.019246,0.1496,-0.046985
0.018456,0.14942,-0.051776
0.017726,0.14923,-0.057107
0.017056,0.14902,-0.062986
0.016445,0.1488,-0.069426
0.015895,0.14856,-0.076438
0.015404,0.14831,-0.084031
0.014974,0.14803,-0.092219
0.013349,0.13559,-0.055584
0.011919,0.12384,-0.029249
0.010656,0.11274,-0.011927
0.0095369,0.10225,-0.0026375
0.0085417,0.092317,-0.00033012
0.0076483,0.082975,0.0043465
0.0068431,0.074227,0.015285
0.0060711,0.066065,0.032157
0.0053033,0.05848,0.054728
0.0045414,0.051463,0.082852
0.0045815,0.055494,0.074259
0.0044375,0.059685,0.066094
0.0041058,0.064036,0.058351
0.0035813,0.068544,0.05105
0.002858,0.073206,0.044188
0.0019289,0.07802,0.03778
0.00078635,0.082984,0.031826
-0.00057805,0.088098,0.026336
-0.002173,0.093358,0.021311
-0.0040079,0.098764,0.016761
-0.0074069,0.10301,0.0015264
-0.011271,0.10753,-0.0019661
-0.015605,0.11213,-0.011356
-0.020413,0.11673,-0.031269
-0.025695,0.12137,-0.060934
-0.031454,0.12604,-0.099662
-0.037689,0.13078,-0.14677
-0.044401,0.13559,-0.20157
-0.051588,0.14049,-0.26337
-0.059252,0.14549,-0.3315
-0.048542,0.12976,-0.23216
-0.039151,0.11509,-0.15616
-0.03097,0.10147,-0.098444
-0.023906,0.088852,-0.055876
-0.017873,0.077209,-0.026341
-0.01279,0.066494,-0.008392
-0.0085858,0.056661,-0.00099781
-0.0051841,0.047734,0.0021807
-0.0025073,0.039819,0.014098
-0.00050107,0.032858,0.034953
0.0013852,0.041634,0.02245
0.0032791,0.051586,0.012609
0.0051811,0.062719,0.0054166
0.0070892,0.075036,0.00086553
0.0089995,0.088542,-0.001066
0.010904,0.10322,-0.0021534
0.01279,0.11904,-0.005742
0.014707,0.13599,-0.011879
0.016901,0.15407,-0.02053
0.019408,0.17328,-0.03166
0.017273,0.15541,-0.048728
0.015294,0.13853,-0.068574
0.01347,0.12263,-0.090847
0.011801,0.10769,-0.1153
0.010244,0.093702,-0.14176
0.0087119,0.080669,-0.17008
0.0072009,0.068576,-0.20015
0.0057107,0.057414,-0.23191
0.0042413,0.047176,-0.26526
0.0027931,0.037856,-0.30019
0.0040144,0.041279,-0.23881
0.0047963,0.044413,-0.18872
0.005299,0.047289,-0.14749
0.0061541,0.049877,-0.11344
0.0074362,0.052211,-0.085318
0.0091604,0.054329,-0.062219
0.011338,0.05627,-0.043459
0.013976,0.058075,-0.028526
0.017077,0.059785,-0.017047
0.020641,0.061436,-0.0087346
0.015266,0.061742,-0.0079157
0.011261,0.06198,-0.0071199
0.0086453,0.06213,-0.0063593
0.0074339,0.062171,-0.0056356
0.0070725,0.062148,-0.0049536
0.0054913,0.062287,-0.0043086
0.0024982,0.062595,-0.0037031
-0.0019019,0.063055,-0.0031358
-0.007699,0.063654,-0.0026098
-0.014879,0.06438,-0.0021241
-0.016769,0.064049,-0.004712
-0.01874,0.063723,-0.0084374
-0.020794,0.063397,-0.013288
-0.022932,0.063069,-0.019248
-0.025158,0.062736,-0.026309
-0.027472,0.062396,-0.034457
-0.029878,0.062048,-0.043686
-0.032376,0.061691,-0.053986
-0.034969,0.061325,-0.065351
-0.037658,0.06095,-0.077777
-0.048601,0.048584,-0.094021
-0.060186,0.038213,-0.11028
-0.072432,0.029817,-0.12648
-0.085361,0.023391,-0.14262
-0.098995,0.018943,-0.15863
-0.11336,0.01649,-0.17449
-0.12846,0.016059,-0.19012
-0.14436,0.017521,-0.20548
-0.16142,0.018174,-0.22045
-0.17978,0.017015,-0.23497
-0.15058,0.015643,-0.24877
-0.12404,0.013871,-0.2617
-0.10016,0.011766,-0.27376
-0.078911,0.0093858,-0.28505
-0.06023,0.0072185,-0.29555
-0.044034,0.0058685,-0.30536
-0.03032,0.0053075,-0.31447
-0.019086,0.0055113,-0.32298
-0.010333,0.0064647,-0.33087
-0.0040583,0.0081614,-0.33823
-0.0036998,0.01695,-0.37784
-0.002985,0.028968,-0.41902
-0.0019048,0.044288,-0.46146
-0.00044917,0.062979,-0.50499
0.0013921,0.085107,-0.54926
0.0036286,0.11073,-0.59417
0.0062705,0.13992,-0.63941
0.0093268,0.17271,-0.68494
0.012807,0.20915,-0.73048
0.016721,0.24928,-0.77609
0.010825,0.23158,-0.74422
0.0045437,0.21417,-0.72453
-0.0020999,0.19714,-0.71339
-0.0090894,0.18058,-0.70873
-0.016409,0.16458,-0.70889
-0.024048,0.14921,-0.7129
-0.031993,0.13453,-0.71989
-0.040236,0.1206,-0.72937
-0.048767,0.10748,-0.74084
-0.057579,0.095199,-0.75404
-0.043214,0.093672,-0.69937
-0.030627,0.092752,-0.64961
-0.019731,0.092403,-0.60482
-0.010448,0.092592,-0.56338
-0.0027092,0.093288,-0.52544
0.0035456,0.094465,-0.48996
0.0083686,0.096099,-0.45707
0.011805,0.098166,-0.42606
0.013893,0.10064,-0.39702
0.014777,0.1035,-0.36949
0.015853,0.11145,-0.33303
0.016515,0.11964,-0.30016
0.016656,0.12811,-0.27045
0.016281,0.13686,-0.24334
0.015395,0.1459,-0.21859
0.014,0.15526,-0.19584
0.012099,0.16494,-0.17493
0.0096899,0.17496,-0.15565
0.0067745,0.18533,-0.13788
0.0033508,0.19605,-0.12149
0.0045479,0.23099,-0.096792
0.0058761,0.26935,-0.075338
0.007337,0.31125,-0.056951
0.0089308,0.35683,-0.041475
0.010659,0.4062,-0.028772
0.012522,0.45945,-0.018717
0.014521,0.51665,-0.011191
0.016654,0.57786,-0.0060891
0.018924,0.64313,-0.0033082
0.021329,0.71247,-0.0027422
0.015791,0.71114,-0.0027636
0.010079,0.70966,-0.0027302
0.004199,0.70804,-0.0026664
-0.0018496,0.70629,-0.0026006
-0.0080626,0.70439,-0.0025505
-0.014439,0.70237,-0.002537
-0.020975,0.70022,-0.0025683
-0.027671,0.69795,-0.0026564
-0.034522,0.69556,-0.0028001
-0.041528,0.69304,-0.0030033
-0.046083,0.61239,-0.0040805
-0.050205,0.53778,-0.006739
-0.053896,0.46894,-0.010567
-0.057161,0.40563,-0.014554
-0.060001,0.34763,-0.018245
-0.062419,0.29475,-0.021462
-0.064413,0.24682,-0.024122
-0.065984,0.20369,-0.026225
-0.067129,0.1652,-0.027769
-0.067849,0.13122,-0.028798
-0.059052,0.12945,-0.018881
-0.050884,0.12814,-0.011657
-0.043292,0.12726,-0.0066129
-0.03623,0.12674,-0.0033978
-0.029659,0.12657,-0.0017464
-0.023544,0.1267,-0.0013862
-0.01786,0.12713,-0.00052072
-0.012583,0.12783,0.0014521
-0.0076911,0.12878,0.0044505
-0.0031663,0.12996,0.0084059
0.010193,0.1407,9.6245e-05
0.02005,0.1527,-0.0021203
0.026441,0.16586,-0.0067654
0.029867,0.18002,-0.017357
0.035631,0.19432,-0.033697
0.045194,0.20848,-0.055649
0.058612,0.22249,-0.083062
0.075953,0.23631,-0.11583
0.097284,0.24991,-0.15377
0.12268,0.26327,-0.19679
0.096185,0.26541,-0.17458
0.075199,0.26663,-0.15461
0.059729,0.26691,-0.13638
0.049782,0.26625,-0.11969
0.045363,0.26466,-0.10432
0.043221,0.26267,-0.090203
0.035852,0.26155,-0.077292
0.022955,0.26136,-0.065545
0.0045308,0.2621,-0.054924
-0.019421,0.26377,-0.045411
-0.020125,0.27114,-0.015186
-0.020744,0.27835,-0.0061752
-0.021348,0.28572,0.0013106
-0.021997,0.29354,0.02295
-0.022681,0.30174,0.056845
-0.023395,0.31027,0.10132
-0.024131,0.31909,0.1554
-0.024886,0.32817,0.21792
-0.025653,0.3375,0.28821
-0.02643,0.34708,0.36548
-0.01542,0.33796,0.19982
-0.005664,0.33022,0.096526
0.0030175,0.32343,0.03451
0.01074,0.31736,0.0019077
0.017585,0.31187,-0.0084897
0.023667,0.3065,-0.015604
0.029089,0.30077,-0.037032
0.033864,0.29473,-0.070677
0.038002,0.28845,-0.11494
0.041511,0.28194,-0.16869
0.04146,0.27706,-0.12406
0.04135,0.27173,-0.09145
0.041175,0.26607,-0.067234
0.040935,0.26017,-0.049142
0.040629,0.25409,-0.035613
0.040258,0.24786,-0.025563
0.039825,0.24153,-0.018239
0.039332,0.23511,-0.013078
0.038779,0.22864,-0.0096823
0.03817,0.22212,-0.0077418
0.035202,0.20531,-0.0079133
0.032416,0.18943,-0.0083275
0.029805,0.17445,-0.0089774
0.027359,0.16031,-0.0098557
0.025072,0.14699,-0.010964
0.022935,0.13444,-0.012299
0.020943,0.12263,-0.013865
0.019086,0.11153,-0.015663
0.017358,0.10111,-0.017699
0.015751,0.091327,-0.01997
0.014303,0.078033,-0.021036
0.012458,0.065851,-0.021957
0.010589,0.054715,-0.022748
0.0093528,0.044503,-0.023416
0.0087247,0.035222,-0.023977
0.0086659,0.026877,-0.024444
0.0091432,0.019476,-0.024833
0.010131,0.013022,-0.025157
0.011613,0.0075183,-0.025435
0.013585,0.0029639,-0.025681
0.014168,0.014083,-0.02951
0.015835,0.03091,-0.033688
0.018649,0.053705,-0.038198
0.022697,0.082725,-0.043022
0.028073,0.11821,-0.048157
0.034873,0.16039,-0.053598
0.043189,0.20946,-0.059351
0.053111,0.26561,-0.065419
0.064722,0.32898,-0.071809
0.078103,0.39974,-0.078526
0.072262,0.36795,-0.059013
0.066864,0.33746,-0.043609
0.061908,0.30828,-0.031491
0.057391,0.2804,-0.02209
0.053311,0.25382,-0.015005
0.049667,0.22855,-0.0099342
0.046458,0.20456,-0.0066564
0.043685,0.18186,-0.0049934
0.041343,0.16046,-0.00383
0.039432,0.14039,-0.0014405
0.032737,0.12079,-0.0023755
0.026831,0.1028,-0.0025393
0.021666,0.086383,-0.0022223
0.017197,0.071481,-0.0022578
0.013381,0.058064,-0.0027302
0.010173,0.046104,-0.0035603
0.0075327,0.035573,-0.0046887
0.0054191,0.026444,-0.0060653
0.0037923,0.018688,-0.0076515
0.0024273,0.012312,-0.0094132
0.0037459,0.018447,-0.0075894
0.0052463,0.025768,-0.0059141
0.0070693,0.034233,-0.0044441
0.0092379,0.043825,-0.0032306
0.011758,0.05453,-0.0023182
0.014635,0.066339,-0.001738
0.017875,0.079242,-0.0015107
0.021483,0.093234,-0.0016063
0.025467,0.10832,-0.0015095
0.02983,0.12449,-0.0010614
0.028617,0.10948,-0.00053777
0.027958,0.095658,0.00013096
0.027839,0.082921,0.00097987
0.028245,0.071191,0.0020539
0.029165,0.060392,0.0033969
0.030586,0.050455,0.0050531
0.032496,0.041315,0.0070595
0.034885,0.032915,0.0094508
0.037744,0.025205,0.012252
0.041065,0.018142,0.015488
0.037569,0.017902,0.009624
0.034237,0.017606,0.0051752
0.031068,0.017256,0.0020953
0.028061,0.016855,0.00034633
0.025216,0.016406,-0.00012971
0.022531,0.015907,-0.00090614
0.020004,0.01536,-0.0029185
0.017635,0.014776,-0.006143
0.015423,0.014166,-0.01056
0.013368,0.013539,-0.016153
0.0094901,0.018244,-0.019262
0.0071431,0.023043,-0.0225
0.0063348,0.027938,-0.025922
0.0069524,0.032952,-0.029586
0.0070238,0.038513,-0.033529
0.0058235,0.044779,-0.037769
0.0034014,0.051748,-0.042301
-0.0001911,0.059411,-0.047107
-0.0049034,0.067765,-0.05215
-0.010688,0.076804,-0.05739
-0.020163,0.069155,-0.072821
-0.030445,0.062424,-0.089641
-0.04155,0.056614,-0.10778
-0.053498,0.051731,-0.12717
-0.06631,0.04778,-0.14774
-0.08001,0.04477,-0.16945
-0.094621,0.042709,-0.19219
-0.11017,0.041604,-0.21593
-0.12667,0.041466,-0.24054
-0.14416,0.042301,-0.266
-0.10143,0.033262,-0.29629
-0.066654,0.025956,-0.32915
-0.039472,0.020325,-0.36422
-0.019585,0.016324,-0.40135
-0.0067718,0.013923,-0.44024
-0.00090306,0.013112,-0.48081
0.00069374,0.013311,-0.52281
0.0082513,0.012244,-0.56623
0.022928,0.0096447,-0.61074
0.044925,0.0054537,-0.65628
0.034,0.0056535,-0.55516
0.024399,0.0059396,-0.47631
0.016227,0.0061977,-0.41322
0.0095707,0.0063372,-0.36185
0.0045083,0.0063079,-0.31939
0.0011086,0.0060609,-0.28374
-0.00056835,0.0055671,-0.25351
-0.00098833,0.0049147,-0.22743
-0.0028337,0.0047026,-0.20468
-0.006512,0.0050107,-0.18445
-0.0027726,0.0068292,-0.19753
0.00036188,0.012016,-0.21028
0.0029205,0.020695,-0.22301
0.0063037,0.032757,-0.23579
0.01185,0.048155,-0.24867
0.01963,0.067158,-0.26151
0.029715,0.090043,-0.27415
0.042177,0.11708,-0.28634
0.057086,0.14851,-0.29784
0.074505,0.18459,-0.30844
0.072749,0.18885,-0.3106
0.071129,0.19303,-0.31076
0.069642,0.19714,-0.30922
0.068286,0.20118,-0.30624
0.067057,0.20515,-0.30205
0.065953,0.20906,-0.29683
0.064971,0.21292,-0.29076
0.064108,0.21671,-0.28397
0.063361,0.22045,-0.27659
0.062729,0.22414,-0.26871
0.074137,0.23058,-0.30283
0.088498,0.23634,-0.33739
0.10585,0.24141,-0.37223
0.12622,0.24578,-0.40723
0.14965,0.24941,-0.44227
0.17618,0.25229,-0.47729
0.20584,0.25441,-0.51214
0.23866,0.25576,-0.54683
0.27468,0.25633,-0.5812
0.31393,0.25612,-0.61527
0.27573,0.21251,-0.68059
0.24016,0.17362,-0.74055
0.20716,0.1392,-0.79626
0.17669,0.109,-0.84873
0.14872,0.082813,-0.89836
0.12321,0.06044,-0.94579
0.10015,0.041707,-0.99105
0.079504,0.026463,-1.0346
0.061263,0.014572,-1.0763
0.045412,0.0059227,-1.1165
0.042949,0.010081,-1.0536
0.040746,0.014916,-1.0054
0.038814,0.02039,-0.96769
0.03716,0.026481,-0.93787
0.035788,0.033172,-0.914
0.034701,0.040452,-0.89474
0.0339,0.048311,-0.87914
0.033387,0.056744,-0.86639
0.033163,0.065747,-0.85599
0.033229,0.075316,-0.84743
0.037609,0.060775,-0.81695
0.043376,0.04702,-0.79092
0.050511,0.034031,-0.76842
0.059007,0.021792,-0.74865
0.068857,0.010288,-0.73114
0.080066,-0.00049293,-0.71535
0.092638,-0.010562,-0.70103
0.10659,-0.019927,-0.6878
0.12193,-0.028597,-0.67553
0.13867,-0.03658,-0.66394
0.14834,-0.031353,-0.61228
0.15907,-0.022577,-0.56306
0.17087,-0.010263,-0.51619
0.18377,0.0055831,-0.47146
0.1978,0.024949,-0.42889
0.21297,0.04783,-0.3883
0.22932,0.074215,-0.34975
0.24687,0.1041,-0.31312
0.26562,0.13748,-0.27852
0.2856,0.17435,-0.24586
0.27111,0.15617,-0.17898
0.25722,0.13858,-0.1275
0.24393,0.12166,-0.087881
0.23123,0.10546,-0.057661
0.2191,0.09005,-0.035191
0.20752,0.075454,-0.019189
0.19649,0.061712,-0.0087529
0.186,0.048855,-0.0031331
0.17603,0.036915,-0.0015994
0.1666,0.025982,0.0012038
0.17002,0.02976,0.0011478
0.17352,0.033677,0.0011342
0.17711,0.037733,0.0011478
0.18078,0.041931,0.0011929
0.18453,0.046271,0.0012564
0.18836,0.050756,0.0013412
0.19227,0.055386,0.0014361
0.19627,0.060166,0.0015434
0.20035,0.065095,0.0016533
0.20451,0.070176,0.0017674
0.19054,0.06342,-0.0032666
0.17717,0.056912,-0.016162
0.16429,0.050589,-0.041298
0.15191,0.044483,-0.076027
0.13999,0.038615,-0.11858
0.12852,0.032999,-0.16772
0.11748,0.027644,-0.22256
0.10687,0.02256,-0.28242
0.096673,0.017753,-0.34678
0.086883,0.01323,-0.41525
0.087833,0.010245,-0.39586
0.088943,0.0073358,-0.38092
0.090201,0.004504,-0.3693
0.091596,0.0017505,-0.36036
0.093122,-0.00092616,-0.35347
0.09477,-0.0035249,-0.34828
0.096534,-0.0060485,-0.34441
0.09841,-0.008498,-0.34166
0.10039,-0.010876,-0.33979
0.10248,-0.013185,-0.33867
0.086092,-0.012655,-0.25658
0.071205,-0.012146,-0.19225
0.057827,-0.011514,-0.14155
0.045966,-0.010638,-0.10166
0.035622,-0.0094084,-0.070534
0.026791,-0.0077231,-0.046621
0.01939,-0.0057721,-0.028723
0.012982,-0.005027,-0.015832
0.0074574,-0.0057485,-0.0071491
0.0027688,-0.007966,-0.0020039
0.0047292,-0.0038298,-0.0033366
0.0061106,-0.0019654,-0.0048423
0.0071181,-0.0016548,-0.0065589
0.0086864,0.0004327,-0.0085866
0.010961,0.0047632,-0.011016
0.013967,0.011384,-0.013892
0.017728,0.020349,-0.017249
0.022267,0.03171,-0.021076
0.027604,0.04552,-0.025356
0.03376,0.061828,-0.030036
0.041851,0.058214,-0.042926
0.051756,0.05404,-0.05789
0.063472,0.049302,-0.074815
0.076997,0.044002,-0.093561
0.092332,0.038141,-0.11398
0.10948,0.031722,-0.13593
0.12843,0.02475,-0.15923
0.1492,0.017229,-0.18375
0.17178,0.0091617,-0.20934
0.19618,0.00055233,-0.23587
0.16491,-0.011748,-0.188
0.13717,-0.020152,-0.15253
0.11292,-0.024606,-0.12559
0.092064,-0.025068,-0.10474
0.074481,-0.021694,-0.088303
0.058348,-0.020551,-0.075089
0.042742,-0.024534,-0.064204
0.027579,-0.033613,-0.05497
0.012786,-0.04777,-0.046878
-0.0016798,-0.066999,-0.039573
5.1666e-05,-0.053002,-0.031243
0.0015942,-0.040808,-0.024176
0.0029288,-0.030364,-0.018261
0.0040389,-0.021617,-0.013384
0.0049103,-0.014519,-0.0094451
0.0055306,-0.0090226,-0.0063392
0.0058881,-0.0050801,-0.0039715
0.0059693,-0.0026461,-0.0022436
0.0057523,-0.0016766,-0.0010644
0.0055315,-0.00098344,-0.00035321
0.0081019,-0.0016542,-0.00060185
0.011225,-0.0024381,-0.0010294
0.01492,-0.0033333,-0.0017058
0.019209,-0.0043349,-0.0027019
0.024114,-0.005436,-0.0040867
0.029654,-0.0066274,-0.0059159
0.035853,-0.0078982,-0.0082332
0.042731,-0.0092365,-0.011061
0.050311,-0.010629,-0.014402
0.058616,-0.012063,-0.018239
0.050702,-0.0089842,-0.015915
0.04345,-0.0060084,-0.014195
0.036857,-0.0031299,-0.012948
0.030919,-0.00034317,-0.012075
0.025633,0.0023567,-0.011507
0.020997,0.0049741,-0.011191
0.017005,0.0075123,-0.011087
0.013653,0.0099732,-0.011163
0.010938,0.012357,-0.011391
0.0088539,0.014661,-0.011747
0.0098342,0.0093267,-0.0086964
0.011574,0.0046755,-0.0061574
0.014063,0.00066412,-0.0040967
0.01729,-0.0027355,-0.0024897
0.021249,-0.0055326,-0.0013231
0.025936,-0.007718,-0.00059433
0.031263,-0.0095567,-0.0003083
0.036868,-0.012236,-0.00021519
0.042701,-0.015922,0.00034703
0.048742,-0.020651,0.0014194
0.037266,-0.01523,-0.00034997
0.027567,-0.010728,-0.0014564
0.019495,-0.0071024,-0.0045841
0.012931,-0.0043245,-0.009031
0.0077588,-0.0023676,-0.014227
0.0039052,-0.0010806,-0.019932
0.0014466,0.0001272,-0.026059
0.00034417,0.0013427,-0.032818
0.00033602,0.0026429,-0.040595
-0.00047317,0.0046017,-0.049722
0.00067422,0.0040649,-0.046949
0.00092855,0.0038264,-0.044546
0.0018827,0.0033865,-0.042446
0.0038985,0.0026216,-0.040477
0.0069892,0.0015166,-0.038604
0.011183,5.4383e-05,-0.036717
0.016517,-0.0017818,-0.034827
0.023035,-0.0040084,-0.032881
0.030785,-0.0066405,-0.030919
0.039815,-0.0096925,-0.028923
0.037562,-0.0082261,-0.045646
0.035403,-0.0066649,-0.065785
0.033344,-0.0049967,-0.089264
0.031391,-0.0032093,-0.11595
0.029553,-0.0012885,-0.14575
0.027836,0.00077922,-0.17852
0.026249,0.0030073,-0.21408
0.024799,0.0054087,-0.25227
0.023495,0.0079956,-0.29284
0.022345,0.010779,-0.33563
0.022774,0.011436,-0.32545
0.02317,0.012103,-0.31667
0.023538,0.012777,-0.30897
0.02388,0.013458,-0.30222
0.024198,0.014144,-0.2963
0.024496,0.014836,-0.29104
0.024775,0.015532,-0.28639
0.025037,0.016231,-0.28221
0.025282,0.016934,-0.27847
0.025513,0.017638,-0.27506
0.019589,0.013306,-0.31306
0.01448,0.0096856,-0.35212
0.01018,0.0067703,-0.39219
0.0066872,0.0045569,-0.43319
0.0040046,0.003044,-0.47495
0.0021381,0.0022311,-0.51748
0.0010963,0.002119,-0.56054
0.00070209,0.0021219,-0.60416
0.00040826,0.0011567,-0.64808
-0.00060852,-0.00055213,-0.69237
0.00027301,0.00071239,-0.62291
0.00088103,0.0015333,-0.56665
0.0012276,0.0018891,-0.52006
0.0013475,0.0018423,-0.48084
0.001545,0.0021636,-0.44754
0.0019743,0.0030253,-0.41869
0.0026351,0.0044263,-0.39354
0.0035249,0.0063655,-0.37122
0.0046424,0.0088429,-0.35134
0.0059865,0.011858,-0.33337
0.0073255,0.0156,-0.26975
0.0088328,0.01971,-0.21503
0.010494,0.024123,-0.16814
0.0123,0.028798,-0.12811
0.014251,0.033721,-0.094363
0.016351,0.038899,-0.066247
0.01861,0.044361,-0.043429
0.021043,0.050156,-0.025542
0.02367,0.056346,-0.012418
0.02651,0.063005,-0.0038942
0.023257,0.059692,-0.012188
0.020585,0.056337,-0.024283
0.018471,0.05295,-0.039866
0.016902,0.049538,-0.058693
0.015813,0.046123,-0.080594
0.014512,0.042938,-0.10544
0.012794,0.040052,-0.1331
0.010641,0.037471,-0.16348
0.0080301,0.035203,-0.19643
0.004932,0.033258,-0.23185
0.008141,0.04356,-0.20832
0.011871,0.055396,-0.18602
0.016138,0.068793,-0.16534
0.02095,0.083785,-0.14576
0.026325,0.10041,-0.12745
0.032276,0.1187,-0.11023
0.038819,0.1387,-0.094183
0.045971,0.16044,-0.079241
0.053745,0.18396,-0.065475
0.062158,0.2093,-0.052869
0.063047,0.20242,-0.053157
0.063399,0.19593,-0.054134
0.06321,0.18983,-0.05572
0.062472,0.1841,-0.057828
0.061184,0.17874,-0.060413
0.059786,0.17357,-0.063427
0.059027,0.16833,-0.066831
0.058914,0.16301,-0.070603
0.059445,0.1576,-0.07472
0.060618,0.15209,-0.079172
0.061349,0.16014,-0.065181
0.062404,0.16828,-0.053126
0.063783,0.17651,-0.042739
0.065485,0.18483,-0.033821
0.067511,0.19325,-0.026206
0.069859,0.20176,-0.019755
0.072527,0.21036,-0.014358
0.07549,0.21906,-0.0099186
0.078402,0.22799,-0.0063639
0.081154,0.23718,-0.0036254
0.083041,0.24044,0.00015019
0.084692,0.24389,0.001248
0.087243,0.24709,0.0058826
0.090713,0.25003,0.014374
0.095102,0.2527,0.02653
0.10041,0.25508,0.042195
0.10664,0.25715,0.061234
0.1138,0.25891,0.083536
0.12189,0.26036,0.10899
0.13091,0.26148,0.13752
0.13205,0.27351,0.10159
0.13323,0.28555,0.073548
0.1345,0.2976,0.051641
0.13587,0.30969,0.034649
0.13739,0.32181,0.021685
0.13905,0.33398,0.012082
0.14087,0.34619,0.0053556
0.14286,0.35846,0.0011215
0.14503,0.37079,-0.00090557
0.14739,0.38316,-0.0015827
0.15321,0.3842,-0.0014091
0.15993,0.38503,-0.0014722
0.16752,0.38564,-0.001452
0.17601,0.38603,-0.001376
0.18538,0.38619,-0.0012907
0.19564,0.38612,-0.0012241
0.20678,0.38581,-0.0011883
0.21881,0.38525,-0.001191
0.23172,0.38445,-0.0012321
0.24553,0.3834,-0.0013123
0.21163,0.32748,0.0039021
0.18071,0.27725,0.011641
0.15263,0.2323,0.02093
0.12726,0.19229,0.031188
0.10449,0.1569,0.042048
0.08423,0.12585,0.053261
0.066371,0.098873,0.064647
0.050826,0.075711,0.076074
0.037507,0.056133,0.087432
0.026335,0.039917,0.098645
0.025393,0.0401,0.10422
0.024496,0.040273,0.11004
0.023642,0.040436,0.11609
0.02283,0.040591,0.12237
0.02206,0.040737,0.12887
0.021332,0.040876,0.13558
0.020645,0.041008,0.1425
0.019999,0.041134,0.14962
0.019393,0.041253,0.15693
0.018828,0.041366,0.16443
0.021255,0.045322,0.16976
0.023837,0.049459,0.17535
0.026573,0.053776,0.1812
0.029462,0.058274,0.18731
0.032501,0.062954,0.19369
0.035692,0.067816,0.20035
0.039032,0.072861,0.20727
0.042521,0.078088,0.21446
0.046158,0.083498,0.2219
0.049943,0.089092,0.22961
0.053153,0.10974,0.24886
0.057687,0.13212,0.26817
0.063558,0.15627,0.28743
0.070776,0.18221,0.30658
0.07935,0.20999,0.32551
0.089287,0.23963,0.34419
0.10059,0.27115,0.36253
0.11308,0.30466,0.38052
0.12593,0.34045,0.3981
0.13908,0.37859,0.41529
0.13495,0.36605,0.32565
0.13108,0.35442,0.25515
0.12741,0.34352,0.19859
0.12393,0.33325,0.15262
0.12059,0.32351,0.11505
0.11739,0.31425,0.084244
0.11432,0.30541,0.059137
0.11135,0.29695,0.038841
0.10849,0.28885,0.022764
0.10573,0.28107,0.010373
0.099912,0.26481,0.016995
0.094568,0.24883,0.023127
0.089978,0.23303,0.028718
0.086168,0.21741,0.033743
0.083169,0.20196,0.038251
0.081006,0.18671,0.042267
0.079706,0.17163,0.045855
0.079292,0.15674,0.049048
0.079785,0.14204,0.051897
0.081203,0.12753,0.054432
0.081347,0.13083,0.049438
0.081501,0.13413,0.045266
0.081665,0.13742,0.041771
0.081839,0.14072,0.038836
0.082025,0.144,0.03637
0.082221,0.14728,0.034292
0.08243,0.15054,0.032547
0.08265,0.15379,0.031082
0.082882,0.15703,0.02986
0.083127,0.16025,0.028846
0.079689,0.15839,0.042759
0.076431,0.15647,0.057763
0.073357,0.15448,0.07362
0.070469,0.15242,0.090154
0.06777,0.15029,0.10724
0.065262,0.14808,0.12478
0.062948,0.1458,0.14271
0.060828,0.14345,0.16099
0.058905,0.14103,0.17956
0.057184,0.13854,0.19842
0.066304,0.16086,0.20261
0.076108,0.18489,0.2062
0.086593,0.21063,0.20913
0.097757,0.23808,0.21143
0.1096,0.26724,0.21306
0.12212,0.29811,0.21406
0.13533,0.3307,0.21443
0.14922,0.36501,0.2142
0.16379,0.40103,0.21338
0.17905,0.43879,0.21201
0.16752,0.41934,0.19229
0.15882,0.39995,0.17928
0.15007,0.38158,0.1709
0.13938,0.36487,0.16584
0.1268,0.34973,0.16324
0.11234,0.33607,0.16251
0.096018,0.32384,0.16327
0.077851,0.313,0.1652
0.057842,0.30349,0.16813
0.035989,0.29529,0.17188
0.040771,0.277,0.14195
0.044778,0.25949,0.11536
0.04804,0.24275,0.091907
0.050588,0.22675,0.071405
0.05245,0.21149,0.053701
0.053651,0.19694,0.03863
0.054219,0.1831,0.026074
0.054176,0.16996,0.015897
0.053545,0.15751,0.0080009
0.052348,0.14573,0.0022765
0.059283,0.15911,0.0018582
0.066328,0.17327,0.0014826
0.073482,0.18824,0.0011539
0.080747,0.204,0.00086664
0.088123,0.22058,0.00062499
0.095611,0.23797,0.00042544
0.10321,0.25618,0.00027223
0.11104,0.27516,0.00016284
0.11938,0.2948,0.00010009
0.12825,0.3151,8.3726e-05
0.11959,0.29576,0.01518
0.10988,0.27771,0.035329
0.097501,0.26156,0.059081
0.082424,0.24728,0.085524
0.06464,0.23488,0.11408
0.044143,0.22433,0.14437
0.020929,0.21564,0.17611
-0.0050037,0.20881,0.20912
-0.033654,0.20382,0.24321
-0.06502,0.20068,0.27828
-0.038232,0.22511,0.26475
-0.011087,0.25284,0.25293
0.016407,0.28388,0.24234
0.044247,0.31825,0.23272
0.072439,0.35596,0.2238
0.101,0.39703,0.21543
0.12993,0.44146,0.20744
0.15926,0.48927,0.19974
0.18901,0.54046,0.19222
0.21918,0.59503,0.18482
0.22591,0.58426,0.22194
0.23006,0.57458,0.25778
0.23169,0.56593,0.29251
0.23088,0.55832,0.3263
0.2289,0.5512,0.35926
0.22903,0.54323,0.39151
0.23143,0.53434,0.42309
0.23605,0.52455,0.45409
0.24286,0.51388,0.48445
0.25185,0.50234,0.51424
0.25573,0.53862,0.43393
0.26167,0.57559,0.37279
0.26964,0.61319,0.32456
0.27958,0.65136,0.28541
0.29149,0.69009,0.25284
0.30535,0.72936,0.22515
0.32114,0.76916,0.2012
0.33793,0.80987,0.18017
0.35385,0.85226,0.1615
0.36885,0.89636,0.14474
0.32793,0.78929,0.12412
0.28926,0.69116,0.10277
0.25267,0.60149,0.082365
0.21904,0.51943,0.063715
0.18951,0.44404,0.047278
0.16393,0.37498,0.033213
0.14215,0.31195,0.021607
0.12403,0.25467,0.012434
0.10945,0.20286,0.0056712
0.098296,0.15628,0.0012534
0.10192,0.18836,0.013049
0.10806,0.22217,0.03343
0.11672,0.25772,0.061608
0.12797,0.29501,0.096808
0.14184,0.33404,0.13832
0.15831,0.37481,0.18542
0.17523,0.41824,0.23749
0.19147,0.46483,0.29394
0.207,0.51456,0.35427
0.22181,0.56746,0.4181
0.20253,0.55651,0.33991
0.17949,0.5477,0.28118
0.15278,0.54089,0.23525
0.12244,0.53599,0.19819
0.088484,0.53297,0.16749
0.050938,0.5318,0.14153
0.0097952,0.53245,0.11923
-0.034953,0.53492,0.099828
-0.083325,0.53922,0.082813
-0.13534,0.54536,0.067791
-0.16042,0.53843,0.070295
-0.18584,0.5322,0.071615
-0.21162,0.52664,0.072128
-0.23777,0.52175,0.072078
-0.26429,0.51752,0.071673
-0.29119,0.51393,0.07103
-0.31848,0.51097,0.070258
-0.34615,0.50863,0.069403
-0.37423,0.50689,0.06852
-0.4027,0.50575,0.067616
-0.36064,0.47027,0.0358
-0.32094,0.43743,0.014521
-0.28353,0.40699,0.00089355
-0.24834,0.37877,-0.0068308
-0.21532,0.3526,-0.0097685
-0.18442,0.32832,-0.010395
-0.1556,0.30564,-0.014119
-0.12882,0.28448,-0.020933
-0.10401,0.26474,-0.030514
-0.081153,0.24637,-0.042617
-0.07483,0.24695,-0.040517
-0.068536,0.24754,-0.039264
-0.062276,0.24814,-0.038637
-0.056051,0.24876,-0.038495
-0.049864,0.24941,-0.038726
-0.043717,0.25009,-0.039261
-0.037614,0.2508,-0.040037
-0.031557,0.25154,-0.041018
-0.025547,0.25233,-0.042167
-0.019587,0.25315,-0.043464
-0.033251,0.23784,-0.039136
-0.046781,0.22319,-0.035828
-0.060156,0.20924,-0.033277
-0.073358,0.19605,-0.031304
-0.086369,0.18366,-0.029786
-0.099172,0.17209,-0.028633
-0.11175,0.16139,-0.027786
-0.1241,0.15159,-0.027205
-0.13619,0.14271,-0.02686
-0.14802,0.13478,-0.02673
-0.13844,0.15395,-0.027704
-0.12752,0.17601,-0.028023
-0.11526,0.20096,-0.027787
-0.10164,0.22883,-0.02711
-0.086635,0.25963,-0.02612
-0.070237,0.29337,-0.024945
-0.052432,0.33007,-0.023714
-0.033205,0.36973,-0.022553
-0.012545,0.41237,-0.021584
0.0095589,0.45799,-0.020917
-0.0031571,0.42728,-0.020178
-0.015745,0.39771,-0.019582
-0.028173,0.36931,-0.019105
-0.04041,0.34213,-0.018727
-0.052427,0.31621,-0.018432
-0.064196,0.29156,-0.018206
-0.075691,0.26824,-0.018039
-0.086887,0.24627,-0.01792
-0.09776,0.22567,-0.017843
-0.10829,0.20648,-0.017801
-0.098627,0.19731,-0.014098
-0.089376,0.18853,-0.01158
-0.080524,0.18013,-0.0098287
-0.072066,0.1721,-0.0085818
-0.063994,0.16443,-0.0076755
-0.056301,0.15712,-0.0070054
-0.048981,0.15014,-0.0065081
-0.042026,0.14349,-0.006143
-0.035432,0.13716,-0.0058881
-0.029191,0.13114,-0.0057301
-0.040865,0.12831,-0.010837
-0.052891,0.12593,-0.018002
-0.06527,0.12399,-0.026428
-0.078002,0.12251,-0.03553
-0.091083,0.12148,-0.044881
-0.10451,0.1209,-0.054168
-0.11828,0.12077,-0.063159
-0.13238,0.12111,-0.071689
-0.14682,0.12191,-0.079641
-0.16159,0.12318,-0.086938
-0.13928,0.1323,-0.052502
-0.11661,0.14372,-0.030515
-0.093548,0.15755,-0.016834
-0.070043,0.17385,-0.0088715
-0.046062,0.1927,-0.0049361
-0.02157,0.21417,-0.0038773
0.0034488,0.23834,-0.0030115
0.029012,0.26531,-0.00065623
0.055144,0.29512,0.0027564
0.081867,0.32781,0.0069001
0.069706,0.30887,0.0048693
0.057789,0.29056,0.0036367
0.046127,0.27291,0.0028888
0.03473,0.25591,0.0024417
0.023605,0.23959,0.0021792
0.012762,0.22394,0.0020304
0.0022084,0.20899,0.001948
-0.0080497,0.19473,0.0019026
-0.018006,0.18118,0.0018733
-0.027653,0.16835,0.0018477
-0.0045525,0.17068,0.0023886
0.016626,0.17451,0.0031087
0.03594,0.17981,0.0039967
0.053433,0.18657,0.005052
0.069135,0.19475,0.0062771
0.083062,0.20435,0.0076774
0.095219,0.21535,0.009257
0.1056,0.22776,0.011021
0.11418,0.24156,0.012972
0.12198,0.25628,0.015127
0.12862,0.27011,0.017607
0.13547,0.28435,0.020121
0.14253,0.29899,0.022657
0.1498,0.31404,0.025204
0.15727,0.32948,0.027756
0.16494,0.34532,0.030309
0.17281,0.36154,0.032859
0.18087,0.37814,0.035403
0.18913,0.3951,0.037938
0.19758,0.41243,0.040447
0.19295,0.40419,0.041454
0.18756,0.39655,0.042695
0.18019,0.3901,0.044118
0.17087,0.38478,0.045695
0.15963,0.38059,0.047401
0.14647,0.37748,0.049219
0.1314,0.37546,0.051131
0.11443,0.3745,0.053127
0.095551,0.37459,0.055195
0.074763,0.37574,0.057328
0.088691,0.36868,0.0573
0.10138,0.36241,0.056899
0.11286,0.3569,0.056206
0.12314,0.35214,0.055286
0.13225,0.3481,0.054186
0.14019,0.34476,0.052942
0.14699,0.34211,0.051583
0.15266,0.34011,0.050128
0.15721,0.33877,0.048596
0.16065,0.33806,0.046998
0.14676,0.31543,0.022231
0.13232,0.29408,0.0076513
0.11737,0.27402,0.00086615
0.10199,0.25523,-0.00072987
0.086249,0.23767,-0.0055818
0.070181,0.22132,-0.014734
0.053795,0.20618,-0.027623
0.037094,0.19225,-0.043837
0.02008,0.17952,-0.063061
0.0027496,0.16801,-0.085063
0.021515,0.19122,-0.09227
0.041282,0.21684,-0.10021
0.062046,0.24491,-0.10887
0.083799,0.27543,-0.11828
0.10653,0.30843,-0.12843
0.13022,0.34392,-0.13934
0.15487,0.38192,-0.15097
0.18044,0.42245,-0.16332
0.20693,0.46553,-0.17634
0.23432,0.51116,-0.19003
0.24811,0.52612,-0.18193
0.26092,0.54152,-0.1746
0.27275,0.55737,-0.1678
0.28361,0.57367,-0.16142
0.29348,0.59041,-0.15532
0.30248,0.60753,-0.14946
0.312,0.62435,-0.14376
0.32249,0.64063,-0.13819
0.33393,0.65637,-0.13272
0.34634,0.67156,-0.12736
0.35919,0.69989,-0.12603
0.37239,0.72864,-0.12592
0.38593,0.75782,-0.12671
0.39981,0.78742,-0.12821
0.41402,0.81744,-0.13025
0.42857,0.84788,-0.13273
0.44345,0.87873,-0.13558
0.45866,0.90998,-0.13874
0.47419,0.94164,-0.14217
0.49004,0.97369,-0.14586
0.47552,0.94238,-0.092246
0.46143,0.91113,-0.057082
0.44777,0.88002,-0.035437
0.43452,0.84907,-0.024439
0.42167,0.81831,-0.021834
0.4093,0.788,-0.016262
0.39742,0.75823,-0.003859
0.38604,0.72901,0.014738
0.37516,0.70034,0.039026
0.36478,0.67222,0.068606
0.38436,0.69605,0.035397
0.40501,0.72026,0.011856
0.4267,0.74478,-0.0050342
0.44943,0.76957,-0.017154
0.47318,0.79457,-0.025717
0.49794,0.81978,-0.031511
0.52373,0.84518,-0.035059
0.55051,0.87071,-0.038109
0.57825,0.89629,-0.042973
0.60694,0.92191,-0.049513
0.5997,0.93253,-0.04864
0.5933,0.94332,-0.04917
0.58771,0.95427,-0.050432
0.5829,0.96538,-0.052156
0.57886,0.97663,-0.054223
0.57557,0.98801,-0.056597
0.573,0.9995,-0.059264
0.57113,1.0111,-0.062234
0.56995,1.0228,-0.065517
0.56943,1.0345,-0.069135
0.56303,1.0273,-0.068907
0.55699,1.0204,-0.06801
0.55129,1.0137,-0.066946
0.54588,1.0073,-0.066072
0.54075,1.0011,-0.065617
0.53587,0.99514,-0.065746
0.53122,0.98932,-0.066528
0.52681,0.98369,-0.067016
0.52265,0.97828,-0.066688
0.51872,0.97308,-0.0655
0.49899,0.92215,-0.064485
0.48089,0.87268,-0.063506
0.46433,0.82461,-0.062407
0.44925,0.77788,-0.061094
0.43556,0.73243,-0.059503
0.4232,0.68823,-0.057613
0.4121,0.64518,-0.055857
0.40218,0.60324,-0.054466
0.39341,0.56237,-0.053451
0.38573,0.52252,-0.052825
0.39833,0.52516,-0.054601
0.41111,0.52718,-0.055934
0.42407,0.52858,-0.056942
0.43719,0.52933,-0.057745
0.45046,0.52942,-0.058461
0.46386,0.52883,-0.059184
0.47739,0.52755,-0.059999
0.49103,0.52558,-0.060972
0.50478,0.52292,-0.062074
0.51867,0.51961,-0.062825
0.48815,0.53074,-0.06079
0.46071,0.54118,-0.058286
0.43618,0.5509,-0.055869
0.41438,0.55987,-0.053724
0.39518,0.5681,-0.051913
0.37848,0.57559,-0.050438
0.36415,0.58234,-0.049285
0.35211,0.58836,-0.04842
0.34228,0.59364,-0.04782
0.33457,0.59819,-0.047455
0.33876,0.59826,-0.048506
0.34346,0.59852,-0.049134
0.34865,0.59897,-0.049611
0.35432,0.59955,-0.049896
0.36046,0.60029,-0.050155
0.36707,0.60113,-0.050332
0.37413,0.6021,-0.050532
0.38164,0.60316,-0.050702
0.38959,0.60431,-0.050911
0.39799,0.60554,-0.051117
0.3864,0.60411,-0.046439
0.37566,0.60265,-0.042414
0.36578,0.60111,-0.03902
0.35673,0.5995,-0.036155
0.34851,0.59779,-0.033761
0.34113,0.59597,-0.031773
0.33456,0.59402,-0.030141
0.3288,0.59193,-0.028828
0.32386,0.58969,-0.027786
0.31972,0.58729,-0.026995
0.33292,0.61381,-0.020274
0.34667,0.6406,-0.012481
0.36096,0.66762,-0.0036223
0.37576,0.69485,0.0062338
0.39102,0.72228,0.017084
0.40629,0.75011,0.028861
0.42147,0.77835,0.041564
0.43653,0.80699,0.055111
0.45146,0.83598,0.069499
0.46625,0.86529,0.084649
0.4527,0.83722,0.051898
0.43945,0.81043,0.02793
0.4263,0.78473,0.0098302
0.41314,0.76,-0.0041511
0.40028,0.73594,-0.015048
0.38829,0.71219,-0.023588
0.37715,0.68869,-0.030197
0.36683,0.66541,-0.035222
0.35734,0.64232,-0.038875
0.34865,0.61941,-0.041355
0.36959,0.66493,-0.051795
0.39231,0.71192,-0.056261
0.41634,0.75995,-0.063506
0.44162,0.80896,-0.074884
0.46818,0.85899,-0.08962
0.49594,0.91017,-0.10717
0.52405,0.96299,-0.12708
0.55241,1.0176,-0.14902
0.58105,1.0739,-0.17269
0.61,1.1321,-0.19784
0.60541,1.1122,-0.18056
0.59713,1.0927,-0.16987
0.58826,1.0723,-0.1629
0.58154,1.0496,-0.15824
0.57696,1.0249,-0.155
0.57448,0.99821,-0.15279
0.57407,0.96973,-0.15125
0.5757,0.93954,-0.15023
0.57933,0.90775,-0.14958
0.58495,0.87445,-0.14922
0.59036,0.84953,-0.1386
0.59736,0.82495,-0.12874
0.6059,0.80064,-0.11957
0.61592,0.77654,-0.11103
0.6274,0.75258,-0.1031
0.64029,0.72871,-0.095739
0.65456,0.70488,-0.088921
0.67018,0.68103,-0.082626
0.68712,0.65713,-0.07683
0.70537,0.63314,-0.071517
0.65462,0.59186,-0.13334
0.60556,0.55091,-0.22375
0.55829,0.51049,-0.33505
0.51279,0.4707,-0.46347
0.46904,0.43154,-0.60677
0.42699,0.39304,-0.7638
0.38658,0.35519,-0.93318
0.34777,0.31805,-1.1146
0.31053,0.28162,-1.3065
0.27482,0.24591,-1.5092
0.28058,0.23814,-1.1421
0.28455,0.22645,-0.87616
0.2877,0.21251,-0.67256
0.29053,0.19713,-0.51224
0.29331,0.18079,-0.38345
0.29621,0.16375,-0.27986
0.29932,0.14617,-0.19694
0.30271,0.12816,-0.13164
0.30644,0.1098,-0.081855
0.31052,0.091142,-0.045831
0.32276,0.13045,-0.041071
0.3367,0.17246,-0.036563
0.35235,0.2172,-0.032645
0.36971,0.26464,-0.029508
0.38878,0.31481,-0.027359
0.40957,0.36768,-0.026318
0.43209,0.42327,-0.026492
0.45634,0.48156,-0.027936
0.48233,0.54257,-0.029997
0.5101,0.60635,-0.030906
0.52197,0.64189,-0.033352
0.53433,0.67788,-0.034837
0.54715,0.71427,-0.03599
0.56041,0.75101,-0.037593
0.57412,0.78809,-0.039594
0.58825,0.8255,-0.041952
0.6028,0.86323,-0.044648
0.61777,0.90125,-0.047681
0.63314,0.93956,-0.05105
0.64891,0.97814,-0.054786
0.6337,0.9699,-0.06265
0.61959,0.96239,-0.070346
0.60655,0.95555,-0.0776
0.59454,0.9493,-0.084395
0.58351,0.9436,-0.090762
0.57343,0.93837,-0.096755
0.56426,0.93357,-0.1024
0.55598,0.92915,-0.10772
0.54856,0.92507,-0.11273
0.54197,0.92128,-0.11745
0.51393,0.86769,-0.12926
0.48681,0.81535,-0.14275
0.46063,0.76428,-0.1577
0.43541,0.71448,-0.17397
0.41116,0.66597,-0.1914
0.38791,0.61875,-0.20992
0.36566,0.57284,-0.22942
0.34443,0.52823,-0.24989
0.32423,0.48495,-0.27124
0.30508,0.44299,-0.29349
0.27358,0.41015,-0.25302
0.24481,0.37887,-0.22016
0.21872,0.34903,-0.19264
0.19522,0.32053,-0.16911
0.17426,0.29324,-0.14867
0.15577,0.26706,-0.13068
0.13969,0.2419,-0.11475
0.12548,0.21793,-0.10051
0.11107,0.19625,-0.087761
0.096167,0.17691,-0.076264
0.11292,0.20133,-0.067964
0.13006,0.22751,-0.06075
0.14759,0.25541,-0.054542
0.16549,0.285,-0.049216
0.18393,0.31617,-0.044705
0.20355,0.34852,-0.040917
0.22444,0.38199,-0.037794
0.24659,0.41658,-0.035259
0.26998,0.45228,-0.033263
0.29463,0.48911,-0.031746
0.28175,0.45696,-0.030283
0.27039,0.42529,-0.027999
0.26049,0.39408,-0.025243
0.25201,0.36335,-0.022287
0.24491,0.33309,-0.01935
0.23914,0.30332,-0.016589
0.23467,0.27402,-0.014129
0.23149,0.24521,-0.012055
0.22955,0.21688,-0.010438
0.22885,0.18903,-0.0093269
0.21717,0.17061,-0.0085577
0.20585,0.15301,-0.0078251
0.1949,0.13623,-0.0071308
0.18433,0.12027,-0.0064785
0.17414,0.10512,-0.0058688
0.16433,0.090796,-0.0052974
0.15491,0.077282,-0.0047605
0.14587,0.064578,-0.0042544
0.13722,0.05268,-0.0037923
0.12895,0.041586,-0.0033796
0.13338,0.02981,-0.00038991
0.13854,0.018223,0.0087974
0.1444,0.0067578,0.023511
0.15095,-0.0046373,0.043178
0.15819,-0.016002,0.067331
0.1661,-0.027366,0.095601
0.17469,-0.038751,0.12764
0.18397,-0.050174,0.16321
0.19395,-0.061644,0.202
0.20463,-0.07317,0.24386
0.21171,-0.085538,0.20912
0.21953,-0.097485,0.17965
0.22805,-0.10905,0.15426
0.23725,-0.12027,0.13218
0.24711,-0.13115,0.11281
0.25761,-0.14173,0.095698
0.26875,-0.15201,0.080527
0.28051,-0.16201,0.067035
0.29289,-0.17172,0.055034
0.30588,-0.18116,0.044365
0.28887,-0.16686,0.030437
0.27425,-0.15013,0.019995
0.26195,-0.13104,0.012182
0.25189,-0.10965,0.0064095
0.24405,-0.085993,0.0022805
0.23838,-0.060093,-0.00049123
0.23486,-0.031955,-0.0021042
0.2335,-0.0015754,-0.0027054
0.23427,0.031063,-0.0029835
0.23719,0.065982,-0.0039604
0.23652,0.067432,-0.0022618
0.23579,0.068816,0.0012359
0.23503,0.070128,0.0081002
0.23422,0.071362,0.017551
0.23338,0.072515,0.029038
0.23248,0.073584,0.042172
0.23155,0.074567,0.056665
0.23056,0.075463,0.072317
0.22953,0.07627,0.088962
0.22846,0.076987,0.1065
0.22186,0.081773,0.11455
0.21553,0.086294,0.12375
0.20945,0.09056,0.13394
0.20361,0.094581,0.14507
0.198,0.098364,0.15704
0.1926,0.10192,0.16982
0.18741,0.10525,0.18333
0.18242,0.10837,0.19756
0.17761,0.11128,0.21245
0.17299,0.11398,0.22799
0.18918,0.12242,0.19674
0.20622,0.13108,0.16719
0.22414,0.13995,0.13957
0.24295,0.14901,0.11412
0.26268,0.15824,0.091021
0.28334,0.16762,0.070447
0.30494,0.17713,0.05255
0.32749,0.18675,0.03745
0.35102,0.19647,0.025277
0.37552,0.20625,0.016123
0.34557,0.1727,0.016139
0.31738,0.14248,0.016575
0.29087,0.11534,0.017407
0.26594,0.091094,0.018609
0.24252,0.069534,0.020185
0.22054,0.050486,0.022125
0.19994,0.033787,0.024433
0.18067,0.019287,0.027102
0.16266,0.0068452,0.030138
0.14589,-0.0036693,0.033537
0.17036,-0.0028133,0.039196
0.19707,-0.0020154,0.045389
0.22608,-0.0013108,0.052183
0.25743,-0.00073267,0.059646
0.29117,-0.00031072,0.067832
0.32732,-7.2357e-05,0.076794
0.36594,-4.1613e-05,0.086567
0.40703,-0.00024015,0.097189
0.45063,-0.00068622,0.10867
0.49677,-0.0013956,0.12105
0.50974,-0.032231,0.18074
0.52377,-0.062922,0.2434
0.53885,-0.093426,0.30751
0.55499,-0.12372,0.3724
0.57219,-0.1538,0.43769
0.59045,-0.18364,0.50338
0.60978,-0.21325,0.56932
0.63018,-0.24263,0.63566
0.65168,-0.27177,0.70221
0.67426,-0.30067,0.76911
0.66235,-0.28539,0.64711
0.65038,-0.27102,0.55145
0.63836,-0.25733,0.47285
0.6263,-0.2442,0.40629
0.6142,-0.23156,0.3486
0.60208,-0.21935,0.29791
0.58994,-0.20753,0.25297
0.57779,-0.19608,0.21295
0.56564,-0.18498,0.17728
0.5535,-0.1742,0.14552
0.53497,-0.16177,0.1525
0.51734,-0.14987,0.15994
0.50057,-0.13848,0.16792
0.48459,-0.12755,0.17641
0.46936,-0.11707,0.18546
0.45485,-0.107,0.19504
0.44101,-0.097322,0.20519
0.4278,-0.088009,0.2159
0.41519,-0.079042,0.22719
0.40316,-0.070401,0.23906
0.36896,-0.041105,0.20805
0.33755,-0.013603,0.18349
0.30882,0.012189,0.16353
0.28264,0.03634,0.14699
0.25892,0.058913,0.13306
0.23759,0.079964,0.12115
0.21855,0.099546,0.11089
0.20175,0.1177,0.10193
0.18711,0.13448,0.094071
0.17459,0.14993,0.087108
0.17121,0.13193,0.065815
0.1686,0.11445,0.047453
0.16672,0.097456,0.032001
0.16557,0.080924,0.019393
0.16514,0.064835,0.0095843
0.16542,0.049168,0.0025026
0.1664,0.033906,-0.0019069
0.16808,0.019033,-0.0037086
0.17041,0.0045191,-0.0045958
0.17331,-0.0096804,-0.0079149
0.17824,0.0033521,-0.0057971
0.18368,0.01724,-0.0049084
0.18962,0.031989,-0.0049445
0.19609,0.047609,-0.0050691
0.2031,0.064107,-0.0047243
0.21064,0.081483,-0.0040453
0.21872,0.099733,-0.0031341
0.22735,0.11886,-0.0020702
0.23651,0.13886,-0.0009125
0.24622,0.15972,0.00029254
0.22862,0.17191,-0.0041642
0.21298,0.18317,-0.0065272
0.19925,0.1935,-0.007442
0.1874,0.20286,-0.0074551
0.17735,0.21126,-0.0079431
0.16909,0.21867,-0.0090692
0.16259,0.2251,-0.01071
0.15785,0.23053,-0.01278
0.15485,0.23496,-0.01522
0.15357,0.23837,-0.017988
0.16746,0.25554,-0.010754
0.18275,0.2727,-0.0083227
0.19955,0.28989,-0.008027
0.21804,0.30712,-0.0048569
0.23821,0.32442,0.00093975
0.26008,0.34176,0.0089234
0.28363,0.35915,0.018739
0.30886,0.37658,0.030101
0.33578,0.39404,0.042777
0.36436,0.41153,0.056593
0.33073,0.36528,0.06763
0.29925,0.32227,0.08028
0.26985,0.28236,0.094295
0.24245,0.24545,0.10953
0.21699,0.21142,0.12585
0.19339,0.18017,0.14319
0.17162,0.15161,0.16147
0.15161,0.12565,0.18065
0.13332,0.10222,0.20068
0.11669,0.081234,0.22154
0.10327,0.072574,0.19485
0.090785,0.064418,0.1719
0.079207,0.056761,0.15188
0.068503,0.049599,0.13427
0.058649,0.04293,0.11865
0.049626,0.036749,0.10473
0.041416,0.031056,0.092256
0.034003,0.025849,0.081055
0.027372,0.021127,0.070975
0.021508,0.016887,0.061895
0.026074,0.023863,0.071837
0.031316,0.032043,0.082333
0.037276,0.041477,0.093378
0.043997,0.052208,0.10496
0.051522,0.064279,0.11708
0.059892,0.07773,0.12973
0.069149,0.0926,0.14293
0.079331,0.10892,0.15667
0.090477,0.12672,0.17096
0.10262,0.14603,0.18582
0.096041,0.14115,0.15317
0.090956,0.13537,0.12403
0.085493,0.12994,0.09823
0.078722,0.1255,0.075653
0.070662,0.12207,0.056163
0.061328,0.11965,0.03965
0.05073,0.11828,0.026031
0.038879,0.11796,0.015227
0.02578,0.11872,0.0071862
0.011436,0.12058,0.0018565
0.0037848,0.12056,-0.0010624
-0.0040178,0.12085,-0.0016061
-0.012079,0.1214,-0.004138
-0.020418,0.1222,-0.0091193
-0.029037,0.12324,-0.016316
-0.037937,0.12452,-0.025545
-0.047119,0.12604,-0.036639
-0.056584,0.12782,-0.049473
-0.06633,0.12985,-0.063921
-0.076358,0.13213,-0.079892
-0.063585,0.13191,-0.058566
-0.051211,0.13201,-0.041838
-0.039205,0.13244,-0.028795
-0.027541,0.1332,-0.018802
-0.016198,0.1343,-0.01138
-0.005159,0.13575,-0.0061777
0.005592,0.13754,-0.0029261
0.016069,0.13969,-0.0014195
0.026287,0.14221,-0.0010578
0.036263,0.14512,0.00047036
0.034867,0.14581,0.0021351
0.033456,0.1465,0.0041563
0.032031,0.14721,0.0064585
0.030589,0.14793,0.0089829
0.029131,0.14865,0.011683
0.027658,0.14939,0.014522
0.026167,0.15013,0.01747
0.024661,0.15088,0.020505
0.023139,0.15164,0.023607
0.021601,0.1524,0.02676
0.032946,0.16161,0.040389
0.044554,0.17145,0.056069
0.056417,0.18191,0.073562
0.068528,0.19299,0.092671
0.080879,0.20471,0.11321
0.093462,0.21706,0.13505
0.10627,0.23006,0.15803
0.11929,0.24371,0.18207
0.13252,0.25802,0.20702
0.14594,0.273,0.23282
0.12717,0.24614,0.14356
0.10927,0.22158,0.081957
0.092202,0.19911,0.040694
0.075946,0.17859,0.015236
0.060456,0.1599,0.0026086
0.045716,0.14292,-0.00035052
0.032014,0.12749,-0.0083603
0.019402,0.11351,-0.024762
0.0078372,0.10092,-0.048552
-0.0027156,0.089687,-0.079369
0.012268,0.086485,-0.070388
0.025615,0.084898,-0.061963
0.037342,0.084898,-0.053777
0.047466,0.086447,-0.04616
0.055989,0.089512,-0.038958
0.062906,0.094054,-0.032362
0.068203,0.10004,-0.026376
0.073469,0.10634,-0.020955
0.080668,0.11159,-0.016097
0.089798,0.11574,-0.011734
0.077757,0.1045,-0.021077
0.067483,0.093885,-0.032473
0.058892,0.08376,-0.045908
0.051903,0.073993,-0.061261
0.045826,0.064884,-0.07856
0.039413,0.057129,-0.097757
0.032574,0.050663,-0.11887
0.025257,0.045422,-0.14185
0.017424,0.041355,-0.16671
0.009051,0.038429,-0.19342
0.012221,0.031619,-0.18107
0.014312,0.025981,-0.16889
0.015333,0.021468,-0.15691
0.015289,0.018037,-0.14517
0.014187,0.015644,-0.13375
0.013186,0.013468,-0.1226
0.013499,0.010648,-0.11179
0.015099,0.0071664,-0.10131
0.017969,0.0030041,-0.091239
0.022098,-0.0018583,-0.081571
0.020306,-0.003873,-0.063451
0.018868,-0.005683,-0.048566
0.01777,-0.0072728,-0.036392
0.016998,-0.0086279,-0.026464
0.016539,-0.0097355,-0.018472
0.01638,-0.010583,-0.012128
0.016506,-0.011157,-0.0072422
0.016849,-0.011525,-0.0036513
0.017068,-0.012147,-0.0012566
0.01709,-0.013095,1.6951e-05
0.015687,-0.011588,-0.000207
0.014278,-0.010209,-0.00045104
0.012866,-0.0089628,-0.00070503
0.011456,-0.007851,-0.0009581
0.01006,-0.0068652,-0.0012047
0.0087758,-0.0058741,-0.0014381
0.0076326,-0.0048438,-0.0016564
0.0066362,-0.0037774,-0.0018559
0.005792,-0.0026783,-0.0020379
0.0051052,-0.0015497,-0.0022013
0.005896,-0.00036426,-0.0031621
0.0069292,0.001196,-0.0043099
0.008203,0.0031302,-0.0056536
0.0097167,0.0054377,-0.0071947
0.01147,0.0081179,-0.0089373
0.013463,0.011171,-0.010877
0.015697,0.014596,-0.013015
0.018173,0.018396,-0.015341
0.020892,0.022569,-0.017853
0.023856,0.027117,-0.02054
0.016184,0.019,-0.023413
0.010089,0.012379,-0.026388
0.0054822,0.007201,-0.02945
0.0022736,0.003414,-0.032584
0.00038019,0.00096653,-0.03579
-0.00054572,1.2324e-05,-0.039085
-0.0013227,-0.0001889,-0.042502
-0.0033164,-0.0015914,-0.046061
-0.0066401,-0.0042994,-0.049782
-0.011373,-0.0083544,-0.053655
-0.012413,-0.0068022,-0.038841
-0.013802,-0.0051034,-0.026939
-0.01553,-0.0032413,-0.017511
-0.017587,-0.0012021,-0.010243
-0.019963,0.0010245,-0.0049381
-0.022647,0.0034461,-0.0014702
-0.025631,0.0060671,0.00021691
-0.028898,0.0088902,0.00071368
-0.0324,0.011918,0.0026506
-0.036126,0.015146,0.0063715
-0.029538,0.01715,0.0094778
-0.024653,0.016891,0.012861
-0.02097,0.015195,0.016287
-0.016279,0.015356,0.019849
-0.010339,0.017814,0.02356
-0.0031448,0.022639,0.027594
0.0053593,0.029938,0.032032
0.015265,0.039839,0.036991
0.026686,0.052478,0.0425
0.039746,0.067991,0.048587
0.024931,0.040662,0.059457
0.013623,0.020458,0.070457
0.0058668,0.0071952,0.081403
0.0017591,0.00065583,0.09228
0.0013529,-0.0013258,0.10333
-0.0014343,-0.0082469,0.11508
-0.0077765,-0.021949,0.12786
-0.017645,-0.042595,0.14174
-0.031003,-0.070355,0.15661
-0.04781,-0.10538,0.17229
-0.031727,-0.081472,0.11824
-0.018134,-0.061794,0.081128
-0.0068497,-0.045965,0.055291
0.0022998,-0.033657,0.037189
0.0094802,-0.024581,0.024507
0.014839,-0.01848,0.015626
0.018497,-0.015129,0.0094363
0.020528,-0.014351,0.0051373
0.022262,-0.014139,0.0022321
0.025679,-0.011558,0.00046443
0.022936,-0.0021602,-6.8777e-05
0.02255,0.0084901,-0.00014191
0.024534,0.020355,-0.00065227
0.028864,0.033389,-0.0017517
0.035492,0.047556,-0.0034623
0.044354,0.06283,-0.005806
0.05535,0.079223,-0.0087862
0.067247,0.097545,-0.012388
0.079475,0.11816,-0.016583
0.092056,0.14101,-0.021349
0.076289,0.11958,-0.036993
0.061665,0.1,-0.056342
0.04822,0.082322,-0.079187
0.035991,0.066595,-0.10537
0.025014,0.052863,-0.13474
0.015323,0.04116,-0.16721
0.0069504,0.03151,-0.20265
-7.1006e-05,0.023926,-0.24108
-0.0057134,0.01841,-0.28236
-0.0099534,0.014952,-0.32653
-0.0040033,0.012476,-0.34648
0.00069738,0.011066,-0.36774
0.004154,0.010724,-0.39006
0.0063693,0.011456,-0.41346
0.007933,0.012863,-0.43776
0.01081,0.013574,-0.46301
0.015174,0.013481,-0.48903
0.021044,0.01258,-0.51589
0.02844,0.010869,-0.54341
0.037385,0.0083448,-0.57168
0.030798,0.0068616,-0.56612
0.025008,0.0056206,-0.56291
0.019972,0.0046198,-0.56145
0.015652,0.0038565,-0.56148
0.012018,0.0033302,-0.56266
0.0090425,0.0030399,-0.56483
0.0067032,0.0029855,-0.56776
0.0049803,0.0031661,-0.57134
0.0038604,0.0035813,-0.57544
0.0030859,0.0038864,-0.57999
0.0030117,0.0047105,-0.62936
0.003383,0.0054651,-0.67773
0.0039481,0.0068326,-0.72483
0.0044926,0.008954,-0.77055
0.0050086,0.011826,-0.81462
0.005485,0.015445,-0.85713
0.0059159,0.019812,-0.89783
0.0062932,0.024926,-0.93692
0.0066132,0.030786,-0.97416
0.0068705,0.037395,-1.0098
-0.0023346,0.023207,-0.8028
-0.0077871,0.014845,-0.64604
-0.0097501,0.011827,-0.52302
-0.012146,0.008537,-0.42387
-0.017812,0.00089996,-0.34243
-0.026656,-0.011036,-0.2741
-0.03863,-0.027284,-0.21618
-0.053734,-0.047927,-0.16652
-0.072004,-0.073091,-0.12414
-0.093508,-0.10293,-0.088294
-0.095038,-0.12244,-0.093896
-0.10098,-0.14016,-0.098104
-0.11106,-0.15653,-0.10113
-0.11991,-0.17565,-0.10301
-0.12593,-0.1989,-0.10384
-0.12917,-0.22649,-0.10363
-0.12969,-0.25859,-0.10242
-0.12754,-0.29535,-0.10025
-0.12272,-0.33691,-0.097189
-0.11523,-0.38338,-0.093294
-0.11139,-0.32997,-0.087594
-0.10771,-0.28185,-0.084266
-0.10378,-0.23882,-0.082662
-0.099221,-0.20073,-0.082376
-0.093671,-0.16744,-0.083153
-0.0868,-0.13883,-0.084814
-0.078297,-0.1148,-0.087236
-0.067871,-0.095246,-0.090319
-0.057745,-0.078315,-0.093975
-0.052361,-0.060579,-0.09812
-0.046978,-0.060329,-0.1002
-0.043179,-0.059264,-0.10176
-0.040915,-0.057362,-0.10287
-0.038524,-0.055754,-0.10361
-0.034795,-0.055254,-0.10402
-0.029709,-0.055829,-0.10414
-0.023244,-0.057456,-0.10401
-0.015377,-0.060117,-0.10364
-0.0060866,-0.0638,-0.10305
0.0046473,-0.0685,-0.10225
0.0024174,-0.069474,-0.10369
0.00018713,-0.070471,-0.10492
-0.0020427,-0.071489,-0.10597
-0.0042716,-0.072528,-0.10684
-0.0064985,-0.073587,-0.10755
-0.0087235,-0.074663,-0.10811
-0.010945,-0.075756,-0.10853
-0.013161,-0.076866,-0.10881
-0.015372,-0.077989,-0.10898
-0.017576,-0.079127,-0.10903
-0.010599,-0.078232,-0.12839
-0.0033579,-0.077655,-0.14917
0.0041543,-0.077396,-0.17133
0.011941,-0.077456,-0.19484
0.020004,-0.07784,-0.21965
0.028346,-0.078554,-0.24575
0.036965,-0.079605,-0.27307
0.045861,-0.081001,-0.30162
0.055033,-0.082751,-0.33132
0.064477,-0.084865,-0.3622
0.07124,-0.084186,-0.27958
0.077992,-0.083993,-0.21377
0.084728,-0.084259,-0.16085
0.091449,-0.084963,-0.11823
0.098151,-0.086083,-0.084051
0.10483,-0.087604,-0.05694
0.11149,-0.08951,-0.035927
0.11811,-0.091787,-0.020237
0.12469,-0.094427,-0.0093124
0.13123,-0.097419,-0.0026902
0.12963,-0.10182,-0.0015212
0.1267,-0.10809,-0.00068598
0.12245,-0.11623,-0.00020782
0.11688,-0.12626,-0.00010048
0.10997,-0.13819,4.9958e-05
0.10174,-0.15204,0.00058236
0.092164,-0.16781,0.0015062
0.08124,-0.18553,0.0028312
0.06896,-0.20521,0.0045618
0.055317,-0.22685,0.0067036
0.061559,-0.20465,0.0097422
0.066825,-0.18408,0.013199
0.071155,-0.16509,0.01703
0.074587,-0.14763,0.021197
0.077156,-0.13165,0.02566
0.078896,-0.11711,0.030389
0.079837,-0.10396,0.035352
0.080007,-0.092171,0.040523
0.079433,-0.081705,0.045877
0.07814,-0.072531,0.051398
0.093379,-0.089679,0.049591
0.11025,-0.10894,0.047794
0.12883,-0.13033,0.046047
0.14921,-0.1539,0.044388
0.17145,-0.17967,0.042841
0.19561,-0.20767,0.041422
0.22177,-0.23793,0.040136
0.24997,-0.27047,0.038981
0.28026,-0.3053,0.037946
0.31269,-0.34246,0.037017
0.32679,-0.33689,0.082712
0.34041,-0.33213,0.13993
0.35355,-0.32819,0.20605
0.36621,-0.32509,0.27934
0.37839,-0.32284,0.35861
0.39009,-0.32145,0.44308
0.40132,-0.32092,0.53207
0.41206,-0.32128,0.62522
0.42232,-0.32252,0.72197
0.43209,-0.32465,0.82217
0.41221,-0.30973,0.72636
0.39336,-0.29574,0.65197
0.37543,-0.28259,0.59132
0.35834,-0.27018,0.54024
0.34203,-0.25845,0.49591
0.32643,-0.24735,0.45666
0.3115,-0.23683,0.42131
0.29719,-0.22686,0.38908
0.28347,-0.21742,0.35945
0.27029,-0.20847,0.33199
0.2694,-0.2065,0.28862
0.26834,-0.20446,0.25353
0.26711,-0.20236,0.22467
0.26572,-0.20022,0.20052
0.26417,-0.19803,0.18011
0.26248,-0.19581,0.16262
0.26065,-0.19356,0.14755
0.25868,-0.19129,0.13442
0.25656,-0.18901,0.12295
0.25432,-0.18671,0.11284
0.27122,-0.20181,0.11729
0.28812,-0.21817,0.12025
0.30502,-0.23581,0.12188
0.32191,-0.25473,0.12229
0.33879,-0.27491,0.12166
0.35566,-0.29637,0.12011
0.37252,-0.3191,0.1178
0.38938,-0.3431,0.11484
0.40624,-0.36836,0.11137
0.42309,-0.39489,0.10747
0.43375,-0.37208,0.10112
0.44111,-0.35385,0.095418
0.44537,-0.33992,0.090223
0.4467,-0.33005,0.085416
0.44524,-0.32404,0.080936
0.44213,-0.32032,0.07671
0.44121,-0.31358,0.072716
0.44279,-0.3034,0.068905
0.44682,-0.28987,0.06526
0.45324,-0.27304,0.061744
0.47723,-0.30007,0.038657
0.50272,-0.32722,0.02145
0.52966,-0.3545,0.0085815
0.55803,-0.38192,-0.0010294
0.58781,-0.40948,-0.0081316
0.619,-0.4372,-0.013277
0.65157,-0.46507,-0.016859
0.68552,-0.4931,-0.019185
0.72083,-0.5213,-0.021123
0.75747,-0.54966,-0.024043
0.74047,-0.53842,-0.025185
0.72321,-0.52751,-0.026496
0.70465,-0.51838,-0.027915
0.68478,-0.51106,-0.029395
0.66361,-0.50561,-0.030881
0.64112,-0.50205,-0.032337
0.61732,-0.50041,-0.033723
0.5922,-0.50074,-0.035016
0.56576,-0.50304,-0.036185
0.538,-0.50736,-0.037218
0.54851,-0.50906,-0.044278
0.5589,-0.51088,-0.052361
0.56917,-0.51283,-0.061391
0.57933,-0.51489,-0.071303
0.58938,-0.51706,-0.082019
0.59933,-0.51934,-0.093482
0.60916,-0.52173,-0.10562
0.61889,-0.52422,-0.11838
0.62852,-0.5268,-0.1317
0.63804,-0.52948,-0.14553
0.595,-0.49726,-0.17697
0.55357,-0.46624,-0.21284
0.51367,-0.43636,-0.25302
0.47523,-0.40755,-0.29748
0.43816,-0.37977,-0.34612
0.4024,-0.35297,-0.39891
0.36789,-0.32709,-0.45574
0.33457,-0.30209,-0.51664
0.30238,-0.27794,-0.58143
0.27127,-0.25459,-0.6502
0.25057,-0.2104,-0.63465
0.22743,-0.17501,-0.61784
0.20196,-0.14795,-0.59997
0.17586,-0.12652,-0.58148
0.15555,-0.10163,-0.56237
0.14145,-0.072432,-0.5429
0.13335,-0.038994,-0.52299
0.13109,-0.0013315,-0.50276
0.13459,0.040581,-0.48216
0.14383,0.086805,-0.46121
0.13597,0.071256,-0.5166
0.1288,0.056587,-0.57368
0.12228,0.042771,-0.63238
0.11641,0.029785,-0.69268
0.11118,0.017609,-0.75445
0.10659,0.0062246,-0.81769
0.10263,-0.0043856,-0.88222
0.0993,-0.014235,-0.9481
0.096617,-0.023342,-1.0151
0.094582,-0.031718,-1.0832
0.11102,-0.035777,-0.93128
0.1259,-0.038438,-0.81088
0.1397,-0.040076,-0.71238
0.15276,-0.040927,-0.63007
0.16527,-0.041148,-0.56004
0.17739,-0.040861,-0.49955
0.1892,-0.040137,-0.44679
0.20077,-0.039043,-0.40025
0.21215,-0.03761,-0.35902
0.2234,-0.035872,-0.32216
0.25028,-0.025911,-0.31823
0.27941,-0.014439,-0.31154
0.31076,-0.0014294,-0.30264
0.34433,0.013136,-0.29189
0.38008,0.029283,-0.27979
0.41803,0.047029,-0.26667
0.45814,0.066398,-0.25293
0.50041,0.087405,-0.23882
0.54484,0.11007,-0.22465
0.59142,0.13441,-0.21057
0.57275,0.089226,-0.21167
0.55634,0.046522,-0.21336
0.54205,0.0061549,-0.21563
0.5298,-0.032007,-0.21837
0.5195,-0.06808,-0.22159
0.51107,-0.10217,-0.2252
0.50443,-0.13435,-0.22922
0.49954,-0.16472,-0.23358
0.49632,-0.19335,-0.23829
0.49473,-0.22028,-0.2433
0.46945,-0.22271,-0.20502
0.44507,-0.224,-0.17284
0.42163,-0.22423,-0.14542
0.39916,-0.22346,-0.12184
0.3777,-0.22172,-0.1015
0.35724,-0.21904,-0.083926
0.33779,-0.21545,-0.068811
0.31937,-0.21097,-0.055871
0.30196,-0.20563,-0.044921
0.28557,-0.19943,-0.035777
0.29,-0.20301,-0.024086
0.29416,-0.20637,-0.018794
0.29818,-0.2096,-0.017225
0.30241,-0.21296,-0.010908
0.30689,-0.21646,0.00067657
0.31158,-0.22008,0.017295
0.31649,-0.22382,0.038728
0.32159,-0.22767,0.064823
0.32688,-0.23161,0.095407
0.33234,-0.23563,0.13038
0.3314,-0.23696,0.08696
0.33124,-0.23833,0.053882
0.33173,-0.23967,0.028867
0.33279,-0.24095,0.010423
0.3343,-0.24219,-0.0025257
0.3359,-0.2438,-0.010724
0.33749,-0.24584,-0.014731
0.33904,-0.24826,-0.015383
0.34039,-0.25096,-0.01795
0.34148,-0.25391,-0.023721
0.3423,-0.25269,-0.01442
0.34289,-0.25156,-0.010808
0.34364,-0.25076,0.0016228
0.34451,-0.25027,0.022449
0.34544,-0.25005,0.050841
0.34638,-0.2501,0.08621
0.34731,-0.25036,0.12811
0.34844,-0.25049,0.17623
0.34981,-0.25038,0.23029
0.35139,-0.25002,0.29012
0.35805,-0.25568,0.27195
0.36496,-0.26132,0.25426
0.37211,-0.26694,0.23694
0.37951,-0.27253,0.22004
0.3871,-0.27815,0.20352
0.39475,-0.28402,0.18744
0.40242,-0.29016,0.17178
0.41012,-0.29657,0.15659
0.41784,-0.30325,0.14189
0.42557,-0.31023,0.12771
0.39943,-0.29455,0.080705
0.37405,-0.28,0.048915
0.34932,-0.2665,0.027429
0.32516,-0.254,0.013214
0.30155,-0.24248,0.0043322
0.27843,-0.2319,-0.0005265
0.25581,-0.22224,-0.0022593
0.23363,-0.21348,-0.0024049
0.21188,-0.20561,-0.0043221
0.19055,-0.19863,-0.0079703
0.20976,-0.20175,-0.016103
0.22891,-0.2059,-0.027242
0.248,-0.21107,-0.04128
0.26705,-0.21727,-0.058125
0.28604,-0.22449,-0.077668
0.30499,-0.23272,-0.099824
0.32389,-0.24198,-0.12447
0.34274,-0.25225,-0.15155
0.36153,-0.26354,-0.1809
0.38027,-0.27584,-0.21247
0.38537,-0.28012,-0.19296
0.39015,-0.28476,-0.17787
0.39465,-0.28977,-0.16592
0.39887,-0.29512,-0.1563
0.40283,-0.30082,-0.14838
0.40654,-0.30684,-0.14177
0.41001,-0.3132,-0.13612
0.41324,-0.31987,-0.13124
0.41624,-0.32685,-0.12695
0.41901,-0.33413,-0.12314
0.44109,-0.34206,-0.11898
0.46307,-0.35097,-0.11552
0.48493,-0.36087,-0.1126
0.50668,-0.37174,-0.11012
0.52832,-0.38359,-0.10799
0.54984,-0.39643,-0.10615
0.57124,-0.41025,-0.10456
0.59254,-0.42501,-0.10318
0.61443,-0.43979,-0.10199
0.63722,-0.45412,-0.10099
0.61409,-0.4377,-0.12646
0.59128,-0.4215,-0.14926
0.56879,-0.40553,-0.16965
0.54663,-0.3898,-0.18802
0.52481,-0.37429,-0.20468
0.50332,-0.35903,-0.21993
0.48219,-0.34401,-0.23396
0.46141,-0.32924,-0.24696
0.44099,-0.31473,-0.25902
0.42094,-0.30047,-0.27027
0.43099,-0.30606,-0.23429
0.44131,-0.3113,-0.20776
0.4519,-0.31621,-0.18777
0.46277,-0.32081,-0.1725
0.47392,-0.32509,-0.16067
0.48535,-0.32908,-0.15142
0.49706,-0.33278,-0.14416
0.50903,-0.3362,-0.13844
0.52127,-0.33934,-0.13397
0.53376,-0.34223,-0.13051
0.47459,-0.30442,-0.080654
0.42049,-0.26976,-0.04688
0.37105,-0.238,-0.024934
0.32594,-0.20895,-0.01211
0.28482,-0.18241,-0.0065871
0.24745,-0.15825,-0.0044206
0.21367,-0.13639,0.002235
0.18326,-0.11668,0.013166
0.15596,-0.098997,0.027783
0.13158,-0.083204,0.045634
0.12905,-0.083448,0.044845
0.12664,-0.083536,0.044519
0.12436,-0.08347,0.044555
0.12218,-0.083252,0.044901
0.12012,-0.082886,0.04549
0.11817,-0.082374,0.046294
0.11633,-0.081717,0.047267
0.1146,-0.080919,0.048391
0.11297,-0.079981,0.049632
0.11144,-0.07893,0.050982
0.1271,-0.090776,0.06337
0.14338,-0.10419,0.076937
0.16025,-0.1192,0.091614
0.17772,-0.13582,0.10737
0.19578,-0.15409,0.12414
0.21442,-0.17401,0.1419
0.23362,-0.1956,0.1606
0.2534,-0.21888,0.18021
0.27375,-0.24386,0.20066
0.29467,-0.27054,0.22193
0.31673,-0.27379,0.20803
0.33857,-0.27825,0.19799
0.3602,-0.2839,0.19078
0.38162,-0.29073,0.18575
0.40284,-0.29876,0.18236
0.42386,-0.30797,0.18028
0.44469,-0.31836,0.1792
0.46535,-0.32995,0.17897
0.48583,-0.34273,0.17939
0.50622,-0.35659,0.18037
0.52501,-0.36947,0.15251
0.54429,-0.3827,0.12916
0.56406,-0.39625,0.10926
0.58426,-0.41012,0.09207
0.60489,-0.4243,0.077052
0.62592,-0.4388,0.0638
0.64736,-0.45361,0.052032
0.66918,-0.46871,0.04149
0.69138,-0.48412,0.032019
0.71396,-0.49981,0.023471
0.67029,-0.4693,0.043506
0.62828,-0.43993,0.057582
0.5879,-0.41168,0.06641
0.54914,-0.38454,0.07097
0.51197,-0.35851,0.07221
0.47637,-0.33358,0.0709
0.4423,-0.30973,0.067672
0.40975,-0.28694,0.063019
0.37867,-0.26519,0.05735
0.34904,-0.24448,0.050991
0.37363,-0.2627,0.059765
0.39875,-0.28168,0.070238
0.42439,-0.30141,0.082442
0.45055,-0.32188,0.096377
0.47722,-0.34311,0.11203
0.50441,-0.36507,0.12938
0.53212,-0.38777,0.14836
0.56035,-0.4112,0.16893
0.58911,-0.43537,0.191
0.61842,-0.46027,0.21451
0.61549,-0.44891,0.19737
0.61147,-0.43838,0.18199
0.60637,-0.42866,0.16741
0.60022,-0.41978,0.1539
0.59303,-0.41174,0.14091
0.58483,-0.40457,0.12868
0.57602,-0.39771,0.11689
0.56762,-0.38972,0.10572
0.55971,-0.38054,0.09501
0.55232,-0.37017,0.084864
0.55982,-0.38003,0.035866
0.56886,-0.38925,0.0035239
0.57923,-0.39776,-0.016596
0.59068,-0.40574,-0.027294
0.60201,-0.41474,-0.030606
0.61273,-0.42483,-0.035421
0.62273,-0.43586,-0.045605
0.63203,-0.44781,-0.060486
0.64065,-0.46069,-0.079504
0.64862,-0.47447,-0.10227
0.57394,-0.43519,-0.067353
0.50318,-0.4008,-0.045651
0.43608,-0.3712,-0.032124
0.37234,-0.34628,-0.024175
0.31166,-0.32593,-0.020291
0.25391,-0.31009,-0.016235
0.19889,-0.29869,-0.0098471
0.14637,-0.2916,-0.0014756
0.096147,-0.28867,0.0086671
0.04804,-0.2898,0.020398
0.069369,-0.26767,0.0072871
0.089308,-0.2478,-0.0014645
0.10789,-0.23006,-0.0070096
0.12516,-0.21438,-0.010114
0.14114,-0.20065,-0.011282
0.15584,-0.18878,-0.012117
0.16924,-0.17867,-0.014273
0.18138,-0.17029,-0.017583
0.19231,-0.1636,-0.021912
0.20206,-0.15858,-0.027168
0.21145,-0.15621,-0.022916
0.21987,-0.15538,-0.019729
0.22736,-0.15604,-0.017384
0.23394,-0.15817,-0.015734
0.23979,-0.16149,-0.014657
0.24631,-0.16393,-0.014061
0.2538,-0.16502,-0.013876
0.26227,-0.16475,-0.013981
0.27174,-0.16313,-0.013847
0.28219,-0.16016,-0.013397
0.29529,-0.17008,-0.017892
0.30848,-0.17996,-0.033014
0.32187,-0.18986,-0.057843
0.33556,-0.19986,-0.090302
0.34963,-0.21003,-0.12879
0.36415,-0.2204,-0.17212
0.37917,-0.23103,-0.21932
0.39472,-0.24192,-0.26971
0.41082,-0.25312,-0.32262
0.4275,-0.26462,-0.37768
0.39834,-0.2484,-0.39861
0.37015,-0.23221,-0.42655
0.34293,-0.21615,-0.45988
0.31669,-0.2003,-0.4978
0.29143,-0.18472,-0.53947
0.26713,-0.16947,-0.58457
0.2438,-0.15458,-0.63252
0.22143,-0.1401,-0.68323
0.20001,-0.12606,-0.73623
0.17955,-0.11247,-0.79157
0.17087,-0.10669,-0.72448
0.16235,-0.10093,-0.66783
0.15405,-0.095264,-0.61867
0.14599,-0.089725,-0.57541
0.13818,-0.084336,-0.53674
0.13064,-0.079115,-0.50178
0.12336,-0.074071,-0.46992
0.11635,-0.06921,-0.4406
0.1096,-0.064534,-0.41354
0.10312,-0.060047,-0.38836
0.095066,-0.056857,-0.37739
0.087719,-0.053494,-0.36918
0.081032,-0.049961,-0.36326
0.074971,-0.046263,-0.35918
0.069292,-0.042735,-0.35611
0.063692,-0.039782,-0.35436
0.058159,-0.037387,-0.35331
0.052681,-0.035525,-0.35324
0.047247,-0.034179,-0.3538
0.04185,-0.033331,-0.35511
0.039374,-0.03278,-0.33051
0.036921,-0.032297,-0.30653
0.034489,-0.031881,-0.28325
0.032074,-0.031529,-0.26078
0.029674,-0.03124,-0.23922
0.027289,-0.031016,-0.21858
0.024917,-0.030855,-0.19892
0.022558,-0.03076,-0.18022
0.020213,-0.030728,-0.16254
0.017882,-0.030762,-0.14582
0.022631,-0.02982,-0.13326
0.02733,-0.029291,-0.1211
0.031978,-0.029178,-0.10944
0.036574,-0.029483,-0.09826
0.041115,-0.030207,-0.087616
0.045597,-0.031351,-0.077496
0.050017,-0.032912,-0.067944
0.054366,-0.034887,-0.058947
0.05864,-0.037273,-0.050537
0.062911,-0.039942,-0.042703
0.055267,-0.034939,-0.050476
0.048262,-0.030341,-0.059353
0.041868,-0.026131,-0.069384
0.036058,-0.022291,-0.08058
0.030811,-0.018805,-0.092971
0.026103,-0.015661,-0.10656
0.021918,-0.012848,-0.12136
0.01824,-0.010355,-0.13736
0.015059,-0.0081774,-0.15455
0.012368,-0.0063103,-0.17293
0.014849,-0.0078828,-0.1773
0.017589,-0.0096503,-0.18101
0.020594,-0.011616,-0.18402
0.023872,-0.013784,-0.18633
0.027429,-0.016157,-0.18792
0.031274,-0.018739,-0.18879
0.035414,-0.021532,-0.18894
0.039856,-0.02454,-0.18839
0.044608,-0.027766,-0.18716
0.049678,-0.031214,-0.18528
0.046088,-0.028825,-0.23319
0.042911,-0.026713,-0.28571
0.040142,-0.02488,-0.34265
0.037751,-0.023325,-0.4038
0.035723,-0.02205,-0.46888
0.034031,-0.021052,-0.53776
0.03266,-0.020328,-0.61007
0.031593,-0.019877,-0.68579
0.030831,-0.019693,-0.76448
0.030359,-0.019772,-0.84622
0.032677,-0.019628,-0.7319
0.03563,-0.021224,-0.63587
0.040793,-0.021835,-0.55313
0.048168,-0.021318,-0.48079
0.057676,-0.019704,-0.41678
0.069255,-0.016993,-0.35951
0.082872,-0.013173,-0.30808
0.098499,-0.0082007,-0.26159
0.11613,-0.0020294,-0.21966
0.13575,0.0054053,-0.18178
0.12841,-0.0051662,-0.15286
0.12175,-0.01474,-0.12892
0.11575,-0.023311,-0.10898
0.11038,-0.030869,-0.092154
0.10565,-0.037412,-0.077925
0.10153,-0.042938,-0.065769
0.098037,-0.047444,-0.055376
0.095152,-0.050928,-0.046423
0.09288,-0.053391,-0.038716
0.091219,-0.054832,-0.032044
0.088128,-0.050294,-0.027164
0.085752,-0.044819,-0.022705
0.084081,-0.038419,-0.018677
0.083109,-0.0311,-0.015062
0.082831,-0.022862,-0.011861
0.083248,-0.013702,-0.0090607
0.084361,-0.0036106,-0.0066615
0.086175,0.0074255,-0.0046531
0.088697,0.019422,-0.0030371
0.091936,0.032396,-0.0018085
0.10977,0.03708,-0.0020959
0.12947,0.042059,-0.0024113
0.15108,0.047328,-0.002762
0.17466,0.052881,-0.0031518
0.20024,0.058711,-0.0035878
0.22786,0.064814,-0.0040749
0.25757,0.071184,-0.0046205
0.2894,0.077815,-0.0052309
0.32337,0.084702,-0.0059152
0.35952,0.091841,-0.0066821
0.30174,0.088427,-0.0019828
0.25031,0.084414,-0.0010543
0.20486,0.0799,0.0023855
0.16504,0.074921,0.0089753
0.13053,0.069502,0.018223
0.10103,0.063675,0.029752
0.076238,0.057476,0.043255
0.055887,0.05094,0.05849
0.039716,0.044101,0.075247
0.027489,0.03699,0.093385
0.029722,0.033364,0.089076
0.032932,0.029216,0.085398
0.037129,0.024549,0.082189
0.042326,0.019363,0.079362
0.048538,0.013656,0.076824
0.055782,0.0074229,0.074526
0.064079,0.00065553,0.072414
0.073448,-0.0066546,0.070463
0.083912,-0.014518,0.068645
0.095492,-0.022945,0.066945
0.10566,-0.013643,0.069852
0.11726,-0.0022667,0.072665
0.13031,0.011171,0.075367
0.1448,0.026662,0.07795
0.16074,0.044198,0.080399
0.17811,0.063775,0.082714
0.19694,0.085389,0.084886
0.2172,0.10904,0.086922
0.23891,0.13473,0.088814
0.26206,0.16247,0.090581
0.24508,0.13113,0.067613
0.22954,0.10214,0.049957
0.21538,0.075452,0.036207
0.20256,0.051008,0.025435
0.19104,0.028767,0.016995
0.18078,0.0086866,0.010431
0.17176,-0.0092686,0.0054098
0.16394,-0.025132,0.0016821
0.15732,-0.038933,-0.00094087
0.15186,-0.0507,-0.0026069
0.14324,-0.040614,-0.0029628
0.13521,-0.030552,-0.0030647
0.12776,-0.020515,-0.0029202
0.12088,-0.010498,-0.0028885
0.11456,-0.00050077,-0.0031342
0.10881,0.0094789,-0.0036551
0.10363,0.019443,-0.0044491
0.099011,0.029393,-0.0055124
0.094957,0.039332,-0.0068418
0.091467,0.049263,-0.0084334
0.092891,0.043694,-0.0063405
0.094478,0.038108,-0.0046081
0.096231,0.032511,-0.0032644
0.098154,0.02691,-0.0023339
0.10025,0.021311,-0.0018397
0.10252,0.015719,-0.0017588
0.10498,0.010134,-0.0014339
0.10763,0.0045594,-0.00062032
0.11048,-0.0010014,0.00069807
0.11353,-0.0065437,0.0025375
0.10837,0.0023137,0.0034959
0.10369,0.011228,0.0042304
0.09948,0.020202,0.0047409
0.09575,0.02924,0.0050425
0.092493,0.038343,0.0051557
0.08971,0.047514,0.0051066
0.087398,0.056754,0.0049209
0.085557,0.066064,0.004626
0.084185,0.075446,0.0042467
0.083282,0.084899,0.0038082
0.082312,0.083337,0.00012909
0.081397,0.081812,-0.00066826
0.080474,0.080357,-0.0035656
0.079539,0.078967,-0.0091012
0.078599,0.07763,-0.016953
0.077659,0.076339,-0.026866
0.076723,0.075085,-0.038632
0.075795,0.073863,-0.052084
0.074879,0.072667,-0.067079
0.073976,0.071492,-0.083503
0.070143,0.068949,-0.091947
0.066426,0.066447,-0.10058
0.062827,0.063984,-0.10936
0.059343,0.061561,-0.11831
0.055974,0.059178,-0.12739
0.052719,0.056833,-0.1366
0.049577,0.054528,-0.14592
0.046548,0.052263,-0.15536
0.04363,0.050036,-0.16489
0.040823,0.047849,-0.17452
0.046685,0.045705,-0.14276
0.053419,0.043155,-0.11564
0.061026,0.040192,-0.092416
0.069504,0.036812,-0.072544
0.078849,0.033012,-0.055629
0.08905,0.028796,-0.041358
0.1001,0.024166,-0.029502
0.11198,0.019127,-0.019861
0.12468,0.013686,-0.012285
0.1382,0.0078479,-0.006632
0.12667,0.027026,-0.0041507
0.11695,0.046142,-0.0022028
0.10904,0.065204,-0.00080365
0.10293,0.08423,4.1774e-05
0.098637,0.10324,0.0003345
0.096151,0.12225,0.00072999
0.095485,0.14129,0.0016746
0.09665,0.16039,0.0031742
0.09966,0.17956,0.0052325
0.10453,0.19885,0.0078562
0.086197,0.15847,0.007281
0.070752,0.12279,0.00655
0.058038,0.091596,0.005714
0.047909,0.064688,0.0048221
0.040227,0.041872,0.0039158
0.034861,0.022964,0.0030367
0.031695,0.0077828,0.0022216
0.030625,-0.003838,0.0015069
0.03158,-0.012042,0.00092379
0.034526,-0.016932,0.00049792
0.031602,-0.014427,0.0051302
0.029155,-0.011304,0.014701
0.027203,-0.0075735,0.029042
0.025759,-0.0032448,0.048162
0.024825,0.0016733,0.072146
0.024397,0.0071742,0.10111
0.024464,0.013254,0.13511
0.025014,0.019909,0.17417
0.026032,0.027141,0.21819
0.027502,0.03495,0.26708
0.02243,0.02409,0.26825
0.018271,0.014929,0.26999
0.015014,0.0074685,0.27207
0.012649,0.0017088,0.27444
0.011163,-0.0023479,0.27693
0.010542,-0.0046986,0.27954
0.010728,-0.0054347,0.28216
0.010585,-0.0068944,0.2848
0.0096261,-0.010079,0.28736
0.0078456,-0.014988,0.28986
0.0027189,-0.0061748,0.29432
-0.00041446,-0.0010026,0.29869
-0.0015194,0.00060839,0.30289
-0.0024914,0.0026231,0.3069
-0.0055048,0.0081821,0.31065
-0.01056,0.01731,0.31412
-0.017656,0.030053,0.31719
-0.026787,0.046469,0.31983
-0.037947,0.066621,0.3219
-0.05113,0.090574,0.32338
-0.026808,0.10121,0.27514
-0.0032904,0.11521,0.23499
0.019451,0.13258,0.20086
0.041443,0.15333,0.17136
0.062712,0.17751,0.14556
0.08328,0.20518,0.1228
0.10316,0.23641,0.10265
0.12237,0.27126,0.084764
0.14092,0.3098,0.068941
0.16067,0.35126,0.055
0.14874,0.32608,0.0746
0.13741,0.30211,0.095
0.12665,0.2793,0.11605
0.11642,0.2576,0.13766
0.10673,0.23699,0.15982
0.097533,0.21742,0.18254
0.088827,0.19886,0.20583
0.080593,0.18127,0.22971
0.072815,0.16464,0.25421
0.065481,0.14893,0.27933
0.061782,0.13994,0.23204
0.058186,0.13122,0.19317
0.054704,0.12276,0.16081
0.051343,0.11457,0.13363
0.048109,0.10665,0.11064
0.045007,0.098984,0.091104
0.042041,0.091582,0.074469
0.039213,0.084442,0.060286
0.036527,0.077564,0.048223
0.033984,0.070948,0.037984
0.033397,0.06203,0.033181
0.033955,0.053285,0.028658
0.035617,0.044684,0.024446
0.038354,0.036197,0.020549
0.042152,0.027796,0.016984
0.047005,0.019454,0.013751
0.05292,0.011145,0.010859
0.059915,0.0028495,0.0083069
0.068018,-0.005452,0.0061053
0.077262,-0.013773,0.0042552
0.074666,-0.011895,0.0061201
0.072155,-0.010018,0.0082065
0.069728,-0.0081415,0.010477
0.067382,-0.0062643,0.012896
0.065116,-0.0043859,0.015441
0.062928,-0.0025053,0.018089
0.060817,-0.00062178,0.020828
0.058781,0.0012655,0.023641
0.056819,0.003157,0.026521
0.05493,0.0050536,0.029457
0.067844,0.0012754,0.026657
0.082236,-0.0030622,0.023983
0.098098,-0.0079511,0.021474
0.11543,-0.013383,0.019154
0.13421,-0.019351,0.017041
0.15446,-0.025847,0.015141
0.17616,-0.032864,0.013454
0.19932,-0.040395,0.011971
0.22393,-0.048434,0.010679
0.24999,-0.056974,0.0095631
0.22147,-0.046213,0.0099307
0.19458,-0.036368,0.01008
0.16934,-0.027432,0.01007
0.14578,-0.019394,0.0099465
0.12394,-0.012247,0.0097469
0.10384,-0.0059794,0.0094973
0.085495,-0.00058118,0.0092193
0.068945,0.0039596,0.0089269
0.054213,0.0076554,0.0086318
0.041327,0.01052,0.0083413
0.04709,0.016073,0.0041004
0.053384,0.022443,0.001302
0.060218,0.029633,-4.9317e-05
0.067602,0.03764,-0.00047418
0.075541,0.046457,-0.0021083
0.084044,0.056085,-0.0051634
0.093115,0.066527,-0.0096088
0.10276,0.077789,-0.015408
0.11298,0.089875,-0.02252
0.12379,0.10279,-0.0309
0.10354,0.083719,-0.011512
0.085272,0.066553,-0.0022568
0.068926,0.051304,-0.00015068
0.054467,0.038019,0.0040533
0.041854,0.026707,0.012795
0.031042,0.01736,0.025203
0.021988,0.0099682,0.040694
0.014646,0.0045266,0.058832
0.0089776,0.0010312,0.079772
0.0049473,-0.0005195,0.10326
0.0070992,-0.0019941,0.094295
0.0098917,-0.0032369,0.085852
0.012978,-0.005217,0.078188
0.016332,-0.0080311,0.070915
0.019958,-0.011685,0.064149
0.023865,-0.016188,0.057715
0.028058,-0.021551,0.051584
0.032544,-0.027783,0.045778
0.03733,-0.034896,0.040221
0.042422,-0.042899,0.03501
0.036961,-0.033619,0.044642
0.031872,-0.025626,0.054965
0.027136,-0.01887,0.065827
0.022738,-0.013306,0.077245
0.01866,-0.0088942,0.089106
0.014887,-0.0056012,0.10147
0.011407,-0.0034012,0.11427
0.0082955,-0.00202,0.12758
0.0059861,-0.00015095,0.14134
0.0045356,0.0023949,0.15566
0.0071436,0.0021385,0.17955
0.010459,0.0016798,0.20509
0.014484,0.0010171,0.23213
0.019223,0.00014974,0.26072
0.024681,-0.00092326,0.29067
0.030861,-0.0022017,0.32207
0.037766,-0.003686,0.35471
0.045401,-0.0053755,0.3887
0.053769,-0.0072704,0.42385
0.062875,-0.0093694,0.46027
0.072971,-0.012722,0.3444
0.083853,-0.016211,0.25262
0.095513,-0.019851,0.17952
0.10797,-0.023653,0.12166
0.12124,-0.027629,0.076728
0.13537,-0.03179,0.042999
0.1504,-0.036146,0.019384
0.16637,-0.04071,0.0050031
0.18334,-0.045492,-0.00073516
0.20132,-0.050514,-0.0036202
0.20186,-0.051476,-0.0045363
0.20239,-0.052387,-0.0058296
0.2029,-0.053249,-0.0075589
0.2034,-0.054061,-0.0097832
0.20389,-0.054822,-0.012557
0.20436,-0.055533,-0.015926
0.20483,-0.056193,-0.019932
0.20528,-0.056802,-0.024605
0.20572,-0.05736,-0.029976
0.20616,-0.057866,-0.036062
0.19452,-0.051128,-0.034432
0.18351,-0.043705,-0.032792
0.17311,-0.035577,-0.031149
0.16334,-0.026725,-0.029505
0.15419,-0.017135,-0.027872
0.14567,-0.0067906,-0.026247
0.13777,0.0043181,-0.024642
0.1305,0.016201,-0.023055
0.12385,0.028864,-0.021498
0.11783,0.042314,-0.019966
0.11878,0.026747,-0.0067291
0.11996,0.012734,-0.001147
0.12145,0.0003357,0.00047661
0.12337,-0.01041,0.0070348
0.12579,-0.019474,0.018699
0.12878,-0.02684,0.03506
0.1324,-0.032509,0.055805
0.13671,-0.036491,0.080718
0.14177,-0.03881,0.10959
0.14724,-0.040918,0.14228
0.17656,-0.047992,0.12209
0.20834,-0.05615,0.10409
0.2428,-0.064448,0.088036
0.27995,-0.072693,0.073802
0.31976,-0.08086,0.061224
0.3622,-0.088925,0.050143
0.40727,-0.096866,0.040416
0.45493,-0.10466,0.031889
0.50517,-0.11229,0.024438
0.55799,-0.11974,0.017936
0.55272,-0.12152,0.020118
0.54777,-0.12303,0.023332
0.54313,-0.12429,0.027329
0.53879,-0.12528,0.032274
0.53473,-0.12603,0.038088
0.53093,-0.12653,0.044867
0.52739,-0.12679,0.052592
0.52409,-0.12681,0.061337
0.52102,-0.1266,0.07111
0.51817,-0.12616,0.081973
0.48432,-0.11737,0.076386
0.45153,-0.10888,0.067603
0.41982,-0.10069,0.057003
0.38918,-0.092826,0.045679
0.35965,-0.085284,0.034471
0.33123,-0.07807,0.024019
0.30393,-0.07119,0.01483
0.27777,-0.064646,0.0072907
0.25275,-0.058441,0.0017229
0.22889,-0.052576,-0.0016228
0.2098,-0.04794,0.0010837
0.19168,-0.043587,0.0051322
0.17452,-0.039506,0.010461
0.15828,-0.035689,0.017009
0.14296,-0.032127,0.024729
0.12853,-0.028812,0.033572
0.11497,-0.025736,0.043501
0.10227,-0.02289,0.054481
0.090405,-0.020268,0.066477
0.07937,-0.017865,0.079465
0.09481,-0.020472,0.071229
0.11184,-0.022146,0.063535
0.13045,-0.022835,0.056352
0.15064,-0.022488,0.049676
0.17238,-0.021054,0.0435
0.19568,-0.018483,0.037808
0.22052,-0.014726,0.032591
0.2469,-0.0097376,0.027819
0.27481,-0.0034739,0.023472
0.30425,0.004105,0.01951
0.2839,-0.015247,0.028011
0.26484,-0.02925,0.035825
0.24701,-0.038255,0.042856
0.23039,-0.042562,0.049103
0.21495,-0.04243,0.054624
0.20015,-0.040796,0.05946
0.18497,-0.043265,0.063634
0.16945,-0.049904,0.067213
0.15366,-0.060654,0.070258
0.13766,-0.075503,0.072821
0.1259,-0.071363,0.10425
0.11495,-0.067508,0.14043
0.10475,-0.063918,0.18121
0.095273,-0.060575,0.22644
0.086472,-0.057461,0.27599
0.078323,-0.054562,0.32978
0.070805,-0.051869,0.38763
0.063908,-0.04937,0.44952
0.057623,-0.047057,0.51523
0.051952,-0.044926,0.58479
0.063789,-0.045215,0.50754
0.077367,-0.045837,0.44204
0.092642,-0.04677,0.38542
0.1096,-0.047999,0.33593
0.12823,-0.049516,0.29224
0.14854,-0.051313,0.25334
0.17055,-0.053388,0.21856
0.19429,-0.055735,0.18731
0.21978,-0.05835,0.15921
0.24705,-0.061229,0.13387
0.18983,-0.045632,0.13999
0.14166,-0.032883,0.14568
0.10184,-0.022713,0.15123
0.069708,-0.014872,0.15674
0.044627,-0.0091348,0.16232
0.026004,-0.0052967,0.16799
0.013314,-0.0031464,0.17378
0.0062657,-0.0015843,0.17965
0.004552,-0.00011313,0.18556
0.0017148,0.0022268,0.19158
4.3366e-05,-0.001064,0.20539
-0.0015872,-0.0019526,0.21892
-0.0039869,-0.0061239,0.23237
-0.0072335,-0.014156,0.24589
-0.011328,-0.026089,0.2595
-0.016274,-0.041962,0.27312
-0.022077,-0.061819,0.28661
-0.028741,-0.085696,0.2998
-0.036266,-0.11363,0.31249
-0.044651,-0.14565,0.32452
-0.025156,-0.11875,0.31959
-0.011432,-0.094036,0.31033
-0.0031633,-0.071665,0.29775
0.00033211,-0.05185,0.28267
0.005509,-0.035503,0.26563
0.014448,-0.022964,0.2472
0.027061,-0.014285,0.22794
0.043352,-0.0095086,0.20833
0.063428,-0.0086581,0.18874
0.08765,-0.010293,0.1694
0.087376,-0.010936,0.18632
0.087141,-0.011533,0.20507
0.086783,-0.013513,0.22564
0.086305,-0.016864,0.24792
0.085712,-0.021571,0.2719
0.08501,-0.027611,0.29752
0.084203,-0.034963,0.32476
0.083298,-0.043601,0.35359
0.082301,-0.053502,0.38397
0.081215,-0.064643,0.41591
0.076225,-0.053354,0.4454
0.071406,-0.043307,0.47585
0.066749,-0.034482,0.50715
0.062245,-0.026863,0.53932
0.057889,-0.020436,0.57223
0.053674,-0.01519,0.60592
0.049595,-0.011115,0.64023
0.045648,-0.0082033,0.67522
0.041831,-0.0064493,0.7107
0.03815,-0.0057657,0.74675
0.042906,-0.0060127,0.75094
0.048055,-0.0062655,0.75347
0.053604,-0.0065237,0.75435
0.059557,-0.0067866,0.75388
0.065918,-0.0070538,0.75209
0.07269,-0.007324,0.74919
0.079879,-0.0075965,0.74521
0.087486,-0.0078699,0.74032
0.095515,-0.0081432,0.73454
0.10397,-0.0084148,0.72799
0.11037,-0.0087113,0.6644
0.11717,-0.0089561,0.6119
0.12434,-0.0091436,0.56776
0.13185,-0.0093287,0.53005
0.13967,-0.0096062,0.49746
0.14781,-0.0099685,0.46889
0.15624,-0.010409,0.44369
0.16498,-0.010922,0.42117
0.17401,-0.011504,0.40098
0.18334,-0.012148,0.38266
0.18313,-0.013853,0.34227
0.18293,-0.016386,0.30573
0.18273,-0.019758,0.27261
0.18254,-0.023977,0.24244
0.18236,-0.029051,0.21495
0.18218,-0.034984,0.18981
0.18201,-0.041782,0.16688
0.18185,-0.049447,0.14589
0.18171,-0.057981,0.12676
0.18157,-0.067384,0.1093
0.16705,-0.054208,0.093107
0.15301,-0.042834,0.078786
0.13947,-0.033118,0.066199
0.12646,-0.02493,0.055139
0.11399,-0.018149,0.045491
0.10208,-0.012661,0.037089
0.090746,-0.0083643,0.029835
0.080011,-0.0051607,0.023598
0.069888,-0.0029601,0.018296
0.060392,-0.001678,0.013825
0.071217,-0.0020223,0.01267
0.08299,-0.0024184,0.011559
0.095722,-0.0028646,0.010515
0.10942,-0.0033587,0.0095429
0.1241,-0.0038984,0.0086595
0.13977,-0.0044808,0.0078677
0.15644,-0.0051029,0.0071793
0.17411,-0.0057612,0.0065956
0.1928,-0.0064524,0.0061247
0.21252,-0.007172,0.005766
0.2166,-0.0072073,0.0066544
0.22073,-0.0072413,0.0075291
0.2249,-0.0072745,0.008381
0.22913,-0.0073065,0.0092
0.2334,-0.0073378,0.0099865
0.23771,-0.0073679,0.010737
0.24207,-0.0073972,0.011456
0.24647,-0.0074255,0.012141
0.2509,-0.007453,0.0128
0.25538,-0.0074795,0.013424
0.25022,-0.0076503,0.011672
0.24509,-0.0078102,0.010232
0.23997,-0.007958,0.0090421
0.23488,-0.0080915,0.0080511
0.22981,-0.0082098,0.0072216
0.22476,-0.0083112,0.0065204
0.21974,-0.0083952,0.0059252
0.21474,-0.0084604,0.0054146
0.20978,-0.0085066,0.004975
0.20484,-0.0085329,0.0045922
0.22876,-0.0042379,0.0024076
0.25474,-0.00037315,-0.007048
0.283,0.0030457,-0.025435
0.31373,0.006007,-0.052161
0.3471,0.0084924,-0.086682
0.38326,0.010481,-0.12851
0.42237,0.012154,-0.17718
0.46449,0.01457,-0.23228
0.50974,0.017933,-0.29342
0.55818,0.022297,-0.36027
0.6028,0.024037,-0.31827
0.64936,0.026066,-0.285
0.69782,0.028404,-0.25791
0.74815,0.031069,-0.23539
0.80034,0.034072,-0.21619
0.85438,0.037428,-0.19951
0.91025,0.041144,-0.18469
0.96794,0.045233,-0.17134
1.0275,0.04969,-0.15913
1.0888,0.054359,-0.14786
1.0912,0.056486,-0.08798
1.0936,0.058476,-0.048602
1.0959,0.06037,-0.022898
1.098,0.062195,-0.0069383
1.0999,0.063966,0.0016801
1.1016,0.065694,0.0045165
1.1032,0.0674,0.0049629
1.1045,0.069125,0.0089486
1.1056,0.070867,0.016174
1.1064,0.072625,0.026148
1.0708,0.072875,0.058812
1.0367,0.072646,0.10197
1.0041,0.072933,0.15401
0.9728,0.074017,0.21383
0.94272,0.075919,0.28056
0.91379,0.078669,0.35357
0.88593,0.082287,0.4322
0.85909,0.086798,0.51605
0.83322,0.092221,0.60449
0.80827,0.098578,0.69725
0.78737,0.082749,0.61857
0.76663,0.072667,0.56439
0.74595,0.068123,0.52483
0.72558,0.065356,0.49479
0.70606,0.057518,0.47102
0.6874,0.044519,0.45172
0.66959,0.026412,0.43555
0.65262,0.0032505,0.42176
0.63648,-0.024927,0.40973
0.62119,-0.058084,0.39912
0.59268,-0.055034,0.37016
0.56513,-0.052121,0.34366
0.53851,-0.049337,0.3193
0.51279,-0.046677,0.29684
0.48793,-0.044136,0.27608
0.46391,-0.041705,0.25685
0.4407,-0.039381,0.23902
0.41828,-0.037158,0.22244
0.39662,-0.035032,0.20704
0.3757,-0.032997,0.1927
0.40322,-0.042149,0.16792
0.43182,-0.052032,0.14582
0.46148,-0.062645,0.12595
0.49221,-0.07398,0.10791
0.52398,-0.086032,0.091437
0.55681,-0.098792,0.076268
0.59068,-0.11225,0.062254
0.62559,-0.1264,0.04922
0.66155,-0.14122,0.037079
0.69855,-0.15672,0.025712
0.67413,-0.14571,0.0081845
0.65066,-0.1355,-0.0056283
0.6281,-0.12601,-0.016188
0.60639,-0.11718,-0.023875
0.58548,-0.10896,-0.028965
0.56536,-0.10129,-0.031705
0.54597,-0.094123,-0.03229
0.52716,-0.087452,-0.032916
0.50879,-0.081262,-0.035319
0.49084,-0.075517,-0.039376
0.49674,-0.068398,-0.038948
0.50276,-0.061406,-0.03922
0.50891,-0.054534,-0.039944
0.5152,-0.047772,-0.040989
0.52163,-0.041115,-0.042271
0.5282,-0.034555,-0.043748
0.53491,-0.028089,-0.045389
0.54177,-0.021711,-0.047179
0.54877,-0.015417,-0.049107
0.55591,-0.0092011,-0.051168
0.56869,0.012187,-0.052146
0.58175,0.031552,-0.052776
0.59507,0.048955,-0.053214
0.60868,0.064454,-0.053579
0.62257,0.078099,-0.053968
0.63676,0.089937,-0.054441
0.65125,0.10001,-0.055059
0.66607,0.10835,-0.055831
0.68121,0.11499,-0.056805
0.6967,0.11997,-0.058006
0.72514,0.12523,-0.060537
0.7543,0.12979,-0.063353
0.78421,0.13369,-0.066308
0.81487,0.13692,-0.069307
0.84629,0.1395,-0.072302
0.87846,0.14144,-0.075258
0.91139,0.14275,-0.078162
0.94507,0.14344,-0.081
0.9795,0.14352,-0.083769
1.0147,0.143,-0.086465
0.96271,0.12821,-0.0901
0.91217,0.11312,-0.097055
0.86304,0.097737,-0.10687
0.81535,0.08207,-0.11924
0.7691,0.066128,-0.13396
0.72427,0.049914,-0.15084
0.68088,0.033438,-0.16975
0.63892,0.016702,-0.19058
0.59839,-0.00028525,-0.2132
0.55929,-0.017519,-0.23754
0.54827,0.0096726,-0.24821
0.53802,0.033281,-0.25857
0.52852,0.053416,-0.26857
0.51978,0.070173,-0.27827
0.51178,0.083639,-0.28761
0.50451,0.09389,-0.29663
0.49798,0.10099,-0.30528
0.49216,0.10501,-0.31358
0.48707,0.10601,-0.32149
0.48194,0.10752,-0.32902
0.48744,0.11138,-0.30557
0.49218,0.11577,-0.28973
0.49634,0.12069,-0.27931
0.50005,0.12613,-0.27287
0.50338,0.13208,-0.26944
0.50639,0.13854,-0.26835
0.50911,0.14549,-0.26913
0.51159,0.15293,-0.27147
0.51383,0.16084,-0.27511
0.51586,0.16921,-0.27991
0.55573,0.19671,-0.25036
0.5964,0.22728,-0.222
0.63784,0.26095,-0.19528
0.67999,0.29772,-0.17057
0.72285,0.33763,-0.14814
0.76638,0.38068,-0.1282
0.81056,0.42688,-0.11091
0.85539,0.47622,-0.096358
0.90085,0.52873,-0.084615
0.94692,0.58437,-0.075703
0.9938,0.55247,-0.066609
1.0406,0.52488,-0.063083
1.0876,0.50128,-0.062999
1.1349,0.48145,-0.063298
1.1826,0.46516,-0.061944
1.2307,0.45219,-0.059365
1.2794,0.44238,-0.055862
1.3285,0.43556,-0.051661
1.378,0.43158,-0.046955
1.428,0.43032,-0.041905
1.2755,0.37475,-0.045696
1.135,0.32599,-0.044336
1.0056,0.2832,-0.041015
0.88658,0.24571,-0.037011
0.77729,0.21295,-0.032871
0.67716,0.18442,-0.02885
0.58567,0.15969,-0.025059
0.50268,0.13712,-0.021552
0.42802,0.11539,-0.018348
0.36117,0.094632,-0.015444
0.33527,0.087199,-0.0092686
0.31056,0.079984,0.00035034
0.287,0.072985,0.012536
0.26454,0.066199,0.026733
0.24317,0.059632,0.04256
0.22287,0.053283,0.059773
0.20364,0.047158,0.078183
0.18545,0.041258,0.097675
0.1683,0.035589,0.11814
0.15218,0.030153,0.13952
0.15912,0.026763,0.10398
0.16677,0.02259,0.074489
0.17509,0.017627,0.050278
0.18402,0.011872,0.030797
0.19352,0.0053252,0.015602
0.20354,-0.0020073,0.0043542
0.21406,-0.010119,-0.0032294
0.22504,-0.019001,-0.0073799
0.23646,-0.028649,-0.0085388
0.24813,-0.039096,-0.011124
0.21919,-0.043607,-0.0073325
0.19244,-0.047871,-0.002056
0.16797,-0.051812,0.0085754
0.14571,-0.055406,0.023821
0.12561,-0.058627,0.043179
0.1076,-0.061449,0.066297
0.091659,-0.063846,0.092926
0.077729,-0.065794,0.12289
0.065777,-0.067267,0.15606
0.055769,-0.06824,0.19235
0.060112,-0.050743,0.13978
0.066619,-0.034217,0.097574
0.075148,-0.018677,0.064015
0.085662,-0.0041079,0.037948
0.098222,0.0095299,0.018564
0.11297,0.022299,0.0053241
0.13011,0.034281,-0.0021262
0.1499,0.045564,-0.0043498
0.17243,0.056181,-0.0089198
0.19794,0.066206,-0.018845
0.2148,0.071903,-0.0098086
0.23214,0.077587,-0.0060455
0.25002,0.083272,-0.0051033
0.26854,0.089005,-0.00067923
0.28769,0.094779,0.0073015
0.30743,0.10059,0.018419
0.32774,0.10642,0.032321
0.34861,0.11226,0.048703
0.37,0.11813,0.067316
0.39193,0.12401,0.087949
0.3477,0.11378,0.074373
0.30708,0.10338,0.064498
0.26983,0.092987,0.05708
0.23572,0.082739,0.051361
0.20457,0.07276,0.046847
0.17621,0.063155,0.043218
0.15039,0.054289,0.040252
0.12688,0.046475,0.037794
0.1056,0.039602,0.035738
0.086488,0.033569,0.034004
0.094274,0.039897,0.038894
0.10198,0.047814,0.044022
0.10962,0.057314,0.049367
0.11718,0.068391,0.054905
0.12466,0.08104,0.060613
0.13206,0.095257,0.066469
0.13939,0.11104,0.072453
0.14664,0.12838,0.078549
0.15381,0.14728,0.084739
0.1609,0.16775,0.091014
0.16451,0.1456,0.072075
0.16762,0.12661,0.056205
0.17022,0.11059,0.042903
0.1723,0.097338,0.031819
0.17384,0.086708,0.022698
0.17484,0.078558,0.015344
0.17526,0.072766,0.0096154
0.17507,0.06923,0.0053968
0.17423,0.067867,0.0026045
0.17346,0.066686,0.0011799
0.157,0.060978,0.0012417
0.14153,0.055451,0.0012547
0.12704,0.050115,0.0012238
0.11348,0.044977,0.0011557
0.10081,0.040158,0.0010594
0.08895,0.035743,0.00094306
0.077892,0.031718,0.00081628
0.067618,0.028069,0.00068672
0.058111,0.024783,0.00056268
0.049354,0.021845,0.00044964
0.054308,0.023461,0.00043123
0.059501,0.025244,0.00024708
0.064937,0.0272,-0.0001416
0.070619,0.029337,-0.00069751
0.076551,0.031661,-0.0013822
0.082734,0.034178,-0.0021593
0.089173,0.036895,-0.0029921
0.095889,0.03977,-0.0038477
0.10292,0.042712,-0.0046934
0.11029,0.045719,-0.0055028
0.091805,0.038388,-0.006324
0.074962,0.031496,-0.0075013
0.059707,0.025275,-0.009028
0.04603,0.01986,-0.010911
0.033973,0.015262,-0.01316
0.023575,0.011494,-0.015787
0.014878,0.0085711,-0.018796
0.0079219,0.0065078,-0.022193
0.0027434,0.005322,-0.025967
-0.00062835,0.0050332,-0.030102
0.0019683,0.0082899,-0.031556
0.0067529,0.012911,-0.032374
0.013808,0.018972,-0.032492
0.023219,0.026545,-0.031964
0.035072,0.035702,-0.030905
0.04945,0.046516,-0.029459
0.066433,0.059053,-0.027771
0.086098,0.073383,-0.025976
0.10852,0.089568,-0.024185
0.13376,0.10767,-0.022487
0.14163,0.096923,-0.013778
0.14881,0.08851,-0.0069918
0.15529,0.082367,-0.0022225
0.16104,0.078434,0.00046775
0.166,0.076659,0.0011629
0.17013,0.076999,0.0027552
0.17394,0.07813,0.0064904
0.17864,0.077314,0.012381
0.18422,0.074445,0.02043
0.19067,0.0695,0.030637
0.18878,0.062334,0.021108
0.18723,0.054304,0.013585
0.18604,0.045423,0.0079093
0.18525,0.035706,0.0039634
0.18488,0.025162,0.0016559
0.18496,0.013804,0.00091285
0.18551,0.0016406,6.1031e-05
0.18656,-0.011318,-0.0022597
0.18812,-0.025063,-0.0060159
0.1902,-0.039591,-0.011183
0.15957,-0.011297,-0.014587
0.13293,0.0095789,-0.016893
0.1101,0.02363,-0.018296
0.090933,0.031405,-0.018769
0.075296,0.033403,-0.018581
0.063036,0.030173,-0.017778
0.050952,0.028627,-0.016617
0.037277,0.032612,-0.01519
0.02208,0.042113,-0.013702
0.0053285,0.057266,-0.012223
0.023229,0.049878,-0.010514
0.042076,0.045806,-0.0090291
0.061973,0.045052,-0.0077213
0.083059,0.047676,-0.0065454
0.10548,0.05379,-0.0054819
0.1294,0.063538,-0.0045215
0.15566,0.075644,-0.0036576
0.18604,0.086969,-0.0028982
0.22082,0.097416,-0.002241
0.26021,0.107,-0.001697
0.24664,0.10536,-0.0077977
0.23368,0.10348,-0.017868
0.22134,0.10132,-0.031507
0.20961,0.098842,-0.048456
0.19846,0.096018,-0.06845
0.1879,0.092816,-0.09136
0.1779,0.08921,-0.11698
0.16847,0.085177,-0.14526
0.1594,0.081054,-0.176
0.15031,0.077587,-0.20922
0.15454,0.079211,-0.17756
0.15875,0.08115,-0.1517
0.16293,0.083378,-0.13022
0.16727,0.085497,-0.11225
0.17184,0.087385,-0.097039
0.17663,0.089032,-0.084095
0.18164,0.090433,-0.072979
0.18686,0.09158,-0.063407
0.1923,0.092471,-0.055107
0.19795,0.093102,-0.047899
0.18631,0.091407,-0.019338
0.17565,0.089085,-0.0043934
0.16589,0.08608,-0.00071084
0.15705,0.08236,0.0063617
0.14871,0.078617,0.022765
0.14025,0.075949,0.047784
0.13159,0.07435,0.080904
0.12269,0.073802,0.12174
0.11352,0.074287,0.16998
0.10406,0.075791,0.22539
0.10943,0.067399,0.21199
0.11293,0.062514,0.19995
0.11457,0.061064,0.18885
0.11597,0.060061,0.17849
0.11915,0.055718,0.16867
0.12415,0.048035,0.15928
0.13097,0.037012,0.15024
0.13964,0.022634,0.14147
0.15019,0.0048765,0.13295
0.16266,-0.016295,0.12462
0.14345,-0.027009,0.085851
0.12649,-0.036721,0.057631
0.1116,-0.0455,0.037094
0.09864,-0.053406,0.022306
0.087458,-0.060488,0.011988
0.077941,-0.06679,0.0052038
0.069989,-0.072348,0.0013082
0.063513,-0.077191,-0.00018616
0.058429,-0.081347,-0.00072193
0.054655,-0.084844,-0.0029559
0.043555,-0.064079,-0.0085262
0.034049,-0.046422,-0.016378
0.026053,-0.031693,-0.026048
0.019489,-0.019725,-0.037217
0.01429,-0.010364,-0.049646
0.010404,-0.0034774,-0.063237
0.0077942,0.0010394,-0.077964
0.0064513,0.0032512,-0.093951
0.0060538,0.0037713,-0.11133
0.0046652,0.0060571,-0.1303
0.005405,0.0040789,-0.12782
0.0055772,0.0031228,-0.12585
0.0054883,0.0026431,-0.12424
0.0059588,0.0011965,-0.12293
0.0070348,-0.0012875,-0.1215
0.0087113,-0.0048024,-0.12024
0.010985,-0.0093316,-0.11883
0.013844,-0.014857,-0.11753
0.01728,-0.021356,-0.11616
0.021281,-0.028803,-0.11488
0.020402,-0.020769,-0.09298
0.02044,-0.013096,-0.07406
0.021424,-0.0058161,-0.057746
0.02338,0.0010396,-0.043797
0.026329,0.0074456,-0.032005
0.030288,0.013382,-0.022217
0.035266,0.018838,-0.014332
0.041268,0.02381,-0.0082734
0.048269,0.02834,-0.00401
0.055649,0.033485,-0.0015213
0.041073,0.025076,-0.0037391
0.028633,0.017873,-0.007213
0.018355,0.011892,-0.011667
0.010261,0.0071541,-0.016875
0.0043708,0.003677,-0.022674
0.00069907,0.0014809,-0.028974
-0.00074816,0.00058616,-0.035821
-0.0016532,9.907e-06,-0.043379
-0.0047455,-0.0018648,-0.051861
-0.010052,-0.0050529,-0.061449
-0.0056373,-0.0028828,-0.047041
-0.002553,-0.0013665,-0.03536
-0.00073425,-0.00046653,-0.025954
-0.00011796,-0.00014646,-0.018446
0.00049225,0.00017701,-0.012513
0.0021996,0.0010125,-0.0078522
0.0050172,0.0023713,-0.004266
0.0089898,0.0042841,-0.0017314
0.014172,0.0067872,-0.00036532
0.020619,0.009919,-6.7908e-05
0.019925,0.0094418,-0.00034178
0.019263,0.0089752,-0.0014627
0.018623,0.0085127,-0.00364
0.017996,0.0080505,-0.0068356
0.017376,0.0075852,-0.011025
0.016756,0.007114,-0.016187
0.016132,0.0066347,-0.02231
0.015501,0.006146,-0.029381
0.014859,0.0056467,-0.037392
0.014205,0.0051367,-0.046334
0.010775,0.006333,-0.033996
0.0084207,0.0060395,-0.024636
0.0046709,0.0083112,-0.017351
-0.00060928,0.013415,-0.011498
-0.0074664,0.021452,-0.0067716
-0.016004,0.032581,-0.0031856
-0.026353,0.046982,-0.00095322
-0.038647,0.064831,-0.00032302
-0.053014,0.086313,0.00071142
-0.069575,0.11159,0.0037318
-0.060525,0.099109,-0.00048616
-0.051304,0.087568,-0.0030314
-0.04199,0.076991,-0.011166
-0.032627,0.067447,-0.02415
-0.023255,0.059001,-0.04145
-0.013908,0.051708,-0.062716
-0.0046094,0.045615,-0.08773
0.0046279,0.040758,-0.11638
0.0138,0.037158,-0.14856
0.022915,0.034828,-0.18427
0.017538,0.034896,-0.19416
0.012274,0.035298,-0.20367
0.0071209,0.036035,-0.21274
0.0020768,0.037107,-0.22144
-0.0028607,0.038517,-0.22975
-0.0076933,0.040265,-0.2377
-0.012423,0.042354,-0.24529
-0.017052,0.044787,-0.25254
-0.021582,0.047565,-0.25944
-0.026014,0.050691,-0.26603
-0.025712,0.046975,-0.20595
-0.02517,0.04344,-0.1581
-0.024388,0.040105,-0.11973
-0.023367,0.036985,-0.088919
-0.022109,0.034092,-0.06429
-0.020618,0.031435,-0.044752
-0.0191,0.028889,-0.029533
-0.017905,0.026233,-0.017973
-0.017039,0.023471,-0.0096044
-0.016502,0.020611,-0.0040242
-0.017162,0.022872,-0.0048325
-0.017991,0.025157,-0.0057058
-0.018989,0.027471,-0.0066492
-0.020155,0.029819,-0.0076545
-0.021487,0.032206,-0.0087248
-0.022983,0.034638,-0.0098529
-0.024631,0.037127,-0.01104
-0.026306,0.039762,-0.012281
-0.02798,0.042563,-0.013575
-0.029659,0.045531,-0.014916
-0.031179,0.047463,-0.0126
-0.03271,0.049455,-0.010403
-0.034254,0.051505,-0.0083582
-0.03581,0.053614,-0.0064929
-0.037379,0.055782,-0.0048368
-0.038961,0.058008,-0.0034149
-0.040559,0.060292,-0.0022537
-0.042203,0.062614,-0.0013762
-0.0439,0.064968,-0.00080595
-0.045651,0.067355,-0.00056402
-0.052786,0.077359,-0.0034468
-0.060384,0.087774,-0.011211
-0.068424,0.098553,-0.023812
-0.076891,0.10965,-0.041188
-0.085774,0.12105,-0.063263
-0.095065,0.1327,-0.08995
-0.10476,0.14459,-0.12115
-0.11485,0.1567,-0.15677
-0.12535,0.16902,-0.1967
-0.13625,0.18153,-0.24088
-0.12698,0.1662,-0.2046
-0.11799,0.15127,-0.17329
-0.10931,0.13676,-0.14598
-0.10095,0.12271,-0.12207
-0.092945,0.10915,-0.10108
-0.085317,0.096102,-0.082662
-0.078085,0.083602,-0.066546
-0.071271,0.071673,-0.052514
-0.064895,0.06034,-0.040413
-0.058976,0.04963,-0.030092
-0.057038,0.04795,-0.02053
-0.055099,0.046328,-0.01316
-0.05316,0.044761,-0.0076981
-0.051228,0.043244,-0.003899
-0.049304,0.041775,-0.0015761
-0.047393,0.04035,-0.00056863
-0.045502,0.038969,-0.00023174
-0.043647,0.037631,0.0010631
-0.04183,0.036335,0.003344
-0.040054,0.035076,0.0065373
-0.04826,0.035941,0.003896
-0.057704,0.036434,0.0018344
-0.068386,0.036576,0.00034893
-0.08031,0.036387,-0.00056534
-0.093474,0.035886,-0.00092549
-0.10787,0.035085,-0.0013693
-0.1235,0.033998,-0.0023483
-0.14035,0.032637,-0.0038319
-0.15842,0.031013,-0.0057884
-0.17771,0.029134,-0.0081831
-0.174,0.03194,-0.012088
-0.1704,0.034863,-0.016297
-0.16691,0.037895,-0.020629
-0.16352,0.04103,-0.024963
-0.16026,0.044259,-0.029224
-0.1571,0.047578,-0.033362
-0.15407,0.050981,-0.037345
-0.15117,0.054462,-0.041157
-0.14838,0.058016,-0.044787
-0.14573,0.061638,-0.048234
-0.12916,0.035447,-0.041166
-0.11518,0.01285,-0.034918
-0.10367,-0.0063391,-0.029353
-0.094503,-0.022292,-0.024382
-0.087572,-0.03516,-0.019949
-0.082785,-0.045075,-0.016014
-0.080067,-0.052145,-0.012555
-0.079359,-0.056454,-0.0095576
-0.080399,-0.058372,-0.0070123
-0.080346,-0.061827,-0.0048825
-0.07817,-0.058284,-0.013205
-0.075668,-0.055398,-0.025815
-0.072802,-0.053145,-0.042607
-0.070025,-0.050834,-0.063495
-0.067656,-0.047967,-0.08841
-0.065674,-0.044532,-0.11729
-0.064059,-0.040523,-0.15006
-0.062796,-0.03594,-0.18668
-0.061874,-0.030787,-0.22705
-0.061288,-0.025071,-0.27114
-0.047617,-0.021943,-0.21593
-0.035871,-0.018878,-0.17212
-0.026029,-0.015802,-0.13691
-0.018064,-0.012645,-0.10845
-0.011948,-0.0093431,-0.085337
-0.0073517,-0.0062447,-0.066532
-0.0031253,-0.0048178,-0.051201
0.00088788,-0.0051808,-0.038648
0.0047292,-0.007312,-0.028305
0.0084187,-0.011194,-0.019708
0.0065761,-0.0091504,-0.028778
0.0045294,-0.0076591,-0.03942
0.0022889,-0.0067229,-0.05171
-0.00013483,-0.0063372,-0.065724
-0.002731,-0.0064909,-0.08155
-0.0054899,-0.007169,-0.099242
-0.0084028,-0.008354,-0.11883
-0.011462,-0.010028,-0.1403
-0.014661,-0.012173,-0.16361
-0.01801,-0.01475,-0.18869
-0.01451,-0.012213,-0.13638
-0.010712,-0.010752,-0.095169
-0.0066145,-0.010398,-0.063094
-0.0022285,-0.01116,-0.038693
0.0024338,-0.013045,-0.020835
0.0073612,-0.016057,-0.0086873
0.012544,-0.020196,-0.0017612
0.017975,-0.025457,0.00021173
0.023594,-0.03183,0.0035837
0.029375,-0.039297,0.012331
0.023962,-0.031554,0.010577
0.019373,-0.024251,0.0088089
0.015613,-0.017462,0.0070692
0.012688,-0.011262,0.0054134
0.010613,-0.0057261,0.0038913
0.0094079,-0.00092634,0.0025611
0.0091032,0.0030746,0.0014768
0.0097386,0.0062362,0.00068936
0.011358,0.0085534,0.00023107
0.013499,0.010725,0.00010547
0.011239,0.0096317,0.00023825
0.0089985,0.0087587,0.00070482
0.0067957,0.0081078,0.001491
0.0046459,0.0076827,0.0025858
0.0025607,0.0074902,0.0039802
0.00054636,0.0075395,0.0056719
-0.0013962,0.0078422,0.0076599
-0.0032719,0.0084108,0.00995
-0.005091,0.0092585,0.012546
-0.0068682,0.010398,0.015456
-0.0057976,0.010438,0.018839
-0.00452,0.010722,0.02257
-0.0030331,0.011268,0.026625
-0.0013306,0.012093,0.030985
0.00059722,0.013212,0.03563
0.0027627,0.014639,0.040551
0.0051797,0.016388,0.045738
0.0078625,0.018474,0.051198
0.010826,0.020911,0.056936
0.014085,0.023713,0.062972
0.011197,0.029767,0.052281
0.0072672,0.037208,0.042664
0.002243,0.046099,0.034059
-0.0039363,0.056515,0.026442
-0.011337,0.068538,0.0198
-0.020026,0.082252,0.01413
-0.030073,0.097743,0.0094286
-0.041544,0.11509,0.0056871
-0.054503,0.13438,0.002891
-0.06901,0.15569,0.0010176
-0.082748,0.17232,-6.7538e-05
-0.097492,0.19033,-0.00047886
-0.11328,0.20977,-0.0021184
-0.13015,0.2307,-0.0050834
-0.14813,0.25314,-0.0093588
-0.16725,0.27714,-0.014931
-0.18756,0.30271,-0.021784
-0.20905,0.32988,-0.029905
-0.23177,0.35866,-0.039275
-0.25571,0.38906,-0.04988
-0.25585,0.40578,-0.040314
-0.25514,0.42349,-0.031946
-0.25357,0.4422,-0.024665
-0.25113,0.46191,-0.0184
-0.24783,0.48263,-0.013094
-0.24364,0.50436,-0.0087154
-0.23858,0.52713,-0.0052376
-0.23263,0.55093,-0.0026492
-0.22579,0.57578,-0.00094256
-0.21807,0.60169,-0.00011812
-0.2005,0.53893,0.0010174
-0.18454,0.4812,0.004224
-0.16997,0.42812,0.0083165
-0.1566,0.37939,0.012625
-0.14426,0.33472,0.01682
-0.13281,0.29388,0.020732
-0.1221,0.25663,0.024274
-0.11203,0.22278,0.027404
-0.10249,0.19215,0.030104
-0.093372,0.16456,0.03237
-0.089168,0.17333,0.023258
-0.084064,0.18284,0.016322
-0.078064,0.19309,0.011078
-0.071173,0.20407,0.0071555
-0.063399,0.21577,0.0042649
-0.05475,0.22817,0.0021802
-0.045232,0.24128,0.00072292
-0.034854,0.25508,-0.00024843
-0.023623,0.26958,-0.00084466
-0.011546,0.28477,-0.0011539
-0.0093809,0.26129,-0.00040729
-0.0076424,0.23879,0.0015783
-0.0062876,0.21727,0.0046554
-0.0052734,0.19672,0.0087331
-0.0045584,0.17717,0.013757
-0.0041016,0.15861,0.019695
-0.0038629,0.14105,0.026525
-0.0038023,0.12451,0.034239
-0.0038807,0.10898,0.042828
-0.0040587,0.094473,0.052293
-0.0079942,0.09376,0.038015
-0.011803,0.093051,0.026749
-0.015487,0.092351,0.017957
-0.019049,0.091668,0.011231
-0.022491,0.091006,0.0062474
-0.025814,0.090371,0.0027486
-0.02902,0.089768,0.00052676
-0.032109,0.089202,-0.00058842
-0.035085,0.088675,-0.00085185
-0.03795,0.08818,-0.0015958
-0.023947,0.096552,-0.0039324
-0.006754,0.10729,-0.0077566
0.013653,0.12038,-0.013106
0.037289,0.13584,-0.020019
0.06416,0.15365,-0.028538
0.094269,0.17386,-0.038717
0.12761,0.19646,-0.050608
0.16419,0.2215,-0.064278
0.20399,0.249,-0.07978
0.24702,0.27897,-0.097178
0.21595,0.2538,-0.081075
0.18712,0.23032,-0.068056
0.16045,0.20847,-0.057301
0.13583,0.1882,-0.048283
0.1132,0.16945,-0.040626
0.092478,0.15217,-0.034076
0.073592,0.13631,-0.02844
0.056476,0.12182,-0.023576
0.041064,0.10865,-0.019376
0.027293,0.096762,-0.015754
0.027248,0.1006,-0.014089
0.02718,0.10451,-0.012458
0.027086,0.10849,-0.010892
0.026968,0.11254,-0.0094164
0.026824,0.11665,-0.0080577
0.026655,0.12084,-0.0068382
0.026459,0.12509,-0.0057683
0.026237,0.12942,-0.0048817
0.025986,0.1338,-0.004152
0.025708,0.13826,-0.0036664
0.028095,0.13346,-0.0037112
0.030361,0.12869,-0.0037677
0.032502,0.12397,-0.0038049
0.034517,0.11929,-0.0038511
0.036404,0.11466,-0.0038866
0.038161,0.1101,-0.0039304
0.039787,0.10559,-0.0039838
0.041279,0.10116,-0.004047
0.042637,0.096803,-0.004136
0.043859,0.092526,-0.0042379
0.042573,0.081928,-0.0027163
0.041118,0.072169,-0.0020241
0.039504,0.063232,-0.0016476
0.037741,0.055104,-0.00091985
0.035834,0.047757,5.5086e-05
0.033794,0.041159,0.0011888
0.031625,0.035284,0.0024005
0.029335,0.030105,0.0036472
0.026931,0.025597,0.0048776
0.024418,0.021736,0.006074
0.017036,0.016956,0.0043736
0.010511,0.013232,0.0031134
0.0048647,0.010561,0.0021686
0.00012051,0.0089434,0.0014568
-0.0037056,0.0083864,0.00090314
-0.0066063,0.0089013,0.00045885
-0.0086076,0.010487,8.826e-05
-0.011061,0.012066,-0.00018361
-0.01478,0.013004,-0.00033033
-0.019766,0.013326,-0.00036286
-0.019923,0.022554,-0.0014759
-0.024127,0.029751,-0.0037966
-0.026849,0.039591,-0.0075686
-0.026496,0.053515,-0.012991
-0.023117,0.0716,-0.020206
-0.016751,0.093912,-0.029273
-0.0074309,0.12052,-0.040186
0.0048183,0.15146,-0.052858
0.019975,0.18681,-0.06716
0.038022,0.22661,-0.082924
0.031871,0.22795,-0.11505
0.025716,0.22925,-0.15131
0.019557,0.23055,-0.19132
0.013391,0.23185,-0.2348
0.0072192,0.23317,-0.28144
0.0010419,0.23452,-0.3311
-0.0051395,0.23591,-0.3835
-0.011322,0.23733,-0.43859
-0.017502,0.2388,-0.49606
-0.023676,0.2403,-0.55596
-0.036831,0.24244,-0.44363
-0.049409,0.24433,-0.3538
-0.061472,0.24612,-0.28047
-0.073068,0.24786,-0.21994
-0.084241,0.24962,-0.16991
-0.095027,0.25142,-0.12838
-0.10546,0.2533,-0.094251
-0.11556,0.25525,-0.066496
-0.12537,0.2573,-0.044522
-0.13489,0.25945,-0.027753
-0.12443,0.26207,-0.028734
-0.1136,0.26534,-0.029694
-0.10236,0.26924,-0.030671
-0.090708,0.27376,-0.031655
-0.078631,0.27888,-0.032666
-0.066115,0.28459,-0.033703
-0.053148,0.2909,-0.034781
-0.039721,0.29778,-0.035898
-0.025826,0.30524,-0.037068
-0.011453,0.31327,-0.038289
-0.020931,0.29615,-0.069691
-0.029765,0.27951,-0.10578
-0.037955,0.26339,-0.14451
-0.045498,0.24783,-0.18468
-0.052392,0.23285,-0.22552
-0.058639,0.21848,-0.26666
-0.064236,0.20473,-0.30774
-0.069183,0.19161,-0.34868
-0.073481,0.17912,-0.38927
-0.077128,0.16729,-0.42955
-0.061685,0.15623,-0.37946
-0.047034,0.14629,-0.33632
-0.033106,0.1374,-0.29901
-0.01984,0.12952,-0.26573
-0.007186,0.1226,-0.23591
0.0049043,0.1166,-0.20875
0.016471,0.11147,-0.18401
0.027551,0.10717,-0.16126
0.038178,0.10368,-0.14039
0.048381,0.10096,-0.12116
0.066535,0.10681,-0.092827
0.08534,0.11398,-0.07074
0.10482,0.12246,-0.053405
0.12498,0.13226,-0.039736
0.14583,0.14339,-0.029
0.16738,0.15586,-0.020621
0.18962,0.1697,-0.014185
0.21255,0.18491,-0.0093451
0.23616,0.20152,-0.005835
0.26045,0.21953,-0.0034267
0.24497,0.20475,-0.0045868
0.22958,0.19139,-0.0053503
0.21573,0.17765,-0.0056611
0.20349,0.16335,-0.0055706
0.19281,0.14851,-0.0051649
0.18362,0.13314,-0.0045381
0.17586,0.11724,-0.0037755
0.16948,0.10082,-0.002955
0.16444,0.083873,-0.0021399
0.16072,0.066392,-0.0013885
0.13619,0.063507,6.3462e-05
0.11418,0.059818,0.0020245
0.094575,0.055417,0.0056603
0.077316,0.050384,0.0099735
0.062326,0.044792,0.014345
0.049541,0.038707,0.018391
0.038901,0.032192,0.021885
0.030209,0.025471,0.02471
0.021962,0.020329,0.026834
0.013787,0.017202,0.028305
0.011182,0.013421,0.029587
0.0088529,0.010152,0.031666
0.0067912,0.0073755,0.03449
0.0049903,0.0050758,0.038016
0.0034438,0.0032378,0.042201
0.0021461,0.0018495,0.046986
0.0011019,0.00089145,0.052304
0.0004725,0.00016452,0.058071
0.00031898,-0.00040477,0.064205
0.00055635,-0.00089175,0.070632
0.00028386,1.4403e-05,0.044793
0.0012548,0.0010855,0.025575
0.0028521,0.0031888,0.012073
0.0049377,0.0064849,0.0036507
0.0074919,0.011049,0.00012876
0.010463,0.017028,-0.0016618
0.013786,0.024595,-0.0087801
0.017388,0.033908,-0.02183
0.021195,0.045122,-0.041108
0.025135,0.058386,-0.066812
0.032007,0.055387,-0.048957
0.038431,0.053155,-0.034422
0.044394,0.051699,-0.022788
0.049884,0.051024,-0.013764
0.054886,0.051135,-0.0071157
0.059391,0.052031,-0.0026707
0.063389,0.05371,-0.00029754
0.066879,0.056158,0.00027365
0.070562,0.058514,0.0017975
0.0749,0.060214,0.0051652
0.083156,0.070379,0.012799
0.089056,0.084927,0.023783
0.089791,0.10748,0.038189
0.085029,0.13869,0.056058
0.074352,0.17926,0.077334
0.057308,0.22991,0.10187
0.033446,0.29132,0.12941
0.0023408,0.36413,0.15967
-0.036393,0.44891,0.19235
-0.083089,0.54615,0.22719
-0.081603,0.53024,0.20173
-0.080201,0.51458,0.18428
-0.078876,0.49917,0.1719
-0.077617,0.484,0.16286
-0.07642,0.46909,0.1561
-0.075275,0.45442,0.15093
-0.074178,0.43999,0.1469
-0.073122,0.42581,0.14371
-0.072103,0.41187,0.14116
-0.071114,0.39816,0.13909
-0.043878,0.34449,0.088518
-0.02058,0.29623,0.053494
-0.00089892,0.25301,0.029532
0.015448,0.21449,0.013841
0.028709,0.18037,0.00461
0.039109,0.15041,0.00056544
0.046848,0.12435,-0.00053694
0.052102,0.10198,-0.0045158
0.055038,0.083108,-0.011515
0.055813,0.06754,-0.021144
0.056712,0.077907,-0.031246
0.056877,0.089353,-0.043298
0.05632,0.10184,-0.057257
0.055055,0.11532,-0.073107
0.053094,0.12978,-0.09079
0.050447,0.14517,-0.11029
0.047122,0.16148,-0.13155
0.043129,0.1787,-0.15454
0.038473,0.1968,-0.17921
0.033157,0.21577,-0.20554
0.040375,0.20013,-0.17347
0.046751,0.18509,-0.14859
0.052309,0.17069,-0.12878
0.057067,0.15693,-0.1127
0.061042,0.14385,-0.099409
0.064252,0.13145,-0.088265
0.06671,0.11975,-0.078799
0.068431,0.10877,-0.070667
0.069429,0.098525,-0.063619
0.06972,0.089023,-0.057457
0.073338,0.097467,-0.075824
0.077066,0.10645,-0.095845
0.080907,0.11599,-0.11718
0.084869,0.12609,-0.13951
0.088955,0.13675,-0.16253
0.093167,0.14797,-0.186
0.09751,0.15978,-0.20966
0.10198,0.17216,-0.23339
0.10659,0.18512,-0.257
0.11133,0.19867,-0.28044
0.11512,0.19775,-0.22809
0.11885,0.19689,-0.1871
0.12254,0.19609,-0.15434
0.12618,0.19536,-0.12777
0.12979,0.1947,-0.10594
0.13336,0.19411,-0.087829
0.13689,0.19359,-0.072694
0.1404,0.19314,-0.05997
0.14387,0.19276,-0.049251
0.14732,0.19244,-0.0402
0.14884,0.18269,-0.050756
0.1499,0.17352,-0.060921
0.15052,0.16492,-0.070591
0.15069,0.1569,-0.079716
0.15043,0.14944,-0.088307
0.14974,0.14256,-0.09639
0.14862,0.13624,-0.104
0.14707,0.13048,-0.11118
0.14511,0.12528,-0.11797
0.14273,0.12064,-0.1244
0.16636,0.13911,-0.11266
0.19162,0.15968,-0.10226
0.21867,0.18231,-0.093061
0.2481,0.20644,-0.084932
0.28008,0.23202,-0.077764
0.31465,0.25911,-0.071458
0.35187,0.28778,-0.065924
0.39178,0.31807,-0.06108
0.43441,0.35005,-0.056855
0.47981,0.38374,-0.053182
0.45817,0.37824,-0.037809
0.4404,0.36897,-0.025892
0.42475,0.35794,-0.017254
0.40638,0.35083,-0.011817
0.385,0.34794,-0.0094517
0.36058,0.34924,-0.0086274
0.33313,0.35481,-0.0053223
0.30263,0.3646,0.00063335
0.26906,0.37861,0.0091746
0.23239,0.39682,0.020251
0.23936,0.38722,0.00073905
0.24623,0.37838,-0.008311
0.25299,0.3702,-0.010212
0.25956,0.36244,-0.014752
0.26591,0.35503,-0.024092
0.27204,0.34796,-0.037447
0.27794,0.34124,-0.054263
0.28362,0.33486,-0.07414
0.28906,0.32881,-0.096767
0.29426,0.32309,-0.12191
0.28686,0.31377,-0.099521
0.27965,0.30461,-0.082675
0.27261,0.29564,-0.069631
0.26576,0.28687,-0.059296
0.25907,0.27831,-0.050931
0.25254,0.26995,-0.044045
0.24618,0.2618,-0.038291
0.23997,0.25385,-0.033426
0.2339,0.2461,-0.029275
0.22798,0.23855,-0.025707
0.23826,0.25805,-0.03571
0.24864,0.2788,-0.047056
0.25911,0.30081,-0.059518
0.26968,0.32411,-0.072921
0.28035,0.3487,-0.087131
0.29114,0.37459,-0.10206
0.30202,0.40179,-0.11762
0.31302,0.4303,-0.13379
0.32412,0.46012,-0.15051
0.33532,0.49124,-0.16777
0.33633,0.4856,-0.15311
0.33741,0.47993,-0.14016
0.33854,0.47426,-0.12849
0.33973,0.46859,-0.11784
0.34096,0.46293,-0.10803
0.34222,0.4573,-0.098937
0.34352,0.45169,-0.090473
0.34484,0.44613,-0.082583
0.34618,0.4406,-0.075224
0.34752,0.43512,-0.068369
0.36248,0.47304,-0.056309
0.37721,0.51277,-0.047309
0.39174,0.55435,-0.040713
0.40605,0.59777,-0.036043
0.42016,0.64304,-0.032954
0.43407,0.69018,-0.031195
0.44779,0.73917,-0.030581
0.46131,0.79002,-0.030973
0.47465,0.84273,-0.032266
0.48782,0.89729,-0.034121
0.48545,0.88255,-0.03387
0.48296,0.86804,-0.033643
0.48034,0.85375,-0.033446
0.4776,0.83968,-0.033284
0.47476,0.8258,-0.033155
0.47182,0.81212,-0.033055
0.46879,0.79862,-0.032975
0.46567,0.7853,-0.032909
0.46246,0.77215,-0.032844
0.45918,0.75916,-0.032769
0.47017,0.73067,-0.032391
0.47999,0.70367,-0.03191
0.48872,0.67809,-0.03135
0.49639,0.65387,-0.030734
0.50304,0.63095,-0.030076
0.50871,0.60929,-0.029391
0.51345,0.58882,-0.028689
0.51728,0.56952,-0.027981
0.52023,0.55135,-0.027272
0.52233,0.53426,-0.02657
0.44569,0.49869,-0.017522
0.37217,0.46885,-0.0076632
0.30151,0.44444,0.0025267
0.2335,0.42525,0.012806
0.16794,0.41106,0.023042
0.10464,0.40171,0.033157
0.04345,0.39705,0.043096
-0.015772,0.39695,0.052819
-0.073144,0.40134,0.062284
-0.12876,0.41015,0.071456
-0.13351,0.38866,0.056787
-0.13742,0.36854,0.048114
-0.14062,0.34963,0.043228
-0.14316,0.33184,0.040878
-0.1451,0.31508,0.040329
-0.14648,0.29929,0.041143
-0.14732,0.2844,0.043056
-0.14766,0.27039,0.045911
-0.14751,0.25719,0.049612
-0.14689,0.24478,0.054108
-0.14486,0.23656,0.042815
-0.14301,0.22883,0.032454
-0.14131,0.22158,0.023248
-0.13973,0.21478,0.01535
-0.13825,0.20842,0.0088683
-0.13684,0.20248,0.0038649
-0.13548,0.19693,0.00038804
-0.13416,0.19176,-0.0015374
-0.13285,0.18693,-0.0019698
-0.13164,0.18237,-0.0030291
-0.094363,0.16773,-0.0068546
-0.052781,0.16066,-0.012267
-0.0067962,0.16107,-0.018974
0.043687,0.16891,-0.026827
0.098751,0.1842,-0.035741
0.15846,0.20699,-0.045654
0.22288,0.23735,-0.056492
0.29205,0.27538,-0.068182
0.36602,0.3212,-0.080633
0.44481,0.37491,-0.093759
0.41488,0.34851,-0.10148
0.38595,0.3231,-0.11021
0.35804,0.29869,-0.11978
0.33114,0.27526,-0.13009
0.30525,0.25281,-0.14102
0.28039,0.23133,-0.1525
0.25654,0.21082,-0.16443
0.23371,0.19126,-0.17679
0.2119,0.17266,-0.18948
0.1911,0.155,-0.20251
0.178,0.14458,-0.18171
0.16535,0.13457,-0.16471
0.15318,0.12498,-0.15054
0.14148,0.11584,-0.13854
0.13026,0.10715,-0.12823
0.1195,0.098927,-0.11926
0.10919,0.091164,-0.11139
0.099332,0.083866,-0.10441
0.089906,0.077033,-0.098176
0.080901,0.070664,-0.092576
0.065698,0.057532,-0.11308
0.052031,0.045672,-0.13471
0.039846,0.035036,-0.15734
0.029092,0.025579,-0.18094
0.019726,0.01726,-0.20545
0.011712,0.010046,-0.23086
0.005023,0.0039087,-0.25715
-0.00035842,-0.0011691,-0.28432
-0.0044403,-0.0051976,-0.31234
-0.0072203,-0.0081781,-0.34122
-0.0052831,-0.0063423,-0.27463
-0.0037643,-0.0048922,-0.22082
-0.0025756,-0.003734,-0.17691
-0.0016511,-0.0028027,-0.14091
-0.00094114,-0.0020514,-0.11132
-0.00040564,-0.0014448,-0.087006
-1.3152e-05,-0.00095704,-0.067085
0.00026318,-0.00056706,-0.050843
0.00044499,-0.00025939,-0.03772
0.00055139,-2.063e-05,-0.02723
0.0032693,0.0021432,-0.024295
0.0079264,0.0056319,-0.021453
0.014716,0.010611,-0.018665
0.023859,0.017278,-0.015948
0.035586,0.025836,-0.013369
0.050126,0.036492,-0.010987
0.067705,0.049446,-0.0088676
0.088548,0.064899,-0.0070535
0.11287,0.083045,-0.0055844
0.1409,0.10407,-0.0044808
0.15129,0.1106,-0.0074671
0.16211,0.11729,-0.011354
0.17336,0.12418,-0.01577
0.18505,0.13126,-0.020409
0.19719,0.13854,-0.025035
0.20976,0.14602,-0.02946
0.22278,0.15372,-0.033556
0.23625,0.16163,-0.037229
0.25016,0.16975,-0.040426
0.26451,0.17808,-0.043115
0.21407,0.14205,-0.045363
0.1696,0.11039,-0.049998
0.13087,0.082951,-0.056724
0.097691,0.059605,-0.065397
0.069862,0.04021,-0.075951
0.047185,0.024624,-0.088354
0.029465,0.012708,-0.10257
0.016517,0.0043224,-0.11857
0.0081762,-0.00065409,-0.13626
0.0043201,-0.0023126,-0.15549
0.00431,-0.00078029,-0.15246
0.0048815,0.00088339,-0.14921
0.006039,0.0026749,-0.14577
0.0077857,0.0045926,-0.14218
0.010095,0.0066721,-0.13846
0.012713,0.0092305,-0.13463
0.015583,0.01234,-0.13069
0.01871,0.016,-0.12668
0.022098,0.020208,-0.12257
0.025751,0.024961,-0.11839
0.027603,0.024758,-0.10065
0.029302,0.024829,-0.084757
0.030844,0.025184,-0.07054
0.032225,0.02583,-0.057852
0.033456,0.026756,-0.046579
0.034841,0.027591,-0.036625
0.036509,0.028174,-0.027918
0.03846,0.02851,-0.020397
0.040692,0.028601,-0.01402
0.043203,0.028451,-0.0087497
0.035721,0.022253,-0.0060959
0.029043,0.016596,-0.0041812
0.023185,0.011488,-0.002827
0.018165,0.0069363,-0.0018898
0.014002,0.002947,-0.0012605
0.010715,-0.00047242,-0.00084988
0.0083205,-0.0033126,-0.00058951
0.0068332,-0.0055601,-0.00042325
0.0062566,-0.0071952,-0.00030995
0.0065565,-0.0082117,-0.00022117
0.0086937,-0.0082745,-0.0003669
0.013924,-0.0059205,-0.00043968
0.022387,-0.00098657,-0.00038418
0.034238,0.0066848,-0.00015711
0.049641,0.017245,0.00026562
0.068757,0.030835,0.00089579
0.091737,0.047586,0.0017364
0.11873,0.06762,0.0027872
0.14987,0.091052,0.0040459
0.18529,0.11799,0.0055094
0.17229,0.11264,0.0064441
0.15984,0.10727,0.0063952
0.14791,0.10183,0.0069937
0.1365,0.096294,0.0089319
0.12561,0.090666,0.012283
0.11525,0.084947,0.017092
0.10543,0.079139,0.02339
0.096144,0.073246,0.031199
0.087404,0.067273,0.040531
0.079216,0.061225,0.051391
0.09871,0.076691,0.027773
0.12035,0.093267,0.012762
0.14419,0.111,0.0061973
0.1703,0.13005,0.0048908
0.19883,0.15088,-0.003226
0.22982,0.17357,-0.019202
0.26326,0.19813,-0.0428
0.29917,0.22455,-0.073771
0.33755,0.25285,-0.11185
0.3784,0.28302,-0.15682
0.34431,0.25433,-0.12756
0.31193,0.22725,-0.10297
0.28124,0.20176,-0.082038
0.25223,0.17782,-0.064147
0.22488,0.15541,-0.048868
0.19918,0.13451,-0.035927
0.17513,0.1151,-0.025124
0.15271,0.097175,-0.016322
0.13192,0.080714,-0.0094198
0.11274,0.065708,-0.0043413
0.11365,0.072166,0.0010083
0.11507,0.078253,0.0022284
0.11699,0.083795,0.0063027
0.1194,0.088767,0.014587
0.1223,0.093187,0.026864
0.12569,0.097063,0.042959
0.12956,0.1004,0.062724
0.13378,0.10338,0.086042
0.13774,0.10681,0.11281
0.14134,0.1108,0.14295
0.12309,0.097142,0.12311
0.10621,0.084487,0.1062
0.090676,0.072828,0.091567
0.076449,0.062151,0.078807
0.063501,0.052441,0.067592
0.051804,0.043682,0.057694
0.041327,0.035855,0.048932
0.032043,0.028942,0.041172
0.023921,0.022922,0.034302
0.016933,0.017776,0.028237
0.021925,0.020065,0.036287
0.027325,0.022932,0.045435
0.033158,0.026418,0.055683
0.039447,0.030565,0.067012
0.046216,0.035412,0.079386
0.05351,0.040969,0.092756
0.061603,0.046948,0.10705
0.070596,0.053279,0.1222
0.080525,0.059978,0.13812
0.09142,0.067055,0.15474
0.093237,0.064621,0.1171
0.09576,0.061234,0.086473
0.098967,0.05696,0.061627
0.10285,0.051839,0.041686
0.10743,0.04589,0.026001
0.11273,0.039114,0.014088
0.11878,0.031498,0.0055787
0.12561,0.023017,0.00018185
0.13328,0.013639,-0.0023317
0.14181,0.0033097,-0.0029266
0.15012,0.0076522,-0.0040291
0.15869,0.012143,-0.0056307
0.16751,0.016779,-0.007718
0.17659,0.021559,-0.010279
0.18591,0.026481,-0.0133
0.19548,0.031545,-0.016769
0.20529,0.03675,-0.02067
0.21534,0.042097,-0.024992
0.22563,0.047586,-0.029719
0.23615,0.05322,-0.034839
0.25979,0.020848,-0.026091
0.28726,-0.016998,-0.0188
0.31855,-0.060333,-0.012752
0.35365,-0.10916,-0.007779
0.39257,-0.16348,-0.0037405
0.43531,-0.22328,-0.00053798
0.48186,-0.28854,0.0019148
0.53224,-0.35924,0.0037589
0.58647,-0.43532,0.0061032
0.64456,-0.51675,0.0091902
0.62972,-0.49936,0.0083779
0.61529,-0.48309,0.0078803
0.60125,-0.46788,0.0076035
0.58754,-0.45365,0.0075009
0.57415,-0.44033,0.00758
0.56105,-0.42787,0.0078401
0.54822,-0.4162,0.0083052
0.53563,-0.40527,0.0089828
0.52328,-0.39503,0.0098988
0.51114,-0.38545,0.011066
0.47308,-0.34375,0.0038144
0.43812,-0.30495,0.00096006
0.40593,-0.26892,-0.001853
0.37621,-0.23553,-0.0084503
0.34877,-0.20457,-0.018685
0.32342,-0.17586,-0.032449
0.3,-0.14922,-0.049645
0.27837,-0.1245,-0.070201
0.25839,-0.10156,-0.094045
0.23995,-0.080289,-0.12113
0.25077,0.045257,-0.76794
0.24122,0.052142,-0.7296
0.23217,0.058598,-0.68876
0.22359,0.064608,-0.64652
0.21545,0.07016,-0.60327
0.20774,0.075246,-0.55984
0.20044,0.079864,-0.51645
0.19353,0.084018,-0.47365
0.18699,0.08771,-0.43161
0.18082,0.09095,-0.39069
0.17781,0.091988,-0.35513
0.1747,0.092941,-0.32785
0.17153,0.09383,-0.30667
0.16834,0.094669,-0.29009
0.16516,0.095462,-0.2771
0.16199,0.096213,-0.26692
0.15886,0.096922,-0.25901
0.15577,0.097587,-0.25295
0.15274,0.098204,-0.24845
0.14976,0.098772,-0.24524
0.16115,0.10126,-0.262
0.17335,0.10342,-0.27562
0.18637,0.10525,-0.28614
0.20019,0.10674,-0.29367
0.21481,0.10788,-0.29841
0.23022,0.10867,-0.30059
0.24641,0.10912,-0.30048
0.26338,0.10921,-0.29835
0.2811,0.10895,-0.29446
0.29959,0.10833,-0.28905
0.28339,0.093446,-0.23045
0.26703,0.079434,-0.18774
0.25068,0.066233,-0.15572
0.23448,0.053797,-0.13116
0.21852,0.042111,-0.11198
0.20288,0.031163,-0.096759
0.18763,0.020948,-0.084542
0.17281,0.011465,-0.074618
0.15847,0.0027157,-0.066513
0.14467,-0.0052998,-0.059836
0.17123,0.00055002,-0.084663
0.20056,0.0070991,-0.11291
0.23269,0.014327,-0.14402
0.26769,0.022219,-0.17737
0.3056,0.030767,-0.21243
0.34643,0.039972,-0.24877
0.39022,0.049842,-0.28604
0.43698,0.06039,-0.32401
0.4867,0.071639,-0.36255
0.53938,0.083613,-0.40159
0.4905,0.032336,-0.33473
0.44611,-0.014973,-0.28431
0.40618,-0.058552,-0.24458
0.37064,-0.098577,-0.21225
0.3394,-0.13519,-0.18529
0.31239,-0.16849,-0.16238
0.28954,-0.1986,-0.14266
0.27076,-0.22557,-0.12548
0.256,-0.2495,-0.11042
0.2452,-0.27045,-0.097134
0.26647,-0.27664,-0.071865
0.28953,-0.28179,-0.051777
0.31437,-0.28588,-0.036282
0.34103,-0.2889,-0.024888
0.36951,-0.29084,-0.017216
0.39983,-0.2917,-0.012931
0.43201,-0.29147,-0.011757
0.46609,-0.29016,-0.011133
0.50216,-0.28778,-0.0079582
0.54022,-0.28432,-0.0024228
0.52182,-0.27422,0.0058848
0.50433,-0.26469,0.015877
0.48767,-0.25567,0.027385
0.4718,-0.24712,0.04026
0.45665,-0.239,0.054358
0.44217,-0.23128,0.069576
0.42832,-0.22393,0.085792
0.41507,-0.21692,0.10293
0.40236,-0.21024,0.12089
0.39018,-0.20385,0.13962
0.40056,-0.20432,0.1579
0.41106,-0.20466,0.17688
0.42167,-0.20488,0.19645
0.43239,-0.20496,0.21655
0.44321,-0.2049,0.23709
0.45413,-0.20469,0.25802
0.46516,-0.20435,0.27924
0.47628,-0.20385,0.30073
0.4875,-0.20321,0.32237
0.49881,-0.2024,0.34417
0.45752,-0.16186,0.31657
0.41923,-0.12613,0.2934
0.38366,-0.094762,0.27322
0.3506,-0.067357,0.25525
0.31983,-0.043564,0.23893
0.2912,-0.023071,0.22394
0.26456,-0.0055977,0.21004
0.23977,0.0091122,0.19707
0.21673,0.021289,0.1849
0.19534,0.031147,0.17344
0.21179,0.037902,0.14639
0.22913,0.045034,0.1244
0.24735,0.052547,0.10634
0.26643,0.06045,0.091385
0.28638,0.068748,0.078899
0.30718,0.077453,0.068379
0.32883,0.086572,0.059462
0.35132,0.096115,0.05183
0.37465,0.10609,0.045266
0.39881,0.11651,0.039568
0.39003,0.13087,0.047818
0.38211,0.14449,0.054082
0.37504,0.15736,0.058677
0.36881,0.16949,0.061898
0.36342,0.18086,0.064033
0.35886,0.19148,0.065302
0.35511,0.20134,0.065898
0.35216,0.21044,0.065954
0.35001,0.21877,0.06559
0.34864,0.22633,0.064885
0.35086,0.20762,0.059402
0.35606,0.18487,0.05374
0.36424,0.15808,0.047977
0.37542,0.12726,0.042168
0.3896,0.092422,0.036369
0.40677,0.05358,0.03062
0.42695,0.01074,0.024971
0.45012,-0.036088,0.019458
0.47627,-0.086896,0.014131
0.50541,-0.14168,0.0090258
0.48973,-0.09629,-0.0065864
0.47609,-0.053132,-0.011419
0.46427,-0.012151,-0.014114
0.45404,0.026682,-0.023281
0.44542,0.063382,-0.037938
0.43842,0.097961,-0.057385
0.43305,0.13043,-0.081131
0.42931,0.1608,-0.10884
0.42722,0.18908,-0.14023
0.42677,0.21527,-0.17513
0.40082,0.19538,-0.20894
0.37602,0.17629,-0.24039
0.35234,0.15797,-0.26947
0.32975,0.14041,-0.29633
0.30822,0.12359,-0.32105
0.28774,0.10749,-0.34383
0.26826,0.092096,-0.36471
0.24977,0.077394,-0.38387
0.23224,0.063368,-0.40132
0.21565,0.050003,-0.41723
0.2194,0.03068,-0.37827
0.22398,0.010246,-0.34662
0.22941,-0.011289,-0.32026
0.23574,-0.033921,-0.29792
0.24298,-0.057645,-0.2786
0.25114,-0.082456,-0.26166
0.26023,-0.10835,-0.24656
0.27026,-0.13533,-0.23293
0.28122,-0.16338,-0.22049
0.29313,-0.19251,-0.20901
0.30331,-0.16257,-0.14713
0.31534,-0.13267,-0.10105
0.3292,-0.10262,-0.067014
0.34488,-0.072254,-0.042512
0.36237,-0.04145,-0.025831
0.38166,-0.01011,-0.015722
0.40275,0.021843,-0.011284
0.42567,0.05448,-0.011019
0.45059,0.087914,-0.0080018
0.47755,0.12219,-0.001093
0.49197,0.11954,-0.012926
0.50677,0.11692,-0.016015
0.52155,0.11418,-0.026339
0.53633,0.11133,-0.043177
0.55116,0.10841,-0.065049
0.56605,0.10542,-0.091
0.58101,0.1024,-0.12042
0.59604,0.099344,-0.1529
0.61113,0.096278,-0.18815
0.62626,0.093214,-0.22598
0.62275,0.097994,-0.23272
0.61942,0.10269,-0.24114
0.61627,0.1073,-0.25068
0.6133,0.11184,-0.26101
0.61052,0.11633,-0.27184
0.6079,0.12076,-0.28302
0.60546,0.12513,-0.29438
0.60319,0.12947,-0.30588
0.60108,0.13376,-0.31741
0.59913,0.13801,-0.32896
0.56399,0.1591,-0.36231
0.53119,0.17697,-0.39013
0.50056,0.19182,-0.41361
0.47199,0.20384,-0.4337
0.44536,0.21317,-0.45098
0.42058,0.21999,-0.46598
0.39755,0.22444,-0.47896
0.37622,0.22663,-0.49026
0.35651,0.2267,-0.49999
0.33836,0.22473,-0.50836
0.36382,0.24017,-0.50562
0.39021,0.25612,-0.50459
0.41755,0.27262,-0.50472
0.44585,0.28965,-0.50572
0.47513,0.30724,-0.50723
0.50537,0.32538,-0.50906
0.53659,0.34408,-0.511
0.56878,0.36334,-0.51293
0.60194,0.38315,-0.5147
0.63607,0.40353,-0.51627
0.603,0.37904,-0.44043
0.57187,0.35625,-0.38484
0.54262,0.33502,-0.34226
0.51513,0.31521,-0.30852
0.48929,0.29671,-0.28112
0.46499,0.27942,-0.25837
0.44212,0.26325,-0.23926
0.42058,0.24811,-0.22297
0.40027,0.23392,-0.20903
0.38113,0.22062,-0.19698
0.34252,0.18437,-0.19202
0.30738,0.14964,-0.18488
0.27559,0.11639,-0.17645
0.24706,0.084591,-0.16725
0.2217,0.054194,-0.15771
0.19941,0.025165,-0.14804
0.18013,-0.0025346,-0.13847
0.1638,-0.028939,-0.12906
0.15034,-0.054086,-0.11993
0.13972,-0.078008,-0.11108
0.14051,-0.05681,-0.063959
0.14233,-0.036524,-0.033079
0.1452,-0.016993,-0.014585
0.14914,0.0018975,-0.0058896
0.15417,0.020242,-0.004293
0.16058,0.038204,0.0010465
0.16839,0.055835,0.012166
0.17757,0.073147,0.028376
0.18811,0.090136,0.049101
0.19997,0.10679,0.073897
0.19135,0.096561,0.086164
0.18333,0.08644,0.099904
0.17589,0.076418,0.115
0.16901,0.066481,0.13142
0.16266,0.056619,0.14903
0.15684,0.046821,0.16781
0.15152,0.037079,0.18764
0.1467,0.027385,0.2085
0.14235,0.017731,0.23025
0.13848,0.0081107,0.25288
0.12432,0.028925,0.19998
0.11418,0.045115,0.15964
0.10761,0.057006,0.12793
0.10429,0.064849,0.10242
0.10399,0.068817,0.081446
0.10491,0.071385,0.063952
0.10354,0.077672,0.049232
0.099695,0.087819,0.03679
0.093279,0.10186,0.026307
0.084176,0.11987,0.017576
0.091021,0.10471,0.010609
0.096354,0.092243,0.0051846
0.10018,0.082418,0.0011607
0.10251,0.07518,-0.0015859
0.10333,0.070483,-0.0031479
0.10264,0.068284,-0.0035992
0.10204,0.066058,-0.0040696
0.10303,0.061425,-0.0055678
0.1056,0.054371,-0.0080751
0.10973,0.044874,-0.011589
0.10374,0.045268,-0.018571
0.097913,0.045451,-0.027265
0.092258,0.045416,-0.037427
0.086792,0.045161,-0.048877
0.081532,0.044682,-0.061461
0.07649,0.043974,-0.075075
0.071678,0.043036,-0.089616
0.067106,0.041864,-0.10503
0.062782,0.040456,-0.12124
0.058715,0.038811,-0.13821
0.042993,0.028585,-0.13439
0.029633,0.019929,-0.13073
0.018625,0.012804,-0.1271
0.0099561,0.0071674,-0.12349
0.0036104,0.0029817,-0.11983
-0.0005122,0.00033507,-0.11614
-0.002474,-0.00073447,-0.11243
-0.0031214,-0.00076837,-0.10871
-0.0057187,-0.001909,-0.10495
-0.010602,-0.0043926,-0.10118
-0.011281,-0.0070698,-0.10062
-0.011509,-0.010835,-0.10013
-0.0092945,-0.018765,-0.099651
-0.0045794,-0.03099,-0.099171
0.002723,-0.047678,-0.09866
0.01271,-0.069008,-0.098117
0.025478,-0.095153,-0.097541
0.041118,-0.12627,-0.096958
0.059711,-0.16251,-0.096384
0.081326,-0.20398,-0.095854
0.075669,-0.19173,-0.10106
0.07027,-0.18002,-0.10754
0.065121,-0.16882,-0.11516
0.060215,-0.15811,-0.12382
0.055545,-0.14787,-0.13345
0.051105,-0.13808,-0.144
0.046889,-0.12872,-0.15542
0.042892,-0.11978,-0.1677
0.039109,-0.11125,-0.18078
0.035535,-0.1031,-0.19468
0.034218,-0.075628,-0.15593
0.03052,-0.054775,-0.12351
0.024589,-0.039689,-0.096271
0.019196,-0.027909,-0.07342
0.018466,-0.01617,-0.05436
0.022037,-0.0041931,-0.038581
0.029698,0.0082755,-0.025712
0.041502,0.021474,-0.015514
0.057732,0.035579,-0.0079041
0.078828,0.050685,-0.0028856
0.075802,0.048028,-0.0072442
0.073195,0.04479,-0.013563
0.071029,0.040993,-0.021708
0.069326,0.036653,-0.031571
0.068108,0.03178,-0.043079
0.067397,0.026381,-0.056164
0.067213,0.020455,-0.070783
0.067573,0.013998,-0.086891
0.068494,0.0070054,-0.10445
0.069992,-0.00053363,-0.12343
0.063859,0.0010645,-0.077687
0.058085,0.0024607,-0.044273
0.052671,0.0036721,-0.021146
0.04762,0.0047117,-0.0068159
0.042933,0.0055897,-0.00016894
0.038587,0.0063183,0.0014401
0.034438,0.0069221,0.0078188
0.03045,0.0073985,0.019992
0.026607,0.0077412,0.037684
0.022889,0.007944,0.060755
0.027856,0.011198,0.038692
0.033257,0.014751,0.022148
0.039096,0.018628,0.010565
0.045381,0.022853,0.0036359
0.05212,0.027448,0.0012014
0.05941,0.032432,-0.0003818
0.067401,0.037825,-0.0062738
0.076132,0.043642,-0.016497
0.085641,0.049899,-0.031018
0.095964,0.056605,-0.049773
0.10211,0.06119,-0.06171
0.10868,0.06584,-0.074629
0.11569,0.070562,-0.08846
0.12313,0.075363,-0.10315
0.13102,0.080251,-0.11862
0.13936,0.085233,-0.13485
0.1481,0.090401,-0.15176
0.15716,0.0959,-0.16933
0.16654,0.10174,-0.1875
0.17625,0.10791,-0.20626
0.16597,0.10164,-0.19814
0.15598,0.095517,-0.1903
0.14629,0.089545,-0.18263
0.13688,0.083724,-0.17511
0.12777,0.078055,-0.16768
0.11895,0.072541,-0.16034
0.11043,0.067188,-0.15307
0.10221,0.062001,-0.14587
0.094279,0.056987,-0.13872
0.086648,0.052152,-0.13166
0.092231,0.054689,-0.14305
0.097712,0.057582,-0.15504
0.10363,0.059938,-0.1676
0.11001,0.061703,-0.18074
0.11683,0.062873,-0.19444
0.12409,0.063444,-0.2087
0.13177,0.063416,-0.22352
0.13988,0.062787,-0.2389
0.14839,0.061555,-0.25481
0.1573,0.05972,-0.27127
0.15897,0.069865,-0.24951
0.16129,0.079071,-0.23025
0.16429,0.08732,-0.21299
0.16797,0.094599,-0.19737
0.17236,0.1009,-0.18311
0.17748,0.10622,-0.16999
0.18335,0.11058,-0.15784
0.18922,0.11521,-0.14655
0.19461,0.12095,-0.13602
0.19952,0.12784,-0.12615
0.19941,0.12457,-0.14616
0.19898,0.12192,-0.16712
0.19822,0.11986,-0.18903
0.19711,0.11841,-0.2119
0.19589,0.11716,-0.23573
0.19499,0.11537,-0.26052
0.19442,0.11302,-0.28628
0.19416,0.11011,-0.31304
0.1942,0.10664,-0.34076
0.19453,0.10261,-0.36949
0.21278,0.11773,-0.35955
0.23246,0.13307,-0.34985
0.25357,0.14862,-0.34031
0.27612,0.16439,-0.33099
0.30012,0.18037,-0.32182
0.32557,0.19655,-0.31285
0.35235,0.21311,-0.30403
0.38005,0.23079,-0.29541
0.40861,0.24963,-0.28697
0.43803,0.26966,-0.27872
0.41787,0.26069,-0.24361
0.39776,0.25252,-0.21193
0.37772,0.24513,-0.18323
0.35774,0.23849,-0.15718
0.33785,0.2326,-0.13357
0.31803,0.22744,-0.1122
0.29831,0.223,-0.092959
0.27869,0.21928,-0.075721
0.25917,0.21626,-0.060419
0.23977,0.21393,-0.046965
0.25264,0.19622,-0.034255
0.26288,0.1828,-0.025095
0.27055,0.17353,-0.018464
0.27573,0.16833,-0.013655
0.27845,0.16712,-0.010203
0.28114,0.1659,-0.0078121
0.28615,0.16074,-0.0063051
0.29347,0.15167,-0.0055156
0.3031,0.13868,-0.005327
0.31503,0.12177,-0.0056472
0.32414,0.14908,-0.0075105
0.33584,0.17349,-0.0099291
0.35008,0.19504,-0.01259
0.36681,0.21373,-0.015328
0.38598,0.22955,-0.01807
0.40717,0.24315,-0.020772
0.42752,0.25928,-0.023335
0.44642,0.27889,-0.025739
0.46385,0.30198,-0.027992
0.47977,0.32858,-0.030103
0.47155,0.32992,-0.035468
0.46309,0.33157,-0.041051
0.45437,0.33355,-0.04678
0.4454,0.33586,-0.052608
0.43618,0.3385,-0.058499
0.42671,0.34147,-0.06443
0.417,0.34478,-0.070378
0.40704,0.34843,-0.076326
0.39684,0.35243,-0.082255
0.38639,0.35678,-0.088152
0.39279,0.33341,-0.10407
0.39744,0.31247,-0.12212
0.40036,0.29394,-0.14225
0.40154,0.27782,-0.1644
0.401,0.26411,-0.1885
0.39876,0.2528,-0.21454
0.39482,0.2439,-0.24245
0.38919,0.2374,-0.27222
0.38198,0.23311,-0.3038
0.37521,0.22763,-0.33731
0.35864,0.21881,-0.3309
0.34301,0.2101,-0.32168
0.32825,0.20148,-0.31032
0.31432,0.19293,-0.29744
0.30097,0.18479,-0.28342
0.28806,0.17723,-0.26861
0.27553,0.17028,-0.25325
0.26336,0.16391,-0.23757
0.25151,0.15812,-0.22173
0.23995,0.1529,-0.20587
0.22398,0.14419,-0.18926
0.20832,0.13585,-0.17551
0.19303,0.1279,-0.1639
0.17815,0.12034,-0.15395
0.16368,0.11317,-0.14529
0.14966,0.10639,-0.13765
0.13611,0.099996,-0.13087
0.12303,0.093989,-0.12477
0.11043,0.08837,-0.11926
0.098318,0.083135,-0.11425
0.10002,0.088082,-0.1189
0.10166,0.093305,-0.12374
0.10324,0.098805,-0.12876
0.10477,0.10458,-0.13397
0.10624,0.11064,-0.13937
0.10766,0.11698,-0.14494
0.10903,0.12361,-0.1507
0.11035,0.13051,-0.15664
0.11163,0.1377,-0.16276
0.11287,0.14517,-0.16906
0.11955,0.16196,-0.12866
0.12545,0.17959,-0.095854
0.13064,0.19809,-0.06969
0.13517,0.21745,-0.049428
0.13908,0.23769,-0.034492
0.14243,0.25881,-0.024397
0.14523,0.28083,-0.018756
0.14753,0.30375,-0.017232
0.14953,0.32767,-0.016308
0.15147,0.3527,-0.011854
0.1418,0.32241,-0.011416
0.13274,0.29358,-0.010948
0.12425,0.26621,-0.010482
0.11629,0.24028,-0.010018
0.1088,0.21578,-0.0095518
0.10177,0.19272,-0.0090629
0.09513,0.17106,-0.0085356
0.088862,0.15082,-0.0079463
0.082922,0.13199,-0.007275
0.077276,0.11456,-0.0064973
0.06973,0.11234,-0.0044395
0.062445,0.11047,0.000379
0.055399,0.10893,0.0079698
0.048574,0.10773,0.018339
0.041949,0.10683,0.031479
0.035503,0.10625,0.047383
0.029215,0.10595,0.066032
0.023065,0.10594,0.087415
0.017033,0.10619,0.1115
0.011098,0.1067,0.13827
0.022131,0.12714,0.1299
0.035389,0.15004,0.12138
0.050898,0.17543,0.11272
0.068685,0.20337,0.10399
0.088778,0.2339,0.095218
0.11121,0.26707,0.086488
0.136,0.30291,0.077844
0.16318,0.34145,0.06936
0.19279,0.38272,0.06109
0.22485,0.42674,0.0531
0.18061,0.37754,0.06283
0.1406,0.33274,0.070648
0.10474,0.29213,0.076921
0.072955,0.25548,0.081938
0.045154,0.22261,0.08592
0.021252,0.19331,0.089042
0.0011612,0.16743,0.091434
-0.015204,0.1448,0.093213
-0.027929,0.12526,0.094459
-0.037095,0.10866,0.095251
-0.037856,0.10485,0.089553
-0.038482,0.10117,0.085081
-0.038979,0.097609,0.08159
-0.039352,0.094168,0.078902
-0.039606,0.090838,0.076874
-0.039745,0.087614,0.075402
-0.039774,0.084492,0.074398
-0.039694,0.081469,0.073798
-0.039509,0.078541,0.073548
-0.039219,0.075708,0.073607
-0.042213,0.079285,0.079834
-0.045211,0.082991,0.086191
-0.04821,0.086828,0.092669
-0.051207,0.090796,0.09926
-0.054203,0.094897,0.10595
-0.057195,0.099133,0.11274
-0.060182,0.10351,0.11961
-0.063159,0.10801,0.12656
-0.066125,0.11266,0.13359
-0.069075,0.11745,0.14069
-0.07696,0.13406,0.10844
-0.085927,0.15212,0.08131
-0.096144,0.17154,0.058526
-0.10759,0.19239,0.039531
-0.12025,0.21469,0.023893
-0.1341,0.23849,0.011263
-0.14913,0.26382,0.0013539
-0.16532,0.29073,-0.0060874
-0.18265,0.31924,-0.011278
-0.20111,0.34937,-0.014411
-0.19002,0.34484,-0.013403
-0.18237,0.33826,-0.012684
-0.17681,0.33039,-0.012109
-0.16827,0.32404,-0.011412
-0.15626,0.31951,-0.010576
-0.1408,0.31682,-0.0099359
-0.12192,0.31601,-0.0096197
-0.099619,0.31709,-0.0097132
-0.073906,0.32008,-0.010293
-0.044781,0.32503,-0.011428
-0.049959,0.36008,-0.014551
-0.05537,0.39714,-0.017882
-0.061011,0.43623,-0.021322
-0.066878,0.47737,-0.024799
-0.072968,0.52055,-0.028261
-0.079277,0.56579,-0.031679
-0.085802,0.61308,-0.035028
-0.092541,0.66244,-0.038299
-0.09949,0.71386,-0.041476
-0.10665,0.76734,-0.044557
-0.094397,0.7675,-0.036063
-0.082253,0.76797,-0.029412
-0.070223,0.76871,-0.024024
-0.05831,0.76972,-0.019571
-0.046515,0.77099,-0.015843
-0.03484,0.7725,-0.012734
-0.023285,0.77424,-0.010161
-0.011851,0.77619,-0.0081192
-0.00053828,0.77835,-0.006563
0.010653,0.78069,-0.0054767
0.009219,0.67666,-0.0080673
0.0076596,0.58239,-0.012017
0.0060523,0.49719,-0.01711
0.0044574,0.42046,-0.023225
0.0029216,0.35166,-0.030272
0.0014811,0.29029,-0.03819
0.00016315,0.23591,-0.046928
-0.0010113,0.18812,-0.056449
-0.0020278,0.14653,-0.066719
-0.0028747,0.11078,-0.077715
-0.007992,0.11613,-0.068419
-0.013164,0.12169,-0.060312
-0.018396,0.12746,-0.053209
-0.023689,0.13346,-0.046968
-0.029048,0.13969,-0.041467
-0.034473,0.14613,-0.03661
-0.039966,0.15281,-0.032313
-0.045526,0.15971,-0.028508
-0.051154,0.16684,-0.025138
-0.056849,0.1742,-0.022152
-0.051396,0.19459,-0.023914
-0.043722,0.21695,-0.025443
-0.033775,0.24132,-0.026708
-0.021505,0.26771,-0.027689
-0.0068636,0.29615,-0.028385
0.010196,0.32667,-0.028806
0.029719,0.35928,-0.028976
0.051748,0.39401,-0.028928
0.076324,0.43087,-0.028702
0.10349,0.46987,-0.028338
0.085009,0.44348,-0.054523
0.067699,0.41773,-0.088898
0.051558,0.39265,-0.13006
0.036583,0.36824,-0.17712
0.022767,0.34452,-0.22944
0.010102,0.32151,-0.28659
-0.0014202,0.29919,-0.3482
-0.011804,0.27759,-0.41405
-0.021058,0.2567,-0.48383
-0.029175,0.23654,-0.55744
0.01078,0.2335,-0.52417
0.054777,0.23367,-0.49644
0.10291,0.23703,-0.4725
0.15528,0.24361,-0.45146
0.21202,0.25344,-0.43244
0.27325,0.26657,-0.415
0.3391,0.28307,-0.39866
0.40968,0.30298,-0.3832
0.48513,0.32637,-0.36833
0.56557,0.35332,-0.35393
0.49877,0.33602,-0.30397
0.43508,0.32167,-0.26463
0.37438,0.31026,-0.23257
0.31656,0.30176,-0.20578
0.26152,0.29616,-0.18297
0.20919,0.29341,-0.1632
0.15948,0.29349,-0.14591
0.11232,0.29635,-0.13061
0.067644,0.30198,-0.11702
0.025398,0.31036,-0.10484
0.020178,0.30614,-0.10379
0.01529,0.30219,-0.10215
0.010717,0.29848,-0.10013
0.0064375,0.295,-0.097829
0.0024353,0.29173,-0.095369
-0.0013071,0.28867,-0.092802
-0.0048053,0.28578,-0.090199
-0.0080746,0.28308,-0.087581
-0.011128,0.28053,-0.084993
-0.01398,0.27814,-0.082438
-0.02677,0.26664,-0.083404
-0.038378,0.25582,-0.08454
-0.048814,0.24566,-0.085858
-0.058086,0.23615,-0.087334
-0.066201,0.2273,-0.088975
-0.073167,0.21909,-0.090767
-0.078991,0.21151,-0.092722
-0.083674,0.20455,-0.094832
-0.087224,0.19822,-0.097102
-0.089644,0.1925,-0.099525
-0.0774,0.18278,-0.086735
-0.063595,0.17434,-0.075734
-0.048285,0.16715,-0.066191
-0.031499,0.1612,-0.057853
-0.013252,0.15648,-0.050536
0.0064641,0.153,-0.044089
0.027672,0.15078,-0.038403
0.050409,0.14983,-0.033382
0.074728,0.15018,-0.028959
0.10069,0.15185,-0.02507
0.10714,0.16106,-0.029635
0.11391,0.1706,-0.034296
0.12102,0.18048,-0.039019
0.12845,0.1907,-0.043773
0.13622,0.20126,-0.048546
0.14433,0.21216,-0.053327
0.15278,0.2234,-0.05812
0.16158,0.23499,-0.062924
0.17072,0.24692,-0.067749
0.18021,0.25919,-0.072604
0.19802,0.26606,-0.089117
0.21638,0.27321,-0.10415
0.2353,0.28067,-0.11746
0.25478,0.28844,-0.12899
0.2748,0.29654,-0.13876
0.29535,0.30497,-0.1469
0.31645,0.31375,-0.15351
0.33809,0.32287,-0.15873
0.36027,0.33234,-0.16267
0.383,0.34216,-0.16545
0.409,0.36162,-0.10718
0.43582,0.381,-0.069258
0.46351,0.4005,-0.044628
0.49212,0.42024,-0.028933
0.52167,0.44031,-0.019382
0.55218,0.46074,-0.014159
0.58365,0.48155,-0.01205
0.61609,0.50275,-0.012154
0.6495,0.52438,-0.011836
0.68387,0.54643,-0.010356
0.67594,0.54281,-0.011148
0.66807,0.53913,-0.011567
0.66026,0.5354,-0.011797
0.65251,0.5316,-0.01194
0.64482,0.52775,-0.012048
0.63718,0.52385,-0.012162
0.62959,0.51989,-0.012301
0.62206,0.51588,-0.012486
0.61457,0.51182,-0.012722
0.60712,0.50772,-0.013018
0.63421,0.52943,-0.014751
0.66195,0.55151,-0.015979
0.69033,0.57395,-0.016853
0.71936,0.59675,-0.017415
0.74904,0.61988,-0.017654
0.77938,0.64334,-0.017565
0.81038,0.66713,-0.017116
0.84205,0.69123,-0.016296
0.8744,0.71563,-0.015065
0.90743,0.74032,-0.013406
0.85172,0.69914,-0.029033
0.79794,0.66012,-0.031209
0.74571,0.62285,-0.037442
0.69492,0.58717,-0.050425
0.64561,0.55302,-0.068609
0.59778,0.52034,-0.091008
0.55144,0.48907,-0.11691
0.5066,0.45916,-0.1458
0.46325,0.43055,-0.17723
0.42141,0.4032,-0.2109
0.42371,0.4066,-0.245
0.42571,0.40992,-0.28247
0.42742,0.41318,-0.32302
0.42883,0.41637,-0.36644
0.42995,0.4195,-0.41245
0.43078,0.42257,-0.46091
0.43132,0.42558,-0.51153
0.43158,0.42853,-0.56424
0.43157,0.43142,-0.61873
0.43128,0.43425,-0.67499
0.45738,0.4656,-0.55467
0.48296,0.49722,-0.46501
0.50837,0.52931,-0.3955
0.53382,0.56198,-0.34008
0.55946,0.59527,-0.29483
0.58538,0.62924,-0.25728
0.61164,0.66389,-0.22578
0.63829,0.69924,-0.19917
0.66536,0.73529,-0.17668
0.6929,0.77204,-0.15769
0.66177,0.73896,-0.11615
0.63175,0.70693,-0.08493
0.60278,0.6759,-0.062856
0.57478,0.64581,-0.048977
0.54773,0.61662,-0.042528
0.52179,0.5884,-0.038371
0.49733,0.56127,-0.028296
0.47425,0.5352,-0.012581
0.45248,0.51013,0.0083523
0.43194,0.48604,0.034175
0.43013,0.47174,0.014732
0.42859,0.45808,0.001526
0.42719,0.445,-0.0077866
0.42586,0.43244,-0.014518
0.42457,0.42034,-0.019478
0.42329,0.40868,-0.023147
0.42202,0.39744,-0.025849
0.42074,0.38658,-0.027785
0.41944,0.3761,-0.029106
0.41813,0.36597,-0.02991
0.38025,0.36059,-0.029053
0.34363,0.3562,-0.029487
0.30814,0.35273,-0.032446
0.27379,0.35018,-0.037366
0.24055,0.34853,-0.043882
0.20841,0.34778,-0.051727
0.17733,0.3479,-0.060717
0.1473,0.3489,-0.070703
0.11831,0.35076,-0.081575
0.090332,0.35347,-0.093238
0.0983,0.38969,-0.10493
0.10645,0.42793,-0.11878
0.1148,0.46818,-0.13482
0.12336,0.51043,-0.15309
0.13214,0.55466,-0.17356
0.14117,0.60083,-0.19623
0.15047,0.64893,-0.22105
0.16007,0.6989,-0.24798
0.17,0.75071,-0.27695
0.1803,0.8043,-0.30796
0.20254,0.78525,-0.23671
0.22333,0.76688,-0.18127
0.24294,0.74922,-0.13756
0.26153,0.73223,-0.10326
0.27922,0.71588,-0.076943
0.29612,0.70012,-0.057672
0.3123,0.6849,-0.04481
0.32784,0.67018,-0.037879
0.34279,0.65592,-0.036107
0.35744,0.64239,-0.031882
0.31232,0.61405,-0.032498
0.26989,0.58695,-0.031246
0.23003,0.56103,-0.029325
0.19264,0.53619,-0.028061
0.15768,0.51243,-0.027366
0.12508,0.48972,-0.027097
0.094811,0.46804,-0.02717
0.066814,0.44738,-0.027527
0.041044,0.42771,-0.028128
0.01746,0.40903,-0.02894
0.017134,0.39305,-0.019618
0.017054,0.37723,-0.017209
0.017333,0.36194,-0.012708
0.017952,0.34726,-0.0040764
0.018851,0.33315,0.0078717
0.019979,0.31957,0.022592
0.021293,0.30651,0.039692
0.022758,0.29393,0.058901
0.024339,0.28183,0.079995
0.026006,0.27019,0.10282
0.059656,0.29622,0.11582
0.099409,0.32477,0.12847
0.14556,0.35595,0.14061
0.19839,0.38985,0.1522
0.25818,0.42657,0.16314
0.32517,0.46622,0.17343
0.39959,0.50889,0.18301
0.48166,0.55465,0.19187
0.57157,0.6036,0.19995
0.66947,0.65579,0.20721
0.60945,0.65138,0.14959
0.55149,0.64928,0.10843
0.49548,0.64911,0.077273
0.44132,0.65068,0.052671
0.38893,0.65384,0.03274
0.33823,0.65853,0.01636
0.28914,0.66467,0.0028651
0.24161,0.67223,-0.0081907
0.19559,0.68116,-0.017094
0.15104,0.69146,-0.024063
0.15205,0.74592,-0.02636
0.15273,0.80243,-0.029117
0.15309,0.86096,-0.032224
0.15317,0.92148,-0.035594
0.15297,0.98395,-0.039149
0.15255,1.0483,-0.042837
0.15192,1.1146,-0.046611
0.15111,1.1827,-0.050447
0.15016,1.2527,-0.054319
0.1491,1.3244,-0.058223
0.10918,1.2032,-0.050217
0.073053,1.0916,-0.04292
0.040643,0.98878,-0.036221
0.011852,0.89402,-0.030027
-0.013413,0.80673,-0.024219
-0.035253,0.72637,-0.018739
-0.053768,0.65248,-0.013537
-0.06906,0.58462,-0.008585
-0.081228,0.52244,-0.0038583
-0.090373,0.46557,0.00065983
-0.089865,0.49026,0.015565
-0.089014,0.51586,0.034413
-0.087801,0.54235,0.057047
-0.086212,0.56971,0.08333
-0.084234,0.59791,0.11312
-0.081864,0.62695,0.14632
-0.079096,0.65678,0.18279
-0.075929,0.68738,0.22246
-0.072355,0.71871,0.26518
-0.06837,0.75075,0.31089
-0.11437,0.74823,0.22337
-0.15548,0.74861,0.15666
-0.19196,0.75152,0.10447
-0.22406,0.7567,0.063207
-0.25197,0.764,0.030651
-0.27582,0.7733,0.0053705
-0.29576,0.78451,-0.013588
-0.31189,0.79758,-0.026904
-0.32428,0.81244,-0.03506
-0.33301,0.82907,-0.038432
-0.30269,0.75776,-0.034634
-0.27276,0.69291,-0.030659
-0.24309,0.63393,-0.026822
-0.21358,0.58029,-0.023223
-0.18411,0.53155,-0.01987
-0.15459,0.4873,-0.016748
-0.12494,0.44718,-0.013831
-0.095087,0.4109,-0.011095
-0.064951,0.37818,-0.0085181
-0.034467,0.34877,-0.006084
-0.014404,0.32014,-0.0051715
0.0050365,0.29366,-0.0043269
0.023892,0.26923,-0.0035475
0.042198,0.24678,-0.0028319
0.059987,0.22623,-0.0021776
0.077292,0.2075,-0.0015835
0.094141,0.19052,-0.0010473
0.11056,0.17524,-0.00056889
0.12658,0.16161,-0.00014631
0.14222,0.14958,0.00022009
0.16413,0.17126,0.0086555
0.18789,0.19501,0.02117
0.21354,0.22087,0.037498
0.24115,0.2489,0.057387
0.27077,0.27911,0.080603
0.30246,0.31152,0.10692
0.33629,0.34615,0.13615
0.37229,0.38301,0.16814
0.41053,0.42207,0.2027
0.45104,0.46333,0.23975
0.40387,0.4229,0.20205
0.35913,0.38513,0.17347
0.31686,0.3498,0.15086
0.2771,0.31675,0.13243
0.23986,0.28586,0.11705
0.20514,0.25706,0.10401
0.17296,0.23024,0.092821
0.14332,0.20536,0.08314
0.11622,0.18235,0.074709
0.09166,0.16116,0.067332
0.093926,0.18934,0.054427
0.095686,0.22065,0.042203
0.096922,0.25519,0.030753
0.097621,0.29306,0.020162
0.097771,0.33431,0.010526
0.097364,0.37902,0.0019329
0.096395,0.42725,-0.0055259
0.094862,0.47902,-0.011769
0.09277,0.53436,-0.016717
0.090122,0.59329,-0.020301
0.081252,0.63767,-0.014049
0.071855,0.68405,-2.485e-05
0.061958,0.73231,0.019786
0.051585,0.78239,0.044119
0.040756,0.83421,0.072173
0.029493,0.88772,0.10342
0.017817,0.94285,0.13748
0.0057457,0.99954,0.17409
-0.0067003,1.0577,0.213
-0.019504,1.1174,0.25401
-0.020166,1.1342,0.16567
-0.020898,1.1524,0.10464
-0.021708,1.1716,0.060667
-0.022593,1.1916,0.028425
-0.023551,1.2124,0.0049575
-0.024573,1.2338,-0.011477
-0.025653,1.2558,-0.021953
-0.026784,1.2783,-0.027222
-0.027965,1.3014,-0.028179
-0.029265,1.3248,-0.031156
0.0027329,1.2109,-0.035953
0.031864,1.1059,-0.043487
0.058409,1.0091,-0.052897
0.082611,0.91972,-0.063684
0.10468,0.83713,-0.075484
0.12478,0.76082,-0.088053
0.14308,0.6903,-0.10118
0.15972,0.62518,-0.11471
0.1748,0.56507,-0.12851
0.18843,0.50965,-0.1425
0.19466,0.53634,-0.15478
0.20104,0.56356,-0.16725
0.2076,0.59127,-0.17982
0.21435,0.61942,-0.19248
0.2213,0.648,-0.20512
0.22848,0.67696,-0.21774
0.23589,0.70626,-0.23024
0.24356,0.73588,-0.24262
0.2515,0.76577,-0.25478
0.25972,0.79591,-0.26672
0.207,0.80007,-0.37091
0.15637,0.8056,-0.47747
0.10776,0.81248,-0.58574
0.061119,0.82066,-0.69577
0.0164,0.83013,-0.80743
-0.0264,0.84086,-0.92093
-0.06732,0.85281,-1.0358
-0.10636,0.86596,-1.1523
-0.14355,0.88031,-1.2696
-0.17888,0.89583,-1.3878
-0.1755,0.87772,-1.274
-0.17246,0.85854,-1.1937
-0.16961,0.83863,-1.1318
-0.16683,0.8182,-1.0815
-0.16411,0.79737,-1.0385
-0.1614,0.77623,-1.0005
-0.1587,0.75486,-0.96607
-0.156,0.73331,-0.93443
-0.1533,0.71163,-0.90505
-0.15058,0.68986,-0.87753
-0.13629,0.71271,-0.79038
-0.12053,0.73605,-0.71532
-0.10328,0.75992,-0.64927
-0.084497,0.78437,-0.59006
-0.064151,0.80941,-0.53655
-0.04222,0.83506,-0.48765
-0.018688,0.86132,-0.44291
0.0064668,0.8882,-0.40171
0.033261,0.9157,-0.36389
0.061714,0.94382,-0.32903
0.015474,0.89947,-0.29975
-0.026249,0.85796,-0.27517
-0.063482,0.81916,-0.2542
-0.096252,0.78297,-0.23596
-0.12459,0.74929,-0.22002
-0.14853,0.71803,-0.20592
-0.16809,0.6891,-0.19344
-0.1833,0.66243,-0.18228
-0.1942,0.63793,-0.17232
-0.20081,0.61554,-0.16334
-0.21826,0.67156,-0.17309
-0.23645,0.73012,-0.18137
-0.25534,0.79118,-0.1885
-0.27493,0.8547,-0.1947
-0.29522,0.92065,-0.20025
-0.31616,0.98898,-0.20531
-0.33777,1.0597,-0.21009
-0.36001,1.1326,-0.21468
-0.38288,1.2079,-0.21922
-0.40634,1.2854,-0.22376
-0.3821,1.2436,-0.26364
-0.35771,1.2044,-0.29862
-0.33312,1.1675,-0.32996
-0.3083,1.1329,-0.3586
-0.28322,1.1003,-0.38516
-0.25783,1.0695,-0.41007
-0.23212,1.0404,-0.43355
-0.20604,1.013,-0.45579
-0.17959,0.98709,-0.47682
-0.15274,0.96261,-0.49673
-0.095953,0.83357,-0.44927
-0.0443,0.71865,-0.41471
0.0027066,0.61662,-0.38774
0.04549,0.52633,-0.36567
0.084418,0.44678,-0.34697
0.11982,0.37709,-0.33075
0.15197,0.31648,-0.31643
0.18115,0.26427,-0.30365
0.20756,0.21986,-0.29214
0.23142,0.18274,-0.28171
0.1927,0.18151,-0.21682
0.15676,0.1804,-0.16754
0.12351,0.17965,-0.12947
0.092913,0.17942,-0.099751
0.064937,0.1798,-0.076493
0.039553,0.18087,-0.058323
0.016743,0.18267,-0.044293
-0.0035106,0.18525,-0.033659
-0.021221,0.18863,-0.025901
-0.0364,0.19285,-0.020587
-0.037381,0.21006,-0.032378
-0.038215,0.22794,-0.04837
-0.038916,0.24655,-0.067957
-0.039492,0.26593,-0.090553
-0.03995,0.28612,-0.11569
-0.040295,0.30719,-0.14293
-0.040529,0.32914,-0.17194
-0.040653,0.35201,-0.20247
-0.040664,0.37582,-0.23432
-0.040562,0.40056,-0.26736
-0.047274,0.39809,-0.17602
-0.053103,0.39363,-0.11267
-0.058193,0.38775,-0.070016
-0.062643,0.38078,-0.043508
-0.06652,0.37298,-0.030143
-0.069894,0.36459,-0.026608
-0.072976,0.35673,-0.017801
-0.075815,0.3496,-0.00049343
-0.078401,0.34315,0.024474
-0.080729,0.33731,0.056471
-0.078089,0.33545,0.050882
-0.075375,0.33365,0.046953
-0.072581,0.33186,0.044217
-0.069705,0.33008,0.042385
-0.066746,0.32829,0.04121
-0.063703,0.32648,0.040544
-0.060574,0.32464,0.040248
-0.057359,0.32278,0.04024
-0.054059,0.3209,0.040438
-0.050672,0.31898,0.040797
-0.050635,0.3231,0.017365
-0.05067,0.32772,0.00095585
-0.050758,0.33275,-0.009981
-0.050883,0.33809,-0.016536
-0.051035,0.3437,-0.019507
-0.051201,0.34949,-0.020104
-0.051348,0.35524,-0.022473
-0.051474,0.36092,-0.027018
-0.051582,0.36656,-0.033479
-0.051675,0.37218,-0.04165
-0.056042,0.33308,-0.052082
-0.05887,0.29754,-0.063117
-0.060216,0.26529,-0.074215
-0.06013,0.2361,-0.085068
-0.05866,0.20974,-0.095489
-0.055847,0.18601,-0.10538
-0.05173,0.16471,-0.11468
-0.046406,0.14566,-0.12337
-0.042165,0.12798,-0.13141
-0.04005,0.11121,-0.13884
-0.036944,0.10994,-0.12611
-0.034729,0.10814,-0.11541
-0.033414,0.10586,-0.10627
-0.031983,0.10347,-0.098359
-0.02959,0.10126,-0.09142
-0.026243,0.099256,-0.085272
-0.021947,0.097492,-0.079752
-0.016709,0.095987,-0.074756
-0.010532,0.094762,-0.070185
-0.0034187,0.093834,-0.065974
-0.010473,0.11896,-0.05052
-0.018522,0.14745,-0.037424
-0.027606,0.17945,-0.026551
-0.03776,0.21513,-0.01776
-0.04902,0.25462,-0.010891
-0.061415,0.29807,-0.0057504
-0.074973,0.34558,-0.0021304
-0.089715,0.39726,0.00019266
-0.10566,0.45319,0.0015917
-0.12283,0.51344,0.0038897
-0.10024,0.47347,0.0041378
-0.077757,0.43702,0.0044892
-0.05537,0.40376,0.0049551
-0.03306,0.3734,0.0052249
-0.010805,0.3457,0.0051001
0.011418,0.32043,0.0045613
0.033638,0.29739,0.0035863
0.055884,0.27644,0.0021491
0.078191,0.25741,0.00022211
0.10059,0.24019,-0.002222
0.093769,0.25635,0.00032501
0.08676,0.27321,0.0029995
0.079572,0.29076,0.0056559
0.072205,0.30901,0.008167
0.064663,0.32794,0.010427
0.056948,0.34757,0.012343
0.049063,0.36789,0.013846
0.041011,0.38886,0.01535
0.032797,0.41045,0.017447
0.024424,0.43265,0.02013
0.02969,0.41886,0.018578
0.03479,0.40564,0.017531
0.039736,0.39296,0.016805
0.044537,0.3808,0.016264
0.049202,0.36913,0.015624
0.05374,0.35793,0.014831
0.058157,0.34717,0.013937
0.062461,0.33682,0.01297
0.066657,0.32686,0.011957
0.070751,0.31727,0.01091
0.052482,0.29568,0.01055
0.035908,0.27561,0.0099896
0.021014,0.25698,0.0093292
0.0077834,0.23971,0.0086228
-0.0037982,0.22373,0.0079078
-0.013746,0.20897,0.0072014
-0.022074,0.19537,0.0065184
-0.028794,0.18288,0.0058638
-0.033921,0.17143,0.0052574
-0.037463,0.16098,0.0047175
-0.03658,0.16282,0.0038218
-0.035606,0.1647,0.0011545
-0.034542,0.16662,-0.0031715
-0.033391,0.16855,-0.0090167
-0.032154,0.1705,-0.016263
-0.030832,0.17245,-0.024816
-0.029428,0.17439,-0.034593
-0.027943,0.17631,-0.045531
-0.026377,0.1782,-0.057565
-0.024733,0.18005,-0.070656
-0.022316,0.16985,-0.051229
-0.019952,0.16004,-0.035353
-0.017645,0.1506,-0.0227
-0.015395,0.1415,-0.013038
-0.013206,0.13272,-0.0061912
-0.01108,0.12426,-0.0020284
-0.0090175,0.11609,-0.00044872
-0.0070185,0.1082,0.00019969
-0.0050768,0.10063,0.0032455
-0.0031942,0.093369,0.0087474
0.0023462,0.089212,0.00090976
0.0081723,0.08549,-0.0012557
0.014286,0.08205,-0.0051532
0.020693,0.078762,-0.014512
0.027407,0.07555,-0.029218
0.034435,0.072355,-0.049188
0.041784,0.069129,-0.074354
0.049455,0.065837,-0.10466
0.057449,0.062458,-0.14007
0.065764,0.058977,-0.18053
0.058038,0.061696,-0.16986
0.050632,0.064673,-0.16006
0.043532,0.067899,-0.15098
0.036724,0.071366,-0.14253
0.030195,0.075066,-0.13461
0.023936,0.078996,-0.12717
0.017935,0.083148,-0.12015
0.012183,0.087522,-0.11351
0.0066734,0.092114,-0.1072
0.0013982,0.09693,-0.10119
-0.0056201,0.095541,-0.11174
-0.011656,0.094491,-0.12258
-0.016727,0.093766,-0.13372
-0.020842,0.093356,-0.14517
-0.024012,0.093245,-0.15693
-0.026238,0.093424,-0.16901
-0.02752,0.093884,-0.1814
-0.028074,0.094562,-0.19411
-0.029323,0.095068,-0.2071
-0.031534,0.09533,-0.22039
-0.023839,0.065114,-0.18407
-0.017697,0.040583,-0.15448
-0.012988,0.021578,-0.1301
-0.0096062,0.0079252,-0.10984
-0.0074665,-0.00056644,-0.092899
-0.00651,-0.0040859,-0.078607
-0.0061516,-0.0049543,-0.06631
-0.0046261,-0.010114,-0.055255
-0.0018824,-0.020123,-0.045048
0.0020355,-0.035127,-0.035505
0.0024909,-0.035452,-0.059773
0.0029387,-0.03589,-0.090044
0.0033782,-0.036418,-0.12634
0.0038062,-0.03701,-0.16861
0.0042156,-0.037639,-0.2167
0.0045978,-0.038272,-0.27036
0.0049421,-0.038879,-0.3292
0.0052369,-0.039423,-0.39282
0.0054697,-0.039873,-0.46067
0.0056281,-0.04018,-0.53229
0.0048252,-0.032839,-0.44991
0.003989,-0.026303,-0.38411
0.0031474,-0.020511,-0.33033
0.0023222,-0.015436,-0.28573
0.0015474,-0.011073,-0.24821
0.00094833,-0.0074002,-0.21631
0.00056293,-0.0044334,-0.18894
0.00040727,-0.0021949,-0.16527
0.00049595,-0.00071272,-0.14465
0.00084058,-6.4571e-06,-0.12655
2.7931e-05,0.00029849,-0.11957
-0.00045982,0.0011004,-0.11249
-0.00084035,0.002331,-0.10541
-0.0017109,0.0038344,-0.098371
-0.0031057,0.0056054,-0.091445
-0.0050272,0.007655,-0.084658
-0.007481,0.0099999,-0.078058
-0.010475,0.012662,-0.07165
-0.01402,0.015667,-0.065466
-0.018126,0.019044,-0.059496
-0.014034,0.015648,-0.07705
-0.010515,0.012783,-0.09629
-0.0075333,0.010444,-0.1172
-0.0050684,0.008628,-0.13975
-0.003111,0.0073327,-0.16397
-0.0016636,0.0065543,-0.18986
-0.00073898,0.0062916,-0.21743
-0.00035914,0.0065377,-0.24666
-9.4055e-05,0.0073988,-0.27751
0.00066813,0.008325,-0.30996
0.0021566,0.006684,-0.28377
0.0043092,0.0040973,-0.26037
0.0071203,0.00057213,-0.23918
0.010591,-0.0038921,-0.21981
0.014726,-0.0092875,-0.20195
0.019537,-0.015611,-0.18536
0.02504,-0.022859,-0.16989
0.03125,-0.031036,-0.15541
0.038189,-0.04014,-0.14184
0.045876,-0.050173,-0.12911
0.040766,-0.045038,-0.12943
0.035993,-0.040242,-0.12967
0.031551,-0.035767,-0.12986
0.027432,-0.031601,-0.13
0.02363,-0.02773,-0.13012
0.020139,-0.024143,-0.13023
0.016952,-0.020827,-0.13034
0.014063,-0.017773,-0.13045
0.011467,-0.01497,-0.13058
0.0091587,-0.01241,-0.13071
0.011351,-0.0086444,-0.13305
0.014276,-0.0050705,-0.13487
0.017937,-0.00169,-0.13625
0.022342,0.0014955,-0.13723
0.027498,0.0044905,-0.13787
0.033414,0.0072992,-0.13819
0.0401,0.0099306,-0.13821
0.047567,0.012391,-0.13796
0.055826,0.014691,-0.13743
0.064888,0.016842,-0.13664
0.054862,0.014137,-0.12056
0.045634,0.011678,-0.1072
0.037219,0.0094596,-0.096015
0.029629,0.0074738,-0.086562
0.022877,0.0057174,-0.078532
0.016977,0.0041875,-0.071669
0.011939,0.0028826,-0.065784
0.0077764,0.0018017,-0.060711
0.0044999,0.00094427,-0.056327
0.0021204,0.00030989,-0.052508
0.0040042,0.00080336,-0.06521
0.0065698,0.0013272,-0.079254
0.009804,0.002052,-0.094636
0.013705,0.0030999,-0.11134
0.018284,0.0045294,-0.12934
0.023553,0.0064026,-0.14864
0.029523,0.0087841,-0.16921
0.036203,0.011741,-0.19104
0.043603,0.015341,-0.21409
0.05173,0.019653,-0.23836
0.048277,0.016079,-0.1949
0.044898,0.012978,-0.15756
0.041579,0.01041,-0.12551
0.038302,0.0084377,-0.098119
0.035052,0.0071177,-0.074875
0.031836,0.0064098,-0.055356
0.028893,0.0052467,-0.039206
0.026297,0.0032819,-0.02612
0.024054,0.00047122,-0.015861
0.022167,-0.0032118,-0.0082254
0.022172,0.0017155,-0.0068828
0.022736,0.0044831,-0.0056488
0.023779,0.0053491,-0.0045267
0.0246,0.0073374,-0.0035453
0.024953,0.011455,-0.0027146
0.024804,0.017757,-0.00203
0.024123,0.026321,-0.0014929
0.022878,0.037235,-0.0011004
0.021045,0.050596,-0.00085235
0.0186,0.066498,-0.00074466
0.01524,0.056388,-0.00054461
0.01224,0.046858,-0.00040535
0.0095938,0.037975,-0.00030373
0.0072941,0.029807,-0.00022392
0.0053323,0.022427,-0.0001577
0.0036994,0.015914,-0.0001048
0.0023846,0.010358,-6.6456e-05
0.0013753,0.0058572,-5.542e-05
0.00065568,0.0025299,-9.535e-05
0.00020493,0.00052336,-0.00023165
0.0011592,0.0028912,-0.00018632
0.0030413,0.0072039,-7.7242e-05
0.0059743,0.01349,-3.8878e-05
0.010064,0.021773,8.3733e-05
0.015408,0.032074,0.00047955
0.022093,0.044412,0.0012026
0.030205,0.058804,0.0022768
0.03982,0.075265,0.003703
0.051014,0.09381,0.0054637
0.063856,0.11445,0.0075316
0.048105,0.11603,0.010723
0.03365,0.11786,0.014698
0.02055,0.11996,0.019494
0.0088587,0.12234,0.025133
-0.0013791,0.12503,0.031627
-0.010126,0.12805,0.038977
-0.017353,0.13142,0.047177
-0.023044,0.13517,0.056208
-0.027189,0.13932,0.066055
-0.029791,0.1439,0.076701
-0.032263,0.16168,0.072654
-0.034048,0.18081,0.068856
-0.035155,0.20132,0.065274
-0.035591,0.22322,0.061888
-0.035364,0.24653,0.058673
-0.034478,0.27126,0.05561
-0.032939,0.29744,0.052676
-0.030752,0.32506,0.049852
-0.027918,0.35413,0.047117
-0.024441,0.38466,0.04445
0.0039814,0.3512,0.059608
0.035296,0.32089,0.075411
0.069545,0.29354,0.091688
0.10677,0.26902,0.10832
0.147,0.24722,0.12522
0.19027,0.22805,0.1423
0.23662,0.21146,0.15949
0.28608,0.19739,0.17671
0.33867,0.18583,0.19388
0.39442,0.17677,0.21092
0.37872,0.16922,0.21469
0.36348,0.16182,0.21946
0.34869,0.15458,0.22493
0.33433,0.1475,0.23094
0.3204,0.14058,0.23732
0.30687,0.13384,0.24399
0.29375,0.12726,0.25088
0.28101,0.12085,0.25794
0.26865,0.11461,0.26512
0.25666,0.10855,0.27241
0.22049,0.10378,0.24574
0.18728,0.099793,0.22391
0.15689,0.096559,0.20564
0.12922,0.094046,0.19008
0.10417,0.092224,0.17661
0.081643,0.09107,0.1648
0.061553,0.09056,0.15433
0.043817,0.090671,0.14494
0.028362,0.091384,0.13643
0.015121,0.092677,0.12865
0.011521,0.093636,0.12224
0.0080863,0.094627,0.11564
0.0048212,0.095656,0.10895
0.0017289,0.096728,0.1022
-0.0011869,0.09785,0.095479
-0.0039227,0.099022,0.088808
-0.0064751,0.10025,0.082241
-0.008841,0.10153,0.0758
-0.011017,0.10287,0.06952
-0.013,0.10426,0.063416
-0.010118,0.087957,0.070214
-0.007501,0.073246,0.077462
-0.0051408,0.060074,0.085172
-0.0030293,0.048388,0.09333
-0.001159,0.038139,0.10195
0.00047637,0.029279,0.111
0.0018824,0.021768,0.12047
0.003063,0.015565,0.13036
0.004021,0.010641,0.14062
0.0047572,0.0069686,0.15125
0.0035487,0.013294,0.14149
0.0017725,0.022759,0.13212
-0.00058701,0.035479,0.1229
-0.0035529,0.051611,0.1137
-0.0071526,0.071338,0.10446
-0.011416,0.094856,0.095199
-0.016372,0.12236,0.085967
-0.02205,0.15404,0.076838
-0.028476,0.1901,0.067902
-0.035677,0.23069,0.05924
-0.026919,0.21381,0.036028
-0.016402,0.19815,0.019534
-0.0041731,0.18365,0.0084264
0.009742,0.17026,0.0017568
0.025333,0.15794,-0.0011462
0.0426,0.14666,-0.0019361
0.061534,0.13636,-0.0052413
0.082167,0.12704,-0.011283
0.10454,0.11871,-0.019874
0.12871,0.11136,-0.030885
0.13612,0.132,-0.028066
0.14358,0.1546,-0.026041
0.15108,0.17917,-0.024705
0.15863,0.20572,-0.02398
0.16624,0.23427,-0.023794
0.17389,0.26483,-0.024102
0.1816,0.29739,-0.02486
0.18936,0.33198,-0.026045
0.19717,0.36859,-0.027632
0.20505,0.40723,-0.029625
0.18718,0.38362,-0.0064646
0.16983,0.36105,-0.0016514
0.15323,0.33952,0.010827
0.13744,0.319,0.034886
0.12247,0.29942,0.068428
0.10833,0.28075,0.11005
0.095026,0.26294,0.15874
0.082579,0.24597,0.2138
0.070996,0.2298,0.27463
0.060288,0.21441,0.34082
0.065124,0.19309,0.35577
0.069757,0.17327,0.37696
0.07419,0.15488,0.40329
0.07843,0.13787,0.43416
0.082482,0.12219,0.46899
0.086351,0.10781,0.50752
0.090042,0.094703,0.54934
0.093561,0.082835,0.59434
0.096911,0.072187,0.6422
0.1001,0.062742,0.6929
0.099384,0.055429,0.62249
0.098631,0.048822,0.55927
0.097829,0.042885,0.50185
0.096977,0.037589,0.44951
0.096074,0.032907,0.40151
0.095119,0.028816,0.35742
0.094114,0.025294,0.31684
0.093059,0.022323,0.27947
0.091955,0.019885,0.24507
0.090804,0.017963,0.21343
0.099699,0.018811,0.16598
0.10916,0.019795,0.12608
0.11916,0.020911,0.092725
0.1297,0.022154,0.065143
0.14077,0.023525,0.042805
0.15234,0.02502,0.025266
0.16441,0.026639,0.01223
0.17698,0.028377,0.003435
0.19003,0.03023,-0.0013014
0.20355,0.032192,-0.0025393
0.19722,0.034386,-0.0018923
0.19031,0.040249,0.00039576
0.18291,0.049779,0.0042772
0.17508,0.062989,0.0094232
0.16686,0.079903,0.015598
0.15829,0.10055,0.022594
0.1494,0.12499,0.030253
0.14019,0.15324,0.038416
0.13069,0.18537,0.046958
0.12089,0.22141,0.055749
0.12174,0.21455,0.027511
0.12276,0.20815,0.01029
0.12391,0.20215,0.00092133
0.12514,0.19647,-0.0027033
0.12644,0.19106,-0.003692
0.12773,0.18586,-0.0075406
0.12901,0.18085,-0.01394
0.13029,0.17601,-0.022353
0.13157,0.17135,-0.032365
0.13286,0.16684,-0.043667
0.12054,0.13861,-0.046175
0.10872,0.11361,-0.049618
0.097421,0.091646,-0.053778
0.086656,0.07252,-0.05852
0.076433,0.056052,-0.063724
0.066764,0.042077,-0.069317
0.057655,0.030438,-0.075222
0.049116,0.020986,-0.081397
0.04115,0.013588,-0.08779
0.033762,0.0081167,-0.094382
0.042506,0.0091107,-0.093349
0.052188,0.010273,-0.092372
0.062805,0.011599,-0.091441
0.074354,0.013084,-0.090572
0.086833,0.014724,-0.089758
0.10024,0.016516,-0.08901
0.11458,0.018455,-0.088324
0.12984,0.020538,-0.087707
0.14602,0.022763,-0.087154
0.16313,0.025125,-0.086669
0.14429,0.024421,-0.052708
0.12634,0.024346,-0.029015
0.10933,0.024904,-0.013439
0.093305,0.026098,-0.0044762
0.078297,0.027928,-0.001055
0.064367,0.030411,0.00070597
0.051595,0.033573,0.0065052
0.039994,0.037412,0.016075
0.029574,0.04193,0.029142
0.02034,0.04713,0.045535
0.032293,0.048527,0.041272
0.046647,0.050307,0.037052
0.063484,0.052486,0.032886
0.08289,0.055079,0.028794
0.10496,0.058098,0.024778
0.12977,0.061553,0.020855
0.15742,0.065454,0.017041
0.18798,0.069808,0.013366
0.22156,0.074622,0.00986
0.25821,0.0799,0.006568
0.25065,0.084321,-0.0021316
0.24311,0.089021,-0.003999
0.2355,0.093973,-0.010778
0.22785,0.099186,-0.021916
0.2202,0.10467,-0.036067
0.21256,0.11042,-0.052299
0.20494,0.11646,-0.069952
0.19737,0.12277,-0.088563
0.18984,0.12936,-0.10779
0.18236,0.13624,-0.1274
0.21782,0.14202,-0.097269
0.2559,0.14802,-0.074158
0.29655,0.15421,-0.056467
0.33972,0.16057,-0.042995
0.38537,0.16711,-0.032807
0.43347,0.17383,-0.025174
0.48398,0.18073,-0.019529
0.53689,0.18782,-0.015431
0.59217,0.19511,-0.012541
0.64984,0.20261,-0.010609
0.56797,0.15608,-0.010338
0.49235,0.11748,-0.0096537
0.42275,0.086245,-0.008712
0.35895,0.061848,-0.0076401
0.30077,0.043809,-0.006525
0.248,0.031682,-0.0054261
0.20053,0.024473,-0.0043847
0.15895,0.015468,-0.0034244
0.12323,0.0030646,-0.0025646
0.093096,-0.012522,-0.0018169
0.084386,-0.01361,-0.0018792
0.076114,-0.014621,-0.0019493
0.068282,-0.015555,-0.0020276
0.06089,-0.016414,-0.0021134
0.053937,-0.017197,-0.002207
0.047423,-0.017904,-0.0023083
0.041349,-0.018536,-0.0024175
0.035715,-0.019092,-0.0025346
0.030519,-0.019574,-0.00266
0.025763,-0.019982,-0.0027939
0.026986,-0.025344,-0.00038733
0.028216,-0.031279,0.00039341
0.029484,-0.037773,0.0036521
0.030785,-0.044818,0.0096542
0.032113,-0.052406,0.018321
0.033463,-0.060529,0.029547
0.034832,-0.06918,0.043201
0.036217,-0.078351,0.059126
0.037616,-0.088035,0.077147
0.039028,-0.098226,0.097083
0.044857,-0.097146,0.07826
0.051361,-0.095977,0.062766
0.058532,-0.094725,0.049927
0.066366,-0.093395,0.039262
0.07486,-0.091992,0.030389
0.084012,-0.090519,0.023025
0.093818,-0.088978,0.016937
0.10428,-0.087372,0.011945
0.11539,-0.085701,0.0079016
0.12715,-0.083967,0.0046863
0.10966,-0.061491,0.0015544
0.093793,-0.042887,-0.0002329
0.079473,-0.027849,-0.00078024
0.066621,-0.016096,-0.0011548
0.055161,-0.0073672,-0.0026172
0.045029,-0.0014219,-0.0051105
0.036163,0.0019607,-0.0085851
0.028502,0.0029752,-0.013007
0.021866,0.0029256,-0.018359
0.015873,0.0049947,-0.024643
0.011652,0.0032616,-0.033382
0.0080163,0.0018872,-0.042445
0.0049803,0.00089808,-0.051747
0.0025552,0.00031233,-0.06134
0.00075747,4.0647e-05,-0.071366
-0.00036023,-0.00042155,-0.082055
-0.00079871,-0.0011347,-0.093634
-0.0010693,-0.002129,-0.10632
-0.0019434,-0.0034559,-0.12026
-0.0034174,-0.0050833,-0.13556
-0.0013964,-0.0090117,-0.15565
-0.0002583,-0.01438,-0.1773
0.00049453,-0.02119,-0.20058
0.0021925,-0.02936,-0.22555
0.0048737,-0.038941,-0.2522
0.0084881,-0.049989,-0.28057
0.012988,-0.062554,-0.31061
0.01833,-0.076681,-0.34238
0.024475,-0.092411,-0.37583
0.031386,-0.10978,-0.41103
0.022755,-0.078839,-0.32539
0.015604,-0.053727,-0.25968
0.0098693,-0.03395,-0.20792
0.0054734,-0.019072,-0.16646
0.0023342,-0.0086949,-0.13286
0.00036687,-0.0024536,-0.10542
-0.00051243,-1.7649e-05,-0.082872
-0.00066219,0.001169,-0.064175
-0.0014982,0.0056185,-0.048454
-0.0033405,0.013428,-0.035023
-0.0046454,0.013543,-0.03775
-0.006299,0.013634,-0.040571
-0.0083057,0.013702,-0.043504
-0.01067,0.013746,-0.046533
-0.013398,0.013769,-0.049668
-0.016492,0.01377,-0.052894
-0.019959,0.013749,-0.056213
-0.023802,0.013707,-0.059609
-0.028025,0.013645,-0.063081
-0.032634,0.013562,-0.066611
-0.025277,0.013471,-0.089875
-0.018935,0.013315,-0.11534
-0.013624,0.01309,-0.14289
-0.0093539,0.012793,-0.17245
-0.0061236,0.012423,-0.20401
-0.0039245,0.011981,-0.23753
-0.0027411,0.011469,-0.27298
-0.0025008,0.010893,-0.31029
-0.0018655,0.010373,-0.34934
-0.00027122,0.0099587,-0.39004
-0.0018742,0.013556,-0.40797
-0.0030392,0.017851,-0.42662
-0.0037688,0.022861,-0.44586
-0.0044125,0.028577,-0.46576
-0.0055704,0.034968,-0.4862
-0.00725,0.042056,-0.50724
-0.0094471,0.049863,-0.52876
-0.012158,0.058413,-0.55082
-0.015377,0.067725,-0.57329
-0.019101,0.077819,-0.59625
-0.020868,0.070227,-0.53252
-0.023058,0.062882,-0.48023
-0.025669,0.055805,-0.43639
-0.0287,0.049017,-0.39907
-0.03215,0.042536,-0.36682
-0.036022,0.03638,-0.33862
-0.040315,0.030562,-0.31371
-0.045031,0.025098,-0.29149
-0.050168,0.02,-0.27151
-0.055728,0.015278,-0.25339
-0.043434,0.018307,-0.26174
-0.0327,0.021346,-0.26891
-0.023555,0.024395,-0.27512
-0.016022,0.027455,-0.28048
-0.010124,0.030524,-0.28514
-0.0058757,0.033599,-0.28919
-0.0032897,0.036678,-0.29271
-0.0023725,0.039755,-0.29575
-0.0018526,0.042923,-0.29838
0.00029736,0.046329,-0.3006
-0.0010635,0.039829,-0.29349
-0.0014554,0.033951,-0.28747
-0.0012252,0.028646,-0.28233
-0.001797,0.023783,-0.27792
-0.0033208,0.019333,-0.27411
-0.0057768,0.015283,-0.27078
-0.0091529,0.01162,-0.26786
-0.013445,0.0083363,-0.26525
-0.018657,0.005425,-0.26291
-0.024799,0.0028815,-0.26078
-0.036032,0.0045506,-0.22923
-0.049221,0.0067176,-0.20018
-0.064352,0.0094021,-0.17343
-0.081407,0.012629,-0.14883
-0.10036,0.016427,-0.12631
-0.1212,0.020826,-0.10579
-0.1439,0.025857,-0.087263
-0.16842,0.031551,-0.070672
-0.19476,0.037937,-0.056017
-0.22288,0.045042,-0.043254
-0.19525,0.040397,-0.04247
-0.16978,0.035904,-0.041103
-0.14639,0.031584,-0.03935
-0.12501,0.027457,-0.037327
-0.10558,0.023543,-0.035149
-0.088009,0.019861,-0.032874
-0.072247,0.01643,-0.03057
-0.058224,0.013269,-0.028264
-0.045876,0.010396,-0.025998
-0.035142,0.0078308,-0.023783
-0.033567,0.011183,-0.031848
-0.032049,0.014979,-0.041092
-0.030588,0.019216,-0.051522
-0.029183,0.023896,-0.063125
-0.027832,0.029016,-0.075903
-0.026533,0.034576,-0.089846
-0.025285,0.040578,-0.10495
-0.024085,0.047019,-0.12121
-0.022932,0.0539,-0.13861
-0.021823,0.061222,-0.15715
-0.02542,0.050822,-0.12553
-0.029471,0.041541,-0.099157
-0.033989,0.033281,-0.077114
-0.038981,0.025956,-0.058731
-0.044445,0.019493,-0.043493
-0.050378,0.013831,-0.031007
-0.056766,0.0089234,-0.02098
-0.063594,0.004736,-0.013185
-0.070841,0.0012477,-0.0074582
-0.078484,-0.0015506,-0.0036721
-0.07113,0.0027905,-0.0093249
-0.064186,0.0087363,-0.017833
-0.05766,0.016288,-0.028911
-0.051558,0.025448,-0.042388
-0.045881,0.036218,-0.058169
-0.040633,0.048605,-0.076179
-0.035812,0.062612,-0.096349
-0.03142,0.078248,-0.11859
-0.027453,0.095518,-0.14279
-0.023914,0.11443,-0.16883
-0.024291,0.11272,-0.16562
-0.024675,0.11083,-0.16283
-0.025067,0.10878,-0.16036
-0.02547,0.10657,-0.15818
-0.025885,0.10421,-0.15621
-0.026314,0.10171,-0.15443
-0.026759,0.09907,-0.15279
-0.027222,0.096304,-0.15128
-0.027703,0.093418,-0.14985
-0.028205,0.09042,-0.14851
-0.026084,0.096803,-0.17066
-0.024018,0.1034,-0.19346
-0.022016,0.11023,-0.2168
-0.020085,0.11727,-0.24058
-0.018231,0.12453,-0.2647
-0.016461,0.13201,-0.28912
-0.014782,0.13971,-0.31373
-0.013199,0.14763,-0.33854
-0.011717,0.15578,-0.36346
-0.010342,0.16414,-0.38852
-0.014663,0.14069,-0.37546
-0.02029,0.11957,-0.36252
-0.027176,0.10057,-0.34958
-0.035281,0.083485,-0.33666
-0.044576,0.068166,-0.32369
-0.055039,0.054473,-0.31073
-0.066659,0.042289,-0.29776
-0.07943,0.031518,-0.2848
-0.093356,0.022087,-0.27186
-0.10845,0.013938,-0.25896
-0.077785,0.008256,-0.29876
-0.052211,0.003929,-0.33955
-0.031491,0.00087661,-0.38135
-0.015437,-0.00096223,-0.42423
-0.0039149,-0.0016262,-0.46819
0.0031789,-0.0020154,-0.51331
0.00592,-0.0039024,-0.55949
0.0085297,-0.0071922,-0.6067
0.015709,-0.011744,-0.65467
0.027588,-0.017605,-0.70331
0.025039,-0.0096906,-0.74381
0.022762,-0.0047643,-0.78698
0.02075,-0.002795,-0.83231
0.018946,-0.0023073,-0.87971
0.017196,0.00085802,-0.92876
0.015491,0.0069748,-0.97948
0.013829,0.016077,-1.0314
0.012208,0.028204,-1.0847
0.010625,0.043403,-1.1388
0.0090774,0.061721,-1.1939
0.0079749,0.079215,-1.1008
0.006952,0.098169,-1.0164
0.0059945,0.11854,-0.93857
0.005094,0.1403,-0.8664
0.0042455,0.16344,-0.79893
0.0034444,0.18794,-0.73552
0.0026899,0.21381,-0.67578
0.0019791,0.24105,-0.61925
0.0013131,0.26968,-0.56579
0.00069013,0.29971,-0.51506
0.0012853,0.30408,-0.57294
0.0018571,0.30851,-0.62864
0.0024092,0.31301,-0.68246
0.0029421,0.31758,-0.73448
0.0034592,0.32223,-0.78499
0.0039611,0.32697,-0.83419
0.0044505,0.3318,-0.88226
0.0049277,0.33672,-0.9294
0.0053951,0.34175,-0.97569
0.0058525,0.34688,-1.0213
0.011835,0.30287,-0.89207
0.018497,0.26257,-0.79625
0.02581,0.22575,-0.72227
0.033757,0.19221,-0.66346
0.042328,0.16178,-0.61563
0.051516,0.1343,-0.57596
0.06132,0.10966,-0.54262
0.071736,0.08773,-0.51416
0.082769,0.068417,-0.4897
0.094419,0.051636,-0.46836
0.074614,0.063075,-0.50079
0.056945,0.075775,-0.52714
0.041409,0.089721,-0.54817
0.028004,0.10491,-0.5644
0.016731,0.12135,-0.57646
0.0075939,0.13903,-0.58481
0.00059873,0.15799,-0.5899
-0.0042455,0.17824,-0.5921
-0.0069269,0.19979,-0.59175
-0.0079837,0.22267,-0.58909
-0.0077121,0.22457,-0.5537
-0.0075739,0.2267,-0.52887
-0.0075419,0.22905,-0.51192
-0.0074966,0.23158,-0.50099
-0.0074071,0.23429,-0.49481
-0.0072724,0.23716,-0.49243
-0.0070919,0.24018,-0.49323
-0.006865,0.24335,-0.49668
-0.0065915,0.24665,-0.50243
-0.0062707,0.25007,-0.51018
-0.0047262,0.27735,-0.45683
-0.0027549,0.30587,-0.40607
-0.00035991,0.33563,-0.35812
0.0024559,0.36665,-0.31308
0.0056905,0.39895,-0.27112
0.0093423,0.43254,-0.23225
0.01341,0.46744,-0.1966
0.017894,0.50364,-0.16413
0.022794,0.54116,-0.13493
0.02811,0.58,-0.10895
0.031573,0.56498,-0.052869
0.034856,0.55038,-0.021271
0.038014,0.53616,-0.0086439
0.041154,0.52237,-0.004564
0.044495,0.50923,0.01107
0.048033,0.49669,0.03785
0.05176,0.48469,0.07446
0.055666,0.47318,0.11996
0.059743,0.46214,0.17351
0.063987,0.45153,0.23454
0.053683,0.4326,0.10374
0.044703,0.41596,0.030575
0.036857,0.40107,-0.0024321
0.029988,0.38752,-0.0092245
0.02364,0.37441,-0.030561
0.017747,0.36149,-0.072415
0.012336,0.34866,-0.13225
0.007429,0.33584,-0.20833
0.0030417,0.32295,-0.29937
-0.00081334,0.30994,-0.40449
-0.0037673,0.30394,-0.38615
-0.004758,0.29775,-0.3726
-0.0052079,0.29143,-0.36232
-0.0075605,0.28501,-0.35444
-0.011819,0.27852,-0.34821
-0.017951,0.27198,-0.34324
-0.025929,0.26541,-0.33911
-0.035737,0.25884,-0.33564
-0.047361,0.25227,-0.33258
-0.060795,0.24574,-0.32984
-0.056386,0.25414,-0.35218
-0.052143,0.26261,-0.37446
-0.048066,0.27117,-0.39667
-0.044157,0.27979,-0.41885
-0.040416,0.28849,-0.44098
-0.036843,0.29724,-0.46311
-0.03344,0.30606,-0.48521
-0.030205,0.31494,-0.50731
-0.027141,0.32387,-0.52937
-0.024247,0.33285,-0.55143
-0.022376,0.30387,-0.54354
-0.020581,0.2766,-0.53498
-0.018862,0.25095,-0.52581
-0.017221,0.22685,-0.51617
-0.015659,0.20423,-0.50609
-0.014175,0.18303,-0.4957
-0.012771,0.16319,-0.48498
-0.011447,0.14466,-0.47405
-0.010203,0.1274,-0.4629
-0.0090393,0.11135,-0.4516
-0.002949,0.13439,-0.45246
-0.0012158,0.15947,-0.45545
0.0043545,0.18661,-0.46011
0.015586,0.21592,-0.46616
0.03262,0.24746,-0.47334
0.055612,0.28133,-0.48153
0.084728,0.31757,-0.49057
0.12013,0.35625,-0.5004
0.162,0.39739,-0.51091
0.21048,0.44102,-0.52205
0.20262,0.44706,-0.44209
0.19491,0.45297,-0.37379
0.18735,0.45881,-0.31477
0.17996,0.46461,-0.26344
0.17273,0.47039,-0.21872
0.16568,0.47616,-0.17978
0.1588,0.48194,-0.14605
0.15208,0.48771,-0.11703
0.14555,0.49349,-0.092373
0.13918,0.49928,-0.071735
0.12544,0.5306,-0.10996
0.11257,0.56272,-0.15282
0.10059,0.59567,-0.19899
0.089502,0.6295,-0.24765
0.079307,0.66421,-0.2984
0.070002,0.69979,-0.351
0.061586,0.73625,-0.40533
0.054055,0.77356,-0.46134
0.047409,0.81173,-0.51896
0.041644,0.85073,-0.57819
0.049756,0.73065,-0.46836
0.059326,0.62289,-0.3854
0.070289,0.52646,-0.31929
0.082574,0.44042,-0.26483
0.09612,0.36394,-0.21896
0.11087,0.29625,-0.17982
0.12678,0.23669,-0.14618
0.14382,0.18466,-0.11719
0.16196,0.13964,-0.092245
0.1812,0.10117,-0.07087
0.17797,0.095258,-0.061072
0.17492,0.089789,-0.052441
0.17205,0.084725,-0.044846
0.16935,0.080032,-0.038139
0.1668,0.075676,-0.032238
0.16439,0.07163,-0.027039
0.16211,0.067867,-0.022487
0.15996,0.064365,-0.018504
0.15793,0.061101,-0.015051
0.15601,0.058057,-0.012072
0.13827,0.065019,-0.02317
0.12174,0.072119,-0.036676
0.1064,0.079386,-0.051928
0.092216,0.086844,-0.068459
0.079156,0.094513,-0.085967
0.067202,0.10241,-0.10422
0.056341,0.11055,-0.12308
0.046561,0.11894,-0.14241
0.037857,0.12761,-0.16214
0.030225,0.13656,-0.1822
0.03298,0.16145,-0.22271
0.03582,0.18938,-0.26628
0.038753,0.22049,-0.31248
0.041781,0.25492,-0.36094
0.044914,0.29278,-0.41126
0.048155,0.33416,-0.46319
0.051515,0.37912,-0.51642
0.054998,0.42772,-0.57081
0.058613,0.47998,-0.62607
0.062368,0.53591,-0.68214
0.056661,0.51107,-0.53654
0.051222,0.4859,-0.43488
0.046067,0.4609,-0.36015
0.041206,0.43631,-0.30315
0.036648,0.41227,-0.25833
0.032398,0.38886,-0.2223
0.028464,0.36613,-0.1928
0.024851,0.3441,-0.1683
0.021562,0.32278,-0.14775
0.018603,0.30218,-0.13034
0.020345,0.27804,-0.12454
0.022426,0.25523,-0.1165
0.024812,0.23367,-0.10702
0.027467,0.21332,-0.096688
0.03036,0.1941,-0.086007
0.033462,0.17598,-0.0753
0.036747,0.1589,-0.064856
0.040192,0.14283,-0.054859
0.043776,0.12773,-0.045479
0.047481,0.11356,-0.036816
0.046749,0.10565,-0.026792
0.046069,0.098307,-0.018857
0.045437,0.091483,-0.0127
0.04485,0.085135,-0.0080595
0.044303,0.079223,-0.004748
0.043794,0.073708,-0.0026024
0.043319,0.068558,-0.0014998
0.042875,0.063745,-0.0011503
0.042462,0.059264,-0.00022955
0.042078,0.05509,0.0014534
0.048076,0.050848,-0.00092912
0.054525,0.046722,-0.0035456
0.061402,0.042637,-0.010841
0.068691,0.038604,-0.022437
0.076375,0.034634,-0.038045
0.084438,0.03074,-0.057406
0.092866,0.026931,-0.080296
0.10164,0.023223,-0.10649
0.11076,0.019625,-0.13579
0.1202,0.016152,-0.16798
0.12058,0.018714,-0.16483
0.12095,0.021403,-0.1614
0.1213,0.024219,-0.15771
0.12163,0.027161,-0.15379
0.12195,0.030229,-0.14966
0.12226,0.033423,-0.14534
0.12255,0.036743,-0.14084
0.12283,0.04019,-0.13619
0.12309,0.043762,-0.13141
0.12334,0.047462,-0.12651
0.11507,0.033938,-0.12828
0.10737,0.022577,-0.13285
0.10021,0.013322,-0.13975
0.093545,0.0061216,-0.14867
0.087321,0.00093045,-0.15939
0.081499,-0.0022877,-0.17176
0.076043,-0.0035615,-0.18565
0.070879,-0.0035659,-0.20097
0.065818,-0.0051125,-0.21765
0.060811,-0.008512,-0.23563
0.069063,-0.008703,-0.17398
0.077645,-0.0089327,-0.12318
0.086574,-0.009196,-0.082111
0.095874,-0.0094878,-0.049978
0.10558,-0.0098031,-0.026185
0.11573,-0.010136,-0.01029
0.12637,-0.010478,-0.001974
0.13755,-0.010831,-7.157e-05
0.14933,-0.011327,0.0059713
0.16177,-0.012017,0.018988
0.15607,-0.01087,0.0091403
0.1504,-0.0099656,0.0029891
0.14476,-0.0092888,-6.2449e-05
0.13917,-0.0088234,-0.00073228
0.13363,-0.0084464,-0.0026661
0.12816,-0.0078974,-0.0066899
0.12277,-0.007155,-0.012617
0.11746,-0.0062243,-0.020299
0.11224,-0.00511,-0.029627
0.10712,-0.0038152,-0.040509
0.11606,-0.0019824,-0.040078
0.12548,0.00068471,-0.039845
0.13541,0.0041935,-0.039804
0.14587,0.0085516,-0.039949
0.15685,0.013767,-0.040278
0.16839,0.019847,-0.040791
0.18048,0.0268,-0.041487
0.19313,0.034632,-0.042368
0.20637,0.043351,-0.043433
0.22018,0.052962,-0.044686
0.21908,0.066528,-0.026363
0.21808,0.081479,-0.012993
0.21714,0.097825,-0.0040116
0.21624,0.11558,0.0010238
0.21536,0.13476,0.0026378
0.21451,0.15526,0.0054889
0.21368,0.17706,0.011421
0.21287,0.20018,0.020213
0.21208,0.22465,0.031675
0.21132,0.2505,0.045636
0.21817,0.24913,0.025154
0.22517,0.2475,0.012839
0.2323,0.24565,0.0065077
0.23957,0.24364,0.0046788
0.24695,0.24158,0.0025723
0.25442,0.23955,-0.0023952
0.26199,0.23752,-0.009737
0.26967,0.23548,-0.019107
0.27744,0.23344,-0.030251
0.28532,0.23137,-0.042981
0.26135,0.20175,-0.051492
0.2387,0.1747,-0.059568
0.21734,0.15005,-0.067185
0.19721,0.12769,-0.074343
0.17829,0.10748,-0.081031
0.16052,0.089313,-0.087262
0.14388,0.073084,-0.093027
0.12832,0.058696,-0.098349
0.11382,0.046059,-0.10323
0.10033,0.03509,-0.10769
0.10693,0.038877,-0.081302
0.1137,0.042996,-0.059599
0.12066,0.047437,-0.041969
0.12782,0.052193,-0.027948
0.1352,0.057261,-0.017155
0.1428,0.062635,-0.0092844
0.15064,0.068314,-0.0040781
0.15871,0.074294,-0.0013184
0.16704,0.080572,-0.0007197
0.17564,0.087121,0.00062758
0.17901,0.066342,-0.0011336
0.18234,0.048056,-0.0019577
0.18562,0.032168,-0.0043385
0.18888,0.018576,-0.0082112
0.19215,0.0071939,-0.01346
0.19545,-0.0020498,-0.020003
0.19884,-0.0092141,-0.027783
0.20235,-0.014344,-0.036761
0.20601,-0.017472,-0.046909
0.20986,-0.018676,-0.058209
0.21263,-0.018499,-0.098844
0.21543,-0.016668,-0.14866
0.21827,-0.013168,-0.20691
0.22114,-0.0080381,-0.27299
0.22403,-0.0013164,-0.34632
0.22694,0.0069624,-0.42645
0.22988,0.016768,-0.51288
0.23282,0.028075,-0.6053
0.23579,0.040864,-0.70324
0.23877,0.055121,-0.80659
0.24546,0.035604,-0.84342
0.25251,0.018108,-0.8745
0.25992,0.0026812,-0.90022
0.26768,-0.010635,-0.92153
0.27581,-0.021797,-0.93855
0.28429,-0.030769,-0.95203
0.29315,-0.037514,-0.96193
0.30238,-0.042002,-0.96886
0.31198,-0.044303,-0.97269
0.32167,-0.047408,-0.97386
0.3122,-0.042163,-0.76071
0.30315,-0.038813,-0.60684
0.29479,-0.034732,-0.49054
0.28714,-0.029383,-0.39973
0.28014,-0.022655,-0.32718
0.27374,-0.014457,-0.26807
0.26787,-0.0047344,-0.21942
0.26249,0.0065635,-0.17887
0.25752,0.01947,-0.14501
0.25293,0.034019,-0.11656
0.23253,0.024455,-0.11381
0.21331,0.01598,-0.10913
0.19521,0.008603,-0.10328
0.17821,0.0023417,-0.09666
0.16226,-0.00279,-0.089689
0.14733,-0.0067749,-0.082565
0.13338,-0.0095983,-0.07551
0.12039,-0.011244,-0.068607
0.10833,-0.011697,-0.061973
0.097146,-0.010968,-0.055633
0.11486,-0.012626,-0.064886
0.13441,-0.013529,-0.074713
0.15587,-0.013627,-0.08505
0.17929,-0.012893,-0.095771
0.20474,-0.011301,-0.1068
0.23226,-0.0088271,-0.11802
0.26192,-0.0054505,-0.12937
0.29374,-0.0011497,-0.14074
0.32778,0.0040916,-0.15211
0.36408,0.010289,-0.16343
0.31112,0.019436,-0.20182
0.26269,0.028116,-0.23914
0.21865,0.036335,-0.27533
0.17888,0.044103,-0.31044
0.14324,0.051426,-0.34456
0.11163,0.058317,-0.37784
0.083964,0.064785,-0.41033
0.060141,0.070847,-0.44216
0.040095,0.076514,-0.47336
0.023769,0.081803,-0.50405
0.036568,0.10612,-0.4062
0.050166,0.13299,-0.326
0.064692,0.16258,-0.25941
0.080251,0.19506,-0.20387
0.096918,0.23059,-0.15759
0.11476,0.26933,-0.11927
0.13384,0.31141,-0.087946
0.15421,0.35697,-0.0628
0.17592,0.40609,-0.043191
0.19901,0.45887,-0.028527
0.18664,0.42246,-0.035286
0.1748,0.38913,-0.041581
0.16347,0.35858,-0.047507
0.15261,0.33055,-0.053181
0.14221,0.30481,-0.058732
0.13225,0.28114,-0.064243
0.12271,0.25937,-0.0698
0.11357,0.23931,-0.075446
0.10483,0.22083,-0.08124
0.096476,0.20379,-0.087207
0.097428,0.17916,-0.074712
0.09862,0.15606,-0.063963
0.10006,0.13448,-0.054655
0.10175,0.1144,-0.046544
0.10371,0.095785,-0.039462
0.10592,0.078627,-0.033262
0.1084,0.062903,-0.027844
0.11114,0.048598,-0.023115
0.11416,0.035694,-0.019011
0.11744,0.024177,-0.015469
0.11268,0.036544,-0.015387
0.10828,0.050455,-0.015268
0.10421,0.065922,-0.015125
0.10048,0.082961,-0.014962
0.097086,0.10159,-0.01479
0.09403,0.12182,-0.014613
0.091318,0.14367,-0.014438
0.088956,0.16717,-0.014269
0.086954,0.19232,-0.014111
0.085323,0.21914,-0.013968
0.074694,0.19525,-0.018401
0.064507,0.17242,-0.023063
0.054822,0.15072,-0.027843
0.045703,0.13021,-0.032671
0.037213,0.11095,-0.037508
0.029416,0.092986,-0.042325
0.02238,0.07639,-0.047103
0.016175,0.061217,-0.051832
0.010875,0.047527,-0.056497
0.0065551,0.035381,-0.061095
0.0084303,0.03672,-0.04569
0.01056,0.038015,-0.032916
0.01295,0.03927,-0.022515
0.0156,0.040492,-0.014297
0.018504,0.041686,-0.0081156
0.02165,0.042858,-0.0038589
0.025025,0.044013,-0.0014391
0.028613,0.045157,-0.00076892
0.032421,0.046313,0.0001834
0.036446,0.047498,0.0027837
0.040718,0.059852,-0.0011041
0.04548,0.073544,-0.0074441
0.050722,0.088493,-0.023495
0.056516,0.10469,-0.049147
0.062928,0.12212,-0.084122
0.070022,0.14079,-0.12794
0.077857,0.1607,-0.17995
0.086489,0.18183,-0.23941
0.095968,0.2042,-0.30548
0.10634,0.22781,-0.37743
0.12868,0.21243,-0.41555
0.1544,0.1968,-0.45711
0.18352,0.18091,-0.50175
0.21607,0.16475,-0.54935
0.25208,0.1483,-0.59954
0.29158,0.13156,-0.65222
0.3346,0.11454,-0.70695
0.38117,0.097238,-0.76366
0.43131,0.079657,-0.82185
0.48506,0.061803,-0.8815
0.43799,0.056433,-0.70354
0.39447,0.051259,-0.57302
0.35421,0.046369,-0.47227
0.317,0.041803,-0.39191
0.28264,0.037557,-0.3262
0.25095,0.033629,-0.27158
0.22179,0.030003,-0.22569
0.19501,0.026667,-0.1868
0.17048,0.023603,-0.15377
0.14808,0.020798,-0.1256
0.13664,0.0089537,-0.1116
0.1258,-0.00033329,-0.098787
0.11557,-0.0071525,-0.08716
0.10595,-0.011586,-0.076599
0.096954,-0.013712,-0.067063
0.08859,-0.013599,-0.058436
0.080546,-0.013476,-0.05065
0.072503,-0.01558,-0.043585
0.064479,-0.019879,-0.037195
0.056489,-0.026355,-0.031396
0.058939,-0.016653,-0.038343
0.060691,-0.011139,-0.045453
0.061803,-0.0096784,-0.052788
0.063052,-0.0074355,-0.06041
0.064987,-0.0011072,-0.068404
0.067664,0.0093897,-0.076783
0.071143,0.024182,-0.085573
0.075477,0.043426,-0.09475
0.080715,0.067293,-0.1043
0.086899,0.095961,-0.11416
0.092539,0.11154,-0.1344
0.098473,0.12852,-0.15475
0.1047,0.14696,-0.17488
0.11123,0.16686,-0.19453
0.11807,0.18826,-0.21349
0.1252,0.21117,-0.23162
0.13264,0.2356,-0.24881
0.14039,0.26156,-0.26504
0.14845,0.28905,-0.28026
0.15682,0.31807,-0.2945
0.16017,0.30686,-0.29968
0.16367,0.29569,-0.30925
0.16732,0.28459,-0.32229
0.1711,0.27355,-0.33823
0.17502,0.2626,-0.35658
0.17906,0.25174,-0.37704
0.18323,0.24097,-0.39935
0.18752,0.2303,-0.42337
0.19193,0.21974,-0.44889
0.19646,0.20929,-0.47586
0.19446,0.22339,-0.39907
0.1928,0.23744,-0.33441
0.19144,0.25145,-0.2792
0.19033,0.26548,-0.2317
0.18944,0.27953,-0.1906
0.18874,0.29363,-0.15498
0.18823,0.30779,-0.12416
0.18787,0.32202,-0.097608
0.18766,0.33633,-0.074922
0.18759,0.35073,-0.05576
0.17372,0.31638,-0.070715
0.16042,0.28454,-0.085214
0.1477,0.25505,-0.099359
0.13554,0.22776,-0.11323
0.12392,0.20254,-0.12696
0.11285,0.17925,-0.14063
0.1023,0.15779,-0.15433
0.09229,0.13805,-0.16812
0.082797,0.11994,-0.18206
0.07382,0.10336,-0.19618
0.079783,0.10471,-0.15388
0.086091,0.10607,-0.11869
0.092731,0.10742,-0.089488
0.099695,0.10876,-0.065434
0.10697,0.11007,-0.045901
0.11456,0.11136,-0.030383
0.12245,0.1126,-0.018494
0.13064,0.11381,-0.0099031
0.13912,0.11497,-0.0043519
0.14789,0.11607,-0.0016109
0.12829,0.13115,-0.0023042
0.11097,0.14634,-0.003102
0.095888,0.16165,-0.0039564
0.082978,0.1771,-0.0048382
0.072198,0.19269,-0.0057378
0.063517,0.20841,-0.0066471
0.056913,0.22427,-0.0075693
0.052374,0.24027,-0.0085039
0.049899,0.25639,-0.0094582
0.049493,0.27264,-0.010434
0.049935,0.24981,-0.010014
0.053404,0.2276,-0.009797
0.059811,0.20597,-0.0097511
0.069092,0.18487,-0.0098539
0.081206,0.16426,-0.010094
0.096141,0.1441,-0.010463
0.11391,0.12435,-0.01096
0.13453,0.10496,-0.011582
0.15807,0.085911,-0.012334
0.18458,0.067169,-0.01322
0.18066,0.074366,-0.017069
0.1768,0.081708,-0.020747
0.173,0.089192,-0.02414
0.16928,0.096813,-0.027191
0.16563,0.10457,-0.029875
0.16206,0.11245,-0.03219
0.15856,0.12046,-0.034146
0.15515,0.12859,-0.035762
0.15181,0.13684,-0.037061
0.14857,0.1452,-0.038067
0.13931,0.14696,-0.050939
0.13045,0.14872,-0.065253
0.12197,0.15049,-0.08088
0.11386,0.15225,-0.097725
0.10613,0.15401,-0.1157
0.098765,0.15576,-0.13475
0.091764,0.15749,-0.15482
0.085122,0.1592,-0.17585
0.078839,0.16089,-0.1978
0.072911,0.16255,-0.22065
0.082254,0.13004,-0.2011
0.094226,0.10031,-0.18428
0.1088,0.07318,-0.16947
0.12597,0.048489,-0.15625
0.14571,0.02612,-0.14427
0.16804,0.0059871,-0.13333
0.19296,-0.011968,-0.12325
0.22048,-0.027773,-0.11392
0.25062,-0.041434,-0.10524
0.28341,-0.052935,-0.097167
0.27078,-0.050037,-0.083177
0.25861,-0.047213,-0.071055
0.24688,-0.044459,-0.060478
0.23559,-0.041767,-0.051206
0.22471,-0.039135,-0.043061
0.21423,-0.036558,-0.0359
0.20414,-0.034032,-0.029619
0.19442,-0.031555,-0.024126
0.18507,-0.029124,-0.019355
0.17607,-0.026735,-0.015246
0.16935,-0.021697,-0.017669
0.16284,-0.016046,-0.020025
0.15655,-0.0098143,-0.022306
0.15049,-0.003031,-0.024498
0.14466,0.0042809,-0.026603
0.13908,0.012103,-0.02862
0.13375,0.020422,-0.030554
0.12868,0.029226,-0.032407
0.12387,0.03851,-0.034187
0.11934,0.048269,-0.035896
0.12687,0.043846,-0.033143
0.1347,0.039408,-0.030943
0.14286,0.034955,-0.029198
0.15133,0.030484,-0.027829
0.16014,0.025995,-0.026778
0.16928,0.021488,-0.025996
0.17876,0.01696,-0.025444
0.18859,0.012411,-0.025092
0.19877,0.007839,-0.024917
0.20932,0.0032439,-0.024898
0.24097,0.0074763,-0.0085665
0.27482,0.012266,-0.0041188
0.3111,0.017731,0.00092484
0.34996,0.023953,0.01521
0.39141,0.03093,0.03757
0.43546,0.038656,0.066944
0.48211,0.047123,0.10238
0.53137,0.056325,0.14307
0.58325,0.066251,0.18829
0.63773,0.076892,0.23746
0.59677,0.086055,0.24472
0.55765,0.095386,0.25725
0.5203,0.10484,0.27327
0.48468,0.1144,0.29175
0.45074,0.12402,0.31195
0.41845,0.1337,0.33342
0.38778,0.14342,0.35577
0.3587,0.15316,0.37883
0.33119,0.1629,0.40234
0.30522,0.17265,0.42625
0.3188,0.14534,0.4266
0.33321,0.11928,0.4283
0.34847,0.094456,0.4308
0.36455,0.07083,0.43384
0.38146,0.048383,0.4371
0.3992,0.027095,0.44047
0.41776,0.0069464,0.44375
0.43716,-0.012076,0.44689
0.45738,-0.029989,0.44975
0.47844,-0.046804,0.45232
0.48826,-0.052617,0.41863
0.49847,-0.058193,0.39266
0.50902,-0.063575,0.37219
0.51988,-0.068792,0.35578
0.53103,-0.073869,0.3424
0.54246,-0.078825,0.33136
0.55414,-0.083677,0.32214
0.56607,-0.088436,0.31439
0.57825,-0.093117,0.30784
0.59067,-0.097728,0.30228
0.59244,-0.10366,0.29828
0.59403,-0.10912,0.29071
0.59544,-0.11407,0.28068
0.59668,-0.11848,0.26901
0.59779,-0.12235,0.25628
0.59876,-0.12564,0.24291
0.59962,-0.12834,0.22922
0.60037,-0.13043,0.21541
0.60103,-0.1319,0.20164
0.6016,-0.13273,0.18801
0.59179,-0.12998,0.17828
0.58236,-0.12572,0.17216
0.57329,-0.11999,0.16867
0.56458,-0.11286,0.16712
0.55621,-0.10438,0.1671
0.54818,-0.094586,0.16826
0.54048,-0.083518,0.17041
0.53311,-0.071209,0.17338
0.52607,-0.05769,0.17706
0.51936,-0.042984,0.18137
0.53659,-0.043696,0.18857
0.554,-0.044461,0.19175
0.57162,-0.045285,0.19169
0.58944,-0.046172,0.18904
0.60748,-0.047129,0.18439
0.62575,-0.048159,0.17818
0.64426,-0.049267,0.17078
0.663,-0.050456,0.16246
0.68198,-0.051733,0.15346
0.7012,-0.053099,0.14395
0.73557,-0.070583,0.097684
0.77135,-0.08772,0.063346
0.80845,-0.10458,0.037344
0.84682,-0.1212,0.01741
0.88642,-0.13763,0.0021029
0.92723,-0.15389,-0.009554
0.96922,-0.17002,-0.018203
1.0124,-0.18603,-0.024317
1.0567,-0.20194,-0.028225
1.1022,-0.21778,-0.030516
0.97742,-0.20206,-0.02777
0.8634,-0.18578,-0.025468
0.75936,-0.16913,-0.02366
0.66461,-0.15227,-0.022372
0.57852,-0.13536,-0.02159
0.50051,-0.11852,-0.021299
0.42993,-0.10234,-0.021467
0.36584,-0.088795,-0.022068
0.30783,-0.077828,-0.023075
0.25554,-0.069206,-0.024474
0.28541,-0.08023,-0.019689
0.31691,-0.092387,-0.016491
0.35005,-0.10568,-0.014819
0.38485,-0.1201,-0.014617
0.42131,-0.13566,-0.015808
0.45951,-0.15237,-0.016823
0.49949,-0.17023,-0.016778
0.54125,-0.18925,-0.015721
0.58481,-0.20943,-0.013695
0.63016,-0.23076,-0.01074
0.59435,-0.20978,-0.006842
0.55964,-0.19064,-0.0034092
0.52604,-0.17316,-0.00035498
0.49353,-0.15721,0.0023924
0.46213,-0.14264,0.0048899
0.43183,-0.12933,0.007181
0.40262,-0.11718,0.0092975
0.37451,-0.10609,0.011265
0.34747,-0.095976,0.013099
0.32152,-0.086759,0.014817
0.30694,-0.093727,0.0039441
0.29168,-0.10489,-0.003475
0.27569,-0.12021,-0.0084021
0.25896,-0.13966,-0.011477
0.24146,-0.16325,-0.013136
0.22318,-0.19099,-0.013686
0.20407,-0.2229,-0.013734
0.18407,-0.259,-0.014489
0.16316,-0.29933,-0.015927
0.14134,-0.34393,-0.017965
0.1356,-0.33667,-0.019778
0.13006,-0.32928,-0.022297
0.12472,-0.32178,-0.025573
0.11956,-0.31418,-0.029637
0.11458,-0.30648,-0.034506
0.10975,-0.2987,-0.040187
0.10508,-0.29085,-0.046675
0.10055,-0.28293,-0.053966
0.096153,-0.27496,-0.062045
0.091891,-0.26694,-0.070902
0.13665,-0.2653,-0.053341
0.18606,-0.26519,-0.040609
0.24026,-0.26671,-0.032255
0.29942,-0.26989,-0.027931
0.36369,-0.27481,-0.027363
0.43325,-0.28151,-0.030244
0.50847,-0.29011,-0.032609
0.58959,-0.3007,-0.032454
0.67674,-0.31331,-0.02992
0.77004,-0.32796,-0.025123
0.73073,-0.31676,-0.034688
0.69326,-0.30594,-0.039509
0.65748,-0.29545,-0.041134
0.62325,-0.28526,-0.040445
0.59045,-0.27532,-0.038886
0.55889,-0.26555,-0.038801
0.52852,-0.25597,-0.040078
0.49932,-0.24655,-0.042548
0.47123,-0.2373,-0.046088
0.44423,-0.22822,-0.050598
0.43465,-0.22558,-0.06713
0.42501,-0.22315,-0.086703
0.41534,-0.22092,-0.10868
0.40566,-0.21889,-0.13266
0.396,-0.21706,-0.15833
0.38635,-0.21542,-0.18552
0.37672,-0.21396,-0.21403
0.36713,-0.21269,-0.24376
0.35757,-0.2116,-0.27457
0.34806,-0.2107,-0.30639
0.3154,-0.20784,-0.26229
0.28376,-0.2052,-0.22938
0.25329,-0.20286,-0.20391
0.2241,-0.2009,-0.18365
0.19622,-0.19934,-0.16713
0.16971,-0.19821,-0.15341
0.14456,-0.19753,-0.14181
0.1208,-0.1973,-0.1319
0.098419,-0.19752,-0.12333
0.077427,-0.19821,-0.11587
0.096184,-0.19346,-0.12166
0.11596,-0.18928,-0.12619
0.13674,-0.18567,-0.12961
0.15851,-0.18264,-0.13207
0.18127,-0.18016,-0.1337
0.20501,-0.17824,-0.13463
0.22971,-0.17688,-0.13497
0.25538,-0.17607,-0.13479
0.28199,-0.1758,-0.13419
0.30956,-0.17609,-0.13321
0.28761,-0.20525,-0.13922
0.26451,-0.23961,-0.14555
0.24025,-0.27921,-0.15218
0.21485,-0.32407,-0.15908
0.18828,-0.37421,-0.16625
0.16054,-0.42966,-0.17365
0.13162,-0.49045,-0.18128
0.10151,-0.55657,-0.18911
0.070188,-0.62804,-0.19712
0.037655,-0.70484,-0.20531
0.073973,-0.66921,-0.19404
0.11092,-0.63517,-0.18276
0.14846,-0.60275,-0.17158
0.18657,-0.57196,-0.16059
0.22524,-0.5428,-0.14983
0.26444,-0.5153,-0.13935
0.30417,-0.48946,-0.12917
0.34442,-0.46532,-0.1193
0.38517,-0.44287,-0.10979
0.42642,-0.42215,-0.10062
0.46586,-0.42097,-0.11486
0.50648,-0.42053,-0.13081
0.54831,-0.42083,-0.14843
0.59136,-0.42185,-0.16768
0.63565,-0.42359,-0.18852
0.68117,-0.42603,-0.21093
0.72795,-0.42918,-0.23488
0.77597,-0.43301,-0.26036
0.82526,-0.43754,-0.28736
0.87581,-0.44274,-0.31588
0.82809,-0.44082,-0.31093
0.78111,-0.43952,-0.3039
0.73487,-0.43884,-0.29558
0.68941,-0.43878,-0.28651
0.64475,-0.43934,-0.27698
0.60089,-0.44052,-0.26724
0.55788,-0.44234,-0.25738
0.51572,-0.44481,-0.24751
0.47444,-0.44792,-0.23768
0.43407,-0.4517,-0.22795
0.43976,-0.41397,-0.17622
0.44555,-0.37958,-0.13582
0.45143,-0.34832,-0.10355
0.45737,-0.32,-0.07751
0.46334,-0.29443,-0.056505
0.46934,-0.27144,-0.039728
0.47532,-0.25088,-0.026633
0.48127,-0.23263,-0.016802
0.48716,-0.21656,-0.0099366
0.49296,-0.20258,-0.005793
0.46846,-0.19923,-0.0044743
0.44437,-0.19596,-0.0040905
0.42069,-0.19282,-0.0025322
0.39744,-0.18982,0.00025657
0.37464,-0.18695,0.0041677
0.35231,-0.18422,0.0091162
0.33045,-0.18163,0.015022
0.30909,-0.17918,0.021826
0.28824,-0.17687,0.029464
0.2679,-0.1747,0.037895
0.24973,-0.17239,0.057192
0.23222,-0.17025,0.076952
0.21536,-0.16826,0.096589
0.19913,-0.16642,0.11579
0.18351,-0.16472,0.13433
0.16849,-0.16315,0.15213
0.15407,-0.16172,0.1691
0.14022,-0.16041,0.18526
0.12694,-0.15923,0.20053
0.11422,-0.15817,0.21498
0.15841,-0.16181,0.18237
0.20791,-0.16752,0.15521
0.2628,-0.17529,0.13224
0.32315,-0.18513,0.1126
0.38902,-0.19706,0.095602
0.46049,-0.21109,0.080752
0.53762,-0.22724,0.067638
0.62046,-0.24555,0.055929
0.70907,-0.26604,0.045363
0.80349,-0.28874,0.035718
0.73221,-0.27782,0.036116
0.66466,-0.26893,0.035874
0.60066,-0.26199,0.035278
0.54003,-0.25692,0.034483
0.48262,-0.25366,0.033599
0.42826,-0.25214,0.032676
0.37682,-0.2523,0.031757
0.32816,-0.2541,0.030853
0.28216,-0.25747,0.029979
0.23872,-0.26238,0.029132
0.26339,-0.26689,0.0067897
0.28914,-0.27193,-0.0056265
0.31601,-0.27748,-0.0098321
0.34392,-0.28336,-0.013901
0.37281,-0.28946,-0.02416
0.40268,-0.29581,-0.039954
0.43355,-0.30241,-0.060789
0.46545,-0.30929,-0.086296
0.49837,-0.31645,-0.11617
0.53231,-0.3239,-0.15017
0.519,-0.29701,-0.10181
0.50503,-0.27191,-0.069315
0.49052,-0.24859,-0.047028
0.47557,-0.22704,-0.031776
0.46025,-0.2072,-0.021653
0.44461,-0.18903,-0.015472
0.4287,-0.17249,-0.012451
0.41256,-0.15754,-0.011442
0.39631,-0.14419,-0.0087893
0.37997,-0.13241,-0.0041866
0.38506,-0.14783,0.00040798
0.38873,-0.16782,0.0062719
0.39093,-0.19235,0.013329
0.39164,-0.22139,0.021505
0.39084,-0.25492,0.030719
0.38851,-0.2929,0.040896
0.38462,-0.33533,0.051952
0.37919,-0.38218,0.063812
0.37219,-0.43343,0.076384
0.36363,-0.48906,0.089596
0.3558,-0.44365,0.053185
0.34791,-0.40094,0.028928
0.33986,-0.36085,0.012483
0.3316,-0.32335,0.0014027
0.32307,-0.28841,-0.0057845
0.31426,-0.256,-0.010012
0.30515,-0.22612,-0.011901
0.29574,-0.19875,-0.011936
0.28595,-0.17385,-0.012404
0.27575,-0.15142,-0.014246
0.28615,-0.16666,-0.011583
0.29644,-0.18285,-0.011274
0.30678,-0.20005,-0.0085506
0.31715,-0.21823,-0.0036095
0.32754,-0.2374,0.0030706
0.33795,-0.25753,0.011135
0.34835,-0.27861,0.020312
0.35874,-0.30065,0.03041
0.36913,-0.32363,0.041272
0.3795,-0.34755,0.052778
0.35575,-0.29932,0.022532
0.33285,-0.25625,0.0052118
0.31065,-0.21794,-0.0042954
0.28906,-0.18407,-0.008827
0.26803,-0.15436,-0.010065
0.24752,-0.12855,-0.0095764
0.22744,-0.10642,-0.010328
0.20779,-0.087773,-0.012285
0.18858,-0.072432,-0.015115
0.16982,-0.060239,-0.018579
0.16398,-0.057264,-0.016442
0.15848,-0.054571,-0.014716
0.15329,-0.052158,-0.013296
0.14838,-0.050027,-0.012111
0.14372,-0.048177,-0.011107
0.13928,-0.046609,-0.010245
0.1351,-0.045173,-0.0094945
0.13122,-0.043616,-0.0088356
0.12764,-0.041922,-0.0082509
0.12433,-0.04008,-0.007727
0.14358,-0.048337,-0.015844
0.16433,-0.056608,-0.027982
0.18557,-0.067836,-0.044098
0.20731,-0.081981,-0.064153
0.22957,-0.098982,-0.088086
0.25237,-0.11878,-0.11583
0.27573,-0.14133,-0.1473
0.29967,-0.16658,-0.18243
0.32422,-0.1945,-0.22111
0.3494,-0.22504,-0.2633
0.33211,-0.20142,-0.23676
0.31465,-0.17946,-0.21471
0.29708,-0.15913,-0.19576
0.27949,-0.14046,-0.17911
0.26191,-0.12343,-0.16417
0.2444,-0.10804,-0.15059
0.22701,-0.094288,-0.13811
0.20976,-0.082167,-0.12655
0.19269,-0.071672,-0.11579
0.17585,-0.062801,-0.10572
0.16436,-0.057903,-0.12019
0.15308,-0.053588,-0.13428
0.14203,-0.049778,-0.148
0.13144,-0.045887,-0.16136
0.12135,-0.041759,-0.17438
0.11177,-0.037428,-0.1871
0.10269,-0.032921,-0.19954
0.094105,-0.028265,-0.21172
0.086022,-0.023481,-0.22366
0.078435,-0.018589,-0.2354
0.086021,-0.012698,-0.18864
0.094331,-0.0046117,-0.14876
0.10342,0.0056733,-0.11478
0.11333,0.018176,-0.08603
0.12411,0.032931,-0.062036
0.13582,0.049979,-0.042428
0.14851,0.069369,-0.026936
0.1622,0.091152,-0.015319
0.17696,0.11538,-0.0073845
0.19281,0.14209,-0.0029437
0.17965,0.11819,-0.0082951
0.16718,0.096836,-0.017092
0.15539,0.077819,-0.028513
0.14423,0.060948,-0.042024
0.1337,0.046055,-0.05729
0.12377,0.032991,-0.07407
0.11441,0.021622,-0.092219
0.10563,0.011829,-0.11162
0.097411,0.0035061,-0.13219
0.089745,-0.0034399,-0.15387
0.10634,-0.011419,-0.17683
0.12483,-0.019883,-0.20122
0.14526,-0.028863,-0.22696
0.16765,-0.038392,-0.25402
0.19205,-0.048498,-0.28233
0.21847,-0.05921,-0.31187
0.24695,-0.070552,-0.34257
0.2775,-0.082551,-0.37442
0.31015,-0.095226,-0.40734
0.34491,-0.1086,-0.44133
0.37131,-0.11792,-0.41667
0.39872,-0.12761,-0.39508
0.42714,-0.13768,-0.37582
0.45658,-0.14812,-0.35845
0.48705,-0.15894,-0.34252
0.51853,-0.17015,-0.32782
0.55104,-0.18173,-0.31408
0.58459,-0.19369,-0.30115
0.61919,-0.20602,-0.28886
0.65485,-0.21873,-0.27714
0.66638,-0.2204,-0.2405
0.67805,-0.22198,-0.21037
0.68986,-0.22345,-0.18504
0.70179,-0.22483,-0.16335
0.71384,-0.2261,-0.14454
0.72601,-0.22727,-0.12805
0.73829,-0.22834,-0.11349
0.75068,-0.22932,-0.10057
0.76318,-0.2302,-0.089078
0.77578,-0.23098,-0.078842
0.73737,-0.22669,-0.10369
0.69998,-0.22188,-0.12588
0.66363,-0.21654,-0.14576
0.62832,-0.21066,-0.16376
0.59406,-0.20424,-0.18027
0.56086,-0.19728,-0.19556
0.52873,-0.18976,-0.20987
0.49768,-0.1817,-0.22337
0.46773,-0.17309,-0.23616
0.43887,-0.16391,-0.24836
0.44043,-0.16416,-0.21927
0.44225,-0.16435,-0.19424
0.44432,-0.16446,-0.17232
0.44662,-0.16449,-0.15289
0.44914,-0.16444,-0.1355
0.45186,-0.16431,-0.11984
0.45478,-0.1641,-0.10567
0.45788,-0.16379,-0.092816
0.46115,-0.1634,-0.081168
0.46459,-0.16293,-0.070619
0.46862,-0.15469,-0.054957
0.47354,-0.14393,-0.043265
0.47937,-0.13065,-0.034512
0.4861,-0.11485,-0.027974
0.49374,-0.096532,-0.023158
0.5023,-0.075699,-0.019698
0.51177,-0.052345,-0.017335
0.52217,-0.026467,-0.015867
0.5335,0.0019405,-0.015145
0.54576,0.032884,-0.015049
0.55547,0.010956,-0.016544
0.56546,-0.010437,-0.018086
0.57573,-0.031286,-0.019634
0.58627,-0.051585,-0.021181
0.5971,-0.071326,-0.022735
0.60822,-0.090504,-0.02431
0.61962,-0.10911,-0.025919
0.63131,-0.12714,-0.027574
0.64329,-0.1446,-0.029287
0.65556,-0.16146,-0.031066
0.62815,-0.12126,-0.037987
0.60341,-0.078106,-0.045478
0.58128,-0.03205,-0.052975
0.56169,0.016883,-0.060232
0.54459,0.068674,-0.067158
0.52995,0.12331,-0.073731
0.51771,0.1808,-0.079954
0.50787,0.24112,-0.085844
0.50041,0.30429,-0.091415
0.49531,0.37032,-0.096681
0.48757,0.33345,-0.086729
0.48061,0.29919,-0.079824
0.4744,0.2673,-0.074817
0.46889,0.23755,-0.071043
0.46402,0.20976,-0.068091
0.45975,0.18375,-0.065707
0.45604,0.15938,-0.063725
0.45283,0.13652,-0.062032
0.4501,0.11504,-0.060557
0.44781,0.094839,-0.059241
0.44049,0.091592,-0.11882
0.43215,0.088457,-0.19891
0.42296,0.085443,-0.29569
0.41304,0.082558,-0.40673
0.4025,0.079806,-0.53037
0.39138,0.07719,-0.66557
0.37974,0.074711,-0.81137
0.36762,0.072368,-0.96734
0.35508,0.070162,-1.1327
0.34215,0.068086,-1.3072
0.37235,0.068446,-1.1656
0.40134,0.06899,-1.0514
0.42967,0.069664,-0.95485
0.45763,0.070432,-0.87095
0.48543,0.071275,-0.79593
0.51318,0.07218,-0.72788
0.54096,0.07314,-0.66523
0.56881,0.074148,-0.60715
0.59678,0.075205,-0.553
0.62488,0.076303,-0.50233
0.59322,0.064285,-0.5352
0.56332,0.052529,-0.55641
0.535,0.041084,-0.56924
0.5081,0.029987,-0.57587
0.48252,0.019276,-0.57794
0.45818,0.0089833,-0.57649
0.435,-0.00085742,-0.57233
0.41294,-0.010219,-0.56597
0.39194,-0.019072,-0.55784
0.37196,-0.027393,-0.54823
0.4052,-0.028155,-0.48864
0.43895,-0.028749,-0.44347
0.47341,-0.02921,-0.40853
0.50872,-0.029563,-0.38097
0.545,-0.029824,-0.35891
0.5823,-0.030004,-0.34093
0.62068,-0.030108,-0.32612
0.66017,-0.030141,-0.31374
0.70079,-0.030102,-0.30335
0.74257,-0.029992,-0.29454
0.76456,-0.012622,-0.33286
0.78732,0.0056442,-0.36675
0.81077,0.024795,-0.39731
0.83488,0.044815,-0.42543
0.85958,0.06569,-0.4519
0.88483,0.087403,-0.47726
0.91062,0.10994,-0.50195
0.93691,0.13329,-0.52627
0.96367,0.15742,-0.55039
0.99085,0.18234,-0.57453
0.99806,0.156,-0.50113
1.0046,0.13079,-0.44395
1.0108,0.10659,-0.39702
1.0167,0.083322,-0.35713
1.0224,0.060921,-0.3224
1.0279,0.039328,-0.29171
1.0332,0.0185,-0.26434
1.0384,-0.0016088,-0.23978
1.0434,-0.021033,-0.21771
1.0483,-0.039809,-0.19782
1.0291,0.010551,-0.20451
1.0119,0.061779,-0.20609
0.99651,0.11386,-0.20441
0.98275,0.16678,-0.20064
0.97058,0.22052,-0.19557
0.95993,0.27508,-0.18965
0.95073,0.33044,-0.18324
0.94293,0.38659,-0.17649
0.93648,0.44353,-0.16958
0.93134,0.50125,-0.16255
0.21131,0.032203,-0.044955
0.20485,0.026943,-0.030123
0.19851,0.022064,-0.019768
0.1923,0.017532,-0.012995
0.18622,0.013318,-0.009172
0.18027,0.0093972,-0.0078125
0.17452,0.0057449,-0.0067962
0.16905,0.0023381,-0.0039642
0.16385,-0.00083716,0.00046417
0.15889,-0.003794,0.0063194
0.15346,-0.0040166,0.0024505
0.14827,-0.0042135,-0.00030336
0.14331,-0.0043863,-0.002253
0.13855,-0.0045367,-0.0036046
0.13399,-0.0046663,-0.0045174
0.1296,-0.004777,-0.0050921
0.12538,-0.0048702,-0.0054165
0.12132,-0.0049475,-0.005549
0.11741,-0.0050102,-0.005542
0.11365,-0.0050598,-0.0054276
0.10411,-0.0023963,-0.0051541
0.09518,-2.9312e-05,-0.0054406
0.086832,0.0020609,-0.0062479
0.079031,0.0038926,-0.0075252
0.071747,0.0054838,-0.009234
0.064951,0.0068509,-0.01134
0.058616,0.0080101,-0.013818
0.052717,0.0089763,-0.016643
0.047228,0.0097642,-0.019797
0.042129,0.010387,-0.023264
0.043143,0.015866,-0.029304
0.044419,0.021896,-0.035996
0.04597,0.028501,-0.043304
0.047813,0.035707,-0.051194
0.04996,0.043538,-0.059626
0.052428,0.052018,-0.068564
0.055228,0.06117,-0.077963
0.058375,0.071014,-0.087789
0.061879,0.081572,-0.097995
0.065752,0.092861,-0.10855
0.069513,0.096804,-0.10768
0.073379,0.10082,-0.10713
0.077353,0.10492,-0.10685
0.081439,0.1091,-0.10681
0.085639,0.11334,-0.10698
0.089957,0.11767,-0.10733
0.094395,0.12207,-0.10782
0.098955,0.12654,-0.10845
0.10364,0.13108,-0.10918
0.10845,0.13569,-0.10999
0.1147,0.14369,-0.089556
0.12098,0.15185,-0.072296
0.12729,0.16019,-0.057722
0.13366,0.16872,-0.045458
0.14011,0.17743,-0.0352
0.14665,0.18633,-0.026707
0.1533,0.19542,-0.019784
0.16006,0.2047,-0.014271
0.16693,0.21418,-0.010038
0.17394,0.22385,-0.0069762
0.15772,0.20979,-0.0067534
0.14292,0.19681,-0.0065606
0.12944,0.1848,-0.0064062
0.11717,0.17367,-0.0062934
0.10603,0.16332,-0.0062257
0.095927,0.15369,-0.0062027
0.08679,0.1447,-0.0062251
0.078549,0.13629,-0.0062907
0.071139,0.1284,-0.006399
0.064502,0.12099,-0.0065472
0.064591,0.12463,-0.0019787
0.064814,0.12818,-0.00095972
0.065131,0.13174,0.0017964
0.065519,0.13532,0.0074486
0.06597,0.13894,0.01563
0.06648,0.14258,0.026041
0.067046,0.14627,0.038432
0.067666,0.14998,0.052595
0.068338,0.15373,0.068343
0.069065,0.15751,0.085526
0.076887,0.17309,0.062319
0.085089,0.1896,0.044027
0.093691,0.20707,0.029773
0.10272,0.22552,0.018881
0.11218,0.24499,0.010796
0.1221,0.26549,0.0050681
0.13249,0.28703,0.0013189
0.14337,0.30962,-0.00076864
0.15473,0.33327,-0.0014574
0.16663,0.35795,-0.0020876
0.16377,0.35402,-0.00018409
0.16101,0.35038,0.006752
0.15836,0.347,0.018202
0.15583,0.34382,0.033075
0.15344,0.34082,0.050636
0.1512,0.33796,0.070374
0.14911,0.33523,0.091921
0.14711,0.33264,0.11501
0.14503,0.33026,0.13943
0.14286,0.32809,0.16505
0.1291,0.29822,0.17876
0.11627,0.27057,0.19292
0.10431,0.24498,0.20741
0.093166,0.22129,0.22217
0.082796,0.19939,0.23713
0.07321,0.17913,0.25227
0.064377,0.1604,0.26751
0.056258,0.14311,0.28286
0.048811,0.12717,0.29827
0.042003,0.1125,0.31374
0.043581,0.11305,0.27054
0.045143,0.11355,0.23405
0.046449,0.11411,0.20279
0.047379,0.1148,0.17577
0.047967,0.11559,0.15221
0.048241,0.11649,0.13153
0.048222,0.11748,0.1133
0.047931,0.11855,0.097151
0.047379,0.11971,0.082823
0.046582,0.12096,0.070084
0.052621,0.12871,0.060098
0.058524,0.13691,0.051097
0.064297,0.14557,0.042989
0.069944,0.15468,0.035681
0.075469,0.16425,0.029111
0.080875,0.17428,0.023208
0.086163,0.18477,0.01793
0.091527,0.19564,0.013227
0.097303,0.20673,0.0090725
0.1035,0.21803,0.0054243
0.097943,0.20734,0.0080949
0.092786,0.1971,0.010575
0.088012,0.18728,0.012857
0.083598,0.17786,0.014941
0.079326,0.1689,0.016843
0.075099,0.16042,0.018578
0.070908,0.15241,0.020167
0.066745,0.14483,0.021624
0.062602,0.13767,0.022971
0.058471,0.1309,0.024217
0.059984,0.13147,0.016588
0.061282,0.13213,0.010446
0.062375,0.13289,0.0055921
0.063269,0.13374,0.0018641
0.06397,0.13468,-0.00086649
0.064553,0.13569,-0.0027071
0.065296,0.13661,-0.0037466
0.066229,0.13745,-0.0040676
0.067338,0.13818,-0.0045137
0.068614,0.1388,-0.005563
0.063982,0.13051,-0.005036
0.059675,0.12262,-0.0045664
0.055677,0.1151,-0.0041442
0.051968,0.10794,-0.003762
0.048532,0.10111,-0.0034153
0.045355,0.094604,-0.0030996
0.042398,0.088416,-0.0028115
0.039537,0.082583,-0.0025477
0.036749,0.077096,-0.0023066
0.034034,0.071937,-0.0020866
0.036354,0.079028,-0.0029421
0.038335,0.086721,-0.0044649
0.039956,0.095041,-0.0066367
0.041198,0.10401,-0.0094377
0.042039,0.11366,-0.012847
0.042458,0.124,-0.016842
0.042432,0.13506,-0.021401
0.041939,0.14686,-0.0265
0.040956,0.15942,-0.032116
0.039462,0.17275,-0.038227
0.03557,0.15852,-0.029435
0.031847,0.14514,-0.022438
0.028298,0.13256,-0.016849
0.024924,0.12075,-0.012394
0.021724,0.10968,-0.008872
0.018698,0.099315,-0.0061329
0.015845,0.089631,-0.0040629
0.013163,0.080598,-0.002574
0.01065,0.07219,-0.0015971
0.0083036,0.064381,-0.0010772
0.0072691,0.060996,-0.0010843
0.0063124,0.057765,-0.0011478
0.0054292,0.054683,-0.0012611
0.0046161,0.051741,-0.0014186
0.0038694,0.048935,-0.0016159
0.0031858,0.046257,-0.0018492
0.0025618,0.043702,-0.0021156
0.0019945,0.041265,-0.0024125
0.0014808,0.03894,-0.0027379
0.0010178,0.036723,-0.00309
-0.0015001,0.033242,-0.0018567
-0.0038785,0.030087,-0.001008
-0.0061253,0.02724,-0.00049035
-0.0082478,0.024685,-0.00026006
-0.010253,0.02241,-0.00016
-0.012146,0.020403,0.00013381
-0.013934,0.018651,0.0006169
-0.015622,0.017143,0.0012715
-0.017215,0.01587,0.0020835
-0.018716,0.014822,0.0030419
-0.019589,0.014448,0.0027923
-0.02044,0.014137,0.0025533
-0.021272,0.013886,0.0023243
-0.022083,0.013693,0.0021053
-0.022876,0.013556,0.0018961
-0.023651,0.013473,0.0016966
-0.024409,0.013444,0.0015067
-0.025149,0.013466,0.0013264
-0.025872,0.013539,0.0011556
-0.026577,0.013663,0.0009944
-0.025103,0.012925,0.00039643
-0.02368,0.012211,2.6361e-05
-0.022309,0.011521,-0.00014764
-0.020988,0.010854,-0.00017885
-0.019713,0.010209,-0.00030272
-0.018485,0.0095856,-0.00055386
-0.017302,0.0089845,-0.00091605
-0.016164,0.0084054,-0.001375
-0.015069,0.0078479,-0.0019188
-0.014017,0.0073122,-0.0025368
-0.013271,0.0067673,-0.0014412
-0.012508,0.0063158,-0.000689
-0.011753,0.0059069,-0.00024573
-0.011054,0.0054463,-8.3373e-05
-0.010412,0.0049346,2.5836e-05
-0.0098282,0.0043742,0.00037046
-0.0093009,0.003767,0.00093781
-0.0088293,0.003114,0.0017168
-0.008413,0.0024151,0.0026995
-0.0080522,0.001669,0.0038808
-0.0089841,0.0024671,0.0038787
-0.010009,0.0032974,0.0038744
-0.01113,0.0041603,0.0038675
-0.012352,0.005056,0.0038586
-0.013678,0.0059847,0.0038476
-0.015113,0.0069463,0.0038353
-0.016661,0.0079405,0.003822
-0.018326,0.0089673,0.0038084
-0.020113,0.010026,0.003795
-0.022026,0.011117,0.0037827
-0.022567,0.011323,0.0013007
-0.023142,0.011483,0.00010135
-0.023752,0.011601,-0.00019281
-0.024387,0.011701,-0.0013813
-0.02505,0.011786,-0.0037154
-0.025744,0.011857,-0.0071727
-0.026476,0.011914,-0.011737
-0.027248,0.011956,-0.017394
-0.028065,0.011984,-0.024131
-0.028931,0.011995,-0.031934
-0.032397,0.012572,-0.029194
-0.036139,0.013109,-0.02662
-0.040168,0.013607,-0.024204
-0.044497,0.014067,-0.021944
-0.049138,0.01449,-0.019834
-0.054104,0.014875,-0.01787
-0.059407,0.015223,-0.016047
-0.065059,0.015534,-0.014362
-0.071072,0.01581,-0.012809
-0.077456,0.01605,-0.011383
-0.071131,0.012319,-0.0072472
-0.065229,0.0088667,-0.0041988
-0.059727,0.0056772,-0.0020864
-0.054604,0.0027371,-0.00078992
-0.049841,3.3033e-05,-0.00021325
-0.045419,-0.0024503,-7.5642e-05
-0.041325,-0.0047384,0.00053228
-0.037541,-0.006842,0.001668
-0.034053,-0.0087695,0.0032884
-0.030846,-0.010529,0.0053584
-0.02665,-0.0096916,0.0096137
-0.022913,-0.0089482,0.01467
-0.019583,-0.0082827,0.02038
-0.016614,-0.0076814,0.02664
-0.013968,-0.0071327,0.033371
-0.011612,-0.0066264,0.040525
-0.009519,-0.0061541,0.048064
-0.0076679,-0.0057084,0.055971
-0.0060422,-0.0052832,0.06423
-0.0046305,-0.0048733,0.072842
-0.0040696,-0.0035759,0.055895
-0.0036002,-0.002498,0.042421
-0.0032109,-0.0016095,0.031721
-0.0028919,-0.00088526,0.023268
-0.0026345,-0.00030366,0.016641
-0.0024314,0.00015391,0.011507
-0.0022758,0.00050348,0.0075958
-0.0021619,0.00075902,0.0046874
-0.0020848,0.0009325,0.0026023
-0.0020403,0.0010339,0.0011971
-0.0021857,0.0010023,0.0012511
-0.0023613,0.00091013,0.0013
-0.0025661,0.00075603,0.0013423
-0.0027997,0.00053884,0.0013763
-0.0030616,0.0002574,0.0014014
-0.0033516,-8.943e-05,0.0014169
-0.0036695,-0.00050271,0.0014231
-0.0040154,-0.00098345,0.0014197
-0.0043892,-0.0015326,0.0014076
-0.0047912,-0.0021511,0.0013871
-0.0045702,-0.0022737,0.001896
-0.0043571,-0.0023894,0.0024695
-0.0041521,-0.0024989,0.0031043
-0.0039555,-0.0026024,0.0037966
-0.0037673,-0.0027006,0.0045443
-0.0035878,-0.0027937,0.0053446
-0.0034172,-0.0028823,0.0061955
-0.0032557,-0.0029668,0.0070953
-0.0031036,-0.0030475,0.0080427
-0.0029612,-0.0031249,0.0090364
-0.0031101,-0.0025666,0.012619
-0.0033308,-0.0019718,0.016871
-0.003634,-0.0013355,0.021838
-0.0040326,-0.00065388,0.027562
-0.0045415,7.6048e-05,0.034084
-0.0051771,0.00085632,0.041439
-0.0059573,0.0016882,0.049652
-0.0069012,0.0025722,0.058747
-0.0080291,0.0035083,0.068724
-0.009362,0.0044961,0.07959
-0.010743,0.0055869,0.07695
-0.012307,0.0066142,0.074487
-0.013818,0.0080224,0.07216
-0.015272,0.0098333,0.069947
-0.01667,0.012057,0.067822
-0.018015,0.014704,0.065774
-0.019307,0.017788,0.063787
-0.020547,0.021323,0.061858
-0.021734,0.025324,0.059979
-0.022869,0.029807,0.05815
-0.024179,0.028986,0.067207
-0.025467,0.028236,0.076593
-0.026734,0.027556,0.086264
-0.02798,0.026946,0.096183
-0.029206,0.026407,0.10631
-0.03041,0.025938,0.11662
-0.031594,0.025539,0.12706
-0.032757,0.02521,0.13764
-0.033899,0.02495,0.1483
-0.035021,0.02476,0.15904
-0.034737,0.023423,0.1006
-0.034435,0.022268,0.059367
-0.034117,0.021272,0.031102
-0.033782,0.020415,0.012956
-0.033429,0.019682,0.002988
-0.033056,0.01906,-0.00010469
-0.032657,0.018511,-0.0030676
-0.032225,0.017995,-0.011603
-0.031754,0.017506,-0.025486
-0.031239,0.017038,-0.044666
-0.030373,0.01651,-0.044479
-0.029601,0.015869,-0.044303
-0.028926,0.015106,-0.044124
-0.028343,0.014223,-0.043949
-0.02785,0.013221,-0.043764
-0.027445,0.012101,-0.043576
-0.027126,0.010865,-0.043375
-0.02689,0.0095119,-0.043167
-0.026737,0.0080424,-0.042943
-0.026665,0.0064557,-0.042709
-0.027508,0.0056258,-0.044513
-0.028398,0.0047152,-0.046414
-0.029334,0.0037222,-0.048406
-0.030319,0.002645,-0.050498
-0.031353,0.001482,-0.052684
-0.032437,0.00023169,-0.054972
-0.033572,-0.0011078,-0.057356
-0.03476,-0.0025377,-0.059845
-0.036,-0.0040598,-0.062432
-0.037294,-0.0056751,-0.065123
-0.040588,-0.0076777,-0.076651
-0.044166,-0.0098912,-0.088988
-0.048042,-0.012325,-0.10207
-0.052226,-0.014987,-0.11585
-0.056731,-0.017886,-0.13025
-0.061565,-0.021027,-0.14523
-0.066739,-0.024417,-0.16071
-0.072262,-0.028061,-0.17667
-0.078141,-0.031962,-0.19301
-0.084384,-0.036124,-0.20973
-0.088657,-0.036705,-0.21956
-0.093059,-0.037267,-0.22962
-0.097591,-0.03781,-0.23988
-0.10225,-0.038332,-0.25034
-0.10704,-0.038833,-0.26094
-0.11197,-0.039311,-0.27169
-0.11702,-0.039767,-0.28253
-0.1222,-0.040198,-0.29347
-0.12751,-0.040605,-0.30444
-0.13296,-0.040986,-0.31545
-0.13371,-0.050767,-0.34066
-0.13469,-0.060846,-0.36594
-0.13592,-0.071221,-0.39121
-0.13738,-0.081886,-0.41651
-0.13908,-0.092838,-0.44174
-0.14103,-0.10407,-0.46694
-0.14322,-0.11558,-0.49202
-0.14567,-0.12736,-0.51703
-0.14836,-0.13941,-0.54185
-0.1513,-0.15172,-0.56655
-0.14531,-0.15036,-0.50215
-0.13973,-0.1493,-0.44995
-0.13455,-0.14847,-0.40654
-0.12972,-0.14782,-0.36977
-0.12523,-0.14733,-0.3381
-0.12106,-0.14697,-0.31043
-0.11718,-0.14671,-0.286
-0.11358,-0.14654,-0.26419
-0.11025,-0.14645,-0.2446
-0.10718,-0.14641,-0.22685
-0.10896,-0.15488,-0.1833
-0.11099,-0.16334,-0.14699
-0.11325,-0.17178,-0.11662
-0.11576,-0.18021,-0.091168
-0.1185,-0.18865,-0.069916
-0.12148,-0.1971,-0.05225
-0.1247,-0.20556,-0.037745
-0.12816,-0.21404,-0.026008
-0.13185,-0.22254,-0.016765
-0.13578,-0.23107,-0.0097542
-0.13214,-0.22728,-0.011728
-0.12924,-0.22321,-0.013318
-0.12664,-0.21911,-0.014551
-0.12349,-0.21546,-0.015445
-0.11978,-0.21227,-0.016056
-0.11551,-0.20951,-0.016415
-0.1107,-0.20717,-0.016572
-0.10536,-0.20524,-0.016555
-0.099494,-0.20371,-0.016403
-0.09311,-0.20257,-0.016135
-0.078814,-0.18446,-0.03513
-0.065196,-0.16796,-0.059037
-0.052172,-0.15292,-0.086746
-0.039674,-0.13921,-0.1175
-0.027642,-0.12671,-0.15077
-0.016029,-0.11536,-0.18619
-0.0047963,-0.10507,-0.22348
0.0060879,-0.095789,-0.26243
0.016648,-0.087484,-0.30284
0.026901,-0.080122,-0.34461
0.023312,-0.074411,-0.31331
0.020017,-0.06909,-0.28785
0.01699,-0.064126,-0.26673
0.014211,-0.05949,-0.24901
0.011662,-0.055159,-0.2339
0.0093271,-0.051112,-0.22091
0.0071946,-0.04733,-0.2096
0.005252,-0.043796,-0.19968
0.0034893,-0.040495,-0.1909
0.0018967,-0.037413,-0.18309
0.0023141,-0.031637,-0.17908
0.0026501,-0.026431,-0.17516
0.0029094,-0.021763,-0.17134
0.0030959,-0.017602,-0.1676
0.0032135,-0.01392,-0.16394
0.0032655,-0.010691,-0.16036
0.003255,-0.0078911,-0.15686
0.0031848,-0.005498,-0.15343
0.0030575,-0.0034912,-0.15007
0.0028753,-0.0018525,-0.14676
0.0017369,-0.0027428,-0.13162
0.00053759,-0.0038669,-0.11793
-0.00072504,-0.0052174,-0.10552
-0.0020536,-0.0067888,-0.094208
-0.0034505,-0.0085772,-0.083875
-0.0049182,-0.01058,-0.074402
-0.0064591,-0.012797,-0.06571
-0.0080759,-0.015229,-0.057717
-0.0097708,-0.017877,-0.050374
-0.011546,-0.020744,-0.043625
-0.010046,-0.017889,-0.048497
-0.0086501,-0.015267,-0.053431
-0.0073507,-0.012866,-0.058434
-0.0061405,-0.010675,-0.063495
-0.0050365,-0.0086716,-0.068622
-0.0040626,-0.0068319,-0.073806
-0.0032148,-0.0051493,-0.079054
-0.00249,-0.0036187,-0.084361
-0.0018856,-0.0022366,-0.08973
-0.0014,-0.001001,-0.095157
-0.00065613,0.00013894,-0.10908
-2.5826e-05,0.0011163,-0.12386
0.00048987,0.0019275,-0.13949
0.00088786,0.0025637,-0.15594
0.0011658,0.003021,-0.17316
0.001355,0.0033575,-0.19113
0.0016222,0.0038748,-0.20978
0.0019923,0.0046139,-0.22907
0.0024912,0.005564,-0.24894
0.0031283,0.0067219,-0.26936
0.0026239,0.0058157,-0.25631
0.0022126,0.0050443,-0.24409
0.0018891,0.004406,-0.23255
0.001632,0.0039078,-0.22165
0.0014352,0.0035496,-0.21128
0.0012975,0.0033263,-0.20141
0.0011396,0.0030935,-0.19199
0.00090951,0.0027546,-0.18297
0.00060829,0.0023103,-0.17433
0.00023681,0.0017609,-0.16602
0.0007393,0.0020473,-0.17597
0.0010029,0.0023842,-0.18608
0.0014044,0.0025643,-0.19635
0.002033,0.0025365,-0.20675
0.0028936,0.0022968,-0.21728
0.0039949,0.0018459,-0.22793
0.0053937,0.001272,-0.23866
0.0071141,0.00060278,-0.24948
0.009164,-0.00016391,-0.26035
0.011552,-0.0010308,-0.27128
0.01259,-0.0023216,-0.24894
0.013705,-0.0035379,-0.22876
0.014886,-0.0046892,-0.21039
0.016127,-0.0057837,-0.1936
0.017422,-0.0068278,-0.17819
0.018765,-0.0078309,-0.16397
0.020128,-0.0088399,-0.15082
0.021505,-0.0098692,-0.13862
0.022896,-0.010918,-0.12729
0.024303,-0.011987,-0.11672
0.028138,-0.013987,-0.13537
0.032315,-0.016192,-0.15522
0.036842,-0.018613,-0.17615
0.041727,-0.021257,-0.19797
0.046975,-0.024131,-0.22056
0.052594,-0.027243,-0.24373
0.058589,-0.030599,-0.26736
0.064964,-0.034204,-0.29131
0.071725,-0.038064,-0.31545
0.078875,-0.042181,-0.33969
0.079322,-0.041218,-0.32337
0.079511,-0.040697,-0.3088
0.079454,-0.040598,-0.29562
0.079383,-0.040493,-0.2836
0.079529,-0.03996,-0.27252
0.079882,-0.039015,-0.26225
0.080437,-0.037672,-0.25264
0.081188,-0.035943,-0.24359
0.082132,-0.033838,-0.23503
0.083263,-0.031366,-0.22689
0.088877,-0.030082,-0.19528
0.094877,-0.028301,-0.16777
0.10126,-0.026031,-0.14369
0.10804,-0.023274,-0.1225
0.1152,-0.020029,-0.10381
0.12275,-0.016296,-0.087301
0.1307,-0.012069,-0.072739
0.13905,-0.0073443,-0.059901
0.14781,-0.0021158,-0.04864
0.15698,0.0036219,-0.038803
0.15492,-0.0028204,-0.030548
0.15302,-0.0089194,-0.023524
0.15128,-0.01469,-0.017615
0.14968,-0.020147,-0.0127
0.14824,-0.025303,-0.0086955
0.14692,-0.030169,-0.0055122
0.14575,-0.034756,-0.003086
0.1447,-0.039074,-0.0013504
0.14378,-0.043131,-0.00025418
0.14298,-0.046935,0.00025296
0.14124,-0.04442,-0.0012278
0.13955,-0.041904,-0.0043863
0.1379,-0.039386,-0.0088481
0.13631,-0.036862,-0.014326
0.13475,-0.034331,-0.02061
0.13322,-0.031792,-0.027531
0.13174,-0.029243,-0.034966
0.13029,-0.026684,-0.042815
0.12888,-0.024112,-0.051004
0.1275,-0.021528,-0.059472
0.13851,-0.022222,-0.044189
0.15005,-0.022953,-0.031843
0.16212,-0.023728,-0.022028
0.17475,-0.024551,-0.014412
0.18794,-0.025429,-0.0087177
0.2017,-0.026367,-0.0047092
0.21605,-0.027368,-0.0021874
0.23098,-0.028436,-0.00098025
0.24651,-0.029573,-0.00081342
0.26266,-0.030769,-9.7452e-05
0.2554,-0.032381,0.0067304
0.24831,-0.033908,0.01904
0.24137,-0.035351,0.035765
0.23459,-0.036711,0.056136
0.22796,-0.037988,0.079577
0.22148,-0.039181,0.10566
0.21516,-0.04029,0.13404
0.20899,-0.041313,0.16446
0.20297,-0.04225,0.19668
0.19711,-0.0431,0.23054
0.19463,-0.042923,0.17591
0.19245,-0.042651,0.1342
0.19051,-0.04231,0.10182
0.18876,-0.041919,0.07643
0.18719,-0.041489,0.056394
0.18575,-0.04103,0.040565
0.18445,-0.040547,0.028107
0.18325,-0.040045,0.0184
0.18215,-0.039526,0.010979
0.18114,-0.038993,0.0054794
0.18698,-0.042781,0.0023136
0.19296,-0.046626,4.5853e-06
0.19907,-0.05053,-0.0015329
0.20531,-0.054495,-0.0023749
0.21168,-0.058523,-0.0026904
0.21817,-0.062622,-0.0033923
0.22478,-0.066792,-0.0046391
0.2315,-0.071033,-0.0063895
0.23833,-0.075345,-0.0086036
0.24529,-0.079728,-0.011249
0.25217,-0.083481,-0.012181
0.25915,-0.087301,-0.013331
0.26622,-0.091188,-0.01469
0.27338,-0.095141,-0.016258
0.28063,-0.099159,-0.018026
0.28797,-0.10324,-0.019996
0.2954,-0.10739,-0.022158
0.30291,-0.11161,-0.024512
0.3105,-0.11589,-0.027047
0.31818,-0.12024,-0.029762
0.31619,-0.12424,-0.043288
0.31427,-0.12802,-0.058338
0.31243,-0.13157,-0.074503
0.31065,-0.1349,-0.091519
0.30894,-0.13803,-0.10919
0.3073,-0.14095,-0.12738
0.30573,-0.14367,-0.14598
0.30421,-0.14621,-0.16494
0.30276,-0.14856,-0.18417
0.30136,-0.15073,-0.20365
0.31842,-0.16411,-0.20213
0.33631,-0.17742,-0.20167
0.35503,-0.19067,-0.20198
0.37461,-0.20386,-0.20293
0.39505,-0.21701,-0.20432
0.41635,-0.23011,-0.20608
0.43852,-0.24316,-0.20805
0.46156,-0.25618,-0.2102
0.48518,-0.26969,-0.2124
0.50923,-0.28399,-0.21463
0.49121,-0.27519,-0.26086
0.47362,-0.26661,-0.30658
0.45645,-0.25824,-0.35172
0.4397,-0.25008,-0.39638
0.42333,-0.2421,-0.44058
0.40734,-0.23431,-0.48448
0.39172,-0.22669,-0.52805
0.37644,-0.21924,-0.57144
0.36151,-0.21196,-0.61455
0.3469,-0.20482,-0.65752
0.33897,-0.19518,-0.50782
0.32948,-0.18771,-0.39656
0.32024,-0.17967,-0.31089
0.31185,-0.17026,-0.2434
0.3043,-0.15957,-0.18942
0.2976,-0.14772,-0.14585
0.29171,-0.13476,-0.11063
0.2866,-0.12075,-0.082233
0.28226,-0.10571,-0.05962
0.27866,-0.08969,-0.041942
0.29516,-0.10745,-0.054017
0.31279,-0.1253,-0.066245
0.33159,-0.14325,-0.078373
0.35156,-0.1613,-0.090206
0.37274,-0.17947,-0.10168
0.39512,-0.19775,-0.11273
0.41874,-0.21615,-0.12339
0.44358,-0.23467,-0.13366
0.46967,-0.2533,-0.14359
0.497,-0.27205,-0.15319
0.4951,-0.27309,-0.15869
0.49335,-0.27387,-0.16374
0.49175,-0.27442,-0.16843
0.49027,-0.27475,-0.17283
0.48891,-0.27487,-0.177
0.48766,-0.2748,-0.18097
0.48652,-0.27455,-0.18478
0.48546,-0.27414,-0.18845
0.48438,-0.27377,-0.19199
0.48322,-0.27353,-0.19541
0.4759,-0.27071,-0.18836
0.46844,-0.26859,-0.18196
0.46084,-0.26717,-0.17605
0.4531,-0.26642,-0.17051
0.44522,-0.26633,-0.16526
0.43719,-0.26688,-0.16024
0.429,-0.26805,-0.1554
0.42066,-0.26984,-0.15072
0.41215,-0.27222,-0.14617
0.40348,-0.2752,-0.14174
0.41522,-0.27812,-0.10822
0.42662,-0.28109,-0.083131
0.43778,-0.28413,-0.064296
0.44874,-0.28726,-0.050241
0.45955,-0.2905,-0.039957
0.47023,-0.29385,-0.032711
0.48082,-0.29732,-0.027984
0.49132,-0.30091,-0.025376
0.50176,-0.30462,-0.024588
0.51215,-0.30848,-0.024659
0.50067,-0.30888,-0.02554
0.48879,-0.31007,-0.029321
0.47654,-0.31204,-0.0353
0.46395,-0.31478,-0.042656
0.45103,-0.31826,-0.050916
0.4378,-0.32248,-0.059798
0.42427,-0.32741,-0.06914
0.41044,-0.33304,-0.078834
0.39633,-0.33936,-0.088822
0.38192,-0.34634,-0.099052
0.39308,-0.33486,-0.099949
0.40347,-0.32459,-0.10185
0.41313,-0.31545,-0.10449
0.42212,-0.30741,-0.10769
0.43047,-0.30041,-0.11133
0.43821,-0.2944,-0.11531
0.44536,-0.28934,-0.11956
0.45195,-0.2852,-0.12405
0.458,-0.28194,-0.12872
0.46354,-0.27953,-0.13356
0.46101,-0.27736,-0.13746
0.45851,-0.27526,-0.14087
0.45602,-0.27321,-0.14388
0.45356,-0.27122,-0.14657
0.45111,-0.26929,-0.14897
0.44868,-0.2674,-0.15114
0.44626,-0.26556,-0.15311
0.44386,-0.26377,-0.15489
0.44148,-0.26202,-0.15651
0.4391,-0.26031,-0.15799
0.44307,-0.26678,-0.138
0.44655,-0.27378,-0.12158
0.44956,-0.28132,-0.10783
0.45216,-0.2894,-0.09616
0.45435,-0.29801,-0.086134
0.45616,-0.30716,-0.077439
0.45761,-0.31682,-0.069851
0.4587,-0.32701,-0.063193
0.45945,-0.33769,-0.057342
0.45986,-0.34888,-0.052196
0.46516,-0.34434,-0.036192
0.47008,-0.34008,-0.027378
0.47469,-0.33611,-0.023968
0.47908,-0.33248,-0.022795
0.48343,-0.32933,-0.018533
0.48772,-0.32663,-0.011467
0.49195,-0.32434,-0.0020266
0.49611,-0.32244,0.0094635
0.5002,-0.32091,0.022736
0.50421,-0.31972,0.037585
0.51868,-0.32942,0.0099218
0.53365,-0.33955,-0.0077819
0.54902,-0.35002,-0.01865
0.56473,-0.36079,-0.024665
0.58075,-0.3718,-0.027121
0.597,-0.383,-0.028816
0.61338,-0.3943,-0.03262
0.62991,-0.40571,-0.038164
0.64659,-0.41723,-0.045168
0.66342,-0.42888,-0.053423
0.65357,-0.42675,-0.045546
0.64371,-0.4247,-0.040202
0.63388,-0.42274,-0.036437
0.62409,-0.42088,-0.033698
0.61434,-0.41914,-0.031656
0.60465,-0.4175,-0.030108
0.595,-0.41597,-0.028928
0.5854,-0.41455,-0.028033
0.57586,-0.41324,-0.027366
0.56636,-0.41203,-0.026889
0.5552,-0.3914,-0.027784
0.54383,-0.37241,-0.030954
0.53227,-0.35496,-0.035558
0.52056,-0.33896,-0.041134
0.5087,-0.32433,-0.047414
0.49671,-0.31098,-0.054235
0.48458,-0.29886,-0.061493
0.47232,-0.28789,-0.069116
0.45995,-0.27802,-0.077047
0.44745,-0.26918,-0.085247
0.45998,-0.27796,-0.056298
0.47211,-0.28686,-0.038058
0.48395,-0.29598,-0.02754
0.49556,-0.30536,-0.022771
0.507,-0.31504,-0.022145
0.51841,-0.32515,-0.020118
0.52986,-0.33572,-0.015287
0.54132,-0.34674,-0.0081289
0.55279,-0.35818,0.0010013
0.56426,-0.37005,0.011832
0.549,-0.35462,0.025799
0.53393,-0.34029,0.040895
0.51905,-0.32698,0.056937
0.50433,-0.31463,0.073779
0.48978,-0.30318,0.091294
0.47538,-0.29259,0.10938
0.46112,-0.28281,0.12794
0.447,-0.2738,0.14691
0.43305,-0.26544,0.16618
0.41968,-0.25705,0.18573
0.41291,-0.251,0.11281
0.40743,-0.24495,0.062752
0.40298,-0.23874,0.028584
0.39939,-0.23228,0.0060014
0.39655,-0.22549,-0.0077994
0.39436,-0.21835,-0.014708
0.39276,-0.21082,-0.01621
0.39153,-0.20275,-0.01903
0.3906,-0.19407,-0.025767
0.38995,-0.18482,-0.035887
0.37818,-0.19144,-0.018848
0.36714,-0.19626,-0.014862
0.35715,-0.19974,-0.0093105
0.34828,-0.20206,0.002398
0.34043,-0.20326,0.018578
0.3335,-0.20335,0.038138
0.32744,-0.20238,0.060353
0.32221,-0.20036,0.084722
0.31724,-0.19818,0.11088
0.31172,-0.1971,0.13858
0.31531,-0.19874,0.12437
0.31896,-0.20053,0.11328
0.32264,-0.20247,0.10448
0.32635,-0.20454,0.097398
0.33006,-0.20672,0.091617
0.33377,-0.20902,0.086836
0.33747,-0.21142,0.082824
0.34118,-0.21387,0.079415
0.34498,-0.21627,0.076477
0.34885,-0.21861,0.073914
0.35186,-0.22099,0.083191
0.3549,-0.22325,0.091809
0.35795,-0.22541,0.099829
0.36093,-0.2276,0.10732
0.36382,-0.22987,0.11434
0.36661,-0.2322,0.12095
0.36932,-0.23461,0.12719
0.37194,-0.23708,0.1331
0.37446,-0.23963,0.13872
0.3769,-0.24224,0.14407
0.38799,-0.24819,0.1224
0.39917,-0.25448,0.1045
0.41044,-0.26109,0.089466
0.42179,-0.268,0.076634
0.4332,-0.27519,0.065531
0.44469,-0.28263,0.055809
0.4564,-0.29008,0.047213
0.46835,-0.29749,0.039546
0.48054,-0.30485,0.032666
0.49295,-0.31218,0.026455
0.49926,-0.31593,0.033578
0.50562,-0.31966,0.04002
0.51203,-0.32337,0.045873
0.51851,-0.32707,0.051219
0.52505,-0.33076,0.056151
0.53165,-0.33443,0.060741
0.53833,-0.33809,0.065058
0.54508,-0.34175,0.069151
0.5519,-0.34539,0.073063
0.5588,-0.34903,0.076826
0.55596,-0.34869,0.08994
0.55309,-0.34821,0.102
0.55019,-0.3476,0.11316
0.54727,-0.34687,0.12357
0.54434,-0.34603,0.13332
0.54138,-0.34508,0.14252
0.53841,-0.34402,0.15122
0.53543,-0.34286,0.1595
0.53243,-0.3416,0.16737
0.52942,-0.34024,0.17488
0.53736,-0.34633,0.13304
0.54567,-0.35246,0.10113
0.55429,-0.3586,0.076197
0.56315,-0.36474,0.056343
0.57212,-0.37102,0.040307
0.58114,-0.37748,0.027223
0.59021,-0.38409,0.016495
0.59932,-0.39085,0.0076845
0.60846,-0.39776,0.00048543
0.61762,-0.40479,-0.005351
0.6007,-0.39253,0.0094368
0.58416,-0.38102,0.025746
0.56796,-0.3702,0.042646
0.55219,-0.35986,0.059706
0.5371,-0.34954,0.076767
0.52269,-0.33921,0.093773
0.50891,-0.32888,0.11072
0.49574,-0.31855,0.12762
0.48314,-0.30822,0.14449
0.47109,-0.29789,0.16134
0.45418,-0.28543,0.16483
0.43792,-0.27333,0.16907
0.42227,-0.26156,0.1738
0.40721,-0.25012,0.17887
0.3927,-0.239,0.18416
0.37872,-0.22819,0.18959
0.36524,-0.21767,0.19508
0.35225,-0.20745,0.20063
0.33971,-0.19751,0.20617
0.32762,-0.18785,0.21171
0.31398,-0.17881,0.15048
0.30135,-0.17019,0.10503
0.28956,-0.16193,0.070932
0.27849,-0.15398,0.045354
0.26805,-0.14632,0.026366
0.25818,-0.13892,0.012614
0.24881,-0.13174,0.0031302
0.23992,-0.12478,-0.0028096
0.23145,-0.11802,-0.0057513
0.22338,-0.11144,-0.006263
0.22422,-0.10373,-0.0085189
0.22536,-0.095475,-0.013699
0.22683,-0.086681,-0.021474
0.22863,-0.077344,-0.031582
0.23075,-0.067461,-0.043797
0.2332,-0.05703,-0.057942
0.236,-0.046049,-0.073845
0.23914,-0.034516,-0.091376
0.24263,-0.022429,-0.11039
0.24648,-0.0097893,-0.13079
0.2267,-0.0028754,-0.15077
0.20801,0.0035484,-0.17186
0.19038,0.0094973,-0.19391
0.17375,0.014984,-0.21685
0.15809,0.020022,-0.24052
0.14335,0.024622,-0.26491
0.12951,0.028796,-0.28986
0.11652,0.032552,-0.31537
0.10437,0.035902,-0.34132
0.093027,0.038852,-0.36771
0.097667,0.044241,-0.31186
0.10218,0.049778,-0.26612
0.10663,0.055462,-0.228
0.11104,0.061295,-0.19586
0.11546,0.067276,-0.16846
0.1199,0.073409,-0.1449
0.12437,0.079695,-0.12453
0.1289,0.086135,-0.1068
0.13348,0.092731,-0.091328
0.13813,0.099485,-0.077784
0.13632,0.1101,-0.111
0.13489,0.12069,-0.14741
0.13388,0.13125,-0.18622
0.13331,0.14177,-0.22682
0.13321,0.15225,-0.26873
0.13358,0.16268,-0.31158
0.13446,0.17305,-0.35508
0.13585,0.18336,-0.39905
0.13777,0.19359,-0.44328
0.14022,0.20373,-0.48772
0.14156,0.20302,-0.50121
0.14306,0.20232,-0.51504
0.14472,0.20163,-0.52897
0.14655,0.20095,-0.54298
0.14854,0.20027,-0.55686
0.15069,0.1996,-0.57064
0.15301,0.19893,-0.58415
0.1555,0.19827,-0.59742
0.15814,0.19762,-0.61032
0.16095,0.19697,-0.62289
0.1554,0.19253,-0.70096
0.15001,0.18811,-0.77726
0.14477,0.18372,-0.85174
0.13969,0.17936,-0.92465
0.13477,0.17502,-0.99592
0.13001,0.1707,-1.0659
0.1254,0.16641,-1.1344
0.12095,0.16214,-1.2019
0.11666,0.1579,-1.268
0.11252,0.15368,-1.3331
0.12116,0.16727,-1.1093
0.12937,0.18063,-0.9378
0.13742,0.1938,-0.80076
0.14551,0.20681,-0.68818
0.15372,0.21968,-0.59373
0.16213,0.23244,-0.51303
0.17079,0.2451,-0.44342
0.17974,0.25768,-0.38259
0.18902,0.27019,-0.32927
0.19849,0.28274,-0.28213
0.21374,0.3037,-0.2948
0.22959,0.32551,-0.30366
0.2461,0.3481,-0.30929
0.26327,0.37143,-0.312
0.28109,0.3955,-0.31236
0.29954,0.42028,-0.31069
0.3186,0.44576,-0.30746
0.33827,0.47192,-0.30291
0.35852,0.49875,-0.29739
0.37936,0.52622,-0.29107
0.36935,0.51226,-0.25737
0.35985,0.49901,-0.22995
0.35081,0.48639,-0.20713
0.34221,0.47435,-0.1877
0.33401,0.46285,-0.17094
0.32618,0.45184,-0.15625
0.31871,0.44129,-0.14331
0.31157,0.43116,-0.13177
0.30474,0.42142,-0.12145
0.2982,0.41205,-0.11216
0.29216,0.40294,-0.13407
0.2863,0.39421,-0.1545
0.28054,0.38588,-0.17362
0.27488,0.37795,-0.19156
0.26931,0.37038,-0.20854
0.26382,0.36315,-0.2247
0.25841,0.35626,-0.24019
0.25307,0.34969,-0.25512
0.2478,0.34341,-0.2696
0.2426,0.33741,-0.28369
0.21882,0.30626,-0.21996
0.19717,0.27781,-0.1715
0.17739,0.2518,-0.13375
0.1593,0.22802,-0.10383
0.14274,0.20626,-0.079891
0.12755,0.18634,-0.060621
0.11363,0.16812,-0.045125
0.10087,0.15144,-0.032713
0.089181,0.13619,-0.022892
0.078472,0.12225,-0.015257
0.074971,0.1188,-0.012587
0.071505,0.11544,-0.010308
0.068071,0.11216,-0.0083833
0.064671,0.10897,-0.0067663
0.061304,0.10586,-0.0054275
0.05797,0.10283,-0.0043322
0.054669,0.099884,-0.0034564
0.051402,0.097021,-0.0027751
0.048167,0.094239,-0.0022679
0.044965,0.091538,-0.0019149
0.050861,0.097972,-0.0010996
0.056937,0.10477,0.0024489
0.063187,0.11195,0.0093147
0.069617,0.11952,0.019269
0.076235,0.12747,0.0321
0.083043,0.13582,0.047616
0.090047,0.14455,0.065629
0.097249,0.15367,0.085976
0.10465,0.16317,0.10848
0.11226,0.17306,0.13301
0.11186,0.16746,0.15145
0.11091,0.16247,0.17113
0.10941,0.15806,0.19194
0.10738,0.15423,0.21386
0.10483,0.15094,0.23677
0.10202,0.148,0.26066
0.099752,0.14481,0.28545
0.098073,0.1413,0.31114
0.096981,0.13748,0.3376
0.09648,0.13335,0.36484
0.10454,0.13783,0.33615
0.11298,0.14229,0.31162
0.12181,0.1467,0.29032
0.13106,0.15107,0.27165
0.14074,0.15537,0.25508
0.15085,0.15959,0.24024
0.16141,0.16372,0.22682
0.17242,0.16776,0.21457
0.18389,0.17169,0.20331
0.19582,0.17551,0.19286
0.20245,0.17388,0.15793
0.20909,0.17223,0.12879
0.21575,0.17055,0.1043
0.22245,0.16881,0.083596
0.22922,0.167,0.066056
0.23606,0.16509,0.051178
0.24297,0.16308,0.0386
0.24997,0.16097,0.028006
0.25706,0.15874,0.019169
0.26425,0.1564,0.011883
0.25987,0.13852,0.018824
0.25612,0.12117,0.025471
0.25295,0.10431,0.031732
0.25036,0.087913,0.03757
0.2483,0.071944,0.043011
0.24676,0.056378,0.048075
0.24572,0.04119,0.052808
0.24516,0.026359,0.057238
0.24506,0.011864,0.061409
0.2454,-0.0023132,0.065342
0.22801,-0.0064157,0.074948
0.21173,-0.0099482,0.084669
0.19649,-0.012961,0.094525
0.18222,-0.0155,0.10452
0.16886,-0.017607,0.11468
0.15636,-0.019319,0.125
0.14466,-0.02067,0.13549
0.13373,-0.021693,0.14616
0.1235,-0.022414,0.15701
0.11395,-0.022861,0.16803
0.12099,-0.02233,0.23847
0.12856,-0.021566,0.31787
0.13667,-0.020637,0.40468
0.1453,-0.01961,0.49747
0.15443,-0.018546,0.59482
0.16404,-0.017499,0.69567
0.17412,-0.016516,0.7989
0.18464,-0.015634,0.90394
0.19557,-0.014889,1.0099
0.2069,-0.014305,1.1167
0.19088,-0.035219,0.8755
0.17808,-0.05159,0.70332
0.16769,-0.064628,0.57369
0.15923,-0.075057,0.47263
0.15236,-0.083357,0.3916
0.14684,-0.089866,0.32532
0.14251,-0.094827,0.27026
0.13922,-0.09843,0.22396
0.13689,-0.10082,0.18474
0.13541,-0.10211,0.15127
0.11887,-0.088606,0.1639
0.10356,-0.076711,0.17472
0.089427,-0.066307,0.18411
0.076372,-0.057288,0.19225
0.064332,-0.049553,0.19942
0.053235,-0.043015,0.20573
0.043021,-0.037594,0.21137
0.03363,-0.033222,0.2164
0.025012,-0.029839,0.22096
0.017112,-0.027395,0.22506
0.012781,-0.031405,0.20674
0.0080896,-0.035826,0.18992
0.0030421,-0.040665,0.17442
-0.0023651,-0.045933,0.16006
-0.0081312,-0.051639,0.14671
-0.014267,-0.057798,0.13426
-0.020781,-0.064425,0.12265
-0.027686,-0.071535,0.11177
-0.034994,-0.079146,0.10158
-0.042719,-0.087273,0.092021
-0.046521,-0.095272,0.087028
-0.050477,-0.10365,0.082122
-0.054586,-0.11242,0.077327
-0.058851,-0.12158,0.072623
-0.06327,-0.13114,0.068033
-0.067845,-0.14109,0.06354
-0.072575,-0.15145,0.059164
-0.077461,-0.16221,0.054889
-0.0825,-0.17337,0.050735
-0.087693,-0.18494,0.046688
-0.090397,-0.18365,0.035026
-0.092995,-0.18242,0.025721
-0.095499,-0.18126,0.018335
-0.097921,-0.18017,0.012514
-0.10027,-0.17915,0.0079998
-0.10255,-0.1782,0.0045743
-0.10476,-0.17731,0.0020752
-0.10692,-0.17648,0.00036236
-0.10901,-0.17571,-0.00067257
-0.11106,-0.17501,-0.0011271
-0.10471,-0.17662,-0.0015757
-0.097944,-0.17865,-0.0020379
-0.090749,-0.1811,-0.0025139
-0.083125,-0.18395,-0.003012
-0.075065,-0.18722,-0.003542
-0.066567,-0.19091,-0.0041162
-0.057625,-0.195,-0.0047453
-0.048235,-0.19951,-0.0054403
-0.038393,-0.20444,-0.0062095
-0.028093,-0.20979,-0.0070609
-0.033788,-0.2216,-0.0070912
-0.039726,-0.23379,-0.0073245
-0.045904,-0.24636,-0.0077331
-0.052322,-0.2593,-0.0082952
-0.058978,-0.2726,-0.0089529
-0.065869,-0.28629,-0.0095805
-0.072996,-0.30034,-0.01018
-0.080357,-0.31475,-0.010759
-0.087952,-0.32953,-0.011325
-0.095779,-0.34467,-0.011882
-0.093318,-0.34844,-0.01341
-0.090862,-0.35233,-0.014178
-0.088402,-0.35626,-0.015825
-0.085933,-0.36023,-0.018268
-0.083454,-0.36426,-0.021369
-0.08096,-0.36834,-0.025026
-0.078452,-0.37247,-0.029165
-0.075927,-0.37666,-0.033729
-0.073384,-0.3809,-0.038674
-0.070823,-0.3852,-0.043964
-0.068116,-0.35032,-0.031774
-0.06549,-0.3182,-0.023394
-0.062926,-0.28864,-0.017642
-0.060405,-0.26144,-0.013794
-0.057914,-0.23642,-0.011392
-0.055443,-0.2134,-0.010103
-0.053009,-0.19228,-0.0086696
-0.05062,-0.17293,-0.0065909
-0.048269,-0.15521,-0.0039745
-0.045955,-0.13901,-0.00089778
-0.042884,-0.13076,0.0069357
-0.040036,-0.123,0.016944
-0.037399,-0.11568,0.028743
-0.034961,-0.10877,0.042047
-0.032714,-0.10225,0.056633
-0.030649,-0.096078,0.072338
-0.028759,-0.090247,0.089019
-0.027035,-0.084733,0.10658
-0.025472,-0.079518,0.12492
-0.024061,-0.074589,0.14399
-0.027123,-0.069353,0.12416
-0.029837,-0.06477,0.10774
-0.032213,-0.06077,0.093911
-0.034261,-0.057301,0.082166
-0.035993,-0.054316,0.072073
-0.037421,-0.051778,0.063334
-0.038557,-0.049656,0.0557
-0.039409,-0.047922,0.04899
-0.039983,-0.046554,0.043054
-0.040285,-0.045532,0.037778
-0.04245,-0.047055,0.038969
-0.044494,-0.048777,0.04013
-0.047232,-0.049982,0.041255
-0.050707,-0.05065,0.042342
-0.054953,-0.050763,0.043388
-0.06001,-0.0503,0.04439
-0.065922,-0.049234,0.045345
-0.072738,-0.047532,0.046248
-0.08051,-0.045159,0.047096
-0.089288,-0.042077,0.047886
-0.087055,-0.040318,0.055807
-0.084895,-0.038632,0.0637
-0.082804,-0.037014,0.071533
-0.080778,-0.035459,0.079286
-0.078811,-0.033962,0.086942
-0.076899,-0.032521,0.094494
-0.075041,-0.031132,0.10193
-0.073232,-0.029792,0.10926
-0.071471,-0.028498,0.11646
-0.069754,-0.027247,0.12356
-0.06704,-0.019955,0.17153
-0.064847,-0.013003,0.22503
-0.063153,-0.0063519,0.28352
-0.061944,2.6584e-05,0.34651
-0.061213,0.006153,0.41347
-0.060954,0.012044,0.48397
-0.061164,0.01771,0.55748
-0.061842,0.023163,0.63366
-0.06299,0.028409,0.71197
-0.064607,0.033453,0.79222
-0.068517,0.038104,0.77175
-0.07273,0.042804,0.7574
-0.07722,0.047586,0.74752
-0.081967,0.052473,0.74134
-0.086959,0.057484,0.73788
-0.092186,0.062632,0.73672
-0.097643,0.067928,0.73723
-0.10333,0.073379,0.73919
-0.10924,0.078992,0.74216
-0.11537,0.084771,0.74601
-0.11997,0.087316,0.6494
-0.12502,0.089682,0.56904
-0.13046,0.091906,0.50081
-0.13625,0.094017,0.44201
-0.14235,0.096032,0.39071
-0.14873,0.097969,0.34549
-0.15538,0.099838,0.30537
-0.16229,0.10165,0.26949
-0.16943,0.10341,0.23732
-0.17681,0.10512,0.20833
-0.17274,0.10841,0.19578
-0.16895,0.11138,0.18365
-0.1654,0.11407,0.17206
-0.1621,0.11648,0.16097
-0.15901,0.11864,0.15046
-0.15613,0.12057,0.14046
-0.15345,0.12226,0.13103
-0.15094,0.12375,0.1221
-0.14861,0.12503,0.11368
-0.14644,0.12613,0.10572
-0.14678,0.11687,0.12804
-0.14841,0.10642,0.15056
-0.15133,0.094759,0.17314
-0.15555,0.081848,0.19563
-0.16108,0.067665,0.21796
-0.16796,0.052183,0.24004
-0.1762,0.035378,0.26183
-0.18584,0.017227,0.28329
-0.1969,-0.0022911,0.30439
-0.2094,-0.023196,0.32512
-0.2157,-0.030502,0.31021
-0.22214,-0.03796,0.29708
-0.22871,-0.045568,0.28531
-0.23544,-0.053327,0.27464
-0.2423,-0.061232,0.26482
-0.24931,-0.069279,0.25568
-0.25647,-0.077467,0.24708
-0.26378,-0.085796,0.23892
-0.27122,-0.094265,0.23113
-0.27881,-0.10287,0.22362
-0.28699,-0.1011,0.19891
-0.29527,-0.099135,0.17762
-0.30363,-0.09699,0.15903
-0.3121,-0.094677,0.14261
-0.32068,-0.092203,0.12796
-0.32936,-0.089576,0.11478
-0.33816,-0.086798,0.10286
-0.34706,-0.083873,0.091993
-0.35608,-0.080806,0.082067
-0.36521,-0.077597,0.07295
-0.32746,-0.067939,0.086973
-0.29298,-0.059208,0.10012
-0.26148,-0.05131,0.11261
-0.23273,-0.044168,0.12464
-0.20652,-0.037712,0.13636
-0.18264,-0.031885,0.14788
-0.16092,-0.026633,0.15929
-0.14119,-0.021913,0.17066
-0.12332,-0.017683,0.18203
-0.10716,-0.013909,0.19344
-0.10489,-0.01354,0.17647
-0.10268,-0.013123,0.16144
-0.10051,-0.012666,0.14802
-0.098386,-0.012176,0.13595
-0.096306,-0.011657,0.12502
-0.094268,-0.011114,0.11505
-0.09227,-0.010551,0.10594
-0.090311,-0.0099693,0.097558
-0.08839,-0.0093724,0.089832
-0.086507,-0.0087624,0.082681
-0.082953,-0.013835,0.070447
-0.079782,-0.018605,0.05995
-0.076969,-0.023094,0.0509
-0.074494,-0.027319,0.043059
-0.07234,-0.031296,0.036251
-0.07049,-0.035039,0.030319
-0.06893,-0.03856,0.02515
-0.067647,-0.041868,0.020639
-0.066631,-0.044973,0.016709
-0.065869,-0.047884,0.013289
-0.06597,-0.048087,0.019007
-0.066081,-0.048292,0.025297
-0.066198,-0.048497,0.032059
-0.066318,-0.048706,0.039202
-0.066441,-0.048917,0.046657
-0.066564,-0.049131,0.054359
-0.066685,-0.049348,0.062262
-0.066803,-0.049568,0.07032
-0.066916,-0.049791,0.0785
-0.067025,-0.050016,0.086773
-0.074716,-0.057939,0.059646
-0.083106,-0.066381,0.038155
-0.092222,-0.075389,0.02164
-0.10209,-0.085011,0.0096174
-0.11275,-0.095291,0.0017131
-0.12422,-0.10627,-0.002378
-0.13652,-0.11798,-0.003538
-0.14961,-0.13042,-0.006904
-0.16348,-0.1436,-0.013396
-0.17819,-0.15755,-0.022814
-0.16343,-0.14131,-0.013578
-0.1499,-0.12618,-0.007738
-0.13752,-0.11207,-0.0043467
-0.1262,-0.098901,-0.0027777
-0.11587,-0.086603,-0.0021672
-0.10648,-0.075123,-0.00069966
-0.097947,-0.064399,0.001612
-0.090218,-0.054373,0.0046192
-0.08323,-0.044995,0.0082136
-0.076933,-0.036218,0.012315
-0.078035,-0.028321,0.01216
-0.079722,-0.019976,0.012076
-0.082001,-0.011169,0.012052
-0.08488,-0.0018836,0.012081
-0.088368,0.007897,0.012154
-0.092478,0.018191,0.012266
-0.097225,0.029017,0.012412
-0.10262,0.040397,0.012589
-0.10869,0.052349,0.012794
-0.11544,0.064896,0.013024
-0.11022,0.060039,0.024693
-0.10524,0.055312,0.038719
-0.10046,0.050716,0.054561
-0.095886,0.046252,0.071822
-0.091494,0.041921,0.090193
-0.087276,0.037724,0.10945
-0.083222,0.033661,0.1294
-0.079327,0.029733,0.14992
-0.075584,0.025941,0.17088
-0.071988,0.022286,0.1922
-0.07733,0.025297,0.17299
-0.082884,0.02843,0.15641
-0.088655,0.031695,0.14197
-0.094648,0.035097,0.12932
-0.10087,0.038642,0.11816
-0.10732,0.042338,0.10827
-0.114,0.046188,0.09944
-0.12093,0.050197,0.091533
-0.12809,0.054371,0.084414
-0.1355,0.058712,0.077977
-0.13082,0.056885,0.061015
-0.12637,0.055122,0.047179
-0.12214,0.053422,0.035885
-0.11811,0.051782,0.026688
-0.11427,0.050201,0.019254
-0.11059,0.048675,0.013315
-0.10706,0.047203,0.008667
-0.10369,0.045781,0.0051414
-0.10045,0.044408,0.0026062
-0.097334,0.043081,0.0009479
-0.097286,0.030552,0.0037499
-0.098073,0.017978,0.0080226
-0.099697,0.0053432,0.01351
-0.10216,-0.0073709,0.020011
-0.10548,-0.020181,0.027378
-0.10966,-0.033103,0.035481
-0.11473,-0.046152,0.044221
-0.12071,-0.059341,0.053509
-0.12761,-0.072682,0.063266
-0.13547,-0.086184,0.073428
-0.14241,-0.087453,0.061827
-0.1496,-0.088605,0.051829
-0.15704,-0.089641,0.043191
-0.16472,-0.090558,0.035718
-0.17266,-0.091356,0.029253
-0.18086,-0.092033,0.023663
-0.1893,-0.092586,0.018842
-0.198,-0.093014,0.014698
-0.20696,-0.093314,0.011159
-0.21616,-0.093485,0.0081608
-0.21126,-0.090797,0.0013955
-0.20652,-0.088217,-0.00059565
-0.20192,-0.085742,-0.0023854
-0.19743,-0.083374,-0.0071964
-0.19303,-0.081103,-0.01448
-0.18873,-0.078922,-0.023828
-0.18451,-0.076823,-0.034921
-0.18038,-0.074801,-0.047515
-0.17631,-0.072849,-0.061408
-0.17231,-0.070961,-0.076448
-0.17491,-0.073863,-0.054389
-0.17749,-0.076784,-0.037827
-0.18004,-0.07972,-0.025461
-0.18259,-0.082669,-0.016366
-0.18513,-0.085628,-0.0098595
-0.18767,-0.088596,-0.0054337
-0.19022,-0.091571,-0.0027034
-0.19276,-0.094552,-0.0013747
-0.19531,-0.097537,-0.001123
-0.19788,-0.10052,-0.00040107
-0.19229,-0.10097,-0.0012414
-0.18697,-0.10135,-0.0022301
-0.18191,-0.10165,-0.0045776
-0.17709,-0.10188,-0.0079701
-0.1725,-0.10204,-0.012184
-0.16811,-0.10213,-0.017057
-0.16392,-0.10215,-0.02247
-0.15993,-0.10211,-0.028336
-0.15611,-0.10199,-0.034588
-0.15246,-0.10181,-0.041174
-0.14924,-0.098589,-0.022927
-0.14609,-0.095474,-0.011075
-0.14298,-0.092452,-0.0042574
-0.13993,-0.089512,-0.0014936
-0.13695,-0.086642,-0.00063282
-0.13406,-0.083833,0.0027047
-0.13127,-0.081081,0.0084091
-0.12856,-0.078382,0.016156
-0.12594,-0.075734,0.025684
-0.12339,-0.073136,0.036792
-0.11977,-0.068555,0.038541
-0.11628,-0.064075,0.040454
-0.11292,-0.059695,0.042506
-0.10969,-0.055411,0.04468
-0.10657,-0.05122,0.046955
-0.10357,-0.04712,0.049321
-0.10068,-0.043109,0.051761
-0.097902,-0.039184,0.054266
-0.095227,-0.035343,0.056822
-0.092655,-0.031585,0.059425
-0.084966,-0.024052,0.085825
-0.07793,-0.017031,0.11552
-0.071507,-0.010489,0.14816
-0.065668,-0.0043992,0.18348
-0.060393,0.0012576,0.22126
-0.055664,0.0064954,0.26133
-0.051476,0.011323,0.30348
-0.047827,0.015746,0.34762
-0.04472,0.019765,0.39353
-0.042159,0.023378,0.44116
-0.04403,0.031292,0.4243
-0.046623,0.039408,0.4101
-0.049923,0.047745,0.39788
-0.053925,0.056319,0.38733
-0.058627,0.065146,0.37803
-0.06403,0.07424,0.36983
-0.070141,0.083615,0.36244
-0.076965,0.093284,0.35577
-0.08437,0.10337,0.34963
-0.091902,0.11423,0.34397
-0.089297,0.11227,0.29151
-0.086818,0.11032,0.24836
-0.084437,0.10839,0.21232
-0.082136,0.10648,0.18189
-0.079899,0.10459,0.15595
-0.077717,0.10273,0.13367
-0.07558,0.10089,0.11443
-0.073483,0.099075,0.097725
-0.071422,0.097282,0.083196
-0.06939,0.095512,0.070508
-0.069691,0.098672,0.062902
-0.069776,0.10203,0.055743
-0.069648,0.10559,0.04905
-0.069305,0.10935,0.042799
-0.068747,0.11331,0.037004
-0.067973,0.11747,0.031644
-0.066983,0.12183,0.02673
-0.065774,0.1264,0.022243
-0.064344,0.13116,0.018191
-0.062692,0.13613,0.014559
-0.056604,0.14406,0.01594
-0.049431,0.15285,0.017144
-0.041138,0.16252,0.018171
-0.031693,0.17309,0.019013
-0.02106,0.18458,0.019679
-0.0092096,0.19702,0.020169
0.0038907,0.21041,0.020499
0.018269,0.22478,0.020673
0.033951,0.24014,0.020711
0.050961,0.2565,0.02062
0.047671,0.25228,0.012329
0.044491,0.24821,0.0067536
0.041416,0.24429,0.0032344
0.038442,0.24051,0.0013005
0.035565,0.23686,0.00061545
0.032786,0.23334,0.00018257
0.030107,0.22993,-0.0010503
0.02752,0.22663,-0.0029505
0.025021,0.22343,-0.0054055
0.022604,0.22034,-0.0083289
0.017528,0.22523,-0.0034781
0.012457,0.2303,-0.00085834
0.0073811,0.23552,0.00010313
0.0022875,0.2409,0.00035545
-0.0028367,0.24643,0.0014587
-0.0079931,0.25212,0.0032958
-0.013181,0.25796,0.005711
-0.018402,0.26395,0.0085874
-0.023654,0.27009,0.011841
-0.028938,0.27639,0.015407
-0.025398,0.27741,0.013227
-0.02187,0.27847,0.011442
-0.018351,0.27955,0.0099563
-0.014843,0.28067,0.0086978
-0.011343,0.28181,0.0076156
-0.0078517,0.28297,0.0066707
-0.0043687,0.28417,0.0058349
-0.00089428,0.28539,0.0050861
0.0025723,0.28663,0.0044084
0.0060303,0.28789,0.0037889
0.0019269,0.27022,0.0015041
-0.0016916,0.25352,0.00010042
-0.0048697,0.23773,-0.00064715
-0.0076486,0.22279,-0.00089214
-0.010063,0.20866,-0.0010598
-0.012147,0.19528,-0.001535
-0.013929,0.1826,-0.0022627
-0.015437,0.1706,-0.0032012
-0.016695,0.15924,-0.0043179
-0.017727,0.14848,-0.0055874
-0.010198,0.13508,-0.0071937
-0.0033668,0.12279,-0.0089595
0.0028158,0.11151,-0.010864
0.008393,0.1012,-0.012891
0.013406,0.091768,-0.015027
0.017892,0.083173,-0.017261
0.021887,0.075355,-0.019582
0.025422,0.068263,-0.021983
0.028528,0.061851,-0.024457
0.031232,0.056076,-0.027
0.031219,0.055581,-0.04885
0.031185,0.054989,-0.076444
0.031124,0.05429,-0.10942
0.031031,0.053479,-0.14744
0.030905,0.05255,-0.19018
0.030739,0.051501,-0.23732
0.030533,0.050329,-0.2885
0.030282,0.049035,-0.34345
0.029985,0.047619,-0.4018
0.02964,0.046082,-0.46332
0.029919,0.046579,-0.43787
0.030218,0.047029,-0.41668
0.030534,0.047443,-0.39868
0.030866,0.047825,-0.38329
0.031214,0.048183,-0.36991
0.031576,0.04852,-0.35821
0.031953,0.04884,-0.34782
0.032345,0.049144,-0.33854
0.032749,0.049436,-0.33015
0.033168,0.049718,-0.32252
0.037362,0.05638,-0.28455
0.041735,0.063262,-0.25132
0.046292,0.070381,-0.222
0.05104,0.077751,-0.19596
0.055983,0.085383,-0.17273
0.061126,0.093289,-0.15191
0.066472,0.10148,-0.13323
0.072026,0.10996,-0.11643
0.077791,0.11875,-0.10134
0.08377,0.12784,-0.087755
0.070319,0.12234,-0.068833
0.057856,0.11741,-0.0534
0.046305,0.113,-0.040834
0.035597,0.10908,-0.030629
0.025673,0.1056,-0.022425
0.016476,0.10254,-0.015914
0.0079598,0.099874,-0.010873
7.911e-05,0.097573,-0.0071032
-0.0072045,0.095617,-0.0044594
-0.013926,0.093988,-0.0028077
-0.017306,0.084016,-0.0022814
-0.019933,0.075121,-0.0018397
-0.021871,0.067214,-0.0014929
-0.023178,0.060212,-0.0012437
-0.023905,0.054039,-0.0010766
-0.024097,0.048628,-0.00087756
-0.023795,0.043913,-0.00062691
-0.023035,0.039837,-0.00032637
-0.021845,0.036344,2.0416e-05
-0.020261,0.03338,0.00041199
-0.019963,0.032926,-0.00059551
-0.019656,0.032485,-0.0010157
-0.019351,0.03202,-0.0026031
-0.019047,0.031534,-0.0053137
-0.018744,0.031031,-0.0090622
-0.018443,0.030515,-0.013775
-0.018143,0.029988,-0.019397
-0.017844,0.029454,-0.025873
-0.017545,0.028914,-0.033162
-0.017246,0.028372,-0.041222
-0.01862,0.030376,-0.039995
-0.019985,0.032479,-0.038829
-0.021337,0.034679,-0.037719
-0.022677,0.036978,-0.036662
-0.024022,0.039363,-0.035654
-0.025445,0.04179,-0.034691
-0.026956,0.044256,-0.033769
-0.028554,0.046758,-0.032886
-0.03024,0.049297,-0.03204
-0.032015,0.051872,-0.031229
-0.030588,0.047256,-0.037105
-0.029576,0.042623,-0.043232
-0.02897,0.037974,-0.049584
-0.028762,0.033311,-0.056143
-0.028951,0.028632,-0.062892
-0.029535,0.023936,-0.069821
-0.030516,0.01922,-0.076917
-0.0319,0.014481,-0.084173
-0.033692,0.0097167,-0.091576
-0.035901,0.0049223,-0.099122
-0.033357,0.0030277,-0.11252
-0.030951,0.0012621,-0.12631
-0.028676,-0.00037485,-0.14043
-0.026526,-0.0018829,-0.15487
-0.024496,-0.0032617,-0.16959
-0.022584,-0.00451,-0.18459
-0.020784,-0.0056265,-0.19982
-0.019095,-0.0066095,-0.21528
-0.017515,-0.0074569,-0.23093
-0.016043,-0.0081664,-0.24677
-0.013421,-0.0054602,-0.20207
-0.011252,-0.0031295,-0.16559
-0.0094765,-0.0011104,-0.13551
-0.0080428,0.00064663,-0.11054
-0.0069093,0.0021812,-0.089692
-0.00604,0.0035258,-0.072244
-0.0054044,0.004707,-0.057619
-0.004976,0.0057477,-0.04536
-0.0047326,0.0066668,-0.035111
-0.0046553,0.0074807,-0.026572
-0.0060328,0.0079061,-0.034832
-0.0081788,0.0080278,-0.044659
-0.01121,0.007798,-0.05622
-0.015255,0.0071642,-0.069616
-0.020449,0.0060705,-0.084915
-0.02693,0.00446,-0.10211
-0.03484,0.0022754,-0.12115
-0.044316,-0.00053821,-0.1419
-0.055497,-0.0040348,-0.1642
-0.068512,-0.0082649,-0.18783
-0.068369,-0.0074559,-0.18533
-0.068232,-0.006661,-0.18348
-0.068099,-0.0058779,-0.18215
-0.06797,-0.0051043,-0.1813
-0.067844,-0.004339,-0.18083
-0.06772,-0.0035803,-0.18072
-0.067598,-0.0028272,-0.18088
-0.067478,-0.0020786,-0.18131
-0.067358,-0.001334,-0.18195
-0.067239,-0.0005925,-0.18278
-0.068489,0.0036864,-0.18353
-0.069861,0.0082169,-0.18429
-0.071353,0.013001,-0.18505
-0.072967,0.018041,-0.1858
-0.074702,0.02334,-0.18653
-0.076559,0.028898,-0.18724
-0.078538,0.03472,-0.18791
-0.080638,0.040806,-0.18855
-0.08286,0.047159,-0.18913
-0.085205,0.05378,-0.18968
-0.073,0.043471,-0.1925
-0.062041,0.034433,-0.19551
-0.052237,0.026587,-0.19868
-0.043506,0.019856,-0.202
-0.035773,0.014174,-0.20543
-0.028968,0.0094776,-0.20896
-0.02303,0.0057092,-0.21257
-0.017903,0.0028183,-0.21624
-0.013538,0.00076096,-0.21996
-0.0098909,-0.00050034,-0.22372
-0.0088171,0.0007814,-0.21524
-0.0078779,0.0020539,-0.2075
-0.0070672,0.0033193,-0.20039
-0.0063794,0.0045795,-0.19384
-0.0058097,0.0058364,-0.18777
-0.0053537,0.0070915,-0.18211
-0.0050077,0.0083467,-0.17682
-0.0047684,0.0096033,-0.17185
-0.0046328,0.010863,-0.16718
-0.0045988,0.012127,-0.16275
-0.0056185,0.013971,-0.12319
-0.0067286,0.016002,-0.091497
-0.0079234,0.018211,-0.066124
-0.0091992,0.020596,-0.045906
-0.010554,0.023157,-0.030017
-0.011989,0.025899,-0.017835
-0.013508,0.02883,-0.0089536
-0.015066,0.031984,-0.0030979
-0.016613,0.0354,-0.00011619
-0.018158,0.039083,0.0006193
-0.016738,0.036196,-0.00022835
-0.01535,0.033486,-0.0034481
-0.013985,0.030944,-0.0092018
-0.012643,0.028555,-0.017213
-0.011322,0.026308,-0.0273
-0.010022,0.024193,-0.039331
-0.0087417,0.022203,-0.053224
-0.0074813,0.020333,-0.068911
-0.0062409,0.01858,-0.08635
-0.0050238,0.016941,-0.10549
-0.0064072,0.01988,-0.11496
-0.0077848,0.023244,-0.12472
-0.0095418,0.026886,-0.13474
-0.011747,0.030806,-0.14498
-0.014428,0.035024,-0.15538
-0.017609,0.03956,-0.16593
-0.021319,0.044435,-0.17655
-0.025582,0.049667,-0.18722
-0.030423,0.055277,-0.19788
-0.035868,0.061284,-0.2085
-0.034435,0.060651,-0.16906
-0.033097,0.060108,-0.1366
-0.031857,0.059633,-0.10965
-0.030716,0.059209,-0.087194
-0.029672,0.058825,-0.068445
-0.028722,0.058471,-0.052807
-0.027863,0.058139,-0.039822
-0.027091,0.057823,-0.029124
-0.026403,0.057517,-0.020429
-0.025795,0.057217,-0.013499
-0.025219,0.056584,-0.022627
-0.024621,0.055958,-0.033637
-0.024001,0.055331,-0.046358
-0.023362,0.054696,-0.06063
-0.022706,0.05405,-0.076319
-0.022035,0.053388,-0.093293
-0.021352,0.052706,-0.11144
-0.020659,0.052002,-0.13064
-0.019959,0.051273,-0.15079
-0.019253,0.050519,-0.1718
-0.019651,0.050478,-0.16845
-0.020107,0.0504,-0.16538
-0.020619,0.050287,-0.16253
-0.021189,0.050139,-0.15988
-0.021818,0.049957,-0.15739
-0.022505,0.049742,-0.15506
-0.023251,0.049494,-0.15284
-0.024056,0.049213,-0.15073
-0.02492,0.048902,-0.14871
-0.025844,0.048559,-0.14678
-0.021026,0.042228,-0.10805
-0.017066,0.036597,-0.078431
-0.013853,0.031584,-0.055759
-0.011288,0.027119,-0.038492
-0.0092817,0.023143,-0.025494
-0.0077538,0.0196,-0.015896
-0.0064503,0.016516,-0.0090351
-0.0051016,0.013927,-0.0043858
-0.0037214,0.011761,-0.0015467
-0.0023172,0.0099557,-0.00020503
-0.0016656,0.011613,-0.0010675
-0.00067106,0.01351,-0.0027117
0.00070059,0.015664,-0.0052213
0.0024853,0.018091,-0.0086704
0.0047197,0.02081,-0.013127
0.0074406,0.023837,-0.018635
0.010684,0.027189,-0.025225
0.014487,0.030881,-0.032895
0.018882,0.034929,-0.041627
0.023903,0.039348,-0.051375
0.025073,0.038706,-0.046683
0.026232,0.038078,-0.042358
0.027378,0.037464,-0.038368
0.028512,0.036863,-0.034681
0.029634,0.036274,-0.031275
0.030742,0.035699,-0.028126
0.031839,0.035135,-0.025216
0.032922,0.034585,-0.022527
0.033993,0.034046,-0.020046
0.035051,0.03352,-0.017757
0.038498,0.036992,-0.022445
0.042167,0.040712,-0.027598
0.046064,0.044691,-0.033178
0.050193,0.048936,-0.039145
0.054559,0.053454,-0.04546
0.059166,0.058254,-0.052083
0.064017,0.063342,-0.058974
0.069114,0.068724,-0.0661
0.074459,0.074407,-0.073423
0.080056,0.080394,-0.080917
0.083483,0.077182,-0.077221
0.08686,0.074153,-0.073915
0.090185,0.071304,-0.07093
0.093463,0.068634,-0.06822
0.096692,0.066139,-0.06574
0.099876,0.063816,-0.06346
0.10301,0.061664,-0.061347
0.10611,0.059681,-0.059383
0.10916,0.057864,-0.057545
0.11217,0.056212,-0.055819
0.12313,0.061595,-0.055255
0.13479,0.067287,-0.054713
0.14716,0.073289,-0.054192
0.16026,0.079607,-0.053693
0.1741,0.086241,-0.053217
0.18869,0.093193,-0.052761
0.20404,0.10046,-0.052327
0.22016,0.10805,-0.051914
0.23704,0.11596,-0.05152
0.25468,0.12418,-0.051147
0.23339,0.11786,-0.046505
0.21359,0.11211,-0.042261
0.19517,0.10689,-0.038367
0.17801,0.10215,-0.034781
0.16204,0.097865,-0.031473
0.14715,0.093993,-0.028416
0.13327,0.090508,-0.025588
0.12033,0.087382,-0.022971
0.10826,0.08459,-0.020551
0.096993,0.082111,-0.018311
0.096092,0.078936,-0.027075
0.095195,0.075852,-0.036995
0.094299,0.072856,-0.04786
0.093403,0.069946,-0.059509
0.092505,0.067119,-0.071812
0.091606,0.064374,-0.084676
0.090703,0.06171,-0.098022
0.089795,0.059123,-0.11179
0.088883,0.056614,-0.12594
0.087966,0.054182,-0.14042
0.083302,0.057548,-0.17612
0.078474,0.061379,-0.21429
0.073483,0.065697,-0.25454
0.068329,0.070525,-0.29656
0.063017,0.075883,-0.34002
0.057548,0.081791,-0.38471
0.051926,0.088265,-0.43035
0.046155,0.095322,-0.47682
0.040241,0.10298,-0.52384
0.034187,0.11124,-0.5714
0.020776,0.10301,-0.4278
0.0098251,0.095647,-0.32346
0.0010448,0.089088,-0.2452
-0.0058211,0.083253,-0.18536
-0.010999,0.078068,-0.13895
-0.014682,0.073466,-0.1027
-0.017041,0.069386,-0.074328
-0.018217,0.065774,-0.052178
-0.018329,0.062584,-0.035069
-0.01756,0.05975,-0.022083
-0.016545,0.056684,-0.021264
-0.015528,0.053769,-0.020358
-0.014423,0.051021,-0.019405
-0.013227,0.048433,-0.01841
-0.011942,0.045998,-0.0174
-0.010566,0.043708,-0.016379
-0.0090998,0.041557,-0.015366
-0.0075416,0.039536,-0.01436
-0.0058912,0.037641,-0.013378
-0.0041475,0.035865,-0.012416
-0.0037884,0.032966,-0.010513
-0.0034721,0.030258,-0.0087871
-0.0031947,0.027733,-0.0072378
-0.002952,0.02538,-0.0058564
-0.0027405,0.02319,-0.0046409
-0.0025565,0.021155,-0.0035822
-0.0023966,0.019267,-0.0026765
-0.0022575,0.017518,-0.0019152
-0.002136,0.015899,-0.0012935
-0.0020291,0.014403,-0.00080354
-0.0011449,0.015281,-0.001413
8.2037e-06,0.016244,-0.0022064
0.0014458,0.017295,-0.0031895
0.0031845,0.01844,-0.0043647
0.0052416,0.01968,-0.0057362
0.0076353,0.021021,-0.0073014
0.010384,0.022465,-0.0090596
0.013505,0.024017,-0.011003
0.017019,0.025681,-0.013125
0.020942,0.027459,-0.015412
0.016832,0.028736,-0.019645
0.012963,0.030189,-0.024251
0.0093285,0.031823,-0.029203
0.0059248,0.033642,-0.034474
0.0027486,0.035653,-0.040045
-0.00020196,0.037862,-0.045899
-0.0029282,0.040279,-0.052015
-0.0054301,0.042912,-0.058381
-0.007707,0.045769,-0.064976
-0.0097574,0.048859,-0.071786
-0.010506,0.050436,-0.072872
-0.011215,0.052047,-0.074043
-0.011885,0.053692,-0.075289
-0.012515,0.055369,-0.076611
-0.013106,0.057079,-0.077999
-0.013655,0.058821,-0.079455
-0.014163,0.060595,-0.080969
-0.01463,0.062399,-0.082544
-0.015055,0.064233,-0.084171
-0.015438,0.066098,-0.085852
-0.014767,0.064041,-0.063086
-0.014202,0.06201,-0.044998
-0.013753,0.06,-0.030775
-0.013408,0.058013,-0.019805
-0.013157,0.056049,-0.011614
-0.012991,0.054108,-0.0058334
-0.012903,0.05219,-0.0021731
-0.012888,0.050293,-0.00040208
-0.012942,0.048419,1.1951e-05
-0.013057,0.046575,0.001518
-0.011561,0.045037,0.0059652
-0.010318,0.043492,0.012899
-0.0093184,0.04194,0.022112
-0.0085572,0.040381,0.033464
-0.0080346,0.038811,0.046852
-0.0075888,0.037265,0.062209
-0.0069384,0.035799,0.079476
-0.0060702,0.034413,0.098615
-0.0049728,0.033109,0.11957
-0.0036328,0.031887,0.14231
-0.0023129,0.033609,0.14349
-0.00062662,0.035443,0.14498
0.0014323,0.037389,0.14673
0.0038705,0.039451,0.14875
0.0066955,0.04163,0.15101
0.0099148,0.043926,0.15351
0.013537,0.046342,0.15622
0.017569,0.048879,0.15915
0.022019,0.051537,0.16228
0.026896,0.054319,0.16562
0.022814,0.056903,0.15188
0.018935,0.0596,0.13996
0.01525,0.06241,0.12952
0.011753,0.065332,0.12029
0.008439,0.068367,0.11208
0.0053025,0.071513,0.1047
0.0023393,0.074774,0.098047
-0.00045428,0.078149,0.091997
-0.0030815,0.081642,0.08647
-0.0055451,0.085253,0.081393
-0.0082348,0.086778,0.075538
-0.010557,0.088402,0.070233
-0.012522,0.090122,0.065403
-0.014137,0.091934,0.060978
-0.015408,0.093835,0.05691
-0.01634,0.095822,0.05315
-0.016939,0.097893,0.049666
-0.017248,0.10004,0.046422
-0.017748,0.10218,0.043391
-0.018574,0.10429,0.040546
-0.01985,0.10867,0.041452
-0.021324,0.11317,0.042322
-0.023001,0.1178,0.043162
-0.024886,0.12257,0.043967
-0.026985,0.12749,0.044743
-0.029302,0.13254,0.045487
-0.031843,0.13775,0.046203
-0.03461,0.14311,0.046888
-0.03761,0.14862,0.04755
-0.040846,0.1543,0.048184
-0.042615,0.16283,0.06558
-0.044401,0.17159,0.084437
-0.046199,0.18058,0.10441
-0.048004,0.1898,0.12521
-0.049814,0.19925,0.14658
-0.051626,0.20892,0.16834
-0.053437,0.21882,0.19031
-0.055244,0.22895,0.2124
-0.05705,0.2393,0.23448
-0.058854,0.24987,0.25652
-0.051953,0.24343,0.20891
-0.046036,0.23707,0.17155
-0.041005,0.23079,0.14159
-0.036781,0.22459,0.11716
-0.033302,0.21847,0.096975
-0.030515,0.21241,0.08012
-0.02838,0.20642,0.065937
-0.026857,0.2005,0.053932
-0.025531,0.19469,0.043746
-0.023764,0.18907,0.035096
-0.024426,0.18837,0.04691
-0.024536,0.18774,0.059369
-0.025492,0.187,0.072289
-0.027399,0.18615,0.085525
-0.030251,0.18518,0.09899
-0.034045,0.18409,0.1126
-0.038784,0.18288,0.12631
-0.044469,0.18156,0.14008
-0.051106,0.18013,0.15387
-0.058701,0.17858,0.16765
-0.055046,0.18715,0.14519
-0.051726,0.19581,0.12615
-0.048719,0.20457,0.10983
-0.046007,0.21344,0.095721
-0.043577,0.22242,0.083432
-0.041415,0.23152,0.07266
-0.039513,0.24074,0.063175
-0.037861,0.2501,0.054783
-0.036455,0.25958,0.047342
-0.035286,0.2692,0.040725
-0.0334,0.26528,0.030593
-0.031672,0.26143,0.022344
-0.030088,0.25766,0.015712
-0.02864,0.25395,0.010478
-0.027318,0.2503,0.0064763
-0.026113,0.24671,0.0035653
-0.025019,0.24318,0.0016353
-0.02403,0.2397,0.00059025
-0.023138,0.23627,0.00033214
-0.022332,0.23289,-0.0001346
-0.021386,0.22869,0.00014075
-0.020488,0.22454,0.00029443
-0.019029,0.2205,0.00037532
-0.017025,0.21657,0.00040641
-0.01449,0.21273,0.0004239
-0.011437,0.20899,0.00045818
-0.0078759,0.20534,0.00050292
-0.0038164,0.20177,0.00055238
0.00073328,0.19828,0.00060379
0.0057669,0.19486,0.00065445
0.0057505,0.20073,-0.00089865
0.0057596,0.20669,-0.0066521
0.0057894,0.21275,-0.016182
0.0058355,0.2189,-0.028883
0.005893,0.22513,-0.044265
0.0059589,0.23145,-0.061934
0.0060297,0.23785,-0.08156
0.0061033,0.24434,-0.10288
0.0061769,0.25091,-0.12566
0.006249,0.25756,-0.14973
0.00046167,0.28482,-0.087885
-0.0049706,0.31354,-0.045952
-0.010102,0.34385,-0.019221
-0.014967,0.37585,-0.0045049
-0.019585,0.40964,0.00050111
-0.023978,0.4453,0.0035703
-0.028157,0.48288,0.013208
-0.032106,0.52245,0.028438
-0.035813,0.56405,0.048424
-0.039259,0.60774,0.072504
-0.037145,0.58984,0.089812
-0.035029,0.57239,0.10877
-0.032908,0.55536,0.12917
-0.030778,0.53875,0.15084
-0.02864,0.52253,0.17359
-0.026489,0.5067,0.19729
-0.024326,0.49124,0.22176
-0.022146,0.47614,0.24691
-0.019952,0.46139,0.27256
-0.017739,0.44699,0.29867
-0.019001,0.41663,0.32185
-0.019233,0.38814,0.34573
-0.018499,0.36138,0.37009
-0.01693,0.3362,0.39486
-0.015914,0.31242,0.41986
-0.015911,0.28992,0.44509
-0.016873,0.26862,0.47038
-0.018754,0.24844,0.49578
-0.021516,0.22931,0.52112
-0.025127,0.21117,0.54646
-0.023825,0.21952,0.51081
-0.022594,0.22793,0.48139
-0.021432,0.2364,0.4566
-0.020336,0.24494,0.43544
-0.019306,0.25356,0.41707
-0.01834,0.26226,0.40095
-0.017435,0.27104,0.38659
-0.016591,0.2799,0.37367
-0.015805,0.28885,0.36193
-0.015077,0.29789,0.35116
-0.012155,0.30047,0.33303
-0.010231,0.30301,0.31602
-0.0092588,0.3055,0.3
-0.008936,0.30798,0.28482
-0.0079234,0.31047,0.27041
-0.0060639,0.313,0.25665
-0.0033863,0.31554,0.24351
8.494e-05,0.3181,0.23091
0.0043274,0.32068,0.21883
0.0093219,0.32326,0.20721
0.010476,0.33474,0.20036
0.011674,0.3464,0.19316
0.012917,0.35824,0.18573
0.014205,0.37025,0.17814
0.015539,0.38244,0.17047
0.016919,0.39479,0.16275
0.018345,0.40731,0.15505
0.019817,0.41999,0.14739
0.021336,0.43283,0.1398
0.022902,0.44583,0.1323
0.015569,0.42368,0.099104
0.0096237,0.4029,0.074106
0.0048893,0.38335,0.054953
0.0012227,0.36491,0.040079
-0.0014966,0.34747,0.028459
-0.0033706,0.33095,0.019349
-0.0044878,0.31528,0.012241
-0.0049238,0.30038,0.0067344
-0.0047498,0.28621,0.0025465
-0.0046734,0.27269,-0.00055286
-0.0045244,0.26897,-0.0017415
-0.0043993,0.26528,-0.0028726
-0.0042995,0.26162,-0.0038868
-0.0042253,0.25799,-0.0047472
-0.0041783,0.25439,-0.0054209
-0.0041588,0.25082,-0.0058896
-0.0041686,0.24728,-0.0061386
-0.0042091,0.24377,-0.006274
-0.0042848,0.24029,-0.0066131
-0.0043964,0.23682,-0.0071759
-0.0030232,0.24166,-0.0070298
-0.0020851,0.24652,-0.0070814
-0.0015758,0.25141,-0.007274
-0.0012874,0.25632,-0.0075628
-0.0006087,0.26128,-0.0078352
0.00049867,0.26627,-0.0080719
0.0020303,0.27129,-0.0082879
0.0039831,0.27635,-0.0084939
0.0063535,0.28145,-0.0086973
0.009139,0.28657,-0.0089038
0.0077559,0.28113,-0.0095404
0.0065422,0.27587,-0.0096631
0.0054831,0.27076,-0.010006
0.0045705,0.26579,-0.010685
0.0037973,0.26095,-0.011629
0.0031578,0.25624,-0.012788
0.0026455,0.25165,-0.01412
0.0022555,0.24717,-0.015596
0.0019822,0.24281,-0.017193
0.0018211,0.23854,-0.018894
0.002089,0.24028,-0.020341
0.0023698,0.24198,-0.021859
0.0026631,0.24365,-0.023442
0.0029692,0.24529,-0.025086
0.0032876,0.24689,-0.026789
0.0036187,0.24847,-0.028545
0.0039619,0.25001,-0.030351
0.0043177,0.25152,-0.032203
0.0046855,0.253,-0.034097
0.0050658,0.25445,-0.036029
0.0059902,0.26099,-0.040901
0.007039,0.2676,-0.04578
0.0082111,0.27428,-0.050631
0.0095066,0.28104,-0.055431
0.010924,0.28788,-0.060162
0.012463,0.2948,-0.064812
0.014122,0.30179,-0.069371
0.015901,0.30886,-0.073836
0.017796,0.31601,-0.078198
0.019809,0.32324,-0.082455
0.021899,0.31874,-0.074151
0.02409,0.31419,-0.067442
0.026381,0.30961,-0.061926
0.028773,0.30502,-0.05731
0.031266,0.30043,-0.053392
0.033859,0.29583,-0.050021
0.03655,0.29125,-0.047088
0.03934,0.28667,-0.044504
0.042227,0.28211,-0.042205
0.045211,0.27757,-0.04014
0.055947,0.26308,-0.060188
0.067974,0.24871,-0.084002
0.081296,0.23447,-0.11079
0.095923,0.22036,-0.13997
0.11187,0.20637,-0.17114
0.12914,0.19253,-0.20398
0.14776,0.17882,-0.23824
0.16774,0.16526,-0.27375
0.1891,0.15185,-0.31034
0.21183,0.13861,-0.3479
0.1969,0.14048,-0.36445
0.18296,0.1424,-0.38045
0.16994,0.14435,-0.39581
0.15778,0.14634,-0.41062
0.14642,0.14838,-0.42478
0.13581,0.15045,-0.43837
0.1259,0.15257,-0.45129
0.11664,0.15474,-0.46364
0.108,0.15695,-0.47531
0.099939,0.15921,-0.4864
0.10761,0.15908,-0.45242
0.11545,0.15867,-0.42488
0.12345,0.15804,-0.40209
0.13161,0.15724,-0.38298
0.13994,0.15631,-0.36668
0.14842,0.15527,-0.3526
0.15707,0.15415,-0.34027
0.16588,0.15296,-0.32935
0.17484,0.15171,-0.31958
0.18396,0.15042,-0.31074
0.17707,0.14938,-0.2461
0.17056,0.14797,-0.19456
0.16439,0.14631,-0.15295
0.15853,0.14448,-0.11908
0.15294,0.14252,-0.09146
0.14761,0.14049,-0.06894
0.14251,0.13839,-0.050719
0.13762,0.13627,-0.036126
0.13293,0.13412,-0.024687
0.12843,0.13197,-0.01598
0.12939,0.11623,-0.023724
0.13035,0.1016,-0.032139
0.13132,0.088038,-0.040859
0.13228,0.075495,-0.049635
0.13324,0.063931,-0.058356
0.1342,0.053311,-0.066935
0.13517,0.043596,-0.075354
0.13615,0.034754,-0.083587
0.13713,0.026755,-0.091645
0.13813,0.019571,-0.099522
0.13916,0.021602,-0.11583
0.1402,0.023772,-0.13247
0.14125,0.026085,-0.14935
0.1423,0.028548,-0.16639
0.14335,0.031161,-0.18354
0.14441,0.03393,-0.20075
0.14548,0.036855,-0.21798
0.14655,0.039939,-0.23522
0.14762,0.043182,-0.25242
0.1487,0.046586,-0.26958
0.15035,0.042609,-0.20833
0.15208,0.038664,-0.16039
0.15389,0.034792,-0.12239
0.15576,0.03102,-0.092075
0.15768,0.027365,-0.067845
0.15966,0.023837,-0.048544
0.16168,0.020444,-0.033323
0.16374,0.017192,-0.021529
0.16584,0.014083,-0.01267
0.16797,0.011122,-0.0063474
0.16099,0.015017,-0.0091421
0.15424,0.019103,-0.012069
0.14771,0.023377,-0.015068
0.14139,0.027836,-0.018086
0.13529,0.032477,-0.021105
0.12938,0.037299,-0.024102
0.12368,0.042299,-0.027074
0.11817,0.047477,-0.030013
0.11285,0.052833,-0.032923
0.10772,0.058367,-0.035801
0.097609,0.060497,-0.034132
0.088328,0.062657,-0.032415
0.079815,0.06485,-0.030673
0.072011,0.067077,-0.02892
0.064863,0.069339,-0.027172
0.058323,0.071636,-0.025435
0.052348,0.073971,-0.02372
0.046898,0.076342,-0.02203
0.041939,0.07875,-0.020373
0.037439,0.081195,-0.01875
0.034439,0.080847,-0.0095462
0.031627,0.080485,-0.0033366
0.028995,0.080114,0.00040749
0.026534,0.079736,0.0020933
0.024237,0.079338,0.002545
0.0221,0.078859,0.0041684
0.020118,0.078299,0.0070713
0.018288,0.077666,0.011092
0.016607,0.076968,0.0161
0.015071,0.076211,0.021985
0.014268,0.076359,0.013813
0.013538,0.076442,0.0082
0.012874,0.076467,0.0046709
0.012269,0.076443,0.0028635
0.011718,0.076377,0.0024309
0.011214,0.076326,0.0015546
0.010751,0.076308,-0.00036968
0.010327,0.076316,-0.0031963
0.0099397,0.076345,-0.0068052
0.0095868,0.076389,-0.011097
0.010277,0.073774,-0.0108
0.011136,0.07122,-0.010554
0.01216,0.06872,-0.010349
0.013345,0.066269,-0.010181
0.014688,0.063862,-0.010043
0.016186,0.061493,-0.009931
0.017837,0.05916,-0.0098405
0.019638,0.056858,-0.0097691
0.021588,0.054583,-0.0097132
0.023687,0.052331,-0.0096711
0.020569,0.051972,-0.0080672
0.017768,0.051644,-0.006682
0.015277,0.051341,-0.0054824
0.013088,0.051058,-0.0044428
0.011194,0.050791,-0.0035413
0.009588,0.050535,-0.002761
0.0082649,0.050284,-0.002087
0.0072191,0.050035,-0.001508
0.0064461,0.049782,-0.0010138
0.0059416,0.04952,-0.00059674
0.0063725,0.047097,-0.00046859
0.0072001,0.044681,-0.00036862
0.0084143,0.042272,-0.00029203
0.010008,0.039871,-0.00023553
0.011978,0.037477,-0.00019583
0.014324,0.035088,-0.00017067
0.017049,0.032705,-0.00015785
0.020158,0.030325,-0.00015597
0.023659,0.027947,-0.00016358
0.027563,0.02557,-0.00017986
0.031459,0.025316,-0.0013818
0.03571,0.024998,-0.0033913
0.040336,0.024609,-0.006168
0.045358,0.024141,-0.0096711
0.050794,0.023589,-0.013858
0.056664,0.022947,-0.018684
0.062986,0.022208,-0.024103
0.069779,0.021369,-0.03007
0.077058,0.020425,-0.036534
0.084839,0.019372,-0.043453
0.090285,0.018566,-0.030955
0.095859,0.017756,-0.021184
0.10157,0.016934,-0.01372
0.10744,0.016095,-0.0082342
0.11347,0.015232,-0.004458
0.11967,0.014342,-0.0021706
0.12605,0.01342,-0.0011871
0.13261,0.012465,-0.00097819
0.13938,0.011482,6.0299e-05
0.14637,0.010473,0.0019978
0.14455,0.0062075,0.00016076
0.1429,0.002338,-0.00083041
0.14141,-0.001156,-0.0011951
0.14007,-0.0042939,-0.0012779
0.13885,-0.0070965,-0.0016685
0.13774,-0.0095779,-0.0023258
0.13675,-0.011751,-0.0031869
0.13586,-0.013625,-0.0042046
0.13507,-0.015211,-0.0053432
0.13437,-0.016516,-0.0065756
0.12368,-0.015381,-0.005657
0.11365,-0.014305,-0.0049508
0.10423,-0.013283,-0.0044058
0.095395,-0.012312,-0.0039854
0.087122,-0.011391,-0.0036628
0.07938,-0.010516,-0.0034185
0.072142,-0.009686,-0.0032385
0.065385,-0.0088984,-0.0031119
0.059085,-0.0081517,-0.0030315
0.05322,-0.0074442,-0.0029918
0.054971,-0.007592,-0.0011914
0.056747,-0.0077445,-0.00046545
0.058558,-0.0078939,-0.00017591
0.060421,-0.0080243,0.00098637
0.06234,-0.0081364,0.0030174
0.064319,-0.008231,0.0058651
0.066359,-0.0083092,0.0094817
0.068464,-0.0083718,0.013824
0.070635,-0.0084194,0.018851
0.072874,-0.0084526,0.024525
0.077935,-0.0094848,0.030093
0.083185,-0.010536,0.036172
0.088625,-0.011608,0.042746
0.094253,-0.0127,0.049802
0.10007,-0.013814,0.057322
0.10608,-0.014951,0.065295
0.11227,-0.016111,0.073702
0.11866,-0.017294,0.082534
0.12523,-0.018501,0.09177
0.13199,-0.019733,0.1014
0.12349,-0.018789,0.092256
0.11547,-0.017812,0.084317
0.10791,-0.016806,0.077336
0.10076,-0.015815,0.071138
0.093999,-0.014939,0.06558
0.08759,-0.014178,0.060558
0.081516,-0.013528,0.055985
0.07576,-0.012985,0.051797
0.070305,-0.012546,0.047939
0.065135,-0.012208,0.044369
0.062841,-0.012648,0.047655
0.060576,-0.013241,0.051054
0.058334,-0.013986,0.054565
0.056115,-0.01488,0.058186
0.053916,-0.015924,0.061913
0.051734,-0.017118,0.065746
0.049566,-0.018461,0.069682
0.047412,-0.019953,0.073719
0.04527,-0.021594,0.077854
0.043137,-0.023386,0.082086
0.034889,-0.022893,0.077449
0.027612,-0.022576,0.073424
0.021234,-0.022423,0.0699
0.015686,-0.022425,0.066789
0.010911,-0.022574,0.06402
0.0068548,-0.022861,0.061535
0.0034725,-0.02328,0.059287
0.0007251,-0.023826,0.057235
-0.0014193,-0.024495,0.055345
-0.0029857,-0.025284,0.053588
-0.0030345,-0.024125,0.051203
-0.0030533,-0.022986,0.048867
-0.0030449,-0.021867,0.046584
-0.0030118,-0.020768,0.044354
-0.0029565,-0.019689,0.042181
-0.0028815,-0.018632,0.040063
-0.002789,-0.017596,0.038005
-0.0026811,-0.016583,0.036004
-0.0025601,-0.015592,0.034062
-0.0024279,-0.014625,0.032176
-0.002823,-0.016699,0.032575
-0.003249,-0.018928,0.03296
-0.0037071,-0.021315,0.033332
-0.0041981,-0.023863,0.033689
-0.0047231,-0.026574,0.034033
-0.0052828,-0.029452,0.03436
-0.0058788,-0.032498,0.034673
-0.0065117,-0.035716,0.034969
-0.0071825,-0.039108,0.03525
-0.0078917,-0.042676,0.035513
-0.0073229,-0.039792,0.041615
-0.0067752,-0.03703,0.047915
-0.0062464,-0.034385,0.054385
-0.0057357,-0.031854,0.061001
-0.005243,-0.029434,0.067744
-0.0047683,-0.027123,0.074599
-0.0043116,-0.024917,0.08155
-0.0038729,-0.022814,0.088589
-0.0034522,-0.020814,0.095703
-0.0030496,-0.018913,0.10289
-0.002303,-0.016543,0.10158
-0.0013171,-0.014412,0.10043
-0.00010407,-0.012514,0.099407
0.0013269,-0.010841,0.098488
0.0029699,-0.0093898,0.097648
0.0048218,-0.0081557,0.096878
0.0068823,-0.007137,0.096156
0.0091536,-0.0063325,0.095476
0.01164,-0.0057426,0.094822
0.014349,-0.0053684,0.09419
0.01398,-0.0065855,0.098108
0.013539,-0.0080982,0.10206
0.013023,-0.0099129,0.10603
0.012431,-0.012036,0.11002
0.011759,-0.014476,0.11403
0.011004,-0.01724,0.11804
0.010165,-0.020336,0.12207
0.009239,-0.023772,0.12609
0.0082231,-0.027557,0.13011
0.0071152,-0.031699,0.13413
0.011087,-0.031932,0.14749
0.015625,-0.032289,0.16115
0.020749,-0.032773,0.17504
0.026481,-0.03339,0.18913
0.032839,-0.034147,0.20336
0.039844,-0.035047,0.21768
0.047511,-0.036097,0.23204
0.055859,-0.037301,0.24642
0.064903,-0.038665,0.26075
0.074655,-0.040194,0.27504
0.076144,-0.04122,0.25539
0.077579,-0.042243,0.23803
0.078965,-0.043262,0.22252
0.080303,-0.044278,0.20856
0.081597,-0.045289,0.1959
0.082848,-0.046298,0.18435
0.084057,-0.047302,0.17375
0.085227,-0.048303,0.16396
0.086358,-0.049299,0.15488
0.087452,-0.050292,0.14641
0.087803,-0.045037,0.14525
0.088123,-0.04038,0.14419
0.088411,-0.036288,0.14322
0.088664,-0.032734,0.14234
0.08888,-0.029689,0.14153
0.089058,-0.027131,0.14078
0.089194,-0.025038,0.14009
0.089288,-0.023393,0.13944
0.089335,-0.022179,0.13883
0.089333,-0.021382,0.13825
0.086767,-0.021397,0.12351
0.084222,-0.021644,0.11037
0.081694,-0.022105,0.098613
0.079182,-0.02277,0.088028
0.076682,-0.023631,0.078478
0.074191,-0.02468,0.069825
0.071708,-0.025912,0.061975
0.069231,-0.027321,0.054833
0.066756,-0.028904,0.048334
0.064281,-0.030658,0.042411
0.073086,-0.030648,0.042833
0.082442,-0.030905,0.043163
0.092365,-0.03144,0.043411
0.10287,-0.032265,0.043569
0.11398,-0.033395,0.043645
0.1257,-0.034842,0.043632
0.13805,-0.036621,0.043541
0.15104,-0.038745,0.043363
0.16468,-0.041229,0.043108
0.17898,-0.044087,0.042774
0.16265,-0.039853,0.02843
0.14774,-0.03605,0.017915
0.13411,-0.032637,0.010417
0.12165,-0.029577,0.0053347
0.11024,-0.026827,0.0022244
0.09981,-0.024276,0.00074414
0.090269,-0.021884,0.00036778
0.081551,-0.019625,-0.00079243
0.073583,-0.017483,-0.0029332
0.066298,-0.015447,-0.0059241
0.060917,-0.014551,-0.0049399
0.055898,-0.013603,-0.0041398
0.05122,-0.012612,-0.0034816
0.046861,-0.011592,-0.002937
0.042769,-0.01068,-0.0024828
0.03892,-0.0099137,-0.0021026
0.035302,-0.0092812,-0.0017819
0.031902,-0.0087714,-0.0015104
0.028711,-0.0083745,-0.0012792
0.025718,-0.0080812,-0.0010818
0.02087,-0.0073212,-0.0019722
0.016644,-0.0067575,-0.0030823
0.012975,-0.0063727,-0.0044037
0.0098024,-0.0061513,-0.0059303
0.0070739,-0.0060799,-0.0076565
0.0047438,-0.0061477,-0.0095795
0.0027745,-0.0063461,-0.011697
0.0011374,-0.00667,-0.014011
-0.00018615,-0.007117,-0.016522
-0.0012048,-0.0076878,-0.019234
2.164e-05,-0.0085386,-0.014944
0.0020046,-0.0095991,-0.011208
0.0047952,-0.010893,-0.0080005
0.0084743,-0.012451,-0.0053147
0.013145,-0.01431,-0.0031603
0.018927,-0.016507,-0.0015567
0.025948,-0.019084,-0.00052865
0.034347,-0.022084,-0.00010115
0.044263,-0.025552,0.0001055
0.055834,-0.029539,0.00092144
0.056675,-0.029557,0.0027153
0.057514,-0.029584,0.0052826
0.058354,-0.029619,0.0085369
0.059196,-0.029662,0.012405
0.060042,-0.029712,0.016823
0.060894,-0.029769,0.021734
0.061751,-0.029833,0.02709
0.062615,-0.029902,0.032848
0.063486,-0.029977,0.038968
0.064366,-0.030058,0.045418
0.063546,-0.031885,0.048392
0.062687,-0.033852,0.051403
0.061787,-0.035961,0.054442
0.060845,-0.038212,0.057513
0.059861,-0.040608,0.060602
0.058834,-0.043149,0.063716
0.057764,-0.045837,0.066847
0.05665,-0.048674,0.069996
0.055492,-0.051661,0.073154
0.054288,-0.054799,0.076326
0.052738,-0.053022,0.07599
0.051278,-0.05129,0.075762
0.049902,-0.0496,0.075615
0.048606,-0.047951,0.075539
0.047384,-0.046343,0.075515
0.046233,-0.044775,0.075536
0.045149,-0.043245,0.075589
0.044127,-0.041754,0.075669
0.043165,-0.0403,0.075765
0.042258,-0.038883,0.075876
0.046802,-0.042581,0.093215
0.051793,-0.046556,0.11199
0.057253,-0.050817,0.13206
0.063199,-0.055371,0.15329
0.069649,-0.060226,0.17552
0.076615,-0.065386,0.19865
0.084109,-0.070857,0.22252
0.092139,-0.076644,0.24706
0.10071,-0.08275,0.27211
0.10983,-0.089176,0.29764
0.11692,-0.085528,0.22699
0.124,-0.082432,0.17203
0.13108,-0.079796,0.12871
0.13817,-0.077557,0.0944
0.14529,-0.075663,0.067221
0.15245,-0.074077,0.04584
0.15965,-0.072771,0.02928
0.16691,-0.071721,0.016793
0.17423,-0.070911,0.0078189
0.18163,-0.070327,0.0019036
0.17749,-0.064101,0.005285
0.17342,-0.058728,0.0091196
0.1694,-0.054167,0.013215
0.16541,-0.050375,0.017441
0.16144,-0.047321,0.021729
0.15748,-0.044973,0.026025
0.1535,-0.043306,0.03031
0.14957,-0.042094,0.034563
0.14591,-0.040424,0.038784
0.14254,-0.038195,0.042966
0.14352,-0.038788,0.034701
0.14452,-0.039368,0.027609
0.14553,-0.039933,0.021538
0.14656,-0.040484,0.016363
0.14759,-0.04102,0.011985
0.14864,-0.041541,0.0083181
0.1497,-0.042047,0.0052953
0.15078,-0.042538,0.0028562
0.15186,-0.043014,0.00095399
0.15296,-0.043474,-0.00045541
0.14344,-0.040071,-0.00036621
0.13453,-0.036328,-0.00029718
0.12618,-0.032264,-0.00024275
0.11836,-0.027894,-0.00020036
0.11106,-0.023233,-0.0001664
0.10424,-0.018291,-0.00013959
0.097879,-0.013078,-0.00011767
0.091965,-0.0075999,-0.00010013
0.086477,-0.001862,-8.5595e-05
0.081399,0.0041338,-7.4009e-05
0.080777,0.0063405,-0.000639
0.080185,0.0086085,-0.00092712
0.079625,0.010938,-0.00099012
0.079091,0.013331,-0.001118
0.078582,0.015788,-0.0014143
0.0781,0.018309,-0.0018537
0.077643,0.020893,-0.0024147
0.077213,0.023542,-0.0030792
0.076811,0.026255,-0.0038314
0.076435,0.029032,-0.0046583
0.082106,0.030548,-0.0063731
0.088014,0.032151,-0.0083744
0.09416,0.033843,-0.010655
0.10055,0.035627,-0.01321
0.10717,0.037506,-0.016033
0.11405,0.039482,-0.019116
0.12116,0.041557,-0.022454
0.12852,0.043733,-0.026041
0.13612,0.046013,-0.029868
0.14397,0.048397,-0.033931
0.13801,0.047799,-0.043408
0.13223,0.047231,-0.053711
0.12662,0.046687,-0.064762
0.12119,0.046164,-0.076506
0.11591,0.045659,-0.088887
0.1108,0.045169,-0.10187
0.10583,0.044689,-0.11542
0.10101,0.044219,-0.1295
0.096328,0.043754,-0.14408
0.09178,0.043293,-0.15916
0.082453,0.045938,-0.15861
0.073928,0.048356,-0.15831
0.066155,0.050561,-0.15817
0.059092,0.052564,-0.15816
0.052696,0.054377,-0.15823
0.046932,0.05601,-0.15835
0.041766,0.057471,-0.1585
0.037167,0.058768,-0.15867
0.033108,0.05991,-0.15883
0.029564,0.060902,-0.15898
0.028795,0.05709,-0.13052
0.027992,0.053482,-0.10697
0.027167,0.050064,-0.087339
0.026328,0.046823,-0.070903
0.025482,0.043747,-0.05711
0.024633,0.040828,-0.045525
0.023786,0.038057,-0.035814
0.022943,0.035425,-0.027699
0.022107,0.032925,-0.020967
0.021279,0.030551,-0.015431
0.026714,0.028538,-0.019662
0.033426,0.026116,-0.024363
0.041512,0.023252,-0.029519
0.051073,0.019915,-0.035097
0.062215,0.016069,-0.041063
0.075043,0.01168,-0.047364
0.089663,0.0067162,-0.053947
0.10618,0.0011438,-0.060748
0.12469,-0.0050682,-0.067706
0.14528,-0.011949,-0.074753
0.15341,-0.016072,-0.09171
0.16189,-0.020312,-0.10953
0.17074,-0.024668,-0.12806
0.17995,-0.029136,-0.14715
0.18952,-0.033715,-0.16668
0.19946,-0.038401,-0.18656
0.20976,-0.043191,-0.20671
0.22042,-0.04808,-0.22709
0.23143,-0.053066,-0.24761
0.2428,-0.058144,-0.26826
0.23666,-0.054621,-0.27065
0.23079,-0.051122,-0.27372
0.22518,-0.047643,-0.27725
0.21981,-0.044176,-0.28117
0.21468,-0.04072,-0.28533
0.20977,-0.037269,-0.28969
0.20507,-0.03382,-0.29415
0.20057,-0.030371,-0.29871
0.19626,-0.026919,-0.30328
0.19214,-0.02346,-0.30786
0.1875,-0.020209,-0.23616
0.18295,-0.017179,-0.18043
0.17851,-0.014325,-0.13657
0.17418,-0.011612,-0.10183
0.16995,-0.0090186,-0.074289
0.16583,-0.0065258,-0.052564
0.16182,-0.0041209,-0.035647
0.15791,-0.0017918,-0.022753
0.15409,0.00047034,-0.013301
0.15036,0.0026737,-0.0068115
0.1441,0.00017341,-0.0059339
0.13811,-0.002154,-0.0050098
0.13236,-0.0043137,-0.0041016
0.12684,-0.0063101,-0.0032469
0.12155,-0.0081478,-0.0024821
0.11647,-0.0098307,-0.0018282
0.11161,-0.011363,-0.0013045
0.10694,-0.012749,-0.00092058
0.10246,-0.013991,-0.00068434
0.098172,-0.015093,-0.00058804
0.10129,-0.018053,-0.0004389
0.10451,-0.020922,-0.0001151
0.10784,-0.023701,0.0003718
0.11128,-0.02639,0.001013
0.11482,-0.028989,0.0017985
0.11847,-0.031497,0.0027215
0.12222,-0.033915,0.0037731
0.12608,-0.036242,0.0049479
0.13004,-0.038476,0.0062378
0.13411,-0.040618,0.0076384
0.13703,-0.040927,0.0053848
0.14,-0.041152,0.0036186
0.14303,-0.041295,0.0022525
0.1461,-0.041355,0.001218
0.14922,-0.041332,0.00045758
0.1524,-0.041227,-7.4574e-05
0.15562,-0.041039,-0.00041658
0.15889,-0.040768,-0.00059941
0.16222,-0.040413,-0.00065435
0.16559,-0.039975,-0.00074944
0.15985,-0.037744,-0.00085505
0.15435,-0.035582,-0.00101
0.14905,-0.033487,-0.0012071
0.14396,-0.031456,-0.0014403
0.13906,-0.029485,-0.0017052
0.13435,-0.027572,-0.001998
0.12982,-0.025714,-0.0023158
0.12546,-0.023909,-0.0026562
0.12125,-0.022154,-0.0030174
0.11721,-0.020448,-0.0033975
0.10217,-0.017101,-0.003267
0.088661,-0.014077,-0.0031845
0.076561,-0.011353,-0.0031417
0.065753,-0.0089067,-0.0031321
0.056134,-0.0067181,-0.0031514
0.047605,-0.0047675,-0.0031959
0.040076,-0.0030369,-0.0032631
0.033465,-0.0015088,-0.0033508
0.027692,-0.00016681,-0.0034575
0.022687,0.0010049,-0.0035819
0.022092,0.00069457,-0.0027816
0.021519,0.0003951,-0.0020841
0.020967,0.0001064,-0.0014899
0.020436,-0.00017154,-0.000999
0.019925,-0.00043879,-0.00061179
0.019432,-0.00069532,-0.00032844
0.018956,-0.00094121,-0.00014915
0.018498,-0.0011764,-7.4086e-05
0.018057,-0.0014009,-3.4782e-05
0.017632,-0.0016142,0.00010489
0.017167,-0.0021945,-0.00042754
0.016715,-0.0027075,-0.002605
0.016277,-0.0031586,-0.0066526
0.015855,-0.0035511,-0.012509
0.015451,-0.0038862,-0.020153
0.015066,-0.0041632,-0.029592
0.014703,-0.0043799,-0.040845
0.014365,-0.0045322,-0.05394
0.014053,-0.0046153,-0.068891
0.01377,-0.0046227,-0.085714
0.014919,-0.0050227,-0.056987
0.015939,-0.005558,-0.035809
0.016838,-0.006258,-0.020509
0.01764,-0.0071189,-0.0099526
0.018367,-0.0081428,-0.0033841
0.019042,-0.0093357,-0.00035212
0.019689,-0.01071,0.00048322
0.02034,-0.012288,0.004025
0.021012,-0.014089,0.010897
0.021718,-0.016131,0.02122
0.020465,-0.012468,0.021865
0.019147,-0.0095882,0.022552
0.017765,-0.0074293,0.023265
0.016319,-0.0059362,0.024
0.014807,-0.0050635,0.024749
0.013366,-0.0043529,0.02551
0.0122,-0.0031546,0.026283
0.011298,-0.0014663,0.027069
0.010653,0.00071839,0.027866
0.010262,0.0034159,0.028678
0.012171,0.003776,0.037029
0.014322,0.0041843,0.046655
0.01673,0.0046463,0.057571
0.019412,0.005168,0.069779
0.022382,0.0057553,0.083255
0.025654,0.0064149,0.09797
0.029242,0.0071531,0.11387
0.03316,0.0079769,0.13091
0.037419,0.0088931,0.14901
0.042031,0.0099085,0.16812
0.040542,0.0098314,0.12076
0.039167,0.0097146,0.084895
0.037887,0.0095689,0.057722
0.036687,0.009401,0.03733
0.035557,0.0092152,0.022347
0.034484,0.0090141,0.011776
0.033462,0.0087992,0.0048829
0.03248,0.0085711,0.0011167
0.031533,0.0083303,5.0311e-05
0.030614,0.0081005,-0.0013006
0.027913,0.0089294,-0.00018733
0.02543,0.0097244,9.4173e-05
0.023148,0.010478,0.00057412
0.021052,0.011188,0.0016616
0.019129,0.011857,0.0032734
0.017367,0.012485,0.0053425
0.015756,0.013074,0.0078197
0.014287,0.013624,0.010662
0.012952,0.014135,0.013838
0.011744,0.014607,0.017321
0.011033,0.01545,0.010594
0.010392,0.016247,0.0057107
0.0098202,0.017002,0.0024534
0.0093188,0.017719,0.00065582
0.0088882,0.018401,0.00017147
0.0085297,0.019065,-0.00059946
0.0082449,0.019722,-0.0025535
0.0080348,0.020374,-0.0056508
0.0079002,0.021022,-0.0098667
0.0078419,0.021667,-0.01519
0.0088564,0.022755,-0.012544
0.010172,0.023797,-0.010183
0.011802,0.024795,-0.0080878
0.013759,0.02575,-0.0062444
0.016062,0.026663,-0.0046417
0.01873,0.027532,-0.0032729
0.021784,0.028356,-0.002131
0.025246,0.029131,-0.0012118
0.029139,0.029856,-0.0005099
0.033488,0.030527,-2.08e-05
0.034651,0.027793,-0.0023188
0.035921,0.025105,-0.0066026
0.037297,0.022458,-0.012728
0.038777,0.019847,-0.020582
0.040361,0.01727,-0.030067
0.042049,0.014725,-0.041103
0.043839,0.012209,-0.053612
0.045732,0.0097223,-0.067531
0.047727,0.0072637,-0.082789
0.049824,0.0048334,-0.099329
0.044509,0.0048943,-0.092733
0.03961,0.0049579,-0.087091
0.035101,0.0050199,-0.082206
0.030962,0.0050768,-0.077948
0.02717,0.0051256,-0.074197
0.023707,0.0051638,-0.070875
0.020555,0.0051892,-0.067906
0.017696,0.0051999,-0.065239
0.015115,0.0051942,-0.062825
0.012797,0.0051705,-0.060631
0.013482,0.0040909,-0.056512
0.014212,0.0030345,-0.052674
0.014986,0.0020009,-0.049087
0.015806,0.00098946,-0.045728
0.016669,-2.0945e-07,-0.042577
0.017578,-0.00096861,-0.039615
0.018532,-0.0019162,-0.036827
0.019531,-0.0028435,-0.034198
0.020577,-0.003751,-0.031718
0.02167,-0.0046391,-0.029375
0.021886,-0.0030465,-0.026934
0.022229,-0.0011088,-0.024633
0.022701,0.001183,-0.022462
0.023307,0.0038417,-0.020408
0.024051,0.006883,-0.018467
0.024941,0.010326,-0.01663
0.025984,0.014191,-0.014894
0.027188,0.018503,-0.013256
0.028562,0.023285,-0.011714
0.030116,0.028567,-0.010266
0.027774,0.029607,-0.019184
0.02563,0.030583,-0.030365
0.023671,0.031494,-0.043621
0.021888,0.032337,-0.058796
0.020278,0.03311,-0.075763
0.018839,0.03381,-0.094413
0.017574,0.034431,-0.11463
0.016487,0.034969,-0.13633
0.015585,0.03542,-0.15939
0.014876,0.035778,-0.18373
0.015636,0.035564,-0.1576
0.01657,0.035279,-0.13522
0.017667,0.034928,-0.11587
0.018916,0.034515,-0.099056
0.020313,0.034041,-0.084354
0.02185,0.033509,-0.071464
0.023526,0.032921,-0.060136
0.025338,0.032278,-0.050174
0.027287,0.031582,-0.04142
0.029373,0.030833,-0.033744
0.027548,0.026072,-0.050981
0.025853,0.021641,-0.071046
0.02428,0.017515,-0.093763
0.022822,0.013675,-0.11898
0.021478,0.010115,-0.14659
0.020249,0.0068337,-0.17647
0.019137,0.0038374,-0.20852
0.018146,0.0011387,-0.24261
0.017285,-0.0012456,-0.27863
0.016559,-0.0032947,-0.31646
0.019717,-0.0039526,-0.27562
0.023101,-0.004689,-0.24097
0.026703,-0.0054995,-0.21116
0.030517,-0.0063818,-0.18526
0.034543,-0.0073343,-0.16255
0.038784,-0.0083569,-0.14251
0.043245,-0.0094499,-0.12471
0.047931,-0.010614,-0.10883
0.05285,-0.011852,-0.094629
0.058012,-0.013164,-0.08189
0.060392,-0.012134,-0.058637
0.062832,-0.010982,-0.03984
0.06534,-0.0097128,-0.025047
0.067923,-0.0083263,-0.013895
0.070589,-0.0068244,-0.0061161
0.073345,-0.0052077,-0.0014908
0.076198,-0.0034767,0.00014631
0.079151,-0.0016121,0.0013451
0.082204,0.00041171,0.0052603
0.085363,0.0025966,0.011815
0.089229,0.00033563,0.0075769
0.093203,-0.0019499,0.0044863
0.097288,-0.0042612,0.0023485
0.10149,-0.0065992,0.00101
0.1058,-0.0089651,0.00034065
0.11023,-0.01136,0.00020185
0.11478,-0.01379,-0.00012725
0.11945,-0.016258,-0.0008551
0.12425,-0.018764,-0.00192
0.12916,-0.021306,-0.003269
0.12085,-0.018494,-0.015158
0.11296,-0.015899,-0.033802
0.10543,-0.013493,-0.058063
0.098235,-0.011253,-0.087111
0.09134,-0.0091637,-0.12032
0.084724,-0.0072093,-0.15721
0.078372,-0.0053815,-0.19738
0.072272,-0.003672,-0.24051
0.066417,-0.0020757,-0.2863
0.060803,-0.00058802,-0.33452
0.062466,-0.0020446,-0.28936
0.064137,-0.0034757,-0.25214
0.065816,-0.0048794,-0.22091
0.067501,-0.0062554,-0.1944
0.069193,-0.007605,-0.17163
0.070891,-0.0089295,-0.15189
0.072597,-0.010231,-0.13463
0.07431,-0.011511,-0.11945
0.07603,-0.012773,-0.10601
0.077758,-0.014016,-0.094061
0.077664,-0.013893,-0.067693
0.077675,-0.013875,-0.046907
0.077773,-0.013944,-0.030772
0.077942,-0.014086,-0.018579
0.078169,-0.014288,-0.0097955
0.078442,-0.01454,-0.0039949
0.07875,-0.014832,-0.00085133
0.079082,-0.015157,-3.9112e-05
0.079437,-0.015487,0.0013574
0.079812,-0.015807,0.0047535
