0.09284,0.074213,0.029711
0.090146,0.076984,0.019523
0.087497,0.079946,0.01196
0.084901,0.083084,0.0065658
0.08236,0.086384,0.0029593
0.079876,0.089835,0.00088446
0.077451,0.093428,0.00012717
0.075085,0.097156,-0.0002383
0.072783,0.10101,-0.0015983
0.070544,0.10499,-0.0038722
0.068371,0.10909,-0.0069808
0.084634,0.10551,-0.009414
0.10319,0.10181,-0.012177
0.12412,0.097996,-0.015238
0.1475,0.094054,-0.018594
0.17341,0.089982,-0.022207
0.20194,0.085771,-0.026073
0.23317,0.081411,-0.03015
0.26715,0.076891,-0.034433
0.30397,0.072201,-0.038872
0.34367,0.067328,-0.043465
0.32244,0.081263,-0.03797
0.30223,0.095626,-0.034059
0.28301,0.11041,-0.031179
0.26474,0.12562,-0.029024
0.24738,0.14126,-0.02736
0.2309,0.15731,-0.026065
0.21528,0.17379,-0.025023
0.20049,0.19069,-0.024183
0.18651,0.20802,-0.023481
0.17332,0.22578,-0.022897
0.18569,0.18948,-0.02727
0.19898,0.15622,-0.03199
0.2132,0.12586,-0.037043
0.22833,0.098291,-0.042451
0.24437,0.07342,-0.048191
0.26134,0.051171,-0.05428
0.27924,0.031478,-0.060689
0.29808,0.014291,-0.067431
0.31789,-0.00042931,-0.074472
0.33867,-0.012713,-0.081826
0.35588,-0.0072857,-0.056201
0.37367,-0.00066624,-0.035831
0.39202,0.0071441,-0.019939
0.41093,0.016148,-0.0080013
0.4304,0.02635,0.00038542
0.45042,0.037755,0.005506
0.471,0.050368,0.0075902
0.49208,0.064152,0.0098612
0.51362,0.07907,0.014974
0.53563,0.095121,0.022811
0.53399,0.096861,0.016995
0.53245,0.09838,0.013548
0.53101,0.099694,0.011757
0.52967,0.10082,0.011215
0.52843,0.10176,0.011245
0.52732,0.10256,0.010496
0.52633,0.10322,0.0089652
0.52546,0.10375,0.0067046
0.5247,0.10415,0.0037562
0.52407,0.10443,0.00014331
0.49144,0.074216,-0.0051578
0.46074,0.048853,-0.010216
0.43182,0.027915,-0.015044
0.40458,0.011037,-0.019674
0.3789,-0.0021006,-0.024122
0.35467,-0.011775,-0.02841
0.33182,-0.018228,-0.032542
0.31024,-0.02167,-0.036533
0.28988,-0.022282,-0.040378
0.27058,-0.021179,-0.044115
0.2451,-0.018966,-0.024945
0.22102,-0.015985,-0.012299
0.19837,-0.011364,-0.0041033
0.17712,-0.0051632,0.00090545
0.15726,0.002573,0.0035487
0.13879,0.011812,0.0043741
0.12166,0.022505,0.0047624
0.10583,0.034594,0.0064437
0.091314,0.048081,0.0092718
0.078106,0.062973,0.013119
0.10011,0.059796,0.012227
0.12512,0.056428,0.011681
0.15316,0.052872,0.01146
0.18428,0.049131,0.011543
0.21849,0.045207,0.011915
0.25584,0.041102,0.012558
0.29635,0.03682,0.013457
0.34005,0.032361,0.0146
0.38696,0.02773,0.015976
0.4371,0.022928,0.017578
0.43431,0.017577,0.018753
0.43152,0.012551,0.02017
0.42874,0.0078487,0.021666
0.42598,0.0034689,0.023149
0.42323,-0.0005915,0.024574
0.4205,-0.004336,0.025912
0.41779,-0.0077682,0.027151
0.4151,-0.010892,0.02828
0.41243,-0.013711,0.029298
0.40978,-0.016228,0.0302
0.404,-0.019556,0.042023
0.3981,-0.02246,0.056662
0.39212,-0.02496,0.07376
0.38605,-0.027076,0.09306
0.3799,-0.028826,0.11436
0.37369,-0.030226,0.13749
0.36742,-0.031293,0.16232
0.36108,-0.032246,0.18871
0.35464,-0.033676,0.21653
0.34811,-0.035607,0.24566
0.38486,-0.034808,0.207
0.42272,-0.035159,0.17955
0.46189,-0.036185,0.15967
0.50254,-0.036986,0.14511
0.54473,-0.03745,0.13439
0.58853,-0.037529,0.1265
0.63396,-0.037189,0.12075
0.68105,-0.036405,0.11667
0.72982,-0.035163,0.11393
0.78029,-0.033454,0.11228
0.72015,-0.024323,0.12867
0.66269,-0.01437,0.14252
0.60784,-0.0036661,0.15478
0.55554,0.0077327,0.16615
0.50573,0.019785,0.17712
0.45838,0.032462,0.18803
0.41344,0.04574,0.19908
0.37089,0.059604,0.21042
0.33069,0.074044,0.22214
0.29284,0.089053,0.23429
0.33729,0.088551,0.19106
0.38424,0.087549,0.15478
0.43376,0.086115,0.12449
0.48592,0.084299,0.099576
0.54078,0.08213,0.079573
0.59838,0.079632,0.064166
0.65876,0.076816,0.053124
0.72196,0.073692,0.046269
0.78799,0.070263,0.043469
0.85689,0.066537,0.04457
0.78485,0.088266,0.04327
0.71646,0.1109,0.044009
0.65163,0.13446,0.046193
0.59029,0.15898,0.049537
0.53236,0.18447,0.053909
0.47775,0.21092,0.059232
0.42641,0.23834,0.065456
0.37827,0.26675,0.072539
0.33329,0.29614,0.080446
0.2914,0.32654,0.089143
0.27291,0.31916,0.091249
0.25553,0.31185,0.093141
0.23921,0.30462,0.094867
0.22388,0.29746,0.096458
0.20946,0.29038,0.097935
0.1959,0.28336,0.099312
0.18315,0.27641,0.1006
0.17117,0.26953,0.10181
0.15989,0.26272,0.10294
0.14928,0.25597,0.104
0.13256,0.22804,0.055623
0.11684,0.20247,0.027504
0.10216,0.17907,0.014385
0.088615,0.15778,0.0098161
0.076517,0.1392,-0.0023226
0.065747,0.12302,-0.022857
0.056158,0.10892,-0.050987
0.047624,0.096619,-0.086184
0.040039,0.085878,-0.12808
0.033313,0.076513,-0.17644
0.045839,0.081505,-0.15346
0.060983,0.086946,-0.13245
0.078802,0.092879,-0.11324
0.099362,0.099343,-0.095702
0.12274,0.10638,-0.079741
0.14902,0.11401,-0.065294
0.17828,0.12227,-0.052298
0.2106,0.13119,-0.040725
0.24607,0.14077,-0.030539
0.28474,0.15104,-0.021735
0.27801,0.14954,-0.022069
0.2714,0.14814,-0.023468
0.26488,0.14681,-0.025667
0.25845,0.14553,-0.02852
0.25211,0.14431,-0.031923
0.24585,0.14312,-0.035824
0.23967,0.14196,-0.040175
0.23355,0.14084,-0.044959
0.2275,0.13973,-0.050152
0.22152,0.13863,-0.055754
0.20219,0.12568,-0.076202
0.18376,0.11373,-0.097229
0.16618,0.10267,-0.1187
0.14942,0.092429,-0.1406
0.13345,0.082917,-0.16292
0.11825,0.074068,-0.1857
0.10377,0.06582,-0.20892
0.089996,0.058114,-0.23265
0.076903,0.050901,-0.25685
0.064467,0.044134,-0.28159
0.058624,0.039589,-0.20914
0.052972,0.035638,-0.15405
0.047574,0.032157,-0.1115
0.042457,0.02906,-0.078521
0.037629,0.02628,-0.053093
0.033087,0.023765,-0.033835
0.028822,0.021472,-0.019726
0.024819,0.019363,-0.010006
0.021063,0.017404,-0.004083
0.017536,0.015565,-0.0014949
0.01302,0.014526,-0.0010742
0.0092427,0.013593,-9.8337E-05
0.006225,0.012773,0.0019056
0.0039706,0.012062,0.0050975
0.0024831,0.011457,0.0095824
0.0017672,0.010949,0.0154
0.0018302,0.010529,0.022534
0.0023556,0.010195,0.030957
0.0024147,0.0099524,0.040681
0.0019397,0.0098088,0.051663
0.0031184,0.010773,0.048348
0.003744,0.011745,0.044813
0.003823,0.012728,0.04115
0.0037982,0.013724,0.037401
0.0042646,0.014735,0.033581
0.0052287,0.015767,0.029746
0.0066927,0.016831,0.025942
0.0086572,0.017934,0.022207
0.011122,0.019086,0.018565
0.014084,0.020298,0.015037
0.011728,0.020054,0.0098955
0.0096125,0.019751,0.0057553
0.0077361,0.019398,0.0025506
0.0060972,0.019007,0.00023232
0.0046956,0.01859,-0.0012409
0.0035314,0.018161,-0.0018996
0.0025774,0.017715,-0.0019998
0.0016915,0.017164,-0.002719
0.00085078,0.016502,-0.0042122
5.2032E-05,0.015739,-0.0064717
0.0018658,0.014626,-0.0040433
0.0044458,0.013478,-0.0026375
0.007779,0.012274,-0.0023036
0.01194,0.011068,-0.0024223
0.017094,0.00999,-0.0017453
0.023243,0.0090453,-0.00026235
0.030385,0.0082382,0.0019959
0.038522,0.0075737,0.0050099
0.047652,0.0070577,0.0087603
0.057779,0.0066977,0.013253
0.064281,0.0044155,0.012384
0.07121,0.0027005,0.01136
0.078592,0.0015538,0.010173
0.086458,0.00097765,0.0088272
0.094836,0.00056069,0.0073622
0.10375,-0.00045446,0.0058833
0.11324,-0.0020867,0.0043871
0.12332,-0.004337,0.0028853
0.13402,-0.0072072,0.0013728
0.14537,-0.010698,-0.00013858
0.12098,-0.0024603,0.001788
0.098726,0.0002677,0.0038177
0.07868,0.0034062,0.0052225
0.060891,0.011442,0.0054516
0.045399,0.02425,0.0045735
0.032233,0.041809,0.0026518
0.021415,0.064205,-0.00028233
0.012955,0.091607,-0.0042091
0.0068497,0.12423,-0.0091392
0.0030925,0.1623,-0.015078
0.0039719,0.14026,-0.013227
0.0051653,0.12017,-0.01119
0.0066251,0.10193,-0.0091015
0.0083151,0.085447,-0.0070315
0.010206,0.07064,-0.0050199
0.012274,0.057437,-0.0030803
0.014499,0.045771,-0.0012193
0.016868,0.035579,0.00056934
0.01937,0.026803,0.0022904
0.021999,0.019391,0.0039533
0.027436,0.026064,0.0039845
0.033598,0.033995,0.004032
0.040506,0.043256,0.0040549
0.048183,0.053917,0.0040058
0.056648,0.066039,0.0038285
0.065918,0.079683,0.0034679
0.076013,0.0949,0.0028697
0.08695,0.11174,0.0019899
0.098746,0.13024,0.00079221
0.11142,0.15046,-0.00074346
0.12394,0.1398,0.0095531
0.13706,0.12963,0.019931
0.15076,0.11992,0.030194
0.16504,0.11064,0.040221
0.1799,0.10177,0.049938
0.19534,0.093306,0.059296
0.21135,0.085229,0.068265
0.22796,0.077535,0.076824
0.24517,0.07022,0.084961
0.26297,0.063279,0.092662
0.25721,0.066821,0.058783
0.25239,0.071835,0.03483
0.24822,0.07797,0.017612
0.24451,0.085012,0.0051605
0.24116,0.092824,-0.0037854
0.23807,0.10132,-0.010062
0.23519,0.11042,-0.014241
0.23249,0.12011,-0.016724
0.22992,0.13034,-0.017798
0.22747,0.14108,-0.017743
0.2251,0.12916,-0.015713
0.22285,0.11794,-0.013821
0.22071,0.10738,-0.011986
0.21868,0.097469,-0.010188
0.21676,0.088164,-0.0084064
0.21494,0.079442,-0.0066207
0.21322,0.071279,-0.0048096
0.21158,0.063651,-0.0029517
0.21004,0.056536,-0.0010253
0.20858,0.049914,0.00098968
0.18885,0.055876,0.0012282
0.17017,0.062118,0.0012082
0.15251,0.068647,0.0010259
0.13588,0.075469,0.00076057
0.12027,0.082589,0.00047916
0.10567,0.09001,0.00023574
0.092061,0.097736,7.5765E-05
0.079445,0.10577,3.7156E-05
0.067811,0.11411,0.00014768
0.057157,0.12277,0.00020972
0.051227,0.1117,0.0010687
0.045714,0.10122,0.0030175
0.040578,0.091294,0.0060733
0.035792,0.081908,0.010079
0.031327,0.073043,0.014921
0.027158,0.064683,0.020517
0.023261,0.056814,0.026803
0.019613,0.049422,0.033733
0.016195,0.042492,0.041269
0.012987,0.036014,0.049381
0.016175,0.035595,0.040581
0.019521,0.035217,0.033429
0.023039,0.034868,0.027592
0.026744,0.034539,0.022827
0.030653,0.034223,0.018947
0.03478,0.033913,0.015811
0.039141,0.033606,0.013307
0.043751,0.033296,0.011344
0.048625,0.032981,0.0098507
0.053779,0.032658,0.0087627
0.065807,0.02819,0.0099757
0.079151,0.02399,0.011255
0.09384,0.020056,0.012593
0.1099,0.01639,0.013983
0.12737,0.012992,0.015416
0.14627,0.0098655,0.016888
0.16662,0.0070111,0.018399
0.18845,0.0044307,0.019944
0.21179,0.0021259,0.02152
0.23665,9.8363E-05,0.023125
0.23363,-0.0013572,0.01951
0.23066,-0.0023666,0.016828
0.22771,-0.0029598,0.015202
0.22478,-0.0031458,0.014507
0.22198,-0.0031472,0.013011
0.21931,-0.0034921,0.010241
0.21676,-0.0041789,0.0061568
0.21433,-0.0052006,0.00072568
0.212,-0.0065519,-0.0060785
0.20975,-0.0082307,-0.014279
0.18122,-0.0063313,-0.024536
0.15497,-0.0047379,-0.033252
0.13096,-0.0034335,-0.04032
0.10912,-0.0023957,-0.045777
0.089426,-0.0015978,-0.049724
0.07183,-0.001016,-0.05229
0.056293,-0.00062619,-0.053609
0.042776,-0.00040794,-0.053815
0.031239,-0.00034185,-0.053037
0.021638,-0.00041199,-0.051402
0.026322,0.00020393,-0.060427
0.031433,0.00082238,-0.07019
0.036964,0.0014407,-0.080674
0.042906,0.002054,-0.091862
0.049249,0.0026595,-0.10374
0.055985,0.0032522,-0.1163
0.063105,0.0038293,-0.12952
0.070599,0.0043859,-0.1434
0.07846,0.0049191,-0.15793
0.08668,0.0054235,-0.1731
0.086722,0.0056115,-0.12963
0.086983,0.0045386,-0.095965
0.087414,0.0061841,-0.069358
0.087982,0.010905,-0.048186
0.088669,0.018621,-0.03141
0.089472,0.029282,-0.01836
0.09039,0.042859,-0.0086019
0.091423,0.059339,-0.0018568
0.092569,0.078716,0.0020624
0.093821,0.10099,0.0033596
0.10006,0.076448,0.002872
0.10655,0.055365,0.0033134
0.11331,0.037689,0.0045753
0.12033,0.023376,0.00657
0.1276,0.012391,0.0092313
0.13511,0.0047121,0.012506
0.14286,0.00032969,0.016351
0.15084,-0.00086588,0.020731
0.15903,-0.0031524,0.025558
0.16741,-0.0087342,0.030807
0.16336,-0.0032004,0.020413
0.15953,-0.00069626,0.011859
0.1559,0.00015698,0.005099
0.15243,0.0034143,0.00011236
0.14909,0.0093433,-0.0031359
0.14584,0.017931,-0.0046701
0.14262,0.029189,-0.00541
0.13933,0.04313,-0.0077932
0.13592,0.059789,-0.011975
0.13237,0.07921,-0.017981
0.12765,0.070981,-0.010798
0.12302,0.063327,-0.006827
0.11847,0.056194,-0.0057983
0.11414,0.049616,-0.0032816
0.11012,0.043608,0.0023813
0.10637,0.038156,0.011151
0.1029,0.033252,0.022978
0.099677,0.028886,0.037825
0.096689,0.025054,0.055647
0.093917,0.021748,0.076413
0.08934,0.0186,0.075089
0.084856,0.015821,0.07378
0.080469,0.01338,0.072466
0.076182,0.011247,0.071146
0.071996,0.0093981,0.069806
0.067914,0.007802,0.06845
0.063939,0.0064401,0.067067
0.060072,0.005292,0.065664
0.056316,0.0043415,0.064233
0.052671,0.0035715,0.062781
0.052458,0.0045549,0.080133
0.05237,0.0056548,0.099284
0.052402,0.0068737,0.12016
0.052544,0.0082116,0.14269
0.05279,0.0096711,0.16681
0.053128,0.011251,0.19247
0.053551,0.012955,0.21958
0.054046,0.014781,0.2481
0.054605,0.016731,0.27797
0.055215,0.018803,0.30915
0.052928,0.020041,0.25925
0.050969,0.021907,0.21709
0.049272,0.024308,0.18099
0.047786,0.027177,0.1498
0.046479,0.030466,0.12271
0.045323,0.034139,0.099144
0.044299,0.038172,0.078666
0.043389,0.042548,0.06095
0.042582,0.047257,0.045744
0.041865,0.052296,0.032857
0.041434,0.065491,0.031035
0.041074,0.080409,0.028992
0.040789,0.097118,0.026753
0.040581,0.11568,0.024347
0.040451,0.13617,0.021806
0.040399,0.15864,0.019167
0.040426,0.18314,0.01647
0.040531,0.20974,0.013758
0.040714,0.23846,0.011076
0.040972,0.26935,0.0084692
0.049578,0.26859,0.00073019
0.059092,0.26785,-0.0031746
0.069498,0.26713,-0.0039225
0.080758,0.26637,-0.0057748
0.09287,0.26558,-0.010298
0.10584,0.26476,-0.017299
0.11968,0.26392,-0.026637
0.13439,0.26308,-0.038206
0.14999,0.26224,-0.051924
0.16647,0.2614,-0.067732
0.14873,0.2693,-0.061525
0.13199,0.27737,-0.055804
0.11623,0.28562,-0.050473
0.10147,0.29405,-0.045483
0.087699,0.30265,-0.040797
0.074927,0.31142,-0.036398
0.063154,0.32036,-0.032266
0.05238,0.32947,-0.028408
0.042608,0.33875,-0.024816
0.033839,0.34819,-0.0215
0.030436,0.35962,-0.029672
0.027224,0.37129,-0.038489
0.024201,0.38319,-0.047814
0.021364,0.39534,-0.057569
0.018712,0.40773,-0.067693
0.016242,0.42036,-0.078154
0.013956,0.43324,-0.088915
0.011851,0.44637,-0.09996
0.0099273,0.45976,-0.11126
0.0081841,0.47339,-0.12279
0.0070419,0.44302,-0.082314
0.0061325,0.41441,-0.053539
0.0054039,0.3874,-0.033063
0.0048182,0.36188,-0.01892
0.0043491,0.33771,-0.0098959
0.0039745,0.31481,-0.0052057
0.0036769,0.29308,-0.004015
0.0034261,0.27252,-0.0011985
0.0032126,0.25307,0.0047665
0.003033,0.23467,0.013665
0.0037473,0.21205,0.0071962
0.0046031,0.19093,0.0025648
0.0056222,0.17123,-0.00048896
0.0068257,0.15289,-0.0021337
0.0082351,0.13584,-0.0024816
0.0098719,0.11999,-0.002883
0.011756,0.10528,-0.0044694
0.013902,0.091659,-0.0072097
0.016323,0.079071,-0.011085
0.01903,0.067476,-0.016084
0.016618,0.071266,-0.013945
0.014366,0.07514,-0.01208
0.012275,0.079099,-0.010456
0.010347,0.083146,-0.0090419
0.0085839,0.087283,-0.0078169
0.0069855,0.091512,-0.0067599
0.0055526,0.095834,-0.0058544
0.0042853,0.10025,-0.0050848
0.0031834,0.10477,-0.0044388
0.0022464,0.10938,-0.0039043
0.0016562,0.11727,-0.0042595
0.0011568,0.12541,-0.004502
0.0007476,0.13379,-0.0046291
0.00042795,0.14242,-0.0046467
0.00019721,0.15128,-0.0045704
5.4564E-05,0.16039,-0.0044209
-4.6614E-07,0.16974,-0.0042244
-3.3964E-05,0.17934,-0.0040087
-0.00015201,0.18918,-0.0038046
-0.00035582,0.19927,-0.0036416
-3.1365E-06,0.1704,-0.00066974
0.00024865,0.14382,0.008706
0.0010472,0.11953,0.023838
0.0023546,0.097559,0.043962
0.0041433,0.077908,0.0686
0.0063991,0.060594,0.097461
0.0091223,0.045628,0.13037
0.012327,0.033017,0.16725
0.016038,0.022763,0.20801
0.02029,0.014861,0.25261
0.020989,0.016832,0.17956
0.02168,0.019559,0.12211
0.022361,0.023018,0.077537
0.023036,0.027189,0.04404
0.023707,0.032044,0.020391
0.024379,0.037544,0.0057863
0.025055,0.043637,-0.00026977
0.025742,0.050211,-0.0030078
0.026446,0.057099,-0.013495
0.027169,0.064263,-0.03209
0.026633,0.066017,-0.037261
0.0261,0.067794,-0.042914
0.025569,0.069593,-0.049054
0.025041,0.071414,-0.05569
0.024516,0.073258,-0.062822
0.023992,0.075124,-0.070455
0.023472,0.077013,-0.078589
0.022954,0.078926,-0.087226
0.022438,0.080862,-0.096362
0.021925,0.082823,-0.106
0.019026,0.074741,-0.10978
0.016342,0.067018,-0.11417
0.013871,0.059668,-0.11909
0.011608,0.052703,-0.12449
0.0095513,0.046134,-0.13033
0.0076967,0.039971,-0.13657
0.0060421,0.034224,-0.14317
0.0045851,0.028901,-0.15013
0.0033235,0.024009,-0.15742
0.0022564,0.019556,-0.16504
0.0064953,0.018926,-0.15018
0.012816,0.018314,-0.1358
0.021213,0.017713,-0.12196
0.031693,0.017119,-0.10874
0.044273,0.016527,-0.09616
0.058979,0.015933,-0.084275
0.075841,0.015336,-0.073106
0.094895,0.014734,-0.062678
0.11618,0.014127,-0.053007
0.13974,0.013518,-0.044111
0.13344,0.017973,-0.035159
0.12724,0.022998,-0.027242
0.12113,0.02858,-0.020347
0.11513,0.034712,-0.014466
0.10924,0.041386,-0.0095955
0.10349,0.048601,-0.0057308
0.09787,0.056357,-0.002871
0.092393,0.064654,-0.0010157
0.087064,0.073498,-0.00016546
0.08189,0.082893,0.00012775
0.064944,0.10224,-0.0004175
0.049945,0.12355,-0.0027058
0.036917,0.14693,-0.0069482
0.025869,0.17245,-0.012973
0.016796,0.20023,-0.020642
0.0096805,0.23037,-0.029838
0.004498,0.26296,-0.040451
0.0012162,0.29811,-0.052384
-0.00019905,0.33587,-0.065542
-0.00084585,0.37632,-0.079838
-0.00014452,0.3649,-0.080258
0.0021315,0.35355,-0.081139
0.0069858,0.34227,-0.082318
0.014372,0.33109,-0.083691
0.024255,0.32002,-0.085173
0.036611,0.30907,-0.086707
0.051424,0.29825,-0.088247
0.068686,0.28757,-0.08976
0.088396,0.27705,-0.091216
0.11056,0.26668,-0.092595
0.12062,0.23205,-0.10472
0.13108,0.20025,-0.11554
0.14195,0.17113,-0.12524
0.15321,0.14458,-0.13402
0.16487,0.12048,-0.14198
0.17693,0.098747,-0.14925
0.18939,0.079299,-0.15588
0.20225,0.062067,-0.16195
0.21551,0.046993,-0.16748
0.22919,0.034027,-0.1725
0.21798,0.05532,-0.11135
0.20736,0.080873,-0.068328
0.19714,0.11067,-0.038392
0.18718,0.1448,-0.018574
0.17738,0.1834,-0.0070158
0.16769,0.22665,-0.002494
0.15806,0.27478,-0.0011209
0.14851,0.32803,0.0052647
0.13905,0.38657,0.016653
0.1297,0.45056,0.032683
0.12452,0.4554,0.022047
0.11945,0.46012,0.013088
0.11447,0.46475,0.0058093
0.1096,0.46928,0.00028406
0.10483,0.47373,-0.0033755
0.10016,0.47809,-0.0050365
0.095601,0.48235,-0.005934
0.091122,0.48651,-0.0090384
0.086725,0.49054,-0.014599
0.082409,0.49446,-0.022773
0.093568,0.47617,-0.030215
0.10534,0.45888,-0.035926
0.1177,0.44252,-0.039918
0.13064,0.42702,-0.042427
0.14415,0.41232,-0.043727
0.15823,0.39836,-0.044067
0.17285,0.38509,-0.043654
0.188,0.37246,-0.042654
0.2037,0.36042,-0.041197
0.21991,0.34894,-0.039387
0.20558,0.30573,-0.024345
0.19215,0.26591,-0.015316
0.17958,0.22934,-0.009764
0.16781,0.19587,-0.0063692
0.15678,0.16538,-0.0043958
0.14644,0.13777,-0.003408
0.13676,0.11294,-0.0028075
0.12769,0.090807,-0.0017751
0.1192,0.071279,-0.00039728
0.11125,0.054275,0.0012341
0.10377,0.057811,-0.0017789
0.096565,0.061563,-0.0027254
0.0896,0.065444,-0.0061089
0.082875,0.069449,-0.011614
0.076392,0.073578,-0.01881
0.070153,0.077831,-0.027383
0.06416,0.082206,-0.037099
0.058414,0.086701,-0.047779
0.052916,0.091316,-0.059287
0.047669,0.09605,-0.071512
0.059296,0.11101,-0.080629
0.071947,0.12718,-0.090873
0.085573,0.14458,-0.1024
0.10013,0.16321,-0.11536
0.11558,0.18308,-0.12985
0.1319,0.20418,-0.14597
0.14906,0.22652,-0.16376
0.16704,0.2501,-0.18328
0.18584,0.27491,-0.20454
0.20542,0.30095,-0.22752
0.18761,0.28643,-0.1971
0.17044,0.27274,-0.17014
0.15394,0.2598,-0.14604
0.13814,0.24757,-0.1244
0.12308,0.236,-0.10496
0.10878,0.22504,-0.087537
0.09526,0.21465,-0.071984
0.082552,0.20479,-0.058195
0.070677,0.19543,-0.046087
0.059656,0.18652,-0.035588
0.07185,0.15897,-0.020905
0.08518,0.13385,-0.010638
0.099651,0.11105,-0.0047357
0.11526,0.090459,-0.0029685
0.13206,0.072112,0.00028859
0.15006,0.056002,0.0076633
0.16925,0.042077,0.019124
0.18961,0.030309,0.034646
0.21114,0.020688,0.0542
0.2338,0.013218,0.077764
0.18888,0.018307,0.063037
0.14925,0.024433,0.05115
0.11469,0.031556,0.04133
0.085005,0.039645,0.03309
0.06,0.048681,0.026096
0.039508,0.058651,0.02012
0.023385,0.069553,0.014995
0.011514,0.081393,0.010601
0.003825,0.094183,0.0068533
0.00029094,0.10794,0.0036942
0.00080105,0.11334,0.0041466
0.0015902,0.11893,0.0044904
0.0026626,0.1247,0.0047229
0.0040218,0.13066,0.0048464
0.0056724,0.13681,0.0048644
0.007618,0.14317,0.004784
0.0098632,0.14971,0.0046125
0.012412,0.15646,0.0043594
0.015268,0.16341,0.0040336
0.018435,0.17055,0.0036455
0.020373,0.18569,0.0052148
0.022504,0.20158,0.0070192
0.024838,0.21823,0.0090642
0.027383,0.23562,0.011355
0.03015,0.25378,0.013896
0.033144,0.27269,0.016688
0.036374,0.29235,0.019732
0.039845,0.31277,0.023027
0.043563,0.33393,0.026573
0.047533,0.35584,0.030366
0.052378,0.31725,0.029496
0.057377,0.28176,0.027264
0.062527,0.24918,0.024163
0.067826,0.21929,0.020571
0.073271,0.19192,0.016775
0.078859,0.16691,0.013002
0.084587,0.1441,0.0094284
0.090456,0.12336,0.0061996
0.096463,0.10456,0.003434
0.10261,0.087587,0.001232
0.11391,0.080187,0.0034382
0.1258,0.073119,0.0063529
0.13829,0.066383,0.010023
0.15137,0.059981,0.014483
0.16505,0.053912,0.019758
0.17931,0.048178,0.025864
0.19416,0.042776,0.03281
0.2096,0.037708,0.0406
0.22562,0.032972,0.04923
0.24223,0.028568,0.058696
0.26899,0.032552,0.035553
0.29752,0.03692,0.019015
0.32793,0.041672,0.0078084
0.36032,0.046808,0.00099894
0.39477,0.052328,-0.0021181
0.43134,0.058226,-0.0030619
0.47008,0.064476,-0.0062274
0.51103,0.07108,-0.011824
0.55424,0.07804,-0.019589
0.59972,0.085356,-0.029307
0.55534,0.074785,-0.017866
0.51334,0.065207,-0.010697
0.47358,0.056543,-0.0061888
0.43597,0.048723,-0.0035355
0.4004,0.041681,-0.0023084
0.36679,0.035361,-0.001821
0.33507,0.029714,-0.00045355
0.30516,0.024692,0.0018543
0.277,0.020248,0.005052
0.25051,0.016342,0.0091057
0.27071,0.021501,0.011824
0.29182,0.027383,0.014879
0.31385,0.033989,0.018272
0.33681,0.041324,0.022002
0.36069,0.04939,0.026069
0.38551,0.058189,0.030472
0.41127,0.067723,0.035211
0.43795,0.077991,0.040285
0.46557,0.088994,0.045691
0.49413,0.10073,0.051428
0.49271,0.11098,0.038441
0.49126,0.12162,0.026826
0.48977,0.13264,0.016873
0.48827,0.14405,0.0087814
0.48673,0.15582,0.0026963
0.48518,0.16796,-0.0012782
0.48361,0.18046,-0.0030617
0.48201,0.19331,-0.0037332
0.48037,0.20651,-0.0065137
0.47868,0.22007,-0.011644
0.50544,0.2119,-0.0075805
0.53291,0.20383,-0.0050023
0.56109,0.19587,-0.0040947
0.58998,0.18803,-0.0038299
0.61961,0.18028,-0.0018272
0.64998,0.17266,0.0020279
0.68109,0.16514,0.0077634
0.71293,0.15775,0.015393
0.74552,0.15048,0.024931
0.77885,0.14334,0.036379
0.74247,0.1388,0.021737
0.70727,0.13453,0.011173
0.67319,0.13052,0.0036057
0.64019,0.12674,-0.0015676
0.60824,0.12316,-0.0047046
0.57731,0.11979,-0.0060401
0.54736,0.11659,-0.0062999
0.51835,0.11356,-0.0078215
0.49024,0.11069,-0.010761
0.46303,0.10797,-0.01504
0.47355,0.10956,-0.011677
0.48433,0.11112,-0.0093218
0.49536,0.11266,-0.007848
0.50664,0.11417,-0.0071815
0.51818,0.11565,-0.0072692
0.53,0.1171,-0.0072311
0.54209,0.11852,-0.0065027
0.55447,0.11992,-0.005089
0.56715,0.12128,-0.002987
0.58012,0.12262,-0.00019361
0.53908,0.115,-0.0010798
0.49928,0.10748,-0.0018454
0.46076,0.10008,-0.002496
0.42355,0.092817,-0.0030378
0.38769,0.085708,-0.0034739
0.35321,0.078775,-0.0038088
0.32014,0.072034,-0.0040447
0.28852,0.065502,-0.0041851
0.25837,0.059193,-0.0042323
0.22973,0.053124,-0.004189
0.25022,0.056754,-0.0054871
0.27158,0.060486,-0.0063133
0.29381,0.064322,-0.0077601
0.31688,0.068261,-0.010131
0.34079,0.072302,-0.013504
0.36554,0.076448,-0.017946
0.39112,0.080698,-0.023512
0.41753,0.085052,-0.030249
0.44476,0.089512,-0.038196
0.47282,0.094079,-0.047388
0.42349,0.10965,-0.034568
0.37743,0.12608,-0.023697
0.33448,0.14333,-0.015436
0.29448,0.16139,-0.010202
0.25727,0.18023,-0.0081279
0.22289,0.19986,-0.004844
0.1913,0.22029,0.0019346
0.16243,0.2415,0.012293
0.13621,0.26353,0.026297
0.1126,0.28639,0.043999
0.13797,0.27874,0.032051
0.166,0.27129,0.020316
0.19675,0.26403,0.0095488
0.23028,0.25692,0.00033803
0.26666,0.24996,-0.0068634
0.30595,0.24311,-0.011705
0.34822,0.23638,-0.01433
0.39335,0.22973,-0.019009
0.44133,0.22316,-0.027065
0.49221,0.21666,-0.038662
0.50793,0.19599,-0.035071
0.52363,0.17652,-0.03159
0.53932,0.15821,-0.028721
0.55496,0.14103,-0.026781
0.57057,0.12494,-0.025966
0.58613,0.10992,-0.026391
0.60171,0.095936,-0.026643
0.61737,0.082984,-0.025565
0.63312,0.071038,-0.023133
0.64896,0.060083,-0.019331
0.68936,0.05894,-0.016375
0.73096,0.0578,-0.012549
0.77378,0.056662,-0.00786
0.8178,0.055528,-0.0023133
0.86305,0.054395,0.0040863
0.90953,0.053266,0.011334
0.95725,0.05214,0.019426
1.0062,0.051018,0.028359
1.0564,0.0499,0.038127
1.1079,0.048788,0.048729
1.0269,0.042025,0.024057
0.95066,0.036026,0.0032251
0.87882,0.030712,-0.01341
0.8112,0.026021,-0.025668
0.74757,0.021892,-0.033445
0.68776,0.018276,-0.03668
0.63156,0.015127,-0.035518
0.57846,0.012355,-0.036166
0.52812,0.0098934,-0.041679
0.48038,0.0077069,-0.052067
0.47673,0.016168,-0.042835
0.47306,0.027442,-0.036181
0.46935,0.041481,-0.031745
0.46558,0.058248,-0.029277
0.46175,0.077713,-0.028604
0.45792,0.099872,-0.028092
0.4542,0.12472,-0.02607
0.45055,0.15226,-0.022614
0.44698,0.18246,-0.017793
0.44347,0.21532,-0.011665
0.41289,0.20144,0.0044249
0.38369,0.18834,0.0218
0.35582,0.17596,0.03995
0.32924,0.16425,0.05864
0.30392,0.15317,0.077735
0.27983,0.1427,0.097173
0.25696,0.13279,0.11688
0.23529,0.12342,0.13683
0.21479,0.11456,0.15694
0.19545,0.10618,0.1772
0.20134,0.10237,0.21218
0.20733,0.098675,0.24838
0.21339,0.095106,0.28564
0.21952,0.091657,0.32388
0.22571,0.088329,0.36297
0.23194,0.085119,0.40286
0.23821,0.082026,0.44342
0.2445,0.079048,0.48461
0.25081,0.076185,0.52628
0.25712,0.073433,0.5684
0.25763,0.087704,0.51748
0.25906,0.10343,0.47881
0.26111,0.12056,0.44823
0.26361,0.13903,0.42323
0.26643,0.15882,0.40212
0.2695,0.1799,0.38385
0.27277,0.20224,0.36764
0.27619,0.22583,0.35301
0.27975,0.25065,0.33957
0.28342,0.27668,0.3271
0.26668,0.2575,0.3066
0.25066,0.23969,0.28626
0.23537,0.22313,0.26652
0.22079,0.20773,0.24763
0.20689,0.19339,0.22969
0.19366,0.18002,0.21273
0.18106,0.16755,0.19674
0.16907,0.15592,0.18168
0.15767,0.14505,0.16753
0.14683,0.1349,0.15422
0.14812,0.12174,0.12172
0.14993,0.10934,0.096953
0.15212,0.097669,0.077634
0.15462,0.086697,0.06228
0.15736,0.076409,0.049903
0.16031,0.066793,0.039811
0.16344,0.05784,0.031518
0.16673,0.049543,0.024659
0.17016,0.041898,0.018967
0.17373,0.0349,0.014232
0.17274,0.0282,0.026054
0.17184,0.022313,0.039546
0.17102,0.017224,0.054545
0.17025,0.012919,0.070943
0.16952,0.0093876,0.088678
0.1688,0.0066212,0.10771
0.1681,0.0046141,0.12801
0.16739,0.003361,0.14957
0.16667,0.0028587,0.17238
0.16592,0.0030225,0.19645
0.15684,0.0030009,0.19936
0.14783,0.0029355,0.20092
0.13893,0.0028328,0.20137
0.13014,0.0026975,0.20094
0.12149,0.0025348,0.19979
0.11299,0.0023479,0.19806
0.10466,0.0021408,0.19585
0.09652,0.0019158,0.19326
0.088589,0.001676,0.19035
0.080883,0.0014231,0.18717
0.076184,0.0023453,0.1583
0.071851,0.0033339,0.13475
0.067817,0.0070086,0.11506
0.064029,0.013294,0.098297
0.060441,0.022147,0.083804
0.057016,0.033555,0.071118
0.053725,0.047528,0.059919
0.050544,0.064094,0.049972
0.047455,0.083298,0.041121
0.044446,0.10519,0.033246
0.053975,0.10088,0.023396
0.064444,0.096685,0.015277
0.075852,0.092604,0.008918
0.088203,0.088636,0.0043287
0.1015,0.084777,0.001517
0.11576,0.081026,0.00048152
0.13098,0.077372,0.00043501
0.14723,0.073782,-0.0010855
0.16453,0.070255,-0.0042413
0.1829,0.066793,-0.009012
0.19486,0.056119,-0.0089561
0.20714,0.046366,-0.009407
0.21975,0.037536,-0.010318
0.23271,0.029629,-0.011671
0.24606,0.022646,-0.013458
0.2598,0.016587,-0.015682
0.27397,0.011451,-0.018342
0.28858,0.0072401,-0.021449
0.30366,0.0039528,-0.025002
0.31922,0.0015892,-0.029012
0.31042,0.0029145,-0.035284
0.30185,0.0046225,-0.040384
0.2935,0.0067071,-0.044412
0.28537,0.0091623,-0.04751
0.27744,0.011982,-0.049801
0.26971,0.015162,-0.051423
0.26217,0.018698,-0.052464
0.25481,0.022584,-0.053014
0.24762,0.026818,-0.05313
0.24061,0.031397,-0.05287
0.23599,0.036574,-0.056524
0.23138,0.042105,-0.060138
0.22679,0.047983,-0.063691
0.2222,0.054202,-0.067175
0.21763,0.060758,-0.070572
0.21307,0.067644,-0.073875
0.20853,0.074858,-0.077069
0.20399,0.082393,-0.08015
0.19948,0.090246,-0.083103
0.19498,0.098413,-0.085929
0.18875,0.1018,-0.074572
0.18276,0.1052,-0.065181
0.17696,0.10863,-0.057248
0.17134,0.11208,-0.050431
0.16589,0.11555,-0.044482
0.16059,0.11905,-0.039231
0.15544,0.12258,-0.034548
0.15042,0.12614,-0.030344
0.14553,0.12973,-0.026545
0.14077,0.13335,-0.023102
0.15062,0.14246,-0.0098454
0.16092,0.15187,-0.0017335
0.17165,0.16161,0.0023292
0.18276,0.17167,0.0033036
0.19419,0.18208,0.005271
0.2059,0.19282,0.0094279
0.21793,0.20389,0.015433
0.23026,0.21529,0.02302
0.24291,0.22701,0.031974
0.25589,0.23905,0.04212
0.25381,0.22849,0.03838
0.25196,0.21829,0.035181
0.25031,0.20843,0.032291
0.24886,0.1989,0.029571
0.24759,0.18968,0.026941
0.24651,0.18077,0.024357
0.24561,0.17214,0.021802
0.24486,0.1638,0.019272
0.24428,0.15573,0.016777
0.24384,0.14793,0.014331
0.24179,0.1453,0.010102
0.23949,0.14305,0.006855
0.23696,0.14115,0.0043385
0.23421,0.13958,0.0023909
0.23126,0.13833,0.00090843
0.22812,0.13736,-0.00017893
0.22481,0.13668,-0.00091573
0.22132,0.13626,-0.0013331
0.21769,0.13609,-0.0015731
0.2139,0.13617,-0.0020401
0.22939,0.13759,-0.0028831
0.24542,0.139,-0.0038762
0.26199,0.14039,-0.0049953
0.27909,0.14176,-0.0062265
0.29672,0.14309,-0.0075585
0.31488,0.14438,-0.0089881
0.33358,0.14562,-0.010508
0.35282,0.1468,-0.012115
0.37258,0.14792,-0.013805
0.39289,0.14896,-0.015575
0.39398,0.13193,-0.019319
0.39511,0.11622,-0.0227
0.39629,0.10177,-0.025679
0.39751,0.088507,-0.028268
0.39878,0.076364,-0.030496
0.40008,0.06529,-0.032394
0.40142,0.05523,-0.03399
0.40279,0.046141,-0.035311
0.4042,0.037979,-0.036377
0.40564,0.030706,-0.03721
0.40123,0.033522,-0.03411
0.39682,0.036344,-0.031269
0.39243,0.03916,-0.02863
0.38806,0.041963,-0.026165
0.38371,0.044743,-0.023856
0.37938,0.047492,-0.021699
0.37506,0.050205,-0.019695
0.37076,0.052875,-0.017849
0.36648,0.055496,-0.016171
0.36221,0.058065,-0.014672
0.36581,0.063147,-0.013718
0.36942,0.068438,-0.012908
0.37305,0.073937,-0.012262
0.37669,0.079644,-0.011797
0.38036,0.085558,-0.011531
0.38404,0.091679,-0.011474
0.38774,0.098004,-0.011488
0.39148,0.10453,-0.011253
0.39525,0.11126,-0.010746
0.39906,0.11819,-0.0099528
0.36922,0.15208,-0.0040452
0.34065,0.19025,0.0028198
0.31327,0.23271,0.009708
0.28704,0.27948,0.016196
0.26193,0.33056,0.022102
0.23793,0.38596,0.027368
0.21503,0.44569,0.03198
0.19323,0.50976,0.035949
0.17254,0.57817,0.039288
0.15296,0.65095,0.042005
0.13598,0.60586,0.037243
0.12009,0.562,0.036207
0.10524,0.51943,0.037314
0.091413,0.47822,0.039816
0.078598,0.43841,0.043326
0.066793,0.40007,0.047637
0.055997,0.36323,0.052632
0.04621,0.32795,0.058246
0.037432,0.29426,0.06444
0.029662,0.26221,0.071195
0.035819,0.28299,0.052796
0.042813,0.30453,0.03687
0.05066,0.32685,0.023471
0.059373,0.34994,0.012646
0.068965,0.37379,0.0044365
0.079446,0.39841,-0.0011254
0.090827,0.42381,-0.0040111
0.10309,0.44997,-0.0053515
0.11614,0.47689,-0.0091492
0.12999,0.50455,-0.015762
0.15326,0.47793,-0.013717
0.17821,0.45197,-0.011561
0.20479,0.42668,-0.0097817
0.233,0.40205,-0.0087425
0.26281,0.37809,-0.0087071
0.29424,0.35482,-0.008471
0.32732,0.33225,-0.0068181
0.36205,0.31039,-0.0036157
0.39843,0.28926,0.0012493
0.43649,0.26886,0.007877
0.41556,0.28175,0.012821
0.39516,0.29506,0.015969
0.37532,0.3088,0.017647
0.35602,0.32297,0.018191
0.33726,0.33758,0.01788
0.31905,0.35263,0.016926
0.30137,0.36813,0.01549
0.28424,0.38407,0.01369
0.26763,0.40045,0.011619
0.25156,0.41729,0.0093466
0.23216,0.40064,0.013357
0.21425,0.3842,0.018462
0.19769,0.36799,0.024561
0.18239,0.35202,0.031589
0.16823,0.33632,0.039506
0.15513,0.3209,0.048285
0.14301,0.30577,0.057907
0.13178,0.29095,0.068358
0.12139,0.27646,0.079629
0.11176,0.26231,0.091715
0.13582,0.23782,0.070907
0.16215,0.21498,0.054074
0.19076,0.19363,0.040296
0.22166,0.17363,0.028972
0.25487,0.1549,0.019688
0.29041,0.13735,0.012154
0.32832,0.12093,0.0061597
0.36863,0.10561,0.0015466
0.41138,0.091356,-0.001807
0.4566,0.078154,-0.0040022
0.42405,0.080332,-0.0052053
0.39279,0.082664,-0.0055564
0.36276,0.085071,-0.0073816
0.33398,0.087542,-0.010857
0.30642,0.090077,-0.015945
0.28007,0.092672,-0.022612
0.25492,0.095326,-0.03082
0.23097,0.098037,-0.040535
0.20821,0.1008,-0.051722
0.18662,0.10362,-0.064353
0.20711,0.11336,-0.075024
0.22887,0.12372,-0.086033
0.25194,0.13471,-0.097324
0.27631,0.14632,-0.10886
0.30199,0.15855,-0.12061
0.329,0.17138,-0.13255
0.35734,0.18481,-0.14466
0.387,0.19882,-0.15692
0.41799,0.21339,-0.16929
0.4503,0.2285,-0.18178
0.46389,0.26201,-0.18912
0.47767,0.29759,-0.19909
0.49166,0.33521,-0.2111
0.50584,0.37489,-0.22465
0.52021,0.4166,-0.23942
0.53476,0.46029,-0.25519
0.54949,0.50592,-0.27181
0.56437,0.55343,-0.28919
0.57941,0.60277,-0.30725
0.59458,0.65388,-0.32596
0.61361,0.64312,-0.19756
0.63279,0.63093,-0.11627
0.65224,0.61792,-0.06531
0.67197,0.60439,-0.036804
0.69198,0.5905,-0.026506
0.71244,0.57672,-0.019925
0.73355,0.5635,0.0001486
0.75529,0.55077,0.03245
0.77766,0.53842,0.075807
0.80063,0.52639,0.12919
0.73574,0.52814,0.11888
0.67436,0.53096,0.11561
0.6163,0.53467,0.11564
0.5614,0.53916,0.11731
0.50953,0.54435,0.1198
0.4606,0.55018,0.12271
0.41452,0.55661,0.12583
0.37119,0.56358,0.12906
0.33055,0.57108,0.13233
0.29252,0.57907,0.1356
0.32044,0.56308,0.093572
0.34968,0.54748,0.06369
0.38015,0.53217,0.041521
0.41182,0.51712,0.024658
0.44466,0.50231,0.011705
0.47867,0.48772,0.0018084
0.51381,0.47335,-0.0055866
0.5501,0.45918,-0.010871
0.5875,0.44523,-0.014333
0.62602,0.43148,-0.016207
0.5734,0.50874,-0.014421
0.52309,0.59144,-0.012205
0.47503,0.67949,-0.0096082
0.42919,0.77281,-0.0066377
0.38553,0.87132,-0.0032749
0.34403,0.97496,0.00049255
0.30467,1.0836,0.0046899
0.26744,1.1973,0.0093136
0.23234,1.3157,0.014385
0.19936,1.439,0.019789
0.19307,1.3671,0.017784
0.18711,1.3007,0.015042
0.18148,1.2391,0.012139
0.17616,1.1817,0.0093363
0.17113,1.1283,0.0067862
0.16637,1.0782,0.0045258
0.16187,1.0313,0.0026076
0.15761,0.98714,0.0010492
0.15358,0.94553,-0.00012241
0.14975,0.90624,-0.00089891
0.17074,0.87812,-0.0017708
0.19291,0.85101,-0.0016617
0.21624,0.82485,-0.00076049
0.24072,0.79959,0.0008296
0.26632,0.77517,0.0030555
0.29305,0.75155,0.0058765
0.32089,0.7287,0.0092669
0.34982,0.70657,0.013199
0.37983,0.68514,0.017654
0.41093,0.66438,0.022608
0.41787,0.63955,0.020804
0.42485,0.61521,0.019632
0.43187,0.59138,0.018838
0.43893,0.56805,0.018283
0.44602,0.54522,0.017893
0.45313,0.52289,0.017622
0.46029,0.50106,0.017448
0.46747,0.47975,0.017357
0.47469,0.45894,0.01734
0.48194,0.43864,0.017391
0.43717,0.44017,0.022061
0.39511,0.44136,0.025508
0.35565,0.44222,0.028082
0.31867,0.44278,0.030011
0.28407,0.44307,0.031441
0.25176,0.4431,0.03247
0.22163,0.44289,0.033164
0.19361,0.44246,0.033572
0.16761,0.44182,0.033727
0.14355,0.44099,0.03366
0.14666,0.46983,0.013442
0.14991,0.4996,-0.0013397
0.15324,0.53027,-0.01195
0.15664,0.56182,-0.0192
0.16009,0.59422,-0.023617
0.16355,0.62745,-0.026107
0.16694,0.66135,-0.03035
0.17025,0.69589,-0.036837
0.17349,0.73104,-0.045436
0.17666,0.76678,-0.056039
0.16506,0.77534,-0.041483
0.1535,0.78378,-0.036434
0.14208,0.79228,-0.035896
0.13096,0.80118,-0.031338
0.12014,0.81048,-0.022686
0.1096,0.82015,-0.010434
0.099325,0.83017,0.0050943
0.089313,0.84054,0.023655
0.079551,0.85124,0.045054
0.070032,0.86227,0.069121
0.080538,0.80836,0.046064
0.09145,0.75729,0.029385
0.10273,0.70881,0.016615
0.11436,0.66272,0.0065051
0.12632,0.61889,-0.0016194
0.13861,0.5772,-0.0081439
0.15123,0.53755,-0.013305
0.16417,0.49987,-0.017254
0.17742,0.46407,-0.0201
0.191,0.4301,-0.021919
0.17963,0.45787,-0.028499
0.1683,0.4866,-0.033891
0.15696,0.51582,-0.04577
0.14563,0.5456,-0.062955
0.13433,0.57596,-0.084685
0.12306,0.60693,-0.11043
0.11184,0.63853,-0.1398
0.10067,0.67078,-0.17246
0.089545,0.7037,-0.20814
0.078472,0.73731,-0.2466
0.070306,0.7663,-0.15951
0.062308,0.79352,-0.10556
0.054453,0.81965,-0.073515
0.046725,0.84505,-0.057693
0.03911,0.86992,-0.054715
0.031555,0.89524,-0.049112
0.024009,0.92147,-0.033474
0.016444,0.94853,-0.008634
0.0088398,0.97639,0.024773
0.0011785,1.005,0.066216
0.0021029,0.96697,0.06954
0.003065,0.92986,0.078627
0.0040664,0.89355,0.091241
0.0051051,0.85798,0.10624
0.0061777,0.82315,0.12303
0.0072798,0.78905,0.14132
0.0084063,0.75568,0.16091
0.0095521,0.72306,0.18173
0.010712,0.6912,0.2037
0.011881,0.66011,0.22683
0.012905,0.6297,0.13589
0.013864,0.60259,0.069418
0.014773,0.57821,0.021905
0.015631,0.55614,-0.0096889
0.016433,0.53611,-0.027231
0.017168,0.51789,-0.031942
0.017974,0.50052,-0.036953
0.018984,0.4832,-0.053373
0.020191,0.46589,-0.080698
0.02159,0.44851,-0.11852
0.018041,0.39929,-0.096625
0.014417,0.35422,-0.079599
0.010798,0.31304,-0.065797
0.0072646,0.27549,-0.0543
0.0038948,0.24131,-0.044561
0.00076123,0.21029,-0.036239
-0.0020624,0.18221,-0.029108
-0.0045068,0.15689,-0.023013
-0.0065044,0.13414,-0.017843
-0.0079904,0.11379,-0.013511
-0.0033097,0.11356,-0.010145
0.002556,0.11347,-0.0078254
0.0096191,0.1135,-0.0065392
0.017894,0.11366,-0.00611
0.027381,0.11402,-0.0050144
0.038099,0.11459,-0.002888
0.050076,0.11538,0.00026589
0.063338,0.11639,0.0044462
0.077915,0.11761,0.0096517
0.093834,0.11906,0.015882
0.079362,0.11789,0.0040757
0.065874,0.11681,-0.003003
0.053366,0.11586,-0.0052198
0.041895,0.11479,-0.0080086
0.031501,0.11342,-0.015837
0.022171,0.11182,-0.028778
0.013895,0.11003,-0.046892
0.0066589,0.10811,-0.070227
0.00045183,0.10611,-0.098821
-0.0047377,0.10409,-0.13271
-4.0918E-06,0.10967,-0.1365
0.0058308,0.11551,-0.13984
0.012774,0.12163,-0.14277
0.020832,0.12802,-0.14531
0.030011,0.13468,-0.1475
0.040318,0.14162,-0.14937
0.051757,0.14884,-0.15095
0.064335,0.15634,-0.15227
0.078056,0.16415,-0.15335
0.092925,0.17225,-0.15422
0.10233,0.17577,-0.14106
0.11213,0.17931,-0.12792
0.12231,0.18285,-0.11497
0.13289,0.1864,-0.10237
0.14386,0.18996,-0.090229
0.15521,0.19353,-0.078646
0.16695,0.19711,-0.067698
0.17908,0.20071,-0.057452
0.1916,0.20433,-0.047962
0.2045,0.20798,-0.039276
0.19006,0.20242,-0.031493
0.17603,0.1968,-0.024768
0.16244,0.19114,-0.018992
0.14928,0.18547,-0.014096
0.13656,0.17979,-0.010038
0.1243,0.17412,-0.0067899
0.1125,0.16848,-0.0043354
0.10116,0.16287,-0.0026637
0.090299,0.15731,-0.0017695
0.079922,0.15181,-0.0013591
0.093167,0.13394,0.0013525
0.10642,0.11813,0.0070187
0.11971,0.10423,0.015615
0.13306,0.092131,0.027136
0.1465,0.081745,0.041582
0.16005,0.073006,0.058968
0.17372,0.065867,0.079311
0.18753,0.0603,0.10264
0.20148,0.05629,0.12898
0.21559,0.053836,0.15837
0.22747,0.057478,0.149
0.23965,0.061299,0.14052
0.25214,0.065301,0.13277
0.26493,0.069484,0.12564
0.27803,0.073849,0.11903
0.29143,0.078397,0.11287
0.30513,0.083131,0.1071
0.31914,0.088054,0.10167
0.33344,0.093169,0.096539
0.34805,0.098477,0.091687
0.36027,0.090781,0.10081
0.37156,0.087548,0.10644
0.38194,0.088682,0.10918
0.3927,0.088731,0.10953
0.4046,0.084511,0.10792
0.41768,0.076026,0.10473
0.43196,0.063279,0.10029
0.44747,0.046276,0.094851
0.46422,0.025014,0.088615
0.48224,-0.00050838,0.081758
0.4345,0.0085653,0.098909
0.39006,0.016151,0.11582
0.34875,0.022317,0.13245
0.31046,0.027123,0.14877
0.27504,0.030618,0.16476
0.24238,0.032846,0.18041
0.21239,0.033841,0.19569
0.18494,0.033633,0.21062
0.15997,0.032247,0.22517
0.13737,0.029704,0.23937
0.15248,0.03396,0.22883
0.16842,0.038472,0.21854
0.18521,0.043244,0.20842
0.20284,0.048283,0.19844
0.22131,0.053591,0.18855
0.24063,0.059176,0.17873
0.2608,0.06504,0.16896
0.28183,0.07119,0.15923
0.30371,0.077629,0.14953
0.32646,0.084361,0.13986
0.31874,0.084215,0.10265
0.31099,0.083702,0.073775
0.30321,0.082891,0.051144
0.2954,0.08183,0.033411
0.28756,0.080559,0.019692
0.27971,0.079109,0.0093708
0.27185,0.077506,0.0020165
0.26401,0.075773,-0.0026896
0.25617,0.073944,-0.0049828
0.24834,0.072106,-0.0054255
0.23794,0.070302,-0.0042763
0.22759,0.069462,-0.00025777
0.21728,0.069565,0.0066457
0.207,0.070596,0.016182
0.19673,0.072545,0.028172
0.18646,0.075405,0.04248
0.17618,0.079172,0.059002
0.16588,0.083846,0.077651
0.15555,0.08943,0.098353
0.14517,0.095928,0.12104
0.15255,0.091246,0.099079
0.16004,0.087053,0.081503
0.1676,0.083377,0.067169
0.1752,0.080242,0.055305
0.18283,0.077667,0.045365
0.19046,0.075667,0.036955
0.19808,0.074256,0.029789
0.20568,0.073442,0.023648
0.21325,0.073236,0.01837
0.22079,0.073644,0.013825
0.2179,0.078074,0.015411
0.2143,0.084518,0.01664
0.21002,0.092968,0.017561
0.20507,0.10342,0.018189
0.19947,0.11589,0.018563
0.19322,0.13038,0.018715
0.18634,0.1469,0.018671
0.17881,0.16547,0.01845
0.17064,0.18611,0.018067
0.16182,0.20882,0.017532
0.16939,0.20314,0.019617
0.17695,0.19801,0.022398
0.18449,0.1934,0.025849
0.19203,0.18925,0.029957
0.19957,0.18555,0.034722
0.20712,0.18226,0.040147
0.21468,0.17937,0.04624
0.22227,0.17685,0.053008
0.22988,0.17468,0.060466
0.23751,0.17284,0.068625
0.24522,0.15763,0.070708
0.25228,0.14432,0.070514
0.2587,0.1329,0.068612
0.26448,0.12333,0.065452
0.26963,0.1156,0.061384
0.27416,0.1097,0.05668
0.27807,0.10561,0.051545
0.28136,0.10331,0.046139
0.28403,0.1028,0.040586
0.28633,0.10333,0.035002
0.31556,0.11505,0.05119
0.34642,0.12728,0.069795
0.3787,0.14057,0.090689
0.41239,0.155,0.11377
0.4475,0.17056,0.13894
0.48402,0.18725,0.16613
0.52195,0.20507,0.19524
0.56128,0.22403,0.22619
0.60201,0.24413,0.25889
0.64414,0.26537,0.29327
0.60544,0.24896,0.31005
0.56839,0.23328,0.32351
0.5329,0.21843,0.33454
0.49891,0.20446,0.3437
0.46632,0.19143,0.35135
0.43507,0.17939,0.35776
0.40507,0.16838,0.36308
0.37639,0.15804,0.36749
0.34933,0.14744,0.37106
0.32387,0.13646,0.37394
0.34506,0.14223,0.27142
0.36791,0.14898,0.1961
0.39224,0.15634,0.13894
0.41755,0.16508,0.094683
0.44365,0.17541,0.060112
0.4705,0.18723,0.033132
0.49806,0.20048,0.012326
0.52632,0.2151,-0.0033131
0.55527,0.23105,-0.014518
0.58489,0.24831,-0.021857
0.57429,0.24926,-0.024116
0.56341,0.25061,-0.025402
0.55213,0.25211,-0.031071
0.54048,0.25375,-0.041556
0.52847,0.25556,-0.056963
0.5161,0.25754,-0.077289
0.50341,0.25973,-0.10246
0.49039,0.26215,-0.13236
0.47707,0.26482,-0.16688
0.46346,0.26778,-0.20589
0.46619,0.27031,-0.15913
0.46875,0.27223,-0.12217
0.4712,0.27368,-0.092623
0.47355,0.27475,-0.069113
0.47582,0.27548,-0.050797
0.47802,0.27593,-0.037154
0.48014,0.27611,-0.027838
0.4822,0.27607,-0.022621
0.48418,0.27582,-0.021178
0.48621,0.27558,-0.018378
0.48038,0.26372,-0.018774
0.47442,0.2526,-0.018796
0.46834,0.24218,-0.018594
0.46214,0.23242,-0.01825
0.45583,0.22329,-0.017812
0.44942,0.21475,-0.017307
0.4429,0.20679,-0.016827
0.43629,0.19936,-0.016444
0.42959,0.19246,-0.016147
0.42281,0.18606,-0.015929
0.38972,0.17377,-0.017625
0.35849,0.16219,-0.021662
0.329,0.15128,-0.027829
0.30114,0.14102,-0.03599
0.27483,0.13137,-0.046045
0.24996,0.12231,-0.057924
0.22647,0.11381,-0.07157
0.20426,0.10585,-0.086939
0.18328,0.098409,-0.10399
0.16344,0.091467,-0.12269
0.16595,0.089298,-0.097948
0.16844,0.087313,-0.077495
0.17091,0.085532,-0.060517
0.17334,0.08397,-0.046454
0.17575,0.082636,-0.034903
0.1781,0.081538,-0.025571
0.18041,0.080682,-0.018239
0.18265,0.080072,-0.012742
0.18482,0.079709,-0.0089512
0.18691,0.079596,-0.0067661
0.16828,0.070901,-0.0081574
0.15083,0.063227,-0.010475
0.13457,0.056352,-0.013421
0.11967,0.049636,-0.016814
0.10607,0.043014,-0.020536
0.093709,0.036477,-0.024512
0.082507,0.030018,-0.028692
0.072401,0.023627,-0.033041
0.063333,0.017294,-0.037536
0.05525,0.011009,-0.042162
0.04724,0.0080765,-0.032103
0.039989,0.0053566,-0.024247
0.03348,0.0028525,-0.018086
0.027692,0.00056464,-0.013255
0.022605,-0.001509,-0.0094838
0.018197,-0.0033718,-0.0065681
0.014448,-0.0050279,-0.0043499
0.011336,-0.0064818,-0.0027054
0.008838,-0.0077374,-0.0015368
0.0069333,-0.008797,-0.00076692
0.0078736,-0.0028132,-0.0014196
0.010508,0.0021235,-0.0023122
0.014858,0.0060145,-0.0034845
0.02087,0.0090774,-0.0050074
0.027646,0.013528,-0.0069062
0.034969,0.019979,-0.0092085
0.042877,0.028437,-0.011925
0.051406,0.038908,-0.015036
0.060591,0.0514,-0.018501
0.070464,0.065921,-0.022258
0.067848,0.060471,-0.033588
0.065202,0.055289,-0.046271
0.062527,0.050398,-0.059992
0.059823,0.045815,-0.074521
0.05709,0.041555,-0.089682
0.054326,0.03763,-0.10534
0.051532,0.03405,-0.1214
0.048706,0.030818,-0.13778
0.045849,0.027939,-0.15439
0.042961,0.025414,-0.17119
0.041621,0.027427,-0.14717
0.039772,0.030526,-0.12848
0.037437,0.034692,-0.11353
0.034629,0.039909,-0.10133
0.031355,0.046165,-0.091165
0.027619,0.053446,-0.082563
0.023423,0.061746,-0.075181
0.018769,0.071055,-0.068774
0.01366,0.081367,-0.063162
0.0080981,0.092676,-0.058209
0.018594,0.080906,-0.054971
0.028505,0.070565,-0.051554
0.037826,0.061633,-0.048053
0.046559,0.054092,-0.044533
0.054713,0.047931,-0.04104
0.062302,0.043143,-0.037608
0.06935,0.039725,-0.034259
0.075885,0.037681,-0.031009
0.08194,0.037018,-0.027868
0.087552,0.037748,-0.024844
0.09235,0.041283,-0.015816
0.096634,0.046364,-0.0092294
0.1004,0.052981,-0.0046964
0.10363,0.061131,-0.0019442
0.10634,0.070813,-0.00077086
0.10851,0.082023,-0.00020515
0.11016,0.094752,0.0016006
0.11128,0.10901,0.004596
0.11186,0.1248,0.0086666
0.11189,0.14214,0.013707
0.10283,0.13774,0.022701
0.094076,0.13345,0.033967
0.085615,0.12926,0.047477
0.077448,0.12519,0.063189
0.069571,0.12123,0.081044
0.06198,0.1174,0.10099
0.054673,0.11369,0.12295
0.047643,0.11011,0.14689
0.040889,0.10666,0.17272
0.034405,0.10335,0.20039
0.040127,0.10492,0.17339
0.046104,0.10657,0.1496
0.052332,0.10829,0.12844
0.058806,0.11009,0.10953
0.065524,0.11198,0.09256
0.072483,0.11396,0.077343
0.079681,0.11602,0.063723
0.087116,0.11816,0.051597
0.094785,0.1204,0.040885
0.10269,0.12273,0.031532
0.11017,0.11555,0.030698
0.11739,0.10907,0.030885
0.12436,0.10328,0.031899
0.1311,0.098141,0.033619
0.13762,0.093643,0.035969
0.14392,0.089766,0.038904
0.15002,0.086495,0.042396
0.15591,0.083819,0.046429
0.16161,0.081727,0.050997
0.16712,0.080209,0.056095
0.16443,0.084833,0.057466
0.16131,0.090544,0.057077
0.15779,0.097338,0.055212
0.15384,0.10521,0.052161
0.14948,0.11417,0.048201
0.1447,0.1242,0.043588
0.13951,0.13532,0.038554
0.1339,0.14753,0.033302
0.12787,0.16082,0.028013
0.12143,0.1752,0.022844
0.10001,0.16189,0.040015
0.080415,0.14955,0.0623
0.062507,0.13813,0.089554
0.046163,0.12757,0.12164
0.031282,0.11782,0.15844
0.01778,0.10886,0.19983
0.005593,0.10064,0.24569
-0.0053215,0.09316,0.2959
-0.01499,0.086397,0.35034
-0.023419,0.080347,0.40889
-0.019554,0.073047,0.37169
-0.015804,0.066037,0.33949
-0.012159,0.059346,0.31101
-0.0086159,0.052999,0.28547
-0.0051766,0.047022,0.26227
-0.0018411,0.041442,0.24102
0.0013834,0.036281,0.2214
0.004499,0.031563,0.2032
0.0074938,0.027311,0.18624
0.01036,0.023546,0.17039
0.0087144,0.026937,0.15941
0.0068859,0.030762,0.14976
0.0048733,0.03502,0.1412
0.0026769,0.039706,0.13352
0.0002943,0.044825,0.12657
-0.0022752,0.050376,0.12024
-0.0050342,0.05636,0.11442
-0.007984,0.062781,0.10905
-0.011127,0.069642,0.10406
-0.014465,0.076946,0.099405
-0.024432,0.082465,0.092558
-0.032842,0.08915,0.085707
-0.039691,0.097017,0.078919
-0.044979,0.10608,0.072237
-0.049377,0.11608,0.065685
-0.055471,0.12597,0.059224
-0.063512,0.13568,0.052885
-0.073494,0.14522,0.046687
-0.085402,0.15461,0.040663
-0.099224,0.16388,0.034838
-0.084099,0.1495,0.035292
-0.070921,0.13592,0.035802
-0.059627,0.12307,0.03637
-0.050162,0.11085,0.03699
-0.042472,0.099184,0.037662
-0.036511,0.088006,0.038378
-0.031808,0.077418,0.039144
-0.026414,0.068132,0.039985
-0.020077,0.060175,0.040896
-0.012779,0.053486,0.04186
-0.01332,0.055643,0.040879
-0.013878,0.057849,0.040041
-0.014453,0.060101,0.039332
-0.015044,0.062401,0.038738
-0.01565,0.064749,0.03825
-0.016273,0.067144,0.037855
-0.016911,0.069587,0.037548
-0.017564,0.072078,0.037319
-0.018233,0.074618,0.037163
-0.018919,0.077207,0.037074
-0.015129,0.070029,0.044433
-0.01144,0.06318,0.05207
-0.0078613,0.056683,0.05997
-0.0043993,0.050558,0.068117
-0.0010611,0.044827,0.076507
0.0021472,0.039508,0.085133
0.0052205,0.034617,0.093994
0.0081544,0.030169,0.10309
0.010945,0.026177,0.11241
0.013591,0.022651,0.12196
0.012139,0.027172,0.13128
0.010525,0.032298,0.1406
0.0087496,0.038026,0.14986
0.0068126,0.044355,0.15905
0.0047138,0.051285,0.16812
0.0024522,0.058815,0.17707
2.683E-05,0.066946,0.18586
-0.0025637,0.075676,0.19449
-0.0053209,0.085008,0.20294
-0.0082465,0.094941,0.21122
-0.0044615,0.089916,0.18802
-0.0007691,0.085293,0.16801
0.002845,0.081037,0.15047
0.006393,0.077112,0.13491
0.0098859,0.073494,0.12098
0.013333,0.070163,0.1084
0.016744,0.067098,0.096984
0.020125,0.064281,0.086565
0.023486,0.061697,0.077025
0.026831,0.059331,0.06827
0.019223,0.055994,0.08668
0.012541,0.052989,0.10642
0.0067666,0.050314,0.12738
0.0018872,0.047969,0.14949
-0.0021049,0.045957,0.17268
-0.0052132,0.04428,0.19689
-0.0074358,0.042943,0.22205
-0.0087696,0.041949,0.24812
-0.0092064,0.041304,0.27504
-0.0087467,0.041012,0.30276
-0.010201,0.042667,0.2642
-0.011564,0.044295,0.23079
-0.012837,0.0459,0.20147
-0.014033,0.047484,0.17553
-0.015152,0.049049,0.15242
-0.016198,0.050595,0.13175
-0.01717,0.052126,0.11322
-0.018073,0.053642,0.096573
-0.01891,0.055145,0.08164
-0.019684,0.056638,0.068264
-0.018429,0.053567,0.065668
-0.017147,0.050503,0.063644
-0.015842,0.047458,0.062109
-0.014518,0.044442,0.060991
-0.013181,0.041468,0.06024
-0.011833,0.038545,0.059809
-0.010479,0.035685,0.059668
-0.009121,0.032897,0.059785
-0.0077628,0.030193,0.06014
-0.0064074,0.02758,0.060711
-0.011999,0.037502,0.054297
-0.017374,0.049442,0.048349
-0.022835,0.06326,0.042807
-0.029617,0.078473,0.037669
-0.037855,0.095011,0.032939
-0.047566,0.11285,0.028619
-0.058768,0.13196,0.024719
-0.071478,0.15233,0.021233
-0.085714,0.17393,0.018153
-0.10149,0.19677,0.01546
-0.099131,0.18302,0.0093037
-0.097032,0.16953,0.0045142
-0.095193,0.15632,0.0018682
-0.093627,0.14341,0.0010134
-0.092398,0.13082,-0.0024379
-0.091515,0.11857,-0.0093821
-0.090973,0.10667,-0.02006
-0.090766,0.095141,-0.034657
-0.090885,0.084001,-0.053305
-0.091316,0.073262,-0.076114
-0.090253,0.070133,-0.078775
-0.089152,0.067022,-0.081216
-0.088015,0.063933,-0.083457
-0.086843,0.060869,-0.085536
-0.085636,0.057833,-0.087465
-0.084397,0.054828,-0.089272
-0.083127,0.051856,-0.090965
-0.081827,0.048921,-0.092564
-0.0805,0.046025,-0.094073
-0.079145,0.043172,-0.095509
-0.07572,0.04281,-0.070363
-0.072478,0.042535,-0.049331
-0.069398,0.042335,-0.032207
-0.066461,0.042201,-0.018846
-0.063648,0.042121,-0.0091394
-0.060941,0.042085,-0.0030042
-0.058324,0.042083,-0.0003779
-0.05579,0.042101,0.00063543
-0.053361,0.042128,0.0048351
-0.051038,0.042152,0.012443
-0.047856,0.037093,0.012182
-0.044935,0.032371,0.011587
-0.04226,0.027972,0.010725
-0.039819,0.023885,0.0096639
-0.037599,0.020097,0.0084646
-0.035589,0.016596,0.0071859
-0.033779,0.013371,0.0058808
-0.032159,0.010411,0.0045986
-0.030719,0.0077059,0.0033843
-0.029449,0.0052453,0.0022792
-0.025814,0.0092091,0.0013732
-0.022646,0.013219,0.00074588
-0.019957,0.017273,0.00032031
-0.017761,0.02137,4.1513E-05
-0.016067,0.025513,-0.00012987
-0.014883,0.029708,-0.00022147
-0.014214,0.033963,-0.00025296
-0.014062,0.038287,-0.00027793
-0.014427,0.042692,-0.00035637
-0.015306,0.047189,-0.00048128
-0.018714,0.05449,-0.00036475
-0.023392,0.062018,-0.0003542
-0.029345,0.069776,-9.4709E-05
-0.036572,0.077769,0.0004259
-0.04507,0.086,0.0012137
-0.054835,0.094474,0.0022772
-0.065864,0.1032,0.0036255
-0.078153,0.11217,0.0052693
-0.091696,0.12139,0.007219
-0.10649,0.13088,0.0094861
-0.10537,0.11816,0.0029777
-0.10453,0.10602,-0.00079124
-0.10394,0.094437,-0.0018059
-0.10356,0.083387,-0.0036603
-0.10334,0.072846,-0.0084307
-0.10328,0.062796,-0.016136
-0.10339,0.053221,-0.026788
-0.10366,0.044104,-0.040389
-0.10409,0.035434,-0.056938
-0.1047,0.027198,-0.076429
-0.096546,0.033246,-0.10069
-0.088872,0.03923,-0.12675
-0.081686,0.045153,-0.15428
-0.074997,0.051015,-0.18309
-0.068808,0.056819,-0.21299
-0.063122,0.062564,-0.24385
-0.057942,0.068253,-0.27553
-0.053268,0.073887,-0.30797
-0.049102,0.079467,-0.34107
-0.045444,0.084995,-0.37477
-0.050929,0.10226,-0.30884
-0.056689,0.12059,-0.25478
-0.062736,0.14002,-0.20955
-0.069079,0.1606,-0.17124
-0.075723,0.18237,-0.13852
-0.082678,0.20539,-0.11051
-0.089949,0.22968,-0.086553
-0.097544,0.2553,-0.066188
-0.10547,0.28226,-0.049062
-0.11374,0.3106,-0.034908
-0.10035,0.26654,-0.057943
-0.088286,0.22671,-0.082587
-0.077435,0.19078,-0.10799
-0.067716,0.15847,-0.13375
-0.059052,0.12954,-0.15971
-0.051377,0.10378,-0.18579
-0.044631,0.081002,-0.21197
-0.038765,0.061045,-0.23823
-0.033737,0.043775,-0.26458
-0.029511,0.029082,-0.29103
-0.03221,0.037457,-0.23252
-0.034985,0.046542,-0.18609
-0.037875,0.056345,-0.14844
-0.040909,0.066875,-0.11748
-0.044112,0.07814,-0.091787
-0.047502,0.090151,-0.070412
-0.051094,0.10292,-0.05268
-0.054901,0.11645,-0.038097
-0.058935,0.13076,-0.026307
-0.063203,0.14586,-0.017034
-0.069375,0.13624,-0.01665
-0.07721,0.1263,-0.01609
-0.086711,0.11604,-0.015397
-0.097882,0.10548,-0.014599
-0.11073,0.094594,-0.013725
-0.12527,0.083399,-0.012791
-0.1415,0.07189,-0.011818
-0.15944,0.060066,-0.010818
-0.17909,0.047926,-0.0098068
-0.20047,0.035468,-0.0087932
-0.19814,0.031391,-0.022813
-0.19584,0.027416,-0.042456
-0.19358,0.023534,-0.067053
-0.19136,0.019737,-0.096126
-0.18917,0.01602,-0.12933
-0.187,0.012376,-0.16642
-0.18485,0.0088028,-0.20718
-0.18272,0.0052969,-0.25146
-0.18061,0.0018568,-0.29912
-0.17851,-0.0015186,-0.35006
-0.16351,-0.0029674,-0.36879
-0.1493,-0.0041567,-0.38421
-0.13586,-0.005114,-0.39686
-0.12317,-0.0058654,-0.40721
-0.1112,-0.0064348,-0.41558
-0.09994,-0.0068447,-0.42229
-0.089363,-0.0071156,-0.4275
-0.079453,-0.0072665,-0.43144
-0.070193,-0.0073148,-0.4342
-0.061564,-0.0072764,-0.43594
-0.073245,-0.0099653,-0.40765
-0.085952,-0.013014,-0.38414
-0.099689,-0.016406,-0.36416
-0.11446,-0.020128,-0.34686
-0.13027,-0.024172,-0.3316
-0.14712,-0.028531,-0.31793
-0.16501,-0.0332,-0.30549
-0.18395,-0.038174,-0.29404
-0.20393,-0.04345,-0.28336
-0.22496,-0.049027,-0.27331
-0.20224,-0.040891,-0.29181
-0.18102,-0.033247,-0.31281
-0.16122,-0.02607,-0.33606
-0.14278,-0.019336,-0.36141
-0.12564,-0.013026,-0.38873
-0.10977,-0.007117,-0.41794
-0.095125,-0.0015988,-0.44895
-0.081668,0.0035451,-0.48172
-0.069379,0.0083258,-0.51618
-0.058236,0.012755,-0.55232
-0.06972,0.025632,-0.49691
-0.082385,0.040799,-0.4465
-0.096227,0.058263,-0.40025
-0.11124,0.078036,-0.35763
-0.12743,0.10014,-0.31822
-0.1448,0.12459,-0.28173
-0.16333,0.15142,-0.24795
-0.18303,0.18064,-0.21671
-0.20391,0.21229,-0.18791
-0.22595,0.24639,-0.16147
-0.1947,0.20391,-0.14784
-0.1665,0.1667,-0.13205
-0.14114,0.13431,-0.11552
-0.11844,0.10631,-0.099119
-0.098232,0.082332,-0.083383
-0.080357,0.062041,-0.068631
-0.064673,0.045123,-0.055084
-0.051044,0.03129,-0.042867
-0.039345,0.020271,-0.032081
-0.029454,0.011808,-0.022777
-0.026062,0.013701,-0.039818
-0.022961,0.015513,-0.061426
-0.020156,0.017256,-0.087527
-0.017647,0.018945,-0.11801
-0.015428,0.020593,-0.15278
-0.013489,0.022213,-0.19166
-0.011819,0.023817,-0.2345
-0.010406,0.025415,-0.28112
-0.0092382,0.027016,-0.33133
-0.0083046,0.028627,-0.38498
-0.013067,0.032422,-0.34405
-0.019411,0.035835,-0.30763
-0.027343,0.038887,-0.27477
-0.036871,0.041601,-0.24487
-0.048003,0.043999,-0.21746
-0.060746,0.046108,-0.19222
-0.07511,0.047951,-0.16892
-0.091102,0.049555,-0.1474
-0.10873,0.050941,-0.12753
-0.128,0.052132,-0.10923
-0.12387,0.043497,-0.10971
-0.11997,0.035405,-0.11228
-0.1163,0.027846,-0.11658
-0.11284,0.020809,-0.12237
-0.10959,0.014286,-0.12951
-0.10653,0.0082694,-0.13789
-0.10365,0.0027514,-0.14743
-0.10095,-0.0022739,-0.15809
-0.098413,-0.0068115,-0.16983
-0.096037,-0.010866,-0.18263
-0.088065,-0.0012957,-0.16148
-0.080931,0.0092373,-0.14055
-0.07465,0.020744,-0.1203
-0.069235,0.033233,-0.1011
-0.064701,0.046708,-0.083206
-0.061059,0.061171,-0.066806
-0.058318,0.076619,-0.052049
-0.056486,0.093044,-0.039039
-0.055565,0.11044,-0.027867
-0.055558,0.12879,-0.018598
-0.057693,0.099757,-0.012684
-0.062786,0.073319,-0.0082173
-0.070778,0.049302,-0.00495
-0.081625,0.027558,-0.0027086
-0.095303,0.0079737,-0.0013819
-0.11181,-0.0095243,-0.0008978
-0.13116,-0.024967,-0.00071906
-0.15338,-0.038347,0.00013885
-0.17852,-0.049631,0.0016945
-0.20658,-0.058803,0.0039482
-0.20002,-0.056787,0.00073303
-0.19373,-0.054364,-0.00087161
-0.18773,-0.051509,-0.0013322
-0.18199,-0.048233,-0.0016458
-0.17649,-0.044542,-0.0025786
-0.17124,-0.040441,-0.0039793
-0.16624,-0.035931,-0.0057393
-0.16146,-0.031016,-0.0077781
-0.15692,-0.025697,-0.010037
-0.15261,-0.019976,-0.012469
-0.14787,-0.021409,-0.022941
-0.14322,-0.022684,-0.036626
-0.13865,-0.023806,-0.05341
-0.13417,-0.024777,-0.073195
-0.12975,-0.025601,-0.095892
-0.1254,-0.026277,-0.12142
-0.12111,-0.026807,-0.14969
-0.11688,-0.027188,-0.18065
-0.1127,-0.02742,-0.2142
-0.10858,-0.027501,-0.25028
-0.11134,-0.02464,-0.20685
-0.11419,-0.020849,-0.1727
-0.11716,-0.016152,-0.14517
-0.12028,-0.010554,-0.12257
-0.12359,-0.0040715,-0.10371
-0.12709,0.003287,-0.087803
-0.13081,0.011519,-0.074251
-0.13477,0.020626,-0.062625
-0.13898,0.030612,-0.052601
-0.14345,0.041484,-0.043924
-0.15098,0.029635,-0.0355
-0.15909,0.01821,-0.027441
-0.16779,0.0072096,-0.020116
-0.17706,-0.0033664,-0.013802
-0.18689,-0.013516,-0.0087194
-0.19727,-0.023238,-0.0050296
-0.2082,-0.032527,-0.0028615
-0.21966,-0.041382,-0.0023105
-0.23165,-0.049816,-0.0016392
-0.24418,-0.057849,0.00075682
-0.22876,-0.056014,-0.00023529
-0.21422,-0.054136,-0.0010439
-0.20052,-0.052212,-0.0016592
-0.18761,-0.050239,-0.0020706
-0.17545,-0.048212,-0.0022681
-0.164,-0.046131,-0.0022545
-0.15322,-0.043986,-0.0023404
-0.14307,-0.041773,-0.0026681
-0.13352,-0.039486,-0.0032447
-0.12453,-0.037123,-0.0040768
-0.10595,-0.031719,-0.0031023
-0.089251,-0.026831,-0.002329
-0.074325,-0.022457,-0.0017245
-0.061069,-0.018569,-0.0012631
-0.049388,-0.015136,-0.00092442
-0.03919,-0.012134,-0.00069204
-0.030386,-0.0095339,-0.00053466
-0.02289,-0.0073148,-0.0003482
-0.016618,-0.0054517,-0.00012565
-0.011486,-0.0039201,0.00012439
-0.014222,-0.0046294,0.0015694
-0.017314,-0.0055884,0.0042025
-0.0208,-0.0068082,0.0080489
-0.024749,-0.0081955,0.013135
-0.029206,-0.0097215,0.019478
-0.034201,-0.011403,0.02709
-0.039762,-0.013256,0.035975
-0.045915,-0.015297,0.046134
-0.052685,-0.017538,0.05756
-0.060096,-0.019994,0.07025
-0.06178,-0.022501,0.080062
-0.063639,-0.024427,0.090437
-0.065627,-0.025889,0.10136
-0.067421,-0.027826,0.11278
-0.068943,-0.030438,0.12468
-0.07018,-0.033732,0.13705
-0.071116,-0.037717,0.14988
-0.071741,-0.042403,0.16315
-0.072043,-0.047796,0.17685
-0.072012,-0.053904,0.19097
-0.062464,-0.054444,0.14285
-0.053397,-0.056133,0.10279
-0.044726,-0.058912,0.069834
-0.036371,-0.062736,0.043363
-0.028263,-0.067574,0.022925
-0.020336,-0.073403,0.0082103
-0.012533,-0.08021,-0.00099857
-0.0048065,-0.08799,-0.0048557
0.0029143,-0.096528,-0.0072941
0.010711,-0.10546,-0.014878
0.0072898,-0.092597,-0.012945
0.0040703,-0.080549,-0.011173
0.0010631,-0.069329,-0.0095478
-0.0017205,-0.058954,-0.0080613
-0.0042691,-0.049439,-0.0067084
-0.0065707,-0.040802,-0.0054862
-0.0086133,-0.03306,-0.0043938
-0.010384,-0.026231,-0.0034312
-0.011869,-0.020336,-0.0025996
-0.013054,-0.015393,-0.0019013
-0.0089444,-0.01549,-0.002782
-0.0051807,-0.015865,-0.0038954
-0.0017759,-0.016522,-0.005199
0.0012588,-0.017458,-0.0066689
0.0039138,-0.018666,-0.0082932
0.006182,-0.020132,-0.010069
0.0080593,-0.021841,-0.011995
0.0095438,-0.023776,-0.014073
0.010654,-0.025914,-0.016301
0.011937,-0.028023,-0.018657
0.008078,-0.017283,-0.016006
0.0053073,-0.0090074,-0.013727
0.0035903,-0.0031246,-0.011756
0.0028964,0.00043542,-0.010049
0.003206,0.0017363,-0.0085725
0.0035571,0.0032036,-0.0071932
0.0030942,0.006999,-0.0058012
0.0018121,0.013174,-0.0043932
-0.0003078,0.021794,-0.0029641
-0.0032905,0.032929,-0.0015152
-0.00041182,0.027468,0.0010844
0.0023239,0.022598,0.0015151
0.0048536,0.018185,0.0038463
0.0071469,0.014282,0.0083626
0.0091826,0.010954,0.014888
0.010946,0.0082424,0.023353
0.012429,0.0061665,0.033767
0.013632,0.0047246,0.046183
0.014563,0.0038985,0.060662
0.015315,0.0034709,0.077242
0.0096947,0.0014768,0.070295
0.005379,-4.5859E-05,0.063823
0.002304,-0.0010914,0.05777
0.00040159,-0.0016343,0.052102
-0.000373,-0.0016881,0.046788
-0.0007164,-0.0015587,0.041793
-0.0020902,-0.0018971,0.037067
-0.0045384,-0.0027278,0.032605
-0.0080702,-0.004058,0.0284
-0.01271,-0.0058999,0.024453
-0.015735,-0.0062716,0.023304
-0.019229,-0.0063632,0.022195
-0.023212,-0.0061501,0.021129
-0.027706,-0.0056048,0.020098
-0.032734,-0.0046979,0.019098
-0.038318,-0.003399,0.018118
-0.044484,-0.0016776,0.017149
-0.051253,0.00049651,0.016183
-0.058649,0.0031529,0.015212
-0.066694,0.0063197,0.014232
-0.056691,0.01259,0.016128
-0.047919,0.018314,0.018579
-0.040387,0.023481,0.021576
-0.034105,0.028085,0.025119
-0.029081,0.032118,0.02921
-0.02532,0.035577,0.03385
-0.022828,0.038457,0.039036
-0.021606,0.040758,0.044764
-0.021655,0.042479,0.051028
-0.021987,0.044111,0.057835
-0.024148,0.048267,0.049956
-0.026407,0.052568,0.042791
-0.028766,0.057019,0.036281
-0.031227,0.061626,0.030382
-0.033794,0.066395,0.025055
-0.036469,0.071332,0.020265
-0.039255,0.076442,0.015985
-0.042155,0.08173,0.01219
-0.045172,0.087199,0.0088578
-0.04831,0.092855,0.0059693
-0.055788,0.1068,0.0037796
-0.063838,0.12171,0.0017857
-0.072466,0.13759,-6.3394E-06
-0.081679,0.15444,-0.0015898
-0.091484,0.17227,-0.002956
-0.10189,0.19106,-0.0040965
-0.1129,0.21083,-0.0050021
-0.12452,0.23157,-0.0059736
-0.13675,0.25327,-0.0073546
-0.14961,0.27592,-0.0091572
-0.12456,0.22803,-0.0083621
-0.10153,0.18487,-0.0074376
-0.080911,0.14622,-0.0064248
-0.062842,0.11198,-0.0053671
-0.047315,0.082169,-0.0043059
-0.034328,0.056765,-0.003281
-0.023875,0.035769,-0.0023299
-0.015952,0.019181,-0.0014896
-0.010556,0.0069974,-0.00079678
-0.0076832,-0.00078231,-0.00029047
-0.007632,0.0010011,-0.00032286
-0.007792,0.0030235,-0.00037254
-0.0081644,0.0052896,-0.00043854
-0.0087536,0.0078036,-0.00052068
-0.0095663,0.010569,-0.00061945
-0.010611,0.013589,-0.00073565
-0.011898,0.016866,-0.00087043
-0.013437,0.0204,-0.0010246
-0.015241,0.024194,-0.0011992
-0.017321,0.028248,-0.0013931
-0.016771,0.028312,0.0034941
-0.015461,0.029328,0.018511
-0.012606,0.031717,0.043967
-0.0081189,0.03553,0.080597
-0.0019076,0.040847,0.12903
0.0061225,0.047743,0.18952
0.016064,0.056285,0.26189
0.028005,0.066519,0.3456
0.042027,0.078485,0.43984
0.058205,0.09221,0.54377
0.0509,0.077348,0.41374
0.043601,0.064852,0.31649
0.036531,0.054165,0.24091
0.029824,0.044962,0.18095
0.023567,0.037039,0.13292
0.01782,0.030258,0.094473
0.012625,0.024523,0.06401
0.0080145,0.019768,0.040392
0.0040102,0.015942,0.022766
0.00063018,0.013009,0.010461
0.0036887,0.011725,0.017824
0.0066181,0.011054,0.026977
0.0094229,0.011004,0.037933
0.0121,0.011591,0.050691
0.014638,0.012844,0.065248
0.017027,0.014791,0.081579
0.019663,0.016849,0.099681
0.022887,0.01853,0.11952
0.02673,0.019805,0.14104
0.031225,0.020646,0.16417
0.021595,0.017569,0.17328
0.013644,0.01456,0.18191
0.0073592,0.011672,0.19012
0.0027214,0.0089518,0.198
-0.00079612,0.0071773,0.20557
-0.0035134,0.0068096,0.21288
-0.0054394,0.0078564,0.21993
-0.0075777,0.0096313,0.22677
-0.011343,0.011153,0.23338
-0.016753,0.012425,0.23977
-0.014387,0.011016,0.20089
-0.012145,0.009618,0.16695
-0.010038,0.0082383,0.13726
-0.008079,0.0068868,0.11129
-0.0062833,0.00558,0.088682
-0.0046702,0.0043367,0.069116
-0.0032614,0.0031815,0.052359
-0.0020822,0.0021421,0.038211
-0.0011614,0.0012523,0.02651
-0.00053166,0.0005525,0.017107
-0.0018397,0.0021911,0.026706
-0.0041007,0.0050324,0.039027
-0.0073245,0.0090631,0.054258
-0.011516,0.014272,0.072472
-0.016687,0.020644,0.093657
-0.022858,0.028155,0.11771
-0.030046,0.036787,0.14449
-0.038271,0.046521,0.17378
-0.047551,0.05734,0.20537
-0.057906,0.069226,0.23905
-0.060005,0.072718,0.22515
-0.062447,0.075963,0.21354
-0.064329,0.079689,0.20368
-0.065615,0.083942,0.19521
-0.066316,0.088738,0.18784
-0.06644,0.094088,0.18135
-0.065994,0.10001,0.17557
-0.064984,0.10651,0.17039
-0.063412,0.11362,0.16568
-0.061282,0.12134,0.16138
-0.066211,0.12349,0.14866
-0.071118,0.12573,0.13807
-0.076004,0.12806,0.12915
-0.080872,0.1305,0.12156
-0.085724,0.13302,0.11504
-0.090563,0.13563,0.1094
-0.09539,0.13832,0.10449
-0.10021,0.14109,0.10019
-0.10502,0.14394,0.096422
-0.10982,0.14686,0.093107
-0.093136,0.13545,0.072476
-0.076561,0.12571,0.053399
-0.060069,0.1176,0.036629
-0.043635,0.11108,0.022688
-0.027234,0.10611,0.011953
-0.010845,0.10266,0.0046846
0.0055496,0.1007,0.0010746
0.021973,0.10021,0.00022127
0.038483,0.10119,-0.0036337
0.055089,0.10365,-0.011466
0.029849,0.093867,-0.015824
0.0065256,0.086658,-0.020058
-0.014843,0.082066,-0.024128
-0.034242,0.08015,-0.028039
-0.051684,0.080976,-0.031809
-0.067201,0.084611,-0.035473
-0.080853,0.091122,-0.039058
-0.092712,0.10057,-0.042593
-0.10486,0.11115,-0.046107
-0.12021,0.12023,-0.049627
-0.12943,0.1317,-0.043353
-0.1393,0.14343,-0.037738
-0.14982,0.15543,-0.032704
-0.16101,0.16769,-0.028197
-0.17287,0.18021,-0.024164
-0.18542,0.19297,-0.020571
-0.19867,0.20596,-0.017384
-0.21242,0.21938,-0.01458
-0.2265,0.23338,-0.012141
-0.24091,0.24798,-0.010054
-0.22645,0.23226,-0.013744
-0.21261,0.21733,-0.01896
-0.19934,0.20314,-0.02588
-0.1866,0.18966,-0.034658
-0.17438,0.17685,-0.045413
-0.16263,0.16465,-0.058245
-0.15133,0.15305,-0.073232
-0.14045,0.14201,-0.090443
-0.12998,0.13149,-0.10993
-0.11989,0.12148,-0.13175
-0.13199,0.13113,-0.13684
-0.14451,0.14132,-0.14072
-0.15745,0.15204,-0.14345
-0.17082,0.16326,-0.14521
-0.18463,0.17498,-0.14611
-0.19888,0.18719,-0.14628
-0.21365,0.19982,-0.14583
-0.22911,0.21267,-0.14486
-0.24529,0.22574,-0.14346
-0.26217,0.23902,-0.14171
-0.25516,0.2292,-0.13099
-0.24845,0.21909,-0.12281
-0.24204,0.20873,-0.11637
-0.23593,0.19815,-0.11121
-0.23012,0.18735,-0.10696
-0.2246,0.17637,-0.1034
-0.21936,0.1652,-0.10037
-0.21442,0.15388,-0.097731
-0.20975,0.1424,-0.09541
-0.20537,0.13078,-0.093338
-0.19136,0.13379,-0.071646
-0.1794,0.13523,-0.052824
-0.16937,0.13509,-0.037085
-0.16114,0.13338,-0.02456
-0.15462,0.13009,-0.015332
-0.14924,0.12577,-0.0094694
-0.14285,0.12287,-0.0071158
-0.13522,0.12173,-0.0060603
-0.12639,0.12256,-0.0017324
-0.11635,0.12538,0.0060021
-0.12237,0.12322,-0.00099588
-0.12816,0.12168,-0.0055768
-0.13371,0.12076,-0.0079633
-0.13901,0.12042,-0.0086951
-0.14402,0.12047,-0.010745
-0.14875,0.12086,-0.014648
-0.15317,0.12159,-0.02033
-0.1573,0.12264,-0.027729
-0.16111,0.12402,-0.036799
-0.16499,0.12523,-0.047461
-0.14225,0.10829,-0.029008
-0.12173,0.092885,-0.015836
-0.10326,0.078819,-0.0081013
-0.086697,0.065956,-0.0054526
-0.071921,0.054804,-8.4064E-05
-0.058786,0.045505,0.010863
-0.047164,0.037962,0.027469
-0.036936,0.032082,0.049805
-0.028009,0.027778,0.07792
-0.020317,0.024981,0.11186
-0.025872,0.025963,0.085237
-0.031715,0.028108,0.062088
-0.038278,0.030841,0.042413
-0.045815,0.033816,0.026215
-0.054331,0.03702,0.013465
-0.063842,0.040428,0.0041454
-0.074367,0.044002,-0.0017648
-0.085935,0.047695,-0.004287
-0.098558,0.051268,-0.0058672
-0.11224,0.054348,-0.010658
-0.10347,0.037026,-0.0066315
-0.096587,0.019049,-0.0035096
-0.091593,0.00044316,-0.0010704
-0.08851,-0.018781,0.00083321
-0.087355,-0.038622,0.0023968
-0.08815,-0.059058,0.004221
-0.090913,-0.080117,0.006358
-0.09566,-0.10184,0.0087724
-0.10241,-0.12427,0.01144
-0.11117,-0.14745,0.014338
-0.10211,-0.13082,0.0097046
-0.093884,-0.11473,0.0071561
-0.086483,-0.099256,0.0055812
-0.079886,-0.08456,0.0027422
-0.074089,-0.070646,-0.0013422
-0.069088,-0.057511,-0.0065643
-0.064883,-0.045154,-0.012845
-0.061472,-0.033577,-0.020127
-0.058856,-0.02278,-0.028368
-0.057035,-0.012763,-0.037535
-0.062347,-0.0084547,-0.028216
-0.06807,-0.0040133,-0.020722
-0.074186,0.00058731,-0.014766
-0.080676,0.0053651,-0.010129
-0.087524,0.010333,-0.0066373
-0.094718,0.015498,-0.0041506
-0.10225,0.020868,-0.0025503
-0.11011,0.026445,-0.001736
-0.11829,0.032233,-0.001619
-0.12679,0.038257,-0.0014452
-0.11315,0.027525,-0.0010569
-0.10041,0.017362,-0.00063714
-0.088627,0.0077873,-0.00021411
-0.07783,-0.0011781,0.00021837
-0.068068,-0.0095144,0.00068247
-0.059378,-0.017203,0.001207
-0.051801,-0.024227,0.0018226
-0.04537,-0.03057,0.0025582
-0.040117,-0.03622,0.0034409
-0.036072,-0.041164,0.0044938
-0.03317,-0.040709,0.0051114
-0.030563,-0.040097,0.0057743
-0.028231,-0.039342,0.0064839
-0.026155,-0.038458,0.0072415
-0.02432,-0.037457,0.0080485
-0.022709,-0.036351,0.0089063
-0.021312,-0.03515,0.009816
-0.020114,-0.033863,0.010779
-0.019108,-0.032497,0.011796
-0.018143,-0.031144,0.012868
-0.016684,-0.028631,0.015388
-0.015261,-0.026257,0.018057
-0.014003,-0.023946,0.020869
-0.012912,-0.021695,0.023816
-0.011986,-0.019504,0.026894
-0.011226,-0.017371,0.030101
-0.010631,-0.015298,0.033433
-0.0102,-0.013282,0.03689
-0.0099339,-0.011325,0.04047
-0.0098316,-0.0094258,0.044174
-0.0085595,-0.0083447,0.045552
-0.0073796,-0.007345,0.046879
-0.0062902,-0.006428,0.048155
-0.0052898,-0.0055949,0.049385
-0.004377,-0.0048468,0.05057
-0.0035504,-0.0041847,0.051715
-0.0028087,-0.0036096,0.052821
-0.0021508,-0.0031221,0.053891
-0.0015756,-0.0027232,0.054927
-0.001082,-0.0024134,0.055933
-0.0035927,-0.0018723,0.055378
-0.0075226,-0.00074334,0.054858
-0.012874,0.00097564,0.054382
-0.01965,0.0032925,0.053958
-0.027854,0.0062108,0.053584
-0.037493,0.0097372,0.053259
-0.048572,0.013877,0.052978
-0.061101,0.018638,0.052737
-0.075086,0.024024,0.052532
-0.090537,0.030044,0.052361
-0.10061,0.032013,0.034613
-0.11123,0.033711,0.021187
-0.1225,0.035216,0.011638
-0.13449,0.036602,0.0056227
-0.14727,0.037937,0.0028679
-0.16092,0.039312,0.0022894
-0.17553,0.040931,-0.00048151
-0.19115,0.042845,-0.0058843
-0.20781,0.045075,-0.01376
-0.22554,0.04764,-0.023974
-0.20115,0.051081,-0.033896
-0.17852,0.053419,-0.044451
-0.15763,0.054653,-0.055511
-0.13845,0.054781,-0.066995
-0.12098,0.053806,-0.078832
-0.10518,0.051729,-0.090984
-0.091051,0.04855,-0.10341
-0.078574,0.044271,-0.11608
-0.067611,0.039129,-0.12897
-0.056953,0.035384,-0.14202
-0.071024,0.04198,-0.14348
-0.086693,0.049613,-0.14539
-0.10402,0.058303,-0.14772
-0.12306,0.068066,-0.15048
-0.14389,0.078893,-0.15365
-0.16664,0.090607,-0.15725
-0.19138,0.10319,-0.16124
-0.21813,0.11666,-0.16563
-0.24692,0.13103,-0.17039
-0.27776,0.14631,-0.17549
-0.29738,0.15817,-0.17782
-0.31828,0.16929,-0.17866
-0.33964,0.18128,-0.17823
-0.36112,0.1948,-0.17675
-0.38272,0.20983,-0.1744
-0.40445,0.22638,-0.17134
-0.42629,0.24446,-0.16769
-0.44825,0.26407,-0.16357
-0.47032,0.2852,-0.15905
-0.4925,0.30787,-0.1542
-0.45683,0.28037,-0.17742
-0.42309,0.25473,-0.19793
-0.39112,0.23085,-0.21639
-0.36082,0.20866,-0.2333
-0.33208,0.18811,-0.24897
-0.3048,0.16911,-0.26364
-0.27889,0.15162,-0.27745
-0.25427,0.13557,-0.29053
-0.23087,0.12094,-0.30293
-0.20862,0.10766,-0.31474
-0.1951,0.10114,-0.3487
-0.18173,0.094994,-0.38579
-0.16854,0.089222,-0.42573
-0.15555,0.083829,-0.46834
-0.14277,0.078821,-0.51339
-0.1302,0.074207,-0.56078
-0.11787,0.069994,-0.6103
-0.10578,0.066194,-0.66188
-0.093928,0.062818,-0.71532
-0.082327,0.059876,-0.77061
-0.087393,0.060617,-0.68157
-0.092941,0.06165,-0.60702
-0.098936,0.062978,-0.54275
-0.10535,0.064605,-0.4863
-0.11217,0.066529,-0.43596
-0.11938,0.068762,-0.39062
-0.12697,0.07129,-0.34946
-0.13492,0.074108,-0.31189
-0.14323,0.077205,-0.27751
-0.15189,0.080578,-0.24595
-0.14157,0.073289,-0.2633
-0.13152,0.066575,-0.27868
-0.12174,0.060419,-0.29248
-0.11222,0.054808,-0.30498
-0.10297,0.049727,-0.31645
-0.094002,0.045114,-0.32707
-0.085529,0.040538,-0.33702
-0.077589,0.035909,-0.3464
-0.070174,0.031225,-0.35532
-0.063277,0.02649,-0.36384
-0.062804,0.02572,-0.3445
-0.062566,0.024986,-0.32698
-0.062546,0.024284,-0.31092
-0.062726,0.023612,-0.29605
-0.063094,0.022965,-0.28216
-0.063637,0.022343,-0.2691
-0.064345,0.021741,-0.25676
-0.06521,0.02116,-0.24503
-0.066225,0.020597,-0.23384
-0.067382,0.020051,-0.22313
-0.062053,0.019907,-0.22154
-0.056967,0.019596,-0.22067
-0.052119,0.019136,-0.2204
-0.047504,0.018545,-0.22064
-0.043116,0.017836,-0.22131
-0.038951,0.017024,-0.22236
-0.035005,0.016119,-0.22375
-0.031274,0.015132,-0.22542
-0.027755,0.014072,-0.22735
-0.024445,0.012948,-0.22951
-0.03016,0.016106,-0.22587
-0.03647,0.019413,-0.22223
-0.043328,0.022961,-0.2186
-0.050676,0.026881,-0.21496
-0.058515,0.031176,-0.21131
-0.066848,0.035848,-0.20763
-0.075679,0.040899,-0.20393
-0.085009,0.046331,-0.20021
-0.094843,0.052148,-0.19647
-0.10518,0.05835,-0.1927
-0.093137,0.052608,-0.19411
-0.08164,0.047217,-0.19664
-0.070709,0.042187,-0.20013
-0.060366,0.037527,-0.20446
-0.050627,0.033244,-0.20952
-0.041508,0.029347,-0.21525
-0.033022,0.025843,-0.22159
-0.025185,0.022736,-0.22848
-0.018006,0.020033,-0.23588
-0.011501,0.017737,-0.24375
-0.018562,0.017512,-0.24013
-0.025899,0.018369,-0.23633
-0.033505,0.020308,-0.23237
-0.041378,0.023325,-0.22826
-0.049682,0.027075,-0.22403
-0.058962,0.030436,-0.21968
-0.069256,0.033326,-0.21524
-0.080561,0.035742,-0.2107
-0.092871,0.037685,-0.20608
-0.10618,0.039153,-0.20138
-0.092986,0.036544,-0.19697
-0.080601,0.033701,-0.19317
-0.06905,0.030669,-0.18988
-0.058352,0.027486,-0.18704
-0.048524,0.02419,-0.18459
-0.039582,0.020817,-0.18248
-0.031541,0.017397,-0.18067
-0.024401,0.013991,-0.17913
-0.017929,0.011131,-0.17781
-0.01206,0.0090001,-0.17669
-0.021643,0.015099,-0.12888
-0.032557,0.022912,-0.090302
-0.044853,0.032447,-0.059533
-0.058586,0.043726,-0.035732
-0.073805,0.056787,-0.01846
-0.090561,0.07167,-0.0075085
-0.1089,0.088421,-0.0027958
-0.12892,0.10709,-0.0014948
-0.15085,0.12772,0.005203
-0.17471,0.15035,0.017858
-0.18472,0.14106,0.016145
-0.19379,0.13305,0.015201
-0.20194,0.12632,0.014799
-0.20918,0.12086,0.014802
-0.21555,0.11668,0.015109
-0.22108,0.11379,0.015657
-0.22578,0.11219,0.016397
-0.22967,0.11188,0.017295
-0.23282,0.11281,0.01832
-0.23611,0.11319,0.019445
-0.24623,0.11857,0.0068425
-0.25672,0.124,-0.00096261
-0.26757,0.1295,-0.0043053
-0.27872,0.13507,-0.0056529
-0.29009,0.14068,-0.010734
-0.30167,0.14636,-0.0197
-0.31341,0.15223,-0.032446
-0.32531,0.15827,-0.048889
-0.33738,0.1645,-0.068969
-0.34962,0.17091,-0.092641
-0.30089,0.14666,-0.08826
-0.25657,0.12485,-0.083785
-0.21643,0.1053,-0.079267
-0.18036,0.087656,-0.07475
-0.14818,0.071757,-0.070261
-0.1197,0.057544,-0.065825
-0.094724,0.044964,-0.061458
-0.073073,0.033969,-0.057176
-0.054582,0.02451,-0.052989
-0.039092,0.016539,-0.048909
-0.052261,0.023037,-0.039189
-0.067425,0.030557,-0.03064
-0.084642,0.039136,-0.02324
-0.10397,0.048804,-0.016979
-0.12546,0.059593,-0.011843
-0.14916,0.071531,-0.0078145
-0.17511,0.084643,-0.0048661
-0.20337,0.098951,-0.0029615
-0.23395,0.11448,-0.0020618
-0.2669,0.13123,-0.0019825
-0.25448,0.12613,-0.0017887
-0.24245,0.12079,-0.0015629
-0.23079,0.11529,-0.0012894
-0.21927,0.11006,-0.00094812
-0.20785,0.10522,-0.0005155
-0.19654,0.10075,3.1007E-05
-0.18536,0.09666,0.00071137
-0.1743,0.092924,0.0015432
-0.16339,0.089539,0.0025417
-0.15263,0.086496,0.0037203
-0.1474,0.081324,0.00094513
-0.14211,0.076577,-0.00037633
-0.13675,0.072247,-0.00061804
-0.13134,0.068314,-0.0014491
-0.12587,0.064772,-0.0032088
-0.12035,0.061617,-0.0057959
-0.11482,0.058767,-0.0091305
-0.10954,0.055723,-0.013146
-0.10456,0.0524,-0.01779
-0.099872,0.048804,-0.023021
-0.12181,0.060806,-0.0080348
-0.14607,0.073953,-0.0010731
-0.17269,0.088288,0.00067932
-0.2017,0.1039,0.0078843
-0.23311,0.1208,0.021401
-0.26695,0.139,0.040638
-0.30323,0.1585,0.065002
-0.34196,0.1793,0.093925
-0.38315,0.2014,0.12689
-0.42677,0.22485,0.16347
-0.42827,0.2277,0.087813
-0.42806,0.23319,0.040424
-0.42624,0.24124,0.012814
-0.42289,0.25182,0.00025751
-0.41807,0.26492,-0.0026797
-0.4118,0.28045,-0.013127
-0.40408,0.29845,-0.032897
-0.39491,0.31896,-0.061178
-0.38427,0.34201,-0.097369
-0.37213,0.36765,-0.14102
-0.37656,0.36905,-0.13243
-0.38084,0.37043,-0.12604
-0.38498,0.37181,-0.12095
-0.38898,0.37319,-0.11666
-0.39284,0.37456,-0.11283
-0.39657,0.37592,-0.10926
-0.40017,0.37729,-0.10581
-0.40364,0.37864,-0.10243
-0.40699,0.38,-0.099041
-0.41021,0.38134,-0.095645
-0.44258,0.3874,-0.1119
-0.47537,0.39415,-0.12844
-0.50857,0.40159,-0.1453
-0.54216,0.40969,-0.16252
-0.57612,0.41847,-0.1801
-0.61043,0.4279,-0.19807
-0.64509,0.43798,-0.21639
-0.68006,0.4487,-0.23506
-0.71534,0.46005,-0.25405
-0.7509,0.47203,-0.27335
-0.69796,0.4394,-0.27063
-0.64886,0.40897,-0.26515
-0.60326,0.38055,-0.25792
-0.56083,0.35398,-0.24957
-0.5213,0.32909,-0.24042
-0.48442,0.30575,-0.23074
-0.44997,0.28385,-0.22069
-0.41776,0.26329,-0.21039
-0.38761,0.24396,-0.19993
-0.35938,0.2258,-0.18939
-0.2948,0.19397,-0.15315
-0.23863,0.16683,-0.12849
-0.18982,0.14382,-0.11084
-0.1475,0.1245,-0.097755
-0.11093,0.10847,-0.087821
-0.079479,0.095388,-0.080149
-0.052595,0.084961,-0.07417
-0.029803,0.076933,-0.069484
-0.010688,0.071081,-0.065814
0.0050989,0.067219,-0.062946
0.012899,0.07115,-0.041926
0.020357,0.075448,-0.0255
0.02751,0.080133,-0.013382
0.0344,0.085238,-0.0053446
0.041072,0.090806,-0.0012271
0.047555,0.096903,-0.00023306
0.053766,0.10368,0.0032146
0.05971,0.11123,0.010291
0.065411,0.11961,0.020949
0.070891,0.1289,0.035157
0.074085,0.13498,0.020698
0.076797,0.14151,0.010136
0.079044,0.14851,0.0031953
0.080837,0.15599,-0.00032399
0.082201,0.16396,-0.0012475
0.083264,0.17237,-0.004407
0.084052,0.1812,-0.010662
0.084561,0.19049,-0.019939
0.08479,0.20024,-0.032182
0.084731,0.21049,-0.047348
0.0665,0.19595,-0.025419
0.048471,0.18285,-0.011391
0.030587,0.17113,-0.0041841
0.012787,0.16073,-0.0027053
-0.0051892,0.15175,0.0010341
-0.023455,0.14421,0.009883
-0.042033,0.13805,0.02355
-0.060943,0.13327,0.04181
-0.080202,0.12984,0.064475
-0.099824,0.12777,0.091389
-0.10037,0.1246,0.067442
-0.10114,0.12179,0.047645
-0.10212,0.11929,0.031443
-0.10327,0.11709,0.018478
-0.10459,0.11514,0.0084951
-0.10606,0.11343,0.0013253
-0.10766,0.11192,-0.0031503
-0.10939,0.1106,-0.0050103
-0.11118,0.10943,-0.0058081
-0.11296,0.10831,-0.0089949
-0.10171,0.10396,-0.0090354
-0.090892,0.10001,-0.0087956
-0.0805,0.096462,-0.0083175
-0.070515,0.09331,-0.0076546
-0.060923,0.090549,-0.0068631
-0.05171,0.088173,-0.0059973
-0.042865,0.086177,-0.0051077
-0.034375,0.084555,-0.0042401
-0.026229,0.083302,-0.0034357
-0.018417,0.082413,-0.0027314
-0.024086,0.083802,-0.004566
-0.029972,0.085344,-0.0071935
-0.036084,0.087048,-0.01045
-0.04243,0.08892,-0.014203
-0.049016,0.090963,-0.018343
-0.055848,0.093182,-0.022781
-0.062929,0.095581,-0.027443
-0.070265,0.09816,-0.032267
-0.077857,0.10092,-0.0372
-0.085708,0.10386,-0.042201
-0.064995,0.11125,-0.022464
-0.043895,0.12107,-0.010404
-0.022332,0.13332,-0.004186
-0.00023551,0.14806,-0.0025635
0.022393,0.16542,-0.00016672
0.045586,0.18551,0.0054555
0.069399,0.20839,0.013878
0.093874,0.23413,0.024757
0.11904,0.26282,0.037804
0.14492,0.29451,0.052776
0.12317,0.25315,0.036325
0.10314,0.21542,0.025142
0.084805,0.18116,0.0173
0.068155,0.15026,0.011697
0.053164,0.12262,0.0076598
0.039801,0.098161,0.0047611
0.028037,0.076788,0.0027142
0.017838,0.058429,0.0013193
0.0091679,0.043007,0.00043076
0.0019885,0.030451,-6.1692E-05
0.0035648,0.032452,-0.00043549
0.0051952,0.034539,-0.0009545
0.006881,0.036696,-0.0023766
0.0086201,0.03892,-0.0047449
0.01041,0.041209,-0.0080993
0.012247,0.043559,-0.012479
0.014127,0.045968,-0.017921
0.016047,0.048434,-0.024466
0.018002,0.050955,-0.032151
0.019987,0.053531,-0.041017
0.027185,0.061582,-0.038415
0.034602,0.070609,-0.035545
0.042253,0.080623,-0.032473
0.050152,0.091633,-0.029265
0.058317,0.10365,-0.025983
0.066761,0.11668,-0.022689
0.075502,0.13074,-0.01945
0.084554,0.14583,-0.016331
0.093985,0.16194,-0.013401
0.10412,0.17888,-0.010731
0.10647,0.1826,-0.014757
0.10889,0.18635,-0.01928
0.11136,0.19012,-0.024213
0.1139,0.19392,-0.029488
0.11649,0.19775,-0.035048
0.11915,0.2016,-0.040843
0.12187,0.20549,-0.046831
0.12465,0.2094,-0.052975
0.1275,0.21334,-0.05924
0.13041,0.21731,-0.065596
0.12868,0.21552,-0.061404
0.12691,0.21365,-0.059531
0.12512,0.21172,-0.059391
0.12332,0.20972,-0.060622
0.12153,0.20765,-0.062989
0.11975,0.20553,-0.066342
0.11799,0.20335,-0.070578
0.11626,0.20111,-0.075632
0.11456,0.19881,-0.081458
0.11291,0.19645,-0.088029
0.11223,0.19468,-0.088798
0.11186,0.19274,-0.087569
0.11179,0.19062,-0.084744
0.11201,0.18832,-0.080692
0.11254,0.18584,-0.075728
0.11336,0.18317,-0.070122
0.11447,0.18033,-0.064096
0.11587,0.1773,-0.057841
0.11756,0.17408,-0.051511
0.11954,0.17068,-0.045238
0.11354,0.15638,-0.031885
0.10798,0.14256,-0.023002
0.10289,0.1292,-0.016992
0.098272,0.1163,-0.012873
0.094143,0.10383,-0.010024
0.090509,0.091793,-0.008042
0.087374,0.080162,-0.0066636
0.084741,0.068933,-0.0057114
0.082612,0.058094,-0.0050678
0.080989,0.047639,-0.0046531
0.07033,0.065505,-0.0029124
0.064053,0.08157,-0.0017289
0.061979,0.095911,-0.0010417
0.064014,0.10855,-0.0008076
0.069351,0.11992,-0.00073425
0.072242,0.13333,-0.00028639
0.071422,0.14948,0.00055222
0.066736,0.16843,0.0017719
0.058012,0.19025,0.0033624
0.045074,0.21501,0.0053121
0.042695,0.22058,0.0038659
0.040208,0.22626,0.0030565
0.03761,0.23204,0.002655
0.034897,0.23793,0.0025308
0.032071,0.24392,0.002614
0.029131,0.25002,0.0028691
0.026079,0.25623,0.0032827
0.022914,0.26254,0.0038512
0.019641,0.26896,0.0045788
0.016258,0.27548,0.005472
0.026361,0.2616,0.0051811
0.035234,0.24858,0.0049856
0.042979,0.23636,0.0048732
0.04969,0.22488,0.0048347
0.055449,0.21408,0.0048634
0.060331,0.20393,0.0049544
0.064403,0.19438,0.005104
0.067727,0.18539,0.0053095
0.070357,0.17694,0.0055687
0.072344,0.16898,0.0058803
0.063083,0.15413,0.00327
0.054408,0.14016,0.0014421
0.046301,0.12703,0.00026411
0.038745,0.11471,-0.0003625
0.031722,0.1032,-0.00051262
0.025213,0.092453,-0.0006352
0.0192,0.08246,-0.0011391
0.013668,0.073199,-0.0019863
0.0086044,0.064651,-0.0031455
0.0039972,0.056795,-0.0045903
0.0077758,0.068805,-0.00434
0.011933,0.08213,-0.0041158
0.016453,0.096783,-0.0039251
0.021323,0.11277,-0.0037734
0.026531,0.13011,-0.0036643
0.032064,0.14881,-0.0035996
0.037914,0.16887,-0.0035796
0.044072,0.19031,-0.0036038
0.050533,0.21312,-0.0036709
0.057292,0.23732,-0.0037792
0.050074,0.23275,-0.0025434
0.042877,0.22837,-0.001848
0.035701,0.22416,-0.0015943
0.028547,0.22014,-0.001429
0.021415,0.21629,-0.00095186
0.014304,0.21262,-0.00019706
0.007212,0.20911,0.00080753
0.00013672,0.20577,0.00204
-0.0069227,0.20259,0.0034836
-0.013968,0.19957,0.0051241
-0.030625,0.19155,0.0032632
-0.047329,0.1845,0.0017462
-0.06409,0.1784,0.00055763
-0.080919,0.17325,-0.00031241
-0.097824,0.16902,-0.00086956
-0.11481,0.16572,-0.0011173
-0.13189,0.16332,-0.0011864
-0.14907,0.16181,-0.0015486
-0.16634,0.16119,-0.0022483
-0.18371,0.16145,-0.003288
-0.16771,0.15567,-0.0041621
-0.15214,0.15022,-0.0048331
-0.13701,0.14508,-0.0052857
-0.12233,0.14027,-0.005534
-0.10811,0.13579,-0.0056033
-0.094362,0.13165,-0.0055233
-0.081093,0.12783,-0.0053234
-0.068311,0.12436,-0.0050316
-0.056023,0.12123,-0.0046732
-0.044239,0.11844,-0.0042718
-0.031339,0.11563,-0.0046683
-0.019332,0.11336,-0.0051293
-0.0081671,0.11161,-0.0056514
0.0022012,0.11035,-0.0062316
0.011814,0.10957,-0.0068671
0.020709,0.10925,-0.0075555
0.028917,0.10938,-0.008294
0.036469,0.10994,-0.0090803
0.043389,0.11092,-0.0099119
0.049698,0.11233,-0.010786
0.051813,0.12685,-0.016232
0.053682,0.14285,-0.022974
0.055325,0.16038,-0.031071
0.056762,0.17949,-0.040584
0.058008,0.20024,-0.051574
0.05908,0.22267,-0.064098
0.059991,0.24683,-0.078205
0.060753,0.27274,-0.093941
0.061378,0.30045,-0.11134
0.061874,0.32998,-0.13043
0.063898,0.35164,-0.10767
0.065988,0.37387,-0.08813
0.068149,0.39671,-0.071365
0.070384,0.42016,-0.057053
0.072698,0.44423,-0.044951
0.075096,0.4689,-0.034883
0.077584,0.4942,-0.026707
0.080169,0.52011,-0.020315
0.082856,0.54662,-0.015613
0.085652,0.57375,-0.012524
0.057009,0.53973,-0.012567
0.029503,0.50793,-0.012001
0.0030797,0.47824,-0.011077
-0.022315,0.45056,-0.010024
-0.046729,0.4248,-0.0090163
-0.070209,0.40088,-0.0081849
-0.092796,0.37872,-0.0076268
-0.11453,0.35825,-0.0073309
-0.13545,0.33942,-0.0067671
-0.1556,0.32216,-0.0057928
-0.13585,0.34017,-0.0066943
-0.11543,0.35956,-0.0074647
-0.094326,0.38035,-0.0079622
-0.072541,0.40252,-0.0085785
-0.050068,0.42608,-0.009714
-0.026905,0.45103,-0.011427
-0.0030491,0.47737,-0.013758
0.021501,0.50509,-0.016736
0.046748,0.53421,-0.020383
0.072693,0.56473,-0.024714
0.026471,0.50421,-0.013107
-0.015889,0.44938,-0.0094169
-0.054641,0.40007,-0.0068631
-0.089996,0.35609,-0.0012891
-0.12211,0.3172,0.0064076
-0.15113,0.28317,0.015673
-0.17719,0.25382,0.026142
-0.2004,0.22899,0.037558
-0.22088,0.20854,0.04973
-0.23872,0.19237,0.062513
-0.2386,0.196,0.069151
-0.23851,0.1998,0.076721
-0.23847,0.20376,0.085096
-0.23846,0.20787,0.094184
-0.23847,0.21214,0.10388
-0.23852,0.21656,0.11412
-0.2386,0.22113,0.12482
-0.23871,0.22585,0.13591
-0.23885,0.23072,0.14734
-0.23902,0.23573,0.15905
-0.22783,0.22677,0.22774
-0.21695,0.21818,0.30173
-0.20637,0.20995,0.38006
-0.19609,0.20208,0.46219
-0.18612,0.19454,0.54767
-0.17645,0.18735,0.63627
-0.16709,0.18048,0.72764
-0.15804,0.17395,0.82168
-0.14929,0.16773,0.91799
-0.14085,0.16183,1.0165
-0.14228,0.16128,0.83645
-0.14387,0.16161,0.69694
-0.14555,0.16249,0.58313
-0.14727,0.16375,0.48743
-0.149,0.16528,0.4053
-0.15074,0.16702,0.33405
-0.15249,0.16895,0.27188
-0.15423,0.17104,0.2176
-0.15597,0.17327,0.17036
-0.15771,0.17563,0.12951
-0.16662,0.17756,0.10834
-0.17556,0.17961,0.092447
-0.18452,0.18178,0.080346
-0.19349,0.18405,0.070993
-0.20249,0.1864,0.063724
-0.21149,0.18883,0.058033
-0.22052,0.19133,0.053604
-0.22955,0.1939,0.050172
-0.23859,0.19654,0.047579
-0.24763,0.19924,0.045682
-0.28383,0.24002,0.040375
-0.32247,0.28543,0.03436
-0.36356,0.33551,0.027819
-0.4071,0.39031,0.02093
-0.45308,0.44984,0.0139
-0.50148,0.51414,0.0068932
-0.55227,0.58319,6.7323E-05
-0.60542,0.65701,-0.0064736
-0.66088,0.73559,-0.012646
-0.7186,0.8189,-0.018418
-0.7266,0.80045,-0.015092
-0.73509,0.7831,-0.012957
-0.744,0.76679,-0.011595
-0.75329,0.75148,-0.010729
-0.76292,0.73715,-0.010176
-0.77284,0.72373,-0.009854
-0.78302,0.71121,-0.0096954
-0.79342,0.69954,-0.0096763
-0.80401,0.6887,-0.0097608
-0.81477,0.67866,-0.0099435
-0.72649,0.6335,-0.0097111
-0.64523,0.59224,-0.0099403
-0.57031,0.55451,-0.010377
-0.50118,0.51998,-0.010878
-0.43734,0.48838,-0.011346
-0.37838,0.45946,-0.011716
-0.32392,0.43302,-0.011935
-0.27363,0.40888,-0.011965
-0.22722,0.38686,-0.011769
-0.18444,0.36682,-0.01132
-0.16324,0.35482,-0.011613
-0.14279,0.3433,-0.013852
-0.12308,0.33224,-0.017645
-0.10413,0.32166,-0.022615
-0.085927,0.31156,-0.028536
-0.06847,0.30193,-0.035269
-0.051756,0.29278,-0.04272
-0.035785,0.28409,-0.050823
-0.020553,0.27588,-0.059525
-0.006058,0.26813,-0.068786
-0.014242,0.25658,-0.0518
-0.02193,0.24538,-0.037917
-0.029146,0.23451,-0.02677
-0.035909,0.22397,-0.018133
-0.042239,0.21375,-0.01186
-0.048152,0.20385,-0.007858
-0.053663,0.19425,-0.00607
-0.058806,0.185,-0.0052712
-0.063647,0.17615,-0.0024742
-0.068205,0.1677,0.0024529
-0.06972,0.17003,0.0038665
-0.071237,0.17237,0.0051063
-0.072758,0.17473,0.006165
-0.074281,0.1771,0.0070483
-0.075806,0.17947,0.0077658
-0.077333,0.18186,0.0083321
-0.078863,0.18427,0.0087599
-0.080394,0.18668,0.0090639
-0.081927,0.18911,0.0092552
-0.083462,0.19156,0.0093459
-0.092491,0.19383,0.012184
-0.10169,0.19624,0.014981
-0.11106,0.1988,0.017718
-0.1206,0.2015,0.020386
-0.13031,0.20434,0.022975
-0.14019,0.20732,0.025484
-0.15023,0.21045,0.027908
-0.16044,0.21372,0.030244
-0.17081,0.21713,0.032489
-0.18134,0.22068,0.03464
-0.16245,0.20854,0.017538
-0.14478,0.19698,0.006604
-0.12824,0.18594,-0.00019915
-0.11275,0.17537,-0.0041055
-0.09826,0.16526,-0.0058991
-0.084736,0.15558,-0.0060977
-0.072112,0.1463,-0.0060435
-0.060329,0.13737,-0.0070211
-0.049366,0.12881,-0.0088535
-0.039206,0.1206,-0.011402
-0.038875,0.12525,-0.011407
-0.038499,0.13,-0.011491
-0.038077,0.13484,-0.01164
-0.037609,0.13977,-0.01184
-0.037094,0.14481,-0.012081
-0.036529,0.14993,-0.012355
-0.035916,0.15516,-0.012653
-0.035251,0.16047,-0.012968
-0.034535,0.16588,-0.013295
-0.033766,0.17138,-0.013627
-0.024402,0.1773,-0.011843
-0.01499,0.18357,-0.010415
-0.0055254,0.1902,-0.0092539
0.0039944,0.19719,-0.0082934
0.013573,0.20454,-0.0074873
0.023214,0.21226,-0.0068007
0.03292,0.22034,-0.0062083
0.042694,0.22878,-0.005691
0.052538,0.2376,-0.0052346
0.062454,0.24678,-0.0048281
0.058647,0.2522,-0.0063038
0.05461,0.25778,-0.0078632
0.050337,0.26352,-0.0093755
0.045823,0.26942,-0.010769
0.041063,0.27548,-0.01201
0.036053,0.28171,-0.013085
0.030791,0.28811,-0.013993
0.025271,0.29469,-0.014739
0.019491,0.30144,-0.015333
0.013446,0.30836,-0.015784
-0.0021416,0.26793,-0.0091932
-0.014946,0.23112,-0.0058353
-0.025238,0.19778,-0.0042807
-0.033251,0.16773,-0.0036849
-0.039209,0.14082,-0.0028556
-0.043297,0.1169,-0.0017137
-0.045684,0.095817,-0.00041982
-0.046533,0.077423,0.0009238
-0.046001,0.061584,0.0022484
-0.044243,0.048171,0.0035084
-0.050266,0.053169,0.0030374
-0.056523,0.058408,0.0025813
-0.063002,0.063883,0.0021398
-0.069696,0.069593,0.0017133
-0.076599,0.075536,0.0013016
-0.083705,0.081711,0.00090515
-0.091012,0.088118,0.00052374
-0.098517,0.094759,0.00015797
-0.10622,0.10163,-0.00019236
-0.11412,0.10875,-0.00052659
-0.10293,0.10801,-0.0009981
-0.09199,0.10779,-0.0011742
-0.081284,0.10807,-0.0011689
-0.070787,0.10885,-0.0010488
-0.060479,0.11011,-0.00085208
-0.050343,0.11184,-0.00059859
-0.040363,0.11404,-0.00029777
-0.030527,0.11668,4.8091E-05
-0.020821,0.11978,0.00044044
-0.011235,0.12333,0.00088357
-0.010929,0.12133,0.0084636
-0.010645,0.11929,0.02113
-0.010373,0.11725,0.038125
-0.010107,0.1152,0.058892
-0.0098419,0.11317,0.08301
-0.0095702,0.11117,0.11016
-0.0092858,0.1092,0.14007
-0.0089821,0.10726,0.17254
-0.0086524,0.10536,0.20739
-0.0082899,0.10348,0.24449
-0.0012646,0.1186,0.20898
0.0063913,0.135,0.1779
0.014691,0.15269,0.1505
0.023644,0.17167,0.12626
0.033261,0.19196,0.10479
0.043551,0.21355,0.08581
0.054523,0.23645,0.069105
0.066185,0.26067,0.054515
0.078547,0.28621,0.041918
0.091616,0.31308,0.03122
0.067234,0.28111,0.023596
0.044343,0.25182,0.018327
0.022892,0.22512,0.014579
0.0028322,0.20092,0.011852
-0.01588,0.17914,0.0098377
-0.033289,0.15971,0.0083337
-0.049432,0.14258,0.007208
-0.064348,0.12767,0.0063668
-0.078072,0.11494,0.005747
-0.090637,0.10433,0.0053001
-0.091314,0.11262,0.0028782
-0.091849,0.12132,0.0023699
-0.092271,0.13048,0.0012166
-0.092607,0.14011,-0.0021141
-0.092871,0.15019,-0.0077079
-0.093074,0.16073,-0.015638
-0.093227,0.17173,-0.025959
-0.093341,0.18317,-0.03872
-0.093424,0.19506,-0.05395
-0.093482,0.20739,-0.071681
-0.089171,0.21402,-0.037206
-0.085141,0.22112,-0.013978
-0.081321,0.22865,-0.00026926
-0.077657,0.23656,0.0050711
-0.074019,0.24478,0.0077639
-0.070199,0.25313,0.017152
-0.066162,0.26161,0.033033
-0.061885,0.27024,0.055065
-0.057349,0.27902,0.082983
-0.052539,0.28795,0.11656
-0.049567,0.26279,0.10863
-0.046976,0.23866,0.10057
-0.044715,0.21556,0.092434
-0.042733,0.19353,0.084306
-0.040983,0.1726,0.076244
-0.039417,0.15278,0.068318
-0.03799,0.1341,0.060589
-0.036659,0.1166,0.05312
-0.03538,0.10029,0.045964
-0.034113,0.0852,0.039174
-0.021464,0.09295,0.032477
-0.0084301,0.10205,0.026922
0.0049925,0.11249,0.022262
0.018804,0.12428,0.018318
0.033004,0.13741,0.014956
0.04759,0.15189,0.012074
0.062557,0.16771,0.0095938
0.0779,0.18487,0.0074511
0.093615,0.20339,0.005596
0.1097,0.22325,0.003986
0.10187,0.21821,0.0031585
0.093752,0.21351,0.0026215
0.085335,0.20915,0.0022914
0.076621,0.20513,0.002112
0.067608,0.20145,0.0020478
0.058297,0.19811,0.0020746
0.048687,0.19511,0.002178
0.038779,0.19245,0.0023483
0.028573,0.19012,0.002581
0.018068,0.18813,0.0028732
0.017844,0.1825,0.0035117
0.017546,0.177,0.0038577
0.017181,0.17164,0.0039186
0.016754,0.16641,0.0037347
0.016272,0.16131,0.0033604
0.015739,0.15634,0.0028513
0.015162,0.15148,0.0022609
0.014545,0.14674,0.0016368
0.013892,0.14212,0.0010217
0.013209,0.1376,0.00045203
0.015315,0.12758,-0.00083218
0.017377,0.11797,-0.003833
0.0193,0.10877,-0.010216
0.021029,0.099981,-0.019704
0.022511,0.091617,-0.032101
0.023702,0.08368,-0.047269
0.024558,0.07617,-0.065109
0.025046,0.069086,-0.085554
0.025138,0.062426,-0.10855
0.024813,0.056185,-0.13407
0.02095,0.063666,-0.13996
0.014775,0.072811,-0.14575
0.0062726,0.083653,-0.15145
-0.0045718,0.096227,-0.15707
-0.017777,0.11057,-0.16259
-0.033361,0.1267,-0.16803
-0.051342,0.14466,-0.17338
-0.071738,0.16446,-0.17864
-0.094563,0.18613,-0.18381
-0.11983,0.20968,-0.18891
-0.098649,0.20286,-0.17252
-0.078413,0.19676,-0.1585
-0.059121,0.19138,-0.14616
-0.040773,0.18674,-0.1351
-0.023367,0.18282,-0.12501
-0.0069045,0.17964,-0.11571
0.0086127,0.17719,-0.10706
0.023182,0.17549,-0.098967
0.036802,0.17452,-0.091367
0.04947,0.17429,-0.084207
0.042482,0.15588,-0.06869
0.036078,0.13866,-0.054554
0.030238,0.1226,-0.041931
0.024941,0.10766,-0.030909
0.020169,0.093822,-0.021556
0.015902,0.081046,-0.013916
0.012123,0.069305,-0.0080266
0.0088131,0.05857,-0.0039105
0.005955,0.048811,-0.0015898
0.0035298,0.040004,-0.00088557
-0.0022365,0.040534,-0.0012315
-0.0085662,0.041441,-0.0025675
-0.015453,0.042709,-0.0050636
-0.022891,0.044329,-0.0086967
-0.030868,0.046297,-0.013449
-0.039376,0.048611,-0.019298
-0.048402,0.051272,-0.026224
-0.057937,0.054281,-0.034203
-0.067971,0.057643,-0.043218
-0.078493,0.061361,-0.053241
-0.08534,0.08223,-0.036224
-0.090953,0.10806,-0.023369
-0.095369,0.13904,-0.014349
-0.098602,0.17536,-0.0089084
-0.10065,0.21721,-0.0067921
-0.10151,0.26477,-0.0072538
-0.10118,0.31829,-0.0061687
-0.09964,0.3779,-0.0028599
-0.096844,0.44372,0.0024012
-0.092743,0.51583,0.0093796
-0.0809,0.47706,-0.0019818
-0.070742,0.44072,-0.0074059
-0.062025,0.40659,-0.0094194
-0.054553,0.37449,-0.0092608
-0.048145,0.34425,-0.0093269
-0.042652,0.31573,-0.01072
-0.037958,0.28886,-0.013224
-0.033959,0.26354,-0.016699
-0.030563,0.2397,-0.021047
-0.027688,0.21728,-0.026197
-0.01854,0.20093,-0.014902
-0.010139,0.18543,-0.0074546
-0.0024708,0.17075,-0.0038822
0.0044515,0.15692,-0.0023598
0.010571,0.14403,0.0026784
0.01589,0.13204,0.011646
0.020416,0.12094,0.024581
0.024154,0.1107,0.041521
0.027109,0.10129,0.062498
0.029284,0.092697,0.087544
0.021809,0.09371,0.053688
0.013284,0.095528,0.028545
0.0037131,0.098121,0.011222
-0.0069204,0.10148,0.0011039
-0.018649,0.10559,-0.0022485
-0.031444,0.11036,-0.0057619
-0.04529,0.11568,-0.015511
-0.060247,0.1216,-0.03129
-0.076371,0.12815,-0.052914
-0.093713,0.13537,-0.080215
-0.077911,0.11578,-0.07704
-0.064032,0.098128,-0.075673
-0.051902,0.082284,-0.075598
-0.041365,0.068132,-0.076505
-0.032281,0.055565,-0.07818
-0.024523,0.044483,-0.080484
-0.017974,0.034795,-0.08331
-0.012531,0.026414,-0.086591
-0.0080966,0.019264,-0.090262
-0.0045885,0.013274,-0.094285
-0.0075194,0.010946,-0.07926
-0.0099976,0.0092862,-0.065934
-0.012026,0.0082935,-0.05413
-0.013609,0.0079687,-0.043714
-0.014755,0.0083108,-0.034574
-0.015928,0.008544,-0.026617
-0.017496,0.00806,-0.01977
-0.019472,0.0068683,-0.013982
-0.021869,0.0049773,-0.0092188
-0.024702,0.0023951,-0.00546
-0.029198,0.0081878,-0.0086093
-0.034768,0.014102,-0.012441
-0.041452,0.020166,-0.016938
-0.049291,0.02641,-0.022087
-0.058323,0.032865,-0.027883
-0.068585,0.039558,-0.034329
-0.080109,0.046518,-0.041435
-0.09275,0.054074,-0.049218
-0.10631,0.06263,-0.057699
-0.12083,0.0722,-0.066899
-0.11561,0.069879,-0.059712
-0.1104,0.067671,-0.052577
-0.10522,0.06558,-0.045634
-0.10006,0.063607,-0.038994
-0.094928,0.061758,-0.032739
-0.089825,0.060034,-0.026934
-0.084753,0.058442,-0.021629
-0.079714,0.056983,-0.01686
-0.07471,0.055662,-0.012656
-0.069744,0.054482,-0.0090381
-0.07166,0.055144,-0.01406
-0.07359,0.055827,-0.019758
-0.075534,0.056532,-0.025954
-0.077491,0.057258,-0.032503
-0.079463,0.058008,-0.039287
-0.08145,0.05878,-0.046209
-0.083454,0.059576,-0.053193
-0.085475,0.060396,-0.06018
-0.087515,0.06124,-0.067119
-0.089574,0.062108,-0.073974
-0.082374,0.062061,-0.061993
-0.075072,0.062652,-0.051112
-0.067665,0.063867,-0.041282
-0.060148,0.065695,-0.032483
-0.052516,0.068129,-0.024703
-0.044763,0.071164,-0.017943
-0.036882,0.074798,-0.01221
-0.028866,0.079033,-0.0075149
-0.020705,0.083873,-0.0038733
-0.012391,0.089324,-0.0013015
-0.016624,0.081539,-0.0094799
-0.020408,0.07433,-0.023884
-0.023809,0.067672,-0.044139
-0.026884,0.06155,-0.069951
-0.029678,0.055956,-0.10109
-0.032224,0.05089,-0.13733
-0.034544,0.04636,-0.17849
-0.03665,0.042378,-0.22435
-0.038544,0.038959,-0.27471
-0.040223,0.036121,-0.32937
-0.048511,0.039512,-0.30239
-0.057332,0.043313,-0.27994
-0.06669,0.047526,-0.26081
-0.076588,0.052147,-0.24425
-0.087028,0.05718,-0.22968
-0.098015,0.062629,-0.21668
-0.10955,0.068494,-0.20492
-0.12164,0.074776,-0.19419
-0.13429,0.081476,-0.18429
-0.1475,0.088594,-0.17507
-0.1471,0.087033,-0.14721
-0.14622,0.086078,-0.12359
-0.14557,0.084576,-0.10335
-0.14527,0.082302,-0.085887
-0.14534,0.079272,-0.070756
-0.14577,0.0755,-0.057619
-0.14659,0.070996,-0.046232
-0.14778,0.065768,-0.036391
-0.14935,0.059824,-0.027952
-0.15132,0.053166,-0.020788
-0.16268,0.048849,-0.014063
-0.17502,0.043486,-0.0087664
-0.18838,0.037035,-0.0048065
-0.20281,0.02945,-0.0021032
-0.21837,0.020683,-0.00059666
-0.2351,0.010682,-0.00022341
-0.25304,-0.00060841,0.0003324
-0.27222,-0.013243,0.0019382
-0.29266,-0.02727,0.0045595
-0.31439,-0.042733,0.0081661
-0.31606,-0.030103,0.0033597
-0.3182,-0.017594,0.00060575
-0.32078,-0.0051946,-0.00047952
-0.3238,0.0071033,-0.00087695
-0.32724,0.019313,-0.0024881
-0.3311,0.031437,-0.0053213
-0.33537,0.043481,-0.0093282
-0.34004,0.055444,-0.014481
-0.3451,0.067332,-0.020769
-0.35055,0.079146,-0.028187
-0.33171,0.069619,-0.026207
-0.31405,0.060494,-0.023901
-0.29748,0.051742,-0.021434
-0.28193,0.043334,-0.018919
-0.26734,0.035245,-0.016436
-0.25363,0.027452,-0.014043
-0.24075,0.019935,-0.011781
-0.22866,0.012673,-0.0096807
-0.2173,0.0056496,-0.0077649
-0.20663,-0.0011523,-0.0060513
-0.18722,-0.0036877,-0.0038484
-0.16929,-0.0059884,-0.0027165
-0.15274,-0.0080672,-0.0021608
-0.13748,-0.0099357,-0.0019396
-0.12342,-0.011604,-0.0019463
-0.11048,-0.013081,-0.0021471
-0.098585,-0.014376,-0.0025483
-0.087679,-0.015495,-0.0031782
-0.077695,-0.016447,-0.0040772
-0.068577,-0.017237,-0.0052914
-0.07039,-0.0026261,-0.0036451
-0.073553,0.010904,-0.0021691
-0.078065,0.02339,-0.0010752
-0.083945,0.034865,-0.00053347
-0.091223,0.045357,-0.00041309
-0.099948,0.054888,0.00035793
-0.11017,0.063473,0.0019769
-0.12195,0.071127,0.0045133
-0.13439,0.07948,0.0080327
-0.14683,0.089755,0.012597
-0.13891,0.083493,0.013261
-0.1311,0.077697,0.013281
-0.12338,0.072371,0.012773
-0.11575,0.067523,0.011854
-0.10827,0.063051,0.010635
-0.10122,0.058468,0.0092161
-0.094629,0.053705,0.0076876
-0.088506,0.048754,0.0061296
-0.08285,0.043607,0.0046126
-0.077662,0.038258,0.003199
-0.10348,0.048316,0.0068618
-0.13382,0.059522,0.011765
-0.16887,0.071914,0.017848
-0.20881,0.085521,0.025043
-0.25378,0.10037,0.033288
-0.3039,0.11648,0.042527
-0.35927,0.13386,0.05271
-0.41997,0.15252,0.063791
-0.48604,0.17246,0.075723
-0.55752,0.19368,0.088454
-0.52447,0.18116,0.069775
-0.49209,0.16847,0.057053
-0.46042,0.15569,0.04791
-0.42951,0.14288,0.04106
-0.3994,0.13012,0.035762
-0.37015,0.11747,0.031567
-0.34179,0.10497,0.028191
-0.31439,0.092689,0.025444
-0.28797,0.080665,0.023195
-0.26259,0.068946,0.021349
-0.24187,0.067111,0.013288
-0.22264,0.06563,0.0069779
-0.2048,0.064407,0.0023032
-0.18827,0.063355,-0.00083743
-0.17296,0.062392,-0.0025306
-0.15883,0.061443,-0.0028765
-0.14576,0.060433,-0.0035366
-0.1337,0.059292,-0.0054578
-0.12259,0.057961,-0.0085881
-0.11238,0.056382,-0.012885
-0.12445,0.06142,-0.0048226
-0.13695,0.06656,-0.0028177
-0.14997,0.07181,0.00036924
-0.16355,0.077172,0.0089507
-0.17768,0.08263,0.022639
-0.19233,0.088172,0.041171
-0.20748,0.093793,0.064309
-0.22313,0.099488,0.091839
-0.23927,0.10526,0.12357
-0.2559,0.1111,0.15934
-0.2558,0.11229,0.14114
-0.25536,0.11324,0.12401
-0.25459,0.11396,0.10792
-0.2535,0.11446,0.09283
-0.2521,0.11476,0.078744
-0.25041,0.11484,0.065669
-0.24844,0.11474,0.053613
-0.24621,0.11445,0.042596
-0.24373,0.11398,0.032635
-0.24102,0.11334,0.023751
-0.2314,0.10569,0.023646
-0.22231,0.098319,0.023657
-0.21369,0.091198,0.023751
-0.20552,0.084316,0.023903
-0.19778,0.077659,0.024096
-0.19043,0.071212,0.024316
-0.18346,0.064966,0.024555
-0.17684,0.058908,0.024804
-0.17055,0.05303,0.025058
-0.16457,0.04732,0.025313
-0.15199,0.039903,0.026793
-0.14031,0.033015,0.029007
-0.12948,0.02662,0.031868
-0.11944,0.020683,0.035321
-0.11012,0.015173,0.039334
-0.10149,0.010062,0.043888
-0.093498,0.0053249,0.048974
-0.086103,0.00093765,0.054587
-0.079272,-0.0031203,0.060725
-0.072969,-0.0068682,0.06739
-0.083811,-0.010015,0.085611
-0.095455,-0.013632,0.1054
-0.1079,-0.017734,0.12648
-0.12114,-0.022331,0.14859
-0.13517,-0.027432,0.17149
-0.14999,-0.033044,0.195
-0.16561,-0.039171,0.21897
-0.182,-0.045818,0.24329
-0.19918,-0.052986,0.26789
-0.21715,-0.060675,0.29274
-0.19985,-0.038758,0.25984
-0.18417,-0.019658,0.23184
-0.16995,-0.0031661,0.20734
-0.15709,0.010905,0.18551
-0.14549,0.022726,0.16579
-0.13507,0.03245,0.14783
-0.12577,0.040216,0.13136
-0.11751,0.046152,0.11622
-0.11025,0.050376,0.10225
-0.10393,0.052992,0.089374
-0.10819,0.048811,0.085222
-0.11344,0.042934,0.080593
-0.11969,0.035354,0.0756
-0.12695,0.026059,0.070328
-0.13522,0.015038,0.06486
-0.14451,0.0022755,0.05926
-0.15484,-0.012244,0.053598
-0.16622,-0.028535,0.047926
-0.17865,-0.046614,0.042305
-0.19215,-0.066497,0.036779
-0.18022,-0.06085,0.047573
-0.16852,-0.055567,0.060399
-0.15709,-0.050624,0.075305
-0.14595,-0.045997,0.09232
-0.13513,-0.041662,0.11147
-0.12467,-0.037598,0.13278
-0.1146,-0.033785,0.15624
-0.10492,-0.030205,0.18187
-0.095679,-0.02684,0.20965
-0.086882,-0.023676,0.2396
-0.087475,-0.021338,0.1756
-0.088351,-0.018902,0.12467
-0.089458,-0.016384,0.084348
-0.090761,-0.013799,0.053003
-0.092236,-0.011155,0.029477
-0.09387,-0.0084573,0.012935
-0.095653,-0.0057106,0.002775
-0.09758,-0.0029176,-0.001454
-0.099597,-9.8307E-05,-0.0031728
-0.10159,0.0027028,-0.0098986
-0.11266,0.011816,-0.010765
-0.12465,0.021405,-0.011952
-0.13758,0.031473,-0.013478
-0.15144,0.042018,-0.015378
-0.16624,0.053045,-0.017682
-0.18197,0.064552,-0.02043
-0.19863,0.076542,-0.023656
-0.21623,0.089015,-0.027398
-0.23477,0.10197,-0.031685
-0.25425,0.11542,-0.03655
-0.24764,0.11104,-0.034502
-0.2409,0.10657,-0.032024
-0.23404,0.10204,-0.029263
-0.22708,0.097438,-0.026344
-0.22002,0.092781,-0.023359
-0.21289,0.088076,-0.020388
-0.20569,0.083331,-0.017489
-0.19846,0.078556,-0.014714
-0.19119,0.073759,-0.012102
-0.18391,0.06895,-0.0096884
-0.20251,0.085546,-0.0034744
-0.22244,0.10247,-0.0012853
-0.24369,0.11972,0.00041574
-0.26622,0.13728,0.0059296
-0.29001,0.15513,0.015183
-0.31503,0.17325,0.0281
-0.34127,0.19161,0.044621
-0.3687,0.21022,0.064694
-0.39734,0.22904,0.088278
-0.42718,0.24809,0.11534
-0.39752,0.23182,0.10489
-0.36947,0.21589,0.09714
-0.34283,0.20051,0.09121
-0.31721,0.18621,0.086563
-0.29256,0.17299,0.08285
-0.26886,0.16078,0.07985
-0.24608,0.14955,0.077405
-0.2242,0.13927,0.075412
-0.2032,0.12989,0.073788
-0.18307,0.12138,0.072481
-0.19868,0.12341,0.037925
-0.2136,0.12739,0.01546
-0.22787,0.13328,0.0034476
-0.2417,0.14077,0.00044231
-0.25661,0.14735,-0.005299
-0.27295,0.15245,-0.018924
-0.29075,0.15606,-0.039916
-0.31003,0.15814,-0.067848
-0.33083,0.15866,-0.10233
-0.35317,0.15755,-0.14302
-0.33416,0.14206,-0.12325
-0.31556,0.1265,-0.10937
-0.29745,0.11091,-0.099212
-0.27988,0.095325,-0.091545
-0.26292,0.079786,-0.085573
-0.24661,0.064317,-0.080812
-0.231,0.048945,-0.076923
-0.21614,0.033695,-0.073694
-0.20208,0.018588,-0.070964
-0.18886,0.0036471,-0.068628
-0.19713,0.021179,-0.097587
-0.20634,0.038485,-0.13019
-0.21648,0.055556,-0.1661
-0.22755,0.072383,-0.20507
-0.23953,0.088957,-0.24688
-0.25243,0.10527,-0.29139
-0.26624,0.12131,-0.33845
-0.28096,0.13706,-0.38799
-0.2966,0.15253,-0.43988
-0.31317,0.16769,-0.4941
-0.30509,0.16393,-0.39813
-0.29745,0.16038,-0.32622
-0.2902,0.157,-0.26988
-0.28327,0.15379,-0.2244
-0.27663,0.15072,-0.18688
-0.27026,0.14777,-0.15545
-0.26413,0.14494,-0.12887
-0.25821,0.14222,-0.10623
-0.25251,0.13959,-0.086912
-0.24698,0.13704,-0.070402
-0.25513,0.13781,-0.059641
-0.26374,0.13797,-0.048264
-0.27281,0.13753,-0.037106
-0.28234,0.13649,-0.026822
-0.29233,0.13485,-0.017942
-0.30276,0.13261,-0.010867
-0.31363,0.12977,-0.0059144
-0.32494,0.12631,-0.0033201
-0.33669,0.12225,-0.0028685
-0.3489,0.11757,-0.00072804
-0.32838,0.11332,-0.0032749
-0.30866,0.10881,-0.0057126
-0.28968,0.10409,-0.012162
-0.27139,0.099205,-0.021959
-0.25376,0.094213,-0.034668
-0.23679,0.089152,-0.04998
-0.22042,0.08406,-0.067677
-0.20466,0.078968,-0.087587
-0.18947,0.073906,-0.10958
-0.17485,0.068899,-0.13355
-0.18398,0.06532,-0.128
-0.1936,0.060989,-0.1241
-0.20372,0.055914,-0.12148
-0.21434,0.050096,-0.11988
-0.22548,0.043536,-0.11909
-0.23713,0.036236,-0.11896
-0.2493,0.028193,-0.11935
-0.26198,0.019406,-0.12017
-0.27516,0.0098727,-0.12133
-0.28885,-0.00041114,-0.12278
-0.27623,0.002749,-0.10849
-0.26444,0.0058402,-0.096289
-0.25341,0.0088563,-0.085682
-0.24308,0.011791,-0.076344
-0.23339,0.014642,-0.068045
-0.22429,0.017404,-0.060616
-0.21576,0.020076,-0.053936
-0.20773,0.022655,-0.047906
-0.20019,0.02514,-0.042456
-0.19309,0.027531,-0.03752
-0.19252,0.033461,-0.04563
-0.19205,0.039224,-0.053536
-0.19169,0.04482,-0.061191
-0.19144,0.050247,-0.068579
-0.1913,0.055507,-0.075711
-0.19126,0.060598,-0.082603
-0.19133,0.065519,-0.08928
-0.19151,0.070271,-0.095763
-0.1918,0.074854,-0.10207
-0.19221,0.079266,-0.10823
-0.19615,0.088338,-0.1112
-0.20051,0.096897,-0.11393
-0.20529,0.10495,-0.11642
-0.21049,0.11249,-0.11869
-0.21611,0.11952,-0.12075
-0.22214,0.12606,-0.12261
-0.2286,0.13208,-0.12428
-0.23547,0.13761,-0.12577
-0.24275,0.14264,-0.12708
-0.25039,0.14728,-0.12821
-0.24117,0.14159,-0.10891
-0.23249,0.1359,-0.094649
-0.22438,0.13009,-0.08384
-0.21684,0.12413,-0.075475
-0.20983,0.11801,-0.068892
-0.20335,0.11171,-0.063645
-0.19736,0.10523,-0.059423
-0.19184,0.098546,-0.056005
-0.18679,0.091656,-0.053232
-0.18218,0.08455,-0.050983
-0.18449,0.08222,-0.047539
-0.18696,0.079703,-0.043427
-0.18958,0.076996,-0.038913
-0.19235,0.074098,-0.034217
-0.19526,0.071009,-0.029527
-0.19831,0.067727,-0.024991
-0.20149,0.064251,-0.020737
-0.20481,0.06058,-0.016859
-0.20825,0.056713,-0.01344
-0.21182,0.052648,-0.01054
-0.23899,0.087392,-0.014604
-0.27083,0.12198,-0.019174
-0.30747,0.15648,-0.024135
-0.34902,0.19093,-0.029389
-0.3956,0.22537,-0.034862
-0.4473,0.25982,-0.04049
-0.50419,0.2943,-0.046227
-0.56478,0.33144,-0.052018
-0.62797,0.37318,-0.057822
-0.69375,0.41953,-0.063613
-0.65942,0.39605,-0.044496
-0.62545,0.37322,-0.031909
-0.59192,0.35109,-0.02336
-0.5589,0.32971,-0.01757
-0.52642,0.30911,-0.013813
-0.4945,0.28931,-0.01167
-0.46319,0.27036,-0.010656
-0.43253,0.25227,-0.0089879
-0.40282,0.23462,-0.0063898
-0.37426,0.21712,-0.0029698
-0.37508,0.21863,0.002887
-0.37629,0.21963,0.0093487
-0.37708,0.22145,0.015931
-0.37738,0.22419,0.022367
-0.37718,0.22786,0.02851
-0.37649,0.23245,0.034284
-0.37529,0.23796,0.039641
-0.37358,0.24438,0.044562
-0.37137,0.25171,0.049028
-0.36864,0.25995,0.05303
-0.38572,0.26352,0.034932
-0.40326,0.26786,0.023819
-0.42117,0.27291,0.016824
-0.43942,0.27866,0.012367
-0.45798,0.28507,0.0095507
-0.47683,0.29215,0.0078511
-0.49598,0.29988,0.0069626
-0.51542,0.30826,0.0067042
-0.53515,0.31729,0.0069742
-0.55518,0.32697,0.0077172
-0.52079,0.30562,0.0013624
-0.4889,0.28604,-0.0043918
-0.45928,0.26813,-0.0086867
-0.43168,0.25176,-0.01103
-0.406,0.23666,-0.011233
-0.3822,0.2223,-0.012336
-0.36011,0.20852,-0.015959
-0.33957,0.19524,-0.022129
-0.32045,0.18236,-0.030849
-0.30263,0.16981,-0.042109
-0.2718,0.15387,-0.040581
-0.24242,0.13842,-0.038714
-0.21455,0.12348,-0.036606
-0.18826,0.10909,-0.034339
-0.1636,0.095275,-0.031969
-0.14063,0.082054,-0.029543
-0.11922,0.069769,-0.027096
-0.099241,0.058724,-0.02466
-0.080747,0.048948,-0.022256
-0.063774,0.040472,-0.019908
-0.059411,0.037395,-0.027183
-0.055118,0.034418,-0.035624
-0.050905,0.03154,-0.0452
-0.046782,0.028761,-0.055884
-0.042758,0.026081,-0.06765
-0.03884,0.023502,-0.080478
-0.035034,0.021023,-0.094344
-0.031348,0.018646,-0.10923
-0.027783,0.016373,-0.12511
-0.024343,0.014204,-0.14198
-0.035467,0.020544,-0.1123
-0.048226,0.027568,-0.08662
-0.062742,0.035121,-0.064665
-0.079046,0.043216,-0.046279
-0.097168,0.051874,-0.031366
-0.11714,0.061113,-0.019886
-0.139,0.070953,-0.011823
-0.16276,0.081412,-0.0071821
-0.18846,0.092507,-0.0059742
-0.21618,0.1043,-0.0054028
-0.20799,0.10222,-0.0060999
-0.19993,0.09999,-0.0063363
-0.192,0.097623,-0.0063458
-0.18417,0.095114,-0.0071401
-0.17646,0.092474,-0.0088973
-0.16887,0.089712,-0.011732
-0.16139,0.086839,-0.015742
-0.15403,0.083865,-0.021009
-0.14679,0.080799,-0.027605
-0.13969,0.07765,-0.035588
-0.15543,0.088736,-0.025921
-0.17243,0.099882,-0.018324
-0.19071,0.1111,-0.012781
-0.21017,0.12267,-0.0092815
-0.23042,0.13533,-0.0078236
-0.25147,0.14915,-0.0080007
-0.27339,0.16421,-0.006825
-0.29621,0.18054,-0.0036902
-0.31993,0.19816,0.0013964
-0.34454,0.21708,0.0084309
-0.32299,0.20174,8.8282E-05
-0.30293,0.18752,-0.005096
-0.28421,0.17432,-0.0077841
-0.26669,0.16208,-0.0083776
-0.25022,0.15071,-0.0084639
-0.23467,0.14013,-0.010265
-0.21994,0.13027,-0.013698
-0.20595,0.12112,-0.018679
-0.19264,0.11263,-0.025147
-0.17993,0.10477,-0.033056
-0.16185,0.094539,-0.026791
-0.14536,0.085393,-0.021241
-0.13033,0.077237,-0.016391
-0.1166,0.069981,-0.012237
-0.10405,0.063545,-0.0087758
-0.09257,0.057855,-0.0060058
-0.08205,0.052845,-0.0039282
-0.072397,0.048453,-0.0025446
-0.063526,0.044625,-0.0018573
-0.055365,0.041319,-0.0014003
-0.046467,0.041345,-0.00027806
-0.037434,0.042475,0.0014521
-0.028278,0.044716,0.0037056
-0.01901,0.048076,0.0064261
-0.0096354,0.05256,0.0095761
-0.00015773,0.058173,0.013131
0.0094227,0.06492,0.017071
0.019108,0.072801,0.021382
0.028903,0.08182,0.026047
0.038815,0.091977,0.031054
0.029693,0.090851,0.027777
0.01916,0.090708,0.02451
0.0072219,0.091569,0.021295
-0.0061267,0.093458,0.01817
-0.020899,0.0964,0.015165
-0.037118,0.10042,0.012306
-0.05481,0.10554,0.0096131
-0.074009,0.11179,0.0071066
-0.094748,0.11919,0.0048023
-0.11706,0.12775,0.002716
-0.10595,0.13174,-0.0025868
-0.094667,0.13649,-0.004143
-0.083152,0.14189,-0.010178
-0.071396,0.14796,-0.020239
-0.059397,0.15473,-0.033601
-0.047154,0.16222,-0.049726
-0.034664,0.17046,-0.068199
-0.021922,0.17946,-0.088703
-0.0089262,0.18924,-0.11097
0.0043259,0.19981,-0.13481
0.0052729,0.18247,-0.14718
0.0061218,0.16603,-0.16065
0.0068659,0.15047,-0.17502
0.0074987,0.13576,-0.19017
0.0080153,0.12188,-0.20595
0.0084108,0.10882,-0.22231
0.0086813,0.096544,-0.23915
0.008823,0.085044,-0.25643
0.008833,0.074301,-0.27408
0.0087082,0.064302,-0.29206
0.0013987,0.058157,-0.28481
-0.005707,0.052751,-0.27869
-0.012621,0.04807,-0.27337
-0.019354,0.044105,-0.26867
-0.025914,0.040846,-0.2644
-0.03231,0.038284,-0.26047
-0.038547,0.03641,-0.25676
-0.044631,0.03522,-0.25323
-0.050564,0.034706,-0.2498
-0.056351,0.034863,-0.24644
-0.061813,0.039773,-0.21367
-0.06734,0.044791,-0.18615
-0.072947,0.049942,-0.16268
-0.078652,0.055247,-0.1424
-0.084472,0.060723,-0.12471
-0.090422,0.066385,-0.10913
-0.096519,0.072245,-0.095339
-0.10278,0.078314,-0.083054
-0.10921,0.084601,-0.072077
-0.11582,0.091113,-0.062231
-0.14143,0.10453,-0.053978
-0.16919,0.11922,-0.046688
-0.19908,0.13517,-0.040239
-0.23108,0.15237,-0.034509
-0.26517,0.17083,-0.029401
-0.30135,0.19053,-0.024817
-0.33959,0.21149,-0.020681
-0.37991,0.23369,-0.01692
-0.4223,0.25716,-0.013482
-0.46677,0.2819,-0.010315
-0.44551,0.26809,-0.00097718
-0.42425,0.25444,0.0051993
-0.40309,0.24097,0.0078717
-0.38207,0.22771,0.0086559
-0.36114,0.21469,0.012668
-0.34035,0.20191,0.020181
-0.31976,0.18939,0.031119
-0.29944,0.17714,0.045393
-0.27944,0.16519,0.062903
-0.2598,0.15355,0.083554
-0.25108,0.14781,0.074163
-0.24262,0.1424,0.067327
-0.2344,0.13731,0.062252
-0.22642,0.13253,0.058442
-0.21873,0.12791,0.055555
-0.21138,0.12333,0.05337
-0.20435,0.11879,0.051723
-0.19763,0.11429,0.050505
-0.19121,0.1098,0.049629
-0.18508,0.10533,0.049041
-0.17582,0.10172,0.041117
-0.16736,0.097641,0.033852
-0.15955,0.09328,0.027286
-0.15177,0.089659,0.021446
-0.14389,0.086905,0.016348
-0.1359,0.084995,0.012
-0.12778,0.083911,0.0084084
-0.11951,0.083635,0.0055726
-0.11108,0.084152,0.0034939
-0.10246,0.085449,0.0021706
-0.091906,0.069498,0.0024551
-0.082092,0.056294,0.0029265
-0.072805,0.045741,0.0035486
-0.063847,0.037747,0.0042975
-0.055153,0.032012,0.0051583
-0.048068,0.025844,0.0061118
-0.042894,0.01837,0.0071459
-0.039494,0.0095055,0.0082522
-0.037755,-0.00081691,0.0094251
-0.037595,-0.012639,0.010658
-0.037731,0.0006518,0.013512
-0.039912,0.011908,0.016534
-0.044133,0.021193,0.019723
-0.050425,0.028537,0.02308
-0.058687,0.034208,0.026599
-0.066928,0.041721,0.030295
-0.074527,0.052239,0.034152
-0.081468,0.065885,0.038141
-0.087723,0.082785,0.042226
-0.093262,0.10307,0.046369
-0.082435,0.092207,0.051067
-0.072126,0.081848,0.056297
-0.062377,0.072016,0.062025
-0.053225,0.062734,0.068226
-0.044708,0.054024,0.074877
-0.036862,0.045909,0.08196
-0.02972,0.038407,0.089456
-0.023314,0.03154,0.097352
-0.017674,0.025324,0.10563
-0.012828,0.019777,0.11428
-0.012529,0.02408,0.11917
-0.012008,0.028916,0.1237
-0.011263,0.034284,0.12785
-0.010291,0.040187,0.13159
-0.0090896,0.046625,0.1349
-0.0076571,0.053599,0.13778
-0.0059911,0.061111,0.14023
-0.0040896,0.069162,0.14224
-0.0019507,0.077752,0.14383
0.0004275,0.086884,0.14501
-0.0055278,0.085626,0.14626
-0.011644,0.084586,0.14748
-0.017922,0.083764,0.14865
-0.024362,0.083164,0.14975
-0.030964,0.082785,0.15075
-0.037728,0.08263,0.15164
-0.044654,0.082701,0.15241
-0.051743,0.082998,0.15305
-0.058996,0.083522,0.15355
-0.066409,0.084275,0.15391
-0.066048,0.088652,0.19308
-0.065778,0.09323,0.23651
-0.065592,0.098004,0.28414
-0.065487,0.10297,0.3359
-0.065458,0.10813,0.39172
-0.065494,0.11347,0.45154
-0.065587,0.119,0.51524
-0.065723,0.12471,0.58281
-0.065891,0.13059,0.65407
-0.066076,0.13667,0.72903
-0.069628,0.13025,0.58986
-0.073339,0.12382,0.47759
-0.077046,0.11745,0.3846
-0.080648,0.11121,0.30655
-0.084083,0.10516,0.24061
-0.087307,0.099347,0.18488
-0.090289,0.093802,0.13806
-0.093006,0.088569,0.099106
-0.09544,0.083683,0.0673
-0.09758,0.079176,0.04202
-0.10609,0.088293,0.059056
-0.11486,0.098053,0.077992
-0.12385,0.10847,0.098491
-0.13306,0.11958,0.12021
-0.14247,0.13137,0.14291
-0.15208,0.14387,0.16636
-0.16186,0.15709,0.19042
-0.17181,0.17103,0.21497
-0.18194,0.18572,0.23995
-0.19223,0.20114,0.26533
-0.172,0.2021,0.17288
-0.15243,0.2037,0.10686
-0.13337,0.20596,0.060041
-0.11474,0.20888,0.028133
-0.096467,0.21248,0.0084617
-0.078513,0.21677,-0.00075601
-0.060813,0.22177,-0.0027557
-0.04317,0.22743,-0.010795
-0.025561,0.23376,-0.026602
-0.007995,0.24077,-0.049703
-0.012325,0.26215,-0.018591
-0.016722,0.28441,-0.0039712
-0.021256,0.30761,-0.00098201
-0.026156,0.33191,0.0095193
-0.031439,0.35738,0.030549
-0.03708,0.38405,0.061109
-0.043056,0.41193,0.10048
-0.049345,0.44105,0.14811
-0.055928,0.47141,0.20362
-0.062789,0.50303,0.26672
-0.035594,0.44784,0.17718
-0.01347,0.39769,0.11477
0.0043566,0.35203,0.070065
0.01848,0.31045,0.038309
0.029383,0.27261,0.016799
0.037474,0.23823,0.0038597
0.043103,0.20706,-0.0016284
0.04659,0.17885,-0.0031178
0.048247,0.15333,-0.0098992
0.048296,0.13031,-0.022318
0.031731,0.1176,-0.020278
0.015088,0.10684,-0.018303
-0.0016606,0.097971,-0.016392
-0.018544,0.090926,-0.014556
-0.035588,0.085662,-0.012802
-0.052819,0.082144,-0.011145
-0.070259,0.08035,-0.0095962
-0.087929,0.080266,-0.0081704
-0.10584,0.081895,-0.0068785
-0.12402,0.085243,-0.0057341
-0.11385,0.08233,-0.0060222
-0.10385,0.079901,-0.0064732
-0.093991,0.077966,-0.0070772
-0.084276,0.076533,-0.0078305
-0.074695,0.075609,-0.0087295
-0.065241,0.075198,-0.009773
-0.055908,0.075303,-0.010959
-0.046693,0.075925,-0.012286
-0.037594,0.077064,-0.013751
-0.028607,0.078716,-0.015353
-0.018005,0.077009,-0.014252
-0.0082191,0.075885,-0.013534
0.00080596,0.075315,-0.01311
0.0091167,0.075277,-0.01292
0.016754,0.075748,-0.012921
0.023751,0.076714,-0.013082
0.030138,0.078163,-0.013381
0.035936,0.080085,-0.013801
0.041163,0.082475,-0.01433
0.045833,0.08533,-0.01496
0.051134,0.095851,-0.010671
0.056696,0.10703,-0.007471
0.062514,0.11889,-0.0053089
0.068578,0.13144,-0.0041361
0.074881,0.1447,-0.0039077
0.081418,0.15872,-0.0039966
0.088187,0.17352,-0.0032904
0.095181,0.18913,-0.001797
0.10239,0.20555,0.0004446
0.10982,0.2228,0.0034021
0.099976,0.20149,0.0010404
0.090554,0.18143,-0.00065621
0.081566,0.16258,-0.0018324
0.073021,0.14491,-0.0025757
0.064929,0.12838,-0.0029413
0.057295,0.11298,-0.0029619
0.050125,0.098679,-0.0026793
0.043422,0.085435,-0.0025732
0.037187,0.073226,-0.0028325
0.031423,0.062029,-0.0034544
0.031237,0.065132,-0.0026899
0.030815,0.068428,-0.0021822
0.030155,0.07192,-0.0019381
0.029254,0.07561,-0.0019345
0.028112,0.079511,-0.0017843
0.026727,0.083627,-0.001358
0.025097,0.087961,-0.00065171
0.023219,0.092515,0.00033852
0.021091,0.097291,0.0016156
0.01871,0.10229,0.0031827
0.01645,0.10252,0.0059687
0.014156,0.10279,0.0092612
0.011828,0.1031,0.013044
0.0094642,0.10345,0.017307
0.007063,0.10384,0.022036
0.0046237,0.10426,0.027224
0.0021455,0.10471,0.032859
-0.00037282,0.1052,0.038937
-0.0029314,0.10572,0.04545
-0.0055307,0.10627,0.052393
-0.00048916,0.091081,0.05585
0.0036317,0.07728,0.058051
0.0068659,0.064831,0.05917
0.0092456,0.053702,0.05937
0.010802,0.04386,0.058785
0.011565,0.035273,0.057541
0.011562,0.02791,0.055738
0.010821,0.021738,0.053474
0.0093664,0.016726,0.050833
0.0074003,0.012741,0.047898
0.0076347,0.013363,0.045194
0.0076714,0.014115,0.042732
0.0073329,0.015107,0.040464
0.0066227,0.016346,0.038356
0.0055453,0.017835,0.036377
0.0041064,0.019582,0.034507
0.0023123,0.021589,0.032728
0.00016976,0.023862,0.03103
-0.0023142,0.026403,0.029401
-0.0051329,0.029216,0.027837
-0.0034862,0.032986,0.030809
-0.0016625,0.037091,0.033893
0.00034214,0.041538,0.037084
0.0025314,0.046334,0.040378
0.0049091,0.051484,0.043768
0.0074786,0.056997,0.047251
0.010243,0.062877,0.050821
0.013207,0.069131,0.054475
0.016372,0.075764,0.058208
0.019741,0.082783,0.062019
0.018241,0.067891,0.060606
0.016718,0.054665,0.060349
0.015124,0.04306,0.061012
0.013412,0.033034,0.062433
0.011538,0.024547,0.064497
0.0094633,0.01756,0.067116
0.0071509,0.012036,0.070212
0.0049727,0.0077074,0.073714
0.004087,0.0038569,0.077545
0.0045593,0.00041823,0.081631
0.0060389,0.0032582,0.075371
0.00823,0.0073205,0.068997
0.011139,0.012607,0.062636
0.014773,0.019123,0.056383
0.01914,0.026875,0.050304
0.024247,0.035871,0.044442
0.030102,0.046121,0.038827
0.036709,0.057637,0.033477
0.044077,0.070427,0.028415
0.052212,0.084505,0.023662
0.040305,0.068944,0.015433
0.029834,0.055595,0.0097445
0.016808,0.046451,0.0058218
0.0012816,0.041182,0.0031645
-0.016821,0.039589,0.0014792
-0.037685,0.041634,0.00061978
-0.061561,0.047426,0.00050968
-0.088722,0.057189,0.00012353
-0.11943,0.071214,-0.001027
-0.15392,0.089813,-0.0029755
-0.13386,0.078086,-0.00076515
-0.11539,0.067299,0.0004329
-0.098457,0.057407,0.00080912
-0.083029,0.048374,0.00092018
-0.069058,0.040164,0.0016382
-0.056505,0.032752,0.0029337
-0.045331,0.02611,0.0047705
-0.0355,0.020215,0.0071214
-0.026976,0.015043,0.009968
-0.019724,0.01057,0.013295
-0.01575,0.009042,0.0099722
-0.01248,0.007424,0.0073736
-0.0092871,0.0066719,0.0053465
-0.0060909,0.0068131,0.0037651
-0.0028509,0.0078171,0.0025345
0.00046721,0.0096663,0.0015893
0.0038872,0.012358,0.00089515
0.0074191,0.015903,0.00044438
0.01106,0.020326,0.00024924
0.014798,0.025656,0.00023542
0.01412,0.02585,0.00036413
0.012952,0.026321,0.00089014
0.011285,0.027063,0.0019024
0.0091021,0.028074,0.0033939
0.006383,0.029359,0.0053584
0.003106,0.030923,0.0077889
-0.0007522,0.032775,0.010679
-0.0052158,0.034926,0.01402
-0.010309,0.03739,0.017804
-0.016055,0.040179,0.022022
-0.030519,0.042084,0.026088
-0.046802,0.045722,0.030439
-0.06501,0.05118,0.03506
-0.085248,0.058556,0.039929
-0.10762,0.067956,0.045016
-0.13221,0.079486,0.050288
-0.1591,0.093252,0.055708
-0.18838,0.10935,0.061242
-0.22024,0.12762,0.06685
-0.25544,0.14697,0.072499
-0.24653,0.14288,0.07639
-0.23818,0.13826,0.077968
-0.22969,0.13428,0.077661
-0.22094,0.13116,0.075852
-0.21193,0.12888,0.072862
-0.20266,0.1274,0.06897
-0.19315,0.12671,0.0644
-0.18339,0.12679,0.059351
-0.1734,0.12762,0.053981
-0.16318,0.12918,0.048432
-0.12841,0.11621,0.032717
-0.097023,0.10551,0.021519
-0.068846,0.096964,0.013504
-0.04373,0.090445,0.0078512
-0.02154,0.085864,0.0040322
-0.0021536,0.083145,0.0016979
0.014539,0.08224,0.00061484
0.028638,0.083125,0.00040179
0.040233,0.085804,-0.00050807
0.049391,0.090303,-0.0023534
0.04704,0.090467,-0.0045325
0.044187,0.090931,-0.0071115
0.040831,0.091693,-0.010017
0.036973,0.092751,-0.013195
0.032611,0.094104,-0.016602
0.027747,0.095752,-0.020206
0.02238,0.097693,-0.023979
0.016511,0.099928,-0.0279
0.01014,0.10245,-0.031949
0.0032678,0.10527,-0.036113
-0.00074287,0.098022,-0.024233
-0.0043816,0.091084,-0.015507
-0.0076698,0.084452,-0.0092158
-0.010626,0.07812,-0.0048626
-0.013267,0.072083,-0.0020903
-0.015607,0.066338,-0.00063942
-0.01766,0.060881,-0.00029083
-0.01945,0.055713,0.0003111
-0.020994,0.050835,0.0017905
-0.022305,0.046246,0.0040584
-0.027125,0.04783,0.0032137
-0.032187,0.049551,0.0024646
-0.037489,0.051408,0.0018002
-0.043033,0.053404,0.0012114
-0.048816,0.055538,0.00069009
-0.05484,0.057813,0.00022931
-0.061104,0.060231,-0.00017697
-0.067607,0.062792,-0.00053387
-0.074348,0.065499,-0.00084592
-0.081328,0.068354,-0.0011169
-0.073803,0.062541,-0.0012333
-0.066676,0.056969,-0.0013313
-0.059938,0.05164,-0.0016232
-0.053585,0.046557,-0.0019775
-0.047613,0.041721,-0.002313
-0.042018,0.037136,-0.0025809
-0.036796,0.032803,-0.0027548
-0.031941,0.028726,-0.0028232
-0.027451,0.024906,-0.0027852
-0.023319,0.021345,-0.0026471
-0.027309,0.02811,-0.0036602
-0.03125,0.035822,-0.0048457
-0.035111,0.044454,-0.0062088
-0.038869,0.053983,-0.0077563
-0.042502,0.064391,-0.009498
-0.045995,0.075663,-0.011445
-0.049334,0.087788,-0.013609
-0.05251,0.10076,-0.016004
-0.055516,0.11456,-0.01864
-0.058348,0.1292,-0.021529
-0.074893,0.11666,-0.0097024
-0.090107,0.1064,-0.0035465
-0.10406,0.098383,-0.0020995
-0.11688,0.092635,0.00097271
-0.12864,0.089161,0.0081376
-0.13938,0.087955,0.019167
-0.14913,0.089025,0.033897
-0.1579,0.092391,0.052205
-0.16663,0.096511,0.073997
-0.1769,0.098703,0.099205
-0.18509,0.10213,0.067395
-0.19346,0.10558,0.043121
-0.20202,0.10905,0.024921
-0.21078,0.11253,0.011784
-0.21976,0.11605,0.0029705
-0.22896,0.11958,-0.0020658
-0.2384,0.12315,-0.0037458
-0.24805,0.12672,-0.005331
-0.25788,0.13025,-0.0096806
-0.2679,0.13377,-0.016579
-0.2916,0.15194,-0.013737
-0.31683,0.17057,-0.011956
-0.34361,0.18966,-0.010903
-0.37196,0.20919,-0.010356
-0.4019,0.22918,-0.010164
-0.43341,0.2496,-0.010227
-0.46651,0.27044,-0.010477
-0.50118,0.29169,-0.010877
-0.5374,0.31333,-0.011394
-0.5751,0.33545,-0.012011
-0.59955,0.34967,-0.012051
-0.62442,0.36415,-0.012335
-0.6497,0.37888,-0.012795
-0.67539,0.39386,-0.013404
-0.70147,0.40906,-0.014146
-0.72795,0.42449,-0.015024
-0.75481,0.44012,-0.016041
-0.78205,0.45597,-0.017212
-0.80966,0.47203,-0.018549
-0.83763,0.48828,-0.020073
-0.76958,0.44857,-0.014799
-0.70612,0.4115,-0.011867
-0.64686,0.37687,-0.010378
-0.59152,0.34451,-0.0070792
-0.5398,0.31426,-0.0017213
-0.49147,0.28596,0.0056286
-0.4463,0.2595,0.014912
-0.4041,0.23475,0.026074
-0.3647,0.21161,0.03907
-0.32795,0.18999,0.053858
-0.31432,0.18136,0.056682
-0.30148,0.17308,0.059736
-0.28937,0.16511,0.062964
-0.27794,0.15743,0.066334
-0.26715,0.15003,0.069813
-0.25694,0.14287,0.073387
-0.24728,0.13593,0.077037
-0.23814,0.12921,0.080756
-0.22949,0.12268,0.084531
-0.22128,0.11634,0.088359
-0.20121,0.11097,0.083306
-0.18309,0.10467,0.07935
-0.16684,0.097383,0.07619
-0.15224,0.089381,0.073625
-0.13785,0.082971,0.071498
-0.12335,0.078609,0.069705
-0.10867,0.076272,0.068168
-0.093777,0.07594,0.066827
-0.078626,0.077596,0.065635
-0.063181,0.081222,0.064553
-0.056941,0.073215,0.075422
-0.051167,0.065637,0.08543
-0.045834,0.058486,0.094584
-0.040916,0.051764,0.10292
-0.036392,0.045469,0.1105
-0.032239,0.039604,0.11737
-0.028436,0.034168,0.12358
-0.024961,0.029164,0.1292
-0.021797,0.024594,0.13426
-0.018923,0.020458,0.13881
-0.022297,0.020303,0.13745
-0.025686,0.020441,0.13604
-0.029089,0.02087,0.13457
-0.032507,0.021589,0.13303
-0.035939,0.022599,0.13141
-0.039383,0.023899,0.12972
-0.042841,0.025489,0.12794
-0.046311,0.027367,0.12608
-0.049935,0.029291,0.12412
-0.053816,0.031082,0.12207
-0.051805,0.030559,0.13859
-0.049682,0.030432,0.15711
-0.04691,0.031621,0.17758
-0.043484,0.034135,0.19997
-0.039395,0.037989,0.22427
-0.034634,0.043199,0.25046
-0.029191,0.049786,0.27854
-0.023054,0.057768,0.30851
-0.016211,0.067167,0.34037
-0.0086494,0.078003,0.37414
-0.014561,0.072545,0.27199
-0.021072,0.067853,0.19219
-0.028062,0.063907,0.12986
-0.035446,0.060706,0.081856
-0.043162,0.058257,0.045999
-0.05116,0.056572,0.020752
-0.0594,0.055664,0.0050356
-0.067848,0.055542,-0.001905
-0.07639,0.056162,-0.0044381
-0.084745,0.057378,-0.014187
-0.084853,0.063713,-0.015944
-0.084291,0.071471,-0.017813
-0.08307,0.080664,-0.019789
-0.081201,0.091302,-0.021878
-0.078688,0.10339,-0.024075
-0.075536,0.11695,-0.026381
-0.071745,0.13197,-0.028787
-0.067315,0.14847,-0.031292
-0.062242,0.16644,-0.033881
-0.056524,0.1859,-0.036549
-0.063632,0.18004,-0.032128
-0.070695,0.1744,-0.028575
-0.077711,0.16901,-0.025639
-0.084678,0.16387,-0.023155
-0.091591,0.15898,-0.021004
-0.098446,0.15437,-0.01911
-0.10524,0.15004,-0.017416
-0.11197,0.14599,-0.015883
-0.11863,0.14223,-0.014484
-0.12521,0.13877,-0.013201
-0.1089,0.12827,-0.016837
-0.093693,0.11839,-0.021181
-0.079554,0.10909,-0.026203
-0.066451,0.10038,-0.03188
-0.054352,0.092226,-0.038189
-0.043228,0.084621,-0.045114
-0.033052,0.077551,-0.052635
-0.023799,0.071004,-0.060741
-0.015444,0.064971,-0.069415
-0.0079681,0.059442,-0.078647
-0.0030728,0.064531,-0.090445
0.0020803,0.069934,-0.10291
0.0074761,0.075648,-0.116
0.0131,0.081672,-0.1297
0.018937,0.088006,-0.14397
0.024975,0.094651,-0.15881
0.031201,0.10161,-0.17417
0.037603,0.10887,-0.19005
0.04417,0.11646,-0.20642
0.050892,0.12436,-0.22328
0.049169,0.11651,-0.17591
0.047263,0.10874,-0.13588
0.045191,0.10106,-0.10213
0.04297,0.093501,-0.073925
0.040623,0.086094,-0.050759
0.038172,0.07886,-0.032247
0.035642,0.07182,-0.018104
0.033055,0.064998,-0.0081062
0.030438,0.058419,-0.00208
0.027815,0.052108,0.00011567
0.028553,0.052962,-0.0059772
0.029402,0.053769,-0.023099
0.030303,0.054522,-0.051172
0.031208,0.055213,-0.090082
0.03208,0.055842,-0.1397
0.032883,0.056414,-0.19987
0.033587,0.05694,-0.27041
0.034158,0.057436,-0.35117
0.034565,0.057921,-0.44197
0.034774,0.058414,-0.5427
0.030728,0.053947,-0.42303
0.027374,0.050029,-0.32376
0.024609,0.046602,-0.24122
0.02235,0.043619,-0.17313
0.020531,0.041038,-0.11784
0.019093,0.038824,-0.074154
0.017983,0.036938,-0.041173
0.017147,0.035341,-0.018165
0.016529,0.033985,-0.0045705
0.016067,0.032806,4.4573E-05
0.015579,0.032789,9.1094E-05
0.015067,0.032783,0.00029548
0.01453,0.032791,0.00068456
0.013969,0.032812,0.0012792
0.013385,0.032849,0.0020963
0.012778,0.032902,0.0031547
0.012148,0.032973,0.0044675
0.011495,0.033063,0.0060526
0.010819,0.033174,0.0079209
0.010121,0.033308,0.010089
0.0040424,0.030958,0.0080014
-0.0025316,0.029394,0.006056
-0.0096079,0.028607,0.0043275
-0.017194,0.028589,0.0028772
-0.025297,0.029339,0.0017464
-0.033923,0.030859,0.00096565
-0.043078,0.033155,0.000553
-0.052767,0.036234,0.00051793
-0.062995,0.040109,0.00043476
-0.073768,0.044793,-2.9855E-06
-0.088216,0.052809,0.00061261
-0.10428,0.06185,0.0011402
-0.12203,0.071953,0.0015805
-0.14156,0.083147,0.0019663
-0.16293,0.095463,0.0025032
-0.18621,0.10892,0.0032332
-0.21143,0.12356,0.0041612
-0.23865,0.13938,0.0052909
-0.26791,0.1564,0.0066258
-0.29923,0.17465,0.0081671
-0.3066,0.17896,0.0085537
-0.31408,0.18333,0.0089311
-0.32167,0.18776,0.0092967
-0.32936,0.19226,0.009646
-0.33716,0.19682,0.0099779
-0.34506,0.20145,0.010287
-0.35308,0.20614,0.010574
-0.3612,0.21089,0.010833
-0.36942,0.21571,0.011067
-0.37776,0.22059,0.011271
-0.35297,0.20606,0.012196
-0.32927,0.19221,0.014283
-0.30661,0.17899,0.017819
-0.28493,0.16637,0.023063
-0.2642,0.15433,0.030265
-0.24437,0.14284,0.039634
-0.2254,0.13187,0.051349
-0.20726,0.12141,0.065558
-0.18991,0.11144,0.082384
-0.17334,0.10194,0.10194
-0.16689,0.097942,0.073907
-0.16088,0.094245,0.051708
-0.15524,0.09081,0.034409
-0.14993,0.087605,0.021346
-0.14491,0.084602,0.012016
-0.14015,0.081776,0.0060343
-0.13561,0.079105,0.0031001
-0.13127,0.076571,0.0022842
-0.12718,0.074166,-0.00046689
-0.12332,0.071875,-0.0056511
-0.11154,0.064837,-0.0047076
-0.10049,0.05786,-0.0044919
-0.090182,0.05095,-0.0047976
-0.080614,0.044114,-0.0055305
-0.071787,0.037359,-0.0066558
-0.063706,0.030692,-0.0081741
-0.056373,0.024118,-0.010102
-0.049792,0.017643,-0.012464
-0.043966,0.011274,-0.015285
-0.038899,0.0050129,-0.018589
-0.056918,0.017885,-0.02665
-0.079768,0.033446,-0.036429
-0.10758,0.051762,-0.047852
-0.14046,0.072888,-0.060745
-0.17851,0.096867,-0.074849
-0.22182,0.12373,-0.089883
-0.27045,0.15352,-0.10555
-0.32446,0.18623,-0.12162
-0.38391,0.22189,-0.13789
-0.44882,0.26049,-0.15424
-0.42238,0.24549,-0.12736
-0.39661,0.23075,-0.10869
-0.37151,0.21631,-0.09511
-0.34708,0.20219,-0.084873
-0.32333,0.18841,-0.076921
-0.30028,0.175,-0.070606
-0.27793,0.16203,-0.065499
-0.25629,0.14948,-0.061319
-0.2354,0.13738,-0.057864
-0.21526,0.12572,-0.054995
-0.2152,0.12703,-0.044538
-0.21482,0.12928,-0.034444
-0.21411,0.13245,-0.025192
-0.21304,0.13654,-0.01715
-0.2116,0.14151,-0.010606
-0.20976,0.14736,-0.0057799
-0.2075,0.15408,-0.0028452
-0.20479,0.16166,-0.0019391
-0.20163,0.17009,-0.0011171
-0.19801,0.1794,0.0019341
-0.18053,0.16516,-0.0020871
-0.16382,0.15161,-0.0034976
-0.14782,0.13871,-0.0095501
-0.13252,0.12644,-0.020841
-0.1179,0.11477,-0.037443
-0.10396,0.10368,-0.059406
-0.090698,0.093161,-0.086763
-0.078102,0.08319,-0.11953
-0.066167,0.073753,-0.15772
-0.054887,0.064832,-0.20133
-0.062303,0.060828,-0.19146
-0.069332,0.057833,-0.18186
-0.075968,0.055849,-0.17251
-0.08221,0.054875,-0.16342
-0.088053,0.054909,-0.15456
-0.093492,0.055951,-0.14596
-0.098523,0.057998,-0.13759
-0.10349,0.060448,-0.12946
-0.10911,0.062075,-0.12157
-0.11539,0.062843,-0.11393
-0.11543,0.063063,-0.10944
-0.11559,0.063353,-0.10506
-0.11586,0.063708,-0.1008
-0.11625,0.064126,-0.096638
-0.11674,0.064604,-0.092581
-0.11733,0.06514,-0.088623
-0.11802,0.065731,-0.084763
-0.11881,0.066375,-0.080999
-0.11969,0.067071,-0.077331
-0.12066,0.067816,-0.073754
-0.099916,0.057153,-0.06407
-0.08143,0.047249,-0.056622
-0.065128,0.038109,-0.050825
-0.050848,0.029885,-0.046279
-0.038253,0.023025,-0.042716
-0.027284,0.017499,-0.03994
-0.017898,0.013248,-0.037812
-0.010055,0.010216,-0.036214
-0.00371,0.0083533,-0.035054
0.0011766,0.0076219,-0.03424
0.00074491,0.010782,-0.048312
0.00017202,0.014609,-0.065831
-0.00051617,0.019138,-0.086918
-0.0013016,0.024405,-0.11153
-0.0021715,0.030446,-0.13947
-0.0031198,0.037301,-0.17044
-0.0041436,0.045007,-0.20401
-0.0052438,0.053601,-0.23977
-0.0064213,0.063116,-0.27726
-0.0076792,0.073585,-0.31609
-0.0055997,0.068001,-0.27157
-0.0035304,0.062479,-0.23316
-0.0015303,0.057064,-0.19949
0.00035391,0.051795,-0.1697
0.002088,0.0467,-0.14318
0.0036422,0.041807,-0.11953
0.0049925,0.037138,-0.098454
0.0061166,0.032714,-0.079736
0.0069952,0.028557,-0.063222
0.0076096,0.024685,-0.048787
0.0017237,0.02233,-0.0492
-0.004598,0.020879,-0.049912
-0.011369,0.020318,-0.050854
-0.018601,0.020639,-0.05196
-0.0263,0.021845,-0.053192
-0.034469,0.023944,-0.054508
-0.043107,0.026951,-0.055893
-0.052213,0.030886,-0.057323
-0.061782,0.035773,-0.058792
-0.071904,0.041471,-0.060289
-0.067438,0.038868,-0.070336
-0.063156,0.036323,-0.080677
-0.059044,0.033852,-0.091279
-0.055072,0.031498,-0.10211
-0.051238,0.029262,-0.11317
-0.047537,0.027141,-0.12442
-0.043968,0.025135,-0.13585
-0.040528,0.023242,-0.14747
-0.037215,0.021462,-0.15926
-0.034028,0.019794,-0.17122
-0.029307,0.016629,-0.15986
-0.024981,0.01378,-0.14983
-0.021027,0.011249,-0.14086
-0.017427,0.0090355,-0.13278
-0.014163,0.0071338,-0.12543
-0.011302,0.005401,-0.1187
-0.0088657,0.0037671,-0.11249
-0.0068454,0.0022182,-0.10673
-0.0052328,0.00074115,-0.10136
-0.0040201,-0.00067568,-0.096317
-0.0086083,0.0027189,-0.10574
-0.015587,0.0073003,-0.1155
-0.0251,0.01315,-0.12554
-0.037303,0.020358,-0.13579
-0.052327,0.029058,-0.14611
-0.070187,0.039581,-0.15638
-0.091007,0.052052,-0.16647
-0.11492,0.066556,-0.17624
-0.14206,0.083171,-0.18559
-0.17252,0.10197,-0.19444
-0.16572,0.097881,-0.15921
-0.15834,0.09341,-0.13272
-0.1505,0.088647,-0.11228
-0.1423,0.083665,-0.096183
-0.13382,0.078521,-0.083306
-0.12512,0.073264,-0.072866
-0.11627,0.067938,-0.064321
-0.10734,0.062582,-0.057267
-0.098367,0.057233,-0.051414
-0.089424,0.051925,-0.046537
-0.096587,0.056615,-0.055196
-0.10377,0.06169,-0.063686
-0.11095,0.06715,-0.071827
-0.11815,0.073,-0.079473
-0.12535,0.079243,-0.086525
-0.13256,0.085884,-0.092916
-0.13978,0.092927,-0.098616
-0.14701,0.10038,-0.10362
-0.15427,0.10824,-0.10794
-0.16157,0.11651,-0.1116
-0.17509,0.12693,-0.10499
-0.18918,0.13783,-0.099832
-0.20382,0.14921,-0.095823
-0.21903,0.16109,-0.09274
-0.23478,0.17346,-0.090405
-0.25109,0.18633,-0.088676
-0.26794,0.19971,-0.087441
-0.28535,0.2136,-0.086612
-0.30329,0.22799,-0.086117
-0.32177,0.2429,-0.085901
-0.29878,0.23861,-0.061051
-0.27615,0.23518,-0.041074
-0.25384,0.23259,-0.025386
-0.23185,0.23083,-0.013577
-0.21016,0.22991,-0.0053477
-0.18875,0.22981,-0.00047006
-0.16761,0.23055,0.0012333
-0.14671,0.2321,0.002423
-0.12604,0.23446,0.0065338
-0.10559,0.23762,0.013493
-0.11428,0.22054,0.020134
-0.12235,0.20481,0.02723
-0.12982,0.19039,0.03459
-0.13671,0.17722,0.042104
-0.14304,0.16525,0.049697
-0.14883,0.15444,0.057326
-0.15407,0.14475,0.064955
-0.15878,0.13615,0.072568
-0.16298,0.1286,0.080143
-0.16666,0.12208,0.087673
-0.15749,0.10746,0.083215
-0.14805,0.094896,0.079211
-0.13837,0.084284,0.075501
-0.12843,0.075539,0.071994
-0.11826,0.068582,0.068619
-0.10856,0.062103,0.065337
-0.10018,0.054609,0.062109
-0.093077,0.04612,0.058923
-0.087202,0.036655,0.055768
-0.082524,0.026225,0.052643
-0.087106,0.033855,0.033618
-0.092261,0.041175,0.019996
-0.097992,0.048193,0.010492
-0.1043,0.054915,0.0042391
-0.11119,0.061345,0.00063116
-0.11867,0.067487,-0.00077548
-0.12673,0.073348,-0.0014957
-0.13536,0.078933,-0.0037783
-0.14444,0.084424,-0.0074609
-0.1536,0.090496,-0.012355
-0.12861,0.075573,-0.011745
-0.10601,0.062125,-0.012026
-0.085716,0.050134,-0.013015
-0.067676,0.039579,-0.014636
-0.051911,0.030285,-0.016865
-0.038412,0.022139,-0.019704
-0.027137,0.015086,-0.023158
-0.018039,0.0090755,-0.027238
-0.011077,0.0040599,-0.031942
-0.0062062,6.3717E-07,-0.037259
-0.0063689,0.0019524,-0.0364
-0.0068816,0.0035043,-0.035546
-0.0077423,0.0046593,-0.034695
-0.0089102,0.0054884,-0.033851
-0.0099996,0.0066526,-0.033007
-0.010914,0.0083187,-0.032165
-0.011652,0.010492,-0.031325
-0.012208,0.013178,-0.030487
-0.012579,0.016385,-0.02965
-0.01276,0.020122,-0.028816
-0.0089728,0.024779,-0.03535
-0.0045153,0.030547,-0.042556
0.00061584,0.037432,-0.05041
0.0064218,0.045443,-0.058874
0.012904,0.054589,-0.067891
0.020061,0.06488,-0.077403
0.027895,0.076325,-0.08734
0.036405,0.088934,-0.09764
0.045592,0.10272,-0.10824
0.055455,0.11768,-0.11908
0.038168,0.096914,-0.083368
0.022431,0.079068,-0.057108
0.008224,0.064021,-0.037682
-0.0044726,0.051662,-0.023431
-0.015685,0.0419,-0.013245
-0.025451,0.034659,-0.0063604
-0.033825,0.029888,-0.0022475
-0.040881,0.027562,-0.0005498
-0.046715,0.027696,3.1613E-05
-0.051741,0.029826,0.0025352
-0.066297,0.038622,0.0022122
-0.082609,0.048217,0.0018875
-0.10043,0.058942,0.0015671
-0.11968,0.070852,0.0012569
-0.14033,0.083948,0.0009601
-0.16234,0.09823,0.00067985
-0.1857,0.1137,0.00041716
-0.21037,0.13037,0.00017292
-0.23634,0.14824,-5.3687E-05
-0.26361,0.16733,-0.00026358
-0.24346,0.15692,-0.0020037
-0.22434,0.14722,-0.0024116
-0.20618,0.13817,-0.0047534
-0.18892,0.12975,-0.0092639
-0.17249,0.12191,-0.015918
-0.15686,0.11463,-0.024705
-0.14197,0.10789,-0.035619
-0.12779,0.10166,-0.048665
-0.11428,0.095915,-0.063845
-0.1014,0.090636,-0.081169
-0.084409,0.070024,-0.093183
-0.068881,0.052531,-0.10329
-0.054757,0.038063,-0.11168
-0.041981,0.02653,-0.11857
-0.030497,0.017848,-0.12418
-0.020514,0.011493,-0.12869
-0.013291,0.0051584,-0.1323
-0.0089485,-0.0014832,-0.13518
-0.0074447,-0.0084479,-0.13751
-0.0087645,-0.015753,-0.13944
-0.0068442,-0.0099065,-0.14734
-0.0063129,-0.0046976,-0.15504
-0.0071684,-0.00012647,-0.16255
-0.0094187,0.0038113,-0.16993
-0.01308,0.0071243,-0.17718
-0.0179,0.010299,-0.18431
-0.02299,0.01492,-0.19132
-0.028308,0.021129,-0.1982
-0.033881,0.02895,-0.20492
-0.039738,0.038407,-0.21147
-0.035851,0.030556,-0.22564
-0.031845,0.023819,-0.23976
-0.027742,0.0182,-0.25378
-0.023562,0.013704,-0.26773
-0.019321,0.010335,-0.28157
-0.015348,0.0075539,-0.2953
-0.012324,0.0042154,-0.30888
-0.010278,0.00028616,-0.32232
-0.0092128,-0.0042316,-0.33556
-0.0091337,-0.0093379,-0.34861
-0.01127,-0.0051212,-0.33341
-0.014486,-0.0006497,-0.32123
-0.018772,0.0040728,-0.31129
-0.024123,0.0090458,-0.30306
-0.03054,0.014271,-0.29613
-0.038029,0.019753,-0.29021
-0.046599,0.025497,-0.28509
-0.056261,0.03151,-0.28058
-0.066992,0.037861,-0.27655
-0.078566,0.04497,-0.27291
-0.073806,0.042212,-0.24145
-0.069435,0.039676,-0.21316
-0.06541,0.037349,-0.18759
-0.061696,0.035221,-0.16441
-0.058262,0.033283,-0.14335
-0.055091,0.031503,-0.12421
-0.05219,0.029819,-0.10683
-0.049543,0.02821,-0.091067
-0.047137,0.026659,-0.076826
-0.044958,0.025146,-0.063999
-0.05131,0.029625,-0.051431
-0.058309,0.034025,-0.040463
-0.065432,0.039306,-0.030969
-0.072677,0.045539,-0.022846
-0.080078,0.052734,-0.016039
-0.087669,0.060898,-0.010499
-0.095482,0.070038,-0.0062076
-0.10355,0.080158,-0.0031467
-0.1119,0.091262,-0.0013113
-0.12056,0.10335,-0.00069489
-0.14659,0.1122,-0.0003978
-0.17455,0.12278,0.00069033
-0.2045,0.13516,0.0025095
-0.23651,0.1494,0.0050055
-0.27063,0.16556,0.0081269
-0.30691,0.1837,0.011832
-0.34537,0.20386,0.016078
-0.38604,0.22607,0.020826
-0.42893,0.25038,0.026042
-0.47416,0.27658,0.031689
-0.48041,0.27875,0.035402
-0.48729,0.27969,0.039119
-0.4948,0.27943,0.042795
-0.50295,0.27795,0.046393
-0.51173,0.27527,0.049872
-0.52114,0.27139,0.053209
-0.53119,0.26631,0.056368
-0.54187,0.26004,0.059334
-0.55318,0.25258,0.062079
-0.56512,0.24392,0.06459
-0.53503,0.24573,0.044595
-0.50723,0.24631,0.031862
-0.48156,0.24561,0.023272
-0.4579,0.2436,0.017215
-0.43614,0.24028,0.012796
-0.41618,0.23561,0.009489
-0.39796,0.22959,0.0069714
-0.38138,0.2222,0.0050312
-0.36615,0.21388,0.0035242
-0.35071,0.20716,0.0023371
-0.33972,0.20063,0.0055514
-0.32951,0.19452,0.0088554
-0.32002,0.1888,0.012107
-0.31118,0.18344,0.015253
-0.30294,0.17841,0.018286
-0.29525,0.1737,0.021213
-0.28808,0.16929,0.024051
-0.28138,0.16515,0.026815
-0.27511,0.16128,0.029522
-0.26925,0.15767,0.032183
-0.25387,0.14996,0.02278
-0.23855,0.14309,0.01546
-0.22329,0.13705,0.0097802
-0.2081,0.13182,0.0054449
-0.193,0.1274,0.0022491
-0.17799,0.12376,4.6543E-05
-0.16307,0.12091,-0.0012685
-0.14826,0.11884,-0.0017763
-0.13356,0.11753,-0.0019466
-0.11896,0.11699,-0.0027685
-0.12795,0.11889,-0.0018724
-0.13707,0.12098,-0.0016732
-0.14634,0.12329,-0.00045345
-0.15575,0.12581,0.001887
-0.16532,0.12855,0.0053243
-0.17503,0.13149,0.0098412
-0.1849,0.13465,0.015428
-0.19491,0.13803,0.022078
-0.20508,0.14161,0.029789
-0.2154,0.14541,0.038563
-0.21638,0.14678,0.051688
-0.21741,0.14819,0.063478
-0.21849,0.14964,0.073616
-0.21963,0.15113,0.082006
-0.22083,0.15267,0.088678
-0.22211,0.15426,0.093734
-0.22348,0.15591,0.0973
-0.22492,0.15761,0.099518
-0.22646,0.15938,0.10052
-0.2281,0.16121,0.10043
-0.19531,0.15394,0.052086
-0.1633,0.14912,0.023686
-0.13208,0.1467,0.0076342
-0.10168,0.14669,-0.00026618
-0.072119,0.14909,-0.0024861
-0.043376,0.15388,-0.0037031
-0.015411,0.16107,-0.008091
0.011755,0.17069,-0.015025
0.038111,0.18278,-0.024053
0.063658,0.19738,-0.034851
0.042224,0.17468,-0.025879
0.021722,0.15418,-0.020211
0.0021594,0.13592,-0.016562
-0.016455,0.11994,-0.014201
-0.034108,0.10625,-0.012688
-0.050792,0.094894,-0.011754
-0.0665,0.085879,-0.011227
-0.081228,0.079233,-0.010998
-0.09498,0.074974,-0.010989
-0.10776,0.07312,-0.011153
-0.097708,0.06577,-0.011329
-0.088291,0.058951,-0.011491
-0.079483,0.052634,-0.011647
-0.071259,0.046794,-0.011804
-0.063594,0.041407,-0.011968
-0.056466,0.036449,-0.012142
-0.049854,0.031899,-0.012331
-0.043736,0.027735,-0.012536
-0.038095,0.023939,-0.012761
-0.03291,0.020492,-0.013006
-0.028736,0.02221,-0.015646
-0.023369,0.026144,-0.018504
-0.016781,0.032339,-0.021587
-0.0089318,0.040869,-0.024901
0.0002273,0.051819,-0.028445
0.010751,0.065284,-0.032211
0.022695,0.081361,-0.036186
0.036116,0.10015,-0.040354
0.051068,0.12174,-0.044693
0.067603,0.14623,-0.049185
0.041123,0.12417,-0.047031
0.014104,0.10692,-0.045225
-0.013481,0.094326,-0.04369
-0.041681,0.086287,-0.042373
-0.070555,0.082744,-0.041234
-0.10018,0.083685,-0.040248
-0.13062,0.089142,-0.039399
-0.16196,0.099179,-0.038674
-0.19425,0.11389,-0.038067
-0.22803,0.13252,-0.037578
-0.21174,0.12368,-0.034233
-0.19555,0.11609,-0.031615
-0.17896,0.11061,-0.029522
-0.16196,0.10724,-0.027826
-0.14454,0.10598,-0.026436
-0.12668,0.10682,-0.025288
-0.10839,0.10977,-0.024337
-0.089636,0.11481,-0.023548
-0.070427,0.12195,-0.022897
-0.050755,0.13119,-0.022365
-0.042241,0.12178,-0.021103
-0.034289,0.113,-0.01944
-0.026886,0.10483,-0.017515
-0.020021,0.097243,-0.015443
-0.013683,0.090216,-0.013316
-0.007863,0.083731,-0.011207
-0.0025511,0.077768,-0.0091779
0.0022604,0.072307,-0.0072746
0.006579,0.067332,-0.0055374
0.010412,0.062825,-0.0039983
0.0025406,0.052596,-0.0032392
-0.0046403,0.0437,-0.0026993
-0.011121,0.036158,-0.0023148
-0.016891,0.029994,-0.0020404
-0.02194,0.025225,-0.0018449
-0.026257,0.021869,-0.0017052
-0.029832,0.019936,-0.001605
-0.032657,0.019435,-0.0015322
-0.034827,0.020191,-0.0014787
-0.037524,0.020165,-0.0014377
-0.040783,0.023139,-0.0010411
-0.044397,0.025803,-0.00034182
-0.048315,0.028222,0.0016323
-0.052176,0.03095,0.0049123
-0.055884,0.034104,0.0095259
-0.059417,0.037671,0.015505
-0.062761,0.041639,0.022882
-0.065901,0.046001,0.031698
-0.068828,0.05075,0.041992
-0.071532,0.055881,0.053812
-0.073911,0.055301,0.043617
-0.076201,0.054818,0.034535
-0.078405,0.054432,0.026532
-0.080526,0.054146,0.019583
-0.082567,0.053959,0.013663
-0.084532,0.053874,0.0087504
-0.086422,0.053894,0.0048268
-0.088243,0.054018,0.0018759
-0.089996,0.054251,-0.00011798
-0.091685,0.054593,-0.0011686
-0.08728,0.054514,-0.0034256
-0.08227,0.055457,-0.01247
-0.076664,0.057435,-0.028447
-0.070467,0.060476,-0.051161
-0.063677,0.064617,-0.08046
-0.056288,0.069901,-0.11621
-0.048291,0.076374,-0.15827
-0.039676,0.084082,-0.2065
-0.030431,0.093072,-0.26074
-0.020546,0.10339,-0.32085
-0.018453,0.085897,-0.2879
-0.016369,0.070203,-0.25561
-0.014312,0.056249,-0.22427
-0.012302,0.043981,-0.1942
-0.01036,0.033345,-0.16561
-0.0085061,0.024287,-0.13874
-0.0067607,0.016754,-0.11376
-0.0051452,0.010693,-0.090839
-0.003681,0.0060467,-0.070126
-0.0023901,0.0027595,-0.05176
-0.0028971,0.0059878,-0.06965
-0.0031593,0.010738,-0.090122
-0.0031369,0.017149,-0.11306
-0.002791,0.025352,-0.13833
-0.0020834,0.035474,-0.1658
-0.00097734,0.047633,-0.19535
0.00056302,0.061942,-0.22689
0.0025721,0.078504,-0.26035
0.0050833,0.097416,-0.29565
0.0081285,0.11877,-0.33278
0.007333,0.11304,-0.28182
0.0064104,0.10724,-0.24369
0.0054057,0.10142,-0.21424
0.0043489,0.095624,-0.19097
0.0032622,0.089886,-0.17224
0.0021622,0.084228,-0.15693
0.0010624,0.07867,-0.14428
-2.6125E-05,0.073229,-0.13373
-0.0010941,0.067918,-0.12487
-0.0021333,0.062751,-0.11739
-0.013965,0.08128,-0.10857
-0.029779,0.10311,-0.099224
-0.049806,0.12836,-0.089388
-0.07427,0.15718,-0.079112
-0.10338,0.18967,-0.068493
-0.13734,0.22595,-0.057664
-0.17631,0.26612,-0.046819
-0.22044,0.31025,-0.03617
-0.26985,0.35842,-0.025963
-0.32463,0.41067,-0.016445
-0.3135,0.38823,-0.017749
-0.30232,0.36656,-0.018605
-0.29111,0.34564,-0.019128
-0.27988,0.32546,-0.019396
-0.26866,0.306,-0.01947
-0.25747,0.28724,-0.019388
-0.24632,0.26917,-0.019183
-0.23523,0.25178,-0.018876
-0.22422,0.23505,-0.018486
-0.2133,0.21898,-0.018025
-0.22575,0.22062,-0.028873
-0.2384,0.22253,-0.041344
-0.25125,0.22473,-0.055284
-0.26428,0.22719,-0.070572
-0.27751,0.22993,-0.087113
-0.29091,0.23296,-0.10483
-0.3045,0.23625,-0.12365
-0.31826,0.23983,-0.14352
-0.33221,0.24369,-0.16436
-0.34634,0.24782,-0.18614
-0.33587,0.24296,-0.21843
-0.3258,0.23838,-0.24939
-0.31611,0.23406,-0.2792
-0.30679,0.22998,-0.30806
-0.29781,0.22615,-0.33608
-0.28917,0.22254,-0.36341
-0.28082,0.21915,-0.39009
-0.27277,0.21596,-0.4162
-0.265,0.21296,-0.4417
-0.25748,0.21014,-0.46667
-0.25115,0.21212,-0.43654
-0.24481,0.21432,-0.41746
-0.23841,0.21674,-0.4056
-0.23194,0.21937,-0.39874
-0.22537,0.2222,-0.39538
-0.21869,0.22524,-0.39464
-0.21189,0.22849,-0.39585
-0.20498,0.23195,-0.39862
-0.19794,0.23561,-0.40263
-0.19077,0.23948,-0.40771
-0.18061,0.22857,-0.36481
-0.17103,0.2178,-0.32716
-0.16199,0.20716,-0.2937
-0.15344,0.19668,-0.26371
-0.14536,0.18636,-0.23667
-0.13771,0.17621,-0.21218
-0.13047,0.16625,-0.18995
-0.12361,0.15649,-0.16973
-0.1171,0.14693,-0.15132
-0.11093,0.1376,-0.13453
-0.08475,0.14746,-0.12764
-0.057809,0.16057,-0.12094
-0.030098,0.17696,-0.11441
-0.0016094,0.19663,-0.10801
0.027669,0.21962,-0.10173
0.057751,0.24594,-0.095542
0.088651,0.27563,-0.089458
0.12038,0.30872,-0.083454
0.15296,0.34524,-0.077545
0.18639,0.38521,-0.071727
0.17055,0.39287,-0.051992
0.15173,0.40236,-0.037088
0.12991,0.41366,-0.025821
0.10507,0.42674,-0.017396
0.077203,0.44158,-0.011282
0.046291,0.45817,-0.0071014
0.012327,0.47651,-0.0045845
-0.024698,0.49658,-0.0035253
-0.064789,0.51838,-0.003764
-0.10796,0.54192,-0.0045354
-0.052999,0.51818,-0.0024087
-0.0031009,0.49694,0.00075566
0.041855,0.47815,0.0050422
0.081982,0.46177,0.010457
0.11739,0.44778,0.016964
0.14816,0.43615,0.024516
0.17441,0.42687,0.033055
0.19619,0.41994,0.042529
0.21359,0.41534,0.052888
0.22666,0.41308,0.064098
0.2092,0.38227,0.022122
0.19214,0.35321,0.0033254
0.17558,0.32574,-0.00072602
0.15993,0.29957,-0.0117
0.14521,0.27459,-0.033112
0.13135,0.25075,-0.063473
0.1183,0.22799,-0.10177
0.10602,0.20628,-0.14728
0.094466,0.18558,-0.19945
0.083609,0.16585,-0.25787
0.083235,0.16387,-0.23339
0.083021,0.16215,-0.21403
0.082927,0.16066,-0.19823
0.082928,0.15938,-0.18501
0.083005,0.15829,-0.17368
0.083147,0.15738,-0.16378
0.083344,0.15665,-0.15496
0.083589,0.15606,-0.14698
0.08388,0.15562,-0.13967
0.084211,0.15533,-0.1329
0.088777,0.17086,-0.10685
0.09329,0.18715,-0.085655
0.097719,0.20422,-0.068324
0.10204,0.22207,-0.054137
0.10623,0.2407,-0.042564
0.11028,0.26011,-0.0332
0.11417,0.2803,-0.025735
0.11788,0.30128,-0.019923
0.12141,0.32305,-0.015571
0.12476,0.34561,-0.012519
0.12046,0.33804,-0.013859
0.11624,0.3305,-0.014558
0.11208,0.32296,-0.014714
0.10799,0.31544,-0.014457
0.10397,0.30793,-0.013911
0.10002,0.30045,-0.01318
0.09614,0.29298,-0.012348
0.092332,0.28554,-0.011479
0.088595,0.27813,-0.010625
0.084928,0.27074,-0.0098233
0.088032,0.25848,-0.00969
0.090581,0.24673,-0.0094476
0.092592,0.23548,-0.009125
0.094078,0.22471,-0.0087472
0.095055,0.21442,-0.0083371
0.095534,0.20459,-0.0079132
0.095529,0.19523,-0.0074925
0.095049,0.18631,-0.0070887
0.094107,0.17784,-0.0067144
0.092712,0.1698,-0.00638
0.091575,0.16676,-0.0050101
0.090478,0.16393,0.00011594
0.089415,0.16129,0.0086256
0.088381,0.15882,0.019938
0.087373,0.15648,0.033632
0.086386,0.15428,0.0494
0.085418,0.15218,0.067007
0.084467,0.15018,0.086277
0.083532,0.14827,0.10706
0.082609,0.14644,0.12926
0.079268,0.14063,0.14205
0.076061,0.13504,0.15541
0.072983,0.12966,0.16928
0.070026,0.12448,0.18364
0.067183,0.1195,0.19843
0.06445,0.1147,0.21364
0.06182,0.11008,0.2292
0.059289,0.10563,0.24513
0.056851,0.10134,0.26135
0.054503,0.097207,0.27789
0.049299,0.091012,0.18619
0.042905,0.086343,0.11707
0.035436,0.083005,0.06602
0.026985,0.080883,0.030258
0.017611,0.079926,0.0079596
0.0073336,0.080127,-0.0020532
-0.0039342,0.081368,-0.0049046
-0.016494,0.083157,-0.01727
-0.030443,0.085539,-0.040497
-0.045869,0.088603,-0.074422
-0.043629,0.085158,-0.056824
-0.041604,0.081748,-0.04311
-0.03976,0.078394,-0.03232
-0.038073,0.07511,-0.023811
-0.036521,0.071902,-0.017115
-0.03509,0.068775,-0.011902
-0.033765,0.065732,-0.0079185
-0.032536,0.062772,-0.0049823
-0.031391,0.059897,-0.0029474
-0.030322,0.057105,-0.0017022
-0.028047,0.054301,-0.00044119
-0.025864,0.051722,0.0045662
-0.023737,0.049369,0.014254
-0.021643,0.047216,0.02861
-0.019566,0.04524,0.047628
-0.017494,0.043423,0.071298
-0.015419,0.041747,0.099615
-0.01334,0.040199,0.13257
-0.011258,0.038767,0.17016
-0.0091793,0.037444,0.21237
-0.0097771,0.033436,0.15234
-0.010098,0.030081,0.1059
-0.010201,0.027258,0.070152
-0.010129,0.024878,0.043149
-0.0099175,0.022869,0.023502
-0.0095931,0.021171,0.010193
-0.0091805,0.019732,0.0024651
-0.0087014,0.018501,-0.00023618
-0.0082114,0.017365,-0.0021615
-0.0077695,0.016209,-0.0084945
-0.0085023,0.016937,-0.0093295
-0.0092416,0.017693,-0.010258
-0.0099861,0.018477,-0.011286
-0.010735,0.019288,-0.012423
-0.011486,0.020129,-0.013676
-0.012239,0.020998,-0.015056
-0.012993,0.021896,-0.016569
-0.013746,0.022825,-0.018227
-0.014497,0.023784,-0.020035
-0.015247,0.024776,-0.022005
-0.016842,0.023947,-0.022397
-0.018384,0.023197,-0.022407
-0.019871,0.022525,-0.02206
-0.021302,0.021928,-0.021388
-0.022675,0.021402,-0.020429
-0.02399,0.020946,-0.019224
-0.025246,0.020558,-0.017815
-0.026442,0.020236,-0.016246
-0.027578,0.019979,-0.014562
-0.028654,0.019786,-0.012806
-0.028441,0.020446,-0.026418
-0.028231,0.021271,-0.044858
-0.028024,0.022298,-0.068079
-0.027811,0.02356,-0.09604
-0.027583,0.025088,-0.1287
-0.027328,0.026912,-0.16606
-0.027033,0.02906,-0.20811
-0.026684,0.031557,-0.2549
-0.026268,0.03443,-0.30643
-0.02577,0.037703,-0.3628
-0.023537,0.039696,-0.37151
-0.021238,0.041845,-0.37863
-0.018873,0.044148,-0.38424
-0.016444,0.046605,-0.38856
-0.01395,0.049217,-0.39165
-0.01139,0.051984,-0.39368
-0.0087639,0.054906,-0.3947
-0.0060705,0.057985,-0.39485
-0.0033088,0.061221,-0.39416
-0.00047704,0.064613,-0.39273
-0.007559,0.066491,-0.35107
-0.015352,0.068802,-0.31772
-0.023845,0.071542,-0.29031
-0.033033,0.074712,-0.26731
-0.042908,0.078313,-0.24765
-0.053468,0.082349,-0.23058
-0.064708,0.086822,-0.21556
-0.076627,0.091734,-0.20219
-0.089223,0.097089,-0.19017
-0.1025,0.10288,-0.17927
-0.11236,0.10292,-0.13103
-0.12174,0.10319,-0.091468
-0.13068,0.10372,-0.059693
-0.13924,0.10449,-0.035032
-0.14748,0.10553,-0.017001
-0.15545,0.10684,-0.0052079
-0.16322,0.10845,0.00063671
-0.17085,0.11035,0.0020114
-0.17845,0.11241,0.007348
-0.18606,0.11462,0.01808
-0.19733,0.11818,0.014152
-0.20844,0.12263,0.011397
-0.21938,0.12797,0.0094593
-0.23023,0.13407,0.008106
-0.24164,0.1398,0.0071483
-0.25377,0.1449,0.0064739
-0.26662,0.14938,0.0060058
-0.28019,0.15321,0.0056953
-0.2945,0.1564,0.0055072
-0.30955,0.15893,0.0054209
-0.30704,0.15754,0.0036543
-0.30438,0.15605,0.0021351
-0.30156,0.15446,0.0010062
-0.29859,0.15277,0.00037329
-0.29549,0.15098,0.00011046
-0.29225,0.14912,-0.00067855
-0.28888,0.14718,-0.0021393
-0.28538,0.14518,-0.0043018
-0.28177,0.14311,-0.0071867
-0.27804,0.14099,-0.010809
-0.26629,0.14057,-0.0063493
-0.25541,0.13951,-0.0033131
-0.24538,0.13777,-0.0014621
-0.23616,0.13535,-0.00063244
-0.22773,0.13223,-0.0004952
-0.22008,0.12839,0.00023247
-0.21271,0.1246,0.0017126
-0.20506,0.12181,0.0039107
-0.19711,0.11999,0.0067899
-0.18886,0.11915,0.010322
-0.21142,0.1312,0.014745
-0.23517,0.14403,0.019721
-0.26011,0.15764,0.025175
-0.28623,0.17203,0.031044
-0.31355,0.1872,0.037275
-0.34206,0.20313,0.043829
-0.37176,0.21984,0.05067
-0.40267,0.2373,0.05777
-0.43477,0.25553,0.0651
-0.46807,0.27452,0.072637
-0.44524,0.26284,0.077194
-0.4231,0.25205,0.080852
-0.40159,0.24211,0.083749
-0.38069,0.23298,0.085996
-0.36036,0.22464,0.08767
-0.34055,0.21706,0.088839
-0.32123,0.21021,0.089549
-0.30239,0.20405,0.089848
-0.28398,0.19859,0.089769
-0.26599,0.19378,0.089347
-0.26326,0.20093,0.059767
-0.26004,0.20857,0.037525
-0.25635,0.21671,0.020936
-0.2522,0.22539,0.0088959
-0.2476,0.2346,0.00065971
-0.24257,0.24437,-0.004294
-0.23711,0.25471,-0.0063333
-0.2312,0.26561,-0.0075227
-0.22479,0.27704,-0.011099
-0.2179,0.28901,-0.016976
-0.23754,0.28757,-0.011376
-0.2574,0.28677,-0.0088823
-0.27746,0.28661,-0.0087611
-0.29779,0.28713,-0.0078065
-0.31838,0.28836,-0.0050012
-0.33924,0.29028,-0.00050521
-0.36036,0.2929,0.0055777
-0.38175,0.29623,0.013173
-0.4034,0.30026,0.022232
-0.42531,0.30499,0.032714
-0.37614,0.28138,0.045879
-0.33036,0.25998,0.05779
-0.28776,0.24066,0.06861
-0.24813,0.2233,0.0785
-0.2113,0.20782,0.087591
-0.17712,0.19411,0.095988
-0.14544,0.1821,0.10377
-0.11614,0.17172,0.11099
-0.089098,0.16288,0.1177
-0.064209,0.15555,0.12393
-0.063895,0.16035,0.10697
-0.063514,0.16534,0.091766
-0.063067,0.17049,0.07803
-0.062553,0.17582,0.065585
-0.061972,0.1813,0.054291
-0.061325,0.18695,0.044057
-0.060613,0.19276,0.034816
-0.059839,0.19872,0.026522
-0.059003,0.20484,0.019149
-0.058107,0.21112,0.012677
-0.073169,0.1858,0.013313
-0.086611,0.16324,0.014356
-0.098443,0.14341,0.015724
-0.10868,0.12631,0.017363
-0.11732,0.11192,0.019238
-0.12439,0.10023,0.021322
-0.12988,0.091208,0.023596
-0.13382,0.084859,0.026042
-0.1362,0.081169,0.028645
-0.13704,0.080119,0.031391
-0.14345,0.084051,0.050359
-0.15008,0.088339,0.072866
-0.15691,0.092996,0.098729
-0.16396,0.098022,0.12779
-0.1712,0.10342,0.1599
-0.17865,0.10917,0.19494
-0.18628,0.11529,0.23279
-0.1941,0.12177,0.27337
-0.20208,0.1286,0.31658
-0.21022,0.13578,0.36238
-0.20618,0.13185,0.26263
-0.20304,0.12859,0.1845
-0.20061,0.12587,0.12313
-0.19876,0.1236,0.075578
-0.1974,0.12172,0.039893
-0.19646,0.12019,0.014769
-0.19587,0.11898,-0.00071545
-0.19559,0.11804,-0.0072256
-0.19546,0.11727,-0.0096572
-0.19516,0.11643,-0.019594
-0.18196,0.10911,-0.011381
-0.16903,0.10198,-0.0070337
-0.15641,0.095092,-0.0056556
-0.14422,0.088518,-0.0030852
-0.13248,0.082292,0.0018835
-0.12121,0.076416,0.0090408
-0.11041,0.070892,0.018242
-0.10007,0.065722,0.02938
-0.090194,0.060908,0.042379
-0.080794,0.056451,0.057179
-0.098168,0.065071,0.042167
-0.11721,0.074832,0.029315
-0.13795,0.085749,0.018497
-0.16043,0.097834,0.0096171
-0.18467,0.1111,0.0025961
-0.21072,0.12554,-0.0026353
-0.23859,0.14117,-0.006138
-0.26831,0.15799,-0.0079675
-0.29987,0.17597,-0.0093431
-0.33325,0.1951,-0.012296
-0.30724,0.1806,-0.0086666
-0.28194,0.16668,-0.0062697
-0.25747,0.15342,-0.00058868
-0.23389,0.1408,0.0079071
-0.21122,0.12884,0.018889
-0.18949,0.11755,0.032139
-0.16875,0.10693,0.047505
-0.14901,0.096992,0.06488
-0.13031,0.087752,0.084181
-0.11268,0.079217,0.10535
-0.13036,0.090173,0.096882
-0.14935,0.10188,0.088383
-0.16967,0.11434,0.079908
-0.19131,0.12755,0.071525
-0.21428,0.14151,0.063289
-0.23856,0.15622,0.055261
-0.26418,0.17168,0.047494
-0.29111,0.18789,0.040041
-0.31937,0.20485,0.03295
-0.34896,0.22257,0.026267
-0.3315,0.20533,0.014826
-0.31428,0.18994,0.007279
-0.29724,0.17629,0.0023355
-0.28037,0.16426,-0.00077362
-0.26363,0.15377,-0.0025259
-0.24761,0.14376,-0.0032353
-0.23285,0.13316,-0.0031505
-0.21931,0.12198,-0.0033436
-0.20692,0.11024,-0.004172
-0.19565,0.09795,-0.0055552
-0.21177,0.1069,-0.0041945
-0.22853,0.11625,-0.0032485
-0.24593,0.12599,-0.0027234
-0.26396,0.13613,-0.0026206
-0.28264,0.14666,-0.0024163
-0.30196,0.15759,-0.0017567
-0.32192,0.16892,-0.00063346
-0.34252,0.18063,0.00096173
-0.36376,0.19274,0.0030394
-0.38564,0.20524,0.0056094
-0.37871,0.19655,0.00075198
-0.37198,0.18745,-0.0018442
-0.36546,0.17795,-0.0024201
-0.35915,0.16806,-0.0034998
-0.35305,0.15778,-0.0063987
-0.34718,0.14711,-0.011025
-0.34156,0.13606,-0.017295
-0.33619,0.12463,-0.025143
-0.33108,0.11283,-0.034505
-0.32625,0.10067,-0.045331
-0.3455,0.11771,-0.016927
-0.36558,0.13505,-0.0037143
-0.38649,0.15271,-0.00092926
-0.4083,0.1707,0.0084235
-0.43102,0.18903,0.026913
-0.45463,0.20769,0.053623
-0.47912,0.22667,0.087886
-0.5045,0.24599,0.12919
-0.53076,0.26563,0.17712
-0.5579,0.28559,0.23136
-0.54823,0.27801,0.21302
-0.53842,0.27039,0.19867
-0.52847,0.26274,0.18673
-0.5184,0.25507,0.17631
-0.50823,0.2474,0.16684
-0.49797,0.23973,0.15803
-0.48762,0.23207,0.14966
-0.4772,0.22443,0.14164
-0.46672,0.21682,0.13387
-0.45619,0.20924,0.12633
-0.44745,0.22354,0.13805
-0.44054,0.23472,0.14727
-0.43539,0.24289,0.15455
-0.43196,0.24812,0.16028
-0.4302,0.2505,0.16474
-0.4295,0.25104,0.16816
-0.42746,0.25385,0.17068
-0.42384,0.25935,0.1724
-0.41865,0.2675,0.17341
-0.41189,0.27828,0.17375
-0.42816,0.28416,0.13337
-0.44476,0.29044,0.10334
-0.46166,0.2971,0.080156
-0.47884,0.30411,0.061735
-0.49628,0.31147,0.046777
-0.51398,0.31916,0.034436
-0.53192,0.32718,0.02416
-0.55012,0.33552,0.015559
-0.56855,0.34417,0.0083664
-0.58723,0.35314,0.0023744
-0.5536,0.33368,-0.002202
-0.5218,0.31528,-0.0059705
-0.49171,0.29785,-0.0084655
-0.4632,0.28132,-0.0094447
-0.43617,0.26564,-0.0096984
-0.41047,0.25073,-0.011529
-0.38602,0.23653,-0.015062
-0.36271,0.22299,-0.020294
-0.34049,0.21007,-0.027207
-0.31928,0.19774,-0.035787
-0.32162,0.19842,-0.017242
-0.32367,0.19899,-0.0092571
-0.32552,0.1995,-0.0074729
-0.32743,0.20005,0.00036328
-0.32944,0.20067,0.014973
-0.33154,0.20135,0.035755
-0.33374,0.20209,0.062263
-0.33604,0.2029,0.094141
-0.33845,0.20377,0.1311
-0.34096,0.2047,0.1729
-0.34258,0.20099,0.1679
-0.34302,0.19959,0.16865
-0.34343,0.19848,0.17353
-0.34517,0.19523,0.18159
-0.34823,0.18986,0.19221
-0.35259,0.18237,0.20501
-0.35824,0.17276,0.21968
-0.36516,0.16104,0.23607
-0.37335,0.14719,0.25403
-0.38282,0.13122,0.27349
-0.38688,0.13556,0.24172
-0.39119,0.14003,0.21029
-0.39577,0.14465,0.17995
-0.40065,0.14942,0.15121
-0.40581,0.15435,0.12437
-0.41128,0.15942,0.099618
-0.41703,0.16465,0.077073
-0.42309,0.17003,0.056793
-0.42943,0.17556,0.038816
-0.43606,0.18123,0.023149
-0.39673,0.16054,0.0054672
-0.36035,0.14128,-0.0055189
-0.32668,0.12334,-0.011321
-0.29553,0.10665,-0.012876
-0.26667,0.091089,-0.0127
-0.23978,0.076511,-0.015621
-0.21476,0.062863,-0.021568
-0.19149,0.050101,-0.030308
-0.16988,0.038188,-0.041658
-0.14986,0.027088,-0.05548
-0.15135,0.027789,-0.043077
-0.15275,0.028471,-0.032934
-0.15407,0.029137,-0.02474
-0.15533,0.029789,-0.018272
-0.15653,0.030427,-0.013366
-0.15767,0.031052,-0.0099064
-0.15875,0.031663,-0.0078051
-0.15979,0.032261,-0.006994
-0.1608,0.032863,-0.0065918
-0.16187,0.033502,-0.0050186
-0.16545,0.030201,-0.0024239
-0.16915,0.026741,0.0010345
-0.17297,0.023121,0.0052315
-0.1769,0.019339,0.010072
-0.18093,0.015394,0.015483
-0.18506,0.011283,0.021407
-0.18929,0.007006,0.027801
-0.19362,0.0025609,0.034629
-0.19804,-0.0020528,0.041862
-0.20255,-0.0068366,0.049476
-0.20535,0.004807,0.022337
-0.20881,0.016382,0.00459
-0.21287,0.027873,-0.005298
-0.21749,0.039268,-0.0083771
-0.22242,0.050432,-0.012031
-0.2275,0.061277,-0.021288
-0.23277,0.071824,-0.035778
-0.23823,0.082088,-0.055221
-0.24393,0.09208,-0.079401
-0.24987,0.10181,-0.10815
-0.25309,0.095591,-0.093772
-0.25652,0.088748,-0.080602
-0.26016,0.081285,-0.068552
-0.26403,0.073204,-0.057584
-0.26813,0.064504,-0.047674
-0.27246,0.055189,-0.038816
-0.27704,0.045261,-0.031014
-0.28188,0.034722,-0.024279
-0.28696,0.023574,-0.01863
-0.2923,0.011822,-0.014085
-0.28141,0.044039,-0.0091833
-0.27314,0.072313,-0.0080053
-0.26753,0.096746,-0.0063376
-0.26458,0.11739,-0.0023565
-0.26421,0.13424,0.0035959
-0.26638,0.14731,0.011302
-0.27104,0.15658,0.020612
-0.27802,0.16228,0.031429
-0.28413,0.16979,0.043675
-0.28806,0.18128,0.057297
-0.26864,0.16538,0.021016
-0.2507,0.15125,0.0016426
-0.2339,0.13874,-0.0055205
-0.21791,0.12772,-0.0073905
-0.20234,0.11801,-0.016257
-0.18748,0.10889,-0.031769
-0.17381,0.099385,-0.053136
-0.16128,0.089424,-0.079797
-0.14984,0.078978,-0.11133
-0.13944,0.06802,-0.14741
-0.1562,0.076764,-0.10025
-0.17345,0.085734,-0.066386
-0.19131,0.095025,-0.042131
-0.20988,0.10471,-0.025145
-0.22926,0.11483,-0.013833
-0.24948,0.12544,-0.0070509
-0.27059,0.13657,-0.0039473
-0.29263,0.14823,-0.0033061
-0.31564,0.16047,-0.00094486
-0.33964,0.17328,0.0035641
-0.33752,0.17063,0.0012212
-0.33537,0.16795,-0.00019046
-0.33319,0.16524,-0.0010265
-0.33099,0.16249,-0.0014949
-0.32876,0.15971,-0.0017199
-0.3265,0.15689,-0.0017759
-0.32422,0.15405,-0.0017066
-0.32191,0.15118,-0.0015384
-0.31959,0.14829,-0.0013743
-0.31723,0.14537,-0.0013152
-0.30949,0.15204,-0.00097912
-0.30271,0.15734,-0.00074142
-0.29686,0.16131,-0.0004417
-0.29189,0.16398,8.0877E-05
-0.28779,0.16538,0.00087895
-0.28452,0.16553,0.00199
-0.282,0.16455,0.0034451
-0.27919,0.16422,0.0052693
-0.2757,0.16516,0.0074845
-0.27155,0.16735,0.010099
-0.27996,0.17708,0.0078019
-0.28808,0.18769,0.0057169
-0.29592,0.19918,0.0039198
-0.30347,0.21156,0.0024666
-0.31073,0.22482,0.0014057
-0.31768,0.23898,0.00077192
-0.32433,0.25402,0.00059716
-0.33066,0.26996,0.0003912
-0.33665,0.28679,-0.00032148
-0.34232,0.30453,-0.0015689
-0.36702,0.2913,-0.001107
-0.3902,0.28154,-0.00070305
-0.41188,0.27515,-0.00039206
-0.43208,0.27208,-0.00020616
-0.4508,0.27227,-0.00016142
-0.46805,0.27567,-0.00026671
-0.48384,0.28227,-0.00030114
-0.49942,0.28986,-0.00017759
-0.51698,0.2947,8.5589E-05
-0.53654,0.29671,0.00048384
-0.50165,0.28261,0.00069414
-0.46875,0.26811,0.0008525
-0.43777,0.25323,0.00097702
-0.40863,0.23796,0.0010755
-0.38124,0.22241,0.0011598
-0.35471,0.20797,0.0012431
-0.32871,0.19515,0.0013353
-0.30321,0.18392,0.0014379
-0.2782,0.17422,0.0015541
-0.25367,0.16601,0.0016838
-0.25493,0.16015,-0.0012679
-0.25552,0.15541,-0.0020443
-0.25545,0.15179,-0.0032059
-0.25472,0.14926,-0.0054407
-0.25333,0.14781,-0.0084504
-0.25198,0.14627,-0.012042
-0.25122,0.14366,-0.016079
-0.25106,0.13999,-0.020464
-0.25149,0.13527,-0.025119
-0.2525,0.12949,-0.029989
-0.26121,0.14244,-0.027578
-0.27115,0.15384,-0.025684
-0.28232,0.1637,-0.024172
-0.29473,0.17202,-0.022947
-0.30736,0.18054,-0.021933
-0.31926,0.19091,-0.021072
-0.33043,0.20314,-0.020328
-0.34085,0.21724,-0.019676
-0.35053,0.23322,-0.019097
-0.35944,0.25109,-0.018577
-0.37724,0.25548,-0.022583
-0.39492,0.26028,-0.027158
-0.41246,0.26547,-0.032297
-0.42988,0.27105,-0.037994
-0.44714,0.27702,-0.044236
-0.46425,0.28337,-0.05101
-0.48119,0.29009,-0.058303
-0.49796,0.29718,-0.066102
-0.51454,0.30462,-0.074392
-0.53091,0.31242,-0.083163
-0.52754,0.3104,-0.074333
-0.52404,0.30832,-0.066843
-0.52044,0.30618,-0.06034
-0.51675,0.30398,-0.05461
-0.51296,0.30174,-0.049505
-0.50908,0.29944,-0.044931
-0.50513,0.29709,-0.04082
-0.50109,0.2947,-0.037126
-0.49697,0.29226,-0.033813
-0.49279,0.28978,-0.030855
-0.50658,0.30368,-0.029486
-0.51904,0.32033,-0.029247
-0.53018,0.33974,-0.029779
-0.53998,0.36191,-0.030886
-0.54844,0.38684,-0.032462
-0.55555,0.41454,-0.034456
-0.5613,0.44502,-0.036845
-0.56568,0.47827,-0.039631
-0.56867,0.51432,-0.04283
-0.57026,0.55315,-0.046468
-0.57793,0.54935,-0.045439
-0.58576,0.54565,-0.042127
-0.59368,0.54202,-0.038036
-0.60166,0.53846,-0.034205
-0.60967,0.53496,-0.031307
-0.61768,0.53151,-0.029789
-0.62568,0.52812,-0.029845
-0.63372,0.52484,-0.029074
-0.64184,0.5217,-0.02626
-0.65003,0.51872,-0.021267
-0.65464,0.52508,-0.023281
-0.65949,0.53171,-0.02625
-0.66459,0.53861,-0.029483
-0.66995,0.5458,-0.032507
-0.67558,0.55327,-0.035006
-0.68146,0.56102,-0.036771
-0.68758,0.56905,-0.037962
-0.6939,0.57732,-0.04002
-0.70038,0.58582,-0.043213
-0.70701,0.59453,-0.047618
-0.7046,0.57958,-0.048284
-0.70228,0.56539,-0.048312
-0.70004,0.55192,-0.047958
-0.69784,0.53912,-0.047401
-0.69568,0.52697,-0.046746
-0.69354,0.51543,-0.046065
-0.69142,0.50447,-0.045399
-0.68929,0.49407,-0.044782
-0.68716,0.48419,-0.044231
-0.68502,0.47481,-0.043766
-0.65473,0.4626,-0.04186
-0.62542,0.45094,-0.040351
-0.59705,0.43977,-0.039133
-0.56958,0.42907,-0.038085
-0.54298,0.41883,-0.036896
-0.51722,0.409,-0.035542
-0.49226,0.39957,-0.034031
-0.46807,0.3905,-0.032369
-0.44463,0.38179,-0.030559
-0.4219,0.37341,-0.028602
-0.45484,0.40822,-0.032809
-0.48899,0.44472,-0.036749
-0.52429,0.48286,-0.040587
-0.56066,0.5226,-0.044411
-0.59803,0.56391,-0.048272
-0.63633,0.60674,-0.052195
-0.67548,0.65104,-0.056189
-0.7154,0.69678,-0.060258
-0.75602,0.7439,-0.064395
-0.79726,0.79235,-0.068596
-0.77245,0.72655,-0.064217
-0.74795,0.66627,-0.060878
-0.72367,0.61112,-0.058216
-0.69954,0.56076,-0.055913
-0.67549,0.51488,-0.053735
-0.65149,0.4732,-0.05152
-0.62747,0.43548,-0.049142
-0.6034,0.40146,-0.046939
-0.5792,0.37093,-0.045314
-0.55486,0.3437,-0.044326
0,0,0
0,0,0
0,0,0
0,0,0
0,0,0
0,0,0
0,0,0
0,0,0
0,0,0
