0.0031778,-0.00031957,0.011324
0.0047016,-0.00076432,0.013253
0.006492,-0.0018008,0.015156
0.0085525,-0.0034856,0.017036
0.010886,-0.0058786,0.018852
0.013494,-0.0090398,0.020632
0.016379,-0.013029,0.022366
0.019544,-0.017903,0.024101
0.022989,-0.023718,0.025839
0.026716,-0.03053,0.027636
0.030728,-0.038388,0.0295
0.030544,-0.030762,0.019395
0.030013,-0.024123,0.011496
0.02916,-0.018427,0.0057312
0.028016,-0.013633,0.0020021
0.026614,-0.0097019,0.00023877
0.025,-0.0065984,-0.00022519
0.023232,-0.0042848,-0.0021633
0.021369,-0.0027356,-0.0058835
0.019472,-0.0019352,-0.01134
0.017637,-0.0014933,-0.018522
0.022381,-0.0014256,-0.026459
0.027598,-0.001064,-0.035621
0.033267,-0.00038634,-0.045946
0.039369,0.00062772,-0.057443
0.045886,0.0019969,-0.070089
0.052803,0.0037387,-0.083933
0.060108,0.0058691,-0.098975
0.06779,0.0084031,-0.11529
0.07584,0.011354,-0.13289
0.084248,0.014735,-0.15185
0.084477,0.0073131,-0.13879
0.084739,0.0014379,-0.12667
0.085041,-0.0029545,-0.11531
0.085388,-0.0059188,-0.10468
0.08579,-0.0075023,-0.094665
0.086233,-0.0079572,-0.085246
0.086536,-0.0092427,-0.076376
0.086665,-0.011809,-0.068059
0.086639,-0.015642,-0.060249
0.086471,-0.020735,-0.052952
0.095691,-0.01709,-0.047302
0.10524,-0.014541,-0.042356
0.11512,-0.013081,-0.037964
0.12532,-0.012711,-0.034042
0.13586,-0.013418,-0.030499
0.14685,-0.013916,-0.027272
0.15839,-0.013392,-0.02429
0.17048,-0.01183,-0.021525
0.18311,-0.0092181,-0.018933
0.19629,-0.0055394,-0.016499
0.17638,0.000777,-0.01861
0.15773,0.007423,-0.020281
0.14032,0.01438,-0.021571
0.12414,0.021633,-0.02255
0.10915,0.02917,-0.023262
0.095339,0.03698,-0.023755
0.082691,0.045058,-0.024055
0.071189,0.0534,-0.024196
0.060816,0.062005,-0.024191
0.051562,0.070876,-0.024064
0.045836,0.053104,-0.021372
0.040745,0.038273,-0.018432
0.03624,0.026135,-0.015396
0.032275,0.016461,-0.012395
0.028808,0.0090337,-0.0095305
0.025795,0.0036552,-0.0068948
0.023196,0.00014267,-0.0045615
0.02097,-0.0016653,-0.0026012
0.019069,-0.0019933,-0.0010733
0.017245,-0.002943,-8.7989e-05
0.017471,-0.0022148,0.00029632
0.017663,-0.0018811,0.00048355
0.017835,-0.0017964,0.0005364
0.018041,-0.001378,0.00066815
0.018289,-0.0005637,0.00091845
0.018579,0.00064943,0.0012809
0.018911,0.0022653,0.0017549
0.019288,0.0042888,0.0023412
0.019709,0.0067252,0.0030427
0.020175,0.0095804,0.0038604
0.030361,0.0085757,0.0058202
0.042808,0.007312,0.0082364
0.057556,0.0057848,0.011119
0.07464,0.0039898,0.014478
0.094095,0.0019232,0.018326
0.11595,-0.00041888,0.022675
0.14023,-0.0030401,0.027544
0.16697,-0.005944,0.032947
0.19619,-0.009134,0.038905
0.22791,-0.012613,0.045434
0.20579,-0.012938,0.053068
0.18472,-0.01315,0.060572
0.16471,-0.013255,0.067904
0.14578,-0.013259,0.075046
0.12791,-0.013169,0.081992
0.11112,-0.012991,0.088746
0.095407,-0.012732,0.095312
0.080779,-0.012398,0.1017
0.067239,-0.011995,0.10791
0.054789,-0.011527,0.11397
0.049688,-0.010861,0.11622
0.044836,-0.010024,0.11771
0.040236,-0.0090066,0.11851
0.035887,-0.0078011,0.1187
0.031791,-0.0063985,0.11832
0.027949,-0.0047908,0.11744
0.024362,-0.0029697,0.11612
0.021031,-0.00092805,0.1144
0.017958,0.0013415,0.11234
0.015143,0.0038449,0.10997
0.024876,-0.0015194,0.10336
0.036609,-0.0060453,0.09843
0.050385,-0.0096974,0.094669
0.066235,-0.012477,0.091785
0.084175,-0.014502,0.089607
0.10408,-0.017254,0.08797
0.12592,-0.021207,0.086816
0.14972,-0.026309,0.086157
0.1755,-0.032511,0.086001
0.20328,-0.039768,0.086366
0.19406,-0.032939,0.072103
0.18507,-0.027256,0.058314
0.17626,-0.022733,0.045572
0.1676,-0.019374,0.034293
0.15904,-0.01718,0.02476
0.15066,-0.015307,0.017244
0.14253,-0.012634,0.011976
0.13462,-0.0091813,0.0090644
0.12695,-0.0049463,0.0082574
0.11973,0.00032048,0.0060762
0.12331,-0.0004462,0.0080157
0.12703,-0.0011306,0.0088571
0.13082,-0.0018148,0.0097235
0.13459,-0.0025943,0.01185
0.13835,-0.0034755,0.015298
0.14209,-0.0044649,0.020113
0.14582,-0.0055681,0.026341
0.14954,-0.0067908,0.034017
0.15325,-0.0081385,0.043175
0.15696,-0.0096163,0.053848
0.1606,-0.0084428,0.059051
0.1643,-0.007057,0.06392
0.16806,-0.0054574,0.068449
0.17188,-0.0036438,0.072653
0.17577,-0.0016164,0.076544
0.17971,0.0006236,0.080149
0.18371,0.0030747,0.083486
0.18777,0.0057355,0.086585
0.19188,0.0086041,0.089461
0.19605,0.011679,0.092141
0.18231,0.018325,0.10181
0.16923,0.02538,0.11186
0.15675,0.03285,0.12227
0.14484,0.040741,0.13304
0.13348,0.049059,0.14416
0.12265,0.05782,0.15563
0.1123,0.067029,0.16742
0.10244,0.076696,0.17954
0.093046,0.086824,0.19195
0.084105,0.097415,0.20466
0.070861,0.09168,0.12852
0.058516,0.085766,0.07535
0.047227,0.079833,0.039664
0.037042,0.073909,0.0181
0.027952,0.067955,0.008453
0.020191,0.062313,0.0046074
0.014434,0.058056,-0.0074123
0.010578,0.054991,-0.027992
0.0085112,0.052889,-0.056867
0.0081763,0.051575,-0.093971
0.0091918,0.053317,-0.084614
0.011179,0.055109,-0.075803
0.014138,0.056972,-0.067486
0.018075,0.058928,-0.059636
0.023005,0.061,-0.052222
0.028947,0.06321,-0.045229
0.035928,0.065581,-0.038638
0.043975,0.068132,-0.032442
0.053121,0.070884,-0.026629
0.063399,0.073853,-0.021195
0.059743,0.07994,-0.015679
0.056241,0.086359,-0.011049
0.052881,0.093094,-0.0071331
0.049654,0.10013,-0.0038068
0.046551,0.10746,-0.00096924
0.043567,0.11507,0.0014517
0.040698,0.12295,0.0035173
0.037939,0.1311,0.0052704
0.035287,0.13952,0.0067503
0.032741,0.1482,0.0079821
0.0284,0.11879,0.0030517
0.024563,0.093248,-0.0019506
0.021178,0.071324,-0.0068723
0.0182,0.052787,-0.011636
0.015587,0.037424,-0.016191
0.013301,0.025034,-0.020522
0.011306,0.015431,-0.024617
0.0095657,0.0084409,-0.02849
0.0080456,0.0039105,-0.03216
0.0067119,0.0017176,-0.035678
0.00787,0.0014786,-0.02154
0.0092554,0.0016843,-0.011466
0.010835,0.0022845,-0.0047354
0.012571,0.0032367,-0.00094199
0.014427,0.0045003,0.00012304
0.016378,0.0059416,0.001893
0.018425,0.0074936,0.006578
0.02057,0.0091604,0.014336
0.022821,0.010951,0.025318
0.025189,0.012879,0.039618
0.024596,0.009483,0.030448
0.024053,0.0066266,0.02309
0.023558,0.0042982,0.01718
0.023106,0.0024855,0.012431
0.022692,0.0011761,0.0086389
0.022311,0.00035929,0.0056387
0.021957,2.6816e-05,0.0033118
0.021624,-0.00010854,0.001563
0.021306,-0.00070746,0.00033538
0.021,-0.0017936,-0.0004148
0.014341,-0.0016125,0.00073939
0.0090087,-0.0014667,0.0023062
0.0049815,-0.001346,0.0041215
0.0022389,-0.001241,0.0060673
0.00076328,-0.0011394,0.0080943
0.00048351,-0.0010235,0.010233
-0.00027025,-0.00088368,0.012681
-0.0022496,-0.00070766,0.015614
-0.005469,-0.0004832,0.01915
-0.0099461,-0.00020339,0.023362
-0.0054202,-0.0011619,0.020888
-0.0020736,-0.0024889,0.018665
8.2913e-05,-0.0042125,0.016688
0.0010422,-0.0063368,0.014945
0.0013457,-0.0088287,0.013396
0.0027276,-0.011614,0.011909
0.0053047,-0.014631,0.010463
0.0090593,-0.017825,0.0090472
0.013974,-0.021149,0.0076579
0.020032,-0.024564,0.00629
0.01685,-0.014706,0.0083497
0.014071,-0.007042,0.011265
0.011713,-0.0015799,0.015118
0.0097925,0.0016716,0.019963
0.0083124,0.0029526,0.025784
0.0071737,0.0056209,0.032194
0.006335,0.010725,0.038978
0.0057876,0.018234,0.046047
0.0055257,0.028113,0.05333
0.0055459,0.040335,0.060799
0.0042664,0.042589,0.04651
0.0031184,0.045135,0.03371
0.002115,0.047995,0.022447
0.00127,0.051189,0.012774
0.00059733,0.054738,0.0047215
0.00011141,0.058661,-0.0016767
-0.00017366,0.062976,-0.006402
-0.00024342,0.067701,-0.0094321
-0.0001042,0.072827,-0.010933
-3.0167e-05,0.07798,-0.013447
-0.0014641,0.075189,-0.011946
-0.0025006,0.072216,-0.011111
-0.0030954,0.069142,-0.010562
-0.003161,0.06611,-0.0095445
-0.0031766,0.063132,-0.0080168
-0.0036027,0.060209,-0.0059606
-0.0044455,0.05736,-0.0034122
-0.0057093,0.054601,-0.00039364
-0.0073989,0.051948,0.0030664
-0.0095172,0.049414,0.0069545
-0.0066747,0.04849,0.0010668
-0.0046208,0.047882,-0.0032421
-0.003345,0.047541,-0.0061713
-0.0028396,0.047425,-0.0078484
-0.0027096,0.047514,-0.0084197
-0.0018021,0.047642,-0.0090999
-0.0001108,0.047632,-0.010799
0.0023852,0.047476,-0.01348
0.0057123,0.047168,-0.017125
0.0099019,0.046706,-0.021716
0.012008,0.046018,-0.015682
0.013944,0.044891,-0.011778
0.015745,0.043401,-0.0097454
0.017468,0.041659,-0.0091124
0.019348,0.040117,-0.0075106
0.021424,0.038862,-0.0045212
0.023684,0.037888,-0.00024615
0.026118,0.037184,0.0052364
0.028718,0.036742,0.011856
0.031477,0.036553,0.01956
0.034497,0.0329,0.038406
0.037744,0.030703,0.060872
0.041186,0.0299,0.086799
0.044793,0.030441,0.11607
0.048537,0.032284,0.14855
0.052382,0.035388,0.18411
0.056295,0.039713,0.22258
0.060239,0.045215,0.2638
0.06423,0.051252,0.30766
0.068344,0.056545,0.35418
0.056982,0.04278,0.26945
0.047631,0.032227,0.20366
0.039818,0.024008,0.15167
0.033237,0.017568,0.11029
0.027675,0.012538,0.077431
0.022976,0.0086544,0.051633
0.019016,0.0057209,0.031857
0.015696,0.0035846,0.017312
0.012932,0.0021225,0.0073853
0.01065,0.001232,0.0015861
0.01342,0.0016565,0.0033411
0.016487,0.0021072,0.0056068
0.019839,0.002568,0.0083567
0.023468,0.0030241,0.011567
0.027368,0.0034622,0.015224
0.031532,0.0038696,0.019314
0.035953,0.0042354,0.023835
0.040628,0.0045484,0.028778
0.04555,0.0047995,0.034148
0.050718,0.0049786,0.039939
0.052627,0.0069396,0.036326
0.054708,0.0081531,0.032761
0.056964,0.0086201,0.029298
0.059332,0.0088938,0.025926
0.061697,0.0099926,0.022619
0.064049,0.011944,0.01941
0.066383,0.014754,0.016339
0.068695,0.018429,0.013435
0.070977,0.022973,0.010733
0.073225,0.028391,0.0082567
0.067148,0.022897,0.01908
0.061349,0.018312,0.033046
0.055762,0.014569,0.049986
0.050332,0.011608,0.069773
0.045009,0.0093746,0.092328
0.039751,0.0078198,0.11757
0.034532,0.0068788,0.14545
0.029458,0.0054998,0.17589
0.02459,0.0030977,0.20882
0.019927,-0.000358,0.24414
0.021278,-0.0011236,0.16807
0.022125,-0.0013341,0.11012
0.022473,-0.0011954,0.066776
0.022337,-0.00086828,0.035643
0.021739,-0.00048338,0.015013
0.020724,-0.00015099,0.003634
0.019359,3.5674e-05,0.00049633
0.01801,0.00029666,-0.0043269
0.016982,0.00087463,-0.016774
0.016394,0.0018715,-0.036965
0.019699,0.00069009,-0.036561
0.023423,-0.0010432,-0.036225
0.027584,-0.0033255,-0.035965
0.0322,-0.0061539,-0.035796
0.03729,-0.009525,-0.03573
0.042868,-0.013435,-0.035782
0.048952,-0.017881,-0.035966
0.055557,-0.022857,-0.036292
0.062698,-0.028358,-0.036772
0.07039,-0.034381,-0.037413
0.067366,-0.034473,-0.017144
0.064754,-0.033889,-0.0049494
0.062522,-0.032603,-0.0006096
0.060397,-0.031205,0.0027185
0.058047,-0.030534,0.013623
0.055468,-0.030674,0.03204
0.052656,-0.031696,0.05788
0.049616,-0.033656,0.091069
0.046353,-0.036592,0.13152
0.042881,-0.040514,0.17916
0.037779,-0.036421,0.11768
0.033006,-0.034045,0.072132
0.028617,-0.033117,0.03917
0.024635,-0.033444,0.016562
0.021065,-0.034874,0.002752
0.0179,-0.037276,-0.0033128
0.015227,-0.040154,-0.00575
0.013288,-0.042379,-0.014242
0.012056,-0.043853,-0.029198
0.011506,-0.044537,-0.050574
0.012017,-0.039047,-0.070929
0.012676,-0.033297,-0.095164
0.013472,-0.027309,-0.12328
0.014391,-0.021105,-0.15528
0.015421,-0.014704,-0.19116
0.016548,-0.0081337,-0.23091
0.01776,-0.0014134,-0.27452
0.019041,0.0054281,-0.32197
0.02038,0.012368,-0.37325
0.021762,0.019374,-0.42835
0.019457,0.01829,-0.36429
0.017546,0.017778,-0.31332
0.015941,0.017465,-0.27157
0.014587,0.017118,-0.23665
0.013449,0.016592,-0.20694
0.0125,0.015784,-0.18135
0.011726,0.014629,-0.15906
0.011114,0.013077,-0.1395
0.010551,0.011643,-0.12218
0.0098752,0.011083,-0.10669
0.010675,0.0096783,-0.082843
0.011602,0.0087093,-0.062324
0.012645,0.0081477,-0.044949
0.013792,0.0079646,-0.030557
0.015034,0.0081323,-0.019011
0.01636,0.0086215,-0.010199
0.017759,0.0094019,-0.0040355
0.01922,0.010441,-0.00046199
0.020731,0.011705,0.00058349
0.02229,0.013014,0.0021302
0.025506,0.013403,0.0030969
0.028855,0.013865,0.004315
0.032327,0.0144,0.0057852
0.035915,0.015005,0.007508
0.03961,0.01568,0.0094846
0.043407,0.016424,0.011715
0.047299,0.017238,0.014202
0.05128,0.018119,0.016945
0.055346,0.019069,0.019945
0.059493,0.020088,0.023204
0.048087,0.015755,0.025409
0.037993,0.012032,0.027721
0.029176,0.0088909,0.030116
0.021602,0.0063055,0.032573
0.015238,0.0042505,0.035073
0.010048,0.0027027,0.037602
0.0060024,0.0016414,0.040148
0.0030734,0.0010493,0.042707
0.0012884,0.00070392,0.045281
0.0006721,0.0004384,0.04788
0.00074849,0.00069155,0.055376
0.00078076,0.00096788,0.06341
0.00075002,0.0012622,0.071974
0.0006562,0.0015729,0.081063
0.00050036,0.0018969,0.090668
0.00028274,0.0022303,0.10078
4.7412e-06,0.0025681,0.1114
-0.00033321,0.0029043,0.12252
-0.00072939,0.0032325,0.13413
-0.0011833,0.0035445,0.14622
0.0010603,0.0053221,0.14644
0.0015422,0.0064268,0.14638
0.0025647,0.0074311,0.14602
0.0054449,0.0086644,0.14541
0.010192,0.01014,0.14455
0.016797,0.011969,0.14347
0.025237,0.014401,0.14217
0.035545,0.017472,0.14065
0.04776,0.021225,0.13889
0.061925,0.025702,0.13691
0.059247,0.022194,0.11474
0.056468,0.01975,0.096301
0.053684,0.017906,0.080757
0.051224,0.015309,0.067578
0.049117,0.011818,0.056319
0.04737,0.0073809,0.046658
0.045992,0.0019622,0.038346
0.044983,-0.004459,0.0312
0.044347,-0.011887,0.025079
0.04408,-0.020316,0.019879
0.038806,-0.013294,0.02805
0.033927,-0.0073617,0.037563
0.029447,-0.0024394,0.048351
0.025369,0.001537,0.060373
0.0217,0.0046166,0.073594
0.018453,0.0068287,0.087993
0.015637,0.0081861,0.10355
0.013266,0.0086814,0.12024
0.011127,0.0091052,0.13801
0.0089366,0.010509,0.15679
0.0073671,0.011858,0.1598
0.0057012,0.013834,0.16329
0.0039336,0.01644,0.1672
0.0020598,0.019674,0.1715
7.5084e-05,0.023545,0.17615
-0.0020248,0.028052,0.18114
-0.0042443,0.033206,0.18644
-0.0065874,0.039013,0.19204
-0.0090579,0.045485,0.19794
-0.01166,0.052626,0.20414
-0.0098596,0.05272,0.17145
-0.0070209,0.053307,0.14169
-0.0031407,0.054375,0.11482
0.0017814,0.055911,0.090809
0.0077498,0.057902,0.069641
0.014766,0.060335,0.051289
0.022831,0.063197,0.035737
0.031946,0.066475,0.022972
0.042111,0.070158,0.012991
0.053326,0.074232,0.005793
0.047515,0.067797,0.0029159
0.042008,0.061717,0.0011144
0.036809,0.055975,0.00021079
0.031924,0.050559,4.4742e-05
0.027353,0.04546,-0.00033961
0.023101,0.040676,-0.0013323
0.019173,0.036199,-0.0028605
0.015572,0.032027,-0.0048645
0.012302,0.028153,-0.0072945
0.0093684,0.024572,-0.01011
0.0072835,0.024904,-0.003518
0.0053262,0.025397,-0.00022835
0.0034745,0.02602,0.00053981
0.0017215,0.026697,0.0031113
5.7799e-05,0.02739,0.0083761
-0.0015218,0.028076,0.016267
-0.0030167,0.028738,0.026749
-0.0044217,0.029365,0.039794
-0.0057277,0.029948,0.055376
-0.0069235,0.030486,0.073461
-0.0069534,0.026782,0.060525
-0.0067519,0.023501,0.048935
-0.0063539,0.020603,0.038639
-0.0057922,0.018049,0.029602
-0.005129,0.015795,0.021796
-0.0046424,0.013728,0.015201
-0.0043618,0.011816,0.0098035
-0.0042546,0.010049,0.0055932
-0.0042928,0.0084138,0.0025645
-0.004455,0.0068979,0.00071372
-0.0068315,0.011277,0.00034235
-0.0097176,0.016772,0.000155
-0.013113,0.023405,0.00012233
-0.017018,0.031196,5.1111e-05
-0.021433,0.040162,-0.00016277
-0.026358,0.050316,-0.00052077
-0.031794,0.061671,-0.0010281
-0.037742,0.074237,-0.0016948
-0.044203,0.088023,-0.0025316
-0.051178,0.10304,-0.0035534
-0.041762,0.088172,-0.0044972
-0.033485,0.074634,-0.0050073
-0.02633,0.062358,-0.0051046
-0.020277,0.051283,-0.0048502
-0.01531,0.041349,-0.0043205
-0.01141,0.032499,-0.0036001
-0.0085219,0.024689,-0.0027747
-0.0057446,0.018169,-0.0019308
-0.0027069,0.013008,-0.0011542
0.00060702,0.0091515,-0.00052891
0.0034954,0.008859,-4.2459e-05
0.0070544,0.008912,0.00036647
0.011317,0.0093327,0.0016864
0.016325,0.010141,0.0039771
0.022125,0.011358,0.0073045
0.028764,0.013003,0.011725
0.03629,0.015098,0.017273
0.044747,0.017661,0.023961
0.05418,0.020709,0.031771
0.064631,0.02426,0.040661
0.041085,0.015713,0.029989
0.022802,0.0090995,0.022234
0.0097903,0.0044443,0.016593
0.0020533,0.0017786,0.012518
-0.00042641,0.001131,0.0095874
-0.0034626,0.00036953,0.0073263
-0.011803,-0.0023402,0.0052322
-0.02542,-0.0070695,0.0032485
-0.044301,-0.013852,0.0015741
-0.068433,-0.022706,0.00042054
-0.055052,-0.019003,-3.4596e-05
-0.043134,-0.015441,-0.000726
-0.032679,-0.012078,-0.0025709
-0.023692,-0.0089617,-0.0055544
-0.016142,-0.0062279,-0.009657
-0.0099385,-0.0041843,-0.01486
-0.0050965,-0.0028434,-0.021151
-0.0016336,-0.0022058,-0.028531
0.00044669,-0.0022858,-0.037011
0.0012588,-0.0030674,-0.046613
0.00096176,-0.0019546,-0.041747
0.00081881,-0.0010523,-0.037255
0.00083189,-0.00035681,-0.033101
0.0010028,0.00013565,-0.029259
0.001333,0.00042812,-0.025704
0.0017423,0.00073128,-0.022418
0.0021381,0.0012827,-0.019384
0.0025193,0.0020825,-0.016589
0.0028837,0.0031307,-0.014023
0.0032282,0.0044277,-0.011677
0.0017509,0.0029205,-0.012528
0.00068684,0.0017485,-0.013377
5.4803e-05,0.00091012,-0.014224
-0.00013019,0.00040375,-0.015076
-0.00021439,8.5303e-05,-0.01594
-0.00084035,-0.00030629,-0.016829
-0.0020012,-0.00080714,-0.017751
-0.0036061,-0.0016065,-0.018713
-0.0056237,-0.0027367,-0.019718
-0.0080337,-0.0041997,-0.020769
-0.0057782,-0.0039721,-0.013998
-0.0037492,-0.0040454,-0.0085539
-0.001926,-0.0044274,-0.0044415
-0.00029022,-0.0051217,-0.0016657
0.0011712,-0.0061232,-0.00023152
0.0024621,-0.0074169,0.00010868
0.0035751,-0.0089847,0.0013585
0.0044963,-0.010804,0.0039499
0.0054686,-0.012748,0.0078809
0.0067603,-0.01468,0.013151
0.0042339,-0.0078793,0.0068477
0.0026027,-0.0032128,0.0027924
0.0017568,-0.00044744,0.00062062
0.0015903,0.00065142,1.8027e-07
0.0016189,0.0012786,-0.00069624
0.0010718,0.0033798,-0.0027472
-0.00012489,0.0072005,-0.0063851
-0.0020549,0.012962,-0.011828
-0.0048006,0.020871,-0.019235
-0.0084394,0.031121,-0.028709
-0.0071165,0.029133,-0.026901
-0.0058229,0.027207,-0.025108
-0.0045635,0.025343,-0.023334
-0.0033428,0.023542,-0.021585
-0.0021657,0.021807,-0.019867
-0.0010361,0.020137,-0.018185
4.1513e-05,0.018535,-0.016544
0.0010633,0.017002,-0.014952
0.0020255,0.01554,-0.013411
0.0029247,0.01415,-0.011928
0.0069949,0.013485,-0.016533
0.011548,0.013262,-0.021885
0.016593,0.013492,-0.027997
0.022135,0.014197,-0.03487
0.028178,0.015403,-0.042494
0.034723,0.017139,-0.050846
0.041771,0.019437,-0.059888
0.04932,0.022329,-0.069575
0.057371,0.025842,-0.079856
0.066107,0.029599,-0.090675
0.06237,0.028513,-0.071144
0.058417,0.028681,-0.05634
0.054054,0.030339,-0.044836
0.049262,0.033373,-0.035714
0.044008,0.037718,-0.028362
0.038252,0.043354,-0.022366
0.031944,0.050295,-0.017438
0.025031,0.058583,-0.013379
0.017457,0.068283,-0.010045
0.009166,0.079472,-0.0073328
-0.00080824,0.091437,-0.0088484
-0.011301,0.1049,-0.01058
-0.022328,0.11988,-0.012541
-0.033908,0.1364,-0.014749
-0.046054,0.15448,-0.01722
-0.058783,0.17414,-0.019973
-0.072109,0.19539,-0.023026
-0.086044,0.21823,-0.0264
-0.1006,0.24269,-0.030114
-0.11579,0.26875,-0.034192
-0.10083,0.24554,-0.035502
-0.086296,0.22428,-0.034463
-0.07217,0.20484,-0.03173
-0.058434,0.18712,-0.027892
-0.045069,0.17099,-0.023437
-0.032059,0.15637,-0.018768
-0.019385,0.14316,-0.014205
-0.0070283,0.13127,-0.010011
0.0050307,0.12064,-0.0063956
0.016813,0.11119,-0.0035322
0.014617,0.095058,-0.00074166
0.012649,0.08044,-4.3468e-05
0.010888,0.067277,0.0023401
0.0093156,0.055493,0.0063325
0.0079125,0.045018,0.011581
0.0066616,0.035788,0.017842
0.0055458,0.027743,0.024942
0.0045493,0.020831,0.032762
0.0036565,0.015003,0.041225
0.0028533,0.010216,0.050288
0.0025134,0.018143,0.029777
0.0016108,0.02861,0.014714
0.00017122,0.041543,0.0047478
-0.0017708,0.056854,-6.4145e-05
-0.0041786,0.074437,-0.0016597
-0.0070137,0.094144,-0.008036
-0.010248,0.1159,-0.020006
-0.01386,0.13964,-0.037479
-0.017832,0.16533,-0.060252
-0.022151,0.19292,-0.088044
-0.026571,0.1716,-0.07118
-0.029683,0.15156,-0.057827
-0.031603,0.13281,-0.046979
-0.032439,0.11538,-0.038006
-0.032293,0.099252,-0.030492
-0.03126,0.08444,-0.024159
-0.029434,0.070947,-0.018809
-0.026907,0.058772,-0.014305
-0.023766,0.047919,-0.010542
-0.0201,0.038387,-0.0074429
-0.019876,0.038551,-0.0074402
-0.019537,0.038786,-0.0074767
-0.019081,0.03909,-0.0075494
-0.018508,0.039462,-0.0076551
-0.017817,0.039901,-0.0077921
-0.017006,0.040405,-0.0079583
-0.016075,0.040975,-0.0081527
-0.015022,0.041608,-0.008374
-0.013846,0.042306,-0.0086217
-0.012546,0.043067,-0.0088948
-0.0099589,0.040444,-0.0030453
-0.0074223,0.038061,-0.00043267
-0.0049223,0.035894,0.00049771
-0.0024529,0.03394,0.0042775
-3.795e-06,0.03217,0.01119
0.0024323,0.030557,0.021225
0.0048587,0.029082,0.034376
0.0072752,0.027732,0.050644
0.0096787,0.026502,0.070031
0.012063,0.02539,0.092539
0.0076936,0.018284,0.069152
0.0044007,0.012416,0.049961
0.0020749,0.007745,0.034435
0.00060615,0.0042278,0.022181
-0.00011898,0.0018198,0.012884
-0.00022004,0.00047259,0.0062829
-0.00020115,-7.947e-05,0.0021361
-0.00093653,-0.00074387,0.00020328
-0.0020687,-0.0023204,-0.00031687
-0.0037112,-0.0049213,-0.0026032
-0.0043436,-0.0027699,-0.0017056
-0.0042182,-0.0020708,-0.0010377
-0.0049508,6.3013e-05,-0.000555
-0.0067919,0.0041129,-0.00023244
-0.009806,0.010202,-8.2014e-05
-0.014081,0.018468,-6.6377e-05
-0.019709,0.029041,0.00013058
-0.02678,0.042042,0.00057718
-0.035379,0.057582,0.0012942
-0.045587,0.075762,0.0022931
-0.043856,0.074542,0.00072705
-0.042675,0.072946,-0.00011799
-0.041431,0.07135,-0.00030832
-0.039626,0.070057,-0.00086582
-0.037275,0.069074,-0.0021423
-0.034388,0.068414,-0.004138
-0.030969,0.068088,-0.0068539
-0.027019,0.068113,-0.010291
-0.02253,0.068503,-0.014451
-0.017492,0.069277,-0.019335
-0.012827,0.06187,-0.012518
-0.008632,0.055206,-0.007464
-0.0048653,0.049217,-0.003882
-0.00149,0.04384,-0.001554
0.0015271,0.039019,-0.00031236
0.0042167,0.034705,6.9493e-06
0.006603,0.030856,0.00059852
0.0087099,0.027432,0.0019579
0.010561,0.024398,0.0040212
0.012175,0.021726,0.0067379
0.0075911,0.022419,0.0053802
0.0031073,0.023545,0.0041893
-0.0012792,0.025103,0.0031547
-0.005571,0.027092,0.0022693
-0.0097702,0.029511,0.0015279
-0.013878,0.032361,0.0009273
-0.017896,0.035642,0.00046554
-0.021824,0.039354,0.00014181
-0.025663,0.043499,-4.3855e-05
-0.029411,0.048077,-9.9154e-05
-0.025415,0.047425,-7.8902e-05
-0.018994,0.048359,-1.7289e-05
-0.010128,0.050955,0.00012223
0.0012651,0.055313,0.00035616
0.015311,0.061551,0.00069293
0.03217,0.069798,0.0011377
0.052021,0.080185,0.0016984
0.075055,0.092843,0.0023871
0.10146,0.1079,0.003224
0.13144,0.12548,0.0042339
0.11771,0.10409,0.0053735
0.10447,0.085468,0.006296
0.091705,0.069496,0.0070167
0.079393,0.05605,0.0075638
0.067524,0.045017,0.0079677
0.056081,0.036288,0.0082552
0.045581,0.028939,0.0084514
0.037155,0.021108,0.0085805
0.030767,0.012753,0.0086592
0.026351,0.0038814,0.008702
0.029297,0.010387,0.0050386
0.033223,0.016596,0.0023777
0.038149,0.022527,0.00072916
0.044105,0.028201,9.8926e-05
0.051123,0.033634,-0.00029192
0.059003,0.039197,-0.0016897
0.067145,0.045856,-0.0041167
0.075531,0.053685,-0.007578
0.084174,0.062706,-0.01208
0.093085,0.07294,-0.017629
0.086601,0.073596,-0.004255
0.079812,0.074827,6.3633e-05
0.072713,0.076664,0.0045701
0.065291,0.079144,0.017834
0.057551,0.082293,0.039771
0.04949,0.086136,0.070322
0.041103,0.090699,0.10944
0.032376,0.096005,0.15708
0.023297,0.10207,0.2132
0.013852,0.10892,0.27779
0.028707,0.1224,0.24196
0.045496,0.13731,0.209
0.064218,0.15365,0.17869
0.084875,0.17144,0.15094
0.10747,0.19069,0.12565
0.132,0.21143,0.10275
0.15848,0.23366,0.082188
0.18691,0.25741,0.063936
0.21729,0.28267,0.047963
0.24963,0.30947,0.034251
0.24008,0.29046,0.024678
0.23068,0.2723,0.017333
0.22145,0.25496,0.011668
0.21236,0.23841,0.0073324
0.20343,0.22262,0.0040972
0.19464,0.20756,0.0018021
0.186,0.19323,0.00033304
0.17751,0.17959,-0.0003965
0.16916,0.16663,-0.00055219
0.16095,0.15432,-0.0010911
0.15704,0.14443,-0.0004814
0.15321,0.13529,8.9804e-05
0.14941,0.12689,0.0017712
0.1456,0.11921,0.0045297
0.14175,0.11225,0.0083463
0.13782,0.10598,0.01321
0.13378,0.10041,0.019118
0.12959,0.095523,0.026068
0.12523,0.091299,0.034064
0.12067,0.087732,0.043109
0.11763,0.087325,0.017566
0.11305,0.088975,0.0030772
0.10698,0.092688,-0.00077157
0.099426,0.098406,-0.0084575
0.090394,0.10611,-0.027156
0.079877,0.11584,-0.056832
0.067858,0.1276,-0.097442
0.054311,0.14144,-0.14894
0.039209,0.15735,-0.21129
0.022519,0.17537,-0.28444
0.041009,0.17619,-0.23044
0.059908,0.17798,-0.18384
0.079223,0.18071,-0.14364
0.09896,0.18439,-0.10918
0.11912,0.18901,-0.079994
0.13971,0.19455,-0.055775
0.16073,0.20101,-0.036283
0.18217,0.20839,-0.02135
0.20403,0.21669,-0.010849
0.22632,0.22589,-0.0046802
0.18977,0.2075,-0.0054349
0.15561,0.19121,-0.0061474
0.12375,0.17694,-0.0068071
0.094101,0.1646,-0.0074173
0.066568,0.15411,-0.0079852
0.041074,0.1454,-0.0085193
0.017541,0.13842,-0.0090272
-0.004104,0.13311,-0.0095159
-0.023928,0.12944,-0.009991
-0.041992,0.12738,-0.010458
-0.027667,0.13867,-0.0063182
-0.010636,0.15192,-0.0036634
0.0092143,0.16723,-0.0023134
0.031999,0.18466,-0.0021223
0.057834,0.20433,-0.00212
0.086829,0.22633,-0.001319
0.11908,0.25076,0.00018354
0.15468,0.27773,0.0023016
0.19369,0.30731,0.0049611
0.2362,0.3396,0.0080975
0.25799,0.34102,0.0020234
0.27953,0.3433,-0.002267
0.30083,0.34643,-0.0051461
0.32188,0.35039,-0.0068446
0.34272,0.35517,-0.0075602
0.36333,0.36074,-0.0086879
0.38371,0.36709,-0.010758
0.40388,0.3742,-0.013739
0.42383,0.38208,-0.017615
0.44358,0.3907,-0.022378
0.42523,0.3609,-0.016839
0.4055,0.33477,-0.012664
0.38431,0.3123,-0.009861
0.3618,0.29322,-0.0084378
0.34137,0.27327,-0.0076837
0.32426,0.25093,-0.0056589
0.31046,0.22619,-0.0022446
0.29994,0.19901,0.0025592
0.29271,0.16939,0.0087523
0.28875,0.1373,0.016332
0.28186,0.13883,0.0056309
0.27529,0.14058,-0.0017142
0.26904,0.14251,-0.0055968
0.26309,0.14457,-0.0065987
0.25736,0.14663,-0.010035
0.25183,0.14863,-0.017113
0.24648,0.15052,-0.027868
0.2413,0.15227,-0.042328
0.23627,0.15385,-0.060522
0.23139,0.15523,-0.082477
0.21789,0.15466,-0.056709
0.20557,0.15323,-0.036697
0.19435,0.151,-0.021954
0.18414,0.14801,-0.012145
0.17486,0.14431,-0.0070312
0.16647,0.13992,-0.0057305
0.159,0.13503,-0.0016491
0.15224,0.12993,0.0067131
0.14526,0.12567,0.01926
0.13796,0.12233,0.035918
0.15112,0.13239,0.054043
0.16457,0.14315,0.074521
0.17831,0.15459,0.096957
0.19232,0.16671,0.12102
0.20661,0.17945,0.14644
0.2215,0.19247,0.173
0.23703,0.20567,0.20052
0.2532,0.21905,0.22886
0.27002,0.23261,0.25789
0.28747,0.24634,0.28752
0.25585,0.22107,0.31374
0.22625,0.19719,0.33909
0.1987,0.17471,0.36364
0.17317,0.15363,0.38746
0.14969,0.13393,0.41057
0.12823,0.11562,0.43302
0.10877,0.098753,0.45479
0.091036,0.08359,0.47592
0.074996,0.070186,0.49638
0.060633,0.05855,0.5162
0.053023,0.053909,0.48303
0.045657,0.050246,0.45783
0.038481,0.047446,0.43817
0.031458,0.045424,0.42257
0.024561,0.04412,0.40993
0.017766,0.043486,0.39956
0.011062,0.043489,0.39093
0.004433,0.044101,0.38367
-0.0021214,0.045301,0.37746
-0.0086107,0.047073,0.37212
-0.0012515,0.041992,0.34785
0.0056188,0.038083,0.32446
0.012052,0.035305,0.30196
0.01809,0.033621,0.28034
0.023771,0.032996,0.2596
0.029128,0.033399,0.23971
0.034188,0.034804,0.22064
0.038969,0.037184,0.20237
0.043487,0.040521,0.18486
0.048076,0.044443,0.16809
0.041263,0.038508,0.15156
0.034894,0.033304,0.13898
0.0286,0.029149,0.12931
0.022345,0.026016,0.12181
0.016102,0.023885,0.11599
0.0098473,0.02274,0.11143
0.0035624,0.022567,0.10784
-0.0027676,0.023356,0.105
-0.0091542,0.025099,0.10272
-0.015606,0.027789,0.10087
-0.009915,0.020969,0.092589
-0.0052508,0.015321,0.084247
-0.0015851,0.010813,0.076018
0.001108,0.0074107,0.068021
0.0028533,0.0050826,0.060346
0.0036719,0.0037962,0.053048
0.0037267,0.0033705,0.04617
0.0043909,0.002363,0.03973
0.0059914,0.00042781,0.033744
0.008524,-0.0024372,0.028214
0.009912,-0.00085032,0.02373
0.01167,0.0011011,0.019535
0.013806,0.0034221,0.01567
0.016331,0.0061208,0.01216
0.019261,0.009209,0.0090305
0.02261,0.012701,0.0062964
0.026396,0.016613,0.0039742
0.030636,0.020962,0.0020763
0.035347,0.025769,0.00061915
0.040547,0.031051,-0.00038047
0.032899,0.024627,-0.00041095
0.026194,0.018941,-0.00034169
0.020393,0.01398,-0.00023203
0.015459,0.0097263,-9.9996e-05
0.011356,0.0061639,6.5943e-05
0.0080486,0.0032735,0.00029831
0.0055017,0.0010344,0.00064602
0.0036787,-0.00057479,0.001167
0.0025418,-0.0015738,0.0019185
0.0020519,-0.0019744,0.0029314
0.0030492,-0.001475,0.0017731
0.0051823,0.00013577,0.00087452
0.0084844,0.0028896,0.00024582
0.012995,0.0068288,-6.2806e-05
0.01875,0.011997,-0.00019699
0.025783,0.018437,-0.00071505
0.034128,0.02619,-0.0016851
0.043814,0.035297,-0.0031358
0.054872,0.045795,-0.0050878
0.067328,0.057721,-0.007558
0.069706,0.062598,-0.0068369
0.072339,0.06749,-0.0062913
0.075234,0.072404,-0.0058877
0.078401,0.07735,-0.0056036
0.081847,0.082337,-0.0054209
0.085579,0.087373,-0.0053283
0.089605,0.092466,-0.0053161
0.093931,0.097626,-0.0053793
0.098565,0.10286,-0.0055132
0.10344,0.10824,-0.0057158
0.10517,0.11014,-0.0062534
0.10709,0.11189,-0.0064996
0.1093,0.11342,-0.0064704
0.11177,0.11471,-0.0061945
0.11453,0.11579,-0.0057046
0.11755,0.11664,-0.0050382
0.12086,0.11726,-0.0042321
0.12443,0.11765,-0.0033241
0.12828,0.11782,-0.0023493
0.13241,0.11776,-0.001343
0.12055,0.11255,-0.0050246
0.10963,0.10695,-0.0096629
0.099643,0.10098,-0.015198
0.090569,0.09469,-0.021579
0.082397,0.088109,-0.028757
0.075116,0.081266,-0.03669
0.068337,0.074539,-0.045339
0.061323,0.068624,-0.05467
0.05407,0.063535,-0.064651
0.046589,0.059267,-0.075263
0.048047,0.064663,-0.074448
0.049237,0.070483,-0.073937
0.050153,0.076723,-0.073694
0.050788,0.083381,-0.073695
0.051137,0.090455,-0.073916
0.051193,0.097942,-0.074338
0.050951,0.10584,-0.074941
0.050407,0.11415,-0.075709
0.049557,0.12286,-0.076622
0.048397,0.13198,-0.077666
0.032153,0.12344,-0.055823
0.016699,0.11595,-0.039556
0.0020047,0.10946,-0.027351
-0.011952,0.10396,-0.018202
-0.025193,0.099416,-0.011414
-0.037736,0.095831,-0.0064961
-0.0496,0.093199,-0.0030935
-0.060805,0.09152,-0.00094397
-0.071369,0.090798,0.00014888
-0.081311,0.091042,0.00034431
-0.065105,0.078076,0.0029003
-0.050329,0.066507,0.01013
-0.03697,0.056316,0.021998
-0.025021,0.047485,0.038454
-0.014482,0.039992,0.059453
-0.0053648,0.033811,0.084963
0.0023155,0.028919,0.11496
0.0085367,0.025292,0.14943
0.013275,0.022912,0.18836
0.016505,0.021764,0.23172
0.022066,0.029204,0.21968
0.02827,0.037576,0.20869
0.035136,0.046898,0.19855
0.042688,0.057192,0.18915
0.05095,0.068481,0.18035
0.05995,0.080787,0.17209
0.069712,0.094135,0.16428
0.080264,0.10855,0.15686
0.091628,0.12405,0.14979
0.10383,0.14066,0.14303
0.09277,0.13043,0.12096
0.082157,0.12063,0.10153
0.072009,0.11127,0.084353
0.062343,0.10234,0.06917
0.053171,0.09384,0.05578
0.044507,0.085768,0.04404
0.036358,0.078124,0.033839
0.028733,0.07091,0.025091
0.021638,0.064128,0.017727
0.015079,0.05778,0.011692
0.017436,0.060202,0.0089787
0.019841,0.062705,0.0067445
0.022298,0.065286,0.0049218
0.024808,0.067946,0.0034534
0.027371,0.070682,0.0022922
0.029988,0.073496,0.001398
0.03266,0.076385,0.00073688
0.035385,0.079352,0.00027952
0.038165,0.082395,1.0896e-06
0.040999,0.085514,-0.00012037
0.04523,0.09567,3.8474e-05
0.049573,0.10646,0.00066971
0.054018,0.11789,0.0017722
0.058555,0.12996,0.0033451
0.063174,0.14268,0.0053891
0.06787,0.15606,0.007905
0.072634,0.1701,0.010896
0.077461,0.18479,0.014365
0.082348,0.20016,0.018319
0.08729,0.21619,0.022764
0.07218,0.19522,0.021597
0.058118,0.17547,0.02054
0.045096,0.15696,0.019593
0.033107,0.13966,0.018752
0.022141,0.12359,0.018008
0.012191,0.10873,0.017354
0.0032475,0.095095,0.016783
-0.0046967,0.082674,0.016284
-0.01165,0.071467,0.015851
-0.017622,0.061472,0.015476
-0.022032,0.059666,0.023646
-0.026322,0.05809,0.032677
-0.030497,0.056739,0.042337
-0.034556,0.05561,0.052444
-0.038501,0.054702,0.062856
-0.042332,0.054014,0.073458
-0.046048,0.053546,0.084157
-0.049648,0.0533,0.09488
-0.053132,0.053276,0.10557
-0.056498,0.053476,0.11617
-0.059642,0.060418,0.09335
-0.062463,0.068313,0.073735
-0.064972,0.077163,0.0569
-0.067181,0.086972,0.042541
-0.069099,0.097746,0.030429
-0.070736,0.10949,0.020392
-0.0721,0.1222,0.012291
-0.073199,0.13589,0.006012
-0.074039,0.15056,0.0014618
-0.074624,0.1662,-0.0014382
-0.074178,0.16501,-0.0017515
-0.073799,0.16382,-0.0019856
-0.073483,0.16262,-0.0021508
-0.07323,0.16142,-0.0022545
-0.073036,0.1602,-0.0023024
-0.072899,0.15898,-0.0022987
-0.072817,0.15775,-0.0022762
-0.072789,0.15651,-0.0022979
-0.072813,0.15526,-0.0023644
-0.072885,0.15401,-0.0024743
-0.062402,0.15074,-0.002396
-0.05224,0.14767,-0.0022719
-0.042404,0.14477,-0.0021434
-0.032898,0.14205,-0.0020554
-0.023727,0.13951,-0.002011
-0.014894,0.13714,-0.00186
-0.0064005,0.13495,-0.0015514
0.0017503,0.13294,-0.0010514
0.0095571,0.13112,-0.0003298
0.017019,0.12947,0.00064071
0.021183,0.12774,0.00042707
0.025201,0.12614,1.4069e-05
0.029075,0.12467,-0.00050394
0.032809,0.12334,-0.0010315
0.036406,0.12214,-0.0014786
0.039867,0.12106,-0.0017628
0.043196,0.12011,-0.0018299
0.046394,0.11928,-0.0020502
0.04946,0.11856,-0.0026306
0.052398,0.11795,-0.003621
0.046089,0.11673,-0.0040264
0.039596,0.11582,-0.0044402
0.032908,0.11521,-0.0048587
0.026018,0.11488,-0.0052804
0.018916,0.11483,-0.0057049
0.011597,0.11504,-0.0061324
0.0040545,0.1155,-0.0065638
-0.0037176,0.11621,-0.0070001
-0.011724,0.11717,-0.0074428
-0.019968,0.11835,-0.007893
-0.015437,0.12267,-0.0093788
-0.010801,0.12721,-0.010738
-0.0060604,0.13197,-0.011948
-0.0012155,0.13695,-0.012997
0.0037324,0.14215,-0.013884
0.0087826,0.14758,-0.014612
0.013934,0.15324,-0.015191
0.019185,0.15913,-0.015628
0.024534,0.16525,-0.015936
0.029982,0.17159,-0.016125
0.032218,0.16205,-0.012787
0.034179,0.15292,-0.0098515
0.035872,0.1442,-0.0073214
0.037308,0.13587,-0.0052051
0.038495,0.12793,-0.0035142
0.039442,0.12035,-0.0022617
0.040156,0.11314,-0.0014619
0.040644,0.10627,-0.0011291
0.040915,0.09975,-0.00082216
0.040975,0.093565,-2.9735e-05
0.043382,0.10434,-0.0010392
0.045738,0.11593,-0.0015497
0.048028,0.12836,-0.0032251
0.050245,0.14164,-0.0060729
0.052379,0.15581,-0.010043
0.054421,0.17088,-0.015088
0.056364,0.18689,-0.021162
0.058202,0.20385,-0.02822
0.059928,0.22177,-0.036223
0.06154,0.24067,-0.045131
0.060608,0.25454,-0.040604
0.059482,0.26886,-0.036883
0.058164,0.28361,-0.033776
0.056659,0.2988,-0.031143
0.054972,0.31442,-0.028875
0.05311,0.33048,-0.026893
0.05108,0.34695,-0.025136
0.048891,0.36383,-0.023561
0.046552,0.38111,-0.022133
0.044074,0.39878,-0.020835
0.031321,0.38139,-0.0047586
0.019033,0.36456,-0.0013806
0.0072019,0.34839,0.0096571
-0.0041902,0.33287,0.029385
-0.015162,0.31797,0.05621
-0.025727,0.30366,0.08908
-0.035899,0.28994,0.12725
-0.045686,0.27678,0.17018
-0.055097,0.26418,0.21743
-0.064139,0.25212,0.26866
-0.085877,0.25908,0.24998
-0.10871,0.26682,0.23508
-0.13265,0.27532,0.22271
-0.15771,0.28457,0.21206
-0.18389,0.29454,0.20254
-0.21121,0.30523,0.1938
-0.23969,0.31664,0.18553
-0.26932,0.32877,0.17756
-0.30012,0.34161,0.16975
-0.33209,0.35516,0.16202
-0.30482,0.34639,0.1092
-0.27827,0.33816,0.07113
-0.25242,0.33043,0.043386
-0.2273,0.3232,0.023433
-0.20289,0.31644,0.0097295
-0.1792,0.31017,0.0012824
-0.15623,0.30437,-0.0025821
-0.13399,0.29905,-0.0035471
-0.11248,0.29414,-0.0074756
-0.091682,0.28964,-0.014868
-0.11432,0.31582,-0.010082
-0.13903,0.34328,-0.0068141
-0.16583,0.37202,-0.0049351
-0.19473,0.40202,-0.0043541
-0.2257,0.43326,-0.004429
-0.25872,0.46575,-0.0034721
-0.29376,0.49946,-0.0013925
-0.33078,0.53436,0.0018079
-0.36971,0.57041,0.0061439
-0.41051,0.60759,0.011637
-0.39555,0.55006,0.011983
-0.3819,0.49711,0.01171
-0.36928,0.44847,0.011111
-0.35744,0.40387,0.01034
-0.34618,0.36311,0.0094874
-0.33534,0.326,0.0085997
-0.32475,0.29235,0.0077065
-0.31429,0.26202,0.0068232
-0.30385,0.23487,0.0059609
-0.29333,0.21078,0.0051248
-0.27963,0.22345,0.0050901
-0.26436,0.23917,0.0048242
-0.24752,0.25793,0.0043691
-0.22909,0.27974,0.0037584
-0.20906,0.30461,0.0030209
-0.18741,0.33256,0.0021785
-0.16414,0.3636,0.0012506
-0.13924,0.39775,0.00025124
-0.11271,0.43503,-0.00080666
-0.084547,0.47547,-0.001914
-0.09157,0.45027,-0.0029198
-0.098288,0.42583,-0.0036509
-0.10469,0.40217,-0.0041984
-0.11078,0.37929,-0.0046154
-0.11653,0.35719,-0.0049315
-0.12196,0.33588,-0.0051661
-0.12704,0.31537,-0.0053299
-0.13177,0.29565,-0.005431
-0.13616,0.27673,-0.0054738
-0.14018,0.25863,-0.0054623
-0.1434,0.25013,-0.0050886
-0.1463,0.24195,-0.004525
-0.14888,0.23409,-0.0038431
-0.15117,0.22652,-0.003086
-0.15318,0.21923,-0.0022793
-0.15493,0.21221,-0.0014394
-0.15642,0.20544,-0.00057649
-0.15768,0.19891,0.00030179
-0.15871,0.19261,0.0011906
-0.15953,0.18653,0.0020857
-0.17958,0.20277,-0.0009484
-0.20082,0.21972,-0.0033749
-0.22324,0.23739,-0.0053777
-0.24684,0.25576,-0.0070937
-0.27162,0.27481,-0.008623
-0.29756,0.29455,-0.010039
-0.32464,0.31495,-0.011394
-0.35287,0.33601,-0.012725
-0.38222,0.35771,-0.014061
-0.41269,0.38004,-0.015422
-0.42491,0.38224,-0.014848
-0.43733,0.38455,-0.01366
-0.44994,0.38697,-0.012388
-0.46272,0.38948,-0.01125
-0.47569,0.39209,-0.010321
-0.48884,0.39479,-0.0096225
-0.50216,0.39759,-0.00915
-0.51567,0.40047,-0.0088958
-0.52936,0.40345,-0.0088492
-0.54322,0.40652,-0.009003
-0.51305,0.38051,-0.011472
-0.48432,0.35574,-0.012546
-0.45692,0.33214,-0.012878
-0.43077,0.30964,-0.012791
-0.40579,0.28822,-0.012452
-0.38192,0.26781,-0.011953
-0.35909,0.24839,-0.011347
-0.33726,0.22993,-0.010666
-0.31636,0.21239,-0.0099293
-0.29637,0.19575,-0.0091497
-0.28201,0.19686,-0.013292
-0.26763,0.19865,-0.015833
-0.25304,0.2009,-0.023852
-0.23824,0.20364,-0.036486
-0.22325,0.20687,-0.053118
-0.20808,0.21062,-0.073312
-0.19272,0.21489,-0.096746
-0.17718,0.21969,-0.12317
-0.16146,0.22502,-0.15239
-0.14557,0.23089,-0.18424
-0.16857,0.212,-0.12833
-0.18991,0.19545,-0.088989
-0.20981,0.18126,-0.060921
-0.2284,0.16942,-0.041085
-0.24577,0.1599,-0.027623
-0.26201,0.15269,-0.019344
-0.27716,0.14775,-0.01545
-0.29126,0.14508,-0.015018
-0.30452,0.14483,-0.012886
-0.317,0.14703,-0.0077316
-0.33112,0.15506,-0.011415
-0.34508,0.16432,-0.01431
-0.35888,0.17481,-0.016669
-0.37252,0.18652,-0.018661
-0.38598,0.19943,-0.020401
-0.39928,0.21354,-0.02196
-0.4124,0.22885,-0.023391
-0.42535,0.24536,-0.024726
-0.43812,0.26306,-0.025989
-0.4507,0.28195,-0.027201
-0.44279,0.26827,-0.027078
-0.43531,0.25554,-0.027411
-0.42824,0.24372,-0.027816
-0.42153,0.23276,-0.028128
-0.41515,0.22263,-0.028287
-0.40908,0.21327,-0.028275
-0.40327,0.20465,-0.028099
-0.39771,0.19674,-0.027768
-0.39237,0.1895,-0.027304
-0.38722,0.1829,-0.02672
-0.31719,0.15128,-0.019354
-0.25561,0.12334,-0.014583
-0.20196,0.098861,-0.011254
-0.15578,0.077654,-0.0075102
-0.11657,0.059502,-0.0033404
-0.083878,0.044201,0.0011525
-0.057259,0.031561,0.0059074
-0.036289,0.021403,0.01089
-0.020556,0.01356,0.016082
-0.0096556,0.0078699,0.021478
-0.010696,0.0096911,0.019943
-0.011734,0.011768,0.018457
-0.012757,0.014107,0.017019
-0.013752,0.016716,0.01563
-0.014709,0.019601,0.014289
-0.015617,0.022771,0.012999
-0.016465,0.026234,0.011756
-0.017245,0.029998,0.010563
-0.017947,0.034072,0.0094186
-0.018565,0.038464,0.008323
-0.018437,0.040346,0.0093551
-0.018312,0.042287,0.010414
-0.018189,0.044287,0.011498
-0.018067,0.046346,0.012604
-0.017946,0.048463,0.013731
-0.017825,0.050639,0.014878
-0.017705,0.052872,0.016044
-0.017584,0.055163,0.017227
-0.017461,0.057511,0.018427
-0.017338,0.059917,0.019643
-0.018569,0.05507,0.016132
-0.019832,0.050486,0.01309
-0.021116,0.046167,0.010451
-0.022411,0.042115,0.0081661
-0.02371,0.038333,0.0061941
-0.025005,0.034822,0.0045043
-0.02629,0.031587,0.0030715
-0.027558,0.028628,0.0018755
-0.028802,0.025947,0.0008999
-0.030016,0.023548,0.00013169
-0.028021,0.026044,-0.0003937
-0.025914,0.028917,-0.00073831
-0.023694,0.032174,-0.00091313
-0.021361,0.035821,-0.00092742
-0.018911,0.039862,-0.00093913
-0.016338,0.044305,-0.0010922
-0.013643,0.049155,-0.0013789
-0.010825,0.054421,-0.0017914
-0.0078829,0.060112,-0.0023226
-0.0048152,0.066233,-0.0029653
-0.0017169,0.067664,-0.0027012
0.001292,0.069183,-0.0024522
0.0042106,0.070788,-0.0022167
0.0070383,0.072481,-0.0019935
0.0097744,0.074263,-0.0017811
0.012418,0.076133,-0.0015788
0.01497,0.078093,-0.0013856
0.017429,0.080143,-0.0012008
0.019795,0.082282,-0.0010236
0.022068,0.084513,-0.00085369
0.026732,0.083227,-0.0030342
0.029452,0.082643,-0.0064429
0.030295,0.082747,-0.011081
0.031471,0.082744,-0.016936
0.034523,0.082094,-0.024
0.039481,0.080804,-0.032276
0.046393,0.078877,-0.041763
0.055322,0.076307,-0.052458
0.066337,0.073082,-0.064357
0.07951,0.069189,-0.077456
0.078721,0.056131,-0.068156
0.078268,0.043975,-0.059196
0.078137,0.032718,-0.050679
0.078314,0.022359,-0.042692
0.078788,0.012894,-0.035302
0.07955,0.0043206,-0.028564
0.080595,-0.0033653,-0.02252
0.081919,-0.010168,-0.017209
0.083522,-0.016092,-0.01266
0.085405,-0.021142,-0.0088997
0.085641,-0.018131,-0.0089505
0.086002,-0.014702,-0.0093033
0.086489,-0.010853,-0.0099373
0.087102,-0.006583,-0.010849
0.087841,-0.0018898,-0.012045
0.088705,0.0032285,-0.013543
0.089694,0.0087745,-0.015363
0.090805,0.014751,-0.017528
0.092039,0.02116,-0.020066
0.093392,0.028006,-0.023004
0.087172,0.016837,-0.0096983
0.081516,0.00738,-0.0030678
0.076385,-0.0004696,-0.0016204
0.071953,-0.006932,0.0033443
0.068238,-0.012095,0.013657
0.065211,-0.015992,0.029092
0.062853,-0.01864,0.049502
0.061153,-0.020037,0.074793
0.060077,-0.020257,0.1049
0.059005,-0.021197,0.13974
0.05388,-0.018323,0.13016
0.048751,-0.016273,0.12104
0.044027,-0.013783,0.11231
0.039807,-0.010552,0.10391
0.036092,-0.0065886,0.095815
0.032883,-0.0019004,0.088006
0.030182,0.0035063,0.08047
0.027993,0.0096282,0.07321
0.026318,0.016464,0.066225
0.025162,0.024015,0.059526
0.02758,0.024616,0.05076
0.030249,0.02515,0.043113
0.033163,0.025626,0.036404
0.036316,0.026056,0.030499
0.039705,0.02645,0.025289
0.043322,0.026815,0.02069
0.047161,0.027161,0.016633
0.051217,0.027495,0.013062
0.055482,0.027823,0.0099308
0.059951,0.028151,0.0072008
0.053654,0.03274,0.011553
0.048027,0.0372,0.016431
0.043049,0.041536,0.021793
0.038699,0.045756,0.027606
0.034964,0.049864,0.033841
0.03183,0.053864,0.040475
0.029288,0.057757,0.047486
0.027331,0.061546,0.054853
0.025955,0.065231,0.062557
0.025156,0.068814,0.07058
0.024138,0.071921,0.05061
0.023568,0.074949,0.034776
0.023405,0.07791,0.022423
0.023619,0.080814,0.013082
0.024023,0.083715,0.0064178
0.024284,0.086707,0.0021903
0.024385,0.089794,0.00021086
0.024299,0.092982,-0.00029079
0.023928,0.096296,-0.0023712
0.023263,0.099734,-0.006351
0.024814,0.11211,-0.0028391
0.026158,0.1255,-0.00069552
0.027278,0.13996,0.00015738
0.028173,0.15553,0.00063299
0.028855,0.17225,0.0022232
0.029295,0.19017,0.0048852
0.029463,0.20933,0.0085508
0.029333,0.22976,0.013156
0.02888,0.25151,0.018644
0.028082,0.2746,0.024966
0.033471,0.25801,0.025022
0.037639,0.24232,0.025712
0.040693,0.22746,0.026929
0.042725,0.21339,0.028606
0.043821,0.20007,0.030702
0.044053,0.18747,0.03319
0.043488,0.17554,0.036052
0.042182,0.16426,0.039277
0.040186,0.15359,0.042858
0.037621,0.1435,0.046791
0.038217,0.14532,0.047002
0.039122,0.14707,0.046383
0.040338,0.14875,0.04506
0.041868,0.15037,0.04316
0.043714,0.15191,0.040798
0.045878,0.15338,0.038081
0.04836,0.15479,0.035106
0.051161,0.15612,0.031959
0.054283,0.1574,0.028714
0.057724,0.1586,0.025438
0.058692,0.17213,0.034071
0.059882,0.18617,0.043718
0.061289,0.20074,0.054318
0.062904,0.21585,0.065818
0.064723,0.23149,0.078168
0.066739,0.24768,0.091325
0.068947,0.26441,0.10524
0.071342,0.28169,0.11989
0.073921,0.29953,0.13523
0.076679,0.31791,0.15121
0.072081,0.31046,0.16634
0.068609,0.30299,0.18058
0.065901,0.29557,0.19405
0.062452,0.28855,0.20685
0.058101,0.28194,0.21902
0.052876,0.27572,0.23065
0.0468,0.26987,0.24174
0.039895,0.26438,0.25236
0.03218,0.25922,0.2625
0.023674,0.25439,0.27219
0.025274,0.24321,0.20796
0.026523,0.23245,0.16231
0.0275,0.22204,0.12861
0.028253,0.21193,0.10302
0.028802,0.2021,0.083163
0.029163,0.19254,0.067499
0.02934,0.18324,0.054988
0.029339,0.17419,0.044895
0.029164,0.16539,0.036696
0.028815,0.15684,0.029999
0.032061,0.16898,0.019485
0.035318,0.18166,0.010768
0.038586,0.1949,0.0039886
0.041863,0.20873,-0.0007456
0.045152,0.22316,-0.0033475
0.04846,0.23819,-0.0042398
0.051848,0.25377,-0.0067765
0.055324,0.26989,-0.011633
0.058887,0.28656,-0.018827
0.062534,0.30379,-0.028369
0.058495,0.28781,-0.021515
0.054546,0.27221,-0.016444
0.050683,0.25699,-0.012632
0.046904,0.24218,-0.0097498
0.043211,0.22777,-0.0075788
0.039603,0.21377,-0.0059751
0.036084,0.20019,-0.0048383
0.032654,0.18703,-0.0040994
0.029316,0.17429,-0.0037082
0.026067,0.16198,-0.0033748
0.029858,0.18308,-0.0024564
0.033858,0.20548,5.1311e-05
0.038065,0.22921,0.004223
0.042474,0.25424,0.010131
0.047081,0.2806,0.017846
0.051882,0.30826,0.027431
0.056874,0.33724,0.038945
0.062054,0.36753,0.052441
0.067418,0.39914,0.067963
0.072962,0.43206,0.085554
0.064485,0.37637,0.06572
0.056595,0.32559,0.049189
0.049227,0.27946,0.035441
0.04232,0.23773,0.02414
0.035819,0.20017,0.015059
0.029771,0.16655,0.008035
0.024727,0.13656,0.0029492
0.020747,0.10999,-0.00029628
0.017799,0.086656,-0.0017826
0.01585,0.066369,-0.0017633
0.015155,0.061786,-0.0025288
0.014513,0.057398,-0.0043179
0.013919,0.05319,-0.0072378
0.013368,0.049144,-0.011376
0.012855,0.045245,-0.016803
0.012375,0.041478,-0.023577
0.011923,0.037832,-0.031739
0.011496,0.034295,-0.041328
0.01109,0.030858,-0.052367
0.0107,0.027516,-0.064882
0.01008,0.028159,-0.057977
0.0094962,0.028879,-0.050936
0.0089534,0.02967,-0.043921
0.008454,0.030532,-0.037082
0.0080006,0.03146,-0.03055
0.0075959,0.032449,-0.024445
0.0072422,0.033494,-0.018871
0.0069416,0.034588,-0.013922
0.0066955,0.035721,-0.0096772
0.0065051,0.036885,-0.0062083
0.0058941,0.032288,-0.0084664
0.0053609,0.028006,-0.011431
0.0049026,0.024025,-0.015174
0.004516,0.020331,-0.019752
0.0041973,0.016913,-0.025205
0.0039425,0.01376,-0.031561
0.003747,0.010866,-0.038832
0.0036072,0.0082261,-0.047023
0.003518,0.0058404,-0.056131
0.0034746,0.0037104,-0.066154
0.0020058,0.0019163,-0.067638
0.00087879,0.00051484,-0.068642
9.4165e-05,-0.00049034,-0.069223
-0.00034734,-0.0010962,-0.069447
-0.00046351,-0.0012984,-0.069366
-0.00069309,-0.0014301,-0.06903
-0.0012602,-0.0019542,-0.068472
-0.0021636,-0.0028726,-0.067736
-0.0034016,-0.0041849,-0.066853
-0.0049716,-0.0058888,-0.065848
-0.0029958,-0.0029568,-0.081201
-0.0016857,-0.0016274,-0.097663
-0.00098779,-0.0015322,-0.11537
-0.00055432,-0.00018014,-0.13446
-0.0001282,0.0028705,-0.15493
0.00081009,0.0075614,-0.17673
0.0022556,0.013904,-0.19968
0.0041687,0.021915,-0.22361
0.0065122,0.031611,-0.24829
0.0092553,0.043009,-0.27354
0.0058698,0.039396,-0.21249
0.0039927,0.035784,-0.16618
0.0032591,0.032251,-0.13007
0.0013075,0.029089,-0.10135
-0.0022522,0.026338,-0.078158
-0.0074335,0.023981,-0.059252
-0.014246,0.021999,-0.043754
-0.022694,0.020371,-0.03106
-0.032776,0.019077,-0.020771
-0.044485,0.018102,-0.012638
-0.033585,0.023554,-0.01776
-0.02383,0.03051,-0.023665
-0.015207,0.039018,-0.030331
-0.0077027,0.049164,-0.037724
-0.0013118,0.061061,-0.045809
0.0039677,0.074834,-0.054539
0.008133,0.09062,-0.063865
0.011179,0.10856,-0.07373
0.013503,0.12874,-0.084079
0.017094,0.15108,-0.094857
0.014585,0.13635,-0.059359
0.012547,0.12248,-0.034085
0.010968,0.10945,-0.016817
0.0094849,0.097271,-0.0060377
0.0077593,0.085947,-0.00067801
0.0057964,0.075454,0.00052214
0.0036026,0.065739,0.0038855
0.0011774,0.056763,0.010898
-0.0014834,0.048495,0.021276
-0.0043851,0.040911,0.03484
-0.0030862,0.042779,0.049328
-0.0018785,0.044689,0.066329
-0.00076208,0.046637,0.085837
0.00026311,0.048623,0.10785
0.0011972,0.050643,0.13236
0.0020406,0.052697,0.15936
0.0027935,0.054782,0.18883
0.0034563,0.056898,0.22076
0.0040294,0.059043,0.25514
0.0045131,0.061217,0.29195
0.0028949,0.052186,0.22556
0.0010563,0.043897,0.16966
-0.0010104,0.036354,0.12285
-0.0033125,0.029559,0.084243
-0.0058571,0.023513,0.053277
-0.0086508,0.018212,0.029578
-0.0117,0.013656,0.012901
-0.015008,0.0098408,0.0030943
-0.01858,0.006765,5.2139e-05
-0.022406,0.0045247,-0.0037587
-0.013827,0.0086828,-0.0039624
-0.0069947,0.015301,-0.0039953
-0.0018356,0.024376,-0.0039603
0.0016526,0.03592,-0.0039444
0.0034172,0.049955,-0.0039981
0.005611,0.066352,-0.0041418
0.010004,0.085016,-0.0043744
0.016699,0.10597,-0.0046851
0.025796,0.12923,-0.005053
0.037384,0.15481,-0.0054539
0.034786,0.1655,0.002012
0.032385,0.17656,0.0054871
0.030145,0.18789,0.017819
0.028059,0.19952,0.038585
0.026127,0.21149,0.067147
0.024352,0.22385,0.10297
0.022735,0.23663,0.1456
0.021282,0.24985,0.19463
0.02,0.26352,0.2497
0.018893,0.27768,0.31054
0.012866,0.22415,0.3013
0.0087508,0.17717,0.29209
0.0061567,0.13636,0.28274
0.0028079,0.1015,0.27322
-0.0017211,0.072268,0.26349
-0.0074757,0.048369,0.25358
-0.014496,0.029528,0.24349
-0.022818,0.015512,0.23326
-0.032468,0.0061326,0.2229
-0.043469,0.0012628,0.21244
-0.034964,0.00017136,0.2083
-0.027318,-0.00045268,0.20558
-0.020571,-0.00075899,0.20395
-0.014777,-0.0013348,0.20317
-0.0099618,-0.0022378,0.20303
-0.0061462,-0.0034583,0.20339
-0.0033453,-0.0049916,0.20414
-0.0015702,-0.0068374,0.20518
-0.00082801,-0.0089998,0.20643
-0.00061196,-0.011503,0.20781
-0.00076921,-0.0099108,0.20292
-0.0007645,-0.0084201,0.19943
-0.00091997,-0.007029,0.19708
-0.0012896,-0.0057424,0.19566
-0.001869,-0.0045667,0.19503
-0.0026544,-0.0035068,0.19506
-0.0036433,-0.0025667,0.19566
-0.0048339,-0.0017492,0.19676
-0.0062253,-0.0010566,0.19829
-0.0078162,-0.00048982,0.20019
-0.010413,-0.0016813,0.21954
-0.013421,-0.0035881,0.23939
-0.016847,-0.0061957,0.25969
-0.020695,-0.0094899,0.28037
-0.024971,-0.013457,0.30139
-0.029677,-0.018085,0.32272
-0.034816,-0.023363,0.34431
-0.040391,-0.02928,0.36617
-0.046403,-0.035827,0.38827
-0.052853,-0.042996,0.41062
-0.04225,-0.036905,0.3344
-0.033181,-0.031353,0.2666
-0.025502,-0.026318,0.20697
-0.019084,-0.021777,0.15529
-0.013807,-0.017712,0.11135
-0.0095587,-0.014102,0.074963
-0.0062354,-0.010932,0.045947
-0.0037363,-0.0081837,0.024129
-0.0019634,-0.0058431,0.0093575
-0.00081881,-0.0038955,0.0014871
-0.0011034,-0.004286,0.0016678
-0.0014173,-0.0046942,0.0018482
-0.0017564,-0.0051199,0.0020308
-0.0021168,-0.0055632,0.0022123
-0.0024952,-0.0060237,0.0023947
-0.0028887,-0.0065015,0.0025762
-0.0032946,-0.0069964,0.0027585
-0.0037107,-0.0075082,0.0029403
-0.0041351,-0.0080368,0.0031235
-0.0045659,-0.0085821,0.0033071
-0.0072464,-0.0066571,0.0057643
-0.010571,-0.0049804,0.0089134
-0.014578,-0.0035543,0.012762
-0.019311,-0.0023836,0.017311
-0.024813,-0.0014741,0.022555
-0.031128,-0.00083332,0.02848
-0.038298,-0.00046938,0.035063
-0.046361,-0.00039116,0.042271
-0.055357,-0.00043441,0.050069
-0.065327,-0.00024675,0.058409
-0.058329,-0.00058576,0.065151
-0.051745,-0.001016,0.071879
-0.045549,-0.002438,0.07861
-0.039732,-0.0048636,0.085349
-0.034285,-0.0082974,0.092101
-0.029202,-0.012738,0.098866
-0.024477,-0.018177,0.10564
-0.020105,-0.024601,0.11242
-0.016084,-0.031994,0.11919
-0.012411,-0.040335,0.12593
-0.014301,-0.032547,0.11747
-0.016379,-0.025597,0.11033
-0.018648,-0.019495,0.1042
-0.021107,-0.014249,0.098876
-0.023754,-0.0098679,0.094189
-0.026586,-0.0063582,0.090011
-0.029594,-0.0037255,0.086238
-0.032769,-0.0019738,0.082787
-0.036098,-0.0011059,0.079591
-0.039571,-0.0010434,0.076598
-0.027901,-0.00067613,0.081179
-0.018239,-0.00043209,0.085241
-0.010612,-0.00038082,0.088862
-0.0050471,-0.00051627,0.092112
-0.0015644,-0.00083747,0.095058
-0.00017741,-0.0013496,0.097761
0.00063535,-0.0019967,0.10027
0.0035135,-0.0026725,0.10264
0.0084954,-0.0033836,0.10486
0.015568,-0.0041419,0.10695
0.011944,-0.0091952,0.11329
0.0089477,-0.015843,0.12019
0.0065834,-0.024105,0.12754
0.0048618,-0.034005,0.13527
0.0037965,-0.045572,0.14335
0.0034043,-0.058833,0.15176
0.0037029,-0.073816,0.16048
0.0045314,-0.090559,0.16953
0.0050187,-0.10914,0.17893
0.0050422,-0.12958,0.18869
0.0042913,-0.12301,0.14003
0.0034884,-0.11641,0.10019
0.002652,-0.10981,0.068036
0.0017965,-0.10324,0.042765
0.00093322,-0.096735,0.02376
7.0221e-05,-0.090311,0.010544
-0.00078701,-0.083999,0.0027465
-0.0016362,-0.077824,7.3874e-05
-0.002469,-0.071819,-0.0021897
-0.0032799,-0.066013,-0.0091684
-0.0051471,-0.065673,-0.010851
-0.0072248,-0.065362,-0.012491
-0.0095122,-0.06508,-0.014064
-0.012009,-0.064831,-0.015555
-0.014715,-0.064614,-0.016951
-0.017629,-0.064432,-0.018243
-0.020751,-0.064284,-0.019424
-0.02408,-0.064173,-0.020492
-0.027616,-0.064097,-0.02144
-0.03136,-0.064058,-0.022272
-0.025295,-0.073207,-0.014861
-0.019564,-0.08307,-0.0092301
-0.014171,-0.09364,-0.005117
-0.0091171,-0.10491,-0.0023289
-0.0044042,-0.11686,-0.00071711
-3.1256e-05,-0.1295,-0.00016535
0.0040027,-0.1428,0.0002002
0.0076989,-0.15676,0.0014353
0.011061,-0.17137,0.0034792
0.014093,-0.18663,0.0062731
0.01421,-0.18689,0.0041055
0.014326,-0.1871,0.0023888
0.014441,-0.18726,0.0010981
0.014554,-0.18737,0.00021191
0.014667,-0.18743,-0.00028656
0.014779,-0.18745,-0.00042896
0.01489,-0.18742,-0.00070769
0.015002,-0.18735,-0.001338
0.015114,-0.18723,-0.0023106
0.015225,-0.18708,-0.0036181
0.013939,-0.18224,-0.0050113
0.012492,-0.1775,-0.0067451
0.01088,-0.17287,-0.0088402
0.0090979,-0.16833,-0.011314
0.0071431,-0.16388,-0.01418
0.0050116,-0.15954,-0.017449
0.0027006,-0.15528,-0.02113
0.00020724,-0.15112,-0.02523
-0.0024707,-0.14704,-0.029755
-0.0053356,-0.14306,-0.034709
0.00080811,-0.13825,-0.022239
0.0057082,-0.13395,-0.01311
0.0094114,-0.1301,-0.0067554
0.011955,-0.12664,-0.0027725
0.013369,-0.12352,-0.00087082
0.013679,-0.12069,-0.00043404
0.014105,-0.11799,0.0012197
0.015624,-0.11526,0.0044576
0.018225,-0.11246,0.0091859
0.021903,-0.10957,0.015331
0.018013,-0.10013,0.0074805
0.014718,-0.090935,0.0026545
0.011994,-0.082018,0.00015507
0.0098217,-0.073403,-0.00050792
0.0081824,-0.065109,-0.0012644
0.0070579,-0.057154,-0.0032696
0.0059158,-0.049633,-0.0063428
0.004365,-0.042623,-0.010352
0.0024224,-0.036149,-0.015204
0.00010099,-0.030237,-0.020832
6.4918e-05,-0.033795,-0.023861
2.715e-05,-0.037551,-0.02709
-1.1722e-05,-0.041505,-0.030515
-5.1229e-05,-0.045656,-0.034132
-9.0762e-05,-0.050003,-0.037936
-0.00012989,-0.054545,-0.041924
-0.00016795,-0.059282,-0.046091
-0.00020454,-0.064213,-0.050434
-0.00023902,-0.069337,-0.054948
-0.00027102,-0.074653,-0.059631
0.0045961,-0.085741,-0.045827
0.0090098,-0.097708,-0.033965
0.012978,-0.11056,-0.024009
0.016506,-0.12433,-0.015936
0.019594,-0.13901,-0.0097318
0.022246,-0.15463,-0.005387
0.025139,-0.1711,-0.0028968
0.028802,-0.18835,-0.0022587
0.03325,-0.20642,-0.0015512
0.038499,-0.22533,0.00098212
0.035371,-0.22326,-0.0027984
0.033543,-0.22094,-0.0066207
0.032941,-0.21832,-0.017051
0.031809,-0.21568,-0.033402
0.02936,-0.21318,-0.055168
0.025597,-0.21083,-0.081953
0.020521,-0.20865,-0.11343
0.014132,-0.20665,-0.14934
0.0064308,-0.20485,-0.18942
-0.0025844,-0.20325,-0.23346
-0.013,-0.18229,-0.20024
-0.023521,-0.16311,-0.17537
-0.034132,-0.14559,-0.15608
-0.044825,-0.12963,-0.14069
-0.055591,-0.11512,-0.12811
-0.066427,-0.102,-0.11763
-0.077333,-0.090193,-0.10872
-0.088311,-0.07964,-0.10105
-0.099367,-0.070295,-0.09436
-0.11051,-0.062115,-0.088454
-0.08875,-0.063904,-0.12251
-0.069076,-0.066323,-0.1586
-0.051392,-0.069373,-0.19619
-0.035632,-0.073058,-0.23494
-0.021763,-0.077387,-0.27455
-0.0097696,-0.08237,-0.31485
0.0003466,-0.088017,-0.35562
0.0085729,-0.094344,-0.39676
0.014889,-0.10136,-0.43811
0.019269,-0.10909,-0.47959
0.02042,-0.11458,-0.37862
0.021509,-0.11959,-0.30085
0.022547,-0.12425,-0.23904
0.023539,-0.12864,-0.18894
0.024489,-0.13282,-0.14782
0.025398,-0.13683,-0.11388
0.026267,-0.1407,-0.085866
0.027098,-0.14445,-0.06288
0.027926,-0.1481,-0.04427
0.028783,-0.15167,-0.029534
0.029751,-0.15632,-0.0389
0.030556,-0.1611,-0.049297
0.031068,-0.16603,-0.060659
0.031286,-0.17111,-0.072921
0.031213,-0.17635,-0.086046
0.030847,-0.18174,-0.099997
0.030191,-0.1873,-0.11476
0.029245,-0.19302,-0.13031
0.028008,-0.1989,-0.14666
0.026482,-0.20494,-0.16379
0.02843,-0.20673,-0.18901
0.030325,-0.20856,-0.21337
0.032167,-0.21041,-0.23687
0.033954,-0.21229,-0.25954
0.035686,-0.21421,-0.28144
0.037362,-0.21614,-0.30269
0.038983,-0.2181,-0.32334
0.040548,-0.22008,-0.3435
0.042059,-0.22208,-0.36322
0.043517,-0.2241,-0.38258
0.050829,-0.2392,-0.39061
0.055465,-0.25547,-0.39488
0.062449,-0.27183,-0.39597
0.072934,-0.288,-0.3944
0.086908,-0.30396,-0.39055
0.10436,-0.31968,-0.38476
0.12528,-0.33513,-0.37727
0.14967,-0.35029,-0.36831
0.17751,-0.36513,-0.35802
0.2088,-0.37964,-0.34657
0.17815,-0.38474,-0.33387
0.15229,-0.38861,-0.33069
0.13107,-0.39133,-0.33358
0.11438,-0.39295,-0.34059
0.1021,-0.3935,-0.35053
0.09417,-0.393,-0.36269
0.09051,-0.39147,-0.37655
0.089267,-0.38933,-0.39182
0.084328,-0.38798,-0.40824
0.075224,-0.38755,-0.42567
0.069537,-0.36368,-0.3833
0.064238,-0.34116,-0.34575
0.059305,-0.31991,-0.31202
0.054714,-0.29985,-0.28147
0.050445,-0.28091,-0.25363
0.04648,-0.26301,-0.22817
0.0428,-0.24611,-0.20482
0.03939,-0.23013,-0.18336
0.036233,-0.21503,-0.16364
0.033315,-0.20076,-0.14551
0.039582,-0.21305,-0.11807
0.045655,-0.22574,-0.094405
0.051522,-0.23884,-0.074096
0.057169,-0.25235,-0.056816
0.062588,-0.26628,-0.042337
0.067772,-0.28064,-0.030464
0.072717,-0.29542,-0.021065
0.077418,-0.31062,-0.01402
0.081873,-0.32625,-0.0092445
0.086415,-0.34222,-0.0066604
0.084532,-0.33403,-0.0075543
0.08261,-0.32604,-0.0085721
0.080272,-0.31835,-0.0096086
0.077476,-0.31095,-0.010611
0.074181,-0.30386,-0.011561
0.070349,-0.29708,-0.01245
0.065945,-0.29061,-0.013283
0.060934,-0.28445,-0.01406
0.055287,-0.27861,-0.01479
0.048973,-0.27308,-0.015474
0.051213,-0.26237,-0.018423
0.052954,-0.25179,-0.021208
0.054181,-0.24136,-0.023803
0.054876,-0.23111,-0.026196
0.055026,-0.22104,-0.028397
0.054616,-0.21119,-0.030409
0.053635,-0.20157,-0.032248
0.052069,-0.1922,-0.033921
0.049976,-0.18307,-0.035442
0.04824,-0.17397,-0.036813
0.048862,-0.17574,-0.049112
0.049489,-0.17747,-0.0639
0.050121,-0.17915,-0.081299
0.050756,-0.18079,-0.1014
0.051395,-0.18238,-0.12426
0.052035,-0.18393,-0.14993
0.052679,-0.18542,-0.17845
0.053324,-0.18686,-0.20983
0.053971,-0.18825,-0.24408
0.054619,-0.18959,-0.28119
0.052107,-0.18067,-0.21658
0.049689,-0.17204,-0.16411
0.047362,-0.16371,-0.12132
0.04512,-0.15565,-0.086612
0.04296,-0.14786,-0.05886
0.040877,-0.14033,-0.037254
0.038858,-0.13305,-0.021192
0.036895,-0.12599,-0.010208
0.034981,-0.11914,-0.0039467
0.033111,-0.11249,-0.0020778
0.035215,-0.11982,-0.0023591
0.037308,-0.12743,-0.0030646
0.039395,-0.13532,-0.0041751
0.041479,-0.14349,-0.0056327
0.043563,-0.15195,-0.0073893
0.04565,-0.16069,-0.0094025
0.047741,-0.16972,-0.011639
0.04984,-0.17904,-0.014069
0.051949,-0.18864,-0.016672
0.054068,-0.19853,-0.019426
0.063082,-0.21253,-0.012887
0.07004,-0.22775,-0.0083889
0.075964,-0.24389,-0.0057431
0.084118,-0.25996,-0.0048058
0.094776,-0.27588,-0.004621
0.10797,-0.29169,-0.0030231
0.12373,-0.30737,3.3972e-05
0.14209,-0.3229,0.0045035
0.16308,-0.33828,0.010346
0.18671,-0.35346,0.017531
0.17522,-0.34328,0.0035175
0.16442,-0.33337,-0.0036994
0.15427,-0.32369,-0.0059193
0.14473,-0.31417,-0.0072281
0.13576,-0.30471,-0.011756
0.12734,-0.29533,-0.019084
0.11944,-0.28603,-0.028907
0.11205,-0.27679,-0.041004
0.10515,-0.26761,-0.055212
0.098736,-0.2585,-0.071403
0.10211,-0.26365,-0.074644
0.10555,-0.26883,-0.077603
0.10907,-0.27406,-0.080289
0.11266,-0.27932,-0.082718
0.11632,-0.28462,-0.084892
0.12005,-0.28997,-0.086823
0.12385,-0.29536,-0.088509
0.12771,-0.30079,-0.089963
0.13163,-0.30627,-0.091184
0.13562,-0.3118,-0.092179
0.13072,-0.30582,-0.055499
0.12599,-0.2994,-0.031705
0.12142,-0.29265,-0.016804
0.11701,-0.28565,-0.0083844
0.11274,-0.27847,-0.0049115
0.1086,-0.27116,-0.0037774
0.10461,-0.26383,0.00018021
0.10076,-0.25651,0.0068521
0.097043,-0.24919,0.015864
0.093446,-0.24189,0.026935
0.10023,-0.26297,0.015564
0.1074,-0.28488,0.0070667
0.11495,-0.3076,0.00096727
0.12288,-0.33111,-0.0030918
0.13119,-0.35539,-0.0053813
0.13987,-0.38042,-0.006213
0.14891,-0.40618,-0.0076947
0.1583,-0.43264,-0.010503
0.16806,-0.45979,-0.01456
0.17818,-0.48764,-0.019813
0.15968,-0.43032,-0.018125
0.1431,-0.37722,-0.016626
0.12836,-0.32813,-0.015288
0.1154,-0.28287,-0.014094
0.10414,-0.24124,-0.013027
0.094506,-0.20308,-0.012074
0.08645,-0.16824,-0.011225
0.079909,-0.13655,-0.010471
0.07483,-0.10789,-0.0098026
0.071162,-0.082119,-0.0092138
0.069561,-0.07581,-0.010523
0.06803,-0.069823,-0.012041
0.066563,-0.064139,-0.013774
0.065158,-0.058742,-0.015728
0.06381,-0.053616,-0.017911
0.062516,-0.048747,-0.020326
0.061274,-0.044121,-0.022979
0.060079,-0.039725,-0.025875
0.05893,-0.035547,-0.029017
0.057824,-0.031576,-0.03241
0.05818,-0.035719,-0.023296
0.058584,-0.039931,-0.015824
0.059041,-0.044218,-0.0099342
0.059554,-0.048591,-0.0055766
0.060128,-0.053056,-0.0027098
0.060766,-0.057626,-0.0012984
0.061477,-0.062312,-0.0010046
0.062276,-0.067151,0.00028508
0.063171,-0.072156,0.002947
0.064166,-0.077337,0.0069605
0.080302,-0.072281,0.0099324
0.099863,-0.065559,0.013322
0.12294,-0.0571,0.017112
0.14961,-0.046845,0.021282
0.17996,-0.034742,0.025812
0.21407,-0.020751,0.030682
0.25199,-0.0048383,0.035873
0.29378,0.01302,0.041365
0.33949,0.032841,0.047139
0.38914,0.054635,0.053176
0.38534,0.070648,0.036655
0.38212,0.085147,0.024214
0.37945,0.098208,0.014864
0.37732,0.10989,0.0079931
0.3757,0.12026,0.0032072
0.37457,0.12934,0.00024305
0.37392,0.13719,-0.0010794
0.37374,0.14385,-0.0014451
0.374,0.14935,-0.0030438
0.37471,0.15373,-0.006027
0.37238,0.15327,-0.0041939
0.36999,0.15278,-0.0028754
0.36754,0.15226,-0.001997
0.36503,0.15172,-0.0015115
0.36246,0.15114,-0.0013878
0.35984,0.15053,-0.0012637
0.35717,0.14989,-0.00081173
0.35446,0.14921,-3.9763e-05
0.3517,0.14851,0.0010491
0.34889,0.14777,0.0024525
0.31561,0.13049,-0.0013765
0.2855,0.11315,-0.0024702
0.25828,0.095736,-0.0066265
0.23371,0.078183,-0.01346
0.21161,0.060438,-0.02248
0.19183,0.042453,-0.033359
0.17422,0.024184,-0.045866
0.15867,0.0055907,-0.059835
0.14509,-0.013364,-0.07514
0.13342,-0.032715,-0.091684
0.12368,-0.020335,-0.089306
0.11473,-0.0093246,-0.088067
0.10654,0.00033271,-0.087648
0.099115,0.0086543,-0.087839
0.092418,0.015657,-0.088485
0.086437,0.021356,-0.089483
0.081155,0.025765,-0.090748
0.076558,0.028897,-0.092225
0.072633,0.030763,-0.093862
0.069368,0.031372,-0.095627
0.068802,0.031083,-0.06389
0.06843,0.030924,-0.040029
0.068212,0.030869,-0.022633
0.068112,0.030889,-0.010731
0.068091,0.030963,-0.0036388
0.068114,0.031067,-0.00087142
0.068173,0.03119,0.00043763
0.068286,0.031338,0.0053366
0.068427,0.031502,0.013792
0.068572,0.031676,0.025676
0.055152,0.024149,0.025383
0.043841,0.016621,0.025341
0.034549,0.0091041,0.025473
0.027199,0.0016056,0.025728
0.021724,-0.0058765,0.026066
0.018077,-0.013354,0.026461
0.01623,-0.020848,0.026892
0.01618,-0.028385,0.027346
0.017947,-0.035997,0.027813
0.021303,-0.043839,0.028292
0.017555,-0.03654,0.035763
0.013914,-0.029987,0.043809
0.010399,-0.02418,0.052397
0.0070213,-0.019122,0.061513
0.0037889,-0.014818,0.071147
0.00070186,-0.011272,0.081304
-0.0022447,-0.0084896,0.091985
-0.0050605,-0.0064759,0.1032
-0.0077593,-0.0052362,0.11494
-0.010358,-0.0047754,0.12723
-0.0068199,-0.0068628,0.093272
-0.0023872,-0.011249,0.06564
0.0029258,-0.017924,0.043466
0.0091136,-0.026886,0.026187
0.016184,-0.038146,0.013465
0.024153,-0.051726,0.0051559
0.033045,-0.067647,0.0012414
0.04287,-0.085958,0.00036768
0.053572,-0.1068,-0.004047
0.0654,-0.13011,-0.012874
0.057498,-0.11698,-0.012157
0.046585,-0.10645,-0.01115
0.032446,-0.098597,-0.0099287
0.015081,-0.093378,-0.0085573
-0.0055241,-0.090767,-0.0070837
-0.029395,-0.090756,-0.0055442
-0.056568,-0.093357,-0.0039621
-0.087082,-0.098596,-0.0023544
-0.12097,-0.10651,-0.00073063
-0.15828,-0.11715,0.00090023
-0.12841,-0.1014,0.0017518
-0.10145,-0.087124,0.0021804
-0.077379,-0.074314,0.002261
-0.056181,-0.06297,0.0020385
-0.037833,-0.05309,0.0016975
-0.022316,-0.044665,0.0017112
-0.0096176,-0.037699,0.0021023
0.00027194,-0.032195,0.002864
0.0073602,-0.028158,0.0039927
0.011652,-0.025593,0.0054866
0.011742,-0.028958,0.0014185
0.01158,-0.03261,0.00047304
0.011135,-0.036674,-0.0019627
0.010405,-0.041209,-0.0077081
0.0094063,-0.046231,-0.016765
0.0081546,-0.051752,-0.029131
0.0066644,-0.05778,-0.044788
0.0049489,-0.064322,-0.063709
0.0030202,-0.071382,-0.085853
0.00088921,-0.078961,-0.11118
0.0012251,-0.07239,-0.068878
0.0016107,-0.066459,-0.037515
0.0020277,-0.061097,-0.015921
0.0024536,-0.056242,-0.0032997
0.0028621,-0.051836,0.00090445
0.0032891,-0.047691,0.0045524
0.00377,-0.043625,0.015994
0.0042659,-0.039614,0.035093
0.004745,-0.035639,0.061789
0.005184,-0.03169,0.096066
0.0061823,-0.023167,0.11422
0.0065467,-0.016006,0.13166
0.006287,-0.010178,0.14838
0.0054104,-0.0056667,0.1644
0.0040657,-0.0023807,0.17979
0.0037209,0.00050597,0.19459
0.0047665,0.0032121,0.20882
0.0072179,0.0057392,0.22254
0.011038,0.0081891,0.23572
0.015619,0.011672,0.24835
0.01097,0.0078589,0.19656
0.0068957,0.0049686,0.15658
0.0037532,0.0026549,0.12497
0.0018704,0.0006305,0.099534
0.0013727,-0.0010444,0.078776
0.0016077,-0.0027532,0.061639
0.00080594,-0.0055241,0.047351
-0.0011474,-0.0094343,0.035342
-0.0042398,-0.014485,0.025237
-0.00841,-0.020649,0.016839
-0.0016721,-0.01333,0.025307
0.0021156,-0.0081668,0.035484
0.0030817,-0.0050668,0.047361
0.0031715,-0.0028791,0.060923
0.0062936,0.00069965,0.076157
0.012679,0.0058098,0.09304
0.022484,0.012538,0.11153
0.035871,0.020973,0.13154
0.052983,0.031221,0.15301
0.073672,0.043842,0.17585
0.062561,0.037111,0.17582
0.052497,0.030999,0.17518
0.043431,0.025483,0.17401
0.035321,0.020544,0.17244
0.028123,0.01616,0.17051
0.021801,0.012311,0.16831
0.016336,0.0089527,0.16585
0.0117,0.0060599,0.16319
0.0078619,0.0036176,0.16036
0.0047962,0.0016118,0.15739
0.0012651,-0.00040321,0.14497
-0.00034208,-0.0012806,0.134
-0.00085151,-0.0015184,0.12415
-0.0028748,-0.0027156,0.11511
-0.0066202,-0.0049802,0.10671
-0.012101,-0.0082919,0.098774
-0.019339,-0.012672,0.091205
-0.028379,-0.018154,0.083921
-0.039279,-0.024782,0.076875
-0.052107,-0.032605,0.070038
-0.046386,-0.028534,0.074713
-0.041174,-0.02449,0.078742
-0.036475,-0.020463,0.082185
-0.032293,-0.016444,0.085089
-0.028631,-0.012425,0.087509
-0.025494,-0.0084006,0.089489
-0.022883,-0.0043665,0.091075
-0.020799,-0.00031977,0.092303
-0.019244,0.0037397,0.093208
-0.018216,0.0078108,0.09382
-0.01718,0.0030627,0.076278
-0.016558,-0.0011648,0.061318
-0.016357,-0.0048214,0.048537
-0.016591,-0.007863,0.03763
-0.017278,-0.010257,0.028365
-0.018442,-0.011981,0.020562
-0.020001,-0.0132,0.014088
-0.021272,-0.015022,0.0088307
-0.022159,-0.017654,0.0047301
-0.022699,-0.021108,0.0017532
-0.02283,-0.019609,0.001293
-0.022849,-0.018262,0.00095912
-0.022755,-0.017073,0.00072059
-0.022545,-0.016047,0.00055344
-0.022217,-0.015192,0.0004411
-0.021769,-0.01451,0.00037068
-0.021201,-0.014008,0.00033368
-0.020611,-0.013538,0.00032447
-0.020147,-0.012884,0.00034038
-0.019814,-0.012043,0.00037759
-0.0197,-0.012647,0.0009904
-0.019717,-0.013068,0.0017534
-0.019861,-0.013308,0.0026588
-0.019982,-0.013586,0.0036982
-0.019975,-0.014051,0.004865
-0.019837,-0.014701,0.0061532
-0.019564,-0.015535,0.0075577
-0.019155,-0.016553,0.0090724
-0.018604,-0.017754,0.010692
-0.017911,-0.019138,0.01241
-0.026297,-0.024179,0.012385
-0.036176,-0.030262,0.012203
-0.047615,-0.037446,0.011886
-0.060675,-0.045789,0.011458
-0.075416,-0.055346,0.010945
-0.09189,-0.066169,0.010371
-0.11014,-0.078307,0.0097587
-0.13022,-0.091805,0.009125
-0.15216,-0.10671,0.0084843
-0.17599,-0.12305,0.0078469
-0.16289,-0.11504,0.0080154
-0.14999,-0.10745,0.0080353
-0.13731,-0.1003,0.007956
-0.12486,-0.093607,0.007813
-0.11263,-0.087409,0.0076323
-0.10064,-0.081728,0.0074319
-0.0889,-0.076588,0.0072242
-0.077411,-0.072013,0.0070172
-0.066185,-0.068026,0.0068163
-0.055228,-0.064652,0.0066244
-0.056918,-0.059036,0.0051009
-0.058247,-0.054183,0.0035644
-0.059181,-0.050118,0.0021238
-0.059686,-0.046859,0.00087073
-0.059732,-0.044423,-0.00011834
-0.059288,-0.042822,-0.00078018
-0.058406,-0.041951,-0.0010635
-0.057923,-0.040616,-0.001163
-0.058054,-0.03848,-0.0016887
-0.05879,-0.035535,-0.0026996
-0.05695,-0.036377,-0.0018487
-0.055295,-0.036979,-0.001227
-0.053821,-0.037341,-0.00090744
-0.052528,-0.037467,-0.00076034
-0.051423,-0.037361,-0.00022889
-0.050507,-0.037024,0.00076874
-0.049675,-0.036598,0.0022745
-0.048696,-0.036398,0.0043259
-0.047559,-0.036436,0.0069534
-0.046263,-0.03671,0.010183
-0.046931,-0.039336,0.011577
-0.047334,-0.0424,0.012973
-0.047466,-0.045911,0.014362
-0.047316,-0.049879,0.015737
-0.046878,-0.054317,0.017091
-0.046141,-0.059234,0.018417
-0.045096,-0.064641,0.019709
-0.043733,-0.070549,0.020964
-0.042043,-0.076968,0.022177
-0.040015,-0.083909,0.023347
-0.041993,-0.077892,0.019202
-0.043768,-0.072408,0.015504
-0.045345,-0.067427,0.012227
-0.046726,-0.062924,0.0093519
-0.047918,-0.058873,0.006864
-0.048922,-0.05525,0.0047523
-0.049743,-0.052033,0.003008
-0.050383,-0.049203,0.0016246
-0.050844,-0.04674,0.00059697
-0.051128,-0.044628,-7.8972e-05
-0.051396,-0.045423,-0.00046265
-0.051662,-0.046244,-0.0011901
-0.051912,-0.047087,-0.00296
-0.052144,-0.047949,-0.0057243
-0.052354,-0.048827,-0.0094423
-0.052538,-0.049719,-0.014079
-0.052694,-0.050623,-0.019605
-0.052822,-0.051536,-0.025992
-0.052919,-0.052459,-0.033217
-0.052984,-0.053389,-0.041258
-0.046165,-0.044378,-0.032828
-0.040006,-0.036544,-0.025191
-0.034408,-0.029841,-0.018434
-0.029277,-0.024227,-0.012633
-0.024522,-0.019664,-0.0078557
-0.020151,-0.01599,-0.0041643
-0.016681,-0.012412,-0.0016209
-0.014153,-0.0087414,-0.00027699
-0.012509,-0.0049136,4.7674e-05
-0.011702,-0.00087304,0.0012105
-0.0070345,-0.0036531,0.00015748
-0.0047444,-0.0038296,-7.6565e-05
-0.0025526,-0.0042152,-0.00084043
0.0014975,-0.0072022,-0.0024845
0.0075699,-0.012969,-0.0050528
0.015882,-0.021772,-0.0085843
0.026644,-0.033862,-0.013092
0.040052,-0.049472,-0.018569
0.056287,-0.068812,-0.024993
0.075542,-0.092057,-0.032337
0.076575,-0.094078,-0.03088
0.076445,-0.097078,-0.029957
0.075143,-0.10109,-0.029459
0.072682,-0.10614,-0.029312
0.069072,-0.11223,-0.029459
0.064319,-0.11938,-0.029863
0.058432,-0.12761,-0.030495
0.051415,-0.13693,-0.031335
0.043271,-0.14735,-0.032369
0.034003,-0.15888,-0.033586
0.041299,-0.14712,-0.032391
0.047692,-0.13613,-0.030463
0.053173,-0.12592,-0.028028
0.057736,-0.11651,-0.025272
0.061371,-0.10791,-0.022339
0.064073,-0.10014,-0.019346
0.065834,-0.093208,-0.016388
0.066649,-0.087125,-0.013538
0.066515,-0.081904,-0.010858
0.065427,-0.077559,-0.0083987
0.054035,-0.063502,-0.0034246
0.043879,-0.05124,-0.0008447
0.034907,-0.040624,-5.4115e-05
0.027157,-0.031446,0.00052544
0.020595,-0.023571,0.0021709
0.015127,-0.016924,0.0046558
0.010666,-0.01143,0.0078103
0.0071373,-0.0070198,0.011513
0.0044752,-0.0036231,0.015687
0.0026319,-0.0011787,0.020308
0.0036302,-0.0030676,0.01006
0.0051529,-0.0053425,0.0034697
0.0071931,-0.0080111,0.0002914
0.0097448,-0.011075,-0.00058625
0.012758,-0.014552,-0.0042785
0.016093,-0.018555,-0.011611
0.019712,-0.023109,-0.022746
0.023599,-0.028221,-0.037808
0.027738,-0.033895,-0.056867
0.032114,-0.040135,-0.079939
0.03156,-0.036073,-0.053198
0.03006,-0.032964,-0.03182
0.030276,-0.028434,-0.015905
0.032257,-0.022434,-0.0055191
0.035973,-0.014985,-0.00070279
0.041489,-0.0060442,0.00073088
0.048985,0.0044872,0.0069736
0.058605,0.016739,0.018804
0.070498,0.030852,0.036238
0.084806,0.046968,0.059303
0.081715,0.04404,0.034306
0.078798,0.041156,0.015781
0.076052,0.038314,0.0040523
0.073474,0.035514,-0.00063464
0.071006,0.032759,-0.0032998
0.068548,0.030056,-0.01313
0.066085,0.027412,-0.030385
0.063609,0.024831,-0.055127
0.061109,0.022318,-0.087402
0.058579,0.01988,-0.12725
0.062204,0.022982,-0.11784
0.065941,0.026205,-0.10891
0.06979,0.029548,-0.10045
0.073751,0.033012,-0.092423
0.077823,0.036597,-0.084811
0.082008,0.040306,-0.077601
0.086304,0.044138,-0.070773
0.090711,0.048093,-0.06432
0.095228,0.052174,-0.058228
0.099856,0.05638,-0.052488
0.10592,0.065806,-0.032048
0.11238,0.075493,-0.016793
0.11923,0.085445,-0.0067007
0.12646,0.095663,-0.0017502
0.13408,0.10615,-0.00052414
0.14217,0.11688,0.0046333
0.15073,0.12786,0.014863
0.15976,0.13909,0.030148
0.16926,0.15056,0.050467
0.17922,0.16226,0.075807
0.11903,0.10852,0.052445
0.073132,0.067257,0.035634
0.03984,0.037063,0.023414
0.0176,0.01663,0.014618
0.004927,0.0046968,0.008469
4.0994e-05,0.00027675,0.0044056
-0.0022372,-0.0011612,0.0019402
-0.010438,-0.0079104,0.00050147
-0.02614,-0.021426,0.00018224
-0.050629,-0.042896,-0.00075472
-0.037855,-0.03408,-0.0044884
-0.027266,-0.025932,-0.010272
-0.018864,-0.018447,-0.017818
-0.012042,-0.012236,-0.02694
-0.0059431,-0.0081552,-0.037561
-0.00055264,-0.0062134,-0.04971
0.0041337,-0.0064094,-0.063492
0.0081156,-0.0087413,-0.079025
0.012497,-0.012099,-0.09638
0.01899,-0.014752,-0.11557
0.017124,-0.016702,-0.10531
0.016682,-0.017273,-0.096329
0.015992,-0.018131,-0.088301
0.013978,-0.020347,-0.081007
0.010646,-0.023909,-0.074284
0.005982,-0.028821,-0.068026
-4.158e-05,-0.035103,-0.062151
-0.0074643,-0.042793,-0.056609
-0.016333,-0.051934,-0.051364
-0.026697,-0.06258,-0.046395
-0.027826,-0.061808,-0.046688
-0.028897,-0.061037,-0.046742
-0.029911,-0.060267,-0.046583
-0.030867,-0.059497,-0.046233
-0.031766,-0.058726,-0.045713
-0.032606,-0.057956,-0.045041
-0.033389,-0.057184,-0.044236
-0.034114,-0.056413,-0.043313
-0.034781,-0.05564,-0.042286
-0.035391,-0.054867,-0.041168
-0.027914,-0.05002,-0.065855
-0.02078,-0.045721,-0.095642
-0.013964,-0.041964,-0.13032
-0.0074525,-0.038752,-0.1697
-0.0012377,-0.036094,-0.21356
0.004682,-0.034007,-0.26171
0.010304,-0.032508,-0.3139
0.015624,-0.031617,-0.36992
0.020633,-0.031356,-0.42954
0.025326,-0.031745,-0.49257
0.02699,-0.037377,-0.45539
0.028344,-0.04381,-0.42127
0.029402,-0.051034,-0.38949
0.030174,-0.059041,-0.35967
0.030667,-0.067824,-0.33143
0.030884,-0.077377,-0.3046
0.030829,-0.087693,-0.27901
0.030501,-0.098769,-0.25456
0.029897,-0.1106,-0.23117
0.029017,-0.12318,-0.20881
0.01977,-0.1085,-0.18703
0.011298,-0.095205,-0.17008
0.0036338,-0.083233,-0.15658
-0.0031964,-0.072539,-0.14562
-0.0091718,-0.063079,-0.13659
-0.014275,-0.054815,-0.12904
-0.018491,-0.04771,-0.12268
-0.021806,-0.041733,-0.11724
-0.024207,-0.036852,-0.11257
-0.025683,-0.033038,-0.1085
-0.020234,-0.02748,-0.12688
-0.015308,-0.022506,-0.14596
-0.010898,-0.018116,-0.16569
-0.0069994,-0.014311,-0.18601
-0.0036078,-0.011095,-0.20687
-0.00071987,-0.0084707,-0.22821
0.0016669,-0.0064428,-0.24999
0.0035544,-0.0050163,-0.27214
0.0049439,-0.0041965,-0.29462
0.0058364,-0.0039892,-0.31737
0.0075172,-0.0055471,-0.30699
0.0093681,-0.0073513,-0.29745
0.011384,-0.0094057,-0.28856
0.013559,-0.011714,-0.28023
0.015892,-0.01428,-0.27235
0.01838,-0.017106,-0.26484
0.02102,-0.020195,-0.25763
0.023813,-0.023549,-0.25068
0.026758,-0.027171,-0.24394
0.029855,-0.031062,-0.23737
0.024957,-0.026396,-0.24256
0.020555,-0.022176,-0.24847
0.016628,-0.018379,-0.25502
0.013157,-0.01499,-0.26212
0.010129,-0.011992,-0.2697
0.0075296,-0.0093732,-0.27772
0.00535,-0.0071238,-0.28613
0.0035828,-0.0052353,-0.29488
0.0022227,-0.0037015,-0.30394
0.0012663,-0.0025176,-0.31329
0.0010903,-0.0010281,-0.31244
0.0013154,-0.00011058,-0.31179
0.0015943,0.00052416,-0.31131
0.0012532,0.0014382,-0.31095
0.00027236,0.0026412,-0.31068
-0.0013469,0.0041328,-0.31048
-0.0034481,0.0061001,-0.31032
-0.0059488,0.0086426,-0.31016
-0.0088515,0.011761,-0.30999
-0.012159,0.015451,-0.3098
-0.0064694,0.009504,-0.28726
-0.0023066,0.0051695,-0.26698
0.00042587,0.0023433,-0.24854
0.0018077,0.00093345,-0.23161
0.0019689,0.00048232,-0.21593
0.0028769,-0.00084367,-0.20128
0.0049922,-0.003414,-0.1875
0.008298,-0.0072074,-0.17445
0.012796,-0.012219,-0.16202
0.018504,-0.018458,-0.15012
0.020606,-0.017173,-0.13144
0.021956,-0.016821,-0.11402
0.022726,-0.017199,-0.097882
0.024035,-0.016929,-0.08298
0.026091,-0.015752,-0.069313
0.028888,-0.013671,-0.056854
0.032424,-0.010689,-0.045602
0.036699,-0.0068032,-0.035539
0.041715,-0.0020085,-0.026672
0.047477,0.0037029,-0.018996
0.04242,-0.0023776,-0.023888
0.038159,-0.0076026,-0.029409
0.034666,-0.011979,-0.035572
0.031916,-0.015509,-0.042374
0.029884,-0.018191,-0.049815
0.02855,-0.020022,-0.057879
0.027897,-0.020991,-0.066558
0.02783,-0.02119,-0.075826
0.027357,-0.021862,-0.085682
0.026174,-0.023379,-0.0961
0.025145,-0.022223,-0.07794
0.024194,-0.02111,-0.063029
0.023306,-0.020042,-0.050716
0.02247,-0.019022,-0.040509
0.021676,-0.018051,-0.032037
0.020916,-0.017131,-0.025007
0.020183,-0.016263,-0.019194
0.019471,-0.015449,-0.01441
0.018774,-0.01469,-0.010509
0.018087,-0.013986,-0.0073681
0.016701,-0.014928,-0.0090012
0.014233,-0.017323,-0.010778
0.010662,-0.021231,-0.012705
0.0059449,-0.026732,-0.014779
2.5062e-05,-0.033918,-0.016999
-0.007161,-0.042889,-0.019355
-0.015679,-0.053744,-0.021835
-0.025596,-0.066579,-0.024418
-0.036974,-0.081489,-0.027084
-0.049873,-0.098561,-0.029806
-0.040481,-0.084123,-0.033827
-0.03194,-0.070874,-0.0376
-0.024248,-0.058817,-0.041164
-0.017408,-0.047954,-0.044554
-0.011418,-0.03829,-0.047805
-0.0062794,-0.029827,-0.050944
-0.0019931,-0.022569,-0.053998
0.0014401,-0.016518,-0.056986
0.0040192,-0.01168,-0.059927
0.005743,-0.0080566,-0.062838
0.0051937,-0.011883,-0.055513
0.0041408,-0.016746,-0.048591
0.0026271,-0.022643,-0.042091
0.00070296,-0.029566,-0.036025
-0.0015778,-0.037501,-0.030403
-0.0041607,-0.046435,-0.025232
-0.0069927,-0.056354,-0.020516
-0.010024,-0.067243,-0.016265
-0.013206,-0.079093,-0.012486
-0.016497,-0.091892,-0.0091893
-0.018397,-0.081595,-0.0042133
-0.019655,-0.071916,-0.0013016
-0.020321,-0.062862,-0.00017515
-0.020451,-0.054444,0.00035474
-0.0201,-0.046672,0.0022518
-0.019311,-0.039558,0.0054518
-0.018126,-0.033113,0.0098615
-0.016584,-0.027352,0.015411
-0.014723,-0.02229,0.022049
-0.012574,-0.017943,0.029743
-0.01382,-0.019664,0.028488
-0.015111,-0.021481,0.02733
-0.016449,-0.023397,0.026259
-0.017831,-0.025411,0.025271
-0.019265,-0.027521,0.024359
-0.02077,-0.029715,0.023519
-0.022349,-0.031991,0.022746
-0.024004,-0.034349,0.022037
-0.025736,-0.036791,0.021387
-0.027546,-0.039316,0.020794
-0.030331,-0.04437,0.013621
-0.032145,-0.050496,0.0080498
-0.032467,-0.058055,0.0039765
-0.03128,-0.06706,0.0013379
-0.028563,-0.077526,9.0881e-05
-0.024289,-0.089468,-0.00023688
-0.018431,-0.1029,-0.0016278
-0.010963,-0.11783,-0.0042783
-0.0018598,-0.13428,-0.0081302
0.008902,-0.15226,-0.013121
-0.0084711,-0.14206,-0.0044438
-0.023694,-0.13322,-0.00066706
-0.036796,-0.12573,0.00011212
-0.0478,-0.11959,0.0015732
-0.056724,-0.11477,0.0044355
-0.063583,-0.11129,0.0082648
-0.068392,-0.10913,0.012781
-0.071159,-0.1083,0.0178
-0.07208,-0.10868,0.023197
-0.074046,-0.10836,0.028891
-0.06789,-0.10146,0.015236
-0.06226,-0.094376,0.0068043
-0.057175,-0.08714,0.0021288
-0.05195,-0.080254,0.00024574
-0.046328,-0.073927,-0.00027755
-0.040306,-0.068201,-0.0022483
-0.033881,-0.063113,-0.0056001
-0.027052,-0.058692,-0.010113
-0.019826,-0.054962,-0.015632
-0.012212,-0.051937,-0.022049
-0.020714,-0.049828,-0.020349
-0.027071,-0.049134,-0.018705
-0.031272,-0.049872,-0.017118
-0.033473,-0.05196,-0.015591
-0.036727,-0.053463,-0.014116
-0.042216,-0.053662,-0.012691
-0.049943,-0.052587,-0.011317
-0.05991,-0.050269,-0.0099962
-0.072111,-0.046737,-0.008727
-0.086538,-0.042014,-0.0075108
-0.083065,-0.052957,-0.0078532
-0.080383,-0.063678,-0.008135
-0.078504,-0.07418,-0.0083592
-0.077438,-0.084468,-0.0085288
-0.077196,-0.09455,-0.008646
-0.077786,-0.10443,-0.0087135
-0.079216,-0.11413,-0.008733
-0.081491,-0.12365,-0.0087066
-0.084615,-0.13301,-0.0086355
-0.088591,-0.14222,-0.0085221
-0.091693,-0.148,-0.012069
-0.094907,-0.15382,-0.016018
-0.098233,-0.15969,-0.020311
-0.10165,-0.16562,-0.0249
-0.10505,-0.17169,-0.029743
-0.10843,-0.17789,-0.034805
-0.11178,-0.18424,-0.040057
-0.11511,-0.19073,-0.045471
-0.11843,-0.19739,-0.051022
-0.12172,-0.2042,-0.05669
-0.094579,-0.16268,-0.058921
-0.071053,-0.12792,-0.065017
-0.050629,-0.099119,-0.074366
-0.032864,-0.075584,-0.086694
-0.017386,-0.056739,-0.10185
-0.0038902,-0.042106,-0.11974
0.0078558,-0.031325,-0.14023
0.018005,-0.024157,-0.16321
0.026631,-0.020494,-0.18853
0.03374,-0.020339,-0.21609
0.022239,-0.013119,-0.16742
0.013368,-0.0077835,-0.12647
0.0070398,-0.0038342,-0.092411
0.0030293,-0.0010301,-0.064577
0.0010572,0.00075844,-0.042389
0.00083482,0.0016689,-0.025339
0.00036473,0.0028407,-0.012946
-0.0014276,0.0048913,-0.0047852
-0.004528,0.0078413,-0.00058534
-0.0090709,0.011822,0.00046057
-0.01628,0.013976,0.00011865
-0.024821,0.017186,3.1644e-05
-0.034761,0.021516,-0.00044264
-0.046157,0.027038,-0.0013602
-0.059061,0.033827,-0.0027226
-0.073561,0.041886,-0.0045241
-0.090052,0.050669,-0.0067551
-0.10869,0.060036,-0.0093963
-0.12955,0.069974,-0.012423
-0.15271,0.080466,-0.015805
-0.13356,0.066235,-0.0080049
-0.1164,0.05256,-0.0030207
-0.10114,0.039415,-0.00037755
-0.087709,0.026777,0.00028889
-0.076027,0.014609,0.0012165
-0.066032,0.0028788,0.0036968
-0.057674,-0.0084414,0.0075843
-0.050913,-0.019382,0.012773
-0.045722,-0.029972,0.019186
-0.042085,-0.040241,0.026771
-0.035325,-0.032457,0.03983
-0.029268,-0.025564,0.055758
-0.023868,-0.019529,0.074597
-0.019085,-0.014326,0.096373
-0.014889,-0.0099371,0.12108
-0.011265,-0.006357,0.14874
-0.0082041,-0.0035882,0.17931
-0.0057108,-0.0016415,0.2128
-0.0037955,-0.00053336,0.24918
-0.0024751,-0.00028395,0.28846
-0.00097619,-0.00076524,0.22493
-0.00020853,-0.00090363,0.172
-3.8463e-05,-0.00076559,0.12799
0.00043303,-0.00082831,0.091728
0.0014353,-0.0012101,0.062343
0.0029049,-0.0018744,0.039183
0.0047871,-0.0027904,0.021727
0.0070441,-0.003937,0.0095574
0.0096694,-0.0053084,0.0023646
0.012699,-0.006919,-2.245e-05
0.012089,-0.0062396,-0.0013899
0.011831,-0.0049459,-0.0054058
0.0121,-0.0026607,-0.012121
0.012862,0.0005814,-0.021748
0.014083,0.004729,-0.034531
0.015733,0.0097254,-0.050682
0.017786,0.015515,-0.070332
0.020221,0.022047,-0.09354
0.023018,0.029274,-0.12027
0.026165,0.037156,-0.15047
0.022708,0.036181,-0.10015
0.019821,0.034673,-0.062985
0.017449,0.032712,-0.036068
0.015551,0.030373,-0.017496
0.014036,0.027766,-0.0059402
0.012282,0.025275,-0.00047293
0.010171,0.023029,0.00081276
0.0077155,0.021044,0.0058416
0.0049293,0.019378,0.015798
0.0018005,0.018091,0.030699
0.0024136,0.02173,0.023747
0.0030979,0.025698,0.017818
0.003864,0.030007,0.012833
0.0047231,0.03467,0.0087369
0.0056865,0.039701,0.0054897
0.0067652,0.045113,0.003061
0.0079697,0.050919,0.0014251
0.00931,0.05713,0.00055725
0.010795,0.06376,0.00038035
0.012439,0.070823,-0.00011856
0.019942,0.069302,0.00033902
0.025835,0.068523,0.00052195
0.030133,0.068486,0.00060555
0.03285,0.069199,0.00081702
0.034076,0.070631,0.001131
0.035946,0.071773,0.0015337
0.039401,0.072198,0.0020139
0.044456,0.071921,0.0025603
0.05113,0.070955,0.0031637
0.059441,0.069311,0.0038162
0.049477,0.071419,0.0025612
0.041952,0.072565,0.0018148
0.036814,0.072742,0.0013713
0.034022,0.071943,0.0011103
0.032551,0.07062,0.00095629
0.029108,0.070282,0.00084915
0.023417,0.07102,0.00076382
0.015455,0.072806,0.0006869
0.0051897,0.075622,0.00061121
-0.0074145,0.079459,0.00053319
-0.0055158,0.076242,0.00010757
-0.0036723,0.073122,-0.0013121
-0.001888,0.0701,-0.0041317
-0.00017059,0.067173,-0.0082262
0.0014729,0.064341,-0.013493
0.0030363,0.061603,-0.01985
0.0045139,0.058956,-0.027224
0.005901,0.0564,-0.035559
0.0071931,0.053933,-0.0448
0.0083864,0.051554,-0.054906
0.0059549,0.058823,-0.04639
0.0029217,0.066764,-0.038995
-0.00072135,0.075402,-0.032567
-0.0049839,0.084759,-0.026991
-0.009877,0.094856,-0.022174
-0.015412,0.10571,-0.018036
-0.021602,0.11734,-0.014505
-0.028459,0.12975,-0.011519
-0.035997,0.14296,-0.0090185
-0.044226,0.15697,-0.0069495
-0.045162,0.14769,-0.015146
-0.045929,0.13874,-0.025571
-0.046537,0.13012,-0.037809
-0.046999,0.12181,-0.051578
-0.047323,0.11381,-0.06668
-0.047515,0.10611,-0.082977
-0.047584,0.098718,-0.10036
-0.047533,0.091623,-0.11877
-0.04737,0.084824,-0.13812
-0.047099,0.078317,-0.15837
-0.047358,0.069345,-0.10988
-0.047285,0.061314,-0.074374
-0.046939,0.054117,-0.048281
-0.04636,0.047671,-0.029328
-0.04558,0.041904,-0.015987
-0.044622,0.036759,-0.0071937
-0.043507,0.032184,-0.0021854
-0.042248,0.028138,-0.00040356
-0.040874,0.024588,0.00069151
-0.039416,0.021513,0.0042712
-0.041513,0.025043,0.0052252
-0.043521,0.02901,0.0062657
-0.045452,0.033379,0.0073858
-0.047316,0.038118,0.0085794
-0.049124,0.043199,0.0098373
-0.050884,0.048597,0.011153
-0.052605,0.054292,0.012516
-0.054292,0.060267,0.013921
-0.055952,0.066506,0.015357
-0.057588,0.072998,0.016819
-0.060841,0.057209,0.013559
-0.063,0.0446,0.011343
-0.064072,0.035112,0.0098086
-0.064058,0.028693,0.0087306
-0.062956,0.0253,0.0079584
-0.061266,0.023617,0.0073959
-0.060659,0.019358,0.0069912
-0.061235,0.012169,0.0067007
-0.062968,0.002024,0.0064945
-0.06584,-0.011109,0.0063558
-0.070542,-0.0011312,0.0060224
-0.076119,0.0081142,0.0057524
-0.082558,0.016651,0.0055325
-0.089851,0.024492,0.0053542
-0.097992,0.031637,0.0052109
-0.10698,0.03808,0.0050985
-0.11682,0.043805,0.0050143
-0.12751,0.04879,0.0049569
-0.13895,0.053287,0.0049232
-0.1506,0.058708,0.0049009
-0.11957,0.047407,0.0025406
-0.092228,0.037765,0.00097258
-0.068478,0.029748,3.4725e-05
-0.048215,0.023323,-0.00039318
-0.031335,0.018459,-0.00040783
-0.017732,0.015116,-0.00050364
-0.0073008,0.013258,-0.0009517
5.4781e-05,0.012846,-0.0017033
0.0044138,0.013833,-0.0027307
0.0061728,0.016039,-0.0040314
0.0039314,0.010354,-0.0059247
0.0022854,0.0059858,-0.0083197
0.0011181,0.0028375,-0.011233
0.00029181,0.00084178,-0.014664
-0.00022126,-6.4388e-05,-0.018596
-0.00058343,-0.00031686,-0.022993
-0.0013754,-0.0015132,-0.027796
-0.0026769,-0.0038819,-0.032972
-0.0045202,-0.0075218,-0.038488
-0.0069386,-0.012537,-0.044325
-0.0053022,-0.010468,-0.040668
-0.0039049,-0.0085475,-0.037399
-0.0027432,-0.006788,-0.034457
-0.001814,-0.0052012,-0.031798
-0.0011139,-0.0037992,-0.029379
-0.0006399,-0.002593,-0.02717
-0.00024682,-0.0016441,-0.025137
0.0001835,-0.0010026,-0.023256
0.00064597,-0.00067403,-0.021501
0.0011374,-0.00066264,-0.019852
0.0010405,-0.00040652,-0.021751
0.0011198,0.00029264,-0.023738
0.0013762,0.0014396,-0.025805
0.0018096,0.003041,-0.027948
0.0024191,0.0051045,-0.030161
0.0032039,0.0076386,-0.032443
0.0041625,0.010651,-0.034791
0.0052936,0.014151,-0.037206
0.0065958,0.018146,-0.039686
0.0080677,0.022643,-0.042233
0.0056024,0.015708,-0.034682
0.0036065,0.010068,-0.027398
0.0020664,0.0056987,-0.020589
0.00096796,0.0025741,-0.014446
0.00028785,0.00066893,-0.009147
5.7435e-06,-4.6274e-05,-0.0048726
-0.00015777,-0.00042261,-0.0018162
-0.00068398,-0.0019351,-0.00019415
-0.0015888,-0.0046271,0.00021159
-0.0028914,-0.0085085,0.0015855
-0.0032459,-0.0093335,0.00042948
-0.0036408,-0.010163,0.00011166
-0.0040697,-0.010993,-0.00042223
-0.0045292,-0.011813,-0.0018094
-0.0050184,-0.012611,-0.0040515
-0.0055379,-0.013372,-0.0071491
-0.0060889,-0.014086,-0.011102
-0.0066737,-0.014745,-0.015908
-0.007295,-0.015342,-0.021564
-0.0079561,-0.015872,-0.028064
-0.0071897,-0.0085605,-0.029378
-0.0072097,-0.003034,-0.030945
-0.008015,0.0006847,-0.0327
-0.0096292,0.0025902,-0.034574
-0.011719,0.00392,-0.036516
-0.013592,0.0071537,-0.038493
-0.015305,0.012368,-0.040468
-0.016935,0.019565,-0.042419
-0.018559,0.028744,-0.044338
-0.020247,0.039901,-0.04623
-0.023428,0.038203,-0.032573
-0.026579,0.036669,-0.021576
-0.029714,0.035279,-0.01302
-0.032845,0.034018,-0.0067404
-0.035986,0.032871,-0.0026088
-0.039153,0.031828,-0.00052705
-0.042359,0.030883,-1.5864e-05
-0.045617,0.03005,0.0018376
-0.04894,0.029326,0.0055629
-0.052339,0.028706,0.011126
-0.050964,0.022879,0.0051414
-0.049467,0.018398,0.0015363
-0.047811,0.015235,4.1411e-05
-0.04596,0.013359,-0.0004949
-0.043978,0.012398,-0.0026908
-0.042346,0.010511,-0.0065989
-0.041101,0.0074134,-0.012167
-0.040208,0.0030949,-0.019366
-0.039642,-0.0024569,-0.028176
-0.039388,-0.0092531,-0.03858
-0.042796,-0.0050755,-0.031182
-0.046523,-0.001102,-0.024667
-0.05057,0.0026666,-0.018979
-0.054943,0.0062298,-0.014078
-0.059645,0.0095876,-0.0099315
-0.064682,0.012741,-0.0065135
-0.07006,0.01569,-0.0038048
-0.075785,0.018436,-0.0017901
-0.081863,0.020981,-0.00045782
-0.088299,0.023326,0.00020147
-0.084545,0.022458,0.0027315
-0.080964,0.021584,0.011257
-0.077485,0.020673,0.025288
-0.074052,0.019701,0.044413
-0.070601,0.018726,0.068336
-0.067089,0.017791,0.09683
-0.063499,0.016885,0.12969
-0.059826,0.015996,0.16673
-0.056074,0.015118,0.20776
-0.052253,0.014244,0.2526
-0.044664,0.011107,0.25402
-0.037519,0.0088514,0.25579
-0.031218,0.005909,0.25773
-0.025809,0.0020656,0.25977
-0.021289,-0.0026918,0.26182
-0.017654,-0.0083734,0.26384
-0.014901,-0.014986,0.26577
-0.013025,-0.022533,0.2676
-0.012024,-0.031016,0.26928
-0.011895,-0.040436,0.27082
-0.013663,-0.035312,0.30302
-0.016571,-0.030239,0.33449
-0.020616,-0.025217,0.36501
-0.025803,-0.020244,0.39448
-0.032126,-0.01532,0.42276
-0.039587,-0.010445,0.44982
-0.048186,-0.0056182,0.47558
-0.057923,-0.00083972,0.50006
-0.068797,0.0038901,0.52319
-0.080811,0.0085708,0.54502
-0.07648,0.0079518,0.4883
-0.072179,0.0072982,0.44519
-0.067935,0.0066371,0.41121
-0.063766,0.0059845,0.38367
-0.059686,0.0053499,0.36081
-0.055705,0.0047396,0.34146
-0.05183,0.0041568,0.3248
-0.048068,0.0036042,0.31026
-0.044424,0.0030824,0.29742
-0.040901,0.0025925,0.28597
-0.045141,0.0013458,0.26778
-0.049601,-0.00035965,0.25376
-0.05429,-0.0025123,0.24294
-0.059216,-0.0051048,0.23461
-0.064383,-0.0081352,0.2283
-0.0698,-0.011603,0.22364
-0.075469,-0.01551,0.22036
-0.081397,-0.019858,0.21825
-0.087587,-0.024652,0.21718
-0.094043,-0.029891,0.217
-0.085165,-0.039131,0.17784
-0.07695,-0.048568,0.14195
-0.069413,-0.058178,0.10976
-0.062569,-0.067946,0.081536
-0.056436,-0.077862,0.057412
-0.051032,-0.087924,0.037433
-0.046377,-0.098141,0.021621
-0.04249,-0.10853,0.0099548
-0.039387,-0.11912,0.0024205
-0.037084,-0.12994,-0.0010124
-0.036848,-0.1406,-0.00032256
-0.036937,-0.15158,0.00086843
-0.037353,-0.16286,0.0024737
-0.038097,-0.17445,0.0044176
-0.03917,-0.18634,0.006646
-0.040575,-0.19853,0.0091079
-0.042311,-0.21102,0.011771
-0.044382,-0.22381,0.014603
-0.046642,-0.23693,0.017586
-0.048676,-0.25045,0.020696
-0.040453,-0.20706,0.023959
-0.03418,-0.16872,0.027007
-0.030568,-0.13485,0.029895
-0.029484,-0.10506,0.032652
-0.030813,-0.079002,0.035311
-0.034457,-0.056373,0.037888
-0.040339,-0.036912,0.0404
-0.048403,-0.020407,0.042857
-0.05862,-0.0067036,0.045269
-0.070985,0.0042857,0.047638
-0.071096,0.0013545,0.044087
-0.071279,-0.0020019,0.041092
-0.071533,-0.0057834,0.038553
-0.071854,-0.0099891,0.03639
-0.07224,-0.014618,0.034543
-0.07269,-0.01967,0.032961
-0.073201,-0.025143,0.031606
-0.073771,-0.031036,0.030445
-0.074398,-0.037348,0.029454
-0.075081,-0.044078,0.028611
-0.062938,-0.051684,0.024581
-0.052298,-0.059187,0.020752
-0.043141,-0.066596,0.017169
-0.035448,-0.073923,0.013863
-0.029203,-0.081178,0.010856
-0.024396,-0.088377,0.008161
-0.021018,-0.095532,0.0057905
-0.019067,-0.10266,0.0037508
-0.018544,-0.10977,0.0020479
-0.019234,-0.11692,0.00068575
-0.016898,-0.10333,0.0023148
-0.014731,-0.090583,0.0042125
-0.01273,-0.078693,0.0063145
-0.01089,-0.067652,0.0085751
-0.0092084,-0.057458,0.010962
-0.0076821,-0.048108,0.013452
-0.0063076,-0.039598,0.016028
-0.0050817,-0.031928,0.018675
-0.0040009,-0.025095,0.021384
-0.0030623,-0.019097,0.024146
-0.0037464,-0.022885,0.027257
-0.0046673,-0.026988,0.030574
-0.0058016,-0.031411,0.034081
-0.0071277,-0.036156,0.037762
-0.0086257,-0.041226,0.041596
-0.010278,-0.046623,0.045565
-0.012068,-0.052349,0.049646
-0.013982,-0.058406,0.053821
-0.016008,-0.064794,0.05807
-0.018133,-0.071516,0.062378
-0.018632,-0.057586,0.065212
-0.019716,-0.045115,0.069721
-0.021367,-0.034065,0.075694
-0.023575,-0.024405,0.08299
-0.026337,-0.016111,0.091501
-0.029654,-0.0091643,0.10115
-0.033533,-0.0035544,0.11187
-0.037983,0.00072277,0.12363
-0.043017,0.003665,0.13638
-0.048652,0.0052649,0.15013
-0.050325,0.0043488,0.12407
-0.052288,0.0015005,0.10037
-0.054537,-0.0032621,0.079096
-0.057068,-0.0099308,0.06028
-0.059879,-0.018507,0.043942
-0.062969,-0.029,0.030096
-0.066337,-0.041427,0.018749
-0.069984,-0.055811,0.0099055
-0.073908,-0.072175,0.0035698
-0.07811,-0.090547,-0.0002579
-0.068724,-0.075264,-0.0010424
-0.059798,-0.061588,-0.0011181
-0.051345,-0.049445,-0.0019538
-0.043393,-0.038769,-0.0040092
-0.035973,-0.029499,-0.0073795
-0.029122,-0.021575,-0.012139
-0.022877,-0.014941,-0.01834
-0.017279,-0.0095414,-0.026025
-0.012371,-0.0053253,-0.035218
-0.0081938,-0.002249,-0.045934
-0.011445,-0.0038821,-0.055969
-0.015211,-0.0058649,-0.067245
-0.019484,-0.0081725,-0.079712
-0.024257,-0.010784,-0.093305
-0.029524,-0.013682,-0.10793
-0.03528,-0.016853,-0.12349
-0.041521,-0.020285,-0.13988
-0.048245,-0.023969,-0.157
-0.055448,-0.027898,-0.17476
-0.063129,-0.032069,-0.19308
-0.053881,-0.037317,-0.16999
-0.045683,-0.042412,-0.15146
-0.038448,-0.047374,-0.13625
-0.032104,-0.052223,-0.12354
-0.02659,-0.056976,-0.11275
-0.021854,-0.061649,-0.10347
-0.017855,-0.066257,-0.095384
-0.014556,-0.070815,-0.088278
-0.011931,-0.075337,-0.081973
-0.0099589,-0.079839,-0.076334
-0.0091042,-0.067457,-0.044823
-0.0082549,-0.056567,-0.021773
-0.0073984,-0.047019,-0.0070531
-0.0065271,-0.038667,-0.00051826
-0.0056816,-0.031374,0.0018031
-0.0049919,-0.025007,0.011294
-0.0044684,-0.019427,0.028643
-0.0041164,-0.014531,0.053853
-0.003942,-0.01027,0.086956
-0.0039499,-0.0066548,0.12801
-0.0023802,-0.0036444,0.088272
-0.0012446,-0.0016111,0.05718
-0.00051974,-0.00043706,0.033636
-0.00018486,-5.5637e-06,0.016828
9.1416e-05,0.00020158,0.0060777
0.00060055,0.0008984,0.00078611
0.0013544,0.0020482,-0.00043952
0.0024394,0.0037484,-0.0050792
0.003882,0.006122,-0.015099
0.0056887,0.009266,-0.030889
0.0041898,0.0032307,-0.015367
0.0032133,0.0002451,-0.0057965
0.0026445,-0.00039507,-0.0010075
0.0021132,-0.0026326,0.00012318
0.0013813,-0.0074523,0.0028187
0.00037611,-0.015103,0.009701
-0.00088901,-0.02585,0.021413
-0.0023811,-0.039932,0.038447
-0.0040588,-0.057569,0.061103
-0.0058762,-0.07896,0.0895
-0.005643,-0.07313,0.082071
-0.0063849,-0.067429,0.0755
-0.008225,-0.061862,0.069592
-0.011155,-0.05644,0.064222
-0.015169,-0.051173,0.059283
-0.020265,-0.046071,0.054705
-0.026439,-0.041142,0.05043
-0.033695,-0.036396,0.046417
-0.042035,-0.031838,0.042632
-0.051464,-0.027475,0.039051
-0.037378,-0.035749,0.019515
-0.02592,-0.044572,0.0071424
-0.016969,-0.053965,0.0010594
-0.010433,-0.06396,-0.00026113
-0.0062053,-0.074636,-0.0052195
-0.0042788,-0.086039,-0.015561
-0.0040471,-0.098237,-0.031243
-0.001921,-0.11143,-0.052225
0.0027259,-0.12566,-0.078466
0.0099762,-0.14094,-0.1099
0.0085824,-0.13265,-0.073376
0.0072539,-0.12443,-0.044605
0.0060002,-0.11632,-0.02311
0.0048314,-0.10834,-0.0085975
0.0037591,-0.10054,-0.000871
0.0027905,-0.092932,0.0009216
0.0018836,-0.085512,0.0063445
0.0010388,-0.078292,0.0183
0.00027272,-0.071306,0.036765
-0.00040158,-0.064585,0.061732
-0.00052394,-0.049853,0.06166
-0.00059272,-0.037249,0.060389
-0.00060875,-0.026662,0.058139
-0.000573,-0.017985,0.055112
-0.00048627,-0.011116,0.051481
-0.00034976,-0.0059555,0.047404
-0.00027854,-0.0024067,0.043023
-0.00035324,-0.00038072,0.038474
-0.00056281,0.00020501,0.033889
-0.00086145,0.00098311,0.029392
-0.0019299,0.00022861,0.041301
-0.00347,-0.0012866,0.055481
-0.005556,-0.0050953,0.072086
-0.0082238,-0.011122,0.091179
-0.011507,-0.019295,0.11275
-0.015437,-0.029553,0.13674
-0.020043,-0.041843,0.16308
-0.02535,-0.056121,0.19169
-0.031382,-0.07235,0.22247
-0.038161,-0.0905,0.25536
-0.031664,-0.073997,0.20814
-0.025812,-0.059331,0.16948
-0.02059,-0.046438,0.13723
-0.015985,-0.035256,0.11006
-0.011984,-0.025727,0.087054
-0.0085773,-0.017792,0.067582
-0.0057534,-0.011395,0.051189
-0.0035021,-0.0064769,0.037528
-0.0018131,-0.0029781,0.026331
-0.00067602,-0.00083543,0.017374
-0.00019103,-0.0017894,0.014204
1.957e-05,-0.0030673,0.011445
9.671e-05,-0.0046701,0.0090231
0.00042832,-0.0065973,0.0068881
0.001039,-0.0088464,0.0050205
0.0019309,-0.011415,0.0034198
0.0031069,-0.014299,0.0021038
0.0045696,-0.017498,0.0010929
0.0063218,-0.021009,0.00041152
0.0083662,-0.02483,8.0219e-05
0.0053672,-0.017689,3.4062e-05
0.003021,-0.011883,-7.7892e-05
0.0013381,-0.0073329,-0.00039977
0.00032935,-0.003959,-0.0010215
2.6994e-06,-0.0016725,-0.0020352
-0.00042051,-0.00038787,-0.0035061
-0.0015349,-3.2717e-05,-0.005392
-0.0033461,0.00051063,-0.0075568
-0.0058564,0.0020574,-0.0098965
-0.0090618,0.004687,-0.012357
-0.0063237,0.0021153,-0.0099814
-0.0041265,0.00057542,-0.0077315
-0.002439,-3.5194e-05,-0.0056661
-0.00122,-0.00025464,-0.0038445
-0.00041343,-0.0011862,-0.0023255
1.0463e-05,-0.0028552,-0.00117
0.00017729,-0.0053115,-0.0004092
0.00069646,-0.0086381,-3.6039e-05
0.0016883,-0.012931,4.8565e-05
0.0031951,-0.018281,0.00034662
0.00090977,-0.019948,0.0001894
0.00042073,-0.021622,8.7252e-05
-0.0014895,-0.023419,6.3632e-05
-0.0055943,-0.025395,8.3931e-05
-0.011957,-0.02758,6.1247e-05
-0.020654,-0.030004,-1.2057e-05
-0.031769,-0.032689,-0.00014037
-0.045386,-0.035656,-0.0003264
-0.061586,-0.038925,-0.00057032
-0.08045,-0.042513,-0.00087094
-0.062902,-0.042856,-0.003358
-0.047521,-0.043249,-0.0069305
-0.034279,-0.043697,-0.011665
-0.023149,-0.044205,-0.017616
-0.014108,-0.04478,-0.024821
-0.0071362,-0.045428,-0.033304
-0.0022194,-0.046155,-0.043079
0.0006506,-0.046968,-0.054153
0.0014879,-0.047872,-0.066528
0.0026313,-0.048767,-0.08023
0.0023463,-0.047115,-0.068284
0.0021151,-0.045467,-0.057233
0.0019426,-0.043825,-0.047099
0.0018339,-0.042189,-0.037908
0.0017941,-0.040562,-0.02968
0.0018002,-0.038944,-0.022431
0.0017184,-0.037347,-0.016177
0.0015267,-0.035772,-0.01093
0.0012213,-0.034222,-0.006701
0.0007987,-0.0327,-0.0035005
-0.0004794,-0.029687,-0.0039421
-0.0021871,-0.026867,-0.004373
-0.0043281,-0.024237,-0.0047941
-0.0069033,-0.021792,-0.0052064
-0.0099101,-0.019529,-0.0056119
-0.013343,-0.017446,-0.006012
-0.017195,-0.015541,-0.0064085
-0.021456,-0.013814,-0.0068021
-0.026114,-0.012265,-0.007194
-0.031157,-0.010894,-0.0075839
-0.0295,-0.013213,-0.0052349
-0.02785,-0.015799,-0.0034564
-0.026214,-0.018658,-0.0021379
-0.024596,-0.021797,-0.0011951
-0.022998,-0.025224,-0.00056338
-0.021422,-0.028947,-0.00019154
-0.01987,-0.032979,-3.8679e-05
-0.01834,-0.037328,-3.7645e-05
-0.016831,-0.042008,6.3323e-05
-0.01534,-0.04703,0.00029013
-0.011863,-0.041797,0.00053493
-0.0088094,-0.037092,0.00093715
-0.0061719,-0.03287,0.0015375
-0.0039433,-0.029087,0.0023763
-0.0021163,-0.025704,0.0034903
-0.0006845,-0.022681,0.0049122
0.00035815,-0.019981,0.0066689
0.0010166,-0.017568,0.0087814
0.0012945,-0.015409,0.011264
0.001255,-0.013467,0.014124
0.00094001,-0.010272,0.0077803
0.00068124,-0.0075567,0.0033669
0.00047204,-0.0053016,0.00079118
0.00028755,-0.0034861,-2.7674e-05
0.00011282,-0.0020729,-0.00087518
-6.2315e-05,-0.0010234,-0.0033717
-0.00023497,-0.00031752,-0.0075199
-0.00039633,4.6007e-05,-0.013366
-0.00054989,0.00019749,-0.020966
-0.00074284,0.00070042,-0.030366
-0.0020261,8.6206e-05,-0.032654
-0.0040678,-0.00048502,-0.035077
-0.0067555,-0.0020528,-0.037764
-0.010068,-0.0046789,-0.040788
-0.013984,-0.008431,-0.044176
-0.01848,-0.013381,-0.04792
-0.023536,-0.019599,-0.051983
-0.029131,-0.027155,-0.056319
-0.035246,-0.036113,-0.060863
-0.041865,-0.046536,-0.065553
-0.036395,-0.032252,-0.056252
-0.031297,-0.021004,-0.04843
-0.026558,-0.012526,-0.041728
-0.022166,-0.0065765,-0.035908
-0.018106,-0.0029304,-0.030799
-0.014363,-0.0013867,-0.026279
-0.011083,-0.00031672,-0.022243
-0.008483,0.0024502,-0.018602
-0.0065357,0.0068782,-0.015305
-0.005229,0.012987,-0.012317
-0.0025637,0.014553,-0.013623
-0.0018337,0.015966,-0.015069
-0.00096083,0.017446,-0.01661
0.0018396,0.019181,-0.018202
0.0065771,0.021155,-0.019818
0.013262,0.023358,-0.021441
0.021906,0.025784,-0.023063
0.032516,0.028432,-0.024687
0.045103,0.031303,-0.026317
0.059672,0.0344,-0.027964
0.054139,0.024472,-0.01834
0.048688,0.016615,-0.011041
0.043333,0.010726,-0.0057507
0.038094,0.0067147,-0.0022281
0.032987,0.0044966,-0.00028831
0.028103,0.0034494,0.00022589
0.023773,0.0011135,0.001004
0.020042,-0.0027779,0.0030561
0.016931,-0.0082231,0.0063575
0.014455,-0.015252,0.010916
0.013123,-0.015798,0.0081317
0.011869,-0.016339,0.0057803
0.010695,-0.016872,0.0038426
0.0096018,-0.017398,0.0023043
0.0085928,-0.017917,0.0011525
0.0076696,-0.018429,0.00037764
0.0068338,-0.018933,-2.8627e-05
0.0060875,-0.019428,-0.0001301
0.005437,-0.019912,-0.00045801
0.0048846,-0.020383,-0.001137
0.0081744,-0.018982,-0.0042323
0.013201,-0.017287,-0.0094817
0.019968,-0.01528,-0.017025
0.02848,-0.012949,-0.027003
0.03874,-0.01029,-0.039513
0.05075,-0.0073029,-0.054578
0.064511,-0.0039906,-0.072146
0.080022,-0.00035817,-0.092103
0.09728,0.0035891,-0.11428
0.11628,0.0078451,-0.13849
0.09866,0.0024305,-0.12574
0.082824,-0.0030634,-0.1136
0.068713,-0.0086521,-0.10199
0.056271,-0.01435,-0.0909
0.045449,-0.020169,-0.080326
0.036199,-0.026121,-0.070285
0.028477,-0.032212,-0.060794
0.022244,-0.038449,-0.051884
0.017467,-0.044832,-0.043584
0.014116,-0.05136,-0.035923
0.017057,-0.052732,-0.049149
0.020596,-0.054163,-0.064201
0.024767,-0.055657,-0.080955
0.0296,-0.057215,-0.099279
0.035125,-0.058836,-0.11903
0.041371,-0.060517,-0.14006
0.048364,-0.062254,-0.16224
0.056127,-0.06404,-0.18544
0.064683,-0.065869,-0.20953
0.074051,-0.067733,-0.23442
0.07223,-0.075391,-0.21151
0.070613,-0.083266,-0.19302
0.069182,-0.091368,-0.17776
0.067924,-0.099705,-0.16494
0.066832,-0.10828,-0.15397
0.065898,-0.1171,-0.14444
0.06512,-0.12617,-0.13604
0.064494,-0.13548,-0.12855
0.064017,-0.14505,-0.12179
0.063688,-0.15487,-0.11562
0.070466,-0.1439,-0.097465
0.078229,-0.13293,-0.082144
0.086968,-0.12197,-0.069062
0.096679,-0.11104,-0.057786
0.10736,-0.10015,-0.048007
0.11902,-0.089316,-0.039488
0.13165,-0.078538,-0.032057
0.14527,-0.067824,-0.025575
0.15988,-0.057176,-0.019943
0.17549,-0.046597,-0.015075
0.21324,-0.05689,-0.0086097
0.25583,-0.068435,-0.0036206
0.30353,-0.08126,-0.00011091
0.35655,-0.095387,0.0019317
0.41508,-0.11082,0.0026649
0.47928,-0.12754,0.0041726
0.54929,-0.14554,0.0071153
0.62522,-0.16477,0.011459
0.70714,-0.18518,0.017159
0.79511,-0.20673,0.02416
0.76602,-0.17747,0.021401
0.73826,-0.15043,0.019959
0.71173,-0.12545,0.019162
0.68635,-0.10238,0.018697
0.66205,-0.081094,0.018406
0.63876,-0.061477,0.018205
0.61642,-0.043433,0.018049
0.59497,-0.026876,0.017915
0.57437,-0.011728,0.017788
0.55457,0.0020779,0.017661
0.48812,-0.0023949,0.011279
0.42702,-0.006864,0.0066059
0.37099,-0.011249,0.0033112
0.3198,-0.015484,0.001205
0.2732,-0.019513,0.00016992
0.23101,-0.023291,-0.00015397
0.19301,-0.026785,-0.0011633
0.15903,-0.029963,-0.0030124
0.12892,-0.032797,-0.0056761
0.10249,-0.035264,-0.0091352
0.10694,-0.020052,-0.0039862
0.11223,-0.0066713,-0.0013241
0.11833,0.0049574,-0.00050433
0.1252,0.014891,-0.00016542
0.13282,0.023168,0.0012554
0.14113,0.029802,0.0035772
0.15012,0.03479,0.0066475
0.15976,0.038121,0.010349
0.16958,0.041642,0.01458
0.17915,0.047,0.019255
0.17987,0.044245,0.012987
0.18019,0.043693,0.0084854
0.18077,0.042389,0.0052129
0.18193,0.03892,0.0028164
0.18363,0.033296,0.001056
0.18586,0.025515,-0.00023363
0.1886,0.015568,-0.0011685
0.19184,0.0034392,-0.0018327
0.19558,-0.010888,-0.0022874
0.1998,-0.027436,-0.0025792
0.17576,-0.037391,0.0017742
0.15383,-0.047017,0.011352
0.13395,-0.056315,0.025247
0.11609,-0.065288,0.042875
0.10022,-0.073933,0.063847
0.086328,-0.082245,0.087892
0.074386,-0.090217,0.11481
0.064391,-0.097842,0.14447
0.056338,-0.10511,0.17672
0.050228,-0.11201,0.21149
0.053032,-0.1074,0.18464
0.056211,-0.10248,0.15952
0.059764,-0.097274,0.13609
0.063688,-0.091815,0.11438
0.067986,-0.08613,0.094384
0.072659,-0.080247,0.076139
0.077714,-0.074189,0.059674
0.083157,-0.067984,0.045021
0.088998,-0.061652,0.032218
0.095247,-0.055217,0.021298
0.10343,-0.064924,0.017413
0.11193,-0.075439,0.014155
0.12075,-0.086772,0.011419
0.12989,-0.098932,0.009109
0.13933,-0.11193,0.00715
0.14908,-0.12576,0.0054738
0.15914,-0.14042,0.0040271
0.1695,-0.15593,0.0027628
0.18016,-0.17227,0.0016453
0.19112,-0.18945,0.00064308
0.17692,-0.1687,0.0030099
0.16332,-0.14983,0.0059133
0.15029,-0.13267,0.0094034
0.13784,-0.11708,0.013522
0.12596,-0.10295,0.018312
0.11465,-0.090137,0.02381
0.10391,-0.078551,0.030054
0.093731,-0.06809,0.037074
0.084123,-0.058662,0.044901
0.075088,-0.050185,0.053561
0.073877,-0.044191,0.061952
0.072738,-0.038535,0.069991
0.071669,-0.033203,0.077665
0.070662,-0.028185,0.084988
0.069717,-0.023471,0.091969
0.068831,-0.019051,0.098633
0.068006,-0.014916,0.105
0.06724,-0.011057,0.11108
0.066533,-0.0074651,0.11691
0.065884,-0.0041337,0.12251
0.07801,-0.012355,0.11148
0.091585,-0.022761,0.10073
0.10663,-0.035431,0.090275
0.12317,-0.050441,0.080134
0.14123,-0.067867,0.070326
0.16082,-0.087777,0.060877
0.18196,-0.11023,0.051813
0.20467,-0.13528,0.04316
0.22897,-0.16297,0.03495
0.25486,-0.19333,0.027208
0.24343,-0.17156,0.029037
0.23237,-0.15138,0.031238
0.22166,-0.1327,0.033727
0.21128,-0.11544,0.036446
0.20124,-0.099506,0.039359
0.19151,-0.084833,0.042437
0.18209,-0.071352,0.045665
0.17298,-0.059001,0.049028
0.16416,-0.047725,0.052518
0.15564,-0.037471,0.056127
0.16175,-0.028462,0.047378
0.16828,-0.019708,0.040031
0.1752,-0.011178,0.033778
0.1825,-0.0028493,0.028398
0.19018,0.0052991,0.023727
0.19821,0.013284,0.01964
0.2066,0.02112,0.016044
0.21535,0.02882,0.012866
0.22443,0.036395,0.010051
0.23386,0.043854,0.0075522
0.22453,0.043044,0.014353
0.21531,0.04218,0.021365
0.20621,0.041267,0.028416
0.19723,0.040306,0.035414
0.18838,0.0393,0.042317
0.17966,0.03825,0.049109
0.17108,0.037161,0.055785
0.16264,0.036033,0.062353
0.15436,0.034871,0.068816
0.14624,0.033676,0.075185
0.152,0.03343,0.052805
0.15817,0.033111,0.034613
0.16467,0.032703,0.020262
0.17148,0.032189,0.0095036
0.17853,0.031553,0.0021606
0.18579,0.030778,-0.0018964
0.19322,0.029853,-0.0029209
0.20072,0.028791,-0.0051742
0.20825,0.027596,-0.010493
0.21578,0.026262,-0.018849
0.21001,0.039977,-0.0088473
0.2049,0.051154,-0.0033611
0.20049,0.059803,-0.0018234
0.19688,0.065895,0.0012372
0.19415,0.069424,0.0079709
0.1923,0.070402,0.018232
0.19055,0.071078,0.031928
0.18789,0.074202,0.048982
0.18434,0.079787,0.06929
0.1799,0.087838,0.09275
0.17091,0.07688,0.094738
0.16176,0.067597,0.097755
0.15246,0.059912,0.10159
0.14303,0.053757,0.10612
0.13347,0.049075,0.11123
0.12405,0.045157,0.11684
0.11543,0.04019,0.12286
0.10765,0.034101,0.12925
0.1007,0.026916,0.13595
0.094564,0.018654,0.14296
0.10336,0.018116,0.14107
0.11264,0.017294,0.1407
0.1224,0.016186,0.14166
0.13264,0.014794,0.14381
0.14337,0.013117,0.14706
0.15458,0.011156,0.15131
0.16628,0.0089127,0.15651
0.17846,0.0063886,0.16261
0.19113,0.0035824,0.16957
0.20429,0.00049551,0.17738
0.20166,-0.0038839,0.1444
0.19914,-0.0083475,0.11196
0.19673,-0.012917,0.081843
0.1944,-0.017606,0.055346
0.19216,-0.022426,0.03341
0.18999,-0.027384,0.016711
0.18788,-0.032484,0.0057409
0.18583,-0.037728,0.00085799
0.18385,-0.043077,-0.0011293
0.18199,-0.048432,-0.0092233
0.18024,-0.066718,-0.0089682
0.17915,-0.085904,-0.0085245
0.17873,-0.10599,-0.0079445
0.17898,-0.12697,-0.007286
0.17991,-0.14884,-0.0065862
0.18152,-0.17161,-0.0058818
0.18381,-0.19528,-0.0051968
0.18679,-0.21983,-0.0045581
0.19046,-0.24528,-0.0039836
0.19483,-0.27161,-0.0034919
0.18965,-0.22979,-0.0024591
0.18647,-0.19071,-0.0016239
0.18524,-0.15416,-0.00093638
0.1859,-0.11998,-0.00036867
0.1884,-0.088006,9.8585e-05
0.1927,-0.058119,0.00047631
0.19875,-0.030207,0.00077312
0.20651,-0.0041791,0.0010467
0.21597,0.020041,0.0013585
0.22708,0.042512,0.0017049
0.22424,0.044332,0.0012338
0.22155,0.046099,-0.00029576
0.219,0.047818,-0.0031
0.21657,0.04949,-0.0069934
0.21425,0.051114,-0.01184
0.21203,0.052691,-0.017543
0.20991,0.054221,-0.024025
0.20787,0.055705,-0.031232
0.20591,0.057144,-0.039115
0.20402,0.058537,-0.04764
0.19561,0.052294,-0.067157
0.18739,0.046017,-0.087902
0.17938,0.039711,-0.1095
0.1716,0.033382,-0.13172
0.16404,0.027035,-0.15437
0.15672,0.020673,-0.17735
0.14965,0.014303,-0.20056
0.14283,0.0079265,-0.22393
0.13627,0.0015492,-0.24741
0.12998,-0.0048259,-0.27095
0.14623,-0.010116,-0.26862
0.16347,-0.016087,-0.26939
0.1817,-0.022755,-0.27272
0.20092,-0.030134,-0.27824
0.2211,-0.038234,-0.2856
0.24225,-0.047061,-0.29456
0.26436,-0.056615,-0.30486
0.28743,-0.066896,-0.31634
0.31143,-0.077898,-0.32879
0.33638,-0.089613,-0.34212
0.31796,-0.082903,-0.3334
0.30032,-0.076663,-0.32057
0.28344,-0.070853,-0.30515
0.26728,-0.065438,-0.28821
0.25183,-0.060387,-0.27039
0.23705,-0.055674,-0.25219
0.22292,-0.051273,-0.2339
0.20941,-0.047163,-0.21577
0.19649,-0.043324,-0.19796
0.18415,-0.039737,-0.18058
0.19613,-0.0379,-0.13758
0.20846,-0.035937,-0.10489
0.22116,-0.033842,-0.079621
0.23423,-0.031611,-0.059874
0.24767,-0.029239,-0.044386
0.26148,-0.026724,-0.03225
0.27567,-0.024063,-0.022836
0.29023,-0.021256,-0.015659
0.30517,-0.0183,-0.01037
0.32047,-0.015197,-0.0066844
0.34303,0.014391,-0.0075378
0.36759,0.044045,-0.0078256
0.39418,0.073778,-0.007688
0.42282,0.1036,-0.0072892
0.45352,0.13353,-0.0067927
0.48629,0.16357,-0.0063371
0.52116,0.19374,-0.0060376
0.55812,0.22405,-0.0059844
0.5972,0.2545,-0.0062469
0.63839,0.2851,-0.0068233
0.58989,0.25641,-0.00833
0.54485,0.229,-0.013281
0.50303,0.20277,-0.020693
0.46422,0.17761,-0.030008
0.42821,0.15342,-0.0409
0.39482,0.13012,-0.053154
0.36389,0.10764,-0.066619
0.33529,0.085907,-0.08118
0.30886,0.064857,-0.096742
0.28451,0.044438,-0.11323
0.27196,0.024312,-0.089946
0.26025,0.0040976,-0.071429
0.2494,-0.016176,-0.056387
0.23943,-0.036487,-0.044009
0.23035,-0.056816,-0.033763
0.22217,-0.077146,-0.025289
0.2149,-0.097466,-0.018345
0.20855,-0.11777,-0.012758
0.20312,-0.13804,-0.0084068
0.19864,-0.15828,-0.0052025
0.18793,-0.12449,-0.0032153
0.17904,-0.093456,-0.0025066
0.17189,-0.065017,-0.0023548
0.16644,-0.039019,-0.0014341
0.16262,-0.015337,0.00022117
0.16037,0.0061345,0.0025354
0.15963,0.025483,0.0054536
0.16036,0.042779,0.0089386
0.16252,0.058079,0.012963
0.16606,0.071421,0.01751
0.16655,0.064944,0.0063818
0.16762,0.05765,-0.00056333
0.16925,0.049541,-0.0038396
0.17142,0.040604,-0.0046409
0.17403,0.030791,-0.0076873
0.17707,0.020093,-0.013502
0.18054,0.0085133,-0.021902
0.18444,-0.0039479,-0.032739
0.18878,-0.017288,-0.045886
0.19355,-0.031506,-0.061236
0.19186,-0.050681,-0.077308
0.19092,-0.070596,-0.095145
0.19073,-0.091251,-0.11468
0.19131,-0.11264,-0.13586
0.19265,-0.13477,-0.15863
0.19477,-0.15763,-0.18294
0.19766,-0.18122,-0.20872
0.20135,-0.20552,-0.23595
0.20583,-0.23053,-0.26455
0.21112,-0.25622,-0.29449
0.18563,-0.21336,-0.21878
0.16207,-0.1751,-0.16185
0.14046,-0.14108,-0.11787
0.12076,-0.11104,-0.083567
0.10294,-0.084751,-0.05687
0.08694,-0.062004,-0.036423
0.072718,-0.042626,-0.02127
0.060218,-0.026455,-0.010698
0.049391,-0.013339,-0.0041604
0.040188,-0.0031358,-0.0012149
0.044363,-0.0017998,-0.0011371
0.048754,-0.00033004,-0.0011931
0.053372,0.0012798,-0.0010111
0.058216,0.0030312,-0.00053676
0.063286,0.0049257,0.00025703
0.068583,0.0069644,0.0014005
0.074105,0.0091484,0.0029219
0.079853,0.011479,0.0048523
0.085827,0.013956,0.0072191
0.092027,0.016581,0.010053
0.095234,0.012363,0.0022751
0.098744,0.0078636,-0.0017475
0.10255,0.0030474,-0.0026852
0.10653,-0.0021647,-0.0054243
0.11068,-0.0078098,-0.011229
0.11501,-0.013909,-0.019937
0.11953,-0.02048,-0.03141
0.12427,-0.027539,-0.04552
0.12923,-0.0351,-0.062153
0.13443,-0.043172,-0.081205
0.1471,-0.060106,-0.064389
0.16071,-0.07869,-0.050517
0.17529,-0.098928,-0.039091
0.19084,-0.12082,-0.029739
0.20738,-0.14437,-0.022173
0.22492,-0.16958,-0.016163
0.24348,-0.19645,-0.011532
0.26306,-0.22496,-0.0081361
0.28367,-0.25512,-0.0058628
0.30531,-0.28692,-0.0046224
0.2804,-0.27412,-0.0035491
0.25698,-0.26147,-0.0016709
0.23499,-0.24896,0.0010695
0.2144,-0.2366,0.0041578
0.19515,-0.22436,0.0073052
0.17722,-0.21226,0.010346
0.16056,-0.20027,0.01318
0.14515,-0.18841,0.015751
0.13097,-0.17667,0.018024
0.11798,-0.16504,0.019986
0.12724,-0.16303,0.015831
0.13873,-0.1596,0.013274
0.15242,-0.15471,0.011833
0.16831,-0.14832,0.011232
0.1864,-0.1404,0.01132
0.20669,-0.13092,0.012026
0.22919,-0.11986,0.013327
0.25392,-0.10719,0.015233
0.28088,-0.092892,0.017769
0.3101,-0.076956,0.020974
0.26944,-0.041318,0.017027
0.23361,-0.011797,0.01278
0.20225,0.01212,0.0087704
0.17504,0.030889,0.0053094
0.15169,0.044921,0.0025754
0.13194,0.054581,0.00066842
0.11553,0.060194,-0.00035783
0.10226,0.062039,-0.00050612
0.091939,0.06036,-0.001019
0.083739,0.056339,-0.0025481
0.07383,0.049864,-0.0052755
0.064517,0.043778,-0.0090266
0.055804,0.038089,-0.013745
0.0477,0.032802,-0.019384
0.040209,0.027924,-0.025906
0.033337,0.023459,-0.033281
0.027089,0.019414,-0.041482
0.02147,0.015793,-0.050492
0.016484,0.012601,-0.060291
0.012133,0.0098426,-0.070872
0.01524,0.011475,-0.087121
0.019494,0.012311,-0.10502
0.025507,0.011568,-0.12455
0.033349,0.0092496,-0.14566
0.04309,0.0053586,-0.16828
0.054793,-0.00010522,-0.19234
0.068517,-0.0071415,-0.21777
0.084318,-0.01575,-0.24452
0.10225,-0.025927,-0.27252
0.12234,-0.037672,-0.30176
0.1317,-0.032764,-0.27145
0.14156,-0.027359,-0.24455
0.15193,-0.02147,-0.22033
0.1628,-0.015106,-0.1983
0.17419,-0.0082737,-0.1781
0.18609,-0.000977,-0.15947
0.1985,0.0067816,-0.14221
0.21144,0.014999,-0.12618
0.22489,0.023675,-0.11127
0.23886,0.032807,-0.097407
0.21784,0.016874,-0.088429
0.19841,0.0021614,-0.081289
0.18051,-0.011375,-0.07549
0.16411,-0.023776,-0.070691
0.14915,-0.035076,-0.066669
0.13559,-0.045309,-0.063252
0.12339,-0.054503,-0.060325
0.11253,-0.062686,-0.057793
0.10296,-0.069883,-0.055591
0.094654,-0.076116,-0.053659
0.103,-0.090543,-0.046442
0.11209,-0.10587,-0.039817
0.12192,-0.12212,-0.033778
0.13253,-0.1393,-0.028313
0.14391,-0.15743,-0.023419
0.15609,-0.17651,-0.019087
0.16908,-0.19654,-0.015313
0.18288,-0.21754,-0.012093
0.19751,-0.2395,-0.0094219
0.21298,-0.26242,-0.0072909
0.19627,-0.23313,-0.0072518
0.18135,-0.20566,-0.0068896
0.16812,-0.17985,-0.0062959
0.15649,-0.15555,-0.0055506
0.14638,-0.13263,-0.0047201
0.13773,-0.11097,-0.003856
0.13047,-0.090472,-0.0029998
0.12453,-0.071035,-0.0021836
0.11987,-0.052574,-0.0014335
0.11644,-0.035012,-0.00077017
0.10033,-0.027728,-0.00053307
0.085885,-0.021665,-0.00033666
0.072986,-0.01667,-0.00018042
0.061507,-0.012604,-6.427e-05
0.051337,-0.0093448,1.1086e-05
0.042375,-0.0067782,4.4708e-05
0.034527,-0.0048026,5.3736e-05
0.027704,-0.0033256,9.8662e-05
0.021827,-0.0022621,0.0001872
0.016818,-0.0015342,0.00032289
0.012616,-0.0023271,0.00032756
0.0090661,-0.0028137,0.00029571
0.0061713,-0.0030008,0.00023283
0.0039333,-0.0028956,0.00015109
0.0023538,-0.002506,6.805e-05
0.0014342,-0.0018414,6.6526e-06
0.00059671,-0.0013648,-1.3595e-05
-0.00065331,-0.0014781,-5.8841e-05
-0.0023107,-0.0021892,-0.00017407
-0.0043789,-0.0035013,-0.00033677
-0.0021788,-0.0023446,-0.0001664
-0.00024155,-0.0019197,-7.1283e-05
0.0013707,-0.0022413,-2.8616e-05
0.0026551,-0.003347,-2.5475e-05
0.0043232,-0.0047654,-4.7836e-06
0.006876,-0.0061964,7.2831e-05
0.010311,-0.0077281,0.00022559
0.014625,-0.0094404,0.00047065
0.019817,-0.011405,0.00082225
0.025889,-0.013689,0.0012911
0.023649,-0.010064,1.496e-05
0.021677,-0.0066987,-0.00036805
0.019967,-0.0035798,-0.0018796
0.018513,-0.00071017,-0.0044384
0.017306,0.0019059,-0.007899
0.016339,0.0042634,-0.012168
0.015603,0.0063568,-0.017188
0.015092,0.00818,-0.022927
0.014797,0.0097268,-0.029364
0.014714,0.010991,-0.036487
0.012129,0.0088358,-0.02826
0.0097771,0.0068623,-0.020877
0.0076693,0.00508,-0.014437
0.0058181,0.0034987,-0.0090417
0.004237,0.0021289,-0.0047937
0.0029411,0.00098212,-0.0018094
0.0019475,7.1294e-05,-0.00022256
0.0012749,-0.00058901,0.0001855
0.00094037,-0.00098489,0.0018386
0.000906,-0.0011336,0.0051767
0.0010676,-0.0012359,0.00087835
0.0013648,-0.0012779,-0.00015519
0.0018206,-0.0012023,-0.0029682
0.0024356,-0.00097318,-0.0093567
0.0032248,-0.00056764,-0.019326
0.0042062,2.9584e-05,-0.032819
0.0053973,0.00083072,-0.04974
0.0068146,0.0018464,-0.06998
0.0084733,0.0030866,-0.093434
0.010388,0.0045601,-0.12002
0.012772,0.00209,-0.10231
0.015909,-0.0012646,-0.087386
0.019797,-0.005487,-0.074554
0.024452,-0.010583,-0.063366
0.029905,-0.016574,-0.053501
0.036198,-0.023498,-0.04475
0.043381,-0.0314,-0.036964
0.051507,-0.040333,-0.030049
0.060634,-0.050352,-0.023938
0.070821,-0.061515,-0.018585
0.074395,-0.067097,-0.0056248
0.078184,-0.072868,-1.1002e-05
0.082174,-0.078789,0.0018608
0.086353,-0.084791,0.009339
0.09071,-0.090849,0.022785
0.09523,-0.096946,0.041953
0.099905,-0.10307,0.066631
0.10473,-0.1092,0.096631
0.10968,-0.11534,0.13177
0.11477,-0.12149,0.17188
0.11571,-0.1182,0.16335
0.11703,-0.11442,0.15528
0.11873,-0.11014,0.14752
0.12082,-0.10538,0.13999
0.12328,-0.10016,0.1326
0.12613,-0.094481,0.12534
0.12935,-0.088356,0.11815
0.13295,-0.081794,0.11105
0.13694,-0.074798,0.10401
0.1413,-0.067375,0.097045
0.13936,-0.062111,0.075769
0.1376,-0.056975,0.058738
0.136,-0.051956,0.044957
0.13455,-0.047043,0.033751
0.13324,-0.042225,0.024647
0.13206,-0.037494,0.017305
0.13099,-0.032842,0.011479
0.13004,-0.028263,0.0069815
0.12919,-0.023749,0.0036754
0.12845,-0.019296,0.0014513
0.12694,-0.014203,0.0039152
0.12558,-0.0091979,0.0075787
0.12435,-0.0042741,0.012432
0.12324,0.00057435,0.018466
0.12225,0.0053528,0.025679
0.12137,0.010065,0.034064
0.12059,0.014716,0.043623
0.11992,0.019307,0.054353
0.11934,0.023842,0.066256
0.11885,0.028321,0.079331
0.11025,0.03359,0.073005
0.10248,0.038053,0.066414
0.095466,0.041789,0.059737
0.089146,0.044868,0.053113
0.08346,0.047355,0.046649
0.078351,0.049307,0.040427
0.073771,0.050777,0.034514
0.069673,0.051812,0.028961
0.066016,0.052455,0.023811
0.062762,0.052744,0.019096
0.058915,0.049294,0.025853
0.055235,0.04601,0.033368
0.051712,0.042879,0.041592
0.048337,0.039891,0.050484
0.045103,0.037037,0.060011
0.042004,0.034306,0.070145
0.039033,0.031694,0.080859
0.036186,0.029192,0.092134
0.03346,0.026797,0.10395
0.030852,0.024504,0.11628
0.029587,0.023209,0.12619
0.028359,0.021943,0.13654
0.027169,0.020705,0.1473
0.026017,0.019496,0.15849
0.024903,0.018315,0.17008
0.023826,0.017163,0.18208
0.022787,0.016039,0.19447
0.021787,0.014943,0.20724
0.020824,0.013876,0.22038
0.0199,0.012838,0.2339
0.014435,0.0084234,0.25374
0.0099909,0.0049172,0.27323
0.0065659,0.0023226,0.29239
0.0041582,0.00064335,0.31124
0.0027656,-0.00011684,0.32977
0.0022835,-5.8289e-05,0.34801
0.0013244,-0.00058451,0.36592
-0.00054711,-0.0021414,0.38354
-0.0033287,-0.0047325,0.40081
-0.0070184,-0.0083615,0.41776
-0.0048405,-0.0061908,0.37887
-0.0029702,-0.0043532,0.34223
-0.0014083,-0.0028583,0.30761
-0.00015511,-0.0017158,0.27495
0.00078977,-0.00093518,0.24416
0.0014268,-0.00052645,0.21519
0.0017573,-0.00049931,0.18804
0.0019802,-0.00065811,0.16267
0.0025822,-0.00050662,0.13909
0.0035923,-2.1148e-05,0.1173
0.0033413,0.001893,0.11188
0.0038386,0.0034945,0.10663
0.0049265,0.004935,0.10154
0.0057659,0.0070168,0.096551
0.006239,0.0098541,0.091663
0.0063495,0.013448,0.086838
0.0061051,0.017798,0.08207
0.0055166,0.022901,0.077336
0.0045974,0.028757,0.072636
0.0033616,0.03536,0.067956
0.0065427,0.028594,0.067691
0.0088617,0.022913,0.068904
0.010341,0.018271,0.071327
0.010998,0.014629,0.074746
0.010844,0.011955,0.079004
0.0098954,0.010214,0.083953
0.0092408,0.0083801,0.089473
0.0095776,0.0058008,0.095447
0.010911,0.0024703,0.10179
0.013253,-0.0016201,0.10842
0.013565,-0.0045733,0.14497
0.014251,-0.0074396,0.18645
0.015339,-0.010189,0.23256
0.016854,-0.012789,0.28296
0.018821,-0.01521,0.33727
0.021263,-0.017426,0.39515
0.023807,-0.01984,0.45626
0.026155,-0.022783,0.52034
0.028284,-0.026279,0.58709
0.030176,-0.030352,0.6564
0.025302,-0.028266,0.51848
0.020701,-0.026389,0.41039
0.016345,-0.024722,0.32349
0.012227,-0.023261,0.25269
0.008342,-0.022003,0.19458
0.004692,-0.020945,0.14685
0.0012804,-0.020083,0.10785
-0.0018892,-0.019414,0.076288
-0.0048124,-0.018936,0.0512
-0.0074863,-0.018647,0.031784
-0.0070448,-0.021808,0.035789
-0.0064132,-0.025367,0.039955
-0.0055874,-0.029337,0.044239
-0.0045632,-0.033731,0.048562
-0.0033368,-0.038561,0.052873
-0.0019048,-0.043837,0.057091
-0.00026345,-0.049569,0.061166
0.00159,-0.055765,0.06503
0.0036587,-0.062433,0.068648
0.005945,-0.069581,0.07197
-0.0048611,-0.064791,0.05419
-0.014437,-0.061282,0.040279
-0.022914,-0.058932,0.029336
-0.030402,-0.057639,0.020723
-0.036984,-0.057324,0.014
-0.042723,-0.057923,0.0088416
-0.047663,-0.059391,0.0050199
-0.05183,-0.061697,0.0023642
-0.055233,-0.064823,0.00075581
-0.05858,-0.06816,0.0001091
-0.048991,-0.057417,0.00017017
-0.040475,-0.047717,0.00032167
-0.032975,-0.039015,0.00058776
-0.026358,-0.031335,0.00099313
-0.020513,-0.024683,0.0015657
-0.015399,-0.019007,0.0023335
-0.010978,-0.014256,0.0033273
-0.0072108,-0.010381,0.0045761
-0.0040577,-0.0073322,0.0061088
-0.0014816,-0.0050654,0.0079463
-0.0023113,-0.0044062,0.0058
-0.0028887,-0.0040316,0.00398
-0.0032126,-0.0039299,0.0024964
-0.0033899,-0.0039938,0.0013544
-0.0038167,-0.0038717,0.00055882
-0.0045178,-0.0035176,0.00011086
-0.0054842,-0.0029149,-3.2698e-06
-0.006712,-0.0020481,-0.00024288
-0.0082005,-0.00090531,-0.00082728
-0.0099515,0.00052129,-0.0017551
-0.0075336,0.00018196,-0.00092721
-0.0053661,-0.00012765,-0.00040172
-0.0034956,-0.00037789,-0.00011284
-0.0019776,-0.00053301,-4.4076e-06
-0.00088111,-0.00054833,2.5363e-05
-0.00029549,-0.00036545,0.00013196
0.00015842,-0.00030771,0.00028868
0.00103,-0.00083385,0.0005068
0.0022822,-0.0017577,0.00084033
0.0039662,-0.002807,0.0013256
0.0038686,-0.002045,3.764e-06
0.0039364,-0.0010692,-0.00088521
0.0042208,7.8717e-05,-0.0039486
0.0047477,0.0013598,-0.0091035
0.0055145,0.0027561,-0.016198
0.0065065,0.0042622,-0.0251
0.0077086,0.0058758,-0.035716
0.0091095,0.0075943,-0.047996
0.010702,0.0094135,-0.061923
0.012485,0.011327,-0.077516
0.0099112,0.0098386,-0.059714
0.0077005,0.0083253,-0.044261
0.0058341,0.00682,-0.031144
0.0042937,0.0053557,-0.020352
0.0030614,0.0039657,-0.01187
0.002056,0.0027335,-0.0056796
0.0011285,0.0017959,-0.0017577
0.00031008,0.0011526,-7.2e-05
-0.00036753,0.00079964,0.0005897
-0.00090995,0.00074739,0.0032769
-0.0019558,0.0011985,0.003685
-0.0038104,0.0011557,0.0041066
-0.0065273,0.000511,0.0045339
-0.010095,-0.00075574,0.0049617
-0.014504,-0.0026623,0.0053849
-0.019744,-0.0052248,0.0058007
-0.025807,-0.0084575,0.0062062
-0.032686,-0.012374,0.0066009
-0.040372,-0.016985,0.0069837
-0.048859,-0.022304,0.0073558
-0.038387,-0.016727,0.0055702
-0.02936,-0.011979,0.0040166
-0.021704,-0.0080332,0.0027029
-0.01535,-0.0048636,0.0016375
-0.010228,-0.0024411,0.00082829
-0.006268,-0.00073508,0.00028444
-0.0033968,0.00028816,1.6526e-05
-0.0015385,0.0006665,-4.9106e-05
-0.00060054,0.00045573,-0.0003729
0.00018182,0.0006175,-0.0010313
-0.00069931,0.00065944,-8.1407e-05
-0.0017729,0.0012882,0.00018772
-0.0033848,0.0021335,0.0014576
-0.0057087,0.0030585,0.0041652
-0.0087711,0.0041083,0.0085699
-0.012595,0.0053224,0.014875
-0.017201,0.0067352,0.023221
-0.022609,0.0083774,0.033688
-0.028834,0.010276,0.046298
-0.035893,0.012456,0.061025
-0.033851,0.0099702,0.05306
-0.031884,0.0075533,0.046055
-0.029997,0.0052117,0.039855
-0.028192,0.0029512,0.034348
-0.026472,0.00077716,0.029441
-0.024841,-0.0013056,0.025064
-0.023302,-0.0032926,0.021156
-0.021858,-0.0051799,0.017673
-0.020514,-0.0069641,0.014574
-0.019273,-0.008642,0.01183
-0.019609,-0.005511,0.018776
-0.020218,-0.0024393,0.027267
-0.021098,0.00057002,0.037291
-0.022246,0.0035158,0.048828
-0.023657,0.0063985,0.061859
-0.025326,0.0092197,0.076363
-0.027246,0.011982,0.092313
-0.029411,0.014688,0.10969
-0.031816,0.017341,0.12845
-0.034455,0.019944,0.1486
-0.030834,0.015089,0.11899
-0.028101,0.0098131,0.093862
-0.026257,0.0040763,0.072526
-0.0253,-0.0021545,0.05449
-0.025226,-0.0089042,0.039377
-0.026028,-0.016187,0.026917
-0.02769,-0.024004,0.01691
-0.030195,-0.032344,0.0092226
-0.033521,-0.041188,0.0037731
-0.037645,-0.050506,0.00051778
-0.035247,-0.046287,0.0063234
-0.033021,-0.042225,0.016946
-0.030973,-0.03832,0.03215
-0.02911,-0.034572,0.05177
-0.027435,-0.030981,0.075687
-0.025955,-0.027545,0.10379
-0.024672,-0.024261,0.13598
-0.023588,-0.021124,0.17213
-0.022704,-0.018133,0.2121
-0.022019,-0.015281,0.25577
-0.016765,-0.01252,0.2049
-0.012583,-0.010108,0.16325
-0.0092849,-0.0080218,0.12878
-0.0067153,-0.0062384,0.10014
-0.0047448,-0.0047359,0.076358
-0.0032625,-0.0034919,0.056726
-0.0021734,-0.0024842,0.040697
-0.0013956,-0.0016902,0.027836
-0.00085849,-0.0010866,0.017793
-0.00050164,-0.00064971,0.010263
0.00018942,-0.00031945,0.01444
0.0013018,-0.00086095,0.019378
0.0033757,-0.0013694,0.025152
0.0064465,-0.0017094,0.031795
0.010473,-0.0018715,0.039324
0.015417,-0.0018477,0.047726
0.021249,-0.0016318,0.05698
0.02794,-0.0012187,0.067044
0.035468,-0.00060439,0.077872
0.043813,0.00021405,0.089407
0.038345,0.0015968,0.089931
0.033336,0.0027774,0.091378
0.028758,0.0037703,0.093621
0.024589,0.004588,0.09657
0.020806,0.0052418,0.10015
0.017393,0.0057413,0.10432
0.014332,0.0060948,0.10903
0.01161,0.0063094,0.11424
0.0092171,0.006391,0.11994
0.0071428,0.0063444,0.1261
0.0078202,0.0044031,0.10282
0.008655,0.0024273,0.081598
0.0096279,0.00044514,0.062608
0.010724,-0.0015167,0.045988
0.011931,-0.0034332,0.03184
0.013247,-0.0052829,0.020237
0.014674,-0.0070488,0.011238
0.016226,-0.0087213,0.0048779
0.017925,-0.0103,0.001183
0.019801,-0.011794,0.00013115
0.020638,-0.012204,0.00076543
0.021518,-0.01263,0.0030318
0.02247,-0.013084,0.0069568
0.023521,-0.013577,0.012535
0.024696,-0.014117,0.019765
0.026018,-0.014709,0.028645
0.027506,-0.015358,0.039169
0.029181,-0.016066,0.051327
0.031058,-0.016833,0.065103
0.033154,-0.01766,0.080478
0.034412,-0.017768,0.074707
0.035717,-0.017831,0.06831
0.03707,-0.017844,0.061472
0.038471,-0.017807,0.054378
0.039918,-0.017717,0.0472
0.041411,-0.017571,0.0401
0.042951,-0.017368,0.033228
0.044537,-0.017107,0.026721
0.046169,-0.016786,0.020704
0.047845,-0.016406,0.015289
0.036469,-0.015443,0.024973
0.027102,-0.013673,0.037811
0.019605,-0.011108,0.053935
0.013658,-0.0081293,0.073355
0.0080327,-0.0067705,0.095992
0.0025294,-0.0073576,0.12173
-0.0028631,-0.0099596,0.15043
-0.0081443,-0.014674,0.18203
-0.013306,-0.021614,0.21646
-0.018938,-0.030555,0.25373
-0.014682,-0.024193,0.18363
-0.01106,-0.018558,0.12754
-0.0080311,-0.013656,0.083388
-0.005431,-0.0095632,0.049733
-0.0032113,-0.0062885,0.025457
-0.0013515,-0.003827,0.0096537
0.0001693,-0.0021723,0.001528
0.0013734,-0.0013187,-0.00032722
0.0022898,-0.0012825,-0.0055848
0.0032658,-0.0014261,-0.017549
0.0023726,-0.0011646,-0.0099982
0.0015941,-0.00086251,-0.0048092
0.00095449,-0.00053662,-0.0016405
0.0004052,-0.00034957,-0.00018198
-4.2694e-05,-0.00037591,0.00013832
-0.00034753,-0.00063411,0.0013368
-0.00066413,-0.0010149,0.0039435
-0.0011916,-0.0013899,0.0082177
-0.0018889,-0.0017672,0.014377
-0.0027222,-0.0021537,0.022587
-0.0012639,-0.0013918,0.021429
-0.00043758,-0.00072512,0.020314
-1.244e-05,-0.00024889,0.01924
0.00065206,-0.00028452,0.018199
0.0016659,-0.00072548,0.017187
0.0032593,-0.0011438,0.016197
0.0054614,-0.0014905,0.015225
0.0082862,-0.0017472,0.014265
0.01175,-0.0018921,0.013315
0.01587,-0.0019015,0.012372
0.017131,-0.0048224,0.0057292
0.018775,-0.0074365,0.0016995
0.020797,-0.0097509,3.2949e-05
0.02319,-0.011773,-0.00067909
0.025941,-0.013514,-0.0034925
0.028911,-0.015234,-0.0085693
0.031842,-0.017424,-0.015967
0.034722,-0.020105,-0.025748
0.037544,-0.02329,-0.037951
0.040301,-0.026991,-0.052596
0.02855,-0.018408,-0.055551
0.018911,-0.011659,-0.058683
0.011261,-0.0066546,-0.061943
0.0054893,-0.0033181,-0.065304
0.0017196,-0.0011637,-0.06875
0.00021513,0.00049715,-0.072291
0.00032244,0.0020106,-0.075926
-0.00091948,0.0048791,-0.079661
-0.0039357,0.0093194,-0.083495
-0.0088009,0.015373,-0.087434
-0.0050531,0.014976,-0.062439
-0.0018385,0.014752,-0.042352
0.00087307,0.014676,-0.026606
0.0031107,0.014729,-0.014788
0.0049035,0.0149,-0.0065818
0.0062807,0.015187,-0.0017531
0.0072714,0.015601,-0.00013912
0.0079252,0.016183,0.0013498
0.0084022,0.016927,0.0059287
0.009222,0.017621,0.013614
0.01129,0.022574,0.0038291
0.013764,0.028121,-0.00015805
0.01662,0.034262,-0.0022027
0.01977,0.040993,-0.0098643
0.023124,0.048376,-0.023504
0.026691,0.056423,-0.043249
0.030485,0.065139,-0.069152
0.03452,0.074529,-0.10118
0.038807,0.084598,-0.13923
0.043356,0.09535,-0.18313
0.037288,0.080026,-0.164
0.033941,0.065122,-0.14859
0.034616,0.049954,-0.13578
0.03916,0.034541,-0.12483
0.04749,0.018877,-0.11523
0.059595,0.0029397,-0.10665
0.075524,-0.013308,-0.098851
0.09538,-0.029909,-0.091675
0.1193,-0.046907,-0.085021
0.14743,-0.064343,-0.078827
0.16262,-0.070368,-0.049403
0.17843,-0.07668,-0.02735
0.19491,-0.083289,-0.012234
0.21208,-0.090205,-0.0037243
0.22999,-0.097438,-0.0014566
0.24873,-0.10496,0.0022877
0.26836,-0.11276,0.011991
0.28889,-0.12085,0.027506
0.31034,-0.12922,0.048701
0.33272,-0.13788,0.075467
0.31775,-0.13254,0.071301
0.3036,-0.12745,0.067142
0.29023,-0.12258,0.062974
0.27756,-0.11792,0.058805
0.26557,-0.11344,0.054638
0.25419,-0.10913,0.050493
0.2434,-0.10496,0.046384
0.23315,-0.10093,0.042334
0.22342,-0.097024,0.038359
0.21417,-0.093221,0.034481
0.18234,-0.078348,0.038353
0.1537,-0.064797,0.042554
0.12806,-0.052494,0.047044
0.10527,-0.041372,0.051799
0.085189,-0.031369,0.056795
0.06767,-0.022425,0.062018
0.052594,-0.014489,0.067451
0.039851,-0.0075091,0.073084
0.02934,-0.0014401,0.0789
0.020976,0.0037611,0.084896
0.021112,0.0068919,0.070292
0.021457,0.010322,0.057289
0.022,0.014056,0.045768
0.02273,0.018098,0.035644
0.023636,0.022452,0.026848
0.024709,0.027124,0.019331
0.025945,0.032119,0.013055
0.027336,0.037444,0.007994
0.028879,0.043102,0.0041289
0.030572,0.049101,0.0014478
0.026664,0.04042,0.0062235
0.023217,0.0326,0.013478
0.020196,0.025605,0.022928
0.017571,0.019406,0.034383
0.015318,0.01398,0.047722
0.013412,0.0093128,0.062871
0.011838,0.0053972,0.079783
0.010582,0.0022343,0.098423
0.0096365,-0.00016815,0.11875
0.0089986,-0.0017971,0.14072
0.0078733,-0.0023636,0.15419
0.0070869,-0.002259,0.16816
0.0061477,-0.0027015,0.18259
0.0049345,-0.0039982,0.19748
0.0034498,-0.0061508,0.21278
0.0016961,-0.0091614,0.22847
-0.00032381,-0.013032,0.24451
-0.0026072,-0.017765,0.26089
-0.0051515,-0.023364,0.27755
-0.0079538,-0.029831,0.29449
-0.0047587,-0.02076,0.26844
-0.0021621,-0.013302,0.24692
-0.00018798,-0.0075069,0.22872
0.0011454,-0.0034162,0.21306
0.0018243,-0.0010676,0.19933
0.0018634,-0.00042738,0.18709
0.0021631,0.00083358,0.17601
0.0031745,0.0039025,0.16583
0.0048931,0.0087882,0.15634
0.0073115,0.015492,0.14739
0.0050522,0.010703,0.13746
0.002253,0.0071863,0.13013
-0.0012404,0.0049656,0.12468
-0.0054408,0.0040205,0.12056
-0.010359,0.004339,0.11737
-0.016006,0.0059174,0.11481
-0.022714,0.0078901,0.11267
-0.030824,0.0093621,0.11082
-0.040348,0.010318,0.10917
-0.051295,0.010741,0.10768
-0.033433,0.00682,0.072879
-0.019649,0.0039051,0.045428
-0.0097061,0.0018844,0.024934
-0.0033588,0.00064593,0.010927
-0.00034509,7.1984e-05,0.0028626
0.00035678,-2.8872e-05,3.1507e-05
0.0031175,-0.00039719,-0.001606
0.0089177,-0.0012793,-0.0079969
0.018053,-0.0027758,-0.019872
0.030766,-0.004966,-0.037581
0.026763,-0.0037254,-0.035167
0.023076,-0.0025791,-0.033013
0.0197,-0.0015256,-0.031055
0.01663,-0.00056337,-0.029261
0.013858,0.00030927,-0.027592
0.011379,0.001094,-0.02603
0.0091892,0.0017927,-0.024551
0.0072819,0.0024069,-0.023145
0.0056524,0.0029385,-0.021797
0.0042958,0.0033889,-0.020502
0.004976,0.0032238,-0.017659
0.005726,0.0030395,-0.015012
0.0065457,0.0028359,-0.012566
0.0074347,0.0026127,-0.010328
0.008392,0.0023701,-0.008301
0.0094162,0.002108,-0.0064898
0.010506,0.001827,-0.0048972
0.011658,0.0015271,-0.003527
0.012871,0.0012091,-0.0023805
0.014142,0.00087332,-0.0014602
0.010347,0.00024003,-0.0017907
0.0072742,-0.00027618,-0.0021379
0.0048637,-0.0006206,-0.0024911
0.0030558,-0.00073768,-0.0028398
0.0017916,-0.00057186,-0.0031747
0.00087108,-0.00050265,-0.0034965
7.9873e-05,-0.00099203,-0.0038191
-0.00060624,-0.0020253,-0.0041649
-0.0011972,-0.0035715,-0.0045522
-0.0020968,-0.0054642,-0.0049871
-0.0048898,-0.004209,-0.013389
-0.010983,-0.0019692,-0.025608
-0.020572,0.0012948,-0.041332
-0.033829,0.0056321,-0.060306
-0.050902,0.011085,-0.082365
-0.071916,0.017685,-0.10745
-0.096976,0.025457,-0.13559
-0.12617,0.034418,-0.16691
-0.15958,0.044579,-0.20156
-0.19727,0.055947,-0.23974
-0.15047,0.040369,-0.21578
-0.11136,0.027211,-0.19357
-0.079265,0.016235,-0.17282
-0.053582,0.0072248,-0.15343
-0.033772,-1.2597e-05,-0.13528
-0.019348,-0.0056511,-0.11834
-0.0098709,-0.009845,-0.10256
-0.0049628,-0.012725,-0.087915
-0.0040752,-0.014467,-0.074399
-0.0015149,-0.016797,-0.061989
0.0017305,-0.011978,-0.055666
0.0049546,-0.0083864,-0.050313
0.0081812,-0.0059489,-0.045701
0.01143,-0.0046104,-0.041641
0.014716,-0.0043351,-0.037996
0.018073,-0.0050332,-0.034654
0.021908,-0.0053513,-0.031529
0.026378,-0.0047708,-0.028562
0.031497,-0.003252,-0.025729
0.037283,-0.00074429,-0.023012
0.041927,-0.00068507,-0.022483
0.046905,-0.00064687,-0.021866
0.052223,-0.00063398,-0.021161
0.057887,-0.00065055,-0.020364
0.063905,-0.00070007,-0.019482
0.070282,-0.00078596,-0.018514
0.077023,-0.00091094,-0.017471
0.084133,-0.0010777,-0.016356
0.091617,-0.0012883,-0.015183
0.099478,-0.0015446,-0.013959
0.091468,-0.00087644,-0.0075708
0.083775,-0.00029375,-0.0032228
0.0764,0.00020804,-0.00057221
0.069349,0.00063343,0.00063756
0.062621,0.00098606,0.00086449
0.056201,0.0012626,0.0018681
0.050092,0.0014683,0.0038498
0.044299,0.0016097,0.0067166
0.038829,0.0016935,0.010393
0.033686,0.001726,0.014821
0.042458,-0.0028036,0.016227
0.052743,-0.0075382,0.017716
0.06464,-0.012478,0.019285
0.078248,-0.01762,0.020936
0.093664,-0.022956,0.022665
0.11098,-0.028473,0.02447
0.13029,-0.034158,0.026348
0.15167,-0.039994,0.028299
0.17517,-0.046089,0.030319
0.2007,-0.053012,0.032403
0.19992,-0.052419,0.03923
0.19912,-0.051886,0.046728
0.19831,-0.051411,0.054881
0.19748,-0.050992,0.063674
0.19664,-0.050601,0.073091
0.19581,-0.050165,0.083119
0.195,-0.049681,0.093739
0.19419,-0.049148,0.10494
0.1934,-0.048568,0.1167
0.19261,-0.047941,0.12901
0.19602,-0.044827,0.099073
0.20012,-0.039191,0.075109
0.20488,-0.031039,0.055811
0.21028,-0.020361,0.040315
0.21627,-0.007129,0.028012
0.22286,0.0086928,0.018469
0.23002,0.027151,0.011368
0.23774,0.048297,0.0064609
0.24602,0.072184,0.0035588
0.25486,0.098867,0.0025057
0.25118,0.11037,0.0009677
0.24785,0.12209,-0.0034914
0.24481,0.13405,-0.010341
0.24204,0.14624,-0.019186
0.23952,0.15868,-0.02973
0.23722,0.17137,-0.041751
0.23514,0.1843,-0.055064
0.23325,0.19749,-0.069523
0.23155,0.21093,-0.084992
0.23003,0.22462,-0.10136
0.20176,0.20935,-0.065746
0.17541,0.19442,-0.041948
0.15096,0.17986,-0.025688
0.12841,0.16567,-0.014594
0.10778,0.15186,-0.0072472
0.089072,0.13844,-0.002756
0.0723,0.12541,-0.00052629
0.057474,0.11281,-5.9318e-05
0.044599,0.10063,0.00099422
0.033688,0.088903,0.0034093
0.046195,0.093823,0.00025929
0.062043,0.098269,-0.00048254
0.081305,0.1022,-0.0029163
0.10404,0.1056,-0.0077683
0.13031,0.10845,-0.014786
0.16016,0.11072,-0.023703
0.19364,0.11241,-0.034255
0.23078,0.11351,-0.046198
0.27161,0.11402,-0.059313
0.31616,0.11395,-0.073422
0.299,0.10565,-0.066705
0.28221,0.097899,-0.063861
0.2658,0.090658,-0.063597
0.2498,0.083888,-0.065204
0.2342,0.077556,-0.068266
0.21902,0.07163,-0.072548
0.20427,0.066082,-0.0779
0.18995,0.060885,-0.084244
0.17607,0.056012,-0.091526
0.16265,0.051439,-0.099726
0.14311,0.043397,-0.094299
0.12526,0.036129,-0.087546
0.10899,0.029604,-0.080006
0.094203,0.023791,-0.072073
0.080818,0.018659,-0.064029
0.068753,0.01418,-0.056082
0.057931,0.010324,-0.048382
0.048278,0.0070627,-0.041044
0.039728,0.004368,-0.034154
0.032212,0.0022119,-0.027778
0.03227,0.0042543,-0.038622
0.032333,0.0065395,-0.051228
0.0324,0.009077,-0.065584
0.032469,0.011876,-0.081671
0.032539,0.014945,-0.099475
0.032608,0.018293,-0.11898
0.032675,0.021928,-0.14017
0.032739,0.025858,-0.16304
0.032798,0.030089,-0.18756
0.032853,0.034629,-0.21373
0.035178,0.034378,-0.17445
0.037591,0.034069,-0.13928
0.040086,0.033699,-0.10816
0.042658,0.033265,-0.081054
0.0453,0.032765,-0.057947
0.048004,0.032195,-0.038819
0.050763,0.031553,-0.023659
0.053566,0.03084,-0.012456
0.056403,0.030054,-0.0052109
0.059262,0.029194,-0.0019224
0.052896,0.02756,-0.0062925
0.046887,0.025797,-0.016398
0.041167,0.023934,-0.032256
0.035677,0.021996,-0.053861
0.030373,0.020004,-0.081206
0.025225,0.017973,-0.11426
0.020221,0.015914,-0.153
0.015363,0.013832,-0.19738
0.010662,0.011729,-0.24734
0.0061429,0.0096028,-0.30286
0.0058576,0.0088831,-0.24681
0.0055875,0.0082127,-0.19946
0.0053345,0.0075951,-0.15923
0.005098,0.0070299,-0.12506
0.0048767,0.006514,-0.096141
0.0046699,0.0060437,-0.071859
0.0044748,0.0056145,-0.051736
0.0042896,0.005222,-0.035379
0.0041115,0.0048613,-0.022467
0.0039383,0.0045279,-0.012715
0.004331,0.0053419,-0.016821
0.0047217,0.0061747,-0.021725
0.0051086,0.0070184,-0.027462
0.0054912,0.0078664,-0.034033
0.0058692,0.0087133,-0.041428
0.0062436,0.009555,-0.049603
0.0066156,0.010388,-0.058503
0.0069874,0.011211,-0.068053
0.0073609,0.012023,-0.078168
0.007739,0.012823,-0.088753
0.0074518,0.013514,-0.089627
0.0071707,0.014216,-0.090671
0.0068963,0.01493,-0.091867
0.0066295,0.015654,-0.093203
0.0063708,0.01639,-0.094665
0.0061207,0.017138,-0.096243
0.0058797,0.017896,-0.097927
0.0056482,0.018667,-0.099708
0.0054264,0.019449,-0.10158
0.0052149,0.020243,-0.10353
0.0046695,0.02609,-0.07658
0.0044896,0.032278,-0.054352
0.0046926,0.038823,-0.036348
0.005293,0.045754,-0.022224
0.0061773,0.05313,-0.011751
0.006719,0.061079,-0.0047806
0.0068413,0.06967,-0.001242
0.0065658,0.078966,-0.00043061
0.0059712,0.089065,0.0027512
0.0050764,0.10002,0.0093655
0.00323,0.090417,0.0025765
0.0015245,0.081322,-0.00038439
-6.5844e-05,0.072723,-0.0012083
-0.0016011,0.064588,-0.0049447
-0.0030841,0.056921,-0.011891
-0.0045141,0.049726,-0.021931
-0.0058922,0.043012,-0.03498
-0.0072205,0.036782,-0.050967
-0.0085019,0.031044,-0.069836
-0.009739,0.025802,-0.091533
-0.012462,0.017761,-0.093389
-0.015096,0.011406,-0.095758
-0.017651,0.0067033,-0.098536
-0.02014,0.0036313,-0.10164
-0.022576,0.0021786,-0.105
-0.025009,0.0020212,-0.10856
-0.02769,0.00074797,-0.11225
-0.030677,-0.0021476,-0.11605
-0.033979,-0.0066896,-0.11993
-0.037605,-0.012908,-0.12385
-0.03024,-0.010456,-0.12433
-0.023845,-0.0082226,-0.12373
-0.018347,-0.006221,-0.12221
-0.013681,-0.0044646,-0.11996
-0.0097835,-0.0029657,-0.11709
-0.0065985,-0.0017355,-0.11372
-0.004073,-0.00078416,-0.10994
-0.0021594,-0.00012081,-0.10584
-0.00081534,0.0002463,-0.10148
-2.8526e-06,0.00032322,-0.09693
0.00046682,0.00045817,-0.096698
0.0018782,0.00069325,-0.097235
0.0048418,0.00098098,-0.098236
0.0094071,0.0013218,-0.099494
0.015652,0.0017139,-0.10087
0.023675,0.0021544,-0.1023
0.033586,0.0026398,-0.10375
0.045504,0.0031667,-0.10521
0.059548,0.003732,-0.10671
0.075838,0.004333,-0.10829
0.070588,0.0075628,-0.10847
0.065625,0.011104,-0.10698
0.060942,0.01496,-0.10409
0.056527,0.019135,-0.10007
0.052369,0.023634,-0.095134
0.048459,0.028459,-0.089499
0.044785,0.033616,-0.083346
0.041338,0.039107,-0.076833
0.038108,0.044936,-0.070104
0.035086,0.051106,-0.063274
0.034146,0.047497,-0.058296
0.033208,0.044104,-0.05421
0.032273,0.040914,-0.050833
0.03134,0.037912,-0.048024
0.03041,0.035089,-0.04568
0.029483,0.032434,-0.043716
0.02856,0.029936,-0.042072
0.027639,0.027588,-0.040694
0.026722,0.025382,-0.039545
0.025811,0.023309,-0.03859
0.023005,0.020777,-0.038238
0.020375,0.018401,-0.038179
0.017917,0.01618,-0.038382
0.01563,0.014112,-0.038814
0.013511,0.012195,-0.039455
0.01156,0.010429,-0.040284
0.0097731,0.0088109,-0.041289
0.0081501,0.0073405,-0.042455
0.0066893,0.0060165,-0.043772
0.0053892,0.0048377,-0.04523
0.0063254,0.012444,-0.039049
0.0074421,0.023868,-0.033146
0.0087208,0.03926,-0.027461
0.010147,0.058791,-0.022036
0.011708,0.08264,-0.016959
0.013393,0.11098,-0.01232
0.015192,0.14397,-0.0081986
0.017093,0.18177,-0.0046499
0.019085,0.22451,-0.0017056
0.021158,0.27234,0.00062343
0.020441,0.24256,0.00035312
0.019904,0.214,0.00014179
0.019549,0.18675,-3.5216e-05
0.01938,0.16091,-0.0001939
0.019402,0.13659,-0.00034326
0.019617,0.11387,-0.00048837
0.02003,0.092876,-0.00063186
0.020645,0.0737,-0.00077514
0.021465,0.056455,-0.00091933
0.022496,0.041255,-0.0010654
0.020556,0.038188,-0.0087751
0.018751,0.035272,-0.022129
0.017078,0.0325,-0.040609
0.015533,0.029868,-0.063916
0.014115,0.027372,-0.091859
0.012819,0.025006,-0.12429
0.011642,0.022767,-0.16103
0.010577,0.020648,-0.2019
0.0096204,0.018645,-0.24666
0.0087647,0.016753,-0.29506
0.01029,0.017383,-0.24877
0.012163,0.018182,-0.20939
0.014381,0.019138,-0.17541
0.016941,0.020238,-0.14586
0.019841,0.021475,-0.12003
0.023079,0.02284,-0.097427
0.026652,0.024323,-0.077672
0.030557,0.025915,-0.060502
0.034787,0.027605,-0.045713
0.039336,0.029384,-0.033152
0.030149,0.029732,-0.026779
0.02217,0.030125,-0.021083
0.015405,0.030566,-0.016067
0.0098561,0.031053,-0.011731
0.0055284,0.031585,-0.0080769
0.0024244,0.032159,-0.0051042
0.00054616,0.032768,-0.0028158
-0.00010485,0.033406,-0.001212
-0.00075978,0.034055,-0.00029985
-0.0026407,0.034697,-6.5512e-05
-0.0018101,0.027962,-0.0015499
-0.00112,0.021955,-0.0062688
-0.00058422,0.016665,-0.014012
-0.00021437,0.012084,-0.02465
-1.8028e-05,0.008204,-0.038154
8.2681e-05,0.00502,-0.05456
0.00033626,0.0025334,-0.07393
0.00075128,0.0007453,-0.096315
0.0013169,-0.00034136,-0.12173
0.0020226,-0.0007555,-0.15014
0.004411,-2.4452e-05,-0.10157
0.0076432,0.0019014,-0.064665
0.011623,0.0050066,-0.037207
0.016332,0.0092722,-0.017779
0.02184,0.014717,-0.00558
0.028271,0.02139,-0.00035272
0.035774,0.029386,0.0018277
0.044492,0.038847,0.010884
0.054562,0.049854,0.027524
0.066106,0.06248,0.051921
0.051616,0.060108,0.035834
0.039016,0.057945,0.022794
0.028232,0.055982,0.012686
0.0192,0.054209,0.0054583
0.011857,0.052615,0.0010833
0.0061478,0.051187,-0.00044399
0.0020232,0.049885,-0.0017589
-0.0005563,0.048659,-0.0059256
-0.0016149,0.047487,-0.012953
-0.0021626,0.04631,-0.022838
-0.0019997,0.040962,-0.010114
-0.001818,0.035841,-0.0025968
-0.0016242,0.030966,-0.00028027
-0.0014194,0.026415,0.0027448
-0.0012065,0.022256,0.011
-0.00099363,0.018514,0.024489
-0.00078711,0.015207,0.043222
-0.00059033,0.012345,0.067214
-0.00040412,0.0099271,0.096484
-0.00022782,0.0079469,0.13106
-0.0013999,0.010209,0.082401
-0.0033834,0.01295,0.046411
-0.0061249,0.016141,0.021343
-0.0096091,0.019783,0.0060533
-0.013867,0.023908,-7.2377e-05
-0.018978,0.028506,-0.0033183
-0.025048,0.033509,-0.015447
-0.032157,0.038957,-0.036939
-0.040376,0.044882,-0.067908
-0.049764,0.05131,-0.10834
-0.044121,0.054742,-0.1136
-0.038931,0.058258,-0.11844
-0.03418,0.061857,-0.12287
-0.029858,0.065539,-0.12692
-0.025956,0.069303,-0.13061
-0.022463,0.073147,-0.13395
-0.019373,0.07707,-0.13696
-0.016678,0.081071,-0.13966
-0.014373,0.085149,-0.14204
-0.012451,0.089304,-0.14414
-0.011945,0.082309,-0.14274
-0.011464,0.075562,-0.14081
-0.011008,0.069066,-0.13841
-0.010577,0.062826,-0.13561
-0.010172,0.056846,-0.13245
-0.009794,0.05113,-0.12898
-0.0094432,0.045683,-0.12523
-0.0091201,0.040509,-0.12125
-0.0088269,0.035614,-0.11707
-0.0085644,0.031001,-0.11272
-0.0067601,0.037088,-0.10645
-0.0055668,0.043616,-0.10101
-0.0049791,0.050585,-0.09622
-0.0049963,0.057996,-0.091935
-0.0055281,0.065855,-0.088054
-0.0057456,0.07423,-0.084504
-0.0054492,0.083139,-0.081226
-0.0046282,0.092586,-0.078172
-0.0032712,0.10257,-0.075308
-0.0013659,0.1131,-0.072603
0.00052234,0.092216,-0.084168
0.0023397,0.073649,-0.097508
0.0040789,0.057305,-0.11261
0.0057318,0.043099,-0.12945
0.0072873,0.030961,-0.14799
0.008732,0.020835,-0.16818
0.01005,0.012684,-0.18997
0.011222,0.0064861,-0.21329
0.01223,0.0022373,-0.23807
0.013053,-5.1104e-05,-0.26424
0.013968,0.0023077,-0.22113
0.014632,0.0062506,-0.1834
0.015053,0.011758,-0.15029
0.015245,0.018818,-0.12122
0.01522,0.027428,-0.095791
0.014994,0.037593,-0.073681
0.014584,0.049328,-0.054676
0.014003,0.062654,-0.038624
0.013265,0.077599,-0.025443
0.012379,0.094193,-0.015083
0.021244,0.10124,-0.01694
0.031986,0.10888,-0.018967
0.04469,0.11713,-0.021178
0.059436,0.12603,-0.023583
0.076301,0.1356,-0.026202
0.095356,0.14587,-0.02904
0.11666,0.15686,-0.032117
0.14028,0.1686,-0.03544
0.16624,0.1811,-0.039027
0.1946,0.19438,-0.042888
0.20787,0.20118,-0.038877
0.22155,0.20813,-0.035202
0.23564,0.21522,-0.031852
0.25012,0.22245,-0.028811
0.265,0.22983,-0.026063
0.28027,0.23735,-0.023593
0.29592,0.24501,-0.021384
0.31196,0.25281,-0.019423
0.32838,0.26075,-0.017692
0.34518,0.26883,-0.016172
0.32748,0.25242,-0.018829
0.31075,0.23674,-0.01925
0.29489,0.22175,-0.018039
0.27986,0.20743,-0.015784
0.2656,0.19376,-0.012969
0.25205,0.1807,-0.009975
0.23917,0.16825,-0.0070983
0.22691,0.15637,-0.004572
0.21523,0.14505,-0.0025827
0.2041,0.13427,-0.0012842
0.19007,0.11333,-0.002515
0.17727,0.094838,-0.0051037
0.16554,0.078619,-0.0093817
0.15475,0.064503,-0.015592
0.14475,0.052336,-0.023914
0.13543,0.041984,-0.034475
0.12669,0.033328,-0.047371
0.11841,0.026266,-0.06267
0.11051,0.020714,-0.08042
0.10289,0.016607,-0.10066
0.10245,0.017013,-0.11383
0.10199,0.017453,-0.12717
0.10153,0.017927,-0.14065
0.10105,0.018434,-0.15426
0.10055,0.018974,-0.16797
0.10005,0.019546,-0.18179
0.099533,0.02015,-0.19569
0.099004,0.020786,-0.20971
0.098462,0.021453,-0.22381
0.097908,0.022152,-0.23803
0.11023,0.023595,-0.20471
0.12324,0.025194,-0.17427
0.13692,0.026953,-0.14654
0.15128,0.028875,-0.1214
0.16633,0.030962,-0.098757
0.18205,0.033218,-0.078554
0.19845,0.035643,-0.060745
0.21554,0.03824,-0.0453
0.2333,0.041013,-0.032202
0.25175,0.043962,-0.021436
0.2218,0.038459,-0.0038208
0.19427,0.033459,-0.00010588
0.16904,0.029011,0.0098765
0.14594,0.025095,0.029564
0.12481,0.021664,0.057563
0.10558,0.01846,0.092993
0.088139,0.015383,0.13526
0.07243,0.012423,0.18401
0.058401,0.0095751,0.23896
0.046032,0.0068335,0.29992
0.037094,0.005739,0.21769
0.029058,0.0047659,0.15879
0.021952,0.0038631,0.11549
0.015803,0.002994,0.083238
0.010644,0.0021288,0.059097
0.0064754,0.0013999,0.041086
0.0032706,0.0010996,0.027773
0.0010489,0.0012647,0.018085
-0.00017026,0.0019255,0.011161
-0.00069523,0.0030425,0.006284
-0.0002405,0.0017742,0.0019114
0.00073997,0.00099959,2.8573e-05
0.0025356,0.00074147,-0.0010734
0.0051683,0.00098443,-0.0049134
0.0087408,0.0015361,-0.01115
0.013397,0.001929,-0.019422
0.019185,0.0021403,-0.029475
0.026146,0.0021634,-0.041158
0.034317,0.001993,-0.054402
0.043727,0.0016246,-0.069219
0.04156,0.0039431,-0.054714
0.039677,0.0056323,-0.042141
0.038056,0.0067165,-0.031362
0.036676,0.0072172,-0.022287
0.035505,0.0072047,-0.014838
0.03436,0.0074893,-0.0089653
0.033165,0.0083309,-0.0046254
0.031899,0.0097185,-0.0017885
0.030538,0.011646,-0.00043236
0.029065,0.014116,-5.6868e-05
0.031041,0.0095809,0.00022385
0.032565,0.007312,0.00062665
0.033704,0.0069701,0.0011581
0.035139,0.0053217,0.0018242
0.037071,0.0014472,0.0026241
0.039522,-0.0047141,0.003555
0.042519,-0.013245,0.004615
0.046091,-0.024242,0.0058035
0.050268,-0.037807,0.0071217
0.055083,-0.054043,0.0085731
0.055678,-0.039774,0.0094195
0.056624,-0.027203,0.010245
0.057918,-0.016279,0.011054
0.059562,-0.0069588,0.011855
0.061564,0.00079912,0.012651
0.063936,0.0070277,0.013447
0.066697,0.011753,0.014246
0.069867,0.014994,0.015052
0.073474,0.01676,0.015867
0.077232,0.018417,0.016692
0.068656,0.017129,0.023043
0.060557,0.016116,0.030051
0.052929,0.015378,0.037665
0.045768,0.014913,0.045848
0.039067,0.014722,0.054571
0.032824,0.014806,0.063821
0.027034,0.015165,0.073582
0.021694,0.015801,0.083848
0.016802,0.016715,0.09461
0.012355,0.017907,0.10587
0.012606,0.018532,0.10039
0.012878,0.019153,0.095431
0.013171,0.019771,0.090919
0.013485,0.020388,0.086795
0.013817,0.021004,0.083002
0.014168,0.021619,0.079503
0.014536,0.022234,0.076258
0.014922,0.02285,0.073239
0.015324,0.023466,0.07042
0.015741,0.024084,0.06778
0.015719,0.026034,0.068322
0.015674,0.028064,0.068591
0.015606,0.030172,0.068598
0.015516,0.03236,0.068359
0.015404,0.034626,0.067889
0.015269,0.036971,0.067207
0.015112,0.039395,0.066328
0.014934,0.041898,0.065271
0.014733,0.044479,0.064051
0.014511,0.047139,0.062686
0.0086529,0.049955,0.0387
0.0033913,0.053096,0.020934
-0.0013519,0.056547,0.0088187
-0.0056403,0.060294,0.0019607
-0.0095227,0.064331,3.5928e-05
-0.01308,0.068651,-0.0028482
-0.016357,0.073257,-0.010437
-0.019355,0.078154,-0.022658
-0.02206,0.083351,-0.039456
-0.024453,0.088856,-0.060791
-0.020199,0.078585,-0.052197
-0.014753,0.06934,-0.044162
-0.0081602,0.061125,-0.036718
-0.00045759,0.05394,-0.029907
0.0083282,0.047792,-0.023755
0.018182,0.042688,-0.018293
0.029098,0.038638,-0.013541
0.041085,0.035652,-0.0095203
0.05416,0.033744,-0.0062437
0.068347,0.032927,-0.0037228
0.049269,0.026141,-0.010331
0.033153,0.020351,-0.020172
0.020023,0.015543,-0.032946
0.0098987,0.011699,-0.04847
0.0027971,0.0087993,-0.066665
-0.0012697,0.0068236,-0.087556
-0.0023529,0.0057408,-0.11121
-0.0042258,0.0044474,-0.13768
-0.0091543,0.0022758,-0.16697
-0.01713,-0.00077487,-0.19906
-0.011728,0.0010398,-0.17832
-0.0074885,0.0024987,-0.15798
-0.0044222,0.0035927,-0.13821
-0.0025385,0.0043133,-0.11923
-0.0018467,0.004653,-0.10118
-0.0012334,0.0049427,-0.08424
0.00058109,0.0055696,-0.068552
0.0036033,0.0065446,-0.054252
0.0078353,0.0078797,-0.041462
0.013275,0.0095881,-0.030285
0.014812,0.011043,-0.030257
0.016455,0.012581,-0.030196
0.018208,0.014198,-0.030104
0.020075,0.015889,-0.029977
0.022059,0.017651,-0.029818
0.024164,0.019479,-0.029623
0.026393,0.021371,-0.029394
0.028747,0.023324,-0.02913
0.031231,0.025335,-0.028832
0.033845,0.027403,-0.028499
0.027221,0.023757,-0.036445
0.021278,0.02043,-0.046696
0.016023,0.017414,-0.059387
0.011462,0.014698,-0.074601
0.007601,0.012277,-0.092368
0.0044449,0.010145,-0.11268
0.0019965,0.0082997,-0.13553
0.00025748,0.0067405,-0.16088
-0.00077175,0.0054703,-0.18874
-0.0010918,0.0044936,-0.21915
0.00066276,0.0044844,-0.19237
0.0043936,0.0051638,-0.16583
0.0099845,0.0065012,-0.14015
0.017355,0.0084769,-0.11584
0.026468,0.011085,-0.093272
0.037329,0.014332,-0.072745
0.049991,0.018244,-0.054475
0.064544,0.022854,-0.038619
0.081107,0.028211,-0.0253
0.099817,0.034365,-0.01461
0.099126,0.034942,-0.023731
0.098381,0.03574,-0.034758
0.097585,0.03676,-0.047595
0.096741,0.038008,-0.062145
0.095851,0.039487,-0.078332
0.094914,0.0412,-0.096076
0.093931,0.043151,-0.11531
0.092901,0.045342,-0.13597
0.09182,0.047777,-0.158
0.090688,0.050458,-0.18135
0.085593,0.037703,-0.19755
0.079508,0.029439,-0.21368
0.072462,0.025423,-0.22975
0.06642,0.01995,-0.24578
0.062305,0.01035,-0.26174
0.060113,-0.0033901,-0.27762
0.059853,-0.021295,-0.29334
0.061543,-0.0434,-0.30887
0.065211,-0.069745,-0.3241
0.070887,-0.10038,-0.33898
0.065301,-0.086236,-0.38728
0.060112,-0.073071,-0.43573
0.055318,-0.060883,-0.48427
0.050914,-0.049676,-0.53294
0.046898,-0.039451,-0.58167
0.043267,-0.030211,-0.63051
0.040018,-0.021956,-0.67934
0.037152,-0.014686,-0.72825
0.034666,-0.0084034,-0.77705
0.032561,-0.0031063,-0.82584
0.035476,0.0013447,-0.70051
0.039277,0.005677,-0.59748
0.043905,0.0098924,-0.51011
0.049322,0.013996,-0.43463
0.055507,0.017994,-0.36853
0.062439,0.021892,-0.3102
0.070114,0.025698,-0.25852
0.078524,0.029415,-0.21266
0.087632,0.033139,-0.17206
0.097248,0.037357,-0.13624
0.082127,0.031226,-0.13537
0.0685,0.025345,-0.13562
0.05661,0.019003,-0.13683
0.04642,0.012232,-0.13878
0.0379,0.0050526,-0.14136
0.031027,-0.0025202,-0.14441
0.025785,-0.010481,-0.14785
0.022165,-0.018833,-0.15156
0.020166,-0.027585,-0.15547
0.019795,-0.036754,-0.15946
0.023507,-0.042488,-0.15997
0.027622,-0.048646,-0.16035
0.032144,-0.055235,-0.16062
0.037077,-0.062262,-0.16075
0.042425,-0.069733,-0.16077
0.048192,-0.077653,-0.16067
0.054382,-0.08603,-0.16046
0.060999,-0.094869,-0.16013
0.068046,-0.10417,-0.15971
0.075528,-0.11395,-0.15918
0.06746,-0.10819,-0.1254
0.060106,-0.10264,-0.097985
0.053455,-0.097266,-0.07559
0.047502,-0.092044,-0.057261
0.042242,-0.086942,-0.042315
0.03767,-0.081936,-0.03022
0.033786,-0.077001,-0.020579
0.030586,-0.072116,-0.013067
0.028067,-0.067259,-0.0074354
0.025947,-0.062527,-0.0034756
0.028131,-0.067896,-0.0017216
0.030415,-0.073553,-0.0005294
0.032803,-0.079508,8.5254e-05
0.035296,-0.085771,0.00024474
0.037892,-0.092352,0.00084501
0.040593,-0.09926,0.0020645
0.043401,-0.10651,0.0039157
0.04632,-0.1141,0.0064126
0.049351,-0.12204,0.0095656
0.052499,-0.13034,0.013387
0.049273,-0.12445,0.00098466
0.046006,-0.11885,-0.0026775
0.042775,-0.11347,-0.01702
0.039555,-0.10828,-0.042229
0.03632,-0.10325,-0.077376
0.033049,-0.098359,-0.12177
0.029725,-0.093602,-0.17482
0.026334,-0.088971,-0.236
0.022865,-0.084465,-0.30476
0.019313,-0.080091,-0.38063
0.0077086,-0.063034,-0.35776
-0.0028664,-0.048985,-0.34047
-0.012464,-0.037794,-0.32693
-0.021128,-0.029339,-0.31608
-0.028893,-0.023523,-0.30711
-0.035788,-0.020274,-0.29952
-0.041835,-0.019541,-0.2929
-0.047139,-0.021103,-0.287
-0.053204,-0.02164,-0.28159
-0.060592,-0.019954,-0.27653
-0.054519,-0.018062,-0.21282
-0.04896,-0.016386,-0.16175
-0.043868,-0.014896,-0.12056
-0.039206,-0.013565,-0.087375
-0.034941,-0.012372,-0.060875
-0.031043,-0.011294,-0.040069
-0.027487,-0.010315,-0.024215
-0.024248,-0.0094147,-0.012713
-0.021305,-0.0085777,-0.0050959
-0.018635,-0.0077871,-0.00097333
-0.017656,-0.0081806,-0.00055997
-0.016908,-0.0081449,-0.00024184
-0.015826,-0.008871,-4.4776e-05
-0.014361,-0.010434,1.6676e-05
-0.012502,-0.012834,9.2294e-05
-0.010238,-0.016072,0.00031198
-0.0075595,-0.020153,0.00067761
-0.0044575,-0.025083,0.0011927
-0.00092428,-0.03087,0.0018609
0.0030467,-0.037521,0.0026911
0.0011049,-0.032791,0.001247
-0.00064754,-0.028421,0.00037406
-0.0022111,-0.024408,3.935e-07
-0.0035873,-0.020754,-0.0001026
-0.0047796,-0.017454,-0.00055197
-0.0057896,-0.014511,-0.0013665
-0.0066187,-0.011922,-0.0025183
-0.007269,-0.009688,-0.0039838
-0.0077427,-0.0078092,-0.0057463
-0.0080425,-0.0062861,-0.0077915
-0.010733,-0.0077466,-0.0083831
-0.013801,-0.0093837,-0.0088651
-0.017249,-0.011199,-0.0092528
-0.021077,-0.013195,-0.0095624
-0.025287,-0.015374,-0.0098127
-0.029879,-0.017736,-0.010021
-0.034854,-0.020285,-0.010205
-0.040211,-0.023021,-0.010381
-0.045952,-0.025948,-0.010564
-0.052075,-0.029066,-0.010767
-0.045911,-0.025252,-0.01224
-0.040163,-0.021773,-0.013953
-0.034824,-0.01861,-0.01592
-0.029887,-0.015749,-0.018156
-0.025346,-0.013173,-0.020673
-0.021194,-0.01087,-0.023483
-0.017426,-0.0088275,-0.026596
-0.014035,-0.0070348,-0.03002
-0.011022,-0.0054709,-0.033759
-0.0084151,-0.0040646,-0.037813
-0.0075173,-0.0030469,-0.054615
-0.0068384,-0.0016734,-0.074832
-0.0063904,3.1243e-05,-0.098576
-0.0061927,0.0020369,-0.12588
-0.0062696,0.0043112,-0.15667
-0.0066473,0.0068205,-0.19082
-0.0073535,0.0095319,-0.22809
-0.0084152,0.012412,-0.26823
-0.0098589,0.015432,-0.31094
-0.011672,0.018582,-0.35596
-0.0098677,0.015715,-0.29377
-0.0082877,0.013051,-0.24184
-0.0069439,0.010579,-0.19791
-0.0058173,0.0083076,-0.16051
-0.0048932,0.0062437,-0.12857
-0.0041594,0.0043955,-0.10133
-0.0036056,0.002771,-0.078205
-0.0032232,0.001378,-0.058733
-0.0030045,0.00022446,-0.042552
-0.0029431,-0.00068164,-0.029354
-0.0031561,-0.00031123,-0.017604
-0.0034039,0.00019573,-0.0089041
-0.003689,0.00083346,-0.0031719
-0.0040219,0.0015943,-0.00032848
-0.0044183,0.0024681,0.0003823
-0.0048794,0.003441,0.003225
-0.0054202,0.004509,0.0089398
-0.0060517,0.0056726,0.01758
-0.0067797,0.0069338,0.029187
-0.0076074,0.0082948,0.043808
-0.0087436,0.012969,0.02329
-0.010565,0.017996,0.0096886
-0.013103,0.023408,0.0021117
-0.016317,0.029326,5.5687e-05
-0.019705,0.03618,-0.0036136
-0.023235,0.044127,-0.013109
-0.026962,0.05325,-0.028636
-0.030933,0.063618,-0.05031
-0.035192,0.075293,-0.078117
-0.039774,0.088329,-0.11191
-0.034331,0.071337,-0.089687
-0.029052,0.056592,-0.071892
-0.023936,0.043969,-0.057404
-0.018981,0.033352,-0.045489
-0.01424,0.024603,-0.035632
-0.010594,0.017112,-0.027459
-0.0083033,0.010626,-0.020695
-0.0072911,0.0050892,-0.015125
-0.0074906,0.00044506,-0.010582
-0.008855,-0.0033595,-0.0069303
-0.0076797,-0.0011509,-0.011927
-0.0069376,0.0012876,-0.018274
-0.0066267,0.0039588,-0.026088
-0.0067601,0.0068572,-0.035489
-0.0073614,0.0099709,-0.046572
-0.0084609,0.013283,-0.059389
-0.010093,0.016775,-0.073939
-0.012202,0.020478,-0.090175
-0.014243,0.024716,-0.108
-0.016091,0.029564,-0.12729
-0.012209,0.026453,-0.15602
-0.0078175,0.023975,-0.18785
-0.0029043,0.02215,-0.22277
0.0025404,0.021002,-0.26079
0.0085242,0.020561,-0.3019
0.015053,0.020861,-0.34614
0.022131,0.021935,-0.39348
0.029759,0.023819,-0.44398
0.037938,0.026549,-0.49759
0.046667,0.030157,-0.55436
0.039489,0.027714,-0.51014
0.032525,0.026103,-0.4648
0.025764,0.025289,-0.41926
0.019199,0.025239,-0.37439
0.01282,0.025923,-0.33072
0.0066204,0.027311,-0.28875
0.00059253,0.029374,-0.24881
-0.0052708,0.032087,-0.21121
-0.010977,0.035426,-0.17618
-0.016534,0.039373,-0.14391
-0.014372,0.033661,-0.1123
-0.012424,0.028524,-0.087249
-0.010669,0.023925,-0.067217
-0.0090914,0.019829,-0.051108
-0.0076749,0.016207,-0.038165
-0.0064062,0.01303,-0.027801
-0.0052725,0.010274,-0.019592
-0.0042619,0.0079119,-0.013184
-0.0033633,0.0059218,-0.0083122
-0.0025659,0.0042803,-0.0047422
-0.00115,0.0038613,-0.0083202
0.0010678,0.0041321,-0.012794
0.0041985,0.0051708,-0.017995
0.0083896,0.0070673,-0.023748
0.0138,0.0099137,-0.029922
0.020591,0.013803,-0.03641
0.02892,0.018826,-0.04315
0.038939,0.025073,-0.050094
0.050794,0.032634,-0.05723
0.064625,0.041594,-0.064548
0.071486,0.046127,-0.065888
0.078695,0.050914,-0.066568
0.086249,0.055957,-0.066595
0.094147,0.061259,-0.06599
0.10239,0.066824,-0.064794
0.11097,0.072655,-0.063057
0.1199,0.078754,-0.060838
0.12916,0.085124,-0.058201
0.13877,0.091768,-0.055211
0.14872,0.098688,-0.051932
0.1354,0.09249,-0.062558
0.12147,0.08802,-0.074668
0.10697,0.085309,-0.088257
0.091947,0.084383,-0.1033
0.076426,0.085268,-0.11978
0.060433,0.08798,-0.13766
0.043983,0.092533,-0.15689
0.027087,0.098937,-0.17744
0.0097485,0.10719,-0.19925
-0.008035,0.1173,-0.22228
0.0013056,0.11207,-0.18854
0.010673,0.10745,-0.15889
0.020065,0.10344,-0.13269
0.029478,0.10004,-0.10954
0.038912,0.09725,-0.089088
0.048361,0.095065,-0.071106
0.057824,0.093486,-0.055401
0.067296,0.09251,-0.041824
0.076772,0.092134,-0.030263
0.086246,0.092356,-0.020623
0.07916,0.084881,-0.0097387
0.072329,0.077724,-0.0029972
0.065764,0.07088,3.8136e-05
0.059469,0.064352,0.00083942
0.053418,0.05815,0.0042238
0.047625,0.052273,0.010535
0.042103,0.046722,0.01962
0.036867,0.041494,0.031372
0.031928,0.036589,0.045707
0.027297,0.032008,0.062579
0.025091,0.028713,0.064114
0.022998,0.025639,0.065295
0.021013,0.02278,0.066136
0.019131,0.020131,0.066671
0.017346,0.017686,0.066914
0.015654,0.015441,0.066895
0.014049,0.013391,0.066627
0.012527,0.011532,0.066136
0.011084,0.0098575,0.065436
0.009715,0.0083649,0.064548
0.013026,0.010101,0.042603
0.016465,0.012214,0.025644
0.02006,0.014681,0.013194
0.023975,0.017326,0.0049481
0.028293,0.020114,0.00073016
0.033071,0.023066,-0.00026002
0.038399,0.026179,-0.0038948
0.044338,0.029459,-0.011465
0.050939,0.032918,-0.022971
0.058244,0.036558,-0.038395
0.057546,0.039681,-0.037382
0.05762,0.041832,-0.036557
0.058429,0.043047,-0.035878
0.058981,0.044651,-0.035328
0.058799,0.047263,-0.034887
0.057873,0.050875,-0.034538
0.056193,0.055477,-0.034265
0.053753,0.061062,-0.034058
0.050544,0.067622,-0.033907
0.046562,0.07515,-0.033808
0.033973,0.060566,-0.019385
0.023563,0.047906,-0.0095411
0.01514,0.037046,-0.0034603
0.0085282,0.027869,-0.00054049
0.0035596,0.020267,0.00011681
6.5181e-05,0.014155,0.002258
-0.0020991,0.009441,0.006436
-0.0030578,0.0060365,0.01245
-0.0029035,0.0038807,0.020222
-0.0023952,0.0024001,0.029815
-0.0019504,0.0021099,0.029797
-0.001559,0.0018218,0.029765
-0.0012228,0.0015383,0.029718
-0.00094367,0.0012619,0.029658
-0.00071992,0.00099747,0.029584
-0.00050637,0.00078357,0.029498
-0.00028979,0.00063361,0.029398
-7.1721e-05,0.00054907,0.029288
0.00014659,0.00053115,0.029165
0.00036423,0.00058061,0.029033
0.0010923,0.0014382,0.029918
0.0021441,0.0028,0.030798
0.0035148,0.0046703,0.031664
0.0051985,0.0070538,0.032508
0.0071893,0.0099557,0.033325
0.009481,0.013381,0.034114
0.012068,0.017335,0.034876
0.014943,0.021821,0.035616
0.018102,0.026845,0.036337
0.021539,0.032411,0.037047
0.02738,0.034563,0.049973
0.033505,0.037223,0.06476
0.039929,0.040405,0.081377
0.046664,0.044125,0.09979
0.05372,0.048396,0.11996
0.061108,0.05323,0.14184
0.068834,0.058637,0.1654
0.076903,0.064629,0.1906
0.085319,0.071213,0.21739
0.094085,0.078396,0.24575
0.091976,0.076485,0.19593
0.090025,0.074768,0.15538
0.088211,0.073213,0.12192
0.086517,0.071795,0.094164
0.084932,0.070496,0.071106
0.083443,0.069299,0.052046
0.082041,0.068193,0.036465
0.080717,0.067165,0.023971
0.079461,0.066208,0.014267
0.078267,0.065312,0.0071152
0.077355,0.064699,0.015553
0.076465,0.064099,0.026668
0.0756,0.063514,0.040271
0.074762,0.062943,0.056203
0.073953,0.062388,0.074333
0.073173,0.061848,0.094547
0.072423,0.061325,0.11675
0.071703,0.060817,0.14085
0.071014,0.060325,0.16676
0.070356,0.059849,0.19444
0.070661,0.061462,0.15906
0.068703,0.065551,0.12826
0.064047,0.072667,0.10142
0.056705,0.082844,0.078146
0.046708,0.096093,0.058135
0.034107,0.1124,0.041201
0.018956,0.13172,0.027218
0.0013188,0.15402,0.016096
-0.018748,0.17922,0.0077798
-0.04119,0.20727,0.0022194
-0.015387,0.19313,0.0053573
0.0091574,0.18109,0.0089564
0.03247,0.17112,0.012819
0.054574,0.16318,0.01683
0.075492,0.15724,0.02093
0.095244,0.15326,0.025082
0.11384,0.15125,0.029265
0.13131,0.15117,0.033465
0.14764,0.15302,0.037674
0.16285,0.1568,0.041881
0.17765,0.17296,0.054596
0.193,0.18998,0.068627
0.20887,0.20787,0.08389
0.22526,0.22664,0.10031
0.24217,0.24629,0.11781
0.25959,0.26683,0.13635
0.2775,0.28826,0.15585
0.29592,0.31058,0.17627
0.31482,0.33381,0.19754
0.33422,0.35794,0.21962
0.31052,0.35668,0.18188
0.28611,0.35731,0.15259
0.26092,0.35975,0.12894
0.2349,0.36392,0.10929
0.20801,0.36978,0.0926
0.18023,0.37726,0.07821
0.15153,0.38635,0.065679
0.12188,0.39702,0.054701
0.091262,0.40924,0.045065
0.059656,0.423,0.036609
0.054896,0.39433,0.02851
0.050131,0.36685,0.021516
0.045391,0.34053,0.01558
0.040704,0.31536,0.010635
0.036095,0.29129,0.006616
0.031588,0.26831,0.0034579
0.027207,0.24641,0.0011029
0.022971,0.22555,-0.00050532
0.0189,0.20573,-0.0014152
0.015012,0.18692,-0.0016725
0.038496,0.18814,-0.0030142
0.062033,0.19083,-0.0067235
0.085628,0.19501,-0.012706
0.10929,0.20068,-0.020873
0.13301,0.20784,-0.031152
0.1568,0.21651,-0.043488
0.18066,0.22669,-0.057829
0.20458,0.23838,-0.074138
0.22857,0.25159,-0.092369
0.25261,0.26633,-0.1125
0.23176,0.25193,-0.077489
0.21121,0.23837,-0.052452
0.19099,0.22567,-0.034374
0.17111,0.21384,-0.021446
0.15157,0.20288,-0.01251
0.13238,0.1928,-0.0067974
0.11352,0.1836,-0.0037752
0.095015,0.17528,-0.0028699
0.076882,0.16788,-0.0010064
0.059129,0.1614,0.0026367
0.069126,0.17215,0.0072002
0.079576,0.18347,0.013538
0.09048,0.19536,0.021738
0.10184,0.20782,0.031871
0.11365,0.22086,0.043983
0.12591,0.23448,0.058105
0.13862,0.24868,0.074246
0.15178,0.26345,0.092407
0.16538,0.27879,0.11257
0.17943,0.2947,0.13471
0.19196,0.28275,0.15615
0.20288,0.27246,0.17658
0.21222,0.26376,0.19616
0.22005,0.2566,0.21506
0.22639,0.25093,0.23336
0.23128,0.2467,0.25119
0.23474,0.24389,0.26856
0.23681,0.24245,0.28554
0.23748,0.24237,0.30212
0.23814,0.24229,0.31834
0.2411,0.24699,0.23481
0.2446,0.25191,0.16999
0.24727,0.25825,0.11891
0.24904,0.26594,0.078637
0.24988,0.27494,0.047304
0.24978,0.28521,0.023695
0.2487,0.29672,0.0069912
0.24663,0.30947,-0.0033848
0.24355,0.32344,-0.0078393
0.2394,0.33856,-0.0098768
0.20772,0.30561,-0.0075726
0.17847,0.27513,-0.0064214
0.15152,0.24701,-0.0041865
0.12674,0.22113,-0.00071445
0.10401,0.19738,0.0039611
0.083239,0.17565,0.0098311
0.064319,0.15586,0.016907
0.047167,0.13793,0.025202
0.031701,0.12176,0.034734
0.017851,0.1073,0.045517
0.021454,0.12375,0.063751
0.025287,0.14149,0.084129
0.029332,0.16052,0.10622
0.033573,0.18085,0.12964
0.037995,0.20247,0.15404
0.042585,0.22538,0.17916
0.04733,0.24957,0.2048
0.05222,0.27503,0.2308
0.057243,0.30176,0.25706
0.062393,0.32975,0.28351
0.0498,0.3312,0.20966
0.037536,0.33297,0.15332
0.025511,0.33497,0.1093
0.013669,0.33716,0.074594
0.001969,0.33951,0.04733
-0.0096173,0.342,0.026312
-0.021113,0.34463,0.010744
-0.032537,0.3474,6.6627e-05
-0.043904,0.3503,-0.0061159
-0.055229,0.35334,-0.008105
-0.067073,0.35361,-0.0080715
-0.078842,0.35413,-0.0080377
-0.090545,0.35488,-0.008014
-0.10219,0.35587,-0.0080034
-0.11378,0.35707,-0.0080052
-0.12533,0.3585,-0.0080181
-0.13684,0.36012,-0.0080404
-0.14832,0.36196,-0.0080712
-0.15977,0.36398,-0.0081097
-0.1712,0.3662,-0.0081559
-0.17574,0.33597,-0.0073492
-0.17909,0.30819,-0.0064449
-0.18133,0.28273,-0.0052916
-0.18251,0.25946,-0.0037343
-0.18268,0.23827,-0.0016307
-0.18188,0.21907,0.0011429
-0.18016,0.20174,0.0046964
-0.17754,0.18622,0.0091242
-0.17406,0.17241,0.014512
-0.16975,0.16025,0.020932
-0.17386,0.16425,0.0099367
-0.17796,0.16838,0.0019234
-0.18207,0.17265,-0.0027272
-0.18619,0.17707,-0.0040145
-0.19034,0.1815,-0.007194
-0.19455,0.18587,-0.014417
-0.19882,0.1902,-0.025814
-0.20314,0.19447,-0.041488
-0.20752,0.19869,-0.061517
-0.21195,0.20286,-0.085968
-0.21989,0.20853,-0.057936
-0.22799,0.21408,-0.03658
-0.23622,0.21954,-0.021179
-0.24458,0.22494,-0.011226
-0.25305,0.23029,-0.006352
-0.26163,0.23562,-0.0053535
-0.27029,0.24113,-0.001223
-0.27904,0.24686,0.0073083
-0.28786,0.2528,0.020102
-0.29678,0.25894,0.037044
-0.29913,0.26414,0.026431
-0.30121,0.26982,0.018671
-0.30301,0.27596,0.01285
-0.30454,0.28252,0.0083808
-0.30581,0.2895,0.0048735
-0.30682,0.29688,0.002067
-0.30757,0.30465,-0.00021898
-0.30807,0.3128,-0.0021104
-0.30832,0.32132,-0.0036972
-0.30832,0.33022,-0.0050451
-0.28616,0.31374,-0.0087349
-0.26502,0.29814,-0.01005
-0.24479,0.28319,-0.016571
-0.2254,0.26881,-0.028675
-0.20681,0.25498,-0.046343
-0.18893,0.24167,-0.069534
-0.17173,0.22883,-0.098197
-0.15515,0.21645,-0.13228
-0.13915,0.2045,-0.17172
-0.12369,0.19297,-0.21648
-0.11761,0.18804,-0.16803
-0.11165,0.18324,-0.12879
-0.1058,0.17859,-0.096744
-0.10005,0.1741,-0.070622
-0.094413,0.16976,-0.04956
-0.088866,0.16557,-0.032963
-0.083406,0.16152,-0.020402
-0.078024,0.15761,-0.01156
-0.072714,0.15382,-0.0061969
-0.067467,0.15015,-0.0041241
-0.072536,0.14683,-0.010488
-0.077306,0.14357,-0.026673
-0.081794,0.14034,-0.050917
-0.086006,0.13714,-0.081988
-0.089944,0.13396,-0.11899
-0.093605,0.13081,-0.16122
-0.096984,0.12768,-0.20814
-0.10007,0.12459,-0.2593
-0.10287,0.12155,-0.31432
-0.10537,0.11858,-0.37293
-0.088588,0.11803,-0.25227
-0.071695,0.11815,-0.16748
-0.054818,0.11908,-0.10664
-0.038004,0.12088,-0.063147
-0.02126,0.1236,-0.033026
-0.004566,0.12726,-0.013768
0.012109,0.13191,-0.0037281
0.028792,0.13759,-0.001134
0.045277,0.14451,0.004984
0.061523,0.15275,0.017882
0.050043,0.14428,0.015001
0.038786,0.13633,0.012759
0.027761,0.12891,0.010951
0.016977,0.12202,0.0094511
0.0064405,0.11568,0.0081656
-0.0038421,0.10987,0.0070382
-0.013867,0.10462,0.0060239
-0.023631,0.099924,0.0050958
-0.03313,0.095789,0.0042314
-0.042364,0.092223,0.0034185
-0.033677,0.092772,0.0002553
-0.025098,0.093813,-0.0012622
-0.016604,0.095325,-0.0014018
-0.0081195,0.097277,-0.0021892
0.00038666,0.099652,-0.0042656
0.0089211,0.10244,-0.0075657
0.017488,0.10565,-0.012041
0.026088,0.10926,-0.017654
0.034722,0.11327,-0.024375
0.043385,0.11769,-0.032184
0.056156,0.12503,-0.01846
0.068855,0.13333,-0.0082068
0.081497,0.1426,-0.0013436
0.094096,0.15288,0.0021924
0.10663,0.1642,0.0034583
0.11896,0.17658,0.0073069
0.13107,0.19005,0.014338
0.14297,0.20462,0.024511
0.15465,0.2203,0.037789
0.16613,0.2371,0.054139
0.16332,0.23351,0.052737
0.16057,0.23001,0.051539
0.1579,0.2266,0.050493
0.15529,0.22326,0.049567
0.15274,0.22001,0.048732
0.15026,0.21684,0.04797
0.14783,0.21373,0.047265
0.14547,0.2107,0.046607
0.14316,0.20773,0.045983
0.14091,0.20482,0.045392
0.12311,0.17936,0.03883
0.10666,0.15576,0.032623
0.091408,0.13404,0.02685
0.077293,0.11419,0.021568
0.064271,0.096171,0.016819
0.052296,0.079963,0.01263
0.041322,0.065541,0.009023
0.031302,0.052886,0.0060144
0.022193,0.041975,0.0036169
0.013951,0.032791,0.0018401
0.018488,0.042461,0.0017549
0.023567,0.053441,0.0016875
0.029166,0.065744,0.0016682
0.035266,0.079378,0.0017156
0.041846,0.094355,0.0018378
0.048888,0.11068,0.0020302
0.056374,0.12837,0.0022842
0.064287,0.14742,0.0025528
0.07261,0.16784,0.0027981
0.081327,0.18964,0.0030293
0.080396,0.18587,0.00109
0.079414,0.18213,-0.0031633
0.07839,0.17842,-0.0098439
0.077328,0.17474,-0.019029
0.076232,0.1711,-0.030764
0.075106,0.16749,-0.045077
0.073952,0.16392,-0.061978
0.07277,0.16038,-0.081473
0.07156,0.15687,-0.10355
0.070321,0.1534,-0.1282
0.086984,0.17775,-0.12831
0.10504,0.20438,-0.12849
0.12451,0.23334,-0.12872
0.14539,0.26464,-0.129
0.16769,0.2983,-0.12932
0.1914,0.33434,-0.12968
0.21651,0.37276,-0.13006
0.24302,0.41357,-0.13046
0.27091,0.45674,-0.13086
0.30015,0.50228,-0.13127
0.30345,0.50525,-0.12432
0.3066,0.50823,-0.1187
0.3096,0.5112,-0.11398
0.31245,0.51418,-0.10991
0.31515,0.51714,-0.10632
0.3177,0.5201,-0.10309
0.3201,0.52306,-0.10015
0.32236,0.526,-0.097443
0.32448,0.52894,-0.09493
0.32645,0.53187,-0.09259
0.31798,0.51999,-0.062398
0.3095,0.50831,-0.040676
0.30101,0.49681,-0.025241
0.2925,0.48549,-0.014777
0.28397,0.47434,-0.008439
0.27541,0.46334,-0.0056587
0.26682,0.45249,-0.0052745
0.25828,0.44181,-0.0027474
0.24979,0.4313,0.0024353
0.24137,0.42095,0.010082
0.2479,0.43281,0.00088833
0.25455,0.44485,-0.0047894
0.26129,0.45705,-0.0080682
0.26813,0.46942,-0.0096351
0.27503,0.48195,-0.011038
0.28195,0.49462,-0.01352
0.2889,0.50743,-0.0169
0.29587,0.52039,-0.021059
0.30286,0.53347,-0.025912
0.30989,0.5467,-0.031395
0.3095,0.5408,-0.019959
0.30873,0.53534,-0.016443
0.30771,0.53037,-0.014506
0.30662,0.52595,-0.0069019
0.30543,0.52206,0.0059468
0.30413,0.51869,0.023732
0.30269,0.51581,0.04625
0.30136,0.51328,0.073355
0.3007,0.51075,0.10492
0.30072,0.5082,0.14088
0.2698,0.46022,0.10782
0.24166,0.4146,0.080762
0.21531,0.37174,0.058343
0.18992,0.332,0.039832
0.16545,0.29527,0.024759
0.14189,0.26147,0.012832
0.11923,0.23052,0.0038504
0.097435,0.20235,-0.0023273
0.076512,0.1769,-0.0058089
0.056444,0.15411,-0.0066756
0.068041,0.16057,-0.0069778
0.078899,0.16792,-0.0069435
0.089009,0.17617,-0.0065958
0.098361,0.18529,-0.0059527
0.10694,0.19528,-0.005029
0.11473,0.20614,-0.0038357
0.12171,0.21785,-0.0023826
0.12878,0.22991,-0.00069308
0.13697,0.24172,0.0012093
0.14629,0.25328,0.003323
0.15728,0.27592,-0.0026226
0.16892,0.29955,-0.007745
0.18119,0.32418,-0.012219
0.19407,0.34979,-0.016179
0.20755,0.37639,-0.019728
0.22161,0.40394,-0.022947
0.23623,0.43244,-0.025896
0.2514,0.46185,-0.028621
0.26709,0.49217,-0.03116
0.28328,0.52336,-0.033538
0.26873,0.49902,-0.031046
0.25368,0.47644,-0.027854
0.23812,0.45548,-0.02437
0.22206,0.43602,-0.020782
0.2055,0.41798,-0.017178
0.18845,0.40126,-0.013601
0.17093,0.38579,-0.010073
0.15293,0.37151,-0.0066019
0.13445,0.35835,-0.0031974
0.1155,0.34626,0.00014158
