0.12774,0.045137,0.011324
0.12136,0.042285,0.0099784
0.11512,0.0397,0.0091908
0.10902,0.037355,0.0088351
0.10307,0.035229,0.008799
0.097269,0.0333,0.0090443
0.091615,0.031553,0.0095229
0.086113,0.029972,0.010234
0.080765,0.028543,0.011155
0.075573,0.027251,0.012302
0.070539,0.026086,0.013663
0.072981,0.027038,0.0074089
0.075441,0.027991,0.0031249
0.077934,0.028948,0.00078849
0.080478,0.029912,0.0002402
0.083099,0.030893,-0.0011254
0.085818,0.031897,-0.0043332
0.088654,0.032931,-0.0093434
0.091625,0.033997,-0.016135
0.094747,0.035101,-0.024659
0.098035,0.036245,-0.034903
0.095265,0.042834,-0.042559
0.09259,0.049832,-0.051456
0.090009,0.057246,-0.061618
0.087522,0.065084,-0.073119
0.085129,0.073351,-0.08596
0.082832,0.082053,-0.10021
0.080635,0.091198,-0.11584
0.07854,0.10079,-0.13291
0.076553,0.11084,-0.1514
0.074678,0.12134,-0.17134
0.081563,0.095602,-0.15747
0.08927,0.07276,-0.14443
0.097777,0.052687,-0.13209
0.10707,0.035274,-0.12042
0.11715,0.020427,-0.10933
0.12802,0.0080664,-0.098818
0.13968,-0.0018693,-0.088803
0.15216,-0.0094265,-0.079291
0.16548,-0.014637,-0.070233
0.17967,-0.017518,-0.061635
0.18,-0.017504,-0.054087
0.18037,-0.01731,-0.047727
0.18077,-0.016945,-0.042287
0.1812,-0.016416,-0.0376
0.18166,-0.015732,-0.033509
0.18215,-0.014898,-0.029921
0.18266,-0.013918,-0.026738
0.18319,-0.012799,-0.023907
0.18375,-0.011543,-0.021363
0.18433,-0.010156,-0.019074
0.17506,-0.005324,-0.021002
0.16617,0.00014629,-0.022528
0.15765,0.0062429,-0.023692
0.14949,0.012956,-0.024553
0.14169,0.020278,-0.025144
0.13423,0.028201,-0.02551
0.12711,0.036723,-0.025672
0.12032,0.045841,-0.025666
0.11387,0.055552,-0.025504
0.10773,0.065858,-0.025211
0.1094,0.062217,-0.022153
0.11117,0.0588,-0.018903
0.11303,0.055591,-0.015576
0.11498,0.052574,-0.01228
0.11704,0.049737,-0.0090957
0.11918,0.047064,-0.0061013
0.12142,0.044545,-0.0033559
0.12375,0.042167,-0.0009166
0.12618,0.039921,0.0011727
0.12869,0.037797,0.0028692
0.13811,0.038451,0.0050676
0.14793,0.039149,0.0058832
0.15807,0.03983,0.0076142
0.16854,0.040491,0.010334
0.17934,0.041139,0.013781
0.19048,0.041779,0.017752
0.20195,0.042412,0.022093
0.21378,0.043042,0.026686
0.22596,0.043669,0.031443
0.23849,0.044295,0.036294
0.22694,0.03731,0.037773
0.21556,0.030766,0.040044
0.20437,0.024666,0.042992
0.19339,0.01901,0.046538
0.18261,0.013799,0.05063
0.17206,0.0090341,0.055227
0.16174,0.0047137,0.060299
0.15165,0.00083753,0.065821
0.14182,-0.0025954,0.071774
0.13224,-0.0055862,0.078142
0.13337,-0.0079298,0.088204
0.13454,-0.010142,0.098038
0.13574,-0.012222,0.10761
0.13697,-0.014169,0.11691
0.13823,-0.015984,0.12592
0.13952,-0.017667,0.13466
0.14085,-0.019217,0.14312
0.1422,-0.020637,0.15131
0.1436,-0.021927,0.15924
0.14502,-0.023087,0.16693
0.1312,-0.022682,0.1706
0.11802,-0.022229,0.17299
0.10535,-0.02305,0.17419
0.093196,-0.025102,0.17437
0.081567,-0.028349,0.17364
0.070473,-0.032761,0.17211
0.059921,-0.038312,0.16987
0.049918,-0.044984,0.167
0.040472,-0.052764,0.16354
0.031587,-0.061643,0.15956
0.042631,-0.046392,0.1437
0.053805,-0.034543,0.13285
0.065217,-0.025872,0.12533
0.076943,-0.020234,0.12006
0.089038,-0.017543,0.11634
0.10155,-0.017681,0.11371
0.11486,-0.017063,0.11209
0.12919,-0.013729,0.11142
0.14456,-0.0076159,0.11156
0.16099,0.0013444,0.11245
0.15519,0.0028499,0.095433
0.14958,0.0042883,0.078819
0.14411,0.0056207,0.063209
0.13875,0.0068174,0.049057
0.13347,0.0078558,0.036685
0.12825,0.0087188,0.026334
0.12305,0.0093935,0.018173
0.11788,0.0098696,0.012326
0.11271,0.010139,0.0088842
0.10754,0.010206,0.0077781
0.12113,0.0084744,0.0088798
0.13561,0.0066585,0.010989
0.15101,0.0047414,0.014274
0.16734,0.0027163,0.01876
0.18461,0.0005764,0.024476
0.20284,-0.0016847,0.031449
0.22205,-0.0040731,0.039709
0.24225,-0.0065949,0.04928
0.26345,-0.0092555,0.060179
0.28567,-0.01206,0.072428
0.29007,-0.007728,0.079138
0.29458,-0.0027262,0.085117
0.2992,0.0029403,0.090436
0.30392,0.0092648,0.095186
0.30874,0.016241,0.099444
0.31365,0.023861,0.10329
0.31865,0.032121,0.10679
0.32372,0.041014,0.11001
0.32887,0.050536,0.11298
0.33409,0.060683,0.11574
0.31937,0.053467,0.12433
0.30544,0.04646,0.13317
0.29224,0.039667,0.14228
0.27973,0.033098,0.15168
0.26786,0.026759,0.16136
0.25658,0.020668,0.17134
0.24587,0.01483,0.18162
0.23568,0.0092535,0.19219
0.22598,0.003938,0.20306
0.21674,-0.0011095,0.21422
0.21093,0.0054491,0.13486
0.2045,0.010317,0.079264
0.19767,0.013876,0.042088
0.19054,0.016347,0.020078
0.18315,0.017859,0.01114
0.17586,0.019113,0.0069159
0.16934,0.021376,-0.0074535
0.16346,0.024565,-0.031814
0.15811,0.028575,-0.065699
0.15319,0.033312,-0.10877
0.15014,0.038137,-0.097571
0.14708,0.043396,-0.087526
0.14399,0.049054,-0.078389
0.14087,0.055079,-0.069994
0.13775,0.06145,-0.062205
0.1346,0.068145,-0.054938
0.13145,0.07515,-0.048119
0.12829,0.082449,-0.041708
0.12512,0.090033,-0.035665
0.12196,0.09789,-0.029974
0.1183,0.1096,-0.022491
0.11474,0.12209,-0.016189
0.11127,0.13533,-0.010815
0.10787,0.14932,-0.0061928
0.10454,0.16403,-0.0021834
0.10127,0.17945,0.0013098
0.098051,0.19558,0.0043676
0.094877,0.21242,0.0070416
0.091744,0.22995,0.0093792
0.08865,0.24818,0.011407
0.089102,0.19939,0.003639
0.090061,0.15666,-0.0040248
0.091486,0.11966,-0.011413
0.093341,0.088084,-0.018473
0.095587,0.061667,-0.025192
0.098186,0.040179,-0.031598
0.1011,0.023425,-0.037715
0.10427,0.011249,-0.043593
0.10767,0.0035336,-0.049263
0.11122,0.00020743,-0.054778
0.1051,0.00033408,-0.029832
0.099289,0.0016762,-0.013739
0.093716,0.0041248,-0.0045868
0.08832,0.0076009,-0.0011453
0.083099,0.011961,0.0004589
0.078128,0.017044,0.006275
0.073408,0.022881,0.016098
0.068943,0.0295,0.029656
0.064742,0.036924,0.046756
0.060819,0.045172,0.067222
0.059311,0.0383,0.050008
0.057941,0.032012,0.036785
0.056692,0.026314,0.026531
0.055548,0.021201,0.018534
0.054498,0.016667,0.012309
0.053533,0.012704,0.0074944
0.052642,0.0093012,0.0038339
0.051817,0.0064507,0.0011271
0.051053,0.004144,-0.00077225
0.05034,0.002374,-0.0019822
0.049214,0.0029843,-0.00039143
0.048149,0.0036739,0.0021079
0.047145,0.0044487,0.005408
0.0462,0.0053144,0.0094165
0.045314,0.0062761,0.014063
0.044486,0.0073388,0.01928
0.043717,0.0085069,0.025018
0.043007,0.0097846,0.031224
0.042355,0.011176,0.037858
0.041762,0.012683,0.044877
0.031286,0.016591,0.040722
0.02238,0.021067,0.036905
0.015029,0.026089,0.033317
0.0092242,0.031653,0.029864
0.0049568,0.03778,0.026478
0.0022235,0.044507,0.0231
0.0010246,0.051888,0.019682
-0.00016353,0.059963,0.016324
-0.0029592,0.068768,0.013156
-0.0073774,0.078365,0.010172
-0.0041107,0.079688,0.012917
-0.0016192,0.081072,0.016281
0.00010475,0.082518,0.020289
0.0010684,0.084029,0.024962
0.0019438,0.08562,0.030247
0.0037191,0.087313,0.036055
0.0064043,0.089115,0.04239
0.01,0.091032,0.049263
0.014508,0.09307,0.056678
0.019928,0.095236,0.064649
0.019907,0.078722,0.051767
0.019832,0.063692,0.039962
0.019714,0.050189,0.0294
0.019561,0.038249,0.02022
0.019381,0.027906,0.012507
0.019179,0.019188,0.0063402
0.018969,0.012123,0.0017649
0.018763,0.0067363,-0.0011763
0.018583,0.0030495,-0.0024604
0.018396,0.00099993,-0.0026181
0.016191,0.003536,-0.0024715
0.014001,0.0081209,-0.0027763
0.011883,0.014888,-0.0030359
0.0098303,0.023938,-0.0032606
0.0078314,0.03539,-0.0034703
0.0058708,0.049372,-0.0036836
0.0039306,0.066006,-0.0039339
0.0019907,0.08541,-0.0042525
2.8768E-05,0.10769,-0.0046884
-0.0019778,0.13294,-0.0052789
-0.00017616,0.10524,-0.0080371
0.0018418,0.081278,-0.0091054
0.003981,0.060838,-0.008974
0.0061685,0.043728,-0.0079639
0.0083464,0.029778,-0.0063143
0.010399,0.018708,-0.0048677
0.012201,0.010201,-0.0046857
0.013766,0.0041599,-0.0056802
0.015121,0.00050588,-0.0077955
0.016316,-0.00087407,-0.011008
0.023676,0.00030649,-0.0074968
0.032145,0.0014269,-0.005374
0.041761,0.0025789,-0.0047257
0.052584,0.003825,-0.0054597
0.064854,0.005586,-0.0054873
0.078663,0.0080221,-0.0041521
0.094042,0.011175,-0.001457
0.11101,0.015078,0.0025662
0.1296,0.019759,0.0078532
0.14981,0.02524,0.014327
0.1357,0.027228,0.037322
0.12268,0.029899,0.06437
0.11071,0.033143,0.094997
0.099742,0.036869,0.12887
0.089749,0.041008,0.16573
0.080696,0.045495,0.20538
0.072553,0.050279,0.24765
0.065287,0.055306,0.2924
0.058869,0.060529,0.33947
0.053267,0.0659,0.38876
0.043369,0.053884,0.29861
0.035239,0.0456,0.22786
0.028436,0.040159,0.17123
0.022672,0.037001,0.12547
0.017744,0.035754,0.088464
0.013503,0.036154,0.058752
0.0098312,0.038014,0.035329
0.0066355,0.041193,0.017482
0.0038391,0.045585,0.0047245
0.0013786,0.051114,-0.0032612
0.004667,0.040008,-0.00028675
0.0081698,0.030581,0.0029136
0.011893,0.022773,0.0064017
0.015837,0.016526,0.01022
0.019999,0.011792,0.014399
0.024367,0.008531,0.018945
0.028927,0.0067215,0.023862
0.03366,0.0063539,0.029132
0.038601,0.0069341,0.034789
0.043964,0.0063568,0.040984
0.051544,0.0078584,0.037415
0.059841,0.0090573,0.033918
0.068855,0.0099572,0.030526
0.078531,0.011055,0.02722
0.088825,0.012719,0.024011
0.099734,0.014955,0.020923
0.11126,0.017771,0.017995
0.12339,0.021174,0.015256
0.13613,0.025171,0.012746
0.14947,0.029768,0.010499
0.12593,0.026964,0.02173
0.1045,0.024423,0.036184
0.085081,0.022089,0.053618
0.067575,0.01991,0.073857
0.0519,0.017841,0.096797
0.037987,0.015838,0.12235
0.025778,0.013864,0.15047
0.015234,0.011884,0.1811
0.0063299,0.009866,0.21419
-0.000941,0.0077813,0.24967
0.0049167,0.0063901,0.17347
0.010917,0.0057272,0.11509
0.01699,0.005577,0.071047
0.023093,0.005768,0.039016
0.029218,0.0061608,0.017409
0.035412,0.0066391,0.0051879
0.041771,0.0071038,0.0017395
0.048781,0.0078233,-0.0028023
0.056881,0.0091419,-0.015953
0.066233,0.011198,-0.037911
0.062968,0.011012,-0.037406
0.059744,0.010841,-0.037086
0.056564,0.010688,-0.036914
0.053432,0.010554,-0.036863
0.05035,0.010441,-0.036908
0.047323,0.01035,-0.037032
0.044353,0.010282,-0.03722
0.041444,0.010237,-0.03746
0.038599,0.010218,-0.037741
0.035822,0.010225,-0.038053
0.04505,0.0085633,-0.016561
0.055641,0.0088184,-0.0028363
0.067816,0.0091567,0.0030717
0.081415,0.0085927,0.0061296
0.096032,0.0061213,0.01645
0.11164,0.0016104,0.034224
0.12821,-0.0050305,0.059312
0.14575,-0.013871,0.091558
0.16427,-0.02496,0.13079
0.18377,-0.038305,0.17684
0.16225,-0.018769,0.11067
0.14233,-0.0044404,0.064749
0.12402,0.0054293,0.03384
0.10731,0.011376,0.01472
0.092168,0.013805,0.0052583
0.078555,0.013168,0.0027186
0.066294,0.012995,-0.004413
0.054896,0.015962,-0.018001
0.044249,0.021985,-0.037733
0.034263,0.031056,-0.063511
0.036741,0.030666,-0.088104
0.039208,0.030916,-0.11643
0.041649,0.031792,-0.14848
0.044047,0.033273,-0.18426
0.046387,0.035343,-0.22377
0.048651,0.037977,-0.26698
0.050824,0.041157,-0.3139
0.05289,0.044855,-0.36451
0.054834,0.049048,-0.4188
0.056637,0.053699,-0.47673
0.051599,0.045875,-0.40529
0.046789,0.039813,-0.34864
0.04217,0.035054,-0.30232
0.037723,0.031304,-0.26356
0.03344,0.028374,-0.23054
0.029321,0.026128,-0.20203
0.02537,0.024471,-0.17713
0.021592,0.023332,-0.15522
0.017992,0.022657,-0.13579
0.014579,0.022402,-0.1185
0.020407,0.016891,-0.093065
0.026704,0.013099,-0.07101
0.03346,0.010956,-0.05213
0.040662,0.010405,-0.03627
0.048411,0.010811,-0.02335
0.057014,0.010525,-0.013382
0.066474,0.009416,-0.0063198
0.076778,0.0074341,-0.0021379
0.087917,0.0045249,-0.0008261
0.099911,0.00053285,-3.6031E-05
0.089805,0.0057025,0.0011464
0.080641,0.009324,0.0025404
0.072356,0.01152,0.0041635
0.064889,0.012398,0.0060283
0.058184,0.01205,0.0081435
0.052067,0.011135,0.010534
0.046133,0.011369,0.013235
0.040331,0.012819,0.016233
0.034633,0.01546,0.019508
0.029011,0.019284,0.023048
0.021591,0.018228,0.025377
0.015173,0.017449,0.027752
0.009734,0.01694,0.030165
0.0052537,0.016695,0.032614
0.001716,0.016707,0.035094
-0.00089167,0.016966,0.037605
-0.0025762,0.017465,0.040148
-0.0033399,0.018194,0.042723
-0.0038324,0.018997,0.045343
-0.005234,0.019595,0.04803
-0.0035709,0.016894,0.055634
-0.0023124,0.014501,0.063797
-0.0014546,0.012396,0.072509
-0.00070125,0.010636,0.08176
0.00032139,0.0093024,0.091531
0.0016123,0.0083982,0.10181
0.0031689,0.0079318,0.1126
0.0049866,0.0079155,0.12387
0.0070613,0.0083655,0.13561
0.009387,0.0092985,0.14782
0.0097702,0.0097624,0.14828
0.01016,0.010193,0.14844
0.010556,0.010587,0.14831
0.010959,0.010928,0.14791
0.011369,0.011219,0.14727
0.011785,0.011459,0.1464
0.012209,0.011654,0.14532
0.012638,0.011805,0.14405
0.013074,0.011917,0.14259
0.013515,0.011995,0.14097
0.014783,0.01087,0.12128
0.016121,0.010013,0.10432
0.01752,0.0094196,0.089576
0.018988,0.0090133,0.076666
0.020572,0.0085891,0.065308
0.022276,0.0081131,0.055282
0.024101,0.0075679,0.046409
0.026046,0.0069395,0.038558
0.028112,0.0062191,0.031616
0.030298,0.0054008,0.025503
0.030221,0.0081109,0.034569
0.030413,0.0099077,0.044958
0.030872,0.010862,0.056639
0.031239,0.012383,0.069518
0.03138,0.014996,0.083538
0.031288,0.01875,0.098663
0.030948,0.023704,0.11484
0.03035,0.029915,0.13203
0.029475,0.037443,0.15016
0.028309,0.046344,0.16919
0.024703,0.054049,0.16926
0.020816,0.062798,0.17008
0.016637,0.0726,0.17154
0.01216,0.083457,0.17357
0.0073768,0.095378,0.17613
0.0022803,0.10837,0.17917
-0.003136,0.12244,0.18265
-0.0088776,0.1376,0.18656
-0.01495,0.15386,0.19086
-0.02136,0.17123,0.19555
-0.026117,0.17607,0.16307
-0.030776,0.18129,0.1335
-0.035336,0.18687,0.10687
-0.039796,0.19279,0.083212
-0.044155,0.19903,0.062536
-0.048414,0.20558,0.044837
-0.052571,0.21242,0.030103
-0.056626,0.21953,0.018319
-0.060577,0.22691,0.0094698
-0.064426,0.23452,0.0035381
-0.061785,0.22925,0.0012938
-0.059017,0.22419,0.00036117
-0.056121,0.21932,0.00035333
-0.053095,0.21465,-0.0002747
-0.049938,0.21017,-0.0017661
-0.046648,0.20586,-0.0040425
-0.043222,0.20172,-0.0070157
-0.039659,0.19774,-0.010628
-0.035957,0.19392,-0.014818
-0.032115,0.19024,-0.019544
-0.027339,0.17161,-0.0072305
-0.022779,0.15441,-0.00092114
-0.018428,0.13852,0.00067403
-0.014281,0.12382,0.0028251
-0.010337,0.1102,0.0083886
-0.0065936,0.097624,0.016983
-0.0030515,0.086019,0.028342
0.00028813,0.07534,0.042274
0.0034212,0.065549,0.05864
0.0063419,0.056611,0.077336
0.0015741,0.066552,0.062999
-0.0034846,0.077455,0.050252
-0.008846,0.089301,0.039013
-0.014516,0.10207,0.029219
-0.020497,0.11574,0.020822
-0.026786,0.1303,0.013783
-0.033379,0.14573,0.0080727
-0.040269,0.16201,0.0036657
-0.047448,0.17915,0.00054256
-0.054906,0.19713,-0.0013144
-0.053945,0.17954,-0.0014472
-0.051807,0.16295,-0.0015357
-0.048471,0.14739,-0.0015539
-0.044199,0.13282,-0.0015057
-0.041103,0.11857,-0.0015192
-0.039645,0.10451,-0.0016333
-0.039855,0.090637,-0.0018657
-0.04176,0.076979,-0.0022322
-0.045381,0.063545,-0.002747
-0.050731,0.050347,-0.0034226
-0.039447,0.055224,-0.0038916
-0.03105,0.059288,-0.0041001
-0.025525,0.062512,-0.0040872
-0.022856,0.064863,-0.003907
-0.022635,0.066439,-0.0036165
-0.02071,0.068632,-0.003266
-0.015969,0.071797,-0.0028944
-0.0084024,0.07592,-0.0025274
0.0020015,0.08099,-0.002182
0.015254,0.087005,-0.0018682
0.017683,0.080403,-0.00089868
0.019931,0.07409,0.00061183
0.022003,0.068088,0.0038825
0.023905,0.062398,0.0086054
0.025646,0.057021,0.014556
0.027233,0.051961,0.021566
0.028673,0.047219,0.029511
0.029974,0.042798,0.038294
0.03114,0.038701,0.04784
0.032179,0.034929,0.058091
0.028259,0.028573,0.044401
0.024512,0.022997,0.033768
0.020961,0.018149,0.025459
0.017624,0.013982,0.018957
0.014519,0.010456,0.01388
0.011662,0.0075315,0.0099436
0.0090674,0.0051728,0.0069259
0.0067498,0.0033442,0.0046519
0.004723,0.0020112,0.0029798
0.0030008,0.0011391,0.0017906
0.0022671,0.0011792,0.0003693
0.0014451,0.0016975,-2.097E-05
0.00052905,0.0026802,-0.00071634
-0.00047148,0.0040849,-0.0024718
-0.0015392,0.0058651,-0.0053095
-0.0026556,0.00798,-0.0092512
-0.0038047,0.010397,-0.014314
-0.0049724,0.013089,-0.020513
-0.0061507,0.016033,-0.027857
-0.0074465,0.019166,-0.036357
-0.0081422,0.020468,-0.031926
-0.0089446,0.021773,-0.027855
-0.0098542,0.023082,-0.02412
-0.010871,0.024397,-0.020701
-0.011997,0.025717,-0.017582
-0.013232,0.027046,-0.01475
-0.014578,0.028382,-0.012192
-0.016036,0.029727,-0.0098987
-0.017607,0.031082,-0.0078611
-0.019293,0.032447,-0.0060717
-0.017345,0.035083,-0.0069066
-0.016249,0.037444,-0.0077754
-0.015997,0.039522,-0.0086794
-0.016502,0.041343,-0.0096205
-0.01658,0.04337,-0.010601
-0.015842,0.045755,-0.011622
-0.014277,0.0485,-0.012686
-0.011873,0.051605,-0.013795
-0.0086149,0.055075,-0.014948
-0.004489,0.058916,-0.016146
-0.004405,0.049855,-0.010347
-0.0042343,0.041374,-0.0058315
-0.0039823,0.033525,-0.0025968
-0.003654,0.02636,-0.0006464
-0.0032548,0.019934,1.3766E-05
-0.0027889,0.014303,0.0006431
-0.002261,0.0095289,0.0025845
-0.001678,0.0056761,0.0058497
-0.0010482,0.0028114,0.010449
-0.00041644,0.00097799,0.016386
-0.00030474,0.00075162,0.0097702
-0.00016165,0.0005262,0.0050501
2.3399E-05,0.00033584,0.0019971
0.0002236,0.00020779,0.00039072
0.00041062,0.00017932,-1.4765E-05
0.00060419,0.00021566,-0.00073303
0.00088956,0.00017617,-0.0026448
0.0012674,0.00010081,-0.0059422
0.0017338,2.8258E-05,-0.010793
0.0022879,-1.2141E-05,-0.017331
0.0042966,0.0019228,-0.015721
0.0068514,0.0052822,-0.014196
0.0093472,0.011851,-0.012818
0.011913,0.021779,-0.011588
0.014665,0.035219,-0.010476
0.017712,0.052316,-0.0094493
0.021154,0.073208,-0.0084839
0.025085,0.098021,-0.007566
0.029593,0.12688,-0.0066884
0.03476,0.15988,-0.0058533
0.042931,0.14148,-0.011284
0.050284,0.12483,-0.017945
0.056857,0.10984,-0.025617
0.062686,0.096444,-0.034145
0.067801,0.08457,-0.043411
0.072229,0.074161,-0.053331
0.075995,0.065167,-0.063833
0.079121,0.057546,-0.074867
0.081624,0.051264,-0.086385
0.08352,0.046291,-0.098352
0.077017,0.047853,-0.076085
0.07059,0.050071,-0.059192
0.064202,0.05287,-0.046137
0.057823,0.056199,-0.035912
0.051422,0.060029,-0.027825
0.044972,0.064345,-0.021392
0.038447,0.069142,-0.01626
0.031822,0.074423,-0.012173
0.025076,0.080197,-0.0089328
0.018188,0.08648,-0.0063913
0.013097,0.093881,-0.0078747
0.0077756,0.10179,-0.0095965
0.0022205,0.1102,-0.011575
-0.0035728,0.11913,-0.013828
-0.0096089,0.12858,-0.016373
-0.015891,0.13855,-0.019228
-0.022424,0.14904,-0.022412
-0.02921,0.16006,-0.025942
-0.036253,0.17161,-0.029838
-0.043556,0.18369,-0.03412
-0.03622,0.17128,-0.034173
-0.029333,0.15967,-0.032424
-0.022881,0.14882,-0.029367
-0.016852,0.13867,-0.025458
-0.01123,0.1292,-0.021097
-0.0059992,0.12034,-0.016624
-0.0011446,0.11206,-0.012324
0.0033506,0.10432,-0.0084359
0.0075031,0.097087,-0.0051587
0.01133,0.090319,-0.0026594
0.0039464,0.096087,-0.00071597
-0.0035043,0.1023,-1.8795E-06
-0.011025,0.10897,0.0027839
-0.018615,0.11608,0.0074803
-0.026273,0.12362,0.013843
-0.033995,0.13157,0.021671
-0.041777,0.13994,0.030797
-0.049614,0.14872,0.041079
-0.0575,0.1579,0.052397
-0.06543,0.16749,0.06465
-0.056663,0.15806,0.033039
-0.047824,0.14951,0.013071
-0.038881,0.14177,0.0022374
-0.029808,0.13476,-0.0010701
-0.020585,0.12839,-0.0041327
-0.011191,0.12258,-0.012916
-0.0016144,0.11728,-0.026899
0.0081577,0.1125,-0.045698
0.018132,0.1082,-0.069025
0.028314,0.10438,-0.096649
0.014402,0.099261,-0.07969
0.0021659,0.094807,-0.065802
-0.0084724,0.091002,-0.054228
-0.017583,0.08783,-0.04446
-0.025229,0.085278,-0.036147
-0.031468,0.083334,-0.02904
-0.036349,0.081993,-0.022962
-0.039917,0.081249,-0.01778
-0.042208,0.081105,-0.0134
-0.043254,0.081562,-0.0097468
-0.040723,0.077664,-0.0093237
-0.037316,0.074459,-0.00902
-0.033029,0.071926,-0.0088119
-0.027856,0.070051,-0.0086808
-0.021791,0.068817,-0.0086133
-0.014827,0.068216,-0.0085981
-0.0069562,0.06824,-0.0086274
0.00183,0.068884,-0.0086945
0.01154,0.070149,-0.0087949
0.022181,0.072035,-0.0089247
0.023837,0.061768,-0.0030227
0.025084,0.052614,-0.00047704
0.025945,0.044512,0.00060305
0.026438,0.037428,0.0046837
0.026581,0.0313,0.011924
0.026388,0.026072,0.022289
0.025867,0.0217,0.035759
0.02502,0.018151,0.052322
0.023843,0.015407,0.071978
0.022328,0.013464,0.09473
0.01771,0.01209,0.071337
0.013176,0.011816,0.051873
0.0086784,0.012597,0.0359
0.0041682,0.014394,0.023098
-0.0004013,0.017174,0.013227
-0.0050732,0.020913,0.0061197
-0.0098821,0.0256,0.0016736
-0.01485,0.031236,-0.00015846
-0.019981,0.037826,-0.0011061
-0.025265,0.045372,-0.0045844
-0.025859,0.046389,-0.0029271
-0.026452,0.047403,-0.0017047
-0.027048,0.048418,-0.00087798
-0.027646,0.049435,-0.00041381
-0.028249,0.050459,-0.0002806
-0.028859,0.051494,-9.6985E-05
-0.029477,0.052542,0.00037451
-0.030104,0.053606,0.0011149
-0.030741,0.054687,0.0021075
-0.031388,0.055785,0.0033375
-0.030257,0.056577,0.0013977
-0.028561,0.057695,0.00020615
-0.0263,0.059154,-0.00024042
-0.023467,0.060973,-0.00052824
-0.02005,0.063169,-0.0015464
-0.01603,0.065765,-0.0033027
-0.011387,0.068786,-0.0057966
-0.0060957,0.072256,-0.0090274
-0.00012883,0.076201,-0.012995
0.0065438,0.080645,-0.017701
0.026569,0.083322,-0.011001
0.049058,0.088046,-0.0060267
0.074058,0.094817,-0.0025978
0.1016,0.10366,-0.00057953
0.13172,0.11461,0.00013879
0.16442,0.12775,0.00077397
0.19971,0.14313,0.0025273
0.23761,0.16083,0.0053085
0.27811,0.18093,0.0090315
0.3212,0.20348,0.013611
0.27844,0.17802,0.010309
0.23878,0.15432,0.0078725
0.2022,0.1324,0.0060078
0.16868,0.11224,0.0045405
0.13819,0.093857,0.0033679
0.11072,0.077238,0.002425
0.086244,0.062389,0.0016706
0.064739,0.049307,0.0010767
0.046183,0.037995,0.00062379
0.030556,0.028449,0.00029823
0.031498,0.028809,0.00052752
0.032457,0.029184,0.00088477
0.033435,0.029579,0.0014062
0.034434,0.029994,0.0021294
0.035457,0.030433,0.0030922
0.036509,0.030899,0.0043321
0.037592,0.031395,0.0058858
0.038711,0.031926,0.0077888
0.039872,0.032495,0.010075
0.04108,0.033108,0.012778
0.053875,0.043293,0.013701
0.068265,0.05468,0.014662
0.084214,0.067234,0.015619
0.10169,0.080926,0.01653
0.12066,0.095733,0.017359
0.1411,0.11164,0.018073
0.16298,0.12862,0.018651
0.18628,0.14667,0.019078
0.21099,0.16579,0.01935
0.23708,0.18596,0.019467
0.23085,0.18641,0.013468
0.22447,0.18698,0.0084767
0.21794,0.18767,0.0045443
0.21126,0.18848,0.0017066
0.20445,0.18941,-1.1721E-05
0.1975,0.19047,-0.00059529
0.19044,0.19166,-0.0012409
0.18326,0.19297,-0.0030413
0.17597,0.1944,-0.0060008
0.16858,0.19596,-0.010123
0.15572,0.20083,-0.0016857
0.14253,0.20629,0.00050657
0.12901,0.21243,0.0097489
0.11516,0.21927,0.027596
0.10098,0.22684,0.053922
0.086466,0.23514,0.088627
0.071625,0.24421,0.13164
0.05645,0.25405,0.1829
0.040936,0.26467,0.24235
0.025077,0.2761,0.30997
0.063151,0.28436,0.2696
0.10378,0.29503,0.23283
0.14696,0.30812,0.19923
0.19267,0.32367,0.16851
0.24092,0.34169,0.14049
0.2917,0.36222,0.11505
0.34502,0.38527,0.0921
0.40087,0.41087,0.071583
0.45926,0.43904,0.05346
0.52019,0.46979,0.037705
0.49314,0.43716,0.026149
0.46677,0.40614,0.017553
0.44107,0.37668,0.011039
0.41603,0.34873,0.0061015
0.39164,0.32223,0.002433
0.36789,0.29716,-0.00017021
0.34478,0.27347,-0.001848
0.3223,0.25114,-0.002706
0.30043,0.23013,-0.0028387
0.27917,0.21042,-0.0031382
0.26001,0.20138,-0.0026417
0.24141,0.19327,-0.0018514
0.22334,0.18605,3.7268E-05
0.20573,0.17969,0.0029856
0.18857,0.17415,0.0069743
0.17179,0.1694,0.011994
0.15537,0.16542,0.018043
0.13928,0.16217,0.025123
0.12348,0.15964,0.03324
0.10795,0.1578,0.042401
0.10545,0.15155,0.016456
0.10298,0.1454,0.0016397
0.10057,0.13938,-0.0023655
0.098109,0.13338,-0.0097119
0.095558,0.12734,-0.028109
0.092911,0.12128,-0.057529
0.090165,0.1152,-0.097946
0.087316,0.10913,-0.14934
0.084359,0.10307,-0.21167
0.081289,0.097015,-0.28494
0.079908,0.097369,-0.2324
0.078469,0.097697,-0.18671
0.076976,0.098002,-0.14702
0.075428,0.098285,-0.11279
0.073827,0.098546,-0.083613
0.072173,0.098783,-0.059203
0.070463,0.098992,-0.039337
0.068697,0.099173,-0.023851
0.066874,0.099321,-0.012614
0.064992,0.099432,-0.0055261
0.052007,0.095252,-0.0061722
0.039679,0.091696,-0.0068036
0.027978,0.088739,-0.0074141
0.016879,0.086361,-0.0080015
0.0063567,0.084544,-0.0085664
-0.0036119,0.083273,-0.0091106
-0.013049,0.082537,-0.0096366
-0.021973,0.082326,-0.010147
-0.030403,0.082636,-0.010644
-0.038354,0.083463,-0.011131
-0.025038,0.084752,-0.0072345
-0.010001,0.087792,-0.0046021
0.0068349,0.0926,-0.0030755
0.025558,0.099222,-0.0025442
0.046265,0.10772,-0.0028639
0.069074,0.11821,-0.0029132
0.094091,0.13078,-0.0023518
0.12141,0.14553,-0.0012354
0.15112,0.16258,0.00038388
0.18331,0.18201,0.002458
0.18652,0.18721,-0.0020944
0.18973,0.19254,-0.0052633
0.19293,0.19798,-0.0072258
0.19613,0.20354,-0.0081077
0.19931,0.2092,-0.008731
0.20245,0.21494,-0.010267
0.20555,0.22077,-0.012686
0.20861,0.22668,-0.015959
0.21162,0.23267,-0.020064
0.2146,0.23875,-0.02499
0.23297,0.24545,-0.019731
0.25144,0.25285,-0.015872
0.27,0.26094,-0.01342
0.28863,0.26972,-0.012376
0.30734,0.2792,-0.012622
0.32616,0.28941,-0.012195
0.34509,0.30037,-0.010404
0.36414,0.31209,-0.0072526
0.3833,0.32456,-0.0027457
0.40256,0.33778,0.0031125
0.37302,0.3153,-0.0055149
0.34503,0.29421,-0.010898
0.31851,0.27446,-0.012909
0.29332,0.25597,-0.012933
0.26927,0.23856,-0.016119
0.24627,0.22217,-0.022951
0.22424,0.20675,-0.03346
0.2031,0.19226,-0.047672
0.18279,0.17865,-0.065611
0.16326,0.1659,-0.087301
0.17223,0.18066,-0.06148
0.1811,0.19603,-0.041308
0.18986,0.212,-0.026428
0.19849,0.22858,-0.01656
0.20696,0.24576,-0.011483
0.21527,0.26356,-0.010697
0.22354,0.28213,-0.0079094
0.2318,0.30151,-0.00081629
0.24005,0.32169,0.010469
0.24826,0.34268,0.02585
0.24414,0.33468,0.048112
0.24009,0.32694,0.072381
0.23609,0.31945,0.098139
0.23213,0.31218,0.1251
0.22823,0.30512,0.15308
0.22436,0.29825,0.18197
0.22054,0.29157,0.21167
0.21676,0.28507,0.24211
0.21302,0.27874,0.2732
0.20932,0.27257,0.30489
0.20209,0.25549,0.33137
0.19481,0.23915,0.35662
0.1875,0.22354,0.38079
0.18016,0.20865,0.40403
0.1728,0.19448,0.42638
0.16542,0.18102,0.44793
0.15803,0.16827,0.46869
0.15063,0.15622,0.48873
0.14322,0.14486,0.50801
0.13582,0.1342,0.5266
0.12236,0.12987,0.48544
0.10872,0.12706,0.45462
0.094827,0.12559,0.43071
0.080639,0.12538,0.41166
0.066123,0.12634,0.39607
0.051258,0.12841,0.38305
0.036028,0.13155,0.37192
0.020419,0.13572,0.36228
0.0044192,0.14091,0.35375
-0.011982,0.14708,0.34611
-0.008412,0.14797,0.32147
-0.0048592,0.14916,0.29733
-0.001308,0.15065,0.27386
0.0022547,0.15243,0.25121
0.00584,0.1545,0.22944
0.0094576,0.15683,0.20861
0.013116,0.15943,0.18875
0.016823,0.16229,0.16988
0.020584,0.1654,0.15199
0.024405,0.16875,0.13508
0.017839,0.14507,0.11284
0.012184,0.12335,0.097041
0.0073757,0.10355,0.085652
0.0033679,0.08562,0.07738
0.00012347,0.069524,0.071414
-0.002389,0.055237,0.067202
-0.0041972,0.042737,0.064378
-0.0053263,0.032002,0.062677
-0.0058,0.023012,0.061916
-0.0056406,0.015747,0.061948
-0.0027998,0.015902,0.05572
0.00028149,0.016478,0.049599
0.0036101,0.017474,0.043657
0.0071904,0.018888,0.037945
0.011024,0.020717,0.032509
0.015112,0.022957,0.027384
0.019449,0.025603,0.0226
0.024032,0.02865,0.018179
0.028855,0.032094,0.014147
0.033908,0.03593,0.01052
0.03029,0.035114,0.0082623
0.026322,0.034744,0.0061517
0.02201,0.034833,0.0042525
0.017364,0.035392,0.0026153
0.012392,0.036431,0.0012851
0.0071014,0.037955,0.00029795
0.0015017,0.039968,-0.00031413
-0.0043999,0.042471,-0.00052392
-0.010601,0.045457,-0.00066647
-0.017103,0.048915,-0.001268
-0.0071873,0.037655,-0.0016937
0.00093625,0.028417,-0.0019623
0.0071466,0.021305,-0.0020312
0.01132,0.016416,-0.0019151
0.013335,0.013837,-0.0016648
0.01367,0.01303,-0.0013534
0.015776,0.01047,-0.0010429
0.020185,0.0055736,-0.00077803
0.026812,-0.0015983,-0.00056983
0.035565,-0.010957,-0.00040927
0.030652,-0.0056106,-0.0012269
0.026328,-0.00092964,-0.002505
0.022602,0.0030868,-0.0042066
0.019482,0.0064406,-0.0063027
0.016979,0.009135,-0.0087691
0.015104,0.011175,-0.011592
0.013868,0.012567,-0.014763
0.01328,0.013319,-0.018285
0.013206,0.013584,-0.022164
0.012674,0.014326,-0.026414
0.015959,0.02188,-0.026125
0.018992,0.031927,-0.025709
0.021878,0.04458,-0.025181
0.024717,0.05995,-0.02458
0.027604,0.078144,-0.023949
0.030627,0.099266,-0.023333
0.033867,0.12342,-0.022771
0.037401,0.15069,-0.022296
0.041295,0.18119,-0.021926
0.045613,0.21498,-0.021674
0.044942,0.18769,-0.024135
0.044221,0.16247,-0.02545
0.043376,0.1393,-0.02581
0.042339,0.11819,-0.025397
0.041044,0.099101,-0.024368
0.039427,0.082033,-0.022861
0.037425,0.06697,-0.020992
0.034977,0.053895,-0.018864
0.032023,0.042792,-0.016567
0.028505,0.033645,-0.014183
0.028186,0.034177,-0.019336
0.027841,0.034781,-0.025208
0.027469,0.035463,-0.031778
0.027071,0.036226,-0.03903
0.026645,0.037074,-0.046944
0.02619,0.038009,-0.055502
0.025704,0.039035,-0.064686
0.025185,0.040155,-0.074478
0.024632,0.041371,-0.08486
0.024043,0.042685,-0.095815
0.028771,0.046526,-0.094464
0.033709,0.050674,-0.093477
0.038851,0.055128,-0.092803
0.044196,0.059885,-0.092406
0.049739,0.064944,-0.09225
0.055478,0.070302,-0.092311
0.061411,0.075957,-0.09256
0.067534,0.081909,-0.092978
0.073846,0.088154,-0.093542
0.080345,0.094692,-0.094238
0.070091,0.091963,-0.07102
0.058397,0.091109,-0.052974
0.04526,0.092068,-0.038781
0.030663,0.094805,-0.027563
0.014585,0.099304,-0.018723
-0.0030096,0.10557,-0.011844
-0.022159,0.1136,-0.0066348
-0.042907,0.12343,-0.0028805
-0.0653,0.13508,-0.00042041
-0.089384,0.14857,0.00087239
-0.071083,0.13064,0.0021432
-0.054373,0.11427,0.0073438
-0.039281,0.099404,0.017416
-0.02581,0.085995,0.032314
-0.013968,0.074008,0.051979
-0.0037664,0.063408,0.076354
0.0047776,0.054159,0.10539
0.011646,0.046228,0.13904
0.01682,0.039586,0.17727
0.020279,0.034213,0.22005
0.023115,0.036437,0.2087
0.025885,0.038718,0.1985
0.028601,0.041054,0.18922
0.031275,0.043447,0.18069
0.033916,0.045894,0.17278
0.036532,0.048396,0.16538
0.039128,0.050952,0.15842
0.041711,0.05356,0.15183
0.044282,0.056219,0.14555
0.046848,0.058929,0.13955
0.047497,0.065216,0.11948
0.046813,0.072684,0.10135
0.0448,0.081331,0.08498
0.041453,0.091164,0.070261
0.036754,0.1022,0.057102
0.030679,0.11445,0.045441
0.023195,0.12795,0.035233
0.01427,0.14272,0.026445
0.0038667,0.15878,0.019054
-0.0080497,0.17616,0.013045
-0.011596,0.15046,0.0088091
-0.014809,0.12714,0.0058298
-0.017612,0.10615,0.0037315
-0.019939,0.087419,0.0022682
-0.02173,0.070894,0.0012736
-0.022934,0.056523,0.00062922
-0.023504,0.044256,0.00024919
-0.023395,0.034047,6.4607E-05
-0.022565,0.02585,-9.4028E-05
-0.020971,0.019622,-0.00027699
-0.022866,0.026395,-2.8966E-05
-0.023973,0.035397,0.00044606
-0.02437,0.046678,0.0015151
-0.024118,0.060287,0.0031583
-0.023275,0.076268,0.0053607
-0.021889,0.094658,0.0081097
-0.020007,0.11549,0.011395
-0.017668,0.13879,0.015207
-0.014906,0.1646,0.019534
-0.011752,0.19292,0.024367
-0.0037978,0.20028,0.023321
0.004377,0.20797,0.022285
0.01277,0.21598,0.021266
0.021382,0.22431,0.020268
0.030209,0.23296,0.019294
0.039251,0.24193,0.018346
0.048508,0.25123,0.017424
0.057977,0.26086,0.016527
0.067658,0.27081,0.015655
0.077551,0.28108,0.014805
0.060803,0.26933,0.028837
0.044507,0.25831,0.04432
0.02865,0.24802,0.060348
0.013218,0.23844,0.076441
-0.0018023,0.22955,0.092355
-0.016421,0.22133,0.10797
-0.030649,0.21379,0.12322
-0.044498,0.20691,0.13809
-0.057976,0.20068,0.15256
-0.071092,0.19509,0.16663
-0.06257,0.18652,0.13222
-0.054263,0.17816,0.1047
-0.046189,0.17003,0.082197
-0.038364,0.16213,0.063553
-0.030803,0.15447,0.048009
-0.02352,0.14706,0.035058
-0.016528,0.13992,0.024353
-0.009838,0.13306,0.015648
-0.0034631,0.12648,0.0087676
0.0025862,0.12019,0.0035832
-0.0051361,0.12302,0.0026343
-0.013178,0.12611,0.0017501
-0.02154,0.12946,0.00092964
-0.030221,0.13306,0.00017129
-0.039222,0.13693,-0.00052559
-0.048542,0.14105,-0.0011621
-0.058183,0.14544,-0.0017386
-0.068145,0.15008,-0.002256
-0.078429,0.15499,-0.0027144
-0.089037,0.16015,-0.0031146
-0.070345,0.16286,-0.0034918
-0.051513,0.16674,-0.0038283
-0.032546,0.17181,-0.0041212
-0.013444,0.17807,-0.004357
0.0057954,0.18554,-0.0045166
0.025177,0.19424,-0.0045795
0.044707,0.20419,-0.004527
0.064395,0.21541,-0.0043396
0.084248,0.22792,-0.0040006
0.10428,0.24175,-0.003492
0.094952,0.2482,-0.0034563
0.084788,0.2552,-0.0039291
0.073781,0.26273,-0.0047878
0.061931,0.27082,-0.0058868
0.049235,0.27945,-0.007097
0.035689,0.28865,-0.0082961
0.021292,0.29839,-0.0093835
0.0060387,0.3087,-0.010271
-0.010074,0.31958,-0.010885
-0.02705,0.33101,-0.011191
-0.037657,0.30407,-0.010294
-0.046906,0.27901,-0.0095747
-0.054898,0.25571,-0.008976
-0.061728,0.23406,-0.0084695
-0.067481,0.21396,-0.008042
-0.072239,0.19532,-0.0076847
-0.076076,0.17806,-0.0073932
-0.079061,0.1621,-0.0071631
-0.081259,0.14736,-0.006992
-0.082729,0.13377,-0.0068765
-0.07709,0.13102,-0.0080099
-0.071778,0.12842,-0.0090553
-0.066772,0.12598,-0.0099757
-0.062054,0.12368,-0.010755
-0.057608,0.12151,-0.01139
-0.053418,0.11946,-0.011883
-0.04947,0.11751,-0.012244
-0.045751,0.11567,-0.01248
-0.042249,0.11391,-0.012602
-0.038952,0.11224,-0.012621
-0.028379,0.10753,-0.0099603
-0.018445,0.10333,-0.0076912
-0.0091357,0.099609,-0.0058246
-0.00043788,0.096367,-0.004372
0.0076604,0.09359,-0.0033472
0.01517,0.091266,-0.0027635
0.022102,0.089388,-0.0025755
0.028468,0.087965,-0.0021189
0.034275,0.086993,-0.001195
0.03953,0.086464,0.00020822
0.038419,0.095687,-0.0019523
0.036601,0.10589,-0.0028338
0.034047,0.11707,-0.0036137
0.030728,0.12925,-0.0056065
0.026618,0.14246,-0.0087711
0.021691,0.15674,-0.013064
0.015924,0.17212,-0.018444
0.0092945,0.18864,-0.024868
0.0017822,0.20632,-0.032298
-0.0066298,0.22517,-0.040693
-0.024187,0.24129,-0.036865
-0.043445,0.25857,-0.033737
-0.064426,0.27701,-0.031151
-0.087146,0.29663,-0.028987
-0.11162,0.31742,-0.027149
-0.13785,0.33938,-0.025566
-0.16584,0.36251,-0.024179
-0.19559,0.3868,-0.022945
-0.2271,0.41222,-0.021832
-0.26034,0.43876,-0.020816
-0.22391,0.42762,-0.0069691
-0.18854,0.41755,-0.0024199
-0.15429,0.40879,0.012527
-0.12116,0.40131,0.036133
-0.089173,0.39506,0.06674
-0.058348,0.39001,0.10329
-0.028699,0.38614,0.14503
-0.00024163,0.38343,0.19142
0.02701,0.38186,0.24201
0.053041,0.38143,0.29642
0.061328,0.38668,0.27414
0.069572,0.39241,0.25719
0.077788,0.39857,0.24355
0.08599,0.40513,0.23201
0.094185,0.41206,0.2218
0.10238,0.41936,0.21242
0.11059,0.42701,0.20356
0.11882,0.435,0.19502
0.12708,0.44334,0.18666
0.13536,0.45202,0.17841
0.11455,0.42247,0.123
0.094165,0.3937,0.082717
0.07429,0.36579,0.052978
0.054989,0.33882,0.031166
0.036318,0.31287,0.015682
0.018325,0.28801,0.0054809
0.0010538,0.26432,-0.00015311
-0.015454,0.24186,-0.0017617
-0.03114,0.22068,-0.0037938
-0.045953,0.20082,-0.0091903
-0.084591,0.22989,-0.0058137
-0.13003,0.26264,-0.0039521
-0.18249,0.29913,-0.0035157
-0.24215,0.33945,-0.0039603
-0.30918,0.38367,-0.0035169
-0.38367,0.43181,-0.0020782
-0.46568,0.48389,0.00030981
-0.55524,0.5399,0.0036153
-0.65233,0.59983,0.0078314
-0.75691,0.66363,0.01296
-0.71853,0.61401,0.013034
-0.68302,0.56806,0.012354
-0.65,0.52551,0.011325
-0.61916,0.48608,0.010146
-0.59024,0.44956,0.008925
-0.56299,0.41575,0.0077118
-0.53722,0.38447,0.0065374
-0.51275,0.35556,0.0054128
-0.48942,0.3289,0.0043478
-0.46711,0.30436,0.0033438
-0.43145,0.30344,0.003722
-0.39529,0.30606,0.0037554
-0.35858,0.31217,0.0035319
-0.32127,0.32172,0.0031124
-0.28334,0.33468,0.002543
-0.24474,0.35102,0.0018544
-0.20545,0.37071,0.0010711
-0.16545,0.39376,0.00020907
-0.12471,0.42015,-0.00071752
-0.083222,0.44989,-0.0016999
-0.10328,0.4668,-0.0036909
-0.12429,0.48421,-0.0054522
-0.14622,0.50211,-0.0070545
-0.1691,0.52049,-0.0085461
-0.19293,0.53935,-0.0099556
-0.21769,0.55868,-0.011305
-0.2434,0.57848,-0.012605
-0.27005,0.59875,-0.013866
-0.29766,0.61948,-0.015093
-0.32621,0.64067,-0.016293
-0.3498,0.57589,-0.015105
-0.36972,0.51695,-0.013761
-0.38616,0.46363,-0.012371
-0.3993,0.41573,-0.01098
-0.4093,0.37308,-0.0096055
-0.41629,0.33553,-0.0082597
-0.42041,0.30292,-0.0069486
-0.42179,0.27514,-0.0056795
-0.42054,0.25206,-0.0044572
-0.41675,0.23358,-0.0032884
-0.4013,0.23641,-0.006314
-0.38448,0.24183,-0.0082936
-0.36631,0.24985,-0.0096494
-0.34682,0.26047,-0.010629
-0.32604,0.27373,-0.011379
-0.30399,0.28962,-0.011993
-0.28068,0.30817,-0.012528
-0.25615,0.32938,-0.013023
-0.23039,0.35327,-0.013502
-0.20344,0.37984,-0.013983
-0.22299,0.35279,-0.012841
-0.24164,0.32787,-0.011169
-0.25937,0.30507,-0.0094412
-0.27616,0.28438,-0.0078482
-0.29201,0.26581,-0.0064602
-0.30692,0.24936,-0.0052968
-0.32088,0.23502,-0.0043573
-0.33388,0.2228,-0.0036331
-0.34592,0.21269,-0.0031142
-0.35701,0.2047,-0.0027897
-0.34114,0.2011,-0.0047936
-0.32563,0.19812,-0.0060211
-0.31044,0.19574,-0.0067613
-0.29553,0.19395,-0.0071834
-0.28089,0.19272,-0.0073923
-0.26649,0.19205,-0.0074476
-0.25232,0.19193,-0.0073941
-0.23835,0.19234,-0.00726
-0.22456,0.19328,-0.0070675
-0.21095,0.19474,-0.0068281
-0.23188,0.21334,-0.01282
-0.25384,0.23288,-0.016418
-0.27658,0.25311,-0.025706
-0.3001,0.27404,-0.040076
-0.32441,0.29569,-0.058929
-0.3495,0.31808,-0.081805
-0.37538,0.34121,-0.10835
-0.40205,0.36508,-0.13829
-0.4295,0.3897,-0.17137
-0.45773,0.41508,-0.20739
-0.4485,0.38614,-0.14043
-0.4381,0.35846,-0.096598
-0.42686,0.33219,-0.066658
-0.41498,0.30736,-0.046041
-0.40258,0.28398,-0.032262
-0.38973,0.26201,-0.023864
-0.37649,0.24142,-0.019927
-0.36299,0.22222,-0.017944
-0.34943,0.20451,-0.012899
-0.33583,0.18823,-0.0048528
-0.32931,0.19301,-0.0084572
-0.32244,0.19857,-0.010942
-0.31521,0.20493,-0.012692
-0.30763,0.21206,-0.013944
-0.2997,0.21998,-0.01485
-0.2914,0.22868,-0.015505
-0.28275,0.23816,-0.015972
-0.27373,0.24843,-0.016291
-0.26437,0.25949,-0.01649
-0.25465,0.27135,-0.016586
-0.24702,0.26091,-0.016219
-0.23985,0.25101,-0.016122
-0.2331,0.24162,-0.016199
-0.22675,0.2327,-0.016276
-0.22077,0.22423,-0.016278
-0.21514,0.21618,-0.016171
-0.20982,0.20852,-0.015948
-0.2048,0.20123,-0.01561
-0.20006,0.19429,-0.015172
-0.19558,0.18768,-0.014652
-0.175,0.16608,-0.011128
-0.15644,0.14595,-0.0094176
-0.13976,0.1273,-0.0074313
-0.12479,0.11013,-0.0045768
-0.11134,0.094385,-0.001016
-0.09925,0.080059,0.0031551
-0.088356,0.067129,0.0078751
-0.078519,0.055582,0.013107
-0.069606,0.045406,0.018826
-0.061492,0.036592,0.025017
-0.065875,0.035729,0.023511
-0.070233,0.035234,0.022001
-0.074561,0.035109,0.020494
-0.078855,0.035352,0.019
-0.083113,0.035961,0.017522
-0.087329,0.036935,0.016067
-0.091502,0.03827,0.014639
-0.095699,0.039795,0.013244
-0.10011,0.041049,0.011884
-0.10473,0.042009,0.010563
-0.10771,0.044075,0.011887
-0.11092,0.045685,0.013219
-0.11427,0.047095,0.014558
-0.11749,0.048951,0.015905
-0.12058,0.051288,0.017261
-0.12355,0.054109,0.018626
-0.12639,0.057414,0.020001
-0.12912,0.061206,0.021387
-0.13174,0.065486,0.022784
-0.13424,0.070254,0.024193
-0.12319,0.065214,0.01991
-0.11287,0.060475,0.016296
-0.10323,0.056016,0.013219
-0.09425,0.051822,0.010589
-0.085875,0.047877,0.0083343
-0.078076,0.044168,0.006405
-0.070821,0.040681,0.0047617
-0.064079,0.037404,0.0033747
-0.057823,0.034327,0.0022205
-0.052026,0.031439,0.001281
-0.053114,0.033082,0.00035968
-0.054213,0.034802,-0.00034033
-0.055322,0.036599,-0.0008355
-0.056441,0.038474,-0.0011401
-0.057569,0.040429,-0.0012672
-0.058707,0.042465,-0.0012621
-0.059848,0.044582,-0.0013587
-0.060993,0.046783,-0.0015913
-0.062142,0.049068,-0.0019513
-0.063296,0.051438,-0.0024306
-0.061791,0.050654,-0.0022088
-0.060295,0.049867,-0.0020004
-0.058808,0.049079,-0.0018038
-0.057332,0.048289,-0.0016173
-0.055866,0.047498,-0.00144
-0.054413,0.046707,-0.0012711
-0.052972,0.045915,-0.00111
-0.051544,0.045123,-0.00095632
-0.05013,0.044331,-0.00080985
-0.04873,0.04354,-0.00067035
-0.034216,0.044168,-0.002276
-0.021243,0.046002,-0.0051379
-0.0096972,0.048997,-0.0092624
0.000509,0.053127,-0.014649
0.009429,0.058382,-0.021291
0.017083,0.064768,-0.029178
0.023463,0.072303,-0.038296
0.028531,0.081014,-0.048629
0.032384,0.09088,-0.060157
0.037273,0.10111,-0.072876
0.041598,0.11415,-0.063451
0.046207,0.12798,-0.05445
0.051093,0.14258,-0.04593
0.056251,0.15797,-0.037954
0.061675,0.17414,-0.030569
0.067357,0.19109,-0.023828
0.073291,0.20882,-0.017773
0.079471,0.22733,-0.012444
0.085889,0.24663,-0.0078795
0.09254,0.26671,-0.0041169
0.08429,0.23986,-0.0026869
0.077344,0.21401,-0.0021988
0.071702,0.18917,-0.0022763
0.067359,0.16537,-0.0027546
0.064311,0.14264,-0.0035737
0.062551,0.121,-0.0047312
0.062074,0.1005,-0.0062498
0.062874,0.081141,-0.0081657
0.064947,0.062962,-0.010518
0.068289,0.045982,-0.013346
0.068435,0.043321,-0.0041489
0.068546,0.040831,-0.001091
0.068712,0.038428,0.0014674
0.069047,0.036035,0.0095434
0.069543,0.03364,0.022941
0.070192,0.031234,0.041503
0.070986,0.028812,0.065097
0.071923,0.026374,0.09361
0.072998,0.023924,0.12693
0.074209,0.02147,0.16496
0.078718,0.029275,0.15364
0.083493,0.037835,0.14286
0.088535,0.047154,0.13253
0.093841,0.057237,0.12262
0.099414,0.068091,0.11307
0.10525,0.079721,0.10385
0.11135,0.092134,0.094937
0.11772,0.10533,0.086321
0.12435,0.11933,0.077986
0.13124,0.13412,0.069932
0.11535,0.14914,0.055166
0.10209,0.1634,0.043751
0.09134,0.17695,0.034688
0.082988,0.18987,0.027335
0.076958,0.2022,0.02126
0.073195,0.214,0.016171
0.071661,0.2253,0.011861
0.072332,0.23615,0.008185
0.074625,0.24675,0.005053
0.075358,0.25811,0.0024727
0.071056,0.24828,0.0066866
0.066694,0.23874,0.011547
0.062273,0.22949,0.016923
0.057798,0.22051,0.022733
0.053273,0.2118,0.028929
0.048701,0.20336,0.035477
0.044087,0.19518,0.042358
0.039432,0.18725,0.049558
0.03474,0.17957,0.057067
0.030012,0.17214,0.064878
0.036462,0.17452,0.042151
0.042054,0.17731,0.025169
0.046726,0.18053,0.012794
0.050429,0.18417,0.0042488
0.053126,0.18821,-0.001012
0.05479,0.19268,-0.0033798
0.056429,0.19723,-0.004187
0.059151,0.20151,-0.0070711
0.06296,0.20549,-0.012184
0.067859,0.20919,-0.019399
0.065581,0.22454,-0.013346
0.066637,0.23936,-0.0091853
0.069532,0.25415,-0.006639
0.069584,0.27028,-0.0054536
0.066444,0.28791,-0.0053558
0.060107,0.30712,-0.0046112
0.05053,0.32798,-0.0027927
0.037652,0.35053,2.0408E-05
0.02141,0.37483,0.0037625
0.0017424,0.4009,0.0083774
0.0090462,0.3758,0.0084139
0.015115,0.35196,0.0090681
0.020094,0.3293,0.010199
0.024108,0.30775,0.011729
0.027269,0.28724,0.013616
0.029676,0.26774,0.015837
0.031416,0.24918,0.018381
0.032566,0.23154,0.021246
0.033196,0.21476,0.024432
0.033365,0.19881,0.027943
0.038943,0.20585,0.028954
0.044072,0.21318,0.029103
0.048759,0.22078,0.028516
0.053006,0.22866,0.027322
0.056817,0.23682,0.02564
0.060193,0.24526,0.023582
0.063138,0.25398,0.021247
0.065652,0.26298,0.018719
0.0678,0.27224,0.016076
0.070245,0.28161,0.013382
0.069136,0.27938,0.021197
0.068087,0.27714,0.030118
0.0671,0.27488,0.040084
0.066148,0.27261,0.051043
0.065115,0.27036,0.062949
0.063986,0.26813,0.07576
0.06276,0.26592,0.089437
0.061432,0.26374,0.10395
0.060002,0.26159,0.11925
0.058467,0.25947,0.13533
0.053435,0.24354,0.15021
0.0485,0.22831,0.16434
0.04367,0.21375,0.17781
0.038951,0.19984,0.1907
0.034348,0.18657,0.20309
0.029863,0.1739,0.21502
0.025501,0.16183,0.22654
0.021262,0.15034,0.23769
0.01715,0.1394,0.24847
0.013165,0.129,0.25893
0.016707,0.14081,0.20638
0.020303,0.1535,0.16603
0.023967,0.16703,0.13424
0.027707,0.18133,0.10871
0.031528,0.19639,0.087914
0.035432,0.2122,0.070782
0.039422,0.22873,0.056558
0.043496,0.24598,0.04468
0.047654,0.26394,0.034727
0.051897,0.28261,0.026368
0.05374,0.28584,0.016177
0.055441,0.28906,0.0076879
0.057001,0.2923,0.0012047
0.058422,0.29555,-0.0030776
0.059707,0.29884,-0.0050368
0.060867,0.30213,-0.0057816
0.061937,0.30538,-0.0087273
0.062919,0.30859,-0.014096
0.063815,0.31177,-0.021869
0.064625,0.31491,-0.032018
0.062791,0.31482,-0.02483
0.06016,0.31484,-0.019415
0.056738,0.31499,-0.015304
0.05253,0.31527,-0.01219
0.047542,0.31566,-0.0098555
0.041776,0.31618,-0.0081551
0.035238,0.31683,-0.0069832
0.02793,0.3176,-0.0062671
0.019855,0.31848,-0.0059517
0.011015,0.31949,-0.005947
0.015151,0.32475,-0.0050817
0.019118,0.33015,-0.0027028
0.022926,0.33567,0.0013481
0.02658,0.34133,0.0071891
0.03009,0.34712,0.014912
0.033461,0.35304,0.024585
0.0367,0.35909,0.036266
0.039813,0.36526,0.049997
0.042805,0.37156,0.065819
0.045682,0.37798,0.083765
0.043791,0.36427,0.06374
0.042046,0.35137,0.046899
0.040436,0.3392,0.032822
0.038948,0.32771,0.021219
0.037572,0.31684,0.011884
0.036299,0.30655,0.0046653
0.03512,0.2968,-0.00055182
0.034025,0.28754,-0.0038595
0.033009,0.27874,-0.0053314
0.032064,0.27034,-0.0056429
0.030249,0.25254,-0.005969
0.028545,0.23557,-0.0069298
0.026941,0.21939,-0.0087128
0.025425,0.20398,-0.011476
0.023986,0.18929,-0.015348
0.022614,0.1753,-0.020434
0.021299,0.16197,-0.026822
0.020032,0.14927,-0.034582
0.018802,0.13717,-0.043772
0.017602,0.12565,-0.054444
0.014953,0.11322,-0.050579
0.01242,0.10175,-0.045796
0.0099846,0.091202,-0.040434
0.0076311,0.081515,-0.034784
0.0053425,0.072642,-0.029084
0.003102,0.064536,-0.023538
0.00089332,0.057147,-0.018316
-0.0012997,0.050431,-0.013563
-0.0034922,0.044341,-0.0093994
-0.0056986,0.038834,-0.005931
-0.0034818,0.036592,-0.0079663
-0.0015405,0.034468,-0.010626
0.00010691,0.032455,-0.013982
0.0014439,0.030544,-0.018092
0.0024563,0.028728,-0.023002
0.0031332,0.026998,-0.028747
0.0034673,0.025346,-0.03535
0.003455,0.023764,-0.042827
0.0033205,0.022213,-0.051185
0.0035206,0.020622,-0.060434
0.0031058,0.02059,-0.062652
0.0028941,0.020537,-0.064499
0.0028035,0.020474,-0.065984
0.0025387,0.020444,-0.067126
0.002073,0.020449,-0.067939
0.0014062,0.020488,-0.068442
0.00053781,0.020561,-0.068653
-0.00053172,0.020666,-0.068592
-0.0018035,0.020804,-0.068276
-0.0032777,0.020973,-0.067726
-0.0083387,0.018708,-0.08465
-0.014823,0.016768,-0.1033
-0.022811,0.01516,-0.12359
-0.032386,0.013894,-0.14537
-0.043629,0.012979,-0.16844
-0.056617,0.012424,-0.1926
-0.071421,0.012235,-0.2176
-0.088104,0.012418,-0.24324
-0.10673,0.012976,-0.2693
-0.12733,0.013912,-0.29562
-0.11283,0.014481,-0.22359
-0.099339,0.015077,-0.17038
-0.08679,0.015817,-0.12985
-0.075135,0.016776,-0.098354
-0.064339,0.018003,-0.073583
-0.054369,0.019534,-0.053998
-0.045201,0.021396,-0.038531
-0.036813,0.023608,-0.026415
-0.029186,0.026186,-0.017089
-0.022305,0.029137,-0.01013
-0.018434,0.036383,-0.014963
-0.014626,0.044798,-0.020662
-0.010876,0.05447,-0.027189
-0.0071822,0.065489,-0.034496
-0.0035416,0.077949,-0.042537
4.5674E-05,0.091942,-0.051257
0.0035795,0.10756,-0.060606
0.0070581,0.12489,-0.070529
0.01048,0.14403,-0.080973
0.013842,0.16506,-0.091891
0.0067325,0.14546,-0.056975
-0.0024042,0.12744,-0.032312
-0.013554,0.11096,-0.015669
-0.026711,0.095982,-0.0055827
-0.041879,0.082487,-0.0010821
-0.059068,0.070459,0.0003239
-0.078289,0.059933,0.0055662
-0.099567,0.050889,0.015039
-0.12293,0.043312,0.028574
-0.1484,0.037195,0.046047
-0.13067,0.044775,0.063113
-0.1138,0.054038,0.082929
-0.097817,0.064982,0.10547
-0.082727,0.077606,0.13071
-0.068537,0.091909,0.15862
-0.055257,0.10789,0.18918
-0.042891,0.12556,0.22232
-0.031446,0.14491,0.25803
-0.020924,0.16595,0.29621
-0.011332,0.18868,0.33684
-0.015293,0.16969,0.26257
-0.019246,0.15176,0.20029
-0.023192,0.13489,0.148
-0.027137,0.11906,0.10451
-0.031086,0.10428,0.069086
-0.035041,0.090535,0.041254
-0.039007,0.077826,0.020706
-0.042987,0.066147,0.0072393
-0.046985,0.055493,0.00072322
-0.051001,0.045863,-0.0010047
-0.040657,0.045374,-0.0016527
-0.031535,0.044976,-0.0022671
-0.023584,0.044662,-0.0027968
-0.016756,0.044427,-0.0032186
-0.011008,0.044266,-0.0035251
-0.0063018,0.044175,-0.0037202
-0.0026023,0.04415,-0.0038127
0.00011973,0.044187,-0.0038162
0.0018886,0.044285,-0.0037446
0.0027223,0.044441,-0.0036132
0.002072,0.043668,0.00031634
0.00092142,0.042901,0.0041286
-0.00074345,0.042124,0.015306
-0.0029355,0.041367,0.033728
-0.0056751,0.040649,0.059374
-0.0089866,0.039975,0.092215
-0.012895,0.039346,0.13215
-0.017426,0.038754,0.17899
-0.022602,0.038191,0.23246
-0.028445,0.037648,0.29224
-0.028883,0.030779,0.28533
-0.029279,0.024684,0.27768
-0.029638,0.019323,0.2694
-0.029964,0.014658,0.26062
-0.030259,0.01065,0.25141
-0.030527,0.0072667,0.24189
-0.030771,0.0044737,0.23212
-0.030994,0.0022402,0.22216
-0.031198,0.00053699,0.21207
-0.031385,-0.00066305,0.20191
-0.032008,-0.0013732,0.19853
-0.032597,-0.0017892,0.19607
-0.033159,-0.0019329,0.19435
-0.033711,-0.0022107,0.19323
-0.034263,-0.0027878,0.1926
-0.034816,-0.0036604,0.19238
-0.03537,-0.0048264,0.19249
-0.035927,-0.006284,0.19289
-0.036488,-0.0080326,0.19351
-0.037052,-0.010072,0.19433
-0.041538,-0.0093956,0.18823
-0.046279,-0.0087506,0.18341
-0.051275,-0.0081376,0.17965
-0.056531,-0.0075559,0.17677
-0.062047,-0.0070062,0.17463
-0.067827,-0.0064844,0.17313
-0.073873,-0.0059923,0.17219
-0.080186,-0.0055275,0.17172
-0.086768,-0.0050929,0.17167
-0.09362,-0.0046894,0.172
-0.1035,-0.0030479,0.19031
-0.11396,-0.0021232,0.20895
-0.12498,-0.0019297,0.22786
-0.13657,-0.0018737,0.24705
-0.14871,-0.0010861,0.26649
-0.16141,0.00045281,0.28619
-0.17466,0.0027545,0.30614
-0.18847,0.0058314,0.32635
-0.20286,0.0096936,0.34683
-0.2178,0.014353,0.3676
-0.17809,0.012603,0.29538
-0.1432,0.010924,0.23172
-0.11281,0.0093216,0.17631
-0.086651,0.0078054,0.12888
-0.064451,0.0063839,0.089195
-0.045966,0.0050661,0.057041
-0.030962,0.0038615,0.032221
-0.019212,0.0027799,0.014547
-0.010491,0.0018314,0.0038605
-0.0045619,0.0010267,1.1455E-05
-0.0063116,0.0012915,3.1621E-05
-0.008263,0.0015866,5.6005E-05
-0.010395,0.0019123,8.1825E-05
-0.01269,0.0022685,0.00010664
-0.015134,0.0026556,0.00012953
-0.017713,0.0030738,0.00014941
-0.020417,0.0035234,0.00016638
-0.023237,0.0040045,0.00017998
-0.026164,0.0045174,0.0001908
-0.029192,0.0050624,0.00019865
-0.023887,0.0060372,0.0013304
-0.019052,0.0070843,0.0032158
-0.014724,0.0082029,0.0058193
-0.010936,0.0093926,0.009113
-0.0077182,0.010654,0.013081
-0.0050905,0.011987,0.017709
-0.0030652,0.013395,0.022994
-0.0016449,0.014879,0.028928
-0.0008229,0.016442,0.035508
-0.00058531,0.018087,0.042721
-0.00097732,0.0097414,0.047896
-0.0022534,0.0038144,0.053101
-0.0044265,0.00037967,0.058396
-0.0075011,-0.00060784,0.063851
-0.011406,-0.0023787,0.069503
-0.016087,-0.0066165,0.07536
-0.021528,-0.013233,0.081404
-0.027712,-0.022131,0.087587
-0.034623,-0.033218,0.093846
-0.042248,-0.046408,0.10012
-0.046458,-0.037101,0.092355
-0.050973,-0.028913,0.085809
-0.055783,-0.021847,0.080193
-0.060878,-0.015907,0.075298
-0.066244,-0.011096,0.070965
-0.071865,-0.0074171,0.067075
-0.077723,-0.0048709,0.063539
-0.083797,-0.0034581,0.060285
-0.090069,-0.0031781,0.057262
-0.096559,-0.0029358,0.054426
-0.092012,-0.0030547,0.059509
-0.087543,-0.0030972,0.064182
-0.083155,-0.0030676,0.068469
-0.078853,-0.0029701,0.072391
-0.074637,-0.00284,0.075976
-0.070507,-0.002754,0.07925
-0.066468,-0.0027131,0.082239
-0.06252,-0.0027155,0.084966
-0.058669,-0.0027587,0.087452
-0.054915,-0.002841,0.089719
-0.052102,-0.0028302,0.094504
-0.049355,-0.0028172,0.10016
-0.046677,-0.0028017,0.10663
-0.044074,-0.002784,0.11389
-0.041547,-0.0027643,0.12193
-0.039099,-0.0027431,0.13071
-0.036732,-0.0027207,0.14023
-0.034449,-0.0026979,0.15048
-0.032251,-0.0026751,0.16145
-0.03014,-0.0026533,0.17314
-0.032035,-0.0070584,0.13021
-0.033836,-0.013073,0.094383
-0.035559,-0.020683,0.064926
-0.037236,-0.029887,0.041334
-0.038903,-0.0407,0.023266
-0.040599,-0.053151,0.01051
-0.042361,-0.067275,0.0029544
-0.04422,-0.083113,0.00054838
-0.046155,-0.10076,-0.0017878
-0.048136,-0.12033,-0.0092094
-0.050265,-0.12457,-0.012148
-0.052433,-0.1289,-0.01512
-0.054642,-0.13334,-0.018055
-0.056893,-0.13787,-0.02091
-0.059187,-0.14249,-0.023642
-0.061527,-0.14721,-0.026231
-0.063912,-0.15202,-0.028655
-0.066346,-0.15692,-0.030904
-0.068829,-0.16191,-0.032967
-0.071362,-0.16698,-0.03484
-0.078699,-0.1494,-0.023345
-0.086088,-0.13305,-0.015084
-0.093538,-0.11789,-0.0091839
-0.10105,-0.10389,-0.0050859
-0.10864,-0.091032,-0.0024164
-0.1163,-0.07928,-0.00092366
-0.12403,-0.068621,-0.00043189
-0.13184,-0.059034,-0.00034509
-0.13975,-0.050497,0.00050352
-0.14774,-0.043,0.0021034
-0.14333,-0.050402,0.0007976
-0.13885,-0.058639,-3.8618E-05
-0.13431,-0.067716,-0.00044431
-0.12971,-0.077639,-0.00046376
-0.12505,-0.088419,-0.0005973
-0.12033,-0.10006,-0.0010802
-0.11554,-0.11258,-0.0018956
-0.11069,-0.12598,-0.0030301
-0.10578,-0.14026,-0.0044713
-0.1008,-0.15543,-0.0062096
-0.1085,-0.15025,-0.0080603
-0.11648,-0.14525,-0.010241
-0.12475,-0.14042,-0.012764
-0.13329,-0.13577,-0.015642
-0.14211,-0.13129,-0.018883
-0.15121,-0.12698,-0.022495
-0.16059,-0.12284,-0.026482
-0.17026,-0.11888,-0.03085
-0.18021,-0.11509,-0.0356
-0.19045,-0.11147,-0.040738
-0.15875,-0.10851,-0.025594
-0.13005,-0.10629,-0.014815
-0.10421,-0.10477,-0.0074421
-0.081127,-0.10391,-0.002846
-0.060709,-0.10369,-0.00059166
-0.04287,-0.10405,-8.4646E-06
-0.027556,-0.10496,0.0017466
-0.014705,-0.10639,0.0051011
-0.0042621,-0.10829,0.0099323
0.0038125,-0.11062,0.016149
0.0063586,-0.12085,0.0082091
0.00888,-0.13159,0.00311
0.011381,-0.14285,0.00044919
0.01387,-0.15464,-0.00022048
0.016371,-0.16698,-0.0016799
0.018897,-0.17988,-0.0048045
0.02145,-0.19334,-0.0094108
0.024034,-0.20736,-0.015342
0.026654,-0.22195,-0.022465
0.029313,-0.23713,-0.030665
0.025358,-0.21337,-0.033917
0.021135,-0.19095,-0.03746
0.016648,-0.16986,-0.041258
0.011899,-0.15009,-0.045285
0.0068924,-0.13165,-0.049517
0.0016307,-0.11452,-0.053939
-0.0038825,-0.098716,-0.058536
-0.0096437,-0.084224,-0.063299
-0.015649,-0.071046,-0.068218
-0.021895,-0.059183,-0.073286
-0.022241,-0.059763,-0.057648
-0.022615,-0.060309,-0.043979
-0.023014,-0.060822,-0.032232
-0.023437,-0.061302,-0.022378
-0.023878,-0.061749,-0.014393
-0.024337,-0.062166,-0.008261
-0.024809,-0.062552,-0.0039731
-0.02529,-0.06291,-0.0015224
-0.025778,-0.063241,-0.0008644
-0.026284,-0.063574,0.00030642
-0.025772,-0.064199,-0.0013732
-0.025239,-0.064769,-0.006644
-0.024672,-0.065273,-0.017513
-0.024077,-0.065724,-0.033661
-0.023456,-0.066132,-0.05483
-0.022811,-0.066507,-0.080795
-0.022146,-0.066854,-0.11134
-0.021463,-0.067178,-0.14627
-0.020765,-0.067482,-0.18537
-0.020052,-0.067769,-0.22844
-0.023379,-0.0794,-0.20248
-0.026848,-0.091818,-0.181
-0.03049,-0.105,-0.16294
-0.034331,-0.11893,-0.14756
-0.038395,-0.13358,-0.13432
-0.042701,-0.14892,-0.12281
-0.047263,-0.16495,-0.11274
-0.052095,-0.18162,-0.10385
-0.057204,-0.19894,-0.095953
-0.062595,-0.21687,-0.088895
-0.061243,-0.21795,-0.12686
-0.059896,-0.219,-0.1669
-0.058564,-0.22004,-0.20806
-0.05726,-0.22108,-0.24974
-0.055998,-0.22213,-0.2916
-0.054791,-0.22318,-0.33349
-0.053652,-0.22424,-0.37529
-0.05259,-0.22531,-0.41702
-0.051617,-0.22638,-0.45861
-0.050739,-0.22746,-0.5001
-0.034467,-0.23734,-0.38222
-0.019136,-0.24695,-0.29534
-0.0048653,-0.25649,-0.22852
0.0082628,-0.26609,-0.17576
0.020187,-0.27583,-0.13344
0.03086,-0.28577,-0.099308
0.040246,-0.29595,-0.071842
0.048318,-0.30641,-0.050001
0.055053,-0.31719,-0.033048
0.060435,-0.32831,-0.020436
0.057883,-0.31976,-0.028178
0.054976,-0.31131,-0.036821
0.051715,-0.30297,-0.046289
0.048103,-0.29473,-0.05655
0.044142,-0.28662,-0.067611
0.039833,-0.27864,-0.079481
0.035178,-0.27078,-0.092188
0.030178,-0.26307,-0.10576
0.024835,-0.2555,-0.12021
0.01915,-0.24808,-0.13558
0.025261,-0.25683,-0.15974
0.03114,-0.26582,-0.18324
0.036786,-0.27505,-0.20603
0.042199,-0.28451,-0.22812
0.047381,-0.29421,-0.24959
0.052332,-0.30415,-0.27049
0.057054,-0.31431,-0.29091
0.06155,-0.3247,-0.31092
0.065821,-0.33532,-0.33057
0.06987,-0.34617,-0.3499
0.064838,-0.31387,-0.35927
0.059645,-0.2835,-0.36421
0.054338,-0.25499,-0.36572
0.048967,-0.22828,-0.36456
0.043983,-0.20321,-0.36125
0.039597,-0.17971,-0.35622
0.035773,-0.15773,-0.34977
0.032472,-0.13724,-0.34214
0.029665,-0.1182,-0.33353
0.02732,-0.1006,-0.32411
0.03192,-0.1246,-0.32817
0.037148,-0.151,-0.33444
0.043017,-0.17981,-0.34263
0.04954,-0.21103,-0.35252
0.056731,-0.24466,-0.3639
0.064603,-0.28071,-0.3766
0.073167,-0.31917,-0.39043
0.082435,-0.36005,-0.40526
0.092419,-0.40333,-0.42093
0.10313,-0.44901,-0.43735
0.099126,-0.43088,-0.39217
0.09446,-0.41394,-0.35251
0.088893,-0.39816,-0.31708
0.082462,-0.38347,-0.28508
0.075196,-0.36978,-0.25597
0.06712,-0.35703,-0.22934
0.058254,-0.34515,-0.20491
0.048617,-0.33409,-0.18244
0.03822,-0.32379,-0.16178
0.027077,-0.3142,-0.14275
0.023966,-0.2916,-0.11334
0.021146,-0.2698,-0.088764
0.018598,-0.24882,-0.068217
0.016304,-0.22865,-0.051115
0.014247,-0.20931,-0.037046
0.01241,-0.19079,-0.025679
0.010776,-0.1731,-0.016769
0.0093285,-0.15624,-0.0101
0.0080526,-0.14022,-0.0055054
0.0069323,-0.12503,-0.0028363
0.0098366,-0.1139,-0.0033998
0.011997,-0.10349,-0.0040864
0.013498,-0.093766,-0.0048393
0.014416,-0.084696,-0.005622
0.01482,-0.076247,-0.0064174
0.014772,-0.06839,-0.0072114
0.014328,-0.061099,-0.0080012
0.013539,-0.05435,-0.0087803
0.012451,-0.048119,-0.0095509
0.011115,-0.042381,-0.010309
0.014238,-0.054603,-0.012197
0.01747,-0.068637,-0.014272
0.020799,-0.084541,-0.016495
0.024223,-0.10236,-0.01881
0.027744,-0.12214,-0.021166
0.031359,-0.14393,-0.023507
0.035069,-0.16774,-0.02579
0.038874,-0.19363,-0.027972
0.042776,-0.22161,-0.030024
0.046776,-0.2517,-0.031922
0.040211,-0.26121,-0.042017
0.032079,-0.27123,-0.054401
0.022356,-0.28177,-0.069215
0.011021,-0.29283,-0.08656
-0.0019456,-0.30441,-0.10651
-0.016562,-0.31654,-0.1291
-0.032844,-0.3292,-0.15436
-0.0508,-0.3424,-0.18227
-0.070438,-0.35615,-0.21283
-0.091758,-0.37044,-0.24602
-0.065388,-0.34141,-0.1804
-0.042195,-0.31419,-0.12995
-0.022026,-0.28875,-0.090721
-0.0047599,-0.26502,-0.060398
0.0097031,-0.24295,-0.037496
0.021449,-0.22247,-0.021001
0.030551,-0.20353,-0.010186
0.037073,-0.18607,-0.0045022
0.041072,-0.17004,-0.0030091
0.042645,-0.15551,0.00089946
0.043106,-0.17377,-0.0013397
0.041761,-0.19363,-0.0028977
0.038646,-0.2151,-0.0038744
0.033796,-0.23819,-0.0043804
0.027237,-0.26289,-0.0050451
0.018995,-0.2892,-0.0060762
0.0090934,-0.31712,-0.007413
-0.0024498,-0.34665,-0.0090049
-0.015622,-0.3778,-0.010813
-0.030414,-0.41055,-0.012807
-0.00073432,-0.3853,-0.0083536
0.023938,-0.36168,-0.006434
0.043865,-0.33967,-0.0056844
0.059291,-0.31927,-0.0034906
0.070412,-0.30044,0.00012607
0.077401,-0.28317,0.0050169
0.080407,-0.26742,0.011078
0.07956,-0.25318,0.018235
0.076852,-0.23986,0.026433
0.077629,-0.22577,0.03563
0.072049,-0.21657,0.017832
0.067447,-0.20751,0.0061822
0.063783,-0.19854,-0.00060726
0.060915,-0.18968,-0.0033854
0.057638,-0.18127,-0.0040925
0.053616,-0.1733,-0.0074223
0.048856,-0.16576,-0.01347
0.043365,-0.15866,-0.022009
0.037149,-0.15198,-0.032867
0.03021,-0.14572,-0.045904
0.032544,-0.14902,-0.048847
0.034862,-0.15237,-0.051621
0.037166,-0.15578,-0.054225
0.039456,-0.15925,-0.056663
0.041733,-0.16276,-0.058935
0.043997,-0.16634,-0.061045
0.046249,-0.16997,-0.062992
0.048491,-0.17365,-0.064781
0.050723,-0.17739,-0.066409
0.052946,-0.18118,-0.067882
0.060185,-0.21025,-0.041937
0.067776,-0.24141,-0.023979
0.075725,-0.27475,-0.012656
0.084037,-0.31032,-0.0069624
0.092715,-0.34818,-0.0059893
0.10178,-0.38845,-0.0039875
0.11123,-0.43119,0.001603
0.12107,-0.47641,0.010355
0.1313,-0.52412,0.021923
0.14191,-0.57429,0.036029
0.14115,-0.53967,0.021187
0.13982,-0.50675,0.010959
0.13788,-0.47543,0.0037786
0.13535,-0.44564,-0.0011665
0.13219,-0.41734,-0.0043136
0.12842,-0.39047,-0.0059081
0.12402,-0.36499,-0.0060843
0.11899,-0.34083,-0.0064415
0.11332,-0.31795,-0.0081517
0.107,-0.2963,-0.011193
0.10068,-0.27798,-0.010551
0.094663,-0.26063,-0.009977
0.08894,-0.24419,-0.0094584
0.083494,-0.22862,-0.0089872
0.078312,-0.21388,-0.0085565
0.07338,-0.19992,-0.0081614
0.068687,-0.18671,-0.0077977
0.064221,-0.1742,-0.0074622
0.059971,-0.16238,-0.0071521
0.055928,-0.1512,-0.006865
0.046185,-0.12381,-0.0075208
0.037434,-0.099679,-0.0084618
0.029669,-0.078621,-0.0096976
0.023031,-0.060387,-0.011236
0.017479,-0.044805,-0.013088
0.012951,-0.031721,-0.01526
0.0093824,-0.020983,-0.017762
0.0067141,-0.012446,-0.020599
0.004892,-0.0059718,-0.023776
0.003872,-0.0014392,-0.027289
0.0053561,-0.0033687,-0.01955
0.0071291,-0.0057821,-0.013145
0.0092022,-0.0086974,-0.0080432
0.011593,-0.012146,-0.0042311
0.014321,-0.016166,-0.0017079
0.017409,-0.020802,-0.00048077
0.020878,-0.026103,-0.00023541
0.024748,-0.032146,0.00097614
0.029037,-0.038977,0.0034833
0.033765,-0.046636,0.0072851
0.034762,-0.046054,0.010094
0.03579,-0.045439,0.013281
0.03685,-0.044789,0.016832
0.037944,-0.044101,0.020736
0.039071,-0.043374,0.024984
0.040232,-0.042607,0.029566
0.041427,-0.041797,0.034473
0.042657,-0.040943,0.039697
0.043923,-0.040046,0.045229
0.045224,-0.039105,0.051064
0.042092,-0.027489,0.038424
0.039557,-0.017473,0.028101
0.037583,-0.0089562,0.019741
0.036137,-0.0018477,0.013091
0.035193,0.0039353,0.0079635
0.03473,0.008466,0.0042189
0.034732,0.011806,0.001755
0.035192,0.014005,0.00049886
0.036112,0.015095,0.00021634
0.037066,0.016171,-0.00079527
0.042372,0.017816,-5.5593E-05
0.048018,0.019681,0.00034698
0.054458,0.020729,0.00046359
0.061702,0.020971,0.00079466
0.069758,0.020423,0.0014471
0.07863,0.019103,0.0024164
0.088322,0.017028,0.0036981
0.098834,0.014212,0.0052871
0.11017,0.010669,0.0071787
0.12232,0.0064123,0.009368
0.11048,0.0018664,0.0030956
0.099625,-0.0022326,0.0004624
0.08965,-0.0059103,-0.0003207
0.080494,-0.0091637,-0.003159
0.07209,-0.012032,-0.0080448
0.064379,-0.014551,-0.014715
0.057311,-0.016756,-0.022973
0.050844,-0.018673,-0.032671
0.044944,-0.020329,-0.043697
0.039581,-0.021745,-0.055965
0.027643,-0.017672,-0.05624
0.018034,-0.013923,-0.056972
0.010684,-0.010477,-0.058032
0.0055285,-0.0073102,-0.059331
0.0025138,-0.0044001,-0.060797
0.00091505,-0.0020314,-0.06238
-0.0016958,-0.0012719,-0.064048
-0.0055309,-0.0022128,-0.065767
-0.010869,-0.0042764,-0.067501
-0.018319,-0.0061998,-0.069218
-0.013769,-0.0040722,-0.045654
-0.0097469,-0.0021363,-0.028315
-0.0063614,-0.00045635,-0.015965
-0.003724,0.00090451,-0.0076689
-0.0019515,0.0018818,-0.0026701
-0.0011674,0.0024097,-0.00033547
-0.0008961,0.002703,0.00017713
0.00040827,0.0034827,0.0020306
0.0027396,0.0047593,0.0061719
0.0059742,0.0064848,0.012996
0.0046299,0.0043087,0.013475
0.0034435,0.0026489,0.013958
0.0024018,0.0014733,0.014443
0.001492,0.00075414,0.014929
0.00077581,0.00031578,0.015417
0.0004457,-0.00027961,0.01591
0.00050871,-0.0010594,0.016413
0.00091172,-0.0020574,0.016929
0.0012829,-0.0034681,0.017461
0.0015527,-0.0053479,0.018012
0.0020129,-0.0058192,0.022943
0.0024526,-0.0063433,0.028551
0.0028793,-0.0069173,0.034849
0.0033002,-0.0075383,0.041843
0.0037215,-0.0082041,0.049531
0.0041486,-0.0089122,0.057908
0.004586,-0.009661,0.06696
0.0050375,-0.010449,0.076673
0.0055061,-0.011274,0.087024
0.0059942,-0.012137,0.097994
0.007671,-0.015592,0.069487
0.0095022,-0.019357,0.046516
0.011491,-0.023427,0.028538
0.013639,-0.027801,0.015182
0.015954,-0.03248,0.0062001
0.018439,-0.037468,0.0014423
0.021102,-0.042775,0.00038833
0.023967,-0.048483,-0.0029083
0.027046,-0.054633,-0.010294
0.030342,-0.061238,-0.021768
0.025611,-0.05263,-0.020207
0.021134,-0.044845,-0.018482
0.016914,-0.037857,-0.016652
0.012954,-0.031639,-0.014769
0.0092541,-0.026165,-0.012877
0.0058152,-0.02141,-0.011015
0.0026372,-0.017348,-0.0092151
-0.00028084,-0.013955,-0.007509
-0.0029414,-0.01121,-0.005923
-0.0053482,-0.0090911,-0.004482
-0.0059554,-0.012517,-0.0028303
-0.0065073,-0.016551,-0.0014874
-0.007006,-0.02119,-0.00045625
-0.0074531,-0.026432,0.00026003
-0.00785,-0.032273,0.00065848
-0.0081985,-0.038709,0.00091207
-0.0085009,-0.045725,0.0014963
-0.0087581,-0.053317,0.0024389
-0.0089708,-0.061483,0.0037403
-0.0091398,-0.07022,0.0053995
-0.0058225,-0.063863,0.0018391
-0.0029044,-0.057717,0.00081979
-0.00035862,-0.051924,-0.0029633
0.0018297,-0.046519,-0.010083
0.0036734,-0.041519,-0.020443
0.0051846,-0.036943,-0.033975
0.0063743,-0.032804,-0.050629
0.007252,-0.029115,-0.070373
0.0078246,-0.025885,-0.093181
0.0080971,-0.023118,-0.11904
0.0080028,-0.020532,-0.077044
0.0079632,-0.018438,-0.045026
0.0079524,-0.016798,-0.022012
0.0079431,-0.015577,-0.0072932
0.0079038,-0.014736,-0.00033616
0.0077923,-0.014167,0.0014977
0.0075873,-0.013527,0.0091692
0.0074471,-0.012621,0.024128
0.0073714,-0.011403,0.046531
0.007343,-0.0098667,0.076562
0.0049873,-0.0068061,0.089111
0.0033272,-0.0039738,0.10165
0.0017947,-0.0016841,0.1142
7.2779E-05,-0.00012038,0.12677
-0.0018263,0.00071265,0.13934
-0.0038866,0.00080682,0.15189
-0.00609,0.00015199,0.16438
-0.0086695,-0.00081791,0.17673
-0.011947,-0.0015167,0.18885
-0.015925,-0.0019244,0.20066
-0.010762,-0.0015934,0.15748
-0.0068646,-0.0011084,0.12408
-0.0040938,-0.00045425,0.097681
-0.0020845,-4.2732E-05,0.076514
-0.00042687,-0.00038435,0.059369
0.00096798,-0.0014563,0.045384
0.0021713,-0.0032371,0.033926
0.0036632,-0.0054631,0.024525
0.0058462,-0.0079084,0.016849
0.0087226,-0.010574,0.010686
0.0072033,-0.007746,0.017515
0.0058804,-0.0052536,0.026051
0.0047615,-0.0030888,0.036291
0.0038562,-0.001249,0.048228
0.0031748,0.00026397,0.061856
0.0027283,0.0014439,0.077163
0.0025276,0.0022821,0.09413
0.0025842,0.002768,0.11274
0.0027249,0.0032006,0.13295
0.0026823,0.0040337,0.15474
0.0019462,0.0037549,0.15409
0.0012719,0.0035413,0.15313
0.00065653,0.0033926,0.15187
9.7128E-05,0.0033081,0.15036
-0.00040906,0.0032874,0.1486
-0.00086473,0.0033297,0.14663
-0.0012726,0.0034346,0.14448
-0.0016353,0.003601,0.14216
-0.0019552,0.0038285,0.1397
-0.0022347,0.0041162,0.1371
-0.0014848,0.0020249,0.12621
-0.0017186,0.00011209,0.11647
-0.0029043,-0.0016071,0.10763
-0.0049877,-0.0031831,0.099514
-0.0074726,-0.0054137,0.091977
-0.010206,-0.0085599,0.084907
-0.013203,-0.012633,0.078222
-0.016487,-0.017648,0.071862
-0.020088,-0.023627,0.065787
-0.02404,-0.030591,0.059969
-0.024433,-0.030951,0.063875
-0.024824,-0.031324,0.067418
-0.025215,-0.031706,0.070593
-0.025606,-0.032096,0.073395
-0.025999,-0.03249,0.075831
-0.026394,-0.032887,0.07791
-0.026793,-0.033285,0.079646
-0.027196,-0.033682,0.081054
-0.027605,-0.034077,0.082152
-0.02802,-0.034468,0.082957
-0.027118,-0.027852,0.065879
-0.025511,-0.02227,0.051721
-0.023283,-0.017696,0.039952
-0.020518,-0.014108,0.030181
-0.017304,-0.011476,0.022117
-0.014369,-0.0087915,0.015547
-0.01218,-0.0054613,0.010308
-0.010778,-0.0015597,0.0062592
-0.010214,0.0028544,0.0032999
-0.010539,0.0077481,0.0013607
-0.0083986,0.0041715,0.0012103
-0.0067219,0.001367,0.0011663
-0.0054904,-0.00069969,0.0012174
-0.0046884,-0.0020618,0.0013574
-0.0043056,-0.0027496,0.0015795
-0.0042348,-0.0029457,0.0018646
-0.0038468,-0.003625,0.0021682
-0.0030354,-0.004963,0.0024558
-0.0017909,-0.0069833,0.0027002
-9.7317E-05,-0.0097133,0.0028816
-0.0021966,-0.012373,0.0038075
-0.0048288,-0.015491,0.0048673
-0.0079731,-0.019058,0.0060566
-0.011611,-0.023065,0.0073668
-0.015725,-0.027504,0.0087876
-0.0203,-0.032368,0.010305
-0.025323,-0.037651,0.011906
-0.030783,-0.043347,0.013573
-0.036668,-0.049452,0.015293
-0.04297,-0.055962,0.017048
-0.049959,-0.056068,0.015624
-0.056919,-0.056636,0.01452
-0.06386,-0.05767,0.013672
-0.07079,-0.059174,0.013034
-0.077717,-0.061155,0.012568
-0.084649,-0.063618,0.012248
-0.091592,-0.066573,0.012053
-0.098551,-0.070028,0.011968
-0.10553,-0.07399,0.01198
-0.11254,-0.078469,0.012083
-0.10936,-0.076384,0.011914
-0.10617,-0.074286,0.011666
-0.10296,-0.072178,0.011361
-0.099748,-0.07006,0.011016
-0.096528,-0.067935,0.010647
-0.093308,-0.065803,0.010264
-0.090091,-0.063664,0.0098765
-0.086883,-0.061519,0.0094906
-0.083685,-0.059371,0.0091118
-0.080501,-0.057223,0.0087438
-0.09012,-0.06417,0.0069674
-0.10021,-0.07147,0.0052645
-0.11074,-0.07914,0.0036709
-0.12171,-0.087185,0.0022274
-0.13312,-0.095606,0.00097828
-0.14494,-0.10441,-3.033E-05
-0.15718,-0.11359,-0.00075182
-0.16984,-0.12316,-0.0011407
-0.18291,-0.13312,-0.0013107
-0.19639,-0.14346,-0.001843
-0.18614,-0.13715,-0.0015688
-0.17606,-0.13116,-0.001275
-0.16616,-0.12547,-0.0010647
-0.15643,-0.12008,-0.00093478
-0.14686,-0.11499,-0.00056958
-0.13746,-0.1102,0.00012881
-0.12823,-0.1057,0.0012265
-0.11915,-0.1015,0.0027801
-0.11024,-0.097591,0.0048389
-0.10148,-0.093971,0.0074455
-0.10344,-0.098648,0.0093496
-0.10534,-0.10354,0.01123
-0.10717,-0.10864,0.013057
-0.10892,-0.11396,0.014811
-0.1106,-0.11949,0.016479
-0.1122,-0.12525,0.018057
-0.11373,-0.13122,0.019541
-0.11517,-0.13741,0.020934
-0.11653,-0.14383,0.02224
-0.1178,-0.15046,0.023462
-0.11865,-0.14185,0.019077
-0.11926,-0.13397,0.015238
-0.11964,-0.1268,0.011887
-0.1198,-0.12028,0.0089808
-0.11973,-0.11439,0.0064895
-0.11944,-0.10909,0.0043917
-0.11892,-0.10436,0.0026723
-0.11819,-0.10016,0.0013202
-0.11724,-0.096469,0.00032729
-0.11607,-0.09327,-0.00031238
-0.11448,-0.091133,-0.0006912
-0.11291,-0.089186,-0.0017233
-0.11133,-0.08742,-0.0039119
-0.10973,-0.085826,-0.0071649
-0.1081,-0.084397,-0.011411
-0.10644,-0.083129,-0.016593
-0.10478,-0.081955,-0.022666
-0.10324,-0.080701,-0.029594
-0.10184,-0.079353,-0.037346
-0.10055,-0.077909,-0.045898
-0.095799,-0.075249,-0.037127
-0.091632,-0.07249,-0.029161
-0.087856,-0.069812,-0.022067
-0.084093,-0.06763,-0.015907
-0.080301,-0.065934,-0.010729
-0.076454,-0.064698,-0.0065781
-0.072527,-0.063898,-0.0034907
-0.068495,-0.063512,-0.0014992
-0.064332,-0.06352,-0.0006314
-0.060023,-0.063907,-0.00025343
-0.050742,-0.056997,-0.00053894
-0.042172,-0.050503,-0.0012343
-0.034309,-0.044426,-0.0029727
-0.02715,-0.038772,-0.0057307
-0.020691,-0.033547,-0.0094876
-0.014927,-0.02876,-0.014225
-0.0098484,-0.024422,-0.019925
-0.005446,-0.020546,-0.026575
-0.0017078,-0.017145,-0.034164
0.0013794,-0.014236,-0.042682
0.011185,-0.022189,-0.043503
0.023543,-0.033919,-0.044129
0.038552,-0.049513,-0.044512
0.056313,-0.069058,-0.044669
0.076925,-0.09263,-0.044651
0.10048,-0.1203,-0.044528
0.12722,-0.15199,-0.044365
0.15763,-0.18741,-0.044219
0.1918,-0.22658,-0.044135
0.22977,-0.26955,-0.044147
0.21731,-0.25779,-0.043262
0.20642,-0.24522,-0.041209
0.19447,-0.23407,-0.038401
0.18103,-0.2247,-0.035131
0.16611,-0.21712,-0.031609
0.14975,-0.21131,-0.027996
0.13195,-0.20728,-0.024409
0.11273,-0.20502,-0.02094
0.092099,-0.20453,-0.017661
0.070071,-0.20582,-0.014628
0.072566,-0.17575,-0.0056548
0.073526,-0.14953,-0.0010393
0.073018,-0.12687,0.00056852
0.07109,-0.10748,0.0012717
0.067772,-0.091143,0.0035148
0.063121,-0.077633,0.0070155
0.05718,-0.066754,0.011543
0.050393,-0.057966,0.01695
0.045506,-0.048744,0.023189
0.042921,-0.038595,0.030212
0.043867,-0.045601,0.015319
0.046216,-0.051726,0.0057618
0.049951,-0.05698,0.0010689
0.053758,-0.062512,-3.4934E-05
0.056534,-0.069337,-0.0042847
0.058269,-0.077466,-0.012846
0.058931,-0.086922,-0.025636
0.058481,-0.097731,-0.042571
0.056883,-0.10992,-0.063547
0.054098,-0.12352,-0.08845
0.068377,-0.11681,-0.058991
0.08009,-0.1125,-0.035518
0.089399,-0.11045,-0.017929
0.096429,-0.11057,-0.0061706
0.10127,-0.11277,-0.00020893
0.1055,-0.11565,0.0012402
0.11194,-0.11663,0.0068187
0.12064,-0.11562,0.018169
0.13165,-0.11258,0.035301
0.14504,-0.10744,0.058233
0.12612,-0.098135,0.034391
0.10881,-0.089127,0.01647
0.093081,-0.080404,0.0050168
0.078878,-0.071952,0.00042684
0.066216,-0.063722,-0.0024513
0.055139,-0.055642,-0.012516
0.045606,-0.047685,-0.030042
0.037583,-0.039823,-0.055127
0.030765,-0.032287,-0.087829
0.024054,-0.026053,-0.12819
0.024974,-0.025294,-0.1189
0.025472,-0.024932,-0.11011
0.027321,-0.023318,-0.10174
0.030547,-0.020416,-0.093767
0.035145,-0.016222,-0.086157
0.041112,-0.010728,-0.078899
0.048449,-0.0039242,-0.071975
0.057157,0.0042029,-0.06538
0.067242,0.013667,-0.059106
0.078707,0.024481,-0.05315
0.080452,0.025433,-0.032213
0.082283,0.026438,-0.016455
0.084186,0.027497,-0.0058546
0.086149,0.028609,-0.00039017
0.088155,0.02977,0.00089283
0.090174,0.030934,0.0055975
0.092199,0.032089,0.015376
0.094228,0.033238,0.030214
0.09626,0.03438,0.050097
0.098296,0.035514,0.075016
0.073432,0.016028,0.053329
0.054162,0.0013879,0.036904
0.039753,-0.0090307,0.024465
0.029562,-0.015774,0.015173
0.023029,-0.019311,0.008435
0.019684,-0.020022,0.0038276
0.017712,-0.019592,0.0010426
0.013365,-0.021609,-0.0001148
0.0063847,-0.026261,-0.00062566
-0.0034676,-0.03373,-0.0026282
0.0047974,-0.031191,-0.0070102
0.012348,-0.029795,-0.013417
0.019181,-0.029542,-0.021776
0.025294,-0.030429,-0.032056
0.030683,-0.032455,-0.044248
0.035344,-0.035614,-0.05834
0.039739,-0.039443,-0.074305
0.045181,-0.042619,-0.092104
0.051743,-0.045055,-0.11167
0.059416,-0.046745,-0.13295
0.051496,-0.047169,-0.11956
0.046003,-0.04559,-0.10836
0.042155,-0.042744,-0.098742
0.03685,-0.041714,-0.090281
0.029729,-0.042837,-0.082685
0.020803,-0.046078,-0.075753
0.010058,-0.051434,-0.069336
-0.0025394,-0.058926,-0.063333
-0.017035,-0.068598,-0.05767
-0.033485,-0.08051,-0.052298
-0.037405,-0.082711,-0.052968
-0.041373,-0.085014,-0.05331
-0.045387,-0.08742,-0.053353
-0.049444,-0.089926,-0.053127
-0.053545,-0.092531,-0.052658
-0.057686,-0.095235,-0.051973
-0.061868,-0.098036,-0.051095
-0.066088,-0.10093,-0.050046
-0.070345,-0.10393,-0.048846
-0.074639,-0.10701,-0.047514
-0.065677,-0.10183,-0.075417
-0.056933,-0.09707,-0.10855
-0.048382,-0.09272,-0.14655
-0.039997,-0.088775,-0.1891
-0.031765,-0.085238,-0.23591
-0.023671,-0.08211,-0.28674
-0.015713,-0.079399,-0.34134
-0.0078855,-0.077113,-0.39952
-0.0001881,-0.075262,-0.46103
0.0073808,-0.073857,-0.52574
-0.0024526,-0.069317,-0.48499
-0.011505,-0.065588,-0.44835
-0.019796,-0.062636,-0.41471
-0.027347,-0.060425,-0.38346
-0.034178,-0.058926,-0.35412
-0.04031,-0.058111,-0.32641
-0.045762,-0.057956,-0.30012
-0.050551,-0.058438,-0.27512
-0.054697,-0.059538,-0.25129
-0.058213,-0.061239,-0.2286
-0.064487,-0.067013,-0.20929
-0.07065,-0.073622,-0.19275
-0.078031,-0.079815,-0.17828
-0.086694,-0.085498,-0.16541
-0.096625,-0.090659,-0.15381
-0.10781,-0.095285,-0.14322
-0.12025,-0.099362,-0.13346
-0.13393,-0.10288,-0.12439
-0.14884,-0.10583,-0.11589
-0.165,-0.10819,-0.10788
-0.13649,-0.099823,-0.12795
-0.11153,-0.090812,-0.14787
-0.090063,-0.081184,-0.16785
-0.072015,-0.070961,-0.18802
-0.057335,-0.060162,-0.20848
-0.045925,-0.048848,-0.22928
-0.035107,-0.039381,-0.25046
-0.023385,-0.033056,-0.27203
-0.010745,-0.029861,-0.29393
0.002836,-0.029792,-0.3161
0.0049056,-0.025043,-0.30427
0.0064449,-0.020904,-0.29384
0.0075069,-0.017334,-0.2845
0.0081382,-0.014297,-0.27604
0.008379,-0.011763,-0.2683
0.0082651,-0.0097041,-0.26113
0.0078274,-0.008098,-0.25444
0.0070936,-0.0069243,-0.24815
0.006306,-0.005914,-0.2422
0.0058634,-0.0046147,-0.23652
0.0068579,-0.0045976,-0.24306
0.0079827,-0.0044536,-0.24988
0.0092358,-0.0041809,-0.25696
0.010616,-0.0037775,-0.2643
0.012121,-0.0032419,-0.27186
0.013749,-0.0025726,-0.27964
0.0155,-0.0017682,-0.28762
0.017372,-0.00082728,-0.29578
0.019363,0.00025108,-0.30412
0.021472,0.001468,-0.31263
0.015664,0.004446,-0.31089
0.011201,0.0064249,-0.3096
0.0080736,0.0074067,-0.30865
0.0062736,0.0073927,-0.30797
0.0053085,0.0067931,-0.30748
0.0033197,0.0071617,-0.30713
0.0001206,0.0086421,-0.30686
-0.004295,0.011228,-0.30661
-0.0099344,0.014914,-0.30635
-0.016805,0.019698,-0.30604
-0.0076088,0.011167,-0.28342
-0.0015572,0.0053819,-0.26322
0.0015084,0.0021828,-0.24495
0.0020318,0.0011779,-0.22818
0.0041373,-0.0010507,-0.21261
0.0090296,-0.0054917,-0.19796
0.016703,-0.012131,-0.18405
0.027195,-0.020988,-0.1707
0.04058,-0.032111,-0.15781
0.056961,-0.045568,-0.1453
0.052139,-0.041918,-0.12651
0.047037,-0.039002,-0.10905
0.041578,-0.036921,-0.092951
0.03576,-0.03569,-0.078186
0.029578,-0.035322,-0.064759
0.023033,-0.035826,-0.052639
0.016125,-0.037213,-0.041819
0.0088552,-0.039488,-0.032268
0.0012288,-0.042656,-0.02398
-0.0067484,-0.046718,-0.016936
-0.0017551,-0.041403,-0.021453
0.0028658,-0.036633,-0.026601
0.0070995,-0.03242,-0.032398
0.010932,-0.028773,-0.038844
0.014348,-0.025698,-0.045946
0.017338,-0.023198,-0.053694
0.019888,-0.021273,-0.062087
0.02199,-0.019922,-0.071107
0.023637,-0.019141,-0.080746
0.024824,-0.018923,-0.090983
0.02069,-0.015802,-0.074007
0.016979,-0.012995,-0.060272
0.013673,-0.010488,-0.049095
0.010757,-0.0082739,-0.039962
0.0082181,-0.0063415,-0.032488
0.0060446,-0.0046825,-0.026368
0.0042246,-0.0032887,-0.021366
0.002747,-0.0021523,-0.017287
0.0016011,-0.0012659,-0.013975
0.00077641,-0.00062262,-0.011295
0.0010334,-0.0011729,-0.013048
0.0012538,-0.0019883,-0.014931
0.0014248,-0.0030976,-0.016949
0.0015323,-0.004531,-0.019099
0.0015614,-0.00632,-0.021383
0.0014969,-0.0084967,-0.023795
0.0013232,-0.011093,-0.026334
0.0010246,-0.014143,-0.028991
0.00058564,-0.017676,-0.03176
-9.0942E-06,-0.021726,-0.034629
-0.0024495,-0.024687,-0.038238
-0.0051262,-0.02796,-0.041934
-0.0080396,-0.031549,-0.045695
-0.01119,-0.035456,-0.049494
-0.014576,-0.039684,-0.05331
-0.018199,-0.044234,-0.057119
-0.022059,-0.04911,-0.0609
-0.026155,-0.054313,-0.064638
-0.030486,-0.059847,-0.068314
-0.035051,-0.065712,-0.07192
-0.027632,-0.050248,-0.0645
-0.021311,-0.037036,-0.057233
-0.015926,-0.026031,-0.050215
-0.011312,-0.017192,-0.043516
-0.0072989,-0.010483,-0.037188
-0.0041249,-0.0055733,-0.031274
-0.0027948,-0.0015824,-0.025813
-0.003372,0.0016709,-0.020838
-0.0058321,0.0042759,-0.016382
-0.0090468,0.0077057,-0.012463
-0.0043459,0.0031649,-0.0075072
-0.0014008,0.00040454,-0.004018
-0.0012935,-0.0018244,-0.0017391
-0.0019373,-0.0050137,-0.00041727
-0.0012083,-0.010877,6.8725E-06
0.00068059,-0.019457,0.00069479
0.0035486,-0.030776,0.0026322
0.0072457,-0.044855,0.0059521
0.011641,-0.061713,0.010748
0.016621,-0.081367,0.017078
0.015748,-0.070623,0.015752
0.014982,-0.060687,0.014705
0.014292,-0.051555,0.013868
0.01365,-0.043221,0.013196
0.013028,-0.035684,0.012652
0.012397,-0.028941,0.012212
0.011732,-0.022989,0.011858
0.011003,-0.017826,0.011575
0.010187,-0.013452,0.011353
0.0092546,-0.009866,0.011185
0.003761,-0.0082286,0.0067413
-0.00080439,-0.0077484,0.0035426
-0.004403,-0.0084418,0.0014178
-0.0070114,-0.010325,0.00025139
-0.0093413,-0.012924,-5.0565E-05
-0.013063,-0.015116,-0.0007506
-0.018227,-0.016888,-0.0024423
-0.024814,-0.018273,-0.0051719
-0.032803,-0.019301,-0.0089646
-0.042175,-0.019999,-0.013821
-0.030296,-0.021566,-0.0076093
-0.02116,-0.021576,-0.0039287
-0.014838,-0.020036,-0.0018366
-0.011332,-0.017005,-0.00072188
-0.0072598,-0.01481,-0.00018418
-0.00069059,-0.014793,1.1565E-06
0.0083515,-0.016976,0.00014434
0.019838,-0.021347,0.00061886
0.033744,-0.02787,0.0015225
0.050053,-0.036497,0.002953
0.035908,-0.032723,0.0004799
0.022196,-0.031858,-5.2399E-05
0.0088138,-0.033795,-0.0014219
-0.0043338,-0.038485,-0.0041786
-0.017315,-0.045941,-0.0082366
-0.030161,-0.056229,-0.013593
-0.042867,-0.069448,-0.020263
-0.055397,-0.085716,-0.028237
-0.068226,-0.10481,-0.03746
-0.083809,-0.12523,-0.047838
-0.086584,-0.13288,-0.044804
-0.090225,-0.14019,-0.041907
-0.094361,-0.14742,-0.039125
-0.097888,-0.15529,-0.036447
-0.10073,-0.16385,-0.03386
-0.1029,-0.17309,-0.03136
-0.10438,-0.18303,-0.02894
-0.10517,-0.19367,-0.026597
-0.10527,-0.205,-0.02433
-0.10468,-0.21703,-0.02214
-0.11211,-0.21222,-0.022721
-0.11787,-0.2082,-0.023126
-0.12199,-0.20499,-0.023377
-0.12448,-0.20258,-0.023492
-0.12537,-0.20098,-0.023488
-0.12501,-0.19999,-0.023375
-0.12565,-0.19823,-0.023164
-0.12773,-0.19546,-0.022861
-0.13127,-0.19168,-0.022474
-0.13627,-0.18693,-0.022007
-0.13234,-0.18441,-0.027422
-0.12865,-0.18208,-0.03303
-0.1252,-0.17993,-0.038791
-0.12197,-0.17794,-0.044677
-0.11895,-0.1761,-0.050666
-0.11613,-0.17438,-0.056745
-0.11351,-0.17279,-0.062897
-0.11107,-0.17131,-0.069114
-0.10881,-0.16993,-0.075381
-0.10673,-0.16864,-0.081693
-0.089167,-0.13852,-0.084579
-0.074135,-0.11237,-0.091446
-0.061316,-0.089684,-0.10166
-0.050439,-0.070037,-0.1149
-0.041279,-0.053069,-0.13098
-0.033648,-0.038486,-0.14979
-0.027395,-0.026048,-0.17123
-0.02241,-0.015578,-0.19523
-0.018614,-0.0069568,-0.22171
-0.015962,-0.0001164,-0.25061
-0.018235,0.00051674,-0.19747
-0.020515,0.0010628,-0.1519
-0.022773,0.001504,-0.11321
-0.02499,0.0018289,-0.080864
-0.027158,0.0020332,-0.054416
-0.029278,0.0021214,-0.033501
-0.031363,0.0021075,-0.017819
-0.033437,0.002016,-0.0071337
-0.035533,0.0018809,-0.001274
-0.037692,0.0017424,0.00017611
-0.041984,0.0049218,3.2348E-05
-0.046705,0.0082733,-0.00027585
-0.05187,0.011805,-0.0010294
-0.057496,0.015525,-0.0022096
-0.063598,0.01944,-0.0037988
-0.070189,0.023559,-0.0057773
-0.077284,0.02789,-0.0081277
-0.084895,0.032442,-0.01083
-0.093034,0.037221,-0.013869
-0.10171,0.042236,-0.017226
-0.10732,0.040492,-0.0093332
-0.11324,0.038289,-0.0039406
-0.11947,0.03561,-0.00081782
-0.126,0.03244,0.00022238
-0.13281,0.028753,0.0010667
-0.13989,0.024522,0.0036919
-0.14725,0.019736,0.0079837
-0.15489,0.014382,0.013839
-0.16279,0.0084525,0.021165
-0.17095,0.0019388,0.029877
-0.13195,-0.0043855,0.04225
-0.098576,-0.009337,0.057828
-0.070589,-0.012923,0.076657
-0.047774,-0.015151,0.098752
-0.029935,-0.01602,0.12408
-0.016911,-0.015524,0.15262
-0.0085878,-0.013653,0.18429
-0.0047879,-0.010455,0.21904
-0.0001282,-0.0088253,0.25676
0.0083209,-0.010341,0.29737
0.0096913,-0.0092079,0.23269
0.010807,-0.0083676,0.17852
0.011672,-0.0077869,0.13324
0.012291,-0.0074382,0.095773
0.012675,-0.0072877,0.065281
0.012978,-0.0070451,0.041155
0.013261,-0.0065973,0.022908
0.013528,-0.0059618,0.010151
0.013792,-0.0051579,0.002583
0.014083,-0.0042056,-1.3862E-05
0.0088525,-0.0027189,-0.001306
0.0048798,-0.0015126,-0.0050523
0.0021097,-0.00061053,-0.010865
0.00050309,-2.5461E-05,-0.018691
3.6659E-05,0.00022921,-0.028812
-0.000652,0.0004662,-0.04165
-0.0025577,0.0010238,-0.057571
-0.0057319,0.001876,-0.076843
-0.010227,0.0029951,-0.099606
-0.016092,0.0043512,-0.12592
-0.015272,0.005317,-0.083507
-0.014437,0.005906,-0.052061
-0.013577,0.0061678,-0.029356
-0.012687,0.0061518,-0.013856
-0.011772,0.0059076,-0.0044417
-0.010849,0.0054847,-0.00029755
-0.0098828,0.0050696,0.00090878
-0.0088749,0.0047808,0.0059367
-0.0078779,0.0046498,0.01544
-0.0069156,0.0047171,0.029635
-0.0071501,0.0045317,0.023656
-0.0073942,0.0043725,0.018583
-0.0076433,0.0042468,0.014297
-0.0078932,0.0041612,0.010704
-0.0081393,0.0041216,0.0077273
-0.0083773,0.0041333,0.0053022
-0.008603,0.0042003,0.0033775
-0.0088296,0.0042902,0.0019125
-0.0090929,0.0043237,0.0008754
-0.0093918,0.0042955,0.00024374
-0.0067695,0.0032902,0.00038038
-0.0045753,0.00246,0.0005079
-0.002589,0.0022268,0.00062169
-0.00080923,0.002565,0.00072293
0.00077086,0.0034672,0.00082262
0.002162,0.0049494,0.00093737
0.0033751,0.0070434,0.001083
0.0048435,0.0095837,0.0012712
0.0069429,0.012431,0.0015099
0.0096979,0.015613,0.0018041
0.0095823,0.017383,0.0019099
0.009687,0.019109,0.0020482
0.010011,0.020788,0.0022163
0.010556,0.022414,0.0024127
0.011213,0.024035,0.002637
0.011689,0.025784,0.0028893
0.011962,0.027665,0.0031711
0.012025,0.029677,0.0034845
0.011873,0.031817,0.0038325
0.011497,0.034086,0.0042189
0.0091852,0.032109,0.0016196
0.0067777,0.030296,0.00035609
0.0042744,0.028645,4.021E-05
0.0016803,0.027163,-0.0010926
-0.0010067,0.025851,-0.0032909
-0.0037911,0.024707,-0.0065071
-0.006678,0.023731,-0.010706
-0.0096729,0.022922,-0.015863
-0.012782,0.022283,-0.021955
-0.01601,0.021815,-0.028963
-0.016957,0.021052,-0.024372
-0.017878,0.020292,-0.02055
-0.018773,0.01954,-0.017349
-0.01964,0.018804,-0.014657
-0.020478,0.018087,-0.012382
-0.021287,0.017396,-0.010454
-0.022066,0.016735,-0.0088159
-0.022813,0.016108,-0.0074205
-0.023529,0.015519,-0.0062303
-0.024213,0.014973,-0.0052142
-0.023597,0.017579,-0.010065
-0.022742,0.020815,-0.016508
-0.021656,0.024678,-0.024538
-0.020344,0.029164,-0.034134
-0.018813,0.034269,-0.045257
-0.017068,0.039986,-0.057852
-0.015114,0.04631,-0.071845
-0.012955,0.053232,-0.087159
-0.010595,0.060748,-0.1037
-0.0080378,0.06885,-0.1214
-0.010678,0.066415,-0.082411
-0.013192,0.064307,-0.053636
-0.01561,0.062461,-0.032598
-0.017956,0.060825,-0.01768
-0.020249,0.059359,-0.0077795
-0.022501,0.058026,-0.0021264
-0.024724,0.056797,-0.0001726
-0.02694,0.055649,0.0011451
-0.029175,0.054566,0.0054474
-0.031432,0.053534,0.012536
-0.032928,0.040048,0.014503
-0.033455,0.029431,0.016353
-0.033102,0.021449,0.018067
-0.031943,0.015901,0.019644
-0.030037,0.01262,0.021088
-0.027618,0.011008,0.02242
-0.025924,0.0079972,0.023666
-0.025154,0.0030524,0.024863
-0.025305,-0.0038656,0.02604
-0.026396,-0.01284,0.027226
-0.031609,-0.0089183,0.024716
-0.037672,-0.0047588,0.022495
-0.044575,-0.00037038,0.02051
-0.052305,0.0042388,0.01873
-0.060851,0.0090621,0.017129
-0.070199,0.014093,0.015692
-0.080338,0.019328,0.014405
-0.091256,0.024762,0.013257
-0.10294,0.03039,0.012238
-0.11538,0.036211,0.011338
-0.09802,0.033289,0.010779
-0.082315,0.029814,0.010452
-0.068222,0.025891,0.010304
-0.055695,0.021618,0.010301
-0.044531,0.01751,0.010414
-0.03435,0.014539,0.010621
-0.025167,0.012666,0.010906
-0.01701,0.011823,0.011258
-0.0098983,0.011957,0.011666
-0.0038439,0.013036,0.012116
-0.0088622,0.015233,0.0091611
-0.015166,0.017881,0.00656
-0.022726,0.020956,0.0043229
-0.031508,0.02444,0.0024665
-0.041484,0.028316,0.0010065
-0.052623,0.032566,-4.5548E-05
-0.0649,0.03718,-0.00068437
-0.07829,0.042143,-0.00094788
-0.092768,0.047439,-0.0014325
-0.10831,0.053058,-0.0023354
-0.094033,0.045949,-0.0029916
-0.080697,0.039476,-0.0040078
-0.06832,0.033608,-0.00543
-0.056916,0.028317,-0.0072953
-0.046497,0.023577,-0.009633
-0.037075,0.019366,-0.012466
-0.02866,0.015663,-0.015812
-0.021264,0.012449,-0.019684
-0.014894,0.0097057,-0.024091
-0.0095608,0.0074164,-0.029039
-0.0074941,0.0043186,-0.026538
-0.0055668,0.002224,-0.024326
-0.0037727,0.0011038,-0.022351
-0.0023603,0.00021012,-0.020564
-0.0016205,-0.0013275,-0.018911
-0.0015401,-0.0035112,-0.017355
-0.0021148,-0.0063495,-0.015863
-0.0032498,-0.0098924,-0.014411
-0.0043622,-0.014365,-0.012984
-0.0053503,-0.019827,-0.01158
-0.0049096,-0.017836,-0.013061
-0.004488,-0.015967,-0.014643
-0.0040818,-0.014217,-0.016326
-0.0036876,-0.012584,-0.01811
-0.0033021,-0.011066,-0.019997
-0.0029225,-0.009663,-0.021986
-0.002546,-0.0083722,-0.024078
-0.0021705,-0.0071926,-0.026273
-0.001796,-0.0061223,-0.02857
-0.0014706,-0.0051434,-0.03097
-0.0024477,-0.0061394,-0.023881
-0.0041268,-0.0070682,-0.017578
-0.0065088,-0.0079371,-0.012175
-0.0096002,-0.0087528,-0.0077456
-0.013412,-0.0095218,-0.0043205
-0.017958,-0.010249,-0.0019004
-0.023254,-0.01094,-0.00046892
-0.029315,-0.011596,-4.9944E-06
-0.036161,-0.012212,0.00043353
-0.04381,-0.012778,0.0018093
-0.043502,-0.003278,0.00032135
-0.043881,0.0042344,-0.00024279
-0.04492,0.0098432,-0.00072097
-0.046611,0.013606,-0.0020683
-0.04896,0.015561,-0.0042803
-0.051559,0.01707,-0.0073632
-0.053711,0.020419,-0.011331
-0.055418,0.025701,-0.016174
-0.056686,0.032991,-0.021882
-0.057517,0.042372,-0.02844
-0.063654,0.03481,-0.028424
-0.069071,0.029284,-0.028752
-0.073814,0.025797,-0.029357
-0.077939,0.024357,-0.030188
-0.081568,0.024759,-0.031204
-0.085667,0.024068,-0.032352
-0.090568,0.021369,-0.033603
-0.096315,0.016665,-0.034943
-0.10295,0.0099569,-0.03636
-0.11051,0.001241,-0.03785
-0.11695,0.0022668,-0.025352
-0.12356,0.0033169,-0.015582
-0.13033,0.0043889,-0.0083559
-0.1373,0.00548,-0.0035292
-0.14446,0.0065886,-0.00098547
-0.15183,0.0077145,-0.00040467
-0.15944,0.0088775,0.0013066
-0.16729,0.01008,0.005061
-0.17539,0.01132,0.010802
-0.18374,0.012594,0.018483
-0.17453,0.017597,0.0090363
-0.166,0.022012,0.0031028
-0.15812,0.025807,6.9544E-05
-0.15084,0.028955,-0.0006272
-0.1441,0.031417,-0.0022404
-0.13787,0.03317,-0.00584
-0.13211,0.034199,-0.011277
-0.12679,0.034489,-0.018441
-0.12187,0.034028,-0.027248
-0.11731,0.032861,-0.037636
-0.10566,0.028856,-0.029652
-0.095006,0.023366,-0.022891
-0.08538,0.016344,-0.017182
-0.076802,0.007799,-0.012408
-0.06929,-0.0022636,-0.0084833
-0.062861,-0.01384,-0.0053469
-0.05753,-0.026929,-0.0029566
-0.053308,-0.041531,-0.0012841
-0.050202,-0.057651,-0.0003104
-0.048212,-0.075296,-1.9483E-05
-0.045235,-0.070951,0.0037042
-0.04242,-0.066621,0.013838
-0.039738,-0.062364,0.029624
-0.037167,-0.058225,0.050545
-0.034687,-0.054243,0.076229
-0.032287,-0.050443,0.1064
-0.029956,-0.046846,0.14083
-0.027691,-0.043462,0.17932
-0.025489,-0.040297,0.22168
-0.023354,-0.037352,0.26774
-0.020605,-0.03993,0.26882
-0.018333,-0.042449,0.27024
-0.016536,-0.044908,0.27186
-0.015212,-0.047308,0.27363
-0.01436,-0.049648,0.27544
-0.013978,-0.05193,0.27728
-0.014067,-0.054153,0.27906
-0.014408,-0.056371,0.28078
-0.014346,-0.05875,0.28239
-0.013831,-0.061298,0.28387
-0.015048,-0.062325,0.31817
-0.015865,-0.063488,0.35148
-0.016287,-0.06478,0.38354
-0.016794,-0.066077,0.41423
-0.017696,-0.067299,0.44345
-0.018993,-0.068446,0.47119
-0.020685,-0.069513,0.49743
-0.022772,-0.070501,0.52223
-0.025254,-0.071407,0.54557
-0.028133,-0.072231,0.56754
-0.030939,-0.067817,0.50917
-0.034368,-0.063346,0.46433
-0.038414,-0.058813,0.42856
-0.04307,-0.054219,0.39922
-0.048336,-0.049566,0.37451
-0.05421,-0.044859,0.35328
-0.060692,-0.040103,0.33469
-0.067783,-0.035303,0.31816
-0.075484,-0.030463,0.30326
-0.083795,-0.025588,0.28967
-0.084736,-0.022211,0.26538
-0.08566,-0.018896,0.24731
-0.086576,-0.015655,0.23384
-0.087494,-0.012503,0.22389
-0.088419,-0.009451,0.2167
-0.089358,-0.0065117,0.21171
-0.090315,-0.0036952,0.20857
-0.091296,-0.0010111,0.20696
-0.092303,0.0015317,0.20668
-0.093342,0.0039253,0.20755
-0.11005,-0.0073577,0.16963
-0.12889,-0.023822,0.13482
-0.14989,-0.045547,0.10341
-0.17309,-0.072631,0.075593
-0.19853,-0.10519,0.051595
-0.22624,-0.14332,0.031592
-0.25625,-0.18715,0.015783
-0.28859,-0.23675,0.0043331
-0.32327,-0.2922,-0.0025916
-0.3603,-0.35356,-0.0050521
-0.32848,-0.34134,-0.0045796
-0.29845,-0.32962,-0.0035455
-0.27018,-0.31834,-0.0021053
-0.24363,-0.30744,-0.00040443
-0.21875,-0.29688,0.0015042
-0.19552,-0.28661,0.0035933
-0.1739,-0.2766,0.0058602
-0.15387,-0.26681,0.0082984
-0.1354,-0.25723,0.010914
-0.11848,-0.24782,0.013702
-0.10359,-0.22287,0.016522
-0.089835,-0.20022,0.019227
-0.077195,-0.17965,0.021846
-0.065652,-0.16095,0.024393
-0.055192,-0.14395,0.026887
-0.045803,-0.12848,0.029335
-0.037477,-0.1144,0.031747
-0.030209,-0.10157,0.034129
-0.023994,-0.089881,0.036486
-0.018831,-0.079209,0.038821
-0.026348,-0.082504,0.035594
-0.03719,-0.085303,0.032718
-0.051348,-0.087603,0.030125
-0.068813,-0.089403,0.027774
-0.089573,-0.090707,0.02564
-0.11362,-0.09152,0.023707
-0.14095,-0.091849,0.021963
-0.17155,-0.091702,0.020392
-0.20541,-0.091089,0.018982
-0.24254,-0.09002,0.017716
-0.23216,-0.088193,0.01492
-0.22209,-0.086231,0.012119
-0.21232,-0.084145,0.0094366
-0.20285,-0.081949,0.00696
-0.19368,-0.079656,0.0047473
-0.18478,-0.077278,0.0028367
-0.17617,-0.074824,0.0012527
-0.16783,-0.072307,1.0252E-05
-0.15975,-0.069736,-0.00088134
-0.15194,-0.06712,-0.0014177
-0.13757,-0.078692,-0.00065169
-0.12423,-0.09051,0.00057354
-0.11191,-0.10258,0.0021532
-0.10059,-0.1149,0.0040163
-0.090278,-0.12747,0.0061141
-0.080971,-0.14031,0.0084116
-0.072666,-0.1534,0.010884
-0.06536,-0.16676,0.013512
-0.059053,-0.18038,0.01628
-0.053744,-0.19427,0.019177
-0.050561,-0.18973,0.02374
-0.047569,-0.18522,0.028381
-0.044756,-0.18076,0.033081
-0.042112,-0.17633,0.037826
-0.039629,-0.17194,0.042605
-0.037297,-0.1676,0.047412
-0.035108,-0.1633,0.05224
-0.033055,-0.15904,0.057087
-0.031131,-0.15483,0.061946
-0.029328,-0.15066,0.066816
-0.029655,-0.13652,0.066588
-0.030468,-0.12312,0.068515
-0.03175,-0.11043,0.072213
-0.033488,-0.098443,0.077457
-0.035672,-0.087121,0.084102
-0.038296,-0.07645,0.092068
-0.041356,-0.066413,0.1013
-0.04485,-0.056997,0.11177
-0.048779,-0.04819,0.12345
-0.053147,-0.039983,0.13635
-0.052946,-0.051504,0.11205
-0.052928,-0.064359,0.089857
-0.053096,-0.078554,0.06988
-0.053449,-0.0941,0.052213
-0.05399,-0.11101,0.036916
-0.054717,-0.1293,0.024036
-0.055633,-0.14898,0.013609
-0.056736,-0.17007,0.0056575
-0.058026,-0.19259,0.00019901
-0.059502,-0.21655,-0.0027573
-0.063549,-0.20481,-0.0030471
-0.068066,-0.19345,-0.003382
-0.073032,-0.18242,-0.0046962
-0.078439,-0.1717,-0.0071062
-0.084282,-0.16129,-0.010699
-0.090558,-0.15116,-0.015542
-0.097264,-0.14129,-0.021685
-0.1044,-0.13169,-0.029167
-0.11198,-0.12232,-0.038015
-0.11999,-0.11319,-0.048254
-0.11316,-0.11315,-0.063521
-0.10653,-0.11313,-0.079617
-0.1001,-0.11314,-0.09635
-0.093882,-0.11318,-0.11361
-0.087864,-0.11324,-0.1313
-0.082048,-0.11332,-0.1494
-0.076435,-0.11342,-0.16785
-0.071024,-0.11353,-0.18665
-0.065814,-0.11366,-0.20575
-0.060805,-0.11379,-0.22518
-0.051006,-0.10992,-0.19558
-0.042362,-0.10553,-0.17256
-0.034787,-0.10071,-0.15417
-0.028204,-0.095555,-0.13915
-0.022539,-0.090142,-0.12666
-0.017729,-0.084534,-0.11612
-0.013712,-0.078787,-0.10711
-0.010432,-0.072956,-0.099341
-0.0078383,-0.067088,-0.092575
-0.0058819,-0.061229,-0.086641
-0.0062677,-0.05512,-0.052914
-0.006728,-0.049633,-0.027616
-0.0072356,-0.044677,-0.010633
-0.00777,-0.040158,-0.0018397
-0.0083365,-0.035987,0.00025845
-0.0090799,-0.032168,0.0076037
-0.010042,-0.028629,0.022898
-0.011238,-0.025293,0.04615
-0.012691,-0.022121,0.077386
-0.014423,-0.019103,0.11665
-0.012076,-0.019795,0.078257
-0.010024,-0.020756,0.048494
-0.0082541,-0.021972,0.026363
-0.0067605,-0.023427,0.011168
-0.0055361,-0.025091,0.0024035
-0.0045744,-0.026923,-0.00028065
-0.0037922,-0.028815,-0.0035278
-0.0031224,-0.030667,-0.012623
-0.002562,-0.032429,-0.027579
-0.0021079,-0.034064,-0.048439
-0.0045605,-0.039358,-0.026598
-0.009108,-0.044744,-0.011693
-0.01579,-0.050337,-0.0031347
-0.024695,-0.056257,-0.00066246
-0.036019,-0.062657,0.0026605
-0.049956,-0.069661,0.012044
-0.066641,-0.07734,0.027486
-0.086205,-0.08575,0.048915
-0.10877,-0.094937,0.076177
-0.13445,-0.10493,0.10906
-0.12627,-0.10856,0.097301
-0.11834,-0.11216,0.087637
-0.11066,-0.11576,0.079492
-0.10322,-0.11933,0.07249
-0.096037,-0.12289,0.066353
-0.089106,-0.12643,0.060892
-0.082433,-0.12996,0.055965
-0.076022,-0.13347,0.051473
-0.069876,-0.13696,0.047338
-0.063999,-0.14044,0.043506
-0.06209,-0.13665,0.020661
-0.060411,-0.13287,0.0064563
-0.058923,-0.1291,-0.00024349
-0.05758,-0.12535,-0.0017882
-0.056264,-0.1216,-0.0078531
-0.054944,-0.11786,-0.019669
-0.05361,-0.11415,-0.036931
-0.052251,-0.11048,-0.059413
-0.050857,-0.10685,-0.086928
-0.049423,-0.10328,-0.11934
-0.0396,-0.1068,-0.080778
-0.031062,-0.11007,-0.050268
-0.023764,-0.11313,-0.027253
-0.017665,-0.11601,-0.011393
-0.01273,-0.11873,-0.0024601
-0.0089354,-0.12134,-7.4403E-05
-0.0063401,-0.12388,0.0045666
-0.0049717,-0.12638,0.015824
-0.0047333,-0.12888,0.033666
-0.0039628,-0.13145,0.058096
-0.0038579,-0.12908,0.060026
-0.0037456,-0.12685,0.060905
-0.0036276,-0.12476,0.060857
-0.0035047,-0.12279,0.060013
-0.0033784,-0.12096,0.058491
-0.0032493,-0.11925,0.056411
-0.0031187,-0.11767,0.053871
-0.0029871,-0.11622,0.05097
-0.0028554,-0.11488,0.047788
-0.0027239,-0.11365,0.044402
-0.0031503,-0.11955,0.06086
-0.0036267,-0.12553,0.079712
-0.0047626,-0.13158,0.10088
-0.0065722,-0.13769,0.12432
-0.0090707,-0.14385,0.14995
-0.012273,-0.15007,0.17772
-0.016194,-0.15635,0.20756
-0.020847,-0.16269,0.23943
-0.026245,-0.1691,0.27326
-0.032402,-0.17558,0.30902
-0.030727,-0.1597,0.25295
-0.029196,-0.14479,0.20709
-0.027787,-0.13081,0.16876
-0.026483,-0.11771,0.13635
-0.025273,-0.10546,0.10874
-0.024147,-0.094034,0.0852
-0.023097,-0.08339,0.065197
-0.022116,-0.073506,0.048341
-0.021198,-0.064353,0.034342
-0.020338,-0.055906,0.022967
-0.02474,-0.051611,0.017351
-0.029613,-0.047491,0.012701
-0.034958,-0.043551,0.0089047
-0.040773,-0.03979,0.005867
-0.047057,-0.036212,0.0035195
-0.053808,-0.032817,0.0018035
-0.061026,-0.029609,0.00067522
-0.068709,-0.026589,9.653E-05
-0.076857,-0.023758,-3.3196E-05
-0.085467,-0.021122,-0.00045166
-0.081079,-0.016918,-0.00046233
-0.076828,-0.013247,-0.00056449
-0.072709,-0.010087,-0.00076682
-0.068719,-0.0074196,-0.0010904
-0.064857,-0.0052254,-0.00156
-0.061118,-0.0034877,-0.002203
-0.057501,-0.0021904,-0.0030448
-0.054002,-0.0013192,-0.0041102
-0.050619,-0.00086077,-0.0054201
-0.04735,-0.00075328,-0.0069948
-0.044926,-0.0010674,-0.0057208
-0.042582,-0.0022746,-0.0044924
-0.040302,-0.0044061,-0.0033514
-0.03807,-0.0074531,-0.0023333
-0.035875,-0.011417,-0.0014645
-0.033701,-0.01631,-0.00076597
-0.03154,-0.022151,-0.00025286
-0.029382,-0.028967,6.3306E-05
-0.02722,-0.03679,0.00017419
-0.025047,-0.045655,0.00029326
-0.020669,-0.043008,0.00016615
-0.01664,-0.040373,0.00010737
-0.012981,-0.037758,-5.1101E-05
-0.0097105,-0.035173,-0.00029608
-0.0068484,-0.032626,-0.00060995
-0.0044148,-0.030126,-0.00097844
-0.0024298,-0.027682,-0.0013897
-0.00091341,-0.025306,-0.0018342
0.00011466,-0.023005,-0.002304
0.00063589,-0.020793,-0.0027934
0.00065845,-0.023195,-0.0060048
0.00066822,-0.025733,-0.010413
0.00066689,-0.028406,-0.016011
0.00065621,-0.031216,-0.022798
0.00063771,-0.034163,-0.030773
0.00061295,-0.037246,-0.039944
0.00058321,-0.040467,-0.050318
0.00054987,-0.043826,-0.061913
0.00051398,-0.047323,-0.074739
0.00047671,-0.050957,-0.088821
0.00020916,-0.054561,-0.075911
-0.00016343,-0.058286,-0.063981
-0.00064216,-0.062132,-0.053038
-0.0012272,-0.066101,-0.043096
-0.0019184,-0.070196,-0.034163
-0.0027146,-0.074416,-0.026249
-0.0036147,-0.078765,-0.019361
-0.0046165,-0.083244,-0.013506
-0.0057177,-0.087855,-0.0086897
-0.0069157,-0.0926,-0.0049186
-0.0040657,-0.091216,-0.0057057
-0.0016109,-0.089891,-0.0064726
0.00045718,-0.088623,-0.0072172
0.002147,-0.087408,-0.0079374
0.0034655,-0.086246,-0.0086333
0.0044193,-0.085134,-0.0093042
0.0050138,-0.084069,-0.0099509
0.0052539,-0.08305,-0.010573
0.005401,-0.082058,-0.011174
0.0058878,-0.081063,-0.011756
0.0057148,-0.085841,-0.0076748
0.0054089,-0.090766,-0.0047007
0.0037642,-0.095959,-0.0025969
0.00076883,-0.10146,-0.0011986
-0.0035965,-0.10731,-0.00038288
-0.009356,-0.11353,-5.2819E-05
-0.016537,-0.12017,0.00011032
-0.025166,-0.12724,0.00060826
-0.035277,-0.13477,0.0013963
-0.046904,-0.14278,0.0024183
-0.045773,-0.13565,0.0021249
-0.044666,-0.12899,0.0021052
-0.043582,-0.12275,0.0023009
-0.042522,-0.1169,0.002697
-0.041484,-0.11142,0.0033004
-0.040467,-0.10627,0.0041281
-0.039472,-0.10143,0.0052011
-0.038496,-0.096877,0.0065414
-0.037539,-0.092589,0.0081699
-0.0366,-0.088546,0.010106
-0.026344,-0.088062,0.0046877
-0.01744,-0.087753,0.0012997
-0.0098699,-0.087615,-0.0001175
-0.0036206,-0.087637,-0.00080306
0.0013078,-0.087806,-0.0032786
0.0049275,-0.088111,-0.0075997
0.0072465,-0.088544,-0.013747
0.0082685,-0.089097,-0.021709
0.0088001,-0.089684,-0.031481
0.010561,-0.090132,-0.043066
0.0079585,-0.073735,-0.049903
0.0058325,-0.058692,-0.056223
0.0042026,-0.045106,-0.062016
0.0029145,-0.033097,-0.067299
0.0014338,-0.022824,-0.072095
-0.00026898,-0.014388,-0.076457
-0.0021832,-0.007879,-0.080438
-0.004298,-0.0033703,-0.08412
-0.0066026,-0.00091248,-0.08758
-0.0090949,-0.00045062,-0.090905
-0.009294,-0.00016146,-0.080946
-0.0095582,0.00047627,-0.07193
-0.0098832,0.001438,-0.063719
-0.010265,0.0027056,-0.056217
-0.010701,0.0042667,-0.049344
-0.011187,0.0061145,-0.043039
-0.011723,0.0082476,-0.037255
-0.012305,0.010669,-0.031954
-0.012933,0.013385,-0.027106
-0.013607,0.016408,-0.022688
-0.010596,0.01316,-0.023885
-0.0079736,0.010329,-0.025343
-0.0057345,0.0078896,-0.027047
-0.0038753,0.0058212,-0.02898
-0.0023926,0.0041035,-0.031127
-0.0012832,0.0027192,-0.033472
-0.00054462,0.0016538,-0.035996
-0.00017548,0.00089698,-0.038677
-2.2604E-05,0.00046166,-0.041497
0.00038521,0.00040199,-0.044432
2.9846E-05,0.00029934,-0.033734
-6.1471E-05,0.00032572,-0.024817
-0.00030198,0.00044845,-0.017494
-0.00087675,0.00065701,-0.011602
-0.0017924,0.00095893,-0.0070038
-0.0030502,0.0013533,-0.0035907
-0.0046442,0.0018293,-0.0013023
-0.0065633,0.0023689,-0.00013166
-0.0087949,0.0029507,0.0001668
-0.011327,0.0035412,0.0013592
-0.0093195,0.0014447,0.00056596
-0.0075811,5.1341E-05,0.00011307
-0.0061045,-0.00065012,-1.3586E-05
-0.0048748,-0.00070664,-0.00022644
-0.0037459,-0.0010717,-0.00076396
-0.0026473,-0.002143,-0.0016291
-0.0015678,-0.0039228,-0.0028223
-0.00050196,-0.0064198,-0.0043442
0.00055013,-0.0096451,-0.0061962
0.0015858,-0.013611,-0.0083788
0.0018421,-0.012867,-0.014852
0.0019017,-0.012137,-0.023196
0.0019401,-0.01139,-0.033475
0.0021903,-0.010588,-0.045758
0.0026555,-0.009729,-0.060093
0.003338,-0.0088141,-0.076502
0.0042397,-0.0078451,-0.094967
0.0053625,-0.0068253,-0.11544
0.0067077,-0.0057586,-0.13783
0.0082766,-0.0046495,-0.16204
0.0063085,-0.0055008,-0.14786
0.0047388,-0.0063187,-0.13411
0.0035505,-0.0071051,-0.12082
0.0027279,-0.0078621,-0.10804
0.0022561,-0.0085918,-0.095803
0.0021213,-0.0092957,-0.084155
0.0020525,-0.010018,-0.073129
0.0016855,-0.010818,-0.062766
0.0010287,-0.011696,-0.053099
9.1528E-05,-0.012651,-0.044161
0.0018907,-0.014329,-0.056941
0.0031751,-0.016326,-0.07136
0.0039489,-0.01867,-0.08739
0.0050817,-0.02124,-0.10496
0.0069903,-0.023987,-0.12398
0.0097241,-0.026925,-0.14434
0.013331,-0.030063,-0.16591
0.017858,-0.033412,-0.18856
0.023348,-0.036978,-0.21216
0.029842,-0.040766,-0.23659
0.030661,-0.038496,-0.21647
0.031564,-0.03618,-0.2001
0.032546,-0.033838,-0.18653
0.033603,-0.031482,-0.1751
0.034732,-0.029125,-0.16533
0.035933,-0.026776,-0.15689
0.037205,-0.02444,-0.1495
0.038546,-0.022126,-0.14298
0.039956,-0.019838,-0.13715
0.041436,-0.01758,-0.13192
0.041759,-0.018921,-0.11576
0.042054,-0.020252,-0.10166
0.042323,-0.021578,-0.08926
0.042568,-0.0229,-0.078294
0.042792,-0.024222,-0.068549
0.042996,-0.025544,-0.059853
0.043183,-0.026868,-0.052076
0.043354,-0.028195,-0.045105
0.043511,-0.029526,-0.038856
0.043657,-0.030862,-0.03325
0.057467,-0.04356,-0.025305
0.073905,-0.058713,-0.018271
0.093224,-0.076461,-0.012232
0.11567,-0.096935,-0.007259
0.14149,-0.12025,-0.0034169
0.1709,-0.1465,-0.00075384
0.2041,-0.17578,0.00069236
0.24127,-0.20815,0.0011802
0.28257,-0.24366,0.002619
0.32813,-0.28234,0.0053769
0.32453,-0.25764,0.0048771
0.32133,-0.23417,0.004723
0.3185,-0.21187,0.0047615
0.31603,-0.19067,0.0049141
0.31389,-0.17052,0.0051361
0.31208,-0.15137,0.0054014
0.31058,-0.13318,0.0056922
0.30938,-0.1159,0.0059976
0.30846,-0.099504,0.0063089
0.30782,-0.08395,0.0066211
0.26816,-0.072386,0.0037128
0.23196,-0.062132,0.0020001
0.19902,-0.053054,0.0013158
0.16917,-0.045033,0.00063393
0.14224,-0.037963,-0.00086994
0.11809,-0.031753,-0.0031588
0.096576,-0.026318,-0.0062084
0.077558,-0.021585,-0.010001
0.060911,-0.017482,-0.014524
0.046519,-0.013947,-0.019767
0.050531,-0.014107,-0.012836
0.054717,-0.01424,-0.0076275
0.05906,-0.014339,-0.0038864
0.063543,-0.0144,-0.001415
0.068151,-0.014419,-5.2116E-05
0.072873,-0.014393,0.00034251
0.077692,-0.014322,0.00082509
0.082599,-0.014207,0.0020572
0.087587,-0.014047,0.0039476
0.092652,-0.013843,0.0064151
0.075009,-0.023878,0.0039269
0.059991,-0.033535,0.0023258
0.047513,-0.042816,0.0013048
0.037504,-0.051736,0.00067137
0.02991,-0.060315,0.00030288
0.024697,-0.068586,0.00012043
0.021847,-0.076586,7.3061E-05
0.021362,-0.084354,3.8885E-05
0.022769,-0.092054,-6.3778E-05
0.022651,-0.10059,-0.00022682
0.023525,-0.095001,0.00098766
0.022875,-0.089953,0.0058174
0.023129,-0.084819,0.014528
0.025132,-0.07937,0.026845
0.028877,-0.073592,0.04259
0.034351,-0.067475,0.061634
0.041536,-0.061014,0.083873
0.050411,-0.054208,0.10921
0.06095,-0.047056,0.13752
0.073129,-0.039561,0.16872
0.076673,-0.052976,0.14583
0.0806,-0.06781,0.12449
0.084928,-0.084073,0.10469
0.089677,-0.10178,0.086489
0.094865,-0.12094,0.069909
0.10051,-0.14159,0.054991
0.10663,-0.16374,0.041772
0.11325,-0.18741,0.030291
0.12037,-0.21263,0.02059
0.12802,-0.23941,0.012712
0.11981,-0.25024,0.0090829
0.11274,-0.26073,0.0066697
0.10678,-0.27089,0.0050403
0.10191,-0.28074,0.003922
0.098114,-0.29029,0.0031443
0.095375,-0.29955,0.0025933
0.093684,-0.30852,0.0021969
0.093033,-0.3172,0.0018991
0.093415,-0.32561,0.0016697
0.094824,-0.33373,0.0014844
0.087553,-0.30717,0.0026083
0.080776,-0.28245,0.0042661
0.074463,-0.25944,0.0065129
0.068587,-0.23799,0.0093939
0.063107,-0.218,0.012953
0.057955,-0.19938,0.01723
0.053102,-0.18202,0.022259
0.048524,-0.16585,0.028072
0.044197,-0.15078,0.034699
0.040102,-0.13674,0.042166
0.039085,-0.12995,0.049953
0.038261,-0.12341,0.057476
0.038929,-0.11669,0.064705
0.04108,-0.10976,0.071649
0.044703,-0.10259,0.078316
0.049793,-0.095159,0.084725
0.056341,-0.087441,0.090884
0.064341,-0.079418,0.09681
0.073788,-0.071078,0.10251
0.084676,-0.062406,0.10798
0.093686,-0.074117,0.098136
0.10324,-0.086864,0.088606
0.11335,-0.10067,0.079407
0.12402,-0.11555,0.070562
0.13525,-0.13151,0.062087
0.14705,-0.14859,0.053999
0.15943,-0.16677,0.046317
0.17238,-0.18607,0.039058
0.18591,-0.20648,0.032241
0.20002,-0.22802,0.025882
0.18702,-0.20593,0.027746
0.1745,-0.18545,0.029932
0.16247,-0.16646,0.032383
0.1509,-0.14889,0.035056
0.13978,-0.13264,0.037924
0.12911,-0.11764,0.040966
0.11889,-0.10382,0.04417
0.1091,-0.091112,0.047524
0.099754,-0.079457,0.051022
0.090836,-0.068797,0.054659
0.098974,-0.051171,0.047111
0.10869,-0.034353,0.040659
0.11996,-0.018271,0.035047
0.13277,-0.0028678,0.030095
0.14711,0.011895,0.025671
0.16297,0.026045,0.021683
0.18034,0.039595,0.018058
0.19924,0.052551,0.014743
0.21966,0.064909,0.011696
0.24162,0.076661,0.0088848
0.23875,0.074695,0.015395
0.23591,0.072596,0.022178
0.2331,0.070366,0.029052
0.23031,0.068006,0.035912
0.22755,0.065516,0.0427
0.22482,0.062899,0.049388
0.22213,0.060153,0.055963
0.21946,0.057281,0.062422
0.21682,0.054282,0.068767
0.21423,0.051158,0.075002
0.19045,0.040968,0.052073
0.16902,0.031469,0.034015
0.14971,0.022601,0.020092
0.13236,0.014312,0.0098238
0.11678,0.0065519,0.0028854
0.10283,-0.00072568,-0.00094841
0.090384,-0.0075646,-0.001877
0.079241,-0.013985,-0.0034475
0.069257,-0.020008,-0.0078261
0.060341,-0.025669,-0.014958
0.058155,-0.027828,-0.0064269
0.055946,-0.029968,-0.0020249
0.053744,-0.032087,-0.0009843
0.051673,-0.034218,0.0024025
0.049768,-0.036369,0.0094595
0.048035,-0.038534,0.020086
0.046478,-0.040712,0.034194
0.045097,-0.042898,0.0517
0.043893,-0.045093,0.072524
0.042862,-0.047295,0.096586
0.044072,-0.050082,0.1006
0.04532,-0.052953,0.10496
0.046604,-0.055907,0.10966
0.047925,-0.058945,0.11469
0.049282,-0.062067,0.12001
0.050675,-0.065271,0.12563
0.052102,-0.068557,0.13153
0.053564,-0.071923,0.1377
0.055059,-0.075369,0.14412
0.056587,-0.078892,0.15079
0.062391,-0.077189,0.14783
0.068876,-0.075233,0.14684
0.076038,-0.073024,0.1475
0.083873,-0.070562,0.14956
0.092379,-0.067845,0.15287
0.10155,-0.064872,0.15731
0.1114,-0.061641,0.16277
0.12191,-0.05815,0.16921
0.13308,-0.054396,0.17655
0.14491,-0.050376,0.18479
0.14213,-0.059463,0.1497
0.13965,-0.068809,0.11564
0.1375,-0.07843,0.084176
0.13568,-0.088341,0.05649
0.13421,-0.098551,0.03344
0.13309,-0.10907,0.015656
0.13231,-0.1199,0.0036073
0.13189,-0.13105,-0.0023589
0.13179,-0.14249,-0.0040994
0.13191,-0.15412,-0.011232
0.14156,-0.15686,-0.010911
0.15166,-0.15953,-0.010435
0.1622,-0.16211,-0.0098398
0.17319,-0.16461,-0.0091675
0.18461,-0.16702,-0.0084497
0.19647,-0.16932,-0.0077181
0.20876,-0.17152,-0.0069968
0.22148,-0.1736,-0.0063087
0.23461,-0.17555,-0.005671
0.24817,-0.17737,-0.0051
0.23455,-0.17507,-0.0043738
0.22167,-0.17315,-0.003825
0.2095,-0.17156,-0.0034087
0.19801,-0.17026,-0.0030982
0.18717,-0.16922,-0.002876
0.17695,-0.16842,-0.0027309
0.16734,-0.16781,-0.0025899
0.1583,-0.16737,-0.002407
0.14983,-0.16709,-0.0021838
0.14189,-0.16694,-0.0019208
0.12608,-0.15825,-0.0022428
0.11166,-0.14974,-0.0032279
0.098551,-0.14137,-0.0054524
0.086707,-0.13313,-0.008706
0.076075,-0.12502,-0.012843
0.066607,-0.11703,-0.017759
0.05826,-0.10915,-0.023376
0.050993,-0.10137,-0.029639
0.044769,-0.093678,-0.036502
0.039558,-0.086067,-0.043932
0.043884,-0.086929,-0.058646
0.050385,-0.086886,-0.074888
0.059128,-0.085913,-0.09249
0.070183,-0.083976,-0.11128
0.083624,-0.081041,-0.13109
0.099521,-0.077069,-0.15175
0.11794,-0.072025,-0.17307
0.13895,-0.065871,-0.19494
0.1626,-0.058569,-0.21719
0.18895,-0.050086,-0.23973
0.1932,-0.057558,-0.23516
0.19757,-0.065147,-0.2351
0.20207,-0.072874,-0.23844
0.20667,-0.08075,-0.24446
0.21138,-0.088783,-0.25259
0.2162,-0.096975,-0.26249
0.22111,-0.10533,-0.27383
0.22613,-0.11384,-0.28642
0.23123,-0.12251,-0.30007
0.23643,-0.13133,-0.31467
0.22811,-0.11829,-0.30638
0.22016,-0.10594,-0.29466
0.21258,-0.09424,-0.28065
0.20536,-0.083154,-0.2652
0.19849,-0.072649,-0.24888
0.19197,-0.062697,-0.23211
0.18578,-0.05327,-0.21519
0.17992,-0.044346,-0.19832
0.17437,-0.035902,-0.1817
0.16912,-0.027919,-0.16543
0.16148,-0.027571,-0.12573
0.15407,-0.027284,-0.096158
0.14688,-0.027065,-0.073625
0.13988,-0.026912,-0.056163
0.13307,-0.026822,-0.042495
0.12646,-0.026789,-0.031725
0.12002,-0.026807,-0.023238
0.11377,-0.026869,-0.016568
0.10769,-0.02697,-0.011383
0.1018,-0.027103,-0.0074149
0.10613,-0.024462,-0.00693
0.1106,-0.02174,-0.0061789
0.11521,-0.018938,-0.0052444
0.11996,-0.016053,-0.0042011
0.12485,-0.013085,-0.0031285
0.12988,-0.010033,-0.0020958
0.13506,-0.0068951,-0.00117
0.14037,-0.0036702,-0.00040786
0.14583,-0.00035738,0.00013837
0.15143,0.0030448,0.00042486
0.14119,-0.019899,-0.0017149
0.13325,-0.043687,-0.0064209
0.12751,-0.068361,-0.013269
0.12392,-0.093948,-0.021958
0.12245,-0.12046,-0.032266
0.12309,-0.14789,-0.044014
0.12586,-0.17623,-0.057056
0.1308,-0.20546,-0.071263
0.13793,-0.23554,-0.086519
0.14732,-0.26646,-0.10272
0.1514,-0.26159,-0.081177
0.15659,-0.25568,-0.06386
0.16291,-0.24881,-0.049735
0.17039,-0.24101,-0.038122
0.17902,-0.23232,-0.028558
0.18883,-0.22278,-0.020727
0.19982,-0.21242,-0.014406
0.212,-0.20124,-0.0094375
0.22538,-0.18929,-0.0057111
0.23996,-0.17655,-0.0031464
0.23142,-0.17677,-0.0016317
0.22341,-0.1772,-0.0013049
0.21589,-0.17784,-0.00050243
0.20884,-0.17866,0.0012185
0.20221,-0.17964,0.0037525
0.196,-0.18076,0.0070223
0.19018,-0.18201,0.010968
0.18473,-0.18337,0.015544
0.17962,-0.18484,0.020711
0.17485,-0.18639,0.02644
0.17647,-0.17939,0.012919
0.17824,-0.17237,0.004269
0.18017,-0.16532,-0.00031543
0.18225,-0.15825,-0.0014863
0.18446,-0.15113,-0.0035752
0.18679,-0.14397,-0.008518
0.18924,-0.13676,-0.016107
0.1918,-0.12951,-0.026185
0.19448,-0.12221,-0.038628
0.19728,-0.11488,-0.053338
0.18869,-0.14381,-0.069109
0.18259,-0.1726,-0.086709
0.17895,-0.20126,-0.10607
0.17778,-0.2298,-0.12714
0.17909,-0.25821,-0.14985
0.18288,-0.28649,-0.17415
0.18917,-0.31463,-0.19996
0.19798,-0.34261,-0.22724
0.20932,-0.37043,-0.25589
0.22321,-0.39805,-0.28589
0.20943,-0.37022,-0.21007
0.1972,-0.34363,-0.15309
0.18646,-0.31814,-0.10924
0.17715,-0.29361,-0.075263
0.16921,-0.26992,-0.049155
0.16259,-0.24698,-0.029617
0.15724,-0.2247,-0.015754
0.15311,-0.20301,-0.0069266
0.15017,-0.18184,-0.0026618
0.1484,-0.16112,-0.0016688
0.13774,-0.13843,-0.0013234
0.12791,-0.11717,-0.0007629
0.11889,-0.097299,6.9632E-05
0.11068,-0.078801,0.0012309
0.10328,-0.061654,0.0027671
0.096678,-0.045839,0.0047173
0.090869,-0.031334,0.0071091
0.085848,-0.018123,0.0099668
0.08161,-0.0061869,0.013306
0.078152,0.0044887,0.017141
0.070177,-0.013318,0.0075365
0.064769,-0.031209,0.0015981
0.06192,-0.049218,-0.0009984
0.061632,-0.067417,-0.0019156
0.063882,-0.085893,-0.0055925
0.06874,-0.10475,-0.012234
0.076292,-0.12411,-0.021753
0.086627,-0.14405,-0.034061
0.098639,-0.16539,-0.049045
0.11003,-0.18964,-0.066558
0.12198,-0.20617,-0.051583
0.13418,-0.22356,-0.039582
0.14664,-0.24181,-0.029997
0.15937,-0.26093,-0.022416
0.17239,-0.28091,-0.016524
0.18575,-0.30173,-0.012079
0.19976,-0.3232,-0.0089003
0.21445,-0.3453,-0.0068418
0.22983,-0.36802,-0.0057939
0.24589,-0.39136,-0.0056673
0.24096,-0.38363,-0.0046084
0.2362,-0.37599,-0.0021009
0.2316,-0.36845,0.0011202
0.22713,-0.361,0.0046332
0.22279,-0.35363,0.008193
0.21857,-0.34635,0.011655
0.21447,-0.33915,0.01493
0.21046,-0.33203,0.017965
0.20647,-0.32505,0.020725
0.20247,-0.31821,0.02319
0.20912,-0.32751,0.015086
0.21692,-0.33653,0.01039
0.22611,-0.34504,0.0077413
0.23667,-0.35301,0.006407
0.24859,-0.36043,0.0059914
0.26186,-0.36727,0.0062911
0.27647,-0.37355,0.0072099
0.29241,-0.37924,0.0087133
0.3097,-0.38433,0.010803
0.32832,-0.38884,0.013501
0.27694,-0.32896,0.01084
0.2312,-0.27588,0.0075865
0.1907,-0.22901,0.0044227
0.15507,-0.18783,0.0017314
0.12398,-0.15188,-0.00027463
0.097123,-0.12073,-0.0014797
0.07421,-0.093992,-0.0018229
0.054966,-0.0713,-0.0016013
0.03911,-0.052307,-0.0022611
0.026395,-0.036689,-0.0039655
0.023149,-0.031738,-0.0069393
0.020081,-0.027098,-0.010844
0.017202,-0.022777,-0.01564
0.014518,-0.018784,-0.0213
0.012038,-0.015125,-0.027799
0.0097688,-0.011805,-0.035123
0.0077159,-0.0088295,-0.043256
0.0058844,-0.0062004,-0.052195
0.0042784,-0.003919,-0.06193
0.0029006,-0.0019851,-0.072461
0.0073992,-0.0033132,-0.088826
0.013906,-0.0047722,-0.10691
0.022541,-0.006323,-0.12665
0.03342,-0.0079269,-0.14798
0.04665,-0.0095465,-0.1708
0.062332,-0.011145,-0.19506
0.080559,-0.012686,-0.22066
0.10142,-0.014136,-0.24758
0.12498,-0.015459,-0.27573
0.15131,-0.016623,-0.30511
0.14315,-0.016296,-0.2739
0.13511,-0.015803,-0.24686
0.12721,-0.015174,-0.2229
0.11947,-0.014433,-0.2014
0.11191,-0.013603,-0.18187
0.10453,-0.012701,-0.164
0.097353,-0.011742,-0.14755
0.090383,-0.010741,-0.13236
0.083629,-0.0097101,-0.11831
0.077099,-0.0086622,-0.10529
0.078983,-0.015978,-0.098879
0.081174,-0.023571,-0.093278
0.083669,-0.031445,-0.088348
0.086469,-0.039605,-0.083973
0.089572,-0.048053,-0.080072
0.09298,-0.056792,-0.076567
0.096692,-0.065822,-0.07341
0.10071,-0.075145,-0.070547
0.10504,-0.084761,-0.067947
0.10967,-0.09467,-0.065572
0.11805,-0.1157,-0.057545
0.12782,-0.13771,-0.050208
0.13903,-0.16073,-0.043548
0.1517,-0.18477,-0.037547
0.16586,-0.20987,-0.032199
0.18153,-0.23602,-0.027492
0.19874,-0.26323,-0.023421
0.21752,-0.29152,-0.019976
0.23788,-0.32088,-0.017155
0.25985,-0.35131,-0.014946
0.23817,-0.32043,-0.014674
0.21828,-0.29159,-0.013973
0.20008,-0.26459,-0.012979
0.18346,-0.2393,-0.0118
0.16834,-0.21555,-0.010524
0.15466,-0.19323,-0.0092135
0.14233,-0.17222,-0.0079174
0.13129,-0.15241,-0.0066713
0.12149,-0.1337,-0.0055039
0.11288,-0.11599,-0.004436
0.094808,-0.10353,-0.0037555
0.079373,-0.09205,-0.0031512
0.066394,-0.081377,-0.0026162
0.055707,-0.07134,-0.0021443
0.047161,-0.061782,-0.0017311
0.040025,-0.053012,-0.0013807
0.032642,-0.046069,-0.0011122
0.024852,-0.040872,-0.00092598
0.016578,-0.037292,-0.00081753
0.007751,-0.035227,-0.00071914
0.0054283,-0.035575,-0.0006644
0.0030142,-0.036025,-0.00060089
0.00050929,-0.036579,-0.00053798
-0.0020859,-0.037237,-0.00048158
-0.0047711,-0.038,-0.00043649
-0.0075458,-0.038868,-0.00040546
-0.01041,-0.039843,-0.0003907
-0.013363,-0.040925,-0.00039298
-0.016406,-0.042114,-0.00041285
-0.019537,-0.043411,-0.00044981
-0.012736,-0.042428,7.1478E-05
-0.0061478,-0.041836,0.00072215
0.00021786,-0.041647,0.0014864
0.0063531,-0.041871,0.0023523
0.012254,-0.042522,0.0033103
0.017921,-0.043613,0.0043536
0.023358,-0.045158,0.0054762
0.028571,-0.047169,0.0066743
0.033572,-0.049658,0.0079437
0.038373,-0.052637,0.0092817
0.037048,-0.052854,0.003298
0.035528,-0.053293,9.3171E-05
0.03381,-0.05394,-0.00082711
0.031904,-0.05475,-0.0018759
0.029816,-0.055694,-0.0046136
0.027537,-0.056782,-0.0088372
0.025062,-0.058022,-0.014382
0.022381,-0.059423,-0.021108
0.019489,-0.060995,-0.028892
0.016377,-0.062745,-0.037624
0.0068691,-0.05163,-0.029609
-0.0013663,-0.042236,-0.022439
-0.0083377,-0.034535,-0.016167
-0.014052,-0.028503,-0.010857
-0.018515,-0.02411,-0.0065771
-0.021726,-0.021329,-0.0033985
-0.023681,-0.02013,-0.0013874
-0.024571,-0.020238,-0.00059734
-0.026289,-0.019362,-0.00012371
-0.029301,-0.016955,0.0016076
-0.027709,-0.020563,-0.00058857
-0.027411,-0.022742,-0.0019577
-0.027953,-0.023863,-0.0067393
-0.027431,-0.026127,-0.014995
-0.025586,-0.029784,-0.026676
-0.022413,-0.034797,-0.041706
-0.017919,-0.04113,-0.059997
-0.012116,-0.048754,-0.081461
-0.0050151,-0.057646,-0.10602
0.003369,-0.067786,-0.13362
0.016101,-0.076024,-0.10946
0.029699,-0.085537,-0.089603
0.044198,-0.096368,-0.073042
0.059642,-0.10857,-0.059107
0.076079,-0.1222,-0.047312
0.093561,-0.13732,-0.037317
0.11214,-0.15398,-0.028859
0.13186,-0.17224,-0.02174
0.15277,-0.19216,-0.015799
0.1749,-0.21377,-0.010909
0.15394,-0.18792,-0.0012854
0.13459,-0.164,0.0008129
0.11665,-0.14201,0.0071653
0.10005,-0.12187,0.019759
0.084736,-0.10349,0.037899
0.070679,-0.086779,0.06109
0.057845,-0.071675,0.088973
0.046208,-0.058115,0.12131
0.035748,-0.046048,0.15791
0.02645,-0.035434,0.1987
0.029474,-0.036621,0.1884
0.031876,-0.038418,0.17844
0.0344,-0.04017,0.16873
0.037587,-0.041399,0.15927
0.041434,-0.04211,0.15004
0.045942,-0.042307,0.14102
0.051112,-0.041993,0.1322
0.056949,-0.041167,0.1236
0.06346,-0.039829,0.11519
0.070652,-0.037973,0.107
0.076919,-0.045483,0.086402
0.08359,-0.053454,0.069125
0.090665,-0.061874,0.054591
0.098143,-0.070731,0.042382
0.10602,-0.080014,0.032188
0.1143,-0.089712,0.023768
0.12298,-0.099817,0.016937
0.13205,-0.11032,0.011545
0.14152,-0.12121,0.0074752
0.15138,-0.13249,0.0046282
0.12969,-0.11396,0.0074292
0.10992,-0.097054,0.011398
0.092006,-0.081702,0.016566
0.075869,-0.067831,0.022959
0.06144,-0.055374,0.030606
0.048659,-0.044268,0.039528
0.037464,-0.034454,0.049746
0.027801,-0.025877,0.061273
0.019622,-0.018485,0.074117
0.012884,-0.012235,0.08828
0.0087563,-0.0085565,0.080288
0.0056669,-0.0055134,0.072359
0.0032829,-0.0032324,0.064591
0.0012841,-0.0018484,0.05707
-0.00039838,-0.0012781,0.049863
-0.0018234,-0.0014513,0.043028
-0.0030375,-0.0023121,0.036615
-0.0044916,-0.0033857,0.030659
-0.0065744,-0.0042674,0.025189
-0.0092919,-0.0049561,0.02023
-0.0071487,-0.0058774,0.02615
-0.0061909,-0.0055887,0.032706
-0.0045461,-0.006083,0.039975
-0.0016242,-0.0079991,0.048011
0.0026001,-0.011371,0.056837
0.008166,-0.016234,0.066449
0.01512,-0.022619,0.076819
0.023509,-0.030559,0.087899
0.033381,-0.040083,0.099625
0.04478,-0.05122,0.11194
0.043148,-0.045837,0.12133
0.041089,-0.04105,0.13126
0.038613,-0.036869,0.1417
0.035749,-0.033292,0.15264
0.033174,-0.029666,0.16404
0.031235,-0.025658,0.17587
0.029937,-0.021273,0.1881
0.029283,-0.016512,0.20074
0.029275,-0.01138,0.21374
0.029913,-0.0058769,0.22709
0.032246,-0.013345,0.24721
0.035652,-0.020907,0.26713
0.040129,-0.028558,0.28676
0.045678,-0.036296,0.30606
0.052298,-0.044117,0.32496
0.05999,-0.052016,0.34345
0.06856,-0.060188,0.36147
0.077305,-0.069344,0.37906
0.086163,-0.079548,0.39615
0.095137,-0.090804,0.41278
0.076439,-0.072623,0.37285
0.059965,-0.056635,0.33588
0.045641,-0.042767,0.30137
0.033398,-0.030947,0.26907
0.023171,-0.021105,0.23879
0.014899,-0.013175,0.21042
0.0085211,-0.0070893,0.18388
0.0039807,-0.002787,0.15914
0.001223,-0.00020724,0.13615
0.00019613,0.00070616,0.11489
0.0006176,0.00068622,0.10985
0.001211,0.00039851,0.10493
0.0019746,-0.00014997,0.10014
0.002907,-0.00095418,0.095448
0.0040079,-0.0020097,0.090859
0.0052897,-0.0033004,0.086353
0.0068234,-0.00475,0.081935
0.0086202,-0.0063467,0.077587
0.010682,-0.0080902,0.073318
0.01301,-0.0099809,0.069113
0.01593,-0.012925,0.071439
0.019241,-0.01619,0.073885
0.022954,-0.019781,0.076471
0.02708,-0.023704,0.079203
0.03163,-0.027964,0.082105
0.036615,-0.032567,0.085187
0.042042,-0.03752,0.088472
0.047883,-0.042866,0.091973
0.054137,-0.048624,0.095711
0.060809,-0.054801,0.099692
0.062449,-0.05586,0.13608
0.064115,-0.056957,0.17718
0.065798,-0.058105,0.22261
0.067487,-0.059317,0.272
0.069175,-0.060606,0.32501
0.070852,-0.061983,0.38136
0.072511,-0.063459,0.44078
0.074146,-0.065044,0.50309
0.07575,-0.066746,0.5681
0.077319,-0.068574,0.63577
0.074628,-0.070704,0.49619
0.071962,-0.072923,0.3872
0.069253,-0.075266,0.29983
0.066468,-0.077755,0.22887
0.063584,-0.080405,0.17091
0.06059,-0.083227,0.12366
0.057476,-0.086231,0.08553
0.054236,-0.089427,0.055347
0.050862,-0.092827,0.032267
0.047347,-0.096444,0.015634
0.047923,-0.099145,0.021126
0.048489,-0.10191,0.026598
0.049041,-0.10474,0.031896
0.049577,-0.10762,0.036897
0.050096,-0.11057,0.041544
0.050598,-0.11357,0.045789
0.051081,-0.11661,0.049632
0.051544,-0.11971,0.053068
0.051987,-0.12285,0.056123
0.05241,-0.12603,0.058809
0.035958,-0.11396,0.040096
0.021357,-0.10363,0.026565
0.0084058,-0.094853,0.016782
-0.0030659,-0.087464,0.009801
-0.013199,-0.081336,0.0049862
-0.022114,-0.076357,0.0018877
-0.029909,-0.072432,0.00018798
-0.036667,-0.06948,-0.00034676
-0.04246,-0.067429,-0.00074287
-0.047346,-0.066217,-0.002032
-0.045901,-0.064386,-0.0015584
-0.044529,-0.062622,-0.0011475
-0.043226,-0.06092,-0.00081145
-0.041987,-0.059279,-0.00056381
-0.040811,-0.057695,-0.00041666
-0.039692,-0.056166,-0.00038024
-0.038627,-0.05469,-0.00030686
-0.037612,-0.053266,-9.4458E-05
-0.036643,-0.051893,0.00026815
-0.035718,-0.050567,0.00079126
-0.031115,-0.047157,0.000133
-0.026632,-0.044133,-0.00027861
-0.022249,-0.041476,-0.00041464
-0.017949,-0.039164,-0.00058927
-0.013716,-0.037175,-0.0010843
-0.0095361,-0.035492,-0.0019132
-0.0053946,-0.0341,-0.0030859
-0.0012799,-0.032986,-0.0046103
0.0028174,-0.032137,-0.0064916
0.0069049,-0.031544,-0.0087341
0.0016258,-0.026615,-0.0061358
-0.0025713,-0.022539,-0.0041716
-0.0057767,-0.019242,-0.0027061
-0.0080731,-0.016658,-0.0016396
-0.0095347,-0.014732,-0.00089789
-0.010225,-0.013413,-0.000426
-0.010195,-0.012668,-0.00018427
-0.010135,-0.011948,-0.00012084
-0.010761,-0.010692,3.7274E-05
-0.012086,-0.0089014,0.00037809
-0.010814,-0.010978,-0.00020083
-0.010332,-0.012415,-0.001778
-0.0106,-0.013261,-0.0053166
-0.01064,-0.014317,-0.010815
-0.0098888,-0.016052,-0.018226
-0.0082599,-0.018543,-0.027484
-0.0056486,-0.021881,-0.038537
-0.0019399,-0.026162,-0.051352
0.0029858,-0.031478,-0.065923
0.0092489,-0.037925,-0.082266
0.0088303,-0.037209,-0.064915
0.0084722,-0.036567,-0.04948
0.0081689,-0.035989,-0.036052
0.0079153,-0.035467,-0.024705
0.0077058,-0.034992,-0.01549
0.0075349,-0.034553,-0.0084427
0.0073963,-0.03414,-0.0035888
0.0072839,-0.033743,-0.00094446
0.0071913,-0.033354,-0.0003001
0.0071131,-0.032998,0.0015256
-0.0015709,-0.028427,0.0017903
-0.0085054,-0.02528,0.0020689
-0.013655,-0.023576,0.0023589
-0.016993,-0.023331,0.0026587
-0.018659,-0.024434,0.0029668
-0.021284,-0.024893,0.0033002
-0.025805,-0.024008,0.0036594
-0.032209,-0.021804,0.0040389
-0.040479,-0.018309,0.004433
-0.050593,-0.013549,0.0048381
-0.038754,-0.023565,0.003301
-0.03103,-0.030684,0.0020226
-0.027319,-0.034956,0.0010086
-0.027019,-0.036783,0.00026284
-0.024416,-0.040352,-0.00023105
-0.017887,-0.046772,-0.00046933
-0.0073351,-0.05603,-0.000587
0.0073493,-0.06814,-0.0009553
0.026273,-0.083136,-0.0015946
0.04954,-0.10106,-0.0025075
0.03638,-0.084906,-0.00049658
0.024964,-0.070511,0.00099882
0.015228,-0.057834,0.0052369
0.0071298,-0.046809,0.01183
0.00062792,-0.037372,0.020497
-0.0043131,-0.029465,0.031038
-0.0077231,-0.023033,0.043323
-0.0096229,-0.018032,0.057284
-0.010022,-0.014425,0.072896
-0.0090909,-0.012068,0.090171
-0.0086679,-0.011765,0.080383
-0.007904,-0.011662,0.071636
-0.006624,-0.011894,0.063749
-0.0048269,-0.012472,0.056597
-0.0025132,-0.013403,0.050072
0.00031447,-0.014696,0.044098
0.0036521,-0.016357,0.038611
0.0074944,-0.01839,0.033566
0.011835,-0.020796,0.02893
0.016668,-0.023576,0.024677
0.015892,-0.026652,0.033917
0.014895,-0.030112,0.04457
0.013671,-0.033967,0.056606
0.012215,-0.038231,0.069999
0.010523,-0.042912,0.084719
0.0085881,-0.048023,0.10074
0.0064072,-0.053573,0.11804
0.0039763,-0.059571,0.13659
0.0012912,-0.066025,0.15637
-0.001651,-0.072945,0.17737
-0.0058651,-0.059313,0.14178
-0.0091763,-0.047456,0.11229
-0.011497,-0.037341,0.08768
-0.012747,-0.028942,0.067148
-0.012856,-0.022228,0.050092
-0.011754,-0.017171,0.036065
-0.0097244,-0.013504,0.02471
-0.0092178,-0.0094859,0.015712
-0.010709,-0.0047295,0.0088357
-0.014173,0.00080939,0.0039146
-0.010611,0.0012298,0.011884
-0.0076588,0.0014457,0.023799
-0.0053411,0.001467,0.039665
-0.0036674,0.0012993,0.059585
-0.0026319,0.00094261,0.083693
-0.0021371,0.0005132,0.11207
-0.0017701,0.00059223,0.14473
-0.0014634,0.0012422,0.18159
-0.0011289,0.0023959,0.22252
-0.00040666,0.0038084,0.26734
0.0067275,0.0038802,0.21718
0.019552,0.0012065,0.17478
0.038052,-0.0041282,0.13836
0.06241,-0.012108,0.10692
0.092958,-0.022771,0.07991
0.13011,-0.036189,0.057107
0.17431,-0.052449,0.038458
0.22599,-0.071637,0.023965
0.28557,-0.093832,0.013635
0.35342,-0.11909,0.0074387
0.30235,-0.093764,0.011011
0.25586,-0.071046,0.015591
0.21381,-0.050863,0.020961
0.17608,-0.033141,0.027031
0.14255,-0.017813,0.033777
0.11313,-0.0048169,0.041185
0.087712,0.0059056,0.049264
0.066204,0.014409,0.058011
0.048522,0.020742,0.067432
0.034586,0.024949,0.077525
0.029866,0.019244,0.078007
0.025656,0.014138,0.079449
0.021934,0.0096269,0.081711
0.018684,0.0057098,0.084688
0.015887,0.0023857,0.088303
0.013528,-0.00034521,0.092493
0.011592,-0.0024818,0.097206
0.010068,-0.0040215,0.1024
0.0089437,-0.004961,0.10804
0.008211,-0.0052957,0.11411
0.010126,-0.006049,0.091899
0.012162,-0.0066446,0.071858
0.014302,-0.0070857,0.054118
0.016537,-0.0073768,0.038788
0.018866,-0.0075239,0.02595
0.021295,-0.0075334,0.015659
0.023841,-0.0074126,0.0079596
0.026528,-0.0071681,0.0028784
0.029388,-0.0068058,0.00043602
0.032458,-0.0063326,-0.00023479
0.041466,-0.009023,0.00033706
0.051957,-0.012183,0.0018612
0.064054,-0.015838,0.005236
0.077878,-0.020014,0.010464
0.093545,-0.024736,0.017532
0.11116,-0.030023,0.026407
0.13083,-0.035894,0.037046
0.15263,-0.042362,0.049391
0.17666,-0.049436,0.063384
0.20297,-0.057124,0.078965
0.19691,-0.064026,0.079462
0.19139,-0.070151,0.077622
0.18638,-0.075518,0.073973
0.18186,-0.080148,0.068981
0.17781,-0.084059,0.063038
0.17422,-0.08727,0.056476
0.17106,-0.089801,0.049571
0.16832,-0.091668,0.04256
0.16599,-0.092888,0.03564
0.16404,-0.093474,0.028982
0.13915,-0.079257,0.038199
0.11667,-0.066363,0.050456
0.096473,-0.054728,0.06593
0.078444,-0.044292,0.08476
0.062481,-0.035,0.10704
0.048497,-0.026801,0.13284
0.036424,-0.019655,0.16216
0.026204,-0.01354,0.195
0.017793,-0.0084655,0.23132
0.011182,-0.0044211,0.27108
0.011704,-0.005164,0.20023
0.012291,-0.0058773,0.14233
0.012949,-0.0065678,0.095767
0.013688,-0.0072404,0.05937
0.014514,-0.0078988,0.032227
0.015434,-0.0085454,0.01362
0.016451,-0.0091808,0.0029879
0.017567,-0.0098031,-0.00012418
0.018709,-0.010451,-0.0044979
0.019812,-0.011148,-0.016291
0.024127,-0.013714,-0.0083404
0.028767,-0.016739,-0.0031301
0.033773,-0.02024,-0.0005647
0.039196,-0.024227,3.667E-05
0.045121,-0.028697,0.0025863
0.051602,-0.033656,0.0077224
0.058681,-0.039114,0.015414
0.066393,-0.045079,0.025596
0.074772,-0.051557,0.03818
0.083845,-0.058552,0.053044
0.082864,-0.056064,0.04853
0.08182,-0.053711,0.044524
0.080717,-0.051489,0.040936
0.07956,-0.04939,0.037695
0.078351,-0.047411,0.034746
0.077095,-0.045546,0.032047
0.075794,-0.043791,0.029563
0.074452,-0.04214,0.027266
0.073071,-0.040591,0.025135
0.071655,-0.039139,0.02315
0.085178,-0.048809,0.010868
0.099665,-0.060035,0.0028146
0.1151,-0.072833,-0.0011605
0.13146,-0.087228,-0.002384
0.14862,-0.10327,-0.006692
0.16656,-0.12097,-0.014708
0.18527,-0.14035,-0.026257
0.20475,-0.16143,-0.041155
0.22498,-0.18424,-0.059215
0.24596,-0.20877,-0.080264
0.21327,-0.17668,-0.081089
0.18351,-0.14777,-0.083268
0.15649,-0.1219,-0.086312
0.13201,-0.098948,-0.089943
0.10992,-0.078806,-0.093968
0.090067,-0.061366,-0.098278
0.072301,-0.046531,-0.10278
0.056496,-0.034212,-0.10744
0.04253,-0.024322,-0.1122
0.030294,-0.016786,-0.11705
0.032996,-0.017564,-0.087344
0.035576,-0.018358,-0.062732
0.038167,-0.018928,-0.042693
0.040778,-0.019289,-0.026851
0.043419,-0.019455,-0.014927
0.046109,-0.019434,-0.0067198
0.048867,-0.01923,-0.0020866
0.051717,-0.018845,-0.00085428
0.054761,-0.018265,0.0012883
0.058064,-0.017478,0.0067906
0.05671,-0.014731,-0.00021397
0.055485,-0.011815,-0.0019321
0.054253,-0.0087703,-0.0088214
0.053039,-0.0056146,-0.022106
0.051883,-0.002356,-0.041592
0.050815,0.0010021,-0.06714
0.049854,0.0044607,-0.098625
0.04901,0.0080244,-0.13591
0.048289,0.0117,-0.17884
0.047692,0.015494,-0.22722
0.052565,0.0088881,-0.20569
0.057854,0.0023848,-0.18749
0.063561,-0.0040262,-0.1718
0.069693,-0.010354,-0.15812
0.076256,-0.016607,-0.14602
0.083257,-0.022793,-0.13523
0.090706,-0.028918,-0.1255
0.098612,-0.034989,-0.11667
0.10699,-0.041011,-0.10861
0.11584,-0.046987,-0.1012
0.14019,-0.057974,-0.067684
0.16676,-0.069979,-0.041542
0.1956,-0.083023,-0.022439
0.2268,-0.097121,-0.010129
0.26041,-0.11229,-0.0044242
0.29653,-0.12854,-0.0032979
0.33531,-0.14591,0.0027443
0.37681,-0.16439,0.014906
0.42104,-0.184,0.033067
0.468,-0.20474,0.057124
0.43736,-0.18765,0.054413
0.40874,-0.17104,0.05166
0.382,-0.15483,0.048823
0.35703,-0.13895,0.045902
0.33374,-0.12334,0.042898
0.31201,-0.10795,0.039836
0.29178,-0.092725,0.036734
0.27297,-0.077616,0.03362
0.2555,-0.062585,0.030518
0.23932,-0.047591,0.027457
0.23255,-0.049044,0.031069
0.22619,-0.050532,0.034963
0.2202,-0.052036,0.039114
0.21458,-0.053538,0.043507
0.20929,-0.055024,0.048124
0.20432,-0.056477,0.052956
0.19966,-0.057884,0.057987
0.19529,-0.059232,0.063211
0.1912,-0.06051,0.068614
0.18737,-0.061705,0.074195
0.16567,-0.054461,0.058809
0.14562,-0.047844,0.045863
0.12716,-0.041812,0.034956
0.11022,-0.036328,0.025817
0.094717,-0.031357,0.01825
0.080606,-0.026864,0.01211
0.067826,-0.02282,0.0072883
0.056325,-0.019194,0.0036991
0.046052,-0.015958,0.0012736
0.03696,-0.013084,-4.5096E-05
0.041841,-0.014111,0.0025861
0.046961,-0.015105,0.0078188
0.052291,-0.016072,0.015623
0.057808,-0.017016,0.025939
0.063494,-0.017944,0.038676
0.069331,-0.018862,0.053713
0.075307,-0.019774,0.070907
0.081413,-0.020685,0.090104
0.087642,-0.021599,0.11114
0.093988,-0.02252,0.13387
0.075756,-0.018149,0.14672
0.059545,-0.01435,0.16039
0.045348,-0.011116,0.17477
0.033158,-0.0084363,0.18983
0.022969,-0.0063046,0.20547
0.014777,-0.0047119,0.22167
0.0085778,-0.0036507,0.23835
0.0043697,-0.0031132,0.25549
0.0021526,-0.0030924,0.27302
0.0016188,-0.0034595,0.2909
0.0020884,-0.0035311,0.26778
0.0046959,-0.0045223,0.24783
0.0096875,-0.0066927,0.23018
0.017064,-0.010024,0.21424
0.026827,-0.014507,0.19956
0.038978,-0.020135,0.18587
0.053517,-0.02691,0.17294
0.070448,-0.03483,0.16064
0.089773,-0.0439,0.14888
0.11149,-0.054123,0.13759
0.10453,-0.052662,0.12057
0.097768,-0.0514,0.10755
0.091195,-0.050321,0.097509
0.084808,-0.049413,0.089704
0.078603,-0.048667,0.08364
0.072577,-0.048075,0.078948
0.066727,-0.047632,0.075369
0.061053,-0.047333,0.0727
0.055551,-0.047175,0.070798
0.050221,-0.047154,0.069546
0.051446,-0.046351,0.042605
0.052536,-0.045572,0.022257
0.053514,-0.044828,0.0083798
0.054408,-0.044126,0.00084317
0.055247,-0.043474,-0.00096981
0.056028,-0.042785,-0.0057672
0.056775,-0.042041,-0.01662
0.05752,-0.041257,-0.033482
0.058293,-0.040445,-0.056315
0.059118,-0.039617,-0.085104
0.052951,-0.030458,-0.080271
0.046935,-0.022862,-0.076221
0.04104,-0.016866,-0.07272
0.035239,-0.012507,-0.069632
0.029514,-0.0098007,-0.066834
0.024465,-0.0070051,-0.064244
0.0205,-0.0029049,-0.061785
0.017607,0.0025237,-0.059426
0.015773,0.0092923,-0.057131
0.014984,0.0174,-0.054887
0.013604,0.011898,-0.05051
0.012581,0.0072235,-0.046258
0.011908,0.0033659,-0.04213
0.01158,0.00031632,-0.038141
0.01159,-0.0019334,-0.034295
0.01193,-0.0033893,-0.030606
0.012591,-0.0040559,-0.027085
0.013278,-0.0047731,-0.02375
0.013727,-0.0062946,-0.020619
0.013932,-0.0086195,-0.017699
0.012265,-0.0095698,-0.018858
0.010571,-0.010755,-0.020033
0.0088483,-0.012172,-0.021222
0.0070951,-0.013814,-0.022425
0.0053124,-0.015677,-0.023639
0.0035026,-0.017757,-0.024862
0.0016696,-0.02005,-0.026093
-0.00018185,-0.022551,-0.027328
-0.002046,-0.025256,-0.028566
-0.0039163,-0.028162,-0.029804
-0.0035775,-0.028489,-0.045714
-0.0032793,-0.028874,-0.064975
-0.0030272,-0.029324,-0.087564
-0.0028239,-0.029843,-0.11347
-0.0026708,-0.030435,-0.14271
-0.0025679,-0.031105,-0.17531
-0.0025143,-0.031854,-0.21128
-0.0025078,-0.032687,-0.2507
-0.0025462,-0.033606,-0.29359
-0.0026264,-0.034614,-0.34004
-0.0012959,-0.031485,-0.31076
-0.00020494,-0.02852,-0.28291
0.00065349,-0.02571,-0.25643
0.0012898,-0.023051,-0.23133
0.0017172,-0.020539,-0.20757
0.0019522,-0.018172,-0.18518
0.0020137,-0.015947,-0.16412
0.0019237,-0.013863,-0.14439
0.0017068,-0.011922,-0.12597
0.0013907,-0.010125,-0.10886
0.005936,-0.0099888,-0.098975
0.011842,-0.010399,-0.090159
0.019118,-0.011333,-0.082173
0.027775,-0.012775,-0.074835
0.037824,-0.014719,-0.068031
0.049274,-0.017163,-0.061673
0.062133,-0.020115,-0.055718
0.076412,-0.023584,-0.050128
0.092116,-0.027584,-0.04489
0.10925,-0.032131,-0.039985
0.12726,-0.037847,-0.040197
0.14678,-0.044348,-0.040083
0.16787,-0.051654,-0.03963
0.19054,-0.059782,-0.038827
0.21482,-0.068748,-0.03769
0.24073,-0.078567,-0.036232
0.26829,-0.089251,-0.034491
0.29751,-0.10081,-0.032498
0.3284,-0.11326,-0.030298
0.36098,-0.12659,-0.027931
0.3239,-0.11035,-0.015544
0.2887,-0.095457,-0.0074495
0.25538,-0.081868,-0.0024377
0.22397,-0.069558,0.00024111
0.19448,-0.058498,0.0010764
0.16694,-0.048656,0.0014992
0.14136,-0.04,0.0031698
0.11775,-0.032502,0.0059281
0.096146,-0.026137,0.0096344
0.076654,-0.020551,0.014178
0.09314,-0.02494,0.015685
0.11171,-0.029862,0.017284
0.13246,-0.035329,0.018972
0.15547,-0.041349,0.02075
0.18083,-0.047931,0.022615
0.2086,-0.055077,0.024567
0.23883,-0.062831,0.026605
0.27157,-0.071216,0.028726
0.30685,-0.080245,0.030927
0.34471,-0.089926,0.033203
0.33269,-0.086151,0.040356
0.32089,-0.082587,0.048228
0.30931,-0.079186,0.056791
0.29799,-0.075777,0.06602
0.28693,-0.072346,0.075884
0.27612,-0.068899,0.086366
0.26557,-0.06544,0.097437
0.25525,-0.061973,0.10908
0.24517,-0.058504,0.12128
0.23533,-0.055035,0.13401
0.21992,-0.048931,0.10228
0.20545,-0.042519,0.077391
0.19184,-0.03583,0.057607
0.17903,-0.028891,0.041819
0.16697,-0.021721,0.029264
0.15563,-0.014336,0.019411
0.14497,-0.0067481,0.011875
0.13495,0.0010348,0.0063719
0.12555,0.0090083,0.0026843
0.11674,0.017172,0.00064397
0.12987,0.011006,7.0941E-05
0.1438,0.0048007,-0.0018855
0.15849,-0.0014405,-0.005895
0.1739,-0.0077077,-0.011754
0.19003,-0.013994,-0.019282
0.20685,-0.020293,-0.028325
0.22434,-0.026603,-0.038741
0.24249,-0.03292,-0.05041
0.26131,-0.039242,-0.063218
0.28078,-0.04557,-0.077069
0.27401,-0.040906,-0.049332
0.26736,-0.036182,-0.030125
0.26082,-0.031381,-0.016941
0.25438,-0.026492,-0.0082188
0.24805,-0.021508,-0.0029391
0.24182,-0.016424,-0.00041903
0.23571,-0.011235,6.1573E-05
0.2297,-0.0059199,0.0015961
0.2238,-0.00047599,0.0048361
0.21801,0.0050959,0.0095988
0.21398,0.0042522,0.0024357
0.20986,0.0035168,-0.00030047
0.20565,0.0028615,-0.0012413
0.20136,0.0022519,-0.0045822
0.197,0.0016828,-0.01006
0.19259,0.0011515,-0.017327
0.18813,0.00065466,-0.02613
0.18363,0.00018978,-0.036284
0.17911,-0.00024609,-0.047646
0.17455,-0.00065501,-0.060109
0.18412,-0.0042391,-0.058902
0.19396,-0.0078347,-0.059176
0.20409,-0.011441,-0.06069
0.2145,-0.015057,-0.06329
0.22519,-0.018681,-0.066865
0.23616,-0.022309,-0.071344
0.24741,-0.025941,-0.076672
0.25893,-0.029573,-0.082819
0.27072,-0.033202,-0.089756
0.28278,-0.036826,-0.097472
0.26495,-0.034427,-0.092573
0.24813,-0.032128,-0.086253
0.23228,-0.029928,-0.079064
0.21733,-0.027823,-0.071421
0.20324,-0.025812,-0.06362
0.18994,-0.02389,-0.055884
0.17739,-0.022056,-0.048372
0.16556,-0.020306,-0.041208
0.15439,-0.018637,-0.03448
0.14384,-0.017046,-0.028259
0.13339,-0.014557,-0.038348
0.12329,-0.012176,-0.050163
0.11356,-0.0099007,-0.06372
0.10417,-0.0077278,-0.079026
0.095139,-0.0056536,-0.096088
0.086453,-0.0036741,-0.11491
0.078112,-0.0017856,-0.13548
0.070113,1.6144E-05,-0.1578
0.062455,0.001735,-0.18187
0.055136,0.0033748,-0.20768
0.046541,0.0048799,-0.16905
0.038809,0.0061966,-0.1345
0.031906,0.0073333,-0.10397
0.025799,0.0082977,-0.077421
0.020454,0.0090971,-0.054824
0.015841,0.0097388,-0.03615
0.011926,0.01023,-0.021377
0.0086795,0.010576,-0.010485
0.0060688,0.010785,-0.0034631
0.0040633,0.010864,-0.00030261
0.0073635,0.01518,-0.0048053
0.011488,0.0203,-0.015187
0.016291,0.026296,-0.031387
0.021657,0.033223,-0.053312
0.027492,0.041127,-0.080874
0.03372,0.050045,-0.11397
0.040283,0.06001,-0.15252
0.047134,0.071048,-0.19644
0.054236,0.083181,-0.24566
0.061561,0.096427,-0.30015
0.053559,0.080614,-0.23886
0.046297,0.066489,-0.18872
0.039751,0.053955,-0.1472
0.033885,0.042927,-0.11273
0.02866,0.033326,-0.084159
0.024037,0.025076,-0.060706
0.019973,0.018106,-0.04176
0.016431,0.012347,-0.026838
0.013371,0.0077322,-0.015554
0.010754,0.0041941,-0.0075697
0.0097769,0.0023904,-0.011238
0.0088688,0.00097594,-0.01538
0.0080263,-5.8493E-05,-0.019964
0.0072467,-0.00071682,-0.024986
0.0065271,-0.00099772,-0.03047
0.0058495,-0.0010152,-0.03644
0.0051309,-0.0013533,-0.042926
0.0043603,-0.0021028,-0.049946
0.0035367,-0.00328,-0.05751
0.0026605,-0.0049033,-0.065608
0.0026967,-0.0038445,-0.067271
0.0027087,-0.0029278,-0.069024
0.0026976,-0.0021545,-0.070861
0.0026647,-0.0015257,-0.072773
0.0026111,-0.001042,-0.074756
0.0025382,-0.00070404,-0.076803
0.0024469,-0.00051208,-0.07891
0.0023408,-0.00044817,-0.081071
0.0022475,-0.00030001,-0.083284
0.0021753,-6.5587E-06,-0.085544
0.0014889,-0.00017176,-0.062426
0.00091474,-0.00017272,-0.043654
0.0004476,-0.00021754,-0.028728
7.3926E-05,-0.00056684,-0.017249
-0.00019612,-0.0012718,-0.0088936
-0.00035368,-0.00238,-0.003384
-0.00055359,-0.0038906,-0.00050626
-0.0010604,-0.0057288,0.0001814
-0.0017882,-0.0078243,0.0024436
-0.0027035,-0.010113,0.0074409
-0.0018514,-0.0079372,0.0022928
-0.0011398,-0.0060309,0.00010934
-0.00062654,-0.0043852,-0.00071873
-0.00040419,-0.0029838,-0.0040028
-0.00027173,-0.0018429,-0.0099245
5.553E-06,-0.00098458,-0.018567
0.00040946,-0.00040667,-0.030036
0.00092058,-0.00010869,-0.044402
0.0015262,-6.11E-05,-0.06169
0.0022575,0.00014045,-0.081886
0.0023677,0.00033723,-0.084915
0.0024827,0.00058447,-0.088103
0.0026021,0.00088081,-0.091446
0.0027258,0.0012249,-0.094947
0.0028537,0.0016153,-0.0986
0.0029858,0.0020505,-0.10241
0.0031222,0.0025293,-0.10637
0.0032629,0.0030501,-0.11049
0.0034081,0.0036116,-0.11477
0.0035584,0.0042125,-0.1192
0.0038187,0.0037453,-0.11801
0.004074,0.0033043,-0.11627
0.0043194,0.0028898,-0.11403
0.0045505,0.0025022,-0.11135
0.0047629,0.0021417,-0.10828
0.0049531,0.0018085,-0.10488
0.0051175,0.0015027,-0.10118
0.0052533,0.0012244,-0.097248
0.0053579,0.00097365,-0.093115
0.0054294,0.00075041,-0.088825
0.011737,0.00033639,-0.088343
0.020504,-0.00026256,-0.08792
0.031882,-0.001052,-0.087433
0.046042,-0.002038,-0.086842
0.063166,-0.0032269,-0.086161
0.083439,-0.004624,-0.085439
0.10704,-0.0062339,-0.084738
0.13416,-0.0080597,-0.084124
0.16494,-0.010103,-0.083661
0.19955,-0.012364,-0.083395
0.18212,-0.011442,-0.087384
0.16579,-0.010547,-0.088698
0.15052,-0.0096709,-0.087872
0.13625,-0.0088074,-0.085376
0.12295,-0.0079502,-0.08161
0.11057,-0.0070931,-0.076906
0.099059,-0.0062537,-0.071534
0.088376,-0.0055653,-0.065716
0.078477,-0.0050442,-0.059633
0.069327,-0.0046829,-0.053433
0.072493,-0.0057524,-0.049324
0.075712,-0.0072522,-0.045729
0.078987,-0.0091869,-0.042563
0.082324,-0.011563,-0.039754
0.085726,-0.014387,-0.03725
0.089196,-0.017667,-0.035003
0.092737,-0.021412,-0.032979
0.096351,-0.025631,-0.031147
0.10004,-0.030334,-0.029484
0.10381,-0.035531,-0.027966
0.094487,-0.031606,-0.026719
0.085627,-0.027904,-0.025908
0.077226,-0.024426,-0.025454
0.069278,-0.021172,-0.025297
0.061781,-0.018146,-0.025395
0.054729,-0.015347,-0.025718
0.04812,-0.012777,-0.026243
0.041951,-0.010437,-0.026951
0.03622,-0.008328,-0.02783
0.030924,-0.0064522,-0.028869
0.032378,-0.0064173,-0.023361
0.033896,-0.0063878,-0.018629
0.035474,-0.0063611,-0.014577
0.037108,-0.0063349,-0.011125
0.038797,-0.0063073,-0.0082094
0.040537,-0.0062764,-0.0057767
0.042326,-0.0062408,-0.0037831
0.044162,-0.0061993,-0.0021904
0.046043,-0.006151,-0.0009669
0.047966,-0.0060948,-8.4542E-05
0.051534,-0.0066393,-0.00010785
0.055197,-0.0071799,-0.00013389
0.058955,-0.0077145,-0.00016306
0.062807,-0.0082412,-0.00019564
0.066753,-0.0087585,-0.00023206
0.070792,-0.0092649,-0.0002727
0.074924,-0.0097597,-0.00031803
0.079149,-0.010241,-0.00036859
0.083467,-0.01071,-0.00042491
0.087878,-0.011164,-0.00048772
0.081253,-0.009011,-0.00968
0.074956,-0.0070527,-0.025588
0.068982,-0.0052939,-0.047266
0.063323,-0.0037376,-0.07411
0.057975,-0.0023861,-0.10571
0.052934,-0.0012413,-0.14176
0.048193,-0.00030509,-0.18198
0.043745,0.00042067,-0.22612
0.039584,0.00093392,-0.27389
0.035702,0.0013675,-0.32505
0.036418,0.0010197,-0.27425
0.037375,0.00074166,-0.23137
0.038544,0.00040434,-0.19458
0.039903,1.2599E-05,-0.1627
0.041437,-0.0004286,-0.13488
0.043136,-0.00091436,-0.11055
0.044988,-0.0014407,-0.089251
0.046985,-0.0020045,-0.070683
0.049117,-0.0026034,-0.054595
0.051377,-0.0032363,-0.040803
0.060712,-0.0018404,-0.033527
0.070845,-0.00083807,-0.026922
0.081778,-0.00022313,-0.021002
0.093514,1.2907E-05,-0.015774
0.10605,0.00030136,-0.011249
0.1194,0.0010098,-0.0074367
0.13354,0.002132,-0.0043514
0.14849,0.003662,-0.0020057
0.16425,0.0055934,-0.00041514
0.1808,0.0079207,0.00040628
0.16624,0.0073851,-0.0031669
0.15237,0.0068752,-0.01098
0.13918,0.0063888,-0.022587
0.12663,0.0059244,-0.037666
0.1147,0.0054808,-0.055989
0.10338,0.0050573,-0.077377
0.092641,0.0046533,-0.1017
0.082479,0.0042684,-0.12884
0.072878,0.0039023,-0.15872
0.06383,0.0035549,-0.19125
0.073862,0.00349,-0.12868
0.084249,0.003486,-0.081138
0.095027,0.0035415,-0.045969
0.10626,0.0036584,-0.021494
0.11802,0.0038397,-0.0066298
0.1304,0.0040891,-0.00068047
0.14352,0.0043991,0.0019915
0.1575,0.0047549,0.012435
0.17245,0.0051647,0.030787
0.18844,0.0056371,0.056867
0.19345,0.005861,0.038984
0.19865,0.0061032,0.02464
0.20403,0.0063637,0.013571
0.20957,0.0066436,0.0055987
0.21527,0.0069432,0.00059227
0.22111,0.0072639,-0.001541
0.22706,0.0076071,-0.002571
0.23311,0.0079745,-0.0062312
0.23923,0.0083643,-0.012621
0.24541,0.0087756,-0.021718
0.22053,0.0090142,-0.0098156
0.19736,0.010208,-0.0031665
0.17575,0.012333,-0.0014262
0.15567,0.015377,0.0029048
0.13704,0.019335,0.01261
0.11975,0.024201,0.027696
0.10373,0.02998,0.048165
0.088916,0.036677,0.07402
0.075246,0.044306,0.10526
0.062691,0.052886,0.14191
0.05282,0.055167,0.086269
0.04402,0.057396,0.046169
0.036192,0.059588,0.019288
0.029251,0.061762,0.004092
0.023125,0.063946,-0.00048661
0.017623,0.066141,-0.0057893
0.012593,0.068353,-0.020599
0.0080055,0.070614,-0.044644
0.0038466,0.072954,-0.077749
0.0001185,0.075398,-0.11978
0.0058033,0.061073,-0.1243
0.012902,0.048402,-0.12842
0.021387,0.037386,-0.13218
0.03125,0.028028,-0.13562
0.042492,0.020331,-0.13876
0.055131,0.014303,-0.14165
0.069192,0.0099497,-0.14427
0.084711,0.0072822,-0.14666
0.10173,0.006311,-0.14878
0.12029,0.0070081,-0.15064
0.10386,0.0064273,-0.14873
0.088387,0.0070098,-0.14639
0.073922,0.0087859,-0.14364
0.060505,0.011748,-0.14056
0.048178,0.015892,-0.13715
0.036975,0.021213,-0.13348
0.026928,0.027712,-0.12955
0.018065,0.035392,-0.12542
0.010404,0.044259,-0.1211
0.0039586,0.054321,-0.11661
0.0079917,0.041492,-0.10867
0.012183,0.030471,-0.10256
0.016512,0.021266,-0.09777
0.020967,0.013882,-0.093967
0.025546,0.0083245,-0.090885
0.030254,0.0045991,-0.088327
0.035105,0.0027107,-0.086136
0.040127,0.0025757,-0.08419
0.04555,0.001767,-0.082373
0.051503,-0.00080639,-0.080602
0.059692,0.0034443,-0.094422
0.06863,0.0050726,-0.10928
0.077938,0.0077509,-0.12512
0.087412,0.013126,-0.1419
0.097009,0.021113,-0.15957
0.10669,0.031626,-0.1781
0.11645,0.044585,-0.19748
0.12625,0.059916,-0.2177
0.13608,0.077552,-0.23874
0.14595,0.097432,-0.26061
0.14535,0.085563,-0.21041
0.14416,0.074414,-0.16816
0.14244,0.064039,-0.13242
0.14024,0.054486,-0.10222
0.1376,0.045795,-0.076846
0.13456,0.038007,-0.055755
0.13114,0.031154,-0.038538
0.12739,0.025273,-0.024861
0.12333,0.020394,-0.01446
0.119,0.016547,-0.007114
0.12948,0.019934,-0.0085008
0.14063,0.023913,-0.010095
0.15247,0.028504,-0.011921
0.16502,0.033729,-0.013992
0.17829,0.039609,-0.016333
0.19231,0.046163,-0.018956
0.20706,0.05341,-0.021884
0.22257,0.061366,-0.025129
0.23883,0.070047,-0.028714
0.25584,0.079468,-0.032652
0.27083,0.087845,-0.029929
0.28625,0.096689,-0.027441
0.30209,0.106,-0.02518
0.31834,0.11578,-0.023133
0.335,0.12603,-0.021291
0.35206,0.13676,-0.019644
0.36951,0.14795,-0.018182
0.38736,0.15961,-0.016895
0.4056,0.17174,-0.015776
0.4242,0.18434,-0.014821
0.40402,0.16991,-0.016983
0.38485,0.15629,-0.017263
0.36662,0.14346,-0.016138
0.34926,0.13139,-0.014112
0.33271,0.12004,-0.01162
0.31692,0.1094,-0.0090083
0.30182,0.099431,-0.0065537
0.28738,0.090121,-0.0044757
0.27355,0.081445,-0.0029535
0.26028,0.073385,-0.0021358
0.23796,0.067914,-0.0027715
0.21735,0.062944,-0.0047139
0.1983,0.058415,-0.0082994
0.18067,0.054277,-0.013778
0.16432,0.050483,-0.021336
0.14914,0.046991,-0.031108
0.13502,0.043761,-0.043199
0.12185,0.040758,-0.057685
0.10957,0.03795,-0.074622
0.098081,0.035308,-0.094059
0.098013,0.028768,-0.10705
0.097789,0.023382,-0.12015
0.097405,0.01914,-0.13334
0.09686,0.016038,-0.14665
0.096148,0.01407,-0.16007
0.095266,0.013236,-0.17363
0.094347,0.012639,-0.1873
0.093601,0.01092,-0.2011
0.093032,0.0080612,-0.21502
0.092645,0.0040586,-0.22908
0.092204,0.0059323,-0.19666
0.09175,0.007617,-0.16716
0.091286,0.0091153,-0.14034
0.090812,0.010429,-0.11608
0.090332,0.011561,-0.094269
0.089847,0.012511,-0.074832
0.089358,0.013281,-0.057718
0.088867,0.013873,-0.042889
0.088375,0.014286,-0.030318
0.087884,0.014523,-0.019983
0.079397,0.01342,-0.004861
0.071472,0.01276,-0.00060483
0.064061,0.012661,0.0044013
0.057109,0.013164,0.017441
0.050527,0.014246,0.037939
0.044251,0.015886,0.065632
0.038248,0.018064,0.10039
0.03251,0.020765,0.14214
0.027046,0.023971,0.19076
0.02188,0.027671,0.24608
0.025242,0.028536,0.1763
0.028972,0.029692,0.12482
0.033033,0.031082,0.08614
0.037408,0.032667,0.056939
0.042091,0.034417,0.035087
0.047079,0.036309,0.019197
0.052377,0.038325,0.0083312
0.05799,0.040449,0.0018481
0.063924,0.042668,-0.0007116
0.070168,0.044959,-0.0019771
0.071134,0.036327,-0.0033984
0.071769,0.029097,-0.0058462
0.072082,0.023259,-0.0095719
0.07208,0.018802,-0.014786
0.071776,0.015718,-0.021652
0.071178,0.014005,-0.030296
0.070328,0.013498,-0.040807
0.069629,0.012195,-0.05325
0.069209,0.0095074,-0.067671
0.069082,0.0054311,-0.084123
0.076236,0.0052856,-0.069151
0.083743,0.0050557,-0.055673
0.091593,0.0047444,-0.043682
0.099774,0.0043556,-0.033184
0.10827,0.0038932,-0.024178
0.11708,0.0033621,-0.016667
0.12619,0.002767,-0.010652
0.13558,0.0021129,-0.006137
0.14524,0.0014048,-0.0031225
0.15518,0.0006481,-0.0016104
0.14545,-0.0024864,-0.001398
0.13604,-0.0055036,-0.0012215
0.12696,-0.0083993,-0.0011065
0.11821,-0.011169,-0.00097755
0.10978,-0.013809,-0.00075427
0.10169,-0.016315,-0.00042056
0.093922,-0.018687,3.6154E-05
0.086492,-0.020921,0.00062743
0.079395,-0.023015,0.0013625
0.072635,-0.024969,0.0022497
0.081296,-0.018998,0.0027395
0.090675,-0.013022,0.0032594
0.10078,-0.0070372,0.0038073
0.11164,-0.0010431,0.0043821
0.12325,0.0049611,0.0049823
0.13564,0.010975,0.0056075
0.14882,0.016996,0.0062569
0.16279,0.023024,0.0069304
0.17758,0.029053,0.0076277
0.19318,0.035081,0.008349
0.1808,0.031198,0.01424
0.16892,0.027321,0.021011
0.15754,0.023447,0.028546
0.14665,0.019579,0.036764
0.13624,0.015713,0.045605
0.1263,0.011851,0.05503
0.11684,0.0079915,0.065003
0.10784,0.0041357,0.075505
0.099303,0.00028319,0.086513
0.091226,-0.0035654,0.098017
0.086667,0.0051139,0.091411
0.082774,0.011519,0.085845
0.079521,0.015716,0.08105
0.076882,0.017759,0.076846
0.074775,0.017946,0.073095
0.072435,0.019343,0.069723
0.069628,0.022823,0.06666
0.066335,0.028378,0.063855
0.062535,0.036014,0.061266
0.058209,0.045747,0.058865
0.067245,0.037023,0.060574
0.076054,0.030629,0.061753
0.08463,0.026554,0.062498
0.092961,0.024792,0.062887
0.10104,0.025339,0.062983
0.10923,0.026714,0.062823
0.11827,0.026035,0.062417
0.12818,0.02322,0.061793
0.13896,0.018257,0.060968
0.15064,0.011133,0.059958
0.13771,0.016448,0.034812
0.12617,0.020544,0.017129
0.11589,0.023405,0.0058469
0.10674,0.025015,0.00025743
0.098621,0.02536,-0.00097017
0.091361,0.024476,-0.0053634
0.084571,0.023418,-0.014429
0.077716,0.02382,-0.028005
0.070712,0.02568,-0.045995
0.063495,0.028985,-0.068345
0.059586,0.026173,-0.05891
0.055668,0.023494,-0.050102
0.051757,0.020954,-0.041935
0.047865,0.01856,-0.034436
0.044007,0.016318,-0.027621
0.040196,0.014235,-0.021514
0.036447,0.012317,-0.016132
0.032773,0.010571,-0.011494
0.02919,0.0090041,-0.0076193
0.02571,0.0076239,-0.0045251
0.0317,0.0093702,-0.011164
0.038312,0.011326,-0.020917
0.04555,0.013498,-0.033846
0.053415,0.015893,-0.049966
0.061911,0.018521,-0.069248
0.07104,0.021389,-0.091633
0.080805,0.024506,-0.11703
0.091215,0.02786,-0.14534
0.10229,0.031415,-0.17645
0.11402,0.035165,-0.21026
0.10388,0.032169,-0.19024
0.094241,0.029287,-0.17041
0.08511,0.026526,-0.15096
0.076478,0.02389,-0.13213
0.068338,0.021383,-0.11406
0.060686,0.019011,-0.096916
0.053514,0.016781,-0.08082
0.046819,0.014693,-0.065896
0.040596,0.012746,-0.052251
0.034841,0.010939,-0.039983
0.035916,0.011535,-0.040022
0.036936,0.012386,-0.040014
0.037902,0.01349,-0.039962
0.038818,0.014842,-0.039862
0.039685,0.016438,-0.039717
0.040506,0.018272,-0.039523
0.041283,0.020338,-0.039283
0.042019,0.022631,-0.038993
0.042716,0.025144,-0.038655
0.043376,0.027871,-0.038268
0.05475,0.022977,-0.046719
0.065739,0.022041,-0.05672
0.076505,0.024534,-0.068101
0.088797,0.024974,-0.080789
0.1031,0.02189,-0.094771
0.11946,0.015219,-0.11011
0.1379,0.0048941,-0.12691
0.15848,-0.0091531,-0.14536
0.18122,-0.026988,-0.16562
0.20618,-0.048672,-0.18788
0.22302,-0.035992,-0.17167
0.24063,-0.023253,-0.15248
0.25896,-0.01046,-0.13174
0.27799,0.0023879,-0.11062
0.29768,0.015289,-0.090021
0.31802,0.028245,-0.070631
0.33902,0.041258,-0.052981
0.36066,0.054332,-0.037475
0.38295,0.06747,-0.024424
0.40589,0.080675,-0.014068
0.40625,0.076926,-0.02291
0.40664,0.073,-0.033553
0.40706,0.068894,-0.045861
0.4075,0.064608,-0.059729
0.40797,0.060137,-0.075083
0.40847,0.055482,-0.091855
0.40901,0.05064,-0.10999
0.40958,0.045608,-0.12944
0.41019,0.040384,-0.15016
0.41083,0.034966,-0.1721
0.39606,0.028023,-0.18903
0.38184,0.021293,-0.20535
0.36816,0.014765,-0.2212
0.35497,0.0084334,-0.23671
0.34227,0.0022903,-0.25194
0.33002,-0.0036707,-0.26696
0.3182,-0.009457,-0.28179
0.3068,-0.015074,-0.29646
0.2958,-0.020529,-0.31096
0.28518,-0.025826,-0.32534
0.25523,-0.027172,-0.37695
0.22732,-0.02818,-0.4275
0.20136,-0.028884,-0.47731
0.17724,-0.029314,-0.5267
0.15489,-0.029497,-0.5758
0.13423,-0.029459,-0.62481
0.11521,-0.02922,-0.67371
0.097754,-0.028799,-0.72262
0.081827,-0.028212,-0.77144
0.06738,-0.027472,-0.82026
0.067909,-0.021186,-0.69201
0.068537,-0.015278,-0.58751
0.06928,-0.0097246,-0.49951
0.070147,-0.0045101,-0.42393
0.071142,0.00037885,-0.35814
0.072268,0.0049528,-0.30043
0.073524,0.0092204,-0.24964
0.074911,0.013189,-0.20489
0.07643,0.016866,-0.16559
0.078078,0.020257,-0.1312
0.087628,0.023486,-0.13104
0.097717,0.026903,-0.13103
0.10834,0.030507,-0.1312
0.11951,0.034298,-0.13149
0.1312,0.038275,-0.13191
0.14344,0.04244,-0.13243
0.1562,0.046791,-0.13306
0.1695,0.05133,-0.13376
0.18333,0.056059,-0.13455
0.19769,0.060978,-0.1354
0.16539,0.040253,-0.13308
0.13718,0.019505,-0.1314
0.11304,-0.0012264,-0.13029
0.092966,-0.021909,-0.12962
0.076952,-0.042523,-0.12934
0.064996,-0.063056,-0.12933
0.057102,-0.083506,-0.12951
0.053277,-0.10388,-0.12979
0.053536,-0.1242,-0.1301
0.057896,-0.14448,-0.13036
0.058188,-0.14151,-0.1009
0.059038,-0.13848,-0.076821
0.060436,-0.13539,-0.057125
0.062372,-0.1322,-0.041083
0.064839,-0.1289,-0.028179
0.067829,-0.12547,-0.01801
0.071338,-0.12188,-0.010284
0.075358,-0.11814,-0.0047631
0.079886,-0.11422,-0.0012711
0.084919,-0.11011,0.00033883
0.08959,-0.12383,0.00063244
0.094609,-0.13832,0.0011977
0.099988,-0.15359,0.0024241
0.10574,-0.16966,0.0043455
0.11187,-0.18653,0.0069884
0.11839,-0.20422,0.010376
0.12531,-0.22272,0.014522
0.13264,-0.24205,0.019437
0.1404,-0.26222,0.025123
0.14858,-0.28322,0.031582
0.13643,-0.25542,0.0065956
0.12511,-0.22911,0.00083334
0.11442,-0.20442,-0.009591
0.10427,-0.18135,-0.032248
0.094636,-0.15981,-0.065357
0.085502,-0.13975,-0.10775
0.076854,-0.1211,-0.15862
0.068681,-0.10382,-0.21738
0.060976,-0.087905,-0.28357
0.053737,-0.073317,-0.35682
0.046378,-0.078055,-0.33429
0.041122,-0.082196,-0.31696
0.037906,-0.085705,-0.30321
0.036679,-0.088551,-0.29206
0.037231,-0.09078,-0.28276
0.036883,-0.093548,-0.27484
0.034719,-0.097237,-0.26788
0.030741,-0.10182,-0.26167
0.024947,-0.10728,-0.25598
0.017333,-0.11359,-0.25071
0.024109,-0.10195,-0.18794
0.028752,-0.091767,-0.13877
0.0314,-0.082942,-0.09993
0.032166,-0.075394,-0.069303
0.03114,-0.069055,-0.04544
0.029532,-0.063345,-0.027318
0.029657,-0.05717,-0.014218
0.031537,-0.050482,-0.0055919
0.035147,-0.043262,-0.0010666
0.04048,-0.035479,-6.7239E-05
0.040598,-0.031985,1.4296E-05
0.040784,-0.028556,0.00016269
0.041039,-0.025193,0.00039645
0.041364,-0.021898,0.00073616
0.041758,-0.018672,0.0011998
0.042225,-0.015515,0.0018069
0.042764,-0.012428,0.002573
0.043378,-0.0094137,0.0035154
0.044067,-0.0064713,0.0046468
0.044833,-0.0036016,0.0059825
0.039511,-0.011889,0.0036549
0.035387,-0.02023,0.0019231
0.032442,-0.028627,0.00071614
0.030667,-0.037084,-1.5895E-05
0.030052,-0.045598,-0.00031196
0.030592,-0.054166,-0.00048803
0.032283,-0.062782,-0.0010683
0.035129,-0.071438,-0.002041
0.039091,-0.080148,-0.0033839
0.042932,-0.089512,-0.0050617
0.040148,-0.082923,-0.003648
0.037438,-0.076684,-0.0027499
0.034798,-0.070782,-0.0021863
0.032225,-0.065208,-0.0018423
0.029722,-0.059948,-0.0016479
0.027379,-0.054948,-0.0015629
0.025223,-0.050184,-0.001567
0.023249,-0.045647,-0.0016526
0.021456,-0.041327,-0.0018217
0.019841,-0.037216,-0.002082
0.016814,-0.032128,-0.0028617
0.014141,-0.027493,-0.0038675
0.011814,-0.023276,-0.0051234
0.0098219,-0.019443,-0.0066511
0.0080129,-0.016033,-0.0084694
0.0062603,-0.013075,-0.010594
0.0045488,-0.010542,-0.013036
0.0028655,-0.0084109,-0.015802
0.0012006,-0.0066623,-0.018892
-0.00045177,-0.0052807,-0.022304
0.0036621,-0.0077055,-0.034904
0.0069757,-0.012034,-0.05097
0.013833,-0.016086,-0.071142
0.024797,-0.019626,-0.095816
0.040184,-0.022542,-0.12511
0.060297,-0.024731,-0.15888
0.085419,-0.026093,-0.19675
0.1158,-0.026544,-0.2382
0.15167,-0.02601,-0.28261
0.19321,-0.024427,-0.32945
0.17317,-0.023602,-0.25936
0.15446,-0.022545,-0.2043
0.13705,-0.021328,-0.15989
0.12088,-0.02,-0.12355
0.10592,-0.018596,-0.093616
0.092115,-0.017142,-0.069006
0.079425,-0.015662,-0.04895
0.067813,-0.014171,-0.032887
0.057241,-0.012686,-0.020396
0.047673,-0.011219,-0.01114
0.041236,-0.01092,-0.0046124
0.035383,-0.010495,-0.0010809
0.030076,-0.0099646,-0.0002055
0.025309,-0.0094028,0.0022983
0.021053,-0.0088426,0.0077303
0.017274,-0.0082953,0.016073
0.013941,-0.0077703,0.027311
0.011031,-0.0072729,0.041446
0.0085311,-0.0068048,0.058472
0.0064367,-0.0063638,0.078407
0.0051206,-0.0055877,0.048431
0.0040908,-0.0050249,0.027071
0.0033197,-0.0046327,0.012701
0.0027834,-0.0043761,0.0040926
0.0024575,-0.0042202,0.00027631
0.0023039,-0.0041009,-0.00071459
0.0021604,-0.0039295,-0.004851
0.0018538,-0.0037246,-0.013048
0.0013668,-0.0034621,-0.025747
0.00069569,-0.0031386,-0.043393
0.001248,-0.0034391,-0.0346
0.0017327,-0.0037368,-0.027067
0.0021422,-0.0040359,-0.020656
0.0024693,-0.0043414,-0.015258
0.0027075,-0.0046586,-0.010785
0.0029167,-0.0049566,-0.0071621
0.0031994,-0.0051812,-0.0043292
0.0035634,-0.0053347,-0.0022399
0.0040142,-0.0054226,-0.00086148
0.0045557,-0.0054532,-0.00017376
0.006474,-0.0043534,-0.0011252
0.0094158,-0.0026294,-0.0032578
0.013463,-0.00022546,-0.0067817
0.018708,0.0029184,-0.011911
0.025243,0.0068625,-0.018823
0.033161,0.011665,-0.027633
0.042552,0.017383,-0.038386
0.053499,0.024068,-0.051057
0.066083,0.031769,-0.065557
0.080374,0.040532,-0.081756
0.077369,0.036248,-0.10454
0.074721,0.031735,-0.13067
0.07245,0.026982,-0.16019
0.070572,0.021977,-0.19318
0.069103,0.016701,-0.22966
0.068057,0.011136,-0.2697
0.067445,0.0052625,-0.3133
0.067278,-0.00094158,-0.36048
0.067567,-0.0074977,-0.41122
0.06832,-0.014427,-0.46556
0.061693,-0.008554,-0.42768
0.055659,-0.0034034,-0.38844
0.050199,0.0010584,-0.34877
0.045293,0.0048633,-0.30955
0.040919,0.0080407,-0.27132
0.03706,0.010619,-0.23458
0.033696,0.012624,-0.1997
0.030809,0.014083,-0.16697
0.028381,0.015021,-0.13665
0.026395,0.015462,-0.10893
0.021437,0.011917,-0.084415
0.017066,0.0087573,-0.064927
0.013269,0.005977,-0.049361
0.010036,0.0035735,-0.036904
0.0073575,0.0015456,-0.026976
0.0052232,-0.0001077,-0.019118
0.0036247,-0.0013873,-0.012989
0.0025538,-0.0022949,-0.0082986
0.0020037,-0.0028339,-0.004824
0.0019149,-0.0030462,-0.0023748
0.0029812,-0.0038868,-0.0052326
0.0052746,-0.0041119,-0.0089292
0.0090374,-0.0035277,-0.013233
0.014473,-0.0019732,-0.017954
0.021782,0.00070822,-0.022962
0.031161,0.0046673,-0.028164
0.042798,0.010049,-0.033512
0.056875,0.016993,-0.03898
0.073564,0.025632,-0.044572
0.093025,0.036091,-0.050302
0.09791,0.038649,-0.052166
0.1029,0.041318,-0.05324
0.108,0.044093,-0.053574
0.11321,0.046974,-0.053231
0.11853,0.04996,-0.052287
0.12396,0.053049,-0.050821
0.1295,0.05624,-0.048912
0.13516,0.059533,-0.046636
0.14093,0.062926,-0.044067
0.14682,0.066419,-0.041271
0.13548,0.067618,-0.051073
0.12486,0.067812,-0.062393
0.11499,0.067023,-0.075249
0.1059,0.065271,-0.089652
0.097642,0.062576,-0.1056
0.090237,0.058959,-0.12309
0.083551,0.054683,-0.1421
0.076601,0.051261,-0.16264
0.069232,0.048959,-0.18467
0.061456,0.047786,-0.20817
0.071454,0.056796,-0.17776
0.082323,0.06657,-0.15035
0.094053,0.077106,-0.12564
0.10663,0.088399,-0.10345
0.12005,0.10045,-0.083608
0.13429,0.11324,-0.066016
0.14935,0.12677,-0.050595
0.16521,0.14105,-0.037281
0.18187,0.15605,-0.026035
0.19932,0.17179,-0.016825
0.21772,0.17926,-0.0064851
0.23648,0.18747,-0.00092897
0.25558,0.19645,0.00045067
0.27499,0.20624,0.0033577
0.29467,0.21686,0.010092
0.31464,0.22834,0.02048
0.33488,0.24067,0.03438
0.35541,0.25385,0.051684
0.3762,0.26791,0.072289
0.39727,0.28285,0.09612
0.33958,0.24265,0.10305
0.28691,0.20585,0.10877
0.23911,0.17234,0.11343
0.19602,0.14204,0.11715
0.15752,0.11487,0.12003
0.12348,0.09078,0.12215
0.093775,0.069694,0.12356
0.068308,0.051557,0.12433
0.046975,0.036317,0.1245
0.029678,0.023923,0.12414
0.031614,0.024481,0.089832
0.03328,0.025191,0.062126
0.034873,0.025806,0.040168
0.036452,0.026282,0.023357
0.038033,0.026639,0.011259
0.039642,0.026897,0.0035607
0.04131,0.027075,4.5975E-05
0.043078,0.027164,-0.0010313
0.045,0.027095,-0.0055112
0.047108,0.026866,-0.013871
0.055049,0.030821,-0.013582
0.063559,0.034983,-0.013329
0.072629,0.039345,-0.013118
0.082253,0.043903,-0.012957
0.092422,0.048651,-0.01285
0.10313,0.053586,-0.012803
0.11438,0.058706,-0.012815
0.12615,0.064007,-0.012889
0.13846,0.069489,-0.013023
0.15129,0.07515,-0.013218
0.14531,0.074142,-0.0052115
0.13974,0.073214,-0.0016065
0.13451,0.072355,-0.00074763
0.12959,0.071617,0.0026896
0.12495,0.070982,0.0091208
0.12055,0.070422,0.018295
0.11638,0.069914,0.030019
0.1124,0.069438,0.044139
0.1086,0.068977,0.060529
0.10497,0.068516,0.079087
0.098395,0.068152,0.077375
0.092388,0.067194,0.076064
0.086933,0.065671,0.075044
0.082017,0.063613,0.074245
0.077625,0.061043,0.073604
0.07357,0.058215,0.073079
0.069245,0.055911,0.072627
0.064613,0.054182,0.072226
0.059682,0.053016,0.071853
0.054462,0.052405,0.071497
0.053901,0.052433,0.07097
0.053337,0.052465,0.070684
0.05277,0.052501,0.070603
0.0522,0.052541,0.070698
0.051627,0.052584,0.070944
0.051051,0.05263,0.071322
0.050471,0.052678,0.071814
0.049889,0.052729,0.072406
0.049303,0.052783,0.073085
0.048714,0.052838,0.073843
0.052196,0.058117,0.092351
0.055891,0.063745,0.11259
0.059804,0.069722,0.13446
0.063939,0.076048,0.15786
0.068297,0.08272,0.18268
0.072879,0.089735,0.20887
0.077685,0.097091,0.23633
0.082713,0.10478,0.26503
0.087961,0.11281,0.29489
0.093425,0.12117,0.3259
0.084171,0.10958,0.26238
0.075631,0.098877,0.2114
0.067727,0.088965,0.16962
0.060408,0.079776,0.13498
0.053631,0.071257,0.10606
0.047363,0.063366,0.081887
0.041579,0.056066,0.061745
0.036255,0.049326,0.045096
0.03137,0.04312,0.03153
0.026908,0.037422,0.020709
0.02335,0.039095,0.032739
0.019539,0.041227,0.047188
0.015456,0.043838,0.063972
0.01108,0.046945,0.082983
0.0063902,0.050566,0.10412
0.0013638,0.054715,0.12726
-0.0040199,0.059407,0.15228
-0.009783,0.064655,0.17908
-0.015945,0.070469,0.20752
-0.022531,0.076861,0.23752
-0.0036298,0.079331,0.19632
0.017761,0.085173,0.16014
0.041668,0.094324,0.12824
0.068125,0.10676,0.10017
0.097171,0.12248,0.075601
0.12885,0.14153,0.054323
0.16319,0.16394,0.0362
0.20023,0.18977,0.021134
0.23999,0.2191,0.0090674
0.28247,0.25198,-4.9337E-05
0.27737,0.24743,0.0049496
0.27221,0.24284,0.010188
0.26697,0.23822,0.015478
0.26168,0.23356,0.020723
0.25634,0.22888,0.02589
0.25095,0.22417,0.030961
0.24552,0.21944,0.035943
0.24006,0.21469,0.040837
0.23457,0.20993,0.045655
0.22906,0.20515,0.0504
0.21604,0.19468,0.064801
0.20338,0.18457,0.080381
0.19109,0.17482,0.097095
0.17917,0.16542,0.1149
0.1676,0.15636,0.13377
0.15639,0.14764,0.15367
0.14553,0.13925,0.17456
0.13503,0.13121,0.19643
0.12487,0.12349,0.21924
0.11506,0.1161,0.24297
0.12409,0.12873,0.21076
0.13355,0.14218,0.18327
0.14341,0.15643,0.15943
0.15364,0.17149,0.13856
0.16421,0.18736,0.1201
0.17511,0.20404,0.10368
0.18631,0.22152,0.088997
0.19781,0.23982,0.075823
0.20959,0.25894,0.063985
0.22163,0.27889,0.053345
0.19982,0.26134,0.043453
0.17878,0.2446,0.034805
0.15851,0.22868,0.02731
0.13902,0.21359,0.020875
0.1203,0.19933,0.015424
0.10236,0.1859,0.010884
0.085184,0.17331,0.0071945
0.06878,0.16156,0.0042944
0.053147,0.15067,0.0021363
0.038284,0.14063,0.00067067
0.05358,0.14512,-0.00092419
0.06918,0.15044,-0.0021942
0.085052,0.15659,-0.0058017
0.1012,0.16357,-0.01168
0.11764,0.17139,-0.019765
0.13436,0.18006,-0.030007
0.15137,0.18959,-0.042358
0.16867,0.19996,-0.056784
0.18626,0.21121,-0.073244
0.20414,0.22331,-0.091711
0.21342,0.23063,-0.062162
0.22272,0.23815,-0.040782
0.23207,0.24587,-0.025489
0.24148,0.25379,-0.014916
0.25096,0.26192,-0.0081196
0.26053,0.27024,-0.0044373
0.27018,0.27877,-0.0033836
0.27994,0.2875,-0.0023186
0.28983,0.29643,0.00074405
0.29985,0.30558,0.0055869
0.28759,0.302,0.011128
0.27437,0.29941,0.018508
0.2602,0.29781,0.027838
0.2451,0.29719,0.039182
0.22909,0.29757,0.052564
0.21217,0.29894,0.067987
0.19435,0.30131,0.08543
0.17563,0.30468,0.10487
0.15602,0.30907,0.12626
0.1355,0.31447,0.14958
0.16431,0.29812,0.17175
0.18973,0.28541,0.19259
0.21187,0.27622,0.21236
0.23081,0.27045,0.23129
0.24659,0.26802,0.24948
0.25926,0.26887,0.26708
0.26885,0.27295,0.2841
0.27616,0.27943,0.30061
0.28591,0.28367,0.31658
0.29885,0.28492,0.33202
0.29568,0.29297,0.24345
0.29479,0.2993,0.17597
0.2961,0.30388,0.12347
0.29816,0.30803,0.082472
0.29847,0.31415,0.050848
0.29695,0.32224,0.027238
0.29358,0.33228,0.010746
0.28833,0.34423,0.00074851
0.2812,0.35808,-0.0031844
0.27213,0.3738,-0.0053624
0.28242,0.3746,-0.0037092
0.29268,0.37606,-0.0034339
0.3029,0.37817,-0.0023336
0.31308,0.38092,-5.5819E-05
0.32319,0.38431,0.0033179
0.33323,0.38831,0.0077383
0.34319,0.39292,0.013188
0.35306,0.39813,0.019653
0.36284,0.40393,0.027139
0.3725,0.41033,0.035637
0.35615,0.40059,0.057549
0.33934,0.39155,0.080689
0.32208,0.3832,0.10461
0.30439,0.37555,0.12912
0.28627,0.3686,0.15414
0.26774,0.36235,0.17965
0.2488,0.35681,0.20562
0.22947,0.35196,0.23203
0.20976,0.34783,0.25885
0.18966,0.3444,0.28605
0.17609,0.34014,0.21201
0.16281,0.33609,0.15574
0.14977,0.33222,0.11187
0.13696,0.32849,0.077318
0.12437,0.32491,0.050193
0.11197,0.32144,0.029282
0.099758,0.31811,0.013779
0.087731,0.3149,0.0031143
0.075878,0.31182,-0.0031166
0.064192,0.30887,-0.0052242
0.050393,0.31121,-0.005327
0.036427,0.31394,-0.0054319
0.022288,0.31704,-0.0055491
0.0079675,0.3205,-0.005682
-0.0065384,0.32433,-0.0058299
-0.021236,0.32851,-0.0059923
-0.036131,0.33304,-0.0061672
-0.051227,0.33791,-0.0063544
-0.066528,0.34313,-0.0065528
-0.08204,0.34867,-0.0067626
-0.079955,0.32479,-0.0063535
-0.077711,0.30231,-0.005771
-0.075333,0.28115,-0.0048756
-0.072845,0.26124,-0.0035238
-0.070266,0.24249,-0.0015816
-0.067616,0.22485,0.0010684
-0.06491,0.20825,0.0045324
-0.062163,0.19263,0.0089024
-0.059387,0.17796,0.014264
-0.056593,0.16416,0.020691
-0.055543,0.17453,0.0093092
-0.05431,0.18538,0.00094609
-0.052897,0.19672,-0.0040521
-0.051309,0.20857,-0.0056636
-0.049578,0.22077,-0.0090895
-0.047718,0.23327,-0.016594
-0.045734,0.24604,-0.028315
-0.043629,0.25909,-0.044361
-0.041405,0.2724,-0.064819
-0.039064,0.28596,-0.089758
-0.049651,0.28584,-0.061241
-0.060402,0.28552,-0.039725
-0.071289,0.28506,-0.024312
-0.082287,0.28448,-0.014405
-0.093375,0.28381,-0.0095854
-0.10453,0.28311,-0.0084745
-0.1157,0.28264,-0.004063
-0.12688,0.28243,0.0047287
-0.13806,0.28251,0.01776
-0.14922,0.28289,0.034917
-0.15655,0.28975,0.023922
-0.16405,0.29675,0.015867
-0.17174,0.30387,0.009813
-0.1796,0.31109,0.0051574
-0.18764,0.31838,0.0014974
-0.19587,0.32575,-0.0014355
-0.20427,0.33319,-0.0038278
-0.21285,0.34068,-0.0058083
-0.22162,0.34824,-0.0074703
-0.23057,0.35585,-0.0088805
-0.1833,0.33311,-0.012158
-0.13871,0.31336,-0.013465
-0.096718,0.29621,-0.020176
-0.057222,0.28155,-0.032559
-0.02013,0.2693,-0.050589
0.014638,0.2594,-0.074218
0.047147,0.25178,-0.10339
0.077451,0.24642,-0.13805
0.10559,0.24329,-0.17813
0.13158,0.24238,-0.22358
0.1311,0.229,-0.17374
0.13025,0.21637,-0.13366
0.12904,0.20449,-0.10104
0.12745,0.19336,-0.074481
0.12549,0.18297,-0.053034
0.12314,0.17328,-0.03607
0.1204,0.16428,-0.023139
0.11726,0.15593,-0.013907
0.11372,0.14821,-0.0081263
0.10977,0.14111,-0.0056009
0.10713,0.13705,-0.011838
0.10449,0.13292,-0.027173
0.1018,0.12871,-0.050143
0.099137,0.12433,-0.079718
0.096642,0.11964,-0.11513
0.094304,0.11467,-0.15578
0.09212,0.1094,-0.20117
0.090092,0.10386,-0.25089
0.088228,0.098052,-0.30456
0.086537,0.092004,-0.36191
0.092809,0.10871,-0.24919
0.099873,0.12365,-0.16782
0.10783,0.13727,-0.1083
0.11574,0.1506,-0.06528
0.12298,0.16441,-0.035454
0.12961,0.17884,-0.016711
0.13568,0.19402,-0.0076377
0.14125,0.2101,-0.0059082
0.14633,0.22751,0.00076107
0.15097,0.24635,0.014731
0.15395,0.25052,0.011062
0.15694,0.25474,0.0083703
0.15993,0.259,0.0063474
0.16294,0.26329,0.0047947
0.16595,0.26761,0.0035697
0.16896,0.27194,0.0025808
0.17199,0.2763,0.0017571
0.17502,0.28068,0.0010555
0.17806,0.28508,0.0004401
0.1811,0.2895,-0.00011041
0.17777,0.27935,-0.0039373
0.17433,0.26968,-0.0057198
0.1708,0.26046,-0.0058664
0.16719,0.2516,-0.0065536
0.16352,0.24306,-0.0086206
0.15978,0.23483,-0.011968
0.156,0.22689,-0.016526
0.15217,0.21922,-0.022243
0.1483,0.21182,-0.029083
0.14439,0.20466,-0.037019
0.15176,0.21356,-0.023416
0.15899,0.2227,-0.013482
0.16608,0.23209,-0.0070591
0.17304,0.24176,-0.0040276
0.17988,0.25172,-0.0031913
0.18694,0.26183,0.00030829
0.19434,0.27202,0.0069843
0.20209,0.28227,0.016787
0.21019,0.29259,0.029673
0.21864,0.30296,0.04561
0.22339,0.31511,0.04403
0.22953,0.32662,0.042691
0.23647,0.33788,0.041524
0.24244,0.35015,0.040475
0.2473,0.36352,0.03951
0.25103,0.37798,0.038613
0.25364,0.39352,0.037767
0.25511,0.41014,0.036962
0.25545,0.42784,0.03619
0.25463,0.44661,0.035446
0.22287,0.40195,0.030265
0.19302,0.36018,0.025225
0.16503,0.32124,0.020478
0.13884,0.28507,0.016122
0.11441,0.25159,0.012218
0.091691,0.22077,0.0088062
0.070633,0.19255,0.0059169
0.051195,0.16689,0.0035702
0.033337,0.14375,0.001782
0.017022,0.12309,0.00056431
0.024535,0.12585,-2.7003E-05
0.031979,0.1289,-0.00018985
0.039347,0.13223,-0.00021868
0.046635,0.13585,-0.00038874
0.053841,0.13977,-0.00063249
0.06096,0.14397,-0.00089808
0.06799,0.14846,-0.0011515
0.074929,0.15325,-0.0013718
0.081775,0.15832,-0.0015465
0.088526,0.16369,-0.0016698
0.083429,0.15762,-0.0053708
0.078351,0.15165,-0.011327
0.073297,0.1458,-0.019638
0.068276,0.14007,-0.030371
0.063293,0.13447,-0.043566
0.058355,0.12901,-0.059254
0.053467,0.12369,-0.077443
0.048637,0.11852,-0.098144
0.043868,0.11349,-0.12134
0.039167,0.10862,-0.14705
0.055241,0.13718,-0.14699
0.073702,0.16964,-0.14694
0.094597,0.20608,-0.14687
0.11796,0.24658,-0.1468
0.14382,0.29121,-0.14672
0.1722,0.34002,-0.14663
0.20309,0.39305,-0.14652
0.23651,0.45032,-0.14639
0.27244,0.51184,-0.14622
0.31086,0.57761,-0.146
0.32467,0.56533,-0.13759
0.33426,0.5556,-0.13085
0.33964,0.5484,-0.1252
0.34081,0.54373,-0.12028
0.33959,0.54042,-0.11588
0.34199,0.53473,-0.1119
0.3485,0.52637,-0.10826
0.35911,0.51536,-0.10488
0.37385,0.5017,-0.10173
0.39272,0.48543,-0.098782
0.38354,0.4936,-0.066419
0.37504,0.50131,-0.04313
0.36725,0.50855,-0.026506
0.36021,0.51529,-0.015118
0.35392,0.52151,-0.0080697
0.3484,0.52721,-0.0047628
0.34367,0.53237,-0.0042529
0.33977,0.53699,-0.0018721
0.33673,0.54108,0.0032209
0.33455,0.54462,0.010821
0.32569,0.52664,0.0017618
0.31763,0.50862,-0.0032119
0.31032,0.49058,-0.0056243
0.30375,0.4725,-0.0063343
0.29787,0.45439,-0.0072951
0.29266,0.43623,-0.0092329
0.28812,0.41804,-0.011972
0.28422,0.39982,-0.015399
0.28097,0.38157,-0.01943
0.27834,0.36329,-0.024008
0.29014,0.3811,-0.012585
0.30211,0.39932,-0.0088045
0.31428,0.41798,-0.0073931
0.32679,0.43715,-0.00043524
0.33962,0.45686,0.011786
0.35276,0.47708,0.028951
0.36621,0.49783,0.050839
0.37998,0.51912,0.077295
0.39407,0.54094,0.1082
0.40848,0.56332,0.14345
0.38129,0.55898,0.10837
0.35771,0.55343,0.079674
0.33759,0.54663,0.055799
0.32084,0.53857,0.035912
0.30737,0.52923,0.01952
0.29711,0.51862,0.0063317
0.28891,0.50735,-0.0038331
0.27852,0.49779,-0.011065
0.26555,0.49012,-0.015448
0.24999,0.48431,-0.017051
0.24314,0.45367,-0.01632
0.23444,0.42564,-0.015177
0.22392,0.40008,-0.013674
0.21164,0.37686,-0.011842
0.2004,0.35432,-0.0097209
0.19202,0.33137,-0.0073363
0.18641,0.308,-0.004693
0.18351,0.2842,-0.0017956
0.18326,0.25995,0.0013536
0.18564,0.23524,0.0047513
0.20098,0.25689,-0.0010241
0.21701,0.27961,-0.0059315
0.23374,0.30339,-0.010172
0.25114,0.32821,-0.0139
0.2692,0.35404,-0.01723
0.2879,0.38087,-0.02025
0.30722,0.40867,-0.023028
0.32714,0.4374,-0.025612
0.34763,0.46703,-0.028042
0.36868,0.49752,-0.030347
0.34983,0.49636,-0.029408
0.33285,0.49498,-0.027599
0.31761,0.49336,-0.025409
0.30402,0.49148,-0.023057
0.29197,0.48932,-0.02064
0.2814,0.48688,-0.018205
0.27222,0.48416,-0.015775
0.26438,0.48114,-0.01336
0.25781,0.47784,-0.010971
0.25246,0.47423,-0.0086112
0,0,0
0,0,0
0,0,0
0,0,0
0,0,0
0,0,0
0,0,0
0,0,0
0,0,0
