0.09284,0.074213,0.029711
0.090146,0.076984,0.019523
0.087497,0.079946,0.01196
0.084901,0.083084,0.0065658
0.082361,0.086382,0.0029602
0.079881,0.089831,0.00088683
0.07746,0.09342,0.00013142
0.075102,0.097143,-0.0002318
0.072809,0.10099,-0.0015892
0.070583,0.10497,-0.0038603
0.068425,0.10906,-0.0069657
0.084701,0.10546,-0.0093928
0.10327,0.10174,-0.012149
0.12421,0.097887,-0.0152
0.14761,0.0939,-0.018544
0.17354,0.089769,-0.022141
0.20209,0.085484,-0.025991
0.23333,0.081031,-0.030046
0.26733,0.076398,-0.034305
0.30417,0.071569,-0.038715
0.34389,0.066529,-0.043275
0.32271,0.080433,-0.037774
0.30257,0.09477,-0.033856
0.28343,0.10954,-0.03097
0.26525,0.12473,-0.028809
0.24798,0.14036,-0.027138
0.23162,0.15641,-0.025837
0.21612,0.17288,-0.024787
0.20147,0.18979,-0.02394
0.18764,0.20713,-0.023229
0.17463,0.22489,-0.022635
0.18688,0.18847,-0.026995
0.20006,0.15506,-0.031699
0.21415,0.12454,-0.036735
0.22916,0.096785,-0.042123
0.24509,0.071714,-0.047841
0.26194,0.049242,-0.053905
0.27972,0.029305,-0.060286
0.29846,0.011851,-0.066996
0.31818,-0.0031632,-0.074003
0.33888,-0.015767,-0.081317
0.35612,-0.010655,-0.055665
0.37397,-0.0043693,-0.035265
0.3924,0.0030875,-0.019343
0.41142,0.011718,-0.0073715
0.43102,0.021525,0.0010512
0.45121,0.032514,0.0062106
0.47198,0.044688,0.0083382
0.49328,0.058008,0.010698
0.51506,0.072435,0.015906
0.53733,0.087964,0.023846
0.53579,0.089502,0.018037
0.53434,0.090814,0.014597
0.53299,0.09192,0.012816
0.53173,0.09283,0.012284
0.53057,0.093564,0.012345
0.52954,0.094149,0.011638
0.52863,0.094595,0.010149
0.52784,0.094908,0.0079315
0.52716,0.095094,0.005027
0.52661,0.095158,0.0014589
0.49347,0.065288,-0.0039227
0.46233,0.04026,-0.0090556
0.43303,0.01965,-0.013953
0.40547,0.003094,-0.018645
0.37953,-0.0097286,-0.023149
0.3551,-0.019095,-0.027485
0.33211,-0.025249,-0.031658
0.31046,-0.028399,-0.035682
0.29007,-0.028728,-0.039554
0.27079,-0.027296,-0.043309
0.24531,-0.02468,-0.024224
0.22126,-0.021233,-0.011658
0.19869,-0.016143,-0.0035346
0.17757,-0.0094735,0.0014096
0.15789,-0.0012729,0.0039964
0.13965,0.0084242,0.0047738
0.12279,0.019561,0.005197
0.10728,0.032075,0.0069358
0.093111,0.045968,0.0098334
0.080306,0.061244,0.013763
0.10233,0.057427,0.012908
0.12735,0.053314,0.012408
0.15541,0.048902,0.012242
0.18653,0.044189,0.01239
0.22074,0.039173,0.012835
0.25808,0.033852,0.013559
0.29857,0.028222,0.014548
0.34224,0.022283,0.015789
0.38912,0.016032,0.017271
0.43922,0.0094674,0.018987
0.43628,0.0040003,0.020176
0.43335,-0.0011423,0.021603
0.43045,-0.0059597,0.023103
0.42756,-0.010454,0.024587
0.42469,-0.014627,0.026009
0.42186,-0.018483,0.027342
0.41904,-0.022025,0.028573
0.41626,-0.025258,0.029694
0.4135,-0.028184,0.030701
0.41078,-0.030809,0.031591
0.40484,-0.034229,0.043488
0.39881,-0.037239,0.058197
0.39268,-0.039859,0.075363
0.38648,-0.042109,0.094727
0.3802,-0.044007,0.11608
0.37387,-0.04557,0.13928
0.36748,-0.046815,0.16416
0.36104,-0.047868,0.19062
0.35448,-0.049347,0.21848
0.34779,-0.051335,0.24766
0.38479,-0.051911,0.20887
0.42281,-0.053793,0.18136
0.46211,-0.056313,0.16145
0.50288,-0.05868,0.1469
0.5452,-0.060813,0.13621
0.58914,-0.062657,0.12836
0.63472,-0.064174,0.12267
0.68197,-0.065337,0.11865
0.73093,-0.066129,0.11597
0.78159,-0.066538,0.1144
0.72173,-0.055012,0.13078
0.66461,-0.042715,0.14459
0.61014,-0.029728,0.15681
0.55825,-0.016114,0.16817
0.50889,-0.0019204,0.17917
0.462,0.012818,0.19013
0.41756,0.028075,0.20128
0.37552,0.043833,0.21274
0.33588,0.060077,0.2246
0.29859,0.0768,0.23692
0.3433,0.07497,0.1936
0.39046,0.072462,0.15724
0.44015,0.069353,0.12688
0.49246,0.065697,0.10188
0.54743,0.061528,0.081786
0.60512,0.056872,0.066269
0.66556,0.051742,0.055095
0.7288,0.046151,0.048084
0.79485,0.040105,0.045098
0.86375,0.033612,0.045991
0.79247,0.059075,0.045042
0.72488,0.08526,0.0462
0.66087,0.11221,0.048865
0.60038,0.13995,0.05276
0.54333,0.16849,0.057754
0.48963,0.19785,0.063769
0.43922,0.22802,0.070754
0.39204,0.25903,0.078665
0.34803,0.29087,0.087468
0.30715,0.32358,0.097125
0.28804,0.31711,0.099256
0.27007,0.31067,0.10114
0.25316,0.30427,0.10284
0.23725,0.2979,0.10437
0.22227,0.29157,0.10576
0.20817,0.28526,0.10703
0.19489,0.27899,0.10821
0.18238,0.27274,0.10929
0.1706,0.26653,0.11029
0.1595,0.26035,0.11121
0.1414,0.23365,0.061888
0.12446,0.20876,0.03309
0.10871,0.18563,0.019463
0.094225,0.16438,0.014295
0.08129,0.14601,0.0014288
0.069764,0.13024,-0.019828
0.059485,0.11672,-0.048678
0.050318,0.10515,-0.08459
0.042144,0.095302,-0.1272
0.034867,0.086972,-0.17626
0.047534,0.091592,-0.15298
0.06284,0.096682,-0.13172
0.080842,0.10228,-0.11227
0.10161,0.10844,-0.094512
0.12521,0.11518,-0.078339
0.15173,0.12256,-0.063682
0.18124,0.13058,-0.050477
0.21383,0.13929,-0.03869
0.24958,0.1487,-0.028287
0.28854,0.15882,-0.01926
0.28159,0.1578,-0.019571
0.27474,0.15688,-0.020985
0.268,0.15605,-0.023223
0.26135,0.15528,-0.02613
0.2548,0.15457,-0.029599
0.24832,0.15389,-0.033572
0.24192,0.15325,-0.038001
0.23559,0.15262,-0.042869
0.22934,0.15202,-0.048147
0.22314,0.15142,-0.053838
0.20331,0.13874,-0.074945
0.18441,0.12702,-0.096566
0.16642,0.11618,-0.11858
0.14928,0.10613,-0.14097
0.13297,0.096775,-0.16374
0.11746,0.088057,-0.18694
0.1027,0.07991,-0.21057
0.088684,0.072277,-0.23467
0.075374,0.065105,-0.25924
0.062748,0.058348,-0.28431
0.057145,0.052011,-0.21087
0.051669,0.046666,-0.1551
0.046405,0.042074,-0.11207
0.04139,0.038074,-0.078744
0.036642,0.034551,-0.05306
0.032163,0.031419,-0.033625
0.027946,0.028609,-0.019405
0.023982,0.026063,-0.0096404
0.020255,0.023732,-0.003737
0.01675,0.021572,-0.0012379
0.012303,0.020346,-0.00087178
0.0086031,0.019215,2.46e-05
0.0056696,0.018178,0.0018636
0.0035065,0.017233,0.0048013
0.0021186,0.016377,0.0089479
0.0015116,0.015605,0.014357
0.0016935,0.014915,0.021041
0.0020649,0.014305,0.029019
0.0019036,0.01378,0.038319
0.001199,0.013344,0.04891
0.002527,0.014685,0.045959
0.0033033,0.016036,0.042772
0.0035346,0.017397,0.039436
0.0034135,0.018772,0.036009
0.0036999,0.020168,0.032488
0.0044765,0.021592,0.028916
0.005745,0.023056,0.025339
0.0075057,0.024569,0.02179
0.0097579,0.02614,0.018295
0.0125,0.027781,0.014874
0.010196,0.027701,0.0096142
0.0081382,0.027546,0.0053726
0.0063231,0.027329,0.0020817
0.0047495,0.027066,-0.00030999
0.0034164,0.02677,-0.0018447
0.0023234,0.026461,-0.0025546
0.0014407,0.026132,-0.0027222
0.00063075,0.025688,-0.003535
-0.00012558,0.025124,-0.0051295
-0.00082983,0.024447,-0.0074967
0.00072539,0.022987,-0.0050623
0.0030649,0.021527,-0.0035673
0.0061769,0.020046,-0.0030732
0.010106,0.018578,-0.0031895
0.015017,0.017275,-0.0025812
0.02092,0.016159,-0.0011511
0.027817,0.015237,0.0010887
0.035706,0.014521,0.0041309
0.044587,0.014024,0.0079626
0.054462,0.013758,0.012588
0.061017,0.010793,0.012085
0.067975,0.0084331,0.011423
0.07536,0.0066826,0.010592
0.083198,0.0055471,0.0095983
0.091515,0.0050308,0.0084288
0.10034,0.00511,0.0070924
0.10973,0.0049727,0.0056993
0.11973,0.0042519,0.004317
0.13038,0.0029483,0.0029429
0.1417,0.0010643,0.0015913
0.11745,0.0054712,0.003447
0.095514,0.0062126,0.0052643
0.075583,0.011011,0.0058948
0.057639,0.020672,0.0052694
0.041702,0.03512,0.0034384
0.02778,0.054382,0.00044401
0.015866,0.078575,-0.0037096
0.0059366,0.10788,-0.0090138
-0.002044,0.14253,-0.015488
-0.0081181,0.18272,-0.023133
-0.0060397,0.15885,-0.020517
-0.0036923,0.13707,-0.017696
-0.0011261,0.11726,-0.014848
0.0016199,0.099319,-0.012056
0.0045131,0.083167,-0.0093725
0.0075269,0.068719,-0.0068145
0.010639,0.055906,-0.004392
0.01383,0.04466,-0.0020992
0.017087,0.03492,6.812e-05
0.0204,0.02663,0.0021217
0.02538,0.034611,0.0019798
0.030984,0.043937,0.0018245
0.037226,0.054681,0.0016092
0.044116,0.06691,0.001283
0.051665,0.080684,0.00078462
0.05988,0.09606,5.7944e-05
0.06877,0.11309,-0.00095482
0.078343,0.13182,-0.0022934
0.088608,0.1523,-0.0039918
0.099573,0.17456,-0.0060659
0.11295,0.16456,0.005085
0.12691,0.15518,0.016279
0.14144,0.14637,0.027318
0.15654,0.1381,0.038081
0.17221,0.13035,0.048491
0.18845,0.12311,0.058506
0.20527,0.11637,0.068098
0.22267,0.11012,0.077247
0.24066,0.10436,0.085944
0.25924,0.09909,0.094173
0.25356,0.10161,0.059497
0.24851,0.10598,0.034991
0.24388,0.11171,0.017354
0.23952,0.11851,0.0045629
0.23537,0.12619,-0.0046747
0.23135,0.13462,-0.011213
0.22742,0.14372,-0.015635
0.22355,0.15344,-0.018342
0.21972,0.16373,-0.019624
0.2159,0.17454,-0.019815
0.21474,0.16208,-0.017411
0.21365,0.15036,-0.015204
0.21262,0.13934,-0.013103
0.21166,0.12899,-0.011073
0.21074,0.11929,-0.0090932
0.20988,0.1102,-0.0071411
0.20907,0.10171,-0.0051942
0.2083,0.093779,-0.00323
0.20757,0.086391,-0.0012252
0.20688,0.079525,0.00084139
0.18622,0.083322,0.00082278
0.16654,0.087469,0.00057333
0.14784,0.091975,0.00018861
0.1301,0.096853,-0.00025313
0.11331,0.10211,-0.00068536
0.097462,0.10775,-0.0010549
0.08255,0.11379,-0.0013169
0.068562,0.12023,-0.0014343
0.055489,0.12707,-0.0014167
0.04333,0.13432,-0.0015036
0.038604,0.12226,-0.00044732
0.034246,0.11085,0.0015579
0.030216,0.10006,0.0046735
0.026489,0.089878,0.0087376
0.023041,0.080268,0.013636
0.019849,0.071209,0.019284
0.016892,0.062682,0.025619
0.01415,0.054669,0.032592
0.011607,0.04715,0.040167
0.009247,0.04011,0.048314
0.012602,0.040035,0.039459
0.016102,0.040056,0.032285
0.019765,0.040158,0.026447
0.023606,0.040332,0.021693
0.027643,0.040569,0.017831
0.031892,0.040866,0.014715
0.036368,0.041218,0.012228
0.041089,0.041622,0.01028
0.04607,0.042078,0.0087955
0.051327,0.042585,0.0077121
0.064197,0.040018,0.0087151
0.07832,0.037945,0.0097521
0.09372,0.036375,0.010819
0.11043,0.035313,0.011912
0.12846,0.034769,0.013027
0.14785,0.034751,0.014162
0.16862,0.035267,0.015313
0.19079,0.036326,0.016478
0.21438,0.037935,0.017657
0.23941,0.040104,0.018847
0.23632,0.038215,0.015425
0.23322,0.036765,0.01293
0.23011,0.035716,0.011487
0.22699,0.03507,0.010851
0.22392,0.034842,0.0093024
0.22102,0.034399,0.0064823
0.21828,0.033661,0.002344
0.21568,0.032633,-0.0031452
0.21323,0.031323,-0.01001
0.21089,0.02973,-0.018269
0.18185,0.026901,-0.02818
0.15517,0.024107,-0.036557
0.13081,0.021357,-0.043299
0.1087,0.018671,-0.048446
0.088807,0.016076,-0.052106
0.071071,0.013595,-0.054406
0.05545,0.011252,-0.055486
0.041894,0.0090679,-0.055476
0.030357,0.0070617,-0.054508
0.020791,0.0052485,-0.052704
0.025129,0.0068592,-0.061858
0.029863,0.0085673,-0.07175
0.034989,0.010369,-0.082366
0.040498,0.012259,-0.093687
0.046385,0.014232,-0.1057
0.052643,0.016283,-0.11838
0.059269,0.018407,-0.13173
0.066256,0.020599,-0.14574
0.073601,0.022854,-0.16038
0.0813,0.025167,-0.17566
0.08207,0.024083,-0.13197
0.082937,0.02295,-0.098038
0.083248,0.025054,-0.071099
0.082999,0.030309,-0.049558
0.082204,0.038619,-0.032388
0.080874,0.049923,-0.018925
0.079014,0.064188,-0.0087426
0.076629,0.081393,-0.0015641
0.073716,0.10153,0.0027945
0.070267,0.12459,0.0045254
0.081214,0.10097,0.0036131
0.091784,0.080779,0.0037152
0.10198,0.06398,0.0047191
0.11179,0.050524,0.0065336
0.12121,0.040375,0.0090883
0.13022,0.03351,0.012327
0.13882,0.029915,0.016205
0.14698,0.029589,0.020684
0.1552,0.030046,0.025668
0.16427,0.027405,0.031066
0.15937,0.031322,0.020904
0.15532,0.032298,0.012548
0.15149,0.033227,0.0059905
0.14725,0.036824,0.0012187
0.14257,0.043046,-0.0018144
0.1374,0.051882,-0.0031393
0.13166,0.063343,-0.0036957
0.12526,0.077443,-0.0059204
0.11816,0.094206,-0.0099712
0.11031,0.11367,-0.015879
0.10746,0.10426,-0.0087357
0.10462,0.095454,-0.0048109
0.10179,0.087199,-0.0038366
0.099062,0.079533,-0.0013749
0.096457,0.072476,0.0042385
0.09396,0.066021,0.012957
0.091556,0.060163,0.024734
0.089231,0.054895,0.039532
0.08697,0.050215,0.057311
0.084758,0.04612,0.078037
0.081183,0.041837,0.076618
0.077616,0.037939,0.075218
0.074065,0.034397,0.073819
0.070537,0.031183,0.072417
0.067041,0.02827,0.071
0.063581,0.025635,0.06957
0.060166,0.023256,0.06812
0.056799,0.021107,0.066653
0.053487,0.019175,0.065165
0.050236,0.017441,0.063659
0.049578,0.018668,0.08104
0.048991,0.020061,0.10022
0.048471,0.02162,0.12113
0.048014,0.023346,0.14369
0.047614,0.025238,0.16783
0.047265,0.027291,0.1935
0.046963,0.029506,0.22063
0.046698,0.031876,0.24915
0.046466,0.034399,0.27902
0.046259,0.037068,0.31019
0.044419,0.037681,0.25992
0.042609,0.039026,0.21745
0.040811,0.040988,0.18107
0.039012,0.043485,0.14965
0.037203,0.046459,0.12236
0.035376,0.049868,0.098622
0.033524,0.053683,0.077997
0.031641,0.057883,0.06016
0.029721,0.062455,0.044856
0.027757,0.067391,0.031895
0.023824,0.080802,0.030004
0.019486,0.095918,0.027863
0.014723,0.1128,0.025499
0.009514,0.13152,0.022946
0.0038381,0.15213,0.020241
-0.0023252,0.17468,0.017425
-0.0089962,0.19924,0.014544
-0.016194,0.22583,0.011647
-0.023937,0.25451,0.0087827
-0.032243,0.28531,0.0060029
-0.023738,0.2868,-0.0016339
-0.014388,0.28859,-0.0053711
-0.0042039,0.29067,-0.0059799
0.0068006,0.29296,-0.007894
0.018619,0.29545,-0.012505
0.031252,0.29816,-0.019617
0.044698,0.3011,-0.029086
0.058956,0.30429,-0.040805
0.074026,0.30774,-0.054692
0.089909,0.31147,-0.070686
0.070023,0.31437,-0.064294
0.051037,0.31768,-0.058365
0.032951,0.3214,-0.052804
0.015768,0.32553,-0.047571
-0.00051078,0.33008,-0.042632
-0.015883,0.33504,-0.037996
-0.030349,0.34041,-0.033647
-0.043906,0.3462,-0.02959
-0.056552,0.35241,-0.025821
-0.068288,0.35905,-0.022347
-0.075384,0.36908,-0.030663
-0.082386,0.37938,-0.039613
-0.089296,0.38996,-0.04906
-0.096113,0.40081,-0.058931
-0.10284,0.41194,-0.069165
-0.10948,0.42336,-0.079734
-0.11603,0.43505,-0.090603
-0.12249,0.44702,-0.10175
-0.12887,0.45928,-0.11316
-0.13517,0.47182,-0.1248
-0.12745,0.44163,-0.083714
-0.12006,0.41322,-0.054573
-0.11297,0.38644,-0.033858
-0.10617,0.36114,-0.019551
-0.099638,0.33722,-0.010408
-0.093369,0.31455,-0.0056317
-0.087347,0.29305,-0.0044253
-0.081581,0.27272,-0.0016993
-0.076071,0.25349,0.0042019
-0.070808,0.23531,0.013061
-0.063339,0.21327,0.0066011
-0.056145,0.19274,0.0020034
-0.049191,0.17364,-0.0010024
-0.04244,0.15592,-0.0025907
-0.035861,0.13953,-0.0028808
-0.029413,0.12438,-0.0032992
-0.023058,0.11041,-0.0048976
-0.016768,0.097583,-0.0076448
-0.01052,0.085848,-0.011523
-0.0042918,0.075171,-0.016516
-0.0078885,0.078189,-0.014335
-0.011369,0.081328,-0.012438
-0.014734,0.084592,-0.010791
-0.017981,0.087983,-0.0093642
-0.021112,0.091505,-0.0081322
-0.024126,0.095158,-0.0070727
-0.027024,0.098946,-0.006168
-0.029808,0.10287,-0.0054008
-0.032477,0.10694,-0.0047581
-0.035035,0.11114,-0.0042272
-0.038321,0.11854,-0.0046381
-0.041615,0.1262,-0.0049285
-0.044919,0.1341,-0.0050932
-0.048233,0.14225,-0.0051368
-0.051561,0.15066,-0.0050754
-0.054903,0.15931,-0.0049299
-0.058261,0.16822,-0.0047279
-0.061657,0.17738,-0.0044981
-0.065212,0.18674,-0.0042727
-0.068948,0.19629,-0.0040824
-0.059134,0.16848,-0.0011218
-0.049956,0.14286,0.0082013
-0.040977,0.11961,0.02335
-0.032244,0.098719,0.043535
-0.023794,0.080193,0.068261
-0.01565,0.064037,0.097224
-0.0078229,0.050261,0.13024
-0.00030991,0.038872,0.16721
0.0069041,0.02988,0.20806
0.013845,0.023289,0.25273
0.013909,0.02565,0.17942
0.013661,0.028726,0.12181
0.013118,0.032491,0.077149
0.012293,0.03692,0.043629
0.011203,0.041982,0.02003
0.0098649,0.047637,0.0055508
0.0082994,0.053835,-0.00030399
0.0065632,0.060471,-0.0032052
0.0047413,0.067403,-0.01401
0.0028482,0.074599,-0.032959
0.0016558,0.076057,-0.038152
0.00045622,0.077538,-0.043832
-0.00075065,0.07904,-0.050004
-0.0019648,0.080564,-0.056676
-0.0031866,0.082109,-0.063849
-0.0044161,0.083677,-0.071528
-0.0056537,0.085266,-0.07971
-0.0068994,0.086877,-0.088398
-0.0081538,0.08851,-0.097588
-0.009417,0.090166,-0.10728
-0.0093119,0.081362,-0.11102
-0.0091126,0.072963,-0.11538
-0.0088291,0.064983,-0.12029
-0.0084707,0.057431,-0.12568
-0.0080461,0.050316,-0.13152
-0.0075634,0.043648,-0.13776
-0.0070306,0.037435,-0.14437
-0.0064547,0.031683,-0.15134
-0.0058424,0.0264,-0.15863
-0.0051998,0.021591,-0.16625
-0.00079039,0.022607,-0.15137
0.0055532,0.024424,-0.13694
0.013829,0.027041,-0.12304
0.024046,0.030462,-0.10975
0.036218,0.034695,-0.097102
0.050368,0.039752,-0.085138
0.066523,0.045649,-0.073885
0.084714,0.052403,-0.063368
0.10497,0.060036,-0.053604
0.12734,0.06857,-0.044611
0.11958,0.070725,-0.03559
0.11168,0.073429,-0.027609
0.10365,0.076675,-0.020652
0.095505,0.080458,-0.014716
0.087253,0.084777,-0.0097931
0.0789,0.089632,-0.0058818
0.070453,0.095026,-0.0029796
0.061915,0.10096,-0.0010867
0.053289,0.10745,-0.00020382
0.044576,0.11448,4.4358e-05
0.020767,0.12635,-0.00059277
-0.0020584,0.14076,-0.0030752
-0.023916,0.15781,-0.0075313
-0.044842,0.17757,-0.013778
-0.064889,0.20016,-0.021671
-0.084121,0.22565,-0.031086
-0.10261,0.25414,-0.041912
-0.12042,0.28568,-0.054051
-0.13762,0.32033,-0.067408
-0.15475,0.35793,-0.0819
-0.14987,0.34735,-0.08223
-0.14303,0.33769,-0.08304
-0.13382,0.32915,-0.084158
-0.12229,0.32174,-0.085471
-0.10848,0.31545,-0.086893
-0.092422,0.3103,-0.088369
-0.074143,0.3063,-0.08985
-0.053654,0.30347,-0.091308
-0.030961,0.3018,-0.092712
-0.0060653,0.30133,-0.094045
0.017532,0.27291,-0.10627
0.040381,0.24733,-0.11714
0.062527,0.22446,-0.12687
0.084012,0.20417,-0.13565
0.10487,0.18638,-0.14361
0.12515,0.17098,-0.15086
0.14486,0.15791,-0.15748
0.16403,0.1471,-0.16352
0.18269,0.13849,-0.16902
0.20086,0.13203,-0.17402
0.18087,0.14795,-0.11219
0.15959,0.16795,-0.068849
0.13685,0.19195,-0.038832
0.11248,0.21999,-0.019095
0.086299,0.25216,-0.0077303
0.058165,0.28858,-0.003488
0.027951,0.32944,-0.0021313
-0.0044356,0.375,0.0043712
-0.039081,0.4254,0.015899
-0.076047,0.48077,0.032084
-0.083386,0.48284,0.021317
-0.090597,0.48486,0.012225
-0.097679,0.48682,0.0048002
-0.10463,0.48873,-0.00089111
-0.11146,0.49059,-0.0047368
-0.11815,0.49241,-0.0066041
-0.12472,0.49419,-0.0073946
-0.13116,0.49588,-0.010268
-0.13749,0.49748,-0.015591
-0.14369,0.49898,-0.023522
-0.1256,0.48664,-0.030946
-0.10739,0.47556,-0.036665
-0.089049,0.46566,-0.040674
-0.070551,0.45687,-0.04321
-0.051886,0.44912,-0.044544
-0.033042,0.44235,-0.044928
-0.014006,0.43651,-0.044565
0.0052357,0.43155,-0.04362
0.024692,0.42743,-0.042222
0.044376,0.42409,-0.040473
0.050279,0.37812,-0.025277
0.055593,0.33561,-0.016184
0.060318,0.29642,-0.010598
0.064453,0.26041,-0.0071801
0.067995,0.22743,-0.005188
0.070941,0.19738,-0.0041849
0.073289,0.17013,-0.0034451
0.075034,0.1456,-0.0022549
0.076171,0.12369,-0.00073033
0.076696,0.1043,0.0010379
0.068135,0.10414,-0.0022031
0.059729,0.1043,-0.0031209
0.051474,0.10465,-0.0064644
0.043373,0.10521,-0.011978
0.035429,0.10596,-0.019213
0.027642,0.10692,-0.027841
0.020014,0.10808,-0.037621
0.012547,0.10945,-0.048371
0.0052413,0.11103,-0.059949
-0.0019019,0.11281,-0.072244
0.0013924,0.13192,-0.081237
0.0049741,0.15259,-0.09139
0.0087915,0.1748,-0.10286
0.012801,0.19854,-0.11577
0.016963,0.22381,-0.13023
0.021249,0.25059,-0.14633
0.025632,0.27887,-0.16412
0.030093,0.30864,-0.18363
0.034618,0.33989,-0.20487
0.0392,0.37262,-0.22785
0.029971,0.35118,-0.19732
0.020946,0.33074,-0.17028
0.012181,0.31128,-0.1461
0.0037301,0.29276,-0.1244
-0.0043614,0.27515,-0.10491
-0.012049,0.25842,-0.08744
-0.019293,0.24255,-0.071851
-0.026055,0.22753,-0.058037
-0.032302,0.21332,-0.045912
-0.037999,0.19992,-0.035405
-0.013803,0.18104,-0.020816
0.010235,0.16492,-0.010646
0.034173,0.15144,-0.0048439
0.058057,0.14051,-0.0031556
0.081915,0.13218,0.00011016
0.10576,0.12644,0.0074973
0.12961,0.12325,0.018975
0.15345,0.12257,0.034516
0.17726,0.12437,0.054094
0.20104,0.12867,0.077687
0.15854,0.11153,0.062953
0.1202,0.097802,0.051074
0.085856,0.087352,0.041269
0.055321,0.080071,0.033047
0.028438,0.075861,0.02607
0.0050546,0.074642,0.020111
-0.014962,0.076352,0.015
-0.031722,0.080949,0.010623
-0.045304,0.088421,0.0068931
-0.055749,0.098781,0.0037555
-0.058137,0.10393,0.0042454
-0.060386,0.10939,0.0046232
-0.062493,0.11515,0.0048857
-0.064457,0.12123,0.0050351
-0.066278,0.12762,0.0050752
-0.067953,0.13433,0.0050135
-0.06948,0.14137,0.0048577
-0.070857,0.14873,0.0046179
-0.072082,0.15643,0.0043035
-0.073152,0.16446,0.0039256
-0.0794,0.1789,0.0055146
-0.085885,0.19408,0.0073402
-0.092603,0.21001,0.0094082
-0.099548,0.2267,0.011724
-0.10672,0.24414,0.014292
-0.1141,0.26235,0.017112
-0.1217,0.28131,0.020186
-0.12951,0.30104,0.023513
-0.13752,0.32152,0.027091
-0.14573,0.34276,0.030918
-0.12147,0.31119,0.030103
-0.098637,0.28247,0.027891
-0.07713,0.2564,0.024788
-0.056859,0.23281,0.021181
-0.037738,0.21153,0.017362
-0.01969,0.19242,0.013562
-0.002643,0.17534,0.0099588
0.013468,0.16017,0.0066987
0.028703,0.14679,0.0039008
0.043117,0.1351,0.0016661
0.056781,0.13465,0.0039231
0.070783,0.13483,0.0068903
0.085118,0.13562,0.010616
0.099783,0.13703,0.015137
0.11477,0.13907,0.020478
0.13008,0.14172,0.026655
0.14571,0.145,0.033676
0.16166,0.1489,0.041547
0.17791,0.15342,0.050262
0.19448,0.15855,0.059817
0.21538,0.17694,0.036582
0.23756,0.19664,0.020085
0.26109,0.21772,0.009011
0.28607,0.24024,0.0023943
0.31255,0.26424,-0.00048468
0.34061,0.28977,-0.0012583
0.37028,0.31684,-0.0043175
0.40162,0.34548,-0.0097984
0.43463,0.37571,-0.017436
0.46935,0.40755,-0.027018
0.43686,0.37443,-0.015546
0.40592,0.34341,-0.0084303
0.37646,0.31435,-0.0040084
0.34842,0.28714,-0.0014552
0.32174,0.26166,-0.00033324
0.29639,0.23783,-1.1046e-05
0.2723,0.21556,0.0011623
0.24944,0.19478,0.003279
0.22776,0.1754,0.0062925
0.20723,0.15737,0.010171
0.22137,0.17349,0.012946
0.23585,0.19075,0.016057
0.25067,0.20916,0.019503
0.26583,0.22873,0.023283
0.28133,0.24945,0.027397
0.29717,0.27133,0.031844
0.31334,0.29438,0.036621
0.32984,0.31859,0.041725
0.34667,0.34397,0.047156
0.36382,0.37051,0.052906
0.35654,0.3789,0.039873
0.349,0.38757,0.028182
0.3412,0.39653,0.01813
0.33313,0.40576,0.009922
0.32481,0.41526,0.003705
0.31624,0.42503,-0.00041601
0.30742,0.43507,-0.0023587
0.29835,0.44537,-0.0032261
0.28905,0.45589,-0.0062181
0.2795,0.46665,-0.011566
0.30623,0.47537,-0.0074681
0.33348,0.48462,-0.0048507
0.36125,0.49441,-0.0039046
0.38954,0.50474,-0.0036331
0.41834,0.51564,-0.0016367
0.44765,0.52713,0.002205
0.47746,0.53919,0.0079194
0.50778,0.55185,0.015519
0.53861,0.5651,0.025017
0.56993,0.57896,0.036417
0.54191,0.55446,0.021572
0.5147,0.53083,0.010853
0.4883,0.50803,0.0031561
0.46269,0.486,-0.0021317
0.43784,0.46472,-0.0053704
0.41374,0.44416,-0.0067962
0.39037,0.42428,-0.0071817
0.36772,0.40503,-0.0088494
0.34576,0.38639,-0.011926
0.32449,0.36833,-0.016333
0.3317,0.37603,-0.013057
0.33914,0.38387,-0.010805
0.3468,0.39184,-0.0094467
0.35467,0.39995,-0.0089051
0.36276,0.40819,-0.00913
0.37108,0.41659,-0.0092698
0.37963,0.42515,-0.0087236
0.38841,0.43387,-0.0074962
0.39744,0.44277,-0.0055845
0.4067,0.45184,-0.0029856
0.37727,0.42153,-0.0038302
0.34884,0.39196,-0.0045387
0.32141,0.36318,-0.0051177
0.29502,0.33522,-0.005575
0.26966,0.30813,-0.0059149
0.24536,0.28195,-0.0061428
0.22212,0.2567,-0.0062623
0.19997,0.23243,-0.0062779
0.17891,0.20917,-0.0061932
0.15895,0.18696,-0.0060123
0.17334,0.20245,-0.007508
0.18834,0.21858,-0.0085503
0.20393,0.23532,-0.010213
0.2201,0.25266,-0.012808
0.23685,0.2706,-0.016416
0.25416,0.28914,-0.021104
0.27204,0.30828,-0.026928
0.29047,0.32801,-0.033935
0.30946,0.34834,-0.042163
0.32898,0.36926,-0.051649
0.27904,0.35196,-0.038789
0.23126,0.33722,-0.027864
0.18552,0.32491,-0.019548
0.14168,0.31491,-0.014263
0.099652,0.30712,-0.012132
0.059433,0.30162,-0.0087411
0.020992,0.29843,-0.0018702
-0.015741,0.2975,0.0085655
-0.050833,0.29881,0.022631
-0.084337,0.30236,0.040378
-0.059238,0.31175,0.028322
-0.032188,0.323,0.016409
-0.0031304,0.33614,0.0054083
0.027996,0.3512,-0.0040812
0.061252,0.36823,-0.0116
0.096699,0.38724,-0.016793
0.13438,0.40829,-0.019751
0.17421,0.43124,-0.0247
0.21619,0.45607,-0.033045
0.26032,0.4828,-0.044949
0.28521,0.47654,-0.041346
0.30935,0.47127,-0.037846
0.33274,0.46694,-0.034957
0.35541,0.46352,-0.032996
0.37735,0.46096,-0.032161
0.39858,0.45925,-0.03256
0.41917,0.45843,-0.032737
0.43918,0.45851,-0.031588
0.45862,0.4595,-0.029087
0.47752,0.46137,-0.025216
0.5094,0.48642,-0.022422
0.54217,0.51229,-0.018742
0.57583,0.53899,-0.01418
0.61038,0.56653,-0.008739
0.64583,0.59491,-0.0024223
0.68217,0.62414,0.004769
0.71941,0.65422,0.012832
0.75756,0.68516,0.021762
0.79662,0.71698,0.031558
0.8366,0.74968,0.042212
0.77695,0.69325,0.018328
0.72059,0.64034,-0.0017929
0.66736,0.59074,-0.017785
0.61711,0.54424,-0.029463
0.56972,0.50068,-0.036717
0.52506,0.45988,-0.03948
0.48299,0.42169,-0.037896
0.44315,0.38571,-0.038181
0.40531,0.35168,-0.043374
0.36935,0.31948,-0.05348
0.36071,0.32399,-0.044017
0.35021,0.33064,-0.037114
0.33788,0.33938,-0.032408
0.32372,0.35016,-0.029644
0.30773,0.36295,-0.028648
0.28998,0.37779,-0.027791
0.27053,0.39472,-0.025392
0.24938,0.41372,-0.021523
0.2265,0.43476,-0.016254
0.2019,0.45782,-0.0096386
0.18712,0.42731,0.0065795
0.17294,0.39823,0.024053
0.15936,0.37052,0.042269
0.14637,0.34411,0.060994
0.13397,0.31897,0.080094
0.12217,0.29504,0.099501
0.11097,0.2723,0.11915
0.10037,0.25072,0.13901
0.09037,0.23026,0.15904
0.080969,0.21089,0.1792
0.087899,0.21159,0.21426
0.094825,0.21244,0.25053
0.10174,0.2134,0.28785
0.10863,0.21449,0.32613
0.1155,0.2157,0.36526
0.12233,0.21701,0.40517
0.12913,0.21842,0.44575
0.13588,0.21993,0.48693
0.14258,0.22153,0.5286
0.14922,0.22322,0.5707
0.13956,0.23526,0.51962
0.12962,0.24886,0.48096
0.11921,0.26381,0.45047
0.10821,0.28,0.42563
0.096537,0.29733,0.40473
0.084146,0.31575,0.38669
0.071005,0.33521,0.37075
0.057098,0.35567,0.35642
0.042414,0.37711,0.34332
0.026951,0.3995,0.33121
0.026959,0.37413,0.31036
0.026624,0.35027,0.28966
0.026019,0.32783,0.26958
0.025198,0.30672,0.25038
0.024207,0.28684,0.23214
0.023081,0.26812,0.2149
0.021851,0.25049,0.19865
0.020543,0.23386,0.18336
0.019178,0.21819,0.16899
0.017776,0.20342,0.15548
0.027383,0.19517,0.12263
0.036926,0.18772,0.097633
0.046319,0.18099,0.078143
0.055506,0.17492,0.062658
0.064447,0.16949,0.050179
0.073118,0.16467,0.040007
0.081496,0.16043,0.031651
0.089568,0.15676,0.024745
0.097322,0.15366,0.01902
0.10475,0.15111,0.014265
0.10875,0.14526,0.02574
0.1123,0.14004,0.038911
0.11538,0.13544,0.053608
0.11799,0.13143,0.069719
0.12011,0.12798,0.087182
0.12174,0.12509,0.10595
0.12288,0.12274,0.12602
0.12351,0.12091,0.14736
0.12364,0.11959,0.16997
0.12324,0.11878,0.19386
0.11653,0.11254,0.1968
0.10988,0.10634,0.19838
0.10333,0.10018,0.19887
0.096885,0.094068,0.19847
0.090555,0.088023,0.19736
0.084354,0.082058,0.19566
0.078294,0.076185,0.19349
0.072384,0.070419,0.19094
0.066636,0.064772,0.18806
0.06106,0.059259,0.18493
0.0571,0.056596,0.15615
0.052397,0.055166,0.13265
0.046026,0.055808,0.11305
0.037985,0.058442,0.096404
0.028257,0.063015,0.082066
0.016813,0.069495,0.069577
0.0036132,0.077872,0.058621
-0.011388,0.08815,0.048965
-0.028241,0.10035,0.040453
-0.046999,0.11448,0.03296
-0.037021,0.11851,0.023385
-0.026447,0.12329,0.01553
-0.015277,0.12882,0.0094291
-0.0035098,0.13511,0.0050976
0.0088563,0.14216,0.002546
0.021824,0.14998,0.0017742
0.035413,0.15859,0.0015794
0.049659,0.16802,-0.00021791
0.064576,0.17829,-0.0036432
0.080179,0.18942,-0.008675
0.096836,0.19063,-0.0086145
0.11306,0.19274,-0.0090836
0.12886,0.19577,-0.010022
0.14426,0.19973,-0.011403
0.15925,0.20463,-0.013213
0.17385,0.21049,-0.015451
0.18808,0.21733,-0.018114
0.20195,0.22515,-0.02121
0.21547,0.23398,-0.024739
0.22864,0.24382,-0.02871
0.22079,0.23867,-0.035236
0.21284,0.23395,-0.040522
0.20479,0.22963,-0.044681
0.19664,0.22569,-0.047873
0.18838,0.22215,-0.050229
0.18002,0.21898,-0.051882
0.17154,0.21617,-0.052928
0.16294,0.21373,-0.053461
0.15422,0.21164,-0.053546
0.14537,0.20989,-0.053257
0.13787,0.21054,-0.056895
0.13012,0.21143,-0.060513
0.12212,0.21254,-0.064085
0.11387,0.21388,-0.067599
0.10539,0.21543,-0.071033
0.096668,0.21719,-0.07438
0.087715,0.21917,-0.077624
0.078532,0.22135,-0.080759
0.069125,0.22373,-0.083772
0.059495,0.22631,-0.08666
0.052218,0.22398,-0.075021
0.045106,0.22183,-0.065462
0.038133,0.21983,-0.057433
0.031283,0.21796,-0.050571
0.02454,0.21623,-0.044614
0.017894,0.21461,-0.039383
0.011338,0.21311,-0.034742
0.0048641,0.21172,-0.030598
-0.001533,0.21043,-0.026877
-0.007858,0.20924,-0.023528
-0.0085827,0.22328,-0.010213
-0.0091809,0.23784,-0.0022765
-0.0097073,0.25292,0.0014656
-0.010208,0.26849,0.0021924
-0.010802,0.28451,0.0042945
-0.011508,0.30098,0.0086016
-0.012317,0.31791,0.014761
-0.013217,0.33529,0.022498
-0.014197,0.35313,0.031595
-0.015247,0.37142,0.041871
-0.0086356,0.36226,0.038052
-0.0021423,0.35354,0.034829
0.0042412,0.34524,0.031939
0.01052,0.33733,0.029228
0.016699,0.32981,0.026607
0.02278,0.32265,0.02403
0.028764,0.31585,0.021475
0.034654,0.30938,0.01894
0.04045,0.30324,0.016432
0.046154,0.29742,0.013966
0.047261,0.29401,0.0094402
0.047866,0.29069,0.0059407
0.048009,0.28743,0.0031977
0.047722,0.28424,0.0010381
0.047034,0.28109,-0.00064836
0.045968,0.278,-0.0019347
0.044547,0.27495,-0.0028673
0.04279,0.27194,-0.0034778
0.040717,0.26898,-0.0038222
0.038346,0.26604,-0.0043207
0.047299,0.27929,-0.0051751
0.056591,0.29294,-0.0061992
0.066224,0.30699,-0.0073676
0.076204,0.32145,-0.0086651
0.086534,0.33631,-0.010081
0.09722,0.35155,-0.011609
0.10826,0.36719,-0.013246
0.11967,0.3832,-0.014988
0.13145,0.3996,-0.016834
0.14359,0.41637,-0.018782
0.15766,0.40594,-0.022327
0.17069,0.39645,-0.025555
0.18274,0.38786,-0.028419
0.19387,0.38012,-0.030929
0.20412,0.37318,-0.03311
0.21353,0.367,-0.034991
0.22215,0.36154,-0.036598
0.23001,0.35677,-0.037953
0.23715,0.35264,-0.039077
0.24358,0.34915,-0.039985
0.23804,0.3477,-0.037125
0.23252,0.34625,-0.034517
0.22703,0.34479,-0.032102
0.22156,0.34331,-0.029847
0.21613,0.34182,-0.027735
0.21074,0.34029,-0.025759
0.20541,0.33874,-0.023921
0.20012,0.33716,-0.022225
0.1949,0.33554,-0.020682
0.18973,0.33389,-0.019301
0.18763,0.34002,-0.018572
0.18537,0.34629,-0.017976
0.18295,0.35268,-0.017538
0.18038,0.35921,-0.017264
0.17764,0.36586,-0.017176
0.17474,0.37264,-0.017287
0.17168,0.37955,-0.017479
0.16847,0.38661,-0.017415
0.16511,0.39381,-0.01707
0.1616,0.40116,-0.016425
0.11549,0.39809,-0.010586
0.066815,0.39859,-0.0037836
0.015522,0.40256,0.0030158
-0.038436,0.40998,0.0093839
-0.095094,0.42081,0.015142
-0.15448,0.43503,0.020228
-0.21662,0.45264,0.024632
-0.28154,0.47364,0.028362
-0.34924,0.49802,0.031436
-0.41975,0.52579,0.033863
-0.39492,0.48384,0.029881
-0.37034,0.44362,0.029621
-0.34609,0.4051,0.031471
-0.32223,0.36831,0.034669
-0.29882,0.33324,0.038824
-0.2759,0.29994,0.043731
-0.25351,0.26841,0.049272
-0.2317,0.23869,0.055384
-0.2105,0.2108,0.06203
-0.18995,0.18477,0.069194
-0.20277,0.20194,0.05057
-0.21573,0.22026,0.034415
-0.22884,0.23973,0.020786
-0.2421,0.26035,0.0097327
-0.25548,0.28214,0.0012956
-0.269,0.3051,-0.0044899
-0.28266,0.32925,-0.0075952
-0.29645,0.35455,-0.0090995
-0.31043,0.38087,-0.013033
-0.3246,0.40822,-0.019783
-0.2894,0.41139,-0.017716
-0.25376,0.41637,-0.015552
-0.2177,0.42314,-0.013781
-0.18126,0.43168,-0.012763
-0.14444,0.44198,-0.01276
-0.10725,0.45407,-0.012558
-0.069695,0.468,-0.010959
-0.031784,0.48378,-0.0078276
0.0064745,0.50142,-0.0030499
0.045074,0.52094,0.003476
0.021723,0.5111,0.0087141
-0.0016338,0.5019,0.012129
-0.025003,0.49334,0.014055
-0.048387,0.48543,0.014837
-0.071793,0.47817,0.014755
-0.095225,0.47157,0.014028
-0.11869,0.46562,0.012815
-0.1422,0.46033,0.011237
-0.16575,0.45569,0.0093865
-0.18935,0.4517,0.0073345
-0.18761,0.42572,0.01162
-0.18513,0.40111,0.016986
-0.18198,0.37777,0.023326
-0.17827,0.35562,0.030578
-0.17405,0.33459,0.038701
-0.16941,0.31462,0.047668
-0.1644,0.29565,0.057461
-0.15909,0.27761,0.068068
-0.15352,0.26047,0.07948
-0.14775,0.24416,0.091695
-0.11398,0.25038,0.07083
-0.080294,0.25949,0.053947
-0.046553,0.27142,0.040123
-0.01266,0.28608,0.028758
0.021468,0.30345,0.019436
0.055896,0.3235,0.011868
0.09068,0.34624,0.0058438
0.12586,0.37166,0.001206
0.16147,0.39978,-0.0021668
0.19754,0.43063,-0.004373
0.1769,0.40469,-0.005381
0.1569,0.37985,-0.0055581
0.13757,0.35607,-0.0072273
0.11892,0.33332,-0.010558
0.10092,0.3116,-0.015517
0.083567,0.29091,-0.022067
0.066855,0.27124,-0.030166
0.050772,0.25258,-0.039777
0.035311,0.23494,-0.050865
0.020464,0.2183,-0.063398
0.023409,0.24128,-0.073903
0.026468,0.2657,-0.084719
0.029646,0.29159,-0.095788
0.032947,0.31894,-0.10707
0.03638,0.34776,-0.11855
0.039951,0.37805,-0.13019
0.043672,0.40981,-0.14198
0.047553,0.44302,-0.1539
0.051608,0.47767,-0.16592
0.055847,0.51376,-0.17803
0.034265,0.54383,-0.18464
0.010944,0.57518,-0.19387
-0.014104,0.6078,-0.20508
-0.040859,0.64165,-0.21786
-0.069294,0.67671,-0.23189
-0.099374,0.71292,-0.24698
-0.13106,0.75026,-0.26296
-0.16431,0.78867,-0.27976
-0.19908,0.82811,-0.29731
-0.23533,0.86853,-0.3156
-0.21546,0.8777,-0.18763
-0.19489,0.88674,-0.10707
-0.17387,0.8959,-0.056932
-0.15251,0.90526,-0.029307
-0.13087,0.91486,-0.019923
-0.10914,0.92497,-0.013834
-0.087478,0.9359,0.005814
-0.065868,0.94763,0.037706
-0.044284,0.96011,0.080664
-0.02271,0.97334,0.13366
-0.059656,0.91847,0.12244
-0.095537,0.86707,0.11837
-0.13032,0.8189,0.11763
-0.16401,0.77377,0.11851
-0.19662,0.73154,0.1202
-0.22815,0.69211,0.1223
-0.25862,0.65536,0.12458
-0.28806,0.6212,0.12696
-0.31647,0.58957,0.12934
-0.34388,0.56038,0.13171
-0.31559,0.57604,0.088869
-0.28699,0.59307,0.058333
-0.25803,0.61135,0.035606
-0.2287,0.63085,0.018258
-0.19899,0.65153,0.0048912
-0.16889,0.67337,-0.0053501
-0.13843,0.69635,-0.013024
-0.1076,0.72048,-0.018522
-0.076414,0.74574,-0.022137
-0.044876,0.77213,-0.024104
-0.13909,0.7656,-0.024798
-0.23672,0.76366,-0.025388
-0.33773,0.76621,-0.025934
-0.44207,0.77317,-0.026448
-0.54971,0.78447,-0.026915
-0.66059,0.80003,-0.02732
-0.77465,0.81981,-0.027638
-0.89183,0.84375,-0.027855
-1.0121,0.87179,-0.027943
-1.1353,0.90387,-0.027891
-1.0761,0.86098,-0.028491
-1.0215,0.82125,-0.029743
-0.97077,0.78432,-0.03112
-0.92361,0.74992,-0.032398
-0.87962,0.71779,-0.033457
-0.83846,0.6877,-0.034248
-0.79984,0.65947,-0.034731
-0.76353,0.63292,-0.03489
-0.72931,0.6079,-0.034703
-0.69699,0.5843,-0.034168
-0.6616,0.5883,-0.034082
-0.62655,0.5939,-0.03304
-0.59179,0.60105,-0.031234
-0.55726,0.60969,-0.028769
-0.52295,0.61979,-0.025706
-0.4888,0.63131,-0.022086
-0.4548,0.64422,-0.017941
-0.42092,0.65848,-0.013299
-0.38713,0.67409,-0.0081853
-0.35342,0.691,-0.0026237
-0.3282,0.6845,-0.0036129
-0.30343,0.67833,-0.0039939
-0.27909,0.67247,-0.0040217
-0.2552,0.66692,-0.0038345
-0.23175,0.66166,-0.0035106
-0.20874,0.6567,-0.0030932
-0.18617,0.65204,-0.0026091
-0.16405,0.64767,-0.0020721
-0.14238,0.6436,-0.0014933
-0.12115,0.63982,-0.00087704
-0.14466,0.60094,0.0041116
-0.16648,0.56424,0.0079287
-0.18669,0.52963,0.010917
-0.20538,0.49705,0.013301
-0.22263,0.46641,0.015221
-0.23852,0.43764,0.016772
-0.2531,0.41067,0.018012
-0.26644,0.38543,0.018991
-0.27859,0.36186,0.019735
-0.28962,0.33991,0.020284
-0.31165,0.35587,-0.00035972
-0.33453,0.37253,-0.015581
-0.35821,0.38984,-0.026618
-0.38267,0.40772,-0.034268
-0.4079,0.42615,-0.039055
-0.43384,0.44505,-0.04183
-0.46038,0.4642,-0.046258
-0.48748,0.48356,-0.052871
-0.51513,0.50314,-0.061539
-0.54331,0.52292,-0.072146
-0.55629,0.51708,-0.057042
-0.56906,0.51104,-0.051299
-0.58175,0.50506,-0.049993
-0.59468,0.49965,-0.044657
-0.60781,0.4948,-0.035228
-0.62114,0.49046,-0.022195
-0.63464,0.48661,-0.0058838
-0.64829,0.48322,0.013468
-0.66209,0.48028,0.035666
-0.67603,0.47776,0.060545
-0.62496,0.46036,0.038819
-0.57618,0.44482,0.023208
-0.52949,0.43093,0.011336
-0.48472,0.41856,0.0019924
-0.44174,0.4076,-0.0054813
-0.40047,0.39801,-0.011459
-0.36082,0.38971,-0.016172
-0.32271,0.38266,-0.019766
-0.28608,0.37681,-0.022343
-0.25087,0.37214,-0.023975
-0.2798,0.37556,-0.030025
-0.30956,0.37955,-0.034629
-0.33982,0.38375,-0.045637
-0.37062,0.38821,-0.061899
-0.40198,0.39298,-0.082666
-0.43393,0.3981,-0.10741
-0.46647,0.40359,-0.13574
-0.49963,0.40947,-0.16736
-0.5334,0.41576,-0.20202
-0.56781,0.42247,-0.23949
-0.5953,0.43081,-0.15276
-0.62157,0.4381,-0.098586
-0.64712,0.44477,-0.06608
-0.67219,0.45105,-0.049679
-0.69693,0.45707,-0.046048
-0.72201,0.4634,-0.039773
-0.74772,0.47029,-0.023489
-0.77403,0.47765,0.0019815
-0.80091,0.48542,0.036012
-0.82834,0.49355,0.078085
-0.79575,0.47571,0.081567
-0.76385,0.45836,0.090637
-0.73257,0.44144,0.10317
-0.70189,0.42491,0.11809
-0.6718,0.40874,0.13482
-0.64231,0.39295,0.15304
-0.61343,0.37751,0.17256
-0.58516,0.36242,0.19329
-0.55753,0.3477,0.21516
-0.53054,0.33332,0.23816
-0.50626,0.31939,0.14736
-0.48442,0.30712,0.080758
-0.46459,0.2962,0.033008
-0.44647,0.2864,0.0011171
-0.42986,0.27754,-0.016755
-0.41458,0.26948,-0.021817
-0.39999,0.26192,-0.026755
-0.38553,0.25461,-0.043087
-0.37113,0.24756,-0.070319
-0.35674,0.24073,-0.10805
-0.31742,0.21317,-0.087301
-0.28172,0.18762,-0.071261
-0.24932,0.16401,-0.058344
-0.21997,0.14228,-0.047659
-0.1934,0.12238,-0.038672
-0.16938,0.10426,-0.031047
-0.1477,0.087875,-0.024562
-0.12813,0.073187,-0.019065
-0.11051,0.060165,-0.014445
-0.09465,0.048785,-0.010617
-0.092209,0.052828,-0.0072551
-0.089286,0.057965,-0.0049142
-0.085857,0.064202,-0.0035797
-0.081912,0.071557,-0.0030516
-0.077492,0.080043,-0.0017955
-0.072593,0.089678,0.00052629
-0.067199,0.10048,0.003915
-0.061295,0.11248,0.0083734
-0.05487,0.1257,0.013905
-0.047912,0.14017,0.020512
-0.054473,0.12755,0.008485
-0.060566,0.11572,0.0011759
-0.066222,0.10465,-0.0012737
-0.071267,0.094424,-0.004233
-0.075569,0.085109,-0.012244
-0.079169,0.076732,-0.025376
-0.082112,0.069318,-0.043683
-0.084441,0.062891,-0.067209
-0.086202,0.057472,-0.095987
-0.087435,0.05308,-0.13005
-0.089631,0.060496,-0.13358
-0.091461,0.068998,-0.13665
-0.092921,0.078593,-0.13929
-0.094007,0.089279,-0.14153
-0.094718,0.10106,-0.1434
-0.095053,0.11396,-0.14494
-0.095012,0.12797,-0.14618
-0.094596,0.14311,-0.14714
-0.093807,0.15939,-0.14785
-0.092648,0.17681,-0.14834
-0.090502,0.18667,-0.13506
-0.088164,0.19688,-0.12181
-0.08563,0.20745,-0.10877
-0.082898,0.2184,-0.096095
-0.079969,0.22973,-0.08389
-0.076842,0.24143,-0.072261
-0.07352,0.25351,-0.061283
-0.070003,0.26598,-0.051024
-0.066293,0.27883,-0.04154
-0.062394,0.29206,-0.032881
-0.065225,0.27664,-0.025794
-0.067806,0.26156,-0.019736
-0.070147,0.24684,-0.014593
-0.072256,0.23247,-0.010296
-0.07414,0.21848,-0.0068002
-0.075805,0.20487,-0.0040774
-0.077257,0.19166,-0.0021102
-0.078502,0.17887,-0.00088927
-0.079545,0.16649,-0.00040824
-0.080395,0.15454,-0.00037272
-0.058224,0.15691,0.0023399
-0.037823,0.16034,0.0080095
-0.019065,0.16479,0.016608
-0.0018456,0.17024,0.028124
0.013916,0.17668,0.042555
0.028283,0.18411,0.059911
0.041299,0.19251,0.080205
0.052992,0.20192,0.10346
0.063378,0.21232,0.1297
0.07246,0.22375,0.15896
0.076045,0.23619,0.14928
0.079644,0.24896,0.14048
0.083259,0.26205,0.13239
0.08689,0.27546,0.12491
0.090535,0.28919,0.11792
0.094193,0.30324,0.11136
0.097862,0.31762,0.10516
0.10154,0.33233,0.099268
0.10523,0.34736,0.093654
0.10892,0.36272,0.088286
0.12112,0.36961,0.097388
0.12905,0.37805,0.10286
0.13333,0.38781,0.10532
0.14022,0.39675,0.10535
0.1514,0.40431,0.10343
0.16686,0.41053,0.099961
0.1866,0.41541,0.09526
0.21064,0.41899,0.089583
0.23898,0.42127,0.083125
0.27162,0.42227,0.076047
0.23741,0.38614,0.09362
0.20625,0.35206,0.111
0.17801,0.31995,0.12814
0.15256,0.28971,0.14501
0.12978,0.26126,0.16156
0.10959,0.23452,0.17779
0.091895,0.20941,0.19366
0.076615,0.18586,0.20917
0.063683,0.1638,0.2243
0.053035,0.14315,0.23906
0.057928,0.15813,0.22797
0.063041,0.17391,0.21711
0.068372,0.19053,0.20642
0.07392,0.20795,0.19586
0.079682,0.22621,0.1854
0.085657,0.2453,0.17502
0.091844,0.26525,0.16468
0.098242,0.28605,0.15437
0.10485,0.30772,0.1441
0.11166,0.33025,0.13386
0.10703,0.32271,0.096441
0.10275,0.31513,0.067517
0.098766,0.30751,0.044924
0.095025,0.29982,0.02729
0.091496,0.29209,0.013709
0.088155,0.28432,0.0035584
0.084987,0.27652,-0.0036
0.081979,0.2687,-0.0080906
0.079122,0.26088,-0.010155
0.076395,0.25306,-0.010329
0.072705,0.24291,-0.0088417
0.068298,0.23337,-0.0044504
0.063164,0.22443,0.0028259
0.057306,0.21606,0.012735
0.050722,0.20824,0.025098
0.043412,0.20095,0.039779
0.035369,0.19418,0.056675
0.026587,0.1879,0.075701
0.017056,0.1821,0.096785
0.006766,0.17678,0.11986
0.013936,0.18025,0.097827
0.020856,0.18413,0.080173
0.02746,0.18837,0.065766
0.033697,0.19298,0.053839
0.039531,0.19792,0.04385
0.044934,0.2032,0.035409
0.049881,0.2088,0.028229
0.054354,0.21473,0.022096
0.05834,0.22096,0.016844
0.061824,0.22751,0.012348
0.057085,0.22735,0.014169
0.050237,0.22771,0.015669
0.041308,0.22861,0.016895
0.030312,0.23008,0.017892
0.017257,0.23212,0.018699
0.0021407,0.23476,0.019349
-0.015045,0.238,0.01987
-0.034313,0.24186,0.020286
-0.05568,0.24635,0.020616
-0.079161,0.25147,0.020875
-0.070402,0.25477,0.02311
-0.062082,0.25834,0.026056
-0.054164,0.26217,0.029686
-0.046614,0.26624,0.033988
-0.039403,0.27055,0.038959
-0.032503,0.27508,0.044603
-0.025892,0.27983,0.050925
-0.01955,0.28477,0.057935
-0.013457,0.28991,0.065645
-0.0075989,0.29524,0.074066
0.009132,0.29336,0.076028
0.023889,0.29202,0.075752
0.036711,0.29123,0.073807
0.047631,0.29098,0.070648
0.056677,0.29127,0.066628
0.063873,0.29207,0.062019
0.069239,0.29338,0.057032
0.07279,0.29519,0.051828
0.074541,0.29749,0.046534
0.075294,0.30008,0.041239
0.082323,0.33094,0.058356
0.089927,0.36338,0.077958
0.097481,0.39755,0.099941
0.10492,0.43347,0.12419
0.11224,0.47114,0.15062
0.11943,0.51058,0.17914
0.12649,0.55178,0.20966
0.13338,0.59474,0.2421
0.14012,0.63947,0.27637
0.14667,0.68598,0.31237
0.13914,0.64399,0.32822
0.13183,0.60388,0.34071
0.12465,0.56561,0.35075
0.11753,0.52913,0.35895
0.11038,0.49438,0.36566
0.10314,0.46132,0.37117
0.095716,0.4299,0.37563
0.088189,0.40004,0.37918
0.081547,0.37146,0.38189
0.076029,0.34407,0.38388
0.080733,0.36938,0.28141
0.086273,0.39568,0.20647
0.092332,0.42296,0.14985
0.0978,0.45146,0.10627
0.10259,0.48117,0.072469
0.10671,0.51207,0.046326
0.11016,0.54416,0.026408
0.11293,0.57743,0.01169
0.11502,0.61188,0.0014309
0.11643,0.64751,-0.0049525
0.10934,0.63984,-0.0074296
0.10176,0.63208,-0.0094148
0.093791,0.62418,-0.015888
0.085428,0.61614,-0.027213
0.076676,0.60798,-0.043487
0.067533,0.5997,-0.064699
0.057993,0.59132,-0.090758
0.048051,0.58284,-0.12156
0.0377,0.57427,-0.15695
0.026931,0.56562,-0.19682
0.026501,0.5685,-0.14982
0.026377,0.57119,-0.11286
0.026499,0.57372,-0.083458
0.026827,0.57612,-0.060189
0.027336,0.5784,-0.042178
0.028004,0.58056,-0.028898
0.028814,0.58259,-0.019994
0.029751,0.58451,-0.015234
0.030801,0.58631,-0.014317
0.031878,0.58811,-0.012158
0.038867,0.57657,-0.013295
0.045151,0.56533,-0.01402
0.050773,0.55435,-0.014489
0.055767,0.54363,-0.01479
0.060164,0.53315,-0.01497
0.063994,0.52289,-0.015059
0.067283,0.51286,-0.015156
0.070056,0.50303,-0.015324
0.072334,0.4934,-0.01555
0.074137,0.48396,-0.015831
0.065982,0.4481,-0.018034
0.058282,0.41422,-0.022512
0.051004,0.38219,-0.029053
0.044117,0.3519,-0.037525
0.037594,0.32325,-0.047834
0.031408,0.29615,-0.059913
0.025537,0.2705,-0.073709
0.019956,0.24623,-0.089185
0.014647,0.22325,-0.1063
0.0095877,0.2015,-0.12503
0.012812,0.20235,-0.10012
0.015876,0.20329,-0.079624
0.018758,0.20432,-0.062692
0.021444,0.20543,-0.048729
0.02392,0.20663,-0.037311
0.026176,0.20792,-0.028134
0.028203,0.20927,-0.02097
0.029993,0.21069,-0.015639
0.031538,0.21217,-0.012012
0.032833,0.2137,-0.0099839
0.030422,0.19223,-0.01105
0.027793,0.17234,-0.013089
0.024956,0.15395,-0.015789
0.022273,0.13692,-0.018955
0.02025,0.12109,-0.022461
0.018856,0.10639,-0.02623
0.018055,0.092757,-0.03021
0.01782,0.08013,-0.034365
0.018123,0.068454,-0.038673
0.018941,0.057677,-0.043116
0.017074,0.048992,-0.032786
0.015449,0.041046,-0.024723
0.014051,0.033833,-0.018402
0.012866,0.027344,-0.013445
0.011881,0.021564,-0.0095764
0.011086,0.016479,-0.0065848
0.010472,0.012069,-0.0043093
0.01003,0.008315,-0.0026224
0.0097516,0.0051981,-0.0014236
0.0096265,0.002698,-0.00063232
0.0055544,0.0069428,-0.0013903
0.0032326,0.012083,-0.0023923
0.0026664,0.018149,-0.0036849
0.0032069,0.025274,-0.0053382
0.0025261,0.033826,-0.0074089
0.00042573,0.043869,-0.0099281
-0.0030839,0.055436,-0.012899
-0.0079947,0.068559,-0.016295
-0.014301,0.08327,-0.020068
-0.021999,0.099599,-0.024151
-0.018424,0.09426,-0.035548
-0.015053,0.08904,-0.048316
-0.011909,0.083957,-0.06213
-0.0090118,0.079024,-0.076753
-0.0063791,0.074253,-0.092007
-0.0040251,0.069652,-0.10776
-0.0019646,0.065227,-0.1239
-0.00020798,0.060983,-0.14035
0.0012349,0.056925,-0.15703
0.0023572,0.053055,-0.1739
-0.00080302,0.053126,-0.1491
-0.0050462,0.053238,-0.12984
-0.01037,0.053415,-0.1145
-0.016772,0.053666,-0.10201
-0.02425,0.053995,-0.091661
-0.032801,0.054404,-0.082946
-0.042425,0.054889,-0.075508
-0.053117,0.055448,-0.069093
-0.064875,0.056076,-0.063509
-0.077697,0.056772,-0.058614
-0.062048,0.060356,-0.055119
-0.047963,0.064174,-0.051444
-0.035425,0.068209,-0.047689
-0.024418,0.072449,-0.043922
-0.014925,0.076894,-0.040193
-0.0069327,0.081552,-0.036534
-0.00042771,0.086438,-0.032971
0.0046015,0.091576,-0.029516
0.0081642,0.096996,-0.026181
0.010268,0.10273,-0.022972
0.0091651,0.10884,-0.01369
0.0064882,0.11526,-0.0069604
0.0022338,0.12199,-0.0023734
-0.0036046,0.12902,0.00036547
-0.011036,0.13633,0.0014769
-0.020066,0.14391,0.0023643
-0.030701,0.15172,0.0045817
-0.042954,0.15974,0.0080022
-0.056838,0.16797,0.012505
-0.072365,0.1764,0.01798
-0.073008,0.16593,0.027209
-0.073588,0.15569,0.038708
-0.074111,0.14571,0.052451
-0.074578,0.13597,0.068394
-0.074992,0.12648,0.086479
-0.075358,0.11724,0.10665
-0.075678,0.10827,0.12884
-0.075955,0.099568,0.15298
-0.076193,0.09115,0.17901
-0.076393,0.083024,0.20687
-0.075004,0.089897,0.17943
-0.073612,0.09696,0.15528
-0.072219,0.10422,0.1338
-0.070826,0.11167,0.1146
-0.069433,0.11933,0.097365
-0.068042,0.12719,0.08189
-0.066653,0.13527,0.068017
-0.065267,0.14355,0.055638
-0.063886,0.15205,0.04467
-0.062509,0.16077,0.035055
-0.052732,0.16451,0.03387
-0.043727,0.16834,0.033748
-0.035463,0.17226,0.034472
-0.027913,0.17629,0.035906
-0.021054,0.18041,0.037965
-0.014866,0.18462,0.040598
-0.009332,0.18893,0.043774
-0.0044358,0.19334,0.047473
-0.00016542,0.19784,0.051688
0.0034908,0.20244,0.056415
-0.0020711,0.20226,0.057947
-0.0088253,0.20216,0.057608
-0.016768,0.20212,0.0557
-0.025897,0.20214,0.052537
-0.036209,0.2022,0.048417
-0.047704,0.20231,0.043614
-0.060382,0.20246,0.038374
-0.074243,0.20264,0.032913
-0.089291,0.20285,0.027419
-0.10553,0.2031,0.022057
-0.10291,0.1766,0.039549
-0.10026,0.15239,0.062185
-0.097592,0.13033,0.089818
-0.094905,0.11031,0.1223
-0.092212,0.092225,0.15951
-0.089519,0.075992,0.20132
-0.086833,0.061551,0.2476
-0.08416,0.048862,0.29823
-0.081504,0.037898,0.35306
-0.078869,0.028652,0.412
-0.071056,0.028291,0.37433
-0.0635,0.028017,0.34173
-0.056236,0.02783,0.3129
-0.049293,0.02773,0.28704
-0.042701,0.027718,0.26355
-0.036487,0.027795,0.24202
-0.030677,0.027963,0.22213
-0.025296,0.028224,0.20369
-0.020368,0.02858,0.18649
-0.015915,0.029033,0.17043
-0.020071,0.028378,0.15923
-0.024697,0.02776,0.14943
-0.02979,0.02717,0.14076
-0.035351,0.026598,0.133
-0.041381,0.026037,0.126
-0.047883,0.025479,0.11964
-0.054859,0.024919,0.11382
-0.062314,0.024352,0.10846
-0.070252,0.023777,0.1035
-0.078676,0.023192,0.098869
-0.088144,0.015415,0.09242
-0.098048,0.0095464,0.085874
-0.1084,0.0056009,0.079306
-0.11923,0.0035829,0.072761
-0.13056,0.0030818,0.066291
-0.14245,0.0012057,0.059961
-0.15493,-0.0025961,0.053813
-0.168,-0.0083072,0.047863
-0.18167,-0.015909,0.042139
-0.19595,-0.02538,0.03666
-0.17645,-0.017536,0.036608
-0.15848,-0.011088,0.036692
-0.14191,-0.0060208,0.036911
-0.12666,-0.002322,0.037252
-0.11261,2.0551e-05,0.03771
-0.099686,0.0010173,0.038271
-0.087798,0.0011944,0.038923
-0.07686,0.0025572,0.039632
-0.066807,0.0052956,0.040391
-0.057583,0.0094009,0.041187
-0.05985,0.0095288,0.04016
-0.062166,0.0096585,0.039279
-0.064532,0.0097898,0.038532
-0.066946,0.0099223,0.037901
-0.069409,0.010056,0.037378
-0.071921,0.01019,0.036949
-0.074482,0.010325,0.036607
-0.077092,0.010461,0.036343
-0.079752,0.010597,0.036152
-0.082463,0.010733,0.036026
-0.074284,0.011544,0.043328
-0.066447,0.012385,0.050917
-0.058974,0.013256,0.058776
-0.051892,0.014153,0.066889
-0.045222,0.015078,0.075252
-0.038985,0.016027,0.083857
-0.033201,0.017001,0.092702
-0.027885,0.017998,0.10178
-0.023054,0.019018,0.1111
-0.01872,0.02006,0.12065
-0.023816,0.020116,0.12993
-0.029535,0.020204,0.1392
-0.035877,0.020323,0.14842
-0.042838,0.020471,0.15754
-0.050418,0.020646,0.16655
-0.058615,0.020848,0.17542
-0.067429,0.021073,0.18412
-0.076859,0.02132,0.19266
-0.086907,0.021588,0.201
-0.097571,0.021874,0.20917
-0.091228,0.023698,0.18607
-0.08532,0.0256,0.16617
-0.079808,0.027581,0.14877
-0.074654,0.029639,0.13335
-0.069829,0.031774,0.11957
-0.065307,0.033987,0.10714
-0.061065,0.036277,0.095878
-0.057082,0.038643,0.085617
-0.053342,0.041086,0.076238
-0.049827,0.043605,0.067645
-0.049465,0.034875,0.085825
-0.049116,0.027069,0.10534
-0.048788,0.020168,0.1261
-0.048488,0.014162,0.14803
-0.048222,0.0090446,0.17105
-0.047997,0.0048158,0.1951
-0.047819,0.0014792,0.22013
-0.047693,-0.00095653,0.2461
-0.047624,-0.0024811,0.27293
-0.047615,-0.0030807,0.3006
-0.049029,-0.0030661,0.26209
-0.050444,-0.0030657,0.22873
-0.051856,-0.0030748,0.19946
-0.053261,-0.0030886,0.17356
-0.054658,-0.0031041,0.1505
-0.056045,-0.0031178,0.12988
-0.057422,-0.0031274,0.11138
-0.058791,-0.0031304,0.09478
-0.060151,-0.0031251,0.079889
-0.061503,-0.0031093,0.066556
-0.058054,-0.0028099,0.064037
-0.054617,-0.0024814,0.062089
-0.051204,-0.002123,0.060631
-0.047827,-0.0017336,0.059587
-0.044497,-0.0013125,0.05891
-0.041226,-0.00085896,0.05855
-0.038025,-0.0003724,0.058478
-0.034904,0.00014781,0.05866
-0.031874,0.00070195,0.059078
-0.028946,0.0012904,0.059709
-0.039803,-0.0014206,0.05311
-0.052513,-0.0034265,0.046987
-0.067052,-0.004766,0.041268
-0.083313,-0.0066483,0.035921
-0.10124,-0.0096105,0.030945
-0.12079,-0.013685,0.026345
-0.14197,-0.018905,0.02213
-0.16473,-0.025302,0.018297
-0.18907,-0.032905,0.014842
-0.21497,-0.041741,0.01175
-0.20085,-0.043243,0.0058315
-0.18708,-0.044899,0.0013006
-0.17368,-0.046715,-0.0010747
-0.16067,-0.048695,-0.001735
-0.14803,-0.050835,-0.0050688
-0.13577,-0.053137,-0.01191
-0.1239,-0.0556,-0.022498
-0.11245,-0.058221,-0.037017
-0.10142,-0.061,-0.055597
-0.090824,-0.063929,-0.078344
-0.087336,-0.063781,-0.080842
-0.08387,-0.063591,-0.083129
-0.080426,-0.063358,-0.085227
-0.077009,-0.063082,-0.08717
-0.073621,-0.062764,-0.08897
-0.070266,-0.062404,-0.090655
-0.066947,-0.062004,-0.092231
-0.063666,-0.061563,-0.093718
-0.060428,-0.061082,-0.095121
-0.057234,-0.060563,-0.096456
-0.056213,-0.057684,-0.071226
-0.055285,-0.054919,-0.050094
-0.054438,-0.052263,-0.032859
-0.053663,-0.049706,-0.019381
-0.052948,-0.047242,-0.0095506
-0.052282,-0.044866,-0.0032879
-0.051653,-0.04257,-0.00053057
-0.051062,-0.040351,0.00048432
-0.050524,-0.038214,0.0046253
-0.05003,-0.036155,0.012165
-0.0445,-0.034422,0.011873
-0.039355,-0.032845,0.01126
-0.034579,-0.031417,0.010392
-0.030157,-0.03013,0.0093367
-0.026074,-0.028977,0.0081546
-0.022315,-0.027951,0.0069035
-0.018866,-0.027046,0.0056363
-0.015714,-0.026256,0.0044021
-0.012847,-0.025576,0.0032455
-0.010251,-0.024998,0.0022078
-0.013209,-0.020912,0.0013832
-0.016314,-0.017284,0.0008036
-0.019564,-0.01413,0.00040211
-0.022959,-0.011461,0.00013149
-0.026503,-0.0092865,-4.1523e-05
-0.0302,-0.0076133,-0.00013993
-0.034057,-0.0064444,-0.00017955
-0.038083,-0.0057801,-0.00021867
-0.042287,-0.0056175,-0.0003011
-0.046678,-0.005952,-0.00042093
-0.054319,-0.0076298,-0.00027041
-0.062406,-0.010554,-0.00021233
-0.070939,-0.014725,0.0001108
-0.079915,-0.020142,0.00071123
-0.089333,-0.026806,0.0015945
-0.099191,-0.034711,0.0027681
-0.10949,-0.043857,0.0042408
-0.12022,-0.054239,0.0060226
-0.13139,-0.065853,0.0081234
-0.14299,-0.078694,0.010554
-0.13038,-0.080024,0.0040778
-0.11838,-0.08145,0.00034896
-0.10697,-0.082972,-0.00063378
-0.096106,-0.084582,-0.0025243
-0.085765,-0.086276,-0.0073342
-0.075928,-0.088057,-0.015083
-0.066579,-0.089928,-0.025779
-0.057703,-0.091891,-0.039426
-0.049289,-0.093953,-0.056022
-0.041327,-0.096116,-0.075561
-0.045825,-0.087636,-0.099816
-0.050364,-0.079652,-0.12585
-0.054945,-0.072169,-0.15337
-0.059568,-0.065189,-0.18216
-0.064232,-0.058713,-0.21205
-0.068938,-0.052743,-0.2429
-0.073685,-0.047278,-0.27458
-0.078474,-0.042317,-0.30702
-0.083302,-0.03786,-0.34011
-0.08817,-0.033904,-0.3738
-0.10559,-0.036353,-0.30817
-0.1241,-0.039096,-0.25429
-0.14372,-0.042111,-0.20916
-0.16452,-0.045384,-0.17089
-0.18654,-0.048905,-0.13817
-0.20981,-0.05267,-0.11013
-0.23438,-0.056677,-0.086115
-0.26028,-0.060925,-0.065673
-0.28756,-0.065419,-0.048453
-0.31624,-0.070162,-0.03419
-0.27145,-0.063209,-0.057287
-0.23099,-0.056886,-0.081973
-0.19455,-0.051153,-0.10741
-0.16182,-0.045972,-0.13322
-0.13256,-0.041314,-0.15921
-0.10654,-0.03715,-0.18533
-0.083577,-0.033459,-0.21154
-0.063506,-0.030223,-0.23784
-0.04619,-0.027427,-0.26422
-0.031516,-0.025062,-0.29069
-0.039794,-0.026576,-0.23247
-0.048808,-0.028156,-0.18623
-0.058564,-0.029828,-0.1487
-0.069068,-0.031613,-0.1178
-0.080328,-0.033529,-0.092126
-0.092353,-0.035591,-0.070735
-0.10515,-0.037813,-0.052953
-0.11874,-0.040206,-0.038295
-0.13312,-0.042779,-0.026405
-0.14832,-0.045542,-0.017012
-0.13949,-0.052628,-0.016642
-0.1305,-0.061371,-0.016108
-0.12135,-0.071773,-0.015452
-0.11203,-0.083837,-0.014701
-0.10253,-0.097571,-0.013885
-0.092862,-0.11298,-0.013021
-0.083008,-0.13008,-0.012128
-0.072965,-0.14886,-0.01122
-0.062726,-0.16936,-0.010311
-0.052284,-0.19156,-0.009411
-0.047942,-0.18963,-0.023629
-0.043734,-0.18768,-0.043443
-0.039649,-0.18574,-0.068198
-0.035679,-0.18379,-0.097421
-0.031817,-0.18183,-0.13077
-0.02806,-0.17986,-0.16799
-0.024403,-0.17789,-0.20888
-0.020844,-0.17592,-0.25328
-0.017381,-0.17393,-0.30106
-0.014014,-0.17194,-0.35212
-0.011393,-0.15726,-0.37071
-0.0091066,-0.14336,-0.38603
-0.0071236,-0.13022,-0.39859
-0.005416,-0.11781,-0.40887
-0.0039566,-0.10611,-0.41717
-0.0027205,-0.09511,-0.4238
-0.0016839,-0.084789,-0.42896
-0.00082498,-0.075128,-0.43284
-0.0001234,-0.066109,-0.43555
0.00043954,-0.057718,-0.43724
0.0024634,-0.069362,-0.40908
0.004778,-0.082026,-0.38569
0.0073765,-0.095716,-0.36581
0.010254,-0.11044,-0.3486
0.013409,-0.1262,-0.33342
0.01684,-0.143,-0.31983
0.020546,-0.16084,-0.30747
0.024529,-0.17972,-0.29609
0.028791,-0.19965,-0.28549
0.033332,-0.22062,-0.27551
0.026761,-0.19777,-0.29405
0.020523,-0.17644,-0.31509
0.014605,-0.15657,-0.33838
0.0089955,-0.13808,-0.36377
0.0036826,-0.12093,-0.39114
-0.0013439,-0.10507,-0.4204
-0.0060919,-0.090467,-0.45145
-0.01057,-0.077081,-0.48428
-0.014783,-0.064889,-0.51879
-0.01874,-0.053872,-0.55498
-0.031581,-0.064604,-0.49937
-0.046779,-0.076428,-0.44876
-0.064328,-0.089349,-0.4023
-0.084234,-0.10337,-0.35945
-0.10651,-0.11851,-0.3198
-0.13117,-0.13477,-0.28305
-0.15824,-0.15215,-0.24898
-0.18773,-0.17067,-0.21745
-0.21966,-0.19032,-0.18835
-0.25406,-0.21113,-0.16157
-0.21049,-0.18209,-0.14806
-0.17231,-0.1558,-0.13237
-0.13905,-0.13211,-0.11592
-0.11029,-0.11084,-0.09958
-0.085656,-0.091867,-0.083883
-0.064794,-0.075049,-0.069148
-0.047386,-0.060267,-0.0556
-0.033134,-0.047407,-0.043364
-0.021761,-0.036361,-0.032543
-0.013,-0.027024,-0.023189
-0.014827,-0.02375,-0.040328
-0.016607,-0.02078,-0.062022
-0.018352,-0.018121,-0.088207
-0.020073,-0.015768,-0.11878
-0.021781,-0.013715,-0.15363
-0.023487,-0.011951,-0.1926
-0.025197,-0.010463,-0.23553
-0.026921,-0.0092383,-0.28223
-0.028663,-0.0082653,-0.33253
-0.030429,-0.0075321,-0.38625
-0.034181,-0.011847,-0.3452
-0.037584,-0.017754,-0.30869
-0.040649,-0.025259,-0.27576
-0.043388,-0.034368,-0.24579
-0.045818,-0.045088,-0.21832
-0.047955,-0.057424,-0.19303
-0.049819,-0.071385,-0.16968
-0.051427,-0.086977,-0.1481
-0.052797,-0.10421,-0.12818
-0.053944,-0.12308,-0.10981
-0.045194,-0.11908,-0.11046
-0.036997,-0.1153,-0.11316
-0.029343,-0.11172,-0.11759
-0.022218,-0.10834,-0.1235
-0.015613,-0.10514,-0.13076
-0.0095188,-0.10212,-0.13926
-0.0039269,-0.099269,-0.14891
0.0011683,-0.096584,-0.15968
0.0057741,-0.094055,-0.17153
0.0098945,-0.091678,-0.18444
0.00047104,-0.084,-0.16309
-0.0099315,-0.077196,-0.14198
-0.021321,-0.071285,-0.12157
-0.033704,-0.066283,-0.10222
-0.04708,-0.062208,-0.084173
-0.061448,-0.059073,-0.06763
-0.0768,-0.056892,-0.052733
-0.093127,-0.055672,-0.039586
-0.11041,-0.05542,-0.02828
-0.12865,-0.056139,-0.018879
-0.09965,-0.057341,-0.012933
-0.073192,-0.061493,-0.0084303
-0.049084,-0.068536,-0.0051211
-0.027168,-0.078429,-0.0028304
-0.0073172,-0.091152,-0.0014458
0.010555,-0.1067,-0.00089484
0.026493,-0.1251,-0.00076906
0.040501,-0.14638,-4.681e-06
0.052558,-0.17059,0.0014563
0.062637,-0.19776,0.0036138
0.060651,-0.19133,0.00055592
0.05824,-0.1852,-0.00094092
0.055398,-0.17936,-0.0013261
0.052133,-0.17381,-0.001694
0.048456,-0.16852,-0.00267
0.04437,-0.16349,-0.004106
0.039878,-0.15873,-0.0058961
0.034984,-0.15422,-0.0079618
0.02969,-0.14997,-0.010246
0.023999,-0.14598,-0.012703
0.025443,-0.14123,-0.023246
0.026734,-0.13658,-0.036994
0.027879,-0.13202,-0.053838
0.028882,-0.12753,-0.073676
0.029747,-0.12311,-0.096422
0.030475,-0.11876,-0.12199
0.031069,-0.11447,-0.15031
0.031528,-0.11023,-0.1813
0.031853,-0.10606,-0.21489
0.032042,-0.10194,-0.25101
0.029295,-0.10478,-0.20781
0.025654,-0.10776,-0.1738
0.021139,-0.11092,-0.14635
0.015766,-0.11428,-0.1238
0.0095448,-0.11788,-0.10496
0.0024792,-0.12173,-0.089066
-0.0054291,-0.12586,-0.075524
-0.014182,-0.13028,-0.063911
-0.023782,-0.13501,-0.053908
-0.034236,-0.14007,-0.045268
-0.021943,-0.1467,-0.036614
-0.010042,-0.15394,-0.028337
0.00147,-0.16177,-0.020797
0.012596,-0.17019,-0.014265
0.023336,-0.17919,-0.0089579
0.033693,-0.18877,-0.0050351
0.043665,-0.19891,-0.0026242
0.053251,-0.20961,-0.0018214
0.062448,-0.22087,-0.0011126
0.071249,-0.2327,0.0013241
0.068618,-0.21776,0.00039573
0.065977,-0.20371,-0.00035093
0.06332,-0.19049,-0.00090664
0.060642,-0.17805,-0.0012614
0.057939,-0.16636,-0.0014054
0.055206,-0.15537,-0.0013724
0.052438,-0.14505,-0.0015056
0.049632,-0.13535,-0.0018871
0.046784,-0.12624,-0.0025242
0.043889,-0.1177,-0.0034233
0.037391,-0.099952,-0.0025096
0.031555,-0.084015,-0.0017952
0.026346,-0.069786,-0.0012464
0.021728,-0.057168,-0.00083697
0.017665,-0.046068,-0.0005461
0.014124,-0.036396,-0.00035661
0.011074,-0.028064,-0.00025381
0.008481,-0.020989,-0.00015355
0.0063158,-0.015089,-9.684e-06
0.0045473,-0.010282,0.00016946
0.0052866,-0.012898,0.001514
0.0062438,-0.015856,0.0040487
0.0074323,-0.019192,0.0078004
0.0088626,-0.022941,0.012794
0.010458,-0.02717,0.019048
0.012187,-0.031926,0.026576
0.014065,-0.037237,0.035384
0.016103,-0.043129,0.045476
0.018316,-0.049627,0.056848
0.020714,-0.056755,0.069496
0.022547,-0.058516,0.079306
0.023746,-0.0605,0.089664
0.024927,-0.062449,0.10056
0.026744,-0.064092,0.11198
0.029206,-0.06541,0.12393
0.032324,-0.066388,0.13639
0.036109,-0.067012,0.14934
0.040571,-0.067269,0.16279
0.045721,-0.067147,0.17671
0.051569,-0.066636,0.1911
0.054482,-0.056833,0.14341
0.058269,-0.047435,0.10381
0.062893,-0.038358,0.071365
0.068325,-0.029527,0.045439
0.07454,-0.020873,0.025598
0.081517,-0.012335,0.011536
0.089244,-0.0038585,0.0030381
0.097713,0.0045995,-4.7273e-05
0.10691,0.013108,-0.0022078
0.11684,0.021738,-0.0095598
0.10374,0.017398,-0.0082401
0.091395,0.013295,-0.0070575
0.079812,0.0094377,-0.0059926
0.069008,0.0058361,-0.005034
0.058997,0.0025002,-0.0041714
0.049795,-0.00055964,-0.0033995
0.041415,-0.0033329,-0.002713
0.033875,-0.0058086,-0.0021096
0.027192,-0.0079752,-0.0015863
0.021383,-0.0098206,-0.0011428
0.021767,-0.00566,-0.0021783
0.02245,-0.0018146,-0.0034828
0.023425,0.0017035,-0.0050112
0.024686,0.0048838,-0.0067352
0.026221,0.0077179,-0.0086367
0.028015,0.010199,-0.010705
0.030052,0.012324,-0.01293
0.032318,0.01409,-0.015306
0.034797,0.015496,-0.017822
0.037328,0.016874,-0.020465
0.025064,0.011793,-0.018063
0.015207,0.0079004,-0.015954
0.0076875,0.0051566,-0.014067
0.0024379,0.0035229,-0.012352
-0.00060343,0.0029671,-0.010772
-0.0016236,0.0034107,-0.0093059
-0.0036298,0.0035192,-0.0079441
-0.0078719,0.0027515,-0.0066815
-0.014405,0.0011019,-0.0055099
-0.023293,-0.0014467,-0.0044228
-0.018722,0.001246,-0.00083697
-0.014727,0.0037168,8.7026e-05
-0.011372,0.0059165,0.0014277
-0.0087157,0.0078087,0.0047027
-0.0068081,0.0093727,0.0097636
-0.0056749,0.010598,0.016593
-0.0053141,0.011488,0.025268
-0.0053867,0.012201,0.035911
-0.0048498,0.013223,0.04864
-0.0036695,0.014576,0.063546
-0.0016576,0.0092886,0.057688
-0.00016534,0.0052934,0.052178
0.00081813,0.0025309,0.046983
0.0013029,0.00094639,0.042086
0.0013073,0.00046954,0.037471
0.0014702,-0.00027675,0.033128
0.002158,-0.002081,0.029049
0.003367,-0.0049443,0.025237
0.0051039,-0.0088851,0.02169
0.0073847,-0.013935,0.018411
0.0083548,-0.017024,0.0175
0.0097921,-0.020235,0.016598
0.011139,-0.023839,0.015716
0.012214,-0.027934,0.014861
0.012995,-0.032536,0.014032
0.013453,-0.037669,0.013226
0.01356,-0.043352,0.012442
0.013286,-0.049609,0.011674
0.0126,-0.056461,0.010919
0.011473,-0.063931,0.010175
0.0051916,-0.053313,0.011884
-0.00052853,-0.04389,0.014132
-0.0056769,-0.035671,0.016938
-0.010244,-0.028669,0.020319
-0.014221,-0.022895,0.024292
-0.017602,-0.01836,0.028865
-0.020383,-0.01507,0.034037
-0.02256,-0.013033,0.039801
-0.024134,-0.012251,0.046143
-0.025255,-0.01243,0.053046
-0.028228,-0.01404,0.045959
-0.03136,-0.015723,0.039517
-0.034655,-0.017479,0.033674
-0.038118,-0.019311,0.028392
-0.041749,-0.021226,0.023639
-0.045544,-0.023248,0.019388
-0.049505,-0.025383,0.015618
-0.053638,-0.027633,0.012309
-0.057948,-0.03,0.0094451
-0.06244,-0.032486,0.0070119
-0.074162,-0.038589,0.0053236
-0.086893,-0.04525,0.0039246
-0.10064,-0.052475,0.0028179
-0.11539,-0.060268,0.0020071
-0.13117,-0.068635,0.0014982
-0.14796,-0.077582,0.0012973
-0.16577,-0.087114,0.0013686
-0.18461,-0.097242,0.0012557
-0.20448,-0.10797,0.00082932
-0.22539,-0.11929,8.1352e-05
-0.18277,-0.097074,-0.00044466
-0.14452,-0.077364,-0.00079448
-0.11062,-0.06016,-0.00099262
-0.081074,-0.045444,-0.0010646
-0.055887,-0.033201,-0.0010337
-0.035059,-0.023412,-0.00092211
-0.018595,-0.01606,-0.00075099
-0.0065003,-0.011129,-0.00054259
0.0012226,-0.0086071,-0.00032125
0.0045784,-0.0084988,-0.00011638
0.0038126,-0.0076781,-9.8079e-05
0.0028009,-0.0070876,-8.6577e-05
0.0015401,-0.0067166,-7.8347e-05
2.5432e-05,-0.006557,-7.0826e-05
-0.0017488,-0.0066048,-6.1962e-05
-0.0037887,-0.0068594,-5.0313e-05
-0.0061004,-0.0073238,-3.4886e-05
-0.0086895,-0.0080038,-1.5297e-05
-0.011561,-0.0089077,8.4194e-06
-0.014718,-0.010045,3.5742e-05
-0.015424,-0.0086871,0.0034181
-0.015614,-0.0081715,0.015258
-0.016514,-0.0061597,0.036238
-0.018257,-0.0023402,0.067518
-0.020901,0.0034137,0.11019
-0.024526,0.011223,0.16491
-0.029216,0.021195,0.23185
-0.035058,0.033425,0.31066
-0.042135,0.047994,0.40064
-0.050528,0.06497,0.50094
-0.042997,0.054961,0.38189
-0.036276,0.045761,0.29193
-0.030297,0.037346,0.22164
-0.025012,0.029711,0.16576
-0.020388,0.022859,0.12103
-0.016399,0.016795,0.085322
-0.013033,0.011522,0.057184
-0.010282,0.0070448,0.035552
-0.0081487,0.0033629,0.019617
-0.0066393,0.00047526,0.00873
-0.0055601,0.0026121,0.015125
-0.004958,0.0047209,0.023287
-0.0048547,0.0068026,0.033249
-0.0052861,0.0088499,0.045031
-0.0062694,0.010866,0.058647
-0.007181,0.013229,0.074084
-0.0077166,0.016134,0.091325
-0.0078448,0.019612,0.11033
-0.0075361,0.023695,0.13104
-0.0067634,0.02841,0.1534
-0.005526,0.01975,0.1623
-0.0043089,0.012761,0.17075
-0.0031549,0.0074331,0.17881
-0.0020978,0.0037583,0.18655
-0.0011979,0.0017103,0.19403
-0.0013271,0.00076889,0.20129
-0.0021348,-0.00047507,0.20836
-0.0028136,-0.003372,0.21526
-0.003374,-0.0079268,0.222
-0.0038327,-0.014145,0.22856
-0.0035291,-0.012332,0.19094
-0.0031106,-0.01056,0.15813
-0.002607,-0.0088515,0.12945
-0.0020502,-0.0072289,0.10442
-0.0014735,-0.005715,0.082671
-0.000913,-0.0043336,0.063908
-0.00040785,-0.0031102,0.047906
-1.068e-06,-0.0020723,0.034472
0.00025916,-0.0012508,0.023449
0.000318,-0.00068045,0.014692
-0.00067864,-0.0011544,0.023619
-0.0029605,-0.0024755,0.03515
-0.0065243,-0.0046478,0.049517
-0.011367,-0.0076764,0.066835
-0.017482,-0.01157,0.087125
-0.024865,-0.016341,0.11032
-0.033508,-0.022003,0.13628
-0.043402,-0.028574,0.16483
-0.054538,-0.036072,0.19575
-0.066908,-0.044515,0.22883
-0.07105,-0.045248,0.21588
-0.074732,-0.046644,0.20507
-0.078005,-0.04865,0.1959
-0.081482,-0.050329,0.18801
-0.085395,-0.051352,0.18114
-0.089754,-0.051731,0.17508
-0.09457,-0.051474,0.16967
-0.099855,-0.050586,0.1648
-0.10562,-0.049071,0.16036
-0.11188,-0.04693,0.15629
-0.11441,-0.051013,0.14448
-0.11703,-0.055032,0.13459
-0.11976,-0.058995,0.12623
-0.12259,-0.062908,0.11909
-0.12551,-0.066777,0.11295
-0.12852,-0.070604,0.10764
-0.13162,-0.074396,0.10301
-0.13481,-0.078153,0.098969
-0.13809,-0.08188,0.095423
-0.14146,-0.085577,0.092306
-0.12807,-0.072145,0.071431
-0.11633,-0.058622,0.052214
-0.1062,-0.044981,0.035362
-0.097647,-0.031192,0.021373
-0.090634,-0.01723,0.010604
-0.085126,-0.0030728,0.0033069
-0.081092,0.011297,-0.00033622
-0.078494,0.025897,-0.0012022
-0.077247,0.040764,-0.0050427
-0.077323,0.05591,-0.012849
-0.071134,0.032398,-0.016555
-0.067311,0.011219,-0.020182
-0.065892,-0.0075761,-0.023702
-0.066926,-0.023961,-0.027129
-0.070478,-0.037937,-0.030488
-0.076614,-0.049532,-0.033818
-0.085404,-0.0588,-0.037147
-0.095799,-0.067414,-0.040498
-0.10521,-0.079254,-0.043877
-0.1136,-0.09449,-0.047287
-0.12595,-0.10047,-0.041429
-0.13866,-0.10699,-0.036184
-0.15174,-0.11406,-0.031483
-0.16519,-0.1217,-0.027279
-0.17899,-0.1299,-0.023527
-0.19317,-0.13868,-0.020196
-0.2077,-0.14805,-0.017257
-0.2226,-0.15801,-0.014691
-0.23786,-0.16857,-0.01248
-0.25347,-0.17974,-0.010615
-0.23701,-0.16841,-0.014022
-0.22135,-0.15759,-0.01895
-0.20642,-0.14726,-0.025591
-0.19221,-0.13736,-0.034102
-0.17867,-0.12788,-0.044606
-0.16576,-0.11877,-0.057207
-0.15345,-0.11002,-0.071984
-0.14171,-0.1016,-0.089007
-0.13052,-0.093499,-0.10833
-0.11986,-0.085686,-0.13
-0.13114,-0.094525,-0.13456
-0.14306,-0.10365,-0.13805
-0.1556,-0.11306,-0.14054
-0.16863,-0.12297,-0.14213
-0.18208,-0.13345,-0.14289
-0.19595,-0.14452,-0.14293
-0.21024,-0.15616,-0.14234
-0.22495,-0.16839,-0.1412
-0.24007,-0.1812,-0.13959
-0.25561,-0.1946,-0.13759
-0.24497,-0.19006,-0.12717
-0.23415,-0.18587,-0.1191
-0.22317,-0.18204,-0.11269
-0.21206,-0.17857,-0.1075
-0.20083,-0.17544,-0.10321
-0.1895,-0.17267,-0.099626
-0.17807,-0.17024,-0.096579
-0.16657,-0.16816,-0.093965
-0.15501,-0.16642,-0.091702
-0.14338,-0.16502,-0.089728
-0.14517,-0.14943,-0.067738
-0.14576,-0.1362,-0.048687
-0.14518,-0.12519,-0.032789
-0.14343,-0.11629,-0.020176
-0.14052,-0.1094,-0.010937
-0.13647,-0.10442,-0.0051232
-0.13195,-0.10036,-0.0027662
-0.12882,-0.094824,-0.0013814
-0.12716,-0.087744,0.0034099
-0.12697,-0.079106,0.011699
-0.12752,-0.084372,0.0047432
-0.12853,-0.089343,0.00015834
-0.12999,-0.094008,-0.0022499
-0.13187,-0.098353,-0.0028666
-0.13413,-0.10234,-0.0045698
-0.13676,-0.10594,-0.0081005
-0.13974,-0.10916,-0.013388
-0.14299,-0.11208,-0.020372
-0.14602,-0.11531,-0.029007
-0.14874,-0.11897,-0.039252
-0.12758,-0.10211,-0.021919
-0.10858,-0.086919,-0.0098341
-0.091559,-0.073267,-0.0031544
-0.076356,-0.061049,-0.0013141
-0.062904,-0.050257,0.0037772
-0.051082,-0.040818,0.01454
-0.040747,-0.032634,0.031056
-0.031802,-0.025581,0.053393
-0.024211,-0.019508,0.081597
-0.01791,-0.014366,0.11571
-0.02212,-0.018075,0.088918
-0.026996,-0.02228,0.065663
-0.032184,-0.027417,0.045897
-0.037686,-0.033484,0.029597
-0.043492,-0.040491,0.016733
-0.049582,-0.048457,0.0072845
-0.055932,-0.057414,0.0012293
-0.06251,-0.067398,-0.0014561
-0.069261,-0.078425,-0.0027217
-0.0761,-0.090479,-0.0071213
-0.057419,-0.087157,-0.0044537
-0.038694,-0.085763,-0.0026902
-0.019941,-0.086311,-0.0016163
-0.0011673,-0.088817,-0.0010891
0.017628,-0.093306,-0.00080533
0.036452,-0.099809,-0.00021422
0.055325,-0.10835,0.00066988
0.074272,-0.11896,0.0018164
0.093324,-0.13166,0.003203
0.11251,-0.14648,0.0048119
0.098458,-0.13274,0.0012438
0.084861,-0.12003,-0.00030885
0.07174,-0.10835,-0.00072555
0.059129,-0.097649,-0.0023684
0.047039,-0.087936,-0.0053443
0.035476,-0.079209,-0.0095432
0.024446,-0.07147,-0.014885
0.013957,-0.064721,-0.021311
0.0040115,-0.058966,-0.028777
-0.0053855,-0.054208,-0.037249
-0.010679,-0.0582,-0.028113
-0.016332,-0.062509,-0.02073
-0.022345,-0.067115,-0.014832
-0.028713,-0.071999,-0.010216
-0.035429,-0.077147,-0.0067214
-0.042487,-0.082547,-0.004216
-0.049879,-0.08819,-0.0025901
-0.057598,-0.094068,-0.0017494
-0.065635,-0.10018,-0.0016043
-0.073993,-0.10653,-0.001351
-0.060056,-0.096493,-0.0012202
-0.046909,-0.087175,-0.0010089
-0.034586,-0.078606,-0.00074555
-0.023123,-0.070823,-0.00042613
-0.012553,-0.063859,-3.1437e-05
-0.0029094,-0.057747,0.00046402
0.0057783,-0.052519,0.0010869
0.013481,-0.048203,0.0018626
0.020174,-0.044828,0.0028138
0.025833,-0.042416,0.0039594
0.026135,-0.039629,0.0046933
0.026222,-0.037074,0.0054693
0.026111,-0.034736,0.0062878
0.025819,-0.032601,0.0071496
0.025361,-0.030657,0.0080552
0.024751,-0.028893,0.0090055
0.024,-0.027302,0.010001
0.02312,-0.025873,0.011042
0.02212,-0.0246,0.012131
0.021149,-0.023349,0.013268
0.019265,-0.021393,0.015809
0.017511,-0.019498,0.018489
0.01577,-0.017768,0.021297
0.014031,-0.016209,0.02423
0.012294,-0.014817,0.027284
0.010558,-0.013593,0.030457
0.008821,-0.012534,0.033748
0.0070837,-0.011639,0.037157
0.0053454,-0.010908,0.040684
0.0036059,-0.010339,0.04433
0.002992,-0.0089306,0.045675
0.0024267,-0.0076315,0.046969
0.0019113,-0.0064409,0.048212
0.0014471,-0.0053575,0.049411
0.0010355,-0.0043801,0.050567
0.0006775,-0.0035075,0.051685
0.00037433,-0.0027388,0.052767
0.00012702,-0.0020728,0.053817
-6.3466e-05,-0.0015088,0.054837
-0.00019621,-0.0010459,0.05583
-0.001379,-0.002959,0.055237
-0.0035123,-0.0060386,0.054644
-0.006598,-0.010286,0.054061
-0.01064,-0.015704,0.053497
-0.015642,-0.022294,0.052953
-0.021613,-0.03006,0.052428
-0.028558,-0.039007,0.051919
-0.036487,-0.04914,0.051425
-0.045409,-0.060466,0.050942
-0.055332,-0.072992,0.050471
-0.059101,-0.081629,0.032777
-0.062894,-0.090843,0.019346
-0.06679,-0.10069,0.0097436
-0.070865,-0.11124,0.0036369
-0.07519,-0.12252,0.00076138
-0.079833,-0.1346,0.00013165
-0.084864,-0.14751,-0.0026044
-0.090337,-0.1613,-0.0079619
-0.096296,-0.176,-0.015786
-0.10278,-0.19162,-0.02594
-0.098677,-0.1679,-0.035619
-0.094094,-0.14618,-0.045911
-0.089025,-0.12644,-0.05669
-0.083467,-0.10865,-0.067875
-0.077413,-0.092797,-0.079398
-0.070862,-0.078862,-0.091219
-0.063807,-0.066829,-0.1033
-0.056244,-0.056682,-0.11562
-0.048337,-0.048241,-0.12815
-0.041852,-0.039728,-0.1409
-0.051566,-0.050529,-0.14277
-0.062693,-0.062526,-0.14505
-0.07527,-0.075775,-0.1477
-0.08933,-0.090331,-0.15073
-0.10485,-0.1063,-0.15414
-0.12171,-0.12387,-0.15793
-0.13992,-0.1431,-0.16208
-0.15951,-0.164,-0.16658
-0.18051,-0.18661,-0.17141
-0.20293,-0.21093,-0.17654
-0.21942,-0.22569,-0.1786
-0.23554,-0.24195,-0.17921
-0.25239,-0.25862,-0.1786
-0.27072,-0.27499,-0.17698
-0.29051,-0.29108,-0.1745
-0.31178,-0.30687,-0.17132
-0.33452,-0.32239,-0.16754
-0.35875,-0.33762,-0.16326
-0.38445,-0.35256,-0.15855
-0.41163,-0.36722,-0.15348
-0.37632,-0.34202,-0.17621
-0.34335,-0.31802,-0.19639
-0.31259,-0.29515,-0.21464
-0.28395,-0.27331,-0.23142
-0.25731,-0.25244,-0.24701
-0.23258,-0.23246,-0.26166
-0.2097,-0.21331,-0.27548
-0.18857,-0.19494,-0.2886
-0.16913,-0.17731,-0.30108
-0.15132,-0.16036,-0.31299
-0.14204,-0.14973,-0.34723
-0.13324,-0.13916,-0.38457
-0.12495,-0.12866,-0.42474
-0.11717,-0.11825,-0.46756
-0.10991,-0.10793,-0.51283
-0.10317,-0.097714,-0.56043
-0.096969,-0.087612,-0.61016
-0.091301,-0.077625,-0.66196
-0.086176,-0.067759,-0.71562
-0.081596,-0.058014,-0.77112
-0.082756,-0.062358,-0.68239
-0.084399,-0.067136,-0.608
-0.086492,-0.072301,-0.54382
-0.089013,-0.077823,-0.48741
-0.091948,-0.083681,-0.43707
-0.095289,-0.089859,-0.39171
-0.099027,-0.096345,-0.3505
-0.10316,-0.10313,-0.31288
-0.10767,-0.1102,-0.27841
-0.11257,-0.11755,-0.24675
-0.10339,-0.11,-0.26421
-0.094791,-0.10255,-0.27974
-0.086755,-0.095191,-0.29373
-0.079277,-0.087939,-0.30642
-0.072347,-0.080792,-0.31809
-0.065885,-0.073816,-0.32891
-0.05954,-0.067316,-0.33904
-0.053268,-0.061326,-0.34859
-0.047067,-0.055838,-0.35768
-0.040936,-0.050846,-0.36635
-0.039801,-0.050702,-0.34704
-0.038783,-0.050765,-0.32953
-0.037868,-0.051021,-0.31346
-0.037046,-0.051453,-0.29856
-0.036308,-0.05205,-0.28465
-0.035646,-0.052803,-0.27155
-0.035056,-0.053703,-0.25916
-0.034531,-0.054743,-0.24738
-0.034068,-0.055915,-0.23615
-0.033661,-0.057216,-0.22539
-0.032191,-0.052327,-0.22389
-0.030629,-0.047715,-0.2231
-0.028988,-0.043368,-0.2229
-0.027284,-0.039276,-0.22321
-0.025527,-0.035429,-0.22395
-0.023729,-0.031821,-0.22506
-0.021899,-0.028443,-0.2265
-0.020045,-0.02529,-0.22822
-0.018175,-0.022355,-0.2302
-0.016296,-0.019635,-0.2324
-0.020381,-0.024179,-0.22868
-0.024751,-0.029268,-0.22497
-0.029463,-0.034857,-0.22127
-0.034644,-0.040843,-0.21756
-0.0403,-0.047226,-0.21385
-0.046433,-0.054008,-0.21011
-0.053044,-0.061193,-0.20637
-0.060136,-0.068785,-0.2026
-0.067709,-0.076786,-0.19881
-0.075766,-0.085199,-0.19499
-0.067497,-0.075217,-0.19658
-0.059708,-0.065685,-0.19928
-0.052413,-0.056621,-0.20292
-0.045622,-0.048042,-0.20739
-0.039347,-0.039962,-0.21259
-0.033598,-0.032396,-0.21844
-0.028382,-0.025355,-0.22488
-0.023707,-0.018853,-0.23187
-0.019578,-0.0129,-0.23936
-0.016,-0.0075066,-0.24731
-0.017143,-0.014112,-0.24354
-0.019407,-0.020733,-0.23961
-0.02279,-0.027371,-0.23554
-0.02729,-0.034032,-0.23134
-0.032509,-0.041035,-0.22702
-0.037521,-0.049122,-0.22259
-0.042282,-0.058315,-0.21804
-0.046789,-0.068613,-0.21339
-0.051033,-0.08001,-0.20864
-0.055014,-0.092503,-0.20379
-0.049843,-0.080423,-0.19944
-0.044648,-0.069183,-0.19569
-0.039473,-0.058793,-0.19244
-0.034357,-0.04926,-0.18963
-0.02934,-0.040593,-0.1872
-0.024456,-0.032802,-0.1851
-0.019737,-0.025892,-0.18331
-0.015213,-0.019873,-0.18177
-0.011217,-0.014511,-0.18045
-0.0080644,-0.0095867,-0.17934
-0.015877,-0.016902,-0.1312
-0.02554,-0.02527,-0.092346
-0.037076,-0.03473,-0.061311
-0.050521,-0.045324,-0.037214
-0.065922,-0.057092,-0.019594
-0.083329,-0.070075,-0.0082373
-0.10279,-0.08431,-0.0030704
-0.1244,-0.09986,-0.0019801
-0.1483,-0.11688,0.0040656
-0.17455,-0.1354,0.016043
-0.16737,-0.14681,0.014602
-0.16126,-0.15702,0.013851
-0.1562,-0.16606,0.013585
-0.15221,-0.17397,0.013679
-0.14931,-0.18076,0.014041
-0.14749,-0.18646,0.014616
-0.14678,-0.19111,0.015357
-0.14718,-0.19472,0.016237
-0.14848,-0.19749,0.017229
-0.1489,-0.2008,0.018324
-0.15576,-0.20969,0.0061246
-0.16277,-0.21892,-0.0013256
-0.16992,-0.22847,-0.0043499
-0.17717,-0.23833,-0.005903
-0.18446,-0.24842,-0.011318
-0.19178,-0.25874,-0.020598
-0.19916,-0.2693,-0.033642
-0.2067,-0.28001,-0.050368
-0.21441,-0.29087,-0.070717
-0.22228,-0.30189,-0.094643
-0.19019,-0.25944,-0.090147
-0.16132,-0.22077,-0.08556
-0.13536,-0.18581,-0.080931
-0.11196,-0.15447,-0.076306
-0.091018,-0.12657,-0.07171
-0.072437,-0.10193,-0.06717
-0.05612,-0.080367,-0.062702
-0.041977,-0.061735,-0.058325
-0.029924,-0.045886,-0.054048
-0.019877,-0.032681,-0.049883
-0.02803,-0.044038,-0.040152
-0.037466,-0.057201,-0.031587
-0.048221,-0.072228,-0.02417
-0.060328,-0.089172,-0.017891
-0.073816,-0.10809,-0.012742
-0.088713,-0.12903,-0.0087092
-0.10504,-0.15204,-0.0057714
-0.12282,-0.17717,-0.0038991
-0.14206,-0.20445,-0.0030579
-0.16277,-0.23392,-0.0031415
-0.15572,-0.22277,-0.0029542
-0.14854,-0.21202,-0.0027382
-0.14124,-0.20166,-0.0024738
-0.13403,-0.19156,-0.0021367
-0.12724,-0.18149,-0.0017032
-0.12088,-0.17145,-0.0011501
-0.11493,-0.16147,-0.00045716
-0.10939,-0.15155,0.00039326
-0.10425,-0.14171,0.0014162
-0.099512,-0.13197,0.0026249
-0.093717,-0.12763,-4.8244e-05
-0.088347,-0.12318,-0.0013009
-0.083393,-0.11859,-0.0015113
-0.078838,-0.11389,-0.0023275
-0.074674,-0.10906,-0.0040548
-0.070899,-0.10412,-0.0065955
-0.067219,-0.099265,-0.0098715
-0.063317,-0.094721,-0.01382
-0.059197,-0.090485,-0.018392
-0.054861,-0.086556,-0.023547
-0.06867,-0.10627,-0.0089646
-0.083792,-0.12814,-0.0021733
-0.10027,-0.15223,-0.00067441
-0.11819,-0.17861,0.0060062
-0.13758,-0.20734,0.018922
-0.15842,-0.23842,0.037528
-0.18072,-0.27189,0.061257
-0.20446,-0.30775,0.089557
-0.22963,-0.34601,0.12192
-0.25621,-0.38667,0.15791
-0.25785,-0.38788,0.083566
-0.26199,-0.38733,0.036888
-0.26854,-0.3851,0.0096872
-0.2775,-0.38125,-0.0026168
-0.28883,-0.3758,-0.0054507
-0.30246,-0.3687,-0.015817
-0.31842,-0.35995,-0.035445
-0.33675,-0.34955,-0.063527
-0.35753,-0.33751,-0.099472
-0.38079,-0.32382,-0.14283
-0.38204,-0.32853,-0.13426
-0.38325,-0.3331,-0.1278
-0.38443,-0.33753,-0.1226
-0.38559,-0.34183,-0.11817
-0.38671,-0.346,-0.1142
-0.38782,-0.35004,-0.1105
-0.38889,-0.35396,-0.10691
-0.38995,-0.35777,-0.10339
-0.39099,-0.36146,-0.099873
-0.392,-0.36503,-0.096341
-0.39936,-0.39665,-0.11246
-0.40736,-0.42867,-0.12888
-0.41599,-0.4611,-0.14561
-0.42523,-0.49391,-0.16269
-0.43509,-0.52709,-0.18012
-0.44554,-0.56063,-0.19791
-0.45659,-0.59452,-0.21604
-0.46821,-0.62875,-0.2345
-0.4804,-0.6633,-0.25326
-0.49315,-0.69816,-0.27231
-0.45778,-0.6492,-0.26929
-0.4249,-0.60377,-0.26361
-0.39427,-0.56154,-0.25624
-0.36571,-0.52223,-0.24778
-0.33904,-0.48558,-0.23856
-0.3141,-0.45136,-0.22882
-0.29077,-0.41937,-0.21873
-0.26893,-0.38944,-0.20841
-0.24847,-0.36141,-0.19795
-0.22929,-0.33515,-0.18743
-0.1955,-0.27418,-0.15194
-0.16682,-0.22117,-0.12775
-0.14261,-0.17513,-0.11047
-0.12236,-0.13524,-0.097694
-0.10564,-0.10081,-0.088033
-0.092059,-0.071228,-0.080609
-0.081294,-0.045986,-0.074858
-0.07306,-0.024629,-0.07038
-0.06711,-0.0067717,-0.066897
-0.063237,0.0079161,-0.064191
-0.066826,0.015396,-0.04295
-0.070818,0.022517,-0.026283
-0.07523,0.029312,-0.013901
-0.080093,0.035821,-0.0055782
-0.085452,0.042083,-0.001152
-0.091363,0.048135,-9.5688e-05
-0.097941,0.053943,0.0029729
-0.10527,0.059517,0.009662
-0.11341,0.064884,0.019929
-0.12244,0.070064,0.033747
-0.12838,0.073185,0.019729
-0.13475,0.075846,0.0095749
-0.14157,0.078064,0.0030192
-0.14885,0.07985,-0.00012831
-0.1566,0.081223,-0.0010068
-0.1648,0.082261,-0.0044193
-0.17346,0.082973,-0.010911
-0.18259,0.083357,-0.02041
-0.19221,0.083407,-0.032859
-0.20235,0.083118,-0.048215
-0.18802,0.065455,-0.025819
-0.17515,0.047927,-0.01127
-0.16364,0.030485,-0.0035126
-0.15345,0.013079,-0.0016619
-0.14459,-0.0044614,0.0017203
-0.13706,-0.022243,0.010212
-0.13085,-0.040302,0.023524
-0.12591,-0.05867,0.041435
-0.12225,-0.077377,0.06376
-0.11985,-0.096449,0.090345
-0.11696,-0.097414,0.066847
-0.11437,-0.098549,0.04741
-0.11206,-0.099836,0.031509
-0.11,-0.10126,0.0188
-0.10815,-0.10282,0.0090414
-0.1065,-0.10449,0.0020721
-0.10502,-0.10627,-0.002222
-0.1037,-0.10815,-0.0039177
-0.10249,-0.11008,-0.004939
-0.10134,-0.11199,-0.0084255
-0.09728,-0.10099,-0.0085815
-0.093634,-0.090421,-0.0084329
-0.090396,-0.080264,-0.0080267
-0.08756,-0.070509,-0.0074197
-0.085121,-0.061143,-0.0066706
-0.083074,-0.052155,-0.0058358
-0.081413,-0.043535,-0.0049676
-0.080133,-0.035271,-0.0041127
-0.079227,-0.027355,-0.0033146
-0.078688,-0.019778,-0.0026113
-0.079769,-0.025403,-0.0044982
-0.08098,-0.031244,-0.0071566
-0.082325,-0.03731,-0.01043
-0.083809,-0.043608,-0.014193
-0.085435,-0.050146,-0.018339
-0.087206,-0.056929,-0.022783
-0.089122,-0.063962,-0.027452
-0.091186,-0.071248,-0.032287
-0.093397,-0.078792,-0.037237
-0.095755,-0.086594,-0.042261
-0.10392,-0.066937,-0.022752
-0.11456,-0.046998,-0.010751
-0.12769,-0.026714,-0.0044868
-0.14336,-0.0060268,-0.002768
-0.16171,0.015016,-0.00036465
-0.18286,0.036409,0.005263
-0.20687,0.058192,0.013699
-0.23384,0.080393,0.024606
-0.26384,0.10303,0.037696
-0.29695,0.1261,0.052725
-0.25493,0.10684,0.036423
-0.21657,0.089124,0.025297
-0.18174,0.072954,0.017465
-0.15032,0.058311,0.011847
-0.12221,0.045169,0.0077819
-0.097337,0.033498,0.0048489
-0.075614,0.023263,0.0027643
-0.056965,0.014427,0.0013302
-0.04132,0.0069484,0.00040169
-0.028606,0.00078654,-0.00013117
-0.030688,0.0021626,-0.00052561
-0.032862,0.0035858,-0.0010407
-0.035109,0.0050697,-0.0024781
-0.037426,0.0066135,-0.0048765
-0.039808,0.0082158,-0.0082716
-0.042251,0.0098746,-0.012699
-0.044753,0.011587,-0.018193
-0.04731,0.013351,-0.02479
-0.049919,0.015163,-0.032528
-0.052578,0.017019,-0.041445
-0.061149,0.023224,-0.038653
-0.07073,0.02953,-0.03563
-0.081332,0.03595,-0.032439
-0.092967,0.042495,-0.029144
-0.10565,0.04918,-0.025802
-0.11938,0.056016,-0.022477
-0.13419,0.063018,-0.019228
-0.15004,0.070244,-0.016121
-0.1668,0.078052,-0.013215
-0.18445,0.086511,-0.010579
-0.18834,0.088483,-0.014608
-0.19226,0.090517,-0.019137
-0.1962,0.092611,-0.024082
-0.20017,0.094765,-0.029373
-0.20417,0.096976,-0.034953
-0.20819,0.099243,-0.040775
-0.21225,0.10157,-0.046793
-0.21634,0.10394,-0.052974
-0.22047,0.10638,-0.05928
-0.22462,0.10886,-0.065684
-0.22284,0.1069,-0.061632
-0.22095,0.10495,-0.05988
-0.21897,0.103,-0.05985
-0.21691,0.10107,-0.061183
-0.21477,0.099166,-0.063645
-0.21255,0.097288,-0.067088
-0.21027,0.095443,-0.071411
-0.20791,0.093635,-0.076548
-0.20549,0.091871,-0.082454
-0.203,0.090155,-0.089104
-0.20103,0.089791,-0.08986
-0.19895,0.089733,-0.088641
-0.19675,0.089987,-0.085841
-0.19441,0.090557,-0.081824
-0.19194,0.091447,-0.076898
-0.18933,0.092662,-0.071334
-0.18658,0.094202,-0.065351
-0.18368,0.096072,-0.059137
-0.18064,0.098273,-0.052847
-0.17745,0.10081,-0.04661
-0.16278,0.096587,-0.033201
-0.14856,0.092842,-0.024248
-0.13482,0.089572,-0.018159
-0.12156,0.086778,-0.013955
-0.10876,0.084461,-0.011019
-0.096434,0.082621,-0.0089496
-0.084569,0.08126,-0.0074841
-0.073162,0.080377,-0.0064465
-0.062208,0.079971,-0.0057204
-0.051701,0.080041,-0.0052266
-0.068474,0.065271,-0.0037622
-0.083991,0.05511,-0.00282
-0.098334,0.049352,-0.0023489
-0.11154,0.047872,-0.0023142
-0.12361,0.050615,-0.0023689
-0.13642,0.052983,-0.0020902
-0.15141,0.05133,-0.0014275
-0.1686,0.045502,-0.00037725
-0.18802,0.035318,0.0010633
-0.20969,0.020587,0.0028976
-0.21466,0.017521,0.0015042
-0.21972,0.01432,0.00072953
-0.22486,0.010979,0.00036289
-0.23009,0.0074965,0.000284
-0.23539,0.0038699,0.00042645
-0.24079,9.9612e-05,0.00075781
-0.24626,-0.0038146,0.0012643
-0.25182,-0.0078717,0.0019441
-0.25745,-0.012071,0.0028002
-0.26318,-0.016412,0.0038395
-0.25142,-0.0056668,0.0035646
-0.24032,0.0038258,0.0033841
-0.22983,0.01217,0.0032859
-0.2199,0.019461,0.0032621
-0.2105,0.025783,0.0033068
-0.20159,0.031211,0.0034165
-0.19313,0.035814,0.0035882
-0.18511,0.039654,0.0038207
-0.17749,0.042789,0.0041123
-0.17025,0.045268,0.0044631
-0.15443,0.038488,0.0020485
-0.13956,0.032183,0.00039234
-0.12561,0.026334,-0.00063627
-0.11256,0.020926,-0.0011343
-0.10037,0.01594,-0.0011764
-0.089029,0.011355,-0.0010627
-0.078504,0.0071371,-0.0013268
-0.068775,0.0032764,-0.0019494
-0.059822,-0.00023882,-0.0028982
-0.051624,-0.0034193,-0.004146
-0.063546,-0.0017472,-0.0039787
-0.07682,5.1106e-05,-0.0038246
-0.091455,0.0019535,-0.0036897
-0.10746,0.0039394,-0.0035787
-0.12485,0.005989,-0.0034941
-0.14362,0.0080845,-0.0034369
-0.16379,0.010209,-0.0034065
-0.18537,0.012348,-0.0034013
-0.20835,0.014489,-0.0034189
-0.23275,0.016622,-0.0034565
-0.22706,0.01031,-0.0020646
-0.22155,0.0039777,-0.0012038
-0.21621,-0.0023751,-0.00077912
-0.21104,-0.008736,-0.00037781
-0.20605,-0.015097,0.00032665
-0.20121,-0.021461,0.0012975
-0.19653,-0.02783,0.0025074
-0.19201,-0.034207,0.0039347
-0.18764,-0.040592,0.0055629
-0.18341,-0.046987,0.0073779
-0.17263,-0.061732,0.0058015
-0.16277,-0.076696,0.0045616
-0.1538,-0.091892,0.0036441
-0.1457,-0.10733,0.0030395
-0.13847,-0.12302,0.0027425
-0.13208,-0.13896,0.0027491
-0.12653,-0.15517,0.002942
-0.12179,-0.17167,0.0028399
-0.11787,-0.18844,0.0023893
-0.11476,-0.2055,0.0015866
-0.11219,-0.18929,0.00036385
-0.10988,-0.17355,-0.00064009
-0.10782,-0.15828,-0.0014101
-0.10601,-0.14349,-0.0019608
-0.10446,-0.1292,-0.0023151
-0.10316,-0.11542,-0.0025018
-0.10211,-0.10216,-0.0025487
-0.10132,-0.089431,-0.0024833
-0.10078,-0.077239,-0.0023302
-0.10049,-0.065595,-0.002113
-0.10046,-0.053039,-0.0026828
-0.10079,-0.041428,-0.0032842
-0.10147,-0.03071,-0.0039162
-0.10247,-0.020841,-0.0045784
-0.10378,-0.011777,-0.0052701
-0.10541,-0.0034836,-0.0059911
-0.10732,0.0040721,-0.0067407
-0.10953,0.010918,-0.0075186
-0.11203,0.017078,-0.0083239
-0.11481,0.022572,-0.0091575
-0.12909,0.021298,-0.014375
-0.14477,0.019426,-0.020877
-0.1619,0.016964,-0.028717
-0.18053,0.013918,-0.037958
-0.20072,0.010291,-0.048656
-0.22253,0.0060896,-0.060872
-0.24598,0.001316,-0.074655
-0.27114,-0.0040258,-0.090054
-0.29802,-0.0099337,-0.1071
-0.32665,-0.016405,-0.12583
-0.34763,-0.019673,-0.10287
-0.36924,-0.023067,-0.083117
-0.39149,-0.026586,-0.066111
-0.41439,-0.030223,-0.051545
-0.43794,-0.033974,-0.039179
-0.46213,-0.037829,-0.028836
-0.48698,-0.041782,-0.020379
-0.51247,-0.045825,-0.013696
-0.53861,-0.04995,-0.0086969
-0.56539,-0.054147,-0.0053035
-0.52621,-0.073852,-0.0061015
-0.48936,-0.092925,-0.0062816
-0.45473,-0.1114,-0.0060931
-0.42222,-0.12931,-0.0057616
-0.39174,-0.14667,-0.0054611
-0.36319,-0.16353,-0.0053213
-0.3365,-0.1799,-0.0054386
-0.31159,-0.19581,-0.0057981
-0.2884,-0.2113,-0.0058671
-0.26686,-0.2264,-0.0055047
-0.28893,-0.21208,-0.0059908
-0.31256,-0.1975,-0.0063001
-0.33776,-0.18267,-0.0062948
-0.36452,-0.16757,-0.0063722
-0.39286,-0.1522,-0.006934
-0.42277,-0.13656,-0.0080398
-0.45426,-0.12065,-0.0097325
-0.48734,-0.10449,-0.012043
-0.52201,-0.088058,-0.014995
-0.55827,-0.071373,-0.018605
-0.48817,-0.10035,-0.0084971
-0.42454,-0.12685,-0.0061203
-0.36709,-0.15118,-0.0048361
-0.31553,-0.17361,-0.00041462
-0.2696,-0.19422,0.0062484
-0.22906,-0.2131,0.014594
-0.19372,-0.23032,0.024249
-0.16339,-0.24599,0.034956
-0.13792,-0.26016,0.046519
-0.11718,-0.27292,0.058792
-0.12042,-0.27388,0.06553
-0.1238,-0.27493,0.073183
-0.12731,-0.27608,0.081633
-0.13096,-0.2773,0.090791
-0.13475,-0.27861,0.10056
-0.13868,-0.28,0.11087
-0.14273,-0.28145,0.12165
-0.14693,-0.28299,0.13283
-0.15126,-0.28459,0.14434
-0.15572,-0.28627,0.15615
-0.14939,-0.2742,0.22468
-0.14333,-0.26257,0.29856
-0.13754,-0.25136,0.37685
-0.13203,-0.24053,0.45896
-0.12678,-0.2301,0.54447
-0.12182,-0.22004,0.63311
-0.11712,-0.21036,0.72456
-0.1127,-0.20105,0.81868
-0.10856,-0.19209,0.91509
-0.10469,-0.18349,1.0137
-0.10535,-0.18224,0.83451
-0.10639,-0.18196,0.69553
-0.10765,-0.18228,0.58209
-0.10907,-0.18301,0.48668
-0.11058,-0.18405,0.40478
-0.11218,-0.18531,0.33371
-0.11384,-0.18676,0.27169
-0.11556,-0.18837,0.21751
-0.11735,-0.19013,0.17035
-0.11918,-0.19201,0.12955
-0.1182,-0.20061,0.10859
-0.11727,-0.20933,0.09284
-0.1164,-0.21813,0.080829
-0.11557,-0.227,0.071539
-0.11479,-0.23594,0.064321
-0.11405,-0.24493,0.058679
-0.11334,-0.25397,0.054299
-0.11267,-0.26305,0.050923
-0.11204,-0.27216,0.048395
-0.11144,-0.2813,0.04657
-0.13872,-0.3269,0.041038
-0.16954,-0.37629,0.034801
-0.20393,-0.4295,0.028025
-0.24191,-0.48658,0.020881
-0.28349,-0.54752,0.01357
-0.3287,-0.61234,0.0062502
-0.37753,-0.68101,-0.00092016
-0.42999,-0.75353,-0.0078422
-0.48606,-0.82986,-0.014432
-0.54575,-0.90996,-0.020663
-0.52474,-0.91239,-0.017181
-0.50459,-0.91556,-0.014946
-0.48528,-0.9194,-0.013521
-0.46677,-0.92387,-0.012654
-0.44905,-0.92891,-0.01214
-0.43209,-0.93447,-0.01187
-0.41587,-0.94051,-0.011765
-0.40037,-0.94699,-0.011802
-0.38558,-0.95387,-0.011947
-0.37146,-0.96113,-0.012197
-0.35716,-0.86513,-0.012086
-0.34438,-0.77689,-0.01244
-0.33298,-0.69567,-0.013002
-0.32283,-0.62087,-0.013629
-0.3138,-0.55195,-0.014221
-0.30579,-0.48842,-0.014712
-0.29873,-0.42988,-0.015048
-0.29253,-0.37598,-0.015189
-0.28712,-0.32638,-0.015101
-0.28244,-0.28081,-0.014754
-0.27804,-0.25762,-0.015064
-0.27384,-0.23529,-0.017244
-0.26985,-0.21382,-0.020979
-0.26607,-0.19321,-0.025893
-0.2625,-0.17346,-0.03176
-0.25915,-0.15457,-0.03844
-0.256,-0.13654,-0.045838
-0.25306,-0.11936,-0.053887
-0.25032,-0.10303,-0.062534
-0.24778,-0.087551,-0.071742
-0.23412,-0.091397,-0.05477
-0.22091,-0.09487,-0.040872
-0.20814,-0.097991,-0.029689
-0.1958,-0.10078,-0.021001
-0.18388,-0.10325,-0.014666
-0.17237,-0.10542,-0.01059
-0.16125,-0.1073,-0.0087196
-0.15058,-0.10893,-0.0077028
-0.14043,-0.11042,-0.0046548
-0.1308,-0.11177,0.00051596
-0.13223,-0.11402,0.0018867
-0.13366,-0.11628,0.0030863
-0.1351,-0.11855,0.0041087
-0.13653,-0.12083,0.0049628
-0.13797,-0.12312,0.0056576
-0.13941,-0.12542,0.0062106
-0.14085,-0.12774,0.0066331
-0.14229,-0.13006,0.0069415
-0.14374,-0.1324,0.0071446
-0.1452,-0.13474,0.0072534
-0.1439,-0.14374,0.010145
-0.14265,-0.15295,0.013007
-0.14145,-0.16237,0.01582
-0.1403,-0.172,0.018577
-0.13919,-0.18183,0.021267
-0.13813,-0.19187,0.023891
-0.13712,-0.20212,0.026441
-0.13615,-0.21258,0.028918
-0.13523,-0.22325,0.031317
-0.13436,-0.23413,0.033637
-0.1296,-0.21308,0.016898
-0.12506,-0.19335,0.0061493
-0.12068,-0.17482,-0.0005679
-0.11644,-0.15741,-0.0044475
-0.11231,-0.14108,-0.0062539
-0.10827,-0.12577,-0.0064935
-0.1043,-0.11143,-0.0063602
-0.10036,-0.097993,-0.0072417
-0.096458,-0.085439,-0.0089777
-0.092602,-0.073752,-0.011429
-0.096763,-0.075227,-0.011444
-0.10102,-0.076712,-0.011525
-0.10538,-0.078209,-0.011661
-0.10984,-0.079715,-0.011841
-0.1144,-0.081232,-0.012056
-0.11906,-0.082758,-0.012297
-0.12381,-0.084292,-0.012559
-0.12867,-0.085834,-0.012834
-0.13363,-0.087384,-0.013117
-0.1387,-0.088939,-0.013402
-0.1474,-0.083225,-0.011808
-0.15644,-0.07762,-0.010553
-0.16584,-0.072123,-0.0095511
-0.17558,-0.066732,-0.008741
-0.18568,-0.061445,-0.0080777
-0.19613,-0.05626,-0.007527
-0.20695,-0.051176,-0.0070644
-0.21813,-0.046191,-0.0066703
-0.22968,-0.041305,-0.0063307
-0.2416,-0.036517,-0.006034
-0.24484,-0.042348,-0.0072596
-0.24812,-0.04847,-0.0085604
-0.25145,-0.05489,-0.0098115
-0.25482,-0.061613,-0.010942
-0.25823,-0.068643,-0.011918
-0.26168,-0.075985,-0.012723
-0.26518,-0.083643,-0.013356
-0.26872,-0.091621,-0.01382
-0.27231,-0.099925,-0.014123
-0.27593,-0.10856,-0.014274
-0.23361,-0.10632,-0.0076177
-0.19569,-0.10306,-0.0041555
-0.16192,-0.098932,-0.0025079
-0.13204,-0.094072,-0.0018493
-0.10584,-0.088607,-0.0010143
-0.083096,-0.082646,7.768e-05
-0.063608,-0.07629,0.0012766
-0.047177,-0.069638,0.0024885
-0.033611,-0.062787,0.0036526
-0.022729,-0.05583,0.0047301
-0.024547,-0.06342,0.0044534
-0.026469,-0.071352,0.0042032
-0.028496,-0.079615,0.0039788
-0.030627,-0.088199,0.0037804
-0.032865,-0.097097,0.0036075
-0.035208,-0.1063,0.0034603
-0.037659,-0.11581,0.0033383
-0.040217,-0.12562,0.0032417
-0.042884,-0.13573,0.0031702
-0.04566,-0.14614,0.0031237
-0.049482,-0.1362,0.0024788
-0.053683,-0.1267,0.0021214
-0.058257,-0.1176,0.0019448
-0.063203,-0.10889,0.0018869
-0.068517,-0.10055,0.0019123
-0.0742,-0.092556,0.0020027
-0.080248,-0.084896,0.0021501
-0.08666,-0.077554,0.0023528
-0.093436,-0.07052,0.0026132
-0.10057,-0.063781,0.0029356
-0.098811,-0.062618,0.010324
-0.096979,-0.061337,0.022739
-0.095103,-0.059964,0.039448
-0.093204,-0.058519,0.059912
-0.091297,-0.057018,0.083722
-0.089394,-0.055471,0.11056
-0.087505,-0.053889,0.14017
-0.085636,-0.052278,0.17235
-0.083793,-0.050642,0.20691
-0.081979,-0.048987,0.24373
-0.098393,-0.050549,0.20868
-0.11622,-0.052038,0.178
-0.13547,-0.053467,0.15095
-0.15616,-0.054846,0.12702
-0.1783,-0.056183,0.10583
-0.20189,-0.057485,0.087103
-0.22695,-0.058757,0.070625
-0.25347,-0.060002,0.05624
-0.28148,-0.061222,0.043831
-0.31097,-0.062422,0.033301
-0.27214,-0.069971,0.025532
-0.2363,-0.077303,0.020082
-0.20337,-0.084445,0.016141
-0.17325,-0.091418,0.013217
-0.14585,-0.09824,0.011007
-0.1211,-0.10493,0.0093104
-0.098933,-0.11149,0.0079963
-0.079268,-0.11795,0.0069696
-0.062051,-0.12431,0.0061672
-0.047225,-0.1306,0.0055381
-0.053912,-0.13516,0.0030167
-0.061031,-0.13979,0.0023797
-0.068594,-0.14454,0.0010001
-0.076603,-0.14942,-0.0025731
-0.085048,-0.15444,-0.0084246
-0.093915,-0.1596,-0.016628
-0.10319,-0.16491,-0.027237
-0.11288,-0.17035,-0.040301
-0.12295,-0.17594,-0.05585
-0.1334,-0.18165,-0.073914
-0.14094,-0.1814,-0.039593
-0.14876,-0.18156,-0.016506
-0.15685,-0.18203,-0.0029313
-0.16522,-0.18275,0.002285
-0.17383,-0.18361,0.0046773
-0.18265,-0.1845,0.013732
-0.19169,-0.18541,0.029282
-0.20098,-0.18633,0.05099
-0.21053,-0.18725,0.078587
-0.22035,-0.18819,0.11186
-0.19985,-0.17337,0.1041
-0.1801,-0.15933,0.096232
-0.16113,-0.14603,0.088309
-0.14299,-0.13345,0.0804
-0.12572,-0.12157,0.072566
-0.10937,-0.11035,0.064875
-0.093981,-0.099789,0.057384
-0.07959,-0.089857,0.050155
-0.066242,-0.080538,0.04324
-0.053982,-0.071816,0.036689
-0.066489,-0.064422,0.030264
-0.080375,-0.057421,0.024947
-0.095637,-0.05081,0.020495
-0.11227,-0.044588,0.016729
-0.13028,-0.038758,0.01352
-0.14965,-0.033324,0.010767
-0.17039,-0.028292,0.0083928
-0.1925,-0.023671,0.0063357
-0.21596,-0.01947,0.004547
-0.24079,-0.015697,0.002985
-0.2326,-0.019918,0.0020369
-0.22455,-0.024538,0.0013658
-0.21664,-0.029556,0.0008899
-0.20886,-0.034969,0.00055453
-0.20122,-0.040779,0.00032506
-0.1937,-0.046984,0.00017809
-0.18632,-0.053584,9.9829e-05
-0.17906,-0.060579,8.129e-05
-0.17193,-0.067968,0.00011847
-0.16492,-0.075753,0.00020946
-0.15997,-0.073202,0.00094763
-0.15511,-0.070769,0.0013892
-0.15033,-0.068448,0.0015452
-0.14565,-0.066233,0.0014574
-0.14104,-0.064119,0.0011799
-0.13653,-0.062102,0.00076815
-0.13209,-0.060177,0.00027482
-0.12774,-0.05834,-0.00025257
-0.12348,-0.056588,-0.00077202
-0.1193,-0.054916,-0.0012467
-0.11199,-0.048083,-0.002282
-0.10501,-0.041486,-0.004981
-0.098313,-0.035169,-0.011048
-0.091881,-0.029199,-0.020218
-0.085688,-0.023634,-0.032304
-0.079712,-0.018528,-0.047174
-0.073934,-0.013924,-0.064735
-0.068333,-0.0098596,-0.084921
-0.062891,-0.0063622,-0.10768
-0.057593,-0.0034514,-0.133
-0.06179,-0.0095193,-0.13893
-0.066155,-0.018405,-0.1448
-0.070706,-0.03014,-0.15062
-0.075454,-0.044758,-0.15638
-0.08041,-0.062293,-0.16207
-0.085584,-0.082779,-0.1677
-0.090979,-0.10625,-0.17324
-0.096602,-0.13274,-0.17869
-0.10245,-0.16227,-0.18403
-0.10853,-0.19487,-0.18928
-0.11386,-0.17457,-0.17272
-0.11933,-0.15543,-0.15848
-0.12494,-0.13747,-0.14591
-0.13068,-0.12068,-0.13463
-0.13658,-0.10509,-0.12435
-0.14261,-0.090679,-0.11488
-0.14878,-0.077469,-0.10609
-0.15508,-0.065458,-0.097878
-0.16151,-0.05465,-0.09018
-0.16806,-0.045048,-0.082943
-0.14914,-0.041461,-0.067471
-0.13154,-0.037973,-0.053402
-0.11521,-0.034592,-0.040861
-0.10012,-0.031323,-0.029931
-0.086225,-0.028174,-0.020676
-0.073498,-0.025152,-0.013137
-0.061902,-0.022263,-0.0073499
-0.051402,-0.019514,-0.0033377
-0.041964,-0.016913,-0.001121
-0.033558,-0.014468,-0.00048635
-0.031006,-0.018962,-0.00077808
-0.028448,-0.024157,-0.0019979
-0.025872,-0.030042,-0.0043516
-0.023269,-0.036609,-0.0078194
-0.020639,-0.043849,-0.012386
-0.017982,-0.051755,-0.018032
-0.0153,-0.060318,-0.024741
-0.0126,-0.06953,-0.032489
-0.0098878,-0.079387,-0.041258
-0.0071703,-0.089883,-0.051023
-0.020171,-0.10611,-0.034151
-0.037932,-0.12415,-0.021163
-0.060585,-0.14416,-0.011787
-0.088273,-0.16629,-0.0058207
-0.12114,-0.19066,-0.0030522
-0.15933,-0.21736,-0.0028576
-0.20303,-0.24651,-0.0011976
-0.25235,-0.27816,0.0027402
-0.30742,-0.31238,0.0086887
-0.36832,-0.34918,0.016411
-0.34301,-0.31935,0.0047331
-0.31879,-0.29204,-0.0011193
-0.29559,-0.26697,-0.0035824
-0.2734,-0.24392,-0.0038755
-0.25217,-0.22269,-0.004437
-0.23186,-0.20312,-0.0062864
-0.21248,-0.18505,-0.0092093
-0.19401,-0.16837,-0.013071
-0.17643,-0.15297,-0.017775
-0.15974,-0.13873,-0.023253
-0.15158,-0.12253,-0.012276
-0.14373,-0.10747,-0.0051268
-0.13615,-0.093516,-0.0018355
-0.12886,-0.080657,-0.00059998
-0.12187,-0.068889,0.0041719
-0.11519,-0.058196,0.012904
-0.10878,-0.048557,0.025636
-0.10262,-0.039957,0.042401
-0.096694,-0.03238,0.063231
-0.09098,-0.025814,0.088155
-0.087517,-0.03265,0.054503
-0.08407,-0.040647,0.029528
-0.080615,-0.049801,0.012337
-0.07713,-0.060129,0.0023238
-0.073592,-0.071668,-0.00094546
-0.069928,-0.084441,-0.0041516
-0.066068,-0.098479,-0.013558
-0.062002,-0.11384,-0.028968
-0.057721,-0.13059,-0.050203
-0.053217,-0.14877,-0.0771
-0.046674,-0.12535,-0.074493
-0.040595,-0.10456,-0.073583
-0.034974,-0.086185,-0.073882
-0.0298,-0.070038,-0.075099
-0.025066,-0.055941,-0.07703
-0.020759,-0.043737,-0.079547
-0.01687,-0.03328,-0.082548
-0.013387,-0.024439,-0.085969
-0.0103,-0.017096,-0.089753
-0.0075976,-0.011146,-0.093861
-0.0040493,-0.011848,-0.078886
-0.0013051,-0.012615,-0.065604
0.00063729,-0.013447,-0.053839
0.0017805,-0.01435,-0.043459
0.0021447,-0.015324,-0.03435
0.0027363,-0.016256,-0.026418
0.0041401,-0.017083,-0.019588
0.006356,-0.017816,-0.013809
0.0093859,-0.018468,-0.0090468
0.013233,-0.01905,-0.0052798
0.011319,-0.025869,-0.0084152
0.0099791,-0.033612,-0.012239
0.0092199,-0.042328,-0.016734
0.0090447,-0.052062,-0.021884
0.0094568,-0.062863,-0.027684
0.010459,-0.074773,-0.034135
0.012054,-0.087834,-0.041247
0.013981,-0.10212,-0.049038
0.015735,-0.11774,-0.05753
0.017315,-0.13471,-0.066747
0.016076,-0.12923,-0.059568
0.014749,-0.12384,-0.052453
0.013333,-0.11854,-0.045535
0.011828,-0.11334,-0.038923
0.010233,-0.10825,-0.032698
0.0085468,-0.10326,-0.026922
0.0067696,-0.098383,-0.021644
0.0049003,-0.093621,-0.0169
0.0029385,-0.088979,-0.012719
0.00088324,-0.08446,-0.0091218
0.001686,-0.086359,-0.014124
0.0024901,-0.088274,-0.019787
0.0032945,-0.090206,-0.025942
0.0040983,-0.092153,-0.032447
0.0049009,-0.094118,-0.03919
0.0057017,-0.096101,-0.046075
0.0065007,-0.098103,-0.053028
0.0072976,-0.10012,-0.059988
0.0080925,-0.10217,-0.066906
0.0088853,-0.10424,-0.073746
0.0045482,-0.098747,-0.061883
-0.00034233,-0.093591,-0.051107
-0.005776,-0.088758,-0.041376
-0.011746,-0.084238,-0.032672
-0.018247,-0.080022,-0.024986
-0.025278,-0.076105,-0.018322
-0.032842,-0.07248,-0.012687
-0.040942,-0.069143,-0.008093
-0.049585,-0.06609,-0.0045561
-0.058782,-0.063321,-0.0020936
-0.05015,-0.061554,-0.010088
-0.042196,-0.059758,-0.024278
-0.034861,-0.05797,-0.044297
-0.028101,-0.056223,-0.069862
-0.021884,-0.054549,-0.10075
-0.016193,-0.052975,-0.13674
-0.011024,-0.051525,-0.17765
-0.0063842,-0.050219,-0.22329
-0.0022888,-0.049072,-0.27343
0.0012393,-0.048095,-0.32789
0.0037368,-0.056436,-0.30133
0.0063146,-0.065417,-0.27921
0.0089683,-0.075045,-0.26037
0.011696,-0.085325,-0.24407
0.014496,-0.096265,-0.22972
0.01737,-0.10787,-0.21693
0.020318,-0.12014,-0.20537
0.023344,-0.13309,-0.19483
0.026449,-0.14671,-0.18511
0.029636,-0.16101,-0.17607
0.030269,-0.15985,-0.14838
0.030442,-0.15864,-0.12488
0.031397,-0.15718,-0.10471
0.03319,-0.15546,-0.087284
0.035806,-0.1535,-0.072161
0.039234,-0.15131,-0.05901
0.043468,-0.1489,-0.047588
0.048501,-0.14629,-0.037696
0.054331,-0.14347,-0.029192
0.060958,-0.14045,-0.021952
0.072003,-0.14569,-0.015184
0.084485,-0.15093,-0.0098313
0.09847,-0.15618,-0.0058057
0.11403,-0.16144,-0.0030309
0.13123,-0.16671,-0.0014506
0.15013,-0.17198,-0.0010147
0.17081,-0.17725,-0.00059108
0.19332,-0.18251,0.00087028
0.21773,-0.18773,0.0033345
0.24407,-0.19291,0.0067705
0.23594,-0.2022,0.0020146
0.22821,-0.21177,-0.00070386
0.22088,-0.22163,-0.0017606
0.21394,-0.23175,-0.0023029
0.20735,-0.24213,-0.0040981
0.20113,-0.25276,-0.0071072
0.19525,-0.26364,-0.011283
0.18971,-0.27477,-0.016599
0.1845,-0.28614,-0.023043
0.17963,-0.29776,-0.030612
0.17429,-0.27773,-0.028507
0.16941,-0.25883,-0.026087
0.16496,-0.24099,-0.023513
0.16091,-0.22411,-0.020898
0.15723,-0.20814,-0.018322
0.15391,-0.19302,-0.015842
0.15093,-0.17869,-0.013499
0.14826,-0.1651,-0.011323
0.14588,-0.1522,-0.0093377
0.14379,-0.13995,-0.0075606
0.13247,-0.12446,-0.0052412
0.12197,-0.11022,-0.0040011
0.11222,-0.09714,-0.003352
0.10316,-0.08514,-0.0030534
0.094767,-0.074153,-0.0029987
0.086978,-0.064114,-0.0031531
0.079759,-0.054965,-0.003522
0.073071,-0.046652,-0.0041324
0.066879,-0.039123,-0.0050238
0.06115,-0.032332,-0.0062413
0.051483,-0.043324,-0.0044362
0.043559,-0.054537,-0.0028085
0.037346,-0.06599,-0.0015795
0.032827,-0.07771,-0.00092592
0.030001,-0.089734,-0.00077947
0.028895,-0.10211,-3.1192e-05
0.029537,-0.11488,0.0015677
0.031965,-0.12808,0.0040832
0.034973,-0.14207,0.0075889
0.036666,-0.15737,0.012165
0.035689,-0.14764,0.012725
0.034428,-0.13831,0.012674
0.032877,-0.12938,0.012125
0.031028,-0.12085,0.011193
0.029217,-0.11264,0.0099808
0.027833,-0.10464,0.0085809
0.026884,-0.096845,0.0070807
0.026379,-0.089252,0.0055584
0.026326,-0.081854,0.0040826
0.026731,-0.074644,0.0027143
0.03784,-0.098693,0.0061695
0.051371,-0.12668,0.010866
0.067444,-0.15876,0.016746
0.08617,-0.19508,0.023746
0.10765,-0.23575,0.031806
0.13196,-0.28086,0.040873
0.15919,-0.33049,0.050901
0.18939,-0.38469,0.061848
0.22261,-0.4435,0.073673
0.2589,-0.50694,0.08633
0.24452,-0.47523,0.068195
0.23073,-0.44389,0.055857
0.2175,-0.41303,0.047008
0.20479,-0.38272,0.040396
0.19258,-0.35304,0.035296
0.18088,-0.32407,0.031268
0.16967,-0.29588,0.028031
0.15895,-0.26853,0.025399
0.14871,-0.2421,0.023244
0.13897,-0.21664,0.021472
0.12549,-0.20169,0.013545
0.11283,-0.188,0.007343
0.10097,-0.17544,0.0027524
0.089933,-0.16388,-0.00032689
0.079711,-0.15321,-0.0019803
0.070311,-0.14334,-0.0023011
0.061716,-0.13414,-0.002905
0.053919,-0.12554,-0.0047682
0.046927,-0.11745,-0.007839
0.040749,-0.1098,-0.012075
0.04615,-0.12137,-0.0040516
0.051796,-0.13335,-0.001997
0.057774,-0.14577,0.0012955
0.06413,-0.15861,0.0099668
0.07085,-0.17186,0.023744
0.077921,-0.18548,0.042376
0.085333,-0.19946,0.065629
0.093078,-0.21378,0.093293
0.10115,-0.22845,0.12517
0.10954,-0.24347,0.16111
0.1088,-0.24416,0.14303
0.10798,-0.24445,0.12601
0.10709,-0.24436,0.11
0.10614,-0.2439,0.094982
0.10511,-0.24309,0.080959
0.10401,-0.24194,0.067938
0.10285,-0.24047,0.055929
0.10163,-0.23869,0.044951
0.10035,-0.23662,0.035023
0.099018,-0.23427,0.026165
0.097388,-0.22254,0.026017
0.095927,-0.21133,0.025983
0.094625,-0.20061,0.026031
0.093472,-0.19036,0.026135
0.092456,-0.18054,0.026282
0.091571,-0.17113,0.026454
0.090808,-0.1621,0.026648
0.090161,-0.15343,0.026852
0.089621,-0.1451,0.027063
0.089184,-0.13709,0.027275
0.084994,-0.1236,0.028707
0.081092,-0.11109,0.030869
0.077458,-0.099472,0.033678
0.074074,-0.088696,0.037081
0.070922,-0.078702,0.04105
0.067987,-0.069439,0.045566
0.065256,-0.060859,0.050619
0.062717,-0.05292,0.056205
0.060358,-0.045584,0.06232
0.058169,-0.038816,0.068967
0.068273,-0.043214,0.087311
0.079288,-0.047763,0.10723
0.091226,-0.052451,0.12846
0.10409,-0.057269,0.15073
0.11789,-0.062207,0.17381
0.13263,-0.067255,0.19751
0.14832,-0.072406,0.22168
0.16495,-0.077654,0.24622
0.18253,-0.082994,0.27104
0.20105,-0.088422,0.29611
0.17409,-0.09395,0.26295
0.15012,-0.0984,0.23468
0.12894,-0.10184,0.20993
0.11032,-0.10434,0.18787
0.094091,-0.10596,0.16794
0.080095,-0.10677,0.14978
0.068184,-0.10681,0.13313
0.058226,-0.10615,0.11782
0.050103,-0.10483,0.10372
0.043706,-0.10289,0.090714
0.049988,-0.10232,0.086548
0.058128,-0.10106,0.081937
0.068136,-0.0991,0.076991
0.080022,-0.096439,0.071794
0.093799,-0.093064,0.066426
0.10948,-0.088965,0.060951
0.12709,-0.084132,0.055435
0.14663,-0.078551,0.049932
0.16813,-0.072213,0.044501
0.19159,-0.065106,0.039189
0.17876,-0.061887,0.049883
0.16631,-0.058569,0.062613
0.15424,-0.055193,0.077429
0.14256,-0.051798,0.094357
0.1313,-0.04842,0.11343
0.12044,-0.045094,0.13465
0.11001,-0.041851,0.15804
0.10001,-0.038722,0.18359
0.090447,-0.035732,0.21131
0.081329,-0.032906,0.24119
0.081038,-0.034786,0.17705
0.080768,-0.036943,0.12599
0.080517,-0.039325,0.085552
0.080282,-0.041902,0.05409
0.080065,-0.044652,0.030447
0.079869,-0.047562,0.013788
0.079698,-0.050623,0.0035097
0.079555,-0.053832,-0.00084122
0.079446,-0.057128,-0.0025541
0.079381,-0.060374,-0.0092282
0.082392,-0.074012,-0.010159
0.085869,-0.088591,-0.011415
0.089813,-0.10411,-0.013017
0.094228,-0.12056,-0.014998
0.099117,-0.13796,-0.017392
0.10448,-0.15629,-0.020238
0.11032,-0.17556,-0.02357
0.11665,-0.19576,-0.027428
0.12346,-0.2169,-0.031841
0.13075,-0.23898,-0.036843
0.12846,-0.23133,-0.034817
0.12609,-0.22356,-0.032367
0.12366,-0.21567,-0.029638
0.12117,-0.20768,-0.026751
0.11863,-0.1996,-0.023798
0.11604,-0.19145,-0.020858
0.11342,-0.18324,-0.017987
0.11077,-0.17499,-0.015238
0.10809,-0.16671,-0.012648
0.1054,-0.15843,-0.010254
0.11007,-0.18252,-0.0043329
0.11566,-0.20764,-0.0024413
0.12216,-0.2338,-0.00091642
0.12954,-0.26101,0.0044147
0.13779,-0.28921,0.013472
0.14692,-0.31839,0.026183
0.15692,-0.34849,0.042485
0.16782,-0.37952,0.062329
0.1796,-0.41144,0.085672
0.1923,-0.44426,0.11249
0.17844,-0.41367,0.10225
0.16562,-0.38435,0.094713
0.15376,-0.35625,0.088982
0.14231,-0.32954,0.084533
0.13096,-0.30431,0.081016
0.11972,-0.28048,0.078211
0.1086,-0.25802,0.07596
0.097612,-0.23688,0.074159
0.086762,-0.21702,0.072725
0.076057,-0.19839,0.071604
0.086932,-0.20878,0.036925
0.09616,-0.22039,0.014237
0.1038,-0.23323,0.0019428
0.11083,-0.24687,-0.0012699
0.1197,-0.26018,-0.0067436
0.13059,-0.27307,-0.020083
0.14353,-0.28555,-0.040784
0.15858,-0.2976,-0.068422
0.17578,-0.30921,-0.10261
0.19518,-0.32036,-0.14302
0.18923,-0.29679,-0.12335
0.18361,-0.27341,-0.10946
0.17837,-0.25029,-0.099255
0.17352,-0.22751,-0.091519
0.1691,-0.20513,-0.085475
0.16515,-0.18321,-0.080642
0.16168,-0.16179,-0.07669
0.15872,-0.14091,-0.073404
0.15629,-0.12063,-0.070628
0.15443,-0.10099,-0.068255
0.15086,-0.11974,-0.097027
0.14823,-0.13888,-0.12945
0.14655,-0.15839,-0.16518
0.14583,-0.17825,-0.20398
0.14605,-0.19846,-0.24563
0.14722,-0.219,-0.29
0.14936,-0.23987,-0.33691
0.15248,-0.26105,-0.38632
0.15657,-0.28254,-0.43808
0.16165,-0.30433,-0.49217
0.15747,-0.29663,-0.39677
0.15351,-0.28937,-0.32516
0.14973,-0.28247,-0.26899
0.1461,-0.27591,-0.2236
0.14261,-0.26964,-0.18613
0.13925,-0.26362,-0.15472
0.136,-0.25785,-0.12814
0.13287,-0.25229,-0.1055
0.12984,-0.24694,-0.086149
0.1269,-0.24177,-0.069602
0.13374,-0.24652,-0.058593
0.14131,-0.25103,-0.047016
0.1496,-0.25527,-0.035685
0.1586,-0.25926,-0.02524
0.16832,-0.26298,-0.016203
0.17874,-0.26644,-0.0089686
0.18988,-0.26963,-0.0038523
0.20173,-0.27255,-0.0010895
0.21429,-0.27518,-0.00050207
0.22759,-0.27752,0.0017151
0.21301,-0.26297,-0.00083485
0.19923,-0.24865,-0.0033965
0.18616,-0.23461,-0.0099608
0.17376,-0.22086,-0.019867
0.16196,-0.20742,-0.032681
0.15073,-0.19431,-0.048096
0.14003,-0.18155,-0.065895
0.12981,-0.16915,-0.085906
0.12006,-0.15712,-0.108
0.11073,-0.14548,-0.13206
0.12079,-0.14696,-0.12649
0.13167,-0.14807,-0.12253
0.14338,-0.14882,-0.11983
0.15593,-0.1492,-0.11814
0.16931,-0.14921,-0.11726
0.18354,-0.14886,-0.11702
0.1986,-0.14813,-0.1173
0.21449,-0.14703,-0.11801
0.23121,-0.14553,-0.11907
0.24876,-0.14364,-0.12041
0.23637,-0.13962,-0.10618
0.22473,-0.136,-0.094036
0.21377,-0.13274,-0.083491
0.20344,-0.1298,-0.074214
0.1937,-0.12715,-0.065976
0.18452,-0.12475,-0.058607
0.17586,-0.12257,-0.051986
0.16768,-0.12061,-0.046015
0.15995,-0.11882,-0.040621
0.15266,-0.1172,-0.035742
0.14912,-0.12202,-0.043847
0.14575,-0.12676,-0.051748
0.14257,-0.13141,-0.059398
0.13958,-0.13598,-0.066783
0.13677,-0.14047,-0.073912
0.13414,-0.14487,-0.080804
0.1317,-0.14918,-0.087482
0.12944,-0.15341,-0.093969
0.12736,-0.15756,-0.10028
0.12547,-0.16161,-0.10645
0.12409,-0.17146,-0.10938
0.12335,-0.18109,-0.11206
0.12324,-0.19048,-0.11452
0.12377,-0.19966,-0.11676
0.12492,-0.2086,-0.1188
0.12671,-0.21731,-0.12065
0.12912,-0.2258,-0.12232
0.13217,-0.23405,-0.12382
0.13583,-0.24207,-0.12514
0.14012,-0.24985,-0.1263
0.13543,-0.24013,-0.10728
0.13129,-0.23065,-0.093234
0.1277,-0.22137,-0.082603
0.12464,-0.21227,-0.074393
0.12211,-0.20331,-0.067953
0.12009,-0.19445,-0.062838
0.11856,-0.18569,-0.058743
0.11753,-0.17699,-0.055447
0.11698,-0.16835,-0.052792
0.11689,-0.15973,-0.05066
0.12036,-0.15863,-0.047278
0.12405,-0.15744,-0.043234
0.12798,-0.15615,-0.038793
0.13212,-0.15476,-0.034173
0.13647,-0.15326,-0.029562
0.14103,-0.15165,-0.02511
0.1458,-0.14994,-0.020943
0.15076,-0.14811,-0.017155
0.15593,-0.14616,-0.013831
0.16129,-0.14409,-0.011031
0.1677,-0.18755,-0.015055
0.17834,-0.2331,-0.019625
0.19331,-0.28082,-0.024631
0.2127,-0.33082,-0.029983
0.2366,-0.38315,-0.03561
0.26508,-0.43787,-0.041455
0.29821,-0.495,-0.047475
0.33427,-0.55565,-0.053603
0.37054,-0.62147,-0.05977
0.40701,-0.69248,-0.065957
0.38871,-0.65524,-0.046967
0.3703,-0.61881,-0.03445
0.35185,-0.58325,-0.025936
0.33339,-0.54863,-0.020145
0.31496,-0.51499,-0.016356
0.29657,-0.48238,-0.014142
0.27825,-0.45083,-0.013056
0.26015,-0.42033,-0.011343
0.24284,-0.39057,-0.0086948
0.22643,-0.36152,-0.0052198
0.22659,-0.36311,0.00048815
0.22757,-0.36428,0.0067967
0.22805,-0.36582,0.013236
0.22765,-0.36797,0.019544
0.22638,-0.37071,0.025573
0.22423,-0.37404,0.031245
0.22122,-0.37795,0.036512
0.21733,-0.38246,0.041354
0.21257,-0.38754,0.045749
0.20695,-0.39321,0.049691
0.22049,-0.40397,0.031699
0.23418,-0.41559,0.02054
0.24793,-0.42799,0.013422
0.26172,-0.44111,0.008804
0.27551,-0.45494,0.0058023
0.28931,-0.46945,0.0039034
0.3031,-0.48464,0.0028052
0.3169,-0.5005,0.0023288
0.33069,-0.51705,0.0023729
0.3445,-0.53427,0.0028827
0.32392,-0.49969,-0.0032505
0.3047,-0.46785,-0.0087791
0.28669,-0.43853,-0.012856
0.26976,-0.41153,-0.014992
0.25411,-0.38643,-0.015004
0.23978,-0.36283,-0.01594
0.22665,-0.34051,-0.019402
0.21463,-0.31932,-0.025416
0.20365,-0.29911,-0.033985
0.19363,-0.27975,-0.045099
0.17323,-0.25189,-0.043281
0.15389,-0.22516,-0.041133
0.13563,-0.19963,-0.038756
0.11852,-0.17532,-0.03623
0.10259,-0.1523,-0.033613
0.087885,-0.13061,-0.030951
0.074319,-0.11036,-0.028281
0.061518,-0.091877,-0.025636
0.049478,-0.075224,-0.02304
0.038227,-0.060442,-0.020517
0.035625,-0.055739,-0.027724
0.033037,-0.051152,-0.036095
0.030474,-0.046684,-0.0456
0.027945,-0.04234,-0.056213
0.025459,-0.038124,-0.067909
0.023021,-0.034041,-0.080668
0.020637,-0.030093,-0.094466
0.018312,-0.026285,-0.10929
0.016048,-0.02262,-0.12511
0.013848,-0.019101,-0.14191
0.021046,-0.029356,-0.11246
0.029533,-0.040779,-0.087002
0.03939,-0.053344,-0.065266
0.050641,-0.067076,-0.047088
0.063312,-0.081997,-0.032373
0.077427,-0.098135,-0.021078
0.093011,-0.11552,-0.013192
0.11009,-0.13417,-0.0087186
0.12868,-0.15411,-0.0076704
0.14885,-0.17547,-0.0073352
0.1424,-0.17009,-0.0078911
0.13613,-0.16466,-0.0079724
0.13003,-0.15918,-0.0078778
0.12408,-0.15364,-0.0085964
0.11827,-0.14803,-0.010292
0.11261,-0.14237,-0.013079
0.10709,-0.13667,-0.017055
0.10171,-0.13094,-0.022301
0.096475,-0.12519,-0.028889
0.091384,-0.11943,-0.036877
0.10087,-0.13543,-0.027162
0.11147,-0.15192,-0.019499
0.12323,-0.16895,-0.013871
0.13612,-0.18659,-0.010265
0.14948,-0.20536,-0.0086808
0.16314,-0.22545,-0.0088149
0.17714,-0.24699,-0.00773
0.19151,-0.27002,-0.0046745
0.20623,-0.29454,0.00034701
0.22131,-0.32059,0.0073315
0.20832,-0.29854,-0.00060359
0.19619,-0.27811,-0.0054634
0.18481,-0.25915,-0.0078808
0.17409,-0.24153,-0.0082412
0.16394,-0.22512,-0.008277
0.15426,-0.20977,-0.010055
0.14501,-0.19542,-0.013473
0.13613,-0.18199,-0.018446
0.12756,-0.16944,-0.024914
0.11928,-0.1577,-0.032828
0.1073,-0.14177,-0.026499
0.096312,-0.12744,-0.020894
0.086222,-0.11455,-0.016
0.076941,-0.10298,-0.011809
0.068391,-0.0926,-0.0083187
0.060499,-0.083297,-0.0055265
0.053201,-0.074974,-0.0034328
0.046437,-0.067538,-0.0020378
0.040153,-0.060907,-0.0013434
0.034298,-0.055013,-0.00094342
0.026542,-0.051589,7.6701e-05
0.01824,-0.049151,0.001677
0.009405,-0.047711,0.0037776
4.5532e-05,-0.04728,0.0063272
-0.0098317,-0.047868,0.0092925
-0.020223,-0.049481,0.012653
-0.031126,-0.052123,0.016395
-0.042543,-0.055797,0.020507
-0.054475,-0.060503,0.024976
-0.066927,-0.06624,0.029791
-0.058296,-0.068254,0.026671
-0.048717,-0.071675,0.023589
-0.038201,-0.07652,0.020589
-0.026749,-0.08281,0.017712
-0.014353,-0.090572,0.014991
-0.00099677,-0.099835,0.012452
0.013343,-0.11063,0.01012
0.028693,-0.12299,0.0080151
0.045085,-0.13695,0.0061551
0.062553,-0.15253,0.0045576
0.051534,-0.15221,-0.00036462
0.040057,-0.15253,-0.0020562
0.028184,-0.15343,-0.0082605
0.015901,-0.15493,-0.018412
0.0031912,-0.15707,-0.031819
-0.0099605,-0.15985,-0.047963
-0.023567,-0.1633,-0.066439
-0.037641,-0.16742,-0.086936
-0.052193,-0.17225,-0.10919
-0.067233,-0.17779,-0.133
-0.061895,-0.16207,-0.14555
-0.056798,-0.14723,-0.15916
-0.051925,-0.13323,-0.17364
-0.047263,-0.12007,-0.18887
-0.042798,-0.1077,-0.20474
-0.038519,-0.096131,-0.22117
-0.034414,-0.085328,-0.23806
-0.030473,-0.07528,-0.2554
-0.026688,-0.065972,-0.27309
-0.02305,-0.057389,-0.29113
-0.014475,-0.054328,-0.28391
-0.0063248,-0.051885,-0.27779
0.0014145,-0.05005,-0.27245
0.008755,-0.048815,-0.26771
0.015707,-0.048173,-0.26339
0.022281,-0.048119,-0.2594
0.028485,-0.048647,-0.25563
0.034325,-0.049752,-0.25202
0.039808,-0.051431,-0.24852
0.044939,-0.05368,-0.24507
0.048233,-0.059439,-0.21231
0.051635,-0.065402,-0.18477
0.055139,-0.071578,-0.16126
0.058741,-0.077981,-0.14093
0.062446,-0.084622,-0.12317
0.066255,-0.091512,-0.10753
0.070176,-0.098663,-0.093671
0.074218,-0.10608,-0.081325
0.07839,-0.11378,-0.070292
0.082699,-0.12177,-0.060399
0.10267,-0.14261,-0.051867
0.12435,-0.16533,-0.044284
0.14772,-0.18991,-0.037544
0.17276,-0.21633,-0.031539
0.19945,-0.24456,-0.026183
0.2278,-0.2746,-0.02139
0.2578,-0.30644,-0.017093
0.28944,-0.34007,-0.013225
0.32273,-0.37549,-0.009742
0.35768,-0.41271,-0.0065987
0.34207,-0.39274,0.0022109
0.3264,-0.37296,0.007904
0.31074,-0.35343,0.010137
0.2951,-0.33416,0.010412
0.27943,-0.31515,0.013914
0.26378,-0.29643,0.020979
0.2482,-0.27805,0.03152
0.23276,-0.26003,0.04544
0.21749,-0.24242,0.062633
0.20246,-0.22526,0.083004
0.19598,-0.2171,0.073464
0.18962,-0.20934,0.066484
0.18338,-0.20195,0.061271
0.17741,-0.19478,0.057331
0.17173,-0.18779,0.054324
0.16634,-0.18095,0.052026
0.16123,-0.17424,0.050275
0.15639,-0.16766,0.048961
0.15181,-0.16119,0.047999
0.14749,-0.15483,0.047334
0.13948,-0.14871,0.039385
0.13235,-0.14238,0.032105
0.12609,-0.13584,0.025537
0.12004,-0.12963,0.019704
0.11364,-0.12424,0.014617
0.10689,-0.11964,0.010285
0.099781,-0.11581,0.0067089
0.092294,-0.11274,0.0038903
0.084426,-0.11039,0.0018277
0.076166,-0.10877,0.00051865
0.070187,-0.090876,0.00097787
0.064097,-0.075841,0.0016096
0.057724,-0.063508,0.0023754
0.050911,-0.053736,0.0032505
0.044195,-0.045736,0.0042229
0.039615,-0.037298,0.0052912
0.037212,-0.028128,0.0064477
0.03688,-0.018105,0.0076856
0.03853,-0.0071317,0.0090001
0.042098,0.0048526,0.010385
0.037952,-0.0084854,0.013071
0.03636,-0.020404,0.015927
0.037285,-0.030961,0.018951
0.040734,-0.040192,0.02214
0.046745,-0.048108,0.025491
0.053206,-0.056827,0.028991
0.058271,-0.068218,0.032617
0.061902,-0.082394,0.036343
0.064053,-0.099473,0.040133
0.064669,-0.11957,0.043951
0.057068,-0.10638,0.048951
0.049826,-0.093849,0.054468
0.04298,-0.082013,0.060466
0.036562,-0.070902,0.06692
0.030605,-0.060545,0.073806
0.025139,-0.050969,0.081106
0.020195,-0.0422,0.0888
0.015802,-0.034261,0.096875
0.011984,-0.027176,0.10531
0.008767,-0.020966,0.11409
0.0076602,-0.024686,0.11881
0.0062095,-0.028852,0.12318
0.0044135,-0.033468,0.12718
0.0022705,-0.038534,0.1308
-0.00022086,-0.044054,0.134
-0.0030621,-0.050028,0.13679
-0.0062539,-0.056461,0.13916
-0.0097977,-0.063353,0.14112
-0.013694,-0.070709,0.14266
-0.017943,-0.07853,0.14381
-0.012015,-0.078741,0.14512
-0.0059896,-0.079191,0.1464
0.00013444,-0.079881,0.14761
0.0063517,-0.080813,0.14875
0.012666,-0.081987,0.14979
0.019077,-0.083406,0.15073
0.025591,-0.085069,0.15154
0.032211,-0.086978,0.15223
0.03894,-0.089135,0.15278
0.045779,-0.09154,0.15319
0.044663,-0.095579,0.1925
0.043599,-0.099847,0.23608
0.042584,-0.10434,0.28386
0.041614,-0.10904,0.33578
0.040682,-0.11394,0.39175
0.039778,-0.11903,0.45174
0.038894,-0.12431,0.51563
0.038016,-0.12977,0.58339
0.037133,-0.13541,0.65486
0.03623,-0.1412,0.73004
0.040628,-0.13517,0.59137
0.045237,-0.12934,0.47937
0.049859,-0.12369,0.38653
0.05437,-0.11825,0.30856
0.058693,-0.11302,0.24264
0.062769,-0.10804,0.18688
0.066557,-0.10333,0.13998
0.070022,-0.098903,0.1009
0.07314,-0.094789,0.068933
0.075888,-0.091013,0.043442
0.082393,-0.10117,0.060599
0.089034,-0.11197,0.079669
0.095788,-0.12344,0.10033
0.10264,-0.1356,0.12224
0.10957,-0.14844,0.14516
0.11656,-0.16198,0.16886
0.12361,-0.17623,0.19319
0.13072,-0.19121,0.21802
0.13786,-0.20691,0.2433
0.14505,-0.22335,0.26896
0.12601,-0.21978,0.17656
0.10745,-0.21702,0.11026
0.089249,-0.21505,0.062962
0.071308,-0.21384,0.030449
0.053571,-0.2134,0.01008
0.035993,-0.21373,8.8038e-05
0.018522,-0.21482,-0.0020168
0.0010099,-0.21662,-0.009199
-0.016569,-0.21912,-0.024109
-0.034206,-0.22235,-0.046281
-0.033818,-0.24331,-0.01662
-0.033441,-0.26516,-0.0030241
-0.033018,-0.28799,-7.3715e-05
-0.032418,-0.31195,0.011269
-0.031651,-0.33711,0.033087
-0.030744,-0.36347,0.064407
-0.029722,-0.39107,0.10451
-0.028604,-0.41991,0.15286
-0.027408,-0.44999,0.20905
-0.026151,-0.48133,0.27279
-0.04152,-0.424,0.18272
-0.053126,-0.37243,0.11953
-0.06157,-0.32596,0.073996
-0.067321,-0.28409,0.04142
-0.070766,-0.24638,0.01911
-0.072235,-0.2125,0.0053897
-0.072011,-0.18214,-0.00086732
-0.07034,-0.15501,-0.0023071
-0.067419,-0.13081,-0.0084673
-0.063425,-0.10932,-0.020238
-0.045731,-0.10044,-0.018229
-0.028291,-0.093425,-0.016273
-0.01106,-0.088218,-0.014373
0.0060043,-0.084769,-0.012539
0.022942,-0.083041,-0.010783
0.039787,-0.083007,-0.0091182
0.056572,-0.084653,-0.0075559
0.073321,-0.087974,-0.00611
0.090055,-0.092978,-0.0047907
0.10679,-0.09968,-0.0036105
0.097715,-0.094929,-0.003946
0.088706,-0.090703,-0.004431
0.079751,-0.087008,-0.0050587
0.070841,-0.083853,-0.0058276
0.061967,-0.081243,-0.0067353
0.053123,-0.079184,-0.0077821
0.044303,-0.077676,-0.0089658
0.035504,-0.076723,-0.010286
0.026724,-0.076322,-0.01174
0.017963,-0.076471,-0.013326
0.0082534,-0.073166,-0.012428
-0.00077368,-0.070565,-0.011871
-0.009165,-0.068629,-0.011573
-0.016961,-0.067325,-0.01148
-0.024197,-0.066626,-0.011556
-0.030901,-0.066509,-0.011772
-0.037098,-0.066956,-0.012108
-0.042807,-0.067954,-0.012552
-0.048043,-0.069494,-0.013092
-0.052816,-0.07157,-0.013721
-0.059263,-0.080789,-0.0094841
-0.066047,-0.090639,-0.0062927
-0.073161,-0.10114,-0.0041011
-0.080601,-0.11231,-0.0028664
-0.08836,-0.12417,-0.0025481
-0.096438,-0.13676,-0.0024693
-0.10484,-0.15009,-0.0015916
-0.11355,-0.16419,6.4518e-05
-0.12258,-0.17908,0.0024643
-0.1319,-0.19476,0.0055762
-0.11943,-0.17581,0.003028
-0.10758,-0.15799,0.0011429
-0.096364,-0.14126,-0.00021648
-0.085776,-0.1256,-0.0011346
-0.075818,-0.11098,-0.0016644
-0.066489,-0.097364,-0.0018378
-0.057787,-0.084741,-0.0016943
-0.049706,-0.073078,-0.0017117
-0.042241,-0.062353,-0.0020877
-0.035389,-0.052546,-0.0028195
-0.03552,-0.055575,-0.002027
-0.035435,-0.058827,-0.0014923
-0.035134,-0.062305,-0.0012215
-0.034612,-0.06601,-0.00119
-0.033871,-0.06995,-0.0010089
-0.032908,-0.07413,-0.00055221
-0.031721,-0.07855,0.00018365
-0.030305,-0.083214,0.0012022
-0.028659,-0.088124,0.0025062
-0.026778,-0.09328,0.0040983
-0.024585,-0.093862,0.0068541
-0.02236,-0.09448,0.010113
-0.020099,-0.095131,0.013861
-0.017803,-0.095815,0.018086
-0.015468,-0.09653,0.022777
-0.013094,-0.097275,0.027926
-0.010681,-0.09805,0.033521
-0.0082259,-0.098854,0.039559
-0.0057297,-0.099686,0.046032
-0.003191,-0.10055,0.052934
-0.006603,-0.085346,0.056135
-0.009282,-0.071621,0.058116
-0.011253,-0.059329,0.059046
-0.012541,-0.048433,0.059083
-0.013168,-0.038893,0.058357
-0.013155,-0.030672,0.056991
-0.012524,-0.023733,0.055084
-0.011294,-0.018038,0.052731
-0.0094832,-0.013553,0.050014
-0.0073232,-0.010087,0.047018
-0.0075491,-0.010662,0.044443
-0.0076329,-0.011349,0.042096
-0.0073594,-0.012308,0.039928
-0.0067315,-0.013545,0.037909
-0.0057536,-0.015064,0.036007
-0.004431,-0.016867,0.034203
-0.0027699,-0.018957,0.03248
-0.00077661,-0.021336,0.030827
0.0015422,-0.024006,0.029235
0.0041801,-0.026968,0.027698
0.0024048,-0.030344,0.030648
0.00043468,-0.034038,0.033709
-0.0017337,-0.038057,0.036878
-0.0041036,-0.042408,0.040147
-0.0066781,-0.047099,0.043512
-0.0094602,-0.052136,0.046967
-0.012453,-0.057525,0.050509
-0.015658,-0.063274,0.054133
-0.01908,-0.069387,0.057835
-0.022719,-0.075871,0.061611
-0.020337,-0.061686,0.060346
-0.018069,-0.049151,0.060219
-0.015859,-0.038224,0.060997
-0.013651,-0.02887,0.062525
-0.011397,-0.021052,0.064688
-0.0090497,-0.014734,0.067397
-0.0065665,-0.0098837,0.07057
-0.00439,-0.006146,0.074135
-0.0035741,-0.0027661,0.078014
-0.0041486,0.00029744,0.082132
-0.0055045,-0.0019632,0.07579
-0.0076389,-0.0053911,0.069305
-0.010554,-0.0099893,0.062814
-0.014254,-0.015764,0.056421
-0.018743,-0.022722,0.050199
-0.024024,-0.030874,0.044196
-0.030102,-0.040232,0.038444
-0.03698,-0.050807,0.032962
-0.044662,-0.062613,0.02777
-0.05315,-0.075663,0.022887
-0.040651,-0.061561,0.014933
-0.030043,-0.049334,0.0094322
-0.017182,-0.041358,0.0056063
-0.002088,-0.037295,0.002967
0.015339,-0.036947,0.0012272
0.035302,-0.040288,0.00024552
0.058063,-0.047445,-1.9038e-05
0.083894,-0.058654,-0.00044518
0.11306,-0.074212,-0.001676
0.14583,-0.094376,-0.0037552
0.12669,-0.081767,-0.001535
0.10908,-0.070173,-0.00030899
0.092945,-0.059559,0.00010338
0.078254,-0.04989,0.00038209
0.064965,-0.041135,0.0012711
0.053043,-0.03326,0.0027225
0.042453,-0.026236,0.0047012
0.033164,-0.02003,0.0071814
0.025141,-0.014614,0.010145
0.018354,-0.009959,0.013579
0.014343,-0.0086992,0.010242
0.011232,-0.0070837,0.0076405
0.0084578,-0.0058933,0.0056095
0.0056557,-0.0055992,0.0040191
0.0027888,-0.0061648,0.0027686
-0.00017696,-0.0075665,0.0017846
-0.0032657,-0.0097967,0.0010253
-0.0064878,-0.012865,0.00047838
-0.0098399,-0.016794,0.00015517
-0.013308,-0.021615,7.6405e-05
-0.012759,-0.021809,0.00028806
-0.011748,-0.022281,0.00097965
-0.010264,-0.023023,0.0021495
-0.0082867,-0.024035,0.0037925
-0.0057962,-0.025317,0.0059036
-0.0027682,-0.026876,0.0084775
0.00082214,-0.028719,0.011508
0.0050007,-0.030858,0.014989
0.0097931,-0.033304,0.018913
0.015225,-0.036068,0.023271
0.028948,-0.038285,0.027421
0.044445,-0.042208,0.031859
0.061828,-0.047924,0.036571
0.081209,-0.05553,0.04154
0.10269,-0.065132,0.046736
0.12638,-0.076834,0.05213
0.15237,-0.090737,0.057682
0.18073,-0.10693,0.063363
0.21208,-0.12461,0.069131
0.24687,-0.14317,0.074955
0.23807,-0.13927,0.078811
0.2299,-0.13472,0.080341
0.22198,-0.13016,0.079969
0.21379,-0.12648,0.078089
0.20533,-0.12364,0.075024
0.19662,-0.12162,0.071054
0.18766,-0.12042,0.066408
0.17847,-0.11999,0.061283
0.16904,-0.12034,0.055841
0.15939,-0.12144,0.050222
0.12568,-0.10852,0.03439
0.095293,-0.097912,0.023019
0.068068,-0.089457,0.014805
0.043862,-0.083037,0.0089418
0.022548,-0.078549,0.0049086
0.0040103,-0.075908,0.0023601
-0.011858,-0.075056,0.0010652
-0.02515,-0.075958,0.00078242
-0.035946,-0.078622,4.5921e-05
-0.044308,-0.08307,-0.0015973
-0.042045,-0.083247,-0.0035384
-0.039266,-0.083719,-0.0058648
-0.03597,-0.084482,-0.0085085
-0.032155,-0.085535,-0.01142
-0.027821,-0.086874,-0.014558
-0.022967,-0.088496,-0.017892
-0.017593,-0.090398,-0.021395
-0.011697,-0.092579,-0.025047
-0.0052794,-0.095036,-0.028828
0.0016604,-0.097768,-0.032725
0.0052786,-0.090692,-0.021546
0.0085446,-0.083948,-0.013353
0.011477,-0.077526,-0.0074823
0.014093,-0.071417,-0.0034703
0.016408,-0.065616,-0.00098268
0.018437,-0.060117,0.00022505
0.020192,-0.054916,0.00044948
0.02169,-0.049999,0.001187
0.022945,-0.045363,0.0027812
0.023969,-0.041007,0.0051471
0.028763,-0.042508,0.0043511
0.033812,-0.044125,0.0036456
0.039117,-0.04586,0.0030218
0.044678,-0.047713,0.0024723
0.050496,-0.049684,0.0019902
0.05657,-0.051774,0.0015698
0.0629,-0.053985,0.0012058
0.069488,-0.056317,0.00089358
0.076331,-0.058771,0.00062916
0.08343,-0.06135,0.00040892
0.075846,-0.055974,4.294e-05
0.068651,-0.050835,-7.0664e-05
0.061837,-0.045934,-0.00036542
0.055401,-0.041272,-0.00073399
0.049339,-0.03685,-0.0010945
0.043647,-0.032669,-0.0013977
0.038321,-0.02873,-0.0016163
0.033359,-0.025034,-0.001738
0.028755,-0.021583,-0.0017612
0.024508,-0.018378,-0.0016919
0.029102,-0.024557,-0.0025022
0.033728,-0.031694,-0.0034801
0.038354,-0.039761,-0.0046318
0.042955,-0.048735,-0.005965
0.047511,-0.058598,-0.0074898
0.052006,-0.069335,-0.0092177
0.056429,-0.080934,-0.011162
0.060772,-0.093385,-0.013335
0.065028,-0.10668,-0.015751
0.069195,-0.12082,-0.018423
0.084645,-0.10773,-0.0072445
0.098951,-0.097017,-0.0016429
0.11218,-0.088615,-0.00043298
0.12443,-0.082501,0.0030749
0.13574,-0.078665,0.010662
0.14618,-0.077109,0.022106
0.15577,-0.07785,0.037243
0.16455,-0.080893,0.05595
0.17386,-0.08362,0.078127
0.18458,-0.084241,0.10369
0.19348,-0.087033,0.071296
0.20251,-0.089751,0.046533
0.2117,-0.092409,0.027916
0.22106,-0.095019,0.014415
0.23062,-0.097588,0.0052805
0.24039,-0.10013,-4.3259e-05
0.25038,-0.10264,-0.0019816
0.26058,-0.10512,-0.0033566
0.27099,-0.10753,-0.0075036
0.28161,-0.10989,-0.014224
0.30699,-0.12607,-0.011362
0.33398,-0.14252,-0.0095613
0.3626,-0.15924,-0.0084865
0.39286,-0.17622,-0.0079136
0.42478,-0.19345,-0.0076925
0.45834,-0.21091,-0.0077251
0.49356,-0.22858,-0.0079456
0.53041,-0.24644,-0.0083125
0.56888,-0.26448,-0.0087977
0.60895,-0.28265,-0.0093852
0.63507,-0.29399,-0.0094741
0.66167,-0.30548,-0.009797
0.68873,-0.31711,-0.010293
0.71625,-0.32887,-0.010938
0.74421,-0.34076,-0.011718
0.77261,-0.35277,-0.012637
0.80143,-0.3649,-0.013701
0.83068,-0.37713,-0.014925
0.86033,-0.38948,-0.016322
0.89039,-0.40193,-0.017915
0.81863,-0.36846,-0.013044
0.75166,-0.33728,-0.010471
0.6891,-0.30821,-0.0091887
0.63062,-0.28111,-0.0060124
0.57593,-0.25585,-0.00076081
0.52478,-0.23228,0.0064974
0.47693,-0.21029,0.015702
0.43218,-0.18978,0.026799
0.39037,-0.17066,0.039739
0.35132,-0.15284,0.054484
0.33687,-0.14529,0.057227
0.32323,-0.13802,0.060208
0.31035,-0.13102,0.06337
0.29816,-0.12425,0.066677
0.28663,-0.1177,0.0701
0.2757,-0.11135,0.07362
0.26534,-0.10519,0.07722
0.25551,-0.099192,0.080891
0.24617,-0.093351,0.084621
0.2373,-0.087652,0.088407
0.21644,-0.08504,0.083242
0.19739,-0.081316,0.079207
0.18008,-0.076433,0.075993
0.16444,-0.070362,0.073398
0.14956,-0.065049,0.071255
0.13482,-0.06181,0.069447
0.12018,-0.060629,0.067896
0.1056,-0.061491,0.066541
0.091037,-0.064384,0.065333
0.076456,-0.069295,0.064235
0.069155,-0.062319,0.07508
0.062358,-0.055722,0.085069
0.05604,-0.049505,0.094211
0.05018,-0.04367,0.10254
0.044755,-0.038218,0.11012
0.039744,-0.033152,0.11699
0.035128,-0.028476,0.1232
0.030887,-0.024193,0.12883
0.027005,-0.020306,0.13389
0.023463,-0.016819,0.13845
0.026753,-0.016389,0.13709
0.030097,-0.016239,0.13567
0.033493,-0.016369,0.13418
0.036942,-0.016779,0.13262
0.040444,-0.017467,0.13098
0.043998,-0.018433,0.12925
0.047608,-0.019673,0.12743
0.051385,-0.020902,0.12552
0.055394,-0.021952,0.12351
0.059635,-0.022819,0.12141
0.057428,-0.023176,0.13783
0.055597,-0.022917,0.1563
0.053394,-0.023954,0.17676
0.050777,-0.026412,0.19917
0.047745,-0.030305,0.22351
0.044298,-0.035653,0.24976
0.040433,-0.042475,0.27792
0.036148,-0.050793,0.30798
0.03144,-0.060631,0.33994
0.026307,-0.07201,0.37381
0.03055,-0.06545,0.27195
0.035608,-0.059662,0.19229
0.041339,-0.054617,0.12999
0.047649,-0.050311,0.081936
0.05447,-0.046747,0.045954
0.061753,-0.043934,0.020522
0.069458,-0.041884,0.0045671
0.077557,-0.040604,-0.0026573
0.085911,-0.04005,-0.0051743
0.09412,-0.04007,-0.014742
0.09551,-0.045486,-0.016515
0.096488,-0.052411,-0.018395
0.097072,-0.060857,-0.020377
0.097279,-0.070832,-0.022468
0.097123,-0.082346,-0.024661
0.096614,-0.095407,-0.026961
0.095759,-0.11002,-0.029356
0.094566,-0.1262,-0.031847
0.093037,-0.14395,-0.034418
0.091176,-0.16328,-0.037066
0.097158,-0.15637,-0.032758
0.10311,-0.14968,-0.029289
0.10904,-0.14323,-0.026418
0.11495,-0.13703,-0.023988
0.12083,-0.13108,-0.021886
0.12669,-0.12541,-0.020036
0.13252,-0.12002,-0.018383
0.13833,-0.11491,-0.01689
0.14411,-0.1101,-0.01553
0.14986,-0.10558,-0.014284
0.13198,-0.098344,-0.017653
0.11528,-0.091529,-0.021749
0.099722,-0.085124,-0.026542
0.085282,-0.079115,-0.032007
0.071923,-0.07349,-0.038122
0.059616,-0.068238,-0.044868
0.048333,-0.063349,-0.052227
0.038047,-0.058813,-0.060186
0.028735,-0.054622,-0.068726
0.020374,-0.050769,-0.077838
0.016793,-0.056406,-0.089544
0.013028,-0.06242,-0.10192
0.0090928,-0.068805,-0.11493
0.005005,-0.075557,-0.12856
0.00077977,-0.082674,-0.14278
-0.0035673,-0.090152,-0.15756
-0.0080222,-0.097991,-0.17287
-0.01257,-0.10619,-0.18872
-0.0172,-0.11474,-0.20505
-0.021897,-0.12366,-0.22189
-0.021543,-0.11587,-0.17486
-0.021063,-0.1081,-0.1351
-0.020459,-0.10041,-0.10155
-0.019738,-0.0928,-0.073519
-0.018909,-0.085318,-0.050483
-0.017987,-0.077988,-0.032071
-0.016985,-0.070838,-0.017999
-0.015917,-0.063897,-0.008045
-0.014801,-0.057194,-0.0020355
-0.013651,-0.050761,0.00017038
-0.014198,-0.05176,-0.0059795
-0.014877,-0.052751,-0.023166
-0.015624,-0.053713,-0.051316
-0.016387,-0.05463,-0.090317
-0.017123,-0.055493,-0.14004
-0.017792,-0.056298,-0.20032
-0.018352,-0.05705,-0.27099
-0.01876,-0.057754,-0.35189
-0.018971,-0.058422,-0.44282
-0.018939,-0.059063,-0.54369
-0.015945,-0.054001,-0.42416
-0.013555,-0.049619,-0.32494
-0.011664,-0.045838,-0.24239
-0.010192,-0.042597,-0.17425
-0.0090745,-0.039842,-0.11888
-0.0082525,-0.037525,-0.075078
-0.0076745,-0.035601,-0.041945
-0.0072907,-0.034023,-0.018741
-0.0070509,-0.032733,-0.0048967
-0.0069017,-0.031657,3.2078e-05
-0.0064408,-0.031482,6.776e-05
-0.0059561,-0.03131,0.00023725
-0.0054484,-0.031143,0.00059978
-0.004918,-0.030982,0.0011749
-0.0043653,-0.030827,0.0019783
-0.0037904,-0.030681,0.0030276
-0.0031934,-0.030544,0.0043348
-0.0025742,-0.030418,0.0059165
-0.0019326,-0.030305,0.0077828
-0.001268,-0.030205,0.009949
0.0037366,-0.026725,0.0077989
0.0094171,-0.023864,0.0058373
0.01578,-0.021607,0.0041376
0.022832,-0.019947,0.0027584
0.030582,-0.018877,0.0017371
0.039039,-0.018397,0.0010993
0.048212,-0.018511,0.00085823
0.058109,-0.019225,0.00096669
0.06875,-0.020549,0.00087171
0.080144,-0.022493,0.00042821
0.095852,-0.02639,0.0012684
0.11339,-0.030815,0.0020446
0.13286,-0.035774,0.0027586
0.15434,-0.041271,0.0034131
0.17792,-0.047312,0.0041398
0.20365,-0.053898,0.0050882
0.23159,-0.061032,0.0062644
0.26181,-0.068714,0.0076725
0.29434,-0.076936,0.0093164
0.32921,-0.085698,0.011196
0.33768,-0.087547,0.011705
0.34628,-0.089412,0.0122
0.355,-0.091291,0.012679
0.36385,-0.093185,0.013134
0.37283,-0.095092,0.013564
0.38194,-0.097013,0.013954
0.39118,-0.098946,0.014305
0.40054,-0.10089,0.014592
0.41004,-0.10285,0.014824
0.41966,-0.10482,0.014998
0.39225,-0.097563,0.015461
0.36603,-0.09066,0.017085
0.34094,-0.084095,0.020169
0.31693,-0.077857,0.024993
0.29394,-0.071932,0.031803
0.27192,-0.06631,0.040803
0.25085,-0.06098,0.052168
0.23067,-0.05593,0.066045
0.21136,-0.051149,0.082556
0.19289,-0.046627,0.10181
0.18596,-0.044592,0.073958
0.17946,-0.042712,0.051898
0.17334,-0.040968,0.034713
0.16756,-0.039345,0.021742
0.16207,-0.037828,0.012489
0.15685,-0.036404,0.0065719
0.15186,-0.035063,0.0036929
0.14709,-0.033794,0.0027955
0.14259,-0.03259,-0.00014281
0.13833,-0.031441,-0.0055034
0.12514,-0.027848,-0.0046336
0.11267,-0.024121,-0.0044881
0.10091,-0.020262,-0.00486
0.089856,-0.016276,-0.0056537
0.079526,-0.012165,-0.0068325
0.069918,-0.0079327,-0.0083955
0.061039,-0.0035816,-0.010357
0.052891,0.00088643,-0.012742
0.045479,0.0054699,-0.015572
0.038809,0.010169,-0.018872
0.059783,0.00333,-0.027106
0.086185,-0.0045277,-0.037076
0.11815,-0.01341,-0.048709
0.15582,-0.023317,-0.061837
0.19928,-0.03424,-0.076207
0.24863,-0.046168,-0.091548
0.30395,-0.059085,-0.10757
0.36531,-0.072971,-0.12406
0.43275,-0.087802,-0.1408
0.50632,-0.10355,-0.1577
0.47665,-0.097333,-0.13073
0.44764,-0.091211,-0.11198
0.41933,-0.085211,-0.098313
0.39174,-0.079352,-0.087983
0.36489,-0.073648,-0.079932
0.3388,-0.068112,-0.073509
0.31351,-0.062755,-0.068288
0.28903,-0.057587,-0.063986
0.26539,-0.052616,-0.060404
0.2426,-0.047867,-0.057404
0.24314,-0.04837,-0.046949
0.24368,-0.049875,-0.036859
0.24422,-0.052368,-0.027611
0.24473,-0.055833,-0.019576
0.24518,-0.060261,-0.013039
0.24554,-0.065646,-0.0082188
0.24579,-0.071985,-0.0052894
0.24591,-0.079276,-0.0043859
0.2459,-0.087526,-0.0036534
0.2458,-0.096744,-0.00069371
0.22455,-0.089182,-0.0044568
0.20428,-0.08205,-0.0057126
0.18484,-0.075318,-0.011665
0.16621,-0.068964,-0.022862
0.14837,-0.06297,-0.039379
0.13131,-0.057316,-0.061264
0.11502,-0.051985,-0.088551
0.099495,-0.046959,-0.12126
0.08472,-0.042223,-0.15939
0.070691,-0.037761,-0.20295
0.076234,-0.031844,-0.19311
0.081751,-0.027001,-0.18354
0.08724,-0.023231,-0.1742
0.092701,-0.020535,-0.16511
0.098133,-0.018915,-0.15626
0.10354,-0.01837,-0.14765
0.10892,-0.018819,-0.13927
0.11454,-0.018776,-0.13112
0.12047,-0.017684,-0.1232
0.12672,-0.015541,-0.1155
0.12689,-0.015636,-0.11092
0.12721,-0.015756,-0.10644
0.12766,-0.015898,-0.10207
0.12823,-0.01606,-0.097811
0.12893,-0.016241,-0.093653
0.12973,-0.016438,-0.089595
0.13065,-0.016652,-0.085637
0.13168,-0.01688,-0.081773
0.13281,-0.017121,-0.078007
0.13404,-0.017374,-0.074333
0.11112,-0.015292,-0.064556
0.090576,-0.013121,-0.057048
0.072328,-0.010888,-0.051219
0.056314,-0.0086161,-0.046667
0.042421,-0.0065933,-0.043121
0.030521,-0.0052348,-0.040378
0.020555,-0.0044991,-0.038297
0.012463,-0.0043428,-0.036758
0.0061874,-0.0047289,-0.035665
0.0016761,-0.0056296,-0.034926
0.0032691,-0.0080487,-0.048814
0.0052815,-0.011017,-0.066093
0.0077078,-0.014576,-0.086896
0.01055,-0.018767,-0.1112
0.013815,-0.023631,-0.13883
0.017516,-0.029206,-0.16949
0.021667,-0.035528,-0.20279
0.026286,-0.04263,-0.2383
0.03139,-0.050544,-0.27557
0.036993,-0.059297,-0.31421
0.032827,-0.055065,-0.27017
0.028706,-0.050899,-0.2321
0.024695,-0.046818,-0.19867
0.020847,-0.042837,-0.16907
0.017206,-0.038972,-0.1427
0.013807,-0.035235,-0.11917
0.010683,-0.031637,-0.098195
0.0078646,-0.02819,-0.079558
0.0053777,-0.024904,-0.063111
0.003249,-0.02179,-0.04873
0.0076184,-0.017784,-0.049255
0.012752,-0.014411,-0.050037
0.018658,-0.011652,-0.05101
0.025346,-0.0094987,-0.05211
0.032824,-0.0079503,-0.053302
0.041099,-0.007015,-0.054544
0.050179,-0.006707,-0.055822
0.060073,-0.0070455,-0.057115
0.07079,-0.008021,-0.058419
0.082435,-0.0088222,-0.059725
0.077555,-0.0083115,-0.06983
0.072869,-0.007791,-0.080227
0.068372,-0.0072596,-0.090885
0.064059,-0.0067163,-0.10177
0.059926,-0.0061603,-0.11288
0.055964,-0.0056325,-0.12418
0.052168,-0.0051666,-0.13567
0.048533,-0.0047624,-0.14733
0.045058,-0.0044191,-0.15917
0.041739,-0.0041371,-0.17118
0.03603,-0.0032871,-0.15988
0.030814,-0.0025808,-0.1499
0.026067,-0.0020251,-0.14097
0.021779,-0.0015574,-0.13293
0.017946,-0.0010328,-0.1256
0.014551,-0.00043598,-0.11888
0.01158,0.00024372,-0.11269
0.0090183,0.001016,-0.10693
0.0068512,0.00189,-0.10155
0.0050667,0.0028734,-0.096499
0.01093,0.0014465,-0.10591
0.019501,-4.1377e-05,-0.1156
0.030944,-0.0015955,-0.12553
0.045434,-0.0032213,-0.13561
0.06315,-0.0049233,-0.14572
0.084265,-0.0067345,-0.15572
0.10892,-0.0089383,-0.16549
0.13727,-0.01161,-0.17491
0.16946,-0.014756,-0.18386
0.20562,-0.018378,-0.19227
0.19734,-0.017325,-0.15703
0.18849,-0.01623,-0.13058
0.17917,-0.015115,-0.11023
0.16946,-0.013998,-0.094259
0.15946,-0.012893,-0.081521
0.14923,-0.011809,-0.071225
0.13884,-0.010755,-0.062822
0.12836,-0.0097384,-0.055904
0.11786,-0.0087662,-0.050179
0.10739,-0.0078439,-0.045417
0.11609,-0.0085975,-0.054181
0.12496,-0.0096695,-0.062762
0.13401,-0.011063,-0.07098
0.14322,-0.012779,-0.078688
0.15261,-0.014821,-0.085788
0.16218,-0.017191,-0.092218
0.17193,-0.01989,-0.097951
0.18188,-0.022921,-0.10299
0.19204,-0.026284,-0.10734
0.20241,-0.029981,-0.11105
0.21941,-0.032882,-0.10442
0.23714,-0.035927,-0.099269
0.25559,-0.039122,-0.0953
0.27478,-0.042468,-0.092283
0.29469,-0.04597,-0.090038
0.31532,-0.04963,-0.088423
0.33668,-0.053449,-0.087325
0.35875,-0.057428,-0.086657
0.38154,-0.061567,-0.086348
0.40505,-0.065865,-0.086343
0.3825,-0.071815,-0.061661
0.36067,-0.078409,-0.041846
0.33953,-0.085646,-0.02631
0.31907,-0.093524,-0.014643
0.29928,-0.10204,-0.0065446
0.28012,-0.1112,-0.0017886
0.26159,-0.12099,-0.00019803
0.24368,-0.13143,0.00092804
0.22638,-0.14252,0.0049795
0.20969,-0.15425,0.011878
0.20954,-0.13538,0.018481
0.20945,-0.11799,0.025544
0.2094,-0.10203,0.032878
0.2094,-0.087441,0.040372
0.20943,-0.074178,0.047951
0.2095,-0.062197,0.055573
0.2096,-0.05146,0.063199
0.20972,-0.041932,0.070813
0.20987,-0.033581,0.078388
0.21003,-0.02638,0.085919
0.19475,-0.018218,0.081581
0.1802,-0.012017,0.077693
0.16635,-0.007687,0.074091
0.15317,-0.0051465,0.070684
0.14063,-0.0041542,0.067401
0.12878,-0.0023504,0.064211
0.1176,0.00096694,0.061083
0.10706,0.0057577,0.058007
0.097119,0.011991,0.05497
0.087755,0.019645,0.05197
0.095306,0.015042,0.032585
0.10326,0.010963,0.018763
0.11161,0.007412,0.0091621
0.12036,0.0043922,0.0028797
0.1295,0.0019058,-0.00071675
0.13903,-4.4513e-05,-0.0020876
0.14893,-0.0014558,-0.0029988
0.15918,-0.0023245,-0.005505
0.16976,-0.0026496,-0.0094013
0.18069,-0.0028515,-0.014499
0.1513,-0.0021252,-0.01355
0.12471,-0.0015728,-0.01355
0.10088,-0.0011313,-0.014305
0.079716,-0.00064687,-0.015733
0.061172,-8.5676e-05,-0.017804
0.045178,0.00058362,-0.020514
0.031668,0.0013916,-0.023867
0.020579,0.0023669,-0.027866
0.011848,0.0035337,-0.032505
0.0054223,0.0049079,-0.037769
0.0065661,0.0029051,-0.036926
0.0078142,0.001427,-0.036084
0.0091651,0.00046883,-0.035239
0.010618,2.8489e-05,-0.034398
0.01217,-9.9117e-05,-0.033557
0.013823,-0.00067028,-0.032722
0.015579,-0.0017592,-0.03189
0.017439,-0.0033717,-0.031063
0.019406,-0.0055149,-0.030239
0.021482,-0.0081972,-0.029419
0.020574,-0.013421,-0.035959
0.01967,-0.019934,-0.043158
0.018774,-0.027743,-0.050998
0.017893,-0.036857,-0.059444
0.017035,-0.047286,-0.068445
0.016209,-0.059038,-0.077945
0.015425,-0.072123,-0.087875
0.014691,-0.086548,-0.098175
0.014017,-0.10232,-0.10878
0.013412,-0.11946,-0.11963
0.017631,-0.093948,-0.084173
0.021951,-0.071673,-0.057985
0.026342,-0.052529,-0.038526
0.030784,-0.036421,-0.024177
0.035265,-0.023262,-0.013849
0.039796,-0.012973,-0.0067926
0.044414,-0.0054839,-0.0024876
0.049186,-0.00074344,-0.00058723
0.054214,0.0012791,-4.6169e-05
0.059589,0.0024405,0.002301
0.076594,0.0023846,0.0020264
0.095519,0.0026714,0.0017588
0.11632,0.0032817,0.0015034
0.13896,0.0037994,0.0012666
0.16343,0.004104,0.0010519
0.18969,0.0041833,0.00086297
0.21772,0.0040256,0.00070133
0.24752,0.003621,0.00056837
0.27907,0.0029597,0.00046385
0.31238,0.0020342,0.00038723
0.28985,0.00049518,-0.001245
0.26856,-0.00112,-0.0017141
0.24844,-0.0028173,-0.0041903
0.22942,-0.0045976,-0.0088318
0.21143,-0.0064623,-0.015614
0.19441,-0.0084115,-0.024525
0.17833,-0.010446,-0.035563
0.16312,-0.012565,-0.048728
0.14874,-0.014769,-0.064025
0.13517,-0.017057,-0.081462
0.10979,-0.0097048,-0.093521
0.087304,-0.0042116,-0.10367
0.067611,-0.00052219,-0.11212
0.050623,0.0014156,-0.11908
0.036253,0.0016494,-0.12475
0.024338,0.0019127,-0.12934
0.014711,0.0040087,-0.13304
0.0073101,0.0079237,-0.13603
0.0020903,0.013658,-0.13848
-0.00097228,0.021228,-0.14054
0.00076848,0.014594,-0.14853
0.0033396,0.0092671,-0.1563
0.0067328,0.005248,-0.16388
0.010951,0.0025393,-0.1713
0.016008,0.0011455,-0.17858
0.021924,0.0010439,-0.18574
0.028824,0.00066259,-0.19276
0.036801,-0.0009013,-0.19963
0.045893,-0.0036472,-0.20633
0.05614,-0.0075747,-0.21284
0.048566,-0.0038477,-0.2271
0.041511,-0.0011199,-0.24129
0.034998,0.00061794,-0.25538
0.029046,0.001375,-0.26937
0.023667,0.0012775,-0.28325
0.018771,0.0017796,-0.29702
0.014335,0.0033066,-0.31063
0.010364,0.0058606,-0.3241
0.0068591,0.0094445,-0.33736
0.0038197,0.014062,-0.35043
0.008081,0.011553,-0.33489
0.013401,0.0094486,-0.32246
0.019763,0.0077528,-0.31231
0.027159,0.0064687,-0.30392
0.035589,0.0056002,-0.29685
0.045057,0.0051515,-0.29082
0.05557,0.0051271,-0.28559
0.06714,0.0055319,-0.28099
0.079779,0.0063709,-0.27687
0.093508,0.0075541,-0.27314
0.087825,0.0072359,-0.24163
0.082603,0.0069279,-0.2133
0.077801,0.0066321,-0.18769
0.073375,0.0063829,-0.16445
0.069292,0.0061891,-0.14335
0.065522,0.0060577,-0.12417
0.062035,0.0059957,-0.10676
0.058808,0.0060106,-0.090966
0.055816,0.0061096,-0.076698
0.053037,0.0063001,-0.063846
0.060963,0.0060981,-0.051181
0.069341,0.0067116,-0.040146
0.078296,0.0071581,-0.030602
0.087914,0.0069123,-0.022438
0.098231,0.0059874,-0.015597
0.10928,0.0043989,-0.010025
0.1211,0.0021631,-0.0057011
0.1337,-0.00070265,-0.0026053
0.14713,-0.0041819,-0.00073098
0.16141,-0.0082582,-7.1313e-05
0.18798,-0.0001202,0.00028057
0.21713,0.007827,0.001433
0.24896,0.015579,0.0033252
0.28356,0.023128,0.0059033
0.321,0.030466,0.009116
0.36136,0.037582,0.01292
0.40469,0.044466,0.017271
0.45103,0.051107,0.022136
0.50039,0.057508,0.027472
0.5527,0.064533,0.033245
0.55897,0.067643,0.036958
0.565,0.072116,0.040673
0.5708,0.077946,0.044339
0.57637,0.08513,0.04792
0.5817,0.093663,0.051373
0.58679,0.10354,0.054671
0.59165,0.11476,0.057781
0.59626,0.12732,0.060684
0.60063,0.14122,0.063353
0.60474,0.15645,0.065775
0.58168,0.13652,0.045541
0.55972,0.11896,0.03268
0.53871,0.10372,0.024006
0.51853,0.090714,0.01788
0.49907,0.079905,0.013398
0.48026,0.071245,0.01003
0.462,0.064692,0.0074487
0.44423,0.060211,0.005442
0.4269,0.057668,0.0038673
0.41032,0.054396,0.0026238
0.39738,0.053128,0.0057968
0.38534,0.05198,0.00906
0.37412,0.05094,0.01227
0.36364,0.049997,0.015374
0.35386,0.049139,0.018364
0.34473,0.048357,0.021249
0.33618,0.047638,0.024046
0.32819,0.046975,0.02677
0.32072,0.046357,0.029438
0.31372,0.045774,0.032061
0.29669,0.042722,0.022596
0.28023,0.039015,0.015236
0.26434,0.034672,0.0095326
0.24902,0.02971,0.0051839
0.23428,0.024145,0.0019835
0.22011,0.017991,-0.00021663
0.20653,0.01126,-0.0015232
0.19352,0.0039631,-0.0020171
0.18111,-0.0038914,-0.002173
0.16926,-0.012298,-0.0029778
0.17755,-0.0080108,-0.0021363
0.18605,-0.0037782,-0.0019985
0.19478,0.00040451,-0.00084411
0.20376,0.004539,0.0014291
0.21299,0.0086256,0.0047972
0.22245,0.012666,0.0092428
0.23217,0.016659,0.014756
0.24213,0.020608,0.02133
0.25233,0.024513,0.028964
0.26279,0.028374,0.037657
0.26439,0.028258,0.050813
0.26604,0.028141,0.062623
0.26777,0.028022,0.072769
0.26956,0.027906,0.081156
0.27144,0.027794,0.087815
0.2734,0.02769,0.09285
0.27545,0.027595,0.096387
0.27761,0.027512,0.098572
0.27986,0.027443,0.099535
0.28223,0.02739,0.099409
0.25197,0.012232,0.051005
0.22401,-0.0043028,0.02265
0.19829,-0.022191,0.0066794
0.17482,-0.041412,-0.0011338
0.15363,-0.061951,-0.0032771
0.13467,-0.083814,-0.0043805
0.11789,-0.10702,-0.0086527
0.10333,-0.13156,-0.015474
0.091042,-0.15746,-0.024397
0.081052,-0.18474,-0.035098
0.082749,-0.15388,-0.026303
0.085105,-0.12531,-0.020744
0.088153,-0.099051,-0.017169
0.091917,-0.075128,-0.014861
0.096415,-0.053568,-0.01339
0.10167,-0.034393,-0.012491
0.10769,-0.017623,-0.011997
0.1145,-0.0032719,-0.0118
0.12213,0.0086486,-0.011826
0.1306,0.018133,-0.012027
0.11807,0.016992,-0.012117
0.10638,0.015854,-0.012196
0.095477,0.014725,-0.012274
0.085339,0.01361,-0.012358
0.075928,0.012512,-0.012453
0.06721,0.011436,-0.012564
0.059157,0.010387,-0.012693
0.051737,0.0093671,-0.012843
0.044924,0.0083804,-0.013018
0.038691,0.00743,-0.013217
0.036564,0.0039373,-0.015852
0.035043,-0.0019871,-0.018714
0.034147,-0.010386,-0.021814
0.0339,-0.021331,-0.02516
0.03433,-0.034914,-0.028753
0.035469,-0.051235,-0.032591
0.037349,-0.070403,-0.036661
0.040003,-0.092523,-0.04095
0.043464,-0.1177,-0.045439
0.047765,-0.14603,-0.050108
0.052706,-0.11259,-0.047808
0.061213,-0.082291,-0.045865
0.073222,-0.055003,-0.044203
0.088709,-0.030609,-0.04277
0.1077,-0.0090146,-0.041528
0.13024,0.0098444,-0.040452
0.15644,0.026003,-0.039523
0.18639,0.039466,-0.03873
0.22022,0.050218,-0.038062
0.2576,0.060167,-0.03751
0.23969,0.055283,-0.034108
0.22251,0.050518,-0.031448
0.20649,0.043923,-0.029336
0.19164,0.035494,-0.027641
0.17794,0.025226,-0.026271
0.16539,0.013117,-0.025161
0.15399,-0.00083758,-0.024263
0.14375,-0.016638,-0.023542
0.13465,-0.034285,-0.022973
0.12669,-0.05378,-0.022536
0.11413,-0.05289,-0.021223
0.1024,-0.052089,-0.019522
0.091483,-0.051365,-0.017571
0.081349,-0.050708,-0.015482
0.071977,-0.050107,-0.013347
0.063346,-0.04955,-0.011235
0.055437,-0.049028,-0.0092077
0.048231,-0.048531,-0.0073101
0.04171,-0.048049,-0.0055818
0.035857,-0.047573,-0.0040539
0.034543,-0.035202,-0.0032544
0.033651,-0.024281,-0.0026725
0.033193,-0.014831,-0.0022468
0.03318,-0.0068728,-0.0019335
0.033623,-0.00042574,-0.0017019
0.034528,0.0044942,-0.0015291
0.035901,0.0078743,-0.0013986
0.037745,0.0097071,-0.0012979
0.039851,0.01079,-0.0012164
0.041641,0.013331,-0.0011422
0.046141,0.013281,-0.00070579
0.050681,0.01371,2.0583e-05
0.055241,0.014609,0.0020183
0.05985,0.015745,0.0053228
0.064638,0.016515,0.0099646
0.06959,0.01688,0.015977
0.074688,0.016839,0.023395
0.079914,0.016387,0.032258
0.085256,0.015523,0.042606
0.090703,0.014245,0.054486
0.092146,0.016335,0.044357
0.093591,0.018292,0.035337
0.09504,0.020117,0.027391
0.096496,0.021814,0.020497
0.097962,0.023383,0.014629
0.099442,0.024827,0.009768
0.10094,0.026147,0.0058948
0.10246,0.027346,0.0029934
0.104,0.028424,0.0010486
0.10557,0.029383,4.6619e-05
0.10235,0.026871,-0.002251
0.099531,0.0232,-0.011361
0.097147,0.018367,-0.027404
0.095223,0.012356,-0.050176
0.093789,0.0051373,-0.079522
0.092875,-0.003324,-0.11531
0.092513,-0.013069,-0.15738
0.092733,-0.024139,-0.20561
0.093563,-0.036577,-0.25983
0.095032,-0.050422,-0.3199
0.080504,-0.040438,-0.28711
0.067252,-0.031685,-0.25496
0.055257,-0.024108,-0.22374
0.044504,-0.017651,-0.19379
0.034973,-0.012262,-0.16532
0.026648,-0.0078864,-0.13854
0.019513,-0.0044703,-0.11365
0.013547,-0.0019595,-0.090794
0.008732,-0.00029897,-0.070134
0.0050468,0.00056807,-0.051807
0.0081088,-0.00082464,-0.069664
0.012168,-0.0034302,-0.090082
0.017298,-0.0073698,-0.11295
0.023572,-0.01276,-0.13812
0.031055,-0.019714,-0.16547
0.039811,-0.028335,-0.19488
0.049899,-0.038724,-0.22625
0.061373,-0.050975,-0.25952
0.074284,-0.065176,-0.2946
0.088678,-0.081407,-0.33147
0.08436,-0.076836,-0.28067
0.080236,-0.072193,-0.24265
0.076265,-0.06753,-0.21329
0.072413,-0.062884,-0.19012
0.068671,-0.058285,-0.17147
0.065029,-0.053754,-0.15624
0.061486,-0.04931,-0.14366
0.05804,-0.044969,-0.13318
0.054691,-0.040746,-0.12439
0.051438,-0.036653,-0.11698
0.07386,-0.039474,-0.10796
0.10144,-0.041446,-0.098422
0.13444,-0.042468,-0.088401
0.17309,-0.042441,-0.077945
0.21764,-0.04127,-0.067157
0.26827,-0.038867,-0.056181
0.32517,-0.03515,-0.045219
0.3885,-0.030047,-0.034497
0.45837,-0.023495,-0.024269
0.53488,-0.015442,-0.014784
0.51046,-0.0088962,-0.016446
0.48656,-0.0029378,-0.017616
0.46318,0.0024619,-0.018421
0.44034,0.0073315,-0.018941
0.41802,0.011697,-0.019241
0.39624,0.015583,-0.019363
0.375,0.019014,-0.019339
0.3543,0.022012,-0.019192
0.33414,0.0246,-0.018942
0.31452,0.026797,-0.018603
0.32396,0.035371,-0.02967
0.3337,0.043942,-0.042361
0.34373,0.052506,-0.05652
0.35406,0.061062,-0.072025
0.36467,0.069611,-0.088782
0.37557,0.078151,-0.10671
0.38676,0.086684,-0.12575
0.39823,0.095212,-0.14582
0.40998,0.10373,-0.16687
0.42203,0.11225,-0.18885
0.41081,0.10768,-0.22127
0.40008,0.10324,-0.25231
0.38981,0.09894,-0.28216
0.37998,0.094769,-0.31105
0.37057,0.09072,-0.33908
0.36154,0.086789,-0.36642
0.35289,0.082968,-0.39308
0.3446,0.079253,-0.41917
0.33664,0.075635,-0.44466
0.32899,0.072111,-0.4696
0.32643,0.066501,-0.43927
0.32395,0.060745,-0.4201
0.32154,0.054816,-0.4082
0.31921,0.048699,-0.40133
0.31696,0.042383,-0.39798
0.31478,0.035861,-0.39726
0.31268,0.029128,-0.39851
0.31065,0.022181,-0.40132
0.30871,0.015017,-0.40539
0.30685,0.0076346,-0.41052
0.29216,0.0066251,-0.36754
0.2779,0.0059541,-0.32981
0.26406,0.0055802,-0.29627
0.25063,0.0054681,-0.26619
0.23759,0.0055854,-0.23906
0.22495,0.0059029,-0.21448
0.21269,0.0063926,-0.19217
0.20081,0.0070288,-0.17184
0.1893,0.0077862,-0.15334
0.17817,0.0086413,-0.13645
0.16921,-0.017334,-0.12971
0.16239,-0.045911,-0.12323
0.15772,-0.077093,-0.11701
0.15523,-0.11089,-0.11099
0.15492,-0.14732,-0.10518
0.15682,-0.18639,-0.099546
0.16095,-0.22814,-0.094092
0.16733,-0.27258,-0.088799
0.17599,-0.31974,-0.083681
0.18694,-0.36963,-0.07873
0.20364,-0.36149,-0.059377
0.2235,-0.35203,-0.044799
0.24653,-0.34121,-0.033831
0.27273,-0.32901,-0.02569
0.30209,-0.3154,-0.019856
0.33462,-0.30035,-0.015951
0.37032,-0.28384,-0.013709
0.40918,-0.26586,-0.012923
0.45121,-0.2464,-0.013436
0.49642,-0.22544,-0.01455
0.444,-0.25434,-0.011986
0.39671,-0.2808,-0.0084304
0.35443,-0.30489,-0.0037954
0.31705,-0.32665,0.0019294
0.28447,-0.34614,0.0087122
0.25662,-0.36341,0.016511
0.23341,-0.3785,0.025273
0.2148,-0.39146,0.034955
0.20071,-0.40233,0.045506
0.19112,-0.41115,0.056893
0.17687,-0.37872,0.016032
0.16402,-0.34794,-0.0020381
0.15228,-0.3187,-0.005492
0.14092,-0.29093,-0.015731
0.1298,-0.26456,-0.036385
0.11895,-0.23953,-0.065981
0.10838,-0.21579,-0.10352
0.098115,-0.19329,-0.14828
0.088152,-0.172,-0.19973
0.078505,-0.15189,-0.25744
0.077606,-0.15073,-0.23335
0.076762,-0.14979,-0.21419
0.075991,-0.14906,-0.19849
0.075305,-0.14849,-0.18531
0.074706,-0.14809,-0.17397
0.074197,-0.14782,-0.16403
0.073777,-0.14769,-0.15516
0.073444,-0.14767,-0.14713
0.073194,-0.14777,-0.13975
0.073026,-0.14798,-0.13291
0.083274,-0.1602,-0.10715
0.094153,-0.17277,-0.086088
0.1057,-0.1857,-0.068768
0.11793,-0.19895,-0.054497
0.13088,-0.21253,-0.042765
0.14455,-0.22641,-0.033178
0.15898,-0.24059,-0.025434
0.17416,-0.25505,-0.01929
0.19012,-0.2698,-0.014556
0.20685,-0.28483,-0.011074
0.20341,-0.27698,-0.01213
0.19994,-0.26921,-0.01256
0.19643,-0.26152,-0.012466
0.19289,-0.25391,-0.011975
0.18932,-0.24638,-0.01121
0.1857,-0.23893,-0.010274
0.18206,-0.23157,-0.0092502
0.17838,-0.2243,-0.0082033
0.17468,-0.21711,-0.0071851
0.17095,-0.21001,-0.0062332
0.15941,-0.20586,-0.0059745
0.14859,-0.20156,-0.0056257
0.13847,-0.19711,-0.0052153
0.12903,-0.19253,-0.0047673
0.12027,-0.18781,-0.0043041
0.11215,-0.18296,-0.0038434
0.10468,-0.17798,-0.0034013
0.097826,-0.17288,-0.0029906
0.091589,-0.16765,-0.0026233
0.085954,-0.1623,-0.0023091
0.084331,-0.15987,-0.00094367
0.082818,-0.15751,0.0040618
0.081396,-0.15522,0.012405
0.080048,-0.15298,0.023527
0.078758,-0.15078,0.037019
0.077515,-0.14862,0.052582
0.07631,-0.14649,0.069983
0.075136,-0.14439,0.08905
0.073987,-0.14231,0.10964
0.072857,-0.14025,0.13164
0.06989,-0.13431,0.14425
0.067006,-0.12858,0.15742
0.0642,-0.12306,0.17109
0.061468,-0.11774,0.18524
0.058805,-0.11261,0.19982
0.056209,-0.10767,0.21481
0.053677,-0.10289,0.23017
0.051207,-0.098286,0.24589
0.048796,-0.093844,0.26193
0.046442,-0.089561,0.27827
0.04591,-0.083872,0.18708
0.046916,-0.077501,0.11832
0.049301,-0.070535,0.067548
0.052959,-0.063052,0.031995
0.057842,-0.055113,0.0098743
0.063949,-0.046759,2.5473e-05
0.071321,-0.037952,-0.0029177
0.080021,-0.028477,-0.0155
0.090169,-0.018279,-0.038917
0.10189,-0.0073049,-0.073004
0.09753,-0.0070742,-0.05536
0.093383,-0.0067616,-0.041621
0.089431,-0.0063856,-0.030821
0.08566,-0.0059598,-0.022315
0.082056,-0.0054948,-0.015631
0.078608,-0.0049987,-0.010438
0.075308,-0.0044785,-0.0064825
0.072144,-0.0039395,-0.0035788
0.06911,-0.0033864,-0.0015798
0.066199,-0.0028231,-0.00037421
0.062621,-0.0032988,0.00080714
0.059206,-0.003783,0.0056769
0.055918,-0.0043092,0.015233
0.052726,-0.0048924,0.029463
0.049606,-0.0055458,0.04836
0.046536,-0.0062797,0.071914
0.043502,-0.0071019,0.10012
0.040496,-0.0080174,0.13297
0.037512,-0.0090291,0.17045
0.03455,-0.010137,0.21256
0.032599,-0.0078219,0.15243
0.030783,-0.0059743,0.10593
0.02909,-0.0045136,0.070154
0.027509,-0.0033791,0.043153
0.026026,-0.0025231,0.023537
0.024628,-0.0019047,0.010291
0.0233,-0.001488,0.0026629
0.022026,-0.0012393,0.00010494
0.020813,-0.001041,-0.002045
0.01967,-0.00077087,-0.0086704
0.020762,-0.00046981,-0.0094525
0.021881,-0.00017239,-0.01033
0.023027,0.00012057,-0.011309
0.0242,0.00040821,-0.0124
0.025399,0.00068971,-0.013609
0.026624,0.00096416,-0.014948
0.027875,0.0012307,-0.016423
0.029151,0.0014886,-0.018045
0.030454,0.0017368,-0.019822
0.031782,0.0019748,-0.021764
0.031957,0.0039397,-0.022316
0.032172,0.005818,-0.022475
0.032423,0.0076092,-0.022263
0.032709,0.009313,-0.021712
0.033028,0.010929,-0.020855
0.033381,0.012458,-0.019735
0.033764,0.013899,-0.018393
0.034179,0.015254,-0.016872
0.034624,0.016522,-0.015217
0.035099,0.017705,-0.013471
0.035726,0.017489,-0.027471
0.0365,0.017286,-0.046254
0.037442,0.017082,-0.069785
0.038568,0.016861,-0.098035
0.039892,0.016604,-0.13098
0.041423,0.016294,-0.16862
0.043172,0.01591,-0.21096
0.045147,0.015433,-0.25804
0.047355,0.014843,-0.30989
0.049801,0.014119,-0.36658
0.050153,0.011543,-0.37564
0.050606,0.0088087,-0.38304
0.051163,0.0059202,-0.38887
0.051829,0.0028797,-0.39336
0.052606,-0.00031145,-0.39658
0.053497,-0.003652,-0.39872
0.054505,-0.0071412,-0.39982
0.055632,-0.010779,-0.40004
0.05688,-0.014565,-0.39939
0.05825,-0.0185,-0.39801
0.063815,-0.013561,-0.35556
0.070064,-0.0080223,-0.32159
0.076997,-0.0019359,-0.29366
0.084613,0.0046622,-0.27022
0.092913,0.011747,-0.25018
0.1019,0.0193,-0.23277
0.11157,0.027309,-0.21745
0.12193,0.035765,-0.20381
0.13298,0.044661,-0.19155
0.14471,0.053995,-0.18042
0.15019,0.062225,-0.13182
0.15557,0.070102,-0.091971
0.16089,0.077652,-0.059984
0.16617,0.084906,-0.035186
0.17146,0.091896,-0.01709
0.1768,0.098655,-0.0053019
0.18226,0.10522,0.00046891
0.18786,0.11161,0.001856
0.19363,0.11783,0.007382
0.1996,0.12393,0.018345
0.20812,0.13267,0.014216
0.21737,0.14083,0.011318
0.22734,0.14841,0.0092621
0.23772,0.15591,0.0078009
0.24785,0.16435,0.006756
0.2577,0.17375,0.0060125
0.26727,0.18412,0.0054875
0.27654,0.19546,0.0051285
0.28551,0.2078,0.0048969
0.29418,0.22113,0.0047699
0.29163,0.21986,0.0029457
0.28891,0.21848,0.0013405
0.28603,0.21699,0.00010644
0.28299,0.21539,-0.00064407
0.27981,0.21369,-0.0009697
0.27649,0.21189,-0.0017588
0.27304,0.20999,-0.0032108
0.26946,0.20799,-0.0053555
0.26576,0.2059,-0.0082141
0.26196,0.20372,-0.011801
0.25615,0.19277,-0.0074592
0.25017,0.18291,-0.0045493
0.24398,0.1741,-0.0028258
0.23755,0.16632,-0.0021217
0.23085,0.15956,-0.0019667
0.22387,0.1538,-0.0011091
0.21667,0.14889,0.00049898
0.21008,0.14358,0.0028252
0.20429,0.13759,0.0058376
0.19927,0.13091,0.00951
0.22033,0.14683,0.013919
0.24257,0.16355,0.018859
0.26597,0.18107,0.024251
0.29053,0.1994,0.030029
0.31624,0.21855,0.036141
0.3431,0.23852,0.042546
0.3711,0.25932,0.049209
0.40025,0.28096,0.056101
0.43052,0.30345,0.063194
0.46193,0.32678,0.070462
0.44067,0.31116,0.075252
0.42057,0.29577,0.079114
0.40156,0.28057,0.082197
0.38361,0.26555,0.084618
0.36666,0.25068,0.086459
0.35067,0.23595,0.087792
0.3356,0.22134,0.088664
0.32143,0.20683,0.089127
0.3081,0.19242,0.089213
0.29561,0.17808,0.088961
0.30084,0.17271,0.058837
0.30633,0.16679,0.036245
0.3121,0.16031,0.019434
0.31817,0.15326,0.0072614
0.32457,0.14564,-0.0010372
0.33131,0.13745,-0.0059944
0.33841,0.12869,-0.007985
0.34587,0.11931,-0.0088313
0.35365,0.10921,-0.011996
0.36177,0.098375,-0.017454
0.36843,0.1173,-0.012382
0.37572,0.13612,-0.010421
0.38366,0.15484,-0.010756
0.39227,0.17357,-0.010084
0.40158,0.19235,-0.007574
0.41158,0.21117,-0.0033821
0.42226,0.23002,0.0023903
0.43364,0.2489,0.0096789
0.44572,0.26782,0.018436
0.45848,0.28676,0.028626
0.41635,0.25052,0.042647
0.3777,0.21648,0.055326
0.34233,0.18448,0.066839
0.31003,0.15441,0.077363
0.28065,0.12615,0.087033
0.25403,0.099601,0.095963
0.23004,0.074672,0.10423
0.20854,0.051279,0.1119
0.18942,0.029345,0.11902
0.17258,0.008805,0.12563
0.17705,0.0064512,0.10855
0.18164,0.0040237,0.093251
0.18637,0.0015183,0.079437
0.19121,-0.0010679,0.066921
0.19618,-0.0037361,0.055562
0.20127,-0.006487,0.045264
0.20648,-0.0093202,0.035958
0.21181,-0.012235,0.027598
0.21726,-0.015232,0.020155
0.22283,-0.018309,0.013609
0.20493,0.0050466,0.013725
0.18893,0.025873,0.014326
0.17484,0.044189,0.015328
0.16265,0.060014,0.016667
0.15237,0.073366,0.018307
0.14398,0.084263,0.020212
0.13749,0.092723,0.022355
0.1329,0.09876,0.024712
0.13022,0.10239,0.027261
0.12943,0.10363,0.029978
0.13547,0.10859,0.048924
0.14193,0.11365,0.071399
0.14883,0.11879,0.09722
0.15617,0.12399,0.12623
0.16394,0.12924,0.15827
0.17215,0.13454,0.19325
0.18077,0.13988,0.23102
0.1898,0.14524,0.27153
0.19924,0.15061,0.31466
0.20906,0.15598,0.36039
0.20326,0.15312,0.26044
0.19849,0.15106,0.18228
0.19454,0.1496,0.12096
0.19129,0.14863,0.073516
0.18863,0.14805,0.037988
0.1865,0.14779,0.013057
0.18484,0.14779,-0.0022003
0.18361,0.14799,-0.0084564
0.1826,0.14827,-0.010906
0.18141,0.14844,-0.020978
0.16973,0.13853,-0.012468
0.15833,0.12879,-0.0078796
0.14725,0.11926,-0.0063457
0.13663,0.10999,-0.0037614
0.12653,0.101,0.0012188
0.11695,0.092293,0.0083821
0.10789,0.083868,0.017582
0.099351,0.075724,0.028709
0.091332,0.067861,0.041689
0.083835,0.060282,0.05646
0.097936,0.074334,0.041491
0.11366,0.089617,0.028723
0.13103,0.10616,0.018029
0.15007,0.124,0.0093105
0.17078,0.14316,0.0024862
0.19318,0.16367,-0.0025147
0.21729,0.18557,-0.0057542
0.24309,0.20887,-0.0072882
0.27055,0.23359,-0.0085156
0.29963,0.25975,-0.011314
0.27704,0.23986,-0.0074923
0.25525,0.22042,-0.0051906
0.2344,0.20146,0.00036643
0.21451,0.18304,0.0087358
0.19557,0.16518,0.019585
0.17761,0.14791,0.032695
0.16064,0.13128,0.047914
0.14467,0.1153,0.065136
0.12973,0.10001,0.084279
0.11581,0.085436,0.10529
0.13193,0.099494,0.097032
0.14914,0.11462,0.088759
0.16746,0.13082,0.080522
0.18687,0.14809,0.072394
0.20737,0.16644,0.064427
0.22896,0.18586,0.056685
0.25165,0.20636,0.049219
0.27542,0.22795,0.042081
0.30028,0.25061,0.035318
0.32622,0.27436,0.028972
0.30411,0.26304,0.01747
0.2839,0.25125,0.0098583
0.26547,0.23901,0.004834
0.2487,0.22634,0.0016254
0.23342,0.21335,-0.00023715
0.21836,0.20136,-0.0010378
0.20313,0.19074,-0.0010525
0.1877,0.18144,-0.0014245
0.17208,0.1734,-0.0024141
0.15625,0.16659,-0.0039441
0.16968,0.17988,-0.0024199
0.18365,0.19371,-0.0013058
0.19816,0.20807,-0.00060805
0.2132,0.22296,-0.0003343
0.22878,0.23838,-9.6355e-05
0.2449,0.25433,0.00059077
0.26156,0.27081,0.0017377
0.27875,0.28783,0.0033522
0.29647,0.30537,0.0054459
0.31471,0.32345,0.0080264
0.30386,0.31987,0.0032473
0.29267,0.31653,0.00073357
0.28117,0.31346,0.00017054
0.26935,0.31068,-0.0011865
0.2572,0.30819,-0.0043652
0.24475,0.30601,-0.0092712
0.23201,0.30415,-0.015823
0.21897,0.30261,-0.023955
0.20566,0.30139,-0.033604
0.19207,0.3005,-0.04472
0.21391,0.31463,-0.015624
0.23625,0.32961,-0.0019987
0.25911,0.34542,0.00087254
0.28248,0.36202,0.010084
0.30635,0.37944,0.028486
0.33071,0.39768,0.055144
0.35555,0.41674,0.089376
0.38086,0.43664,0.13067
0.40663,0.45739,0.1786
0.43285,0.479,0.23284
0.42242,0.47226,0.21421
0.41193,0.46535,0.19964
0.40138,0.45827,0.1875
0.3908,0.45103,0.17688
0.38019,0.44365,0.16722
0.36957,0.43614,0.15822
0.35894,0.42851,0.14965
0.34834,0.42076,0.14142
0.33775,0.4129,0.13345
0.32721,0.40495,0.12572
0.33908,0.39254,0.13753
0.3484,0.38276,0.14677
0.35522,0.3755,0.154
0.35961,0.3707,0.15964
0.36163,0.36827,0.16399
0.36161,0.36785,0.16725
0.36293,0.3661,0.16963
0.3665,0.36211,0.17125
0.3723,0.35592,0.17217
0.38031,0.34754,0.17247
0.39015,0.36206,0.13162
0.40038,0.37687,0.10126
0.41097,0.39195,0.077817
0.42191,0.40726,0.059155
0.43319,0.42278,0.043964
0.4448,0.4385,0.031389
0.45673,0.45442,0.020878
0.46899,0.47054,0.012037
0.48157,0.48685,0.0046004
0.49447,0.50336,-0.0016399
0.46661,0.47503,-0.0060901
0.44027,0.44821,-0.0097245
0.41536,0.42281,-0.01207
0.39176,0.39874,-0.012885
0.36938,0.37588,-0.013153
0.34813,0.3541,-0.015046
0.32793,0.33332,-0.018634
0.30869,0.31346,-0.023913
0.29037,0.29446,-0.030866
0.27291,0.27628,-0.039479
0.27377,0.27888,-0.02067
0.27451,0.28109,-0.012522
0.27514,0.28303,-0.010846
0.27581,0.28509,-0.003271
0.27652,0.28732,0.011105
0.2773,0.28972,0.031676
0.27813,0.29228,0.057989
0.27903,0.295,0.089689
0.28001,0.29788,0.12649
0.28105,0.30091,0.16814
0.27772,0.30311,0.16283
0.27637,0.30375,0.16339
0.2747,0.30486,0.16812
0.27122,0.30778,0.17604
0.26593,0.31245,0.18651
0.25882,0.31884,0.19914
0.24991,0.32693,0.21365
0.23917,0.33669,0.22987
0.2266,0.34811,0.24766
0.21219,0.36119,0.26695
0.21701,0.36388,0.23552
0.22201,0.36685,0.20439
0.22719,0.37011,0.17434
0.23256,0.37369,0.1459
0.23814,0.37759,0.11935
0.2439,0.38182,0.094909
0.24987,0.38637,0.072675
0.25603,0.39123,0.052715
0.26239,0.39641,0.035062
0.26893,0.4019,0.019725
0.24018,0.36695,0.0026207
0.21347,0.33464,-0.0078109
0.18867,0.30475,-0.013096
0.16565,0.27709,-0.014175
0.14423,0.25144,-0.013889
0.12422,0.22751,-0.016829
0.10553,0.2052,-0.022821
0.088116,0.18443,-0.031632
0.071901,0.16513,-0.043075
0.056837,0.14723,-0.057009
0.057653,0.14868,-0.04431
0.058434,0.15004,-0.03391
0.059185,0.15133,-0.025486
0.059909,0.15254,-0.018815
0.060609,0.1537,-0.013726
0.061287,0.15481,-0.010097
0.061944,0.15587,-0.0078345
0.06258,0.15688,-0.0068699
0.063214,0.15788,-0.0064778
0.063888,0.15891,-0.0049533
0.061115,0.16323,-0.0023872
0.058195,0.16767,0.0010589
0.055126,0.17225,0.0052562
0.051904,0.17696,0.010106
0.048527,0.18179,0.015535
0.044992,0.18674,0.021483
0.041297,0.1918,0.027906
0.037439,0.19697,0.034768
0.033417,0.20225,0.042039
0.029228,0.20763,0.049696
0.041355,0.20875,0.022705
0.05349,0.21052,0.0051848
0.065608,0.21289,-0.0044305
0.077693,0.21584,-0.0072411
0.089592,0.21915,-0.01098
0.10123,0.22272,-0.020325
0.11261,0.22659,-0.0349
0.12378,0.23076,-0.054423
0.13474,0.23526,-0.078674
0.1455,0.24011,-0.10748
0.13955,0.24449,-0.092925
0.13302,0.24915,-0.079591
0.12592,0.25411,-0.067391
0.11823,0.25936,-0.056284
0.10996,0.26492,-0.046241
0.10111,0.2708,-0.037258
0.091696,0.27699,-0.029335
0.081707,0.2835,-0.022487
0.071148,0.29033,-0.016729
0.060024,0.29749,-0.012083
0.090317,0.28196,-0.0069196
0.11714,0.2697,-0.0055609
0.14057,0.26068,-0.0038466
0.16063,0.25488,0.00020897
0.1773,0.25222,0.0062548
0.19057,0.25263,0.014067
0.20041,0.25607,0.023492
0.20694,0.26239,0.034427
0.21482,0.26784,0.046796
0.22634,0.27061,0.060547
0.20769,0.25357,0.023829
0.19092,0.2376,0.0042472
0.17587,0.22244,-0.0029982
0.1624,0.20782,-0.0051707
0.15036,0.19348,-0.014474
0.13896,0.1799,-0.03044
0.1274,0.16757,-0.052272
0.11561,0.15643,-0.079399
0.10354,0.14642,-0.11139
0.091164,0.1375,-0.14793
0.10192,0.1534,-0.099663
0.11304,0.16986,-0.065116
0.1246,0.187,-0.040449
0.13667,0.20489,-0.023231
0.14929,0.22358,-0.011807
0.16251,0.24313,-0.0049962
0.17634,0.26355,-0.0019208
0.1908,0.28487,-0.0012231
0.2059,0.30714,0.0013244
0.22164,0.33034,0.006014
0.21846,0.32882,0.003386
0.21524,0.32725,0.0017347
0.21197,0.32565,0.00068118
0.20866,0.32401,2.5329e-06
0.20532,0.32233,-0.0004293
0.20193,0.32061,-0.00070116
0.19852,0.31886,-0.00085241
0.19507,0.31707,-0.0009083
0.19159,0.31525,-0.00092828
0.18808,0.3134,-0.0010463
0.1936,0.305,-0.0008903
0.19786,0.29771,-0.00082774
0.20088,0.29152,-0.00067208
0.20269,0.28636,-0.00029368
0.20332,0.2822,0.00036209
0.20277,0.27902,0.0013332
0.20118,0.2767,0.0026521
0.20024,0.27401,0.0043516
0.2005,0.27051,0.0064542
0.20197,0.26622,0.0089723
0.21247,0.27414,0.0065166
0.2238,0.2817,0.0042658
0.23596,0.28891,0.0022951
0.24896,0.29576,0.00066282
0.2628,0.30226,-0.00058177
0.27748,0.30839,-0.0014025
0.293,0.31416,-0.0017673
0.30937,0.31956,-0.0021371
0.32658,0.32457,-0.0030206
0.34465,0.32918,-0.0044383
0.33318,0.35549,-0.004172
0.325,0.37995,-0.0039574
0.32004,0.40258,-0.0038363
0.31824,0.42343,-0.0038443
0.31955,0.44252,-0.003999
0.32394,0.45987,-0.0043088
0.33137,0.47549,-0.004556
0.33976,0.49085,-0.0046524
0.34549,0.50842,-0.004615
0.3485,0.52823,-0.0044452
0.33082,0.49418,-0.0040276
0.31296,0.46212,-0.0036577
0.29493,0.432,-0.0033197
0.27672,0.40372,-0.0030052
0.2584,0.37719,-0.0027042
0.24132,0.35144,-0.0024058
0.22595,0.32606,-0.0021024
0.21227,0.30106,-0.0017932
0.20021,0.27643,-0.0014762
0.18974,0.25216,-0.0011517
0.1836,0.25388,-0.0041056
0.17857,0.25487,-0.0048592
0.17461,0.25509,-0.0060765
0.17171,0.25456,-0.0083765
0.16985,0.2533,-0.011455
0.16785,0.2521,-0.015114
0.16481,0.25155,-0.019215
0.16073,0.25167,-0.023657
0.15563,0.25243,-0.028363
0.1495,0.25383,-0.033276
0.16289,0.2621,-0.03093
0.17476,0.2717,-0.029119
0.18514,0.28264,-0.0277
0.19401,0.29492,-0.026574
0.20297,0.30748,-0.025663
0.21372,0.31922,-0.024908
0.22626,0.33015,-0.024273
0.24062,0.34027,-0.023731
0.2568,0.34956,-0.023262
0.27483,0.35802,-0.022851
0.27985,0.37611,-0.026988
0.28522,0.39406,-0.031689
0.29095,0.41186,-0.036946
0.29702,0.42952,-0.042751
0.30343,0.44701,-0.049091
0.31017,0.46434,-0.055954
0.31725,0.48148,-0.063323
0.32464,0.49844,-0.071189
0.33234,0.51521,-0.079533
0.34036,0.53177,-0.088347
0.33766,0.52872,-0.07931
0.33489,0.52555,-0.071636
0.33206,0.52227,-0.064962
0.32918,0.51888,-0.059068
0.32624,0.5154,-0.053804
0.32326,0.51182,-0.049077
0.32023,0.50815,-0.044816
0.31716,0.5044,-0.040976
0.31405,0.50057,-0.03752
0.3109,0.49666,-0.034423
0.32472,0.51053,-0.033004
0.34123,0.52302,-0.032732
0.36043,0.53414,-0.033232
0.38234,0.5439,-0.0343
0.40697,0.5523,-0.035826
0.43432,0.55933,-0.037756
0.4644,0.565,-0.040066
0.49723,0.56929,-0.042756
0.53282,0.57222,-0.045841
0.57116,0.57376,-0.049347
0.56695,0.58202,-0.048241
0.56282,0.59043,-0.04483
0.55876,0.59894,-0.040631
0.55475,0.6075,-0.036687
0.55078,0.61609,-0.033672
0.54685,0.62467,-0.032031
0.54297,0.63322,-0.031948
0.53918,0.64182,-0.031
0.53552,0.6505,-0.028012
0.53199,0.65925,-0.022849
0.53771,0.66431,-0.024662
0.5437,0.66963,-0.027448
0.54996,0.67522,-0.030504
0.5565,0.68109,-0.03335
0.56333,0.68724,-0.035668
0.57043,0.69368,-0.037249
0.57781,0.70039,-0.038228
0.58543,0.7073,-0.040048
0.59327,0.71441,-0.042999
0.60132,0.72169,-0.047154
0.58562,0.71975,-0.047668
0.57069,0.71788,-0.047544
0.55649,0.71606,-0.047042
0.54297,0.71428,-0.046341
0.53011,0.71251,-0.045548
0.51787,0.71076,-0.044734
0.50621,0.709,-0.043941
0.49512,0.70724,-0.043201
0.48456,0.70546,-0.042532
0.47452,0.70365,-0.041953
0.46189,0.67338,-0.039947
0.44987,0.64409,-0.038351
0.4384,0.61572,-0.03706
0.42745,0.58825,-0.035948
0.41699,0.56164,-0.034704
0.407,0.53585,-0.033308
0.39744,0.51086,-0.031769
0.38829,0.48664,-0.03009
0.37952,0.46314,-0.028276
0.37112,0.44036,-0.026327
0.40526,0.47508,-0.030275
0.44098,0.51112,-0.033941
0.47827,0.54843,-0.037495
0.51706,0.58692,-0.041034
0.55733,0.62654,-0.044611
0.59901,0.6672,-0.048255
0.64207,0.70884,-0.05198
0.68646,0.75137,-0.05579
0.73212,0.79473,-0.059684
0.77902,0.83883,-0.063658
0.7127,0.81227,-0.059752
0.65199,0.78609,-0.056857
0.59649,0.7602,-0.05461
0.54585,0.73454,-0.052689
0.49975,0.70903,-0.050862
0.45793,0.68363,-0.048971
0.42013,0.6583,-0.046892
0.3861,0.63298,-0.044941
0.35564,0.60762,-0.043544
0.32854,0.58219,-0.04276
